PitchNo,Date,Time,PAofInning,PitchofPA,Pitcher,PitcherId,PitcherThrows,PitcherTeam,Batter,BatterId,BatterSide,BatterTeam,PitcherSet,Inning,Top/Bottom,Outs,Balls,Strikes,TaggedPitchType,AutoPitchType,PitchCall,KorBB,TaggedHitType,PlayResult,OutsOnPlay,RunsScored,Notes,RelSpeed,VertRelAngle,HorzRelAngle,SpinRate,SpinAxis,Tilt,RelHeight,RelSide,Extension,VertBreak,InducedVertBreak,HorzBreak,PlateLocHeight,PlateLocSide,ZoneSpeed,VertApprAngle,HorzApprAngle,ZoneTime,ExitSpeed,Angle,Direction,HitSpinRate,PositionAt110X,PositionAt110Y,PositionAt110Z,Distance,LastTrackedDistance,Bearing,HangTime,pfxx,pfxz,x0,y0,z0,vx0,vy0,vz0,ax0,ay0,az0,HomeTeam,AwayTeam,Stadium,Level,League,GameID,PitchUID,EffectiveVelo,MaxHeight,MeasuredDuration,SpeedDrop,PitchLastMeasuredX,PitchLastMeasuredY,PitchLastMeasuredZ,ContactPositionX,ContactPositionY,ContactPositionZ,GameUID,UTCDate,UTCTime,LocalDateTime,UTCDateTime,AutoHitType,System,HomeTeamForeignID,AwayTeamForeignID,GameForeignID,Catcher,CatcherId,CatcherThrows,CatcherTeam,PlayID,PitchTrajectoryXc0,PitchTrajectoryXc1,PitchTrajectoryXc2,PitchTrajectoryYc0,PitchTrajectoryYc1,PitchTrajectoryYc2,PitchTrajectoryZc0,PitchTrajectoryZc1,PitchTrajectoryZc2,HitSpinAxis,HitTrajectoryXc0,HitTrajectoryXc1,HitTrajectoryXc2,HitTrajectoryXc3,HitTrajectoryXc4,HitTrajectoryXc5,HitTrajectoryXc6,HitTrajectoryXc7,HitTrajectoryXc8,HitTrajectoryYc0,HitTrajectoryYc1,HitTrajectoryYc2,HitTrajectoryYc3,HitTrajectoryYc4,HitTrajectoryYc5,HitTrajectoryYc6,HitTrajectoryYc7,HitTrajectoryYc8,HitTrajectoryZc0,HitTrajectoryZc1,HitTrajectoryZc2,HitTrajectoryZc3,HitTrajectoryZc4,HitTrajectoryZc5,HitTrajectoryZc6,HitTrajectoryZc7,HitTrajectoryZc8,ThrowSpeed,PopTime,ExchangeTime,TimeToBase,CatchPositionX,CatchPositionY,CatchPositionZ,ThrowPositionX,ThrowPositionY,ThrowPositionZ,BasePositionX,BasePositionY,BasePositionZ,ThrowTrajectoryXc0,ThrowTrajectoryXc1,ThrowTrajectoryXc2,ThrowTrajectoryYc0,ThrowTrajectoryYc1,ThrowTrajectoryYc2,ThrowTrajectoryZc0,ThrowTrajectoryZc1,ThrowTrajectoryZc2,PitchReleaseConfidence,PitchLocationConfidence,PitchMovementConfidence,HitLaunchConfidence,HitLandingConfidence,CatcherThrowCatchConfidence,CatcherThrowReleaseConfidence,CatcherThrowLocationConfidence
1,2025-10-17,13:50:21.01,1,1,"Zerger, Justin",10051439,Right,POM_COL,"Gonzaga, Kai",10138924,Left,POM_COL,Undefined,1,Top,0,0,0,Fastball,Changeup,StrikeCalled,Undefined,Undefined,Undefined,0,0,,84.84507,-1.618665,-2.294783,1721.615758,234.410825,1:45,5.774,0.94518,5.60225,-29.30179,10.17481,12.37064,1.81949,-0.16734,77.39849,-7.041713,-0.085884,0.452211,,,,,,,,,,,,-6.89158,6.03374,-0.75663,50,5.61657,4.40355,-123.00678,-4.46471,-10.50806,25.49527,-22.97397,POM_COL,POM_COL,PomonaPitzer,TeamExclusive,Team,20251017-PomonaPitzer-Private-1,e5bff040-ab9a-11f0-bdec-9ba129dde21b,83.35143,,,7.44658,,,,,,,1281aa50-c58b-434b-a235-220b35bf6a67,2025-10-17,20:50:21.01,2025-10-17T13:50:21.0119168-07:00,2025-10-17T20:50:21.0119168Z,,v3,POM_PIT,POM_PIT,,"Savas, Peter",1000276389,Right,POM_COL,a5681d89-ef5a-426c-8b27-0f790e21626a,54.89429,-124.01705,12.74763,5.77545,-3.55435,-11.48699,-0.93937,4.81994,-5.25403,,,,,,,,,,,,,,,,,,,,,,,,,,,,,,,,,,,,,,,,,,,,,,,,,,,High,High,High,,,,,
2,2025-10-17,13:50:37.24,1,2,"Zerger, Justin",10051439,Right,POM_COL,"Gonzaga, Kai",10138924,Left,POM_COL,Undefined,1,Top,0,0,1,ChangeUp,Changeup,InPlay,Undefined,GroundBall,Single,0,0,,80.3417,-0.770951,-1.42797,1592.478376,240.307073,2:00,5.54133,0.95821,5.10922,-36.33411,8.1,11.8067,1.78687,0.59647,73.95466,-7.390813,0.662701,0.479766,87.13276,-5.893789,28.869895,,,,,20.46927,20.46927,24.156648,0.145818,-6.30303,4.62792,-0.83345,50,5.44036,2.42443,-116.61607,-2.83826,-8.70585,21.31209,-25.78189,POM_COL,POM_COL,PomonaPitzer,TeamExclusive,Team,20251017-PomonaPitzer-Private-1,ef846570-ab9a-11f0-bdec-9ba129dde21b,78.56418,1.91611,,6.38705,,,,2.42218,1.91611,-0.58518,1281aa50-c58b-434b-a235-220b35bf6a67,2025-10-17,20:50:37.24,2025-10-17T13:50:37.2492288-07:00,2025-10-17T20:50:37.2492288Z,GroundBall,v3,POM_PIT,POM_PIT,,"Savas, Peter",1000276389,Right,POM_COL,31772638-2a72-4dee-a2be-13c480ada568,55.39047,-117.59708,10.65605,5.54369,-1.65151,-12.89095,-0.95427,2.82516,-4.35292,,2.41863,111.47172,,,,,,,,1.91652,-13.14038,,,,,,,,-0.58714,61.4593,,,,,,,,,,,,,,,,,,,,,,,,,,,,,,High,High,High,Estimated,Estimated,,,
3,2025-10-17,13:51:11.49,2,1,"Zerger, Justin",10051439,Right,POM_COL,"Hu, Landon",1000261921,Left,POM_COL,Undefined,1,Top,0,0,0,Slider,Curveball,BallCalled,Undefined,Undefined,Undefined,0,0,,73.70042,1.04481,1.016891,2407.047244,80.256501,8:45,5.42284,1.20265,4.50429,-54.0566,0.00709,-9.65402,1.91378,1.36704,67.92267,-8.639569,-0.67434,0.529205,,,,,,,,,,,,4.95977,0.2452,-1.29944,50,5.48071,-1.50156,-106.88224,0.00766,5.752,17.98179,-31.88967,POM_COL,POM_COL,PomonaPitzer,TeamExclusive,Team,20251017-PomonaPitzer-Private-1,03dcadc0-ab9b-11f0-bdec-9ba129dde21b,71.22459,,,5.77775,,,,,,,1281aa50-c58b-434b-a235-220b35bf6a67,2025-10-17,20:51:11.49,2025-10-17T13:51:11.4928640-07:00,2025-10-17T20:51:11.4928640Z,,v3,POM_PIT,POM_PIT,,"Savas, Peter",1000276389,Right,POM_COL,a8ac4b96-991e-4e4b-a3e8-9ba1f20213da,55.9949,-107.8861,8.9909,5.43058,1.78795,-15.94484,-1.20665,-1.82267,2.876,,,,,,,,,,,,,,,,,,,,,,,,,,,,,,,,,,,,,,,,,,,,,,,,,,,High,High,High,,,,,
4,2025-10-17,13:51:28.43,2,2,"Zerger, Justin",10051439,Right,POM_COL,"Hu, Landon",1000261921,Left,POM_COL,Undefined,1,Top,0,1,0,Fastball,Changeup,BallCalled,Undefined,Undefined,Undefined,0,0,,83.55869,0.233371,0.459288,2016.843472,226.911645,1:30,5.67583,1.17504,5.20553,-30.23584,10.97764,10.29473,3.37566,2.46488,76.13625,-5.341317,2.283619,0.462052,,,,,,,,,,,,-4.96146,5.82429,-1.22542,50,5.67508,-1.4243,-121.19421,-0.56598,-7.3509,24.53508,-23.54473,POM_COL,POM_COL,PomonaPitzer,TeamExclusive,Team,20251017-PomonaPitzer-Private-1,0df361a0-ab9b-11f0-bdec-9ba129dde21b,81.57614,,,7.42244,,,,,,,1281aa50-c58b-434b-a235-220b35bf6a67,2025-10-17,20:51:28.43,2025-10-17T13:51:28.4319744-07:00,2025-10-17T20:51:28.4319744Z,,v3,POM_PIT,POM_PIT,,"Savas, Peter",1000276389,Right,POM_COL,f6bb3a6f-83f2-4134-a157-303b746e538e,55.29015,-122.26048,12.26754,5.67744,0.45725,-11.77237,-1.17047,-1.10484,-3.67545,,,,,,,,,,,,,,,,,,,,,,,,,,,,,,,,,,,,,,,,,,,,,,,,,,,High,High,High,,,,,
5,2025-10-17,13:51:51.62,2,3,"Zerger, Justin",10051439,Right,POM_COL,"Hu, Landon",1000261921,Left,POM_COL,Undefined,1,Top,0,2,0,Fastball,Changeup,StrikeCalled,Undefined,Undefined,Undefined,0,0,,83.33099,-1.80239,-3.028035,1690.237639,234.697756,1:45,5.63279,0.96966,5.59384,-29.15663,11.74107,14.67024,1.51731,-0.63768,76.16671,-7.199247,-0.411089,0.460279,,,,,,,,,,,,-8.26174,6.87087,-0.7194,50,5.45923,5.78104,-120.76673,-4.76074,-12.16988,24.08437,-22.05299,POM_COL,POM_COL,PomonaPitzer,TeamExclusive,Team,20251017-PomonaPitzer-Private-1,1bba9a60-ab9b-11f0-bdec-9ba129dde21b,81.89047,,,7.16427,,,,,,,1281aa50-c58b-434b-a235-220b35bf6a67,2025-10-17,20:51:51.62,2025-10-17T13:51:51.6229120-07:00,2025-10-17T20:51:51.6229120Z,,v3,POM_PIT,POM_PIT,,"Savas, Peter",1000276389,Right,POM_COL,ed40e03d-753f-45ed-9c22-1a3da516ec20,54.90362,-121.74073,12.04219,5.63372,-3.86889,-11.0265,-0.96314,6.27321,-6.08494,,,,,,,,,,,,,,,,,,,,,,,,,,,,,,,,,,,,,,,,,,,,,,,,,,,High,High,High,,,,,
6,2025-10-17,13:52:46.33,2,4,"Zerger, Justin",10051439,Right,POM_COL,"Hu, Landon",1000261921,Left,POM_COL,Undefined,1,Top,0,2,1,Fastball,Changeup,InPlay,Undefined,LineDrive,Out,1,0,,83.63122,-0.837184,-0.93211,1912.272435,228.721912,1:30,5.80246,0.9287,5.53099,-32.42612,8.22122,7.84056,2.31755,0.71069,76.36173,-6.81853,0.467075,0.458868,84.05549,7.617456,-23.728348,2440.156597,,,,123.295,110.139,-27.672308,1.124968,-4.25158,4.78551,-0.85319,50,5.70824,1.6532,-121.37712,-2.87334,-6.31059,24.87492,-25.07094,POM_COL,POM_COL,PomonaPitzer,TeamExclusive,Team,20251017-PomonaPitzer-Private-1,3c7904d0-ab9b-11f0-bdec-9ba129dde21b,82.14226,6.21968,,7.26949,,,,0.9434,2.26437,-0.69254,1281aa50-c58b-434b-a235-220b35bf6a67,2025-10-17,20:52:46.33,2025-10-17T13:52:46.3364096-07:00,2025-10-17T20:52:46.3364096Z,GroundBall,v3,POM_PIT,POM_PIT,,"Savas, Peter",1000276389,Right,POM_COL,524516ca-45c4-4358-970b-5cd36c6e1638,54.96728,-122.39088,12.43746,5.80452,-1.8516,-12.53547,-0.92581,1.91038,-3.1553,97.493315,0.9434,111.86348,-17.26565,3.72187,-0.77932,0.13701,-0.02388,0.00363,-0.00029,2.26437,16.34195,-17.32825,0.98001,-0.07225,-0.00456,0.0061,-0.00118,0.00011,-0.69254,-49.17066,-2.1647,1.48607,-0.51234,0.13638,-0.03232,0.00609,-0.00066,,,,,,,,,,,,,,,,,,,,,,,High,High,High,High,High,,,
7,2025-10-17,13:53:19.75,3,1,"Zerger, Justin",10051439,Right,POM_COL,"Cassidy, Caleb",10304248,Right,POM_COL,Undefined,1,Top,1,0,0,Slider,Curveball,StrikeSwinging,Undefined,Undefined,Undefined,0,0,,77.1849,0.413337,-2.595184,2515.792637,51.918119,7:45,5.47256,1.06999,4.98136,-53.87247,-5.20189,-8.57091,1.37394,-2.09674,71.11281,-9.275847,-4.107624,0.502117,,,,,,,,,,,,3.51981,-2.27347,-0.81219,50,5.46817,5.41718,-111.92009,-1.11176,4.4528,20.69333,-35.05014,POM_COL,POM_COL,PomonaPitzer,TeamExclusive,Team,20251017-PomonaPitzer-Private-1,506ebac0-ab9b-11f0-bdec-9ba129dde21b,75.06709,,,6.0721,,,,,,,1281aa50-c58b-434b-a235-220b35bf6a67,2025-10-17,20:53:19.75,2025-10-17T13:53:19.7541376-07:00,2025-10-17T20:53:19.7541376Z,,v3,POM_PIT,POM_PIT,,"Savas, Peter",1000276389,Right,POM_COL,049391ef-5f2c-41c9-be85-0f7d64b0b5e8,55.51939,-112.93598,10.34667,5.48051,0.60894,-17.52507,-1.07277,5.19858,2.2264,,,,,,,,,,,,,,,,,,,,,,,,,,,,,,,,,,,,,,,,,,,,,,,,,,,High,High,High,,,,,
8,2025-10-17,13:53:38.40,3,2,"Zerger, Justin",10051439,Right,POM_COL,"Cassidy, Caleb",10304248,Right,POM_COL,Undefined,1,Top,1,0,1,Fastball,Four-Seam,StrikeCalled,Undefined,Undefined,Undefined,0,0,,87.09668,-1.550134,-3.120204,2065.460128,213.174929,1:00,5.83873,0.72956,5.52376,-22.92033,14.56001,8.72178,2.47697,-1.46361,79.55168,-5.821445,-1.56825,0.440629,,,,,,,,,,,,-5.27048,8.15134,-0.4639,50,5.6886,6.50233,-126.22385,-4.18052,-8.49596,25.88994,-19.03413,POM_COL,POM_COL,PomonaPitzer,TeamExclusive,Team,20251017-PomonaPitzer-Private-1,5b911240-ab9b-11f0-bdec-9ba129dde21b,85.54231,,,7.545,,,,,,,1281aa50-c58b-434b-a235-220b35bf6a67,2025-10-17,20:53:38.40,2025-10-17T13:53:38.4039424-07:00,2025-10-17T20:53:38.4039424Z,,v3,POM_PIT,POM_PIT,,"Savas, Peter",1000276389,Right,POM_COL,111ab3d0-3d1e-49e0-99a8-a118e9ba3cf5,54.97353,-127.23988,12.94497,5.838,-3.43354,-9.51706,-0.72562,6.83575,-4.24798,,,,,,,,,,,,,,,,,,,,,,,,,,,,,,,,,,,,,,,,,,,,,,,,,,,High,High,High,,,,,
9,2025-10-17,13:53:58.44,3,3,"Zerger, Justin",10051439,Right,POM_COL,"Cassidy, Caleb",10304248,Right,POM_COL,Undefined,1,Top,1,0,2,Fastball,Changeup,BallCalled,Undefined,Undefined,Undefined,0,0,,86.53772,-3.024033,-3.284772,1757.914028,244.5358,2:15,5.78413,0.83605,5.68896,-29.4797,8.11689,14.6128,0.50177,-1.01105,79.80782,-8.434961,-0.672259,0.441312,,,,,,,,,,,,-8.348,5.27642,-0.56904,50,5.51067,6.59908,-125.42082,-7.64647,-13.35375,24.35741,-23.73373,POM_COL,POM_COL,PomonaPitzer,TeamExclusive,Team,20251017-PomonaPitzer-Private-1,676b6f20-ab9b-11f0-bdec-9ba129dde21b,85.40999,,,6.7299,,,,,,,1281aa50-c58b-434b-a235-220b35bf6a67,2025-10-17,20:53:58.44,2025-10-17T13:53:58.4494592-07:00,2025-10-17T20:53:58.4494592Z,,v3,POM_PIT,POM_PIT,,"Savas, Peter",1000276389,Right,POM_COL,5121d5f9-efca-4d30-8767-81f65d5649bc,54.81136,-126.35176,12.17871,5.78558,-6.73937,-11.86687,-0.83101,7.10945,-6.67687,,,,,,,,,,,,,,,,,,,,,,,,,,,,,,,,,,,,,,,,,,,,,,,,,,,High,High,High,,,,,
10,2025-10-17,13:54:19.70,3,4,"Zerger, Justin",10051439,Right,POM_COL,"Cassidy, Caleb",10304248,Right,POM_COL,Undefined,1,Top,1,1,2,Fastball,Changeup,StrikeSwinging,Strikeout,Undefined,Undefined,0,0,,85.83479,-1.158788,-1.590887,1774.155797,251.598869,2:30,5.91389,0.7307,5.27677,-32.0086,7.13335,17.4071,2.15759,0.68672,78.05525,-7.03619,1.500939,0.45029,,,,,,,,,,,,-9.15225,4.33012,-0.59858,50,5.78491,2.68162,-124.43184,-3.68455,-14.22354,27.01092,-25.44461,POM_COL,POM_COL,PomonaPitzer,TeamExclusive,Team,20251017-PomonaPitzer-Private-1,73fbd590-ab9b-11f0-bdec-9ba129dde21b,83.70697,,,7.77954,,,,,,,1281aa50-c58b-434b-a235-220b35bf6a67,2025-10-17,20:54:19.70,2025-10-17T13:54:19.7020000-07:00,2025-10-17T20:54:19.7020000Z,,v3,POM_PIT,POM_PIT,,"Savas, Peter",1000276389,Right,POM_COL,61e16f13-988b-4ef8-a6f8-216fb328f360,55.22058,-125.55998,13.50546,5.9166,-2.62183,-12.7223,-0.72299,3.27568,-7.11177,,,,,,,,,,,,,,,,,,,,,,,,,,,,,48.52602,3.389746,1.790771,1.598975,-0.5815,1.90657,-0.74109,-4.92946,5.18896,1.34739,73.85225,11.34045,50.94905,-4.76737,55.18283,-3.76309,5.33259,27.94612,-15.12724,1.34698,32.15153,-0.70714,High,High,High,,,High,High,High
11,2025-10-17,13:54:54.36,4,1,"Zerger, Justin",10051439,Right,POM_COL,"Pierantoni, Greg",1000091552,Right,POM_COL,Undefined,1,Top,2,0,0,Fastball,Sinker,BallCalled,Undefined,Undefined,Undefined,0,0,,86.7347,-3.4342,-4.937465,2059.739167,225.121491,1:30,5.7826,0.78957,5.74334,-26.1332,11.34784,10.23721,0.39159,-2.96587,80.00352,-8.246538,-3.113358,0.440633,,,,,,,,,,,,-6.47741,7.03748,-0.38432,50,5.47972,10.40404,-125.38398,-8.42179,-10.38009,23.77448,-20.89647,POM_COL,POM_COL,PomonaPitzer,TeamExclusive,Team,20251017-PomonaPitzer-Private-1,88af8450-ab9b-11f0-bdec-9ba129dde21b,85.54156,,,6.73118,,,,,,,1281aa50-c58b-434b-a235-220b35bf6a67,2025-10-17,20:54:54.36,2025-10-17T13:54:54.3615488-07:00,2025-10-17T20:54:54.3615488Z,,v3,POM_PIT,POM_PIT,,"Savas, Peter",1000276389,Right,POM_COL,fc639693-bf15-4889-ae25-636d5bae2672,54.75501,-126.28237,11.88724,5.78304,-7.63216,-10.44824,-0.78489,10.79629,-5.19004,,,,,,,,,,,,,,,,,,,,,,,,,,,,,,,,,,,,,,,,,,,,,,,,,,,High,High,High,,,,,
12,2025-10-17,13:55:13.86,4,2,"Zerger, Justin",10051439,Right,POM_COL,"Pierantoni, Greg",1000091552,Right,POM_COL,Undefined,1,Top,2,1,0,Slider,Curveball,InPlay,Undefined,GroundBall,Error,0,0,,75.46774,0.839782,-0.767898,2570.127722,77.835689,8:30,5.49927,1.30631,4.99267,-52.35023,-1.70051,-15.0293,1.92977,-0.6712,69.62104,-8.606644,-3.423882,0.512224,51.8739,-20.532584,-4.396448,,,,,6.87996,6.87996,2.523139,0.070502,7.28343,-0.66681,-1.21944,50,5.53718,2.05444,-109.56404,-0.1972,8.8574,19.27573,-32.98494,POM_COL,POM_COL,PomonaPitzer,TeamExclusive,Team,20251017-PomonaPitzer-Private-1,946df4c0-ab9b-11f0-bdec-9ba129dde21b,73.58584,1.89069,,5.8467,,,,1.84003,1.89069,0.68985,1281aa50-c58b-434b-a235-220b35bf6a67,2025-10-17,20:55:13.86,2025-10-17T13:55:13.8664960-07:00,2025-10-17T20:55:13.8664960Z,GroundBall,v3,POM_PIT,POM_PIT,,"Savas, Peter",1000276389,Right,POM_COL,20573a2d-f89e-4603-b0dd-950a71602094,55.50862,-110.52893,9.63787,5.50572,1.45393,-16.49247,-1.31118,1.61107,4.4287,180,1.83602,71.39201,,,,,,,,1.89219,-26.81757,,,,,,,,0.69016,-5.48887,,,,,,,,,,,,,,,,,,,,,,,,,,,,,,High,High,High,High,High,,,
13,2025-10-17,13:55:48.62,5,1,"Zerger, Justin",10051439,Right,POM_COL,"Kinney, William",1000092038,Right,POM_COL,Undefined,1,Top,2,0,0,Slider,Curveball,BallCalled,Undefined,Undefined,Undefined,0,0,,76.45826,0.731211,-2.382573,2488.32739,67.691417,8:15,5.45103,1.34099,4.84002,-52.54625,-3.12284,-11.03465,1.76515,-1.83577,70.96483,-8.689513,-4.323773,0.505985,,,,,,,,,,,,4.83729,-1.31331,-1.09527,50,5.47805,5.06158,-110.95915,-0.46763,6.07174,18.58801,-33.82253,POM_COL,POM_COL,PomonaPitzer,TeamExclusive,Team,20251017-PomonaPitzer-Private-1,a9065350-ab9b-11f0-bdec-9ba129dde21b,74.49319,,,5.49343,,,,,,,1281aa50-c58b-434b-a235-220b35bf6a67,2025-10-17,20:55:48.62,2025-10-17T13:55:48.6269440-07:00,2025-10-17T20:55:48.6269440Z,,v3,POM_PIT,POM_PIT,,"Savas, Peter",1000276389,Right,POM_COL,3f869e17-a1ce-4fed-92f6-788ed37bf534,55.66136,-111.90353,9.29401,5.45816,1.25075,-16.91127,-1.34459,4.7531,3.03587,,,,,,,,,,,,,,,,,,,,,,,,,,,,,,,,,,,,,,,,,,,,,,,,,,,High,High,High,,,,,
14,2025-10-17,13:56:07.01,5,2,"Zerger, Justin",10051439,Right,POM_COL,"Lee, Sammy",1000276388,Right,POM_COL,Undefined,1,Top,2,1,0,Fastball,Changeup,InPlay,Undefined,LineDrive,Single,0,0,,83.77453,-1.209756,-2.642444,1801.908673,247.453505,2:15,5.57824,1.26244,5.67608,-33.75707,6.41158,12.38115,1.636,-0.17094,76.87993,-7.423332,-0.428813,0.456158,77.7951,8.379808,-22.042121,1304.756848,,,,126.20439,123.69487,-25.290192,1.272142,-7.07268,3.95433,-1.04764,50,5.4548,5.11684,-121.57074,-3.70295,-10.58128,23.90599,-26.25807,POM_COL,POM_COL,PomonaPitzer,TeamExclusive,Team,20251017-PomonaPitzer-Private-1,b407dc60-ab9b-11f0-bdec-9ba129dde21b,82.63028,6.52233,,6.8946,,,,1.69201,1.72248,0.16512,1281aa50-c58b-434b-a235-220b35bf6a67,2025-10-17,20:56:07.01,2025-10-17T13:56:07.0179328-07:00,2025-10-17T20:56:07.0179328Z,GroundBall,v3,POM_PIT,POM_PIT,,"Savas, Peter",1000276389,Right,POM_COL,c4364ad2-5ba2-4a38-94d7-4bd5e9a66be1,54.82379,-122.51563,11.953,5.58065,-2.66509,-13.12903,-1.25815,5.53507,-5.29064,119.514079,1.69202,104.62985,-16.44894,3.56684,-0.50341,-0.23452,0.29231,-0.12871,0.021,1.72247,16.6292,-14.61718,0.44291,-0.30724,0.56378,-0.49391,0.20568,-0.03247,0.16512,-42.36359,-0.57667,0.48449,0.03003,-0.32353,0.30813,-0.12965,0.02051,,,,,,,,,,,,,,,,,,,,,,,High,High,High,High,High,,,
15,2025-10-17,13:56:45.03,6,1,"Zerger, Justin",10051439,Right,POM_COL,"Loui, Shawn",1000474008,Right,POM_COL,Undefined,1,Top,2,0,0,Fastball,Changeup,BallCalled,Undefined,Undefined,Undefined,0,0,,84.26727,-3.198883,-3.709788,2005.966804,210.595674,1:00,5.72396,0.93022,5.617,-30.71336,9.68142,4.88374,0.16969,-2.1299,76.75094,-8.851403,-2.839137,0.45744,,,,,,,,,,,,-3.6339,6.30961,-0.61645,50,5.43052,7.69933,-121.82478,-7.84419,-5.40284,26.31864,-22.79299,POM_COL,POM_COL,PomonaPitzer,TeamExclusive,Team,20251017-PomonaPitzer-Private-1,cab670c0-ab9b-11f0-bdec-9ba129dde21b,82.39865,,,7.51633,,,,,,,1281aa50-c58b-434b-a235-220b35bf6a67,2025-10-17,20:56:45.03,2025-10-17T13:56:45.0392576-07:00,2025-10-17T20:56:45.0392576Z,,v3,POM_PIT,POM_PIT,,"Savas, Peter",1000276389,Right,POM_COL,d2c7e170-3c24-41e0-8ed6-ee5ebac8af6a,54.88041,-122.87461,13.15932,5.72528,-6.935,-11.3965,-0.92787,7.91485,-2.70142,,,,,,,,,,,,,,,,,,,,,,,,,,,,,,,,,,,,,,,,,,,,,,,,,,,High,High,High,,,,,
16,2025-10-17,13:57:07.13,6,2,"Zerger, Justin",10051439,Right,POM_COL,"Loui, Shawn",1000474008,Right,POM_COL,Undefined,1,Top,2,1,0,Slider,Curveball,StrikeCalled,Undefined,Undefined,Undefined,0,0,,73.66012,0.368494,-0.596488,2390.699419,96.914209,9:15,5.44212,1.27232,4.79248,-50.47373,3.72803,-15.37099,1.58521,-0.57388,67.19914,-8.76075,-3.302865,0.529881,,,,,,,,,,,,7.35288,2.28311,-1.19877,50,5.4354,1.72574,-106.7293,-1.03607,8.3892,20.23227,-29.56915,POM_COL,POM_COL,PomonaPitzer,TeamExclusive,Team,20251017-PomonaPitzer-Private-1,d7dd71e0-ab9b-11f0-bdec-9ba129dde21b,71.13383,,,6.46099,,,,,,,1281aa50-c58b-434b-a235-220b35bf6a67,2025-10-17,20:57:07.13,2025-10-17T13:57:07.1396864-07:00,2025-10-17T20:57:07.1396864Z,,v3,POM_PIT,POM_PIT,,"Savas, Peter",1000276389,Right,POM_COL,65d0bae6-cfe4-45e0-966c-220fa8423397,55.70485,-107.80532,10.11614,5.44869,0.53652,-14.78457,-1.27868,1.27957,4.1946,,,,,,,,,,,,,,,,,,,,,,,,,,,,,,,,,,,,,,,,,,,,,,,,,,,High,High,High,,,,,
17,2025-10-17,13:57:26.48,6,3,"Zerger, Justin",10051439,Right,POM_COL,"Loui, Shawn",1000474008,Right,POM_COL,Undefined,1,Top,2,1,1,Slider,Curveball,StrikeSwinging,Undefined,Undefined,Undefined,0,0,,74.72703,-0.444578,-1.063202,2431.749638,99.266268,9:15,5.45502,1.25015,4.6131,-48.79818,4.2141,-14.69304,0.96573,-0.98527,68.29752,-9.22505,-3.641917,0.524034,,,,,,,,,,,,6.85709,2.7239,-1.12639,50,5.36469,2.60988,-108.23756,-2.5603,8.05009,20.72439,-28.97624,POM_COL,POM_COL,PomonaPitzer,TeamExclusive,Team,20251017-PomonaPitzer-Private-1,e378c9f0-ab9b-11f0-bdec-9ba129dde21b,71.92744,,,6.42951,,,,,,,1281aa50-c58b-434b-a235-220b35bf6a67,2025-10-17,20:57:26.48,2025-10-17T13:57:26.4886272-07:00,2025-10-17T20:57:26.4886272Z,,v3,POM_PIT,POM_PIT,,"Savas, Peter",1000276389,Right,POM_COL,2f71aae7-ab54-4527-a5eb-6da2a519a01e,55.88457,-109.35848,10.3622,5.46078,-0.99305,-14.48812,-1.25578,2.17448,4.02504,,,,,,,,,,,,,,,,,,,,,,,,,,,,,,,,,,,,,,,,,,,,,,,,,,,High,High,High,,,,,
18,2025-10-17,13:57:46.73,6,4,"Zerger, Justin",10051439,Right,POM_COL,"Loui, Shawn",1000474008,Right,POM_COL,Undefined,1,Top,2,1,2,Slider,Curveball,FoulBallNotFieldable,Undefined,Undefined,Undefined,0,0,,76.37144,0.761315,-1.602165,2534.276053,85.66195,8:45,5.51965,1.15641,5.01036,-49.01483,0.81043,-10.85914,2.15399,-1.26113,69.865,-8.121627,-3.519803,0.508038,,,,,,,,,,,,4.93918,0.60673,-0.99335,50,5.55301,3.52712,-110.73057,-0.21725,6.08932,21.06895,-31.42605,POM_COL,POM_COL,PomonaPitzer,TeamExclusive,Team,20251017-PomonaPitzer-Private-1,ef89c730-ab9b-11f0-bdec-9ba129dde21b,74.19218,,,6.50644,,,,,,,1281aa50-c58b-434b-a235-220b35bf6a67,2025-10-17,20:57:46.73,2025-10-17T13:57:46.7399168-07:00,2025-10-17T20:57:46.7399168Z,,v3,POM_PIT,POM_PIT,,"Savas, Peter",1000276389,Right,POM_COL,ac317c5a-22d5-4393-ac44-8e4f351ba1e3,55.48907,-111.77011,10.53448,5.52548,1.3333,-15.71303,-1.15997,3.22667,3.04466,,,,,,,,,,,,,,,,,,,,,,,,,,,,,,,,,,,,,,,,,,,,,,,,,,,High,High,High,,,,,
19,2025-10-17,13:58:11.99,6,5,"Zerger, Justin",10051439,Right,POM_COL,"Loui, Shawn",1000474008,Right,POM_COL,Undefined,1,Top,2,1,2,Fastball,Four-Seam,BallCalled,Undefined,Undefined,Undefined,0,0,,85.28702,-2.367505,-3.389906,2121.916299,201.902336,12:45,5.68436,0.80254,5.59943,-22.88671,16.35513,6.03347,1.56174,-1.86312,77.60347,-6.647953,-2.315308,0.450865,,,,,,,,,,,,-4.04795,9.37776,-0.51583,50,5.46656,7.05617,-123.43968,-5.8309,-6.20686,26.00074,-17.79482,POM_COL,POM_COL,PomonaPitzer,TeamExclusive,Team,20251017-PomonaPitzer-Private-1,fe7311c0-ab9b-11f0-bdec-9ba129dde21b,83.60036,,,7.68356,,,,,,,1281aa50-c58b-434b-a235-220b35bf6a67,2025-10-17,20:58:11.99,2025-10-17T13:58:11.9913472-07:00,2025-10-17T20:58:11.9913472Z,,v3,POM_PIT,POM_PIT,,"Savas, Peter",1000276389,Right,POM_COL,85dffa1d-28b0-415c-8f8d-9365a74d3997,54.8966,-124.46681,13.00037,5.68301,-5.12794,-8.89741,-0.79942,7.30137,-3.10343,,,,,,,,,,,,,,,,,,,,,,,,,,,,,,,,,,,,,,,,,,,,,,,,,,,High,High,High,,,,,
20,2025-10-17,13:58:32.23,6,6,"Zerger, Justin",10051439,Right,POM_COL,"Loui, Shawn",1000474008,Right,POM_COL,Undefined,1,Top,2,2,2,Fastball,Changeup,FoulBallNotFieldable,Undefined,Undefined,Undefined,0,0,,85.4792,-2.223483,-2.756696,1891.566709,227.822938,1:30,5.76847,1.03026,5.60769,-25.68584,13.61753,13.43603,1.54905,-0.42527,77.21636,-7.022491,-0.358961,0.451218,71.20554,56.996507,64.062975,5745.67257,,,,,50.41916,,,-7.70048,8.02871,-0.80333,50,5.5618,5.39092,-123.7327,-5.64083,-11.75756,28.16765,-19.91536,POM_COL,POM_COL,PomonaPitzer,TeamExclusive,Team,20251017-PomonaPitzer-Private-1,0a9e9be0-ab9c-11f0-bdec-9ba129dde21b,83.5349,73.75127,,8.26283,,,,1.40483,1.78535,-0.13437,1281aa50-c58b-434b-a235-220b35bf6a67,2025-10-17,20:58:32.23,2025-10-17T13:58:32.2374656-07:00,2025-10-17T20:58:32.2374656Z,,v3,POM_PIT,POM_PIT,,"Savas, Peter",1000276389,Right,POM_COL,8bf3783d-09a2-4222-ac7e-e2fee1ad60fc,54.88899,-124.84072,14.08383,5.76828,-4.85743,-9.95768,-1.02448,5.85342,-5.87878,,1.40483,24.88031,-10.24413,3.3932,-0.85889,0.19556,-0.04215,0.00855,-0.0013,1.78535,87.58277,-22.34382,1.74563,-0.1579,-0.02525,0.01488,-0.00319,0.00018,-0.13437,51.15483,-11.37818,3.22186,-0.72161,0.1476,-0.02977,0.00665,-0.00127,,,,,,,,,,,,,,,,,,,,,,,High,High,High,Low,Undefined,,,
21,2025-10-17,13:59:21.38,6,7,"Zerger, Justin",10051439,Right,POM_COL,"Loui, Shawn",1000474008,Right,POM_COL,Undefined,1,Top,2,2,2,Slider,Curveball,StrikeSwinging,Strikeout,Undefined,Undefined,0,0,,76.90907,-0.175856,-1.003469,2498.156802,68.62808,8:15,5.42802,1.03327,4.7734,-50.68097,-1.63047,-7.90851,1.03787,-0.57716,71.194,-9.263178,-2.396656,0.504073,,,,,,,,,,,,3.62996,-0.32394,-0.92554,50,5.3658,2.27917,-111.63462,-2.18211,4.59777,19.39904,-32.58433,POM_COL,POM_COL,PomonaPitzer,TeamExclusive,Team,20251017-PomonaPitzer-Private-1,27d7d730-ab9c-11f0-bdec-9ba129dde21b,74.77581,,,5.71507,,,,,,,1281aa50-c58b-434b-a235-220b35bf6a67,2025-10-17,20:59:21.38,2025-10-17T13:59:21.3820928-07:00,2025-10-17T20:59:21.3820928Z,,v3,POM_PIT,POM_PIT,,"Savas, Peter",1000276389,Right,POM_COL,928a8390-f2d1-41dc-b970-f4c91a33b8f4,55.72693,-112.62541,9.69952,5.43475,-0.5179,-16.29217,-1.03595,2.04434,2.29888,,,,,,,,,,,,,,,,,,,,,,,,,,,,,,,,,,,,,,,,,,,,,,,,,,,High,High,High,,,,,
22,2025-10-17,14:02:04.50,1,1,"Orens, Devran",1000248914,Right,POM_COL,"Wakil, Lateef",1000128267,Left,POM_COL,Undefined,1,Bottom,0,0,0,Fastball,Changeup,BallCalled,Undefined,Undefined,Undefined,0,0,,81.51396,1.248478,-3.524686,1976.852333,245.856548,2:15,5.68727,2.11946,5.31748,-33.61738,9.37985,17.92922,4.05993,0.30145,74.51664,-4.937635,-0.348693,0.471945,,,,,,,,,,,,-9.8454,4.78599,-1.81295,50,5.77653,6.51503,-118.12119,1.42839,-13.95221,21.86078,-25.39169,POM_COL,POM_COL,PomonaPitzer,TeamExclusive,Team,20251017-PomonaPitzer-Private-1,89109aa0-ab9c-11f0-bdec-9ba129dde21b,79.86614,,,6.99733,,,,,,,1281aa50-c58b-434b-a235-220b35bf6a67,2025-10-17,21:02:04.50,2025-10-17T14:02:04.5052416-07:00,2025-10-17T21:02:04.5052416Z,,v3,POM_PIT,POM_PIT,,"Lee, Sammy",1000276388,Right,POM_COL,f403031f-ff61-422e-9bf5-e338bcc70595,55.18031,-119.07606,10.93039,5.68991,2.53748,-12.69584,-2.11083,7.12446,-6.97611,,,,,,,,,,,,,,,,,,,,,,,,,,,,,,,,,,,,,,,,,,,,,,,,,,,High,High,High,,,,,
23,2025-10-17,14:02:25.14,1,2,"Orens, Devran",1000248914,Right,POM_COL,"Wakil, Lateef",1000128267,Left,POM_COL,Undefined,1,Bottom,0,1,0,Fastball,Changeup,StrikeCalled,Undefined,Undefined,Undefined,0,0,,82.72623,-0.670171,-4.019189,2077.071574,241.783092,2:00,5.54197,1.87367,5.24082,-30.95376,10.96938,17.9508,2.33106,-0.41404,75.74477,-6.357598,-0.843895,0.466013,,,,,,,,,,,,-9.98067,6.07784,-1.51727,50,5.4575,7.64187,-119.80876,-2.47987,-14.54403,22.59385,-23.31731,POM_COL,POM_COL,PomonaPitzer,TeamExclusive,Team,20251017-PomonaPitzer-Private-1,9559e5f0-ab9c-11f0-bdec-9ba129dde21b,80.88277,,,6.98145,,,,,,,1281aa50-c58b-434b-a235-220b35bf6a67,2025-10-17,21:02:25.14,2025-10-17T14:02:25.1482624-07:00,2025-10-17T21:02:25.1482624Z,,v3,POM_PIT,POM_PIT,,"Lee, Sammy",1000276388,Right,POM_COL,92cb0fa4-62a9-4aa5-ae49-d5a00c1f3940,55.25688,-120.79605,11.29692,5.5436,-1.46096,-11.65866,-1.86508,8.27741,-7.27201,,,,,,,,,,,,,,,,,,,,,,,,,,,,,,,,,,,,,,,,,,,,,,,,,,,High,High,High,,,,,
24,2025-10-17,14:02:45.79,1,3,"Orens, Devran",1000248914,Right,POM_COL,"Wakil, Lateef",1000128267,Left,POM_COL,Undefined,1,Bottom,0,1,1,Fastball,Changeup,InPlay,Undefined,LineDrive,Out,1,0,,83.02599,-1.038731,-3.047508,2013.240524,243.229583,2:00,5.64275,1.77423,5.29874,-31.24277,10.33556,17.80131,2.0625,0.39387,75.91802,-6.784165,0.110512,0.464093,94.57076,19.233242,8.492384,1241.348983,109.2816,30.27614,12.55023,296.31661,291.24013,3.945298,3.098176,-9.80571,5.86603,-1.5106,50,5.52563,5.66138,-120.35357,-3.26289,-14.3609,23.68766,-23.58298,POM_COL,POM_COL,PomonaPitzer,TeamExclusive,Team,20251017-PomonaPitzer-Private-1,a1c2a020-ab9c-11f0-bdec-9ba129dde21b,81.21747,34.24399,,7.10797,,,,0.61285,2.05006,-0.39897,1281aa50-c58b-434b-a235-220b35bf6a67,2025-10-17,21:02:45.79,2025-10-17T14:02:45.7947648-07:00,2025-10-17T21:02:45.7947648Z,LineDrive,v3,POM_PIT,POM_PIT,,"Lee, Sammy",1000276388,Right,POM_COL,052e36f0-0897-474f-aeb4-5d8dd3166257,55.20048,-121.3728,11.84383,5.64419,-2.24817,-11.79149,-1.76749,6.2793,-7.18045,133.735647,0.61293,129.52258,-17.63459,3.45724,-0.63656,0.0742,0.0026,-0.00269,0.00032,2.05,45.69332,-17.77082,1.37945,-0.29449,0.08858,-0.02512,0.00499,-0.00043,-0.39896,19.33954,-7.40145,1.936,-0.46602,0.09352,-0.01463,0.00148,-6E-05,,,,,,,,,,,,,,,,,,,,,,,High,High,High,High,Medium,,,
25,2025-10-17,14:03:20.93,2,1,"Orens, Devran",1000248914,Right,POM_COL,"Berry, Cooper",1000276381,Left,POM_COL,Undefined,1,Bottom,1,0,0,Splitter,Changeup,StrikeSwinging,Undefined,Undefined,Undefined,0,0,,73.11656,-0.02524,-2.395155,1271.055522,246.673392,2:15,5.4248,2.07691,4.80356,-48.74101,5.74516,9.30355,1.33911,0.58154,67.29567,-8.823841,-0.757841,0.531269,,,,,,,,,,,,-5.22748,3.36855,-1.84685,50,5.38028,4.06624,-105.97516,-1.69246,-5.94921,17.98557,-28.34043,POM_COL,POM_COL,PomonaPitzer,TeamExclusive,Team,20251017-PomonaPitzer-Private-1,b69ebe70-ab9c-11f0-bdec-9ba129dde21b,70.94793,,,5.82088,,,,,,,1281aa50-c58b-434b-a235-220b35bf6a67,2025-10-17,21:03:20.93,2025-10-17T14:03:20.9356800-07:00,2025-10-17T21:03:20.9356800Z,,v3,POM_PIT,POM_PIT,,"Lee, Sammy",1000276388,Right,POM_COL,44fa627b-f2e5-40e4-a127-6845d0a76aa2,55.69425,-106.9372,8.99279,5.43026,-0.17655,-14.17022,-2.07286,4.38446,-2.9746,,,,,,,,,,,,,,,,,,,,,,,,,,,,,,,,,,,,,,,,,,,,,,,,,,,High,High,High,,,,,
26,2025-10-17,14:03:36.75,2,2,"Orens, Devran",1000248914,Right,POM_COL,"Berry, Cooper",1000276381,Left,POM_COL,Undefined,1,Bottom,1,0,1,Fastball,Changeup,BallCalled,Undefined,Undefined,Undefined,0,0,,82.48923,-0.181804,-1.027996,1988.527401,226.729182,1:30,5.67694,1.98225,5.12404,-27.24419,15.04497,14.5408,3.23532,2.22563,75.34626,-5.219373,1.545123,0.468043,,,,,,,,,,,,-7.448,7.93882,-1.89713,50,5.6392,1.50833,-119.65673,-1.30373,-10.79595,23.13375,-20.66662,POM_COL,POM_COL,PomonaPitzer,TeamExclusive,Team,20251017-PomonaPitzer-Private-1,c0111c00-ab9c-11f0-bdec-9ba129dde21b,80.53199,,,7.14297,,,,,,,1281aa50-c58b-434b-a235-220b35bf6a67,2025-10-17,21:03:36.75,2025-10-17T14:03:36.7556096-07:00,2025-10-17T21:03:36.7556096Z,,v3,POM_PIT,POM_PIT,,"Lee, Sammy",1000276388,Right,POM_COL,8612de61-ce29-4c56-b120-4cb8cf06b8e7,55.37184,-120.69082,11.56688,5.67683,-0.37992,-10.33331,-1.97534,1.99092,-5.39797,,,,,,,,,,,,,,,,,,,,,,,,,,,,,,,,,,,,,,,,,,,,,,,,,,,High,High,High,,,,,
27,2025-10-17,14:03:51.20,2,3,"Orens, Devran",1000248914,Right,POM_COL,"Berry, Cooper",1000276381,Left,POM_COL,Undefined,1,Bottom,1,1,1,Fastball,Changeup,StrikeCalled,Undefined,Undefined,Undefined,0,0,,82.7983,-2.175928,-2.884431,2043.754073,221.390694,1:30,5.69609,1.75321,5.16103,-25.54147,16.41225,13.2743,1.51599,0.14218,75.91089,-6.889415,-0.536186,0.466183,,,,,,,,,,,,-7.35516,9.17067,-1.49431,50,5.47359,5.4676,-119.93693,-5.41822,-10.73955,22.67165,-18.78363,POM_COL,POM_COL,PomonaPitzer,TeamExclusive,Team,20251017-PomonaPitzer-Private-1,c8ba0f10-ab9c-11f0-bdec-9ba129dde21b,80.85326,,,6.88742,,,,,,,1281aa50-c58b-434b-a235-220b35bf6a67,2025-10-17,21:03:51.20,2025-10-17T14:03:51.2085504-07:00,2025-10-17T21:03:51.2085504Z,,v3,POM_PIT,POM_PIT,,"Lee, Sammy",1000276388,Right,POM_COL,31d2b8f4-29eb-41ec-b143-9abb21c4dc91,55.33579,-120.94135,11.33582,5.6952,-4.58606,-9.39181,-1.74708,5.94339,-5.36978,,,,,,,,,,,,,,,,,,,,,,,,,,,,,,,,,,,,,,,,,,,,,,,,,,,High,High,High,,,,,
28,2025-10-17,14:04:08.64,2,4,"Orens, Devran",1000248914,Right,POM_COL,"Berry, Cooper",1000276381,Left,POM_COL,Undefined,1,Bottom,1,1,2,Slider,Changeup,HitByPitch,Undefined,Undefined,Undefined,0,0,,73.60806,1.148523,-5.088779,1371.483657,285.225703,3:30,5.26374,2.03104,5.10786,-55.05775,-0.86756,10.34473,1.76212,-1.914,66.75892,-8.842457,-3.267854,0.529824,,,,,,,,,,,,-6.88441,-0.4402,-1.55911,50,5.3289,9.08362,-106.29764,0.35267,-7.75854,20.77478,-32.67016,POM_COL,POM_COL,PomonaPitzer,TeamExclusive,Team,20251017-PomonaPitzer-Private-1,d3171ac0-ab9c-11f0-bdec-9ba129dde21b,71.14142,,,6.84913,,,,,,,1281aa50-c58b-434b-a235-220b35bf6a67,2025-10-17,21:04:08.64,2025-10-17T14:04:08.6458880-07:00,2025-10-17T21:04:08.6458880Z,,v3,POM_PIT,POM_PIT,,"Lee, Sammy",1000276388,Right,POM_COL,1a0ae561-9cb2-4612-b156-1562222a16f5,55.39279,-107.34643,10.38739,5.26946,2.00199,-16.33508,-2.02758,9.4753,-3.87927,,,,,,,,,,,,,,,,,,,,,,,,,,,,,,,,,,,,,,,,,,,,,,,,,,,High,High,High,,,,,
29,2025-10-17,14:04:42.14,3,1,"Orens, Devran",1000248914,Right,POM_COL,"Dillehay, Drew",1000091533,Right,POM_COL,Undefined,1,Bottom,1,0,0,Fastball,Changeup,BallCalled,Undefined,Undefined,Undefined,0,0,,82.15667,0.761518,-2.028234,2044.766328,220.564269,1:15,5.60919,1.7798,5.35884,-25.65387,16.73757,13.14139,4.186,0.97208,74.71576,-4.031377,0.304981,0.468609,,,,,,,,,,,,-7.10237,8.57603,-1.60688,50,5.65978,3.65599,-119.11563,0.76986,-10.17854,23.41769,-19.88358,POM_COL,POM_COL,PomonaPitzer,TeamExclusive,Team,20251017-PomonaPitzer-Private-1,e701ad20-ab9c-11f0-bdec-9ba129dde21b,80.43479,,,7.44091,,,,,,,1281aa50-c58b-434b-a235-220b35bf6a67,2025-10-17,21:04:42.14,2025-10-17T14:04:42.1492736-07:00,2025-10-17T21:04:42.1492736Z,,v3,POM_PIT,POM_PIT,,"Lee, Sammy",1000276388,Right,POM_COL,95fb33c4-20e5-4cb2-a2c6-e034b699cef1,55.13651,-120.1212,11.70885,5.60839,1.62367,-9.94179,-1.77326,4.09306,-5.08927,,,,,,,,,,,,,,,,,,,,,,,,,,,,,,,,,,,,,,,,,,,,,,,,,,,High,High,High,,,,,
30,2025-10-17,14:04:56.14,3,2,"Orens, Devran",1000248914,Right,POM_COL,"Dillehay, Drew",1000091533,Right,POM_COL,Undefined,1,Bottom,1,1,0,Fastball,Changeup,HitByPitch,Undefined,Undefined,Undefined,0,0,,82.23779,-1.546309,-1.326356,2024.587203,235.636037,1:45,5.79457,1.55143,5.22876,-29.54864,12.97772,16.91757,1.87783,1.71416,75.13749,-6.987706,1.675253,0.469354,,,,,,,,,,,,-9.02634,7.33705,-1.44299,50,5.63027,2.08182,-119.30304,-4.21939,-12.93926,24.10684,-21.65641,POM_COL,POM_COL,PomonaPitzer,TeamExclusive,Team,20251017-PomonaPitzer-Private-1,ef72ee60-ab9c-11f0-bdec-9ba129dde21b,80.30705,,,7.1003,,,,,,,1281aa50-c58b-434b-a235-220b35bf6a67,2025-10-17,21:04:56.14,2025-10-17T14:04:56.1448960-07:00,2025-10-17T21:04:56.1448960Z,,v3,POM_PIT,POM_PIT,,"Lee, Sammy",1000276388,Right,POM_COL,3a525bb7-93dc-4706-bda6-32041720f986,55.27223,-120.36365,12.05342,5.79495,-3.26659,-10.82821,-1.5471,2.6511,-6.46963,,,,,,,,,,,,,,,,,,,,,,,,,,,,,,,,,,,,,,,,,,,,,,,,,,,High,High,High,,,,,
31,2025-10-17,14:05:49.09,4,1,"Orens, Devran",1000248914,Right,POM_COL,"Nahabedian, George",1000214430,Right,POM_COL,Undefined,1,Bottom,1,0,0,Slider,Curveball,BallinDirt,Undefined,Undefined,Undefined,0,0,,70.62482,0.757148,-3.144967,2718.73711,52.413665,7:45,5.42232,1.91948,5.03328,-69.48082,-10.39402,-16.228,0.34772,-2.40299,64.55857,-11.719929,-6.011299,0.553244,,,,,,,,,,,,6.96729,-4.77299,-1.60524,50,5.43933,6.22052,-102.20738,-0.91917,7.21206,20.21182,-37.11473,POM_COL,POM_COL,PomonaPitzer,TeamExclusive,Team,20251017-PomonaPitzer-Private-1,0efb70e0-ab9d-11f0-bdec-9ba129dde21b,68.12986,,,6.06625,,,,,,,1281aa50-c58b-434b-a235-220b35bf6a67,2025-10-17,21:05:49.09,2025-10-17T14:05:49.0969088-07:00,2025-10-17T21:05:49.0969088Z,,v3,POM_PIT,POM_PIT,,"Lee, Sammy",1000276388,Right,POM_COL,7ba87769-8ea4-4395-a998-8e31d1d10984,55.46744,-103.28292,10.10591,5.43569,1.05584,-18.55737,-1.92605,5.83674,3.60603,,,,,,,,,,,,,,,,,,,,,,,,,,,,,,,,,,,,,,,,,,,,,,,,,,,High,High,High,,,,,
32,2025-10-17,14:06:21.89,4,2,"Orens, Devran",1000248914,Right,POM_COL,"Nahabedian, George",1000214430,Right,POM_COL,Undefined,1,Bottom,1,1,0,Fastball,Changeup,FoulBallNotFieldable,Undefined,Undefined,Undefined,0,0,,82.84885,-0.778362,-3.151051,2067.578781,231.056071,1:45,5.98975,1.57701,5.32075,-26.79895,15.22446,17.02245,3.0249,0.03547,75.09375,-5.768269,-0.132389,0.46657,,,,,,,,,,,,-9.39512,8.28284,-1.30398,50,5.90032,5.86649,-119.95875,-2.50882,-13.58144,24.92464,-20.20051,POM_COL,POM_COL,PomonaPitzer,TeamExclusive,Team,20251017-PomonaPitzer-Private-1,227a4920-ab9d-11f0-bdec-9ba129dde21b,80.78621,,,7.7551,,,,,,,1281aa50-c58b-434b-a235-220b35bf6a67,2025-10-17,21:06:21.89,2025-10-17T14:06:21.8930176-07:00,2025-10-17T21:06:21.8930176Z,,v3,POM_PIT,POM_PIT,,"Lee, Sammy",1000276388,Right,POM_COL,36d9b318-348f-429c-817c-ae50562503b1,55.17489,-121.02919,12.46232,5.98944,-1.64127,-10.10026,-1.56845,6.44977,-6.79072,,,,,,,,,,,,,,,,,,,,,,,,,,,,,,,,,,,,,,,,,,,,,,,,,,,High,High,High,,,,,
33,2025-10-17,14:06:47.74,4,3,"Orens, Devran",1000248914,Right,POM_COL,"Nahabedian, George",1000214430,Right,POM_COL,Undefined,1,Bottom,1,1,1,Fastball,Changeup,BallCalled,Undefined,Undefined,Undefined,0,0,,82.54203,-1.03536,-5.526023,2019.338709,230.069187,1:45,5.90977,1.30234,5.34181,-27.04584,15.57804,16.77737,2.68006,-2.49952,74.61322,-6.070966,-2.564919,0.469892,,,,,,,,,,,,-9.99544,8.55682,-0.8148,50,5.79712,10.79793,-119.11275,-3.03646,-14.23116,24.79717,-19.99114,POM_COL,POM_COL,PomonaPitzer,TeamExclusive,Team,20251017-PomonaPitzer-Private-1,31e7b7d0-ab9d-11f0-bdec-9ba129dde21b,80.21514,,,7.92881,,,,,,,1281aa50-c58b-434b-a235-220b35bf6a67,2025-10-17,21:06:47.74,2025-10-17T14:06:47.7493760-07:00,2025-10-17T21:06:47.7493760Z,,v3,POM_PIT,POM_PIT,,"Lee, Sammy",1000276388,Right,POM_COL,cb734f6e-626e-4e9a-8b64-3a68de5551d9,55.15329,-120.18078,12.39859,5.90936,-2.17542,-9.99557,-1.29308,11.41088,-7.11558,,,,,,,,,,,,,,,,,,,,,,,,,,,,,,,,,,,,,,,,,,,,,,,,,,,High,High,High,,,,,
34,2025-10-17,14:07:04.47,4,4,"Orens, Devran",1000248914,Right,POM_COL,"Nahabedian, George",1000214430,Right,POM_COL,Undefined,1,Bottom,1,2,1,Fastball,Changeup,FoulBallNotFieldable,Undefined,Undefined,Undefined,0,0,,83.20233,-0.829216,-3.65217,2031.276387,219.578658,1:15,5.69221,1.49507,5.22436,-24.07037,17.6432,13.41513,2.90514,-0.82517,75.61401,-5.318745,-1.280554,0.464847,82.12134,46.643314,48.458434,,65.09039,102.45723,88.67479,238.07608,100.19125,57.898651,5.416619,-7.77201,9.46457,-1.16848,50,5.59817,7.11532,-120.4501,-2.52886,-11.36538,24.40447,-18.33359,POM_COL,POM_COL,PomonaPitzer,TeamExclusive,Team,20251017-PomonaPitzer-Private-1,3bf718b0-ab9d-11f0-bdec-9ba129dde21b,81.08568,109.58835,,7.58832,,,,1.91077,4.80619,1.1415,1281aa50-c58b-434b-a235-220b35bf6a67,2025-10-17,21:07:04.47,2025-10-17T14:07:04.4792320-07:00,2025-10-17T21:07:04.4792320Z,FlyBall,v3,POM_PIT,POM_PIT,,"Lee, Sammy",1000276388,Right,POM_COL,cbec53ab-f049-4e7f-8d0e-d925f6136929,55.27308,-121.51378,12.20223,5.69097,-1.72978,-9.16679,-1.4894,7.61069,-5.68269,,1.91439,54.75505,-17.89843,4.96477,-0.81715,0.02472,0.01894,-0.00333,0.00017,4.80178,87.65281,-21.13217,1.47944,-0.15711,-0.01094,0.0125,-0.00246,0.00015,1.14396,61.83931,-11.71215,2.60967,-0.30994,-0.02127,0.01396,-0.00186,9E-05,,,,,,,,,,,,,,,,,,,,,,,High,High,High,Medium,Low,,,
35,2025-10-17,14:07:38.16,4,5,"Orens, Devran",1000248914,Right,POM_COL,"Nahabedian, George",1000214430,Right,POM_COL,Undefined,1,Bottom,1,2,2,Splitter,Changeup,BallCalled,Undefined,Undefined,Undefined,0,0,,72.70807,0.67311,-4.413646,1320.670074,268.127795,3:00,5.35628,1.89697,4.92943,-54.10074,2.51095,7.03985,1.48608,-1.69677,65.14127,-9.171353,-3.176648,0.541532,,,,,,,,,,,,-4.99567,1.76965,-1.47249,50,5.37826,7.80427,-104.81055,-0.57203,-5.4077,22.15048,-30.25843,POM_COL,POM_COL,PomonaPitzer,TeamExclusive,Team,20251017-PomonaPitzer-Private-1,4ff5a840-ab9d-11f0-bdec-9ba129dde21b,69.60329,,,7.5668,,,,,,,1281aa50-c58b-434b-a235-220b35bf6a67,2025-10-17,21:07:38.16,2025-10-17T14:07:38.1644800-07:00,2025-10-17T21:07:38.1644800Z,,v3,POM_PIT,POM_PIT,,"Lee, Sammy",1000276388,Right,POM_COL,b1be9330-ccaf-44b2-b49b-383dd556a87b,55.56237,-105.97957,11.07524,5.36631,1.0249,-15.12922,-1.8919,8.08967,-2.70385,,,,,,,,,,,,,,,,,,,,,,,,,,,,,,,,,,,,,,,,,,,,,,,,,,,High,High,High,,,,,
36,2025-10-17,14:08:07.52,4,6,"Orens, Devran",1000248914,Right,POM_COL,"Nahabedian, George",1000214430,Right,POM_COL,Undefined,1,Bottom,1,3,2,Fastball,Changeup,BallCalled,Walk,Undefined,Undefined,0,0,,82.68382,0.473059,-2.416405,1972.914374,232.837521,1:45,5.80042,1.51945,5.23193,-28.2499,13.76828,16.3617,3.89134,0.61016,75.32466,-4.759784,0.481821,0.466541,,,,,,,,,,,,-8.75563,7.14902,-1.30916,50,5.82335,4.34182,-119.86113,0.03647,-12.72116,23.44436,-21.78718,POM_COL,POM_COL,PomonaPitzer,TeamExclusive,Team,20251017-PomonaPitzer-Private-1,61726ef0-ab9d-11f0-bdec-9ba129dde21b,80.79126,,,7.35916,,,,,,,1281aa50-c58b-434b-a235-220b35bf6a67,2025-10-17,21:08:07.52,2025-10-17T14:08:07.5211264-07:00,2025-10-17T21:08:07.5211264Z,,v3,POM_PIT,POM_PIT,,"Lee, Sammy",1000276388,Right,POM_COL,aaeff9ed-7228-40da-bf2c-c21ca7516700,55.26403,-120.88637,11.72218,5.80093,0.98924,-10.89359,-1.51119,4.89813,-6.36058,,,,,,,,,,,,,,,,,,,,,,,,,,,,,,,,,,,,,,,,,,,,,,,,,,,High,High,High,,,,,
37,2025-10-17,14:08:35.07,5,1,"Orens, Devran",1000248914,Right,POM_COL,"Green, Mason",10147543,Right,POM_COL,Undefined,1,Bottom,1,0,0,Fastball,Changeup,StrikeCalled,Undefined,Undefined,Undefined,0,0,,83.55294,-0.932149,-4.340781,2055.132787,232.364405,1:45,5.59078,2.13889,5.35634,-28.04966,12.73221,14.89339,2.37652,-0.69869,76.79912,-6.100287,-1.703609,0.459626,,,,,,,,,,,,-8.55552,7.01465,-1.75879,50,5.48692,8.55172,-121.02161,-2.92666,-12.77781,22.06238,-21.69758,POM_COL,POM_COL,PomonaPitzer,TeamExclusive,Team,20251017-PomonaPitzer-Private-1,71d90ab0-ab9d-11f0-bdec-9ba129dde21b,82.0067,,,6.75382,,,,,,,1281aa50-c58b-434b-a235-220b35bf6a67,2025-10-17,21:08:35.07,2025-10-17T14:08:35.0723072-07:00,2025-10-17T21:08:35.0723072Z,,v3,POM_PIT,POM_PIT,,"Lee, Sammy",1000276388,Right,POM_COL,84b96f96-8208-4586-a0fe-d73a0df046ea,55.14188,-121.95538,11.03119,5.59136,-2.00833,-10.84879,-2.13218,9.09253,-6.38891,,,,,,,,,,,,,,,,,,,,,,,,,,,,,,,,,,,,,,,,,,,,,,,,,,,High,High,High,,,,,
38,2025-10-17,14:08:50.58,5,2,"Orens, Devran",1000248914,Right,POM_COL,"Green, Mason",10147543,Right,POM_COL,Undefined,1,Bottom,1,0,1,Slider,Curveball,BallCalled,Undefined,Undefined,Undefined,0,0,,72.26362,1.25187,-4.015175,2693.300892,66.830164,8:15,5.37099,2.10536,5.06178,-59.98157,-4.49248,-14.40993,1.5561,-2.88785,66.82823,-9.525951,-6.550882,0.536136,,,,,,,,,,,,5.99402,-2.01929,-1.71143,50,5.44284,7.89045,-104.63925,0.30554,6.63465,17.93296,-34.40916,POM_COL,POM_COL,PomonaPitzer,TeamExclusive,Team,20251017-PomonaPitzer-Private-1,7b2801c0-ab9d-11f0-bdec-9ba129dde21b,70.30386,,,5.43539,,,,,,,1281aa50-c58b-434b-a235-220b35bf6a67,2025-10-17,21:08:50.58,2025-10-17T14:08:50.5862144-07:00,2025-10-17T21:08:50.5862144Z,,v3,POM_PIT,POM_PIT,,"Lee, Sammy",1000276388,Right,POM_COL,49c78d7d-e94b-497c-9891-668851d4e98f,55.4389,-105.56724,8.96648,5.38095,2.08615,-17.20458,-2.11086,7.54711,3.31733,,,,,,,,,,,,,,,,,,,,,,,,,,,,,,,,,,,,,,,,,,,,,,,,,,,High,High,High,,,,,
39,2025-10-17,14:09:10.09,5,3,"Orens, Devran",1000248914,Right,POM_COL,"Green, Mason",10147543,Right,POM_COL,Undefined,1,Bottom,1,1,1,Fastball,Changeup,InPlay,Undefined,GroundBall,Out,1,0,,83.28981,0.484737,-3.270173,2129.081137,233.799009,1:45,5.58674,1.79709,5.43993,-29.70269,11.6291,13.96694,3.56615,-0.10441,75.53183,-5.030513,-0.789492,0.462715,67.67003,-56.804133,4.610453,,,,,3.78833,3.78833,3.48756,0.042004,-8.0267,6.11087,-1.5177,50,5.60944,6.3125,-120.66189,0.03325,-11.74786,25.06634,-23.23016,POM_COL,POM_COL,PomonaPitzer,TeamExclusive,Team,20251017-PomonaPitzer-Private-1,86d35f60-ab9d-11f0-bdec-9ba129dde21b,81.45934,3.50782,,7.75798,,,,1.49364,3.50782,0.04597,1281aa50-c58b-434b-a235-220b35bf6a67,2025-10-17,21:09:10.09,2025-10-17T14:09:10.0905984-07:00,2025-10-17T21:09:10.0905984Z,GroundBall,v3,POM_PIT,POM_PIT,,"Lee, Sammy",1000276388,Right,POM_COL,9e3a52f0-ad87-4d7d-bd39-2515c796eab0,55.05799,-121.7081,12.53317,5.58782,1.00282,-11.61508,-1.7914,6.80283,-5.87393,180,1.49161,54.46374,,,,,,,,3.51094,-83.51264,,,,,,,,0.04581,4.39205,,,,,,,,,,,,,,,,,,,,,,,,,,,,,,High,High,High,Medium,High,,,
40,2025-10-17,14:09:44.41,6,1,"Orens, Devran",1000248914,Right,POM_COL,"Winthrop, Nolan",1000159423,Left,POM_COL,Undefined,1,Bottom,2,0,0,Fastball,Changeup,StrikeSwinging,Undefined,Undefined,Undefined,0,0,,83.21128,-0.707954,-3.091675,2055.005945,238.097654,2:00,5.51916,2.01638,5.34166,-30.62474,11.04079,15.38816,2.30198,0.39566,75.42717,-6.373109,-0.360854,0.464579,,,,,,,,,,,,-8.59894,6.18819,-1.74863,50,5.43374,5.84277,-120.48873,-2.53555,-12.52338,25.44298,-23.16168,POM_COL,POM_COL,PomonaPitzer,TeamExclusive,Team,20251017-PomonaPitzer-Private-1,9b303b90-ab9d-11f0-bdec-9ba129dde21b,81.13239,,,7.78412,,,,,,,1281aa50-c58b-434b-a235-220b35bf6a67,2025-10-17,21:09:44.41,2025-10-17T14:09:44.4106752-07:00,2025-10-17T21:09:44.4106752Z,,v3,POM_PIT,POM_PIT,,"Lee, Sammy",1000276388,Right,POM_COL,a70103eb-03f4-4c17-bbef-e7f4612ec0e9,55.15429,-121.57226,12.72149,5.52072,-1.54917,-11.58084,-2.00881,6.3761,-6.26169,,,,,,,,,,,,,,,,,,,,,,,,,,,,,,,,,,,,,,,,,,,,,,,,,,,High,High,High,,,,,
41,2025-10-17,14:09:59.13,6,2,"Orens, Devran",1000248914,Right,POM_COL,"Winthrop, Nolan",1000159423,Left,POM_COL,Undefined,1,Bottom,2,0,1,Fastball,Changeup,InPlay,Undefined,GroundBall,Out,1,0,,82.86852,-0.191248,-3.404275,2088.652616,226.624762,1:30,5.54223,1.77036,5.33512,-26.45029,15.71501,15.02328,3.15829,-0.17533,74.73806,-5.136225,-0.7415,0.467357,94.68064,8.979586,-31.027724,3104.769839,,,,114.54292,108.88764,-32.241765,0.925886,-8.62272,8.37016,-1.4741,50,5.50651,6.50112,-119.93719,-1.2559,-12.39773,25.99528,-20.13948,POM_COL,POM_COL,PomonaPitzer,TeamExclusive,Team,20251017-PomonaPitzer-Private-1,a40f80e0-ab9d-11f0-bdec-9ba129dde21b,80.65017,7.16163,,8.13045,,,,2.13505,3.10777,0.22538,1281aa50-c58b-434b-a235-220b35bf6a67,2025-10-17,21:09:59.13,2025-10-17T14:09:59.1357952-07:00,2025-10-17T21:09:59.1357952Z,LineDrive,v3,POM_PIT,POM_PIT,,"Lee, Sammy",1000276388,Right,POM_COL,ed645d9f-a0cd-4cd2-8c00-717318a894bb,55.16179,-121.05079,12.99764,5.54183,-0.39315,-10.06974,-1.76398,7.03222,-6.19887,,2.13505,117.53726,-19.41769,3.98983,-1.00551,0.25292,-0.06615,0.01481,-0.00196,3.10777,21.67436,-30.62683,4.78757,-1.21404,0.3119,-0.07872,0.01744,-0.00226,0.22538,-70.70094,5.88777,-1.42213,0.35152,-0.08963,0.02304,-0.00527,0.00072,,,,,,,,,,,,,,,,,,,,,,,High,High,High,High,High,,,
42,2025-10-17,14:12:29.49,1,1,"Saltzgaber, Devin",1000335054,Left,POM_COL,"Ruyle, Brody",10183257,Right,POM_COL,Undefined,2,Top,0,0,0,Curveball,Curveball,BallCalled,Undefined,Undefined,Undefined,0,0,,70.03157,4.143952,-0.081039,1759.696369,0.357487,6:00,5.79509,-1.29338,4.4831,-63.43078,-2.9437,-0.03055,4.46556,-1.37316,63.86273,-7.248491,-0.086373,0.559761,,,,,,,,,,,,-0.00835,-1.93854,1.30193,50,6.17067,0.14445,-101.26226,5.14767,-0.00866,16.8761,-34.18245,POM_COL,POM_COL,PomonaPitzer,TeamExclusive,Team,20251017-PomonaPitzer-Private-1,fda24250-ab9d-11f0-bdec-9ba129dde21b,67.33666,,,6.16884,,,,,,,1281aa50-c58b-434b-a235-220b35bf6a67,2025-10-17,21:12:29.49,2025-10-17T14:12:29.4920192-07:00,2025-10-17T21:12:29.4920192Z,,v3,POM_PIT,POM_PIT,,"Savas, Peter",1000276389,Right,POM_COL,c02809d9-2512-4cd1-9c91-a6545f202737,56.01501,-102.2598,8.43805,5.80668,7.16817,-17.09123,1.29338,0.14496,-0.00433,,,,,,,,,,,,,,,,,,,,,,,,,,,,,,,,,,,,,,,,,,,,,,,,,,,High,High,High,,,,,
43,2025-10-17,14:12:43.18,1,2,"Saltzgaber, Devin",1000335054,Left,POM_COL,"Ruyle, Brody",10183257,Right,POM_COL,Undefined,2,Top,0,1,0,ChangeUp,Changeup,BallCalled,Undefined,Undefined,Undefined,0,0,,75.11479,-1.671116,3.708579,1686.910338,116.644148,10:00,5.76527,-1.111,5.0464,-39.29179,12.53725,-21.27808,0.91095,0.61878,68.35876,-8.85439,-0.04836,0.518153,,,,,,,,,,,,11.67213,7.2767,0.7749,50,5.57489,-6.19626,-108.62148,-4.44725,13.80577,20.80098,-23.5672,POM_COL,POM_COL,PomonaPitzer,TeamExclusive,Team,20251017-PomonaPitzer-Private-1,05dc6e00-ab9e-11f0-bdec-9ba129dde21b,72.74386,,,6.75603,,,,,,,1281aa50-c58b-434b-a235-220b35bf6a67,2025-10-17,21:12:43.18,2025-10-17T14:12:43.1863808-07:00,2025-10-17T21:12:43.1863808Z,,v3,POM_PIT,POM_PIT,,"Savas, Peter",1000276389,Right,POM_COL,2b7b174b-5ea3-4052-a733-20f7f597a989,55.45084,-109.66034,10.40049,5.76761,-3.27024,-11.7836,1.10158,-6.88576,6.90289,,,,,,,,,,,,,,,,,,,,,,,,,,,,,,,,,,,,,,,,,,,,,,,,,,,High,High,High,,,,,
44,2025-10-17,14:12:58.21,1,3,"Saltzgaber, Devin",1000335054,Left,POM_COL,"Ruyle, Brody",10183257,Right,POM_COL,Undefined,2,Top,0,2,0,Fastball,Changeup,BallCalled,Undefined,Undefined,Undefined,0,0,,83.05336,-4.155755,1.542172,2094.6987,157.412443,11:15,5.87075,-0.89905,4.75792,-19.74304,23.48245,-9.07095,0.27637,-0.19221,74.8261,-7.853283,-0.05209,0.473196,,,,,,,,,,,,4.95244,13.35528,0.75278,50,5.437,-2.81612,-119.84072,-9.33543,7.08051,26.81141,-13.08002,POM_COL,POM_COL,PomonaPitzer,TeamExclusive,Team,20251017-PomonaPitzer-Private-1,0ecfb080-ab9e-11f0-bdec-9ba129dde21b,79.65498,,,8.22726,,,,,,,1281aa50-c58b-434b-a235-220b35bf6a67,2025-10-17,21:12:58.21,2025-10-17T14:12:58.2129664-07:00,2025-10-17T21:12:58.2129664Z,,v3,POM_PIT,POM_PIT,,"Savas, Peter",1000276389,Right,POM_COL,03775c30-8ba1-41ec-a5b2-b88b4748e157,55.73668,-121.11736,13.40571,5.86669,-8.71262,-6.54001,0.8949,-3.15326,3.54026,,,,,,,,,,,,,,,,,,,,,,,,,,,,,,,,,,,,,,,,,,,,,,,,,,,High,High,High,,,,,
45,2025-10-17,14:13:10.27,1,4,"Saltzgaber, Devin",1000335054,Left,POM_COL,"Ruyle, Brody",10183257,Right,POM_COL,Undefined,2,Top,0,3,0,Fastball,Splitter,StrikeCalled,Undefined,Undefined,Undefined,0,0,,82.61276,-1.208504,1.441651,2124.47047,146.416789,11:00,5.84688,-1.02172,4.89888,-20.94072,22.2947,-13.72438,2.95827,-0.8016,74.23785,-5.159526,-0.976117,0.473251,,,,,,,,,,,,7.16721,11.80788,0.89255,50,5.71215,-2.38398,-119.51193,-3.17192,10.19773,26.52084,-15.37338,POM_COL,POM_COL,PomonaPitzer,TeamExclusive,Team,20251017-PomonaPitzer-Private-1,15e1afe0-ab9e-11f0-bdec-9ba129dde21b,79.64582,,,8.37492,,,,,,,1281aa50-c58b-434b-a235-220b35bf6a67,2025-10-17,21:13:10.27,2025-10-17T14:13:10.2783488-07:00,2025-10-17T21:13:10.2783488Z,,v3,POM_PIT,POM_PIT,,"Savas, Peter",1000276389,Right,POM_COL,a98e4b37-24de-4e0b-815c-1c209381cab2,55.5942,-120.74695,13.26042,5.84319,-2.45601,-7.68669,1.01462,-2.85887,5.09886,,,,,,,,,,,,,,,,,,,,,,,,,,,,,,,,,,,,,,,,,,,,,,,,,,,High,High,High,,,,,
46,2025-10-17,14:13:23.11,1,5,"Saltzgaber, Devin",1000335054,Left,POM_COL,"Ruyle, Brody",10183257,Right,POM_COL,Undefined,2,Top,0,3,1,Fastball,Changeup,BallCalled,Walk,Undefined,Undefined,0,0,,83.29729,-0.14298,1.804891,1956.398709,129.98968,10:15,5.86503,-0.92661,4.80095,-24.6945,17.75548,-19.36647,3.67161,-0.82975,75.19564,-4.734436,-1.600194,0.468932,,,,,,,,,,,,10.01166,9.18878,0.76444,50,5.83038,-2.91274,-120.59691,-1.15002,14.57856,25.91083,-18.79375,POM_COL,POM_COL,PomonaPitzer,TeamExclusive,Team,20251017-PomonaPitzer-Private-1,1d880000-ab9e-11f0-bdec-9ba129dde21b,80.37928,,,8.10165,,,,,,,1281aa50-c58b-434b-a235-220b35bf6a67,2025-10-17,21:13:23.11,2025-10-17T14:13:23.1143424-07:00,2025-10-17T21:13:23.1143424Z,,v3,POM_PIT,POM_PIT,,"Savas, Peter",1000276389,Right,POM_COL,e7e90aec-c53d-4cbd-b0a2-e3a665f4bd9a,55.69458,-121.81427,12.95541,5.86367,-0.26703,-9.39688,0.91738,-3.59768,7.28928,,,,,,,,,,,,,,,,,,,,,,,,,,,,,,,,,,,,,,,,,,,,,,,,,,,High,High,High,,,,,
47,2025-10-17,14:13:53.47,2,1,"Saltzgaber, Devin",1000335054,Left,POM_COL,"Gonzaga, Kai",10138924,Left,POM_COL,Undefined,2,Top,0,0,0,Fastball,Changeup,BallCalled,Undefined,Undefined,Undefined,0,0,,83.61372,-2.358258,3.066335,1862.793424,165.112788,11:30,5.80216,-0.72074,5.00684,-18.51158,23.57537,-5.84851,2.02906,1.68904,75.31995,-5.86726,2.036158,0.466923,,,,,,,,,,,,3.83906,12.82174,0.431,50,5.56137,-6.20465,-120.78988,-5.52843,5.59394,26.54404,-13.49132,POM_COL,POM_COL,PomonaPitzer,TeamExclusive,Team,20251017-PomonaPitzer-Private-1,2fa72130-ab9e-11f0-bdec-9ba129dde21b,80.72519,,,8.29377,,,,,,,1281aa50-c58b-434b-a235-220b35bf6a67,2025-10-17,21:13:53.47,2025-10-17T14:13:53.4721024-07:00,2025-10-17T21:13:53.4721024Z,,v3,POM_PIT,POM_PIT,,"Savas, Peter",1000276389,Right,POM_COL,7d377cf4-fe86-48d7-a687-af8596d6882e,55.48589,-121.98947,13.27202,5.79744,-4.91872,-6.74566,0.71712,-6.45745,2.79697,,,,,,,,,,,,,,,,,,,,,,,,,,,,,,,,,,,,,,,,,,,,,,,,,,,High,High,High,,,,,
48,2025-10-17,14:14:25.50,2,2,"Saltzgaber, Devin",1000335054,Left,POM_COL,"Gonzaga, Kai",10138924,Left,POM_COL,Undefined,2,Top,0,1,0,Curveball,Curveball,BallCalled,Undefined,Undefined,Undefined,0,0,,72.49023,2.938203,0.940826,1765.800463,293.918791,3:45,5.65314,-1.10066,4.64503,-59.78098,-3.2304,11.74674,3.46622,0.77233,65.69626,-7.84713,3.000008,0.54124,,,,,,,,,,,,-5.35323,-1.77402,0.99329,50,5.90015,-2.20676,-104.83808,3.27578,-5.88223,19.82561,-34.12338,POM_COL,POM_COL,PomonaPitzer,TeamExclusive,Team,20251017-PomonaPitzer-Private-1,42c16b40-ab9e-11f0-bdec-9ba129dde21b,69.64088,,,6.79397,,,,,,,1281aa50-c58b-434b-a235-220b35bf6a67,2025-10-17,21:14:25.50,2025-10-17T14:14:25.5025152-07:00,2025-10-17T21:14:25.5025152Z,,v3,POM_PIT,POM_PIT,,"Savas, Peter",1000276389,Right,POM_COL,10ed195e-c58a-41cb-923c-5887b7982293,55.85134,-105.93883,9.91281,5.66568,5.17037,-17.06169,1.10675,-1.88017,-2.94111,,,,,,,,,,,,,,,,,,,,,,,,,,,,,,,,,,,,,,,,,,,,,,,,,,,High,High,High,,,,,
49,2025-10-17,14:14:42.39,2,3,"Saltzgaber, Devin",1000335054,Left,POM_COL,"Gonzaga, Kai",10138924,Left,POM_COL,Undefined,2,Top,0,2,0,Fastball,Changeup,StrikeCalled,Undefined,Undefined,Undefined,0,0,,82.94253,-2.233303,1.887136,1786.118394,150.411668,11:00,5.75745,-0.93403,4.90299,-23.16052,19.35722,-10.15209,1.71307,0.00534,75.40285,-6.53159,0.098422,0.469306,,,,,,,,,,,,5.54162,10.63205,0.75829,50,5.52026,-3.50128,-120.05281,-5.45737,8.03857,24.55732,-16.75132,POM_COL,POM_COL,PomonaPitzer,TeamExclusive,Team,20251017-PomonaPitzer-Private-1,4cc75640-ab9e-11f0-bdec-9ba129dde21b,80.31521,,,7.53968,,,,,,,1281aa50-c58b-434b-a235-220b35bf6a67,2025-10-17,21:14:42.39,2025-10-17T14:14:42.3910000-07:00,2025-10-17T21:14:42.3910000Z,,v3,POM_PIT,POM_PIT,,"Savas, Peter",1000276389,Right,POM_COL,89c7dcbf-1546-40a4-b27c-d8ff16b51149,55.59233,-121.19135,12.27866,5.75528,-4.68074,-8.37566,0.92926,-3.87397,4.01928,,,,,,,,,,,,,,,,,,,,,,,,,,,,,75.04779,1.626035,0.746445,0.87959,-0.60398,1.47837,-0.00764,-4.22675,3.91524,4.48509,62.94207,0.87649,61.83589,-4.18252,85.98953,-11.07206,3.9447,10.48085,-15.93056,4.47886,67.03339,-2.06455,High,High,High,,,High,High,High
50,2025-10-17,14:15:10.64,2,4,"Saltzgaber, Devin",1000335054,Left,POM_COL,"Gonzaga, Kai",10138924,Left,POM_COL,Undefined,2,Top,0,2,1,ChangeUp,Changeup,FoulBallNotFieldable,Undefined,Undefined,Undefined,0,0,,76.3552,-0.298423,2.751279,1748.016415,139.200944,10:45,5.73245,-0.98388,5.02061,-33.67372,16.20812,-12.52284,2.64436,0.57089,69.50365,-6.502051,0.542101,0.508325,,,,,,,,,,,,7.0426,8.61292,0.73098,50,5.6774,-4.81529,-110.58843,-1.65824,8.67117,20.7843,-21.56942,POM_COL,POM_COL,PomonaPitzer,TeamExclusive,Team,20251017-PomonaPitzer-Private-1,5dbdaee0-ab9e-11f0-bdec-9ba129dde21b,74.15008,,,6.85155,,,,,,,1281aa50-c58b-434b-a235-220b35bf6a67,2025-10-17,21:15:10.64,2025-10-17T14:15:10.6462208-07:00,2025-10-17T21:15:10.6462208Z,,v3,POM_PIT,POM_PIT,,"Savas, Peter",1000276389,Right,POM_COL,412a919e-05b7-45d4-a5af-d2749776d5ba,55.4766,-111.61297,10.39215,5.73294,-0.595,-10.78471,0.97888,-5.24273,4.33559,,,,,,,,,,,,,,,,,,,,,,,,,,,,,,,,,,,,,,,,,,,,,,,,,,,High,High,High,,,,,
51,2025-10-17,14:15:37.82,2,5,"Saltzgaber, Devin",1000335054,Left,POM_COL,"Gonzaga, Kai",10138924,Left,POM_COL,Undefined,2,Top,0,2,2,ChangeUp,Changeup,InPlay,Undefined,GroundBall,Out,1,0,,76.58059,0.798603,2.684134,1694.515724,116.352204,10:00,5.79182,-1.06875,5.25547,-41.4349,7.48174,-11.93103,3.09014,0.46082,70.06465,-6.788637,0.569818,0.503384,65.94107,-33.50909,21.886591,,,,,5.97233,5.97233,11.954408,0.057023,6.74776,3.96103,0.83191,50,5.83449,-4.74256,-111.03509,0.1935,8.41266,20.13124,-27.23573,POM_COL,POM_COL,PomonaPitzer,TeamExclusive,Team,20251017-PomonaPitzer-Private-1,6df4fd40-ab9e-11f0-bdec-9ba129dde21b,74.87806,3.05989,,6.51594,,,,1.5545,3.05989,-0.48565,1281aa50-c58b-434b-a235-220b35bf6a67,2025-10-17,21:15:37.82,2025-10-17T14:15:37.8277888-07:00,2025-10-17T21:15:37.8277888Z,GroundBall,v3,POM_PIT,POM_PIT,,"Savas, Peter",1000276389,Right,POM_COL,0cd04dd4-d192-475d-b911-5339e095c3e0,55.24338,-111.98171,10.06562,5.79528,1.47419,-13.61786,1.06421,-5.13814,4.20633,180,1.55105,75.20363,,,,,,,,3.06236,-53.66106,,,,,,,,-0.48704,30.21122,,,,,,,,,,,,,,,,,,,,,,,,,,,,,,High,High,High,High,High,,,
52,2025-10-17,14:16:15.34,3,1,"Saltzgaber, Devin",1000335054,Left,POM_COL,"Hu, Landon",1000261921,Right,POM_COL,Undefined,2,Top,1,0,0,Fastball,Changeup,StrikeCalled,Undefined,Undefined,Undefined,0,0,,83.34818,-1.912268,2.393237,1887.425089,142.262146,10:45,5.71712,-1.01822,4.89773,-23.91497,17.81127,-12.75835,1.91327,0.1835,76.43202,-6.319866,0.146445,0.464917,,,,,,,,,,,,6.92418,9.69804,0.79504,50,5.51025,-4.48056,-120.77448,-4.86161,10.26297,22.75282,-17.7997,POM_COL,POM_COL,PomonaPitzer,TeamExclusive,Team,20251017-PomonaPitzer-Private-1,84300f50-ab9e-11f0-bdec-9ba129dde21b,81.0734,,,6.91616,,,,,,,1281aa50-c58b-434b-a235-220b35bf6a67,2025-10-17,21:16:15.34,2025-10-17T14:16:15.3406976-07:00,2025-10-17T21:16:15.3406976Z,,v3,POM_PIT,POM_PIT,,"Savas, Peter",1000276389,Right,POM_COL,b8e57e8e-dcbb-49bd-96a4-825950b82895,55.59973,-121.82485,11.37641,5.71572,-4.0399,-8.89985,1.01282,-4.95435,5.13149,,,,,,,,,,,,,,,,,,,,,,,,,,,,,,,,,,,,,,,,,,,,,,,,,,,High,High,High,,,,,
53,2025-10-17,14:16:30.41,3,2,"Saltzgaber, Devin",1000335054,Left,POM_COL,"Hu, Landon",1000261921,Right,POM_COL,Undefined,2,Top,1,0,1,ChangeUp,Changeup,FoulBallNotFieldable,Undefined,Undefined,Undefined,0,0,,75.75666,0.179494,3.048374,1690.029452,104.246634,9:30,5.75023,-1.141,4.93943,-44.99597,5.63658,-15.71426,2.17045,0.43323,69.41214,-7.984748,0.278497,0.512137,,,,,,,,,,,,8.71229,3.16106,0.85853,50,5.73038,-5.22971,-109.78089,-1.18426,10.60916,19.82886,-28.32473,POM_COL,POM_COL,PomonaPitzer,TeamExclusive,Team,20251017-PomonaPitzer-Private-1,8d488d10-ab9e-11f0-bdec-9ba129dde21b,73.59834,,,6.34452,,,,,,,1281aa50-c58b-434b-a235-220b35bf6a67,2025-10-17,21:16:30.41,2025-10-17T14:16:30.4192000-07:00,2025-10-17T21:16:30.4192000Z,,v3,POM_PIT,POM_PIT,,"Savas, Peter",1000276389,Right,POM_COL,5d40321b-36ed-4c1b-8101-13e74d2e8637,55.56071,-110.78072,9.91443,5.75409,0.24396,-14.16237,1.13571,-5.76466,5.30458,,,,,,,,,,,,,,,,,,,,,,,,,,,,,,,,,,,,,,,,,,,,,,,,,,,High,High,High,,,,,
54,2025-10-17,14:16:54.03,3,3,"Saltzgaber, Devin",1000335054,Left,POM_COL,"Hu, Landon",1000261921,Right,POM_COL,Undefined,2,Top,1,0,2,ChangeUp,Changeup,BallCalled,Undefined,Undefined,Undefined,0,0,,75.56221,-1.40469,1.200329,1804.285406,129.120374,10:15,5.72718,-1.0777,4.83999,-38.60254,13.09465,-13.75867,1.17973,-1.08757,68.48905,-8.457594,-1.224776,0.517494,,,,,,,,,,,,7.14347,7.45197,0.97139,50,5.55602,-1.72815,-109.35064,-3.96714,8.5203,21.9698,-23.28578,POM_COL,POM_COL,PomonaPitzer,TeamExclusive,Team,20251017-PomonaPitzer-Private-1,9b4b2120-ab9e-11f0-bdec-9ba129dde21b,72.83653,,,7.07316,,,,,,,1281aa50-c58b-434b-a235-220b35bf6a67,2025-10-17,21:16:54.03,2025-10-17T14:16:54.0356608-07:00,2025-10-17T21:16:54.0356608Z,,v3,POM_PIT,POM_PIT,,"Savas, Peter",1000276389,Right,POM_COL,90fc6ec0-d470-47fe-ab88-cc411fcd8418,55.65507,-110.48097,10.9849,5.72931,-2.7691,-11.64289,1.07158,-2.16652,4.26015,,,,,,,,,,,,,,,,,,,,,,,,,,,,,,,,,,,,,,,,,,,,,,,,,,,High,High,High,,,,,
55,2025-10-17,14:17:11.72,3,4,"Saltzgaber, Devin",1000335054,Left,POM_COL,"Hu, Landon",1000261921,Right,POM_COL,Undefined,2,Top,1,1,2,Fastball,Changeup,BallCalled,Undefined,Undefined,Undefined,0,0,,83.38539,-0.492225,2.956182,1790.937554,160.594038,11:15,5.81658,-0.9297,4.92807,-23.57194,18.99351,-6.11878,3.38633,1.35736,74.70846,-4.911199,1.879805,0.46957,,,,,,,,,,,,3.96736,9.96756,0.6469,50,5.7501,-5.9411,-120.48414,-1.80973,5.72434,27.43205,-17.79229,POM_COL,POM_COL,PomonaPitzer,TeamExclusive,Team,20251017-PomonaPitzer-Private-1,a5cc0880-ab9e-11f0-bdec-9ba129dde21b,80.27018,,,8.67693,,,,,,,1281aa50-c58b-434b-a235-220b35bf6a67,2025-10-17,21:17:11.72,2025-10-17T14:17:11.7213696-07:00,2025-10-17T21:17:11.7213696Z,,v3,POM_PIT,POM_PIT,,"Savas, Peter",1000276389,Right,POM_COL,10628eb3-9919-4185-8c8e-eb50a2ccffec,55.56387,-121.74434,13.71602,5.81446,-0.99238,-8.89615,0.92587,-6.20408,2.86217,,,,,,,,,,,,,,,,,,,,,,,,,,,,,,,,,,,,,,,,,,,,,,,,,,,High,High,High,,,,,
56,2025-10-17,14:17:25.65,3,5,"Saltzgaber, Devin",1000335054,Left,POM_COL,"Hu, Landon",1000261921,Right,POM_COL,Undefined,2,Top,1,2,2,ChangeUp,Changeup,BallinDirt,Undefined,Undefined,Undefined,0,0,,75.58238,-2.633066,2.515638,1717.940412,125.650433,10:15,5.78694,-1.07237,4.8237,-41.91404,9.89599,-11.13386,-0.2039,0.38396,68.79118,-10.221118,0.553476,0.518058,,,,,,,,,,,,6.31709,6.24701,0.83294,50,5.48984,-4.35246,-109.24722,-6.44723,7.52238,21.88231,-24.73511,POM_COL,POM_COL,PomonaPitzer,TeamExclusive,Team,20251017-PomonaPitzer-Private-1,ae3a8aa0-ab9e-11f0-bdec-9ba129dde21b,72.75721,,,6.7912,,,,,,,1281aa50-c58b-434b-a235-220b35bf6a67,2025-10-17,21:17:25.65,2025-10-17T14:17:25.6510464-07:00,2025-10-17T21:17:25.6510464Z,,v3,POM_PIT,POM_PIT,,"Savas, Peter",1000276389,Right,POM_COL,0189f8af-1dd8-4f52-8299-5c22ba42d24a,55.67311,-110.3777,10.94116,5.78991,-5.16937,-12.36756,1.06783,-4.74108,3.76119,,,,,,,,,,,,,,,,,,,,,,,,,,,,,,,,,,,,,,,,,,,,,,,,,,,High,High,High,,,,,
57,2025-10-17,14:18:10.70,3,6,"Saltzgaber, Devin",1000335054,Left,POM_COL,"Hu, Landon",1000261921,Right,POM_COL,Undefined,2,Top,1,3,2,ChangeUp,Changeup,StrikeSwinging,Strikeout,Undefined,Undefined,0,0,,76.72549,-0.879621,3.635181,1602.774689,99.753835,9:15,5.72248,-1.11809,5.06563,-45.36353,5.01362,-17.42485,1.11105,0.86205,68.84046,-9.170485,0.556089,0.510844,,,,,,,,,,,,9.84091,3.42606,0.78666,50,5.60368,-6.31351,-110.78744,-3.25217,11.91783,24.51236,-28.02492,POM_COL,POM_COL,PomonaPitzer,TeamExclusive,Team,20251017-PomonaPitzer-Private-1,c900f130-ab9e-11f0-bdec-9ba129dde21b,73.78466,,,7.88503,,,,,,,1281aa50-c58b-434b-a235-220b35bf6a67,2025-10-17,21:18:10.70,2025-10-17T14:18:10.7087872-07:00,2025-10-17T21:18:10.7087872Z,,v3,POM_PIT,POM_PIT,,"Savas, Peter",1000276389,Right,POM_COL,526ae3e9-0d32-4c20-85ec-9d136449d9f5,55.4284,-111.98207,12.25618,5.7289,-1.88636,-14.01246,1.10851,-6.89433,5.95891,,,,,,,,,,,,,,,,,,,,,,,,,,,,,,,,,,,,,,,,,,,,,,,,,,,High,High,High,,,,,
58,2025-10-17,14:18:37.40,4,1,"Saltzgaber, Devin",1000335054,Left,POM_COL,"Pierantoni, Greg",1000091552,Right,POM_COL,Undefined,2,Top,2,0,0,Curveball,Curveball,StrikeCalled,Undefined,Undefined,Undefined,0,0,,71.48332,2.999629,0.333578,1875.270127,340.174511,5:15,5.66215,-1.11252,4.57835,-62.19846,-3.50351,2.05547,3.33546,-0.62386,64.33524,-8.232207,0.693731,0.551406,,,,,,,,,,,,-0.8748,-1.93579,1.076,50,5.91552,-0.68571,-103.27917,3.23876,-0.92652,20.3184,-34.22426,POM_COL,POM_COL,PomonaPitzer,TeamExclusive,Team,20251017-PomonaPitzer-Private-1,d8e7ae90-ab9e-11f0-bdec-9ba129dde21b,68.35691,,,7.14808,,,,,,,1281aa50-c58b-434b-a235-220b35bf6a67,2025-10-17,21:18:37.40,2025-10-17T14:18:37.4072320-07:00,2025-10-17T21:18:37.4072320Z,,v3,POM_PIT,POM_PIT,,"Savas, Peter",1000276389,Right,POM_COL,1e13f3bf-87e8-4a26-a2fd-ba3d9691a3f0,55.91653,-104.43666,10.1592,5.67548,5.18844,-17.11213,1.11356,-0.63292,-0.46326,,,,,,,,,,,,,,,,,,,,,,,,,,,,,,,,,,,,,,,,,,,,,,,,,,,High,High,High,,,,,
59,2025-10-17,14:18:54.48,4,2,"Saltzgaber, Devin",1000335054,Left,POM_COL,"Pierantoni, Greg",1000091552,Right,POM_COL,Undefined,2,Top,2,0,1,ChangeUp,Changeup,StrikeCalled,Undefined,Undefined,Undefined,0,0,,76.08758,1.099328,3.505627,1736.505957,101.919485,9:30,5.68684,-1.15413,4.85997,-45.27392,5.93811,-19.01316,2.9566,0.58362,68.45031,-7.166066,0.163161,0.51506,,,,,,,,,,,,10.39323,3.16957,0.82501,50,5.75771,-5.9306,-109.93147,0.54186,12.49971,22.61444,-28.36206,POM_COL,POM_COL,PomonaPitzer,TeamExclusive,Team,20251017-PomonaPitzer-Private-1,e3134a00-ab9e-11f0-bdec-9ba129dde21b,73.18073,,,7.63727,,,,,,,1281aa50-c58b-434b-a235-220b35bf6a67,2025-10-17,21:18:54.48,2025-10-17T14:18:54.4879104-07:00,2025-10-17T21:18:54.4879104Z,,v3,POM_PIT,POM_PIT,,"Savas, Peter",1000276389,Right,POM_COL,1f47cff9-8f6a-42f4-a9b0-8519573aabab,55.63486,-111.08459,11.30722,5.69321,1.98805,-14.18103,1.14366,-6.56797,6.24986,,,,,,,,,,,,,,,,,,,,,,,,,,,,,,,,,,,,,,,,,,,,,,,,,,,High,High,High,,,,,
60,2025-10-17,14:19:27.75,4,3,"Saltzgaber, Devin",1000335054,Left,POM_COL,"Pierantoni, Greg",1000091552,Right,POM_COL,Undefined,2,Top,2,0,2,ChangeUp,Changeup,BallCalled,Undefined,Undefined,Undefined,0,0,,76.17044,-0.571109,0.15982,1726.2493,111.254102,9:45,5.80681,-1.15069,4.79534,-42.22766,8.61186,-17.46769,1.74662,-2.45489,69.17505,-8.248691,-2.916524,0.513183,,,,,,,,,,,,8.61819,4.95189,1.15076,50,5.71387,0.41533,-110.31598,-2.55729,10.47292,22.16409,-26.15644,POM_COL,POM_COL,PomonaPitzer,TeamExclusive,Team,20251017-PomonaPitzer-Private-1,f6e59970-ab9e-11f0-bdec-9ba129dde21b,73.44836,,,6.99539,,,,,,,1281aa50-c58b-434b-a235-220b35bf6a67,2025-10-17,21:19:27.75,2025-10-17T14:19:27.7519872-07:00,2025-10-17T21:19:27.7519872Z,,v3,POM_PIT,POM_PIT,,"Savas, Peter",1000276389,Right,POM_COL,72f87b57-e8eb-4d79-817b-5eed5c7621ba,55.70099,-111.45551,11.08204,5.81077,-1.2125,-13.07822,1.14325,-0.12312,5.23646,,,,,,,,,,,,,,,,,,,,,,,,,,,,,,,,,,,,,,,,,,,,,,,,,,,High,High,High,,,,,
61,2025-10-17,14:19:48.19,4,4,"Saltzgaber, Devin",1000335054,Left,POM_COL,"Pierantoni, Greg",1000091552,Right,POM_COL,Undefined,2,Top,2,1,2,Fastball,Changeup,FoulBallNotFieldable,Undefined,Undefined,Undefined,0,0,,82.99854,-1.587422,2.381409,2060.115121,140.113108,10:45,5.77635,-0.80207,4.95197,-24.70596,17.97249,-13.70615,2.21591,0.3072,74.87667,-6.1863,-0.034741,0.470192,,,,,,,,,,,,7.52469,9.83288,0.58301,50,5.60288,-4.38508,-120.0689,-4.15846,10.83156,26.27328,-18.01997,POM_COL,POM_COL,PomonaPitzer,TeamExclusive,Team,20251017-PomonaPitzer-Private-1,030c4190-ab9f-11f0-bdec-9ba129dde21b,80.16386,,,8.12188,,,,,,,1281aa50-c58b-434b-a235-220b35bf6a67,2025-10-17,21:19:48.19,2025-10-17T14:19:48.1984000-07:00,2025-10-17T21:19:48.1984000Z,,v3,POM_PIT,POM_PIT,,"Savas, Peter",1000276389,Right,POM_COL,a3c29d86-f67d-48f0-aac9-978e989eded1,55.54361,-121.27588,13.13664,5.7749,-3.33063,-9.00999,0.79589,-4.88268,5.41578,,,,,,,,,,,,,,,,,,,,,,,,,,,,,,,,,,,,,,,,,,,,,,,,,,,High,High,High,,,,,
62,2025-10-17,14:20:10.00,4,5,"Saltzgaber, Devin",1000335054,Left,POM_COL,"Pierantoni, Greg",1000091552,Right,POM_COL,Undefined,2,Top,2,1,2,Curveball,Curveball,BallCalled,Undefined,Undefined,Undefined,0,0,,71.23522,4.161614,-0.941377,1771.020587,342.277405,5:30,5.70617,-1.17357,4.52431,-66.84456,-8.61941,3.34012,4.10662,-1.79183,65.1751,-7.80961,-0.357348,0.549195,,,,,,,,,,,,-1.87272,-4.70953,1.26852,50,6.07778,1.55906,-103.06783,5.13575,-2.01391,17.17365,-37.23865,POM_COL,POM_COL,PomonaPitzer,TeamExclusive,Team,20251017-PomonaPitzer-Private-1,101a1560-ab9f-11f0-bdec-9ba129dde21b,68.63214,,,6.06013,,,,,,,1281aa50-c58b-434b-a235-220b35bf6a67,2025-10-17,21:20:10.00,2025-10-17T14:20:10.0079616-07:00,2025-10-17T21:20:10.0079616Z,,v3,POM_PIT,POM_PIT,,"Savas, Peter",1000276389,Right,POM_COL,050bff5a-bf45-4734-9c5c-7ecc4ea0a40a,55.97641,-104.05888,8.58682,5.7194,7.28471,-18.61933,1.1752,1.67528,-1.00695,,,,,,,,,,,,,,,,,,,,,,,,,,,,,,,,,,,,,,,,,,,,,,,,,,,High,High,High,,,,,
63,2025-10-17,14:20:30.13,4,6,"Saltzgaber, Devin",1000335054,Left,POM_COL,"Pierantoni, Greg",1000091552,Right,POM_COL,Undefined,2,Top,2,2,2,ChangeUp,Changeup,BallCalled,Undefined,Undefined,Undefined,0,0,,76.72502,-2.374656,2.048079,1856.593152,137.120997,10:30,5.7227,-1.14085,4.93723,-33.64455,16.41387,-13.50257,0.67189,-0.32951,69.4891,-8.554093,-0.334632,0.509225,,,,,,,,,,,,7.32839,9.41201,0.9535,50,5.46466,-3.4146,-110.94267,-5.69737,8.99534,22.65252,-20.62111,POM_COL,POM_COL,PomonaPitzer,TeamExclusive,Team,20251017-PomonaPitzer-Private-1,1c3ee8c0-ab9f-11f0-bdec-9ba129dde21b,74.01919,,,7.23591,,,,,,,1281aa50-c58b-434b-a235-220b35bf6a67,2025-10-17,21:20:30.13,2025-10-17T14:20:30.1328384-07:00,2025-10-17T21:20:30.1328384Z,,v3,POM_PIT,POM_PIT,,"Savas, Peter",1000276389,Right,POM_COL,40b89373-186c-4e14-a6cd-446dfdcc0403,55.55801,-112.07178,11.32626,5.72302,-4.66952,-10.31055,1.13488,-3.86296,4.49767,,,,,,,,,,,,,,,,,,,,,,,,,,,,,,,,,,,,,,,,,,,,,,,,,,,High,High,High,,,,,
64,2025-10-17,14:20:49.06,4,7,"Saltzgaber, Devin",1000335054,Left,POM_COL,"Pierantoni, Greg",1000091552,Right,POM_COL,Undefined,2,Top,3,3,2,Fastball,Changeup,BallCalled,Walk,Undefined,Undefined,0,0,,83.28675,-3.780084,0.982699,2033.244021,154.812971,11:15,5.80162,-0.83142,4.95665,-25.03482,17.61359,-7.51233,0.13824,-0.5289,75.12528,-8.409547,-0.343867,0.470027,,,,,,,,,,,,4.03937,10.42855,0.74275,50,5.41527,-1.73016,-120.28922,-8.79382,5.81068,27.29905,-17.17245,POM_COL,POM_COL,PomonaPitzer,TeamExclusive,Team,20251017-PomonaPitzer-Private-1,276d9c50-ab9f-11f0-bdec-9ba129dde21b,80.19207,,,8.16146,,,,,,,1281aa50-c58b-434b-a235-220b35bf6a67,2025-10-17,21:20:49.06,2025-10-17T14:20:49.0680000-07:00,2025-10-17T21:20:49.0680000Z,,v3,POM_PIT,POM_PIT,,"Savas, Peter",1000276389,Right,POM_COL,d6044f82-6e24-4724-aeeb-92682b4a7bc4,55.53806,-121.53956,13.64953,5.80003,-8.0073,-8.58622,0.82809,-1.9963,2.90534,,,,,,,,,,,,,,,,,,,,,,,,,,,,,72.27738,,,,,,,0.40102,5.54813,-0.62525,,,,0.40359,76.44038,-3.48425,5.56703,4.24121,-13.88065,-0.66968,-72.54535,10.68937,High,High,High,,,High,High,High
65,2025-10-17,14:24:17.29,1,1,"Oelschlager, Lincoln",10297980,Right,POM_COL,"Savas, Peter",1000276389,Right,POM_COL,Undefined,2,Bottom,0,0,0,Fastball,Four-Seam,BallCalled,Undefined,Undefined,Undefined,0,0,,88.34923,-0.175823,-3.761714,2423.471847,221.580722,1:30,5.67793,1.82599,5.27894,-25.24312,11.90386,9.3967,3.40885,-0.92895,79.78437,-4.866494,-2.099602,0.438665,,,,,,,,,,,,-5.79284,6.38992,-1.4892,50,5.64383,7.96091,-127.78277,-1.29349,-9.48232,28.7877,-21.71437,POM_COL,POM_COL,PomonaPitzer,TeamExclusive,Team,20251017-PomonaPitzer-Private-1,a36a0730-ab9f-11f0-bdec-9ba129dde21b,85.92527,,,8.56486,,,,,,,1281aa50-c58b-434b-a235-220b35bf6a67,2025-10-17,21:24:17.29,2025-10-17T14:24:17.2926464-07:00,2025-10-17T21:24:17.2926464Z,,v3,POM_PIT,POM_PIT,,"Lee, Sammy",1000276388,Right,POM_COL,287b196f-62b7-4676-9abc-dd8861a68f48,55.21506,-128.9523,14.39385,5.67846,-0.41132,-10.85719,-1.82045,8.34614,-4.74116,,,,,,,,,,,,,,,,,,,,,,,,,,,,,,,,,,,,,,,,,,,,,,,,,,,High,High,High,,,,,
66,2025-10-17,14:24:33.12,1,2,"Oelschlager, Lincoln",10297980,Right,POM_COL,"Savas, Peter",1000276389,Right,POM_COL,Undefined,2,Bottom,0,1,0,Slider,Curveball,BallCalled,Undefined,Undefined,Undefined,0,0,,79.00318,0.734542,-3.491819,2832.027552,52.528953,7:45,5.52015,2.02525,4.27747,-51.93318,-4.37461,-7.55882,1.89644,-1.94926,72.94735,-8.482992,-4.805434,0.496347,,,,,,,,,,,,2.69693,-1.83268,-1.637,50,5.54688,7.3182,-114.37547,-0.60559,3.58497,20.40701,-34.61019,POM_COL,POM_COL,PomonaPitzer,TeamExclusive,Team,20251017-PomonaPitzer-Private-1,acec6a50-ab9f-11f0-bdec-9ba129dde21b,75.93964,,,6.05583,,,,,,,1281aa50-c58b-434b-a235-220b35bf6a67,2025-10-17,21:24:33.12,2025-10-17T14:24:33.1241984-07:00,2025-10-17T21:24:33.1241984Z,,v3,POM_PIT,POM_PIT,,"Lee, Sammy",1000276388,Right,POM_COL,73501299-5be2-4d35-a0ca-af3ae10364be,56.22228,-115.48032,10.2035,5.52895,1.26823,-17.3051,-2.02796,7.1241,1.79249,,,,,,,,,,,,,,,,,,,,,,,,,,,,,,,,,,,,,,,,,,,,,,,,,,,High,High,High,,,,,
67,2025-10-17,14:24:52.53,1,3,"Oelschlager, Lincoln",10297980,Right,POM_COL,"Savas, Peter",1000276389,Right,POM_COL,Undefined,2,Bottom,0,2,0,Fastball,Four-Seam,BallCalled,Undefined,Undefined,Undefined,0,0,,88.19489,-0.329932,-2.101374,2417.025916,199.469001,12:45,5.67217,1.86737,5.0578,-15.15938,22.72816,7.51839,4.09754,0.51134,78.71767,-3.25943,-0.774274,0.443016,,,,,,,,,,,,-4.35744,11.68579,-1.6734,50,5.62954,4.30903,-127.49863,-1.15556,-7.02928,31.10076,-13.32282,POM_COL,POM_COL,PomonaPitzer,TeamExclusive,Team,20251017-PomonaPitzer-Private-1,b8701bb0-ab9f-11f0-bdec-9ba129dde21b,85.08142,,,9.47723,,,,,,,1281aa50-c58b-434b-a235-220b35bf6a67,2025-10-17,21:24:52.53,2025-10-17T14:24:52.5337600-07:00,2025-10-17T21:24:52.5337600Z,,v3,POM_PIT,POM_PIT,,"Lee, Sammy",1000276388,Right,POM_COL,c8b447fd-4940-45ec-a24a-d44bd45b76af,55.43211,-128.81687,15.55038,5.66655,-0.59086,-6.66141,-1.86236,4.60698,-3.51464,,,,,,,,,,,,,,,,,,,,,,,,,,,,,,,,,,,,,,,,,,,,,,,,,,,High,High,High,,,,,
68,2025-10-17,14:25:24.91,1,4,"Oelschlager, Lincoln",10297980,Right,POM_COL,"Savas, Peter",1000276389,Right,POM_COL,Undefined,2,Bottom,0,3,0,Fastball,Four-Seam,StrikeCalled,Undefined,Undefined,Undefined,0,0,,88.51664,-0.407064,-2.772889,2411.879878,228.311508,1:30,5.66013,1.82925,5.24215,-24.54513,12.55489,12.58623,3.23169,0.27006,79.7259,-4.979728,-0.543689,0.438388,,,,,,,,,,,,-7.06807,6.78374,-1.58364,50,5.605,5.60665,-128.09708,-1.78469,-11.59016,29.69703,-21.05013,POM_COL,POM_COL,PomonaPitzer,TeamExclusive,Team,20251017-PomonaPitzer-Private-1,cbc265b0-ab9f-11f0-bdec-9ba129dde21b,85.9797,,,8.79074,,,,,,,1281aa50-c58b-434b-a235-220b35bf6a67,2025-10-17,21:25:24.91,2025-10-17T14:25:24.9164800-07:00,2025-10-17T21:25:24.9164800Z,,v3,POM_PIT,POM_PIT,,"Lee, Sammy",1000276388,Right,POM_COL,5254fe11-1d29-4553-acf4-05a76ddff14a,55.2513,-129.30877,14.84851,5.6603,-0.9258,-10.52507,-1.82205,6.07955,-5.79508,,,,,,,,,,,,,,,,,,,,,,,,,,,,,,,,,,,,,,,,,,,,,,,,,,,High,High,High,,,,,
69,2025-10-17,14:25:40.48,1,5,"Oelschlager, Lincoln",10297980,Right,POM_COL,"Savas, Peter",1000276389,Right,POM_COL,Undefined,2,Bottom,0,3,1,Fastball,Four-Seam,BallCalled,Walk,Undefined,Undefined,0,0,,87.32353,0.199545,-3.267118,2512.323279,225.908725,1:30,5.68893,1.86936,5.27748,-26.3447,11.57111,10.58741,3.68126,-0.32017,78.99225,-4.69001,-1.392714,0.443181,,,,,,,,,,,,-6.19284,6.11744,-1.57857,50,5.68832,6.72051,-126.38706,-0.49658,-9.93788,27.65675,-22.35716,POM_COL,POM_COL,PomonaPitzer,TeamExclusive,Team,20251017-PomonaPitzer-Private-1,d50b4240-ab9f-11f0-bdec-9ba129dde21b,85.04967,,,8.33127,,,,,,,1281aa50-c58b-434b-a235-220b35bf6a67,2025-10-17,21:25:40.48,2025-10-17T14:25:40.4899840-07:00,2025-10-17T21:25:40.4899840Z,,v3,POM_PIT,POM_PIT,,"Lee, Sammy",1000276388,Right,POM_COL,4ca7717e-b421-4e6b-b9bf-6fe90f0daf4e,55.21629,-127.52341,13.82838,5.68986,0.42202,-11.17858,-1.86309,7.12883,-4.96894,,,,,,,,,,,,,,,,,,,,,,,,,,,,,,,,,,,,,,,,,,,,,,,,,,,High,High,High,,,,,
70,2025-10-17,14:26:11.30,2,1,"Oelschlager, Lincoln",10297980,Right,POM_COL,"Winthrop, Nolan",1000159423,Left,POM_COL,Undefined,2,Bottom,0,0,0,Fastball,Four-Seam,HitByPitch,Undefined,Undefined,Undefined,0,0,,88.32314,-2.570328,-5.059662,2448.145719,200.902921,12:45,5.5243,1.84371,5.28759,-18.16686,19.30808,6.84296,1.58573,-2.34958,79.59454,-6.001876,-3.853196,0.440597,,,,,,,,,,,,-5.14079,10.96044,-1.38711,50,5.27672,10.98698,-127.43495,-6.32813,-8.32064,30.03414,-14.43406,POM_COL,POM_COL,PomonaPitzer,TeamExclusive,Team,20251017-PomonaPitzer-Private-1,e76d38d0-ab9f-11f0-bdec-9ba129dde21b,85.54849,,,8.72859,,,,,,,1281aa50-c58b-434b-a235-220b35bf6a67,2025-10-17,21:26:11.30,2025-10-17T14:26:11.3099264-07:00,2025-10-17T21:26:11.3099264Z,,v3,POM_PIT,POM_PIT,,"Lee, Sammy",1000276388,Right,POM_COL,cdc4ac5f-ea85-4690-aec6-2a90a5e9100b,55.21164,-128.65738,15.01707,5.52233,-5.74065,-7.21703,-1.84118,11.32563,-4.16032,,,,,,,,,,,,,,,,,,,,,,,,,,,,,,,,,,,,,,,,,,,,,,,,,,,High,High,High,,,,,
71,2025-10-17,14:26:53.81,3,1,"Oelschlager, Lincoln",10297980,Right,POM_COL,"Wakil, Lateef",1000128267,Left,POM_COL,Undefined,2,Bottom,0,0,0,Fastball,Four-Seam,BallCalled,Undefined,Undefined,Undefined,0,0,,88.17591,0.632549,-1.658954,2524.85881,230.930549,1:45,5.61282,1.93967,5.33835,-25.2258,11.92961,13.07264,4.10436,1.47229,79.47102,-4.073447,0.662376,0.438715,,,,,,,,,,,,-6.96418,6.16445,-1.79923,50,5.65231,3.08537,-127.73154,0.52221,-11.36775,29.25055,-22.11173,POM_COL,POM_COL,PomonaPitzer,TeamExclusive,Team,20251017-PomonaPitzer-Private-1,00b5d900-aba0-11f0-bdec-9ba129dde21b,85.91558,,,8.70489,,,,,,,1281aa50-c58b-434b-a235-220b35bf6a67,2025-10-17,21:26:53.81,2025-10-17T14:26:53.8127360-07:00,2025-10-17T21:26:53.8127360Z,,v3,POM_PIT,POM_PIT,,"Lee, Sammy",1000276388,Right,POM_COL,47c84c18-42bd-4c19-986d-80778fab6e82,55.15513,-128.90666,14.62528,5.61348,1.41053,-11.05587,-1.93236,3.54206,-5.68387,,,,,,,,,,,,,,,,,,,,,,,,,,,,,,,,,,,,,,,,,,,,,,,,,,,High,High,High,,,,,
72,2025-10-17,14:27:12.72,3,2,"Oelschlager, Lincoln",10297980,Right,POM_COL,"Wakil, Lateef",1000128267,Left,POM_COL,Undefined,2,Bottom,0,0,0,Fastball,Four-Seam,BallCalled,Undefined,Undefined,Undefined,0,0,,86.88915,-2.38832,-4.870981,2362.287994,206.606854,1:00,5.51888,1.85251,5.11285,-20.76635,18.41525,8.45898,1.52891,-2.04249,77.86405,-6.290243,-3.383072,0.450518,,,,,,,,,,,,-5.76126,10.3393,-1.39953,50,5.27774,10.26866,-125.19204,-5.91566,-8.97226,29.68759,-16.07222,POM_COL,POM_COL,PomonaPitzer,TeamExclusive,Team,20251017-PomonaPitzer-Private-1,0c044990-aba0-11f0-bdec-9ba129dde21b,83.66461,,,9.02511,,,,,,,1281aa50-c58b-434b-a235-220b35bf6a67,2025-10-17,21:27:12.72,2025-10-17T14:27:12.7216640-07:00,2025-10-17T21:27:12.7216640Z,,v3,POM_PIT,POM_PIT,,"Lee, Sammy",1000276388,Right,POM_COL,a241029a-c803-4491-97a7-496c7ffe0ed0,55.37869,-126.46109,14.84379,5.51593,-5.22863,-8.03611,-1.84668,10.65219,-4.48613,,,,,,,,,,,,,,,,,,,,,,,,,,,,,,,,,,,,,,,,,,,,,,,,,,,High,High,High,,,,,
73,2025-10-17,14:27:40.71,3,3,"Oelschlager, Lincoln",10297980,Right,POM_COL,"Wakil, Lateef",1000128267,Left,POM_COL,Undefined,2,Bottom,0,1,0,Fastball,Four-Seam,BallCalled,Undefined,Undefined,Undefined,0,0,,87.09994,-0.295687,-1.667922,2447.507556,227.059467,1:30,5.58519,1.9541,5.22783,-24.46056,14.0882,13.55587,3.26872,1.51535,77.96088,-4.877261,0.73486,0.446865,,,,,,,,,,,,-7.20024,7.53552,-1.81043,50,5.54036,3.02724,-126.02374,-1.49136,-11.34835,30.37971,-20.29729,POM_COL,POM_COL,PomonaPitzer,TeamExclusive,Team,20251017-PomonaPitzer-Private-1,1cb38710-aba0-11f0-bdec-9ba129dde21b,84.34852,,,9.13906,,,,,,,1281aa50-c58b-434b-a235-220b35bf6a67,2025-10-17,21:27:40.71,2025-10-17T14:27:40.7116288-07:00,2025-10-17T21:27:40.7116288Z,,v3,POM_PIT,POM_PIT,,"Lee, Sammy",1000276388,Right,POM_COL,7868f412-1e52-4024-ae35-2a05e4b6cd72,55.26367,-127.28629,15.18985,5.58481,-0.64783,-10.14865,-1.94604,3.49887,-5.67418,,,,,,,,,,,,,,,,,,,,,,,,,,,,,,,,,,,,,,,,,,,,,,,,,,,High,High,High,,,,,
74,2025-10-17,14:28:19.32,3,4,"Oelschlager, Lincoln",10297980,Right,POM_COL,"Wakil, Lateef",1000128267,Left,POM_COL,Undefined,2,Bottom,0,2,0,Slider,Curveball,StrikeCalled,Undefined,Undefined,Undefined,0,0,,78.30711,0.613544,-1.113767,2866.767854,39.016847,7:15,5.48876,2.07213,4.27022,-54.75657,-6.19193,-6.27847,1.51288,0.48316,71.88729,-9.128181,-2.209467,0.50157,,,,,,,,,,,,2.69488,-2.64925,-1.94407,50,5.49925,2.48725,-113.47579,-0.96471,3.50242,21.39685,-35.61716,POM_COL,POM_COL,PomonaPitzer,TeamExclusive,Team,20251017-PomonaPitzer-Private-1,33bc9780-aba0-11f0-bdec-9ba129dde21b,75.14895,,,6.41982,,,,,,,1281aa50-c58b-434b-a235-220b35bf6a67,2025-10-17,21:28:19.32,2025-10-17T14:28:19.3204224-07:00,2025-10-17T21:28:19.3204224Z,,v3,POM_PIT,POM_PIT,,"Lee, Sammy",1000276388,Right,POM_COL,f607168f-c261-4685-99db-171d11c78e6c,56.22909,-114.64432,10.69843,5.49882,0.98042,-17.80858,-2.07469,2.29597,1.75121,,,,,,,,,,,,,,,,,,,,,,,,,,,,,,,,,,,,,,,,,,,,,,,,,,,High,High,High,,,,,
75,2025-10-17,14:29:05.44,3,5,"Oelschlager, Lincoln",10297980,Right,POM_COL,"Wakil, Lateef",1000128267,Left,POM_COL,Undefined,2,Bottom,0,2,1,ChangeUp,Changeup,FoulBallNotFieldable,Undefined,Undefined,Undefined,0,0,,80.96489,0.351968,-3.443467,1675.589217,271.926917,3:00,5.41753,2.06329,5.03708,-43.77105,0.91221,20.5969,2.1026,0.52722,73.26258,-7.617102,0.193083,0.481109,58.99096,38.732411,-154.276743,3662.686876,,,,,14.80467,,,-11.33449,0.77665,-1.75172,50,5.4162,6.17449,-117.17022,-0.87436,-15.54022,24.98283,-31.10921,POM_COL,POM_COL,PomonaPitzer,TeamExclusive,Team,20251017-PomonaPitzer-Private-1,4f514a90-aba0-11f0-bdec-9ba129dde21b,78.34487,13.18446,,7.70231,,,,1.60087,2.05844,-0.66551,1281aa50-c58b-434b-a235-220b35bf6a67,2025-10-17,21:29:05.44,2025-10-17T14:29:05.4421504-07:00,2025-10-17T21:29:05.4421504Z,,v3,POM_PIT,POM_PIT,,"Lee, Sammy",1000276388,Right,POM_COL,b5de342c-b78e-4a12-9ad6-e601b0151c67,55.46212,-118.32911,12.49141,5.42329,0.56872,-15.55461,-2.05486,6.89536,-7.77011,,1.6022,-60.87897,2.43057,,,,,,,2.06243,53.91233,-31.45506,,,,,,,-0.66628,-29.25048,5.82124,,,,,,,,,,,,,,,,,,,,,,,,,,,,,High,High,High,Medium,Undefined,,,
76,2025-10-17,14:29:31.57,3,6,"Oelschlager, Lincoln",10297980,Right,POM_COL,"Wakil, Lateef",1000128267,Left,POM_COL,Undefined,2,Bottom,0,2,2,Fastball,Four-Seam,InPlay,Undefined,LineDrive,Single,0,0,,88.52574,-1.160964,-2.203021,2448.840921,220.546494,1:15,5.629,1.97257,5.18419,-19.40962,17.57099,13.92422,2.91831,1.05923,80.09912,-4.80965,0.261812,0.437682,88.00526,16.158864,1.262033,3971.527441,109.99559,21.03405,0.9783,224.72216,224.72216,0.096539,2.281814,-7.60209,9.48256,-1.77888,50,5.50699,4.29119,-128.23696,-3.24998,-12.54293,28.78834,-16.52848,POM_COL,POM_COL,PomonaPitzer,TeamExclusive,Team,20251017-PomonaPitzer-Private-1,5ec967a0-aba0-11f0-bdec-9ba129dde21b,86.11841,21.1194,,8.42662,,,,0.20571,2.83165,-1.07042,1281aa50-c58b-434b-a235-220b35bf6a67,2025-10-17,21:29:31.57,2025-10-17T14:29:31.5751424-07:00,2025-10-17T21:29:31.5751424Z,LineDrive,v3,POM_PIT,POM_PIT,,"Lee, Sammy",1000276388,Right,POM_COL,c082631e-682a-42cf-91e2-79daf600024f,55.31247,-129.42408,14.39417,5.62695,-2.56841,-8.26424,-1.9665,4.80842,-6.27147,176.191315,0.20576,123.94152,-14.1468,1.80863,-0.06353,-0.29467,0.20017,-0.06264,0.00782,2.83161,35.92464,-19.17702,1.81874,-0.4952,0.25211,-0.11829,0.0343,-0.0042,-1.07038,2.72705,-0.33683,-0.43863,0.18541,-0.11039,0.05551,-0.01671,0.0021,,,,,,,,,,,,,,,,,,,,,,,High,High,High,High,High,,,
77,2025-10-17,14:30:15.22,4,1,"Oelschlager, Lincoln",10297980,Right,POM_COL,"Berry, Cooper",1000276381,Left,POM_COL,Undefined,2,Bottom,0,0,0,ChangeUp,Changeup,BallCalled,Undefined,Undefined,Undefined,0,0,,80.40016,1.453839,-1.455682,1610.375756,256.418371,2:30,5.46542,2.04997,5.0453,-39.50006,5.22717,15.69398,3.54583,1.98443,73.36717,-5.757148,1.316825,0.481346,,,,,,,,,,,,-8.10603,2.66169,-1.92396,50,5.57298,2.28139,-116.57072,1.53661,-11.13712,22.22079,-28.51709,POM_COL,POM_COL,PomonaPitzer,TeamExclusive,Team,20251017-PomonaPitzer-Private-1,78cd6890-aba0-11f0-bdec-9ba129dde21b,78.30634,,,7.03299,,,,,,,1281aa50-c58b-434b-a235-220b35bf6a67,2025-10-17,21:30:15.22,2025-10-17T14:30:15.2250880-07:00,2025-10-17T21:30:15.2250880Z,,v3,POM_PIT,POM_PIT,,"Lee, Sammy",1000276388,Right,POM_COL,1f9692d0-6f18-4eb2-8491-6f6390e26c0d,55.45164,-117.60532,11.11039,5.47053,2.86437,-14.25854,-2.04225,2.79993,-5.56856,,,,,,,,,,,,,,,,,,,,,,,,,,,,,,,,,,,,,,,,,,,,,,,,,,,High,High,High,,,,,
78,2025-10-17,14:30:34.13,4,2,"Oelschlager, Lincoln",10297980,Right,POM_COL,"Berry, Cooper",1000276381,Left,POM_COL,Undefined,2,Bottom,0,1,0,Fastball,Four-Seam,BallCalled,Undefined,Undefined,Undefined,0,0,,87.18988,0.853046,-0.663078,2407.23839,219.7026,1:15,5.5944,2.06739,5.15538,-21.783,16.22206,12.41827,4.58227,2.47804,79.03539,-3.222114,1.534838,0.443703,,,,,,,,,,,,-6.28725,8.17276,-2.015,50,5.65788,0.87924,-126.38814,1.1425,-10.11618,27.02823,-19.02411,POM_COL,POM_COL,PomonaPitzer,TeamExclusive,Team,20251017-PomonaPitzer-Private-1,840c21b0-aba0-11f0-bdec-9ba129dde21b,84.94977,,,8.1545,,,,,,,1281aa50-c58b-434b-a235-220b35bf6a67,2025-10-17,21:30:34.13,2025-10-17T14:30:34.1356544-07:00,2025-10-17T21:30:34.1356544Z,,v3,POM_PIT,POM_PIT,,"Lee, Sammy",1000276388,Right,POM_COL,cdb56c76-b3b4-4bea-9529-50ad2a838efd,55.33877,-127.52473,13.51411,5.59302,1.9425,-9.51205,-2.06092,1.30464,-5.05809,,,,,,,,,,,,,,,,,,,,,,,,,,,,,,,,,,,,,,,,,,,,,,,,,,,High,High,High,,,,,
79,2025-10-17,14:30:55.34,4,3,"Oelschlager, Lincoln",10297980,Right,POM_COL,"Berry, Cooper",1000276381,Left,POM_COL,Undefined,2,Bottom,0,2,0,Fastball,Changeup,StrikeSwinging,Undefined,Undefined,Undefined,0,0,,85.80661,-1.224358,-3.604726,2410.083829,239.678964,2:00,5.59767,1.87357,5.14967,-28.67155,10.59587,15.88103,2.05326,-0.20111,78.23308,-6.49409,-0.798304,0.451011,,,,,,,,,,,,-8.85808,6.0254,-1.54855,50,5.46132,7.10223,-124.21591,-3.70111,-13.80804,25.41665,-22.78163,POM_COL,POM_COL,PomonaPitzer,TeamExclusive,Team,20251017-PomonaPitzer-Private-1,90b51930-aba0-11f0-bdec-9ba129dde21b,83.57314,,,7.57353,,,,,,,1281aa50-c58b-434b-a235-220b35bf6a67,2025-10-17,21:30:55.34,2025-10-17T14:30:55.3416192-07:00,2025-10-17T21:30:55.3416192Z,,v3,POM_PIT,POM_PIT,,"Lee, Sammy",1000276388,Right,POM_COL,d7341352-1709-4181-ae5e-42f5321c1afa,55.34694,-125.30521,12.70832,5.59902,-2.72474,-11.39082,-1.86562,7.69402,-6.90402,,,,,,,,,,,,,,,,,,,,,,,,,,,,,,,,,,,,,,,,,,,,,,,,,,,High,High,High,,,,,
80,2025-10-17,14:31:18.87,4,4,"Oelschlager, Lincoln",10297980,Right,POM_COL,"Berry, Cooper",1000276381,Left,POM_COL,Undefined,2,Bottom,0,2,1,ChangeUp,Changeup,InPlay,Undefined,GroundBall,Error,0,0,,81.24133,-0.37256,-3.653851,1621.646864,250.362855,2:15,5.26789,2.05074,5.27962,-36.86203,6.36264,14.14017,1.84544,-0.20714,74.77946,-7.100003,-1.148777,0.473192,26.43589,-62.277068,-71.10575,,,,,3.14227,3.14227,-15.029781,0.05716,-8.10122,3.64918,-1.72799,50,5.20665,6.95075,-117.7973,-2.04537,-11.43926,21.34347,-27.02126,POM_COL,POM_COL,PomonaPitzer,TeamExclusive,Team,20251017-PomonaPitzer-Private-1,9ed1c4f0-aba0-11f0-bdec-9ba129dde21b,79.65574,2.00261,,6.46187,,,,2.69398,2.00261,0.18086,1281aa50-c58b-434b-a235-220b35bf6a67,2025-10-17,21:31:18.87,2025-10-17T14:31:18.8707840-07:00,2025-10-17T21:31:18.8707840Z,GroundBall,v3,POM_PIT,POM_PIT,,"Lee, Sammy",1000276388,Right,POM_COL,25af68e1-6115-41f5-9c9b-0b8e8c7a226b,55.22092,-118.7395,10.67173,5.27061,-0.85252,-13.51063,-2.04597,7.45574,-5.71963,,2.69286,5.96213,,,,,,,,2.00917,-35.03511,,,,,,,,0.18412,-17.41967,,,,,,,,,,,,,,,,,,,,,,,,,,,,,,High,High,High,Estimated,Estimated,,,
81,2025-10-17,14:32:15.88,5,1,"Oelschlager, Lincoln",10297980,Right,POM_COL,"Dillehay, Drew",1000091533,Right,POM_COL,Undefined,2,Bottom,0,0,0,Fastball,Sinker,BallCalled,Undefined,Undefined,Undefined,0,0,,87.12002,1.242815,-1.94703,2382.335038,234.782465,1:45,5.63603,1.81233,5.31136,-24.67887,13.0441,16.76237,4.74683,1.38099,79.2492,-3.347849,1.02677,0.442053,,,,,,,,,,,,-8.8315,6.53772,-1.64781,50,5.73126,3.52434,-126.32608,1.88373,-14.25236,26.05064,-21.62342,POM_COL,POM_COL,PomonaPitzer,TeamExclusive,Team,20251017-PomonaPitzer-Private-1,c0ad5f30-aba0-11f0-bdec-9ba129dde21b,85.26675,,,7.87083,,,,,,,1281aa50-c58b-434b-a235-220b35bf6a67,2025-10-17,21:32:15.88,2025-10-17T14:32:15.8869504-07:00,2025-10-17T21:32:15.8869504Z,,v3,POM_PIT,POM_PIT,,"Lee, Sammy",1000276388,Right,POM_COL,be5782e4-7d85-4808-87c8-d65942b92f11,55.18468,-127.39077,13.02532,5.63621,2.76748,-10.81171,-1.80375,4.10683,-7.12618,,,,,,,,,,,,,,,,,,,,,,,,,,,,,,,,,,,,,,,,,,,,,,,,,,,High,High,High,,,,,
82,2025-10-17,14:32:34.45,5,2,"Oelschlager, Lincoln",10297980,Right,POM_COL,"Dillehay, Drew",1000091533,Right,POM_COL,Undefined,2,Bottom,0,1,0,Slider,Curveball,StrikeCalled,Undefined,Undefined,Undefined,0,0,,75.88663,1.478722,-1.562405,2736.323959,49.05285,7:45,5.3517,2.08533,4.15256,-56.19263,-4.70516,-7.15205,2.08768,-0.00914,70.21278,-8.488787,-2.806234,0.516443,,,,,,,,,,,,3.0215,-2.14965,-1.90396,50,5.4558,3.31284,-110.03113,0.65212,3.7296,18.26884,-34.8275,POM_COL,POM_COL,PomonaPitzer,TeamExclusive,Team,20251017-PomonaPitzer-Private-1,cbcecc50-aba0-11f0-bdec-9ba129dde21b,72.98474,,,5.67385,,,,,,,1281aa50-c58b-434b-a235-220b35bf6a67,2025-10-17,21:32:34.45,2025-10-17T14:32:34.4513536-07:00,2025-10-17T21:32:34.4513536Z,,v3,POM_PIT,POM_PIT,,"Lee, Sammy",1000276388,Right,POM_COL,d53a5860-bff6-45b4-bf34-23444555fb5b,56.34798,-111.08011,9.13442,5.36094,2.65188,-17.41375,-2.08803,3.09869,1.8648,,,,,,,,,,,,,,,,,,,,,,,,,,,,,,,,,,,,,,,,,,,,,,,,,,,High,High,High,,,,,
83,2025-10-17,14:32:52.17,5,3,"Oelschlager, Lincoln",10297980,Right,POM_COL,"Dillehay, Drew",1000091533,Right,POM_COL,Undefined,2,Bottom,0,1,1,Slider,Curveball,BallCalled,Undefined,Undefined,Undefined,0,0,,76.65152,4.200693,-0.281118,2729.73213,95.087626,9:15,5.37305,2.0181,4.05294,-48.6316,2.11929,-7.413,5.36279,1.13031,70.34821,-4.473642,-1.564935,0.512735,,,,,,,,,,,,3.43288,0.48043,-1.97787,50,5.79415,0.88044,-110.87813,6.23377,4.31779,17.90309,-31.56979,POM_COL,POM_COL,PomonaPitzer,TeamExclusive,Team,20251017-PomonaPitzer-Private-1,d6586640-aba0-11f0-bdec-9ba129dde21b,73.51248,,,6.30331,,,,,,,1281aa50-c58b-434b-a235-220b35bf6a67,2025-10-17,21:32:52.17,2025-10-17T14:32:52.1783808-07:00,2025-10-17T21:32:52.1783808Z,,v3,POM_PIT,POM_PIT,,"Lee, Sammy",1000276388,Right,POM_COL,e4c066de-531e-40b4-b8b7-f28bbec68f62,56.44463,-111.91389,8.95155,5.38067,8.06018,-15.7849,-2.02158,0.63064,2.15889,,,,,,,,,,,,,,,,,,,,,,,,,,,,,,,,,,,,,,,,,,,,,,,,,,,High,High,High,,,,,
84,2025-10-17,14:33:13.84,5,4,"Oelschlager, Lincoln",10297980,Right,POM_COL,"Dillehay, Drew",1000091533,Right,POM_COL,Undefined,2,Bottom,0,2,1,Fastball,Sinker,BallCalled,Undefined,Undefined,Undefined,0,0,,87.85019,0.253348,-1.941629,2405.66508,230.133845,1:45,5.59095,1.85929,5.24169,-23.5093,13.58953,14.86595,3.87008,1.27263,80.168,-4.111797,0.693038,0.438381,,,,,,,,,,,,-7.88134,7.0654,-1.69195,50,5.59709,3.63188,-127.43171,-0.2653,-12.97254,25.94294,-20.54453,POM_COL,POM_COL,PomonaPitzer,TeamExclusive,Team,20251017-PomonaPitzer-Private-1,e3443320-aba0-11f0-bdec-9ba129dde21b,85.98107,,,7.68219,,,,,,,1281aa50-c58b-434b-a235-220b35bf6a67,2025-10-17,21:33:13.84,2025-10-17T14:33:13.8430000-07:00,2025-10-17T21:33:13.8430000Z,,v3,POM_PIT,POM_PIT,,"Lee, Sammy",1000276388,Right,POM_COL,101d3a75-37f3-44c5-803e-92fc2839dabe,55.25477,-128.49704,12.97147,5.59067,0.57835,-10.27226,-1.85202,4.16459,-6.48627,,,,,,,,,,,,,,,,,,,,,,,,,,,,,79.36156,2.056096,0.795085,1.261011,-3.5149,3.49567,-1.34267,-1.35761,5.66551,0.66409,127.27763,-1.36124,-2.11942,-1.23154,114.4321,-10.05949,5.66804,7.91767,-10.70664,0.60221,-6.81116,3.75155,High,High,High,,,High,High,High
85,2025-10-17,14:33:43.89,5,5,"Oelschlager, Lincoln",10297980,Right,POM_COL,"Dillehay, Drew",1000091533,Right,POM_COL,Undefined,2,Bottom,3,3,1,Fastball,Changeup,BallCalled,Walk,Undefined,Undefined,0,0,,86.42262,1.542061,-2.652843,2502.901723,230.087181,1:45,5.56626,1.85964,5.31568,-23.54068,15.01993,16.40068,5.05372,0.73479,78.15516,-2.863534,0.25464,0.446934,,,,,,,,,,,,-8.88319,7.42552,-1.63096,50,5.68954,5.04874,-125.16186,2.58529,-14.00408,26.7228,-20.46795,POM_COL,POM_COL,PomonaPitzer,TeamExclusive,Team,20251017-PomonaPitzer-Private-1,f5300f50-aba0-11f0-bdec-9ba129dde21b,84.33562,,,8.26746,,,,,,,1281aa50-c58b-434b-a235-220b35bf6a67,2025-10-17,21:33:43.89,2025-10-17T14:33:43.8954496-07:00,2025-10-17T21:33:43.8954496Z,,v3,POM_PIT,POM_PIT,,"Lee, Sammy",1000276388,Right,POM_COL,489b9331-5d5e-4402-9bc5-4321d8447845,55.17936,-126.26284,13.3614,5.56566,3.42857,-10.23398,-1.85085,5.62571,-7.00204,,,,,,,,,,,,,,,,,,,,,,,,,,,,,,,,,,,,,,,,,,,,,,,,,,,High,High,High,,,,,
86,2025-10-17,14:36:32.42,1,1,"Brunngraber, Max",1000276385,Right,POM_COL,"Pierantoni, Greg",1000091552,Right,POM_COL,Undefined,3,Top,0,0,0,Fastball,Changeup,BallCalled,Undefined,Undefined,Undefined,0,0,,84.43979,-1.5071,-6.248897,2105.584877,243.773721,2:15,5.18527,2.07648,5.76823,-33.11277,6.17162,10.28186,1.01461,-2.90532,78.36294,-7.562114,-4.423538,0.451109,,,,,,,,,,,,-6.72272,3.87044,-1.56387,50,5.03971,12.95443,-122.0807,-4.34605,-10.28898,20.8512,-26.25044,POM_COL,POM_COL,PomonaPitzer,TeamExclusive,Team,20251017-PomonaPitzer-Private-1,59aa6930-aba1-11f0-bdec-9ba129dde21b,83.55508,,,6.07685,,,,,,,1281aa50-c58b-434b-a235-220b35bf6a67,2025-10-17,21:36:32.42,2025-10-17T14:36:32.4279296-07:00,2025-10-17T21:36:32.4279296Z,,v3,POM_PIT,POM_PIT,,"Savas, Peter",1000276389,Right,POM_COL,40654b40-ae8b-4ab7-9cf7-0932d6fb88c3,54.73166,-122.8862,10.4256,5.18801,-3.33197,-13.12522,-2.07199,13.35191,-5.14449,,,,,,,,,,,,,,,,,,,,,,,,,,,,,,,,,,,,,,,,,,,,,,,,,,,High,High,High,,,,,
87,2025-10-17,14:36:49.94,1,2,"Brunngraber, Max",1000276385,Right,POM_COL,"Cassidy, Caleb",10304248,Right,POM_COL,Undefined,3,Top,0,1,0,Slider,Curveball,StrikeSwinging,Undefined,Undefined,Undefined,0,0,,71.27654,1.72778,-2.945553,2015.965172,95.941294,9:15,4.14792,2.55255,4.88558,-54.86471,2.61382,-7.40063,1.21307,-0.85324,65.35634,-8.18868,-4.246089,0.545663,,,,,,,,,,,,2.79646,1.34815,-2.25677,50,4.27161,5.59139,-103.19364,1.32109,3.00471,17.74403,-30.7255,POM_COL,POM_COL,PomonaPitzer,TeamExclusive,Team,20251017-PomonaPitzer-Private-1,6424c0e0-aba1-11f0-bdec-9ba129dde21b,69.07644,,,5.92019,,,,,,,1281aa50-c58b-434b-a235-220b35bf6a67,2025-10-17,21:36:49.94,2025-10-17T14:36:49.9469312-07:00,2025-10-17T21:36:49.9469312Z,,v3,POM_PIT,POM_PIT,,"Savas, Peter",1000276389,Right,POM_COL,a9cc0bdf-60ab-41b3-ba58-7718354b7ffc,55.61245,-104.15422,8.87201,4.15507,2.98443,-15.36275,-2.55506,5.42873,1.50236,,,,,,,,,,,,,,,,,,,,,,,,,,,,,,,,,,,,,,,,,,,,,,,,,,,High,High,High,,,,,
88,2025-10-17,14:37:07.64,1,3,"Brunngraber, Max",1000276385,Right,POM_COL,"Cassidy, Caleb",10304248,Right,POM_COL,Undefined,3,Top,0,1,1,ChangeUp,Changeup,StrikeCalled,Undefined,Undefined,Undefined,0,0,,80.29376,0.573546,-3.406395,1727.21515,247.992946,2:15,4.63931,2.49788,5.16557,-36.70341,7.68863,15.7043,2.12146,0.59684,73.8135,-6.129209,-0.630525,0.479539,,,,,,,,,,,,-8.67138,4.1074,-2.19236,50,4.66495,6.27203,-116.41422,-0.11404,-11.97738,20.52034,-26.5007,POM_COL,POM_COL,PomonaPitzer,TeamExclusive,Team,20251017-PomonaPitzer-Private-1,6ea273f0-aba1-11f0-bdec-9ba129dde21b,78.60143,,,6.48026,,,,,,,1281aa50-c58b-434b-a235-220b35bf6a67,2025-10-17,21:37:07.64,2025-10-17T14:37:07.6424192-07:00,2025-10-17T21:37:07.6424192Z,,v3,POM_PIT,POM_PIT,,"Savas, Peter",1000276389,Right,POM_COL,ff2f8ee8-ff9d-4aae-b585-052db3432ce1,55.33316,-117.35053,10.26017,4.64257,1.09514,-13.25035,-2.49101,6.81854,-5.98869,,,,,,,,,,,,,,,,,,,,,,,,,,,,,,,,,,,,,,,,,,,,,,,,,,,High,High,High,,,,,
89,2025-10-17,14:37:22.27,1,4,"Brunngraber, Max",1000276385,Right,POM_COL,"Cassidy, Caleb",10304248,Right,POM_COL,Undefined,3,Top,0,1,2,Slider,Curveball,BallCalled,Undefined,Undefined,Undefined,0,0,,73.66531,0.238105,-2.454676,2259.766981,135.831036,10:30,4.347,2.49086,5.11518,-43.92278,9.03375,-7.20154,0.91129,-0.42307,67.91005,-7.750284,-3.726966,0.523759,,,,,,,,,,,,2.92028,4.92827,-2.25389,50,4.33544,4.85372,-106.82804,-0.96767,3.38353,17.95092,-26.46396,POM_COL,POM_COL,PomonaPitzer,TeamExclusive,Team,20251017-PomonaPitzer-Private-1,77600070-aba1-11f0-bdec-9ba129dde21b,71.96529,,,5.75526,,,,,,,1281aa50-c58b-434b-a235-220b35bf6a67,2025-10-17,21:37:22.27,2025-10-17T14:37:22.2745088-07:00,2025-10-17T21:37:22.2745088Z,,v3,POM_PIT,POM_PIT,,"Savas, Peter",1000276389,Right,POM_COL,ab59a1b0-b77d-4261-aa79-91eb5ff706b0,55.38254,-107.7287,8.97546,4.35069,0.36012,-13.23198,-2.49317,4.68396,1.69177,,,,,,,,,,,,,,,,,,,,,,,,,,,,,,,,,,,,,,,,,,,,,,,,,,,High,High,High,,,,,
90,2025-10-17,14:37:39.50,1,5,"Brunngraber, Max",1000276385,Right,POM_COL,"Cassidy, Caleb",10304248,Right,POM_COL,Undefined,3,Top,0,1,2,Curveball,Curveball,StrikeSwinging,Strikeout,Undefined,Undefined,0,0,,63.34394,2.630762,-3.30137,1934.411535,90.699431,9:00,4.18821,2.42812,5.12179,-69.46634,2.19921,-8.11071,0.88318,-1.36084,58.82844,-9.903591,-4.731526,0.609294,,,,,,,,,,,,3.16221,1.045,-2.11093,50,4.38196,5.55783,-91.75291,2.258,2.70851,12.97035,-31.27898,POM_COL,POM_COL,PomonaPitzer,TeamExclusive,Team,20251017-PomonaPitzer-Private-1,81b34820-aba1-11f0-bdec-9ba129dde21b,61.86253,,,4.5155,,,,,,,1281aa50-c58b-434b-a235-220b35bf6a67,2025-10-17,21:37:39.50,2025-10-17T14:37:39.5020000-07:00,2025-10-17T21:37:39.5020000Z,,v3,POM_PIT,POM_PIT,,"Savas, Peter",1000276389,Right,POM_COL,a317b5e6-dd1f-4df3-8fb7-bf388bccc280,55.37793,-92.51002,6.48517,4.19687,4.08383,-15.63949,-2.43073,5.39973,1.35426,,,,,,,,,,,,,,,,,,,,,,,,,,,,,67.60046,,,0.952148,,,,5.87274,5.34476,0.2874,73.70694,8.00094,-51.08568,5.92924,76.40636,-5.45799,5.40614,16.98401,-14.94409,0.22267,-59.09582,5.43991,High,High,High,,,High,High,High
91,2025-10-17,14:38:08.36,2,1,"Brunngraber, Max",1000276385,Right,POM_COL,"Kinney, William",1000092038,Right,POM_COL,Undefined,3,Top,0,0,0,Slider,Slider,BallCalled,Undefined,Undefined,Undefined,0,0,,70.88128,1.540831,-2.203439,2083.823147,120.684076,10:00,4.21214,2.51992,5.02499,-51.99601,5.05996,-5.7824,1.3345,-0.04215,65.70137,-7.866085,-3.223456,0.543653,,,,,,,,,,,,2.31902,2.60764,-2.30412,50,4.31775,4.16936,-102.84869,1.11484,2.506,15.63865,-29.35616,POM_COL,POM_COL,PomonaPitzer,TeamExclusive,Team,20251017-PomonaPitzer-Private-1,92dae9f0-aba1-11f0-bdec-9ba129dde21b,69.33176,,,5.17991,,,,,,,1281aa50-c58b-434b-a235-220b35bf6a67,2025-10-17,21:38:08.36,2025-10-17T14:38:08.3687936-07:00,2025-10-17T21:38:08.3687936Z,,v3,POM_PIT,POM_PIT,,"Savas, Peter",1000276389,Right,POM_COL,ecc75746-339b-4211-a435-13d12186cbfd,55.47446,-103.67776,7.81933,4.2174,2.67115,-14.67808,-2.52164,4.0365,1.253,,,,,,,,,,,,,,,,,,,,,,,,,,,,,,,,,,,,,,,,,,,,,,,,,,,High,High,High,,,,,
92,2025-10-17,14:38:26.67,2,2,"Brunngraber, Max",1000276385,Right,POM_COL,"Kinney, William",1000092038,Right,POM_COL,Undefined,3,Top,0,1,0,Fastball,Changeup,BallCalled,Undefined,Undefined,Undefined,0,0,,79.80592,0.634016,-2.760213,1609.34237,284.51225,3:30,4.63125,2.49199,5.16799,-47.61117,-2.76831,15.81143,1.26105,1.20993,73.70049,-7.981049,0.040935,0.481968,,,,,,,,,,,,-8.57705,-1.11,-2.2471,50,4.65387,4.93142,-115.836,-0.43765,-11.72757,20.35355,-33.69176,POM_COL,POM_COL,PomonaPitzer,TeamExclusive,Team,20251017-PomonaPitzer-Private-1,9dbbcba0-aba1-11f0-bdec-9ba129dde21b,78.20528,,,6.10543,,,,,,,1281aa50-c58b-434b-a235-220b35bf6a67,2025-10-17,21:38:26.67,2025-10-17T14:38:26.6701312-07:00,2025-10-17T21:38:26.6701312Z,,v3,POM_PIT,POM_PIT,,"Savas, Peter",1000276389,Right,POM_COL,1ee27a13-4f40-4a74-ac72-62dbe265e297,55.3332,-116.76934,10.17678,4.63852,1.10733,-16.84588,-2.48557,5.4692,-5.86378,,,,,,,,,,,,,,,,,,,,,,,,,,,,,,,,,,,,,,,,,,,,,,,,,,,High,High,High,,,,,
93,2025-10-17,14:38:45.77,2,3,"Brunngraber, Max",1000276385,Right,POM_COL,"Kinney, William",1000092038,Right,POM_COL,Undefined,3,Top,0,2,0,Curveball,Curveball,BallCalled,Undefined,Undefined,Undefined,0,0,,63.93731,2.672166,-3.412673,1977.113183,93.7228,9:00,4.26662,2.54778,5.48627,-67.1061,2.73445,-8.56563,1.18067,-1.36256,58.97194,-9.551036,-4.932567,0.601485,,,,,,,,,,,,3.33063,1.32429,-2.24251,50,4.45612,5.79586,-92.57529,2.5073,2.88463,14.07774,-31.02708,POM_COL,POM_COL,PomonaPitzer,TeamExclusive,Team,20251017-PomonaPitzer-Private-1,a9320f80-aba1-11f0-bdec-9ba129dde21b,62.66558,,,4.96537,,,,,,,1281aa50-c58b-434b-a235-220b35bf6a67,2025-10-17,21:38:45.77,2025-10-17T14:38:45.7723904-07:00,2025-10-17T21:38:45.7723904Z,,v3,POM_PIT,POM_PIT,,"Savas, Peter",1000276389,Right,POM_COL,65b27b88-f223-4b66-a29d-3dc9d4b8d85c,55.01202,-93.33434,7.03887,4.27583,4.18024,-15.51354,-2.55082,5.64032,1.44232,,,,,,,,,,,,,,,,,,,,,,,,,,,,,,,,,,,,,,,,,,,,,,,,,,,High,High,High,,,,,
94,2025-10-17,14:39:00.75,2,4,"Brunngraber, Max",1000276385,Right,POM_COL,"Kinney, William",1000092038,Right,POM_COL,Undefined,3,Top,0,3,0,Fastball,Changeup,BallCalled,Walk,Undefined,Undefined,0,0,,84.71082,0.112275,-4.900685,2124.772057,244.399419,2:15,5.23077,2.27136,5.69079,-33.19069,6.04855,10.1539,2.5699,-1.46103,77.85941,-5.993548,-3.09474,0.45085,,,,,,,,,,,,-6.38359,3.4439,-1.86464,50,5.21966,10.09144,-122.6678,-0.89742,-9.79011,22.78401,-26.89234,POM_COL,POM_COL,PomonaPitzer,TeamExclusive,Team,20251017-PomonaPitzer-Private-1,b207def0-aba1-11f0-bdec-9ba129dde21b,83.60314,,,6.85141,,,,,,,1281aa50-c58b-434b-a235-220b35bf6a67,2025-10-17,21:39:00.75,2025-10-17T14:39:00.7527424-07:00,2025-10-17T21:39:00.7527424Z,,v3,POM_PIT,POM_PIT,,"Savas, Peter",1000276389,Right,POM_COL,5edc6fd0-4809-4493-8732-6c7be524be8a,54.80702,-123.55742,11.392,5.2342,0.15261,-13.44617,-2.26613,10.4737,-4.89505,,,,,,,,,,,,,,,,,,,,,,,,,,,,,,,,,,,,,,,,,,,,,,,,,,,High,High,High,,,,,
95,2025-10-17,14:39:25.02,3,1,"Brunngraber, Max",1000276385,Right,POM_COL,"Loui, Shawn",1000474008,Right,POM_COL,Undefined,3,Top,0,0,0,Fastball,Changeup,BallCalled,Undefined,Undefined,Undefined,0,0,,81.41132,-0.166094,-3.966547,1805.736287,276.547355,3:15,4.69741,2.59435,5.13403,-43.99325,-0.54862,16.64406,0.87452,0.24006,74.81018,-8.133124,-1.024737,0.474394,,,,,,,,,,,,-9.37142,0.18173,-2.23531,50,4.64762,7.47857,-117.95545,-1.95339,-13.22507,22.08954,-31.91757,POM_COL,POM_COL,PomonaPitzer,TeamExclusive,Team,20251017-PomonaPitzer-Private-1,c0808d60-aba1-11f0-bdec-9ba129dde21b,79.45382,,,6.60113,,,,,,,1281aa50-c58b-434b-a235-220b35bf6a67,2025-10-17,21:39:25.02,2025-10-17T14:39:25.0211840-07:00,2025-10-17T21:39:25.0211840Z,,v3,POM_PIT,POM_PIT,,"Savas, Peter",1000276389,Right,POM_COL,270f2e31-3701-4f09-bd26-46e5fad4605c,55.36651,-118.95619,11.04477,4.70336,-0.5074,-15.95878,-2.58769,8.07772,-6.61253,,,,,,,,,,,,,,,,,,,,,,,,,,,,,,,,,,,,,,,,,,,,,,,,,,,High,High,High,,,,,
96,2025-10-17,14:39:44.52,3,2,"Brunngraber, Max",1000276385,Right,POM_COL,"Loui, Shawn",1000474008,Right,POM_COL,Undefined,3,Top,0,1,0,Fastball,Changeup,InPlay,Undefined,FlyBall,Out,1,0,,83.96619,0.203321,-4.092607,2059.481071,233.434465,1:45,4.98785,2.48865,5.78183,-31.18726,8.50898,9.87115,2.57857,-0.503,77.19731,-5.563575,-2.330884,0.453467,,,,,,,,,,,,-6.11197,4.64469,-2.15668,50,4.98578,8.31944,-121.76429,-0.58748,-9.23347,22.51024,-25.15722,POM_COL,POM_COL,PomonaPitzer,TeamExclusive,Team,20251017-PomonaPitzer-Private-1,cc39f4c0-aba1-11f0-bdec-9ba129dde21b,83.1205,,,6.76888,,,,,,,1281aa50-c58b-434b-a235-220b35bf6a67,2025-10-17,21:39:44.52,2025-10-17T14:39:44.5275648-07:00,2025-10-17T21:39:44.5275648Z,,v3,POM_PIT,POM_PIT,,"Savas, Peter",1000276389,Right,POM_COL,8e98c187-1c8c-4fc1-b392-2f90f8e8c379,54.71761,-122.63331,11.25512,4.98971,0.38374,-12.57861,-2.48474,8.6759,-4.61673,,,,,,,,,,,,,,,,,,,,,,,,,,,,,,,,,,,,,,,,,,,,,,,,,,,High,High,High,,,,,
97,2025-10-17,14:40:23.69,4,1,"Brunngraber, Max",1000276385,Right,POM_COL,"Gonzaga, Kai",10138924,Left,POM_COL,Undefined,3,Top,1,0,0,Curveball,Curveball,StrikeCalled,Undefined,Undefined,Undefined,0,0,,62.60732,4.504727,-2.172505,1851.109413,90.405443,9:00,4.06465,2.59573,5.03749,-71.63602,2.27945,-6.9313,2.35654,-0.03238,57.63092,-8.463051,-3.392783,0.618784,,,,,,,,,,,,2.8239,0.65291,-2.3825,50,4.43872,3.66625,-90.53874,5.1061,2.35114,12.84232,-31.63046,POM_COL,POM_COL,PomonaPitzer,TeamExclusive,Team,20251017-PomonaPitzer-Private-1,e3919a60-aba1-11f0-bdec-9ba129dde21b,60.91373,,,4.97639,,,,,,,1281aa50-c58b-434b-a235-220b35bf6a67,2025-10-17,21:40:23.69,2025-10-17T14:40:23.6914176-07:00,2025-10-17T21:40:23.6914176Z,,v3,POM_PIT,POM_PIT,,"Savas, Peter",1000276389,Right,POM_COL,e2e7fafd-d90a-4258-b7c9-9694b0993718,55.46082,-91.31004,6.42116,4.07501,7.00579,-15.81523,-2.59845,3.52504,1.17557,,,,,,,,,,,,,,,,,,,,,,,,,,,,,,,,,,,,,,,,,,,,,,,,,,,High,High,High,,,,,
98,2025-10-17,14:40:42.99,4,2,"Brunngraber, Max",1000276385,Right,POM_COL,"Gonzaga, Kai",10138924,Left,POM_COL,Undefined,3,Top,1,0,1,ChangeUp,Changeup,BallCalled,Undefined,Undefined,Undefined,0,0,,72.66679,0.47414,-2.874072,1678.019969,267.970186,3:00,4.29183,2.68587,5.11845,-52.17684,2.20839,15.0304,0.39096,1.22882,67.06767,-8.974417,-0.213857,0.530777,,,,,,,,,,,,-8.28327,1.44917,-2.42771,50,4.29567,4.73159,-105.40537,-0.81768,-9.34537,17.44053,-30.53905,POM_COL,POM_COL,PomonaPitzer,TeamExclusive,Team,20251017-PomonaPitzer-Private-1,ef224410-aba1-11f0-bdec-9ba129dde21b,71.01374,,,5.59912,,,,,,,1281aa50-c58b-434b-a235-220b35bf6a67,2025-10-17,21:40:42.99,2025-10-17T14:40:42.9984768-07:00,2025-10-17T21:40:42.9984768Z,,v3,POM_PIT,POM_PIT,,"Savas, Peter",1000276389,Right,POM_COL,15162a51-008f-4dac-baf6-b0a164f95322,55.38205,-106.29217,8.72027,4.29777,0.73513,-15.26952,-2.68038,5.20677,-4.67269,,,,,,,,,,,,,,,,,,,,,,,,,,,,,,,,,,,,,,,,,,,,,,,,,,,High,High,High,,,,,
99,2025-10-17,14:41:03.76,4,3,"Brunngraber, Max",1000276385,Right,POM_COL,"Gonzaga, Kai",10138924,Left,POM_COL,Undefined,3,Top,1,1,1,Fastball,Changeup,FoulBallNotFieldable,Undefined,Undefined,Undefined,0,0,,79.58715,1.161608,-4.404611,1927.786046,268.63544,3:00,4.43984,2.63673,5.51922,-43.02191,1.79185,16.73666,1.94413,-0.09491,72.97574,-6.71042,-1.431602,0.481811,,,,,,,,,,,,-9.69686,0.9624,-2.2644,50,4.51214,8.2325,-115.30737,0.90853,-13.08705,20.95141,-30.87516,POM_COL,POM_COL,PomonaPitzer,TeamExclusive,Team,20251017-PomonaPitzer-Private-1,fb757a70-aba1-11f0-bdec-9ba129dde21b,78.23068,,,6.61141,,,,,,,1281aa50-c58b-434b-a235-220b35bf6a67,2025-10-17,21:41:03.76,2025-10-17T14:41:03.7606400-07:00,2025-10-17T21:41:03.7606400Z,,v3,POM_PIT,POM_PIT,,"Savas, Peter",1000276389,Right,POM_COL,6e569be6-a8d4-4ac9-b55c-424984f2971b,54.9819,-116.20906,10.47571,4.44444,2.23731,-15.43758,-2.63082,8.79573,-6.54353,,,,,,,,,,,,,,,,,,,,,,,,,,,,,,,,,,,,,,,,,,,,,,,,,,,High,High,High,,,,,
100,2025-10-17,14:41:32.65,4,4,"Brunngraber, Max",1000276385,Right,POM_COL,"Gonzaga, Kai",10138924,Left,POM_COL,Undefined,3,Top,1,1,2,ChangeUp,Changeup,BallCalled,Undefined,Undefined,Undefined,0,0,,74.21368,1.759708,-1.705985,1835.576441,273.271792,3:00,4.4351,2.59346,5.11408,-51.287,0.53126,16.68946,1.82018,2.37664,68.65632,-7.531634,1.247335,0.518099,,,,,,,,,,,,-8.75008,0.2598,-2.44653,50,4.56056,2.57208,-107.76578,1.60196,-10.37916,17.20723,-31.86588,POM_COL,POM_COL,PomonaPitzer,TeamExclusive,Team,20251017-PomonaPitzer-Private-1,0c9cf530-aba2-11f0-bdec-9ba129dde21b,72.75142,,,5.55736,,,,,,,1281aa50-c58b-434b-a235-220b35bf6a67,2025-10-17,21:41:32.65,2025-10-17T14:41:32.6575104-07:00,2025-10-17T21:41:32.6575104Z,,v3,POM_PIT,POM_PIT,,"Savas, Peter",1000276389,Right,POM_COL,0b678e02-8e6e-46d5-b1e2-273bcb05e4fe,55.38738,-108.62259,8.60362,4.44129,3.18868,-15.93294,-2.58746,3.08889,-5.18958,,,,,,,,,,,,,,,,,,,,,,,,,,,,,,,,,,,,,,,,,,,,,,,,,,,High,High,High,,,,,
101,2025-10-17,14:41:51.98,4,5,"Brunngraber, Max",1000276385,Right,POM_COL,"Gonzaga, Kai",10138924,Left,POM_COL,Undefined,3,Top,1,2,2,Curveball,Curveball,BallCalled,Undefined,Undefined,Undefined,0,0,,62.54309,2.840005,-1.056682,1943.596056,93.49978,9:00,4.04664,2.72469,5.12147,-70.86102,2.7602,-7.9226,0.81927,1.06904,57.80138,-9.991654,-2.458383,0.617551,,,,,,,,,,,,3.65288,1.25638,-2.61888,50,4.25868,1.92881,-90.66901,2.52342,3.04212,13.20413,-31.12774,POM_COL,POM_COL,PomonaPitzer,TeamExclusive,Team,20251017-PomonaPitzer-Private-1,184c7180-aba2-11f0-bdec-9ba129dde21b,61.03534,,,4.74171,,,,,,,1281aa50-c58b-434b-a235-220b35bf6a67,2025-10-17,21:41:51.98,2025-10-17T14:41:51.9876608-07:00,2025-10-17T21:41:51.9876608Z,,v3,POM_PIT,POM_PIT,,"Savas, Peter",1000276389,Right,POM_COL,18a5d29c-3a6f-4a4b-a145-1ae23bd68c74,55.37781,-91.44882,6.60207,4.05536,4.36178,-15.56387,-2.72749,1.74914,1.52106,,,,,,,,,,,,,,,,,,,,,,,,,,,,,,,,,,,,,,,,,,,,,,,,,,,High,High,High,,,,,
102,2025-10-17,14:42:11.05,4,6,"Brunngraber, Max",1000276385,Right,POM_COL,"Gonzaga, Kai",10138924,Left,POM_COL,Undefined,3,Top,1,3,2,Slider,Curveball,BallCalled,Walk,Undefined,Undefined,0,0,,71.27752,1.95217,0.955518,2213.291862,109.654169,9:45,4.27686,2.66403,4.79353,-52.70562,4.00484,-6.77256,1.73567,3.00523,66.11164,-7.547362,-0.23571,0.542005,,,,,,,,,,,,3.56689,1.97536,-2.75308,50,4.42558,-1.46836,-103.46671,1.77975,3.91335,15.30935,-30.00683,POM_COL,POM_COL,PomonaPitzer,TeamExclusive,Team,20251017-PomonaPitzer-Private-1,2384e910-aba2-11f0-bdec-9ba129dde21b,69.54265,,,5.16587,,,,,,,1281aa50-c58b-434b-a235-220b35bf6a67,2025-10-17,21:42:11.05,2025-10-17T14:42:11.0546944-07:00,2025-10-17T21:42:11.0546944Z,,v3,POM_PIT,POM_PIT,,"Savas, Peter",1000276389,Right,POM_COL,71bbb9ce-4247-4804-b121-cfa5c8a66cd0,55.70626,-104.30761,7.65468,4.28255,3.42795,-15.00342,-2.66652,-1.6833,1.95667,,,,,,,,,,,,,,,,,,,,,,,,,,,,,,,,,,,,,,,,,,,,,,,,,,,High,High,High,,,,,
103,2025-10-17,14:42:41.05,5,1,"Brunngraber, Max",1000276385,Right,POM_COL,"Hu, Landon",1000261921,Left,POM_COL,Undefined,3,Top,1,0,0,Fastball,Changeup,InPlay,Undefined,LineDrive,Single,0,0,,84.9261,0.070501,-3.839478,2045.325063,237.505643,2:00,4.98008,2.48728,5.63738,-31.44344,7.48315,9.95501,2.42572,-0.27043,78.23219,-5.718912,-2.066455,0.44905,90.42539,6.991222,-1.306499,963.80531,,,,107.39245,107.39245,-2.683618,0.894504,-6.0528,4.11776,-2.16712,50,4.96587,7.86267,-123.19884,-0.91973,-9.37761,22.63219,-25.7944,POM_COL,POM_COL,PomonaPitzer,TeamExclusive,Team,20251017-PomonaPitzer-Private-1,3574e3f0-aba2-11f0-bdec-9ba129dde21b,83.93817,5.29417,,6.6939,,,,0.61899,2.33851,0.3068,1281aa50-c58b-434b-a235-220b35bf6a67,2025-10-17,21:42:41.05,2025-10-17T14:42:41.0587648-07:00,2025-10-17T21:42:41.0587648Z,GroundBall,v3,POM_PIT,POM_PIT,,"Savas, Peter",1000276389,Right,POM_COL,999dfef3-fbf6-474b-80b7-70d7d1a66603,54.86263,-124.0889,11.31609,4.98209,0.0947,-12.8972,-2.48359,8.23147,-4.68881,44.432141,0.61899,131.60339,-15.38119,2.05116,-0.39378,0.0538,-0.00848,0.00118,-3E-05,2.33851,16.1426,-22.9335,2.60622,-0.55053,0.12047,-0.02306,0.00435,-0.00052,0.3068,-3.00143,-4.50981,1.65722,-0.43575,0.10647,-0.02291,0.0046,-0.00056,,,,,,,,,,,,,,,,,,,,,,,High,High,High,High,High,,,
104,2025-10-17,14:43:19.13,6,1,"Brunngraber, Max",1000276385,Right,POM_COL,"Pierantoni, Greg",1000091552,Right,POM_COL,Undefined,3,Top,1,0,0,Slider,Slider,FoulBallNotFieldable,Undefined,Undefined,Undefined,0,0,,72.00192,2.349612,-2.424204,2065.780315,161.224147,11:15,4.40451,2.60979,5.15777,-47.78743,7.57178,-2.00665,2.63712,0.15933,66.15565,-6.36703,-2.778669,0.535508,,,,,,,,,,,,0.35634,3.60914,-2.38172,50,4.58747,4.49177,-104.36459,2.79276,0.39442,16.98319,-28.17938,POM_COL,POM_COL,PomonaPitzer,TeamExclusive,Team,20251017-PomonaPitzer-Private-1,4c352b90-aba2-11f0-bdec-9ba129dde21b,70.38628,,,5.84628,,,,,,,1281aa50-c58b-434b-a235-220b35bf6a67,2025-10-17,21:43:19.13,2025-10-17T14:43:19.1333376-07:00,2025-10-17T21:43:19.1333376Z,,v3,POM_PIT,POM_PIT,,"Savas, Peter",1000276389,Right,POM_COL,e1b59913-7f38-409e-b8b8-80743a17c507,55.34117,-105.23017,8.49159,4.40853,4.22897,-14.08969,-2.61013,4.47167,0.19721,,,,,,,,,,,,,,,,,,,,,,,,,,,,,,,,,,,,,,,,,,,,,,,,,,,High,High,High,,,,,
105,2025-10-17,14:43:42.64,6,2,"Brunngraber, Max",1000276385,Right,POM_COL,"Pierantoni, Greg",1000091552,Right,POM_COL,Undefined,3,Top,1,0,1,Curveball,Curveball,BallCalled,Undefined,Undefined,Undefined,0,0,,63.4004,2.809868,-2.216886,1929.303708,75.141073,8:30,4.0855,2.75816,4.90817,-72.45457,-0.35756,-9.43875,0.70889,-0.12584,58.81444,-10.216837,-3.878316,0.611125,,,,,,,,,,,,4.07414,-0.31102,-2.53307,50,4.29952,3.8719,-91.88149,2.39612,3.4936,13.21892,-32.44076,POM_COL,POM_COL,PomonaPitzer,TeamExclusive,Team,20251017-PomonaPitzer-Private-1,5a22ff20-aba2-11f0-bdec-9ba129dde21b,61.67714,,,4.58596,,,,,,,1281aa50-c58b-434b-a235-220b35bf6a67,2025-10-17,21:43:42.64,2025-10-17T14:43:42.6443264-07:00,2025-10-17T21:43:42.6443264Z,,v3,POM_PIT,POM_PIT,,"Savas, Peter",1000276389,Right,POM_COL,f5613960-dab3-4129-9a45-9571274af46b,55.59256,-92.68259,6.60946,4.09474,4.36212,-16.22038,-2.7613,3.66018,1.7468,,,,,,,,,,,,,,,,,,,,,,,,,,,,,,,,,,,,,,,,,,,,,,,,,,,High,High,High,,,,,
106,2025-10-17,14:44:01.87,6,3,"Brunngraber, Max",1000276385,Right,POM_COL,"Pierantoni, Greg",1000091552,Right,POM_COL,Undefined,3,Top,3,1,1,Fastball,Changeup,HitByPitch,Undefined,Undefined,Undefined,0,0,,81.237,2.093859,-1.698179,1804.487069,270.227144,3:00,4.82951,2.51869,5.14387,-42.59731,1.44811,19.42926,3.25292,2.53843,73.48383,-5.697302,1.739934,0.477663,,,,,,,,,,,,-10.31717,0.41957,-2.37587,50,4.99265,2.68667,-117.70832,2.78512,-14.30102,24.84719,-31.59246,POM_COL,POM_COL,PomonaPitzer,TeamExclusive,Team,20251017-PomonaPitzer-Private-1,659dfdf0-aba2-11f0-bdec-9ba129dde21b,78.91007,,,7.75317,,,,,,,1281aa50-c58b-434b-a235-220b35bf6a67,2025-10-17,21:44:01.87,2025-10-17T14:44:01.8794496-07:00,2025-10-17T21:44:01.8794496Z,,v3,POM_PIT,POM_PIT,,"Savas, Peter",1000276389,Right,POM_COL,f4a53139-43eb-44ca-a580-e4d300a3b278,55.35647,-118.83365,12.4236,4.83411,4.21594,-15.79623,-2.51221,3.33436,-7.15051,,,,,,,,,,,,,,,,,,,,,,,,,,,,,,,,,,,,,,,,,,,,,,,,,,,High,High,High,,,,,
107,2025-10-17,14:46:57.02,1,1,"Wiessinger, Jack",1000276383,Right,POM_COL,"Savas, Peter",1000276389,Right,POM_COL,Undefined,3,Bottom,0,0,0,Fastball,Four-Seam,StrikeCalled,Undefined,Undefined,Undefined,0,0,,90.80763,-2.724045,-2.089952,2151.454335,205.468313,12:45,5.60484,0.17128,5.62601,-18.07509,16.05627,7.14823,1.55311,-1.18407,83.47469,-6.106104,-0.813917,0.420483,,,,,,,,,,,,-4.14984,9.16615,0.00226,50,5.36093,4.48557,-131.70776,-6.8598,-7.33211,26.43909,-15.97884,POM_COL,POM_COL,PomonaPitzer,TeamExclusive,Team,20251017-PomonaPitzer-Private-1,cde53e50-aba2-11f0-bdec-9ba129dde21b,89.64085,,,7.33295,,,,,,,1281aa50-c58b-434b-a235-220b35bf6a67,2025-10-17,21:46:57.02,2025-10-17T14:46:57.0213888-07:00,2025-10-17T21:46:57.0213888Z,,v3,POM_PIT,POM_PIT,,"Lee, Sammy",1000276388,Right,POM_COL,63229bef-c914-4e6e-b410-f042e966b40b,54.87142,-132.68204,13.21954,5.60286,-6.27098,-7.98942,-0.16801,4.75576,-3.66605,,,,,,,,,,,,,,,,,,,,,,,,,,,,,,,,,,,,,,,,,,,,,,,,,,,High,High,High,,,,,
108,2025-10-17,14:47:14.22,1,2,"Wiessinger, Jack",1000276383,Right,POM_COL,"Savas, Peter",1000276389,Right,POM_COL,Undefined,3,Bottom,0,0,1,Slider,Slider,BallCalled,Undefined,Undefined,Undefined,0,0,,80.78017,0.184063,-1.74499,2057.574279,49.413998,7:45,5.49648,0.18506,5.31188,-46.50991,-2.38036,-4.50709,1.7935,-1.82889,73.70745,-8.280758,-2.54595,0.478119,,,,,,,,,,,,1.70984,-0.73567,-0.02351,50,5.47988,3.75765,-117.12604,-1.29446,2.3541,23.95647,-33.18695,POM_COL,POM_COL,PomonaPitzer,TeamExclusive,Team,20251017-PomonaPitzer-Private-1,d8310bf0-aba2-11f0-bdec-9ba129dde21b,78.83482,,,7.07272,,,,,,,1281aa50-c58b-434b-a235-220b35bf6a67,2025-10-17,21:47:14.22,2025-10-17T14:47:14.2267904-07:00,2025-10-17T21:47:14.2267904Z,,v3,POM_PIT,POM_PIT,,"Lee, Sammy",1000276388,Right,POM_COL,49a9fcaf-c9c3-402f-8c53-718a0f72363d,55.18531,-118.18187,11.97824,5.5047,0.16818,-16.59347,-0.18683,3.6539,1.17705,,,,,,,,,,,,,,,,,,,,,,,,,,,,,,,,,,,,,,,,,,,,,,,,,,,High,High,High,,,,,
109,2025-10-17,14:47:45.27,1,3,"Wiessinger, Jack",1000276383,Right,POM_COL,"Savas, Peter",1000276389,Right,POM_COL,Undefined,3,Bottom,0,1,1,Fastball,Sinker,BallCalled,Undefined,Undefined,Undefined,0,0,,90.8708,0.050213,-0.958199,2174.432759,227.215385,1:30,5.69863,0.23094,5.83304,-23.24517,10.36682,10.15201,3.80821,0.18621,83.65372,-4.279306,0.862145,0.417271,,,,,,,,,,,,-5.38831,5.59382,-0.15853,50,5.689,1.76184,-132.10093,-0.68046,-9.60273,25.8919,-22.20506,POM_COL,POM_COL,PomonaPitzer,TeamExclusive,Team,20251017-PomonaPitzer-Private-1,eaa467a0-aba2-11f0-bdec-9ba129dde21b,90.33079,,,7.21708,,,,,,,1281aa50-c58b-434b-a235-220b35bf6a67,2025-10-17,21:47:45.27,2025-10-17T14:47:45.2752896-07:00,2025-10-17T21:47:45.2752896Z,,v3,POM_PIT,POM_PIT,,"Lee, Sammy",1000276388,Right,POM_COL,37004db7-0973-42c9-bbcb-df789d0a3c02,54.66486,-133.0121,12.94595,5.6992,0.10097,-11.10253,-0.22648,2.09978,-4.80136,,,,,,,,,,,,,,,,,,,,,,,,,,,,,,,,,,,,,,,,,,,,,,,,,,,High,High,High,,,,,
110,2025-10-17,14:48:05.27,1,4,"Wiessinger, Jack",1000276383,Right,POM_COL,"Savas, Peter",1000276389,Right,POM_COL,Undefined,3,Bottom,0,2,1,Fastball,Four-Seam,FoulBallNotFieldable,Undefined,Undefined,Undefined,0,0,,91.96682,-2.15734,-0.802343,2219.54513,204.921134,12:45,5.6017,0.30874,5.63812,-16.8719,16.46702,7.15945,2.18197,0.1568,84.14544,-5.335988,0.476912,0.415573,77.28391,-13.469506,-45.833118,,,,,10.63151,10.63151,-37.912125,0.081244,-3.87591,9.28662,-0.24533,50,5.40774,1.55327,-133.49442,-5.57704,-6.99698,28.63129,-15.40941,POM_COL,POM_COL,PomonaPitzer,TeamExclusive,Team,20251017-PomonaPitzer-Private-1,f6a9f330-aba2-11f0-bdec-9ba129dde21b,90.69996,2.15015,,7.82137,,,,2.13299,2.15015,-0.09317,1281aa50-c58b-434b-a235-220b35bf6a67,2025-10-17,21:48:05.27,2025-10-17T14:48:05.2798464-07:00,2025-10-17T21:48:05.2798464Z,GroundBall,v3,POM_PIT,POM_PIT,,"Lee, Sammy",1000276388,Right,POM_COL,3337b6af-f5e4-4757-9c30-e0f28ea43f59,54.86082,-134.5329,14.31564,5.59989,-5.01813,-7.7047,-0.30627,1.80705,-3.49849,180,2.13058,76.98783,,,,,,,,2.15098,-26.46544,,,,,,,,-0.0907,-79.25994,,,,,,,,,,,,,,,,,,,,,,,,,,,,,,High,High,High,Low,Low,,,
111,2025-10-17,14:48:38.43,1,5,"Wiessinger, Jack",1000276383,Right,POM_COL,"Savas, Peter",1000276389,Right,POM_COL,Undefined,3,Bottom,0,2,2,Slider,Slider,FoulBallNotFieldable,Undefined,Undefined,Undefined,0,0,,81.89047,-0.024425,0.031748,2098.129197,65.587966,8:15,5.57077,0.2847,5.22165,-42.56109,0.12429,-2.66,2.00105,0.09288,75.22679,-7.759646,-0.440566,0.470231,,,,,,,,,,,,1.34055,0.45815,-0.28554,50,5.53652,0.04515,-118.8955,-1.59351,1.91833,22.86081,-31.51846,POM_COL,POM_COL,PomonaPitzer,TeamExclusive,Team,20251017-PomonaPitzer-Private-1,0a7f01c0-aba3-11f0-bdec-9ba129dde21b,80.15734,,,6.66368,,,,,,,1281aa50-c58b-434b-a235-220b35bf6a67,2025-10-17,21:48:38.43,2025-10-17T14:48:38.4399872-07:00,2025-10-17T21:48:38.4399872Z,,v3,POM_PIT,POM_PIT,,"Lee, Sammy",1000276388,Right,POM_COL,94c5cd62-66ca-4431-b235-714297799e45,55.2776,-119.90597,11.43041,5.57617,-0.20037,-15.75923,-0.28566,-0.03965,0.95916,,,,,,,,,,,,,,,,,,,,,,,,,,,,,,,,,,,,,,,,,,,,,,,,,,,High,High,High,,,,,
112,2025-10-17,14:48:58.66,1,6,"Wiessinger, Jack",1000276383,Right,POM_COL,"Savas, Peter",1000276389,Right,POM_COL,Undefined,3,Bottom,0,2,2,Curveball,Curveball,BallCalled,Undefined,Undefined,Undefined,0,0,,78.68908,1.415216,1.589485,2135.495766,8.604124,6:15,5.54409,0.38434,5.28116,-59.34708,-12.89335,-2.18012,1.92836,1.6958,72.04433,-9.324608,1.201832,0.490548,,,,,,,,,,,,1.58709,-6.64059,-0.52762,50,5.62863,-3.08394,-114.19412,0.73883,2.07833,22.65725,-40.86998,POM_COL,POM_COL,PomonaPitzer,TeamExclusive,Team,20251017-PomonaPitzer-Private-1,167d3a50-aba3-11f0-bdec-9ba129dde21b,76.83735,,,6.64475,,,,,,,1281aa50-c58b-434b-a235-220b35bf6a67,2025-10-17,21:48:58.66,2025-10-17T14:48:58.6631168-07:00,2025-10-17T21:48:58.6631168Z,,v3,POM_PIT,POM_PIT,,"Lee, Sammy",1000276388,Right,POM_COL,a0b8593d-bff5-434c-bdc6-cf7c94b1a696,55.22169,-115.2255,11.32863,5.55266,2.59927,-20.43499,-0.38508,-3.17855,1.03916,,,,,,,,,,,,,,,,,,,,,,,,,,,,,,,,,,,,,,,,,,,,,,,,,,,High,High,High,,,,,
113,2025-10-17,14:49:18.16,1,7,"Wiessinger, Jack",1000276383,Right,POM_COL,"Savas, Peter",1000276389,Right,POM_COL,Undefined,3,Bottom,0,3,2,Fastball,Four-Seam,FoulBallNotFieldable,Undefined,Undefined,Undefined,0,0,,90.26719,-1.100788,-0.644849,2134.163674,209.965825,1:00,5.58635,0.37749,5.71126,-20.42666,14.18804,7.52796,2.85841,0.40403,82.2555,-4.938019,0.702153,0.423449,94.8682,14.696622,-44.430855,3230.222773,72.08155,21.10594,-83.09152,245.57302,174.33777,-56.796541,2.305434,-4.03599,7.87918,-0.32836,50,5.48172,1.14983,-131.05619,-3.18973,-6.99105,28.74453,-18.52594,POM_COL,POM_COL,PomonaPitzer,TeamExclusive,Team,20251017-PomonaPitzer-Private-1,222144f0-aba3-11f0-bdec-9ba129dde21b,89.01286,21.50725,,8.01169,,,,,,,1281aa50-c58b-434b-a235-220b35bf6a67,2025-10-17,21:49:18.16,2025-10-17T14:49:18.1675008-07:00,2025-10-17T21:49:18.1675008Z,LineDrive,v3,POM_PIT,POM_PIT,,"Lee, Sammy",1000276388,Right,POM_COL,730b3af2-eae6-4f96-bcd6-535f93dfcd40,54.78712,-132.10197,14.37226,5.58551,-2.51572,-9.26297,-0.37482,1.40417,-3.49553,,4.2218,96.10283,-22.91088,3.55212,-0.46086,-0.0967,0.07848,-0.02129,0.00232,4.38359,35.29899,-20.41351,2.67034,-0.54492,0.12755,-0.03229,0.00777,-0.00093,-3.09839,-94.22091,0.66445,1.51253,-0.35126,0.03497,0.00381,0.00016,-0.00026,,,,,,,,,,,,,,,,,,,,,,,High,High,High,Medium,Medium,,,
114,2025-10-17,14:49:38.34,1,8,"Wiessinger, Jack",1000276383,Right,POM_COL,"Savas, Peter",1000276389,Right,POM_COL,Undefined,3,Bottom,0,3,2,Slider,Slider,BallCalled,Walk,Undefined,Undefined,0,0,,81.18923,-1.157464,-0.244952,2127.581007,52.510667,7:45,5.48592,0.33693,5.29816,-45.45652,-1.94591,-4.37394,0.61104,-0.25753,74.55866,-9.39879,-1.023706,0.474754,,,,,,,,,,,,2.1261,-0.23091,-0.31135,50,5.34748,0.68287,-117.82165,-4.00556,2.97281,23.4915,-32.4969,POM_COL,POM_COL,PomonaPitzer,TeamExclusive,Team,20251017-PomonaPitzer-Private-1,2e2dfc70-aba3-11f0-bdec-9ba129dde21b,79.39357,,,6.63057,,,,,,,1281aa50-c58b-434b-a235-220b35bf6a67,2025-10-17,21:49:38.34,2025-10-17T14:49:38.3494656-07:00,2025-10-17T21:49:38.3494656Z,,v3,POM_PIT,POM_PIT,,"Lee, Sammy",1000276388,Right,POM_COL,f4b45c48-5111-4066-b7ef-003e06132a5f,55.20114,-118.85414,11.74575,5.49215,-2.57727,-16.24845,-0.33849,0.55221,1.4864,,,,,,,,,,,,,,,,,,,,,,,,,,,,,,,,,,,,,,,,,,,,,,,,,,,High,High,High,,,,,
115,2025-10-17,14:50:05.98,2,1,"Wiessinger, Jack",1000276383,Right,POM_COL,"Zerger, Justin",10051439,Right,POM_COL,Undefined,3,Bottom,0,0,0,Curveball,Curveball,BallCalled,Undefined,Undefined,Undefined,0,0,,74.52108,4.031101,1.377329,2033.381809,26.208745,6:45,5.57333,0.33504,5.24328,-67.07023,-15.08473,-8.25969,3.77993,0.9414,67.94936,-8.117359,-0.086975,0.518934,,,,,,,,,,,,4.49418,-8.09347,-0.45529,50,5.89447,-2.27083,-107.94161,5.29687,5.27032,19.84814,-41.66526,POM_COL,POM_COL,PomonaPitzer,TeamExclusive,Team,20251017-PomonaPitzer-Private-1,3e9338a0-aba3-11f0-bdec-9ba129dde21b,72.63431,,,6.57172,,,,,,,1281aa50-c58b-434b-a235-220b35bf6a67,2025-10-17,21:50:05.98,2025-10-17T14:50:05.9857408-07:00,2025-10-17T21:50:05.9857408Z,,v3,POM_PIT,POM_PIT,,"Lee, Sammy",1000276388,Right,POM_COL,6d30d495-f58e-40b1-ba9a-a6f228a96fb9,55.25939,-108.90441,9.92407,5.58851,7.31797,-20.83263,-0.33894,-2.52648,2.63516,,,,,,,,,,,,,,,,,,,,,,,,,,,,,,,,,,,,,,,,,,,,,,,,,,,High,High,High,,,,,
116,2025-10-17,14:50:28.09,2,2,"Wiessinger, Jack",1000276383,Right,POM_COL,"Zerger, Justin",10051439,Right,POM_COL,Undefined,3,Bottom,0,1,0,Fastball,Four-Seam,StrikeSwinging,Undefined,Undefined,Undefined,0,0,,90.55303,-2.754293,0.005296,2294.34907,180.416405,12:00,5.5305,0.17811,5.83836,-15.86839,18.43048,0.12567,1.64629,0.1935,82.54749,-5.774189,0.027833,0.421513,,,,,,,,,,,,-0.06244,10.54292,-0.17861,50,5.29664,-0.01762,-131.34464,-6.77984,-0.10869,28.75593,-13.8232,POM_COL,POM_COL,PomonaPitzer,TeamExclusive,Team,20251017-PomonaPitzer-Private-1,4bd3b530-aba3-11f0-bdec-9ba129dde21b,89.42171,,,8.00554,,,,,,,1281aa50-c58b-434b-a235-220b35bf6a67,2025-10-17,21:50:28.09,2025-10-17T14:50:28.0904192-07:00,2025-10-17T21:50:28.0904192Z,,v3,POM_PIT,POM_PIT,,"Lee, Sammy",1000276388,Right,POM_COL,aedbfe81-06b6-43a0-a79b-d6653d641d6b,54.65824,-132.36056,14.37797,5.52754,-6.29148,-6.9116,-0.17806,-0.01378,-0.05435,,,,,,,,,,,,,,,,,,,,,,,,,,,,,,,,,,,,,,,,,,,,,,,,,,,High,High,High,,,,,
117,2025-10-17,14:51:06.15,2,3,"Wiessinger, Jack",1000276383,Right,POM_COL,"Zerger, Justin",10051439,Right,POM_COL,Undefined,3,Bottom,0,1,1,Fastball,Four-Seam,InPlay,Undefined,FlyBall,Double,0,0,,90.40032,-2.423029,-0.7982,2160.648493,197.64855,12:30,5.62373,0.40389,5.58018,-16.3615,18.62001,5.53012,1.99579,0.11923,81.82114,-5.536849,0.188775,0.425687,85.30947,30.985284,29.248044,5635.510774,90.67928,55.69596,62.26703,316.42961,142.76805,45.599428,4.607628,-3.04858,10.53607,-0.33898,50,5.40497,1.57823,-131.00945,-6.04265,-5.24054,30.49789,-14.06238,POM_COL,POM_COL,PomonaPitzer,TeamExclusive,Team,20251017-PomonaPitzer-Private-1,627c7d30-aba3-11f0-bdec-9ba129dde21b,88.54489,67.80904,,8.57919,,,,1.42898,2.42086,-0.22577,1281aa50-c58b-434b-a235-220b35bf6a67,2025-10-17,21:51:06.15,2025-10-17T14:51:06.1510656-07:00,2025-10-17T21:51:06.1510656Z,FlyBall,v3,POM_PIT,POM_PIT,,"Lee, Sammy",1000276388,Right,POM_COL,0da60b6e-e515-4ec0-a5d5-68372c8194d4,54.91642,-132.149,15.24894,5.62094,-5.51722,-7.03119,-0.40161,1.77404,-2.62027,,1.43176,93.52354,-19.79783,4.01594,-0.45842,-0.07781,0.03691,-0.00489,0.00023,2.41858,64.46586,-17.8954,1.37598,-0.37788,0.12619,-0.02308,0.00201,-7E-05,-0.22529,52.39831,1.17063,-1.56351,0.61431,-0.16577,0.03008,-0.00295,0.00011,,,,,,,,,,,,,,,,,,,,,,,High,High,High,Medium,Low,,,
118,2025-10-17,14:52:00.02,3,1,"Wiessinger, Jack",1000276383,Right,POM_COL,"Dillehay, Drew",1000091533,Right,POM_COL,Undefined,3,Bottom,0,0,0,Fastball,Sinker,BallCalled,Undefined,Undefined,Undefined,0,0,,90.93529,-2.992536,-2.001682,2126.470139,227.726908,1:30,5.65116,0.09784,5.55937,-19.53281,14.85552,15.08832,1.2233,-0.5157,83.02419,-6.641849,0.690039,0.422063,,,,,,,,,,,,-8.18182,8.70465,0.06495,50,5.37972,3.92432,-131.78037,-7.5493,-14.35111,28.66912,-16.90589,POM_COL,POM_COL,PomonaPitzer,TeamExclusive,Team,20251017-PomonaPitzer-Private-1,829e5980-aba3-11f0-bdec-9ba129dde21b,89.30529,,,7.9111,,,,,,,1281aa50-c58b-434b-a235-220b35bf6a67,2025-10-17,21:52:00.02,2025-10-17T14:52:00.0247296-07:00,2025-10-17T21:52:00.0247296Z,,v3,POM_PIT,POM_PIT,,"Lee, Sammy",1000276388,Right,POM_COL,6702c06b-20ec-40b8-8e3c-121ff1ef8980,54.93853,-132.85041,14.33456,5.64972,-6.9183,-8.45294,-0.09152,4.45996,-7.17555,,,,,,,,,,,,,,,,,,,,,,,,,,,,,,,,,,,,,,,,,,,,,,,,,,,High,High,High,,,,,
119,2025-10-17,14:52:17.54,3,2,"Wiessinger, Jack",1000276383,Right,POM_COL,"Dillehay, Drew",1000091533,Right,POM_COL,Undefined,3,Bottom,0,1,0,Slider,Slider,StrikeCalled,Undefined,Undefined,Undefined,0,0,,81.49988,0.480816,-0.628926,1998.151708,26.824304,7:00,5.53992,0.29308,5.38958,-44.87373,-1.83736,-1.63811,2.25112,-0.43291,74.50338,-7.705908,-0.920635,0.47216,,,,,,,,,,,,0.63433,-0.59815,-0.23574,50,5.5515,1.36667,-118.27776,-0.61085,0.89391,23.65983,-33.01698,POM_COL,POM_COL,PomonaPitzer,TeamExclusive,Team,20251017-PomonaPitzer-Private-1,8cf99070-aba3-11f0-bdec-9ba129dde21b,79.82981,,,6.99651,,,,,,,1281aa50-c58b-434b-a235-220b35bf6a67,2025-10-17,21:52:17.54,2025-10-17T14:52:17.5428096-07:00,2025-10-17T21:52:17.5428096Z,,v3,POM_PIT,POM_PIT,,"Lee, Sammy",1000276388,Right,POM_COL,fde0eafe-eeb2-4a36-ac48-73bc42180ca0,55.10835,-119.29524,11.82992,5.54724,0.80903,-16.50849,-0.29368,1.32823,0.44696,,,,,,,,,,,,,,,,,,,,,,,,,,,,,,,,,,,,,,,,,,,,,,,,,,,High,High,High,,,,,
120,2025-10-17,14:52:36.96,3,3,"Wiessinger, Jack",1000276383,Right,POM_COL,"Dillehay, Drew",1000091533,Right,POM_COL,Undefined,3,Bottom,0,1,1,Slider,Curveball,StrikeSwinging,Undefined,Undefined,Undefined,0,0,,81.76745,-1.325398,-1.196681,2038.779588,19.721075,6:45,5.53883,0.22795,5.29827,-46.23152,-3.1261,-1.64051,0.44137,-1.03242,74.82622,-9.704525,-1.488763,0.472538,,,,,,,,,,,,0.45909,-0.7737,-0.1179,50,5.38447,2.54442,-118.58055,-4.40802,0.64711,24.79712,-33.26464,POM_COL,POM_COL,PomonaPitzer,TeamExclusive,Team,20251017-PomonaPitzer-Private-1,98a4ee10-aba3-11f0-bdec-9ba129dde21b,79.76586,,,6.94124,,,,,,,1281aa50-c58b-434b-a235-220b35bf6a67,2025-10-17,21:52:36.96,2025-10-17T14:52:36.9629184-07:00,2025-10-17T21:52:36.9629184Z,,v3,POM_PIT,POM_PIT,,"Lee, Sammy",1000276388,Right,POM_COL,921a5c37-e549-4e87-b7cb-b156b27e1aef,55.20101,-119.66323,12.39856,5.54522,-2.95564,-16.63232,-0.22837,2.51617,0.32356,,,,,,,,,,,,,,,,,,,,,,,,,,,,,,,,,,,,,,,,,,,,,,,,,,,High,High,High,,,,,
121,2025-10-17,14:53:02.13,3,4,"Wiessinger, Jack",1000276383,Right,POM_COL,"Dillehay, Drew",1000091533,Right,POM_COL,Undefined,3,Bottom,0,1,2,Fastball,Four-Seam,BallCalled,Undefined,Undefined,Undefined,0,0,,91.62688,-3.34724,-1.445157,2207.24774,199.510513,12:45,5.56624,0.27298,5.75744,-15.90584,17.57084,5.84855,1.12052,-0.58512,83.98817,-6.349858,-0.398083,0.41643,,,,,,,,,,,,-3.38488,10.20343,-0.15682,50,5.27886,3.09744,-132.87144,-8.26517,-6.06177,28.00975,-13.90136,POM_COL,POM_COL,PomonaPitzer,TeamExclusive,Team,20251017-PomonaPitzer-Private-1,a7a39560-aba3-11f0-bdec-9ba129dde21b,90.51318,,,7.63871,,,,,,,1281aa50-c58b-434b-a235-220b35bf6a67,2025-10-17,21:53:02.13,2025-10-17T14:53:02.1395968-07:00,2025-10-17T21:53:02.1395968Z,,v3,POM_PIT,POM_PIT,,"Lee, Sammy",1000276388,Right,POM_COL,bc28a614-5186-4914-85fc-e43d2e6a5705,54.74121,-133.86717,14.00488,5.56389,-7.77099,-6.95068,-0.27076,3.31293,-3.03089,,,,,,,,,,,,,,,,,,,,,,,,,,,,,,,,,,,,,,,,,,,,,,,,,,,High,High,High,,,,,
122,2025-10-17,14:53:20.82,3,5,"Wiessinger, Jack",1000276383,Right,POM_COL,"Dillehay, Drew",1000091533,Right,POM_COL,Undefined,3,Bottom,0,2,2,Slider,Slider,StrikeSwinging,Strikeout,Undefined,Undefined,0,0,,82.43023,-1.456383,0.060277,2077.074312,46.582819,7:30,5.50271,0.27466,5.28984,-44.50739,-1.75343,-3.48961,0.42594,0.04045,74.8065,-9.550895,-0.561078,0.470608,,,,,,,,,,,,1.76988,0.04311,-0.27749,50,5.3377,0.02132,-119.43742,-4.65081,2.51075,26.85322,-32.11291,POM_COL,POM_COL,PomonaPitzer,TeamExclusive,Team,20251017-PomonaPitzer-Private-1,b2ce2a40-aba3-11f0-bdec-9ba129dde21b,80.09303,,,7.62372,,,,,,,1281aa50-c58b-434b-a235-220b35bf6a67,2025-10-17,21:53:20.82,2025-10-17T14:53:20.8211968-07:00,2025-10-17T21:53:20.8211968Z,,v3,POM_PIT,POM_PIT,,"Lee, Sammy",1000276388,Right,POM_COL,89d3fdf2-ce33-4e77-9cc1-3b66589a66b5,55.20755,-120.60255,13.42661,5.50927,-3.25746,-16.05646,-0.27605,-0.08762,1.25538,,,,,,,,,,,,,,,,,,,,,,,,,,,,,,,,,,,,,,,,,,,,,,,,,,,High,High,High,,,,,
123,2025-10-17,14:53:59.31,4,1,"Wiessinger, Jack",1000276383,Right,POM_COL,"Green, Mason",10147543,Right,POM_COL,Undefined,3,Bottom,1,0,0,Fastball,Four-Seam,InPlay,Undefined,GroundBall,Out,1,0,,90.77811,-2.390835,-0.422474,2244.745913,193.496933,12:30,5.62505,0.22117,5.52074,-14.69646,19.59962,4.44756,2.16366,0.1968,83.22138,-5.176385,0.370355,0.421496,66.26256,-2.70528,-9.656265,3302.126447,,,,24.70996,24.70996,-8.81854,0.232566,-2.37768,10.9002,-0.18754,50,5.40743,0.776,-131.76621,-5.95618,-4.19271,27.21664,-12.95312,POM_COL,POM_COL,PomonaPitzer,TeamExclusive,Team,20251017-PomonaPitzer-Private-1,c9b29bb0-aba3-11f0-bdec-9ba129dde21b,89.42534,2.27072,,7.55674,,,,2.6894,2.27072,-0.20222,1281aa50-c58b-434b-a235-220b35bf6a67,2025-10-17,21:53:59.31,2025-10-17T14:53:59.3182208-07:00,2025-10-17T21:53:59.3182208Z,GroundBall,v3,POM_PIT,POM_PIT,,"Lee, Sammy",1000276388,Right,POM_COL,4e97f66a-6d1d-4fb4-af1a-722d6a6eb631,54.97852,-132.79055,13.60832,5.62242,-5.46867,-6.47656,-0.21971,0.9338,-2.09636,343.433722,2.68945,95.69802,-9.75692,,,,,,,2.27203,-4.66169,-21.9914,,,,,,,-0.20245,-16.27045,3.66891,,,,,,,,,,,,,,,,,,,,,,,,,,,,,High,High,High,High,High,,,
124,2025-10-17,14:54:45.77,5,1,"Wiessinger, Jack",1000276383,Right,POM_COL,"Gold, Jack",1000108729,Left,POM_COL,Undefined,3,Bottom,2,0,0,Curveball,Curveball,BallCalled,Undefined,Undefined,Undefined,0,0,,76.66143,3.270034,0.824841,2048.999521,30.701482,7:00,5.55979,0.35628,5.27848,-61.17885,-12.44579,-8.28563,3.53637,0.44053,70.27381,-7.815955,-0.645947,0.502439,,,,,,,,,,,,4.34717,-6.59859,-0.42532,50,5.81354,-1.27047,-111.19869,4.20654,5.43847,20.09775,-40.42913,POM_COL,POM_COL,PomonaPitzer,TeamExclusive,Team,20251017-PomonaPitzer-Private-1,e5590200-aba3-11f0-bdec-9ba129dde21b,75.01894,,,6.38762,,,,,,,1281aa50-c58b-434b-a235-220b35bf6a67,2025-10-17,21:54:45.77,2025-10-17T14:54:45.7733120-07:00,2025-10-17T21:54:45.7733120Z,,v3,POM_PIT,POM_PIT,,"Lee, Sammy",1000276388,Right,POM_COL,895e2c09-72da-4f31-a8de-4fa4dc7650af,55.22383,-112.13886,10.04887,5.57253,6.0978,-20.21456,-0.35993,-1.52488,2.71924,,,,,,,,,,,,,,,,,,,,,,,,,,,,,,,,,,,,,,,,,,,,,,,,,,,High,High,High,,,,,
125,2025-10-17,14:55:40.64,5,2,"Wiessinger, Jack",1000276383,Right,POM_COL,"Gold, Jack",1000108729,Left,POM_COL,Undefined,3,Bottom,2,1,0,Fastball,Four-Seam,BallCalled,Undefined,Undefined,Undefined,0,0,,90.79415,-1.383831,0.748996,2182.248658,193.305816,12:30,5.59707,0.38991,5.63578,-13.76343,20.39092,4.56973,3.15872,1.46954,83.04645,-4.01753,1.565008,0.420624,,,,,,,,,,,,-2.09693,11.00989,-0.45647,50,5.47064,-1.92989,-131.81695,-3.57183,-3.69776,27.432,-12.75911,POM_COL,POM_COL,PomonaPitzer,TeamExclusive,Team,20251017-PomonaPitzer-Private-1,05fe8d40-aba4-11f0-bdec-9ba129dde21b,89.61071,,,7.74769,,,,,,,1281aa50-c58b-434b-a235-220b35bf6a67,2025-10-17,21:55:40.64,2025-10-17T14:55:40.6443520-07:00,2025-10-17T21:55:40.6443520Z,,v3,POM_PIT,POM_PIT,,"Lee, Sammy",1000276388,Right,POM_COL,b3b5c0f1-4c34-4a28-a0a2-c0e096825ce7,54.86071,-132.82464,13.716,5.59324,-3.10313,-6.37956,-0.38808,-1.79406,-1.84888,,,,,,,,,,,,,,,,,,,,,,,,,,,,,,,,,,,,,,,,,,,,,,,,,,,High,High,High,,,,,
126,2025-10-17,14:56:01.37,5,3,"Wiessinger, Jack",1000276383,Right,POM_COL,"Gold, Jack",1000108729,Left,POM_COL,Undefined,3,Bottom,2,2,0,Fastball,Four-Seam,InPlay,Undefined,FlyBall,Out,1,0,,89.33619,-2.160155,0.211089,2153.430805,184.67443,12:15,5.56212,0.22211,5.73234,-18.92918,16.08249,1.22906,1.97205,0.52111,82.24025,-5.705938,0.431125,0.425871,85.55277,36.476818,-12.743974,,104.59512,70.39284,-34.05659,293.88462,277.06523,-25.193994,4.945138,-0.57539,9.09445,-0.24048,50,5.37049,-0.52977,-129.77399,-5.50125,-0.9872,25.62406,-16.57124,POM_COL,POM_COL,PomonaPitzer,TeamExclusive,Team,20251017-PomonaPitzer-Private-1,127466d0-aba4-11f0-bdec-9ba129dde21b,88.50675,84.39316,,7.09593,,,,1.54227,1.6779,-0.35803,1281aa50-c58b-434b-a235-220b35bf6a67,2025-10-17,21:56:01.37,2025-10-17T14:56:01.3790720-07:00,2025-10-17T21:56:01.3790720Z,FlyBall,v3,POM_PIT,POM_PIT,,"Lee, Sammy",1000276388,Right,POM_COL,d4ffec7a-c167-44f8-bbe9-24f9bd3c20d0,54.76713,-130.71188,12.81203,5.56075,-4.89471,-8.28562,-0.22176,-0.49364,-0.4936,148.476056,1.54665,98.3222,-21.61347,4.86319,-0.57195,-0.06296,0.03396,-0.0044,0.00019,1.67757,74.58824,-18.50493,0.66257,0.20457,-0.15189,0.04873,-0.0074,0.00042,-0.35781,-22.25806,-3.71747,1.71048,-0.44838,0.0768,-0.00912,0.0008,-4E-05,,,,,,,,,,,,,,,,,,,,,,,High,High,High,High,Low,,,
127,2025-10-17,14:58:37.82,1,1,"Wallace, William ",1000223433,Right,POM_COL,"Parker, Will",1000474009,Left,POM_COL,Undefined,4,Top,0,0,0,Fastball,Four-Seam,BallCalled,Undefined,Undefined,Undefined,0,0,,92.22887,0.402897,-1.00021,2357.907286,204.447474,12:45,5.94393,1.83769,6.11532,-19.75466,12.86379,5.37315,4.67029,1.36059,83.96314,-3.339718,-0.031963,0.411058,,,,,,,,,,,,-3.02764,6.82977,-1.76359,50,5.96442,2.10289,-133.96363,0.32637,-5.48864,29.59451,-19.79275,POM_COL,POM_COL,PomonaPitzer,TeamExclusive,Team,20251017-PomonaPitzer-Private-1,6f95cd40-aba4-11f0-bdec-9ba129dde21b,91.69616,,,8.26572,,,,,,,1281aa50-c58b-434b-a235-220b35bf6a67,2025-10-17,21:58:37.82,2025-10-17T14:58:37.8226688-07:00,2025-10-17T21:58:37.8226688Z,,v3,POM_PIT,POM_PIT,,"Savas, Peter",1000276389,Right,POM_COL,91659924-d09c-413d-9d77-4332f6d1e35e,54.3804,-134.92785,14.79725,5.94328,0.97124,-9.89637,-1.83501,2.28172,-2.74432,,,,,,,,,,,,,,,,,,,,,,,,,,,,,,,,,,,,,,,,,,,,,,,,,,,High,High,High,,,,,
128,2025-10-17,14:58:53.17,1,2,"Wallace, William ",1000223433,Right,POM_COL,"Parker, Will",1000474009,Left,POM_COL,Undefined,4,Top,0,1,0,Fastball,Four-Seam,BallCalled,Undefined,Undefined,Undefined,0,0,,92.72359,-3.329652,-2.791736,2258.47721,189.692007,12:15,5.91143,1.46569,6.21431,-16.3778,15.82914,2.52807,1.46673,-0.90204,84.95233,-6.434647,-2.33596,0.408457,,,,,,,,,,,,-2.07118,9.42528,-1.25756,50,5.65303,6.44622,-134.40158,-8.30198,-3.79219,28.86524,-14.91718,POM_COL,POM_COL,PomonaPitzer,TeamExclusive,Team,20251017-PomonaPitzer-Private-1,78c1d300-aba4-11f0-bdec-9ba129dde21b,92.28007,,,7.77126,,,,,,,1281aa50-c58b-434b-a235-220b35bf6a67,2025-10-17,21:58:53.17,2025-10-17T14:58:53.1702784-07:00,2025-10-17T21:58:53.1702784Z,,v3,POM_PIT,POM_PIT,,"Savas, Peter",1000276389,Right,POM_COL,b8061925-b787-44c9-8df0-4215f81f59b5,54.28273,-135.31825,14.43262,5.90915,-7.82825,-7.45859,-1.46418,6.56665,-1.89609,,,,,,,,,,,,,,,,,,,,,,,,,,,,,,,,,,,,,,,,,,,,,,,,,,,High,High,High,,,,,
129,2025-10-17,14:59:21.85,1,3,"Wallace, William ",1000223433,Right,POM_COL,"Parker, Will",1000474009,Left,POM_COL,Undefined,4,Top,0,2,0,Fastball,Four-Seam,StrikeSwinging,Undefined,Undefined,Undefined,0,0,,93.02235,-3.3441,-2.830848,2419.355812,203.131653,12:45,5.90283,1.52831,6.22765,-19.83627,12.09091,4.73977,1.1572,-0.69063,85.46371,-7.062431,-1.975656,0.406679,,,,,,,,,,,,-3.22799,7.49008,-1.31901,50,5.64257,6.4719,-134.88001,-8.51575,-5.96086,28.67807,-18.34278,POM_COL,POM_COL,PomonaPitzer,TeamExclusive,Team,20251017-PomonaPitzer-Private-1,89eb4990-aba4-11f0-bdec-9ba129dde21b,92.68352,,,7.55864,,,,,,,1281aa50-c58b-434b-a235-220b35bf6a67,2025-10-17,21:59:21.85,2025-10-17T14:59:21.8552320-07:00,2025-10-17T21:59:21.8552320Z,,v3,POM_PIT,POM_PIT,,"Savas, Peter",1000276389,Right,POM_COL,03c1f1e3-2be5-4a02-8825-4dc6df7fe805,54.27097,-135.78506,14.33904,5.90218,-7.93687,-9.17139,-1.52622,6.66002,-2.98043,,,,,,,,,,,,,,,,,,,,,,,,,,,,,,,,,,,,,,,,,,,,,,,,,,,High,High,High,,,,,
130,2025-10-17,14:59:38.73,1,4,"Wallace, William ",1000223433,Right,POM_COL,"Parker, Will",1000474009,Left,POM_COL,Undefined,4,Top,0,2,1,Curveball,Curveball,BallCalled,Undefined,Undefined,Undefined,0,0,,80.4076,0.026166,0.617622,2438.787944,46.842415,7:30,5.90233,1.5238,5.3243,-56.71479,-12.38957,-14.72733,1.20066,0.87611,73.93054,-10.217006,-2.008492,0.479178,,,,,,,,,,,,7.57225,-5.79071,-1.5687,50,5.8636,-0.65862,-116.78005,-2.00743,10.38097,23.48216,-40.11268,POM_COL,POM_COL,PomonaPitzer,TeamExclusive,Team,20251017-PomonaPitzer-Private-1,941118a0-aba4-11f0-bdec-9ba129dde21b,78.66064,,,6.47706,,,,,,,1281aa50-c58b-434b-a235-220b35bf6a67,2025-10-17,21:59:38.73,2025-10-17T14:59:38.7351040-07:00,2025-10-17T21:59:38.7351040Z,,v3,POM_PIT,POM_PIT,,"Savas, Peter",1000276389,Right,POM_COL,a3f8e697-4c36-4960-84c3-c932c3ff3685,55.17815,-117.81667,11.74108,5.91313,-0.23666,-20.05634,-1.52951,-1.11689,5.19049,,,,,,,,,,,,,,,,,,,,,,,,,,,,,,,,,,,,,,,,,,,,,,,,,,,High,High,High,,,,,
131,2025-10-17,14:59:55.35,1,5,"Wallace, William ",1000223433,Right,POM_COL,"Parker, Will",1000474009,Left,POM_COL,Undefined,4,Top,0,3,1,Fastball,Four-Seam,BallCalled,Walk,Undefined,Undefined,0,0,,92.74414,-0.197198,-2.276652,2237.657785,207.117854,1:00,5.97334,1.59524,6.12412,-17.34316,14.78591,7.06528,4.34564,0.07831,84.81143,-3.492498,-1.004466,0.407963,,,,,,,,,,,,-4.23941,7.97815,-1.42445,50,5.94904,5.04882,-134.71047,-0.98555,-7.80918,28.59539,-17.47797,POM_COL,POM_COL,PomonaPitzer,TeamExclusive,Team,20251017-PomonaPitzer-Private-1,9dd28090-aba4-11f0-bdec-9ba129dde21b,92.39189,,,7.93271,,,,,,,1281aa50-c58b-434b-a235-220b35bf6a67,2025-10-17,21:59:55.35,2025-10-17T14:59:55.3563136-07:00,2025-10-17T21:59:55.3563136Z,,v3,POM_PIT,POM_PIT,,"Savas, Peter",1000276389,Right,POM_COL,f4a0a29f-665a-44ef-a7ad-706076f77096,54.37302,-135.63557,14.2977,5.97178,-0.42011,-8.73898,-1.59188,5.30145,-3.90459,,,,,,,,,,,,,,,,,,,,,,,,,,,,,,,,,,,,,,,,,,,,,,,,,,,High,High,High,,,,,
132,2025-10-17,15:00:22.52,2,1,"Wallace, William ",1000223433,Right,POM_COL,"Heath, Emmett",1000111182,Left,POM_COL,Undefined,4,Top,0,0,0,Fastball,Four-Seam,BallCalled,Undefined,Undefined,Undefined,0,0,,92.75596,-0.573843,-2.93013,2396.256592,208.915509,1:00,5.97457,1.45497,6.21259,-19.05871,12.99623,6.63028,3.85604,-0.69902,84.85343,-4.179916,-1.735171,0.407492,,,,,,,,,,,,-4.21378,7.18914,-1.23828,50,5.92184,6.61008,-134.67221,-1.9372,-7.75411,28.70101,-18.94476,POM_COL,POM_COL,PomonaPitzer,TeamExclusive,Team,20251017-PomonaPitzer-Private-1,ae056220-aba4-11f0-bdec-9ba129dde21b,92.4986,,,7.90253,,,,,,,1281aa50-c58b-434b-a235-220b35bf6a67,2025-10-17,22:00:22.52,2025-10-17T15:00:22.5249280-07:00,2025-10-17T22:00:22.5249280Z,,v3,POM_PIT,POM_PIT,,"Savas, Peter",1000276389,Right,POM_COL,5a29197f-b7e9-404e-96e2-553d8bacf097,54.28485,-135.58231,14.35051,5.97374,-1.33647,-9.47238,-1.45178,6.85596,-3.87705,,,,,,,,,,,,,,,,,,,,,,,,,,,,,,,,,,,,,,,,,,,,,,,,,,,High,High,High,,,,,
133,2025-10-17,15:00:39.00,2,2,"Wallace, William ",1000223433,Right,POM_COL,"Heath, Emmett",1000111182,Left,POM_COL,Undefined,4,Top,0,1,0,Slider,Slider,BallCalled,Undefined,Undefined,Undefined,0,0,,85.1203,-3.0123,-1.819038,2292.057509,231.916868,1:45,5.94132,1.49316,5.59265,-36.606,2.36898,1.51508,0.07422,-0.07959,78.75248,-9.662968,-1.548004,0.449329,,,,,,,,,,,,-1.26437,2.35366,-1.33813,50,5.65863,3.85949,-123.4667,-7.79195,-1.95699,23.95975,-28.53107,POM_COL,POM_COL,PomonaPitzer,TeamExclusive,Team,20251017-PomonaPitzer-Private-1,b7e8f810-aba4-11f0-bdec-9ba129dde21b,83.88606,,,6.36783,,,,,,,1281aa50-c58b-434b-a235-220b35bf6a67,2025-10-17,22:00:39.00,2025-10-17T15:00:39.0097920-07:00,2025-10-17T22:00:39.0097920Z,,v3,POM_PIT,POM_PIT,,"Savas, Peter",1000276389,Right,POM_COL,c7480a34-64e0-4c74-9c0b-0e653cd279dc,54.90729,-124.41536,11.97988,5.94478,-6.6623,-14.26554,-1.49247,3.93698,-0.97849,,,,,,,,,,,,,,,,,,,,,,,,,,,,,,,,,,,,,,,,,,,,,,,,,,,High,High,High,,,,,
134,2025-10-17,15:01:01.74,2,3,"Wallace, William ",1000223433,Right,POM_COL,"Heath, Emmett",1000111182,Left,POM_COL,Undefined,4,Top,0,2,0,Fastball,Four-Seam,FoulBallNotFieldable,Undefined,Undefined,Undefined,0,0,,90.95621,-1.067476,-2.42368,2296.419099,205.816079,12:45,5.96009,1.35616,6.18158,-17.8193,15.51284,7.00638,3.48842,-0.29939,83.30136,-4.452246,-1.160742,0.415531,,,,,,,,,,,,-4.27882,8.63323,-1.17653,50,5.87025,5.30147,-132.11086,-2.98546,-7.58115,27.47928,-16.87782,POM_COL,POM_COL,PomonaPitzer,TeamExclusive,Team,20251017-PomonaPitzer-Private-1,c57d6100-aba4-11f0-bdec-9ba129dde21b,90.70918,,,7.65484,,,,,,,1281aa50-c58b-434b-a235-220b35bf6a67,2025-10-17,22:01:01.74,2025-10-17T15:01:01.7426432-07:00,2025-10-17T22:01:01.7426432Z,,v3,POM_PIT,POM_PIT,,"Savas, Peter",1000276389,Right,POM_COL,10be2c9e-5821-46b5-a05b-fcce625ad141,54.31663,-133.00569,13.73964,5.95852,-2.43585,-8.43891,-1.35319,5.54834,-3.79057,,,,,,,,,,,,,,,,,,,,,,,,,,,,,,,,,,,,,,,,,,,,,,,,,,,High,High,High,,,,,
135,2025-10-17,15:01:26.15,2,4,"Wallace, William ",1000223433,Right,POM_COL,"Heath, Emmett",1000111182,Left,POM_COL,Undefined,4,Top,0,2,1,Fastball,Four-Seam,InPlay,Undefined,FlyBall,FieldersChoice,1,0,,93.06963,-1.553179,-1.730516,2203.600985,203.196765,12:45,5.9487,1.51672,6.00881,-16.09753,15.95206,6.40843,3.16731,0.44705,85.20512,-4.610977,-0.578277,0.407458,81.1122,31.448585,-3.959766,,108.99206,56.83032,-14.85607,297.86477,297.86477,-13.224782,4.364918,-3.77323,8.9376,-1.38434,50,5.81785,3.80811,-135.17955,-4.15563,-6.99509,28.94825,-15.60495,POM_COL,POM_COL,PomonaPitzer,TeamExclusive,Team,20251017-PomonaPitzer-Private-1,d4113890-aba4-11f0-bdec-9ba129dde21b,92.50639,65.68425,,7.86451,,,,0.2909,3.13063,-0.43927,1281aa50-c58b-434b-a235-220b35bf6a67,2025-10-17,22:01:26.15,2025-10-17T15:01:26.1519872-07:00,2025-10-17T22:01:26.1519872Z,FlyBall,v3,POM_PIT,POM_PIT,,"Savas, Peter",1000276389,Right,POM_COL,13aad65c-d731-4530-a2fd-91aaeeea248b,54.48977,-136.13763,14.47412,5.94684,-3.63917,-7.80248,-1.5142,4.03963,-3.49754,151.022651,0.2907,101.25475,-17.30086,4.22323,-0.98331,0.24748,-0.05539,0.00779,-0.00046,3.13205,62.03046,-16.49704,0.35898,0.33953,-0.2186,0.0642,-0.00923,0.00052,-0.43932,-7.00684,-4.34161,1.10032,-0.25828,0.06239,-0.01317,0.00178,-0.0001,,,,,,,,,,,,,,,,,,,,,,,High,High,High,High,High,,,
136,2025-10-17,15:02:08.39,3,1,"Wallace, William ",1000223433,Right,POM_COL,"Lee, Sammy",1000276388,Right,POM_COL,Undefined,4,Top,1,0,0,Slider,Slider,StrikeCalled,Undefined,Undefined,Undefined,0,0,,85.83822,-0.169102,-1.980856,2213.009062,22.833186,6:45,5.93444,1.4298,5.7007,-38.81136,-0.20787,-0.64626,2.54249,-0.47058,77.97877,-7.307408,-2.096484,0.447182,,,,,,,,,,,,-0.29,0.40606,-1.2632,50,5.89659,4.33286,-124.47425,-1.7595,-0.44988,27.59839,-31.54408,POM_COL,POM_COL,PomonaPitzer,TeamExclusive,Team,20251017-PomonaPitzer-Private-1,ed25d070-aba4-11f0-bdec-9ba129dde21b,84.28875,,,7.85945,,,,,,,1281aa50-c58b-434b-a235-220b35bf6a67,2025-10-17,22:02:08.39,2025-10-17T15:02:08.3934208-07:00,2025-10-17T22:02:08.3934208Z,,v3,POM_PIT,POM_PIT,,"Savas, Peter",1000276389,Right,POM_COL,abebc01f-0152-4554-9b38-c58f521f9312,54.79539,-125.53298,13.79919,5.94088,-0.5494,-15.77204,-1.42974,4.35012,-0.22494,,,,,,,,,,,,,,,,,,,,,,,,,,,,,,,,,,,,,,,,,,,,,,,,,,,High,High,High,,,,,
137,2025-10-17,15:02:25.92,3,2,"Wallace, William ",1000223433,Right,POM_COL,"Lee, Sammy",1000276388,Right,POM_COL,Undefined,4,Top,1,0,1,Curveball,Curveball,BallinDirt,Undefined,Undefined,Undefined,0,0,,80.86001,-1.16594,-1.564325,2541.497565,28.973871,7:00,5.94297,1.38948,5.2321,-58.49294,-14.23729,-8.68993,-0.02798,-0.8055,74.34952,-11.665217,-3.112133,0.478802,,,,,,,,,,,,3.88988,-6.43469,-1.23861,50,5.79133,3.55559,-117.30038,-4.53007,5.35048,24.83405,-41.0248,POM_COL,POM_COL,PomonaPitzer,TeamExclusive,Team,20251017-PomonaPitzer-Private-1,f7acab40-aba4-11f0-bdec-9ba129dde21b,78.72243,,,6.51049,,,,,,,1281aa50-c58b-434b-a235-220b35bf6a67,2025-10-17,22:02:25.92,2025-10-17T15:02:25.9250000-07:00,2025-10-17T22:02:25.9250000Z,,v3,POM_PIT,POM_PIT,,"Savas, Peter",1000276389,Right,POM_COL,57c0fda6-c024-40a1-bf18-83ff0dc145fd,55.27031,-118.41092,12.41702,5.95289,-2.6955,-20.5124,-1.39226,3.31633,2.67524,,,,,,,,,,,,,,,,,,,,,,,,,,,,,79.09156,,,,,,,-1.11547,5.81201,1.63545,,,,-1.03087,114.63731,-9.48216,5.81486,6.2667,-10.74511,1.60114,-5.00974,3.04529,High,High,High,,,High,High,Medium
138,2025-10-17,15:02:50.50,3,3,"Wallace, William ",1000223433,Right,POM_COL,"Lee, Sammy",1000276388,Right,POM_COL,Undefined,4,Top,1,1,1,Slider,Slider,FoulBallNotFieldable,Undefined,Undefined,Undefined,0,0,,84.68771,-2.343808,-1.926837,2277.176515,49.98037,7:45,5.97303,1.49993,5.59489,-38.4186,0.90512,-0.33004,0.5807,-0.32726,78.34352,-9.327328,-1.985859,0.451335,,,,,,,,,,,,-0.35209,1.40673,-1.33448,50,5.74662,4.14835,-122.91292,-6.38566,-0.54008,23.75076,-30.01624,POM_COL,POM_COL,PomonaPitzer,TeamExclusive,Team,20251017-PomonaPitzer-Private-1,0652f960-aba5-11f0-bdec-9ba129dde21b,83.5133,,,6.34419,,,,,,,1281aa50-c58b-434b-a235-220b35bf6a67,2025-10-17,22:02:50.50,2025-10-17T15:02:50.5084416-07:00,2025-10-17T22:02:50.5084416Z,,v3,POM_PIT,POM_PIT,,"Savas, Peter",1000276389,Right,POM_COL,1c738240-9c3d-4573-bbe6-00575c8f0605,54.90567,-123.85723,11.87538,5.97678,-5.19225,-15.00812,-1.49984,4.16983,-0.27004,,,,,,,,,,,,,,,,,,,,,,,,,,,,,,,,,,,,,,,,,,,,,,,,,,,High,High,High,,,,,
139,2025-10-17,15:03:17.86,3,4,"Wallace, William ",1000223433,Right,POM_COL,"Lee, Sammy",1000276388,Right,POM_COL,Undefined,4,Top,1,1,2,Fastball,Four-Seam,FoulBallNotFieldable,Undefined,Undefined,Undefined,0,0,,93.47081,-2.652796,-2.597835,2310.312831,185.848837,12:15,5.93036,1.38975,6.31284,-16.01654,15.578,1.49118,2.14781,-0.88057,85.40725,-5.705699,-2.32847,0.404555,,,,,,,,,,,,-1.50992,9.16276,-1.20015,50,5.72802,6.08951,-135.59332,-6.74432,-2.80605,30.14253,-15.14598,POM_COL,POM_COL,PomonaPitzer,TeamExclusive,Team,20251017-PomonaPitzer-Private-1,169da8b0-aba5-11f0-bdec-9ba129dde21b,93.17015,,,8.06356,,,,,,,1281aa50-c58b-434b-a235-220b35bf6a67,2025-10-17,22:03:17.86,2025-10-17T15:03:17.8657792-07:00,2025-10-17T22:03:17.8657792Z,,v3,POM_PIT,POM_PIT,,"Savas, Peter",1000276389,Right,POM_COL,c84a08d2-6604-4263-a2f1-0d95559eb9fc,54.18469,-136.52041,15.07127,5.92828,-6.27847,-7.57299,-1.38877,6.17581,-1.40302,,,,,,,,,,,,,,,,,,,,,,,,,,,,,,,,,,,,,,,,,,,,,,,,,,,High,High,High,,,,,
140,2025-10-17,15:03:41.53,3,5,"Wallace, William ",1000223433,Right,POM_COL,"Lee, Sammy",1000276388,Right,POM_COL,Undefined,4,Top,1,1,2,Fastball,Four-Seam,BallCalled,Undefined,Undefined,Undefined,0,0,,92.73937,0.066933,-2.066542,2263.98017,190.834542,12:15,5.99638,1.39906,6.17913,-17.6734,14.38969,2.56591,4.58545,-0.29632,84.80992,-3.291051,-1.604041,0.407543,,,,,,,,,,,,-1.87961,7.71756,-1.24412,50,5.99227,4.7508,-134.72524,-0.37235,-3.46233,28.65942,-17.95782,POM_COL,POM_COL,PomonaPitzer,TeamExclusive,Team,20251017-PomonaPitzer-Private-1,249e6800-aba5-11f0-bdec-9ba129dde21b,92.48691,,,7.92945,,,,,,,1281aa50-c58b-434b-a235-220b35bf6a67,2025-10-17,22:03:41.53,2025-10-17T15:03:41.5345664-07:00,2025-10-17T22:03:41.5345664Z,,v3,POM_PIT,POM_PIT,,"Savas, Peter",1000276389,Right,POM_COL,0e245879-6eaf-49f8-b8f8-7c209fbd33b6,54.31776,-135.64062,14.32971,5.99501,0.20123,-8.97891,-1.39763,4.86139,-1.73116,,,,,,,,,,,,,,,,,,,,,,,,,,,,,,,,,,,,,,,,,,,,,,,,,,,High,High,High,,,,,
141,2025-10-17,15:03:58.85,3,6,"Wallace, William ",1000223433,Right,POM_COL,"Lee, Sammy",1000276388,Right,POM_COL,Undefined,4,Top,1,2,2,Slider,Slider,FoulBallNotFieldable,Undefined,Undefined,Undefined,0,0,,84.01711,-1.203899,-1.730052,2175.748429,293.788449,3:45,5.89206,1.37525,5.93679,-38.45876,0.85543,0.69043,1.56964,-0.17267,77.68544,-8.261521,-1.605853,0.45128,74.33308,-32.985082,-115.986554,,,,,2.52271,2.06164,-61.209553,0.028607,-0.81784,1.07138,-1.23762,50,5.774,3.66182,-122.10968,-3.84132,-1.23995,23.11313,-30.54969,POM_COL,POM_COL,PomonaPitzer,TeamExclusive,Team,20251017-PomonaPitzer-Private-1,2f17fc60-aba5-11f0-bdec-9ba129dde21b,83.52339,1.70167,,6.33167,,,,2.36375,1.70167,0.14589,1281aa50-c58b-434b-a235-220b35bf6a67,2025-10-17,22:03:58.85,2025-10-17T15:03:58.8509184-07:00,2025-10-17T22:03:58.8509184Z,GroundBall,v3,POM_PIT,POM_PIT,,"Savas, Peter",1000276389,Right,POM_COL,e0467ace-177a-47d0-9a90-77a08616cb22,54.56397,-122.97052,11.55656,5.89588,-2.70351,-15.27484,-1.37487,3.70801,-0.61998,,2.36415,-40.15714,,,,,,,,1.70227,-59.48392,,,,,,,,0.14672,-82.3834,,,,,,,,,,,,,,,,,,,,,,,,,,,,,,High,High,High,Estimated,Estimated,,,
142,2025-10-17,15:04:23.91,3,7,"Wallace, William ",1000223433,Right,POM_COL,"Lee, Sammy",1000276388,Right,POM_COL,Undefined,4,Top,1,2,2,Fastball,Four-Seam,FoulBallNotFieldable,Undefined,Undefined,Undefined,0,0,,92.28149,-2.492882,-2.413427,2308.029881,205.485959,12:45,5.98309,1.23785,5.96111,-17.12147,15.55733,6.93244,2.24122,-0.42367,84.67421,-5.724008,-1.168685,0.411438,,,,,,,,,,,,-4.20418,8.96737,-1.05012,50,5.77542,5.34474,-133.90388,-6.36526,-7.66057,27.94295,-15.83428,POM_COL,POM_COL,PomonaPitzer,TeamExclusive,Team,20251017-PomonaPitzer-Private-1,3dfa4210-aba5-11f0-bdec-9ba129dde21b,91.61145,,,7.60728,,,,,,,1281aa50-c58b-434b-a235-220b35bf6a67,2025-10-17,22:04:23.91,2025-10-17T15:04:23.9109120-07:00,2025-10-17T22:04:23.9109120Z,,v3,POM_PIT,POM_PIT,,"Savas, Peter",1000276389,Right,POM_COL,c81e64b5-8556-41d7-bf54-3866778fa1e4,54.5373,-134.84739,13.97148,5.98132,-5.8306,-7.91714,-1.23496,5.60341,-3.83029,,,,,,,,,,,,,,,,,,,,,,,,,,,,,,,,,,,,,,,,,,,,,,,,,,,High,High,High,,,,,
143,2025-10-17,15:04:46.79,3,8,"Wallace, William ",1000223433,Right,POM_COL,"Lee, Sammy",1000276388,Right,POM_COL,Undefined,4,Top,1,2,2,Curveball,Curveball,StrikeSwinging,Strikeout,Undefined,Undefined,0,0,,79.6788,0.167795,-0.789003,2500.54556,19.711723,6:45,6.01576,1.33315,5.24196,-61.94078,-16.67505,-6.48638,1.01174,0.05105,73.43943,-10.974296,-1.94446,0.484235,,,,,,,,,,,,3.00177,-7.91528,-1.2557,50,5.98499,1.85926,-115.72173,-1.93934,4.04196,23.00838,-42.83217,POM_COL,POM_COL,PomonaPitzer,TeamExclusive,Team,20251017-PomonaPitzer-Private-1,4babf700-aba5-11f0-bdec-9ba129dde21b,77.83913,,,6.23937,,,,,,,1281aa50-c58b-434b-a235-220b35bf6a67,2025-10-17,22:04:46.79,2025-10-17T15:04:46.7901952-07:00,2025-10-17T22:04:46.7901952Z,,v3,POM_PIT,POM_PIT,,"Savas, Peter",1000276389,Right,POM_COL,8215eb8f-2c98-4752-bfc9-f65232e86374,55.26115,-116.76309,11.50419,6.0289,-0.00075,-21.41608,-1.33571,1.67632,2.02098,,,,,,,,,,,,,,,,,,,,,,,,,,,,,,,,,,,,,,,,,,,,,,,,,,,High,High,High,,,,,
144,2025-10-17,15:05:12.97,4,1,"Wallace, William ",1000223433,Right,POM_COL,"Cassidy, Caleb",10304248,Right,POM_COL,Undefined,4,Top,2,0,0,Fastball,Four-Seam,BallCalled,Undefined,Undefined,Undefined,0,0,,92.77642,-0.366592,-2.532559,2383.604426,196.974716,12:30,6.0297,1.32709,6.2014,-16.11009,15.99965,4.57414,4.34846,-0.631,84.63107,-3.447992,-1.708112,0.40784,,,,,,,,,,,,-3.06382,8.68245,-1.13882,50,5.99382,5.76232,-134.71118,-1.32217,-5.62704,29.40869,-16.22785,POM_COL,POM_COL,PomonaPitzer,TeamExclusive,Team,20251017-PomonaPitzer-Private-1,5b23c5f0-aba5-11f0-bdec-9ba129dde21b,92.41967,,,8.14535,,,,,,,1281aa50-c58b-434b-a235-220b35bf6a67,2025-10-17,22:05:12.97,2025-10-17T15:05:12.9746944-07:00,2025-10-17T22:05:12.9746944Z,,v3,POM_PIT,POM_PIT,,"Savas, Peter",1000276389,Right,POM_COL,21f90e56-cf50-49f7-8a75-7ff193f7dd9b,54.29558,-135.6457,14.70434,6.02764,-0.8065,-8.11393,-1.32477,5.94113,-2.81352,,,,,,,,,,,,,,,,,,,,,,,,,,,,,,,,,,,,,,,,,,,,,,,,,,,High,High,High,,,,,
145,2025-10-17,15:05:53.35,4,2,"Wallace, William ",1000223433,Right,POM_COL,"Cassidy, Caleb",10304248,Right,POM_COL,Undefined,4,Top,2,1,0,Fastball,Four-Seam,BallCalled,Undefined,Undefined,Undefined,0,0,,93.19942,-0.939227,-3.575103,2286.655143,200.473089,12:45,5.97386,1.45636,6.0689,-15.23769,16.98473,5.93674,3.83313,-1.36158,84.55332,-3.864151,-2.509506,0.408555,,,,,,,,,,,,-4.08075,9.3167,-1.18204,50,5.89266,8.17379,-135.06471,-2.64656,-7.49487,30.99499,-15.0627,POM_COL,POM_COL,PomonaPitzer,TeamExclusive,Team,20251017-PomonaPitzer-Private-1,732f7950-aba5-11f0-bdec-9ba129dde21b,92.25795,,,8.6461,,,,,,,1281aa50-c58b-434b-a235-220b35bf6a67,2025-10-17,22:05:53.35,2025-10-17T15:05:53.3522432-07:00,2025-10-17T22:05:53.3522432Z,,v3,POM_PIT,POM_PIT,,"Savas, Peter",1000276389,Right,POM_COL,271694b0-f439-4a18-98b7-dfe5739d0299,54.42654,-136.07673,15.4975,5.97104,-2.15474,-7.53135,-1.45292,8.41851,-3.74743,,,,,,,,,,,,,,,,,,,,,,,,,,,,,,,,,,,,,,,,,,,,,,,,,,,High,High,High,,,,,
146,2025-10-17,15:06:11.09,4,3,"Wallace, William ",1000223433,Right,POM_COL,"Cassidy, Caleb",10304248,Right,POM_COL,Undefined,4,Top,2,2,0,Slider,Slider,StrikeSwinging,Undefined,Undefined,Undefined,0,0,,85.47827,-1.718092,-2.291372,2221.956565,102.526972,9:30,5.91394,1.47098,5.74616,-36.91959,1.51272,-1.52299,1.23597,-0.79039,78.81178,-8.469032,-2.564179,0.44619,,,,,,,,,,,,0.14803,1.60209,-1.27957,50,5.74845,5.02636,-124.06615,-5.01157,0.23103,24.53948,-29.67394,POM_COL,POM_COL,PomonaPitzer,TeamExclusive,Team,20251017-PomonaPitzer-Private-1,7de7c460-aba5-11f0-bdec-9ba129dde21b,84.47626,,,6.66649,,,,,,,1281aa50-c58b-434b-a235-220b35bf6a67,2025-10-17,22:06:11.09,2025-10-17T15:06:11.0932992-07:00,2025-10-17T22:06:11.0932992Z,,v3,POM_PIT,POM_PIT,,"Savas, Peter",1000276389,Right,POM_COL,483711b5-4606-411d-8e43-72937f1b857b,54.75307,-125.00274,12.26974,5.91811,-3.87902,-14.83697,-1.47124,5.01754,0.11552,,,,,,,,,,,,,,,,,,,,,,,,,,,,,,,,,,,,,,,,,,,,,,,,,,,High,High,High,,,,,
147,2025-10-17,15:06:27.98,4,4,"Wallace, William ",1000223433,Right,POM_COL,"Cassidy, Caleb",10304248,Right,POM_COL,Undefined,4,Top,2,2,1,Slider,Slider,StrikeSwinging,Undefined,Undefined,Undefined,0,0,,85.29102,-0.762234,-2.012334,2265.775924,313.173054,4:30,6.00483,1.4269,5.58581,-38.33998,0.51087,0.74154,2.09756,-0.39124,78.38744,-7.769865,-1.8799,0.448613,,,,,,,,,,,,-0.93303,0.86606,-1.25449,50,5.91445,4.31873,-123.8042,-3.02811,-1.44828,24.68967,-30.82971,POM_COL,POM_COL,PomonaPitzer,TeamExclusive,Team,20251017-PomonaPitzer-Private-1,87de1f00-aba5-11f0-bdec-9ba129dde21b,84.02001,,,6.90358,,,,,,,1281aa50-c58b-434b-a235-220b35bf6a67,2025-10-17,22:06:27.98,2025-10-17T15:06:27.9855616-07:00,2025-10-17T22:06:27.9855616Z,,v3,POM_PIT,POM_PIT,,"Savas, Peter",1000276389,Right,POM_COL,ee0ca740-daf5-4def-8142-14e3913c92c6,54.91258,-124.78004,12.34483,6.01005,-1.80958,-15.41486,-1.42632,4.37597,-0.72414,,,,,,,,,,,,,,,,,,,,,,,,,,,,,,,,,,,,,,,,,,,,,,,,,,,High,High,High,,,,,
148,2025-10-17,15:06:46.30,4,5,"Wallace, William ",1000223433,Right,POM_COL,"Cassidy, Caleb",10304248,Right,POM_COL,Undefined,4,Top,2,2,2,Curveball,Curveball,StrikeSwinging,Strikeout,Undefined,Undefined,0,0,,80.63299,0.146702,-2.054572,2572.399899,19.366303,6:45,6.05159,1.30494,5.36803,-60.06936,-16.26639,-6.17587,1.18345,-1.13696,74.68102,-10.666027,-3.15556,0.476347,,,,,,,,,,,,2.53181,-7.84867,-1.11607,50,6.02169,4.45017,-117.13653,-1.88152,3.51221,22.44763,-43.06194,POM_COL,POM_COL,PomonaPitzer,TeamExclusive,Team,20251017-PomonaPitzer-Private-1,92e414e0-aba5-11f0-bdec-9ba129dde21b,79.12815,,,5.95197,,,,,,,1281aa50-c58b-434b-a235-220b35bf6a67,2025-10-17,22:06:46.30,2025-10-17T15:06:46.3087616-07:00,2025-10-17T22:06:46.3087616Z,,v3,POM_PIT,POM_PIT,,"Savas, Peter",1000276389,Right,POM_COL,4d53dd26-92eb-41f6-b55c-57344455a299,55.1359,-118.11665,11.22381,6.06279,-0.00132,-21.53097,-1.30703,4.29682,1.75611,,,,,,,,,,,,,,,,,,,,,,,,,,,,,,,,,,,,,,,,,,,,,,,,,,,High,High,High,,,,,
149,2025-10-17,15:08:56.47,1,1,"Chung, Evan",10104955,Right,POM_COL,"DeGrazia, Tanner",1000214434,Right,POM_COL,Undefined,4,Bottom,0,0,0,Sinker,Changeup,BallCalled,Undefined,Undefined,Undefined,0,0,,77.5951,3.725946,-3.890839,1869.313389,274.158243,3:15,4.31686,2.0823,4.99255,-47.46601,0.50287,12.38713,3.8924,-0.56473,71.18225,-4.865716,-1.714669,0.498484,,,,,,,,,,,,-7.04713,-0.19913,-1.71767,50,4.63823,7.1151,-112.22341,5.63129,-9.07068,18.53944,-32.43037,POM_COL,POM_COL,PomonaPitzer,TeamExclusive,Team,20251017-PomonaPitzer-Private-1,e05fe5a0-aba5-11f0-bdec-9ba129dde21b,75.61414,,,6.41285,,,,,,,1281aa50-c58b-434b-a235-220b35bf6a67,2025-10-17,22:08:56.47,2025-10-17T15:08:56.4720640-07:00,2025-10-17T22:08:56.4720640Z,,v3,POM_PIT,POM_PIT,,"Lee, Sammy",1000276388,Right,POM_COL,870c1341-84ac-44a8-8d40-7c0b23b807a7,55.50671,-113.12947,9.26972,4.32428,7.21622,-16.21518,-2.07623,7.5584,-4.53534,,,,,,,,,,,,,,,,,,,,,,,,,,,,,,,,,,,,,,,,,,,,,,,,,,,High,High,High,,,,,
150,2025-10-17,15:09:09.21,1,2,"Chung, Evan",10104955,Right,POM_COL,"DeGrazia, Tanner",1000214434,Right,POM_COL,Undefined,4,Bottom,0,1,0,Slider,Curveball,BallCalled,Undefined,Undefined,Undefined,0,0,,69.40473,3.718045,-4.613357,2062.512109,278.663967,3:15,3.91711,2.37723,4.41529,-61.52893,2.65083,0.52126,2.35419,-1.99116,61.33008,-7.430746,-4.522993,0.576594,,,,,,,,,,,,-2.00366,0.76705,-1.88627,50,4.2555,8.01516,-99.59487,4.41952,-1.94334,21.11313,-31.4301,POM_COL,POM_COL,PomonaPitzer,TeamExclusive,Team,20251017-PomonaPitzer-Private-1,e80cc570-aba5-11f0-bdec-9ba129dde21b,65.3708,,,8.07465,,,,,,,1281aa50-c58b-434b-a235-220b35bf6a67,2025-10-17,22:09:09.21,2025-10-17T15:09:09.2158976-07:00,2025-10-17T22:09:09.2158976Z,,v3,POM_PIT,POM_PIT,,"Lee, Sammy",1000276388,Right,POM_COL,e0b909ed-fcc9-49e8-b34e-03eba4d6e353,56.07381,-100.87424,10.55657,3.92999,6.32406,-15.71505,-2.37552,8.13292,-0.97167,,,,,,,,,,,,,,,,,,,,,,,,,,,,,,,,,,,,,,,,,,,,,,,,,,,High,High,High,,,,,
151,2025-10-17,15:09:24.15,1,3,"Chung, Evan",10104955,Right,POM_COL,"DeGrazia, Tanner",1000214434,Right,POM_COL,Undefined,4,Bottom,0,2,0,Sinker,Changeup,BallCalled,Undefined,Undefined,Undefined,0,0,,76.10409,4.530817,-2.769663,1830.984411,255.441045,2:30,4.24908,2.21675,4.92621,-45.78152,4.60673,11.63808,4.73105,0.5663,69.16202,-3.79712,-0.725446,0.5109,,,,,,,,,,,,-6.44323,1.54055,-1.95685,50,4.65403,4.83603,-109.94217,7.13784,-7.89646,19.25542,-30.28601,POM_COL,POM_COL,PomonaPitzer,TeamExclusive,Team,20251017-PomonaPitzer-Private-1,f0de4f20-aba5-11f0-bdec-9ba129dde21b,73.77652,,,6.94207,,,,,,,1281aa50-c58b-434b-a235-220b35bf6a67,2025-10-17,22:09:24.15,2025-10-17T15:09:24.1569280-07:00,2025-10-17T22:09:24.1569280Z,,v3,POM_PIT,POM_PIT,,"Lee, Sammy",1000276388,Right,POM_COL,b9cd6d01-12fd-4eb7-9f5d-70f89c591dec,55.57083,-110.91356,9.62771,4.25541,8.6657,-15.14301,-2.21087,5.23438,-3.94823,,,,,,,,,,,,,,,,,,,,,,,,,,,,,,,,,,,,,,,,,,,,,,,,,,,High,High,High,,,,,
152,2025-10-17,15:09:39.23,1,4,"Chung, Evan",10104955,Right,POM_COL,"DeGrazia, Tanner",1000214434,Right,POM_COL,Undefined,4,Bottom,0,3,0,Sinker,Changeup,BallCalled,Walk,Undefined,Undefined,0,0,,77.11379,4.086874,-2.244864,1940.317544,237.301344,2:00,4.28741,2.09961,4.79239,-40.80876,8.7639,11.0719,4.76924,0.8938,69.64262,-3.368496,-0.303139,0.506749,,,,,,,,,,,,-6.00788,3.62914,-1.88556,50,4.66126,3.88653,-111.36392,6.5359,-7.50658,20.9464,-27.63961,POM_COL,POM_COL,PomonaPitzer,TeamExclusive,Team,20251017-PomonaPitzer-Private-1,f9dfe980-aba5-11f0-bdec-9ba129dde21b,74.38093,,,7.47117,,,,,,,1281aa50-c58b-434b-a235-220b35bf6a67,2025-10-17,22:09:39.23,2025-10-17T15:09:39.2319488-07:00,2025-10-17T22:09:39.2319488Z,,v3,POM_PIT,POM_PIT,,"Lee, Sammy",1000276388,Right,POM_COL,37809731-6dcb-4442-8a21-217d7b87d02d,55.70168,-112.43123,10.4732,4.29234,7.94426,-13.81981,-2.09334,4.26902,-3.75329,,,,,,,,,,,,,,,,,,,,,,,,,,,,,,,,,,,,,,,,,,,,,,,,,,,High,High,High,,,,,
153,2025-10-17,15:10:06.40,2,1,"Chung, Evan",10104955,Right,POM_COL,"Winthrop, Nolan",1000159423,Left,POM_COL,Undefined,4,Bottom,0,0,0,Slider,Curveball,BallCalled,Undefined,Undefined,Undefined,0,0,,67.65184,3.930063,-6.61784,2004.82273,70.173183,8:15,3.91341,2.37334,4.49044,-64.97752,1.95843,-1.64508,2.27477,-4.09833,60.66088,-7.75307,-6.901324,0.588845,,,,,,,,,,,,-1.4689,0.57595,-1.67375,50,4.26895,11.30785,-96.89756,4.56372,-1.36799,18.02708,-31.63765,POM_COL,POM_COL,PomonaPitzer,TeamExclusive,Team,20251017-PomonaPitzer-Private-1,0a220d50-aba6-11f0-bdec-9ba129dde21b,64.01079,,,6.99096,,,,,,,1281aa50-c58b-434b-a235-220b35bf6a67,2025-10-17,22:10:06.40,2025-10-17T15:10:06.4080384-07:00,2025-10-17T22:10:06.4080384Z,,v3,POM_PIT,POM_PIT,,"Lee, Sammy",1000276388,Right,POM_COL,d7642280-d2eb-48b7-8f5a-936965ec5649,55.99989,-98.00744,9.01354,3.92801,6.51157,-15.81883,-2.37254,11.39208,-0.68399,,,,,,,,,,,,,,,,,,,,,,,,,,,,,,,,,,,,,,,,,,,,,,,,,,,High,High,High,,,,,
154,2025-10-17,15:10:28.83,2,2,"Chung, Evan",10104955,Right,POM_COL,"Winthrop, Nolan",1000159423,Left,POM_COL,Undefined,4,Bottom,0,1,0,ChangeUp,Changeup,FoulBallNotFieldable,Undefined,Undefined,Undefined,0,0,,71.60821,2.795093,-3.878836,1557.228717,293.384292,3:45,4.20392,2.35101,4.80622,-60.37271,-3.31307,11.84288,1.8292,-0.34262,65.62364,-8.075126,-1.802109,0.543671,,,,,,,,,,,,-6.92465,-1.92886,-1.97553,50,4.43001,6.57122,-103.58157,3.04154,-7.52352,17.29398,-34.2697,POM_COL,POM_COL,PomonaPitzer,TeamExclusive,Team,20251017-PomonaPitzer-Private-1,178e06b0-aba6-11f0-bdec-9ba129dde21b,69.32954,,,5.98456,,,,,,,1281aa50-c58b-434b-a235-220b35bf6a67,2025-10-17,22:10:28.83,2025-10-17T15:10:28.8323072-07:00,2025-10-17T22:10:28.8323072Z,,v3,POM_PIT,POM_PIT,,"Lee, Sammy",1000276388,Right,POM_COL,5b6b4400-b370-4348-b14d-ebcd65ed87dd,55.6949,-104.52806,8.64699,4.21222,4.91711,-17.13485,-2.34644,6.98298,-3.76176,,,,,,,,,,,,,,,,,,,,,,,,,,,,,,,,,,,,,,,,,,,,,,,,,,,High,High,High,,,,,
155,2025-10-17,15:10:51.49,2,3,"Chung, Evan",10104955,Right,POM_COL,"Winthrop, Nolan",1000159423,Left,POM_COL,Undefined,4,Bottom,0,1,1,ChangeUp,Changeup,StrikeSwinging,Undefined,Undefined,Undefined,0,0,,70.27964,4.597183,-2.941615,1533.797278,290.953846,3:45,4.01582,2.41457,4.70574,-64.03385,-4.11126,15.97395,3.05838,0.95116,63.76642,-6.948279,-0.145932,0.557143,,,,,,,,,,,,-8.55174,-2.61603,-2.13139,50,4.4259,4.57689,-101.45481,5.99345,-8.8677,17.39145,-34.88671,POM_COL,POM_COL,PomonaPitzer,TeamExclusive,Team,20251017-PomonaPitzer-Private-1,24f6cbc0-aba6-11f0-bdec-9ba129dde21b,67.65307,,,6.51321,,,,,,,1281aa50-c58b-434b-a235-220b35bf6a67,2025-10-17,22:10:51.49,2025-10-17T15:10:51.4948608-07:00,2025-10-17T22:10:51.4948608Z,,v3,POM_PIT,POM_PIT,,"Lee, Sammy",1000276388,Right,POM_COL,0bdb95c4-1151-411d-89ed-466406319a5e,55.79306,-102.44305,8.69573,4.02902,7.97582,-17.44336,-2.40578,5.08078,-4.43385,,,,,,,,,,,,,,,,,,,,,,,,,,,,,,,,,,,,,,,,,,,,,,,,,,,High,High,High,,,,,
156,2025-10-17,15:11:09.78,2,4,"Chung, Evan",10104955,Right,POM_COL,"Winthrop, Nolan",1000159423,Left,POM_COL,Undefined,4,Bottom,0,1,2,ChangeUp,Changeup,InPlay,Undefined,Popup,Out,1,0,,69.80944,3.621086,-3.915955,1616.161217,274.966495,3:15,4.24939,2.26427,4.53916,-60.30578,0.53961,16.53343,2.68418,-0.0921,63.66946,-7.221642,-1.033529,0.561417,80.27716,53.259417,18.920008,,103.85885,117.75668,36.24001,230.52099,97.24877,19.613866,5.639542,-9.19229,-0.25508,-1.87274,50,4.57061,6.26938,-100.82491,4.37947,-9.44989,16.59415,-32.43626,POM_COL,POM_COL,PomonaPitzer,TeamExclusive,Team,20251017-PomonaPitzer-Private-1,30017c90-aba6-11f0-bdec-9ba129dde21b,67.1381,122.71118,,6.13998,,,,2.94199,2.97055,0.63022,1281aa50-c58b-434b-a235-220b35bf6a67,2025-10-17,22:11:09.78,2025-10-17T15:11:09.7828864-07:00,2025-10-17T22:11:09.7828864Z,FlyBall,v3,POM_PIT,POM_PIT,,"Lee, Sammy",1000276388,Right,POM_COL,09f077ce-1afc-4976-be29-d84806d45356,55.96142,-101.80133,8.29707,4.25677,6.28806,-16.21813,-2.258,6.82542,-4.72494,181.5389,2.94948,66.48529,-14.41271,3.23315,-0.31252,-0.03603,0.01389,-0.00137,4E-05,2.96894,94.36339,-22.06419,1.78806,-0.05537,-0.12232,0.04276,-0.00609,0.00032,0.63262,22.79218,-4.54577,0.9935,-0.08845,-0.01345,0.00453,-0.00042,1E-05,,,,,,,,,,,,,,,,,,,,,,,High,High,High,Medium,Low,,,
157,2025-10-17,15:11:53.14,3,1,"Chung, Evan",10104955,Right,POM_COL,"Wakil, Lateef",1000128267,Left,POM_COL,Undefined,4,Bottom,1,0,0,Sinker,Changeup,StrikeCalled,Undefined,Undefined,Undefined,0,0,,76.88351,2.836681,-3.655759,1828.292083,283.926038,3:30,4.19384,2.29299,4.74663,-51.11837,-1.50319,12.44485,2.63216,-0.14202,70.17579,-6.383318,-1.476052,0.506966,,,,,,,,,,,,-7.06063,-0.98614,-1.9365,50,4.43474,6.57495,-111.18487,3.64762,-8.84235,19.85134,-33.40906,POM_COL,POM_COL,PomonaPitzer,TeamExclusive,Team,20251017-PomonaPitzer-Private-1,49af2020-aba6-11f0-bdec-9ba129dde21b,74.34905,,,6.70773,,,,,,,1281aa50-c58b-434b-a235-220b35bf6a67,2025-10-17,22:11:53.14,2025-10-17T15:11:53.1423744-07:00,2025-10-17T22:11:53.1423744Z,,v3,POM_PIT,POM_PIT,,"Lee, Sammy",1000276388,Right,POM_COL,f08ce670-db2c-4be5-b3f0-7a7187d28ecb,55.7521,-112.20717,9.92567,4.2026,5.36811,-16.70453,-2.28682,7.03032,-4.42117,,,,,,,,,,,,,,,,,,,,,,,,,,,,,,,,,,,,,,,,,,,,,,,,,,,High,High,High,,,,,
158,2025-10-17,15:12:14.43,3,2,"Chung, Evan",10104955,Right,POM_COL,"Wakil, Lateef",1000128267,Left,POM_COL,Undefined,4,Bottom,1,0,1,ChangeUp,Changeup,BallCalled,Undefined,Undefined,Undefined,0,0,,69.9568,5.23485,-2.900484,1603.082177,296.325361,4:00,3.96595,2.34674,4.69776,-64.21909,-4.15118,12.11284,3.60417,0.6003,63.91138,-6.311495,-0.782729,0.557818,,,,,,,,,,,,-6.62445,-2.76221,-2.06383,50,4.44114,4.64272,-101.00102,7.09766,-6.8715,15.80656,-35.03927,POM_COL,POM_COL,PomonaPitzer,TeamExclusive,Team,20251017-PomonaPitzer-Private-1,566de990-aba6-11f0-bdec-9ba129dde21b,67.57118,,,6.04542,,,,,,,1281aa50-c58b-434b-a235-220b35bf6a67,2025-10-17,22:12:14.43,2025-10-17T15:12:14.4368640-07:00,2025-10-17T22:12:14.4368640Z,,v3,POM_PIT,POM_PIT,,"Lee, Sammy",1000276388,Right,POM_COL,8e733cd0-a1dd-41e8-a6a9-23a9e11c8eed,55.80233,-101.90503,7.90328,3.9779,9.10164,-17.51963,-2.34059,5.03572,-3.43575,,,,,,,,,,,,,,,,,,,,,,,,,,,,,,,,,,,,,,,,,,,,,,,,,,,High,High,High,,,,,
159,2025-10-17,15:12:35.74,3,3,"Chung, Evan",10104955,Right,POM_COL,"Wakil, Lateef",1000128267,Left,POM_COL,Undefined,4,Bottom,1,1,1,ChangeUp,Changeup,InPlay,Undefined,LineDrive,Single,0,0,,71.36663,3.000881,-3.683005,1574.84063,281.603165,3:30,3.93841,2.3811,4.50904,-60.30925,-1.38366,17.18253,1.77987,0.29965,64.40815,-7.865283,-0.684973,0.552489,69.06507,24.884503,29.965604,1615.797792,93.46377,28.59287,58.0045,205.49034,205.49034,34.123972,2.726418,-9.52701,-1.04413,-2.01275,50,4.19598,5.94421,-103.00183,3.32907,-10.08788,19.40315,-33.27964,POM_COL,POM_COL,PomonaPitzer,TeamExclusive,Team,20251017-PomonaPitzer-Private-1,631bc310-aba6-11f0-bdec-9ba129dde21b,68.22302,28.60279,,6.95848,,,,1.65481,1.80654,-0.34539,1281aa50-c58b-434b-a235-220b35bf6a67,2025-10-17,22:12:35.74,2025-10-17T15:12:35.7417472-07:00,2025-10-17T22:12:35.7417472Z,LineDrive,v3,POM_PIT,POM_PIT,,"Lee, Sammy",1000276388,Right,POM_COL,c48d4a71-20b7-4bbd-a770-7172037b82b6,55.98967,-104.12404,9.70158,3.94778,5.25383,-16.63982,-2.37341,6.52765,-5.04394,231.336046,1.65483,79.60594,-10.1435,1.97098,-0.28071,-0.02085,0.03383,-0.01105,0.00131,1.80646,42.62845,-18.45549,1.57433,-0.49656,0.23237,-0.09495,0.02284,-0.00226,-0.34539,45.89757,-1.96937,0.38438,-0.06265,0.00303,0.00328,-0.00145,0.0002,,,,,,,,,,,,,,,,,,,,,,,High,High,High,High,High,,,
160,2025-10-17,15:13:13.42,4,1,"Chung, Evan",10104955,Right,POM_COL,"Berry, Cooper",1000276381,Left,POM_COL,Undefined,4,Bottom,1,0,0,Slider,Curveball,InPlay,Undefined,FlyBall,Out,1,0,,68.10088,4.585565,-2.147137,2023.876631,34.335065,7:15,3.83067,2.34482,4.2986,-65.23925,0.39772,-1.40075,2.79165,0.17385,61.08443,-7.161643,-2.390449,0.583103,88.10426,45.527392,6.911428,,,,,,96.45848,,,-0.04122,-0.68984,-2.11052,50,4.26294,3.73293,-98.11166,5.69372,-0.03942,18.28029,-32.83365,POM_COL,POM_COL,PomonaPitzer,TeamExclusive,Team,20251017-PomonaPitzer-Private-1,79b39b20-aba6-11f0-bdec-9ba129dde21b,64.64109,92.48379,,7.01645,,,,1.28196,2.51313,-0.55815,1281aa50-c58b-434b-a235-220b35bf6a67,2025-10-17,22:13:13.42,2025-10-17T15:13:13.4296576-07:00,2025-10-17T22:13:13.4296576Z,,v3,POM_PIT,POM_PIT,,"Lee, Sammy",1000276388,Right,POM_COL,d74d55c3-1ed9-403c-896c-1f7d51211003,56.19789,-99.25975,9.14014,3.84059,7.75581,-16.41682,-2.34504,3.7354,-0.01971,,1.28194,89.87203,-20.82769,5.85631,-2.27848,1.8027,-1.22332,0.46049,-0.07144,2.51314,92.20607,-21.04113,0.9816,1.03943,-1.67174,1.27213,-0.49502,0.07823,-0.55817,10.89629,-9.12498,3.35617,-1.79752,1.67098,-1.1724,0.44635,-0.06974,,,,,,,,,,,,,,,,,,,,,,,High,High,High,Medium,Undefined,,,
161,2025-10-17,15:13:53.55,5,1,"Chung, Evan",10104955,Right,POM_COL,"Savas, Peter",1000276389,Right,POM_COL,Undefined,4,Bottom,2,0,0,Slider,Curveball,StrikeCalled,Undefined,Undefined,Undefined,0,0,,67.27911,4.021417,-2.550914,2091.701566,66.235241,8:15,3.91999,2.13817,4.18173,-67.24299,-0.70532,-6.54374,2.18041,-0.85337,61.38936,-7.983622,-3.685057,0.587091,,,,,,,,,,,,2.38551,-0.83685,-1.849,50,4.29446,4.58216,-97.12892,4.55704,2.26896,15.83088,-32.97002,POM_COL,POM_COL,PomonaPitzer,TeamExclusive,Team,20251017-PomonaPitzer-Private-1,91870070-aba6-11f0-bdec-9ba129dde21b,64.20207,,,5.88974,,,,,,,1281aa50-c58b-434b-a235-220b35bf6a67,2025-10-17,22:13:53.55,2025-10-17T15:13:53.5566848-07:00,2025-10-17T22:13:53.5566848Z,,v3,POM_PIT,POM_PIT,,"Lee, Sammy",1000276388,Right,POM_COL,8b27840f-3db5-4a7c-8ef3-a33b93f73b1c,56.31633,-98.15301,7.91544,3.93068,6.68985,-16.48501,-2.14067,4.43538,1.13448,,,,,,,,,,,,,,,,,,,,,,,,,,,,,,,,,,,,,,,,,,,,,,,,,,,High,High,High,,,,,
162,2025-10-17,15:14:09.94,5,2,"Chung, Evan",10104955,Right,POM_COL,"Savas, Peter",1000276389,Right,POM_COL,Undefined,4,Bottom,2,0,1,Sinker,Changeup,BallCalled,Undefined,Undefined,Undefined,0,0,,71.03035,3.737522,-3.422359,1540.326052,253.594294,2:30,4.48907,1.78731,4.56156,-52.86511,5.42177,12.45757,3.65204,-0.43549,65.09606,-5.787169,-1.249565,0.549486,,,,,,,,,,,,-6.89898,2.2415,-1.44411,50,4.8288,5.64323,-102.66422,4.92708,-7.41518,15.8717,-29.76486,POM_COL,POM_COL,PomonaPitzer,TeamExclusive,Team,20251017-PomonaPitzer-Private-1,9b3d92f0-aba6-11f0-bdec-9ba129dde21b,68.59579,,,5.93429,,,,,,,1281aa50-c58b-434b-a235-220b35bf6a67,2025-10-17,22:14:09.94,2025-10-17T15:14:09.9400192-07:00,2025-10-17T22:14:09.9400192Z,,v3,POM_PIT,POM_PIT,,"Lee, Sammy",1000276388,Right,POM_COL,6bd8e4a3-f7b1-4d9c-9d72-6c2cf33a5ac4,55.93627,-103.57789,7.93585,4.49585,6.64053,-14.88243,-1.78126,6.07009,-3.70759,,,,,,,,,,,,,,,,,,,,,,,,,,,,,,,,,,,,,,,,,,,,,,,,,,,High,High,High,,,,,
163,2025-10-17,15:14:25.27,5,3,"Chung, Evan",10104955,Right,POM_COL,"Savas, Peter",1000276389,Right,POM_COL,Undefined,4,Bottom,2,1,1,Sinker,Curveball,BallCalled,Undefined,Undefined,Undefined,0,0,,76.00361,1.721976,-5.104908,1962.522459,270.925449,3:00,4.73834,1.73274,4.83527,-49.04723,1.44807,5.03339,2.28864,-2.69458,69.8996,-7.111303,-4.224992,0.511442,,,,,,,,,,,,-3.80669,0.76323,-1.23062,50,4.86751,9.6056,-109.83773,1.57831,-4.67554,18.46955,-31.2366,POM_COL,POM_COL,PomonaPitzer,TeamExclusive,Team,20251017-PomonaPitzer-Private-1,a4681210-aba6-11f0-bdec-9ba129dde21b,73.69831,,,6.10401,,,,,,,1281aa50-c58b-434b-a235-220b35bf6a67,2025-10-17,22:14:25.27,2025-10-17T15:14:25.2785664-07:00,2025-10-17T22:14:25.2785664Z,,v3,POM_PIT,POM_PIT,,"Lee, Sammy",1000276388,Right,POM_COL,bfb509b4-2e6c-40c9-8274-73eec2de8bd3,55.66318,-110.78592,9.23477,4.74532,3.18193,-15.6183,-1.72991,9.84563,-2.33777,,,,,,,,,,,,,,,,,,,,,,,,,,,,,,,,,,,,,,,,,,,,,,,,,,,High,High,High,,,,,
164,2025-10-17,15:14:41.14,5,4,"Chung, Evan",10104955,Right,POM_COL,"Savas, Peter",1000276389,Right,POM_COL,Undefined,4,Bottom,2,2,1,Sinker,Curveball,BallCalled,Undefined,Undefined,Undefined,0,0,,75.94851,2.162266,-5.204571,1897.653932,281.720389,3:30,4.52495,1.74281,4.87835,-50.50778,0.00374,7.36926,2.37128,-2.58108,69.7827,-6.937941,-3.915542,0.511525,,,,,,,,,,,,-4.97929,-0.06051,-1.23666,50,4.69561,9.69405,-109.73307,2.37499,-6.1048,18.41424,-32.24824,POM_COL,POM_COL,PomonaPitzer,TeamExclusive,Team,20251017-PomonaPitzer-Private-1,add25950-aba6-11f0-bdec-9ba129dde21b,73.68644,,,6.1658,,,,,,,1281aa50-c58b-434b-a235-220b35bf6a67,2025-10-17,22:14:41.14,2025-10-17T15:14:41.1499520-07:00,2025-10-17T22:14:41.1499520Z,,v3,POM_PIT,POM_PIT,,"Lee, Sammy",1000276388,Right,POM_COL,6e5f1994-774d-42a2-bc33-b749717586a1,55.62066,-110.67225,9.20712,4.53254,4.01975,-16.12412,-1.73903,10.00542,-3.0524,,,,,,,,,,,,,,,,,,,,,,,,,,,,,,,,,,,,,,,,,,,,,,,,,,,High,High,High,,,,,
165,2025-10-17,15:14:57.63,5,5,"Chung, Evan",10104955,Right,POM_COL,"Savas, Peter",1000276389,Right,POM_COL,Undefined,4,Bottom,2,3,1,Slider,Curveball,BallCalled,Walk,Undefined,Undefined,0,0,,67.94485,2.115131,-4.575827,1907.866699,24.698446,6:45,4.11215,2.20899,4.31346,-66.13519,0.33811,-1.06484,0.6304,-2.26368,60.98126,-9.752677,-4.760489,0.586807,,,,,,,,,,,,-1.135,0.17898,-1.71219,50,4.27553,7.86714,-97.7776,1.41409,-1.06858,19.36611,-32.00556,POM_COL,POM_COL,PomonaPitzer,TeamExclusive,Team,20251017-PomonaPitzer-Private-1,b7baaa30-aba6-11f0-bdec-9ba129dde21b,64.23315,,,6.96359,,,,,,,1281aa50-c58b-434b-a235-220b35bf6a67,2025-10-17,22:14:57.63,2025-10-17T15:14:57.6317952-07:00,2025-10-17T22:14:57.6317952Z,,v3,POM_PIT,POM_PIT,,"Lee, Sammy",1000276388,Right,POM_COL,453a7aa8-2f8a-4ca3-8b70-d7310c5fde8c,56.18082,-98.99423,9.68305,4.12354,3.42475,-16.00278,-2.20853,7.93427,-0.53429,,,,,,,,,,,,,,,,,,,,,,,,,,,,,,,,,,,,,,,,,,,,,,,,,,,High,High,High,,,,,
166,2025-10-17,15:15:27.62,6,1,"Chung, Evan",10104955,Right,POM_COL,"Nahabedian, George",1000214430,Right,POM_COL,Undefined,4,Bottom,2,0,0,Sinker,Changeup,InPlay,Undefined,GroundBall,Out,1,0,,78.02909,1.510685,-3.771042,2040.444679,276.287739,3:15,4.40987,2.00495,4.78614,-48.22983,-0.24563,16.04938,1.82595,-0.23688,71.43791,-7.191258,-0.955112,0.498563,90.83487,-11.993171,-25.76598,,,,,9.30687,8.89992,-19.496673,0.060862,-8.96461,-0.13098,-1.64292,50,4.51868,6.77851,-112.97016,1.22707,-11.59142,20.47377,-32.3434,POM_COL,POM_COL,PomonaPitzer,TeamExclusive,Team,20251017-PomonaPitzer-Private-1,c9a3a030-aba6-11f0-bdec-9ba129dde21b,75.60208,1.68706,,6.59118,,,,1.62116,1.68706,0.34602,1281aa50-c58b-434b-a235-220b35bf6a67,2025-10-17,22:15:27.62,2025-10-17T15:15:27.6289024-07:00,2025-10-17T22:15:27.6289024Z,GroundBall,v3,POM_PIT,POM_PIT,,"Lee, Sammy",1000276388,Right,POM_COL,f471aa14-6377-46cd-aa30-3889995cc1f0,55.71458,-114.00112,10.23688,4.41589,2.85572,-16.1717,-1.99894,7.3622,-5.79571,180,1.61965,117.51335,,,,,,,,1.68741,-27.71955,,,,,,,,0.34675,-56.72211,,,,,,,,,,,,,,,,,,,,,,,,,,,,,,High,High,High,High,Medium,,,
167,2025-10-17,15:18:27.72,1,1,"Lawson, Wade",1000068528,Right,POM_COL,"Kinney, William",1000092038,Right,POM_COL,Undefined,5,Top,0,0,0,Fastball,Four-Seam,StrikeCalled,Undefined,Undefined,Undefined,0,0,,85.96841,-1.04567,-1.800112,2347.544942,224.429557,1:30,5.74544,1.58584,5.07874,-25.32119,13.96485,12.36654,2.64902,0.91891,78.04104,-5.733405,0.386142,0.451118,,,,,,,,,,,,-6.61965,7.63823,-1.42525,50,5.62693,3.34459,-124.54397,-3.17088,-10.32704,26.59055,-20.25796,POM_COL,POM_COL,PomonaPitzer,TeamExclusive,Team,20251017-PomonaPitzer-Private-1,34d94df0-aba7-11f0-bdec-9ba129dde21b,83.55331,,,7.92737,,,,,,,1281aa50-c58b-434b-a235-220b35bf6a67,2025-10-17,22:18:27.72,2025-10-17T15:18:27.7281280-07:00,2025-10-17T22:18:27.7281280Z,,v3,POM_PIT,POM_PIT,,"Savas, Peter",1000276389,Right,POM_COL,dbfd1444-3ee5-492d-ae6f-bd422a787495,55.41643,-125.69508,13.29528,5.74522,-2.29392,-10.12898,-1.57971,3.79165,-5.16352,,,,,,,,,,,,,,,,,,,,,,,,,,,,,,,,,,,,,,,,,,,,,,,,,,,High,High,High,,,,,
168,2025-10-17,15:18:42.58,1,2,"Lawson, Wade",1000068528,Right,POM_COL,"Kinney, William",1000092038,Right,POM_COL,Undefined,5,Top,0,0,1,Fastball,Four-Seam,InPlay,Undefined,GroundBall,Out,1,0,,86.87557,-0.740538,-3.251538,2406.115506,237.410295,2:00,5.51492,1.81013,5.18664,-29.16041,8.99997,12.13717,2.38703,-0.24073,79.31458,-6.094375,-1.104631,0.444608,87.66106,-13.549458,-11.032724,,,,,10.76323,10.76323,-8.537507,0.079908,-6.99681,5.05788,-1.51764,50,5.42412,6.61287,-125.88086,-2.70191,-11.20854,25.94277,-24.07161,POM_COL,POM_COL,PomonaPitzer,TeamExclusive,Team,20251017-PomonaPitzer-Private-1,3dc7d580-aba7-11f0-bdec-9ba129dde21b,84.77672,2.30013,,7.56099,,,,0.98829,2.30013,0.26528,1281aa50-c58b-434b-a235-220b35bf6a67,2025-10-17,22:18:42.58,2025-10-17T15:18:42.5809920-07:00,2025-10-17T22:18:42.5809920Z,GroundBall,v3,POM_PIT,POM_PIT,,"Savas, Peter",1000276389,Right,POM_COL,df57de75-9836-409b-8bdc-2f36b45027ed,55.3121,-126.97091,12.97138,5.51639,-1.69048,-12.03581,-1.80539,7.08383,-5.60427,186.444138,0.9884,122.66339,-22.92427,,,,,,,2.29989,-30.08151,16.33613,,,,,,,0.26522,-23.91092,7.46001,,,,,,,,,,,,,,,,,,,,,,,,,,,,,High,High,High,High,High,,,
169,2025-10-17,15:19:14.41,2,1,"Lawson, Wade",1000068528,Right,POM_COL,"Loui, Shawn",1000474008,Right,POM_COL,Undefined,5,Top,1,0,0,Fastball,Changeup,InPlay,Undefined,GroundBall,Single,0,0,,87.15853,-0.683559,-3.346836,2485.695735,248.234141,2:15,5.518,1.8836,5.27176,-30.55958,7.63556,15.69611,2.32817,0.04434,78.7609,-6.316903,-0.565543,0.444811,88.48254,5.50848,3.859682,824.722178,,,,84.8973,84.8973,5.207431,0.70558,-8.87611,4.43398,-1.58946,50,5.43332,6.66749,-126.14426,-2.629,-14.12414,28.63844,-25.11849,POM_COL,POM_COL,PomonaPitzer,TeamExclusive,Team,20251017-PomonaPitzer-Private-1,50b20ee0-aba7-11f0-bdec-9ba129dde21b,84.73808,3.9237,,8.39763,,,,0.44797,2.257,-0.03126,1281aa50-c58b-434b-a235-220b35bf6a67,2025-10-17,22:19:14.41,2025-10-17T15:19:14.4131072-07:00,2025-10-17T22:19:14.4131072Z,GroundBall,v3,POM_PIT,POM_PIT,,"Savas, Peter",1000276389,Right,POM_COL,83e43071-178c-43cd-8d29-31b3e36d067c,55.22507,-127.32498,14.31922,5.52036,-1.5934,-12.55924,-1.87635,7.24981,-7.06207,323.335533,0.46665,128.52444,-13.30018,,,,,,,2.29432,11.74323,-21.32225,,,,,,,-0.04451,8.94993,2.9071,,,,,,,,,,,,,,,,,,,,,,,,,,,,,High,High,High,High,High,,,
170,2025-10-17,15:19:46.61,3,1,"Lawson, Wade",1000068528,Right,POM_COL,"Oelschlager, Lincoln",10297980,Right,POM_COL,Undefined,5,Top,1,0,0,Curveball,Curveball,BallCalled,Undefined,Undefined,Undefined,0,0,,75.88821,2.79996,0.608016,2215.810763,28.184208,7:00,6.09778,1.07442,4.63167,-64.55133,-13.62249,-8.14902,3.38206,0.97326,69.69199,-8.746554,-0.822873,0.513633,,,,,,,,,,,,4.11083,-6.81721,-1.12899,50,6.3257,-0.82094,-110.02272,2.93822,5.03491,19.66373,-40.5237,POM_COL,POM_COL,PomonaPitzer,TeamExclusive,Team,20251017-PomonaPitzer-Private-1,63ec15f0-aba7-11f0-bdec-9ba129dde21b,73.38392,,,6.19622,,,,,,,1281aa50-c58b-434b-a235-220b35bf6a67,2025-10-17,22:19:46.61,2025-10-17T15:19:46.6197504-07:00,2025-10-17T22:19:46.6197504Z,,v3,POM_PIT,POM_PIT,,"Savas, Peter",1000276389,Right,POM_COL,b6a2c574-bbfb-4d34-bf14-9d4f8ac977fc,55.87071,-111.067,9.83186,6.11251,5.09031,-20.26185,-1.07829,-1.08832,2.51745,,,,,,,,,,,,,,,,,,,,,,,,,,,,,,,,,,,,,,,,,,,,,,,,,,,High,High,High,,,,,
171,2025-10-17,15:20:03.52,3,2,"Lawson, Wade",1000068528,Right,POM_COL,"Oelschlager, Lincoln",10297980,Right,POM_COL,Undefined,5,Top,1,1,0,Slider,Slider,BallCalled,Undefined,Undefined,Undefined,0,0,,80.60887,2.175269,-0.660466,2353.107426,45.963582,7:30,5.549,2.20077,4.45664,-47.80703,-1.97508,-3.6637,3.64039,1.26566,73.07582,-6.430354,-1.30083,0.487254,,,,,,,,,,,,1.55713,-1.07004,-2.1273,50,5.73283,1.51428,-116.65058,2.52437,2.12733,23.68133,-33.63591,POM_COL,POM_COL,PomonaPitzer,TeamExclusive,Team,20251017-PomonaPitzer-Private-1,6df9f030-aba7-11f0-bdec-9ba129dde21b,77.35683,,,7.53305,,,,,,,1281aa50-c58b-434b-a235-220b35bf6a67,2025-10-17,22:20:03.52,2025-10-17T15:20:03.5217920-07:00,2025-10-17T22:20:03.5217920Z,,v3,POM_PIT,POM_PIT,,"Savas, Peter",1000276389,Right,POM_COL,15e53e01-3799-446b-8597-c73a793d68df,56.03935,-117.87026,11.84067,5.5582,4.25675,-16.81796,-2.20247,1.40472,1.06366,,,,,,,,,,,,,,,,,,,,,,,,,,,,,,,,,,,,,,,,,,,,,,,,,,,High,High,High,,,,,
172,2025-10-17,15:20:22.73,3,3,"Lawson, Wade",1000068528,Right,POM_COL,"Oelschlager, Lincoln",10297980,Right,POM_COL,Undefined,5,Top,1,2,0,Slider,Slider,StrikeSwinging,Undefined,Undefined,Undefined,0,0,,81.5729,0.049349,-2.512101,2368.637956,61.036383,8:00,5.6468,1.88026,4.60651,-45.38731,-0.65638,-4.0515,1.9115,-0.84769,73.97994,-8.124077,-3.221921,0.481366,,,,,,,,,,,,1.16311,0.18843,-1.61749,50,5.61038,5.36183,-117.98709,-1.68365,1.61739,25.28558,-31.91204,POM_COL,POM_COL,PomonaPitzer,TeamExclusive,Team,20251017-PomonaPitzer-Private-1,7970a940-aba7-11f0-bdec-9ba129dde21b,78.30307,,,7.59296,,,,,,,1281aa50-c58b-434b-a235-220b35bf6a67,2025-10-17,22:20:22.73,2025-10-17T15:20:22.7352064-07:00,2025-10-17T22:20:22.7352064Z,,v3,POM_PIT,POM_PIT,,"Savas, Peter",1000276389,Right,POM_COL,9e8a700d-7090-4129-8726-6314b2610c5c,55.88903,-119.24247,12.64279,5.65464,-0.09927,-15.95602,-1.88171,5.28154,0.80869,,,,,,,,,,,,,,,,,,,,,,,,,,,,,,,,,,,,,,,,,,,,,,,,,,,High,High,High,,,,,
173,2025-10-17,15:20:43.85,3,4,"Lawson, Wade",1000068528,Right,POM_COL,"Oelschlager, Lincoln",10297980,Right,POM_COL,Undefined,5,Top,1,2,1,Fastball,Cutter,InPlay,Undefined,GroundBall,Out,1,0,,86.1657,-1.25834,-0.963569,2419.01079,202.180738,12:45,5.84502,1.52585,5.40666,-21.94257,16.58355,6.23296,2.83712,1.14236,78.37936,-5.366367,0.145242,0.446734,46.24703,-27.740764,-24.134668,,,,,5.64012,4.84701,-37.51335,0.078954,-3.41221,9.08749,-1.44457,50,5.71804,1.83009,-124.96712,-3.45943,-5.36695,26.44744,-17.88071,POM_COL,POM_COL,PomonaPitzer,TeamExclusive,Team,20251017-PomonaPitzer-Private-1,86010fb0-aba7-11f0-bdec-9ba129dde21b,84.37332,2.51379,,7.78634,,,,0.11183,2.51379,-1.48016,1281aa50-c58b-434b-a235-220b35bf6a67,2025-10-17,22:20:43.85,2025-10-17T15:20:43.8570496-07:00,2025-10-17T22:20:43.8570496Z,GroundBall,v3,POM_PIT,POM_PIT,,"Savas, Peter",1000276389,Right,POM_COL,2fd41024-f6aa-4805-89e1-d8b24be55b0c,55.08983,-126.03971,13.22372,5.84364,-2.73427,-8.94035,-1.5232,2.04775,-2.68347,180,0.10596,55.24701,,,,,,,,2.51717,-31.8386,,,,,,,,-1.47753,-24.75331,,,,,,,,,,,,,,,,,,,,,,,,,,,,,,High,High,High,Medium,Medium,,,
174,2025-10-17,15:21:20.58,4,1,"Lawson, Wade",1000068528,Right,POM_COL,"Lee, Sammy",1000276388,Right,POM_COL,Undefined,5,Top,2,0,0,Curveball,Curveball,BallCalled,Undefined,Undefined,Undefined,0,0,,76.22644,-1.449422,-1.381124,2354.895521,39.996141,7:15,6.00237,0.94644,4.81946,-61.50594,-11.09442,-10.66532,-0.4967,-1.25079,70.51182,-12.3889,-3.267392,0.511018,,,,,,,,,,,,4.90473,-4.71355,-0.79951,50,5.80459,3.086,-110.53946,-5.00578,6.0152,21.32301,-37.95477,POM_COL,POM_COL,PomonaPitzer,TeamExclusive,Team,20251017-PomonaPitzer-Private-1,9c03aca0-aba7-11f0-bdec-9ba129dde21b,73.7595,,,5.71462,,,,,,,1281aa50-c58b-434b-a235-220b35bf6a67,2025-10-17,22:21:20.58,2025-10-17T15:21:20.5860352-07:00,2025-10-17T22:21:20.5860352Z,,v3,POM_PIT,POM_PIT,,"Savas, Peter",1000276389,Right,POM_COL,4de0ce77-7d5f-4d88-994b-e491be8e3d64,55.68333,-111.63039,10.6615,6.01103,-3.06394,-18.97738,-0.94952,2.77825,3.0076,,,,,,,,,,,,,,,,,,,,,,,,,,,,,,,,,,,,,,,,,,,,,,,,,,,High,High,High,,,,,
175,2025-10-17,15:21:45.29,4,2,"Lawson, Wade",1000068528,Right,POM_COL,"Lee, Sammy",1000276388,Right,POM_COL,Undefined,5,Top,2,1,0,Slider,Slider,BallCalled,Undefined,Undefined,Undefined,0,0,,81.45572,1.9022,-1.787478,2441.603396,121.212661,10:00,5.69842,1.8717,4.43874,-38.90746,5.38004,-6.72197,4.27208,-0.39398,74.83186,-5.103816,-2.960145,0.478974,,,,,,,,,,,,2.78303,2.53583,-1.67544,50,5.86242,3.99162,-118.04293,2.3942,3.95344,21.04163,-28.57177,POM_COL,POM_COL,PomonaPitzer,TeamExclusive,Team,20251017-PomonaPitzer-Private-1,aaa518c0-aba7-11f0-bdec-9ba129dde21b,78.6941,,,6.62385,,,,,,,1281aa50-c58b-434b-a235-220b35bf6a67,2025-10-17,22:21:45.29,2025-10-17T15:21:45.2939776-07:00,2025-10-17T22:21:45.2939776Z,,v3,POM_PIT,POM_PIT,,"Savas, Peter",1000276389,Right,POM_COL,c2b54b12-a2af-4b89-aa5d-ba3e03e4f965,56.05891,-119.11805,10.52082,5.70279,3.85408,-14.28589,-1.87423,3.78962,1.97672,,,,,,,,,,,,,,,,,,,,,,,,,,,,,,,,,,,,,,,,,,,,,,,,,,,High,High,High,,,,,
176,2025-10-17,15:22:06.48,4,3,"Lawson, Wade",1000068528,Right,POM_COL,"Lee, Sammy",1000276388,Right,POM_COL,Undefined,5,Top,2,2,0,Slider,Slider,StrikeCalled,Undefined,Undefined,Undefined,0,0,,80.8792,0.752855,-1.834496,2320.7989,69.698817,8:15,5.72309,1.87212,4.62278,-45.78991,-0.48307,-5.53725,2.62336,-0.33384,73.45586,-7.504408,-2.805236,0.484455,,,,,,,,,,,,2.11705,0.04465,-1.67833,50,5.7587,4.00019,-117.07453,-0.24255,2.90714,24.29115,-32.11273,POM_COL,POM_COL,PomonaPitzer,TeamExclusive,Team,20251017-PomonaPitzer-Private-1,b743fe20-aba7-11f0-bdec-9ba129dde21b,77.80383,,,7.42334,,,,,,,1281aa50-c58b-434b-a235-220b35bf6a67,2025-10-17,22:22:06.48,2025-10-17T15:22:06.4859648-07:00,2025-10-17T22:22:06.4859648Z,,v3,POM_PIT,POM_PIT,,"Savas, Peter",1000276389,Right,POM_COL,bf014b11-7bb2-4310-bafd-9cdd21c97dbc,55.87341,-118.2869,12.14557,5.73081,1.36018,-16.05637,-1.87436,3.8551,1.45357,,,,,,,,,,,,,,,,,,,,,,,,,,,,,,,,,,,,,,,,,,,,,,,,,,,High,High,High,,,,,
177,2025-10-17,15:22:29.28,4,4,"Lawson, Wade",1000068528,Right,POM_COL,"Lee, Sammy",1000276388,Right,POM_COL,Undefined,5,Top,2,2,1,Fastball,Four-Seam,FoulBallNotFieldable,Undefined,Undefined,Undefined,0,0,,86.84688,-1.328424,-3.276641,2504.110317,209.192697,1:00,5.6375,1.5496,5.54006,-20.23647,17.61009,9.12079,2.70731,-0.75609,78.88765,-5.140956,-1.654015,0.442777,,,,,,,,,,,,-5.58394,9.67052,-1.27156,50,5.50907,6.81111,-125.80495,-3.55631,-8.89664,26.91864,-16.76647,POM_COL,POM_COL,PomonaPitzer,TeamExclusive,Team,20251017-PomonaPitzer-Private-1,c4ed0080-aba7-11f0-bdec-9ba129dde21b,85.12745,,,7.95923,,,,,,,1281aa50-c58b-434b-a235-220b35bf6a67,2025-10-17,22:22:29.28,2025-10-17T15:22:29.2842496-07:00,2025-10-17T22:22:29.2842496Z,,v3,POM_PIT,POM_PIT,,"Savas, Peter",1000276389,Right,POM_COL,b9f6b6f1-9f65-4fb7-80fe-51b5f49704fc,54.95732,-126.86124,13.45932,5.63572,-2.89839,-8.38324,-1.54567,7.16021,-4.44832,,,,,,,,,,,,,,,,,,,,,,,,,,,,,,,,,,,,,,,,,,,,,,,,,,,High,High,High,,,,,
178,2025-10-17,15:23:02.09,4,5,"Lawson, Wade",1000068528,Right,POM_COL,"Lee, Sammy",1000276388,Right,POM_COL,Undefined,5,Top,2,2,2,ChangeUp,Splitter,BallCalled,Undefined,Undefined,Undefined,0,0,,84.45719,-1.507674,-2.017553,1019.143256,250.80133,2:15,5.54872,1.7616,4.98651,-34.79281,5.85237,13.0182,1.22444,0.94053,77.36775,-7.82734,0.282576,0.458855,,,,,,,,,,,,-7.00662,3.72839,-1.57823,50,5.37523,3.73154,-122.41781,-4.53741,-10.61373,24.56581,-26.52622,POM_COL,POM_COL,PomonaPitzer,TeamExclusive,Team,20251017-PomonaPitzer-Private-1,d8657020-aba7-11f0-bdec-9ba129dde21b,82.14447,,,7.08944,,,,,,,1281aa50-c58b-434b-a235-220b35bf6a67,2025-10-17,22:23:02.09,2025-10-17T15:23:02.0902912-07:00,2025-10-17T22:23:02.0902912Z,,v3,POM_PIT,POM_PIT,,"Savas, Peter",1000276389,Right,POM_COL,0c27c405-298d-40f4-b122-9afa330865b1,55.51158,-123.51887,12.28291,5.55196,-3.34848,-13.26311,-1.75614,4.20726,-5.30687,,,,,,,,,,,,,,,,,,,,,,,,,,,,,,,,,,,,,,,,,,,,,,,,,,,High,High,High,,,,,
179,2025-10-17,15:23:23.99,4,6,"Lawson, Wade",1000068528,Right,POM_COL,"Lee, Sammy",1000276388,Right,POM_COL,Undefined,5,Top,2,3,2,Slider,Slider,FoulBallNotFieldable,Undefined,Undefined,Undefined,0,0,,82.13239,0.934274,-1.48754,2433.632576,61.968089,8:00,5.74305,1.61589,4.48103,-43.73703,-0.00276,-2.61221,2.98914,-0.01989,75.17116,-6.92151,-1.94442,0.475973,,,,,,,,,,,,0.85268,0.14362,-1.45674,50,5.79925,3.20998,-119.03029,0.19394,1.22218,23.04837,-31.96821,POM_COL,POM_COL,PomonaPitzer,TeamExclusive,Team,20251017-PomonaPitzer-Private-1,e5731ce0-aba7-11f0-bdec-9ba129dde21b,79.19028,,,6.96123,,,,,,,1281aa50-c58b-434b-a235-220b35bf6a67,2025-10-17,22:23:23.99,2025-10-17T15:23:23.9947264-07:00,2025-10-17T22:23:23.9947264Z,,v3,POM_PIT,POM_PIT,,"Savas, Peter",1000276389,Right,POM_COL,d7b891e9-0051-437b-af67-3e0824e853c1,56.01753,-120.18984,11.52419,5.74904,1.80224,-15.9841,-1.61669,3.1485,0.61109,,,,,,,,,,,,,,,,,,,,,,,,,,,,,,,,,,,,,,,,,,,,,,,,,,,High,High,High,,,,,
180,2025-10-17,15:23:48.70,4,7,"Lawson, Wade",1000068528,Right,POM_COL,"Lee, Sammy",1000276388,Right,POM_COL,Undefined,5,Top,2,3,2,Slider,Curveball,FoulBallNotFieldable,Undefined,Undefined,Undefined,0,0,,81.97485,0.097143,-2.870462,2458.390132,44.97841,7:30,5.75282,1.6511,4.60679,-47.78507,-3.00618,-4.7265,1.86323,-1.47461,73.66547,-8.513801,-3.698337,0.481624,,,,,,,,,,,,1.29256,-0.98724,-1.35065,50,5.719,6.15288,-118.40492,-1.68691,1.78981,27.79609,-33.54109,POM_COL,POM_COL,PomonaPitzer,TeamExclusive,Team,20251017-PomonaPitzer-Private-1,f4302750-aba7-11f0-bdec-9ba129dde21b,78.26115,,,8.30938,,,,,,,1281aa50-c58b-434b-a235-220b35bf6a67,2025-10-17,22:23:48.70,2025-10-17T15:23:48.7002624-07:00,2025-10-17T22:23:48.7002624Z,,v3,POM_PIT,POM_PIT,,"Savas, Peter",1000276389,Right,POM_COL,73fa6b52-5e6c-4847-b4d5-b025bcfc05db,55.88862,-119.77932,13.89805,5.7614,-0.02844,-16.77055,-1.65269,6.06439,0.8949,,,,,,,,,,,,,,,,,,,,,,,,,,,,,,,,,,,,,,,,,,,,,,,,,,,High,High,High,,,,,
181,2025-10-17,15:24:14.62,4,8,"Lawson, Wade",1000068528,Right,POM_COL,"Lee, Sammy",1000276388,Right,POM_COL,Undefined,5,Top,2,3,2,Fastball,Cutter,FoulBallNotFieldable,Undefined,Undefined,Undefined,0,0,,86.80211,-0.307187,-3.391379,2584.667304,219.155025,1:15,5.66601,1.50504,5.36404,-25.95604,12.41678,8.9965,3.21446,-0.92904,78.35577,-5.140214,-1.796359,0.445844,,,,,,,,,,,,-5.58689,6.71839,-1.20699,50,5.62038,7.04883,-125.63496,-1.5693,-8.81905,28.39347,-21.5689,POM_COL,POM_COL,PomonaPitzer,TeamExclusive,Team,20251017-PomonaPitzer-Private-1,03b4c780-aba8-11f0-bdec-9ba129dde21b,84.5417,,,8.44634,,,,,,,1281aa50-c58b-434b-a235-220b35bf6a67,2025-10-17,22:24:14.62,2025-10-17T15:24:14.6215424-07:00,2025-10-17T22:24:14.6215424Z,,v3,POM_PIT,POM_PIT,,"Savas, Peter",1000276389,Right,POM_COL,10c6e77c-ded1-4991-ba35-4d8ba97d0e34,55.13256,-126.78962,14.19674,5.66636,-0.69218,-10.78445,-1.50093,7.40746,-4.40952,,,,,,,,,,,,,,,,,,,,,,,,,,,,,,,,,,,,,,,,,,,,,,,,,,,High,High,High,,,,,
182,2025-10-17,15:24:39.42,4,9,"Lawson, Wade",1000068528,Right,POM_COL,"Lee, Sammy",1000276388,Right,POM_COL,Undefined,5,Top,2,3,2,Curveball,Curveball,BallCalled,Walk,Undefined,Undefined,0,0,,77.59974,3.413051,-0.564392,2267.488081,45.320166,7:30,6.14188,0.9983,4.72421,-56.31582,-7.18906,-8.9826,4.69139,-0.2858,70.23201,-6.747974,-2.141094,0.504464,,,,,,,,,,,,4.17154,-3.95969,-0.93301,50,6.43685,1.49708,-112.25056,4.56994,5.26444,22.38729,-37.17111,POM_COL,POM_COL,PomonaPitzer,TeamExclusive,Team,20251017-PomonaPitzer-Private-1,1272bc50-aba8-11f0-bdec-9ba129dde21b,74.71773,,,7.36773,,,,,,,1281aa50-c58b-434b-a235-220b35bf6a67,2025-10-17,22:24:39.42,2025-10-17T15:24:39.4253824-07:00,2025-10-17T22:24:39.4253824Z,,v3,POM_PIT,POM_PIT,,"Savas, Peter",1000276389,Right,POM_COL,98132884-8ee2-4f24-814f-b05273d68057,55.77369,-113.39622,11.19365,6.15432,6.47215,-18.58556,-1.00273,1.22768,2.63222,,,,,,,,,,,,,,,,,,,,,,,,,,,,,,,,,,,,,,,,,,,,,,,,,,,High,High,High,,,,,
183,2025-10-17,15:25:10.79,5,1,"Lawson, Wade",1000068528,Right,POM_COL,"Ruyle, Brody",10183257,Right,POM_COL,Undefined,5,Top,2,0,0,Slider,Slider,StrikeCalled,Undefined,Undefined,Undefined,0,0,,81.7859,1.14468,-1.197654,2467.723752,67.314767,8:15,5.71604,1.87104,4.50908,-45.63605,-0.39461,-5.26032,3.00385,0.29162,72.95985,-7.12217,-2.11826,0.484105,,,,,,,,,,,,2.08803,0.01441,-1.74041,50,5.79327,2.71882,-118.10995,0.53891,2.86969,28.16782,-32.15422,POM_COL,POM_COL,PomonaPitzer,TeamExclusive,Team,20251017-PomonaPitzer-Private-1,2517fd70-aba8-11f0-bdec-9ba129dde21b,77.86002,,,8.82604,,,,,,,1281aa50-c58b-434b-a235-220b35bf6a67,2025-10-17,22:25:10.79,2025-10-17T15:25:10.7904000-07:00,2025-10-17T22:25:10.7904000Z,,v3,POM_PIT,POM_PIT,,"Savas, Peter",1000276389,Right,POM_COL,c84dc72c-97f4-4672-b6e0-a5062e17a0ec,55.98276,-119.52825,14.08391,5.72537,2.15794,-16.07711,-1.87367,2.57432,1.43484,,,,,,,,,,,,,,,,,,,,,,,,,,,,,,,,,,,,,,,,,,,,,,,,,,,High,High,High,,,,,
184,2025-10-17,15:25:28.08,5,2,"Lawson, Wade",1000068528,Right,POM_COL,"Ruyle, Brody",10183257,Right,POM_COL,Undefined,5,Top,2,0,1,Curveball,Curveball,BallCalled,Undefined,Undefined,Undefined,0,0,,76.27969,1.987365,0.918173,2197.116047,39.920106,7:15,6.0832,1.09915,4.74161,-58.67184,-8.04705,-8.17441,3.08,1.28896,69.45085,-8.574169,-0.520014,0.512098,,,,,,,,,,,,4.35477,-4.25658,-1.18367,50,6.23045,-1.44273,-110.53216,1.71932,5.32851,21.71359,-37.38238,POM_COL,POM_COL,PomonaPitzer,TeamExclusive,Team,20251017-PomonaPitzer-Private-1,2f844b60-aba8-11f0-bdec-9ba129dde21b,73.60394,,,6.82884,,,,,,,1281aa50-c58b-434b-a235-220b35bf6a67,2025-10-17,22:25:28.08,2025-10-17T15:25:28.0880128-07:00,2025-10-17T22:25:28.0880128Z,,v3,POM_PIT,POM_PIT,,"Savas, Peter",1000276389,Right,POM_COL,b57b4501-9a63-4ecd-8bac-1a3222863a14,55.76,-111.65796,10.85679,6.09106,3.6575,-18.69119,-1.10171,-1.719,2.66426,,,,,,,,,,,,,,,,,,,,,,,,,,,,,,,,,,,,,,,,,,,,,,,,,,,High,High,High,,,,,
185,2025-10-17,15:25:49.37,5,3,"Lawson, Wade",1000068528,Right,POM_COL,"Ruyle, Brody",10183257,Right,POM_COL,Undefined,5,Top,2,1,1,Slider,Slider,BallCalled,Undefined,Undefined,Undefined,0,0,,81.76919,1.011313,-3.413963,2411.540994,50.708002,7:45,5.69642,1.81293,4.56837,-46.98459,-1.83228,-4.3754,2.74519,-1.80419,73.25939,-7.471562,-4.178183,0.483628,,,,,,,,,,,,0.91469,-0.67996,-1.45438,50,5.75804,7.24188,-117.99016,0.22515,1.25786,27.57587,-33.10913,POM_COL,POM_COL,PomonaPitzer,TeamExclusive,Team,20251017-PomonaPitzer-Private-1,3c1ffc70-aba8-11f0-bdec-9ba129dde21b,77.93683,,,8.5098,,,,,,,1281aa50-c58b-434b-a235-220b35bf6a67,2025-10-17,22:25:49.37,2025-10-17T15:25:49.3763072-07:00,2025-10-17T22:25:49.3763072Z,,v3,POM_PIT,POM_PIT,,"Savas, Peter",1000276389,Right,POM_COL,6556a3a1-9d0f-48a7-a2c9-ebeaa875672c,55.92552,-119.367,13.78794,5.70553,1.87825,-16.55457,-1.81439,7.17908,0.62893,,,,,,,,,,,,,,,,,,,,,,,,,,,,,,,,,,,,,,,,,,,,,,,,,,,High,High,High,,,,,
186,2025-10-17,15:26:05.47,5,4,"Lawson, Wade",1000068528,Right,POM_COL,"Ruyle, Brody",10183257,Right,POM_COL,Undefined,5,Top,2,2,1,Fastball,Four-Seam,BallCalled,Undefined,Undefined,Undefined,0,0,,86.26669,-1.971354,-4.197085,2545.894488,217.836067,1:15,5.59952,1.67055,5.59994,-26.14584,12.61115,8.67686,1.57462,-1.53169,77.78477,-6.848762,-2.653548,0.448071,,,,,,,,,,,,-5.71166,7.4393,-1.31609,50,5.41363,8.76775,-124.64556,-5.16387,-8.84637,28.68075,-20.65189,POM_COL,POM_COL,PomonaPitzer,TeamExclusive,Team,20251017-PomonaPitzer-Private-1,45af09c0-aba8-11f0-bdec-9ba129dde21b,84.12165,,,8.48192,,,,,,,1281aa50-c58b-434b-a235-220b35bf6a67,2025-10-17,22:26:05.47,2025-10-17T15:26:05.4724608-07:00,2025-10-17T22:26:05.4724608Z,,v3,POM_PIT,POM_PIT,,"Savas, Peter",1000276389,Right,POM_COL,a104f61d-d184-42dc-bd13-dc6a8b003c91,54.89432,-125.76669,14.34037,5.5997,-4.35659,-10.32594,-1.66558,9.11356,-4.42319,,,,,,,,,,,,,,,,,,,,,,,,,,,,,,,,,,,,,,,,,,,,,,,,,,,High,High,High,,,,,
187,2025-10-17,15:26:27.62,5,5,"Lawson, Wade",1000068528,Right,POM_COL,"Ruyle, Brody",10183257,Right,POM_COL,Undefined,5,Top,2,3,1,Slider,Slider,FoulBallNotFieldable,Undefined,Undefined,Undefined,0,0,,81.58768,-0.004026,-2.095506,2509.92894,69.502418,8:15,5.58884,1.98145,4.44801,-45.02156,0.84732,-2.86484,1.8332,-0.25662,72.52878,-8.152236,-2.596324,0.487451,,,,,,,,,,,,0.59811,0.90032,-1.75676,50,5.54523,4.43892,-117.73368,-1.77153,0.81047,29.55169,-30.9541,POM_COL,POM_COL,PomonaPitzer,TeamExclusive,Team,20251017-PomonaPitzer-Private-1,53027210-aba8-11f0-bdec-9ba129dde21b,77.32567,,,9.05891,,,,,,,1281aa50-c58b-434b-a235-220b35bf6a67,2025-10-17,22:26:27.62,2025-10-17T15:26:27.6209152-07:00,2025-10-17T22:26:27.6209152Z,,v3,POM_PIT,POM_PIT,,"Savas, Peter",1000276389,Right,POM_COL,7df2060b-047b-4b64-a906-b2ee52e5934a,56.04647,-119.24172,14.77584,5.59532,-0.19193,-15.47705,-1.98222,4.39756,0.40524,,,,,,,,,,,,,,,,,,,,,,,,,,,,,,,,,,,,,,,,,,,,,,,,,,,High,High,High,,,,,
188,2025-10-17,15:26:56.38,5,6,"Lawson, Wade",1000068528,Right,POM_COL,"Ruyle, Brody",10183257,Right,POM_COL,Undefined,5,Top,3,3,2,Fastball,Cutter,InPlay,Undefined,LineDrive,Single,0,1,,86.22104,-0.732158,-2.150432,2361.111543,206.383073,1:00,5.93625,1.38652,5.64881,-24.15753,13.81142,6.24863,3.2397,-0.09946,78.78191,-5.241645,-1.034789,0.443492,94.53014,14.255334,-23.991709,1315.688552,98.79877,19.62898,-48.36064,234.83723,199.12815,-29.416324,2.173634,-3.79398,7.58138,-1.20826,50,5.85891,4.43975,-125.13354,-2.38596,-6.00913,25.5043,-20.16614,POM_COL,POM_COL,PomonaPitzer,TeamExclusive,Team,20251017-PomonaPitzer-Private-1,64224bb0-aba8-11f0-bdec-9ba129dde21b,84.99011,19.80722,,7.43912,,,,2.06411,3.36058,0.0843,1281aa50-c58b-434b-a235-220b35bf6a67,2025-10-17,22:26:56.38,2025-10-17T15:26:56.3832832-07:00,2025-10-17T22:26:56.3832832Z,LineDrive,v3,POM_PIT,POM_PIT,,"Savas, Peter",1000276389,Right,POM_COL,3b9aa586-2e59-40ee-9280-9d7721a717b1,54.84976,-126.11813,12.75215,5.93599,-1.60745,-10.08307,-1.38413,4.67173,-3.00456,103.91917,2.06411,122.7654,-18.57753,3.38844,-0.72107,0.13791,-0.0253,0.00361,-0.00026,3.36058,34.14016,-19.1846,1.78652,-0.35458,0.07452,-0.01228,0.00168,-0.00013,0.0843,-54.63743,-0.08585,0.66201,-0.222,0.05787,-0.01169,0.00167,-0.00012,,,,,,,,,,,,,,,,,,,,,,,High,High,High,High,Medium,,,
189,2025-10-17,15:29:53.34,1,1,"Polishuk, Will",1000375103,Right,POM_COL,"Zerger, Justin",10051439,Right,POM_COL,Undefined,5,Bottom,0,0,0,Fastball,Four-Seam,StrikeSwinging,Undefined,Undefined,Undefined,0,0,,91.01676,-2.190693,-2.452633,2171.950533,206.204162,12:45,6.22658,1.29805,5.42022,-17.91466,16.45454,7.55792,2.67876,-0.37093,83.26181,-5.546152,-1.109367,0.421945,,,,,,,,,,,,-4.43851,9.18784,-1.08547,50,6.01959,5.29868,-131.92491,-5.64864,-7.83763,27.54658,-15.94986,POM_COL,POM_COL,PomonaPitzer,TeamExclusive,Team,20251017-PomonaPitzer-Private-1,cd7c3490-aba8-11f0-bdec-9ba129dde21b,89.33017,,,7.75495,,,,,,,1281aa50-c58b-434b-a235-220b35bf6a67,2025-10-17,22:29:53.34,2025-10-17T15:29:53.3432832-07:00,2025-10-17T22:29:53.3432832Z,,v3,POM_PIT,POM_PIT,,"Lee, Sammy",1000276388,Right,POM_COL,cda8b78c-c828-4268-860e-a7235048d30e,55.07617,-132.98061,13.77329,6.22435,-5.03737,-7.97493,-1.29429,5.59906,-3.91882,,,,,,,,,,,,,,,,,,,,,,,,,,,,,,,,,,,,,,,,,,,,,,,,,,,High,High,High,,,,,
190,2025-10-17,15:30:09.96,1,2,"Polishuk, Will",1000375103,Right,POM_COL,"Zerger, Justin",10051439,Right,POM_COL,Undefined,5,Bottom,0,0,1,Fastball,Four-Seam,InPlay,Undefined,LineDrive,Out,1,0,,92.01848,-1.991985,-2.390854,2130.758374,219.683151,1:15,6.12612,1.47398,5.42792,-18.25863,15.58446,11.97237,2.73654,0.23116,83.56158,-5.422992,-0.261988,0.418703,99.0076,14.810804,-6.368526,1021.308524,109.36744,25.12848,-11.77964,295.7791,292.82112,-6.316416,2.992681,-6.75654,8.77886,-1.27064,50,5.93707,5.0179,-133.34061,-5.26287,-12.08422,30.43514,-16.47288,POM_COL,POM_COL,PomonaPitzer,TeamExclusive,Team,20251017-PomonaPitzer-Private-1,d7837f20-aba8-11f0-bdec-9ba129dde21b,90.0218,28.95161,,8.45691,,,,2.04815,2.79384,-0.24179,1281aa50-c58b-434b-a235-220b35bf6a67,2025-10-17,22:30:09.96,2025-10-17T15:30:09.9614720-07:00,2025-10-17T22:30:09.9614720Z,LineDrive,v3,POM_PIT,POM_PIT,,"Lee, Sammy",1000276388,Right,POM_COL,033f048f-a8e1-443b-afbc-5dd44856be6b,55.07013,-134.49289,15.21757,6.12452,-4.6392,-8.23644,-1.46928,5.47542,-6.04211,187.102942,2.04816,139.5195,-23.44665,5.17965,-1.08995,0.2131,-0.03598,0.00432,-0.00025,2.79383,37.12038,-13.43046,0.07263,0.12233,-0.04165,0.00898,-0.00096,4E-05,-0.2418,-15.57165,3.72306,-1.38467,0.39816,-0.09286,0.01668,-0.00199,0.00011,,,,,,,,,,,,,,,,,,,,,,,High,High,High,High,Medium,,,
191,2025-10-17,15:30:40.17,2,1,"Polishuk, Will",1000375103,Right,POM_COL,"Green, Mason",10147543,Right,POM_COL,Undefined,5,Bottom,1,0,0,Fastball,Four-Seam,BallCalled,Undefined,Undefined,Undefined,0,0,,91.26484,-0.816631,-3.095292,2170.249601,206.348864,1:00,6.25713,1.18979,5.42112,-17.4745,16.87202,7.79154,4.03482,-1.06308,82.93469,-4.11347,-1.712191,0.421806,,,,,,,,,,,,-4.75981,9.02552,-0.92017,50,6.17264,6.7806,-132.21178,-2.45676,-8.39957,28.9828,-16.24689,POM_COL,POM_COL,PomonaPitzer,TeamExclusive,Team,20251017-PomonaPitzer-Private-1,e96c2700-aba8-11f0-bdec-9ba129dde21b,89.35962,,,8.33015,,,,,,,1281aa50-c58b-434b-a235-220b35bf6a67,2025-10-17,22:30:40.17,2025-10-17T15:30:40.1726976-07:00,2025-10-17T22:30:40.1726976Z,,v3,POM_PIT,POM_PIT,,"Lee, Sammy",1000276388,Right,POM_COL,fcc4926c-3b6e-495a-a7dc-8256598e5ad3,55.07394,-133.31942,14.4914,6.25467,-1.83584,-8.12345,-1.18544,7.10161,-4.19978,,,,,,,,,,,,,,,,,,,,,,,,,,,,,,,,,,,,,,,,,,,,,,,,,,,High,High,High,,,,,
192,2025-10-17,15:30:53.99,2,2,"Polishuk, Will",1000375103,Right,POM_COL,"Green, Mason",10147543,Right,POM_COL,Undefined,5,Bottom,1,1,0,Fastball,Four-Seam,BallCalled,Undefined,Undefined,Undefined,0,0,,91.59304,-1.262238,-3.154812,2217.007855,206.921333,1:00,6.14907,1.35477,5.51349,-16.79883,17.21623,8.16331,3.56688,-0.91795,83.20665,-4.442031,-1.703235,0.419766,,,,,,,,,,,,-4.99591,9.36469,-1.08503,50,6.02784,6.93205,-132.68169,-3.46244,-8.8704,29.44311,-15.54663,POM_COL,POM_COL,PomonaPitzer,TeamExclusive,Team,20251017-PomonaPitzer-Private-1,f1a5b670-aba8-11f0-bdec-9ba129dde21b,89.79396,,,8.3864,,,,,,,1281aa50-c58b-434b-a235-220b35bf6a67,2025-10-17,22:30:53.99,2025-10-17T15:30:53.9964928-07:00,2025-10-17T22:30:53.9964928Z,,v3,POM_PIT,POM_PIT,,"Lee, Sammy",1000276388,Right,POM_COL,0f24c815-fbf5-48fa-be09-758f3744300c,54.98214,-133.7827,14.72156,6.14645,-2.88109,-7.77331,-1.35045,7.26376,-4.4352,,,,,,,,,,,,,,,,,,,,,,,,,,,,,,,,,,,,,,,,,,,,,,,,,,,High,High,High,,,,,
193,2025-10-17,15:31:10.59,2,3,"Polishuk, Will",1000375103,Right,POM_COL,"Green, Mason",10147543,Right,POM_COL,Undefined,5,Bottom,1,2,0,Fastball,Four-Seam,InPlay,Undefined,GroundBall,Out,1,0,,91.26821,-2.268482,-2.491145,2186.082928,215.295888,1:15,6.13612,1.30502,5.50615,-18.81257,15.33772,10.06867,2.44378,-0.18714,83.32561,-5.791231,-0.6984,0.420599,89.18795,-3.865792,-21.132099,,,,,23.37003,23.21573,-19.384158,0.171775,-5.80374,8.72158,-1.09454,50,5.92547,5.30399,-132.30255,-5.88139,-10.27203,28.60657,-16.73772,POM_COL,POM_COL,PomonaPitzer,TeamExclusive,Team,20251017-PomonaPitzer-Private-1,fba14130-aba8-11f0-bdec-9ba129dde21b,89.61604,2.35076,,7.9426,,,,1.76536,2.35076,0.23213,1281aa50-c58b-434b-a235-220b35bf6a67,2025-10-17,22:31:10.59,2025-10-17T15:31:10.5918464-07:00,2025-10-17T22:31:10.5918464Z,GroundBall,v3,POM_PIT,POM_PIT,,"Lee, Sammy",1000276388,Right,POM_COL,b51a0730-f3c5-49ad-ad56-918af7995c72,54.99235,-133.37764,14.30328,6.13468,-5.25236,-8.36886,-1.30113,5.69003,-5.13602,19.873579,1.76589,121.69394,-21.18451,,,,,,,2.35202,-8.91616,-27.84729,,,,,,,0.23226,-47.06215,3.22594,,,,,,,,,,,,,,,,,,,,,,,,,,,,,High,High,High,High,High,,,
194,2025-10-17,15:31:43.64,3,1,"Polishuk, Will",1000375103,Right,POM_COL,"Dillehay, Drew",1000091533,Right,POM_COL,Undefined,5,Bottom,2,0,0,Slider,Slider,BallCalled,Undefined,Undefined,Undefined,0,0,,82.13774,1.417147,0.004909,2192.295989,143.038083,10:45,5.90204,1.69954,5.28632,-40.22144,1.77921,-0.43429,3.8813,1.66796,75.77387,-5.912762,-0.072196,0.466444,,,,,,,,,,,,0.21752,0.9402,-1.69967,50,6.00179,0.00811,-119.31589,1.4989,0.31642,21.01305,-30.80641,POM_COL,POM_COL,PomonaPitzer,TeamExclusive,Team,20251017-PomonaPitzer-Private-1,0f45a2d0-aba9-11f0-bdec-9ba129dde21b,80.80809,,,6.36387,,,,,,,1281aa50-c58b-434b-a235-220b35bf6a67,2025-10-17,22:31:43.64,2025-10-17T15:31:43.6401664-07:00,2025-10-17T22:31:43.6401664Z,,v3,POM_PIT,POM_PIT,,"Lee, Sammy",1000276388,Right,POM_COL,b1c13ab5-83c6-4f4d-9dbc-27e364cef72e,55.21246,-120.23037,10.50653,5.90739,2.83958,-15.40321,-1.69972,-0.00566,0.15821,,,,,,,,,,,,,,,,,,,,,,,,,,,,,,,,,,,,,,,,,,,,,,,,,,,High,High,High,,,,,
195,2025-10-17,15:32:03.40,3,2,"Polishuk, Will",1000375103,Right,POM_COL,"Dillehay, Drew",1000091533,Right,POM_COL,Undefined,5,Bottom,2,1,0,Fastball,Four-Seam,FoulBallNotFieldable,Undefined,Undefined,Undefined,0,0,,90.60551,-1.80493,-2.529463,2191.905542,211.39762,1:00,6.15463,1.31701,5.41714,-17.008,17.85466,10.18182,3.04429,-0.20555,82.37485,-5.018021,-0.720134,0.424963,,,,,,,,,,,,-5.86323,9.85382,-1.09957,50,5.98269,5.33741,-131.30244,-4.69132,-10.18949,28.97637,-15.04943,POM_COL,POM_COL,PomonaPitzer,TeamExclusive,Team,20251017-PomonaPitzer-Private-1,1b1eee40-aba9-11f0-bdec-9ba129dde21b,88.69573,,,8.23066,,,,,,,1281aa50-c58b-434b-a235-220b35bf6a67,2025-10-17,22:32:03.40,2025-10-17T15:32:03.4088960-07:00,2025-10-17T22:32:03.4088960Z,,v3,POM_PIT,POM_PIT,,"Lee, Sammy",1000276388,Right,POM_COL,70fef6a9-d1dd-4ba9-acff-354d5399ba27,55.08045,-132.41887,14.48819,6.15227,-4.11148,-7.52471,-1.31278,5.73,-5.09475,,,,,,,,,,,,,,,,,,,,,,,,,,,,,,,,,,,,,,,,,,,,,,,,,,,High,High,High,,,,,
196,2025-10-17,15:32:26.07,3,3,"Polishuk, Will",1000375103,Right,POM_COL,"Dillehay, Drew",1000091533,Right,POM_COL,Undefined,5,Bottom,2,1,1,Slider,Curveball,StrikeCalled,Undefined,Undefined,Undefined,0,0,,82.2019,1.248442,-2.070222,2124.87772,22.002922,6:45,5.98875,1.46364,5.33483,-45.81132,-3.18654,-1.8689,3.34338,-0.63523,74.74478,-7.108567,-2.402094,0.469897,,,,,,,,,,,,0.29713,-1.46032,-1.27535,50,6.06908,4.38682,-119.13363,0.91935,0.42318,24.81311,-34.25384,POM_COL,POM_COL,PomonaPitzer,TeamExclusive,Team,20251017-PomonaPitzer-Private-1,289288c0-aba9-11f0-bdec-9ba129dde21b,80.21432,,,7.45713,,,,,,,1281aa50-c58b-434b-a235-220b35bf6a67,2025-10-17,22:32:26.07,2025-10-17T15:32:26.0723712-07:00,2025-10-17T22:32:26.0723712Z,,v3,POM_PIT,POM_PIT,,"Lee, Sammy",1000276388,Right,POM_COL,a611e029-f79a-4310-ab36-e615b285cedb,55.16202,-120.20397,12.40655,5.99755,2.39692,-17.12692,-1.46419,4.36856,0.21159,,,,,,,,,,,,,,,,,,,,,,,,,,,,,,,,,,,,,,,,,,,,,,,,,,,High,High,High,,,,,
197,2025-10-17,15:32:52.38,3,4,"Polishuk, Will",1000375103,Right,POM_COL,"Dillehay, Drew",1000091533,Right,POM_COL,Undefined,5,Bottom,2,1,2,ChangeUp,Splitter,HitByPitch,Undefined,Undefined,Undefined,0,0,,83.4202,0.606221,-0.181462,969.197814,229.066009,1:45,6.08591,1.36137,5.39983,-32.49541,8.43363,8.22315,3.94605,1.87659,76.1996,-5.384803,1.281365,0.460455,,,,,,,,,,,,-4.21299,4.43835,-1.35128,50,6.11724,0.04371,-121.10729,0.16283,-6.24385,24.11722,-25.59616,POM_COL,POM_COL,PomonaPitzer,TeamExclusive,Team,20251017-PomonaPitzer-Private-1,3856ca00-aba9-11f0-bdec-9ba129dde21b,81.8591,,,7.2206,,,,,,,1281aa50-c58b-434b-a235-220b35bf6a67,2025-10-17,22:32:52.38,2025-10-17T15:32:52.3811840-07:00,2025-10-17T22:32:52.3811840Z,,v3,POM_PIT,POM_PIT,,"Lee, Sammy",1000276388,Right,POM_COL,4a802931-4928-4226-b927-673ca3668896,55.09903,-122.11848,12.05861,6.08791,1.23603,-12.79808,-1.3586,0.3055,-3.12193,,,,,,,,,,,,,,,,,,,,,,,,,,,,,,,,,,,,,,,,,,,,,,,,,,,High,High,High,,,,,
198,2025-10-17,15:33:29.76,4,1,"Polishuk, Will",1000375103,Right,POM_COL,"Gold, Jack",1000108729,Left,POM_COL,Undefined,5,Bottom,2,0,0,Slider,Curveball,StrikeCalled,Undefined,Undefined,Undefined,0,0,,80.43272,1.221534,-0.853003,2144.485401,8.541227,6:15,5.91118,1.66737,5.11361,-48.14589,-3.06421,-0.70039,3.05009,0.80536,72.80289,-7.541998,-0.977035,0.48325,,,,,,,,,,,,0.07201,-1.35209,-1.58652,50,5.98919,1.76514,-116.51865,0.70979,0.09761,24.79007,-34.00653,POM_COL,POM_COL,PomonaPitzer,TeamExclusive,Team,20251017-PomonaPitzer-Private-1,4e8b9a80-aba9-11f0-bdec-9ba129dde21b,77.99788,,,7.62983,,,,,,,1281aa50-c58b-434b-a235-220b35bf6a67,2025-10-17,22:33:29.76,2025-10-17T15:33:29.7619968-07:00,2025-10-17T22:33:29.7619968Z,,v3,POM_PIT,POM_PIT,,"Lee, Sammy",1000276388,Right,POM_COL,dcbe3b73-090a-4f56-9e0c-17067db20292,55.38233,-117.6582,12.39503,5.92063,2.27301,-17.00326,-1.66755,1.76065,0.0488,,,,,,,,,,,,,,,,,,,,,,,,,,,,,,,,,,,,,,,,,,,,,,,,,,,High,High,High,,,,,
199,2025-10-17,15:33:48.76,4,2,"Polishuk, Will",1000375103,Right,POM_COL,"Gold, Jack",1000108729,Left,POM_COL,Undefined,5,Bottom,2,0,1,ChangeUp,Splitter,BallCalled,Undefined,Undefined,Undefined,0,0,,82.44912,0.798581,-0.168786,929.675378,226.437053,1:30,6.07847,1.69745,5.22062,-34.09482,8.28512,7.22977,3.98812,2.14124,74.97255,-5.474982,1.113024,0.468545,,,,,,,,,,,,-3.61961,4.34949,-1.68735,50,6.12707,0.03648,-119.55258,0.46356,-5.21039,24.20925,-25.91301,POM_COL,POM_COL,PomonaPitzer,TeamExclusive,Team,20251017-PomonaPitzer-Private-1,59de29c0-aba9-11f0-bdec-9ba129dde21b,80.44568,,,7.47657,,,,,,,1281aa50-c58b-434b-a235-220b35bf6a67,2025-10-17,22:33:48.76,2025-10-17T15:33:48.7691264-07:00,2025-10-17T22:33:48.7691264Z,,v3,POM_PIT,POM_PIT,,"Lee, Sammy",1000276388,Right,POM_COL,737b642b-d874-4d37-b407-7bf2a33c7183,55.27444,-120.61591,12.10462,6.08172,1.60174,-12.95651,-1.69398,0.26533,-2.60519,,,,,,,,,,,,,,,,,,,,,,,,,,,,,,,,,,,,,,,,,,,,,,,,,,,High,High,High,,,,,
200,2025-10-17,15:34:18.83,4,3,"Polishuk, Will",1000375103,Right,POM_COL,"Gold, Jack",1000108729,Left,POM_COL,Undefined,5,Bottom,1,1,1,ChangeUp,Splitter,InPlay,Undefined,GroundBall,Out,1,0,,81.92872,-1.827289,-1.486831,1059.092621,229.161525,1:45,6.03327,1.59721,5.19719,-34.37285,8.53158,8.23615,1.44895,0.88472,75.0325,-8.10486,-0.025549,0.471436,40.94096,-71.658155,61.442136,,,,,2.95256,2.95256,-8.029791,0.028311,-4.56697,5.18957,-1.46599,50,5.83801,2.74151,-118.78713,-4.99227,-6.50066,23.55905,-24.78716,POM_COL,POM_COL,PomonaPitzer,TeamExclusive,Team,20251017-PomonaPitzer-Private-1,6bd77370-aba9-11f0-bdec-9ba129dde21b,79.95245,1.62509,,6.89622,,,,2.66606,1.62509,-0.88565,1281aa50-c58b-434b-a235-220b35bf6a67,2025-10-17,22:34:18.83,2025-10-17T15:34:18.8348928-07:00,2025-10-17T22:34:18.8348928Z,GroundBall,v3,POM_PIT,POM_PIT,,"Lee, Sammy",1000276388,Right,POM_COL,191ba6ae-6e43-402e-b804-dca9343384b0,55.30135,-119.83393,11.77953,6.03536,-3.8909,-12.39358,-1.59422,3.03035,-3.25033,,2.66577,9.09718,,,,,,,,1.62693,-57.40052,,,,,,,,-0.88619,16.71465,,,,,,,,,,,,,,,,,,,,,,,,,,,,,,High,High,High,Estimated,Estimated,,,
201,2025-10-17,15:34:59.55,5,1,"Polishuk, Will",1000375103,Right,POM_COL,"DeGrazia, Tanner",1000214434,Left,POM_COL,Undefined,5,Bottom,0,0,0,Fastball,Four-Seam,BallCalled,Undefined,Undefined,Undefined,0,0,,91.29954,-1.997287,-4.420046,2121.773239,192.413062,12:30,6.26393,1.1657,5.44816,-17.70127,16.8256,3.44236,2.91259,-2.69382,82.85347,-5.328172,-3.810501,0.422912,,,,,,,,,,,,-3.00823,9.3689,-0.777,50,6.07505,10.03406,-131.93647,-5.18691,-5.2723,29.56494,-15.75397,POM_COL,POM_COL,PomonaPitzer,TeamExclusive,Team,20251017-PomonaPitzer-Private-1,84044360-aba9-11f0-bdec-9ba129dde21b,89.12599,,,8.44606,,,,,,,1281aa50-c58b-434b-a235-220b35bf6a67,2025-10-17,22:34:59.55,2025-10-17T15:34:59.5580000-07:00,2025-10-17T22:34:59.5580000Z,,v3,POM_PIT,POM_PIT,,"Lee, Sammy",1000276388,Right,POM_COL,1e0eb5ca-3b5c-40e9-b067-42e81bf631be,55.04528,-133.06224,14.78247,6.26113,-4.58703,-7.87698,-1.16289,10.23482,-2.63615,,,,,,,,,,,,,,,,,,,,,,,,,,,,,,,,,,,,,,,,,,,,,,,,,,,High,High,High,,,,,
202,2025-10-17,15:35:15.68,5,2,"Polishuk, Will",1000375103,Right,POM_COL,"DeGrazia, Tanner",1000214434,Left,POM_COL,Undefined,5,Bottom,0,1,0,Fastball,Four-Seam,BallCalled,Undefined,Undefined,Undefined,0,0,,89.96988,-2.747744,-5.655894,2274.973825,198.595026,12:30,6.12603,1.32374,5.6348,-19.29871,16.15725,5.02414,1.93974,-3.55154,81.75646,-6.365991,-4.765976,0.428564,,,,,,,,,,,,-4.1676,9.33071,-0.84432,50,5.87885,12.61828,-129.74536,-6.86882,-7.06649,28.48843,-16.35311,POM_COL,POM_COL,PomonaPitzer,TeamExclusive,Team,20251017-PomonaPitzer-Private-1,8daad050-aba9-11f0-bdec-9ba129dde21b,87.95049,,,8.21342,,,,,,,1281aa50-c58b-434b-a235-220b35bf6a67,2025-10-17,22:35:15.68,2025-10-17T15:35:15.6830000-07:00,2025-10-17T22:35:15.6830000Z,,v3,POM_PIT,POM_PIT,,"Lee, Sammy",1000276388,Right,POM_COL,3910c7fd-cadf-4813-8656-10d28b155eee,54.85878,-130.80786,14.24421,6.12365,-6.25891,-8.17656,-1.31984,12.88183,-3.53325,,,,,,,,,,,,,,,,,,,,,,,,,,,,,,,,,,,,,,,,,,,,,,,,,,,High,High,High,,,,,
203,2025-10-17,15:35:37.32,5,3,"Polishuk, Will",1000375103,Right,POM_COL,"DeGrazia, Tanner",1000214434,Left,POM_COL,Undefined,5,Bottom,0,2,0,Fastball,Four-Seam,InPlay,Undefined,Popup,Out,1,0,,91.30537,-1.786971,-2.308506,2181.370283,207.546106,1:00,6.24769,1.18206,5.4087,-17.21465,17.3117,8.39359,3.137,-0.28252,82.56733,-5.045023,-0.8169,0.422909,,,,,,,,,,,,-4.92536,9.60245,-0.98262,50,6.07698,4.94235,-132.24438,-4.68898,-8.63253,30.9126,-15.34417,POM_COL,POM_COL,PomonaPitzer,TeamExclusive,Team,20251017-PomonaPitzer-Private-1,9aa82960-aba9-11f0-bdec-9ba129dde21b,89.12661,,,8.73804,,,,,,,1281aa50-c58b-434b-a235-220b35bf6a67,2025-10-17,22:35:37.32,2025-10-17T15:35:37.3270000-07:00,2025-10-17T22:35:37.3270000Z,,v3,POM_PIT,POM_PIT,,"Lee, Sammy",1000276388,Right,POM_COL,7701b833-64b0-4252-87b2-c7fbfcd12ef5,55.08764,-133.42833,15.4563,6.24531,-4.1013,-7.67209,-1.17824,5.27298,-4.31626,,,,,,,,,,,,,,,,,,,,,,,,,,,,,,,,,,,,,,,,,,,,,,,,,,,High,High,High,,,,,
204,2025-10-17,15:36:11.55,6,1,"Polishuk, Will",1000375103,Right,POM_COL,"Winthrop, Nolan",1000159423,Left,POM_COL,Undefined,5,Bottom,0,0,0,Fastball,Four-Seam,BallCalled,Undefined,Undefined,Undefined,0,0,,90.9917,-1.142361,-1.362246,2139.114231,207.105337,1:00,6.20709,1.50188,5.46739,-17.12816,17.6143,8.37587,3.71018,0.92472,82.01057,-4.400371,0.128942,0.42423,,,,,,,,,,,,-4.58709,9.55036,-1.38767,50,6.09521,2.73664,-131.82262,-3.1643,-7.96936,31.33375,-15.58178,POM_COL,POM_COL,PomonaPitzer,TeamExclusive,Team,20251017-PomonaPitzer-Private-1,aeec4d70-aba9-11f0-bdec-9ba129dde21b,88.84899,,,8.98113,,,,,,,1281aa50-c58b-434b-a235-220b35bf6a67,2025-10-17,22:36:11.55,2025-10-17T15:36:11.5510000-07:00,2025-10-17T22:36:11.5510000Z,,v3,POM_PIT,POM_PIT,,"Lee, Sammy",1000276388,Right,POM_COL,9ba84012-5e2a-49a8-9c1d-6c4bd97907a3,55.02587,-133.01188,15.66688,6.20408,-2.57289,-7.79089,-1.49728,3.03911,-3.98468,,,,,,,,,,,,,,,,,,,,,,,,,,,,,,,,,,,,,,,,,,,,,,,,,,,High,High,High,,,,,
205,2025-10-17,15:36:27.27,6,2,"Polishuk, Will",1000375103,Right,POM_COL,"Winthrop, Nolan",1000159423,Left,POM_COL,Undefined,5,Bottom,0,1,0,Slider,Slider,StrikeCalled,Undefined,Undefined,Undefined,0,0,,82.80381,-0.436207,-2.543192,2036.092661,356.189736,5:45,6.0026,1.59646,5.17051,-43.77333,-1.26567,0.18484,1.94391,-0.78302,75.11993,-8.394183,-2.510445,0.469251,,,,,,,,,,,,-0.90465,0.01823,-1.35961,50,5.92899,5.31642,-119.87801,-2.54817,-1.29762,26.26558,-32.1479,POM_COL,POM_COL,PomonaPitzer,TeamExclusive,Team,20251017-PomonaPitzer-Private-1,b85bebe0-aba9-11f0-bdec-9ba129dde21b,80.32471,,,7.68388,,,,,,,1281aa50-c58b-434b-a235-220b35bf6a67,2025-10-17,22:36:27.27,2025-10-17T15:36:27.2790000-07:00,2025-10-17T22:36:27.2790000Z,,v3,POM_PIT,POM_PIT,,"Lee, Sammy",1000276388,Right,POM_COL,20de705d-66b4-44ca-8575-fa19d773a6e7,55.32531,-121.03917,13.13279,6.01023,-1.12696,-16.07395,-1.59591,5.37378,-0.64881,,,,,,,,,,,,,,,,,,,,,,,,,,,,,,,,,,,,,,,,,,,,,,,,,,,High,High,High,,,,,
206,2025-10-17,15:36:44.06,6,3,"Polishuk, Will",1000375103,Right,POM_COL,"Winthrop, Nolan",1000159423,Left,POM_COL,Undefined,5,Bottom,0,1,1,ChangeUp,Changeup,BallCalled,Undefined,Undefined,Undefined,0,0,,82.75497,0.649524,-0.583096,1161.944353,244.23571,2:15,6.1049,1.39936,5.44495,-36.82841,5.15429,7.61481,3.64406,1.48797,74.85177,-6.144861,0.77305,0.466344,,,,,,,,,,,,-3.96988,2.87331,-1.35306,50,6.13745,0.89301,-119.96039,0.07423,-5.71246,25.91709,-28.03952,POM_COL,POM_COL,PomonaPitzer,TeamExclusive,Team,20251017-PomonaPitzer-Private-1,c25357f0-aba9-11f0-bdec-9ba129dde21b,80.82534,,,7.9032,,,,,,,1281aa50-c58b-434b-a235-220b35bf6a67,2025-10-17,22:36:44.06,2025-10-17T15:36:44.0690000-07:00,2025-10-17T22:36:44.0690000Z,,v3,POM_PIT,POM_PIT,,"Lee, Sammy",1000276388,Right,POM_COL,9655a641-faac-471c-b58e-39e7eec1c47b,55.04965,-121.04644,12.95855,6.10972,1.24921,-14.01976,-1.3955,1.13238,-2.85623,,,,,,,,,,,,,,,,,,,,,,,,,,,,,,,,,,,,,,,,,,,,,,,,,,,High,High,High,,,,,
207,2025-10-17,15:37:00.64,6,4,"Polishuk, Will",1000375103,Right,POM_COL,"Winthrop, Nolan",1000159423,Left,POM_COL,Undefined,5,Bottom,0,2,1,Fastball,Four-Seam,BallCalled,Undefined,Undefined,Undefined,0,0,,90.82496,-3.735763,-3.707815,2298.128797,198.197916,12:30,6.1311,1.46232,5.55279,-16.08973,18.77088,5.76303,1.28732,-1.52685,82.34923,-6.783687,-2.683248,0.424951,,,,,,,,,,,,-4.00492,10.94855,-1.14507,50,5.79659,8.23526,-131.18537,-9.0692,-6.92086,29.91759,-13.25399,POM_COL,POM_COL,PomonaPitzer,TeamExclusive,Team,20251017-PomonaPitzer-Private-1,cc2c8da0-aba9-11f0-bdec-9ba129dde21b,88.69831,,,8.47574,,,,,,,1281aa50-c58b-434b-a235-220b35bf6a67,2025-10-17,22:37:00.64,2025-10-17T15:37:00.6480000-07:00,2025-10-17T22:37:00.6480000Z,,v3,POM_PIT,POM_PIT,,"Lee, Sammy",1000276388,Right,POM_COL,6712d80d-996d-4f52-8ebe-ce8ce99f8e5a,54.94194,-132.3076,14.9588,6.12746,-8.57203,-6.62699,-1.45885,8.49487,-3.46043,,,,,,,,,,,,,,,,,,,,,,,,,,,,,,,,,,,,,,,,,,,,,,,,,,,High,High,High,,,,,
208,2025-10-17,15:37:19.37,6,5,"Polishuk, Will",1000375103,Right,POM_COL,"Winthrop, Nolan",1000159423,Left,POM_COL,Undefined,5,Bottom,0,3,1,Fastball,Four-Seam,BallCalled,Walk,Undefined,Undefined,0,0,,90.24799,-0.494673,-1.479787,2199.05193,205.455331,12:45,6.12846,1.44823,5.61025,-19.15044,15.3845,6.82118,4.0707,0.63514,82.67912,-4.089062,-0.26232,0.422961,,,,,,,,,,,,-3.8191,8.23331,-1.32609,50,6.07387,3.07705,-131.04621,-1.75913,-6.67026,26.56034,-17.79417,POM_COL,POM_COL,PomonaPitzer,TeamExclusive,Team,20251017-PomonaPitzer-Private-1,d75c2b90-aba9-11f0-bdec-9ba129dde21b,89.11556,,,7.56887,,,,,,,1281aa50-c58b-434b-a235-220b35bf6a67,2025-10-17,22:37:19.37,2025-10-17T15:37:19.3770000-07:00,2025-10-17T22:37:19.3770000Z,,v3,POM_PIT,POM_PIT,,"Lee, Sammy",1000276388,Right,POM_COL,a127ea81-72bb-49a2-a714-49d838282344,54.88636,-132.03286,13.28017,6.12694,-1.09813,-8.89709,-1.445,3.32483,-3.33513,,,,,,,,,,,,,,,,,,,,,,,,,,,,,,,,,,,,,,,,,,,,,,,,,,,High,High,High,,,,,
209,2025-10-17,15:39:26.36,1,1,"Dennis, Lucas",10274891,Right,POM_COL,"Parker, Will",1000474009,Left,POM_COL,Undefined,6,Top,0,0,0,Fastball,Changeup,StrikeSwinging,Undefined,Undefined,Undefined,0,0,,84.19555,0.627445,-2.502222,2107.841454,224.731365,1:30,5.36857,1.67345,5.64547,-28.7099,11.22398,9.83142,3.56193,0.15723,76.66181,-4.716873,-0.747969,0.454823,,,,,,,,,,,,-5.66339,5.9074,-1.46724,50,5.40378,4.92245,-122.10865,0.39709,-8.5277,24.65159,-23.27889,POM_COL,POM_COL,PomonaPitzer,TeamExclusive,Team,20251017-PomonaPitzer-Private-1,23167630-abaa-11f0-bdec-9ba129dde21b,82.87283,,,7.53374,,,,,,,1281aa50-c58b-434b-a235-220b35bf6a67,2025-10-17,22:39:26.36,2025-10-17T15:39:26.3665152-07:00,2025-10-17T22:39:26.3665152Z,,v3,POM_PIT,POM_PIT,,"Savas, Peter",1000276389,Right,POM_COL,c3a1f651-daed-43b1-bdbb-fc626641e225,54.85084,-123.08405,12.3258,5.36985,1.31818,-11.63945,-1.66868,5.25987,-4.26385,,,,,,,,,,,,,,,,,,,,,,,,,,,,,,,,,,,,,,,,,,,,,,,,,,,High,High,High,,,,,
210,2025-10-17,15:39:42.45,1,2,"Dennis, Lucas",10274891,Right,POM_COL,"Parker, Will",1000474009,Left,POM_COL,Undefined,6,Top,0,0,1,ChangeUp,Changeup,BallCalled,Undefined,Undefined,Undefined,0,0,,76.4942,-0.14642,-2.140486,1282.595415,268.246553,3:00,5.19394,1.90816,5.88547,-46.37341,2.05776,10.72158,1.19343,0.81306,69.46205,-8.712376,-0.213962,0.50088,,,,,,,,,,,,-6.14319,1.65244,-1.74147,50,5.15589,3.74746,-110.92592,-1.70448,-7.53857,22.63932,-30.14628,POM_COL,POM_COL,PomonaPitzer,TeamExclusive,Team,20251017-PomonaPitzer-Private-1,2ccfa0c0-abaa-11f0-bdec-9ba129dde21b,75.25239,,,7.03215,,,,,,,1281aa50-c58b-434b-a235-220b35bf6a67,2025-10-17,22:39:42.45,2025-10-17T15:39:42.4525824-07:00,2025-10-17T22:39:42.4525824Z,,v3,POM_PIT,POM_PIT,,"Savas, Peter",1000276389,Right,POM_COL,6760a947-1b2f-41cb-aa19-00cb3acd7d1e,54.61121,-111.86308,11.31966,5.20062,-0.45657,-15.07314,-1.90306,4.05952,-3.76928,,,,,,,,,,,,,,,,,,,,,,,,,,,,,,,,,,,,,,,,,,,,,,,,,,,High,High,High,,,,,
211,2025-10-17,15:40:00.75,1,3,"Dennis, Lucas",10274891,Right,POM_COL,"Parker, Will",1000474009,Left,POM_COL,Undefined,6,Top,0,1,1,Fastball,Changeup,FoulBallNotFieldable,Undefined,Undefined,Undefined,0,0,,84.54976,1.088077,-1.999757,2100.388085,245.993015,2:15,5.36984,1.76671,5.57655,-32.26206,7.28536,13.57568,3.69832,1.02952,77.25449,-4.874074,0.42131,0.452617,,,,,,,,,,,,-7.3813,3.77429,-1.6035,50,5.44256,3.71023,-122.70754,1.22183,-11.26053,24.1521,-26.41619,POM_COL,POM_COL,PomonaPitzer,TeamExclusive,Team,20251017-PomonaPitzer-Private-1,37aa40e0-abaa-11f0-bdec-9ba129dde21b,83.27676,,,7.29527,,,,,,,1281aa50-c58b-434b-a235-220b35bf6a67,2025-10-17,22:40:00.75,2025-10-17T15:40:00.7559168-07:00,2025-10-17T22:40:00.7559168Z,,v3,POM_PIT,POM_PIT,,"Savas, Peter",1000276389,Right,POM_COL,742fad7f-5c4e-439d-91d6-8a76c6f01dc4,54.92134,-123.6724,12.07605,5.37267,2.27714,-13.2081,-1.76071,4.16008,-5.63027,,,,,,,,,,,,,,,,,,,,,,,,,,,,,,,,,,,,,,,,,,,,,,,,,,,High,High,High,,,,,
212,2025-10-17,15:40:28.89,1,4,"Dennis, Lucas",10274891,Right,POM_COL,"Parker, Will",1000474009,Left,POM_COL,Undefined,6,Top,0,1,2,ChangeUp,Changeup,InPlay,Undefined,LineDrive,Out,1,0,,75.6703,0.700832,-2.660196,1264.534743,274.661363,3:15,5.26289,1.85967,5.92676,-48.62038,0.72425,12.34009,1.8622,0.41792,68.75526,-8.284298,-0.443274,0.505582,74.16313,29.407088,18.312837,3182.35193,104.48781,47.60564,34.38419,260.96075,255.03971,18.420402,4.028133,-7.19634,0.61803,-1.65401,50,5.29145,4.65995,-109.74577,-0.11178,-8.65702,21.89188,-31.43058,POM_COL,POM_COL,PomonaPitzer,TeamExclusive,Team,20251017-PomonaPitzer-Private-1,48787810-abaa-11f0-bdec-9ba129dde21b,74.55261,51.58208,,6.91504,,,,2.08524,2.05506,-0.41768,1281aa50-c58b-434b-a235-220b35bf6a67,2025-10-17,22:40:28.89,2025-10-17T15:40:28.8951296-07:00,2025-10-17T22:40:28.8951296Z,FlyBall,v3,POM_PIT,POM_PIT,,"Savas, Peter",1000276389,Right,POM_COL,33825398-900c-4912-9735-e10c042fce5b,54.57224,-110.65407,10.94594,5.26904,1.19228,-15.71529,-1.85481,5.01914,-4.32851,186.851662,2.08666,89.91764,-13.97943,2.72179,-0.14084,-0.15449,0.0563,-0.00781,0.00039,2.05408,53.43494,-15.47409,0.80888,-0.25311,0.08045,-0.00578,-0.00167,0.00023,-0.41719,29.76126,-3.54368,0.30747,0.08341,-0.06011,0.01733,-0.00231,0.00011,,,,,,,,,,,,,,,,,,,,,,,High,High,High,High,High,,,
213,2025-10-17,15:41:05.29,2,1,"Dennis, Lucas",10274891,Right,POM_COL,"Heath, Emmett",1000111182,Left,POM_COL,Undefined,6,Top,1,0,0,ChangeUp,Changeup,BallCalled,Undefined,Undefined,Undefined,0,0,,76.34978,1.241624,-0.770935,1314.974967,233.559711,1:45,5.25448,2.00816,5.4549,-39.50951,9.30174,10.48079,3.1246,2.15984,69.76601,-6.042976,1.094984,0.502842,,,,,,,,,,,,-5.44122,4.83874,-1.94734,50,5.33725,1.07905,-110.77593,1.14999,-6.75115,20.06415,-26.17041,POM_COL,POM_COL,PomonaPitzer,TeamExclusive,Team,20251017-PomonaPitzer-Private-1,5e11cbe0-abaa-11f0-bdec-9ba129dde21b,74.95886,,,6.58376,,,,,,,1281aa50-c58b-434b-a235-220b35bf6a67,2025-10-17,22:41:05.29,2025-10-17T15:41:05.2900864-07:00,2025-10-17T22:41:05.2900864Z,,v3,POM_PIT,POM_PIT,,"Savas, Peter",1000276389,Right,POM_COL,6f9ef21a-12a5-4146-9dfd-69197c2790c1,55.04091,-111.68522,10.03207,5.25826,2.33602,-13.08521,-2.00317,1.38501,-3.37558,,,,,,,,,,,,,,,,,,,,,,,,,,,,,,,,,,,,,,,,,,,,,,,,,,,High,High,High,,,,,
214,2025-10-17,15:41:21.12,2,2,"Dennis, Lucas",10274891,Right,POM_COL,"Heath, Emmett",1000111182,Left,POM_COL,Undefined,6,Top,1,1,0,Fastball,Changeup,InPlay,Undefined,LineDrive,Out,1,0,,83.38136,-0.21613,-2.850279,2029.86346,231.334068,1:45,5.31933,1.69299,5.88179,-30.48423,9.7256,10.57371,2.57803,-0.07498,76.35454,-5.883841,-0.95493,0.456392,85.79459,20.555876,16.489178,1166.514447,105.02839,30.94046,32.69411,262.43427,255.2579,18.355591,3.011152,-6.23347,5.40937,-1.46902,50,5.2842,5.61503,-121.03299,-1.42061,-9.24881,23.56636,-24.14795,POM_COL,POM_COL,PomonaPitzer,TeamExclusive,Team,20251017-PomonaPitzer-Private-1,678f4d00-abaa-11f0-bdec-9ba129dde21b,82.58793,32.94116,,7.02682,,,,1.56616,2.67799,0.09792,1281aa50-c58b-434b-a235-220b35bf6a67,2025-10-17,22:41:21.12,2025-10-17T15:41:21.1249152-07:00,2025-10-17T22:41:21.1249152Z,LineDrive,v3,POM_PIT,POM_PIT,,"Savas, Peter",1000276389,Right,POM_COL,c58d9179-c2fe-4d45-ad5a-8eb0ae93a71a,54.61749,-121.92875,11.78318,5.32076,-0.50274,-12.07398,-1.68913,5.96658,-4.62441,207.890245,1.56619,112.97298,-16.42867,3.41777,-0.65214,0.06574,0.01121,-0.00573,0.00072,2.67794,44.18458,-17.45524,1.18549,-0.26177,0.10945,-0.04217,0.01026,-0.00103,0.09793,33.44082,-2.17149,-0.12378,0.14861,-0.06479,0.02136,-0.00446,0.00042,,,,,,,,,,,,,,,,,,,,,,,High,High,High,High,High,,,
215,2025-10-17,15:41:57.43,3,1,"Dennis, Lucas",10274891,Right,POM_COL,"Gonzaga, Kai",10138924,Left,POM_COL,Undefined,6,Top,2,0,0,Slider,Curveball,StrikeCalled,Undefined,Undefined,Undefined,0,0,,74.87684,1.676425,-0.796777,2249.752471,77.310202,8:30,5.15033,1.95446,5.02755,-53.16554,-1.12106,-12.89516,2.30228,0.128,68.11423,-7.978825,-3.075262,0.519229,,,,,,,,,,,,6.09185,-0.48209,-1.86758,50,5.26844,2.02826,-108.49008,1.35013,7.17903,20.96973,-32.74219,POM_COL,POM_COL,PomonaPitzer,TeamExclusive,Team,20251017-PomonaPitzer-Private-1,7d254570-abaa-11f0-bdec-9ba129dde21b,72.59313,,,6.76261,,,,,,,1281aa50-c58b-434b-a235-220b35bf6a67,2025-10-17,22:41:57.43,2025-10-17T15:41:57.4316032-07:00,2025-10-17T22:41:57.4316032Z,,v3,POM_PIT,POM_PIT,,"Savas, Peter",1000276389,Right,POM_COL,aef11c10-d1a3-4f09-9863-959651428c4d,55.4698,-109.54221,10.48487,5.15949,2.99295,-16.3711,-1.96031,1.66806,3.58952,,,,,,,,,,,,,,,,,,,,,,,,,,,,,,,,,,,,,,,,,,,,,,,,,,,High,High,High,,,,,
216,2025-10-17,15:42:18.80,3,2,"Dennis, Lucas",10274891,Right,POM_COL,"Gonzaga, Kai",10138924,Left,POM_COL,Undefined,6,Top,2,0,1,ChangeUp,Changeup,StrikeSwinging,Undefined,Undefined,Undefined,0,0,,78.85543,0.122524,-1.742426,1387.344358,260.966572,2:45,5.0812,1.84498,5.60842,-42.95038,2.99126,8.68398,1.61642,0.94172,71.60022,-7.784771,-0.190574,0.487837,,,,,,,,,,,,-4.90689,2.00378,-1.70154,50,5.06441,3.13198,-114.33144,-1.1676,-6.41545,23.48798,-29.55425,POM_COL,POM_COL,PomonaPitzer,TeamExclusive,Team,20251017-PomonaPitzer-Private-1,89e435f0-abaa-11f0-bdec-9ba129dde21b,77.26443,,,7.25521,,,,,,,1281aa50-c58b-434b-a235-220b35bf6a67,2025-10-17,22:42:18.80,2025-10-17T15:42:18.8037632-07:00,2025-10-17T22:42:18.8037632Z,,v3,POM_PIT,POM_PIT,,"Savas, Peter",1000276389,Right,POM_COL,c084f97b-1c01-4807-920a-b44b9f176e5a,54.88755,-115.33116,11.74399,5.08734,0.09032,-14.77713,-1.84066,3.40503,-3.20773,,,,,,,,,,,,,,,,,,,,,,,,,,,,,,,,,,,,,,,,,,,,,,,,,,,High,High,High,,,,,
217,2025-10-17,15:42:41.22,3,3,"Dennis, Lucas",10274891,Right,POM_COL,"Gonzaga, Kai",10138924,Left,POM_COL,Undefined,6,Top,2,0,2,Fastball,Four-Seam,BallCalled,Undefined,Undefined,Undefined,0,0,,87.8253,1.112692,-0.719292,2126.462157,214.050366,1:15,5.42568,1.7274,5.60386,-23.1943,13.53367,8.34371,4.53174,1.75121,79.83598,-3.234881,0.769786,0.436184,,,,,,,,,,,,-4.38603,6.88,-1.67115,50,5.50609,1.22863,-127.43718,1.70911,-7.19109,26.92485,-20.894,POM_COL,POM_COL,PomonaPitzer,TeamExclusive,Team,20251017-PomonaPitzer-Private-1,9731f8f0-abaa-11f0-bdec-9ba129dde21b,86.41407,,,7.98931,,,,,,,1281aa50-c58b-434b-a235-220b35bf6a67,2025-10-17,22:42:41.22,2025-10-17T15:42:41.2248576-07:00,2025-10-17T22:42:41.2248576Z,,v3,POM_PIT,POM_PIT,,"Savas, Peter",1000276389,Right,POM_COL,e8d17dd9-4088-487a-8ad5-e1ea91256f11,54.89152,-128.4665,13.46242,5.42549,2.50788,-10.447,-1.72338,1.50354,-3.59554,,,,,,,,,,,,,,,,,,,,,,,,,,,,,,,,,,,,,,,,,,,,,,,,,,,High,High,High,,,,,
218,2025-10-17,15:43:01.47,3,4,"Dennis, Lucas",10274891,Right,POM_COL,"Gonzaga, Kai",10138924,Left,POM_COL,Undefined,6,Top,2,1,2,Fastball,Changeup,BallCalled,Undefined,Undefined,Undefined,0,0,,85.27362,0.437661,-1.300766,2181.521013,221.653834,1:30,5.27094,1.86336,5.73098,-28.90883,9.78776,7.60827,3.26957,1.28579,77.82259,-4.94,0.06066,0.447721,,,,,,,,,,,,-4.20945,5.24142,-1.75952,50,5.28982,2.49064,-123.79636,-0.01279,-6.52334,25.03676,-24.05144,POM_COL,POM_COL,PomonaPitzer,TeamExclusive,Team,20251017-PomonaPitzer-Private-1,a34b3390-abaa-11f0-bdec-9ba129dde21b,84.18727,,,7.45103,,,,,,,1281aa50-c58b-434b-a235-220b35bf6a67,2025-10-17,22:43:01.47,2025-10-17T15:43:01.4768128-07:00,2025-10-17T22:43:01.4768128Z,,v3,POM_PIT,POM_PIT,,"Savas, Peter",1000276389,Right,POM_COL,224fd66c-2b01-45ef-abbc-c8dfff230094,54.76551,-124.75641,12.51838,5.27262,0.90949,-12.02572,-1.85983,2.74078,-3.26167,,,,,,,,,,,,,,,,,,,,,,,,,,,,,,,,,,,,,,,,,,,,,,,,,,,High,High,High,,,,,
219,2025-10-17,15:43:30.61,3,5,"Dennis, Lucas",10274891,Right,POM_COL,"Gonzaga, Kai",10138924,Left,POM_COL,Undefined,6,Top,2,2,2,ChangeUp,Changeup,InPlay,Undefined,FlyBall,Out,1,0,,80.29761,-0.266137,-2.695492,1419.248049,261.404075,2:45,5.12214,1.70805,5.59123,-40.81727,3.4865,12.89107,1.47193,0.2636,72.99821,-7.774757,-0.394274,0.479062,89.46704,23.65416,-11.151016,3213.698554,106.40963,41.1845,-27.87266,302.79403,295.27402,-20.806027,3.843917,-7.38359,2.27709,-1.48535,50,5.07278,4.97248,-116.40242,-1.89287,-10.01833,24.10825,-29.08442,POM_COL,POM_COL,PomonaPitzer,TeamExclusive,Team,20251017-PomonaPitzer-Private-1,b4c2f130-abaa-11f0-bdec-9ba129dde21b,78.67969,49.47967,,7.29941,,,,0.88197,1.64048,-0.30074,1281aa50-c58b-434b-a235-220b35bf6a67,2025-10-17,22:43:30.61,2025-10-17T15:43:30.6103808-07:00,2025-10-17T22:43:30.6103808Z,LineDrive,v3,POM_PIT,POM_PIT,,"Savas, Peter",1000276389,Right,POM_COL,74c11d63-c286-490a-8736-ba971ff671ca,54.90725,-117.41436,12.05413,5.12661,-0.67205,-14.54221,-1.70289,5.393,-5.00917,146.078683,0.88207,117.92181,-23.22604,5.57832,-1.20087,0.24811,-0.04328,0.00479,-0.00022,1.64001,52.65961,-15.13453,0.31966,0.03829,-0.00926,-0.00444,0.0021,-0.00023,-0.3006,-23.24862,-3.06435,0.98856,-0.2589,0.06109,-0.01164,0.00145,-8E-05,,,,,,,,,,,,,,,,,,,,,,,High,High,High,High,High,,,
220,2025-10-17,15:44:04.79,4,1,"Dennis, Lucas",10274891,Right,POM_COL,"Hu, Landon",1000261921,Left,POM_COL,Undefined,6,Top,0,0,0,Fastball,Sinker,StrikeSwinging,Undefined,Undefined,Undefined,0,0,,86.26436,-0.233723,-2.644926,2101.774646,227.585612,1:30,5.36943,1.69859,5.64528,-26.31427,11.64705,11.41662,2.95833,0.18108,78.75434,-5.13122,-0.607446,0.443447,,,,,,,,,,,,-6.49402,6.34217,-1.48127,50,5.33298,5.29151,-125.14034,-1.38841,-10.29242,25.37808,-22.12232,POM_COL,POM_COL,PomonaPitzer,TeamExclusive,Team,20251017-PomonaPitzer-Private-1,c905dcc0-abaa-11f0-bdec-9ba129dde21b,84.99866,,,7.51002,,,,,,,1281aa50-c58b-434b-a235-220b35bf6a67,2025-10-17,22:44:04.79,2025-10-17T15:44:04.7969792-07:00,2025-10-17T22:44:04.7969792Z,,v3,POM_PIT,POM_PIT,,"Savas, Peter",1000276389,Right,POM_COL,5ebee9e3-c845-49e2-be08-c5c82f94d627,54.85175,-126.12042,12.68904,5.3701,-0.53406,-11.06116,-1.6933,5.689,-5.14621,,,,,,,,,,,,,,,,,,,,,,,,,,,,,,,,,,,,,,,,,,,,,,,,,,,High,High,High,,,,,
221,2025-10-17,15:44:21.37,4,2,"Dennis, Lucas",10274891,Right,POM_COL,"Hu, Landon",1000261921,Left,POM_COL,Undefined,6,Top,0,0,1,ChangeUp,Changeup,StrikeCalled,Undefined,Undefined,Undefined,0,0,,77.83871,1.431962,-2.296396,1397.484941,243.907346,2:15,5.25051,1.89144,5.57346,-39.17167,8.26693,13.36308,3.32506,0.85896,70.12032,-5.839864,0.085739,0.495721,,,,,,,,,,,,-7.40327,4.26087,-1.70219,50,5.34888,3.98241,-112.70965,1.5784,-9.37817,23.39759,-26.77656,POM_COL,POM_COL,PomonaPitzer,TeamExclusive,Team,20251017-PomonaPitzer-Private-1,d2ecf520-abaa-11f0-bdec-9ba129dde21b,76.03557,,,7.7184,,,,,,,1281aa50-c58b-434b-a235-220b35bf6a67,2025-10-17,22:44:21.37,2025-10-17T15:44:21.3702144-07:00,2025-10-17T22:44:21.3702144Z,,v3,POM_PIT,POM_PIT,,"Savas, Peter",1000276389,Right,POM_COL,1fc2845d-b7dc-4099-9498-51fd6a9c34a2,54.92057,-113.72653,11.69879,5.25499,2.74213,-13.38828,-1.88413,4.39,-4.68908,,,,,,,,,,,,,,,,,,,,,,,,,,,,,,,,,,,,,,,,,,,,,,,,,,,High,High,High,,,,,
222,2025-10-17,15:44:42.87,4,3,"Dennis, Lucas",10274891,Right,POM_COL,"Hu, Landon",1000261921,Left,POM_COL,Undefined,6,Top,0,0,2,ChangeUp,Changeup,BallCalled,Undefined,Undefined,Undefined,0,0,,79.35251,-0.359494,-3.354164,1294.927344,263.356629,2:45,5.07685,1.95065,5.90164,-42.23609,2.6198,9.23571,1.22288,-0.39697,72.25932,-8.157036,-1.697422,0.482038,,,,,,,,,,,,-5.74591,1.93268,-1.68598,50,5.02402,6.38918,-115.01204,-2.05422,-7.61791,23.36034,-29.6117,POM_COL,POM_COL,PomonaPitzer,TeamExclusive,Team,20251017-PomonaPitzer-Private-1,dfd7feb0-abaa-11f0-bdec-9ba129dde21b,78.19392,,,7.09319,,,,,,,1281aa50-c58b-434b-a235-220b35bf6a67,2025-10-17,22:44:42.87,2025-10-17T15:44:42.8717056-07:00,2025-10-17T22:44:42.8717056Z,,v3,POM_PIT,POM_PIT,,"Savas, Peter",1000276389,Right,POM_COL,1f6aae4a-fa11-4afc-b1cf-0040f7190dfc,54.59583,-115.94175,11.68017,5.08232,-0.87572,-14.80585,-1.94629,6.69236,-3.80896,,,,,,,,,,,,,,,,,,,,,,,,,,,,,,,,,,,,,,,,,,,,,,,,,,,High,High,High,,,,,
223,2025-10-17,15:45:03.47,4,4,"Dennis, Lucas",10274891,Right,POM_COL,"Hu, Landon",1000261921,Left,POM_COL,Undefined,6,Top,0,1,2,Fastball,Changeup,InPlay,Undefined,FlyBall,Out,1,0,,86.40811,-1.427834,-1.916711,2179.787439,237.427364,2:00,5.40997,1.69121,5.36604,-29.50139,8.52713,11.53308,1.61167,0.85441,79.51571,-6.837545,0.134153,0.44384,84.84924,31.089584,-22.428754,4582.863903,98.31757,53.24851,-49.33157,277.5598,210.57318,-32.303107,4.120489,-6.32685,5.00859,-1.52776,50,5.26085,3.70207,-125.42358,-4.1873,-10.12193,24.34168,-24.16108,POM_COL,POM_COL,PomonaPitzer,TeamExclusive,Team,20251017-PomonaPitzer-Private-1,ec11e0b0-abaa-11f0-bdec-9ba129dde21b,84.92357,60.7123,,6.8924,,,,0.34521,1.62459,-0.91621,1281aa50-c58b-434b-a235-220b35bf6a67,2025-10-17,22:45:03.47,2025-10-17T15:45:03.4745344-07:00,2025-10-17T22:45:03.4745344Z,FlyBall,v3,POM_PIT,POM_PIT,,"Savas, Peter",1000276389,Right,POM_COL,7b0a199b-e6d0-4355-aed5-75e82863efe3,55.13348,-126.41593,12.17084,5.41148,-3.20231,-12.08054,-1.68709,4.11472,-5.06096,,0.34434,98.53489,-19.93902,4.93316,-1.37302,0.41414,-0.10405,0.01563,-0.00097,1.62567,64.22997,-19.53931,1.16432,0.14704,-0.18175,0.06194,-0.00949,0.00055,-0.91623,-40.6604,0.61362,0.58761,-0.2174,0.03259,0.00245,-0.00161,0.00016,,,,,,,,,,,,,,,,,,,,,,,High,High,High,High,Medium,,,
224,2025-10-17,15:45:38.66,5,1,"Dennis, Lucas",10274891,Right,POM_COL,"Cassidy, Caleb",10304248,Right,POM_COL,Undefined,6,Top,1,0,0,Fastball,Changeup,BallCalled,Undefined,Undefined,Undefined,0,0,,84.92705,-2.133807,-3.288995,2096.615196,235.138909,1:45,5.18456,1.73315,5.7051,-29.30395,9.61386,12.10375,0.75021,-0.32606,78.30945,-7.53252,-1.125981,0.448999,,,,,,,,,,,,-7.02859,5.81307,-1.46492,50,4.98712,6.58628,-123.16789,-5.57357,-10.85964,23.13444,-23.19247,POM_COL,POM_COL,PomonaPitzer,TeamExclusive,Team,20251017-PomonaPitzer-Private-1,011f4830-abab-11f0-bdec-9ba129dde21b,83.94764,,,6.6176,,,,,,,1281aa50-c58b-434b-a235-220b35bf6a67,2025-10-17,22:45:38.66,2025-10-17T15:45:38.6646528-07:00,2025-10-17T22:45:38.6646528Z,,v3,POM_PIT,POM_PIT,,"Savas, Peter",1000276389,Right,POM_COL,b74574d6-0c2f-4c5e-81b1-5a15d717d8fb,54.79431,-124.06513,11.56722,5.18584,-4.67408,-11.59623,-1.72853,7.00746,-5.42982,,,,,,,,,,,,,,,,,,,,,,,,,,,,,,,,,,,,,,,,,,,,,,,,,,,High,High,High,,,,,
225,2025-10-17,15:45:59.86,5,2,"Dennis, Lucas",10274891,Right,POM_COL,"Cassidy, Caleb",10304248,Right,POM_COL,Undefined,6,Top,1,1,0,Fastball,Changeup,StrikeCalled,Undefined,Undefined,Undefined,0,0,,84.40912,-1.421658,-3.531978,2036.61341,237.284985,2:00,5.23483,1.67279,5.75833,-30.14462,9.5491,12.80217,1.3967,-0.55213,77.00935,-7.010697,-1.243291,0.453453,,,,,,,,,,,,-7.53508,5.67882,-1.38755,50,5.09857,7.02516,-122.30844,-4.02808,-11.36334,25.12385,-23.61006,POM_COL,POM_COL,PomonaPitzer,TeamExclusive,Team,20251017-PomonaPitzer-Private-1,0db728b0-abab-11f0-bdec-9ba129dde21b,83.12315,,,7.39978,,,,,,,1281aa50-c58b-434b-a235-220b35bf6a67,2025-10-17,22:45:59.86,2025-10-17T15:45:59.8689792-07:00,2025-10-17T22:45:59.8689792Z,,v3,POM_PIT,POM_PIT,,"Savas, Peter",1000276389,Right,POM_COL,7160fb29-cf79-458b-aed4-5d10c43cfbf0,54.73936,-123.27813,12.56193,5.23645,-3.11683,-11.80503,-1.66715,7.46374,-5.68167,,,,,,,,,,,,,,,,,,,,,,,,,,,,,,,,,,,,,,,,,,,,,,,,,,,High,High,High,,,,,
226,2025-10-17,15:46:27.40,5,3,"Dennis, Lucas",10274891,Right,POM_COL,"Cassidy, Caleb",10304248,Right,POM_COL,Undefined,6,Top,1,1,1,Slider,Curveball,StrikeSwinging,Undefined,Undefined,Undefined,0,0,,73.5109,1.92277,-1.622687,2466.456439,53.185895,7:45,5.06305,1.9994,5.12834,-59.17743,-5.56969,-9.78934,1.94388,-0.34504,67.26518,-8.794433,-3.355371,0.526969,,,,,,,,,,,,4.36303,-2.77508,-1.83919,50,5.19793,3.3972,-106.56288,1.59203,4.9791,19.60126,-35.34097,POM_COL,POM_COL,PomonaPitzer,TeamExclusive,Team,20251017-PomonaPitzer-Private-1,1e16bf90-abab-11f0-bdec-9ba129dde21b,71.52684,,,6.24572,,,,,,,1281aa50-c58b-434b-a235-220b35bf6a67,2025-10-17,22:46:27.40,2025-10-17T15:46:27.4079744-07:00,2025-10-17T22:46:27.4079744Z,,v3,POM_PIT,POM_PIT,,"Savas, Peter",1000276389,Right,POM_COL,2711b98b-0606-497a-94f7-e8a8def5fcbd,55.37125,-107.54633,9.80063,5.07357,3.36519,-17.67049,-2.00337,3.14739,2.48955,,,,,,,,,,,,,,,,,,,,,,,,,,,,,,,,,,,,,,,,,,,,,,,,,,,High,High,High,,,,,
227,2025-10-17,15:46:49.12,5,4,"Dennis, Lucas",10274891,Right,POM_COL,"Cassidy, Caleb",10304248,Right,POM_COL,Undefined,6,Top,1,1,2,Slider,Curveball,BallCalled,Undefined,Undefined,Undefined,0,0,,76.2133,0.252887,-2.959466,2498.019953,48.622321,7:30,5.11531,1.7398,5.17133,-60.28255,-9.57843,-13.01902,0.33007,-2.13261,69.03568,-10.636379,-5.265189,0.512499,,,,,,,,,,,,5.44914,-4.34433,-1.45359,50,5.09298,6.21486,-110.26413,-1.59767,6.5317,24.42447,-37.38146,POM_COL,POM_COL,PomonaPitzer,TeamExclusive,Team,20251017-PomonaPitzer-Private-1,2b196fd0-abab-11f0-bdec-9ba129dde21b,73.54635,,,7.17761,,,,,,,1281aa50-c58b-434b-a235-220b35bf6a67,2025-10-17,22:46:49.12,2025-10-17T15:46:49.1263488-07:00,2025-10-17T22:46:49.1263488Z,,v3,POM_PIT,POM_PIT,,"Savas, Peter",1000276389,Right,POM_COL,4950dadb-9526-46e8-9c11-b995269fb947,55.32781,-111.43804,12.21223,5.12659,0.19898,-18.69073,-1.74475,5.90093,3.26585,,,,,,,,,,,,,,,,,,,,,,,,,,,,,,,,,,,,,,,,,,,,,,,,,,,High,High,High,,,,,
228,2025-10-17,15:47:13.33,5,5,"Dennis, Lucas",10274891,Right,POM_COL,"Cassidy, Caleb",10304248,Right,POM_COL,Undefined,6,Top,1,2,2,Fastball,Slider,FoulBallNotFieldable,Undefined,Undefined,Undefined,0,0,,85.22453,-0.411407,-2.829325,2189.426484,210.918079,1:00,5.27001,1.56874,5.60883,-29.92384,9.208,4.73583,2.39187,-0.6797,77.61135,-5.954967,-1.984993,0.450232,,,,,,,,,,,,-3.23351,5.16922,-1.32984,50,5.21561,5.90834,-123.55692,-1.89993,-4.97105,25.8852,-24.22714,POM_COL,POM_COL,PomonaPitzer,TeamExclusive,Team,20251017-PomonaPitzer-Private-1,397b13d0-abab-11f0-bdec-9ba129dde21b,83.71779,,,7.61318,,,,,,,1281aa50-c58b-434b-a235-220b35bf6a67,2025-10-17,22:47:13.33,2025-10-17T15:47:13.3332480-07:00,2025-10-17T22:47:13.3332480Z,,v3,POM_PIT,POM_PIT,,"Savas, Peter",1000276389,Right,POM_COL,464789dd-e91a-41f2-94a4-97a53ad9e7dc,54.8886,-124.57688,12.9426,5.27167,-0.94531,-12.11357,-1.5665,6.10421,-2.48553,,,,,,,,,,,,,,,,,,,,,,,,,,,,,,,,,,,,,,,,,,,,,,,,,,,High,High,High,,,,,
229,2025-10-17,15:47:38.19,5,6,"Dennis, Lucas",10274891,Right,POM_COL,"Cassidy, Caleb",10304248,Right,POM_COL,Undefined,6,Top,1,2,2,Fastball,Changeup,InPlay,Undefined,LineDrive,Double,0,0,,86.76718,0.284996,-3.299841,2203.609523,234.273213,1:45,5.38306,1.48729,5.35703,-30.26132,7.92335,9.22752,3.129,-0.84181,78.78108,-5.297715,-1.663653,0.44475,97.54269,15.389613,9.983141,1652.681653,107.37145,23.79935,23.90229,269.61157,269.61157,15.596407,2.615683,-5.62705,4.25673,-1.19731,50,5.38733,6.84378,-125.69034,-0.4617,-8.94228,27.04568,-25.40945,POM_COL,POM_COL,PomonaPitzer,TeamExclusive,Team,20251017-PomonaPitzer-Private-1,48520ee0-abab-11f0-bdec-9ba129dde21b,84.74972,25.38162,,7.9861,,,,1.01841,3.17661,0.82024,1281aa50-c58b-434b-a235-220b35bf6a67,2025-10-17,22:47:38.19,2025-10-17T15:47:38.1917184-07:00,2025-10-17T22:47:38.1917184Z,LineDrive,v3,POM_PIT,POM_PIT,,"Savas, Peter",1000276389,Right,POM_COL,7c9b5735-9685-40d2-a073-0a7cbabefb2a,55.14099,-126.79174,13.52284,5.38507,0.57306,-12.70472,-1.48343,7.20794,-4.47114,240.478936,1.01841,135.84411,-20.23748,3.67382,-0.75292,0.13463,-0.02239,0.00285,-0.00018,3.17661,37.96604,-17.66083,1.44794,-0.25733,0.05025,-0.00683,0.00075,-5E-05,0.82024,23.91192,3.64832,-1.64274,0.48503,-0.1155,0.02176,-0.00281,0.00017,,,,,,,,,,,,,,,,,,,,,,,High,High,High,High,High,,,
230,2025-10-17,15:50:30.67,1,1,"Della Bitta, Eli",1000323431,Right,POM_COL,"Wakil, Lateef",1000128267,Left,POM_COL,Undefined,6,Bottom,0,0,0,Curveball,Curveball,StrikeCalled,Undefined,Undefined,Undefined,0,0,,71.47984,0.782453,-0.650461,2220.783044,46.486456,7:30,6.47353,0.98679,3.80178,-62.69925,-3.67638,-5.79181,2.00372,-0.12356,66.10923,-10.260918,-1.65335,0.552945,,,,,,,,,,,,2.56843,-1.40047,-0.9034,50,6.49137,1.42038,-103.57903,-0.95865,2.79547,16.99963,-33.69831,POM_COL,POM_COL,PomonaPitzer,TeamExclusive,Team,20251017-PomonaPitzer-Private-1,af119dd0-abab-11f0-bdec-9ba129dde21b,68.16676,,,5.37061,,,,,,,1281aa50-c58b-434b-a235-220b35bf6a67,2025-10-17,22:50:30.67,2025-10-17T15:50:30.6757632-07:00,2025-10-17T22:50:30.6757632Z,,v3,POM_PIT,POM_PIT,,"Lee, Sammy",1000276388,Right,POM_COL,21c8bbe8-9174-4a58-927e-25a41783888b,56.69823,-104.67258,8.49981,6.48331,1.2091,-16.84916,-0.98899,1.24055,1.39774,,,,,,,,,,,,,,,,,,,,,,,,,,,,,,,,,,,,,,,,,,,,,,,,,,,High,High,High,,,,,
231,2025-10-17,15:50:49.91,1,2,"Della Bitta, Eli",1000323431,Right,POM_COL,"Wakil, Lateef",1000128267,Left,POM_COL,Undefined,6,Bottom,0,0,1,ChangeUp,Changeup,BallCalled,Undefined,Undefined,Undefined,0,0,,78.15293,-1.49336,-1.152147,1938.436626,276.685636,3:15,6.32292,0.97848,4.00497,-50.20349,-0.92874,21.56954,0.70295,1.6681,71.97066,-10.362434,2.600283,0.505223,,,,,,,,,,,,-10.66316,0.45043,-0.87326,50,6.09779,1.30443,-113.1917,-4.96812,-13.78312,21.37384,-31.59184,POM_COL,POM_COL,PomonaPitzer,TeamExclusive,Team,20251017-PomonaPitzer-Private-1,ba84ad60-abab-11f0-bdec-9ba129dde21b,74.60548,,,6.18228,,,,,,,1281aa50-c58b-434b-a235-220b35bf6a67,2025-10-17,22:50:49.91,2025-10-17T15:50:49.9187712-07:00,2025-10-17T22:50:49.9187712Z,,v3,POM_PIT,POM_PIT,,"Lee, Sammy",1000276388,Right,POM_COL,1d6e443c-92c2-46cf-bc03-44c202f60721,56.49559,-114.41168,10.68692,6.3299,-3.16492,-15.79592,-0.97017,2.09115,-6.89156,,,,,,,,,,,,,,,,,,,,,,,,,,,,,,,,,,,,,,,,,,,,,,,,,,,High,High,High,,,,,
232,2025-10-17,15:51:08.39,1,3,"Della Bitta, Eli",1000323431,Right,POM_COL,"Wakil, Lateef",1000128267,Left,POM_COL,Undefined,6,Bottom,0,1,1,Slider,Curveball,StrikeCalled,Undefined,Undefined,Undefined,0,0,,72.55441,1.555113,-0.913852,2339.564029,76.957373,8:30,6.42832,0.96958,3.83646,-56.7755,0.23602,-6.28595,3.19727,-0.4356,67.06362,-8.486197,-2.000946,0.543441,,,,,,,,,,,,2.73965,0.24799,-0.85539,50,6.54349,1.94682,-105.13857,0.69169,3.08754,16.68688,-31.89456,POM_COL,POM_COL,PomonaPitzer,TeamExclusive,Team,20251017-PomonaPitzer-Private-1,c58af160-abab-11f0-bdec-9ba129dde21b,69.35879,,,5.49078,,,,,,,1281aa50-c58b-434b-a235-220b35bf6a67,2025-10-17,22:51:08.39,2025-10-17T15:51:08.3981312-07:00,2025-10-17T22:51:08.3981312Z,,v3,POM_PIT,POM_PIT,,"Parker, Will",1000474009,Right,POM_COL,3b2c1c96-f379-4b82-a796-96493852287a,56.66258,-106.19074,8.34344,6.43648,2.70277,-15.94728,-0.972,1.75214,1.54377,,,,,,,,,,,,,,,,,,,,,,,,,,,,,,,,,,,,,,,,,,,,,,,,,,,High,High,High,,,,,
233,2025-10-17,15:51:29.60,1,4,"Della Bitta, Eli",1000323431,Right,POM_COL,"Wakil, Lateef",1000128267,Left,POM_COL,Undefined,6,Bottom,0,1,2,ChangeUp,Changeup,InPlay,Undefined,GroundBall,Out,1,0,,78.94573,-0.854861,-1.55606,1777.85987,259.669354,2:45,6.32736,0.9321,4.01311,-43.15794,4.95185,18.73875,1.90875,0.9975,72.56488,-8.534734,1.698323,0.499216,65.42771,5.928383,33.989516,2717.383026,,,,61.37381,61.37381,34.568719,0.688605,-9.45949,3.01587,-0.77805,50,6.18298,2.26315,-114.37208,-3.42412,-12.53088,21.07786,-28.17896,POM_COL,POM_COL,PomonaPitzer,TeamExclusive,Team,20251017-PomonaPitzer-Private-1,d24c2bd0-abab-11f0-bdec-9ba129dde21b,75.50332,3.21464,,6.38086,,,,1.66091,1.93119,-1.00405,1281aa50-c58b-434b-a235-220b35bf6a67,2025-10-17,22:51:29.60,2025-10-17T15:51:29.6081920-07:00,2025-10-17T22:51:29.6081920Z,GroundBall,v3,POM_PIT,POM_PIT,,"Parker, Will",1000474009,Right,POM_COL,5ad82485-724e-4e02-9da9-577d1ed33b53,56.48704,-115.5614,10.53893,6.33133,-1.83411,-14.08948,-0.9257,2.97021,-6.26544,283.719594,1.66091,79.13914,-13.32991,2.50178,-0.56844,0.11071,-0.06119,0.04562,-0.0155,1.93119,9.91131,-19.591,1.83495,-0.33367,0.06765,-0.01525,0.00723,-0.00239,-1.00405,53.35896,-1.48083,-0.85269,0.3486,-0.09931,0.01207,0.00563,-0.00304,,,,,,,,,,,,,,,,,,,,,,,High,High,High,High,High,,,
234,2025-10-17,15:52:02.51,2,1,"Della Bitta, Eli",1000323431,Right,POM_COL,"Berry, Cooper",1000276381,Left,POM_COL,Undefined,6,Bottom,1,0,0,Fastball,Changeup,StrikeCalled,Undefined,Undefined,Undefined,0,0,,85.506,-2.421328,-0.969827,2098.361335,233.222243,1:45,6.46079,0.83697,3.9412,-28.02698,13.6369,16.22851,1.7929,1.25577,77.46543,-7.479749,1.843111,0.46457,,,,,,,,,,,,-7.97926,7.67878,-0.7454,50,6.1529,1.26726,-123.53734,-6.3794,-12.19881,27.07283,-20.4346,POM_COL,POM_COL,PomonaPitzer,TeamExclusive,Team,20251017-PomonaPitzer-Private-1,e5c7a8b0-abab-11f0-bdec-9ba129dde21b,81.13403,,,8.04058,,,,,,,1281aa50-c58b-434b-a235-220b35bf6a67,2025-10-17,22:52:02.51,2025-10-17T15:52:02.5111040-07:00,2025-10-17T22:52:02.5111040Z,,v3,POM_PIT,POM_PIT,,"Parker, Will",1000474009,Right,POM_COL,bbe02981-9665-4cc6-83f0-9b731db6ab24,56.5536,-124.96529,13.53642,6.46095,-5.30158,-10.2173,-0.82921,1.91069,-6.09941,,,,,,,,,,,,,,,,,,,,,,,,,,,,,,,,,,,,,,,,,,,,,,,,,,,High,High,High,,,,,
235,2025-10-17,15:52:14.39,2,2,"Della Bitta, Eli",1000323431,Right,POM_COL,"Berry, Cooper",1000276381,Left,POM_COL,Undefined,6,Bottom,1,0,1,ChangeUp,Changeup,InPlay,Undefined,LineDrive,Single,0,0,,79.58933,-1.384244,-1.965085,1884.92476,213.272208,1:00,6.33618,0.99329,4.12246,-29.43222,17.9821,10.73678,2.55447,0.00205,72.51059,-6.731109,-0.100215,0.495594,96.97545,13.569707,32.83523,2374.84205,88.65472,17.99636,65.11728,218.57492,209.6655,40.187721,2.042076,-5.75792,9.49957,-0.78669,50,6.15172,3.46621,-115.15525,-3.87561,-7.69909,22.22449,-19.47186,POM_COL,POM_COL,PomonaPitzer,TeamExclusive,Team,20251017-PomonaPitzer-Private-1,ecf96510-abab-11f0-bdec-9ba129dde21b,76.05505,18.0361,,7.07874,,,,1.60683,2.70911,-0.05707,1281aa50-c58b-434b-a235-220b35bf6a67,2025-10-17,22:52:14.39,2025-10-17T15:52:14.3914496-07:00,2025-10-17T22:52:14.3914496Z,LineDrive,v3,POM_PIT,POM_PIT,,"Parker, Will",1000474009,Right,POM_COL,a648ba88-32c3-4650-8d47-6525d9dc920f,56.37489,-116.37908,11.11225,6.33562,-2.80336,-9.73593,-0.98924,3.89018,-3.84955,,1.60681,116.17377,-25.71506,6.18923,-1.35452,0.20588,-0.00819,-0.00527,0.00093,2.70912,33.36991,-19.3645,1.44096,-0.1807,0.0372,-0.01461,0.00461,-0.00057,-0.05704,74.96506,-1.4297,-1.53649,0.64033,-0.14105,0.00769,0.00416,-0.00078,,,,,,,,,,,,,,,,,,,,,,,High,High,High,High,Medium,,,
236,2025-10-17,15:52:49.61,3,1,"Della Bitta, Eli",1000323431,Right,POM_COL,"Savas, Peter",1000276389,Right,POM_COL,Undefined,6,Bottom,1,0,0,Curveball,Curveball,BallCalled,Undefined,Undefined,Undefined,1,0,,70.98491,0.448872,-1.539812,2275.214065,39.314193,7:15,6.4238,1.04893,3.90055,-66.12803,-6.41481,-6.76083,1.34566,-0.99803,65.80246,-11.181502,-2.712838,0.556169,,,,,,,,,,,,2.80819,-2.6839,-0.86308,50,6.39958,3.04254,-102.86573,-1.65113,3.00943,17.03481,-35.05027,POM_COL,POM_COL,PomonaPitzer,TeamExclusive,Team,20251017-PomonaPitzer-Private-1,01e7d2e0-abac-11f0-bdec-9ba129dde21b,67.77157,,,5.18245,,,,,,,1281aa50-c58b-434b-a235-220b35bf6a67,2025-10-17,22:52:49.61,2025-10-17T15:52:49.6180000-07:00,2025-10-17T22:52:49.6180000Z,,v3,POM_PIT,POM_PIT,,"Parker, Will",1000474009,Right,POM_COL,a0487979-a752-4d65-b8df-629b09ff4bac,56.60095,-103.95311,8.5174,6.43357,0.58624,-17.52514,-1.05116,2.85044,1.50471,,,,,,,,,,,,,,,,,,,,,,,,,,,,,76.87301,,,1.314551,,,,-1.58923,5.62573,1.95346,127.2794,1.21801,-0.52761,-1.45698,110.16145,-9.40351,5.68477,14.71185,-13.82515,1.91827,-4.18426,1.79401,High,High,High,,,High,High,Medium
237,2025-10-17,15:53:18.29,3,2,"Della Bitta, Eli",1000323431,Right,POM_COL,"Savas, Peter",1000276389,Right,POM_COL,Undefined,6,Bottom,2,1,0,Fastball,Changeup,BallCalled,Undefined,Undefined,Undefined,0,0,,85.52773,-3.399188,-3.599506,2116.380734,219.242798,1:15,6.50335,0.6675,4.07256,-25.82096,15.8182,11.66883,1.07731,-1.82101,77.45097,-8.080098,-1.57766,0.464432,,,,,,,,,,,,-6.68481,9.05504,-0.2764,50,6.0938,7.17533,-123.27097,-8.36339,-10.17966,26.87095,-18.38493,POM_COL,POM_COL,PomonaPitzer,TeamExclusive,Team,20251017-PomonaPitzer-Private-1,12f1da90-abac-11f0-bdec-9ba129dde21b,81.15812,,,8.07677,,,,,,,1281aa50-c58b-434b-a235-220b35bf6a67,2025-10-17,22:53:18.29,2025-10-17T15:53:18.2981120-07:00,2025-10-17T22:53:18.2981120Z,,v3,POM_PIT,POM_PIT,,"Parker, Will",1000474009,Right,POM_COL,462a8128-7933-45bc-8840-9ad60f7e8fa4,56.42275,-124.66316,13.43548,6.50243,-7.41086,-9.19247,-0.66182,7.70274,-5.08983,,,,,,,,,,,,,,,,,,,,,,,,,,,,,,,,,,,,,,,,,,,,,,,,,,,High,High,High,,,,,
238,2025-10-17,15:53:31.18,3,3,"Della Bitta, Eli",1000323431,Right,POM_COL,"Savas, Peter",1000276389,Right,POM_COL,Undefined,6,Bottom,2,2,0,Curveball,Curveball,StrikeCalled,Undefined,Undefined,Undefined,0,0,,71.16834,1.493393,-1.066017,2284.647382,51.53082,7:45,6.40696,0.91427,3.86752,-62.53763,-2.86114,-6.01453,2.63541,-0.6145,65.42735,-9.568701,-2.107451,0.555998,,,,,,,,,,,,2.54662,-1.18339,-0.78332,50,6.50805,2.1706,-103.03796,0.34902,2.73206,17.45276,-33.44364,POM_COL,POM_COL,PomonaPitzer,TeamExclusive,Team,20251017-PomonaPitzer-Private-1,1aa7e220-abac-11f0-bdec-9ba129dde21b,67.79243,,,5.74099,,,,,,,1281aa50-c58b-434b-a235-220b35bf6a67,2025-10-17,22:53:31.18,2025-10-17T15:53:31.1847936-07:00,2025-10-17T22:53:31.1847936Z,,v3,POM_PIT,POM_PIT,,"Parker, Will",1000474009,Right,POM_COL,4f50804d-b00a-4dcb-b13e-19af37480b76,56.63139,-104.15513,8.72638,6.41719,2.4898,-16.72182,-0.91667,1.99572,1.36603,,,,,,,,,,,,,,,,,,,,,,,,,,,,,,,,,,,,,,,,,,,,,,,,,,,High,High,High,,,,,
239,2025-10-17,15:53:44.40,3,4,"Della Bitta, Eli",1000323431,Right,POM_COL,"Savas, Peter",1000276389,Right,POM_COL,Undefined,6,Bottom,2,2,1,Curveball,Curveball,BallCalled,Undefined,Undefined,Undefined,0,0,,72.13205,0.333556,-1.59626,2224.772115,44.500703,7:30,6.4188,0.84548,3.79095,-62.87192,-5.04362,-6.64091,1.50153,-1.24895,67.03796,-10.701562,-2.745623,0.54732,,,,,,,,,,,,2.74374,-2.01323,-0.64997,50,6.38345,3.19286,-104.55622,-1.79073,3.05159,16.85087,-34.41317,POM_COL,POM_COL,PomonaPitzer,TeamExclusive,Team,20251017-PomonaPitzer-Private-1,228c4cb0-abac-11f0-bdec-9ba129dde21b,68.86723,,,5.0941,,,,,,,1281aa50-c58b-434b-a235-220b35bf6a67,2025-10-17,22:53:44.40,2025-10-17T15:53:44.4031488-07:00,2025-10-17T22:53:44.4031488Z,,v3,POM_PIT,POM_PIT,,"Parker, Will",1000474009,Right,POM_COL,6d0d2633-f451-4f0c-892a-e43ab0b0a8a6,56.71053,-105.63219,8.42544,6.42763,0.40664,-17.20659,-0.84762,2.99801,1.5258,,,,,,,,,,,,,,,,,,,,,,,,,,,,,,,,,,,,,,,,,,,,,,,,,,,High,High,High,,,,,
240,2025-10-17,15:54:04.33,3,5,"Della Bitta, Eli",1000323431,Right,POM_COL,"Savas, Peter",1000276389,Right,POM_COL,Undefined,6,Bottom,2,3,1,ChangeUp,Changeup,StrikeSwinging,Undefined,Undefined,Undefined,0,0,,79.08626,-2.390845,-3.271075,1778.090515,216.479092,1:15,6.45444,0.68704,4.30439,-32.31754,15.69225,10.34186,1.47016,-1.5823,71.97801,-8.2436,-1.470513,0.498696,,,,,,,,,,,,-5.94496,8.78563,-0.34374,50,6.16345,6.06,-114.20146,-5.95968,-7.7967,22.39235,-20.65183,POM_COL,POM_COL,PomonaPitzer,TeamExclusive,Team,20251017-PomonaPitzer-Private-1,2e6aa130-abac-11f0-bdec-9ba129dde21b,75.58192,,,7.10824,,,,,,,1281aa50-c58b-434b-a235-220b35bf6a67,2025-10-17,22:54:04.33,2025-10-17T15:54:04.3365888-07:00,2025-10-17T22:54:04.3365888Z,,v3,POM_PIT,POM_PIT,,"Parker, Will",1000474009,Right,POM_COL,a4db1044-f466-4b75-a99b-31e0ef497606,56.19044,-115.40888,11.19617,6.45478,-4.8461,-10.32592,-0.68184,6.48041,-3.89835,,,,,,,,,,,,,,,,,,,,,,,,,,,,,,,,,,,,,,,,,,,,,,,,,,,High,High,High,,,,,
241,2025-10-17,15:54:24.08,3,6,"Della Bitta, Eli",1000323431,Right,POM_COL,"Savas, Peter",1000276389,Right,POM_COL,Undefined,6,Bottom,2,3,2,Fastball,Sinker,InPlay,Undefined,GroundBall,Double,0,0,,86.71734,-2.543749,-2.139498,2082.5678,222.949277,1:30,6.50612,0.96265,4.15315,-25.24017,15.31694,12.79016,1.96046,-0.02386,77.84536,-7.157918,0.083912,0.458358,85.39794,-5.95952,-45.482994,,,,,21.73852,20.06891,-41.234762,0.161689,-6.87422,8.64315,-0.74001,50,6.19842,4.03821,-125.13918,-6.56407,-10.68854,29.83318,-18.73497,POM_COL,POM_COL,PomonaPitzer,TeamExclusive,Team,20251017-PomonaPitzer-Private-1,3a3bfd60-abac-11f0-bdec-9ba129dde21b,82.23359,2.10594,,8.87198,,,,2.2034,2.10594,0.05594,1281aa50-c58b-434b-a235-220b35bf6a67,2025-10-17,22:54:24.08,2025-10-17T15:54:24.0809984-07:00,2025-10-17T22:54:24.0809984Z,GroundBall,v3,POM_PIT,POM_PIT,,"Parker, Will",1000474009,Right,POM_COL,3a332278-2beb-4f93-a6f7-b1936f1e7a75,56.34209,-126.64211,14.91659,6.50532,-5.62024,-9.36749,-0.95701,4.57667,-5.34427,180,2.19983,87.4783,,,,,,,,2.10648,-13.02465,,,,,,,,0.05958,-88.96573,,,,,,,,,,,,,,,,,,,,,,,,,,,,,,High,High,High,Low,Low,,,
242,2025-10-17,15:55:23.52,4,1,"Della Bitta, Eli",1000323431,Right,POM_COL,"Nahabedian, George",1000214430,Right,POM_COL,Undefined,6,Bottom,2,0,0,Curveball,Curveball,BallCalled,Undefined,Undefined,Undefined,0,0,,72.33098,-0.07167,-1.865598,2221.060946,50.597011,7:45,6.45105,0.98531,3.8549,-59.46594,-1.76165,-4.36201,1.42643,-1.17732,66.83992,-10.547763,-2.621187,0.546733,,,,,,,,,,,,1.56165,-0.31819,-0.76324,50,6.37387,3.59513,-104.74617,-2.37618,1.73401,17.78665,-32.52734,POM_COL,POM_COL,PomonaPitzer,TeamExclusive,Team,20251017-PomonaPitzer-Private-1,5d9dc270-abac-11f0-bdec-9ba129dde21b,68.94121,,,5.49106,,,,,,,1281aa50-c58b-434b-a235-220b35bf6a67,2025-10-17,22:55:23.52,2025-10-17T15:55:23.5221504-07:00,2025-10-17T22:55:23.5221504Z,,v3,POM_PIT,POM_PIT,,"Parker, Will",1000474009,Right,POM_COL,551186bf-f0d1-4d29-bb4a-1b70b2926978,56.64488,-105.86851,8.89333,6.45905,-0.32371,-16.26367,-0.98665,3.48572,0.86701,,,,,,,,,,,,,,,,,,,,,,,,,,,,,,,,,,,,,,,,,,,,,,,,,,,High,High,High,,,,,
243,2025-10-17,15:55:40.91,4,2,"Della Bitta, Eli",1000323431,Right,POM_COL,"Nahabedian, George",1000214430,Right,POM_COL,Undefined,6,Bottom,2,1,0,Fastball,Four-Seam,BallCalled,Undefined,Undefined,Undefined,0,0,,86.01455,-2.949072,-4.25974,2268.086336,214.213215,1:15,6.51587,1.11807,4.13593,-21.05068,20.14836,12.64005,1.92278,-1.92176,77.4914,-6.831113,-2.071624,0.461971,,,,,,,,,,,,-7.35331,11.00442,-0.65801,50,6.16608,8.59098,-123.8867,-7.18298,-11.28661,27.60808,-15.28329,POM_COL,POM_COL,PomonaPitzer,TeamExclusive,Team,20251017-PomonaPitzer-Private-1,67ee9920-abac-11f0-bdec-9ba129dde21b,81.59047,,,8.52314,,,,,,,1281aa50-c58b-434b-a235-220b35bf6a67,2025-10-17,22:55:40.91,2025-10-17T15:55:40.9181696-07:00,2025-10-17T22:55:40.9181696Z,,v3,POM_PIT,POM_PIT,,"Parker, Will",1000474009,Right,POM_COL,045c6277-48c6-4d06-8721-5bffa5fb2217,56.3579,-125.29554,13.80404,6.51273,-6.40307,-7.64164,-1.1111,9.16694,-5.6433,,,,,,,,,,,,,,,,,,,,,,,,,,,,,,,,,,,,,,,,,,,,,,,,,,,High,High,High,,,,,
244,2025-10-17,15:56:00.70,4,3,"Della Bitta, Eli",1000323431,Right,POM_COL,"Nahabedian, George",1000214430,Right,POM_COL,Undefined,6,Bottom,2,2,0,Fastball,Changeup,StrikeSwinging,Undefined,Undefined,Undefined,0,0,,85.1808,-3.058679,-2.462651,2143.132468,232.53799,1:45,6.47316,0.79289,4.23796,-27.46238,14.20335,16.52891,1.25093,-0.18876,77.091,-8.043627,0.41579,0.46458,,,,,,,,,,,,-8.67162,8.23571,-0.5415,50,6.11069,4.47297,-122.95446,-7.65817,-13.11726,27.07904,-19.71617,POM_COL,POM_COL,PomonaPitzer,TeamExclusive,Team,20251017-PomonaPitzer-Private-1,73bce810-abac-11f0-bdec-9ba129dde21b,81.1322,,,8.0898,,,,,,,1281aa50-c58b-434b-a235-220b35bf6a67,2025-10-17,22:56:00.70,2025-10-17T15:56:00.7090176-07:00,2025-10-17T22:56:00.7090176Z,,v3,POM_PIT,POM_PIT,,"Parker, Will",1000474009,Right,POM_COL,0eaecc20-adcb-41ac-bcf9-8f62adc7a592,56.25687,-124.32481,13.53952,6.47299,-6.66042,-9.85808,-0.78465,5.13677,-6.55863,,,,,,,,,,,,,,,,,,,,,,,,,,,,,,,,,,,,,,,,,,,,,,,,,,,High,High,High,,,,,
245,2025-10-17,15:56:32.65,4,4,"Della Bitta, Eli",1000323431,Right,POM_COL,"Nahabedian, George",1000214430,Right,POM_COL,Undefined,6,Bottom,2,2,1,Curveball,Curveball,BallCalled,Undefined,Undefined,Undefined,0,0,,73.30966,0.853463,-2.31766,2260.896102,72.016891,8:30,6.43286,0.97856,3.85082,-56.04046,0.6735,-3.93166,2.58639,-1.58476,66.89016,-9.0886,-2.997287,0.542021,,,,,,,,,,,,1.15717,0.66205,-0.70431,50,6.46773,4.4603,-105.9691,-0.56071,1.30454,19.55783,-31.4277,POM_COL,POM_COL,PomonaPitzer,TeamExclusive,Team,20251017-PomonaPitzer-Private-1,86cf42e0-abac-11f0-bdec-9ba129dde21b,69.54051,,,6.41949,,,,,,,1281aa50-c58b-434b-a235-220b35bf6a67,2025-10-17,22:56:32.65,2025-10-17T15:56:32.6523904-07:00,2025-10-17T22:56:32.6523904Z,,v3,POM_PIT,POM_PIT,,"Parker, Will",1000474009,Right,POM_COL,d17b7ccc-fa91-4741-9dd8-300412871862,56.6457,-107.18862,9.77892,6.44159,1.39896,-15.71385,-0.97989,4.37896,0.65227,,,,,,,,,,,,,,,,,,,,,,,,,,,,,,,,,,,,,,,,,,,,,,,,,,,High,High,High,,,,,
246,2025-10-17,15:56:49.64,4,5,"Della Bitta, Eli",1000323431,Right,POM_COL,"Nahabedian, George",1000214430,Right,POM_COL,Undefined,6,Bottom,2,3,1,Fastball,Four-Seam,FoulBallNotFieldable,Undefined,Undefined,Undefined,0,0,,85.48945,-2.772102,-3.206026,2230.602114,215.52738,1:15,6.52339,1.09327,4.11215,-20.75281,21.41604,14.0391,2.1278,-0.81633,76.07965,-6.639883,-0.771741,0.467377,,,,,,,,,,,,-7.87536,11.7239,-0.75151,50,6.19331,6.19977,-123.11128,-6.72103,-11.77055,30.39722,-14.65146,POM_COL,POM_COL,PomonaPitzer,TeamExclusive,Team,20251017-PomonaPitzer-Private-1,910824c0-abac-11f0-bdec-9ba129dde21b,80.64677,,,9.4098,,,,,,,1281aa50-c58b-434b-a235-220b35bf6a67,2025-10-17,22:56:49.64,2025-10-17T15:56:49.6426496-07:00,2025-10-17T22:56:49.6426496Z,,v3,POM_PIT,POM_PIT,,"Parker, Will",1000474009,Right,POM_COL,6a8422a9-dc6c-4dc8-bc1c-33a122b903a2,56.38169,-124.67701,15.19861,6.52007,-5.96635,-7.32573,-1.08646,6.80606,-5.88528,,,,,,,,,,,,,,,,,,,,,,,,,,,,,,,,,,,,,,,,,,,,,,,,,,,High,High,High,,,,,
247,2025-10-17,15:57:32.69,4,6,"Della Bitta, Eli",1000323431,Right,POM_COL,"Nahabedian, George",1000214430,Right,POM_COL,Undefined,6,Bottom,2,3,2,Fastball,Four-Seam,BallCalled,Walk,Undefined,Undefined,0,0,,85.95017,-2.574852,-3.781517,2227.378632,215.823531,1:15,6.53248,0.95731,4.22691,-20.5197,20.47332,13.67725,2.34995,-1.52913,77.50749,-6.372667,-1.407559,0.460815,,,,,,,,,,,,-7.71079,11.05981,-0.55744,50,6.22984,7.51088,-123.951,-6.33605,-11.86127,27.37433,-15.16109,POM_COL,POM_COL,PomonaPitzer,TeamExclusive,Team,20251017-PomonaPitzer-Private-1,aa93e870-abac-11f0-bdec-9ba129dde21b,81.79521,,,8.44268,,,,,,,1281aa50-c58b-434b-a235-220b35bf6a67,2025-10-17,22:57:32.69,2025-10-17T15:57:32.6928896-07:00,2025-10-17T22:57:32.6928896Z,,v3,POM_PIT,POM_PIT,,"Parker, Will",1000474009,Right,POM_COL,88d19be6-c04b-4822-af27-0baace6084f3,56.26744,-125.32751,13.68716,6.52928,-5.57368,-7.58054,-0.95012,8.10732,-5.93064,,,,,,,,,,,,,,,,,,,,,,,,,,,,,,,,,,,,,,,,,,,,,,,,,,,High,High,High,,,,,
248,2025-10-17,16:00:15.32,1,1,"Pilz, Talen",10279098,Right,POM_COL,"Pierantoni, Greg",1000091552,Right,POM_COL,Undefined,7,Top,0,0,0,Fastball,Four-Seam,BallCalled,Undefined,Undefined,Undefined,0,0,,86.91107,-3.62486,-1.452954,2360.912867,213.509017,1:00,6.32525,0.70309,5.52499,-20.87474,17.01316,10.39461,1.19126,0.21067,79.14767,-7.524922,0.401025,0.443018,,,,,,,,,,,,-5.66363,10.05504,-0.58379,50,5.99595,2.73896,-125.81642,-8.63761,-9.01749,27.12572,-16.16465,POM_COL,POM_COL,PomonaPitzer,TeamExclusive,Team,20251017-PomonaPitzer-Private-1,0b9ac670-abad-11f0-bdec-9ba129dde21b,85.081,,,7.7634,,,,,,,1281aa50-c58b-434b-a235-220b35bf6a67,2025-10-17,23:00:15.32,2025-10-17T16:00:15.3241088-07:00,2025-10-17T23:00:15.3241088Z,,v3,POM_PIT,POM_PIT,,"Savas, Peter",1000276389,Right,POM_COL,fab94cab-9819-4781-9b6e-b897bb44bda9,54.9714,-126.88372,13.56286,6.3233,-8.00159,-8.08233,-0.69853,3.09376,-4.50875,,,,,,,,,,,,,,,,,,,,,,,,,,,,,,,,,,,,,,,,,,,,,,,,,,,High,High,High,,,,,
249,2025-10-17,16:00:31.20,1,2,"Pilz, Talen",10279098,Right,POM_COL,"Pierantoni, Greg",1000091552,Right,POM_COL,Undefined,7,Top,0,1,0,Fastball,Four-Seam,InPlay,Undefined,FlyBall,Out,1,0,,86.86708,-1.775585,-1.744333,2312.248797,214.062714,1:15,6.21231,0.87486,5.74305,-20.11001,17.52351,10.95111,2.88198,0.16284,78.66408,-5.584969,0.215452,0.441529,95.2958,23.758279,-0.950768,2208.319873,109.97273,45.72239,2.44686,338.25341,329.96284,5.473759,4.228383,-6.11339,9.8556,-0.73661,50,6.05253,3.37286,-125.93669,-4.50964,-9.71277,28.13675,-16.51578,POM_COL,POM_COL,PomonaPitzer,TeamExclusive,Team,20251017-PomonaPitzer-Private-1,150a3dd0-abad-11f0-bdec-9ba129dde21b,85.36804,59.11328,,8.203,,,,0.78821,3.09153,-0.17548,1281aa50-c58b-434b-a235-220b35bf6a67,2025-10-17,23:00:31.20,2025-10-17T16:00:31.2075264-07:00,2025-10-17T23:00:31.2075264Z,LineDrive,v3,POM_PIT,POM_PIT,,"Savas, Peter",1000276389,Right,POM_COL,af5d80fd-601e-4d69-85a6-3406259367e9,54.75367,-126.99431,14.06837,6.21038,-3.88884,-8.25789,-0.87026,3.73795,-4.85638,202.779593,0.78788,127.91443,-26.16001,7.07296,-1.70347,0.39576,-0.07884,0.01031,-0.0006,3.09277,56.27684,-13.56326,-1.29978,1.00777,-0.40222,0.09988,-0.01342,0.00073,-0.17557,-2.12025,6.23797,-2.04078,0.53023,-0.11442,0.01915,-0.00213,0.00011,,,,,,,,,,,,,,,,,,,,,,,High,High,High,High,High,,,
250,2025-10-17,16:01:06.72,2,1,"Pilz, Talen",10279098,Right,POM_COL,"Lee, Sammy",1000276388,Right,POM_COL,Undefined,7,Top,1,0,0,Curveball,Curveball,BallCalled,Undefined,Undefined,Undefined,0,0,,72.79109,0.109504,-0.487873,2464.321698,45.226238,7:30,6.19074,1.09206,5.10952,-64.33381,-9.61705,-11.51623,0.93277,-0.32728,67.00068,-11.46385,-2.533698,0.532392,,,,,,,,,,,,5.59146,-4.30012,-1.03671,50,6.15065,1.33324,-105.63211,-1.94597,6.2513,19.75745,-36.98165,POM_COL,POM_COL,PomonaPitzer,TeamExclusive,Team,20251017-PomonaPitzer-Private-1,2a4ff360-abad-11f0-bdec-9ba129dde21b,70.79828,,,5.79041,,,,,,,1281aa50-c58b-434b-a235-220b35bf6a67,2025-10-17,23:01:06.72,2025-10-17T16:01:06.7229696-07:00,2025-10-17T23:01:06.7229696Z,,v3,POM_PIT,POM_PIT,,"Savas, Peter",1000276389,Right,POM_COL,b531d421-8206-4e2d-a63f-a067ed4af3fe,55.39206,-106.63587,9.87872,6.20179,-0.06715,-18.49082,-1.09637,1.01565,3.12565,,,,,,,,,,,,,,,,,,,,,,,,,,,,,,,,,,,,,,,,,,,,,,,,,,,High,High,High,,,,,
251,2025-10-17,16:01:23.97,2,2,"Pilz, Talen",10279098,Right,POM_COL,"Lee, Sammy",1000276388,Right,POM_COL,Undefined,7,Top,1,1,0,Fastball,Sinker,FoulBallNotFieldable,Undefined,Undefined,Undefined,0,0,,88.00482,-3.02776,-3.216522,2371.911549,231.82667,1:45,6.25016,0.93778,5.73421,-22.67501,14.11985,16.29745,1.53395,-0.70257,79.84331,-7.2729,-0.302587,0.436581,,,,,,,,,,,,-9.2626,8.49678,-0.67969,50,5.98363,6.4568,-127.35266,-7.47577,-15.06059,28.58546,-18.35866,POM_COL,POM_COL,PomonaPitzer,TeamExclusive,Team,20251017-PomonaPitzer-Private-1,347d3c80-abad-11f0-bdec-9ba129dde21b,86.33547,,,8.16151,,,,,,,1281aa50-c58b-434b-a235-220b35bf6a67,2025-10-17,23:01:23.97,2025-10-17T16:01:23.9799808-07:00,2025-10-17T23:01:23.9799808Z,,v3,POM_PIT,POM_PIT,,"Savas, Peter",1000276389,Right,POM_COL,1e7a302f-5c16-4c29-889d-35b408697477,54.76306,-128.41732,14.29273,6.24933,-6.792,-9.17933,-0.93062,7.01773,-7.5303,,,,,,,,,,,,,,,,,,,,,,,,,,,,,,,,,,,,,,,,,,,,,,,,,,,High,High,High,,,,,
252,2025-10-17,16:01:47.79,2,3,"Pilz, Talen",10279098,Right,POM_COL,"Lee, Sammy",1000276388,Right,POM_COL,Undefined,7,Top,1,1,1,Slider,Curveball,StrikeCalled,Undefined,Undefined,Undefined,0,0,,77.15455,2.137012,-0.524598,2637.443574,40.025303,7:15,6.04803,0.99274,4.9616,-63.33893,-14.05272,-13.24221,2.78968,-0.60638,70.11979,-9.280963,-2.86481,0.505282,,,,,,,,,,,,6.31363,-6.99536,-0.93076,50,6.20311,1.58035,-111.80032,1.82971,7.86765,23.06102,-40.89121,POM_COL,POM_COL,PomonaPitzer,TeamExclusive,Team,20251017-PomonaPitzer-Private-1,42a69270-abad-11f0-bdec-9ba129dde21b,74.59678,,,7.03476,,,,,,,1281aa50-c58b-434b-a235-220b35bf6a67,2025-10-17,23:01:47.79,2025-10-17T16:01:47.7938688-07:00,2025-10-17T23:01:47.7938688Z,,v3,POM_PIT,POM_PIT,,"Dillehay, Drew",1000091533,Right,POM_COL,f0775aaa-25a0-4416-bcd2-98efc0ee7163,55.53919,-112.93711,11.53051,6.06323,3.84543,-20.44561,-0.9991,1.19251,3.93382,,,,,,,,,,,,,,,,,,,,,,,,,,,,,,,,,,,,,,,,,,,,,,,,,,,High,High,High,,,,,
253,2025-10-17,16:02:05.02,2,4,"Pilz, Talen",10279098,Right,POM_COL,"Lee, Sammy",1000276388,Right,POM_COL,Undefined,7,Top,1,1,2,Slider,Curveball,StrikeSwinging,Strikeout,Undefined,Undefined,0,0,,76.53936,1.138542,-0.999523,2768.227738,42.690801,7:30,5.99686,1.17111,4.77598,-65.21291,-14.70749,-15.20363,1.64204,-1.04346,69.73175,-10.546588,-3.680324,0.511494,,,,,,,,,,,,7.08288,-6.96433,-1.05731,50,6.05382,2.57627,-110.90191,-0.2345,8.66386,23.13278,-40.69291,POM_COL,POM_COL,PomonaPitzer,TeamExclusive,Team,20251017-PomonaPitzer-Private-1,4cea49c0-abad-11f0-bdec-9ba129dde21b,73.69091,,,6.80761,,,,,,,1281aa50-c58b-434b-a235-220b35bf6a67,2025-10-17,23:02:05.02,2025-10-17T16:02:05.0240000-07:00,2025-10-17T23:02:05.0240000Z,,v3,POM_PIT,POM_PIT,,"Dillehay, Drew",1000091533,Right,POM_COL,551ec638-e455-4752-9f59-7256031e18a5,55.72522,-112.08976,11.56639,6.01221,1.85505,-20.34646,-1.17817,2.13139,4.33193,,,,,,,,,,,,,,,,,,,,,,,,,,,,,64.62663,,,1.089941,,,,-2.14029,5.38777,1.87619,76.19462,4.42813,-48.59106,-2.11568,75.95241,-3.75849,5.46674,15.71414,-15.26562,1.78674,-52.95129,6.14864,High,High,High,,,High,High,High
254,2025-10-17,16:02:32.52,3,1,"Pilz, Talen",10279098,Right,POM_COL,"Kinney, William",1000092038,Right,POM_COL,Undefined,7,Top,2,0,0,Fastball,Sinker,BallCalled,Undefined,Undefined,Undefined,0,0,,88.10276,-0.602563,-3.080019,2399.865149,233.029483,1:45,6.23169,0.76791,5.79991,-23.48997,13.07166,15.65064,3.71293,-0.79531,79.61651,-5.023418,-0.279799,0.435195,,,,,,,,,,,,-8.81981,7.22201,-0.52353,50,6.16828,6.17619,-127.64408,-2.09814,-14.39789,28.85899,-20.38449,POM_COL,POM_COL,PomonaPitzer,TeamExclusive,Team,20251017-PomonaPitzer-Private-1,5d4c9fc0-abad-11f0-bdec-9ba129dde21b,86.6104,,,8.48624,,,,,,,1281aa50-c58b-434b-a235-220b35bf6a67,2025-10-17,23:02:32.52,2025-10-17T16:02:32.5213184-07:00,2025-10-17T23:02:32.5213184Z,,v3,POM_PIT,POM_PIT,,"Dillehay, Drew",1000091533,Right,POM_COL,5cf7df33-0b64-4f95-94fe-9c4af87cb59d,54.69503,-128.7012,14.4295,6.23146,-1.35144,-10.19224,-0.75943,6.7036,-7.19894,,,,,,,,,,,,,,,,,,,,,,,,,,,,,,,,,,,,,,,,,,,,,,,,,,,High,High,High,,,,,
255,2025-10-17,16:02:47.17,3,2,"Pilz, Talen",10279098,Right,POM_COL,"Kinney, William",1000092038,Right,POM_COL,Undefined,7,Top,2,1,0,Fastball,Sinker,InPlay,Undefined,GroundBall,Out,1,0,,87.19276,-1.923985,-2.592592,2312.300619,231.257047,1:45,6.24775,0.88417,5.6498,-23.03698,14.52654,16.43422,2.53098,-0.16608,78.91522,-6.246379,0.342604,0.441118,71.4438,7.177804,19.022278,2338.76394,,,,87.26686,84.59534,22.167118,0.918131,-9.13749,8.35678,-0.67492,50,6.07009,5.01315,-126.31287,-4.98907,-14.58999,28.53616,-18.83067,POM_COL,POM_COL,PomonaPitzer,TeamExclusive,Team,20251017-PomonaPitzer-Private-1,661d3f10-abad-11f0-bdec-9ba129dde21b,85.44756,4.84113,,8.27755,,,,0.47361,2.42219,0.15561,1281aa50-c58b-434b-a235-220b35bf6a67,2025-10-17,23:02:47.17,2025-10-17T16:02:47.1749120-07:00,2025-10-17T23:02:47.1749120Z,GroundBall,v3,POM_PIT,POM_PIT,,"Dillehay, Drew",1000091533,Right,POM_COL,26644e65-be13-4fb5-a258-e5c80b39e572,54.84736,-127.40327,14.26808,6.24698,-4.26954,-9.41534,-0.87713,5.57064,-7.295,271.945514,0.47361,98.28568,-13.68241,2.51564,-0.50292,0.08644,-0.01618,0.00287,-0.0003,2.42219,13.09265,-18.16394,1.28985,-0.21496,0.03936,-0.00517,0.00097,-0.00012,0.15561,33.88523,2.71288,-1.03461,0.29734,-0.0693,0.01523,-0.00288,0.00034,,,,,,,,,,,,,,,,,,,,,,,High,High,High,High,High,,,
256,2025-10-17,16:03:21.45,4,1,"Pilz, Talen",10279098,Right,POM_COL,"Ruyle, Brody",10183257,Right,POM_COL,Undefined,7,Top,0,0,0,Fastball,Four-Seam,BallCalled,Undefined,Undefined,Undefined,0,0,,87.18585,-0.138187,-1.506192,2338.920033,221.820299,1:30,6.28395,0.60856,5.5252,-20.45749,17.33387,14.28733,4.44992,0.39074,78.47055,-4.017487,1.039833,0.442454,,,,,,,,,,,,-7.5852,9.15036,-0.4869,50,6.25862,2.67364,-126.33154,-0.93622,-12.08587,29.11463,-17.59432,POM_COL,POM_COL,PomonaPitzer,TeamExclusive,Team,20251017-PomonaPitzer-Private-1,7a738b90-abad-11f0-bdec-9ba129dde21b,85.18958,,,8.7153,,,,,,,1281aa50-c58b-434b-a235-220b35bf6a67,2025-10-17,23:03:21.45,2025-10-17T16:03:21.4565888-07:00,2025-10-17T23:03:21.4565888Z,,v3,POM_PIT,POM_PIT,,"Dillehay, Drew",1000091533,Right,POM_COL,5a549449-676e-476f-bca7-751562516bc9,54.96831,-127.4714,14.55731,6.28178,-0.24739,-8.79716,-0.60084,3.14681,-6.04293,,,,,,,,,,,,,,,,,,,,,,,,,,,,,,,,,,,,,,,,,,,,,,,,,,,High,High,High,,,,,
257,2025-10-17,16:03:37.55,4,2,"Pilz, Talen",10279098,Right,POM_COL,"Ruyle, Brody",10183257,Right,POM_COL,Undefined,7,Top,0,1,0,Slider,Curveball,BallCalled,Undefined,Undefined,Undefined,0,0,,75.87302,2.813002,-0.698246,2603.85988,75.738801,8:30,5.97026,1.11294,4.60535,-53.74944,-2.42756,-16.1671,4.16847,-0.89833,69.12601,-6.868642,-3.529748,0.515612,,,,,,,,,,,,7.60548,-1.43362,-1.02538,50,6.21082,2.02889,-109.84979,3.41713,9.23815,20.53542,-33.91543,POM_COL,POM_COL,PomonaPitzer,TeamExclusive,Team,20251017-PomonaPitzer-Private-1,84118d00-abad-11f0-bdec-9ba129dde21b,73.10238,,,6.74701,,,,,,,1281aa50-c58b-434b-a235-220b35bf6a67,2025-10-17,23:03:37.55,2025-10-17T16:03:37.5534592-07:00,2025-10-17T23:03:37.5534592Z,,v3,POM_PIT,POM_PIT,,"Dillehay, Drew",1000091533,Right,POM_COL,0f305da9-14aa-4759-884c-1e3fac86bc41,55.89305,-110.94597,10.26771,5.9801,5.22754,-16.95771,-1.12052,1.53575,4.61908,,,,,,,,,,,,,,,,,,,,,,,,,,,,,,,,,,,,,,,,,,,,,,,,,,,High,High,High,,,,,
258,2025-10-17,16:03:55.02,4,3,"Pilz, Talen",10279098,Right,POM_COL,"Ruyle, Brody",10183257,Right,POM_COL,Undefined,7,Top,0,2,0,Fastball,Four-Seam,BallCalled,Undefined,Undefined,Undefined,0,0,,86.38737,-0.24208,-2.611942,2306.119016,209.760626,1:00,6.23846,0.81231,5.67563,-19.34548,19.22347,10.14804,4.40042,-0.7787,77.23142,-3.952367,-0.800587,0.446982,,,,,,,,,,,,-5.93843,10.19548,-0.59799,50,6.20612,5.24881,-125.00936,-1.07406,-9.2069,29.95743,-16.36701,POM_COL,POM_COL,PomonaPitzer,TeamExclusive,Team,20251017-PomonaPitzer-Private-1,8e732c90-abad-11f0-bdec-9ba129dde21b,84.32643,,,9.15595,,,,,,,1281aa50-c58b-434b-a235-220b35bf6a67,2025-10-17,23:03:55.02,2025-10-17T16:03:55.0272512-07:00,2025-10-17T23:03:55.0272512Z,,v3,POM_PIT,POM_PIT,,"Dillehay, Drew",1000091533,Right,POM_COL,0e8ac1c1-20d1-42a6-a0cd-30418ed0db28,54.81577,-126.15814,14.97872,6.23527,-0.44643,-8.1835,-0.80604,5.60187,-4.60345,,,,,,,,,,,,,,,,,,,,,,,,,,,,,,,,,,,,,,,,,,,,,,,,,,,High,High,High,,,,,
259,2025-10-17,16:04:11.01,4,4,"Pilz, Talen",10279098,Right,POM_COL,"Ruyle, Brody",10183257,Right,POM_COL,Undefined,7,Top,0,3,0,Fastball,Sinker,StrikeCalled,Undefined,Undefined,Undefined,0,0,,85.70371,-2.472453,-1.529928,2293.614209,224.961218,1:30,6.21169,0.78393,5.68673,-22.27623,16.53839,15.13131,2.04862,0.61855,77.65472,-6.66142,1.176657,0.448404,,,,,,,,,,,,-8.09792,9.56292,-0.66454,50,5.98982,2.66806,-124.16946,-6.04674,-12.49897,27.50262,-17.41386,POM_COL,POM_COL,PomonaPitzer,TeamExclusive,Team,20251017-PomonaPitzer-Private-1,97f9fc80-abad-11f0-bdec-9ba129dde21b,84.0592,,,8.04899,,,,,,,1281aa50-c58b-434b-a235-220b35bf6a67,2025-10-17,23:04:11.01,2025-10-17T16:04:11.0152704-07:00,2025-10-17T23:04:11.0152704Z,,v3,POM_PIT,POM_PIT,,"Dillehay, Drew",1000091533,Right,POM_COL,f62dcf19-13c5-4723-8667-f13576888d42,54.80874,-125.23003,13.75131,6.21005,-5.37522,-8.70693,-0.77672,3.15006,-6.24949,,,,,,,,,,,,,,,,,,,,,,,,,,,,,,,,,,,,,,,,,,,,,,,,,,,High,High,High,,,,,
260,2025-10-17,16:04:28.09,4,5,"Pilz, Talen",10279098,Right,POM_COL,"Ruyle, Brody",10183257,Right,POM_COL,Undefined,7,Top,0,3,1,Fastball,Four-Seam,InPlay,Undefined,GroundBall,Single,0,0,,85.75374,-2.480805,-2.151858,2301.386954,220.986463,1:15,6.20417,0.56332,5.5126,-20.14489,19.10304,15.31761,2.20255,-0.17336,77.22326,-6.297133,0.577331,0.4509,72.26893,5.703874,-6.818555,777.332115,,,,76.31023,75.93459,-4.508697,0.769474,-8.43957,10.87375,-0.38633,50,5.97471,4.00567,-124.11554,-5.98919,-12.94133,28.77406,-15.50017,POM_COL,POM_COL,PomonaPitzer,TeamExclusive,Team,20251017-PomonaPitzer-Private-1,a241ab70-abad-11f0-bdec-9ba129dde21b,83.59386,3.73648,,8.53048,,,,1.37085,2.19167,0.1618,1281aa50-c58b-434b-a235-220b35bf6a67,2025-10-17,23:04:28.09,2025-10-17T16:04:28.0986624-07:00,2025-10-17T23:04:28.0986624Z,GroundBall,v3,POM_PIT,POM_PIT,,"Dillehay, Drew",1000091533,Right,POM_COL,6ee4861f-b09d-4fcc-a393-bef04e7cc9ba,54.98372,-125.2656,14.38703,6.20171,-5.36967,-7.75009,-0.55677,4.52292,-6.47067,281.942683,1.37085,104.7235,-10.92195,1.48384,-0.27748,0.03885,-0.00667,0.00124,-0.00013,2.19167,10.53446,-18.35085,1.41292,-0.25432,0.05335,-0.00843,0.00151,-0.00021,0.1618,-12.52192,6.80573,-1.44153,0.33403,-0.06494,0.01264,-0.00238,0.00028,,,,,,,,,,,,,,,,,,,,,,,High,High,High,High,High,,,
261,2025-10-17,16:05:04.62,5,1,"Pilz, Talen",10279098,Right,POM_COL,"Loui, Shawn",1000474008,Right,POM_COL,Undefined,7,Top,0,0,0,Slider,Curveball,BallCalled,Undefined,Undefined,Undefined,0,0,,76.95557,0.533263,-2.717539,2587.965055,48.285619,7:30,6.2354,2.63559,4.63712,-63.03779,-12.61217,-16.14568,1.48964,-1.2945,70.11582,-10.713691,-5.550013,0.51109,,,,,,,,,,,,6.95678,-5.78351,-2.34146,50,6.23235,5.97052,-111.34536,-1.34187,8.55872,23.7244,-39.28937,POM_COL,POM_COL,PomonaPitzer,TeamExclusive,Team,20251017-PomonaPitzer-Private-1,b7fc69f0-abad-11f0-bdec-9ba129dde21b,73.74919,,,6.83974,,,,,,,1281aa50-c58b-434b-a235-220b35bf6a67,2025-10-17,23:05:04.62,2025-10-17T16:05:04.6257664-07:00,2025-10-17T23:05:04.6257664Z,,v3,POM_PIT,POM_PIT,,"Dillehay, Drew",1000091533,Right,POM_COL,1974d654-43ac-4b9e-95c1-7dc67470ae1a,55.86342,-112.58775,11.8622,6.24874,0.71562,-19.64468,-2.64239,5.52232,4.27936,,,,,,,,,,,,,,,,,,,,,,,,,,,,,,,,,,,,,,,,,,,,,,,,,,,High,High,High,,,,,
262,2025-10-17,16:05:24.03,5,2,"Pilz, Talen",10279098,Right,POM_COL,"Loui, Shawn",1000474008,Right,POM_COL,Undefined,7,Top,0,1,0,Curveball,Curveball,BallCalled,Undefined,Undefined,Undefined,0,0,,72.88855,3.010541,-1.279163,2462.88111,58.916131,8:00,6.25271,2.02492,4.60137,-66.11031,-9.71225,-19.51639,3.6099,-0.81813,65.86298,-8.871542,-4.697493,0.54051,,,,,,,,,,,,8.9615,-4.99595,-1.8742,50,6.50262,3.16382,-105.37296,3.16226,9.86852,21.33959,-37.67566,POM_COL,POM_COL,PomonaPitzer,TeamExclusive,Team,20251017-PomonaPitzer-Private-1,c389df50-abad-11f0-bdec-9ba129dde21b,69.73499,,,7.02558,,,,,,,1281aa50-c58b-434b-a235-220b35bf6a67,2025-10-17,23:05:24.03,2025-10-17T16:05:24.0315904-07:00,2025-10-17T23:05:24.0315904Z,,v3,POM_PIT,POM_PIT,,"Dillehay, Drew",1000091533,Right,POM_COL,24b7f679-f904-4b6e-b785-e82cacac884e,55.89772,-106.56064,10.66979,6.26827,5.25915,-18.83783,-2.035,2.61458,4.93426,,,,,,,,,,,,,,,,,,,,,,,,,,,,,,,,,,,,,,,,,,,,,,,,,,,High,High,High,,,,,
263,2025-10-17,16:05:49.14,5,3,"Pilz, Talen",10279098,Right,POM_COL,"Loui, Shawn",1000474008,Right,POM_COL,Undefined,7,Top,0,2,0,Fastball,Sinker,StrikeCalled,Undefined,Undefined,Undefined,0,0,,85.89281,-2.341902,-4.718427,2313.627547,228.548365,1:30,6.13763,1.9774,5.86319,-22.84966,15.41784,15.9971,2.0493,-1.08276,78.30963,-6.630089,-1.860657,0.445232,,,,,,,,,,,,-9.45111,8.92544,-1.60315,50,5.93384,9.585,-124.23613,-5.79367,-14.73772,25.41729,-18.25605,POM_COL,POM_COL,PomonaPitzer,TeamExclusive,Team,20251017-PomonaPitzer-Private-1,d27832f0-abad-11f0-bdec-9ba129dde21b,84.65794,,,7.58318,,,,,,,1281aa50-c58b-434b-a235-220b35bf6a67,2025-10-17,23:05:49.14,2025-10-17T16:05:49.1497984-07:00,2025-10-17T23:05:49.1497984Z,,v3,POM_PIT,POM_PIT,,"Dillehay, Drew",1000091533,Right,POM_COL,878da6a2-6385-4f52-b5bd-6f041419b233,54.63375,-125.18055,12.70865,6.13651,-5.11533,-9.12803,-1.96947,10.1326,-7.36886,,,,,,,,,,,,,,,,,,,,,,,,,,,,,,,,,,,,,,,,,,,,,,,,,,,High,High,High,,,,,
264,2025-10-17,16:06:09.28,5,4,"Pilz, Talen",10279098,Right,POM_COL,"Loui, Shawn",1000474008,Right,POM_COL,Undefined,7,Top,0,2,1,Fastball,Four-Seam,FoulBallNotFieldable,Undefined,Undefined,Undefined,0,0,,85.17011,-1.758407,-2.446901,2372.641747,213.610541,1:00,6.38231,2.16034,5.61564,-21.428,17.87194,10.96851,2.95351,0.7893,77.26292,-5.798011,-0.489963,0.451198,76.77544,-7.441088,-57.251536,,,,,34.09338,34.09338,-58.760411,0.286573,-6.31689,9.99504,-1.95867,50,6.21858,4.81736,-123.42582,-4.44637,-9.65855,26.58669,-16.89159,POM_COL,POM_COL,PomonaPitzer,TeamExclusive,Team,20251017-PomonaPitzer-Private-1,de9712e0-abad-11f0-bdec-9ba129dde21b,83.53855,4.1695,,7.90719,,,,1.36887,4.1695,-1.76158,1281aa50-c58b-434b-a235-220b35bf6a67,2025-10-17,23:06:09.28,2025-10-17T16:06:09.2815872-07:00,2025-10-17T23:06:09.2815872Z,GroundBall,v3,POM_PIT,POM_PIT,,"Dillehay, Drew",1000091533,Right,POM_COL,9bc5d548-b112-422d-97fc-5ee34465e9c9,54.8817,-124.47293,13.29334,6.3806,-3.7811,-8.4458,-2.15589,5.19775,-4.82927,,1.36876,60.40555,-12.15024,,,,,,,4.16936,-14.57662,0.09819,,,,,,,-1.76039,-93.96302,-5.64487,,,,,,,,,,,,,,,,,,,,,,,,,,,,,High,High,High,Medium,High,,,
265,2025-10-17,16:06:33.98,5,5,"Pilz, Talen",10279098,Right,POM_COL,"Loui, Shawn",1000474008,Right,POM_COL,Undefined,7,Top,0,2,2,Slider,Curveball,BallCalled,Undefined,Undefined,Undefined,0,0,,73.95863,3.432521,-0.363921,1547.575077,58.26035,8:00,6.17493,2.56071,4.86199,-56.46735,-3.19795,-7.87304,4.72199,1.56018,67.61788,-6.773396,-1.749243,0.525304,,,,,,,,,,,,3.73362,-1.93244,-2.51793,50,6.46572,1.00024,-107.11972,4.4502,4.33654,18.56836,-34.41857,POM_COL,POM_COL,PomonaPitzer,TeamExclusive,Team,20251017-PomonaPitzer-Private-1,ed3faaf0-abad-11f0-bdec-9ba129dde21b,71.75363,,,6.34075,,,,,,,1281aa50-c58b-434b-a235-220b35bf6a67,2025-10-17,23:06:33.98,2025-10-17T16:06:33.9851264-07:00,2025-10-17T23:06:33.9851264Z,,v3,POM_PIT,POM_PIT,,"Dillehay, Drew",1000091533,Right,POM_COL,edcfa0ec-40a4-4176-a9c0-8a101a0fd88a,55.63655,-108.09236,9.28418,6.18539,6.25309,-17.20929,-2.56438,0.77309,2.16827,,,,,,,,,,,,,,,,,,,,,,,,,,,,,,,,,,,,,,,,,,,,,,,,,,,High,High,High,,,,,
266,2025-10-17,16:06:59.36,5,6,"Pilz, Talen",10279098,Right,POM_COL,"Loui, Shawn",1000474008,Right,POM_COL,Undefined,7,Top,0,3,2,Fastball,Four-Seam,FoulBallNotFieldable,Undefined,Undefined,Undefined,0,0,,85.44397,-1.302145,-3.229539,2027.564297,193.588024,12:30,6.26718,2.02281,5.52905,-21.4806,17.53639,3.9274,3.25772,-0.67212,77.87914,-5.330977,-2.531179,0.449571,,,,,,,,,,,,-2.88236,9.59115,-1.74454,50,6.13976,6.81297,-123.76805,-3.48642,-4.46123,25.20597,-17.32915,POM_COL,POM_COL,PomonaPitzer,TeamExclusive,Team,20251017-PomonaPitzer-Private-1,fc527680-abad-11f0-bdec-9ba129dde21b,83.84092,,,7.56483,,,,,,,1281aa50-c58b-434b-a235-220b35bf6a67,2025-10-17,23:06:59.36,2025-10-17T16:06:59.3669632-07:00,2025-10-17T23:06:59.3669632Z,,v3,POM_PIT,POM_PIT,,"Dillehay, Drew",1000091533,Right,POM_COL,bead99b0-dc0c-40af-afa2-e4cbb1d10d9d,54.96593,-124.77529,12.60299,6.26524,-2.79395,-8.66457,-2.02035,6.99124,-2.23062,,,,,,,,,,,,,,,,,,,,,,,,,,,,,,,,,,,,,,,,,,,,,,,,,,,High,High,High,,,,,
267,2025-10-17,16:07:24.93,5,7,"Pilz, Talen",10279098,Right,POM_COL,"Loui, Shawn",1000474008,Right,POM_COL,Undefined,7,Top,0,3,2,Slider,Curveball,StrikeCalled,Strikeout,Undefined,Undefined,0,0,,75.93523,2.2396,-2.021434,2495.544479,50.628424,7:45,6.28197,2.49486,4.91318,-62.19598,-10.98863,-15.60402,3.21905,-0.71766,68.85171,-8.975111,-4.770158,0.515036,,,,,,,,,,,,6.93953,-5.47929,-2.28405,50,6.4494,4.53058,-109.89256,2.03961,8.33065,22.80108,-38.75173,POM_COL,POM_COL,PomonaPitzer,TeamExclusive,Team,20251017-PomonaPitzer-Private-1,0b9aa9f0-abae-11f0-bdec-9ba129dde21b,73.18408,,,7.08352,,,,,,,1281aa50-c58b-434b-a235-220b35bf6a67,2025-10-17,23:07:24.93,2025-10-17T16:07:24.9308160-07:00,2025-10-17T23:07:24.9308160Z,,v3,POM_PIT,POM_PIT,,"Dillehay, Drew",1000091533,Right,POM_COL,4141f33c-18bd-4398-a30d-bb4f26d90d3f,55.58611,-111.04554,11.40054,6.29672,3.99917,-19.37587,-2.5025,4.10932,4.16532,,,,,,,,,,,,,,,,,,,,,,,,,,,,,,,,,,,,,,,,,,,,,,,,,,,High,High,High,,,,,
268,2025-10-17,16:09:48.66,1,1,"Hatamiya, Jude",1000346242,Left,POM_COL,"Zerger, Justin",10051439,Right,POM_COL,Undefined,7,Bottom,0,0,0,Curveball,Curveball,StrikeCalled,Undefined,Undefined,Undefined,0,0,,69.95437,2.315283,0.789314,2579.275119,310.156226,4:15,5.28832,-3.00392,4.52709,-73.79004,-12.82658,17.7078,1.3454,-0.77656,63.89396,-10.863386,3.894887,0.561961,,,,,,,,,,,,-8.34595,-6.35071,2.90369,50,5.45979,-2.08689,-101.30039,1.53931,-8.53611,18.97367,-38.66945,POM_COL,POM_COL,PomonaPitzer,TeamExclusive,Team,20251017-PomonaPitzer-Private-1,615142a0-abae-11f0-bdec-9ba129dde21b,67.07303,,,6.06041,,,,,,,1281aa50-c58b-434b-a235-220b35bf6a67,2025-10-17,23:09:48.66,2025-10-17T16:09:48.6630912-07:00,2025-10-17T23:09:48.6630912Z,,v3,POM_PIT,POM_PIT,,"Parker, Will",1000474009,Right,POM_COL,57c7ba68-a7b9-4134-84b1-38390c6293b6,55.97537,-102.41346,9.48684,5.30295,3.80782,-19.33473,3.01143,-1.58612,-4.26805,,,,,,,,,,,,,,,,,,,,,,,,,,,,,,,,,,,,,,,,,,,,,,,,,,,High,High,High,,,,,
269,2025-10-17,16:10:02.49,1,2,"Hatamiya, Jude",1000346242,Left,POM_COL,"Zerger, Justin",10051439,Right,POM_COL,Undefined,7,Bottom,0,0,1,Fastball,Changeup,StrikeSwinging,Undefined,Undefined,Undefined,0,0,,83.0353,-1.747259,3.113561,2297.397088,130.375513,10:15,5.60951,-2.80222,5.10053,-27.88946,14.16091,-14.9769,1.63602,-1.11353,75.68209,-6.886377,0.467355,0.46672,,,,,,,,,,,,8.33308,7.96556,2.52042,50,5.42304,-5.88778,-120.21249,-4.63393,12.1439,24.19625,-20.5657,POM_COL,POM_COL,PomonaPitzer,TeamExclusive,Team,20251017-PomonaPitzer-Private-1,698071d0-abae-11f0-bdec-9ba129dde21b,80.7603,,,7.35321,,,,,,,1281aa50-c58b-434b-a235-220b35bf6a67,2025-10-17,23:10:02.49,2025-10-17T16:10:02.4985600-07:00,2025-10-17T23:10:02.4985600Z,,v3,POM_PIT,POM_PIT,,"Parker, Will",1000474009,Right,POM_COL,bba58909-ce40-4b01-8a42-7b1f7f0740c8,55.39667,-121.29387,12.09813,5.6096,-3.71482,-10.28285,2.79568,-6.43051,6.07195,,,,,,,,,,,,,,,,,,,,,,,,,,,,,,,,,,,,,,,,,,,,,,,,,,,High,High,High,,,,,
270,2025-10-17,16:10:20.01,1,3,"Hatamiya, Jude",1000346242,Left,POM_COL,"Zerger, Justin",10051439,Right,POM_COL,Undefined,7,Bottom,0,0,2,Curveball,Curveball,BallCalled,Undefined,Undefined,Undefined,0,0,,71.56367,1.516766,2.486461,2655.301713,302.336767,4:00,5.37162,-2.96454,4.74568,-68.30945,-10.31453,19.48407,1.11948,1.01898,65.3383,-10.7166,5.908916,0.548108,,,,,,,,,,,,-8.69878,-4.91819,2.69634,50,5.46411,-5.26085,-103.57637,0.39257,-9.27387,20.30296,-37.41739,POM_COL,POM_COL,PomonaPitzer,TeamExclusive,Team,20251017-PomonaPitzer-Private-1,73fe9a10-abae-11f0-bdec-9ba129dde21b,68.76824,,,6.22537,,,,,,,1281aa50-c58b-434b-a235-220b35bf6a67,2025-10-17,23:10:20.01,2025-10-17T16:10:20.0100352-07:00,2025-10-17T23:10:20.0100352Z,,v3,POM_PIT,POM_PIT,,"Parker, Will",1000474009,Right,POM_COL,983db38f-5d93-4f61-97a1-e02ab69d9d6c,55.75539,-104.69846,10.15148,5.38527,2.46052,-18.70869,2.97293,-4.74831,-4.63694,,,,,,,,,,,,,,,,,,,,,,,,,,,,,,,,,,,,,,,,,,,,,,,,,,,High,High,High,,,,,
271,2025-10-17,16:10:38.00,1,4,"Hatamiya, Jude",1000346242,Left,POM_COL,"Zerger, Justin",10051439,Right,POM_COL,Undefined,7,Bottom,0,1,2,Curveball,Curveball,BallCalled,Undefined,Undefined,Undefined,0,0,,70.93058,1.097846,2.349281,2554.222627,315.094493,4:30,5.28655,-3.07392,4.60396,-72.12744,-12.66946,14.74552,0.32094,0.39019,64.74286,-11.767605,4.937581,0.554979,,,,,,,,,,,,-6.39626,-5.93063,2.81732,50,5.3329,-4.78791,-102.64022,-0.53561,-6.67959,20.32717,-38.36739,POM_COL,POM_COL,PomonaPitzer,TeamExclusive,Team,20251017-PomonaPitzer-Private-1,7eb00750-abae-11f0-bdec-9ba129dde21b,67.91689,,,6.18772,,,,,,,1281aa50-c58b-434b-a235-220b35bf6a67,2025-10-17,23:10:38.00,2025-10-17T16:10:38.0051456-07:00,2025-10-17T23:10:38.0051456Z,,v3,POM_PIT,POM_PIT,,"Parker, Will",1000474009,Right,POM_COL,6fa62c27-d032-438e-b0dc-567047223b23,55.89727,-103.80156,10.16358,5.30089,1.65642,-19.18369,3.07996,-4.40629,-3.33979,,,,,,,,,,,,,,,,,,,,,,,,,,,,,,,,,,,,,,,,,,,,,,,,,,,High,High,High,,,,,
272,2025-10-17,16:10:57.19,1,5,"Hatamiya, Jude",1000346242,Left,POM_COL,"Zerger, Justin",10051439,Right,POM_COL,Undefined,7,Bottom,0,2,2,Fastball,Changeup,InPlay,Undefined,GroundBall,Out,1,0,,83.47347,-1.127659,4.330216,2334.241523,125.225056,10:15,5.52557,-2.8658,5.36874,-27.89872,13.39965,-16.9778,2.14022,-0.21282,75.90067,-6.298758,1.322277,0.462528,71.65984,-14.779154,-18.248367,,,,,11.16019,11.16019,-12.614601,0.083809,9.85678,7.46611,2.48955,50,5.40468,-8.4402,-120.78704,-3.31352,14.48038,24.75544,-21.20574,POM_COL,POM_COL,PomonaPitzer,TeamExclusive,Team,20251017-PomonaPitzer-Private-1,8a2e1360-abae-11f0-bdec-9ba129dde21b,81.49228,2.25366,,7.5728,,,,2.77807,2.25366,0.23762,1281aa50-c58b-434b-a235-220b35bf6a67,2025-10-17,23:10:57.19,2025-10-17T16:10:57.1982336-07:00,2025-10-17T23:10:57.1982336Z,GroundBall,v3,POM_PIT,POM_PIT,,"Parker, Will",1000474009,Right,POM_COL,4539f6a6-2d3b-4fb3-bdd0-0a3aa49f2f45,55.13026,-121.83396,12.37772,5.52585,-2.41672,-10.60287,2.85944,-9.05259,7.24019,180,2.77421,96.79957,,,,,,,,2.25473,-26.89024,,,,,,,,0.2389,-31.91665,,,,,,,,,,,,,,,,,,,,,,,,,,,,,,High,High,High,High,High,,,
273,2025-10-17,16:11:27.85,2,1,"Hatamiya, Jude",1000346242,Left,POM_COL,"DeGrazia, Tanner",1000214434,Right,POM_COL,Undefined,7,Bottom,1,0,0,Fastball,Changeup,BallCalled,Undefined,Undefined,Undefined,0,0,,84.51284,-0.56465,2.381638,2301.00079,133.460451,10:30,5.55122,-2.70758,5.31092,-24.88344,15.22194,-14.67639,2.94714,-1.69388,77.03599,-5.193092,-0.222371,0.455798,,,,,,,,,,,,7.98075,8.16989,2.50236,50,5.48232,-4.45494,-122.53557,-2.03829,12.11186,24.62692,-19.77514,POM_COL,POM_COL,PomonaPitzer,TeamExclusive,Team,20251017-PomonaPitzer-Private-1,9c61f510-abae-11f0-bdec-9ba129dde21b,82.69543,,,7.47685,,,,,,,1281aa50-c58b-434b-a235-220b35bf6a67,2025-10-17,23:11:27.85,2025-10-17T16:11:27.8598656-07:00,2025-10-17T23:11:27.8598656Z,,v3,POM_PIT,POM_PIT,,"Parker, Will",1000474009,Right,POM_COL,d9fe2965-2397-4a4b-9003-ebca7ac23185,55.18583,-123.57342,12.31346,5.55066,-1.20492,-9.88757,2.70085,-4.96536,6.05593,,,,,,,,,,,,,,,,,,,,,,,,,,,,,,,,,,,,,,,,,,,,,,,,,,,High,High,High,,,,,
274,2025-10-17,16:11:40.89,2,2,"Hatamiya, Jude",1000346242,Left,POM_COL,"DeGrazia, Tanner",1000214434,Right,POM_COL,Undefined,7,Bottom,1,1,0,Curveball,Curveball,BallCalled,Undefined,Undefined,Undefined,0,0,,70.5219,3.348527,-0.126363,2507.523206,300.777931,4:00,5.37432,-2.99367,4.32988,-69.30342,-9.16827,18.75202,2.80302,-1.55177,64.387,-9.02195,3.145189,0.55813,,,,,,,,,,,,-9.02347,-4.75374,2.98723,50,5.66572,-0.53636,-102.05823,3.49382,-9.43984,18.07104,-37.14715,POM_COL,POM_COL,PomonaPitzer,TeamExclusive,Team,20251017-PomonaPitzer-Private-1,a42da780-abae-11f0-bdec-9ba129dde21b,67.5334,,,6.13491,,,,,,,1281aa50-c58b-434b-a235-220b35bf6a67,2025-10-17,23:11:40.89,2025-10-17T16:11:40.8987648-07:00,2025-10-17T23:11:40.8987648Z,,v3,POM_PIT,POM_PIT,,"Parker, Will",1000474009,Right,POM_COL,062e5bf6-8f0c-4adf-9354-2ea69c2878fa,56.17168,-103.14524,9.03552,5.38836,5.72828,-18.57357,3.00241,0.03147,-4.71992,,,,,,,,,,,,,,,,,,,,,,,,,,,,,,,,,,,,,,,,,,,,,,,,,,,High,High,High,,,,,
275,2025-10-17,16:11:54.11,2,3,"Hatamiya, Jude",1000346242,Left,POM_COL,"DeGrazia, Tanner",1000214434,Right,POM_COL,Undefined,7,Bottom,1,2,0,Curveball,Curveball,FoulBallNotFieldable,Undefined,Undefined,Undefined,0,0,,70.73745,3.702855,1.274828,2425.831106,307.286393,4:15,5.38471,-2.9502,4.27613,-70.77445,-10.93024,16.89682,3.0351,-0.32233,64.71658,-8.897063,4.215752,0.556779,,,,,,,,,,,,-7.66414,-5.61406,2.79336,50,5.71557,-2.9752,-102.32586,4.05011,-8.07683,17.83799,-38.09039,POM_COL,POM_COL,PomonaPitzer,TeamExclusive,Team,20251017-PomonaPitzer-Private-1,ac0a9800-abae-11f0-bdec-9ba129dde21b,67.69736,,,6.02087,,,,,,,1281aa50-c58b-434b-a235-220b35bf6a67,2025-10-17,23:11:54.11,2025-10-17T16:11:54.1138432-07:00,2025-10-17T23:11:54.1138432Z,,v3,POM_PIT,POM_PIT,,"Parker, Will",1000474009,Right,POM_COL,2d73e2ad-e745-434f-a7cb-c0a1fe6e971f,56.22571,-103.40546,8.919,5.40068,6.35544,-19.04519,2.95863,-2.48636,-4.03842,,,,,,,,,,,,,,,,,,,,,,,,,,,,,,,,,,,,,,,,,,,,,,,,,,,High,High,High,,,,,
276,2025-10-17,16:12:13.32,2,4,"Hatamiya, Jude",1000346242,Left,POM_COL,"DeGrazia, Tanner",1000214434,Right,POM_COL,Undefined,7,Bottom,1,2,1,Fastball,Four-Seam,InPlay,Undefined,LineDrive,Out,1,0,,83.11989,-0.498802,3.327121,2150.358175,146.794085,11:00,5.4409,-2.91132,5.0051,-26.98029,14.90536,-8.88083,2.72088,-0.50719,75.99925,-5.46809,1.762852,0.465805,86.97376,16.730023,15.513275,3644.649892,103.4705,25.36782,37.33354,249.68069,237.36614,25.203982,2.789899,5.33953,7.92024,2.59916,50,5.37158,-6.6174,-120.41496,-1.98949,7.84811,23.1492,-20.53277,POM_COL,POM_COL,PomonaPitzer,TeamExclusive,Team,20251017-PomonaPitzer-Private-1,b7957550-abae-11f0-bdec-9ba129dde21b,80.91894,26.50879,,7.12064,,,,0.64137,2.66803,0.47802,1281aa50-c58b-434b-a235-220b35bf6a67,2025-10-17,23:12:13.32,2025-10-17T16:12:13.3210624-07:00,2025-10-17T23:12:13.3210624Z,LineDrive,v3,POM_PIT,POM_PIT,,"Parker, Will",1000474009,Right,POM_COL,6b7d4f5e-ad34-40c2-90d9-de97e51ddf29,55.49327,-121.46642,11.5746,5.44077,-1.05687,-10.26638,2.90782,-6.97387,3.92405,231.560432,0.64133,117.71312,-21.3579,4.64435,-0.98925,0.20436,-0.03644,0.00421,-0.00019,2.66812,36.71663,-14.67103,0.33365,0.11544,-0.06124,0.013,-0.0003,-0.00014,0.47809,32.67053,4.24161,-1.63026,0.51783,-0.1393,0.02558,-0.00212,-1E-05,,,,,,,,,,,,,,,,,,,,,,,High,High,High,High,High,,,
277,2025-10-17,16:12:46.75,3,1,"Hatamiya, Jude",1000346242,Left,POM_COL,"Dillehay, Drew",1000091533,Right,POM_COL,Undefined,7,Bottom,2,0,0,Fastball,Changeup,FoulBallNotFieldable,Undefined,Undefined,Undefined,0,0,,83.35227,-1.435439,3.55875,2125.749708,142.984286,10:45,5.54886,-2.84716,5.14964,-25.24265,16.35379,-11.28792,2.09104,-0.43318,76.02403,-6.110864,1.565203,0.464194,65.98743,37.568823,157.174847,,,,,,13.83985,,,6.66012,8.96528,2.52321,50,5.39548,-7.02277,-120.67471,-3.87751,9.79829,23.98925,-18.98442,POM_COL,POM_COL,PomonaPitzer,TeamExclusive,Team,20251017-PomonaPitzer-Private-1,cb80a3f0-abae-11f0-bdec-9ba129dde21b,81.19977,12.24869,,7.32824,,,,1.58152,1.93794,0.61204,1281aa50-c58b-434b-a235-220b35bf6a67,2025-10-17,23:12:46.75,2025-10-17T16:12:46.7512832-07:00,2025-10-17T23:12:46.7512832Z,,v3,POM_PIT,POM_PIT,,"Parker, Will",1000474009,Right,POM_COL,b4c3f73c-adb4-4ac5-9552-3d09cf5e541a,55.34839,-121.73329,11.99463,5.5481,-3.03978,-9.49221,2.84264,-7.45513,4.89914,,1.58244,-70.76653,3.56096,,,,,,,1.94087,58.8132,-35.44461,,,,,,,0.61281,29.70626,-7.8918,,,,,,,,,,,,,,,,,,,,,,,,,,,,,High,High,High,High,Undefined,,,
278,2025-10-17,16:13:07.98,3,2,"Hatamiya, Jude",1000346242,Left,POM_COL,"Dillehay, Drew",1000091533,Right,POM_COL,Undefined,7,Bottom,2,0,1,ChangeUp,Changeup,BallCalled,Undefined,Undefined,Undefined,0,0,,77.85284,-1.328175,3.143472,1671.490181,137.725367,10:30,5.31689,-3.21749,4.7279,-34.86159,13.81127,-11.00859,1.14947,-1.14938,70.85168,-7.686975,1.211775,0.502128,,,,,,,,,,,,6.33138,7.66528,2.91052,50,5.15252,-5.71716,-112.59835,-3.82074,8.06921,21.83437,-22.40485,POM_COL,POM_COL,PomonaPitzer,TeamExclusive,Team,20251017-PomonaPitzer-Private-1,d80f5cb0-abae-11f0-bdec-9ba129dde21b,75.06534,,,7.00116,,,,,,,1281aa50-c58b-434b-a235-220b35bf6a67,2025-10-17,23:13:07.98,2025-10-17T16:13:07.9816192-07:00,2025-10-17T23:13:07.9816192Z,,v3,POM_PIT,POM_PIT,,"Parker, Will",1000474009,Right,POM_COL,a1fe6c1f-6b18-47ac-91c1-2f8745dc7c7d,55.76807,-113.71136,10.91719,5.31817,-2.67866,-11.20242,3.21243,-6.12849,4.03461,,,,,,,,,,,,,,,,,,,,,,,,,,,,,,,,,,,,,,,,,,,,,,,,,,,High,High,High,,,,,
279,2025-10-17,16:13:21.62,3,3,"Hatamiya, Jude",1000346242,Left,POM_COL,"Dillehay, Drew",1000091533,Right,POM_COL,Undefined,7,Bottom,2,1,1,Curveball,Curveball,StrikeCalled,Undefined,Undefined,Undefined,0,0,,70.63421,3.267193,0.899365,2559.488958,306.148489,4:15,5.38366,-3.00562,4.54523,-72.24417,-12.21591,19.65544,2.47738,-0.51142,64.07848,-9.677974,4.341475,0.557634,,,,,,,,,,,,-9.17859,-6.2767,2.89251,50,5.656,-2.39224,-102.15588,3.29371,-9.52107,19.71355,-38.68496,POM_COL,POM_COL,PomonaPitzer,TeamExclusive,Team,20251017-PomonaPitzer-Private-1,e03f0110-abae-11f0-bdec-9ba129dde21b,67.5935,,,6.55573,,,,,,,1281aa50-c58b-434b-a235-220b35bf6a67,2025-10-17,23:13:21.62,2025-10-17T16:13:21.6220672-07:00,2025-10-17T23:13:21.6220672Z,,v3,POM_PIT,POM_PIT,,"Parker, Will",1000474009,Right,POM_COL,3b2554f2-f705-445b-a378-a88d487a58d3,55.95605,-103.29885,9.85677,5.40001,5.53664,-19.34248,3.01521,-1.84022,-4.76053,,,,,,,,,,,,,,,,,,,,,,,,,,,,,,,,,,,,,,,,,,,,,,,,,,,High,High,High,,,,,
280,2025-10-17,16:13:37.93,3,4,"Hatamiya, Jude",1000346242,Left,POM_COL,"Dillehay, Drew",1000091533,Right,POM_COL,Undefined,7,Bottom,2,1,2,ChangeUp,Changeup,StrikeSwinging,Strikeout,Undefined,Undefined,0,0,,77.87337,-1.818088,4.650582,1697.586029,144.976218,10:45,5.2806,-3.1676,4.81288,-32.98084,15.45316,-9.68615,0.80363,0.44047,71.20868,-7.830817,2.953814,0.500895,,,,,,,,,,,,6.09229,8.59894,2.71333,50,5.07145,-8.74748,-112.48682,-4.70097,7.79047,20.78088,-21.17821,POM_COL,POM_COL,PomonaPitzer,TeamExclusive,Team,20251017-PomonaPitzer-Private-1,e9e93780-abae-11f0-bdec-9ba129dde21b,75.2502,,,6.66469,,,,,,,1281aa50-c58b-434b-a235-220b35bf6a67,2025-10-17,23:13:37.93,2025-10-17T16:13:37.9327488-07:00,2025-10-17T23:13:37.9327488Z,,v3,POM_PIT,POM_PIT,,"Parker, Will",1000474009,Right,POM_COL,7244cac7-a6c4-489d-8c4e-870f0ebcb670,55.68402,-113.53203,10.39044,5.28111,-3.63577,-10.5891,3.16315,-9.13931,3.89524,,,,,,,,,,,,,,,,,,,,,,,,,,,,,,,,,,,,,,,,,,,,,,,,,,,High,High,High,,,,,
281,2025-10-17,16:14:07.81,4,1,"Hatamiya, Jude",1000346242,Left,POM_COL,"Green, Mason",10147543,Right,POM_COL,Undefined,7,Bottom,0,0,0,Curveball,Curveball,BallCalled,Undefined,Undefined,Undefined,0,0,,69.76681,3.385384,1.071923,2556.433614,332.62842,5:00,5.24264,-2.93877,4.6699,-78.53563,-17.53391,10.16957,1.91778,-1.07307,63.62434,-10.672374,2.859016,0.562137,,,,,,,,,,,,-4.61303,-9.0026,2.81978,50,5.51618,-2.2817,-100.98628,3.28069,-4.69327,18.71699,-41.33321,POM_COL,POM_COL,PomonaPitzer,TeamExclusive,Team,20251017-PomonaPitzer-Private-1,fbc3d5a0-abae-11f0-bdec-9ba129dde21b,67.05201,,,6.14246,,,,,,,1281aa50-c58b-434b-a235-220b35bf6a67,2025-10-17,23:14:07.81,2025-10-17T16:14:07.8192640-07:00,2025-10-17T23:14:07.8192640Z,,v3,POM_PIT,POM_PIT,,"Parker, Will",1000474009,Right,POM_COL,04455a72-9c60-4c4e-a905-9853fb1124be,55.8337,-102.06178,9.35849,5.25943,5.65575,-20.66661,2.94314,-2.01201,-2.34664,,,,,,,,,,,,,,,,,,,,,,,,,,,,,,,,,,,,,,,,,,,,,,,,,,,High,High,High,,,,,
282,2025-10-17,16:14:21.80,4,2,"Hatamiya, Jude",1000346242,Left,POM_COL,"Green, Mason",10147543,Right,POM_COL,Undefined,7,Bottom,0,1,0,Curveball,Curveball,HitByPitch,Undefined,Undefined,Undefined,0,0,,71.26381,2.189185,3.452708,2453.449565,306.435886,4:15,5.34197,-2.90498,4.86883,-69.14334,-10.92351,17.48111,1.65651,1.82316,65.11794,-10.215638,6.521779,0.54917,,,,,,,,,,,,-7.63142,-5.78118,2.54879,50,5.49832,-6.86251,-103.0828,1.66341,-8.072,19.84945,-38.28897,POM_COL,POM_COL,PomonaPitzer,TeamExclusive,Team,20251017-PomonaPitzer-Private-1,04305bf0-abaf-11f0-bdec-9ba129dde21b,68.63528,,,6.14587,,,,,,,1281aa50-c58b-434b-a235-220b35bf6a67,2025-10-17,23:14:21.80,2025-10-17T16:14:21.8058240-07:00,2025-10-17T23:14:21.8058240Z,,v3,POM_PIT,POM_PIT,,"Parker, Will",1000474009,Right,POM_COL,8efe9b94-e481-4bda-ae66-16ed00328f0f,55.63416,-104.16206,9.92472,5.35129,3.74526,-19.14449,2.90999,-6.42362,-4.036,,,,,,,,,,,,,,,,,,,,,,,,,,,,,,,,,,,,,,,,,,,,,,,,,,,High,High,High,,,,,
283,2025-10-17,16:14:49.84,5,1,"Hatamiya, Jude",1000346242,Left,POM_COL,"Winthrop, Nolan",1000159423,Right,POM_COL,Undefined,7,Bottom,0,0,0,Curveball,Curveball,StrikeCalled,Undefined,Undefined,Undefined,0,0,,70.36079,2.851777,1.46947,2645.27789,310.370733,4:15,5.24987,-3.03395,4.63177,-75.56898,-14.74083,20.05537,1.66612,0.03433,63.50742,-10.702191,4.988168,0.561337,,,,,,,,,,,,-9.18115,-7.44142,2.86386,50,5.47351,-3.40429,-101.70202,2.44565,-9.34537,21.05263,-39.74859,POM_COL,POM_COL,PomonaPitzer,TeamExclusive,Team,20251017-PomonaPitzer-Private-1,14ccadb0-abaf-11f0-bdec-9ba129dde21b,67.14761,,,6.85337,,,,,,,1281aa50-c58b-434b-a235-220b35bf6a67,2025-10-17,23:14:49.84,2025-10-17T16:14:49.8477056-07:00,2025-10-17T23:14:49.8477056Z,,v3,POM_PIT,POM_PIT,,"Parker, Will",1000474009,Right,POM_COL,a5babce1-cb41-4c56-a9a9-aae92c585e5b,55.86925,-102.9098,10.52632,5.2678,4.72601,-19.8743,3.04378,-2.86815,-4.67269,,,,,,,,,,,,,,,,,,,,,,,,,,,,,,,,,,,,,,,,,,,,,,,,,,,High,High,High,,,,,
284,2025-10-17,16:15:05.76,5,2,"Hatamiya, Jude",1000346242,Left,POM_COL,"Winthrop, Nolan",1000159423,Right,POM_COL,Undefined,7,Bottom,0,0,1,Fastball,Changeup,BallCalled,Undefined,Undefined,Undefined,0,0,,82.58193,-1.93867,5.524258,2224.966202,149.970497,11:00,5.46381,-2.71388,5.18691,-22.66123,20.18529,-10.7793,1.7423,1.60113,74.76155,-6.178028,3.62893,0.471117,,,,,,,,,,,,7.0052,11.07103,2.20783,50,5.26641,-11.04943,-119.0877,-4.75546,9.97767,24.61501,-16.4053,POM_COL,POM_COL,PomonaPitzer,TeamExclusive,Team,20251017-PomonaPitzer-Private-1,1e4266a0-abaf-11f0-bdec-9ba129dde21b,80.00647,,,7.82038,,,,,,,1281aa50-c58b-434b-a235-220b35bf6a67,2025-10-17,23:15:05.76,2025-10-17T16:15:05.7662976-07:00,2025-10-17T23:15:05.7662976Z,,v3,POM_PIT,POM_PIT,,"Parker, Will",1000474009,Right,POM_COL,fe4976d9-a5d0-4274-a6a0-44274fb94e10,55.30801,-120.17984,12.30751,5.46126,-4.02758,-8.20265,2.7079,-11.49213,4.98884,,,,,,,,,,,,,,,,,,,,,,,,,,,,,,,,,,,,,,,,,,,,,,,,,,,High,High,High,,,,,
285,2025-10-17,16:15:24.40,5,3,"Hatamiya, Jude",1000346242,Left,POM_COL,"Winthrop, Nolan",1000159423,Right,POM_COL,Undefined,7,Bottom,0,1,1,Curveball,Curveball,StrikeSwinging,Undefined,Undefined,Undefined,0,0,,71.65368,0.876101,2.306675,2606.107565,296.825015,4:00,5.25347,-3.07027,4.50294,-66.25515,-8.02874,19.84135,0.56763,0.78198,65.60142,-10.928554,5.779264,0.549201,,,,,,,,,,,,-8.95918,-3.68272,2.80819,50,5.28181,-4.95681,-103.72098,-0.73051,-9.5987,20.01979,-36.11964,POM_COL,POM_COL,PomonaPitzer,TeamExclusive,Team,20251017-PomonaPitzer-Private-1,29845410-abaf-11f0-bdec-9ba129dde21b,68.63141,,,6.05226,,,,,,,1281aa50-c58b-434b-a235-220b35bf6a67,2025-10-17,23:15:24.40,2025-10-17T16:15:24.4021760-07:00,2025-10-17T23:15:24.4021760Z,,v3,POM_PIT,POM_PIT,,"Parker, Will",1000474009,Right,POM_COL,2afc8d63-d2fb-4b55-a3f0-79ef3896a71c,55.99855,-104.87241,10.0099,5.26409,1.34689,-18.05982,3.0774,-4.40475,-4.79935,,,,,,,,,,,,,,,,,,,,,,,,,,,,,,,,,,,,,,,,,,,,,,,,,,,High,High,High,,,,,
286,2025-10-17,16:15:42.40,5,4,"Hatamiya, Jude",1000346242,Left,POM_COL,"Winthrop, Nolan",1000159423,Right,POM_COL,Undefined,7,Bottom,0,1,2,Fastball,Splitter,StrikeCalled,Strikeout,Undefined,Undefined,0,0,,83.40382,-1.191955,3.974887,2251.767327,142.030194,10:45,5.54196,-2.75391,5.17715,-22.63564,19.22036,-13.82898,2.53122,-0.16013,75.37383,-5.436948,1.533705,0.46564,,,,,,,,,,,,8.01642,10.33993,2.39427,50,5.41423,-7.75999,-120.56171,-3.23012,11.68982,25.46053,-17.09596,POM_COL,POM_COL,PomonaPitzer,TeamExclusive,Team,20251017-PomonaPitzer-Private-1,34139350-abaf-11f0-bdec-9ba129dde21b,80.9476,,,8.02999,,,,,,,1281aa50-c58b-434b-a235-220b35bf6a67,2025-10-17,23:15:42.40,2025-10-17T16:15:42.4094208-07:00,2025-10-17T23:15:42.4094208Z,,v3,POM_PIT,POM_PIT,,"Parker, Will",1000474009,Right,POM_COL,432ff84a-cf6b-4ca2-be5f-3b61c354e6eb,55.31693,-121.67937,12.73027,5.53955,-2.47965,-8.54798,2.74618,-8.27314,5.84491,,,,,,,,,,,,,,,,,,,,,,,,,,,,,,,,,,,,,,,,,,,,,,,,,,,High,High,High,,,,,
287,2025-10-17,16:15:58.64,6,1,"Hatamiya, Jude",1000346242,Left,POM_COL,"Winthrop, Nolan",1000159423,Right,POM_COL,Undefined,7,Bottom,1,2,1,Curveball,Curveball,FoulBallNotFieldable,Undefined,Undefined,Undefined,0,0,,71.27799,2.13963,2.47013,2573.4247,331.125744,5:00,5.25327,-3.10482,4.64341,-74.66331,-16.28414,10.06083,1.06739,0.08233,65.33956,-11.179673,4.236303,0.549921,,,,,,,,,,,,-4.1804,-8.22536,2.842,50,5.40318,-4.83788,-103.21376,1.27575,-4.44979,19.30328,-40.92948,POM_COL,POM_COL,PomonaPitzer,TeamExclusive,Team,20251017-PomonaPitzer-Private-1,3dedb360-abaf-11f0-bdec-9ba129dde21b,68.54153,,,5.93843,,,,,,,1281aa50-c58b-434b-a235-220b35bf6a67,2025-10-17,23:15:58.64,2025-10-17T16:15:58.6427392-07:00,2025-10-17T23:15:58.6427392Z,,v3,POM_PIT,POM_PIT,,"Parker, Will",1000474009,Right,POM_COL,9e2578ca-105b-434d-92df-efcd7ead5f0f,55.8604,-104.30403,9.65164,5.26584,3.58748,-20.46474,3.10815,-4.58655,-2.2249,,,,,,,,,,,,,,,,,,,,,,,,,,,,,,,,,,,,,,,,,,,,,,,,,,,High,High,High,,,,,
288,2025-10-17,16:16:20.22,6,2,"Hatamiya, Jude",1000346242,Left,POM_COL,"Winthrop, Nolan",1000159423,Right,POM_COL,Undefined,7,Bottom,2,2,2,Curveball,Curveball,StrikeCalled,Strikeout,Undefined,Undefined,1,0,,70.12592,3.451835,1.189251,2543.568353,322.550708,4:45,5.23735,-3.09724,4.83162,-74.06032,-14.70044,12.67127,2.33916,-0.91494,64.55091,-9.826342,3.420336,0.554521,,,,,,,,,,,,-5.86756,-7.60579,2.96802,50,5.51562,-2.59147,-101.6417,3.62998,-6.1193,17.13867,-40.10615,POM_COL,POM_COL,PomonaPitzer,TeamExclusive,Team,20251017-PomonaPitzer-Private-1,4aaaa810-abaf-11f0-bdec-9ba129dde21b,67.97299,,,5.57501,,,,,,,1281aa50-c58b-434b-a235-220b35bf6a67,2025-10-17,23:16:20.22,2025-10-17T16:16:20.2289664-07:00,2025-10-17T23:16:20.2289664Z,,v3,POM_PIT,POM_PIT,,"Parker, Will",1000474009,Right,POM_COL,2bc492e1-598f-46d3-a96e-40583c22ec50,55.67271,-102.59377,8.56934,5.25209,5.85791,-20.05307,3.10253,-2.25154,-3.05965,,,,,,,,,,,,,,,,,,,,,,,,,,,,,,,,,,,,,,,,,,,,,,,,,,,High,High,High,,,,,
289,2025-10-17,16:18:59.63,1,1,"Yi, Enoch",1000230714,Left,POM_COL,"Oelschlager, Lincoln",10297980,Right,POM_COL,Undefined,8,Top,0,0,0,Curveball,Curveball,BallCalled,Undefined,Undefined,Undefined,0,0,,67.02647,4.62268,-0.713215,2332.523468,321.918547,4:45,5.73831,-1.03592,4.48501,-81.48575,-15.37954,13.71934,3.36333,-0.5724,61.41861,-9.916411,1.686233,0.585184,,,,,,,,,,,,-6.79126,-8.00016,1.09698,50,6.14654,0.68059,-96.96162,5.08327,-6.43493,15.82575,-39.75448,POM_COL,POM_COL,PomonaPitzer,TeamExclusive,Team,20251017-PomonaPitzer-Private-1,a9b9adb0-abaf-11f0-bdec-9ba129dde21b,64.41124,,,5.60785,,,,,,,1281aa50-c58b-434b-a235-220b35bf6a67,2025-10-17,23:18:59.63,2025-10-17T16:18:59.6316672-07:00,2025-10-17T23:18:59.6316672Z,,v3,POM_PIT,POM_PIT,,"Dillehay, Drew",1000091533,Right,POM_COL,c3cae918-f09a-4bb4-a9be-4fb2157d8b1d,56.01964,-97.9392,7.91287,5.75669,7.53896,-19.87724,1.04266,1.07809,-3.21747,,,,,,,,,,,,,,,,,,,,,,,,,,,,,,,,,,,,,,,,,,,,,,,,,,,High,High,High,,,,,
290,2025-10-17,16:19:13.90,1,2,"Yi, Enoch",1000230714,Left,POM_COL,"Oelschlager, Lincoln",10297980,Right,POM_COL,Undefined,8,Top,0,1,0,Curveball,Curveball,BallCalled,Undefined,Undefined,Undefined,0,0,,70.73633,1.637901,0.008127,2391.489294,310.874853,4:15,5.8322,-1.14549,5.0247,-69.23516,-11.6741,15.47639,1.60858,0.15188,65.59341,-10.792874,2.749752,0.546054,,,,,,,,,,,,-7.67004,-5.70709,1.13172,50,5.93286,-0.58789,-102.7475,0.65146,-8.19963,17.01823,-38.27521,POM_COL,POM_COL,PomonaPitzer,TeamExclusive,Team,20251017-PomonaPitzer-Private-1,b22f82d0-abaf-11f0-bdec-9ba129dde21b,69.02692,,,5.14292,,,,,,,1281aa50-c58b-434b-a235-220b35bf6a67,2025-10-17,23:19:13.90,2025-10-17T16:19:13.9002880-07:00,2025-10-17T23:19:13.9002880Z,,v3,POM_PIT,POM_PIT,,"Dillehay, Drew",1000091533,Right,POM_COL,9217be91-421e-47b2-8350-0d6793174491,55.4795,-103.65111,8.50911,5.84432,2.68374,-19.13761,1.15138,-0.15252,-4.09981,,,,,,,,,,,,,,,,,,,,,,,,,,,,,,,,,,,,,,,,,,,,,,,,,,,High,High,High,,,,,
291,2025-10-17,16:19:31.21,1,3,"Yi, Enoch",1000230714,Left,POM_COL,"Oelschlager, Lincoln",10297980,Right,POM_COL,Undefined,8,Top,0,2,0,Fastball,Four-Seam,BallCalled,Undefined,Undefined,Undefined,0,0,,85.30547,0.31,0.962423,1937.291405,166.519743,11:30,5.87798,-1.1942,5.73643,-22.50568,15.91265,-3.53799,4.29122,-0.59275,78.23493,-3.91237,0.329425,0.446109,,,,,,,,,,,,2.04496,8.3663,1.11621,50,5.89,-1.9345,-123.92858,-0.02555,3.19657,23.58159,-19.09639,POM_COL,POM_COL,PomonaPitzer,TeamExclusive,Team,20251017-PomonaPitzer-Private-1,bc764760-abaf-11f0-bdec-9ba129dde21b,84.4916,,,7.07054,,,,,,,1281aa50-c58b-434b-a235-220b35bf6a67,2025-10-17,23:19:31.21,2025-10-17T16:19:31.2176640-07:00,2025-10-17T23:19:31.2176640Z,,v3,POM_PIT,POM_PIT,,"Dillehay, Drew",1000091533,Right,POM_COL,d891ce1f-ed12-41b4-ad02-d5797f8f3c06,54.7605,-124.83114,11.79079,5.87699,0.70534,-9.5482,1.1926,-2.05685,1.59828,,,,,,,,,,,,,,,,,,,,,,,,,,,,,,,,,,,,,,,,,,,,,,,,,,,High,High,High,,,,,
292,2025-10-17,16:19:47.91,1,4,"Yi, Enoch",1000230714,Left,POM_COL,"Oelschlager, Lincoln",10297980,Right,POM_COL,Undefined,8,Top,0,3,0,Fastball,Four-Seam,FoulBallNotFieldable,Undefined,Undefined,Undefined,0,0,,85.13417,-0.74671,1.95757,1932.036957,163.868701,11:30,5.97036,-1.13196,5.48769,-22.7593,16.32324,-4.36764,3.37474,0.33616,77.95227,-4.995599,1.180113,0.449948,66.59221,30.628006,164.931624,,,,,,16.36904,,,2.73591,8.80725,0.96347,50,5.88973,-4.0383,-123.55084,-2.34443,4.23799,24.12429,-18.53146,POM_COL,POM_COL,PomonaPitzer,TeamExclusive,Team,20251017-PomonaPitzer-Private-1,c68c10e0-abaf-11f0-bdec-9ba129dde21b,83.77057,12.82691,,7.18189,,,,0.24774,3.37533,-0.38176,1281aa50-c58b-434b-a235-220b35bf6a67,2025-10-17,23:19:47.91,2025-10-17T16:19:47.9118336-07:00,2025-10-17T23:19:47.9118336Z,,v3,POM_PIT,POM_PIT,,"Dillehay, Drew",1000091533,Right,POM_COL,747d4b3e-31d1-4440-943e-14e2dfcb5ddd,55.00988,-124.52521,12.06215,5.96931,-1.59595,-9.26573,1.13003,-4.20947,2.11899,254.929372,0.24746,-81.13556,7.71345,,,,,,,3.37547,49.74935,-17.02179,,,,,,,-0.38004,21.73731,-14.85931,,,,,,,,,,,,,,,,,,,,,,,,,,,,,High,High,High,High,Undefined,,,
293,2025-10-17,16:20:13.83,1,5,"Yi, Enoch",1000230714,Left,POM_COL,"Oelschlager, Lincoln",10297980,Right,POM_COL,Undefined,8,Top,0,3,1,Curveball,Curveball,InPlay,Undefined,GroundBall,Out,1,0,,68.93244,3.121132,-0.550644,2287.037336,312.192913,4:30,5.75263,-1.1574,4.74227,-75.08878,-12.69095,16.43666,2.45883,-0.31,62.7038,-10.373444,2.342469,0.568533,73.66707,-28.316642,-21.81635,,,,,5.18317,5.18317,-13.475147,0.044725,-8.23453,-6.61036,1.19728,50,6.00003,0.3399,-99.78601,2.94631,-8.1649,18.54238,-38.72853,POM_COL,POM_COL,PomonaPitzer,TeamExclusive,Team,20251017-PomonaPitzer-Private-1,d5eb27b0-abaf-11f0-bdec-9ba129dde21b,66.29766,2.29906,,6.22865,,,,1.07923,2.29906,0.3779,1281aa50-c58b-434b-a235-220b35bf6a67,2025-10-17,23:20:13.83,2025-10-17T16:20:13.8308096-07:00,2025-10-17T23:20:13.8308096Z,GroundBall,v3,POM_PIT,POM_PIT,,"Dillehay, Drew",1000091533,Right,POM_COL,ef7a04f2-18b5-4b02-b2ae-aa1aea06f1e3,55.7601,-100.85068,9.27119,5.76702,5.17003,-19.36427,1.1643,0.80872,-4.08245,180,1.07733,88.56859,,,,,,,,2.30016,-51.40403,,,,,,,,0.37866,-35.45423,,,,,,,,,,,,,,,,,,,,,,,,,,,,,,High,High,High,Low,Low,,,
294,2025-10-17,16:20:49.09,2,1,"Yi, Enoch",1000230714,Left,POM_COL,"Lee, Sammy",1000276388,Right,POM_COL,Undefined,8,Top,1,0,0,Fastball,Four-Seam,StrikeCalled,Undefined,Undefined,Undefined,0,0,,85.11726,-1.020984,0.727202,1979.966176,171.878668,11:45,5.83558,-0.92749,5.71617,-19.64844,19.55981,-2.5948,3.24694,-0.46627,77.00032,-4.762239,0.263015,0.450671,,,,,,,,,,,,1.5274,10.62497,0.86824,50,5.7382,-1.45539,-123.42198,-2.75678,2.33205,26.8939,-15.95152,POM_COL,POM_COL,PomonaPitzer,TeamExclusive,Team,20251017-PomonaPitzer-Private-1,eae33270-abaf-11f0-bdec-9ba129dde21b,83.63617,,,8.11694,,,,,,,1281aa50-c58b-434b-a235-220b35bf6a67,2025-10-17,23:20:49.09,2025-10-17T16:20:49.0990592-07:00,2025-10-17T23:20:49.0990592Z,,v3,POM_PIT,POM_PIT,,"Dillehay, Drew",1000091533,Right,POM_COL,1996455b-05eb-46aa-aa8b-68c2b8ba3eb4,54.77744,-124.45864,13.44695,5.83261,-2.14191,-7.97576,0.92607,-1.54529,1.16603,,,,,,,,,,,,,,,,,,,,,,,,,,,,,,,,,,,,,,,,,,,,,,,,,,,High,High,High,,,,,
295,2025-10-17,16:21:04.07,2,2,"Yi, Enoch",1000230714,Left,POM_COL,"Lee, Sammy",1000276388,Right,POM_COL,Undefined,8,Top,1,0,1,Curveball,Curveball,InPlay,Undefined,GroundBall,Out,2,0,,70.4698,3.27523,0.750675,2394.978892,322.118761,4:45,5.91127,-1.12166,4.92032,-73.88917,-14.40076,12.86532,2.854,0.66021,63.89936,-10.048403,3.02077,0.555121,,,,,,,,,,,,-6.11177,-7.6465,1.03701,50,6.16876,-1.82059,-101.99356,3.38055,-6.31169,19.84505,-40.07068,POM_COL,POM_COL,PomonaPitzer,TeamExclusive,Team,20251017-PomonaPitzer-Private-1,f4010760-abaf-11f0-bdec-9ba129dde21b,67.89951,,,6.57044,,,,,,,1281aa50-c58b-434b-a235-220b35bf6a67,2025-10-17,23:21:04.07,2025-10-17T16:21:04.0713728-07:00,2025-10-17T23:21:04.0713728Z,,v3,POM_PIT,POM_PIT,,"Dillehay, Drew",1000091533,Right,POM_COL,ce5f53fb-d8db-48e2-827e-37aaa5f62894,55.58188,-103.07391,9.92252,5.92535,5.56198,-20.03534,1.12677,-1.47699,-3.15584,,,,,,,,,,,,,,,,,,,,,,,,,,,,,,,,,,,,,,,,,,,,,,,,,,,High,High,High,,,,,
296,2025-10-17,16:21:56.78,3,1,"Yi, Enoch",1000230714,Left,POM_COL,"Gonzaga, Kai",10138924,Left,POM_COL,Undefined,8,Top,0,0,0,Curveball,Curveball,BallCalled,Undefined,Undefined,Undefined,0,0,,69.88477,3.986873,1.477156,2260.925289,307.111756,4:15,5.75199,-0.95942,4.90315,-73.19799,-12.43016,19.3443,3.43004,2.04991,63.16942,-9.2272,4.881662,0.561059,,,,,,,,,,,,-8.89445,-6.62792,0.79826,50,6.08199,-3.3568,-101.00295,4.58815,-8.99486,19.67746,-38.87679,POM_COL,POM_COL,PomonaPitzer,TeamExclusive,Team,20251017-PomonaPitzer-Private-1,13494c90-abb0-11f0-bdec-9ba129dde21b,67.18092,,,6.71535,,,,,,,1281aa50-c58b-434b-a235-220b35bf6a67,2025-10-17,23:21:56.78,2025-10-17T16:21:56.7840256-07:00,2025-10-17T23:21:56.7840256Z,,v3,POM_PIT,POM_PIT,,"Dillehay, Drew",1000091533,Right,POM_COL,bfe6d595-4799-4d37-8d30-60c62e270ab0,55.59751,-102.08763,9.83873,5.77002,6.73117,-19.4384,0.96963,-2.86098,-4.49743,,,,,,,,,,,,,,,,,,,,,,,,,,,,,,,,,,,,,,,,,,,,,,,,,,,High,High,High,,,,,
297,2025-10-17,16:22:15.48,3,2,"Yi, Enoch",1000230714,Left,POM_COL,"Gonzaga, Kai",10138924,Left,POM_COL,Undefined,8,Top,0,1,0,Fastball,Four-Seam,BallCalled,Undefined,Undefined,Undefined,0,0,,84.66241,0.005642,0.782315,1924.315937,172.234889,11:45,5.87202,-0.92946,5.79268,-22.26832,16.928,-2.13551,4.02158,-0.37966,77.13577,-4.197027,0.399799,0.450603,,,,,,,,,,,,1.30248,8.99674,0.86634,50,5.8592,-1.58936,-122.90805,-0.65047,1.9878,24.88202,-18.44348,POM_COL,POM_COL,PomonaPitzer,TeamExclusive,Team,20251017-PomonaPitzer-Private-1,1e5cfe10-abb0-11f0-bdec-9ba129dde21b,83.64888,,,7.52663,,,,,,,1281aa50-c58b-434b-a235-220b35bf6a67,2025-10-17,23:22:15.48,2025-10-17T16:22:15.4830848-07:00,2025-10-17T23:22:15.4830848Z,,v3,POM_PIT,POM_PIT,,"Dillehay, Drew",1000091533,Right,POM_COL,ac291907-7239-4458-88ac-2027ddec82a1,54.70267,-123.85642,12.44101,5.87059,0.05249,-9.22174,0.92836,-1.66512,0.9939,,,,,,,,,,,,,,,,,,,,,,,,,,,,,,,,,,,,,,,,,,,,,,,,,,,High,High,High,,,,,
298,2025-10-17,16:22:32.89,3,3,"Yi, Enoch",1000230714,Left,POM_COL,"Gonzaga, Kai",10138924,Left,POM_COL,Undefined,8,Top,0,2,0,Fastball,Four-Seam,BallCalled,Undefined,Undefined,Undefined,0,0,,85.28308,0.356485,0.964608,1917.773888,182.439035,12:00,5.85784,-1.12858,5.67747,-19.01005,19.79131,0.7898,4.60605,-0.16345,77.62584,-3.256838,1.105719,0.448327,,,,,,,,,,,,-0.12362,10.29193,1.04679,50,5.87603,-2.11768,-123.77556,0.22586,-0.19136,25.1774,-16.24038,POM_COL,POM_COL,PomonaPitzer,TeamExclusive,Team,20251017-PomonaPitzer-Private-1,28c52d50-abb0-11f0-bdec-9ba129dde21b,84.07354,,,7.65724,,,,,,,1281aa50-c58b-434b-a235-220b35bf6a67,2025-10-17,23:22:32.89,2025-10-17T16:22:32.8970240-07:00,2025-10-17T23:22:32.8970240Z,,v3,POM_PIT,POM_PIT,,"Dillehay, Drew",1000091533,Right,POM_COL,06e9c02e-ad49-4171-9616-2d80d525afd0,54.81766,-124.75167,12.5887,5.85507,0.8555,-8.12019,1.12875,-2.11026,-0.09568,,,,,,,,,,,,,,,,,,,,,,,,,,,,,,,,,,,,,,,,,,,,,,,,,,,High,High,High,,,,,
299,2025-10-17,16:22:53.32,3,4,"Yi, Enoch",1000230714,Left,POM_COL,"Gonzaga, Kai",10138924,Left,POM_COL,Undefined,8,Top,0,3,0,Fastball,Cutter,StrikeCalled,Undefined,Undefined,Undefined,0,0,,84.88415,-2.241334,2.269281,1901.224619,161.848007,11:30,5.81083,-1.03966,5.66345,-25.01383,14.10942,-4.22087,1.63368,0.72573,77.92952,-6.885395,1.51522,0.450183,,,,,,,,,,,,2.75217,8.15347,0.85042,50,5.60544,-4.70264,-123.10371,-5.62606,4.23236,23.95029,-19.63548,POM_COL,POM_COL,PomonaPitzer,TeamExclusive,Team,20251017-PomonaPitzer-Private-1,34eac400-abb0-11f0-bdec-9ba129dde21b,83.72701,,,6.95463,,,,,,,1281aa50-c58b-434b-a235-220b35bf6a67,2025-10-17,23:22:53.32,2025-10-17T16:22:53.3295616-07:00,2025-10-17T23:22:53.3295616Z,,v3,POM_PIT,POM_PIT,,"Dillehay, Drew",1000091533,Right,POM_COL,6dde37cf-3961-4d12-8e8e-30bc4173e944,54.83353,-124.04053,11.97514,5.81048,-4.85802,-9.81774,1.0376,-4.86819,2.11618,,,,,,,,,,,,,,,,,,,,,,,,,,,,,,,,,,,,,,,,,,,,,,,,,,,High,High,High,,,,,
300,2025-10-17,16:23:12.11,3,5,"Yi, Enoch",1000230714,Left,POM_COL,"Gonzaga, Kai",10138924,Left,POM_COL,Undefined,8,Top,0,3,1,Fastball,Cutter,StrikeCalled,Undefined,Undefined,Undefined,0,0,,83.71524,-1.977574,2.425658,1890.489964,183.661625,12:00,5.82349,-1.09072,5.71287,-23.821,16.66446,0.97811,1.99371,1.25189,76.21365,-6.440889,2.600409,0.457953,,,,,,,,,,,,0.22665,9.46634,0.88706,50,5.64327,-5.17888,-121.30168,-4.91345,0.33548,25.18921,-18.16266,POM_COL,POM_COL,PomonaPitzer,TeamExclusive,Team,20251017-PomonaPitzer-Private-1,402621c0-abb0-11f0-bdec-9ba129dde21b,82.30633,,,7.50159,,,,,,,1281aa50-c58b-434b-a235-220b35bf6a67,2025-10-17,23:23:12.11,2025-10-17T16:23:12.1114624-07:00,2025-10-17T23:23:12.1114624Z,,v3,POM_PIT,POM_PIT,,"Dillehay, Drew",1000091533,Right,POM_COL,65e55093-392e-4f4e-8ac2-7d6fa9442b67,54.78233,-122.29074,12.59461,5.82219,-4.2003,-9.08133,1.09067,-5.19205,0.16774,,,,,,,,,,,,,,,,,,,,,,,,,,,,,,,,,,,,,,,,,,,,,,,,,,,High,High,High,,,,,
301,2025-10-17,16:23:33.09,3,6,"Yi, Enoch",1000230714,Left,POM_COL,"Gonzaga, Kai",10138924,Left,POM_COL,Undefined,8,Top,0,3,2,Curveball,Curveball,BallCalled,Walk,Undefined,Undefined,0,0,,69.08394,4.393095,-1.01333,2218.261496,319.800447,4:45,5.8563,-1.12099,5.09064,-76.55862,-15.33646,14.73328,3.62553,-0.84834,62.82821,-9.446634,1.592399,0.563152,,,,,,,,,,,,-7.52804,-8.15268,1.20495,50,6.21271,1.21409,-99.96916,5.18326,-7.52502,17.95577,-40.32346,POM_COL,POM_COL,PomonaPitzer,TeamExclusive,Team,20251017-PomonaPitzer-Private-1,4cb3a200-abb0-11f0-bdec-9ba129dde21b,66.93119,,,6.25573,,,,,,,1281aa50-c58b-434b-a235-220b35bf6a67,2025-10-17,23:23:33.09,2025-10-17T16:23:33.0998784-07:00,2025-10-17T23:23:33.0998784Z,,v3,POM_PIT,POM_PIT,,"Dillehay, Drew",1000091533,Right,POM_COL,24e1aa93-4cd0-4186-96f8-ff64839c5fb7,55.41251,-100.93663,8.97789,5.8749,7.35594,-20.16173,1.12861,1.61955,-3.76251,,,,,,,,,,,,,,,,,,,,,,,,,,,,,,,,,,,,,,,,,,,,,,,,,,,High,High,High,,,,,
302,2025-10-17,16:24:07.45,4,1,"Yi, Enoch",1000230714,Left,POM_COL,"Hu, Landon",1000261921,Right,POM_COL,Undefined,8,Top,0,0,0,Fastball,Changeup,StrikeCalled,Undefined,Undefined,Undefined,0,0,,84.9796,-2.21909,1.870003,1928.875503,142.023459,10:45,5.81138,-0.78131,5.65533,-25.04828,13.87898,-9.89678,1.65235,0.13856,78.1928,-6.864709,0.101043,0.449054,,,,,,,,,,,,5.50831,8.00583,0.62925,50,5.60749,-3.61596,-123.32038,-5.59201,8.52122,23.47718,-19.78921,POM_COL,POM_COL,PomonaPitzer,TeamExclusive,Team,20251017-PomonaPitzer-Private-1,6120d1e0-abb0-11f0-bdec-9ba129dde21b,83.93746,,,6.7868,,,,,,,1281aa50-c58b-434b-a235-220b35bf6a67,2025-10-17,23:24:07.45,2025-10-17T16:24:07.4567168-07:00,2025-10-17T23:24:07.4567168Z,,v3,POM_PIT,POM_PIT,,"Dillehay, Drew",1000091533,Right,POM_COL,75f8ec83-ed23-4f5b-bb98-bf67efa53e67,54.84263,-124.23888,11.73859,5.81112,-4.8178,-9.89461,0.77723,-3.94933,4.26061,,,,,,,,,,,,,,,,,,,,,,,,,,,,,,,,,,,,,,,,,,,,,,,,,,,High,High,High,,,,,
303,2025-10-17,16:25:00.95,4,2,"Yi, Enoch",1000230714,Left,POM_COL,"Hu, Landon",1000261921,Right,POM_COL,Undefined,8,Top,0,0,1,Curveball,Curveball,StrikeCalled,Undefined,Undefined,Undefined,1,0,,70.16394,2.886708,-0.783527,2341.104617,307.232296,4:15,5.81403,-1.07702,4.80694,-69.96531,-10.46398,16.3217,2.72107,-0.45925,64.3099,-9.688112,2.091889,0.555181,,,,,,,,,,,,-8.19327,-5.31677,1.14021,50,6.04082,0.76183,-101.68758,2.76269,-8.52369,17.67703,-37.70526,POM_COL,POM_COL,PomonaPitzer,TeamExclusive,Team,20251017-PomonaPitzer-Private-1,81102c80-abb0-11f0-bdec-9ba129dde21b,67.89215,,,5.85405,,,,,,,1281aa50-c58b-434b-a235-220b35bf6a67,2025-10-17,23:25:00.95,2025-10-17T16:25:00.9577984-07:00,2025-10-17T23:25:00.9577984Z,,v3,POM_PIT,POM_PIT,,"Dillehay, Drew",1000091533,Right,POM_COL,1616db13-9676-4084-9bde-f160cf2ce2f7,55.69535,-102.67286,8.83851,5.82826,4.86432,-18.85263,1.08451,1.23692,-4.26185,,,,,,,,,,,,,,,,,,,,,,,,,,,,,,,,,,,,,,,,,,,,,,,,,,,High,High,High,,,,,
304,2025-10-17,16:25:20.58,4,3,"Yi, Enoch",1000230714,Left,POM_COL,"Hu, Landon",1000261921,Right,POM_COL,Undefined,8,Top,1,0,2,Fastball,Four-Seam,InPlay,Undefined,Popup,Out,0,0,,84.49517,-1.447832,1.657123,1946.971779,178.674257,12:00,5.82695,-1.26132,5.74178,-21.43096,18.12666,-0.38894,2.69211,0.24965,76.95542,-5.490212,1.587549,0.452675,63.89978,64.444837,-4.839604,,,,,113.57259,41.93582,-4.684942,4.89273,0.68535,10.05808,1.12372,50,5.69359,-3.53075,-122.58635,-3.73611,1.03731,25.44857,-16.95107,POM_COL,POM_COL,PomonaPitzer,TeamExclusive,Team,20251017-PomonaPitzer-Private-1,8cca0910-abb0-11f0-bdec-9ba129dde21b,83.26599,96.92923,,7.53974,,,,1.34691,2.73484,-0.3775,1281aa50-c58b-434b-a235-220b35bf6a67,2025-10-17,23:25:20.58,2025-10-17T16:25:20.5879808-07:00,2025-10-17T23:25:20.5879808Z,Popup,v3,POM_PIT,POM_PIT,,"Dillehay, Drew",1000091533,Right,POM_COL,762b4a14-bd0d-4a5c-bdd8-aaa09c449018,54.75575,-123.56969,12.72429,5.8253,-3.08112,-8.47554,1.26092,-3.57084,0.51865,,1.35323,40.14662,-10.48122,2.30199,0.28324,-0.36067,0.10811,-0.01487,0.00079,2.72859,84.66641,-22.42845,2.44369,-0.6729,0.14859,-0.01685,-6E-05,0.00011,-0.37803,-3.39933,0.98637,-0.23133,-0.01677,0.03022,-0.00939,0.00131,-7E-05,,,,,,,,,,,,,,,,,,,,,,,High,High,High,Medium,Low,,,
305,2025-10-17,16:25:55.06,5,1,"Yi, Enoch",1000230714,Left,POM_COL,"Cassidy, Caleb",10304248,Right,POM_COL,Undefined,8,Top,1,0,0,Curveball,Curveball,StrikeCalled,Undefined,Undefined,Undefined,0,0,,70.63472,3.1762,-0.029067,2378.206783,314.031492,4:30,5.83659,-1.11851,4.66739,-71.27618,-12.23087,14.6382,2.91692,0.07373,64.71194,-9.595844,2.54247,0.55305,,,,,,,,,,,,-7.11248,-6.24548,1.10754,50,6.09579,-0.52368,-102.33467,3.20524,-7.49288,17.92167,-38.75356,POM_COL,POM_COL,PomonaPitzer,TeamExclusive,Team,20251017-PomonaPitzer-Private-1,a151ece0-abb0-11f0-bdec-9ba129dde21b,68.15382,,,5.92278,,,,,,,1281aa50-c58b-434b-a235-220b35bf6a67,2025-10-17,23:25:55.06,2025-10-17T16:25:55.0671872-07:00,2025-10-17T23:25:55.0671872Z,,v3,POM_PIT,POM_PIT,,"Dillehay, Drew",1000091533,Right,POM_COL,f8b320c5-523a-4411-bde8-ad29c5824918,55.83523,-103.35153,8.96084,5.85155,5.40408,-19.37678,1.12519,-0.09855,-3.74644,,,,,,,,,,,,,,,,,,,,,,,,,,,,,,,,,,,,,,,,,,,,,,,,,,,High,High,High,,,,,
306,2025-10-17,16:26:13.45,5,2,"Yi, Enoch",1000230714,Left,POM_COL,"Cassidy, Caleb",10304248,Right,POM_COL,Undefined,8,Top,1,0,1,Fastball,Changeup,BallCalled,Undefined,Undefined,Undefined,0,0,,84.75544,-4.06413,-0.105774,1875.74193,158.150682,11:15,5.827,-1.32093,5.762,-19.64501,19.65517,-7.358,0.40089,-2.03254,77.6359,-7.750124,-1.42408,0.4512,,,,,,,,,,,,3.70642,11.55288,1.33412,50,5.47806,0.52878,-122.77484,-9.29093,5.64886,24.6476,-14.56658,POM_COL,POM_COL,PomonaPitzer,TeamExclusive,Team,20251017-PomonaPitzer-Private-1,ac38e910-abb0-11f0-bdec-9ba129dde21b,83.53828,,,7.11954,,,,,,,1281aa50-c58b-434b-a235-220b35bf6a67,2025-10-17,23:26:13.45,2025-10-17T16:26:13.4597120-07:00,2025-10-17T23:26:13.4597120Z,,v3,POM_PIT,POM_PIT,,"Dillehay, Drew",1000091533,Right,POM_COL,aee6d5fd-65bf-4ebc-ad05-9d37773c1162,54.73466,-123.72169,12.3238,5.82423,-8.73134,-7.28329,1.31798,0.31178,2.82443,,,,,,,,,,,,,,,,,,,,,,,,,,,,,,,,,,,,,,,,,,,,,,,,,,,High,High,High,,,,,
307,2025-10-17,16:26:37.87,5,3,"Yi, Enoch",1000230714,Left,POM_COL,"Cassidy, Caleb",10304248,Right,POM_COL,Undefined,8,Top,1,1,1,Curveball,Curveball,BallCalled,Undefined,Undefined,Undefined,0,0,,69.50963,1.211185,-0.171071,2349.044886,318.432141,4:30,5.80121,-1.26807,4.68594,-73.72374,-13.18587,13.35013,0.8078,-0.31799,64.46993,-11.922974,2.182497,0.559996,,,,,,,,,,,,-6.62768,-6.33441,1.27263,50,5.85692,-0.1955,-100.90682,-0.34519,-6.81192,16.90378,-38.68455,POM_COL,POM_COL,PomonaPitzer,TeamExclusive,Team,20251017-PomonaPitzer-Private-1,baf704f0-abb0-11f0-bdec-9ba129dde21b,67.30839,,,5.03971,,,,,,,1281aa50-c58b-434b-a235-220b35bf6a67,2025-10-17,23:26:37.87,2025-10-17T16:26:37.8710016-07:00,2025-10-17T23:26:37.8710016Z,,v3,POM_PIT,POM_PIT,,"Dillehay, Drew",1000091533,Right,POM_COL,d62a8bd2-1adc-46fb-bbe6-ea1c469f6abb,55.81855,-101.87687,8.45189,5.81303,1.87479,-19.34227,1.27263,0.19542,-3.40596,,,,,,,,,,,,,,,,,,,,,,,,,,,,,,,,,,,,,,,,,,,,,,,,,,,High,High,High,,,,,
308,2025-10-17,16:26:56.58,5,4,"Yi, Enoch",1000230714,Left,POM_COL,"Cassidy, Caleb",10304248,Right,POM_COL,Undefined,8,Top,1,2,1,Fastball,Changeup,FoulBallNotFieldable,Undefined,Undefined,Undefined,0,0,,84.98365,-1.325222,1.782554,1847.229245,152.355592,11:00,5.85472,-0.81859,5.81679,-23.80867,14.65454,-7.0889,2.63767,0.24861,78.45248,-5.76244,0.512203,0.446369,,,,,,,,,,,,4.0924,8.17701,0.67698,50,5.732,-3.56252,-123.49449,-3.60247,6.37659,22.52877,-19.433,POM_COL,POM_COL,PomonaPitzer,TeamExclusive,Team,20251017-PomonaPitzer-Private-1,c60203e0-abb0-11f0-bdec-9ba129dde21b,84.44229,,,6.53117,,,,,,,1281aa50-c58b-434b-a235-220b35bf6a67,2025-10-17,23:26:56.58,2025-10-17T16:26:56.5856768-07:00,2025-10-17T23:26:56.5856768Z,,v3,POM_PIT,POM_PIT,,"Dillehay, Drew",1000091533,Right,POM_COL,18b6618b-f3b7-47e1-9063-6821fe4fb2e9,54.68283,-124.34583,11.26438,5.85426,-2.86812,-9.7165,0.81615,-3.80348,3.1883,,,,,,,,,,,,,,,,,,,,,,,,,,,,,,,,,,,,,,,,,,,,,,,,,,,High,High,High,,,,,
309,2025-10-17,16:27:23.98,5,5,"Yi, Enoch",1000230714,Left,POM_COL,"Cassidy, Caleb",10304248,Right,POM_COL,Undefined,8,Top,1,2,2,Slider,Curveball,BallCalled,Undefined,Undefined,Undefined,0,0,,74.62751,0.070853,-1.920938,2215.740159,299.649996,4:00,5.81169,-1.19259,5.06651,-55.77456,-4.30638,10.23115,1.23066,-2.15189,69.25632,-9.964455,-0.108089,0.516346,,,,,,,,,,,,-5.5826,-1.66756,1.36663,50,5.77404,3.23712,-108.36448,-1.77914,-6.67264,18.01668,-34.16719,POM_COL,POM_COL,PomonaPitzer,TeamExclusive,Team,20251017-PomonaPitzer-Private-1,d64c8c20-abb0-11f0-bdec-9ba129dde21b,72.99841,,,5.37119,,,,,,,1281aa50-c58b-434b-a235-220b35bf6a67,2025-10-17,23:27:23.98,2025-10-17T16:27:23.9820288-07:00,2025-10-17T23:27:23.9820288Z,,v3,POM_PIT,POM_PIT,,"Dillehay, Drew",1000091533,Right,POM_COL,71ca9915-6eed-4a3e-bbfd-7cb79ecc24bd,55.4347,-109.26431,9.00834,5.82029,-0.07267,-17.0836,1.19663,3.57038,-3.33632,,,,,,,,,,,,,,,,,,,,,,,,,,,,,,,,,,,,,,,,,,,,,,,,,,,High,High,High,,,,,
310,2025-10-17,16:27:51.95,5,6,"Yi, Enoch",1000230714,Left,POM_COL,"Cassidy, Caleb",10304248,Right,POM_COL,Undefined,8,Top,1,3,2,Curveball,Curveball,StrikeSwinging,Strikeout,Undefined,Undefined,3,0,,71.05273,3.602166,-1.693638,2416.920125,307.26414,4:15,5.78602,-1.0081,4.85334,-68.87563,-10.78335,16.7091,3.46221,-1.21935,64.81518,-8.804732,1.248442,0.548567,,,,,,,,,,,,-8.68713,-5.75733,1.16023,50,6.083,2.39479,-102.86591,4.13968,-9.23894,18.24634,-38.2971,POM_COL,POM_COL,PomonaPitzer,TeamExclusive,Team,20251017-PomonaPitzer-Private-1,e6fba290-abb0-11f0-bdec-9ba129dde21b,68.7106,,,6.23754,,,,,,,1281aa50-c58b-434b-a235-220b35bf6a67,2025-10-17,23:27:51.95,2025-10-17T16:27:51.9569408-07:00,2025-10-17T23:27:51.9569408Z,,v3,POM_PIT,POM_PIT,,"Dillehay, Drew",1000091533,Right,POM_COL,f30be240-385a-44be-bc0c-7dd4b6b8e883,55.64899,-103.86309,9.12317,5.79957,6.23266,-19.14855,1.01556,2.89971,-4.61947,,,,,,,,,,,,,,,,,,,,,,,,,,,,,,,,,,,,,,,,,,,,,,,,,,,High,High,High,,,,,
311,2025-10-17,16:30:43.54,1,1,"Heath, Emmett",1000111182,Left,POM_COL,"Gold, Jack",1000108729,Left,POM_COL,Undefined,8,Bottom,0,0,0,Fastball,Changeup,BallCalled,Undefined,Undefined,Undefined,0,0,,81.29336,0.651867,3.595982,1860.17366,132.335083,10:30,5.48338,-1.63561,4.43737,-30.15364,14.94328,-14.69906,3.59363,0.57406,73.62592,-4.86473,1.034957,0.483331,,,,,,,,,,,,8.11359,7.49744,1.26934,50,5.52426,-6.70051,-117.49323,0.22931,11.28169,23.3607,-21.74906,POM_COL,POM_COL,PomonaPitzer,TeamExclusive,Team,20251017-PomonaPitzer-Private-1,4d37a9a0-abb1-11f0-bdec-9ba129dde21b,77.9847,,,7.66744,,,,,,,1281aa50-c58b-434b-a235-220b35bf6a67,2025-10-17,23:30:43.54,2025-10-17T16:30:43.5488768-07:00,2025-10-17T23:30:43.5488768Z,,v3,POM_PIT,POM_PIT,,"Parker, Will",1000474009,Right,POM_COL,68b16732-fad9-4d40-b182-a657c8c5c1da,56.05748,-118.69151,11.68035,5.48388,1.34492,-10.87453,1.62788,-7.2792,5.64085,,,,,,,,,,,,,,,,,,,,,,,,,,,,,,,,,,,,,,,,,,,,,,,,,,,High,High,High,,,,,
312,2025-10-17,16:31:04.27,1,2,"Heath, Emmett",1000111182,Left,POM_COL,"Gold, Jack",1000108729,Left,POM_COL,Undefined,8,Bottom,0,1,0,Fastball,Changeup,StrikeCalled,Undefined,Undefined,Undefined,0,0,,83.10667,-2.157133,3.151622,1916.823207,139.247361,10:45,5.49172,-1.75225,4.4738,-24.27033,18.88186,-14.95375,1.40886,0.00885,75.4018,-6.62372,0.540858,0.472795,,,,,,,,,,,,8.17374,10.24438,1.43542,50,5.242,-5.91454,-120.09821,-5.40075,11.85675,24.73841,-17.31364,POM_COL,POM_COL,PomonaPitzer,TeamExclusive,Team,20251017-PomonaPitzer-Private-1,59969fd0-abb1-11f0-bdec-9ba129dde21b,79.72257,,,7.70487,,,,,,,1281aa50-c58b-434b-a235-220b35bf6a67,2025-10-17,23:31:04.27,2025-10-17T16:31:04.2754560-07:00,2025-10-17T23:31:04.2754560Z,,v3,POM_PIT,POM_PIT,,"Parker, Will",1000474009,Right,POM_COL,24c00890-765d-46ad-acca-4aa3c4700e72,56.02201,-121.33232,12.3692,5.48988,-4.53704,-8.65682,1.74523,-6.50603,5.92837,,,,,,,,,,,,,,,,,,,,,,,,,,,,,,,,,,,,,,,,,,,,,,,,,,,High,High,High,,,,,
313,2025-10-17,16:31:26.44,1,3,"Heath, Emmett",1000111182,Left,POM_COL,"Gold, Jack",1000108729,Left,POM_COL,Undefined,8,Bottom,0,1,1,Slider,Curveball,InPlay,Undefined,Popup,Out,0,0,,76.1228,1.48857,1.902377,1914.083433,319.246623,4:45,5.01295,-2.19535,4.25107,-52.50393,0.08976,1.68807,2.06347,-0.23322,68.2326,-7.960442,2.196273,0.521961,83.53108,48.290595,16.377759,,106.24271,108.93381,28.50383,240.36821,238.40059,12.73972,5.655859,-0.14909,0.05008,1.98569,50,5.12184,-3.72422,-109.91917,0.88424,-0.17792,23.96075,-32.11428,POM_COL,POM_COL,PomonaPitzer,TeamExclusive,Team,20251017-PomonaPitzer-Private-1,66eca030-abb1-11f0-bdec-9ba129dde21b,72.21312,116.76124,,7.89019,,,,2.39413,2.19864,0.27066,1281aa50-c58b-434b-a235-220b35bf6a67,2025-10-17,23:31:26.44,2025-10-17T16:31:26.4465920-07:00,2025-10-17T23:31:26.4465920Z,FlyBall,v3,POM_PIT,POM_PIT,,"Parker, Will",1000474009,Right,POM_COL,59c0c2ad-25bf-4d05-b4af-524419d5ba3d,56.24488,-111.27213,11.98037,5.02072,2.6976,-16.05714,2.1957,-3.71417,-0.08896,,2.40157,78.05525,-21.02995,5.69446,-0.7776,-0.05541,0.04295,-0.00651,0.00033,2.18932,91.61936,-21.67406,1.84834,-0.32296,0.03665,0.00844,-0.00307,0.00024,0.27436,22.91209,-6.57955,1.36043,-0.01962,-0.08706,0.02596,-0.0032,0.00015,,,,,,,,,,,,,,,,,,,,,,,High,High,High,Low,Medium,,,
314,2025-10-17,16:32:12.68,2,1,"Heath, Emmett",1000111182,Left,POM_COL,"Wakil, Lateef",1000128267,Left,POM_COL,Undefined,8,Bottom,0,0,0,Slider,Curveball,StrikeCalled,Undefined,Undefined,Undefined,0,0,,75.40807,2.020433,1.460367,1978.970482,288.678857,3:30,5.1034,-1.89736,4.08088,-52.72117,0.1352,4.70284,2.6512,-0.10308,68.8569,-7.388002,2.276466,0.523263,,,,,,,,,,,,-1.81658,0.04815,1.72812,50,5.27329,-2.98977,-109.11501,1.81829,-2.18349,19.73878,-32.11617,POM_COL,POM_COL,PomonaPitzer,TeamExclusive,Team,20251017-PomonaPitzer-Private-1,825bf0f0-abb1-11f0-bdec-9ba129dde21b,72.03343,,,6.55117,,,,,,,1281aa50-c58b-434b-a235-220b35bf6a67,2025-10-17,23:32:12.68,2025-10-17T16:32:12.6899200-07:00,2025-10-17T23:32:12.6899200Z,,v3,POM_PIT,POM_PIT,,"Parker, Will",1000474009,Right,POM_COL,5552c25f-0620-4d01-bbf1-a1a4b0e72ae4,56.41611,-110.26957,9.86939,5.112,3.69682,-16.05808,1.89927,-2.86206,-1.09175,,,,,,,,,,,,,,,,,,,,,,,,,,,,,,,,,,,,,,,,,,,,,,,,,,,High,High,High,,,,,
315,2025-10-17,16:32:40.81,2,2,"Heath, Emmett",1000111182,Left,POM_COL,"Wakil, Lateef",1000128267,Left,POM_COL,Undefined,8,Bottom,0,0,1,Slider,Curveball,InPlay,Undefined,LineDrive,Single,0,0,,75.0839,1.872757,1.54444,2031.214452,297.772181,4:00,5.09887,-2.01081,4.0767,-54.49097,-0.13823,4.24563,2.3574,-0.17374,67.35462,-7.901588,2.281298,0.530618,75.16253,20.373266,-7.6257,2934.928353,107.56126,25.52118,-23.03398,214.08039,200.44738,-16.12788,2.633641,-1.49299,-0.11598,1.83247,50,5.2506,-3.10914,-108.38768,1.47435,-1.73534,22.99459,-32.30886,POM_COL,POM_COL,PomonaPitzer,TeamExclusive,Team,20251017-PomonaPitzer-Private-1,932482d0-abb1-11f0-bdec-9ba129dde21b,71.03496,25.53763,,7.72928,,,,0.18813,2.25838,0.10637,1281aa50-c58b-434b-a235-220b35bf6a67,2025-10-17,23:32:40.81,2025-10-17T16:32:40.8138240-07:00,2025-10-17T23:32:40.8138240Z,LineDrive,v3,POM_PIT,POM_PIT,,"Parker, Will",1000474009,Right,POM_COL,f29c67bc-dfe5-43ba-a897-0700f5fcd011,56.41835,-109.74089,11.49729,5.10789,3.3757,-16.15443,2.01243,-3.00702,-0.86767,119.96493,0.1882,102.42505,-14.11703,2.75319,-0.44805,0.02666,0.0135,-0.00504,0.00062,2.25829,38.38158,-16.84295,1.00101,-0.1838,0.05017,-0.01306,0.00343,-0.00042,0.10644,-13.71652,-6.01863,1.69111,-0.43762,0.13427,-0.04551,0.0099,-0.00089,,,,,,,,,,,,,,,,,,,,,,,High,High,High,High,High,,,
316,2025-10-17,16:33:23.32,3,1,"Heath, Emmett",1000111182,Left,POM_COL,"Berry, Cooper",1000276381,Left,POM_COL,Undefined,8,Bottom,0,0,0,Fastball,Changeup,StrikeCalled,Undefined,Undefined,Undefined,0,0,,84.45623,-1.041448,3.509728,2051.055993,131.59385,10:30,5.49058,-1.64065,4.50043,-25.1295,16.84599,-17.22812,2.40222,0.27181,76.04979,-5.679936,0.502397,0.466304,,,,,,,,,,,,9.39788,8.93867,1.28969,50,5.35842,-6.65229,-121.98036,-3.14115,13.97969,26.83805,-18.87744,POM_COL,POM_COL,PomonaPitzer,TeamExclusive,Team,20251017-PomonaPitzer-Private-1,ac6cd4e0-abb1-11f0-bdec-9ba129dde21b,80.83229,,,8.40644,,,,,,,1281aa50-c58b-434b-a235-220b35bf6a67,2025-10-17,23:33:23.32,2025-10-17T16:33:23.3229824-07:00,2025-10-17T23:33:23.3229824Z,,v3,POM_PIT,POM_PIT,,"Parker, Will",1000474009,Right,POM_COL,03732733-cd8a-4f9f-80fb-abb906aa0b1a,55.99393,-123.29209,13.41903,5.4894,-2.2185,-9.43872,1.63152,-7.33555,6.98985,,,,,,,,,,,,,,,,,,,,,,,,,,,,,,,,,,,,,,,,,,,,,,,,,,,High,High,High,,,,,
317,2025-10-17,16:34:08.17,3,2,"Heath, Emmett",1000111182,Left,POM_COL,"Berry, Cooper",1000276381,Left,POM_COL,Undefined,8,Bottom,0,0,1,Curveball,Curveball,InPlay,Undefined,GroundBall,Out,0,0,,73.08046,3.456969,0.713807,2231.290678,313.639858,4:30,5.44832,-1.7916,3.98801,-66.79484,-9.61217,12.22631,3.21098,-0.08624,66.07846,-8.421923,2.832238,0.544257,76.31823,1.235653,22.440434,1762.676957,,,,48.49366,46.96401,22.417142,0.447737,-5.59122,-5.11646,1.69565,50,5.76726,-1.84063,-105.55835,3.82867,-6.21055,20.57344,-37.85723,POM_COL,POM_COL,PomonaPitzer,TeamExclusive,Team,20251017-PomonaPitzer-Private-1,c732ed50-abb1-11f0-bdec-9ba129dde21b,69.2549,3.13481,,7.002,,,,0.60556,3.06762,0.02258,1281aa50-c58b-434b-a235-220b35bf6a67,2025-10-17,23:34:08.17,2025-10-17T16:34:08.1782272-07:00,2025-10-17T23:34:08.1782272Z,GroundBall,v3,POM_PIT,POM_PIT,,"Parker, Will",1000474009,Right,POM_COL,9fb58614-7e60-4a72-b413-0323dc1c3fee,56.51178,-106.81996,10.28672,5.4613,6.15017,-18.92862,1.79684,-1.45979,-3.10528,347.987556,0.60852,103.3445,-10.2432,,,,,,,3.07534,2.18378,-20.25524,,,,,,,0.02302,42.70446,-3.24687,,,,,,,,,,,,,,,,,,,,,,,,,,,,,High,High,High,High,High,,,
318,2025-10-17,16:34:54.86,4,1,"Heath, Emmett",1000111182,Left,POM_COL,"Savas, Peter",1000276389,Right,POM_COL,Undefined,8,Bottom,0,0,0,Fastball,Changeup,StrikeCalled,Undefined,Undefined,Undefined,0,0,,84.72433,-1.246323,1.65271,1931.652444,135.383033,10:30,5.58697,-1.66611,4.51437,-25.58257,15.58981,-14.02182,2.26726,-1.25992,77.17452,-5.931948,-0.800843,0.461822,,,,,,,,,,,,7.25855,8.34091,1.50731,50,5.43315,-2.87383,-122.69232,-3.63043,11.03229,24.93012,-19.49664,POM_COL,POM_COL,PomonaPitzer,TeamExclusive,Team,20251017-PomonaPitzer-Private-1,e2ff2b20-abb1-11f0-bdec-9ba129dde21b,81.61686,,,7.5498,,,,,,,1281aa50-c58b-434b-a235-220b35bf6a67,2025-10-17,23:34:54.86,2025-10-17T16:34:54.8641792-07:00,2025-10-17T23:34:54.8641792Z,,v3,POM_PIT,POM_PIT,,"Parker, Will",1000474009,Right,POM_COL,927563ff-d7d1-4d42-9efd-e7802877ae47,55.98177,-123.90181,12.46506,5.58634,-2.68455,-9.74832,1.65972,-3.40906,5.51614,,,,,,,,,,,,,,,,,,,,,,,,,,,,,,,,,,,,,,,,,,,,,,,,,,,High,High,High,,,,,
319,2025-10-17,16:35:19.64,4,2,"Heath, Emmett",1000111182,Left,POM_COL,"Savas, Peter",1000276389,Right,POM_COL,Undefined,8,Bottom,0,0,1,ChangeUp,Changeup,BallCalled,Undefined,Undefined,Undefined,0,0,,77.20923,2.085423,-0.374916,1286.696281,98.818557,9:15,5.12301,-2.08327,4.77037,-45.07542,4.04839,-15.84178,3.34473,-3.75886,70.40076,-6.092266,-3.158441,0.504449,,,,,,,,,,,,7.60977,1.8976,2.13529,50,5.29281,1.40515,-111.87143,2.454,9.60559,20.9293,-29.77874,POM_COL,POM_COL,PomonaPitzer,TeamExclusive,Team,20251017-PomonaPitzer-Private-1,f1ce8510-abb1-11f0-bdec-9ba129dde21b,74.71998,,,6.80847,,,,,,,1281aa50-c58b-434b-a235-220b35bf6a67,2025-10-17,23:35:19.64,2025-10-17T16:35:19.6452864-07:00,2025-10-17T23:35:19.6452864Z,,v3,POM_PIT,POM_PIT,,"Parker, Will",1000474009,Right,POM_COL,6762aada-26cf-4826-84cb-5697731828dd,55.72693,-112.93777,10.46465,5.12913,3.9712,-14.88937,2.07616,0.91575,4.80279,,,,,,,,,,,,,,,,,,,,,,,,,,,,,,,,,,,,,,,,,,,,,,,,,,,High,High,High,,,,,
320,2025-10-17,16:35:47.71,4,3,"Heath, Emmett",1000111182,Left,POM_COL,"Savas, Peter",1000276389,Right,POM_COL,Undefined,8,Bottom,0,1,1,Curveball,Curveball,BallCalled,Undefined,Undefined,Undefined,0,0,,71.87153,4.621158,-1.569571,2330.287261,307.428214,4:15,5.35189,-1.89959,4.23056,-64.23,-6.3863,10.70997,4.43532,-2.51029,65.64815,-6.833002,0.291273,0.547393,,,,,,,,,,,,-5.52965,-3.70079,2.05971,50,5.7924,2.39759,-103.8625,6.03841,-6.05065,17.11439,-36.22354,POM_COL,POM_COL,PomonaPitzer,TeamExclusive,Team,20251017-PomonaPitzer-Private-1,028a93d0-abb2-11f0-bdec-9ba129dde21b,68.85808,,,6.22338,,,,,,,1281aa50-c58b-434b-a235-220b35bf6a67,2025-10-17,23:35:47.71,2025-10-17T16:35:47.7114880-07:00,2025-10-17T23:35:47.7114880Z,,v3,POM_PIT,POM_PIT,,"Parker, Will",1000474009,Right,POM_COL,c4c37013-b22a-416c-837b-5cf307d72ec5,56.26972,-104.89053,8.5572,5.36433,8.2143,-18.11177,1.90478,2.76104,-3.02532,,,,,,,,,,,,,,,,,,,,,,,,,,,,,,,,,,,,,,,,,,,,,,,,,,,High,High,High,,,,,
321,2025-10-17,16:36:13.26,4,4,"Heath, Emmett",1000111182,Left,POM_COL,"Savas, Peter",1000276389,Right,POM_COL,Undefined,8,Bottom,0,2,1,Fastball,Changeup,FoulBallNotFieldable,Undefined,Undefined,Undefined,0,0,,82.99716,-1.304472,3.069013,1958.322015,129.863346,10:15,5.45688,-1.57206,4.44916,-28.44545,14.86446,-15.96363,1.8404,0.02723,75.22612,-6.503991,0.282374,0.473658,,,,,,,,,,,,8.72906,8.04587,1.26406,50,5.29217,-5.70294,-120.0119,-3.80008,12.61817,25.14442,-20.54348,POM_COL,POM_COL,PomonaPitzer,TeamExclusive,Team,20251017-PomonaPitzer-Private-1,11dc1610-abb2-11f0-bdec-9ba129dde21b,79.57732,,,7.77104,,,,,,,1281aa50-c58b-434b-a235-220b35bf6a67,2025-10-17,23:36:13.26,2025-10-17T16:36:13.2667392-07:00,2025-10-17T23:36:13.2667392Z,,v3,POM_PIT,POM_PIT,,"Parker, Will",1000474009,Right,POM_COL,a6873865-f1ff-4887-aa49-ce750e4c58ff,56.04857,-121.27255,12.57221,5.45687,-2.7701,-10.27174,1.56584,-6.33557,6.30908,,,,,,,,,,,,,,,,,,,,,,,,,,,,,,,,,,,,,,,,,,,,,,,,,,,High,High,High,,,,,
322,2025-10-17,16:36:41.77,4,5,"Heath, Emmett",1000111182,Left,POM_COL,"Savas, Peter",1000276389,Right,POM_COL,Undefined,8,Bottom,0,2,2,Slider,Curveball,BallCalled,Undefined,Undefined,Undefined,0,0,,74.00435,0.699799,3.653847,2023.126137,302.643075,4:00,4.91846,-1.98316,4.20296,-55.79038,-0.87449,4.22028,0.94104,1.87351,67.76157,-9.226758,4.386319,0.53336,,,,,,,,,,,,-0.93909,-0.0615,1.57593,50,4.93746,-7.00908,-106.95592,-0.76833,-1.08081,19.55842,-32.24482,POM_COL,POM_COL,PomonaPitzer,TeamExclusive,Team,20251017-PomonaPitzer-Private-1,22cd65a0-abb2-11f0-bdec-9ba129dde21b,70.66981,,,6.24278,,,,,,,1281aa50-c58b-434b-a235-220b35bf6a67,2025-10-17,23:36:41.77,2025-10-17T16:36:41.7785344-07:00,2025-10-17T23:36:41.7785344Z,,v3,POM_PIT,POM_PIT,,"Parker, Will",1000474009,Right,POM_COL,31f8d51e-705f-453a-9dea-c99aa619a6b6,56.29467,-108.10086,9.77921,4.92719,1.11927,-16.12241,1.98438,-6.94581,-0.5404,,,,,,,,,,,,,,,,,,,,,,,,,,,,,,,,,,,,,,,,,,,,,,,,,,,High,High,High,,,,,
323,2025-10-17,16:37:12.24,4,6,"Heath, Emmett",1000111182,Left,POM_COL,"Savas, Peter",1000276389,Right,POM_COL,Undefined,8,Bottom,0,3,2,Fastball,Changeup,FoulBallNotFieldable,Undefined,Undefined,Undefined,0,0,,83.01145,-0.042433,1.322438,1935.665884,145.326784,10:45,5.38862,-1.90762,4.43608,-24.73218,18.74796,-11.863,3.28712,-1.63452,74.64387,-4.626238,-0.749598,0.474588,,,,,,,,,,,,6.1976,9.55843,1.77997,50,5.36155,-2.22153,-120.07869,-0.97382,8.91181,26.53817,-18.42954,POM_COL,POM_COL,PomonaPitzer,TeamExclusive,Team,20251017-PomonaPitzer-Private-1,350984b0-abb2-11f0-bdec-9ba129dde21b,79.42134,,,8.36758,,,,,,,1281aa50-c58b-434b-a235-220b35bf6a67,2025-10-17,23:37:12.24,2025-10-17T16:37:12.2474496-07:00,2025-10-17T23:37:12.2474496Z,,v3,POM_PIT,POM_PIT,,"Parker, Will",1000474009,Right,POM_COL,dee9c797-7b39-46c3-9a76-6f699d63b136,56.05955,-121.41051,13.26908,5.38721,-0.04893,-9.21477,1.90268,-2.66877,4.45591,,,,,,,,,,,,,,,,,,,,,,,,,,,,,,,,,,,,,,,,,,,,,,,,,,,High,High,High,,,,,
324,2025-10-17,16:37:41.02,4,7,"Heath, Emmett",1000111182,Left,POM_COL,"Savas, Peter",1000276389,Right,POM_COL,Undefined,8,Bottom,0,3,2,ChangeUp,Changeup,BallCalled,Walk,Undefined,Undefined,0,0,,77.24478,0.730669,4.777792,1309.744148,87.292142,9:00,5.13712,-1.96285,4.90345,-48.70034,0.89906,-19.68265,1.77222,0.92594,69.74875,-8.107983,1.320752,0.506885,,,,,,,,,,,,11.41804,0.58976,1.51255,50,5.16776,-8.53494,-111.56185,-0.27478,14.15684,23.10482,-31.44282,POM_COL,POM_COL,PomonaPitzer,TeamExclusive,Team,20251017-PomonaPitzer-Private-1,462b3310-abb2-11f0-bdec-9ba129dde21b,74.3609,,,7.49603,,,,,,,1281aa50-c58b-434b-a235-220b35bf6a67,2025-10-17,23:37:41.02,2025-10-17T16:37:41.0260480-07:00,2025-10-17T23:37:41.0260480Z,,v3,POM_PIT,POM_PIT,,"Parker, Will",1000474009,Right,POM_COL,705da5ab-46aa-4df5-9bda-7a06c526d0da,55.59697,-112.71504,11.55241,5.14232,1.29457,-15.72141,1.95617,-9.24153,7.07842,,,,,,,,,,,,,,,,,,,,,,,,,,,,,,,,,,,,,,,,,,,,,,,,,,,High,High,High,,,,,
325,2025-10-17,16:38:15.61,5,1,"Heath, Emmett",1000111182,Left,POM_COL,"Nahabedian, George",1000214430,Right,POM_COL,Undefined,8,Bottom,0,0,0,Fastball,Changeup,StrikeCalled,Undefined,Undefined,Undefined,0,0,,83.78591,-0.818269,2.070147,2010.902523,132.718796,10:30,5.39068,-1.70515,4.41074,-26.76084,16.3804,-15.87824,2.37915,-1.05188,74.76814,-5.764692,-0.702005,0.472735,,,,,,,,,,,,8.31355,8.67823,1.50134,50,5.27882,-3.60087,-120.97165,-2.71288,12.03471,28.68366,-19.61139,POM_COL,POM_COL,PomonaPitzer,TeamExclusive,Team,20251017-PomonaPitzer-Private-1,5aa708f0-abb2-11f0-bdec-9ba129dde21b,79.73269,,,9.01777,,,,,,,1281aa50-c58b-434b-a235-220b35bf6a67,2025-10-17,23:38:15.61,2025-10-17T16:38:15.6199424-07:00,2025-10-17T23:38:15.6199424Z,,v3,POM_PIT,POM_PIT,,"Parker, Will",1000474009,Right,POM_COL,83d8f2e5-2f8a-4689-b255-13e0dd9ea663,56.08108,-122.40505,14.34183,5.38991,-1.73284,-9.8057,1.69631,-4.20227,6.01736,,,,,,,,,,,,,,,,,,,,,,,,,,,,,,,,,,,,,,,,,,,,,,,,,,,High,High,High,,,,,
326,2025-10-17,16:38:38.23,5,2,"Heath, Emmett",1000111182,Left,POM_COL,"Nahabedian, George",1000214430,Right,POM_COL,Undefined,8,Bottom,0,0,1,Fastball,Changeup,StrikeSwinging,Undefined,Undefined,Undefined,0,0,,82.90392,-1.390155,2.626444,2053.395885,136.620303,10:30,5.39566,-1.67298,4.44753,-26.59474,17.00981,-14.55103,1.852,-0.379,74.76233,-6.282392,0.085431,0.475267,,,,,,,,,,,,7.8341,9.13804,1.41003,50,5.22394,-4.80789,-119.79944,-3.8798,11.23758,25.94325,-19.06606,POM_COL,POM_COL,PomonaPitzer,TeamExclusive,Team,20251017-PomonaPitzer-Private-1,682551d0-abb2-11f0-bdec-9ba129dde21b,79.30798,,,8.14159,,,,,,,1281aa50-c58b-434b-a235-220b35bf6a67,2025-10-17,23:38:38.23,2025-10-17T16:38:38.2391808-07:00,2025-10-17T23:38:38.2391808Z,,v3,POM_PIT,POM_PIT,,"Parker, Will",1000474009,Right,POM_COL,f0b2cf26-3cfb-46cc-a579-d90dbb895733,56.04659,-121.10179,12.97163,5.39469,-2.92268,-9.53303,1.66555,-5.37201,5.61879,,,,,,,,,,,,,,,,,,,,,,,,,,,,,,,,,,,,,,,,,,,,,,,,,,,High,High,High,,,,,
327,2025-10-17,16:39:04.93,5,3,"Heath, Emmett",1000111182,Left,POM_COL,"Nahabedian, George",1000214430,Right,POM_COL,Undefined,8,Bottom,0,0,2,Fastball,Changeup,FoulBallNotFieldable,Undefined,Undefined,Undefined,0,0,,84.75936,-1.270722,2.729116,1992.691613,151.985059,11:00,5.5203,-1.71471,4.66676,-19.47914,21.65387,-10.75339,2.68846,-0.01658,76.73568,-4.917943,0.845357,0.461601,,,,,,,,,,,,6.083,11.38812,1.44676,50,5.37428,-5.34714,-122.62567,-3.3771,9.19213,25.965,-14.9653,POM_COL,POM_COL,PomonaPitzer,TeamExclusive,Team,20251017-PomonaPitzer-Private-1,780cab70-abb2-11f0-bdec-9ba129dde21b,81.6559,,,8.02368,,,,,,,1281aa50-c58b-434b-a235-220b35bf6a67,2025-10-17,23:39:04.93,2025-10-17T16:39:04.9351680-07:00,2025-10-17T23:39:04.9351680Z,,v3,POM_PIT,POM_PIT,,"Parker, Will",1000474009,Right,POM_COL,0365a9d6-466c-44b3-84db-cd7142a104c6,55.82957,-123.85388,12.9825,5.51728,-2.66921,-7.48265,1.70997,-5.78195,4.59607,,,,,,,,,,,,,,,,,,,,,,,,,,,,,,,,,,,,,,,,,,,,,,,,,,,High,High,High,,,,,
328,2025-10-17,16:39:37.72,5,4,"Heath, Emmett",1000111182,Left,POM_COL,"Nahabedian, George",1000214430,Right,POM_COL,Undefined,8,Bottom,0,0,2,Slider,Curveball,BallCalled,Undefined,Undefined,Undefined,0,0,,73.98974,3.919958,-1.012046,2042.506524,320.776312,4:45,4.84743,-2.22692,4.13532,-58.63287,-1.86701,3.50697,3.72761,-2.90546,65.19033,-6.663125,-0.403483,0.542269,,,,,,,,,,,,-2.03339,-1.56567,2.33546,50,5.22267,1.72266,-106.43437,5.08587,-2.25093,24.21534,-33.90723,POM_COL,POM_COL,PomonaPitzer,TeamExclusive,Team,20251017-PomonaPitzer-Private-1,8ba0b960-abb2-11f0-bdec-9ba129dde21b,69.50873,,,8.79941,,,,,,,1281aa50-c58b-434b-a235-220b35bf6a67,2025-10-17,23:39:37.72,2025-10-17T16:39:37.7240576-07:00,2025-10-17T23:39:37.7240576Z,,v3,POM_PIT,POM_PIT,,"Parker, Will",1000474009,Right,POM_COL,cf1b8d81-dde7-42d2-8683-49a865b02169,56.35482,-107.87049,12.10767,4.86142,7.09678,-16.95362,2.22934,1.85615,-1.12546,,,,,,,,,,,,,,,,,,,,,,,,,,,,,,,,,,,,,,,,,,,,,,,,,,,High,High,High,,,,,
329,2025-10-17,16:40:03.60,5,5,"Heath, Emmett",1000111182,Left,POM_COL,"Nahabedian, George",1000214430,Right,POM_COL,Undefined,8,Bottom,0,1,2,Fastball,Changeup,BallCalled,Undefined,Undefined,Undefined,0,0,,84.31685,0.384689,2.096477,2007.737739,146.644562,11:00,5.40505,-1.75929,4.3386,-23.82671,18.6817,-11.2326,3.78734,-0.69108,75.41103,-4.041689,0.139478,0.469255,,,,,,,,,,,,6.06851,9.3226,1.54552,50,5.42422,-3.90907,-121.79538,-0.04473,8.94976,27.97922,-18.42515,POM_COL,POM_COL,PomonaPitzer,TeamExclusive,Team,20251017-PomonaPitzer-Private-1,9b03a0c0-abb2-11f0-bdec-9ba129dde21b,80.32401,,,8.90582,,,,,,,1281aa50-c58b-434b-a235-220b35bf6a67,2025-10-17,23:40:03.60,2025-10-17T16:40:03.6099584-07:00,2025-10-17T23:40:03.6099584Z,,v3,POM_PIT,POM_PIT,,"Parker, Will",1000474009,Right,POM_COL,c794af25-7234-46b7-96d9-3861b3ce6557,56.15379,-123.20094,13.98961,5.40322,0.88088,-9.21258,1.75319,-4.35866,4.47488,,,,,,,,,,,,,,,,,,,,,,,,,,,,,,,,,,,,,,,,,,,,,,,,,,,High,High,High,,,,,
330,2025-10-17,16:40:29.15,5,6,"Heath, Emmett",1000111182,Left,POM_COL,"Nahabedian, George",1000214430,Right,POM_COL,Undefined,8,Bottom,0,2,2,Fastball,Changeup,FoulBallNotFieldable,Undefined,Undefined,Undefined,0,0,,82.83678,-0.678534,1.788173,1933.441945,132.521921,10:30,5.38894,-1.89735,4.41097,-28.75557,15.24599,-14.758,2.34476,-1.42013,74.15865,-5.969841,-0.788995,0.477425,,,,,,,,,,,,7.67331,8.08658,1.7224,50,5.28991,-3.02892,-119.66541,-2.48305,10.89876,27.50014,-20.68833,POM_COL,POM_COL,PomonaPitzer,TeamExclusive,Team,20251017-PomonaPitzer-Private-1,aa40d7b0-abb2-11f0-bdec-9ba129dde21b,78.94942,,,8.67813,,,,,,,1281aa50-c58b-434b-a235-220b35bf6a67,2025-10-17,23:40:29.15,2025-10-17T16:40:29.1553280-07:00,2025-10-17T23:40:29.1553280Z,,v3,POM_PIT,POM_PIT,,"Parker, Will",1000474009,Right,POM_COL,fb910789-976f-47c2-bd0f-12fde2b220fe,56.08135,-121.05489,13.75007,5.38896,-1.43775,-10.34417,1.88936,-3.57959,5.44938,,,,,,,,,,,,,,,,,,,,,,,,,,,,,,,,,,,,,,,,,,,,,,,,,,,High,High,High,,,,,
331,2025-10-17,16:40:58.41,5,7,"Heath, Emmett",1000111182,Left,POM_COL,"Nahabedian, George",1000214430,Right,POM_COL,Undefined,8,Bottom,0,2,2,Slider,Curveball,BallCalled,Undefined,Undefined,Undefined,0,0,,73.64404,3.267669,0.284807,2156.64424,321.397319,4:45,5.34383,-1.81198,4.01496,-60.73243,-4.67981,5.30666,3.42725,-1.09599,66.65578,-7.564271,1.204726,0.538852,,,,,,,,,,,,-2.42378,-2.60894,1.77342,50,5.64743,-0.76102,-106.39722,3.7515,-2.74722,20.16642,-35.13115,POM_COL,POM_COL,PomonaPitzer,TeamExclusive,Team,20251017-PomonaPitzer-Private-1,bbb7f910-abb2-11f0-bdec-9ba129dde21b,69.94954,,,6.98826,,,,,,,1281aa50-c58b-434b-a235-220b35bf6a67,2025-10-17,23:40:58.41,2025-10-17T16:40:58.4163328-07:00,2025-10-17T23:40:58.4163328Z,,v3,POM_PIT,POM_PIT,,"Parker, Will",1000474009,Right,POM_COL,cb822fbf-c9e3-4dd8-bb2a-2f272d9bd7e1,56.4823,-107.61886,10.08321,5.35572,5.87967,-17.56558,1.81448,-0.5946,-1.37361,,,,,,,,,,,,,,,,,,,,,,,,,,,,,,,,,,,,,,,,,,,,,,,,,,,High,High,High,,,,,
332,2025-10-17,16:41:25.97,5,8,"Heath, Emmett",1000111182,Left,POM_COL,"Nahabedian, George",1000214430,Right,POM_COL,Undefined,8,Bottom,0,3,2,Fastball,Changeup,InPlay,Undefined,Popup,Out,3,0,,84.2868,-0.293733,2.556749,2074.020291,147.997078,11:00,5.44592,-1.68838,4.38483,-23.35753,19.0484,-10.9052,3.21872,-0.15439,75.57772,-4.63187,0.655841,0.468689,59.72204,-58.175528,-144.628783,,,,,1.11888,1.11888,-65.025295,0.043728,6.12815,9.76225,1.4267,50,5.39302,-4.92021,-121.78679,-1.46801,9.04621,27.73975,-17.7633,POM_COL,POM_COL,PomonaPitzer,TeamExclusive,Team,20251017-PomonaPitzer-Private-1,cc3acf60-abb2-11f0-bdec-9ba129dde21b,80.42103,3.27613,,8.70908,,,,2.13034,3.27613,0.16272,1281aa50-c58b-434b-a235-220b35bf6a67,2025-10-17,23:41:25.97,2025-10-17T16:41:25.9718144-07:00,2025-10-17T23:41:25.9718144Z,GroundBall,v3,POM_PIT,POM_PIT,,"Parker, Will",1000474009,Right,POM_COL,f27918f9-6e08-47c2-af32-8a9ad7e5c54b,56.11028,-123.17068,13.86988,5.44415,-0.58182,-8.88165,1.68342,-5.37151,4.5231,,2.13211,-37.91441,,,,,,,,3.27962,-74.92028,,,,,,,,0.16397,-26.91571,,,,,,,,,,,,,,,,,,,,,,,,,,,,,,High,High,High,Estimated,Estimated,,,