PitchNo,Date,Time,PAofInning,PitchofPA,Pitcher,PitcherId,PitcherThrows,PitcherTeam,Batter,BatterId,BatterSide,BatterTeam,PitcherSet,Inning,Top/Bottom,Outs,Balls,Strikes,TaggedPitchType,AutoPitchType,PitchCall,KorBB,TaggedHitType,PlayResult,OutsOnPlay,RunsScored,Notes,RelSpeed,VertRelAngle,HorzRelAngle,SpinRate,SpinAxis,Tilt,RelHeight,RelSide,Extension,VertBreak,InducedVertBreak,HorzBreak,PlateLocHeight,PlateLocSide,ZoneSpeed,VertApprAngle,HorzApprAngle,ZoneTime,ExitSpeed,Angle,Direction,HitSpinRate,PositionAt110X,PositionAt110Y,PositionAt110Z,Distance,LastTrackedDistance,Bearing,HangTime,pfxx,pfxz,x0,y0,z0,vx0,vy0,vz0,ax0,ay0,az0,HomeTeam,AwayTeam,Stadium,Level,League,GameID,PitchUID,EffectiveVelo,MaxHeight,MeasuredDuration,SpeedDrop,PitchLastMeasuredX,PitchLastMeasuredY,PitchLastMeasuredZ,ContactPositionX,ContactPositionY,ContactPositionZ,GameUID,UTCDate,UTCTime,LocalDateTime,UTCDateTime,AutoHitType,System,HomeTeamForeignID,AwayTeamForeignID,GameForeignID,Catcher,CatcherId,CatcherThrows,CatcherTeam,PlayID,PitchTrajectoryXc0,PitchTrajectoryXc1,PitchTrajectoryXc2,PitchTrajectoryYc0,PitchTrajectoryYc1,PitchTrajectoryYc2,PitchTrajectoryZc0,PitchTrajectoryZc1,PitchTrajectoryZc2,HitSpinAxis,HitTrajectoryXc0,HitTrajectoryXc1,HitTrajectoryXc2,HitTrajectoryXc3,HitTrajectoryXc4,HitTrajectoryXc5,HitTrajectoryXc6,HitTrajectoryXc7,HitTrajectoryXc8,HitTrajectoryYc0,HitTrajectoryYc1,HitTrajectoryYc2,HitTrajectoryYc3,HitTrajectoryYc4,HitTrajectoryYc5,HitTrajectoryYc6,HitTrajectoryYc7,HitTrajectoryYc8,HitTrajectoryZc0,HitTrajectoryZc1,HitTrajectoryZc2,HitTrajectoryZc3,HitTrajectoryZc4,HitTrajectoryZc5,HitTrajectoryZc6,HitTrajectoryZc7,HitTrajectoryZc8,ThrowSpeed,PopTime,ExchangeTime,TimeToBase,CatchPositionX,CatchPositionY,CatchPositionZ,ThrowPositionX,ThrowPositionY,ThrowPositionZ,BasePositionX,BasePositionY,BasePositionZ,ThrowTrajectoryXc0,ThrowTrajectoryXc1,ThrowTrajectoryXc2,ThrowTrajectoryYc0,ThrowTrajectoryYc1,ThrowTrajectoryYc2,ThrowTrajectoryZc0,ThrowTrajectoryZc1,ThrowTrajectoryZc2,PitchReleaseConfidence,PitchLocationConfidence,PitchMovementConfidence,HitLaunchConfidence,HitLandingConfidence,CatcherThrowCatchConfidence,CatcherThrowReleaseConfidence,CatcherThrowLocationConfidence
1,2025-03-08,11:04:13.81,1,1,"Wiessinger, Jack",1000276383,Right,POM_COL,"Schoenfeld, Teddy",1000123775,Right,MAS_INS,Undefined,1,Top,0,0,0,Fastball,,StrikeCalled,Undefined,Undefined,Undefined,0,0,,90.53033,-2.302172,-1.375852,2017.906649,,,5.53489,0.69814,5.29858,,,,2.26302,0.94294,81.61563,-4.871178,1.896903,0.427983,,,,,,,,,,,,-9.5767,12.08946,-0.58667,50,5.31632,2.27061,-131.08489,-5.63758,-16.44363,31.11789,-11.41584,POM_COL,MAS_INS,PomonaPitzer,D3,Team,20250308-PomonaPitzer-1,211014e0-fc50-11ef-a45b-3bdb2c4a8c76,88.06986,,,8.91469,,,,,,,935155fd-d532-41e2-8f85-0cab3659d8e5,2025-03-08,19:04:13.81,2025-03-08T11:04:13.8165248-08:00,2025-03-08T19:04:13.8165248Z,,v3,POM_PIT,,,"Savas, Peter",1000276389,Right,POM_COL,89c27917-ce3f-4b8e-aeb5-dc3c14c0695f,55.19768,-132.313,15.55895,5.52992,-5.18704,-5.70792,-0.68909,2.91958,-8.22182,,,,,,,,,,,,,,,,,,,,,,,,,,,,,,,,,,,,,,,,,,,,,,,,,,,Low,Low,Low,,,,,
2,2025-03-08,11:04:29.05,1,2,"Wiessinger, Jack",1000276383,Right,POM_COL,"Schoenfeld, Teddy",1000123775,Right,MAS_INS,Undefined,1,Top,0,0,1,Fastball,,FoulBallNotFieldable,Undefined,Undefined,Undefined,0,0,,90.53933,-1.169552,-2.008558,1999.088607,,,5.54381,0.61505,5.26998,,,,2.99801,-0.01905,81.5939,-4.460193,0.658551,0.428003,,,,,,,,,,,,-8.13508,9.72961,-0.44289,50,5.4247,3.89235,-131.13524,-3.24401,-13.97959,31.13228,-15.45435,POM_COL,MAS_INS,PomonaPitzer,D3,Team,20250308-PomonaPitzer-1,2a1f91f0-fc50-11ef-a45b-3bdb2c4a8c76,88.06576,,,8.94542,,,,,,,935155fd-d532-41e2-8f85-0cab3659d8e5,2025-03-08,19:04:29.05,2025-03-08T11:04:29.0540032-08:00,2025-03-08T19:04:29.0540032Z,,v3,POM_PIT,,,"Savas, Peter",1000276389,Right,POM_COL,594dcd3e-d7c9-4929-b559-56fab135c4a8,55.22699,-132.37034,15.56614,5.54123,-2.63089,-7.72717,-0.60831,4.44696,-6.98979,,,,,,,,,,,,,,,,,,,,,,,,,,,,,,,,,,,,,,,,,,,,,,,,,,,Low,Low,Low,,,,,
3,2025-03-08,11:04:53.52,1,3,"Wiessinger, Jack",1000276383,Right,POM_COL,"Schoenfeld, Teddy",1000123775,Right,MAS_INS,Undefined,1,Top,0,0,2,Slider,,BallCalled,Undefined,Undefined,Undefined,0,0,,77.11064,-0.867797,0.906262,2366.849519,,,5.255,0.8484,4.9212,,,,0.05165,0.64854,69.75263,-10.371578,-1.337049,0.507937,,,,,,,,,,,,6.5902,-0.55606,-0.92557,50,5.12673,-1.24427,-111.61553,-3.56417,8.11789,24.49695,-32.85904,POM_COL,MAS_INS,PomonaPitzer,D3,Team,20250308-PomonaPitzer-1,38c23690-fc50-11ef-a45b-3bdb2c4a8c76,74.20699,,,7.35801,,,,,,,935155fd-d532-41e2-8f85-0cab3659d8e5,2025-03-08,19:04:53.52,2025-03-08T11:04:53.5253504-08:00,2025-03-08T19:04:53.5253504Z,,v3,POM_PIT,,,"Savas, Peter",1000276389,Right,POM_COL,85436614-0b91-436a-a5a3-cdb9f6f8428d,55.57712,-112.83294,12.24847,5.26328,-1.9312,-16.42952,-0.85371,-1.6477,4.05894,,,,,,,,,,,,,,,,,,,,,,,,,,,,,,,,,,,,,,,,,,,,,,,,,,,Low,Low,Low,,,,,
4,2025-03-08,11:05:16.80,1,4,"Wiessinger, Jack",1000276383,Right,POM_COL,"Schoenfeld, Teddy",1000123775,Right,MAS_INS,Undefined,1,Top,0,1,2,Fastball,,FoulBallNotFieldable,Undefined,Undefined,Undefined,0,0,,90.55956,-1.483721,-2.326757,2106.645882,,,5.6007,0.59258,5.30528,,,,2.85397,-0.4173,82.14802,-4.560697,0.175398,0.426303,,,,,,,,,,,,-7.7713,10.23839,-0.39198,50,5.45465,4.68364,-131.24139,-3.92391,-13.46787,29.42828,-14.43064,POM_COL,MAS_INS,PomonaPitzer,D3,Team,20250308-PomonaPitzer-1,46957d40-fc50-11ef-a45b-3bdb2c4a8c76,88.41709,,,8.41154,,,,,,,935155fd-d532-41e2-8f85-0cab3659d8e5,2025-03-08,19:05:16.80,2025-03-08T11:05:16.8014336-08:00,2025-03-08T19:05:16.8014336Z,,v3,POM_PIT,,,"Savas, Peter",1000276389,Right,POM_COL,7a8c6b28-ab52-4251-b125-2d4952343663,55.19341,-132.40079,14.71414,5.59804,-3.35538,-7.21532,-0.58696,5.21423,-6.73393,,,,,,,,,,,,,,,,,,,,,,,,,,,,,,,,,,,,,,,,,,,,,,,,,,,Low,Low,Low,,,,,
5,2025-03-08,11:05:40.35,1,5,"Wiessinger, Jack",1000276383,Right,POM_COL,"Schoenfeld, Teddy",1000123775,Right,MAS_INS,Undefined,1,Top,0,1,2,Fastball,,FoulBallNotFieldable,Undefined,Undefined,Undefined,0,0,,90.26414,-1.717824,-1.480124,2200.430435,,,5.51883,0.67571,5.21494,,,,2.50551,0.46276,81.9763,-4.881673,1.027302,0.428213,,,,,,,,,,,,-7.51713,10.16772,-0.55015,50,5.34811,2.72578,-130.84678,-4.47776,-12.9542,29.15355,-14.65212,POM_COL,MAS_INS,PomonaPitzer,D3,Team,20250308-PomonaPitzer-1,549922c0-fc50-11ef-a45b-3bdb2c4a8c76,88.02261,,,8.28784,,,,,,,935155fd-d532-41e2-8f85-0cab3659d8e5,2025-03-08,19:05:40.35,2025-03-08T11:05:40.3512320-08:00,2025-03-08T19:05:40.3512320Z,,v3,POM_PIT,,,"Savas, Peter",1000276389,Right,POM_COL,cca5f8ad-323a-453f-881c-76abdca7d3a4,55.28371,-132.01877,14.57678,5.51628,-3.88873,-7.32606,-0.67019,3.24655,-6.4771,,,,,,,,,,,,,,,,,,,,,,,,,,,,,,,,,,,,,,,,,,,,,,,,,,,Low,Low,Low,,,,,
6,2025-03-08,11:05:59.90,1,6,"Wiessinger, Jack",1000276383,Right,POM_COL,"Schoenfeld, Teddy",1000123775,Right,MAS_INS,Undefined,1,Top,0,1,2,Slider,,StrikeSwinging,Strikeout,Undefined,Undefined,0,0,,78.24792,0.051095,-0.126534,2337.160144,,,5.19056,1.38987,4.64965,,,,2.01958,1.11292,71.20959,-6.972062,-0.456673,0.499431,,,,,,,,,,,,0.87843,5.12843,-1.37512,50,5.16122,0.3316,-113.35022,-1.28995,1.13494,22.05635,-25.548,POM_COL,MAS_INS,PomonaPitzer,D3,Team,20250308-PomonaPitzer-1,60560c90-fc50-11ef-a45b-3bdb2c4a8c76,75.47081,,,7.03833,,,,,,,935155fd-d532-41e2-8f85-0cab3659d8e5,2025-03-08,19:05:59.90,2025-03-08T11:05:59.9050000-08:00,2025-03-08T19:05:59.9050000Z,,v3,POM_PIT,,,"Savas, Peter",1000276389,Right,POM_COL,a85a292e-13ef-410c-be2c-f1a697fa7781,55.84657,-114.48223,11.02818,5.19378,0.02126,-12.774,-1.39065,0.27335,0.56747,,,,,,,,,,,,,,,,,,,,,,,,,,,,,62.76554,2.404238,1.294643,1.109595,-0.81058,1.74089,-1.0949,-1.03749,5.16538,-0.47869,71.75804,8.61895,-53.02774,-0.9773,70.66879,-4.59867,5.24506,19.62504,-14.92623,-0.57528,-53.49599,5.58797,Low,Low,Low,,,Medium,High,High
7,2025-03-08,11:06:26.25,2,1,"Wiessinger, Jack",1000276383,Right,POM_COL,"Spivey, John",10046007,Right,MAS_INS,Undefined,1,Top,1,0,0,Slider,,BallCalled,Undefined,Undefined,Undefined,0,0,,77.08788,1.585682,-1.640386,2364.478579,,,5.28677,1.17094,4.83154,,,,3.34029,-1.22489,70.01757,-5.961771,-3.416045,0.505832,,,,,,,,,,,,4.46504,3.95229,-0.99925,50,5.40894,3.61779,-111.61894,1.65079,5.58601,21.65656,-27.22951,POM_COL,MAS_INS,PomonaPitzer,D3,Team,20250308-PomonaPitzer-1,6fff24b0-fc50-11ef-a45b-3bdb2c4a8c76,74.51567,,,7.07031,,,,,,,935155fd-d532-41e2-8f85-0cab3659d8e5,2025-03-08,19:06:26.25,2025-03-08T11:06:26.2508544-08:00,2025-03-08T19:06:26.2508544Z,,v3,POM_PIT,,,"Savas, Peter",1000276389,Right,POM_COL,40466ebc-205f-4544-9a01-a436352b95ea,55.66551,-112.71282,10.82828,5.29082,3.02615,-13.61476,-1.17486,3.33564,2.79301,,,,,,,,,,,,,,,,,,,,,,,,,,,,,,,,,,,,,,,,,,,,,,,,,,,Low,Low,Low,,,,,
8,2025-03-08,11:06:40.02,2,2,"Wiessinger, Jack",1000276383,Right,POM_COL,"Spivey, John",10046007,Right,MAS_INS,Undefined,1,Top,1,1,0,Fastball,,InPlay,Undefined,LineDrive,Out,1,0,,90.39819,-1.536805,-1.464831,2136.350276,,,5.51981,0.46943,5.24063,,,,2.83208,-0.0177,82.76686,-4.356582,0.428069,0.425437,89.85644,19.852498,7.046563,3276.323295,108.11253,34.83672,20.28746,294.96875,287.31588,16.83501,3.646667,-5.7624,10.77579,-0.34317,50,5.36796,2.86819,-131.19062,-4.0007,-10.07526,26.91095,-13.33315,POM_COL,MAS_INS,PomonaPitzer,D3,Team,20250308-PomonaPitzer-1,78335cf0-fc50-11ef-a45b-3bdb2c4a8c76,88.59689,40.86638,,7.63133,,,,1.25895,3.00406,0.07184,935155fd-d532-41e2-8f85-0cab3659d8e5,2025-03-08,19:06:40.02,2025-03-08T11:06:40.0285696-08:00,2025-03-08T19:06:40.0285696Z,LineDrive,v3,POM_PIT,,,"Savas, Peter",1000276389,Right,POM_COL,c72080a7-031a-4b85-9a81-4dc1e1a9b8b2,55.25934,-132.26506,13.45548,5.51706,-3.46836,-6.66657,-0.46571,3.27045,-5.03763,,1.25834,123.04009,-22.61346,4.97542,-1.12998,0.27119,-0.06039,0.00885,-0.00054,3.00477,44.7325,-13.38593,-0.22844,0.34985,-0.1426,0.03751,-0.0049,0.00022,0.07211,15.19618,6.34155,-2.49252,0.68912,-0.13878,0.02022,-0.00182,7E-05,,,,,,,,,,,,,,,,,,,,,,,Low,Low,Low,High,High,,,
9,2025-03-08,11:07:17.86,3,1,"Wiessinger, Jack",1000276383,Right,POM_COL,"McCarthy, CJ",1000231599,Left,MAS_INS,Undefined,1,Top,2,0,0,Fastball,,BallCalled,Undefined,Undefined,Undefined,0,0,,90.91693,-2.966652,-2.733652,2189.475897,,,5.36444,0.61775,5.39699,,,,0.78453,-1.36003,84.12464,-6.927356,-1.48428,0.420913,,,,,,,,,,,,-4.21969,7.41662,-0.37889,50,5.08427,5.97976,-131.83931,-7.61831,-7.51197,25.02411,-18.9709,POM_COL,MAS_INS,PomonaPitzer,D3,Team,20250308-PomonaPitzer-1,8ec5ddd0-fc50-11ef-a45b-3bdb2c4a8c76,89.54918,,,6.79229,,,,,,,935155fd-d532-41e2-8f85-0cab3659d8e5,2025-03-08,19:07:17.86,2025-03-08T11:07:17.8666496-08:00,2025-03-08T19:07:17.8666496Z,,v3,POM_PIT,,,"Savas, Peter",1000276389,Right,POM_COL,65d8b1b8-ed6a-4703-ad33-2b89cf4e7b10,55.10339,-132.80444,12.51206,5.36399,-6.88664,-9.48545,-0.61511,6.26949,-3.75598,,,,,,,,,,,,,,,,,,,,,,,,,,,,,,,,,,,,,,,,,,,,,,,,,,,Low,Low,Low,,,,,
10,2025-03-08,11:07:34.70,3,2,"Wiessinger, Jack",1000276383,Right,POM_COL,"McCarthy, CJ",1000231599,Left,MAS_INS,Undefined,1,Top,2,1,0,Fastball,,InPlay,Undefined,FlyBall,Out,1,0,,90.47241,-2.412697,-1.682869,2073.896262,,,5.61427,0.46568,5.15201,,,,2.16134,-0.02235,82.67584,-5.094922,0.645964,0.426552,94.11322,21.002444,-0.319018,2775.955616,109.84451,38.94507,-5.84281,333.61264,323.28998,-7.903875,4.116163,-7.0428,11.46489,-0.31903,50,5.37836,3.24347,-131.16579,-5.97709,-12.28142,27.49157,-12.18132,POM_COL,MAS_INS,PomonaPitzer,D3,Team,20250308-PomonaPitzer-1,98ce39d0-fc50-11ef-a45b-3bdb2c4a8c76,88.3655,50.36984,,7.79657,,,,0.71914,2.20621,0.12852,935155fd-d532-41e2-8f85-0cab3659d8e5,2025-03-08,19:07:34.70,2025-03-08T11:07:34.7064320-08:00,2025-03-08T19:07:34.7064320Z,LineDrive,v3,POM_PIT,,,"Savas, Peter",1000276389,Right,POM_COL,574901bf-83da-4499-98a1-274d5d3b4724,55.34758,-132.28186,13.74578,5.61097,-5.48256,-6.09066,-0.46083,3.74206,-6.14071,,0.71871,128.87289,-24.33485,5.86729,-1.35102,0.31646,-0.06668,0.00944,-0.00059,2.20737,49.44004,-12.05071,-1.21698,0.89997,-0.37427,0.10054,-0.01457,0.00085,0.12861,-0.72032,-7.37524,2.7293,-0.77149,0.17383,-0.03004,0.00344,-0.00018,,,,,,,,,,,,,,,,,,,,,,,Low,Low,Low,High,High,,,
11,2025-03-08,11:10:13.08,1,1,"Spenner, Matthew",10109532,Right,MAS_INS,"Ng, JC",1000115591,Left,POM_COL,Undefined,1,Bottom,0,0,0,Fastball,,BallCalled,Undefined,Undefined,Undefined,0,0,,88.47463,-0.256805,-1.726558,1929.413266,,,5.75561,1.50519,5.02677,,,,4.09054,1.4709,80.37881,-3.478591,1.653092,0.43787,,,,,,,,,,,,-9.89784,10.2813,-1.35581,50,5.71799,2.95476,-128.26812,-1.12892,-16.43627,27.33628,-15.101,POM_COL,MAS_INS,PomonaPitzer,D3,Team,20250308-PomonaPitzer-1,f72f7340-fc50-11ef-a45b-3bdb2c4a8c76,86.08126,,,8.09583,,,,,,,935155fd-d532-41e2-8f85-0cab3659d8e5,2025-03-08,19:10:13.08,2025-03-08T11:10:13.0867200-08:00,2025-03-08T19:10:13.0867200Z,,v3,POM_PIT,,,"Godfrey, Tyler",1000292150,,MAS_INS,10e621af-374a-4fd3-948a-9f58a8f2ff22,55.47067,-129.42877,13.66814,5.75231,-0.48776,-7.5505,-1.49608,3.65262,-8.21814,,,,,,,,,,,,,,,,,,,,,,,,,,,,,,,,,,,,,,,,,,,,,,,,,,,Low,Low,Low,,,,,
12,2025-03-08,11:10:25.08,1,2,"Spenner, Matthew",10109532,Right,MAS_INS,"Ng, JC",1000115591,Left,POM_COL,Undefined,1,Bottom,0,1,0,Fastball,,InPlay,Undefined,Popup,Out,1,0,,88.38656,-1.322282,-2.844435,1980.124345,,,5.56036,1.52574,4.98335,,,,2.86954,0.39216,80.61162,-4.567096,0.443862,0.438235,98.68151,41.64099,24.804534,4285.566918,99.7348,99.80318,46.39954,312.90877,310.07919,26.467266,6.154676,-10.0665,10.53193,-1.26751,50,5.41942,5.50328,-128.09037,-3.54266,-16.72673,26.42261,-14.67393,POM_COL,MAS_INS,PomonaPitzer,D3,Team,20250308-PomonaPitzer-1,fe585600-fc50-11ef-a45b-3bdb2c4a8c76,86.0097,136.35588,,7.77493,,,,1.27503,2.31226,-0.75192,935155fd-d532-41e2-8f85-0cab3659d8e5,2025-03-08,19:10:25.08,2025-03-08T11:10:25.0803200-08:00,2025-03-08T19:10:25.0803200Z,FlyBall,v3,POM_PIT,,,"Godfrey, Tyler",1000292150,,MAS_INS,ed8200ea-6bb4-4682-8c5d-123b5a11b57d,55.51677,-129.22336,13.2113,5.55783,-2.91344,-7.33697,-1.51886,6.22052,-8.36336,,1.28091,98.08499,-26.60247,6.98139,-1.2548,0.14279,-0.00889,0.00027,-1E-05,2.31336,96.13172,-18.78617,0.1267,0.42746,-0.17893,0.03892,-0.00435,0.00019,-0.74922,45.3315,-10.90993,2.72837,-0.46331,0.04812,-0.00255,7E-05,-0,,,,,,,,,,,,,,,,,,,,,,,Low,Low,Low,Medium,Low,,,
13,2025-03-08,11:11:00.82,2,1,"Spenner, Matthew",10109532,Right,MAS_INS,"Gold, Jack",1000108729,Left,POM_COL,Undefined,1,Bottom,1,0,0,Slider,,StrikeCalled,Undefined,Undefined,Undefined,0,0,,77.11399,1.1255,-1.247385,2211.995182,,,5.57174,1.67997,4.56722,,,,2.57055,0.63411,70.94475,-7.651906,-0.950102,0.505121,,,,,,,,,,,,-1.15996,0.35906,-1.5523,50,5.6427,2.36265,-111.82528,0.37628,-1.47361,19.54696,-31.71792,POM_COL,MAS_INS,PomonaPitzer,D3,Team,20250308-PomonaPitzer-1,13acd8a0-fc51-11ef-a45b-3bdb2c4a8c76,74.62056,,,6.16924,,,,,,,935155fd-d532-41e2-8f85-0cab3659d8e5,2025-03-08,19:11:00.82,2025-03-08T11:11:00.8238080-08:00,2025-03-08T19:11:00.8238080Z,,v3,POM_PIT,,,"Godfrey, Tyler",1000292150,,MAS_INS,5a381d58-8615-4e0f-b206-c24cdeed8aaf,55.93221,-112.85746,9.77348,5.57861,2.05115,-15.85896,-1.67912,2.44047,-0.7368,,,,,,,,,,,,,,,,,,,,,,,,,,,,,,,,,,,,,,,,,,,,,,,,,,,Low,Low,Low,,,,,
14,2025-03-08,11:11:14.54,2,2,"Spenner, Matthew",10109532,Right,MAS_INS,"Gold, Jack",1000108729,Left,POM_COL,Undefined,1,Bottom,1,0,1,ChangeUp,,FoulBallNotFieldable,Undefined,Undefined,Undefined,0,0,,80.65065,-1.669412,-4.063311,1992.722848,,,5.49154,1.77856,5.12343,,,,1.74854,-0.23886,73.3182,-6.500266,-0.216777,0.480942,,,,,,,,,,,,-12.11516,10.23056,-1.41423,50,5.31476,7.387,-116.67345,-4.24497,-16.60523,23.11321,-18.15188,POM_COL,MAS_INS,PomonaPitzer,D3,Team,20250308-PomonaPitzer-1,1bdaa840-fc51-11ef-a45b-3bdb2c4a8c76,78.37219,,,7.33245,,,,,,,935155fd-d532-41e2-8f85-0cab3659d8e5,2025-03-08,19:11:14.54,2025-03-08T11:11:14.5495040-08:00,2025-03-08T19:11:14.5495040Z,,v3,POM_PIT,,,"Godfrey, Tyler",1000292150,,MAS_INS,372e7ebe-9e50-4636-aa11-473ab2624e3b,55.37654,-117.73373,11.5566,5.49039,-3.41228,-9.07594,-1.77056,8.14874,-8.30262,,,,,,,,,,,,,,,,,,,,,,,,,,,,,,,,,,,,,,,,,,,,,,,,,,,Low,Low,Low,,,,,
15,2025-03-08,11:11:35.31,2,3,"Spenner, Matthew",10109532,Right,MAS_INS,"Gold, Jack",1000108729,Left,POM_COL,Undefined,1,Bottom,1,0,2,Fastball,,BallCalled,Undefined,Undefined,Undefined,0,0,,89.20993,0.657061,-0.387976,1910.978629,,,5.93425,1.39912,4.78292,,,,5.43842,2.1206,80.7338,-1.918846,1.909414,0.436808,,,,,,,,,,,,-6.45445,11.59402,-1.37213,50,5.98918,0.22607,-129.2505,1.08789,-10.85583,28.38385,-12.67393,POM_COL,MAS_INS,PomonaPitzer,D3,Team,20250308-PomonaPitzer-1,282f8c50-fc51-11ef-a45b-3bdb2c4a8c76,86.29064,,,8.47613,,,,,,,935155fd-d532-41e2-8f85-0cab3659d8e5,2025-03-08,19:11:35.31,2025-03-08T11:11:35.3158656-08:00,2025-03-08T19:11:35.3158656Z,,v3,POM_PIT,,,"Godfrey, Tyler",1000292150,,MAS_INS,90dec7dd-c101-4882-b0ca-bf8d208f1256,55.71232,-130.49892,14.19192,5.92907,1.64533,-6.33697,-1.39257,0.70354,-5.42791,,,,,,,,,,,,,,,,,,,,,,,,,,,,,,,,,,,,,,,,,,,,,,,,,,,Low,Low,Low,,,,,
16,2025-03-08,11:12:05.24,2,4,"Spenner, Matthew",10109532,Right,MAS_INS,"Gold, Jack",1000108729,Left,POM_COL,Undefined,1,Bottom,0,1,2,Slider,,BallCalled,Undefined,Undefined,Undefined,0,0,,76.9153,3.049965,0.508863,2451.582276,,,5.47263,1.87866,4.61593,,,,5.43929,1.46986,69.51047,-3.416547,-1.366278,0.509223,,,,,,,,,,,,5.3117,6.81894,-1.92068,50,5.75515,-0.52095,-111.21799,4.71628,6.61056,21.13726,-23.68767,POM_COL,MAS_INS,PomonaPitzer,D3,Team,20250308-PomonaPitzer-1,3a14b1c0-fc51-11ef-a45b-3bdb2c4a8c76,74.01947,,,7.40483,,,,,,,935155fd-d532-41e2-8f85-0cab3659d8e5,2025-03-08,19:12:05.24,2025-03-08T11:12:05.2476416-08:00,2025-03-08T19:12:05.2476416Z,,v3,POM_PIT,,,"Godfrey, Tyler",1000292150,,MAS_INS,b33af902-71cd-4762-8562-052403b4b841,55.87814,-112.32959,10.56863,5.47437,5.962,-11.84384,-1.88414,-0.8686,3.30528,,,,,,,,,,,,,,,,,,,,,,,,,,,,,,,,,,,,,,,,,,,,,,,,,,,Low,Low,Low,,,,,
17,2025-03-08,11:12:22.01,2,5,"Spenner, Matthew",10109532,Right,MAS_INS,"Gold, Jack",1000108729,Left,POM_COL,Undefined,1,Bottom,0,2,2,Fastball,,FoulBallNotFieldable,Undefined,Undefined,Undefined,0,0,,89.23635,-1.27405,-3.245361,1940.499859,,,5.52301,1.53775,5.14592,,,,3.05274,-0.24541,81.12245,-4.167593,-0.541559,0.43347,,,,,,,,,,,,-8.57997,11.21331,-1.24627,50,5.39265,6.6268,-129.25809,-3.35824,-14.47697,27.61467,-13.2538,POM_COL,MAS_INS,PomonaPitzer,D3,Team,20250308-PomonaPitzer-1,4403e070-fc51-11ef-a45b-3bdb2c4a8c76,86.95515,,,8.1139,,,,,,,935155fd-d532-41e2-8f85-0cab3659d8e5,2025-03-08,19:12:22.01,2025-03-08T11:12:22.0114944-08:00,2025-03-08T19:12:22.0114944Z,,v3,POM_PIT,,,"Godfrey, Tyler",1000292150,,MAS_INS,8552b926-0548-477b-8e81-336c132c5779,55.35349,-130.3968,13.80734,5.51986,-2.81172,-6.6269,-1.53183,7.22376,-7.23848,,,,,,,,,,,,,,,,,,,,,,,,,,,,,,,,,,,,,,,,,,,,,,,,,,,Low,Low,Low,,,,,
18,2025-03-08,11:12:40.81,2,6,"Spenner, Matthew",10109532,Right,MAS_INS,"Gold, Jack",1000108729,Left,POM_COL,Undefined,1,Bottom,0,2,2,Slider,,BallCalled,Undefined,Undefined,Undefined,0,0,,75.48948,3.263928,0.556288,2264.938084,,,5.51433,1.65173,4.63055,,,,4.42727,1.93258,68.15496,-5.856689,0.035127,0.519686,,,,,,,,,,,,1.60732,0.47831,-1.70593,50,5.8039,-0.93248,-109.12879,4.41077,1.91748,21.13206,-31.60344,POM_COL,MAS_INS,PomonaPitzer,D3,Team,20250308-PomonaPitzer-1,4f46df50-fc51-11ef-a45b-3bdb2c4a8c76,72.52921,,,7.33452,,,,,,,935155fd-d532-41e2-8f85-0cab3659d8e5,2025-03-08,19:12:40.81,2025-03-08T11:12:40.8154112-08:00,2025-03-08T19:12:40.8154112Z,,v3,POM_PIT,,,"Godfrey, Tyler",1000292150,,MAS_INS,c13600aa-0b1d-4cc2-9e8b-87721cc1ae6d,55.8652,-110.2587,10.56603,5.52288,6.10057,-15.80172,-1.65332,-1.035,0.95874,,,,,,,,,,,,,,,,,,,,,,,,,,,,,,,,,,,,,,,,,,,,,,,,,,,Low,Low,Low,,,,,
19,2025-03-08,11:12:56.82,2,7,"Spenner, Matthew",10109532,Right,MAS_INS,"Gold, Jack",1000108729,Left,POM_COL,Undefined,1,Bottom,0,3,2,Slider,,BallCalled,Walk,Undefined,Undefined,0,0,,75.65675,2.678469,-0.593228,2206.997708,,,5.49771,1.69062,4.69149,,,,3.95671,0.41065,67.95774,-6.242398,-2.101744,0.519527,,,,,,,,,,,,3.96051,1.2363,-1.6223,50,5.72649,1.49952,-109.34212,3.36935,4.70805,22.5318,-30.70442,POM_COL,MAS_INS,PomonaPitzer,D3,Team,20250308-PomonaPitzer-1,58d4b420-fc51-11ef-a45b-3bdb2c4a8c76,72.5515,,,7.69901,,,,,,,935155fd-d532-41e2-8f85-0cab3659d8e5,2025-03-08,19:12:56.82,2025-03-08T11:12:56.8262144-08:00,2025-03-08T19:12:56.8262144Z,,v3,POM_PIT,,,"Godfrey, Tyler",1000292150,,MAS_INS,4e748591-5277-4c41-afdc-dd7293fed055,55.8031,-110.53148,11.2659,5.50586,4.99011,-15.35221,-1.69489,1.251,2.35403,,,,,,,,,,,,,,,,,,,,,,,,,,,,,,,,,,,,,,,,,,,,,,,,,,,Low,Low,Low,,,,,
20,2025-03-08,11:13:26.37,3,1,"Spenner, Matthew",10109532,Right,MAS_INS,"Berry, Cooper",1000276381,Left,POM_COL,Undefined,1,Bottom,1,0,0,Fastball,,StrikeCalled,Undefined,Undefined,Undefined,0,0,,88.77095,-2.641412,-3.330603,2122.852833,,,5.63095,1.41636,5.03473,,,,2.149,-0.99098,79.68398,-4.955819,-1.769758,0.440047,,,,,,,,,,,,-5.43969,13.88457,-1.10529,50,5.36972,7.03732,-128.19712,-6.21656,-8.91047,30.38197,-9.43043,POM_COL,MAS_INS,PomonaPitzer,D3,Team,20250308-PomonaPitzer-1,6a6773d0-fc51-11ef-a45b-3bdb2c4a8c76,85.65554,,,9.08696,,,,,,,935155fd-d532-41e2-8f85-0cab3659d8e5,2025-03-08,19:13:26.37,2025-03-08T11:13:26.3750000-08:00,2025-03-08T19:13:26.3750000Z,,v3,POM_PIT,,,"Godfrey, Tyler",1000292150,,MAS_INS,d9399d24-34f8-4411-a6a0-8cc24a9ac77c,55.46027,-129.48471,15.19098,5.62471,-5.8169,-4.71521,-1.41153,7.41495,-4.45524,,,,,,,,,,,,,,,,,,,,,,,,,,,,,,,,,,,,,,,,,,,,,,,,,,,Low,Low,Low,,,,,
21,2025-03-08,11:13:56.39,3,2,"Spenner, Matthew",10109532,Right,MAS_INS,"Berry, Cooper",1000276381,Left,POM_COL,Undefined,1,Bottom,1,0,1,Slider,,BallCalled,Undefined,Undefined,Undefined,0,0,,75.5655,2.150675,-0.350231,2240.466484,,,5.59821,1.71089,4.76123,,,,3.48662,0.91616,68.37317,-6.894403,-1.325965,0.517681,,,,,,,,,,,,2.58354,0.86784,-1.67068,50,5.7708,0.90252,-109.35548,2.33687,3.09074,21.45582,-31.13583,POM_COL,MAS_INS,PomonaPitzer,D3,Team,20250308-PomonaPitzer-1,7c4ff4a0-fc51-11ef-a45b-3bdb2c4a8c76,72.81011,,,7.19233,,,,,,,935155fd-d532-41e2-8f85-0cab3659d8e5,2025-03-08,19:13:56.39,2025-03-08T11:13:56.3980000-08:00,2025-03-08T19:13:56.3980000Z,,v3,POM_PIT,,,"Godfrey, Tyler",1000292150,,MAS_INS,dee74c9b-6b26-42c6-a6cf-8583d1978df8,55.73455,-110.47488,10.72791,5.60651,3.9613,-15.56792,-1.71356,0.74127,1.54537,,,,,,,,,,,,,,,,,,,,,,,,,,,,,,,,,,,,,,,,,,,,,,,,,,,Low,Low,Low,,,,,
22,2025-03-08,11:14:12.54,3,3,"Spenner, Matthew",10109532,Right,MAS_INS,"Berry, Cooper",1000276381,Left,POM_COL,Undefined,1,Bottom,1,1,1,Slider,,BallCalled,Undefined,Undefined,Undefined,0,0,,76.88183,1.83253,-0.447646,2500.557661,,,5.34431,1.88087,4.64942,,,,3.85738,1.1763,68.97486,-5.276015,-1.035001,0.5114,,,,,,,,,,,,1.46453,5.69796,-1.83193,50,5.49762,1.01529,-111.12071,2.20487,1.79974,23.10024,-25.17192,POM_COL,MAS_INS,PomonaPitzer,D3,Team,20250308-PomonaPitzer-1,85f85650-fc51-11ef-a45b-3bdb2c4a8c76,73.70447,,,7.90697,,,,,,,935155fd-d532-41e2-8f85-0cab3659d8e5,2025-03-08,19:14:12.54,2025-03-08T11:14:12.5410000-08:00,2025-03-08T19:14:12.5410000Z,,v3,POM_PIT,,,"Godfrey, Tyler",1000292150,,MAS_INS,1444b612-f10b-4f5e-a19b-7f58ec8905bc,55.84237,-112.32867,11.55012,5.3479,3.52117,-12.58596,-1.88256,0.92117,0.89987,,,,,,,,,,,,,,,,,,,,,,,,,,,,,,,,,,,,,,,,,,,,,,,,,,,Low,Low,Low,,,,,
23,2025-03-08,11:14:28.21,3,4,"Spenner, Matthew",10109532,Right,MAS_INS,"Berry, Cooper",1000276381,Left,POM_COL,Undefined,1,Bottom,1,2,1,Fastball,,BallCalled,Undefined,Undefined,Undefined,0,0,,89.0704,-2.359112,-3.312804,2059.457429,,,5.68181,1.48344,4.98744,,,,2.08439,-0.09025,80.87505,-5.448255,-0.019166,0.436327,47.47163,-36.241186,-168.232113,,,,,1.24848,1.24848,-156.563786,0.050883,-10.24796,11.15012,-1.18014,50,5.4416,6.58535,-128.87605,-5.85878,-17.15221,27.99028,-13.5118,POM_COL,MAS_INS,PomonaPitzer,D3,Team,20250308-PomonaPitzer-1,8f45edd0-fc51-11ef-a45b-3bdb2c4a8c76,86.38575,2.10858,,8.19535,,,,1.67072,2.10858,0.09013,935155fd-d532-41e2-8f85-0cab3659d8e5,2025-03-08,19:14:28.21,2025-03-08T11:14:28.2100000-08:00,2025-03-08T19:14:28.2100000Z,GroundBall,v3,POM_PIT,,,"Godfrey, Tyler",1000292150,,MAS_INS,614966e1-2d59-4d33-9707-f938e7e05781,55.5119,-130.06766,13.99514,5.67878,-5.28355,-6.7559,-1.47604,7.31556,-8.57611,,1.67377,-55.34667,,,,,,,,2.11086,-41.43976,,,,,,,,0.09077,-11.53015,,,,,,,,,,,,,,,,,,,,,,,,,,,,,,Low,Low,Low,Estimated,Estimated,,,
24,2025-03-08,11:14:59.75,3,5,"Spenner, Matthew",10109532,Right,MAS_INS,"Berry, Cooper",1000276381,Left,POM_COL,Undefined,1,Bottom,1,3,1,Slider,,InPlay,Undefined,Popup,Out,1,0,,77.43399,0.125648,-0.548969,2463.955145,,,5.36639,1.88392,4.79088,,,,2.45972,1.10751,69.19418,-6.571297,-1.089613,0.507953,59.69594,52.115762,-37.863798,6182.619675,74.96854,50.64847,-80.49668,152.76274,64.64835,-49.631674,3.746165,1.32177,7.12355,-1.82627,50,5.34845,1.20149,-111.9579,-0.9788,1.63362,25.15789,-23.36983,POM_COL,MAS_INS,PomonaPitzer,D3,Team,20250308-PomonaPitzer-1,a21991f0-fc51-11ef-a45b-3bdb2c4a8c76,74.20458,60.58598,,8.23982,,,,2.22643,2.76823,-1.02381,935155fd-d532-41e2-8f85-0cab3659d8e5,2025-03-08,19:14:59.75,2025-03-08T11:14:59.7560000-08:00,2025-03-08T19:14:59.7560000Z,Popup,v3,POM_PIT,,,"Godfrey, Tyler",1000292150,,MAS_INS,c1d9563d-b033-487c-a48f-743dd7ea9e62,55.70412,-113.23241,12.57894,5.36805,0.20513,-11.68492,-1.88505,1.11873,0.81681,,2.22616,42.45584,-9.81901,2.77223,-0.83425,0.30935,-0.08836,0.014,-0.0009,2.76839,69.09711,-23.89494,2.50195,-0.41664,0.03758,-0.00375,0.00127,-0.00016,-1.02386,-32.99979,1.70856,-0.63905,0.23718,-0.10149,0.03217,-0.00565,0.0004,,,,,,,,,,,,,,,,,,,,,,,Low,Low,Low,High,Medium,,,
25,2025-03-08,11:15:34.77,4,1,"Spenner, Matthew",10109532,Right,MAS_INS,"Savas, Peter",1000276389,Right,POM_COL,Undefined,1,Bottom,2,0,0,Slider,,BallCalled,Undefined,Undefined,Undefined,0,0,,77.03254,0.497024,-2.352737,2271.714007,,,5.43672,1.67059,4.40446,,,,1.1045,-1.1092,71.51459,-9.735958,-3.470514,0.506575,,,,,,,,,,,,2.49134,-3.65603,-1.41318,50,5.43228,4.86324,-111.73415,-1.25201,3.16727,19.06923,-36.82199,POM_COL,MAS_INS,PomonaPitzer,D3,Team,20250308-PomonaPitzer-1,b6fae060-fc51-11ef-a45b-3bdb2c4a8c76,74.40641,,,5.51795,,,,,,,935155fd-d532-41e2-8f85-0cab3659d8e5,2025-03-08,19:15:34.77,2025-03-08T11:15:34.7740000-08:00,2025-03-08T19:15:34.7740000Z,,v3,POM_PIT,,,"Godfrey, Tyler",1000292150,,MAS_INS,1196819b-7d89-4d96-8037-0288508b4a39,56.09834,-112.77012,9.53461,5.44596,0.74842,-18.411,-1.67271,4.69117,1.58364,,,,,,,,,,,,,,,,,,,,,,,,,,,,,74.09493,,,1.352637,,,,0.68119,5.70804,1.20809,127.27856,-0.55386,-0.40908,0.83866,106.04769,-9.38953,5.74849,12.10943,-12.42562,1.11304,-6.42129,3.97195,Low,Low,Low,,,Medium,High,High
26,2025-03-08,11:15:56.28,4,2,"Spenner, Matthew",10109532,Right,MAS_INS,"Savas, Peter",1000276389,Right,POM_COL,Undefined,1,Bottom,2,1,0,Slider,,FoulBallNotFieldable,Undefined,Undefined,Undefined,0,0,,76.10626,1.079393,-1.23496,2217.00297,,,5.4956,1.64665,4.52818,,,,2.14693,-0.0355,69.06476,-8.37435,-2.298272,0.516321,,,,,,,,,,,,2.57768,-0.39343,-1.51156,50,5.55849,2.62881,-110.16639,0.15271,3.12301,22.15602,-32.65072,POM_COL,MAS_INS,PomonaPitzer,D3,Team,20250308-PomonaPitzer-1,c3cce3b0-fc51-11ef-a45b-3bdb2c4a8c76,73.00197,,,7.0415,,,,,,,935155fd-d532-41e2-8f85-0cab3659d8e5,2025-03-08,19:15:56.28,2025-03-08T11:15:56.2840000-08:00,2025-03-08T19:15:56.2840000Z,,v3,POM_PIT,,,"Godfrey, Tyler",1000292150,,MAS_INS,cad7349d-82fb-432b-85f5-e6c8adcf98a9,55.97087,-111.36074,11.07801,5.50282,1.91279,-16.32536,-1.64873,2.46046,1.56151,,,,,,,,,,,,,,,,,,,,,,,,,,,,,,,,,,,,,,,,,,,,,,,,,,,Low,Low,Low,,,,,
27,2025-03-08,11:16:14.61,4,3,"Spenner, Matthew",10109532,Right,MAS_INS,"Savas, Peter",1000276389,Right,POM_COL,Undefined,1,Bottom,2,1,1,Slider,,InPlay,Undefined,FlyBall,Out,1,0,,77.54971,-0.244871,-1.014068,2508.160838,,,5.30074,1.78117,4.89391,,,,1.83039,0.07418,70.94699,-7.319196,-2.595424,0.500778,82.4839,36.301508,8.632008,,106.71526,69.57793,26.67942,281.57049,276.04252,22.178914,4.968534,4.17051,5.22374,-1.67374,50,5.24437,2.35401,-112.44897,-1.81874,5.31672,21.2208,-25.51465,POM_COL,MAS_INS,PomonaPitzer,D3,Team,20250308-PomonaPitzer-1,cebb59f0-fc51-11ef-a45b-3bdb2c4a8c76,75.26774,81.90943,,6.60272,,,,2.23989,2.27806,0.07085,935155fd-d532-41e2-8f85-0cab3659d8e5,2025-03-08,19:16:14.61,2025-03-08T11:16:14.6189824-08:00,2025-03-08T19:16:14.6189824Z,FlyBall,v3,POM_PIT,,,"Godfrey, Tyler",1000292150,,MAS_INS,0be749ca-a93b-42b7-9b57-753f1c1020a8,55.60531,-113.50185,10.6104,5.30321,-0.55282,-12.75733,-1.78399,2.09022,2.65836,,2.24459,96.29009,-19.99108,3.97745,-0.25593,-0.15618,0.05274,-0.0065,0.00029,2.27681,71.6413,-17.82609,0.90816,-0.05699,-0.03654,0.02197,-0.0042,0.00027,0.07078,14.63529,5.25503,-1.96463,0.44962,-0.06515,0.0069,-0.00068,4E-05,,,,,,,,,,,,,,,,,,,,,,,Low,Low,Low,Medium,Medium,,,
28,2025-03-08,11:18:36.18,1,1,"Wiessinger, Jack",1000276383,Right,POM_COL,"Moore, Zev",1000292151,Left,MAS_INS,Undefined,2,Top,0,0,0,Fastball,,FoulBallNotFieldable,Undefined,Undefined,Undefined,0,0,,89.96085,-2.65335,-2.056379,2090.557723,,,5.38981,0.44532,5.45524,,,,2.58513,-0.73019,81.50472,-3.537588,-0.455819,0.428052,,,,,,,,,,,,-5.06111,16.86639,-0.26995,50,5.15289,4.25449,-130.29628,-5.9466,-8.65866,28.60865,-3.31855,POM_COL,MAS_INS,PomonaPitzer,D3,Team,20250308-PomonaPitzer-1,23182f00-fc52-11ef-b7c0-958c15ae1882,88.05578,,,8.45613,,,,,,,935155fd-d532-41e2-8f85-0cab3659d8e5,2025-03-08,19:18:36.18,2025-03-08T11:18:36.1870000-08:00,2025-03-08T19:18:36.1870000Z,,v3,POM_PIT,,,"Savas, Peter",1000276389,Right,POM_COL,9705f349-c624-4500-aff4-2afbde940ff6,55.0405,-131.39835,14.30432,5.3795,-5.81876,-1.65927,-0.44027,4.58804,-4.32933,,,,,,,,,,,,,,,,,,,,,,,,,,,,,,,,,,,,,,,,,,,,,,,,,,,Low,Low,Low,,,,,
29,2025-03-08,11:18:56.15,1,2,"Wiessinger, Jack",1000276383,Right,POM_COL,"Moore, Zev",1000292151,Left,MAS_INS,Undefined,2,Top,0,0,1,Slider,,InPlay,Undefined,GroundBall,Out,1,0,,76.56087,1.418411,-1.134964,2230.038703,,,4.88916,1.10447,5.06407,,,,2.64499,-1.05656,69.1978,-6.459728,-3.446507,0.508531,96.37724,3.960395,25.978984,2537.094387,,,,83.79033,83.79033,29.427326,0.643243,6.11886,3.50012,-0.98574,50,4.9904,2.72646,-110.86173,1.30173,7.49817,22.65723,-27.88494,POM_COL,MAS_INS,PomonaPitzer,D3,Team,20250308-PomonaPitzer-1,2f029170-fc52-11ef-b7c0-958c15ae1882,74.12028,3.52019,,7.36307,,,,-0.0134,2.44987,1.14268,935155fd-d532-41e2-8f85-0cab3659d8e5,2025-03-08,19:18:56.15,2025-03-08T11:18:56.1530000-08:00,2025-03-08T19:18:56.1530000Z,GroundBall,v3,POM_PIT,,,"Savas, Peter",1000276389,Right,POM_COL,c5536dfc-52b7-4c34-9777-1217933b8ae5,55.43283,-111.96656,11.32861,4.89377,2.66146,-13.94247,-1.10977,2.36083,3.74909,,0.02335,125.99526,-19.63336,,,,,,,2.48098,9.10874,-20.22683,,,,,,,1.1264,62.11673,0.24168,,,,,,,,,,,,,,,,,,,,,,,,,,,,,Low,Low,Low,High,High,,,
30,2025-03-08,11:21:25.04,2,1,"Wiessinger, Jack",1000276383,Right,POM_COL,"Soqui, Malachi",1000292142,Left,MAS_INS,Undefined,2,Top,1,0,0,Fastball,,StrikeCalled,Undefined,Undefined,Undefined,0,0,,89.9932,-1.592868,-1.561134,2144.177007,,,5.58355,0.89467,5.23057,,,,3.01903,0.89016,82.26112,-4.043637,1.550859,0.427721,,,,,,,,,,,,-9.15469,11.99323,-0.76435,50,5.4277,2.73901,-130.57023,-3.99872,-15.84048,26.90083,-11.42202,POM_COL,MAS_INS,PomonaPitzer,D3,Team,20250308-PomonaPitzer-1,87ac2b60-fc52-11ef-b7c0-958c15ae1882,88.12386,,,7.73208,,,,,,,935155fd-d532-41e2-8f85-0cab3659d8e5,2025-03-08,19:21:25.04,2025-03-08T11:21:25.0490000-08:00,2025-03-08T19:21:25.0490000Z,,v3,POM_PIT,,,"Lee, Sammy",1000276388,Right,POM_COL,2db050c3-937b-453f-b35b-f3ecce2c5640,55.26844,-131.65119,13.45042,5.57916,-3.53975,-5.71101,-0.8872,3.37553,-7.92024,,,,,,,,,,,,,,,,,,,,,,,,,,,,,,,,,,,,,,,,,,,,,,,,,,,Low,Low,Low,,,,,
31,2025-03-08,11:21:41.62,2,2,"Wiessinger, Jack",1000276383,Right,POM_COL,"Soqui, Malachi",1000292142,Left,MAS_INS,Undefined,2,Top,1,0,1,Fastball,,BallCalled,Undefined,Undefined,Undefined,0,0,,88.62968,-2.500479,-1.128045,2032.34535,,,5.44952,1.07277,5.29772,,,,2.2908,1.99058,80.23217,-4.431344,3.081206,0.436239,,,,,,,,,,,,-12.15406,14.62737,-0.98793,50,5.2156,1.43676,-128.42762,-5.80162,-20.10785,28.93776,-7.97436,POM_COL,MAS_INS,PomonaPitzer,D3,Team,20250308-PomonaPitzer-1,919147f0-fc52-11ef-b7c0-958c15ae1882,86.40318,,,8.39752,,,,,,,935155fd-d532-41e2-8f85-0cab3659d8e5,2025-03-08,19:21:41.62,2025-03-08T11:21:41.6200000-08:00,2025-03-08T19:21:41.6200000Z,,v3,POM_PIT,,,"Lee, Sammy",1000276388,Right,POM_COL,2984c9c1-3ad5-4667-bb60-3687779c123d,55.20095,-129.59422,14.46888,5.44301,-5.48014,-3.98718,-1.06219,2.24738,-10.05393,,,,,,,,,,,,,,,,,,,,,,,,,,,,,,,,,,,,,,,,,,,,,,,,,,,Low,Low,Low,,,,,
32,2025-03-08,11:21:57.90,2,3,"Wiessinger, Jack",1000276383,Right,POM_COL,"Soqui, Malachi",1000292142,Left,MAS_INS,Undefined,2,Top,1,1,1,ChangeUp,,BallCalled,Undefined,Undefined,Undefined,0,0,,81.20448,-1.795626,-2.318128,1917.71382,,,5.48976,0.98548,5.16527,,,,1.271,0.99109,73.52582,-7.394991,2.334825,0.478415,,,,,,,,,,,,-13.74544,7.94331,-0.78999,50,5.29961,3.63388,-117.56755,-4.70422,-18.97497,25.1393,-21.20864,POM_COL,MAS_INS,PomonaPitzer,D3,Team,20250308-PomonaPitzer-1,9b4df4f0-fc52-11ef-b7c0-958c15ae1882,78.78608,,,7.67866,,,,,,,935155fd-d532-41e2-8f85-0cab3659d8e5,2025-03-08,19:21:57.90,2025-03-08T11:21:57.9090000-08:00,2025-03-08T19:21:57.9090000Z,,v3,POM_PIT,,,"Lee, Sammy",1000276388,Right,POM_COL,9a6df2d3-e23e-4421-907e-858723ac9af1,55.33287,-118.7024,12.56965,5.49035,-3.74681,-10.60432,-0.97336,4.49045,-9.48749,,,,,,,,,,,,,,,,,,,,,,,,,,,,,,,,,,,,,,,,,,,,,,,,,,,Low,Low,Low,,,,,
33,2025-03-08,11:22:15.15,2,4,"Wiessinger, Jack",1000276383,Right,POM_COL,"Soqui, Malachi",1000292142,Left,MAS_INS,Undefined,2,Top,1,2,1,Fastball,,FoulBallNotFieldable,Undefined,Undefined,Undefined,0,0,,90.17802,-1.88487,-2.374011,2079.33684,,,5.55473,0.60737,5.27594,,,,2.8613,-0.26917,81.66254,-4.049888,0.506847,0.428596,,,,,,,,,,,,-8.8913,13.16705,-0.40317,50,5.37524,4.67509,-130.65849,-4.5887,-15.25521,29.4536,-9.58277,POM_COL,MAS_INS,PomonaPitzer,D3,Team,20250308-PomonaPitzer-1,a58c5510-fc52-11ef-b7c0-958c15ae1882,87.94403,,,8.51548,,,,,,,935155fd-d532-41e2-8f85-0cab3659d8e5,2025-03-08,19:22:15.15,2025-03-08T11:22:15.1530000-08:00,2025-03-08T19:22:15.1530000Z,,v3,POM_PIT,,,"Lee, Sammy",1000276388,Right,POM_COL,25bf9b9e-0cc4-4eb7-b14a-7871666179ad,55.22355,-131.83075,14.7268,5.55028,-4.2073,-4.79138,-0.60133,5.28224,-7.6276,,,,,,,,,,,,,,,,,,,,,,,,,,,,,,,,,,,,,,,,,,,,,,,,,,,Low,Low,Low,,,,,
34,2025-03-08,11:22:38.01,2,5,"Wiessinger, Jack",1000276383,Right,POM_COL,"Soqui, Malachi",1000292142,Left,MAS_INS,Undefined,2,Top,1,2,2,ChangeUp,,InPlay,Undefined,GroundBall,Out,1,0,,81.93621,-0.999814,-1.506927,1902.891819,,,5.52779,0.91815,5.1953,,,,2.10451,1.64206,74.30079,-6.506935,3.048863,0.473017,69.77729,-27.998,-45.499114,,,,,5.58731,5.58731,-51.954461,0.042128,-13.2745,7.43957,-0.7987,50,5.41307,2.02936,-118.76465,-3.07652,-18.73375,25.27615,-21.67488,POM_COL,MAS_INS,PomonaPitzer,D3,Team,20250308-PomonaPitzer-1,b33c5c50-fc52-11ef-b7c0-958c15ae1882,79.68517,2.0299,,7.63542,,,,0.76727,2.0299,-1.67697,935155fd-d532-41e2-8f85-0cab3659d8e5,2025-03-08,19:22:38.01,2025-03-08T11:22:38.0100000-08:00,2025-03-08T19:22:38.0100000Z,GroundBall,v3,POM_PIT,,,"Lee, Sammy",1000276388,Right,POM_COL,7328f2f9-4663-4a67-9e33-9abcf656527d,55.30374,-119.88811,12.63807,5.52841,-2.11313,-10.83744,-0.9074,2.86203,-9.36688,,0.766,63.52411,,,,,,,,2.03087,-48.18454,,,,,,,,-1.67567,-64.6406,,,,,,,,,,,,,,,,,,,,,,,,,,,,,,Low,Low,Low,Estimated,Estimated,,,
35,2025-03-08,11:23:10.39,3,1,"Wiessinger, Jack",1000276383,Right,POM_COL,"Tubbs, Reed",1000292148,Right,MAS_INS,Undefined,2,Top,2,0,0,Slider,,FoulBallNotFieldable,Undefined,Undefined,Undefined,0,0,,75.61979,0.674281,-0.184164,2245.095099,,,5.28201,1.1443,4.81764,,,,2.10199,-0.04768,68.18256,-7.679053,-2.334172,0.518155,85.74092,-35.917478,-63.027405,,,,,5.08385,5.08385,-33.691963,0.030915,5.98544,3.22949,-1.11468,50,5.30991,0.84521,-109.4619,-0.28066,7.11545,22.9599,-28.33486,POM_COL,MAS_INS,PomonaPitzer,D3,Team,20250308-PomonaPitzer-1,c68c3550-fc52-11ef-b7c0-958c15ae1882,72.74359,2.28559,,7.43723,,,,2.79875,2.28559,-0.00799,935155fd-d532-41e2-8f85-0cab3659d8e5,2025-03-08,19:23:10.39,2025-03-08T11:23:10.3950000-08:00,2025-03-08T19:23:10.3950000Z,GroundBall,v3,POM_PIT,,,"Lee, Sammy",1000276388,Right,POM_COL,02f4ab98-d769-4af6-8f10-29ec90799572,55.6801,-110.6469,11.47995,5.28666,1.18176,-14.16743,-1.14882,0.47797,3.55772,,2.79824,46.29426,,,,,,,,2.2864,-73.93215,,,,,,,,-0.00699,-90.96514,,,,,,,,,,,,,,,,,,,,,,,,,,,,,,Low,Low,Low,Estimated,Estimated,,,
36,2025-03-08,11:23:29.83,3,2,"Wiessinger, Jack",1000276383,Right,POM_COL,"Tubbs, Reed",1000292148,Right,MAS_INS,Undefined,2,Top,2,0,1,Slider,,BallCalled,Undefined,Undefined,Undefined,0,0,,76.15994,-0.712726,-0.552619,2283.188569,,,5.16667,1.10292,5.01204,,,,0.72954,-0.23613,68.73676,-8.951831,-2.287731,0.513229,,,,,,,,,,,,4.66898,3.60941,-1.04158,50,5.06243,1.46005,-110.22905,-2.89944,5.61679,23.65743,-27.83193,POM_COL,MAS_INS,PomonaPitzer,D3,Team,20250308-PomonaPitzer-1,d21fec40-fc52-11ef-b7c0-958c15ae1882,73.44174,,,7.42317,,,,,,,935155fd-d532-41e2-8f85-0cab3659d8e5,2025-03-08,19:23:29.83,2025-03-08T11:23:29.8370000-08:00,2025-03-08T19:23:29.8370000Z,,v3,POM_PIT,,,"Lee, Sammy",1000276388,Right,POM_COL,3ba97b50-baf2-4883-b246-38bf3791ea94,55.48407,-111.39982,11.82872,5.17184,-1.52207,-13.91597,-1.10696,1.18209,2.8084,,,,,,,,,,,,,,,,,,,,,,,,,,,,,,,,,,,,,,,,,,,,,,,,,,,Low,Low,Low,,,,,
37,2025-03-08,11:23:45.54,3,3,"Wiessinger, Jack",1000276383,Right,POM_COL,"Tubbs, Reed",1000292148,Right,MAS_INS,Undefined,2,Top,2,1,1,Slider,,StrikeSwinging,Undefined,Undefined,Undefined,0,0,,76.75112,-0.163934,-1.293643,2317.507425,,,5.26383,1.25145,5.02189,,,,1.33003,-0.71268,68.65986,-8.465611,-2.869841,0.511299,,,,,,,,,,,,3.92713,3.18477,-1.12005,50,5.21244,2.87356,-110.95792,-1.86237,4.74816,25.43329,-28.32349,POM_COL,MAS_INS,PomonaPitzer,D3,Team,20250308-PomonaPitzer-1,db7b6670-fc52-11ef-b7c0-958c15ae1882,73.71899,,,8.09126,,,,,,,935155fd-d532-41e2-8f85-0cab3659d8e5,2025-03-08,19:23:45.54,2025-03-08T11:23:45.5480000-08:00,2025-03-08T19:23:45.5480000Z,,v3,POM_PIT,,,"Lee, Sammy",1000276388,Right,POM_COL,fcfded68-2e87-49d8-9d97-df2e3802ed2d,55.47241,-112.20528,12.71665,5.26972,-0.47327,-14.16174,-1.25527,2.64069,2.37408,,,,,,,,,,,,,,,,,,,,,,,,,,,,,,,,,,,,,,,,,,,,,,,,,,,Low,Low,Low,,,,,
38,2025-03-08,11:24:03.65,3,4,"Wiessinger, Jack",1000276383,Right,POM_COL,"Tubbs, Reed",1000292148,Right,MAS_INS,Undefined,2,Top,2,1,2,Fastball,,BallCalled,Undefined,Undefined,Undefined,0,0,,88.87027,0.789459,-3.694902,2072.382741,,,5.56482,0.54861,5.34195,,,,4.77787,-1.98905,79.0636,-2.721128,-1.712122,0.438336,,,,,,,,,,,,-6.82343,9.478,-0.22317,50,5.62369,7.76195,-128.36325,1.21135,-11.12182,32.29136,-16.72542,POM_COL,MAS_INS,PomonaPitzer,D3,Team,20250308-PomonaPitzer-1,e63d0050-fc52-11ef-b7c0-958c15ae1882,85.98981,,,9.80667,,,,,,,935155fd-d532-41e2-8f85-0cab3659d8e5,2025-03-08,19:24:03.65,2025-03-08T11:24:03.6570000-08:00,2025-03-08T19:24:03.6570000Z,,v3,POM_PIT,,,"Lee, Sammy",1000276388,Right,POM_COL,9e981c80-b03a-438c-93d4-22fc0d932898,55.15117,-129.65261,16.14568,5.56199,1.87918,-8.36271,-0.54196,8.20603,-5.56091,,,,,,,,,,,,,,,,,,,,,,,,,,,,,,,,,,,,,,,,,,,,,,,,,,,Low,Low,Low,,,,,
39,2025-03-08,11:24:24.52,3,5,"Wiessinger, Jack",1000276383,Right,POM_COL,"Tubbs, Reed",1000292148,Right,MAS_INS,Undefined,2,Top,2,2,2,Slider,,BallCalled,Undefined,Undefined,Undefined,0,0,,77.48147,-0.638098,-2.371763,2306.992954,,,5.14821,1.05946,4.80787,,,,0.47604,-1.7656,70.52444,-9.436818,-3.589887,0.504969,,,,,,,,,,,,2.66528,0.85831,-0.81699,50,5.04248,4.929,-112.1426,-2.99813,3.34207,23.18071,-31.09779,POM_COL,MAS_INS,PomonaPitzer,D3,Team,20250308-PomonaPitzer-1,f2b746b0-fc52-11ef-b7c0-958c15ae1882,74.64307,,,6.95702,,,,,,,935155fd-d532-41e2-8f85-0cab3659d8e5,2025-03-08,19:24:24.52,2025-03-08T11:24:24.5260000-08:00,2025-03-08T19:24:24.5260000Z,,v3,POM_PIT,,,"Lee, Sammy",1000276388,Right,POM_COL,9c1f50ce-abc8-43f2-98de-09ea8a56bef7,55.69119,-113.3129,11.59035,5.15421,-1.42812,-15.5489,-1.06157,4.76027,1.67103,,,,,,,,,,,,,,,,,,,,,,,,,,,,,,,,,,,,,,,,,,,,,,,,,,,Low,Low,Low,,,,,
40,2025-03-08,11:24:45.20,3,6,"Wiessinger, Jack",1000276383,Right,POM_COL,"Tubbs, Reed",1000292148,Right,MAS_INS,Undefined,2,Top,2,3,2,Fastball,,BallCalled,Walk,Undefined,Undefined,0,0,,90.50857,-1.84539,-3.873421,2088.813102,,,5.47218,0.64467,5.57801,,,,2.5538,-2.19749,81.95973,-4.591316,-2.207199,0.425305,,,,,,,,,,,,-5.87618,11.32111,-0.31713,50,5.30397,8.4418,-130.96167,-4.63066,-10.13113,29.53342,-12.65538,POM_COL,MAS_INS,PomonaPitzer,D3,Team,20250308-PomonaPitzer-1,ff039f40-fc52-11ef-b7c0-958c15ae1882,88.62448,,,8.54885,,,,,,,935155fd-d532-41e2-8f85-0cab3659d8e5,2025-03-08,19:24:45.20,2025-03-08T11:24:45.2090000-08:00,2025-03-08T19:24:45.2090000Z,,v3,POM_PIT,,,"Lee, Sammy",1000276388,Right,POM_COL,027acc9d-9ae8-4f4d-a725-9350cff4cac5,54.91895,-132.0663,14.76671,5.46831,-4.15732,-6.32769,-0.63996,8.82073,-5.06556,,,,,,,,,,,,,,,,,,,,,,,,,,,,,,,,,,,,,,,,,,,,,,,,,,,Low,Low,Low,,,,,
41,2025-03-08,11:25:15.78,4,1,"Wiessinger, Jack",1000276383,Right,POM_COL,"Billingsley, Brock",10143567,Left,MAS_INS,Undefined,2,Top,2,0,0,Fastball,,StrikeCalled,Undefined,Undefined,Undefined,0,0,,89.6207,-1.581639,-1.247306,2070.768589,,,5.52749,0.81797,5.31333,,,,2.99395,0.83253,80.74552,-4.032391,1.277705,0.43198,,,,,,,,,,,,-7.46162,12.56902,-0.71539,50,5.37556,2.16002,-129.82293,-3.90926,-12.56952,30.4607,-11.00078,POM_COL,MAS_INS,PomonaPitzer,D3,Team,20250308-PomonaPitzer-1,113cff30-fc53-11ef-b7c0-958c15ae1882,87.25504,,,8.87519,,,,,,,935155fd-d532-41e2-8f85-0cab3659d8e5,2025-03-08,19:25:15.78,2025-03-08T11:25:15.7820000-08:00,2025-03-08T19:25:15.7820000Z,,v3,POM_PIT,,,"Lee, Sammy",1000276388,Right,POM_COL,a13f5a1d-db2f-49f5-8c15-b2e3e1afca57,55.18261,-131.0333,15.23035,5.52221,-3.47214,-5.50039,-0.81115,2.65947,-6.28476,,,,,,,,,,,,,,,,,,,,,,,,,,,,,,,,,,,,,,,,,,,,,,,,,,,Low,Low,Low,,,,,
42,2025-03-08,11:26:10.20,4,2,"Wiessinger, Jack",1000276383,Right,POM_COL,"Billingsley, Brock",10143567,Left,MAS_INS,Undefined,2,Top,2,0,1,Fastball,,BallCalled,Undefined,Undefined,Undefined,0,0,,89.62431,-3.609859,-1.498136,2039.635193,,,5.48124,0.87615,5.20974,,,,0.95023,1.86834,81.89497,-6.182401,3.60778,0.430954,,,,,,,,,,,,-14.8565,12.51902,-0.76044,50,5.13742,2.07924,-129.85552,-8.6012,-25.31253,27.74362,-10.84415,POM_COL,MAS_INS,PomonaPitzer,D3,Team,20250308-PomonaPitzer-1,31a70810-fc53-11ef-b7c0-958c15ae1882,87.46286,,,7.72934,,,,,,,935155fd-d532-41e2-8f85-0cab3659d8e5,2025-03-08,19:26:10.20,2025-03-08T11:26:10.2050000-08:00,2025-03-08T19:26:10.2050000Z,,v3,POM_PIT,,,"Lee, Sammy",1000276388,Right,POM_COL,da6f3a2e-c3e4-48f4-8437-a19750f6d536,55.29215,-130.98131,13.87181,5.47752,-8.16116,-5.42207,-0.86565,3.10638,-12.65626,,,,,,,,,,,,,,,,,,,,,,,,,,,,,,,,,,,,,,,,,,,,,,,,,,,Low,Low,Low,,,,,
43,2025-03-08,11:26:35.84,4,3,"Wiessinger, Jack",1000276383,Right,POM_COL,"Billingsley, Brock",10143567,Left,MAS_INS,Undefined,2,Top,2,1,1,Fastball,,BallCalled,Undefined,Undefined,Undefined,0,0,,89.51294,-0.348794,-0.703839,2050.363437,,,5.58384,0.659,5.18202,,,,4.35046,0.96139,80.97081,-2.485321,1.345939,0.432255,,,,,,,,,,,,-5.94977,12.99068,-0.60267,50,5.54395,1.04955,-129.78115,-1.04892,-10.07052,29.08688,-10.18615,POM_COL,MAS_INS,PomonaPitzer,D3,Team,20250308-PomonaPitzer-1,40eec650-fc53-11ef-b7c0-958c15ae1882,87.1995,,,8.54213,,,,,,,935155fd-d532-41e2-8f85-0cab3659d8e5,2025-03-08,19:26:35.84,2025-03-08T11:26:35.8470000-08:00,2025-03-08T19:26:35.8470000Z,,v3,POM_PIT,,,"Lee, Sammy",1000276388,Right,POM_COL,4db09567-e6c1-48ac-bf7f-3fadb6614fb9,55.31473,-130.96689,14.54344,5.57825,-0.63368,-5.09308,-0.65382,1.46008,-5.03526,,,,,,,,,,,,,,,,,,,,,,,,,,,,,,,,,,,,,,,,,,,,,,,,,,,Low,Low,Low,,,,,
44,2025-03-08,11:26:55.39,4,4,"Wiessinger, Jack",1000276383,Right,POM_COL,"Billingsley, Brock",10143567,Left,MAS_INS,Undefined,2,Top,2,2,1,Fastball,,BallCalled,Undefined,Undefined,Undefined,0,0,,89.3491,-0.25473,-1.092397,2044.729619,,,5.56137,0.59004,5.19602,,,,4.10995,1.02993,81.28294,-3.03045,2.026812,0.431833,,,,,,,,,,,,-9.06595,11.10493,-0.50256,50,5.52738,1.65262,-129.63408,-1.01438,-15.38856,27.73578,-13.32452,POM_COL,MAS_INS,PomonaPitzer,D3,Team,20250308-PomonaPitzer-1,4c95de30-fc53-11ef-b7c0-958c15ae1882,87.28483,,,8.06617,,,,,,,935155fd-d532-41e2-8f85-0cab3659d8e5,2025-03-08,19:26:55.39,2025-03-08T11:26:55.3920000-08:00,2025-03-08T19:26:55.3920000Z,,v3,POM_PIT,,,"Lee, Sammy",1000276388,Right,POM_COL,201652e3-2709-4aa8-a925-ecb5b622d335,55.30245,-130.76364,13.86789,5.55764,-0.47173,-6.66226,-0.58262,2.27934,-7.69428,,,,,,,,,,,,,,,,,,,,,,,,,,,,,,,,,,,,,,,,,,,,,,,,,,,Low,Low,Low,,,,,
45,2025-03-08,11:27:16.53,4,5,"Wiessinger, Jack",1000276383,Right,POM_COL,"Billingsley, Brock",10143567,Left,MAS_INS,Undefined,2,Top,2,3,1,Fastball,,StrikeSwinging,Undefined,Undefined,Undefined,0,0,,90.50065,-1.809532,-1.610631,2079.938732,,,5.55686,0.54061,5.20674,,,,2.50046,0.65783,82.51627,-4.869862,1.860022,0.426338,,,,,,,,,,,,-10.17705,10.23945,-0.40675,50,5.37759,2.76493,-131.23564,-4.67801,-17.72139,28.1709,-14.34397,POM_COL,MAS_INS,PomonaPitzer,D3,Team,20250308-PomonaPitzer-1,5937f7e0-fc53-11ef-b7c0-958c15ae1882,88.40985,,,7.98438,,,,,,,935155fd-d532-41e2-8f85-0cab3659d8e5,2025-03-08,19:27:16.53,2025-03-08T11:27:16.5300000-08:00,2025-03-08T19:27:16.5300000Z,,v3,POM_PIT,,,"Lee, Sammy",1000276388,Right,POM_COL,8026a92f-7512-4344-9908-2d0b16ae6d5f,55.29197,-132.36673,14.08545,5.55385,-4.10209,-7.17199,-0.53205,3.47646,-8.8607,,,,,,,,,,,,,,,,,,,,,,,,,,,,,,,,,,,,,,,,,,,,,,,,,,,Low,Low,Low,,,,,
46,2025-03-08,11:27:36.15,4,6,"Wiessinger, Jack",1000276383,Right,POM_COL,"Billingsley, Brock",10143567,Left,MAS_INS,Undefined,2,Top,2,3,2,Fastball,,StrikeSwinging,Strikeout,Undefined,Undefined,0,0,,89.35959,-2.266463,-2.347836,2043.068586,,,5.53893,0.68474,5.47423,,,,2.35422,-0.34479,80.67643,-4.745127,0.147258,0.431866,,,,,,,,,,,,-7.75583,12.77107,-0.48812,50,5.33139,4.66653,-129.39076,-5.44923,-13.00422,29.76267,-10.76083,POM_COL,MAS_INS,PomonaPitzer,D3,Team,20250308-PomonaPitzer-1,64e77430-fc53-11ef-b7c0-958c15ae1882,87.27817,,,8.68317,,,,,,,935155fd-d532-41e2-8f85-0cab3659d8e5,2025-03-08,19:27:36.15,2025-03-08T11:27:36.1520000-08:00,2025-03-08T19:27:36.1520000Z,,v3,POM_PIT,,,"Lee, Sammy",1000276388,Right,POM_COL,db02abf3-8518-4a61-82f0-123bf4a78d8a,55.02261,-130.54096,14.88134,5.53394,-5.03337,-5.38042,-0.67817,5.16909,-6.50211,,,,,,,,,,,,,,,,,,,,,,,,,,,,,61.43881,,,1.059961,,,,2.05242,5.11027,-3.33245,74.01249,3.31792,-50.76758,2.06037,71.46633,-3.39014,5.14853,14.57162,-15.42136,-3.38241,-51.96534,6.90433,Low,Low,Low,,,Medium,High,High
47,2025-03-08,11:29:36.07,1,1,"Spenner, Matthew",10109532,Right,MAS_INS,"Wakil, Lateef",1000128267,Left,POM_COL,Undefined,2,Bottom,0,0,0,Fastball,,BallCalled,Undefined,Undefined,Undefined,0,0,,87.69087,-0.59368,-2.074188,2001.980486,,,5.65852,1.53436,4.90799,,,,3.91921,1.21974,78.9778,-3.316471,1.407767,0.4447,,,,,,,,,,,,-10.28599,12.37135,-1.34866,50,5.58968,3.64297,-126.947,-1.71539,-16.59293,28.76857,-12.2171,POM_COL,MAS_INS,PomonaPitzer,D3,Team,20250308-PomonaPitzer-1,ac641520-fc53-11ef-b7c0-958c15ae1882,84.75922,,,8.71307,,,,,,,935155fd-d532-41e2-8f85-0cab3659d8e5,2025-03-08,19:29:36.07,2025-03-08T11:29:36.0790000-08:00,2025-03-08T19:29:36.0790000Z,,v3,POM_PIT,,,"Godfrey, Tyler",1000292150,,MAS_INS,f0bd7d25-3707-4ecf-80e9-2cc207f5b3fa,55.58784,-128.20705,14.38429,5.65309,-1.18028,-6.10855,-1.52414,4.36973,-8.29647,,,,,,,,,,,,,,,,,,,,,,,,,,,,,,,,,,,,,,,,,,,,,,,,,,,Low,Low,Low,,,,,
48,2025-03-08,11:29:52.38,1,2,"Spenner, Matthew",10109532,Right,MAS_INS,"Wakil, Lateef",1000128267,Left,POM_COL,Undefined,2,Bottom,0,1,0,Fastball,,BallCalled,Undefined,Undefined,Undefined,0,0,,86.29149,-2.969361,-3.869896,2016.133704,,,5.49125,1.52614,5.10578,,,,0.98925,-0.38927,78.04775,-6.780477,-0.192387,0.451079,,,,,,,,,,,,-11.57016,10.74205,-1.17801,50,5.19535,7.49618,-124.66617,-7.15171,-18.01632,27.53284,-15.44719,POM_COL,MAS_INS,PomonaPitzer,D3,Team,20250308-PomonaPitzer-1,b618abd0-fc53-11ef-b7c0-958c15ae1882,83.56055,,,8.24374,,,,,,,935155fd-d532-41e2-8f85-0cab3659d8e5,2025-03-08,19:29:52.38,2025-03-08T11:29:52.3890000-08:00,2025-03-08T19:29:52.3890000Z,,v3,POM_PIT,,,"Godfrey, Tyler",1000292150,,MAS_INS,5f54342d-06d1-4917-9529-9e66b563f74e,55.39293,-125.85158,13.76642,5.48894,-6.48664,-7.7236,-1.51745,8.27186,-9.00816,,,,,,,,,,,,,,,,,,,,,,,,,,,,,,,,,,,,,,,,,,,,,,,,,,,Low,Low,Low,,,,,
49,2025-03-08,11:30:09.85,1,3,"Spenner, Matthew",10109532,Right,MAS_INS,"Wakil, Lateef",1000128267,Left,POM_COL,Undefined,2,Bottom,0,2,0,Fastball,,StrikeCalled,Undefined,Undefined,Undefined,0,0,,86.23008,-0.882575,-3.642546,2046.567501,,,5.50661,1.46158,5.08524,,,,2.82165,-0.24526,78.07225,-5.030702,0.022482,0.450285,,,,,,,,,,,,-11.33906,9.0489,-1.13341,50,5.40609,6.98997,-124.77922,-2.68099,-17.74985,26.77839,-18.00911,POM_COL,MAS_INS,PomonaPitzer,D3,Team,20250308-PomonaPitzer-1,c0812930-fc53-11ef-b7c0-958c15ae1882,83.70794,,,8.15783,,,,,,,935155fd-d532-41e2-8f85-0cab3659d8e5,2025-03-08,19:30:09.85,2025-03-08T11:30:09.8510000-08:00,2025-03-08T19:30:09.8510000Z,,v3,POM_PIT,,,"Godfrey, Tyler",1000292150,,MAS_INS,8317a056-34a8-4b7c-88da-39e46df0292b,55.41254,-125.93542,13.38919,5.50506,-1.90342,-9.00456,-1.45176,7.75636,-8.87492,,,,,,,,,,,,,,,,,,,,,,,,,,,,,,,,,,,,,,,,,,,,,,,,,,,Low,Low,Low,,,,,
50,2025-03-08,11:30:28.46,1,4,"Spenner, Matthew",10109532,Right,MAS_INS,"Wakil, Lateef",1000128267,Left,POM_COL,Undefined,2,Bottom,0,2,1,Slider,,HitByPitch,Undefined,Undefined,Undefined,0,0,,74.64218,0.728823,-2.434612,2210.066839,,,5.41766,1.67932,4.47514,,,,1.94817,-1.48354,67.35909,-8.291412,-4.196331,0.529131,,,,,,,,,,,,4.1441,2.18803,-1.41226,50,5.44672,4.99639,-107.88444,-0.38892,4.77804,22.56944,-29.6513,POM_COL,MAS_INS,PomonaPitzer,D3,Team,20250308-PomonaPitzer-1,cba6b500-fc53-11ef-b7c0-958c15ae1882,71.23456,,,7.28309,,,,,,,935155fd-d532-41e2-8f85-0cab3659d8e5,2025-03-08,19:30:28.46,2025-03-08T11:30:28.4690000-08:00,2025-03-08T19:30:28.4690000Z,,v3,POM_PIT,,,"Godfrey, Tyler",1000292150,,MAS_INS,d61c98bf-689a-4716-afae-2bfa532ce2d1,56.0237,-109.13732,11.28472,5.42262,1.25709,-14.82565,-1.68226,4.73115,2.38902,,,,,,,,,,,,,,,,,,,,,,,,,,,,,,,,,,,,,,,,,,,,,,,,,,,Low,Low,Low,,,,,
51,2025-03-08,11:30:57.32,2,1,"Spenner, Matthew",10109532,Right,MAS_INS,"Hattenburg, Xavier",10277269,Left,POM_COL,Undefined,2,Bottom,0,0,0,Fastball,,BallCalled,Undefined,Undefined,Undefined,0,0,,87.08295,-3.859805,-2.793432,1926.144613,,,5.81974,1.06666,5.01223,,,,0.36564,-1.11914,79.15859,-7.855485,-1.834922,0.447367,,,,,,,,,,,,-3.56496,10.02256,-0.80325,50,5.43187,5.89474,-125.81372,-9.25352,-5.66387,27.62254,-16.25062,POM_COL,MAS_INS,PomonaPitzer,D3,Team,20250308-PomonaPitzer-1,dcd13d00-fc53-11ef-b7c0-958c15ae1882,84.25403,,,7.92436,,,,,,,935155fd-d532-41e2-8f85-0cab3659d8e5,2025-03-08,19:30:57.32,2025-03-08T11:30:57.3260000-08:00,2025-03-08T19:30:57.3260000Z,,v3,POM_PIT,,,"Godfrey, Tyler",1000292150,,MAS_INS,a6ad3f34-0be1-4067-b2e9-84cf2cbc1b11,55.48632,-127.01254,13.81127,5.81817,-8.54825,-8.12531,-1.06441,6.14055,-2.83194,,,,,,,,,,,,,,,,,,,,,,,,,,,,,,,,,,,,,,,,,,,,,,,,,,,Low,Low,Low,,,,,
52,2025-03-08,11:31:12.28,2,2,"Spenner, Matthew",10109532,Right,MAS_INS,"Hattenburg, Xavier",10277269,Left,POM_COL,Undefined,2,Bottom,0,1,0,Fastball,,BallCalled,Undefined,Undefined,Undefined,0,0,,87.31834,-2.770352,-2.594147,1945.466974,,,5.47429,1.68369,4.99078,,,,0.80662,0.46073,78.94173,-7.307221,0.006764,0.446814,,,,,,,,,,,,-8.09969,8.19827,-1.44636,50,5.1878,5.03395,-126.23245,-7.00311,-12.89766,28.84365,-19.11936,POM_COL,MAS_INS,PomonaPitzer,D3,Team,20250308-PomonaPitzer-1,e5bf0140-fc53-11ef-b7c0-958c15ae1882,84.35822,,,8.37661,,,,,,,935155fd-d532-41e2-8f85-0cab3659d8e5,2025-03-08,19:31:12.28,2025-03-08T11:31:12.2870000-08:00,2025-03-08T19:31:12.2870000Z,,v3,POM_PIT,,,"Godfrey, Tyler",1000292150,,MAS_INS,512710f5-9023-48b8-bbb9-a10c165b4d67,55.50607,-127.48436,14.42183,5.47375,-6.17327,-9.55968,-1.67699,5.59375,-6.44883,,,,,,,,,,,,,,,,,,,,,,,,,,,,,,,,,,,,,,,,,,,,,,,,,,,Low,Low,Low,,,,,
53,2025-03-08,11:31:28.37,2,3,"Spenner, Matthew",10109532,Right,MAS_INS,"Hattenburg, Xavier",10277269,Left,POM_COL,Undefined,2,Bottom,0,2,0,Fastball,,BallCalled,Undefined,Undefined,Undefined,0,0,,87.60684,-2.127292,-3.429381,1981.655253,,,5.53434,1.38084,5.07258,,,,1.66124,-0.57303,78.71142,-6.303057,-0.712247,0.445694,,,,,,,,,,,,-8.74969,9.04315,-1.06796,50,5.31526,6.86862,-126.56828,-5.48413,-13.94617,30.02772,-17.76011,POM_COL,MAS_INS,PomonaPitzer,D3,Team,20250308-PomonaPitzer-1,ef50f4c0-fc53-11ef-b7c0-958c15ae1882,84.57024,,,8.89542,,,,,,,935155fd-d532-41e2-8f85-0cab3659d8e5,2025-03-08,19:31:28.37,2025-03-08T11:31:28.3720000-08:00,2025-03-08T19:31:28.3720000Z,,v3,POM_PIT,,,"Godfrey, Tyler",1000292150,,MAS_INS,9ce160e2-b4ef-40f9-9abf-76c80777a1a6,55.42366,-127.84854,15.01386,5.53293,-4.72691,-8.88006,-1.37348,7.46323,-6.97308,,,,,,,,,,,,,,,,,,,,,,,,,,,,,,,,,,,,,,,,,,,,,,,,,,,Low,Low,Low,,,,,
54,2025-03-08,11:32:40.98,2,4,"Spenner, Matthew",10109532,Right,MAS_INS,"Hattenburg, Xavier",10277269,Left,POM_COL,Undefined,2,Bottom,0,3,0,Fastball,,StrikeCalled,Undefined,Undefined,Undefined,0,0,,88.28858,-3.207715,-3.141525,1951.49455,,,5.6741,1.33784,5.04394,,,,1.53471,-0.97107,79.9946,-5.755982,-1.751192,0.440646,,,,,,,,,,,,-4.84516,13.34209,-1.04461,50,5.35785,6.63564,-127.60037,-7.53787,-7.93009,28.04,-10.33691,POM_COL,MAS_INS,PomonaPitzer,D3,Team,20250308-PomonaPitzer-1,1a9c5480-fc54-11ef-b7c0-958c15ae1882,85.53904,,,8.29398,,,,,,,935155fd-d532-41e2-8f85-0cab3659d8e5,2025-03-08,19:32:40.98,2025-03-08T11:32:40.9840000-08:00,2025-03-08T19:32:40.9840000Z,,v3,POM_PIT,,,"Godfrey, Tyler",1000292150,,MAS_INS,634668e8-9166-4462-bad2-c659cda9edf7,55.45309,-128.79311,14.02,5.66914,-7.09817,-5.16845,-1.33404,6.97296,-3.96504,,,,,,,,,,,,,,,,,,,,,,,,,,,,,,,,,,,,,,,,,,,,,,,,,,,Low,Low,Low,,,,,
55,2025-03-08,11:32:55.28,2,5,"Spenner, Matthew",10109532,Right,MAS_INS,"Hattenburg, Xavier",10277269,Left,POM_COL,Undefined,2,Bottom,0,3,1,Fastball,,BallCalled,Walk,Undefined,Undefined,0,0,,86.92316,-2.684008,-3.707778,2014.231758,,,5.43896,1.45255,5.14337,,,,1.10387,-1.01442,78.81692,-6.708801,-1.527499,0.446958,,,,,,,,,,,,-7.28382,9.65406,-1.11501,50,5.17098,7.58642,-125.63786,-6.63678,-11.54209,27.50148,-16.87606,POM_COL,MAS_INS,PomonaPitzer,D3,Team,20250308-PomonaPitzer-1,23211dc0-fc54-11ef-b7c0-958c15ae1882,84.33107,,,8.10625,,,,,,,935155fd-d532-41e2-8f85-0cab3659d8e5,2025-03-08,19:32:55.28,2025-03-08T11:32:55.2840000-08:00,2025-03-08T19:32:55.2840000Z,,v3,POM_PIT,,,"Godfrey, Tyler",1000292150,,MAS_INS,8401d00b-7ada-409a-af14-04130647b850,55.35456,-126.80453,13.75074,5.43735,-5.92087,-8.43803,-1.44723,8.07606,-5.77105,,,,,,,,,,,,,,,,,,,,,,,,,,,,,,,,,,,,,,,,,,,,,,,,,,,Low,Low,Low,,,,,
56,2025-03-08,11:33:19.01,3,1,"Spenner, Matthew",10109532,Right,MAS_INS,"Pierantoni, Greg",1000091552,Right,POM_COL,Undefined,2,Bottom,0,0,0,Slider,,StrikeCalled,Undefined,Undefined,Undefined,0,0,,75.38013,1.852233,-1.443999,2215.715811,,,5.46553,1.66028,4.3801,,,,3.07931,0.03645,68.733,-7.114346,-1.956295,0.520811,,,,,,,,,,,,0.99441,1.20366,-1.50273,50,5.61459,2.87631,-109.11398,1.68798,1.19357,19.9898,-30.72934,POM_COL,MAS_INS,PomonaPitzer,D3,Team,20250308-PomonaPitzer-1,314d32d0-fc54-11ef-b7c0-958c15ae1882,72.37253,,,6.64713,,,,,,,935155fd-d532-41e2-8f85-0cab3659d8e5,2025-03-08,19:33:19.01,2025-03-08T11:33:19.0160000-08:00,2025-03-08T19:33:19.0160000Z,,v3,POM_PIT,,,"Godfrey, Tyler",1000292150,,MAS_INS,2b230339-f843-429d-a52c-1d2dfff4711c,56.11742,-110.229,9.9949,5.47263,3.40205,-15.36467,-1.66131,2.80973,0.59678,,,,,,,,,,,,,,,,,,,,,,,,,,,,,,,,,,,,,,,,,,,,,,,,,,,Low,Low,Low,,,,,
57,2025-03-08,11:33:35.47,3,2,"Spenner, Matthew",10109532,Right,MAS_INS,"Pierantoni, Greg",1000091552,Right,POM_COL,Undefined,2,Bottom,0,0,1,Slider,,BallCalled,Undefined,Undefined,Undefined,0,0,,77.20998,-0.826206,-2.301565,2402.335187,,,5.192,1.80705,4.94445,,,,0.74055,-1.19662,70.77862,-8.789865,-4.052265,0.503393,,,,,,,,,,,,4.23244,3.13823,-1.57486,50,5.07558,4.90008,-111.85633,-3.14928,5.32844,21.36694,-28.22319,POM_COL,MAS_INS,PomonaPitzer,D3,Team,20250308-PomonaPitzer-1,3b1db5f0-fc54-11ef-b7c0-958c15ae1882,74.87675,,,6.43137,,,,,,,935155fd-d532-41e2-8f85-0cab3659d8e5,2025-03-08,19:33:35.47,2025-03-08T11:33:35.4760000-08:00,2025-03-08T19:33:35.4760000Z,,v3,POM_PIT,,,"Godfrey, Tyler",1000292150,,MAS_INS,38ce3258-bb04-49f0-951b-d3190fccfd04,55.55402,-112.91227,10.68347,5.19675,-1.75449,-14.11159,-1.81051,4.63675,2.66422,,,,,,,,,,,,,,,,,,,,,,,,,,,,,,,,,,,,,,,,,,,,,,,,,,,Low,Low,Low,,,,,
58,2025-03-08,11:33:53.10,3,3,"Spenner, Matthew",10109532,Right,MAS_INS,"Pierantoni, Greg",1000091552,Right,POM_COL,Undefined,2,Bottom,0,1,1,Fastball,,BallCalled,Undefined,Undefined,Undefined,0,0,,88.08091,-4.795458,-4.379054,2085.684557,,,5.53225,1.61337,5.18455,,,,-0.42169,-0.89701,80.01405,-7.996663,-0.951972,0.441559,,,,,,,,,,,,-11.07851,12.1365,-1.22162,50,5.07231,8.86212,-126.98936,-11.23023,-17.96907,27.63806,-12.48896,POM_COL,MAS_INS,PomonaPitzer,D3,Team,20250308-PomonaPitzer-1,4592b670-fc54-11ef-b7c0-958c15ae1882,85.36217,,,8.06687,,,,,,,935155fd-d532-41e2-8f85-0cab3659d8e5,2025-03-08,19:33:53.10,2025-03-08T11:33:53.1040000-08:00,2025-03-08T19:33:53.1040000Z,,v3,POM_PIT,,,"Godfrey, Tyler",1000292150,,MAS_INS,1dc7ae76-6361-4955-8e12-7c85c207175f,55.31584,-128.14109,13.81903,5.52945,-10.7098,-6.24448,-1.60653,9.61092,-8.98454,,,,,,,,,,,,,,,,,,,,,,,,,,,,,,,,,,,,,,,,,,,,,,,,,,,Low,Low,Low,,,,,
59,2025-03-08,11:34:12.65,3,4,"Spenner, Matthew",10109532,Right,MAS_INS,"Pierantoni, Greg",1000091552,Right,POM_COL,Undefined,2,Bottom,0,2,1,Fastball,,InPlay,Undefined,Bunt,Sacrifice,1,0,,88.5305,-1.402061,-2.888576,2055.863936,,,5.31697,1.63484,5.23238,,,,2.82072,0.22247,79.51961,-4.135974,-0.116378,0.438818,30.1268,4.53043,-23.214867,1622.40357,,,,25.77004,24.89409,-21.666613,0.534026,-8.80823,12.3882,-1.38115,50,5.17822,5.75536,-128.11387,-3.54035,-14.40507,30.41857,-11.91426,POM_COL,MAS_INS,PomonaPitzer,D3,Team,20250308-PomonaPitzer-1,513ded00-fc54-11ef-b7c0-958c15ae1882,85.89529,2.97119,,9.01088,,,,3.09594,2.78796,-0.22743,935155fd-d532-41e2-8f85-0cab3659d8e5,2025-03-08,19:34:12.65,2025-03-08T11:34:12.6540000-08:00,2025-03-08T19:34:12.6540000Z,GroundBall,v3,POM_PIT,,,"Godfrey, Tyler",1000292150,,MAS_INS,87d71a0a-d478-4b70-8934-938f623c763f,55.26585,-129.35812,15.20929,5.31307,-3.05301,-5.95713,-1.62862,6.34459,-7.20254,,3.09636,40.46886,-2.66015,,,,,,,2.79219,3.38545,-16.14499,,,,,,,-0.22674,-17.38016,-0.0243,,,,,,,,,,,,,,,,,,,,,,,,,,,,,Low,Low,Low,High,High,,,
60,2025-03-08,11:35:41.11,4,1,"Spenner, Matthew",10109532,Right,MAS_INS,"Kinney, William",1000092038,Right,POM_COL,Undefined,2,Bottom,1,0,0,Slider,Curveball,BallCalled,Undefined,Undefined,Undefined,0,0,,74.3352,3.417126,-0.050784,2228.052032,71.578618,8:30,5.2414,1.61405,4.80764,-57.29672,-4.24799,-17.92505,3.70796,0.07218,67.75511,-6.932058,-3.201854,0.524214,,,,,,,,,,,,8.72811,-2.51095,-1.59275,50,5.53221,0.82699,-107.64244,4.40321,10.18649,19.60722,-35.10455,POM_COL,MAS_INS,PomonaPitzer,D3,Team,20250308-PomonaPitzer-1,8567f5d0-fc54-11ef-b7c0-958c15ae1882,71.90273,,,6.58009,,,,,,,935155fd-d532-41e2-8f85-0cab3659d8e5,2025-03-08,19:35:41.11,2025-03-08T11:35:41.1120000-08:00,2025-03-08T19:35:41.1120000Z,,v3,POM_PIT,,,"Godfrey, Tyler",1000292150,,MAS_INS,b0889e9c-941a-4573-ba50-77d6e8e75967,55.69302,-108.67448,9.80361,5.25181,6.25097,-17.55228,-1.62217,0.29082,5.09324,,,,,,,,,,,,,,,,,,,,,,,,,,,,,,,,,,,,,,,,,,,,,,,,,,,High,High,High,,,,,
61,2025-03-08,11:35:55.23,4,2,"Spenner, Matthew",10109532,Right,MAS_INS,"Kinney, William",1000092038,Right,POM_COL,Undefined,2,Bottom,1,1,0,Slider,Curveball,StrikeCalled,Undefined,Undefined,Undefined,0,0,,74.82666,2.557335,-0.997496,2270.011284,49.183273,7:45,5.23712,1.56819,4.43957,-60.76787,-7.40008,-10.69977,2.61441,-0.27501,67.97838,-8.331548,-2.867449,0.525788,,,,,,,,,,,,4.83764,-3.76756,-1.4515,50,5.44897,2.34163,-108.26794,2.56442,5.67479,20.97178,-36.59356,POM_COL,MAS_INS,PomonaPitzer,D3,Team,20250308-PomonaPitzer-1,8dd0f9b0-fc54-11ef-b7c0-958c15ae1882,71.68746,,,6.84828,,,,,,,935155fd-d532-41e2-8f85-0cab3659d8e5,2025-03-08,19:35:55.23,2025-03-08T11:35:55.2300000-08:00,2025-03-08T19:35:55.2300000Z,,v3,POM_PIT,,,"Godfrey, Tyler",1000292150,,MAS_INS,b8dfe563-3b24-4151-aed4-f6e8ad1490dd,56.05996,-109.43547,10.48589,5.24949,4.60164,-18.29678,-1.57307,2.02571,2.8374,,,,,,,,,,,,,,,,,,,,,,,,,,,,,,,,,,,,,,,,,,,,,,,,,,,High,High,High,,,,,
62,2025-03-08,11:36:09.40,4,3,"Spenner, Matthew",10109532,Right,MAS_INS,"Kinney, William",1000092038,Right,POM_COL,Undefined,2,Bottom,1,1,1,Fastball,Four-Seam,FoulBallNotFieldable,Undefined,Undefined,Undefined,0,0,,87.98704,-1.114658,-2.465293,2047.285001,216.353523,1:15,5.2497,1.47214,5.13571,-22.11422,15.75564,10.54127,2.35608,0.0276,78.9347,-5.25996,-0.601469,0.442913,43.58483,-40.691937,125.348354,,,,,2.23519,2.23519,86.701812,0.056712,-6.06847,8.6128,-1.24948,50,5.1288,4.99399,-127.28352,-3.24029,-9.76815,30.71157,-18.31044,POM_COL,MAS_INS,PomonaPitzer,D3,Team,20250308-PomonaPitzer-1,9641c5c0-fc54-11ef-b7c0-958c15ae1882,85.10127,2.38516,,9.05235,,,,1.73336,2.38516,-0.03096,935155fd-d532-41e2-8f85-0cab3659d8e5,2025-03-08,19:36:09.40,2025-03-08T11:36:09.4030000-08:00,2025-03-08T19:36:09.4030000Z,GroundBall,v3,POM_PIT,,,"Godfrey, Tyler",1000292150,,MAS_INS,dcf514e0-8639-4272-a290-4f5934b9192d,55.36048,-128.57041,15.35578,5.2485,-2.47303,-9.15522,-1.46731,5.4033,-4.88407,,1.73569,-28.29676,,,,,,,,2.38862,-42.05736,,,,,,,,-0.03424,39.89352,,,,,,,,,,,,,,,,,,,,,,,,,,,,,,High,High,High,Estimated,Estimated,,,
63,2025-03-08,11:36:29.71,4,4,"Spenner, Matthew",10109532,Right,MAS_INS,"Kinney, William",1000092038,Right,POM_COL,Undefined,2,Bottom,1,1,2,Slider,Slider,StrikeSwinging,Strikeout,Undefined,Undefined,0,0,,77.33014,0.940596,-1.485577,2428.749795,82.555665,8:45,5.05921,1.68523,4.94168,-49.95589,-0.83284,-19.48411,1.78554,-1.34274,70.2572,-8.109641,-4.920645,0.504445,,,,,,,,,,,,9.07579,-0.14673,-1.52425,50,5.1098,3.72146,-112.00456,0.05295,11.35463,23.08669,-32.35761,POM_COL,MAS_INS,PomonaPitzer,D3,Team,20250308-PomonaPitzer-1,a25d4a50-fc54-11ef-b7c0-958c15ae1882,74.72059,,,7.07294,,,,,,,935155fd-d532-41e2-8f85-0cab3659d8e5,2025-03-08,19:36:29.71,2025-03-08T11:36:29.7100000-08:00,2025-03-08T19:36:29.7100000Z,,v3,POM_PIT,,,"Godfrey, Tyler",1000292150,,MAS_INS,9bfa95db-507b-4d14-b1a4-468670215636,55.55668,-113.14412,11.54335,5.06777,1.65012,-16.17881,-1.69411,3.161,5.67731,,,,,,,,,,,,,,,,,,,,,,,,,,,,,,,,,,,,,,,,,,,,,,,,,,,High,High,High,,,,,
64,2025-03-08,11:36:53.93,5,1,"Spenner, Matthew",10109532,Right,MAS_INS,"Legg, Jimmy",1000115608,Left,POM_COL,Undefined,2,Bottom,2,0,0,Fastball,Sinker,BallCalled,Undefined,Undefined,Undefined,0,0,,87.90609,-0.379428,-1.155471,2023.010454,240.964952,2:00,5.43444,1.47586,5.00811,-25.85915,11.89914,19.06001,2.92128,1.97338,79.53727,-5.158315,2.210636,0.44226,,,,,,,,,,,,-9.69591,6.39618,-1.38076,50,5.37773,1.65994,-127.36964,-1.80272,-15.76386,28.67746,-21.77497,POM_COL,MAS_INS,PomonaPitzer,D3,Team,20250308-PomonaPitzer-1,b0cc5bd0-fc54-11ef-b7c0-958c15ae1882,85.2269,,,8.36882,,,,,,,935155fd-d532-41e2-8f85-0cab3659d8e5,2025-03-08,19:36:53.93,2025-03-08T11:36:53.9320000-08:00,2025-03-08T19:36:53.9320000Z,,v3,POM_PIT,,,"Godfrey, Tyler",1000292150,,MAS_INS,ea8842ff-3c63-4ab9-bdc4-5f7b7718a8d7,55.48831,-128.59941,14.33873,5.43501,-0.86895,-10.88749,-1.46644,2.33594,-7.88193,,,,,,,,,,,,,,,,,,,,,,,,,,,,,,,,,,,,,,,,,,,,,,,,,,,High,High,High,,,,,
65,2025-03-08,11:37:09.15,5,2,"Spenner, Matthew",10109532,Right,MAS_INS,"Legg, Jimmy",1000115608,Left,POM_COL,Undefined,2,Bottom,2,1,0,Fastball,Sinker,StrikeCalled,Undefined,Undefined,Undefined,0,0,,88.15186,-1.689458,-3.584583,1970.008061,230.436794,1:45,5.26553,1.39167,5.18875,-22.71899,14.52965,16.04406,1.77933,-0.64798,80.09854,-5.909816,-0.748161,0.439265,,,,,,,,,,,,-9.0563,8.11217,-1.07128,50,5.09161,7.26214,-127.58369,-4.57021,-14.84813,27.54866,-18.87385,POM_COL,MAS_INS,PomonaPitzer,D3,Team,20250308-PomonaPitzer-1,b9e06cc0-fc54-11ef-b7c0-958c15ae1882,85.80794,,,8.05332,,,,,,,935155fd-d532-41e2-8f85-0cab3659d8e5,2025-03-08,19:37:09.15,2025-03-08T11:37:09.1530000-08:00,2025-03-08T19:37:09.1530000Z,,v3,POM_PIT,,,"Godfrey, Tyler",1000292150,,MAS_INS,4d4d7ce9-722c-4587-bc76-9a4e59fcf92a,55.30992,-128.72514,13.77433,5.26477,-3.78819,-9.43693,-1.38492,7.87735,-7.42407,,,,,,,,,,,,,,,,,,,,,,,,,,,,,,,,,,,,,,,,,,,,,,,,,,,High,High,High,,,,,
66,2025-03-08,11:37:29.70,5,3,"Spenner, Matthew",10109532,Right,MAS_INS,"Legg, Jimmy",1000115608,Left,POM_COL,Undefined,2,Bottom,2,1,1,Slider,Curveball,InPlay,Undefined,FlyBall,Double,0,2,,76.67215,1.587742,-0.842317,2243.139511,63.774493,8:15,5.1744,1.71677,4.76769,-54.77326,-4.98733,-13.36934,2.11587,-0.19601,70.23344,-8.268603,-3.194243,0.507837,97.879,31.572335,16.379015,2951.28552,105.02332,69.67719,32.71131,338.73794,331.01059,19.452877,5.622642,6.36599,-2.51831,-1.61982,50,5.28497,2.17962,-111.18092,1.09788,7.92685,20.90215,-35.30982,POM_COL,MAS_INS,PomonaPitzer,D3,Team,20250308-PomonaPitzer-1,c6209050-fc54-11ef-b7c0-958c15ae1882,74.22147,100.69838,,6.43871,,,,1.1772,2.43903,-0.03267,935155fd-d532-41e2-8f85-0cab3659d8e5,2025-03-08,19:37:29.70,2025-03-08T11:37:29.7030000-08:00,2025-03-08T19:37:29.7030000Z,FlyBall,v3,POM_PIT,,,"Godfrey, Tyler",1000292150,,MAS_INS,1d79aed7-a6c8-4fe6-ae1e-a05f06731b74,55.73418,-112.25378,10.45107,5.1821,2.91025,-17.65491,-1.72125,1.77275,3.96343,186.294346,1.18384,117.21416,-30.92517,8.13592,-1.49312,0.16434,-0.00602,-0.00051,4E-05,2.43274,75.27294,-13.94596,-1.03136,0.59353,-0.1634,0.03137,-0.00357,0.00017,-0.03102,34.45842,-6.62015,1.4855,-0.20641,0.00605,0.00316,-0.00047,2E-05,,,,,,,,,,,,,,,,,,,,,,,High,High,High,Medium,Medium,,,
67,2025-03-08,11:38:15.29,6,1,"Spenner, Matthew",10109532,Right,MAS_INS,"Ng, JC",1000115591,Left,POM_COL,Undefined,2,Bottom,2,0,0,Fastball,Four-Seam,StrikeSwinging,Undefined,Undefined,Undefined,0,0,,88.67312,-1.108462,-2.43228,2017.23509,218.036881,1:15,5.46695,1.3783,5.06488,-18.31355,18.59505,13.5654,2.89455,0.21392,80.45795,-4.549788,-0.037046,0.437255,,,,,,,,,,,,-7.40414,9.90087,-1.15828,50,5.34771,4.81573,-128.44429,-3.10027,-12.30633,27.86839,-15.71796,POM_COL,MAS_INS,PomonaPitzer,D3,Team,20250308-PomonaPitzer-1,e140afa0-fc54-11ef-b7c0-958c15ae1882,86.20235,,,8.21517,,,,,,,935155fd-d532-41e2-8f85-0cab3659d8e5,2025-03-08,19:38:15.29,2025-03-08T11:38:15.2980000-08:00,2025-03-08T19:38:15.2980000Z,,v3,POM_PIT,,,"Godfrey, Tyler",1000292150,,MAS_INS,a58388f0-5cd3-485f-8cbe-ee6a94f71d80,55.43209,-129.61752,13.93419,5.4643,-2.43856,-7.85898,-1.37193,5.33382,-6.15317,,,,,,,,,,,,,,,,,,,,,,,,,,,,,,,,,,,,,,,,,,,,,,,,,,,High,High,High,,,,,
68,2025-03-08,11:38:31.85,6,2,"Spenner, Matthew",10109532,Right,MAS_INS,"Ng, JC",1000115591,Left,POM_COL,Undefined,2,Bottom,2,0,1,Fastball,Four-Seam,HitByPitch,Undefined,Undefined,Undefined,0,0,,88.47841,-0.704277,-3.96086,2030.797658,209.459302,1:00,5.49134,1.36875,5.30433,-19.96233,16.86206,8.82083,3.16506,-1.62035,80.28707,-4.448952,-2.400848,0.436756,,,,,,,,,,,,-5.63307,9.0365,-1.01536,50,5.41329,8.47877,-128.07202,-2.24697,-9.30025,27.92313,-17.25464,POM_COL,MAS_INS,PomonaPitzer,D3,Team,20250308-PomonaPitzer-1,eb2297e0-fc54-11ef-b7c0-958c15ae1882,86.30086,,,8.19134,,,,,,,935155fd-d532-41e2-8f85-0cab3659d8e5,2025-03-08,19:38:31.85,2025-03-08T11:38:31.8570000-08:00,2025-03-08T19:38:31.8570000Z,,v3,POM_PIT,,,"Godfrey, Tyler",1000292150,,MAS_INS,21c5280d-1635-44a9-819c-a942ab114590,55.19512,-129.19973,13.96157,5.48996,-1.55012,-8.62732,-1.36537,8.85437,-4.65012,,,,,,,,,,,,,,,,,,,,,,,,,,,,,,,,,,,,,,,,,,,,,,,,,,,High,High,High,,,,,
69,2025-03-08,11:39:00.24,7,1,"Spenner, Matthew",10109532,Right,MAS_INS,"Gold, Jack",1000108729,Left,POM_COL,Undefined,2,Bottom,2,0,0,Fastball,Four-Seam,StrikeCalled,Undefined,Undefined,Undefined,0,0,,87.55919,-1.278662,-2.840905,2063.735276,215.34228,1:15,5.53522,1.27644,5.39146,-22.41438,14.97851,9.72851,2.46729,-0.57761,79.62075,-5.462065,-1.113377,0.440115,,,,,,,,,,,,-5.69024,8.26386,-1.02955,50,5.40549,5.85908,-126.85224,-3.58934,-9.22886,27.07331,-18.77115,POM_COL,MAS_INS,PomonaPitzer,D3,Team,20250308-PomonaPitzer-1,fc0e1b10-fc54-11ef-b7c0-958c15ae1882,85.64228,,,7.93844,,,,,,,935155fd-d532-41e2-8f85-0cab3659d8e5,2025-03-08,19:39:00.24,2025-03-08T11:39:00.2450000-08:00,2025-03-08T19:39:00.2450000Z,,v3,POM_PIT,,,"Godfrey, Tyler",1000292150,,MAS_INS,2c4a1e97-dc90-4db7-8fb1-e9bb72614938,55.10555,-127.93725,13.53666,5.53426,-2.83705,-9.38558,-1.27178,6.22894,-4.61443,,,,,,,,,,,,,,,,,,,,,,,,,,,,,,,,,,,,,,,,,,,,,,,,,,,High,High,High,,,,,
70,2025-03-08,11:39:17.44,7,2,"Spenner, Matthew",10109532,Right,MAS_INS,"Gold, Jack",1000108729,Left,POM_COL,Undefined,2,Bottom,2,0,1,ChangeUp,Changeup,BallCalled,Undefined,Undefined,Undefined,0,0,,80.63164,-2.686407,-1.818055,2064.879817,248.404186,2:15,5.24488,1.56391,5.29872,-36.26179,7.97185,16.40938,-0.30218,1.22392,73.94959,-9.294595,1.100774,0.478683,,,,,,,,,,,,-8.84745,5.18599,-1.41132,50,4.974,3.0546,-116.85443,-6.71652,-12.16612,23.15123,-25.04279,POM_COL,MAS_INS,PomonaPitzer,D3,Team,20250308-PomonaPitzer-1,0653a720-fc55-11ef-b7c0-958c15ae1882,78.74198,,,6.68206,,,,,,,935155fd-d532-41e2-8f85-0cab3659d8e5,2025-03-08,19:39:17.44,2025-03-08T11:39:17.4450000-08:00,2025-03-08T19:39:17.4450000Z,,v3,POM_PIT,,,"Godfrey, Tyler",1000292150,,MAS_INS,1f01e09c-b49e-4c8c-931b-f681c2247d9e,55.20199,-117.88055,11.57562,5.24709,-5.60656,-12.52139,-1.55865,3.59383,-6.08306,,,,,,,,,,,,,,,,,,,,,,,,,,,,,,,,,,,,,,,,,,,,,,,,,,,High,High,High,,,,,
71,2025-03-08,11:39:41.24,7,3,"Spenner, Matthew",10109532,Right,MAS_INS,"Gold, Jack",1000108729,Left,POM_COL,Undefined,2,Bottom,2,1,1,Fastball,Sinker,BallCalled,Undefined,Undefined,Undefined,0,0,,88.05745,-0.358577,-1.169446,2021.509812,237.514812,2:00,5.28302,1.51384,5.20333,-24.4599,12.46898,17.76481,2.90738,1.89422,80.54524,-4.879712,1.978951,0.437375,,,,,,,,,,,,-9.11063,6.67036,-1.41918,50,5.2317,1.78696,-127.7989,-1.68323,-15.08733,26.0132,-21.12787,POM_COL,MAS_INS,PomonaPitzer,D3,Team,20250308-PomonaPitzer-1,147a6500-fc55-11ef-b7c0-958c15ae1882,86.17867,,,7.51221,,,,,,,935155fd-d532-41e2-8f85-0cab3659d8e5,2025-03-08,19:39:41.24,2025-03-08T11:39:41.2490000-08:00,2025-03-08T19:39:41.2490000Z,,v3,POM_PIT,,,"Godfrey, Tyler",1000292150,,MAS_INS,21b93a7c-2dbe-4ef2-b372-42c64c612165,55.29492,-128.87217,13.0066,5.28316,-0.81153,-10.56394,-1.50574,2.40944,-7.54367,,,,,,,,,,,,,,,,,,,,,,,,,,,,,,,,,,,,,,,,,,,,,,,,,,,High,High,High,,,,,
72,2025-03-08,11:39:57.65,7,4,"Spenner, Matthew",10109532,Right,MAS_INS,"Gold, Jack",1000108729,Left,POM_COL,Undefined,2,Bottom,2,2,1,Fastball,Sinker,BallCalled,Undefined,Undefined,Undefined,0,0,,87.86507,-2.396394,-2.525169,2043.94911,232.900692,1:45,5.43875,1.38167,5.08709,-22.76474,14.91717,17.98745,1.27948,0.49901,79.79199,-6.615377,0.65453,0.441812,,,,,,,,,,,,-9.65441,8.50693,-1.15736,50,5.19438,4.77368,-127.1783,-6.13538,-15.69561,27.87831,-18.34395,POM_COL,MAS_INS,PomonaPitzer,D3,Team,20250308-PomonaPitzer-1,1e4b0f30-fc55-11ef-b7c0-958c15ae1882,85.31323,,,8.07308,,,,,,,935155fd-d532-41e2-8f85-0cab3659d8e5,2025-03-08,19:39:57.65,2025-03-08T11:39:57.6500000-08:00,2025-03-08T19:39:57.6500000Z,,v3,POM_PIT,,,"Godfrey, Tyler",1000292150,,MAS_INS,26d6232e-e803-4017-bf0e-c02c4be405d9,55.41069,-128.35888,13.93916,5.43775,-5.35856,-9.17198,-1.37358,5.43835,-7.84781,,,,,,,,,,,,,,,,,,,,,,,,,,,,,,,,,,,,,,,,,,,,,,,,,,,High,High,High,,,,,
73,2025-03-08,11:40:16.09,7,5,"Spenner, Matthew",10109532,Right,MAS_INS,"Gold, Jack",1000108729,Left,POM_COL,Undefined,2,Bottom,2,3,1,Fastball,Changeup,InPlay,Undefined,FlyBall,HomeRun,0,3,,87.15797,-1.064349,-3.213113,1903.376319,224.909337,1:30,5.17086,1.534,5.16638,-22.22623,15.8058,14.48489,2.31527,-0.28613,79.26874,-5.202252,-0.652688,0.44386,,,,,,,,,,,,-8.18772,8.56351,-1.24595,50,5.05504,6.44155,-126.24697,-3.11769,-13.16135,26.66343,-18.40864,POM_COL,MAS_INS,PomonaPitzer,D3,Team,20250308-PomonaPitzer-1,294bade0-fc55-11ef-b7c0-958c15ae1882,84.91964,,,7.88923,,,,,,,935155fd-d532-41e2-8f85-0cab3659d8e5,2025-03-08,19:40:16.09,2025-03-08T11:40:16.0960000-08:00,2025-03-08T19:40:16.0960000Z,,v3,POM_PIT,,,"Godfrey, Tyler",1000292150,,MAS_INS,3bacf67f-4dc5-49e0-80c4-c452e8bed744,55.33295,-127.36831,13.33171,5.16987,-2.34351,-9.20432,-1.52849,6.99506,-6.58068,,,,,,,,,,,,,,,,,,,,,,,,,,,,,,,,,,,,,,,,,,,,,,,,,,,High,High,High,,,,,
74,2025-03-08,11:41:09.49,8,1,"Spenner, Matthew",10109532,Right,MAS_INS,"Berry, Cooper",1000276381,Left,POM_COL,Undefined,2,Bottom,2,0,0,Slider,Curveball,StrikeSwinging,Undefined,Undefined,Undefined,0,0,,75.78282,0.063685,-1.683263,2230.13269,55.344208,7:45,5.28723,1.6747,4.47964,-53.67574,-1.6641,-5.07091,0.87498,-0.35272,68.98338,-9.557201,-2.571326,0.519065,,,,,,,,,,,,1.93725,-0.33882,-1.49234,50,5.24232,3.43557,-109.68432,-1.85245,2.32629,21.98548,-32.5809,POM_COL,MAS_INS,PomonaPitzer,D3,Team,20250308-PomonaPitzer-1,49255da0-fc55-11ef-b7c0-958c15ae1882,72.61605,,,6.79944,,,,,,,935155fd-d532-41e2-8f85-0cab3659d8e5,2025-03-08,19:41:09.49,2025-03-08T11:41:09.4930000-08:00,2025-03-08T19:41:09.4930000Z,,v3,POM_PIT,,,"Godfrey, Tyler",1000292150,,MAS_INS,33b90242-8ebb-4ee2-a311-1a60443f8658,56.01926,-110.88428,10.99274,5.29489,-0.0742,-16.29045,-1.67639,3.3086,1.16315,,,,,,,,,,,,,,,,,,,,,,,,,,,,,,,,,,,,,,,,,,,,,,,,,,,High,High,High,,,,,
75,2025-03-08,11:41:25.44,8,2,"Spenner, Matthew",10109532,Right,MAS_INS,"Berry, Cooper",1000276381,Left,POM_COL,Undefined,2,Bottom,2,0,1,Fastball,Four-Seam,FoulBallNotFieldable,Undefined,Undefined,Undefined,0,0,,88.03118,-0.849314,-2.487639,1972.581936,214.424824,1:15,5.20119,1.51704,5.15488,-25.37419,11.90926,7.30941,2.28636,-0.21706,80.1049,-5.536137,-1.194804,0.43947,74.2385,-38.888641,67.580712,,,,,3.41967,3.41967,54.732094,0.032639,-4.36815,6.54457,-1.2904,50,5.10269,5.20889,-127.56174,-2.81708,-7.16488,27.34978,-21.43935,POM_COL,MAS_INS,PomonaPitzer,D3,Team,20250308-PomonaPitzer-1,529e23d0-fc55-11ef-b7c0-958c15ae1882,85.76793,2.23764,,7.92628,,,,0.91646,2.23764,0.22744,935155fd-d532-41e2-8f85-0cab3659d8e5,2025-03-08,19:41:25.44,2025-03-08T11:41:25.4430000-08:00,2025-03-08T19:41:25.4430000Z,GroundBall,v3,POM_PIT,,,"Godfrey, Tyler",1000292150,,MAS_INS,b1792b48-0292-4808-aa30-e991cdb4d1c6,55.34314,-128.70223,13.67489,5.20152,-1.92306,-10.71968,-1.51385,5.50767,-3.58244,,0.91597,32.41651,,,,,,,,2.23869,-68.55657,,,,,,,,0.22625,78.57325,,,,,,,,,,,,,,,,,,,,,,,,,,,,,,High,High,High,Estimated,Estimated,,,
76,2025-03-08,11:41:51.85,8,3,"Spenner, Matthew",10109532,Right,MAS_INS,"Berry, Cooper",1000276381,Left,POM_COL,Undefined,2,Bottom,2,0,2,Fastball,Sinker,InPlay,Undefined,LineDrive,Out,1,0,,87.40051,-0.73306,-1.974834,2104.283257,229.519641,1:45,5.25522,1.56284,5.05675,-24.13509,14.07288,14.89194,2.55219,0.94069,78.92803,-5.218178,0.656241,0.444886,91.49344,20.333022,-18.452783,3635.781189,101.0973,32.50906,-43.34988,287.0248,283.23756,-29.339986,3.195783,-7.99611,7.60048,-1.38735,50,5.16692,3.6763,-126.57721,-2.48265,-12.81742,28.722,-19.99081,POM_COL,MAS_INS,PomonaPitzer,D3,Team,20250308-PomonaPitzer-1,625d5c00-fc55-11ef-b7c0-958c15ae1882,84.72387,36.21098,,8.47248,,,,0.35817,2.44951,-0.92752,935155fd-d532-41e2-8f85-0cab3659d8e5,2025-03-08,19:41:51.85,2025-03-08T11:41:51.8550000-08:00,2025-03-08T19:41:51.8550000Z,LineDrive,v3,POM_PIT,,,"Godfrey, Tyler",1000292150,,MAS_INS,b78141ad-2b45-4f37-ab84-72736f7d5326,55.44043,-127.80576,14.361,5.25482,-1.62757,-9.99541,-1.55632,4.22454,-6.40871,121.546975,0.35811,119.36057,-22.13976,5.02289,-1.05417,0.17354,-0.01804,-0.00025,0.00025,2.4495,46.62873,-17.28313,0.84084,-0.03214,0.01793,-0.01568,0.00545,-0.00063,-0.9275,-39.82866,-4.76131,2.50401,-0.80982,0.1962,-0.03587,0.00418,-0.00023,,,,,,,,,,,,,,,,,,,,,,,High,High,High,High,High,,,
77,2025-03-08,11:44:04.03,1,1,"Wiessinger, Jack",1000276383,Right,POM_COL,"Godfrey, Tyler",1000292150,Right,MAS_INS,Undefined,3,Top,0,0,0,Fastball,Sinker,BallCalled,Undefined,Undefined,Undefined,0,0,,89.13897,-3.264374,-2.64183,2001.39524,230.20329,1:45,5.39303,0.67594,5.31636,-22.56773,13.83828,15.06639,0.44207,-0.54973,80.93537,-7.450783,0.033161,0.434268,,,,,,,,,,,,-8.3765,8.30855,-0.44787,50,5.08075,5.27013,-128.9538,-8.15338,-13.97264,29.16384,-18.31479,POM_COL,MAS_INS,PomonaPitzer,D3,Team,20250308-PomonaPitzer-1,b1220070-fc55-11ef-b7c0-958c15ae1882,86.79529,,,8.20359,,,,,,,935155fd-d532-41e2-8f85-0cab3659d8e5,2025-03-08,19:44:04.03,2025-03-08T11:44:04.0310000-08:00,2025-03-08T19:44:04.0310000Z,,v3,POM_PIT,,,"Lee, Sammy",1000276388,Right,POM_COL,f59c8d98-1dd7-4d40-ac5c-44e8b9e5be5e,55.1822,-130.12051,14.58192,5.39228,-7.42069,-9.1574,-0.66989,5.82911,-6.98632,,,,,,,,,,,,,,,,,,,,,,,,,,,,,,,,,,,,,,,,,,,,,,,,,,,High,High,High,,,,,
78,2025-03-08,11:44:18.16,1,2,"Wiessinger, Jack",1000276383,Right,POM_COL,"Godfrey, Tyler",1000292150,Right,MAS_INS,Undefined,3,Top,0,1,0,Slider,Slider,StrikeCalled,Undefined,Undefined,Undefined,0,0,,76.82746,0.604478,-1.579808,2262.675059,144.944032,10:45,5.13212,1.07685,4.74469,-36.99537,13.03261,-7.91067,2.62277,-1.08122,69.58309,-6.168731,-2.968422,0.50907,,,,,,,,,,,,3.37673,6.71607,-0.91053,50,5.16113,3.39966,-111.19969,-0.09,4.17994,22.06008,-23.86047,POM_COL,MAS_INS,PomonaPitzer,D3,Team,20250308-PomonaPitzer-1,b9969d10-fc55-11ef-b7c0-958c15ae1882,74.0417,,,7.24437,,,,,,,935155fd-d532-41e2-8f85-0cab3659d8e5,2025-03-08,19:44:18.16,2025-03-08T11:44:18.1680000-08:00,2025-03-08T19:44:18.1680000Z,,v3,POM_PIT,,,"Lee, Sammy",1000276388,Right,POM_COL,9061ed0f-c28f-49cb-bdda-f9afc848b355,55.75084,-112.33476,11.03004,5.13418,1.13771,-11.93024,-1.07992,3.18458,2.08997,,,,,,,,,,,,,,,,,,,,,,,,,,,,,,,,,,,,,,,,,,,,,,,,,,,High,High,High,,,,,
79,2025-03-08,11:44:32.53,1,3,"Wiessinger, Jack",1000276383,Right,POM_COL,"Godfrey, Tyler",1000292150,Right,MAS_INS,Undefined,3,Top,0,1,1,Slider,Slider,FoulBallNotFieldable,Undefined,Undefined,Undefined,0,0,,75.42514,0.941848,-0.695621,2292.322322,83.921045,8:45,5.10911,1.22536,5.1479,-51.31889,0.36043,-15.11674,1.71941,-0.68931,67.8847,-8.431472,-3.374137,0.517404,,,,,,,,,,,,7.32914,0.3463,-1.1479,50,5.15791,1.91574,-109.20697,0.08578,8.62672,23.77394,-31.76646,POM_COL,MAS_INS,PomonaPitzer,D3,Team,20250308-PomonaPitzer-1,c22ddce0-fc55-11ef-b7c0-958c15ae1882,72.84915,,,7.54044,,,,,,,935155fd-d532-41e2-8f85-0cab3659d8e5,2025-03-08,19:44:32.53,2025-03-08T11:44:32.5380000-08:00,2025-03-08T19:44:32.5380000Z,,v3,POM_PIT,,,"Lee, Sammy",1000276388,Right,POM_COL,6709674c-d447-4fe5-b5c8-7132e06d8044,55.35058,-110.36562,11.88697,5.116,1.63396,-15.88323,-1.23102,1.49531,4.31336,,,,,,,,,,,,,,,,,,,,,,,,,,,,,,,,,,,,,,,,,,,,,,,,,,,High,High,High,,,,,
80,2025-03-08,11:44:51.96,1,4,"Wiessinger, Jack",1000276383,Right,POM_COL,"Godfrey, Tyler",1000292150,Right,MAS_INS,Undefined,3,Top,0,1,2,Fastball,Four-Seam,BallCalled,Undefined,Undefined,Undefined,0,0,,88.35204,0.404045,-2.001872,2131.163118,195.214581,12:30,5.35844,0.47488,5.39047,-17.12875,20.24603,5.11032,4.30997,-0.97627,78.66373,-2.896237,-1.094282,0.440008,,,,,,,,,,,,-3.22906,10.37882,-0.29963,50,5.38313,4.22839,-127.79644,0.40745,-5.21344,32.15986,-15.41697,POM_COL,MAS_INS,PomonaPitzer,D3,Team,20250308-PomonaPitzer-1,cdb81df0-fc55-11ef-b7c0-958c15ae1882,85.66304,,,9.68831,,,,,,,935155fd-d532-41e2-8f85-0cab3659d8e5,2025-03-08,19:44:51.96,2025-03-08T11:44:51.9610000-08:00,2025-03-08T19:44:51.9610000Z,,v3,POM_PIT,,,"Lee, Sammy",1000276388,Right,POM_COL,c7fddc10-f52e-41ac-ae17-9043dd6f124a,55.10183,-129.07393,16.07993,5.35478,1.01986,-7.70848,-0.47171,4.43549,-2.60672,,,,,,,,,,,,,,,,,,,,,,,,,,,,,,,,,,,,,,,,,,,,,,,,,,,Medium,Medium,Medium,,,,,
81,2025-03-08,11:45:09.43,1,5,"Wiessinger, Jack",1000276383,Right,POM_COL,"Godfrey, Tyler",1000292150,Right,MAS_INS,Undefined,3,Top,0,2,2,Fastball,Four-Seam,StrikeSwinging,Strikeout,Undefined,Undefined,0,0,,88.10954,-0.188323,-2.35761,2070.500807,216.199102,1:15,5.36271,0.60193,5.24974,-22.73529,15.14993,9.9776,3.29099,-0.7833,78.36174,-4.476197,-0.589984,0.443003,,,,,,,,,,,,-5.773,8.0393,-0.39305,50,5.32936,4.77538,-127.3707,-1.18597,-9.23401,32.58117,-19.31511,POM_COL,MAS_INS,PomonaPitzer,D3,Team,20250308-PomonaPitzer-1,d81e9f80-fc55-11ef-b7c0-958c15ae1882,85.08398,,,9.7478,,,,,,,935155fd-d532-41e2-8f85-0cab3659d8e5,2025-03-08,19:45:09.43,2025-03-08T11:45:09.4340000-08:00,2025-03-08T19:45:09.4340000Z,,v3,POM_PIT,,,"Lee, Sammy",1000276388,Right,POM_COL,770ea6d5-5fd2-4d78-883d-69373a346f07,55.24325,-128.70493,16.29059,5.36173,-0.395,-9.65756,-0.59635,5.15352,-4.617,,,,,,,,,,,,,,,,,,,,,,,,,,,,,74.91929,,,0.878296,,,,1.55409,5.05716,-0.96568,68.61308,4.32579,-56.16883,1.58463,81.0804,-5.41568,5.08548,10.8185,-13.29395,-1.05652,-71.63731,10.09586,High,High,High,,,High,High,High
82,2025-03-08,11:45:34.59,2,1,"Wiessinger, Jack",1000276383,Right,POM_COL,"Malone, Owen",1000292146,Right,MAS_INS,Undefined,3,Top,1,0,0,Fastball,Four-Seam,StrikeSwinging,Undefined,Undefined,Undefined,0,0,,88.63185,-0.950778,-1.935423,2063.37098,215.521326,1:15,5.41665,0.61653,5.33626,-23.55395,13.4878,8.62674,2.56122,-0.48107,79.49696,-5.362477,-0.403555,0.438043,,,,,,,,,,,,-4.94906,7.47205,-0.44816,50,5.31446,3.93741,-128.28469,-2.94341,-8.08643,31.36636,-19.96523,POM_COL,MAS_INS,PomonaPitzer,D3,Team,20250308-PomonaPitzer-1,e7218c90-fc55-11ef-b7c0-958c15ae1882,86.04728,,,9.13489,,,,,,,935155fd-d532-41e2-8f85-0cab3659d8e5,2025-03-08,19:45:34.59,2025-03-08T11:45:34.5920000-08:00,2025-03-08T19:45:34.5920000Z,,v3,POM_PIT,,,"Lee, Sammy",1000276388,Right,POM_COL,71e34f6d-9392-46a7-8303-a8640e2f290d,55.15875,-129.53989,15.68318,5.41626,-2.14445,-9.98262,-0.6122,4.26101,-4.04322,,,,,,,,,,,,,,,,,,,,,,,,,,,,,,,,,,,,,,,,,,,,,,,,,,,High,High,High,,,,,
83,2025-03-08,11:45:48.99,2,2,"Wiessinger, Jack",1000276383,Right,POM_COL,"Malone, Owen",1000292146,Right,MAS_INS,Undefined,3,Top,1,0,1,Fastball,Four-Seam,FoulBallNotFieldable,Undefined,Undefined,Undefined,0,0,,89.28927,-1.98959,-1.366687,2112.082214,212.597485,1:00,5.41705,0.57246,5.30136,-19.12536,17.84426,10.42713,1.95417,0.1581,79.23536,-5.632632,0.484423,0.437617,,,,,,,,,,,,-5.71461,10.08339,-0.45618,50,5.22315,2.59337,-129.05058,-5.09464,-9.33638,34.6596,-15.70006,POM_COL,MAS_INS,PomonaPitzer,D3,Team,20250308-PomonaPitzer-1,efb7e200-fc55-11ef-b7c0-958c15ae1882,86.13117,,,10.0539,,,,,,,935155fd-d532-41e2-8f85-0cab3659d8e5,2025-03-08,19:45:48.99,2025-03-08T11:45:48.9990000-08:00,2025-03-08T19:45:48.9990000Z,,v3,POM_PIT,,,"Lee, Sammy",1000276388,Right,POM_COL,b35ae2bd-c64b-4f53-92e2-e950bb9bb9e7,55.1927,-130.43775,17.3298,5.41448,-4.46628,-7.85003,-0.56745,2.96703,-4.66819,,,,,,,,,,,,,,,,,,,,,,,,,,,,,,,,,,,,,,,,,,,,,,,,,,,High,High,High,,,,,
84,2025-03-08,11:46:08.08,2,3,"Wiessinger, Jack",1000276383,Right,POM_COL,"Malone, Owen",1000292146,Right,MAS_INS,Undefined,3,Top,1,0,2,Slider,Slider,BallCalled,Undefined,Undefined,Undefined,0,0,,77.96084,-1.20373,-0.759065,2312.432438,99.631238,9:15,5.00304,1.23287,4.72293,-44.39806,3.66406,-12.67812,0.16073,-0.54396,71.86404,-9.178753,-2.990129,0.498968,,,,,,,,,,,,6.05811,2.54563,-1.14418,50,4.84194,2.0217,-113.06931,-3.98609,7.83412,20.82745,-28.88217,POM_COL,MAS_INS,PomonaPitzer,D3,Team,20250308-PomonaPitzer-1,fb20df70-fc55-11ef-b7c0-958c15ae1882,75.54077,,,6.0968,,,,,,,935155fd-d532-41e2-8f85-0cab3659d8e5,2025-03-08,19:46:08.08,2025-03-08T11:46:08.0860000-08:00,2025-03-08T19:46:08.0860000Z,,v3,POM_PIT,,,"Lee, Sammy",1000276388,Right,POM_COL,64d21191-4b81-4099-8068-447b0525ed68,55.77769,-114.1286,10.41373,5.00732,-2.51713,-14.44108,-1.23688,1.62325,3.91706,,,,,,,,,,,,,,,,,,,,,,,,,,,,,,,,,,,,,,,,,,,,,,,,,,,High,High,High,,,,,
85,2025-03-08,11:46:27.71,2,4,"Wiessinger, Jack",1000276383,Right,POM_COL,"Malone, Owen",1000292146,Right,MAS_INS,Undefined,3,Top,1,1,2,Slider,Curveball,StrikeSwinging,Strikeout,Undefined,Undefined,0,0,,75.91644,0.591002,-1.171543,2235.158859,73.625315,8:30,5.07806,1.18053,5.11961,-53.21097,-2.84705,-15.43914,1.20066,-1.20978,69.40148,-9.046877,-3.906285,0.510777,,,,,,,,,,,,7.34717,-1.13437,-1.05771,50,5.0922,2.85669,-110.09544,-0.68355,8.91871,21.5506,-33.55108,POM_COL,MAS_INS,PomonaPitzer,D3,Team,20250308-PomonaPitzer-1,06d0a9e0-fc56-11ef-b7c0-958c15ae1882,73.79436,,,6.51496,,,,,,,935155fd-d532-41e2-8f85-0cab3659d8e5,2025-03-08,19:46:27.71,2025-03-08T11:46:27.7100000-08:00,2025-03-08T19:46:27.7100000Z,,v3,POM_PIT,,,"Lee, Sammy",1000276388,Right,POM_COL,12f29ec1-b0ea-4783-97e0-e5c3e704d3fd,55.38106,-111.14376,10.7753,5.08575,0.94853,-16.77554,-1.18612,2.42284,4.45935,,,,,,,,,,,,,,,,,,,,,,,,,,,,,74.1456,,,0.871338,,,,5.10505,4.82918,0.48495,72.75742,4.73886,-52.02353,5.08544,80.39127,-3.13636,4.88705,14.13959,-16.40003,0.38932,-70.73087,12.10519,High,High,High,,,High,High,High
86,2025-03-08,11:46:57.30,3,1,"Wiessinger, Jack",1000276383,Right,POM_COL,"Schoenfeld, Teddy",1000123775,Right,MAS_INS,Undefined,3,Top,2,0,0,Slider,Slider,BallCalled,Undefined,Undefined,Undefined,0,0,,76.99131,-1.046066,0.32441,2291.157604,80.270144,8:45,4.93216,1.45563,4.83625,-50.15278,-0.95697,-14.82001,-0.2379,0.52782,70.89844,-10.051589,-2.292335,0.504819,,,,,,,,,,,,7.48174,0.20874,-1.47411,50,4.78526,-0.03862,-111.6899,-3.82586,9.40549,21.0178,-31.91161,POM_COL,MAS_INS,PomonaPitzer,D3,Team,20250308-PomonaPitzer-1,18743270-fc56-11ef-b7c0-958c15ae1882,74.66528,,,6.09287,,,,,,,935155fd-d532-41e2-8f85-0cab3659d8e5,2025-03-08,19:46:57.30,2025-03-08T11:46:57.3060000-08:00,2025-03-08T19:46:57.3060000Z,,v3,POM_PIT,,,"Lee, Sammy",1000276388,Right,POM_COL,eff89b31-be60-46ca-954f-997785f06981,55.66557,-112.75101,10.5089,4.93774,-2.21477,-15.95581,-1.46018,-0.51346,4.70275,,,,,,,,,,,,,,,,,,,,,,,,,,,,,,,,,,,,,,,,,,,,,,,,,,,High,High,High,,,,,
87,2025-03-08,11:47:14.86,3,2,"Wiessinger, Jack",1000276383,Right,POM_COL,"Schoenfeld, Teddy",1000123775,Right,MAS_INS,Undefined,3,Top,2,1,0,Fastball,Sinker,InPlay,Undefined,FlyBall,Out,1,0,,88.72368,-1.5624,-2.245738,2041.02953,222.806259,1:30,5.29163,0.7439,5.66476,-20.77068,15.02776,12.8656,2.1024,-0.27909,81.17866,-5.452692,0.052541,0.430629,83.05895,33.076786,-21.380836,4294.630668,99.19718,54.97539,-47.53758,277.23623,268.63619,-32.020545,4.083302,-7.19016,8.41288,-0.56247,50,5.14648,4.50222,-128.7613,-4.19154,-12.07788,26.59631,-18.04228,POM_COL,MAS_INS,PomonaPitzer,D3,Team,20250308-PomonaPitzer-1,22e51440-fc56-11ef-b7c0-958c15ae1882,87.52874,61.71796,,7.54502,,,,2.19549,2.17877,0.28494,935155fd-d532-41e2-8f85-0cab3659d8e5,2025-03-08,19:47:14.86,2025-03-08T11:47:14.8660000-08:00,2025-03-08T19:47:14.8660000Z,FlyBall,v3,POM_PIT,,,"Lee, Sammy",1000276388,Right,POM_COL,f9dcd8bd-2a2c-44ef-a598-f6e151b868af,54.8353,-129.75621,13.29816,5.29065,-3.51662,-9.02114,-0.73934,4.95403,-6.03894,126.746721,2.19837,94.94769,-17.22117,2.66295,0.98121,-1.05902,0.40015,-0.07366,0.00543,2.18681,66.26958,-20.21173,-0.47451,2.22742,-1.40194,0.45446,-0.07481,0.00489,0.27174,-36.88065,-4.3767,5.34069,-3.90257,1.85589,-0.51525,0.07435,-0.00425,,,,,,,,,,,,,,,,,,,,,,,High,High,High,High,Medium,,,
88,2025-03-08,11:49:24.24,1,1,"Spenner, Matthew",10109532,Right,MAS_INS,"Lee, Sammy",1000276388,Right,POM_COL,Undefined,3,Bottom,0,0,0,Fastball,Changeup,StrikeCalled,Undefined,Undefined,Undefined,0,0,,87.34914,-1.040429,-2.730019,1974.787225,243.199234,2:00,5.46467,1.39396,5.00024,-27.04344,11.03406,19.32257,2.2276,0.42494,79.53314,-6.010246,0.679518,0.444125,,,,,,,,,,,,-10.31611,6.14233,-1.14772,50,5.34306,5.13465,-126.54426,-3.31253,-16.66446,26.7365,-22.25182,POM_COL,MAS_INS,PomonaPitzer,D3,Team,20250308-PomonaPitzer-1,6ffe2b90-fc56-11ef-b7c0-958c15ae1882,84.86892,,,7.816,,,,,,,935155fd-d532-41e2-8f85-0cab3659d8e5,2025-03-08,19:49:24.24,2025-03-08T11:49:24.2400000-08:00,2025-03-08T19:49:24.2400000Z,,v3,POM_PIT,,,"Dwyer, John",1000292137,,MAS_INS,2f6cf80b-35ca-4288-97b1-8d2710fb3b7e,55.49838,-127.70069,13.36825,5.46553,-2.35008,-11.12591,-1.38539,5.85543,-8.33223,,,,,,,,,,,,,,,,,,,,,,,,,,,,,,,,,,,,,,,,,,,,,,,,,,,High,High,High,,,,,
89,2025-03-08,11:49:39.07,1,2,"Spenner, Matthew",10109532,Right,MAS_INS,"Lee, Sammy",1000276388,Right,POM_COL,Undefined,3,Bottom,0,0,1,Slider,Curveball,BallCalled,Undefined,Undefined,Undefined,0,0,,77.05402,-0.341881,-2.499298,2229.263609,55.390952,7:45,5.28987,1.62006,4.69603,-55.14101,-5.49032,-10.31977,0.3699,-1.61417,70.77143,-10.19756,-4.312532,0.507147,,,,,,,,,,,,4.29551,-2.07984,-1.35668,50,5.20562,5.30388,-111.60631,-2.70917,5.37266,21.65282,-34.77542,POM_COL,MAS_INS,PomonaPitzer,D3,Team,20250308-PomonaPitzer-1,78e3b270-fc56-11ef-b7c0-958c15ae1882,74.32248,,,6.28259,,,,,,,935155fd-d532-41e2-8f85-0cab3659d8e5,2025-03-08,19:49:39.07,2025-03-08T11:49:39.0790000-08:00,2025-03-08T19:49:39.0790000Z,,v3,POM_PIT,,,"Dwyer, John",1000292137,,MAS_INS,50beeb9f-642a-4e34-95e7-8dfc18828bc5,55.80419,-112.72676,10.82641,5.29926,-0.90968,-17.38771,-1.62394,5.02587,2.68633,,,,,,,,,,,,,,,,,,,,,,,,,,,,,,,,,,,,,,,,,,,,,,,,,,,High,High,High,,,,,
90,2025-03-08,11:49:56.75,1,3,"Spenner, Matthew",10109532,Right,MAS_INS,"Lee, Sammy",1000276388,Right,POM_COL,Undefined,3,Bottom,0,1,1,Fastball,Four-Seam,BallCalled,Undefined,Undefined,Undefined,0,0,,87.92966,-1.363871,-4.949096,1922.325812,213.410958,1:00,5.26012,1.32831,5.1945,-24.7049,13.13131,7.75634,1.9134,-2.69238,79.35145,-5.945086,-3.582943,0.442716,,,,,,,,,,,,-5.37111,7.36741,-0.87421,50,5.11504,10.62453,-126.89229,-3.90866,-8.65323,28.84712,-20.30463,POM_COL,MAS_INS,PomonaPitzer,D3,Team,20250308-PomonaPitzer-1,83670ad0-fc56-11ef-b7c0-958c15ae1882,85.13913,,,8.57821,,,,,,,935155fd-d532-41e2-8f85-0cab3659d8e5,2025-03-08,19:49:56.75,2025-03-08T11:49:56.7550000-08:00,2025-03-08T19:49:56.7550000Z,,v3,POM_PIT,,,"Dwyer, John",1000292137,,MAS_INS,fe78e062-5b47-4947-86d6-f8d55aaef175,55.29999,-128.0915,14.42356,5.25998,-3.06457,-10.15231,-1.32336,10.98426,-4.32661,,,,,,,,,,,,,,,,,,,,,,,,,,,,,,,,,,,,,,,,,,,,,,,,,,,High,High,High,,,,,
91,2025-03-08,11:50:13.16,1,4,"Spenner, Matthew",10109532,Right,MAS_INS,"Lee, Sammy",1000276388,Right,POM_COL,Undefined,3,Bottom,0,2,1,Fastball,Four-Seam,FoulBallNotFieldable,Undefined,Undefined,Undefined,0,0,,87.56694,-1.703495,-2.493269,2021.383822,220.210479,1:15,5.12112,1.60254,5.08975,-22.59686,15.40371,11.88339,1.63052,0.24145,79.26562,-5.90722,-0.393458,0.443677,,,,,,,,,,,,-6.71536,8.57449,-1.37663,50,4.94278,4.98321,-126.77447,-4.56803,-10.81302,28.47978,-18.36742,POM_COL,MAS_INS,PomonaPitzer,D3,Team,20250308-PomonaPitzer-1,8d2a2070-fc56-11ef-b7c0-958c15ae1882,84.95477,,,8.30131,,,,,,,935155fd-d532-41e2-8f85-0cab3659d8e5,2025-03-08,19:50:13.16,2025-03-08T11:50:13.1670000-08:00,2025-03-08T19:50:13.1670000Z,,v3,POM_PIT,,,"Dwyer, John",1000292137,,MAS_INS,b626ceb0-4791-4dcf-90ea-672bbcdd30f5,55.40876,-127.98378,14.23989,5.12019,-3.78811,-9.18371,-1.59797,5.44235,-5.40651,,,,,,,,,,,,,,,,,,,,,,,,,,,,,,,,,,,,,,,,,,,,,,,,,,,High,High,High,,,,,
92,2025-03-08,11:50:36.77,1,5,"Spenner, Matthew",10109532,Right,MAS_INS,"Lee, Sammy",1000276388,Right,POM_COL,Undefined,3,Bottom,0,2,2,Slider,Slider,BallCalled,Undefined,Undefined,Undefined,0,0,,77.77777,-0.46811,-1.201858,2426.832206,109.273057,9:45,4.98261,1.99583,4.95587,-44.33073,4.62906,-7.84229,0.84599,0.20658,70.00083,-8.551559,-2.586789,0.503606,,,,,,,,,,,,3.45961,2.98185,-1.87253,50,4.90132,2.68649,-112.52224,-2.46515,4.32869,25.0004,-28.44312,POM_COL,MAS_INS,PomonaPitzer,D3,Team,20250308-PomonaPitzer-1,9b44f770-fc56-11ef-b7c0-958c15ae1882,74.84504,,,7.77694,,,,,,,935155fd-d532-41e2-8f85-0cab3659d8e5,2025-03-08,19:50:36.77,2025-03-08T11:50:36.7720000-08:00,2025-03-08T19:50:36.7720000Z,,v3,POM_PIT,,,"Dwyer, John",1000292137,,MAS_INS,ad65a28a-f68d-402c-a206-f8554b98cbe2,55.54011,-113.7465,12.5002,4.98793,-1.07231,-14.22156,-1.9989,2.47451,2.16434,,,,,,,,,,,,,,,,,,,,,,,,,,,,,,,,,,,,,,,,,,,,,,,,,,,High,High,High,,,,,
93,2025-03-08,11:50:54.53,1,6,"Spenner, Matthew",10109532,Right,MAS_INS,"Lee, Sammy",1000276388,Right,POM_COL,Undefined,3,Bottom,0,3,2,Fastball,Sinker,InPlay,Undefined,GroundBall,Single,0,0,,87.48346,-1.427016,-2.66185,1909.75237,233.842631,1:45,5.33294,1.45987,5.17505,-27.23108,10.71304,12.83276,1.71913,0.02265,79.2771,-6.451776,-0.390199,0.443347,105.55202,-30.287623,-71.130568,,,,,4.88873,4.88873,-38.805253,0.023934,-7.25059,6.15973,-1.22235,50,5.17961,5.31362,-126.67855,-4.15007,-11.65815,28.41706,-22.26987,POM_COL,MAS_INS,PomonaPitzer,D3,Team,20250308-PomonaPitzer-1,a5cfc9e0-fc56-11ef-b7c0-958c15ae1882,85.01796,1.87088,,8.20636,,,,2.77373,1.87088,-0.03258,935155fd-d532-41e2-8f85-0cab3659d8e5,2025-03-08,19:50:54.53,2025-03-08T11:50:54.5380000-08:00,2025-03-08T19:50:54.5380000Z,GroundBall,v3,POM_PIT,,,"Dwyer, John",1000292137,,MAS_INS,b98bbead-9ad4-44f5-a6f7-45dda674481a,55.32356,-127.86718,14.20853,5.33372,-3.21857,-11.13493,-1.45481,5.80125,-5.82907,,2.77354,43.28384,,,,,,,,1.87123,-78.16793,,,,,,,,-0.03201,-126.6422,,,,,,,,,,,,,,,,,,,,,,,,,,,,,,High,High,High,Estimated,Estimated,,,
94,2025-03-08,11:51:36.12,2,1,"Spenner, Matthew",10109532,Right,MAS_INS,"Wakil, Lateef",1000128267,Left,POM_COL,Undefined,3,Bottom,0,0,0,Fastball,Changeup,BallCalled,Undefined,Undefined,Undefined,0,0,,86.02369,0.987193,-1.229069,1871.191208,247.866732,2:15,5.28734,1.51313,5.20792,-31.70825,7.60122,15.20918,3.57368,1.62453,77.45268,-4.87002,1.466108,0.451253,,,,,,,,,,,,-7.9015,3.90658,-1.4111,50,5.35535,1.97596,-124.59862,0.98446,-12.23798,28.48677,-26.12348,POM_COL,MAS_INS,PomonaPitzer,D3,Team,20250308-PomonaPitzer-1,be9c8350-fc56-11ef-b7c0-958c15ae1882,83.52841,,,8.57101,,,,,,,935155fd-d532-41e2-8f85-0cab3659d8e5,2025-03-08,19:51:36.12,2025-03-08T11:51:36.1280000-08:00,2025-03-08T19:51:36.1280000Z,,v3,POM_PIT,,,"Dwyer, John",1000292137,,MAS_INS,a3d10398-4b24-4cad-8834-72c0663ffef9,55.2878,-125.80175,14.24339,5.29047,2.08778,-13.06174,-1.50547,2.49283,-6.11899,,,,,,,,,,,,,,,,,,,,,,,,,,,,,,,,,,,,,,,,,,,,,,,,,,,High,High,High,,,,,
95,2025-03-08,11:51:54.26,2,2,"Spenner, Matthew",10109532,Right,MAS_INS,"Wakil, Lateef",1000128267,Left,POM_COL,Undefined,3,Bottom,0,1,0,Fastball,Changeup,StrikeSwinging,Undefined,Undefined,Undefined,0,0,,85.74856,-1.429324,-1.238281,1900.834561,220.716405,1:15,5.39876,1.35973,5.10986,-23.51407,16.51922,12.87146,2.09204,1.26554,76.73266,-5.836573,1.039211,0.455389,,,,,,,,,,,,-6.73201,9.1176,-1.25327,50,5.24659,2.07988,-124.01015,-3.883,-10.25345,29.86877,-18.28714,POM_COL,MAS_INS,PomonaPitzer,D3,Team,20250308-PomonaPitzer-1,c96e22c0-fc56-11ef-b7c0-958c15ae1882,82.76983,,,9.0159,,,,,,,935155fd-d532-41e2-8f85-0cab3659d8e5,2025-03-08,19:51:54.26,2025-03-08T11:51:54.2670000-08:00,2025-03-08T19:51:54.2670000Z,,v3,POM_PIT,,,"Dwyer, John",1000292137,,MAS_INS,80b26575-658c-4a14-b26b-5eedb805d49b,55.38283,-125.29993,14.93438,5.39721,-3.09333,-9.14357,-1.35264,2.52264,-5.12672,,,,,,,,,,,,,,,,,,,,,,,,,,,,,,,,,,,,,,,,,,,,,,,,,,,High,High,High,,,,,
96,2025-03-08,11:52:15.01,2,3,"Spenner, Matthew",10109532,Right,MAS_INS,"Wakil, Lateef",1000128267,Left,POM_COL,Undefined,3,Bottom,0,1,1,Slider,Curveball,BallCalled,Undefined,Undefined,Undefined,0,0,,73.47534,3.365388,0.877325,2120.054122,88.38597,9:00,5.16327,1.76907,4.61669,-53.10491,1.51595,-9.02733,3.94157,1.85097,66.91581,-6.226775,-0.703602,0.531925,,,,,,,,,,,,4.62508,0.34327,-1.85048,50,5.46101,-1.2577,-106.32481,4.38693,5.28088,18.66986,-31.78213,POM_COL,MAS_INS,PomonaPitzer,D3,Team,20250308-PomonaPitzer-1,d5d5cb80-fc56-11ef-b7c0-958c15ae1882,70.86039,,,6.55953,,,,,,,935155fd-d532-41e2-8f85-0cab3659d8e5,2025-03-08,19:52:15.01,2025-03-08T11:52:15.0140000-08:00,2025-03-08T19:52:15.0140000Z,,v3,POM_PIT,,,"Dwyer, John",1000292137,,MAS_INS,4c2584f1-cf5a-49dd-bace-ae4796b6214e,55.88153,-107.35259,9.33493,5.17135,6.13656,-15.89106,-1.77324,-1.54842,2.64044,,,,,,,,,,,,,,,,,,,,,,,,,,,,,,,,,,,,,,,,,,,,,,,,,,,High,High,High,,,,,
97,2025-03-08,11:52:34.51,2,4,"Spenner, Matthew",10109532,Right,MAS_INS,"Wakil, Lateef",1000128267,Left,POM_COL,Undefined,3,Bottom,0,2,1,Fastball,Sinker,InPlay,Undefined,FlyBall,HomeRun,0,2,,86.83049,-0.881305,-3.235405,2001.929009,229.898037,1:45,5.2604,1.49008,5.18462,-25.75887,12.58981,13.40843,2.28328,-0.43977,78.91637,-5.646773,-0.864181,0.445704,,,,,,,,,,,,-7.64804,6.91386,-1.19993,50,5.15925,6.50891,-125.75068,-2.85479,-12.18073,26.78075,-21.16266,POM_COL,MAS_INS,PomonaPitzer,D3,Team,20250308-PomonaPitzer-1,e16bf370-fc56-11ef-b7c0-958c15ae1882,84.56828,,,7.91412,,,,,,,935155fd-d532-41e2-8f85-0cab3659d8e5,2025-03-08,19:52:34.51,2025-03-08T11:52:34.5190000-08:00,2025-03-08T19:52:34.5190000Z,,v3,POM_PIT,,,"Dwyer, John",1000292137,,MAS_INS,2547cd51-157c-4290-8c36-1e53fd5e7e71,55.31398,-126.87734,13.39037,5.26062,-1.96448,-10.58133,-1.48454,7.02136,-6.09036,,,,,,,,,,,,,,,,,,,,,,,,,,,,,,,,,,,,,,,,,,,,,,,,,,,High,High,High,,,,,
98,2025-03-08,11:56:28.10,3,1,"Gundaria, Ajinkya",1000123765,Right,MAS_INS,"Hattenburg, Xavier",10277269,Left,POM_COL,Undefined,3,Bottom,0,0,0,Fastball,Changeup,StrikeCalled,Undefined,Undefined,Undefined,0,0,,81.38613,0.065829,-4.444574,2055.647673,256.210148,2:30,4.94448,2.51493,4.04435,-40.30919,5.29252,15.30772,1.64882,-0.48808,74.14591,-7.141841,-1.797865,0.486029,,,,,,,,,,,,-8.60193,2.94599,-2.03068,50,4.90816,8.41596,-117.53798,-1.50859,-11.99891,22.87578,-28.06465,POM_COL,MAS_INS,PomonaPitzer,D3,Team,20250308-PomonaPitzer-1,6ca82d50-fc57-11ef-b7c0-958c15ae1882,77.55185,,,7.24022,,,,,,,935155fd-d532-41e2-8f85-0cab3659d8e5,2025-03-08,19:56:28.10,2025-03-08T11:56:28.1050000-08:00,2025-03-08T19:56:28.1050000Z,,v3,POM_PIT,,,"Dwyer, John",1000292137,,MAS_INS,cd677175-549c-45b9-8434-63f42eb21f9a,56.45471,-118.78759,11.43789,4.94869,0.02446,-14.03233,-2.50831,9.07141,-5.99946,,,,,,,,,,,,,,,,,,,,,,,,,,,,,,,,,,,,,,,,,,,,,,,,,,,High,High,High,,,,,
99,2025-03-08,11:56:40.14,3,2,"Gundaria, Ajinkya",1000123765,Right,MAS_INS,"Hattenburg, Xavier",10277269,Left,POM_COL,Undefined,3,Bottom,0,0,1,Slider,Curveball,FoulBallNotFieldable,Undefined,Undefined,Undefined,0,0,,72.08861,2.85277,-0.983995,2769.477391,87.29035,9:00,5.07215,2.4784,3.65154,-57.93149,1.47536,-13.53028,3.00754,0.39867,65.18564,-7.445834,-3.312293,0.55474,,,,,,,,,,,,6.02898,0.42906,-2.34277,50,5.34381,2.38139,-104.06378,2.97668,6.52489,19.5918,-31.70969,POM_COL,MAS_INS,PomonaPitzer,D3,Team,20250308-PomonaPitzer-1,73de2f70-fc57-11ef-b7c0-958c15ae1882,67.9461,,,6.90298,,,,,,,935155fd-d532-41e2-8f85-0cab3659d8e5,2025-03-08,19:56:40.14,2025-03-08T11:56:40.1490000-08:00,2025-03-08T19:56:40.1490000Z,,v3,POM_PIT,,,"Dwyer, John",1000292137,,MAS_INS,7b3b1875-c482-45dd-ada2-daea3c2c2fda,56.84533,-105.34465,9.7959,5.08143,5.04979,-15.85484,-2.48452,1.95481,3.26244,,,,,,,,,,,,,,,,,,,,,,,,,,,,,,,,,,,,,,,,,,,,,,,,,,,High,High,High,,,,,
100,2025-03-08,11:56:57.88,3,3,"Gundaria, Ajinkya",1000123765,Right,MAS_INS,"Hattenburg, Xavier",10277269,Left,POM_COL,Undefined,3,Bottom,0,0,2,Slider,Curveball,FoulBallNotFieldable,Undefined,Undefined,Undefined,0,0,,71.08699,2.602246,0.091009,2661.478757,74.244327,8:30,5.02823,2.30571,3.61756,-64.20751,-3.15599,-18.8171,2.19881,0.82573,64.52773,-8.759282,-3.14968,0.562367,,,,,,,,,,,,8.87414,-1.69154,-2.2915,50,5.2624,0.64723,-102.71055,2.22446,9.35745,19.06018,-33.9577,POM_COL,MAS_INS,PomonaPitzer,D3,Team,20250308-PomonaPitzer-1,7e7277c0-fc57-11ef-b7c0-958c15ae1882,67.02464,,,6.55927,,,,,,,935155fd-d532-41e2-8f85-0cab3659d8e5,2025-03-08,19:56:57.88,2025-03-08T11:56:57.8820000-08:00,2025-03-08T19:56:57.8820000Z,,v3,POM_PIT,,,"Dwyer, John",1000292137,,MAS_INS,71b509f2-7d9d-47ae-8861-0ca6e4dd59b7,56.8822,-103.97985,9.53009,5.03896,4.48585,-16.97885,-2.31385,0.02408,4.67872,,,,,,,,,,,,,,,,,,,,,,,,,,,,,,,,,,,,,,,,,,,,,,,,,,,High,High,High,,,,,
101,2025-03-08,11:57:14.28,3,4,"Gundaria, Ajinkya",1000123765,Right,MAS_INS,"Hattenburg, Xavier",10277269,Left,POM_COL,Undefined,3,Bottom,0,0,2,Fastball,Changeup,InPlay,Undefined,GroundBall,Error,0,0,,79.97062,1.794167,-4.267724,1982.845945,266.542533,3:00,4.85612,2.7452,3.9887,-44.91932,2.48099,14.55635,2.84367,-0.15368,72.61639,-6.227825,-1.754914,0.495521,68.19097,-8.156678,-25.78851,,,,,20.09181,20.09181,-24.302575,0.195225,-8.20245,1.09488,-2.27635,50,5.01103,7.93975,-115.4484,1.80212,-11.0247,22.32057,-30.70243,POM_COL,MAS_INS,PomonaPitzer,D3,Team,20250308-PomonaPitzer-1,882cb3c0-fc57-11ef-b7c0-958c15ae1882,76.06631,2.78062,,7.35423,,,,0.84344,2.78062,0.17111,935155fd-d532-41e2-8f85-0cab3659d8e5,2025-03-08,19:57:14.28,2025-03-08T11:57:14.2840000-08:00,2025-03-08T19:57:14.2840000Z,GroundBall,v3,POM_PIT,,,"Dwyer, John",1000292137,,MAS_INS,086bf05a-4224-4221-92e0-2ab1bc161118,56.5108,-116.7004,11.16029,4.86164,3.52427,-15.35122,-2.73905,8.55815,-5.51235,,0.83294,89.47581,,,,,,,,2.78229,-14.24314,,,,,,,,0.17619,-43.23216,,,,,,,,,,,,,,,,,,,,,,,,,,,,,,High,High,High,Estimated,Estimated,,,
102,2025-03-08,11:58:06.26,4,1,"Gundaria, Ajinkya",1000123765,Right,MAS_INS,"Pierantoni, Greg",1000091552,Right,POM_COL,Undefined,3,Bottom,0,0,0,Fastball,Changeup,BallCalled,Undefined,Undefined,Undefined,0,0,,81.7347,1.126269,-1.744417,2039.541415,259.176581,2:45,4.87787,2.3486,4.00406,-40.28266,4.5024,16.30147,2.60447,2.02938,74.90947,-6.070904,1.081393,0.481657,,,,,,,,,,,,-8.42595,2.14268,-2.17024,50,4.9612,2.86349,-118.44737,0.68076,-11.99968,22.10569,-29.12259,POM_COL,MAS_INS,PomonaPitzer,D3,Team,20250308-PomonaPitzer-1,a7272710-fc57-11ef-b7c0-958c15ae1882,78.25574,,,6.82524,,,,,,,935155fd-d532-41e2-8f85-0cab3659d8e5,2025-03-08,19:58:06.26,2025-03-08T11:58:06.2650000-08:00,2025-03-08T19:58:06.2650000Z,,v3,POM_PIT,,,"Dwyer, John",1000292137,,MAS_INS,40dae742-a10a-4b21-9224-8efd39b682b0,56.49849,-119.65403,11.05284,4.88065,2.27044,-14.5613,-2.34442,3.5185,-5.99984,,,,,,,,,,,,,,,,,,,,,,,,,,,,,,,,,,,,,,,,,,,,,,,,,,,High,High,High,,,,,
103,2025-03-08,11:58:20.67,4,2,"Gundaria, Ajinkya",1000123765,Right,MAS_INS,"Pierantoni, Greg",1000091552,Right,POM_COL,Undefined,3,Bottom,0,1,0,Slider,Curveball,BallCalled,Undefined,Undefined,Undefined,0,0,,71.21166,2.402938,-0.445616,2637.210728,70.227179,8:15,4.9579,2.23639,3.81547,-61.03787,-0.90449,-8.22914,2.19104,1.12072,64.84706,-8.438844,-1.867818,0.558122,,,,,,,,,,,,3.75185,-0.53091,-2.17398,50,5.16768,1.15105,-102.95667,2.04059,3.99479,18.37513,-32.73934,POM_COL,MAS_INS,PomonaPitzer,D3,Team,20250308-PomonaPitzer-1,afc56bc0-fc57-11ef-b7c0-958c15ae1882,67.5344,,,6.3646,,,,,,,935155fd-d532-41e2-8f85-0cab3659d8e5,2025-03-08,19:58:20.67,2025-03-08T11:58:20.6770000-08:00,2025-03-08T19:58:20.6770000Z,,v3,POM_PIT,,,"Dwyer, John",1000292137,,MAS_INS,2a62e4cf-054e-4875-91ec-8f6fbed9cecb,56.68276,-104.14254,9.18757,4.96781,4.15349,-16.36967,-2.23994,0.89323,1.9974,,,,,,,,,,,,,,,,,,,,,,,,,,,,,,,,,,,,,,,,,,,,,,,,,,,High,High,High,,,,,
104,2025-03-08,11:58:45.88,4,3,"Gundaria, Ajinkya",1000123765,Right,MAS_INS,"Pierantoni, Greg",1000091552,Right,POM_COL,Undefined,3,Bottom,0,2,0,Slider,Curveball,StrikeCalled,Undefined,Undefined,Undefined,0,0,,70.94976,2.37016,-1.075669,2760.750749,79.15015,8:45,5.06165,2.25383,3.67351,-62.46102,-1.65469,-19.12745,2.15072,-0.38064,64.86045,-8.670724,-4.370075,0.561236,,,,,,,,,,,,8.66654,-0.86343,-2.10054,50,5.26901,2.74615,-102.59339,1.88524,9.17446,18.04377,-33.08807,POM_COL,MAS_INS,PomonaPitzer,D3,Team,20250308-PomonaPitzer-1,bed2e020-fc57-11ef-b7c0-958c15ae1882,67.15965,,,6.08931,,,,,,,935155fd-d532-41e2-8f85-0cab3659d8e5,2025-03-08,19:58:45.88,2025-03-08T11:58:45.8890000-08:00,2025-03-08T19:58:45.8890000Z,,v3,POM_PIT,,,"Dwyer, John",1000292137,,MAS_INS,f2812082-aba9-4365-a7c8-af7e88427305,56.82639,-103.78704,9.02189,5.07189,4.07413,-16.54404,-2.26213,2.13923,4.58723,,,,,,,,,,,,,,,,,,,,,,,,,,,,,74.47955,2.086149,0.730778,1.355371,-1.00381,1.76913,0.5687,-1.05761,6.263,1.6832,127.27679,-0.9582,3.52339,-0.89709,107.06407,-9.33887,6.27675,9.80431,-11.18721,1.63462,-1.49159,2.16373,High,High,High,,,High,High,Medium
105,2025-03-08,11:59:15.03,4,4,"Gundaria, Ajinkya",1000123765,Right,MAS_INS,"Pierantoni, Greg",1000091552,Right,POM_COL,Undefined,3,Bottom,0,2,1,Slider,Curveball,StrikeCalled,Undefined,Undefined,Undefined,0,0,,72.54787,2.914341,-0.512092,2690.140427,84.210059,8:45,5.14449,2.35201,3.81384,-57.67712,0.3539,-16.05682,3.15225,0.51989,65.88324,-7.350484,-3.284099,0.548279,,,,,,,,,,,,7.41075,-0.10441,-2.27198,50,5.4183,1.63642,-104.8377,3.14833,8.17546,19.17511,-32.28922,POM_COL,MAS_INS,PomonaPitzer,D3,Team,20250308-PomonaPitzer-1,d02dee00-fc57-11ef-b7c0-958c15ae1882,68.74686,,,6.66462,,,,,,,935155fd-d532-41e2-8f85-0cab3659d8e5,2025-03-08,19:59:15.03,2025-03-08T11:59:15.0320000-08:00,2025-03-08T19:59:15.0320000Z,,v3,POM_PIT,,,"Dwyer, John",1000292137,,MAS_INS,2c3b005d-17af-406e-a2b2-47c4f08f7118,56.68436,-106.05324,9.58755,5.15385,5.19519,-16.14461,-2.35929,1.11816,4.08773,,,,,,,,,,,,,,,,,,,,,,,,,,,,,,,,,,,,,,,,,,,,,,,,,,,High,High,High,,,,,
106,2025-03-08,11:59:31.86,4,5,"Gundaria, Ajinkya",1000123765,Right,MAS_INS,"Pierantoni, Greg",1000091552,Right,POM_COL,Undefined,3,Bottom,0,2,2,Slider,Curveball,InPlay,Undefined,GroundBall,Out,1,0,,70.28342,1.266367,-1.832732,2820.357127,76.567577,8:30,4.9639,2.45905,3.34224,-66.0083,-2.73429,-20.88312,0.69621,-1.06506,64.0487,-10.307109,-5.409982,0.572511,58.50683,15.043681,6.461612,1655.85768,,,,102.56963,102.56963,10.341263,1.364275,9.19705,-1.11335,-2.19982,50,5.03546,4.14308,-101.49708,-0.286,9.43509,19.17765,-33.31622,POM_COL,MAS_INS,PomonaPitzer,D3,Team,20250308-PomonaPitzer-1,da3a68b0-fc57-11ef-b7c0-958c15ae1882,65.83703,7.95215,,6.23471,,,,2.23548,0.85515,1.00137,935155fd-d532-41e2-8f85-0cab3659d8e5,2025-03-08,19:59:31.86,2025-03-08T11:59:31.8660000-08:00,2025-03-08T19:59:31.8660000Z,GroundBall,v3,POM_PIT,,,"Dwyer, John",1000292137,,MAS_INS,2016848b-2a58-4df2-b1e2-0cf79aaef383,57.15803,-102.84069,9.58883,4.97373,2.04815,-16.65811,-2.46694,3.48205,4.71754,268.067993,2.23548,82.3426,-8.27057,0.90777,-0.19948,0.02755,-0.00425,0.00092,-0.0001,0.85515,22.27242,-18.19371,1.23326,-0.19895,0.04464,-0.00556,0.00062,-8E-05,1.00137,9.32587,2.98411,-0.43495,0.08499,-0.01392,0.00191,-0.00037,5E-05,,,,,,,,,,,,,,,,,,,,,,,High,High,High,High,High,,,
107,2025-03-08,12:00:05.53,5,1,"Gundaria, Ajinkya",1000123765,Right,MAS_INS,"Kinney, William",1000092038,Right,POM_COL,Undefined,3,Bottom,1,0,0,Slider,Curveball,FoulBallNotFieldable,Undefined,Undefined,Undefined,0,0,,68.40954,1.602622,-0.882024,2738.91355,77.458073,8:30,4.98376,2.54417,3.22773,-68.16449,-2.04516,-18.65517,0.86652,0.12954,63.09328,-10.297536,-4.074585,0.585242,19.00812,39.978961,-62.982137,3238.912727,,,,26.80624,20.33663,-57.36683,1.193724,8.52619,-0.94008,-2.40457,50,5.0946,2.29783,-98.98732,0.19903,8.43736,16.18994,-33.10433,POM_COL,MAS_INS,PomonaPitzer,D3,Team,20250308-PomonaPitzer-1,ee566b50-fc57-11ef-b7c0-958c15ae1882,64.40487,6.31383,,5.31626,,,,2.73261,1.33849,-0.28628,935155fd-d532-41e2-8f85-0cab3659d8e5,2025-03-08,20:00:05.53,2025-03-08T12:00:05.5350000-08:00,2025-03-08T20:00:05.5350000Z,GroundBall,v3,POM_PIT,,,"Dwyer, John",1000292137,,MAS_INS,876c7fe0-0ab0-4697-a3cf-c10c35d15587,57.27478,-100.17009,8.09497,4.99172,2.61749,-16.55217,-2.54992,1.68144,4.21868,306.148355,2.73262,9.70138,0.4368,-0.97159,2.73516,-5.52246,5.90509,-3.09865,0.63556,1.33846,17.91782,-16.60505,1.68978,-4.21252,9.66346,-11.96115,7.03044,-1.57233,-0.28627,-19.03425,0.82004,-1.13082,2.81629,-5.67335,5.90006,-2.96131,0.57655,,,,,,,,,,,,,,,,,,,,,,,High,High,High,High,Medium,,,
108,2025-03-08,12:00:26.60,5,2,"Gundaria, Ajinkya",1000123765,Right,MAS_INS,"Kinney, William",1000092038,Right,POM_COL,Undefined,3,Bottom,1,0,1,Slider,Curveball,BallCalled,Undefined,Undefined,Undefined,0,0,,69.92738,2.337991,1.024605,2669.281033,66.329758,8:15,4.96767,2.51878,3.47544,-68.69618,-5.99512,-18.25383,1.51403,1.99228,64.28816,-9.720143,-2.11444,0.569913,,,,,,,,,,,,9.05327,-3.21103,-2.6191,50,5.16618,-1.064,-101.21254,1.55079,9.36769,16.90306,-35.4966,POM_COL,MAS_INS,PomonaPitzer,D3,Team,20250308-PomonaPitzer-1,fadd0dc0-fc57-11ef-b7c0-958c15ae1882,66.13714,,,5.63922,,,,,,,935155fd-d532-41e2-8f85-0cab3659d8e5,2025-03-08,20:00:26.60,2025-03-08T12:00:26.6010000-08:00,2025-03-08T20:00:26.6010000Z,,v3,POM_PIT,,,"Dwyer, John",1000292137,,MAS_INS,529c074b-bc13-4182-a841-c4f0705854e4,57.02885,-102.37967,8.45153,4.97449,4.00177,-17.7483,-2.5233,-1.71083,4.68384,,,,,,,,,,,,,,,,,,,,,,,,,,,,,,,,,,,,,,,,,,,,,,,,,,,High,High,High,,,,,
109,2025-03-08,12:00:42.11,5,3,"Gundaria, Ajinkya",1000123765,Right,MAS_INS,"Kinney, William",1000092038,Right,POM_COL,Undefined,3,Bottom,1,1,1,Slider,Curveball,InPlay,Undefined,GroundBall,Error,0,1,,70.35195,1.821896,-1.406666,2773.961008,75.099857,8:30,4.84991,2.50228,3.50412,-64.13429,-2.08906,-15.41253,1.27406,-0.14706,64.60267,-9.452528,-4.055077,0.566925,81.17922,-28.239958,-56.878994,,,,,5.04467,3.01901,-26.701233,0.026759,6.88784,-1.02642,-2.30911,50,4.99125,3.14605,-101.77079,0.81172,7.19125,17.40555,-33.24566,POM_COL,MAS_INS,PomonaPitzer,D3,Team,20250308-PomonaPitzer-1,041d10b0-fc58-11ef-b7c0-958c15ae1882,66.48577,1.50994,,5.74929,,,,2.97058,1.50994,0.08777,935155fd-d532-41e2-8f85-0cab3659d8e5,2025-03-08,20:00:42.11,2025-03-08T12:00:42.1100000-08:00,2025-03-08T20:00:42.1100000Z,GroundBall,v3,POM_PIT,,,"Dwyer, John",1000292137,,MAS_INS,88e90267-e32a-4257-a3c7-24b70d73d0b1,56.99735,-102.96057,8.70278,4.85809,3.08428,-16.62283,-2.50736,2.65448,3.59562,,2.97018,57.40595,,,,,,,,1.51033,-56.42726,,,,,,,,0.08838,-87.99002,,,,,,,,,,,,,,,,,,,,,,,,,,,,,,Medium,Medium,Medium,Low,Low,,,
110,2025-03-08,12:01:22.06,6,1,"Gundaria, Ajinkya",1000123765,Right,MAS_INS,"Legg, Jimmy",1000115608,Left,POM_COL,Undefined,3,Bottom,1,0,0,Fastball,Changeup,InPlay,Undefined,GroundBall,Single,0,1,,80.36157,-0.107682,-3.474679,1996.621847,234.019408,1:45,4.83711,2.60858,4.07012,-36.28368,10.17859,11.94406,1.70987,0.26313,73.47625,-6.623141,-1.405876,0.490593,90.67108,-19.589774,21.171713,,,,,7.10598,7.10598,13.678598,0.041172,-6.72367,5.31937,-2.23179,50,4.78619,6.5124,-116.24065,-1.64758,-9.20458,21.67449,-24.89194,POM_COL,MAS_INS,PomonaPitzer,D3,Team,20250308-PomonaPitzer-1,1be50450-fc58-11ef-b7c0-958c15ae1882,76.83033,1.83855,,6.88532,,,,2.08698,1.83855,-0.18545,935155fd-d532-41e2-8f85-0cab3659d8e5,2025-03-08,20:01:22.06,2025-03-08T12:01:22.0680000-08:00,2025-03-08T20:01:22.0680000Z,GroundBall,v3,POM_PIT,,,"Dwyer, John",1000292137,,MAS_INS,e6fb04ce-dbfd-4d38-8814-3bebf3fb1583,56.42939,-117.43337,10.83725,4.83917,-0.27781,-12.44597,-2.6041,7.01891,-4.60229,180,2.0858,117.00774,,,,,,,,1.839,-44.65518,,,,,,,,-0.1859,45.31787,,,,,,,,,,,,,,,,,,,,,,,,,,,,,,High,High,High,Medium,High,,,
111,2025-03-08,12:01:56.28,7,1,"Gundaria, Ajinkya",1000123765,Right,MAS_INS,"Ng, JC",1000115591,Left,POM_COL,Undefined,3,Bottom,1,0,0,Fastball,Changeup,InPlay,Undefined,FlyBall,Out,1,0,,81.76186,1.132067,-4.151404,2059.431502,276.518816,3:15,4.8217,2.49135,3.8744,-45.81235,-0.85547,19.36312,2.09799,0.0972,75.20053,-6.981007,-0.811083,0.48258,87.70529,30.218505,-18.968994,,99.17457,56.19211,-47.58531,289.58201,200.87624,-34.729142,4.312885,-10.29737,-0.32339,-2.03396,50,4.90008,7.6632,-118.28109,0.38984,-14.70189,20.91188,-32.63575,POM_COL,MAS_INS,PomonaPitzer,D3,Team,20250308-PomonaPitzer-1,30420790-fc58-11ef-b7c0-958c15ae1882,78.10607,65.30558,,6.56133,,,,0.54233,2.22188,-0.1321,935155fd-d532-41e2-8f85-0cab3659d8e5,2025-03-08,20:01:56.28,2025-03-08T12:01:56.2850000-08:00,2025-03-08T20:01:56.2850000Z,FlyBall,v3,POM_PIT,,,"Dwyer, John",1000292137,,MAS_INS,a059f514-7ad3-44f4-9783-8b1019336b4a,56.62794,-119.44715,10.45594,4.8276,2.20963,-16.31787,-2.48412,8.48298,-7.35095,140.709195,0.54333,105.09454,-27.9526,7.80714,-1.7546,0.33011,-0.05272,0.0064,-0.00038,2.22302,64.70975,-17.22882,-0.5166,0.93638,-0.4334,0.11674,-0.01663,0.00095,-0.13162,-36.14456,-3.35469,1.74036,-0.50504,0.0949,-0.01086,0.00071,-2E-05,,,,,,,,,,,,,,,,,,,,,,,High,High,High,High,Medium,,,
112,2025-03-08,12:02:44.01,8,1,"Gundaria, Ajinkya",1000123765,Right,MAS_INS,"Gold, Jack",1000108729,Left,POM_COL,Undefined,3,Bottom,2,0,0,Fastball,Changeup,BallCalled,Undefined,Undefined,Undefined,0,0,,80.97414,-0.275659,-5.210873,2012.317852,240.994978,2:00,4.86052,2.38345,4.16399,-36.35022,9.07638,13.89552,1.56598,-1.46781,74.57379,-6.778521,-2.808793,0.485095,,,,,,,,,,,,-7.96544,4.84729,-1.82066,50,4.79182,10.0256,-116.98753,-2.00913,-11.1475,20.03787,-25.39035,POM_COL,MAS_INS,PomonaPitzer,D3,Team,20250308-PomonaPitzer-1,4cb9c7a0-fc58-11ef-b7c0-958c15ae1882,77.70118,,,6.40035,,,,,,,935155fd-d532-41e2-8f85-0cab3659d8e5,2025-03-08,20:02:44.01,2025-03-08T12:02:44.0170000-08:00,2025-03-08T20:02:44.0170000Z,,v3,POM_PIT,,,"Dwyer, John",1000292137,,MAS_INS,bc08b3fa-3750-4c81-8b5b-d2637fb6cfcc,56.3354,-118.06768,10.01894,4.86323,-0.64045,-12.69518,-2.37729,10.62652,-5.57375,,,,,,,,,,,,,,,,,,,,,,,,,,,,,,,,,,,,,,,,,,,,,,,,,,,High,High,High,,,,,
113,2025-03-08,12:02:58.51,8,2,"Gundaria, Ajinkya",1000123765,Right,MAS_INS,"Gold, Jack",1000108729,Left,POM_COL,Undefined,3,Bottom,2,1,0,Slider,Curveball,InPlay,Undefined,LineDrive,HomeRun,0,2,,70.63147,2.594358,-1.523451,2687.217111,72.071887,8:30,4.98276,2.62934,3.6665,-62.90507,-1.73217,-11.43107,2.25288,0.20272,64.72723,-8.516419,-3.491497,0.562926,95.3185,25.762451,24.612575,1985.574774,99.24121,49.65723,47.44652,357.61127,328.94159,27.993496,4.85421,5.00197,-1.08524,-2.4323,50,5.21614,3.19287,-102.1508,2.27968,5.26942,17.29656,-33.31731,POM_COL,MAS_INS,PomonaPitzer,D3,Team,20250308-PomonaPitzer-1,556b1f20-fc58-11ef-b7c0-958c15ae1882,66.95812,69.88211,,5.90424,,,,2.37329,2.63755,-0.18082,935155fd-d532-41e2-8f85-0cab3659d8e5,2025-03-08,20:02:58.51,2025-03-08T12:02:58.5100000-08:00,2025-03-08T20:02:58.5100000Z,FlyBall,v3,POM_PIT,,,"Dwyer, John",1000292137,,MAS_INS,fb75c2a2-d960-449d-a736-cee02e9a0937,56.83463,-103.30158,8.64828,4.99073,4.49636,-16.65866,-2.63307,2.84229,2.63471,,2.37531,114.42331,-22.89365,5.19605,-0.85423,0.06803,0.00088,-0.00016,-2E-05,2.6371,60.76579,-14.30808,0.0762,0.17346,-0.0856,0.02909,-0.0048,0.00029,-0.17923,52.40396,-5.60974,0.21712,0.19791,-0.08125,0.01606,-0.0015,5E-05,,,,,,,,,,,,,,,,,,,,,,,High,High,High,Medium,Medium,,,
114,2025-03-08,12:03:44.25,9,1,"Gundaria, Ajinkya",1000123765,Right,MAS_INS,"Berry, Cooper",1000276381,Left,POM_COL,Undefined,3,Bottom,2,0,0,Slider,Curveball,BallCalled,Undefined,Undefined,Undefined,0,0,,71.08552,3.178091,-0.028363,2616.309301,92.945727,9:00,4.96508,2.53675,3.53177,-58.33684,2.76288,-12.81414,3.18859,1.4414,64.46949,-7.171052,-2.229197,0.562589,,,,,,,,,,,,5.94028,1.01339,-2.51588,50,5.27972,0.61572,-102.62914,3.47347,6.28631,18.21881,-31.10162,POM_COL,MAS_INS,PomonaPitzer,D3,Team,20250308-PomonaPitzer-1,70a7ee30-fc58-11ef-b7c0-958c15ae1882,66.9982,,,6.61603,,,,,,,935155fd-d532-41e2-8f85-0cab3659d8e5,2025-03-08,20:03:44.25,2025-03-08T12:03:44.2530000-08:00,2025-03-08T20:03:44.2530000Z,,v3,POM_PIT,,,"Dwyer, John",1000292137,,MAS_INS,81f9ce8a-bfbd-44f2-8177-fdd279e6e593,56.96453,-103.85813,9.1094,4.97465,5.5715,-15.55081,-2.54311,0.19166,3.14315,,,,,,,,,,,,,,,,,,,,,,,,,,,,,,,,,,,,,,,,,,,,,,,,,,,High,High,High,,,,,
115,2025-03-08,12:03:57.46,9,2,"Gundaria, Ajinkya",1000123765,Right,MAS_INS,"Berry, Cooper",1000276381,Left,POM_COL,Undefined,3,Bottom,2,1,0,Fastball,Changeup,InPlay,Undefined,FlyBall,HomeRun,0,1,,81.11709,0.011857,-4.196694,2134.962802,233.166794,1:45,4.9145,2.52419,3.87279,-36.02986,9.69642,11.07851,1.92347,-0.60433,74.55842,-6.415894,-2.287732,0.486692,,,,,,,,,,,,-6.38028,5.00209,-2.05115,50,4.87502,8.08682,-117.29233,-1.44722,-8.95358,20.65992,-25.15453,POM_COL,MAS_INS,PomonaPitzer,D3,Team,20250308-PomonaPitzer-1,787dd9d0-fc58-11ef-b7c0-958c15ae1882,77.44615,,,6.55867,,,,,,,935155fd-d532-41e2-8f85-0cab3659d8e5,2025-03-08,20:03:57.46,2025-03-08T12:03:57.4660000-08:00,2025-03-08T20:03:57.4660000Z,,v3,POM_PIT,,,"Dwyer, John",1000292137,,MAS_INS,caa58ce8-e8d5-4a73-abb3-47dab6a392cc,56.62716,-118.45389,10.32996,4.91663,-0.03296,-12.57727,-2.51996,8.59022,-4.47679,,,,,,,,,,,,,,,,,,,,,,,,,,,,,,,,,,,,,,,,,,,,,,,,,,,High,High,High,,,,,
116,2025-03-08,12:04:38.05,10,1,"Gundaria, Ajinkya",1000123765,Right,MAS_INS,"Lee, Sammy",1000276388,Right,POM_COL,Undefined,3,Bottom,2,0,0,Slider,Curveball,StrikeCalled,Undefined,Undefined,Undefined,0,0,,71.08489,3.076946,-0.985165,2649.75849,87.853105,9:00,5.23851,2.45886,3.41305,-59.7172,1.61476,-12.63418,3.25544,0.44858,64.58883,-7.477175,-3.149532,0.563657,,,,,,,,,,,,5.58095,0.4565,-2.31907,50,5.54295,2.32046,-102.62872,3.21598,5.90796,18.16631,-31.69079,POM_COL,MAS_INS,PomonaPitzer,D3,Team,20250308-PomonaPitzer-1,90b72ce0-fc58-11ef-b7c0-958c15ae1882,66.87124,,,6.49606,,,,,,,935155fd-d532-41e2-8f85-0cab3659d8e5,2025-03-08,20:04:38.05,2025-03-08T12:04:38.0520000-08:00,2025-03-08T20:04:38.0520000Z,,v3,POM_PIT,,,"Dwyer, John",1000292137,,MAS_INS,9666daee-e336-4e2f-8375-1c6144635748,57.08458,-103.87519,9.08316,5.24768,5.39043,-15.8454,-2.46438,1.91509,2.95398,,,,,,,,,,,,,,,,,,,,,,,,,,,,,,,,,,,,,,,,,,,,,,,,,,,High,High,High,,,,,
117,2025-03-08,12:04:50.45,10,2,"Gundaria, Ajinkya",1000123765,Right,MAS_INS,"Lee, Sammy",1000276388,Right,POM_COL,Undefined,3,Bottom,2,0,1,Slider,Curveball,FoulBallNotFieldable,Undefined,Undefined,Undefined,0,0,,70.19343,1.179599,-2.29346,2688.820182,80.720702,8:45,5.14971,2.37467,3.21126,-63.95023,-0.52252,-16.47824,0.97205,-1.23647,64.22873,-10.003504,-5.107654,0.573206,,,,,,,,,,,,7.03233,-0.10894,-2.05803,50,5.21307,4.76471,-101.38225,-0.37544,7.24029,18.24217,-32.28621,POM_COL,MAS_INS,PomonaPitzer,D3,Team,20250308-PomonaPitzer-1,9824e0d0-fc58-11ef-b7c0-958c15ae1882,65.7572,,,5.9647,,,,,,,935155fd-d532-41e2-8f85-0cab3659d8e5,2025-03-08,20:04:50.45,2025-03-08T12:04:50.4590000-08:00,2025-03-08T20:04:50.4590000Z,,v3,POM_PIT,,,"Dwyer, John",1000292137,,MAS_INS,c88b99ac-b784-4ae3-9ed5-5cfb409903cc,57.28936,-102.68548,9.12109,5.15751,1.9311,-16.1431,-2.37995,4.24746,3.62014,,,,,,,,,,,,,,,,,,,,,,,,,,,,,,,,,,,,,,,,,,,,,,,,,,,High,High,High,,,,,
118,2025-03-08,12:05:07.44,10,3,"Gundaria, Ajinkya",1000123765,Right,MAS_INS,"Lee, Sammy",1000276388,Right,POM_COL,Undefined,3,Bottom,2,0,2,Slider,Curveball,InPlay,Undefined,FlyBall,HomeRun,0,1,,70.62663,2.023735,-1.132532,2829.411569,63.814173,8:15,5.19562,2.46444,3.34947,-66.87492,-4.93583,-14.14328,1.59274,0.18388,64.81407,-9.691547,-3.557122,0.56644,68.98022,-7.054774,-41.197706,,,,,17.69698,17.69698,-35.340956,0.150114,6.33772,-2.44543,-2.30264,50,5.35991,2.6222,-102.14936,1.02367,6.66248,17.62353,-34.74478,POM_COL,MAS_INS,PomonaPitzer,D3,Team,20250308-PomonaPitzer-1,a23c5800-fc58-11ef-b7c0-958c15ae1882,66.54269,1.86972,,5.81256,,,,3.0678,1.86972,-0.28548,935155fd-d532-41e2-8f85-0cab3659d8e5,2025-03-08,20:05:07.44,2025-03-08T12:05:07.4460000-08:00,2025-03-08T20:05:07.4460000Z,GroundBall,v3,POM_PIT,,,"Dwyer, John",1000292137,,MAS_INS,cb8fc47c-67d2-4b28-8272-792ad374ed11,57.15266,-103.37602,8.81177,5.20449,3.44204,-17.37239,-2.46902,2.15847,3.33124,,3.06344,75.72932,,,,,,,,1.87044,-12.45531,,,,,,,,-0.28166,-66.29065,,,,,,,,,,,,,,,,,,,,,,,,,,,,,,High,High,High,Estimated,Estimated,,,
119,2025-03-08,12:06:05.26,11,1,"Gundaria, Ajinkya",1000123765,Right,MAS_INS,"Wakil, Lateef",1000128267,Left,POM_COL,Undefined,3,Bottom,2,0,0,ChangeUp,Changeup,FoulBallNotFieldable,Undefined,Undefined,Undefined,0,0,,74.90564,1.641606,-3.208816,1495.220026,282.179368,3:30,4.96224,2.64646,3.80739,-54.28534,-0.01646,8.48666,2.02533,0.25434,68.32882,-7.989207,-1.745189,0.530209,,,,,,,,,,,,-5.00221,-0.06248,-2.28167,50,5.09089,5.69959,-108.25387,0.99663,-5.90771,19.73597,-32.24783,POM_COL,MAS_INS,PomonaPitzer,D3,Team,20250308-PomonaPitzer-1,c4b0fdf0-fc58-11ef-b7c0-958c15ae1882,71.08983,,,6.57682,,,,,,,935155fd-d532-41e2-8f85-0cab3659d8e5,2025-03-08,20:06:05.26,2025-03-08T12:06:05.2650000-08:00,2025-03-08T20:06:05.2650000Z,,v3,POM_PIT,,,"Dwyer, John",1000292137,,MAS_INS,5e5073b6-e196-404b-bdac-1efe40949940,56.6931,-109.4673,9.86799,4.96866,2.97933,-16.12392,-2.64327,6.06282,-2.95386,,,,,,,,,,,,,,,,,,,,,,,,,,,,,,,,,,,,,,,,,,,,,,,,,,,High,High,High,,,,,
120,2025-03-08,12:06:34.23,11,2,"Gundaria, Ajinkya",1000123765,Right,MAS_INS,"Wakil, Lateef",1000128267,Left,POM_COL,Undefined,3,Bottom,2,0,1,Fastball,Slider,FoulBallNotFieldable,Undefined,Undefined,Undefined,0,0,,81.0377,1.192416,-3.454346,2024.495253,254.509913,2:30,4.95656,2.46183,3.90268,-42.75987,3.02646,5.87512,2.54405,-0.37988,74.39579,-6.409029,-2.440441,0.487012,,,,,,,,,,,,-3.71921,1.50721,-2.0704,50,5.04556,6.80153,-117.2416,0.66639,-5.2043,21.06209,-30.06503,POM_COL,MAS_INS,PomonaPitzer,D3,Team,20250308-PomonaPitzer-1,d5ed8750-fc58-11ef-b7c0-958c15ae1882,77.39536,,,6.6419,,,,,,,935155fd-d532-41e2-8f85-0cab3659d8e5,2025-03-08,20:06:34.23,2025-03-08T12:06:34.2310000-08:00,2025-03-08T20:06:34.2310000Z,,v3,POM_PIT,,,"Dwyer, John",1000292137,,MAS_INS,22b2072f-07e9-4281-9158-447bd6ba974a,56.59747,-118.42088,10.53105,4.96113,2.34975,-15.03252,-2.45938,7.09292,-2.60215,,,,,,,,,,,,,,,,,,,,,,,,,,,,,,,,,,,,,,,,,,,,,,,,,,,High,High,High,,,,,
121,2025-03-08,12:11:12.98,11,3,"Freedman, Jonathan",1000386670,Right,MAS_INS,"Wakil, Lateef",1000128267,Left,POM_COL,Undefined,3,Bottom,2,0,2,Fastball,Changeup,HitByPitch,Undefined,Undefined,Undefined,0,0,,80.36483,-0.297574,-5.544529,2031.903617,213.755425,1:15,4.69433,1.8372,5.90831,-25.26265,18.89505,11.54816,2.3116,-2.36304,72.38486,-5.087086,-3.487095,0.478272,,,,,,,,,,,,-7.79563,10.25886,-1.39779,50,4.65623,10.84342,-116.09655,-1.30173,-10.47771,24.82237,-18.38559,POM_COL,MAS_INS,PomonaPitzer,D3,Team,20250308-PomonaPitzer-1,7c138e40-fc59-11ef-b7c0-958c15ae1882,78.80969,,,7.97997,,,,,,,935155fd-d532-41e2-8f85-0cab3659d8e5,2025-03-08,20:11:12.98,2025-03-08T12:11:12.9890000-08:00,2025-03-08T20:11:12.9890000Z,,v3,POM_PIT,,,"Dwyer, John",1000292137,,MAS_INS,b21f406d-4d96-43e4-a6d9-58bd2b38b8d0,54.59105,-117.07404,12.41119,4.69324,-0.57772,-9.19279,-1.83292,11.25603,-5.23886,,,,,,,,,,,,,,,,,,,,,,,,,,,,,,,,,,,,,,,,,,,,,,,,,,,High,High,High,,,,,
122,2025-03-08,12:11:41.38,12,1,"Freedman, Jonathan",1000386670,Right,MAS_INS,"Hattenburg, Xavier",10277269,Left,POM_COL,Undefined,3,Bottom,2,0,0,Fastball,Changeup,BallCalled,Undefined,Undefined,Undefined,0,0,,78.40838,-0.933713,-4.988211,1844.976963,240.137243,2:00,4.80696,1.82347,5.52132,-37.21392,9.84056,14.11032,0.82942,-1.67626,70.87173,-7.808036,-2.484206,0.49371,,,,,,,,,,,,-8.68075,5.78244,-1.39788,50,4.70093,9.32267,-113.23911,-3.03338,-11.1081,23.4788,-24.77467,POM_COL,MAS_INS,PomonaPitzer,D3,Team,20250308-PomonaPitzer-1,8d0d4240-fc59-11ef-b7c0-958c15ae1882,76.34531,,,7.53666,,,,,,,935155fd-d532-41e2-8f85-0cab3659d8e5,2025-03-08,20:11:41.38,2025-03-08T12:11:41.3850000-08:00,2025-03-08T20:11:41.3850000Z,,v3,POM_PIT,,,"Dwyer, John",1000292137,,MAS_INS,1379532a-17f3-4396-a081-a17fbf98c141,54.97507,-114.26597,11.7394,4.80991,-1.94984,-12.38734,-1.81624,9.80849,-5.55405,,,,,,,,,,,,,,,,,,,,,,,,,,,,,,,,,,,,,,,,,,,,,,,,,,,High,High,High,,,,,
123,2025-03-08,12:11:57.72,12,2,"Freedman, Jonathan",1000386670,Right,MAS_INS,"Hattenburg, Xavier",10277269,Left,POM_COL,Undefined,3,Bottom,2,1,0,Fastball,Changeup,InPlay,Undefined,Popup,Double,0,0,,78.95742,0.572213,-3.305665,1964.645784,213.323359,1:00,4.79366,1.83969,6.01643,-28.15624,17.58556,10.39127,2.97826,-0.35987,70.49927,-4.792711,-1.441067,0.486775,42.66375,-54.445296,90.836912,,,,,3.5695,3.5695,45.056406,0.05962,-6.51634,9.33646,-1.58602,50,4.82356,6.21305,-114.27536,0.38745,-8.40334,25.92128,-20.13395,POM_COL,MAS_INS,PomonaPitzer,D3,Team,20250308-PomonaPitzer-1,96c2ea60-fc59-11ef-b7c0-958c15ae1882,77.43303,3.07227,,8.45815,,,,2.55361,3.07227,0.33088,935155fd-d532-41e2-8f85-0cab3659d8e5,2025-03-08,20:11:57.72,2025-03-08T12:11:57.7260000-08:00,2025-03-08T20:11:57.7260000Z,GroundBall,v3,POM_PIT,,,"Dwyer, John",1000292137,,MAS_INS,680b61b8-0e8d-4b2f-899a-6dd36b368f70,54.47952,-115.28699,12.96064,4.79311,1.17321,-10.06698,-1.83489,6.54101,-4.20167,,2.55367,-0.53797,,,,,,,,3.07825,-51.53101,,,,,,,,0.3266,36.82707,,,,,,,,,,,,,,,,,,,,,,,,,,,,,,Medium,Medium,Medium,Estimated,Estimated,,,
124,2025-03-08,12:12:33.92,13,1,"Freedman, Jonathan",1000386670,Right,MAS_INS,"Pierantoni, Greg",1000091552,Right,POM_COL,Undefined,3,Bottom,2,0,0,Slider,Curveball,InPlay,Undefined,FlyBall,Double,0,2,,70.20879,1.618168,-0.208878,2150.944614,100.418517,9:15,5.00264,1.60244,5.10157,-54.50849,3.95677,-11.47449,1.98546,0.44941,64.51078,-8.28734,-2.23945,0.550326,82.02587,47.88174,27.833109,4027.225362,88.82334,99.5352,64.88752,240.39609,102.94955,42.634758,5.286564,5.68922,1.99882,-1.57315,50,5.11253,0.78342,-101.86523,1.18392,5.96623,17.03596,-30.07788,POM_COL,MAS_INS,PomonaPitzer,D3,Team,20250308-PomonaPitzer-1,ac627fc0-fc59-11ef-b7c0-958c15ae1882,68.49106,105.26486,,5.69801,,,,1.27047,2.80022,-0.55698,935155fd-d532-41e2-8f85-0cab3659d8e5,2025-03-08,20:12:33.92,2025-03-08T12:12:33.9230000-08:00,2025-03-08T20:12:33.9230000Z,FlyBall,v3,POM_PIT,,,"Dwyer, John",1000292137,,MAS_INS,b50640a7-132c-42af-89e1-3a2781dde5f2,55.39894,-102.76419,8.51798,5.00818,2.77107,-15.03894,-1.60618,0.46859,2.98312,,1.28156,71.10552,-19.68756,4.20007,0.1555,-0.44352,0.13382,-0.01731,0.00085,2.79058,89.40922,-23.36299,2.55321,-0.63261,0.12329,-0.0068,-0.00136,0.00015,-0.56023,37.73508,-1.01257,-0.31206,0.01907,0.04241,-0.01411,0.00178,-8E-05,,,,,,,,,,,,,,,,,,,,,,,High,High,High,High,Low,,,
125,2025-03-08,12:13:08.69,14,1,"Freedman, Jonathan",1000386670,Right,MAS_INS,"Kinney, William",1000092038,Right,POM_COL,Undefined,3,Bottom,2,0,0,Slider,Curveball,StrikeCalled,Undefined,Undefined,Undefined,0,0,,71.68511,2.688752,-2.116845,2197.07358,100.718235,9:15,4.97088,1.64225,5.08465,-53.08924,3.66634,-9.18941,3.08474,-1.11974,65.12178,-6.993887,-3.737864,0.54222,,,,,,,,,,,,3.85886,1.65106,-1.43445,50,5.18464,4.18966,-103.71576,3.16607,4.1636,18.87513,-30.39261,POM_COL,MAS_INS,PomonaPitzer,D3,Team,20250308-PomonaPitzer-1,c118eda0-fc59-11ef-b7c0-958c15ae1882,69.51501,,,6.56333,,,,,,,935155fd-d532-41e2-8f85-0cab3659d8e5,2025-03-08,20:13:08.69,2025-03-08T12:13:08.6930000-08:00,2025-03-08T20:13:08.6930000Z,,v3,POM_PIT,,,"Dwyer, John",1000292137,,MAS_INS,83a90fc0-8db0-4904-b06f-b2f478fca197,55.41131,-104.69593,9.43757,4.97925,4.74433,-15.19631,-1.6464,3.97345,2.0818,,,,,,,,,,,,,,,,,,,,,,,,,,,,,,,,,,,,,,,,,,,,,,,,,,,High,High,High,,,,,
126,2025-03-08,12:13:22.67,14,2,"Freedman, Jonathan",1000386670,Right,MAS_INS,"Kinney, William",1000092038,Right,POM_COL,Undefined,3,Bottom,2,0,1,Slider,Curveball,InPlay,Undefined,FlyBall,Out,1,0,,70.30585,1.426716,-1.588337,2162.701525,92.845604,9:00,4.88593,1.7312,5.28789,-55.78294,2.52276,-11.72323,1.57788,-0.73762,64.32474,-8.741504,-3.668692,0.549575,69.88773,33.469515,-10.49306,3116.297594,108.741,53.20355,-16.59465,225.99135,225.44937,-7.674502,4.009106,5.43433,1.32878,-1.57737,50,4.97506,3.23971,-101.941,0.84704,5.66615,18.19016,-30.7886,POM_COL,MAS_INS,PomonaPitzer,D3,Team,20250308-PomonaPitzer-1,c96cbbd0-fc59-11ef-b7c0-958c15ae1882,68.58471,54.94038,,5.98111,,,,2.78522,1.81949,0.65685,935155fd-d532-41e2-8f85-0cab3659d8e5,2025-03-08,20:13:22.67,2025-03-08T12:13:22.6730000-08:00,2025-03-08T20:13:22.6730000Z,FlyBall,v3,POM_PIT,,,"Dwyer, John",1000292137,,MAS_INS,8cd28936-140e-496a-ba44-688f41d1e699,55.21231,-102.86688,9.09508,4.89206,2.41417,-15.3943,-1.73492,2.95131,2.83308,187.613671,2.78523,84.07533,-14.96612,3.55134,-0.74849,0.18355,-0.0471,0.00786,-0.00054,1.82041,56.50337,-15.93956,0.35177,0.29978,-0.23146,0.07896,-0.01289,0.00081,0.65685,-15.57185,4.11779,-0.98813,0.20828,-0.05025,0.01267,-0.0021,0.00014,,,,,,,,,,,,,,,,,,,,,,,High,High,High,High,Medium,,,
127,2025-03-08,12:15:30.75,1,1,"Wiessinger, Jack",1000276383,Right,POM_COL,"Spivey, John",10046007,Right,MAS_INS,Undefined,4,Top,0,0,0,Fastball,Four-Seam,StrikeSwinging,Undefined,Undefined,Undefined,0,0,,88.91501,-1.624456,-1.596146,2054.655915,208.398592,1:00,5.31257,0.62817,5.37406,-19.17123,16.77182,8.46386,2.19099,-0.16333,81.50887,-5.206957,-0.091899,0.431498,,,,,,,,,,,,-4.67945,9.19949,-0.49134,50,5.15366,3.21706,-129.03011,-4.30171,-7.91705,25.94941,-16.60955,POM_COL,MAS_INS,PomonaPitzer,D3,Team,20250308-PomonaPitzer-1,15b2cbb0-fc5a-11ef-b7c0-958c15ae1882,87.35248,,,7.40614,,,,,,,935155fd-d532-41e2-8f85-0cab3659d8e5,2025-03-08,20:15:30.75,2025-03-08T12:15:30.7570000-08:00,2025-03-08T20:15:30.7570000Z,,v3,POM_PIT,,,"Lee, Sammy",1000276388,Right,POM_COL,a812d6f7-cba5-4a5d-b5fa-967962bd622b,55.1248,-130.05668,12.97471,5.31084,-3.64463,-8.30478,-0.6248,3.53026,-3.95853,,,,,,,,,,,,,,,,,,,,,,,,,,,,,,,,,,,,,,,,,,,,,,,,,,,High,High,High,,,,,
128,2025-03-08,12:15:43.54,1,2,"Wiessinger, Jack",1000276383,Right,POM_COL,"Spivey, John",10046007,Right,MAS_INS,Undefined,4,Top,0,0,1,Slider,Curveball,BallCalled,Undefined,Undefined,Undefined,0,0,,74.90668,-0.884834,-0.549066,2267.186874,79.798338,8:45,4.99445,1.09056,5.01482,-52.06708,-0.88425,-13.25918,-0.17969,-0.53259,69.64992,-10.233586,-2.897265,0.514913,,,,,,,,,,,,6.52666,0.1374,-1.02647,50,4.867,1.54273,-108.80623,-3.44244,7.85526,18.38097,-32.00868,POM_COL,MAS_INS,PomonaPitzer,D3,Team,20250308-PomonaPitzer-1,1d5e7300-fc5a-11ef-b7c0-958c15ae1882,73.20162,,,5.25676,,,,,,,935155fd-d532-41e2-8f85-0cab3659d8e5,2025-03-08,20:15:43.54,2025-03-08T12:15:43.5420000-08:00,2025-03-08T20:15:43.5420000Z,,v3,POM_PIT,,,"Lee, Sammy",1000276388,Right,POM_COL,9f1f8374-7379-412d-af74-f7fd02b213a9,55.48817,-109.72945,9.19049,4.99953,-1.83475,-16.00434,-1.09405,1.14818,3.92763,,,,,,,,,,,,,,,,,,,,,,,,,,,,,,,,,,,,,,,,,,,,,,,,,,,High,High,High,,,,,
129,2025-03-08,12:15:59.98,1,3,"Wiessinger, Jack",1000276383,Right,POM_COL,"Spivey, John",10046007,Right,MAS_INS,Undefined,4,Top,0,1,1,Slider,Slider,BallCalled,Undefined,Undefined,Undefined,0,0,,76.66951,-1.347751,-1.098945,2254.424566,112.487218,9:45,5.04535,1.25556,5.03688,-42.99345,6.14929,-11.09733,0.19061,-0.7061,70.66549,-9.125139,-3.062329,0.504546,,,,,,,,,,,,5.25839,3.84906,-1.14114,50,4.88218,2.56623,-111.22385,-4.07416,6.5756,20.27167,-27.36084,POM_COL,MAS_INS,PomonaPitzer,D3,Team,20250308-PomonaPitzer-1,272cac30-fc5a-11ef-b7c0-958c15ae1882,74.7056,,,6.00402,,,,,,,935155fd-d532-41e2-8f85-0cab3659d8e5,2025-03-08,20:15:59.98,2025-03-08T12:15:59.9800000-08:00,2025-03-08T20:15:59.9800000Z,,v3,POM_PIT,,,"Lee, Sammy",1000276388,Right,POM_COL,85c12181-435c-4b1b-8581-3c35dbb236b7,55.46372,-112.21525,10.13584,5.04871,-2.73607,-13.68042,-1.25878,2.24464,3.2878,,,,,,,,,,,,,,,,,,,,,,,,,,,,,,,,,,,,,,,,,,,,,,,,,,,High,High,High,,,,,
130,2025-03-08,12:16:17.95,1,4,"Wiessinger, Jack",1000276383,Right,POM_COL,"Spivey, John",10046007,Right,MAS_INS,Undefined,4,Top,0,2,1,Fastball,Sinker,BallCalled,Undefined,Undefined,Undefined,0,0,,88.71271,-0.855583,-0.659901,1915.12118,240.350911,2:00,5.32815,0.60948,5.38042,-24.9173,11.11182,17.60477,2.44956,1.45791,81.49793,-5.454385,2.471364,0.432014,,,,,,,,,,,,-8.99445,6.14914,-0.56313,50,5.23415,0.69334,-128.85074,-2.81929,-15.18111,25.78079,-21.79536,POM_COL,MAS_INS,PomonaPitzer,D3,Team,20250308-PomonaPitzer-1,31d95e80-fc5a-11ef-b7c0-958c15ae1882,87.24814,,,7.21478,,,,,,,935155fd-d532-41e2-8f85-0cab3659d8e5,2025-03-08,20:16:17.95,2025-03-08T12:16:17.9550000-08:00,2025-03-08T20:16:17.9550000Z,,v3,POM_PIT,,,"Lee, Sammy",1000276388,Right,POM_COL,08b919ba-1c79-4f91-b6ec-a75cced2a2b2,55.11927,-129.87098,12.89039,5.32866,-1.95677,-10.89768,-0.60245,1.29411,-7.59055,,,,,,,,,,,,,,,,,,,,,,,,,,,,,,,,,,,,,,,,,,,,,,,,,,,High,High,High,,,,,
131,2025-03-08,12:16:35.12,1,5,"Wiessinger, Jack",1000276383,Right,POM_COL,"Spivey, John",10046007,Right,MAS_INS,Undefined,4,Top,0,3,1,Fastball,Four-Seam,InPlay,Undefined,GroundBall,Single,0,0,,88.83056,-0.607811,-1.55596,2019.385659,218.352142,1:15,5.41402,0.57456,5.29443,-20.3134,15.97776,11.7076,3.15032,0.08891,80.92132,-4.407805,0.521535,0.433582,83.44168,5.641132,18.309183,2706.276755,,,,86.58827,84.94712,21.900919,0.779713,-6.32276,8.52811,-0.44193,50,5.34432,2.97381,-128.87412,-2.06065,-10.60764,27.39226,-17.86651,POM_COL,MAS_INS,PomonaPitzer,D3,Team,20250308-PomonaPitzer-1,3c16ad30-fc5a-11ef-b7c0-958c15ae1882,86.93258,4.63047,,7.90924,,,,1.08958,2.95235,-0.04709,935155fd-d532-41e2-8f85-0cab3659d8e5,2025-03-08,20:16:35.12,2025-03-08T12:16:35.1220000-08:00,2025-03-08T20:16:35.1220000Z,GroundBall,v3,POM_PIT,,,"Lee, Sammy",1000276388,Right,POM_COL,4882bd98-83d9-466e-ad43-9ab629b66209,55.20448,-129.97563,13.69613,5.41274,-1.34219,-8.93325,-0.57009,3.40037,-5.30382,288.548192,1.14094,114.72812,-16.94861,,,,,,,3.00216,11.16062,-19.32723,,,,,,,-0.0875,38.97153,3.3469,,,,,,,,,,,,,,,,,,,,,,,,,,,,,High,High,High,High,High,,,
132,2025-03-08,12:17:32.43,2,1,"Wiessinger, Jack",1000276383,Right,POM_COL,"Moore, Eitan",1000292133,Right,MAS_INS,Undefined,4,Top,0,0,0,Fastball,Four-Seam,StrikeCalled,Undefined,Undefined,Undefined,0,0,,89.43591,-2.496496,-2.399608,2088.843093,211.024129,1:00,5.38616,0.64859,5.23929,-18.63261,17.45316,9.75567,1.48349,-0.7951,81.3245,-5.987087,-0.671116,0.432354,,,,,,,,,,,,-5.56457,9.80725,-0.43537,50,5.14293,4.97585,-129.49734,-6.27595,-9.4011,28.32699,-15.60517,POM_COL,MAS_INS,PomonaPitzer,D3,Team,20250308-PomonaPitzer-1,5e3989a0-fc5a-11ef-b7c0-958c15ae1882,87.17958,,,8.11141,,,,,,,935155fd-d532-41e2-8f85-0cab3659d8e5,2025-03-08,20:17:32.43,2025-03-08T12:17:32.4350000-08:00,2025-03-08T20:17:32.4350000Z,,v3,POM_PIT,,,"Lee, Sammy",1000276388,Right,POM_COL,ccd7172f-18c9-4b24-b0fa-4b5335f8b743,55.25814,-130.64247,14.1635,5.38389,-5.64511,-7.80259,-0.64421,5.35589,-4.70055,,,,,,,,,,,,,,,,,,,,,,,,,,,,,,,,,,,,,,,,,,,,,,,,,,,High,High,High,,,,,
133,2025-03-08,12:17:48.80,2,2,"Wiessinger, Jack",1000276383,Right,POM_COL,"Moore, Eitan",1000292133,Right,MAS_INS,Undefined,4,Top,0,0,1,Fastball,Sinker,FoulBallNotFieldable,Undefined,Undefined,Undefined,0,0,,89.26125,-1.942354,-2.160742,2069.718101,231.11095,1:45,5.26858,0.6852,5.46199,-22.18104,13.69678,15.47757,1.60014,-0.04841,81.22439,-6.076878,0.594855,0.431106,,,,,,,,,,,,-8.43213,7.82996,-0.50579,50,5.08247,4.18963,-129.38801,-5.1522,-14.21371,28.41919,-18.97536,POM_COL,MAS_INS,PomonaPitzer,D3,Team,20250308-PomonaPitzer-1,68041950-fc5a-11ef-b7c0-958c15ae1882,87.43187,,,8.03685,,,,,,,935155fd-d532-41e2-8f85-0cab3659d8e5,2025-03-08,20:17:48.80,2025-03-08T12:17:48.8070000-08:00,2025-03-08T20:17:48.8070000Z,,v3,POM_PIT,,,"Lee, Sammy",1000276388,Right,POM_COL,79ab5b13-21eb-4929-80f9-e705167eb78e,55.03668,-130.48959,14.2096,5.26793,-4.41668,-9.48768,-0.67887,4.74058,-7.10685,,,,,,,,,,,,,,,,,,,,,,,,,,,,,,,,,,,,,,,,,,,,,,,,,,,High,High,High,,,,,
134,2025-03-08,12:18:10.50,2,3,"Wiessinger, Jack",1000276383,Right,POM_COL,"Moore, Eitan",1000292133,Right,MAS_INS,Undefined,4,Top,0,0,2,Slider,Slider,StrikeSwinging,Strikeout,Undefined,Undefined,0,0,,76.50021,-0.15618,-0.534476,2287.467088,122.053783,10:00,5.05488,1.21138,4.87394,-44.52002,6.47087,-7.06004,1.19709,0.11728,68.46297,-8.296904,-1.779605,0.513946,,,,,,,,,,,,3.28496,3.81351,-1.15248,50,5.00263,1.32422,-110.60607,-1.83097,3.95242,25.00887,-27.58567,POM_COL,MAS_INS,PomonaPitzer,D3,Team,20250308-PomonaPitzer-1,74fa1f60-fc5a-11ef-b7c0-958c15ae1882,73.33926,,,8.03724,,,,,,,935155fd-d532-41e2-8f85-0cab3659d8e5,2025-03-08,20:18:10.50,2025-03-08T12:18:10.5050000-08:00,2025-03-08T20:18:10.5050000Z,,v3,POM_PIT,,,"Lee, Sammy",1000276388,Right,POM_COL,0168ebb6-0259-4e1b-8283-1601bb7d3c0e,55.62086,-111.86977,12.50444,5.05993,-0.43707,-13.79284,-1.21435,1.1245,1.97621,,,,,,,,,,,,,,,,,,,,,,,,,,,,,,,,,,,,,,,,,,,,,,,,,,,High,High,High,,,,,
135,2025-03-08,12:18:36.07,3,1,"Wiessinger, Jack",1000276383,Right,POM_COL,"Moore, Zev",1000292151,Right,MAS_INS,Undefined,4,Top,1,0,0,Slider,Curveball,StrikeCalled,Undefined,Undefined,Undefined,0,0,,72.96303,2.667049,1.354335,2214.629364,81.044722,8:45,5.10825,1.07937,4.6566,-57.07007,-1.11,-19.96009,2.88879,0.70296,65.84585,-7.659398,-2.147402,0.538407,,,,,,,,,,,,10.13394,-0.78492,-1.19843,50,5.32931,-1.68063,-105.51871,2.92645,11.23572,20.73755,-33.04429,POM_COL,MAS_INS,PomonaPitzer,D3,Team,20250308-PomonaPitzer-1,8438dcf0-fc5a-11ef-b7c0-958c15ae1882,70.00737,,,7.11718,,,,,,,935155fd-d532-41e2-8f85-0cab3659d8e5,2025-03-08,20:18:36.07,2025-03-08T12:18:36.0750000-08:00,2025-03-08T20:18:36.0750000Z,,v3,POM_PIT,,,"Lee, Sammy",1000276388,Right,POM_COL,63bfc58f-955b-462d-9d7d-b71e74fceadc,55.842,-106.66065,10.36878,5.11806,4.74609,-16.52215,-1.08885,-2.29934,5.61786,,,,,,,,,,,,,,,,,,,,,,,,,,,,,,,,,,,,,,,,,,,,,,,,,,,High,High,High,,,,,
136,2025-03-08,12:18:53.60,3,2,"Wiessinger, Jack",1000276383,Right,POM_COL,"Moore, Zev",1000292151,Right,MAS_INS,Undefined,4,Top,1,0,1,Fastball,Four-Seam,BallCalled,Undefined,Undefined,Undefined,0,0,,89.30023,-2.473221,-3.356655,2176.27407,208.173289,1:00,5.36955,0.47182,5.37541,-21.14974,15.18162,7.42406,1.28299,-2.05999,80.68093,-6.429395,-2.039729,0.433823,,,,,,,,,,,,-4.76551,8.77516,-0.17621,50,5.13303,7.23171,-129.1081,-6.30129,-7.94253,30.03503,-17.54874,POM_COL,MAS_INS,PomonaPitzer,D3,Team,20250308-PomonaPitzer-1,8ea09700-fc5a-11ef-b7c0-958c15ae1882,86.88443,,,8.61931,,,,,,,935155fd-d532-41e2-8f85-0cab3659d8e5,2025-03-08,20:18:53.60,2025-03-08T12:18:53.6090000-08:00,2025-03-08T20:18:53.6090000Z,,v3,POM_PIT,,,"Lee, Sammy",1000276388,Right,POM_COL,e5278fd7-732c-42cd-8e25-4ef967898175,55.12055,-130.29387,15.01751,5.36812,-5.60847,-8.77437,-0.46791,7.54528,-3.97126,,,,,,,,,,,,,,,,,,,,,,,,,,,,,,,,,,,,,,,,,,,,,,,,,,,High,High,High,,,,,
137,2025-03-08,12:19:12.97,3,3,"Wiessinger, Jack",1000276383,Right,POM_COL,"Moore, Zev",1000292151,Right,MAS_INS,Undefined,4,Top,1,1,1,Fastball,Four-Seam,InPlay,Undefined,GroundBall,Single,0,0,,88.73882,-2.455956,-2.251122,2156.556958,209.511478,1:00,5.37944,0.59009,5.36005,-19.13745,17.86509,9.30504,1.47833,-0.74663,79.59779,-6.07835,-0.598549,0.437811,102.24165,-0.037125,2.01991,1134.026082,,,,35.17256,34.32406,3.238697,0.236193,-5.41654,10.18623,-0.39462,50,5.14556,4.61965,-128.32304,-6.11915,-8.85026,31.52833,-15.53037,POM_COL,MAS_INS,PomonaPitzer,D3,Team,20250308-PomonaPitzer-1,9a3140b0-fc5a-11ef-b7c0-958c15ae1882,86.09286,1.48229,,9.14103,,,,1.13714,1.48229,0.74134,935155fd-d532-41e2-8f85-0cab3659d8e5,2025-03-08,20:19:12.97,2025-03-08T12:19:12.9720000-08:00,2025-03-08T20:19:12.9720000Z,GroundBall,v3,POM_PIT,,,"Lee, Sammy",1000276388,Right,POM_COL,ce0c63b0-7fb3-4773-bb7e-b680b4a077ed,55.13551,-129.57866,15.76417,5.37695,-5.50064,-7.76519,-0.58562,4.97212,-4.42513,355.386082,1.13972,149.71558,-24.8739,,,,,,,1.48538,-0.2716,-25.52939,,,,,,,0.74126,5.28978,-0.06261,,,,,,,,,,,,,,,,,,,,,,,,,,,,,High,High,High,High,High,,,
138,2025-03-08,12:19:54.47,4,1,"Wiessinger, Jack",1000276383,Right,POM_COL,"Soqui, Malachi",1000292142,Left,MAS_INS,Undefined,4,Top,1,0,0,Fastball,Four-Seam,StrikeCalled,Undefined,Undefined,Undefined,0,0,,88.99634,-2.024843,-1.690296,2140.999982,215.413705,1:15,5.45051,0.52605,5.34754,-22.17576,14.47576,9.32107,1.70162,-0.28314,80.11573,-6.175853,-0.033959,0.43573,,,,,,,,,,,,-5.20713,8.30815,-0.38064,50,5.2527,3.3726,-128.81272,-5.31421,-8.60136,30.96816,-18.45033,POM_COL,MAS_INS,PomonaPitzer,D3,Team,20250308-PomonaPitzer-1,b2e89d60-fc5a-11ef-b7c0-958c15ae1882,86.50416,,,8.88062,,,,,,,935155fd-d532-41e2-8f85-0cab3659d8e5,2025-03-08,20:19:54.47,2025-03-08T12:19:54.4770000-08:00,2025-03-08T20:19:54.4770000Z,,v3,POM_PIT,,,"Lee, Sammy",1000276388,Right,POM_COL,52cc06df-6345-46a8-8c25-3f0cd15527d1,55.14807,-130.0445,15.48408,5.44948,-4.58034,-9.22517,-0.52159,3.71472,-4.30068,,,,,,,,,,,,,,,,,,,,,,,,,,,,,,,,,,,,,,,,,,,,,,,,,,,High,High,High,,,,,
139,2025-03-08,12:20:10.63,4,2,"Wiessinger, Jack",1000276383,Right,POM_COL,"Soqui, Malachi",1000292142,Left,MAS_INS,Undefined,4,Top,1,0,1,ChangeUp,Changeup,BallCalled,Undefined,Undefined,Undefined,0,0,,82.04923,-2.438082,-3.101962,1964.620985,231.420699,1:45,5.33036,0.75647,5.31117,-29.2536,13.8193,15.36713,0.59937,-0.87737,74.39069,-7.847594,-0.374824,0.47236,,,,,,,,,,,,-8.7004,8.13733,-0.48661,50,5.08807,5.79347,-118.69263,-6.02687,-12.25876,25.32835,-20.70864,POM_COL,MAS_INS,PomonaPitzer,D3,Team,20250308-PomonaPitzer-1,bc912620-fc5a-11ef-b7c0-958c15ae1882,79.79592,,,7.65855,,,,,,,935155fd-d532-41e2-8f85-0cab3659d8e5,2025-03-08,20:20:10.63,2025-03-08T12:20:10.6330000-08:00,2025-03-08T20:20:10.6330000Z,,v3,POM_PIT,,,"Lee, Sammy",1000276388,Right,POM_COL,b328878a-a799-4649-b6aa-5b80f60eadd4,55.18696,-119.79438,12.66418,5.33064,-5.12607,-10.35432,-0.75022,6.32672,-6.12938,,,,,,,,,,,,,,,,,,,,,,,,,,,,,,,,,,,,,,,,,,,,,,,,,,,Medium,Medium,Medium,,,,,
140,2025-03-08,12:20:31.87,4,3,"Wiessinger, Jack",1000276383,Right,POM_COL,"Soqui, Malachi",1000292142,Left,MAS_INS,Undefined,4,Top,1,1,1,ChangeUp,Changeup,BallCalled,Undefined,Undefined,Undefined,0,0,,80.21444,-0.594591,-1.814299,1830.148599,255.290112,2:30,5.37504,0.79819,5.23933,-37.83919,7.423,21.90403,1.66263,0.91773,72.42821,-7.551214,2.073769,0.484216,,,,,,,,,,,,-11.45638,4.41252,-0.64802,50,5.29276,2.75401,-116.17549,-2.50526,-15.38236,25.32964,-26.24939,POM_COL,MAS_INS,PomonaPitzer,D3,Team,20250308-PomonaPitzer-1,c9320750-fc5a-11ef-b7c0-958c15ae1882,77.8422,,,7.78623,,,,,,,935155fd-d532-41e2-8f85-0cab3659d8e5,2025-03-08,20:20:31.87,2025-03-08T12:20:31.8770000-08:00,2025-03-08T20:20:31.8770000Z,,v3,POM_PIT,,,"Lee, Sammy",1000276388,Right,POM_COL,7f64b7b5-8f9b-47d6-860c-406cb658b225,55.25773,-117.31623,12.66482,5.37896,-1.3231,-13.1247,-0.78765,3.44677,-7.69118,,,,,,,,,,,,,,,,,,,,,,,,,,,,,,,,,,,,,,,,,,,,,,,,,,,High,High,High,,,,,
141,2025-03-08,12:20:52.43,4,4,"Wiessinger, Jack",1000276383,Right,POM_COL,"Soqui, Malachi",1000292142,Left,MAS_INS,Undefined,4,Top,1,2,1,Fastball,Four-Seam,FoulBallNotFieldable,Undefined,Undefined,Undefined,0,0,,89.65741,-0.619881,-1.12195,2148.148443,207.708497,1:00,5.33103,0.58754,5.40235,-18.20497,17.83351,8.65835,3.23296,0.25763,80.39507,-4.08588,0.417709,0.432071,,,,,,,,,,,,-4.73004,9.55107,-0.4939,50,5.2637,2.14893,-129.87585,-1.98326,-7.92533,32.02878,-16.17101,POM_COL,MAS_INS,PomonaPitzer,D3,Team,20250308-PomonaPitzer-1,d572a010-fc5a-11ef-b7c0-958c15ae1882,87.23678,,,9.26233,,,,,,,935155fd-d532-41e2-8f85-0cab3659d8e5,2025-03-08,20:20:52.43,2025-03-08T12:20:52.4360000-08:00,2025-03-08T20:20:52.4360000Z,,v3,POM_PIT,,,"Lee, Sammy",1000276388,Right,POM_COL,4a99ac7f-692f-49ab-ad6c-4962c3db6741,55.09399,-131.12607,16.01439,5.3288,-1.35204,-8.08551,-0.58382,2.45828,-3.96267,,,,,,,,,,,,,,,,,,,,,,,,,,,,,,,,,,,,,,,,,,,,,,,,,,,High,High,High,,,,,
142,2025-03-08,12:21:17.68,4,5,"Wiessinger, Jack",1000276383,Right,POM_COL,"Soqui, Malachi",1000292142,Left,MAS_INS,Undefined,4,Top,1,2,2,Fastball,Four-Seam,BallCalled,Undefined,Undefined,Undefined,0,0,,88.71631,0.247841,0.1851,2083.130509,215.598,1:15,5.44213,0.6129,5.3476,-20.29446,16.10182,10.66772,3.9834,1.6755,80.57318,-3.562295,2.079909,0.43421,,,,,,,,,,,,-5.26055,8.34548,-0.63732,50,5.45033,-0.90483,-128.6973,-0.12043,-8.77855,27.96216,-18.24751,POM_COL,MAS_INS,PomonaPitzer,D3,Team,20250308-PomonaPitzer-1,e47fed60-fc5a-11ef-b7c0-958c15ae1882,86.80694,,,8.14313,,,,,,,935155fd-d532-41e2-8f85-0cab3659d8e5,2025-03-08,20:21:17.68,2025-03-08T12:21:17.6860000-08:00,2025-03-08T20:21:17.6860000Z,,v3,POM_PIT,,,"Lee, Sammy",1000276388,Right,POM_COL,a37688a0-9836-4723-8f79-90c2adeaa714,55.14905,-129.81122,13.98108,5.44065,0.60649,-9.12376,-0.60823,-0.55513,-4.38928,,,,,,,,,,,,,,,,,,,,,,,,,,,,,,,,,,,,,,,,,,,,,,,,,,,High,High,High,,,,,
143,2025-03-08,12:21:36.53,4,6,"Wiessinger, Jack",1000276383,Right,POM_COL,"Soqui, Malachi",1000292142,Left,MAS_INS,Undefined,4,Top,1,3,2,Fastball,Four-Seam,InPlay,Undefined,FlyBall,HomeRun,0,3,,89.19435,-0.361633,-1.863765,2089.849318,223.138023,1:30,5.36176,0.64957,5.396,-23.53356,12.30394,10.44804,3.06154,-0.227,81.34437,-4.73535,-0.006431,0.430864,93.83694,30.593425,30.518611,,94.16819,66.22541,56.85271,343.37141,330.66374,34.135496,5.335191,-5.81815,6.63024,-0.49101,50,5.3132,3.75027,-129.42973,-1.64831,-9.84956,27.5213,-20.94969,POM_COL,MAS_INS,PomonaPitzer,D3,Team,20250308-PomonaPitzer-1,efbbe760-fc5a-11ef-b7c0-958c15ae1882,87.48103,92.76086,,7.84997,,,,,,,935155fd-d532-41e2-8f85-0cab3659d8e5,2025-03-08,20:21:36.53,2025-03-08T12:21:36.5370000-08:00,2025-03-08T20:21:36.5370000Z,FlyBall,v3,POM_PIT,,,"Lee, Sammy",1000276388,Right,POM_COL,4f4351d1-8440-49ca-a8d5-630a33d3d3f6,55.10376,-130.51045,13.76065,5.36178,-0.82564,-10.47484,-0.64587,4.13705,-4.92478,,2.23768,102.0107,-23.75837,5.78305,-1.00868,0.11494,-0.0079,0.00043,-2E-05,5.00597,70.03039,-13.77852,-0.57991,0.39952,-0.13696,0.03168,-0.004,0.0002,-0.34531,60.13526,-10.68914,2.32529,-0.36044,0.03571,-0.00251,0.00025,-2E-05,,,,,,,,,,,,,,,,,,,,,,,High,High,High,Low,Low,,,
144,2025-03-08,12:22:30.49,5,1,"Wiessinger, Jack",1000276383,Right,POM_COL,"Tubbs, Reed",1000292148,Right,MAS_INS,Undefined,4,Top,1,0,0,Slider,Curveball,InPlay,Undefined,GroundBall,Error,0,0,,74.90139,1.607445,-0.463203,2168.040692,66.80275,8:15,5.09393,1.10918,4.938,-54.08491,-2.13252,-8.98914,2.10657,-0.07772,68.41267,-8.181606,-2.049881,0.518769,92.85144,-4.500046,-34.032325,,,,,35.70928,34.03329,-32.602266,0.244424,4.34437,-1.12425,-1.05615,50,5.20504,1.22863,-108.60288,1.19178,5.14908,20.37257,-33.50657,POM_COL,MAS_INS,PomonaPitzer,D3,Team,20250308-PomonaPitzer-1,0ff01330-fc5b-11ef-b7c0-958c15ae1882,72.65744,2.61524,,6.48872,,,,2.54464,2.61524,-0.6431,935155fd-d532-41e2-8f85-0cab3659d8e5,2025-03-08,20:22:30.49,2025-03-08T12:22:30.4920000-08:00,2025-03-08T20:22:30.4920000Z,GroundBall,v3,POM_PIT,,,"Lee, Sammy",1000276388,Right,POM_COL,709c8bf0-a0fd-40f3-885b-7814bd5e83e2,55.56299,-109.64147,10.18628,5.10074,2.89993,-16.75328,-1.1121,0.96613,2.57454,180,2.53851,112.66482,,,,,,,,2.61582,-10.69961,,,,,,,,-0.63896,-76.0859,,,,,,,,,,,,,,,,,,,,,,,,,,,,,,High,High,High,Low,Low,,,
145,2025-03-08,12:23:16.53,6,1,"Wiessinger, Jack",1000276383,Right,POM_COL,"Billingsley, Brock",10143567,Left,MAS_INS,Undefined,4,Top,1,0,0,Fastball,Four-Seam,StrikeSwinging,Undefined,Undefined,Undefined,0,0,,87.9581,-1.014196,-2.384431,2136.774455,218.898608,1:15,5.4403,0.70868,5.39116,-21.16552,15.95891,11.84327,2.72505,-0.54043,79.72157,-4.985089,-0.280328,0.438532,,,,,,,,,,,,-6.63926,8.68713,-0.50419,50,5.33518,4.77393,-127.45512,-2.95918,-10.83718,28.08044,-17.99421,POM_COL,MAS_INS,PomonaPitzer,D3,Team,20250308-PomonaPitzer-1,2b5a33d0-fc5b-11ef-b7c0-958c15ae1882,85.9514,,,8.23653,,,,,,,935155fd-d532-41e2-8f85-0cab3659d8e5,2025-03-08,20:23:16.53,2025-03-08T12:23:16.5380000-08:00,2025-03-08T20:23:16.5380000Z,,v3,POM_PIT,,,"Lee, Sammy",1000276388,Right,POM_COL,a9800b1a-086e-4f9a-adbe-89d44bacdd14,55.10583,-128.5751,14.04022,5.4389,-2.24149,-8.9971,-0.70322,5.20617,-5.41859,,,,,,,,,,,,,,,,,,,,,,,,,,,,,,,,,,,,,,,,,,,,,,,,,,,High,High,High,,,,,
146,2025-03-08,12:23:32.03,6,2,"Wiessinger, Jack",1000276383,Right,POM_COL,"Billingsley, Brock",10143567,Left,MAS_INS,Undefined,4,Top,1,0,1,Fastball,Four-Seam,BallCalled,Undefined,Undefined,Undefined,0,0,,87.44125,0.0379,-0.047031,2021.95271,215.143899,1:15,5.24768,0.71804,5.40723,-21.07726,16.43804,10.6689,3.52676,1.56305,79.16139,-3.928205,1.850412,0.440835,,,,,,,,,,,,-5.34284,8.61359,-0.72143,50,5.23675,-0.37541,-126.80969,-0.60169,-8.62277,28.07952,-18.27266,POM_COL,MAS_INS,PomonaPitzer,D3,Team,20250308-PomonaPitzer-1,349d1cf0-fc5b-11ef-b7c0-958c15ae1882,85.50246,,,8.27986,,,,,,,935155fd-d532-41e2-8f85-0cab3659d8e5,2025-03-08,20:23:32.03,2025-03-08T12:23:32.0320000-08:00,2025-03-08T20:23:32.0320000Z,,v3,POM_PIT,,,"Lee, Sammy",1000276388,Right,POM_COL,845f3e59-2d99-491a-8be8-49230be3fb52,55.08897,-127.93158,14.03976,5.2462,0.12838,-9.13633,-0.71331,-0.0309,-4.31138,,,,,,,,,,,,,,,,,,,,,,,,,,,,,,,,,,,,,,,,,,,,,,,,,,,Medium,Medium,Medium,,,,,
147,2025-03-08,12:23:49.60,6,3,"Wiessinger, Jack",1000276383,Right,POM_COL,"Billingsley, Brock",10143567,Left,MAS_INS,Undefined,4,Top,1,1,1,Fastball,Four-Seam,FoulBallNotFieldable,Undefined,Undefined,Undefined,0,0,,87.58695,-0.803919,-1.758592,1957.382208,212.207626,1:00,5.38625,0.66495,5.35891,-20.00194,17.48966,10.19819,2.96511,-0.13492,79.29398,-4.572518,0.052861,0.440695,66.33163,58.697376,-19.798377,,,,,,29.3643,,,-5.68607,9.41264,-0.51456,50,5.30031,3.45056,-126.97522,-2.43314,-9.19493,28.30346,-16.9529,POM_COL,MAS_INS,PomonaPitzer,D3,Team,20250308-PomonaPitzer-1,3f0bdbe0-fc5b-11ef-b7c0-958c15ae1882,85.52948,43.26485,,8.29297,,,,,,,935155fd-d532-41e2-8f85-0cab3659d8e5,2025-03-08,20:23:49.60,2025-03-08T12:23:49.6070000-08:00,2025-03-08T20:23:49.6070000Z,,v3,POM_PIT,,,"Lee, Sammy",1000276388,Right,POM_COL,aa1e531f-5a29-40e1-b0a5-fe97e104597f,55.13954,-128.11573,14.15173,5.38459,-1.75001,-8.47645,-0.66107,3.82107,-4.59746,,-1.49211,47.55812,-8.62126,0.76083,-0.19842,0.13174,-0.27005,0.35667,-0.19057,-0.84266,83.12476,-18.53571,1.80733,-0.25706,-0.12175,0.48249,-0.65234,0.34548,-1.11643,-17.12046,-13.88598,1.82624,-0.31256,-0.17649,0.62215,-0.83169,0.43821,,,,,,,,,,,,,,,,,,,,,,,High,High,High,Low,Undefined,,,
148,2025-03-08,12:24:20.86,6,4,"Wiessinger, Jack",1000276383,Right,POM_COL,"Billingsley, Brock",10143567,Left,MAS_INS,Undefined,4,Top,1,1,2,ChangeUp,Changeup,BallCalled,Undefined,Undefined,Undefined,0,0,,80.19118,-2.296345,-2.765975,1960.524582,229.211905,1:45,5.23096,0.83578,5.18853,-33.66348,11.08312,11.16682,0.26167,-0.83782,73.68007,-8.44093,-0.787547,0.48145,,,,,,,,,,,,-6.38107,6.59185,-0.5878,50,4.99209,5.16077,-116.18002,-5.80581,-8.72014,21.79883,-23.16581,POM_COL,MAS_INS,PomonaPitzer,D3,Team,20250308-PomonaPitzer-1,51b47860-fc5b-11ef-b7c0-958c15ae1882,78.28937,,,6.51111,,,,,,,935155fd-d532-41e2-8f85-0cab3659d8e5,2025-03-08,20:24:20.86,2025-03-08T12:24:20.8600000-08:00,2025-03-08T20:24:20.8600000Z,,v3,POM_PIT,,,"Lee, Sammy",1000276388,Right,POM_COL,22dcf025-a26b-4a4b-af26-757242423be3,55.31121,-117.17232,10.89941,5.23237,-4.75128,-11.58291,-0.83175,5.55772,-4.36007,,,,,,,,,,,,,,,,,,,,,,,,,,,,,,,,,,,,,,,,,,,,,,,,,,,High,High,High,,,,,
149,2025-03-08,12:24:45.51,6,5,"Wiessinger, Jack",1000276383,Right,POM_COL,"Billingsley, Brock",10143567,Left,MAS_INS,Undefined,4,Top,1,2,2,Fastball,Sinker,FoulBallNotFieldable,Undefined,Undefined,Undefined,0,0,,89.09269,-1.023497,-1.294711,2040.331588,221.963574,1:30,5.34551,0.70484,5.37469,-24.63462,11.49544,9.23709,2.33273,0.26057,80.94895,-5.596146,0.347789,0.432619,,,,,,,,,,,,-5.05292,6.43607,-0.59573,50,5.23665,2.50906,-129.21489,-3.18614,-8.4792,28.80077,-21.37387,POM_COL,MAS_INS,PomonaPitzer,D3,Team,20250308-PomonaPitzer-1,605f3350-fc5b-11ef-b7c0-958c15ae1882,87.12615,,,8.14374,,,,,,,935155fd-d532-41e2-8f85-0cab3659d8e5,2025-03-08,20:24:45.51,2025-03-08T12:24:45.5130000-08:00,2025-03-08T20:24:45.5130000Z,,v3,POM_PIT,,,"Lee, Sammy",1000276388,Right,POM_COL,2642cdec-e47e-4ff9-8d97-c1d9abd21d05,55.12415,-130.35201,14.40038,5.34579,-2.34225,-10.68693,-0.7014,2.84384,-4.2396,,,,,,,,,,,,,,,,,,,,,,,,,,,,,,,,,,,,,,,,,,,,,,,,,,,High,High,High,,,,,
150,2025-03-08,12:25:08.68,6,6,"Wiessinger, Jack",1000276383,Right,POM_COL,"Billingsley, Brock",10143567,Left,MAS_INS,Undefined,4,Top,1,2,2,Slider,Curveball,StrikeCalled,Strikeout,Undefined,Undefined,0,0,,75.54099,1.168648,0.783895,2213.330773,84.746717,8:45,4.85457,1.34166,4.67824,-51.18133,0.22228,-15.66359,1.69956,0.78085,69.17765,-8.054022,-1.968101,0.516022,,,,,,,,,,,,7.89402,0.26067,-1.40638,50,4.92725,-0.85362,-109.52626,0.39846,9.55422,20.00007,-31.85856,POM_COL,MAS_INS,PomonaPitzer,D3,Team,20250308-PomonaPitzer-1,6e41bc40-fc5b-11ef-b7c0-958c15ae1882,73.04425,,,6.36334,,,,,,,935155fd-d532-41e2-8f85-0cab3659d8e5,2025-03-08,20:25:08.68,2025-03-08T12:25:08.6870000-08:00,2025-03-08T20:25:08.6870000Z,,v3,POM_PIT,,,"Lee, Sammy",1000276388,Right,POM_COL,60c72a2a-d403-4726-b7eb-ce0606b6c7ca,55.822,-110.58428,10.00003,4.8616,2.0838,-15.92928,-1.34786,-1.35904,4.77711,,,,,,,,,,,,,,,,,,,,,,,,,,,,,,,,,,,,,,,,,,,,,,,,,,,High,High,High,,,,,
151,2025-03-08,12:25:43.22,7,1,"Wiessinger, Jack",1000276383,Right,POM_COL,"Dwyer, John",1000292137,Right,MAS_INS,Undefined,4,Top,2,0,0,Slider,Curveball,BallCalled,Undefined,Undefined,Undefined,0,0,,76.57317,-0.573783,-1.797292,2197.166638,79.397627,8:45,5.06633,1.21261,5.14525,-50.52117,-1.1435,-14.75513,0.31572,-1.70973,70.31999,-9.700766,-4.411935,0.505751,,,,,,,,,,,,6.87591,0.00835,-1.03229,50,4.97346,4.05603,-111.04921,-2.83191,8.50968,21.54086,-32.16373,POM_COL,MAS_INS,PomonaPitzer,D3,Team,20250308-PomonaPitzer-1,82d11a20-fc5b-11ef-b7c0-958c15ae1882,74.52768,,,6.25318,,,,,,,935155fd-d532-41e2-8f85-0cab3659d8e5,2025-03-08,20:25:43.22,2025-03-08T12:25:43.2200000-08:00,2025-03-08T20:25:43.2200000Z,,v3,POM_PIT,,,"Lee, Sammy",1000276388,Right,POM_COL,76c84af8-38f2-4c47-b4b4-28f4b542fbfc,55.35598,-112.08333,10.77043,5.07235,-1.28782,-16.08187,-1.21721,3.6475,4.25484,,,,,,,,,,,,,,,,,,,,,,,,,,,,,,,,,,,,,,,,,,,,,,,,,,,High,High,High,,,,,
152,2025-03-08,12:26:01.59,7,2,"Wiessinger, Jack",1000276383,Right,POM_COL,"Dwyer, John",1000292137,Right,MAS_INS,Undefined,4,Top,2,1,0,Slider,Curveball,StrikeCalled,Undefined,Undefined,Undefined,0,0,,76.23842,2.289791,0.649433,2288.386759,73.990644,8:30,5.0797,0.9811,4.71659,-53.57759,-2.38961,-14.89072,2.78922,0.35655,68.67461,-7.414876,-1.966636,0.514939,,,,,,,,,,,,7.44878,-1.32591,-1.03274,50,5.26384,-0.61638,-110.28109,2.46011,9.00538,22.96109,-33.77703,POM_COL,MAS_INS,PomonaPitzer,D3,Team,20250308-PomonaPitzer-1,8dc16520-fc5b-11ef-b7c0-958c15ae1882,73.19794,,,7.56381,,,,,,,935155fd-d532-41e2-8f85-0cab3659d8e5,2025-03-08,20:26:01.59,2025-03-08T12:26:01.5980000-08:00,2025-03-08T20:26:01.5980000Z,,v3,POM_PIT,,,"Lee, Sammy",1000276388,Right,POM_COL,3a98f555-82b5-4ff8-a700-daa28d0b1f57,55.78087,-111.4782,11.48054,5.08968,4.22113,-16.88851,-0.98837,-1.08589,4.50269,,,,,,,,,,,,,,,,,,,,,,,,,,,,,,,,,,,,,,,,,,,,,,,,,,,High,High,High,,,,,
153,2025-03-08,12:26:17.60,7,3,"Wiessinger, Jack",1000276383,Right,POM_COL,"Dwyer, John",1000292137,Right,MAS_INS,Undefined,4,Top,2,1,1,Fastball,Four-Seam,BallCalled,Undefined,Undefined,Undefined,0,1,,86.63165,2.477802,-1.136892,1993.623599,191.117809,12:15,5.4123,0.57128,5.50411,-20.25552,18.0984,3.29162,6.04364,-0.21785,77.78969,-1.374123,-0.550955,0.445734,,,,,,,,,,,,-2.00386,8.6956,-0.47421,50,5.61563,2.34203,-125.41902,4.81419,-3.14854,28.57363,-18.51124,POM_COL,MAS_INS,PomonaPitzer,D3,Team,20250308-PomonaPitzer-1,974b6960-fc5b-11ef-b7c0-958c15ae1882,84.56255,,,8.84195,,,,,,,935155fd-d532-41e2-8f85-0cab3659d8e5,2025-03-08,20:26:17.60,2025-03-08T12:26:17.6080000-08:00,2025-03-08T20:26:17.6080000Z,,v3,POM_PIT,,,"Lee, Sammy",1000276388,Right,POM_COL,d32a7d9c-50f4-4ec6-aa16-da38d40c9d8e,54.99013,-126.55079,14.28682,5.41042,5.54741,-9.25562,-0.56944,2.46675,-1.57427,,,,,,,,,,,,,,,,,,,,,,,,,,,,,,,,,,,,,,,,,,,,,,,,,,,High,High,High,,,,,
154,2025-03-08,12:27:11.14,7,4,"Wiessinger, Jack",1000276383,Right,POM_COL,"Dwyer, John",1000292137,Right,MAS_INS,Undefined,4,Top,2,2,1,Fastball,Four-Seam,BallCalled,Undefined,Undefined,Undefined,0,0,,87.01029,0.805554,0.118261,2033.79749,208.713828,1:00,5.35931,0.77202,5.36198,-22.048,15.9291,8.01536,4.27743,1.55087,78.67076,-3.337438,1.542298,0.44354,,,,,,,,,,,,-3.95481,8.11229,-0.78843,50,5.41643,-0.62209,-126.14623,1.04793,-6.31477,27.83189,-19.22084,POM_COL,MAS_INS,PomonaPitzer,D3,Team,20250308-PomonaPitzer-1,b73349f0-fc5b-11ef-b7c0-958c15ae1882,84.981,,,8.33952,,,,,,,935155fd-d532-41e2-8f85-0cab3659d8e5,2025-03-08,20:27:11.14,2025-03-08T12:27:11.1400000-08:00,2025-03-08T20:27:11.1400000Z,,v3,POM_PIT,,,"Lee, Sammy",1000276388,Right,POM_COL,58f25d48-4e63-4bf6-b6da-1eda69e2020f,55.13364,-127.27384,13.91595,5.3582,1.82666,-9.61042,-0.76841,-0.36625,-3.15739,,,,,,,,,,,,,,,,,,,,,,,,,,,,,,,,,,,,,,,,,,,,,,,,,,,High,High,High,,,,,
155,2025-03-08,12:27:29.55,7,5,"Wiessinger, Jack",1000276383,Right,POM_COL,"Dwyer, John",1000292137,Right,MAS_INS,Undefined,4,Top,2,3,1,Fastball,Four-Seam,FoulBallNotFieldable,Undefined,Undefined,Undefined,0,0,,86.47531,-1.640449,-0.870712,2008.550906,210.344347,1:00,5.32131,0.80572,5.49906,-22.88974,15.25328,8.17552,1.87884,0.67253,78.69762,-5.917133,0.586599,0.444507,68.50291,30.038441,151.836418,,,,,,14.9759,,,-4.40236,8.56823,-0.73537,50,5.16275,1.55781,-125.43271,-4.34296,-6.96866,26.89192,-18.61104,POM_COL,MAS_INS,PomonaPitzer,D3,Team,20250308-PomonaPitzer-1,c22b3610-fc5b-11ef-b7c0-958c15ae1882,84.79598,10.69449,,7.77769,,,,2.02313,1.87108,-0.51788,935155fd-d532-41e2-8f85-0cab3659d8e5,2025-03-08,20:27:29.55,2025-03-08T12:27:29.5510000-08:00,2025-03-08T20:27:29.5510000Z,,v3,POM_PIT,,,"Lee, Sammy",1000276388,Right,POM_COL,6fb11206-4ec0-421f-b29d-0943b7f625fc,54.99945,-126.50002,13.44596,5.32046,-3.60431,-9.30552,-0.80269,1.83439,-3.48433,,2.02389,-76.72945,4.93568,,,,,,,1.87354,50.13142,-31.3032,,,,,,,-0.51578,40.91286,-16.46454,,,,,,,,,,,,,,,,,,,,,,,,,,,,,High,High,High,High,Undefined,,,
156,2025-03-08,12:27:50.71,7,6,"Wiessinger, Jack",1000276383,Right,POM_COL,"Dwyer, John",1000292137,Right,MAS_INS,Undefined,4,Top,2,3,2,Slider,Curveball,BallCalled,Walk,Undefined,Undefined,0,0,,73.65648,1.353868,1.16847,2168.515691,83.79563,8:45,4.93927,1.23401,4.95559,-53.20782,-0.00732,-14.98615,1.78497,1.08933,67.87898,-8.261658,-1.477932,0.524964,,,,,,,,,,,,7.73185,0.11602,-1.33425,50,5.02652,-1.59855,-106.8989,0.72545,8.96893,18.00146,-32.03945,POM_COL,MAS_INS,PomonaPitzer,D3,Team,20250308-PomonaPitzer-1,ced517f0-fc5b-11ef-b7c0-958c15ae1882,71.80009,,,5.7775,,,,,,,935155fd-d532-41e2-8f85-0cab3659d8e5,2025-03-08,20:27:50.71,2025-03-08T12:27:50.7100000-08:00,2025-03-08T20:27:50.7100000Z,,v3,POM_PIT,,,"Lee, Sammy",1000276388,Right,POM_COL,48bef8c4-6eba-4c90-8b32-5ef1ed396340,55.54561,-107.82872,9.00073,4.94631,2.38036,-16.01972,-1.23971,-2.06181,4.48447,,,,,,,,,,,,,,,,,,,,,,,,,,,,,,,,,,,,,,,,,,,,,,,,,,,High,High,High,,,,,
157,2025-03-08,12:28:28.51,8,1,"Wiessinger, Jack",1000276383,Right,POM_COL,"Severson, Joey",10013601,Right,MAS_INS,Undefined,4,Top,2,0,0,Fastball,Sinker,InPlay,Undefined,FlyBall,Out,1,0,,87.72564,-0.957846,-2.126646,1983.417655,218.930497,1:15,5.3814,0.56883,5.41468,-21.93871,14.94745,11.14654,2.65514,-0.4955,80.3563,-5.043405,-0.144857,0.437123,90.48472,43.64687,8.774438,,107.36644,100.43408,23.92508,273.52767,259.59548,16.489262,5.753359,-6.20059,8.12894,-0.38784,50,5.28116,4.24191,-127.31405,-2.87335,-10.20515,25.46738,-18.79515,POM_COL,MAS_INS,PomonaPitzer,D3,Team,20250308-PomonaPitzer-1,e54ff220-fc5b-11ef-b7c0-958c15ae1882,86.22854,120.17785,,7.36934,,,,1.13723,2.27036,0.19065,935155fd-d532-41e2-8f85-0cab3659d8e5,2025-03-08,20:28:28.51,2025-03-08T12:28:28.5160000-08:00,2025-03-08T20:28:28.5160000Z,FlyBall,v3,POM_PIT,,,"Lee, Sammy",1000276388,Right,POM_COL,616c5554-cd0a-45f1-9274-cf48568a4b9c,55.0849,-128.32718,12.73369,5.38059,-2.12565,-9.39758,-0.56467,4.64788,-5.10257,,1.14354,94.783,-25.51585,6.71828,-1.16552,0.10185,0.00231,-0.00116,6E-05,2.26662,91.65854,-20.03233,0.78803,0.15854,-0.10395,0.02754,-0.00358,0.00018,0.19068,14.65146,1.00598,-0.76618,0.24007,-0.04437,0.00422,-0.00012,-0,,,,,,,,,,,,,,,,,,,,,,,High,High,High,High,Low,,,
158,2025-03-08,12:30:50.93,1,1,"Freedman, Jonathan",1000386670,Right,MAS_INS,"Legg, Jimmy",1000115608,Left,POM_COL,Undefined,4,Bottom,0,0,0,Fastball,Changeup,FoulBallNotFieldable,Undefined,Undefined,Undefined,0,0,,77.21389,0.822606,-2.47574,1841.805748,235.938812,1:45,4.81404,1.68886,5.53278,-35.34616,12.4869,16.08863,2.63824,0.71392,70.19234,-5.738416,0.390002,0.497778,75.89398,46.088573,-29.706716,4908.217807,85.27693,83.13304,-69.48218,226.74131,98.37599,-45.563493,4.742823,-8.89079,6.52335,-1.48499,50,4.86221,4.22764,-111.95598,0.52508,-11.20871,21.47663,-23.94998,POM_COL,MAS_INS,PomonaPitzer,D3,Team,20250308-PomonaPitzer-1,3a3976d0-fc5c-11ef-b7c0-958c15ae1882,75.72144,85.18905,,7.02155,,,,1.51613,2.8364,-1.19214,935155fd-d532-41e2-8f85-0cab3659d8e5,2025-03-08,20:30:50.93,2025-03-08T12:30:50.9370000-08:00,2025-03-08T20:30:50.9370000Z,FlyBall,v3,POM_PIT,,,"Dwyer, John",1000292137,,MAS_INS,08808701-5f9b-4f40-b5d3-949483bdc45b,54.96612,-112.90462,10.73832,4.81566,1.58296,-11.97499,-1.68266,4.72274,-5.60435,,1.53385,66.65792,-16.37581,1.99436,1.48844,-0.99878,0.26483,-0.03291,0.00157,2.83736,80.14422,-22.3966,1.13932,0.6704,-0.52497,0.17081,-0.02633,0.00155,-1.19015,-38.2892,-0.47611,1.13743,-0.49884,0.185,-0.05264,0.00845,-0.00054,,,,,,,,,,,,,,,,,,,,,,,High,High,High,Medium,Low,,,
159,2025-03-08,12:31:30.11,1,2,"Freedman, Jonathan",1000386670,Right,MAS_INS,"Legg, Jimmy",1000115608,Left,POM_COL,Undefined,4,Bottom,0,0,1,Fastball,Changeup,InPlay,Undefined,LineDrive,Out,1,0,,78.49522,0.865432,-2.598182,1905.899955,243.898638,2:15,4.78479,1.87609,5.70281,-38.0575,8.17792,13.3741,2.42063,0.56797,71.04392,-6.201434,-0.208181,0.489394,94.0088,22.298167,2.251562,2105.133066,109.99856,39.59343,0.53666,328.90664,322.48897,-3.822879,3.951381,-7.62075,4.34709,-1.66663,50,4.83394,4.65051,-113.77066,0.53787,-9.8655,23.27058,-26.54648,POM_COL,MAS_INS,PomonaPitzer,D3,Team,20250308-PomonaPitzer-1,519402a0-fc5c-11ef-b7c0-958c15ae1882,77.01857,50.28491,,7.4513,,,,1.79717,2.44733,-0.55897,935155fd-d532-41e2-8f85-0cab3659d8e5,2025-03-08,20:31:30.11,2025-03-08T12:31:30.1130000-08:00,2025-03-08T20:31:30.1130000Z,LineDrive,v3,POM_PIT,,,"Dwyer, John",1000292137,,MAS_INS,c762c466-6ba8-4639-8ded-e8d37183e074,54.79536,-114.74731,11.63529,4.78799,1.652,-13.27324,-1.8705,5.06456,-4.93275,157.682505,1.79708,127.47179,-21.63724,4.89097,-1.04857,0.19897,-0.0285,0.00228,-5E-05,2.44738,52.31466,-15.41626,0.73866,-0.10369,0.02691,-0.00969,0.0023,-0.00021,-0.55901,5.01244,-4.77164,0.98213,-0.19452,0.03401,-0.00434,0.00023,1E-05,,,,,,,,,,,,,,,,,,,,,,,Medium,Medium,Medium,High,High,,,
160,2025-03-08,12:31:59.33,2,1,"Freedman, Jonathan",1000386670,Right,MAS_INS,"Ng, JC",1000115591,Left,POM_COL,Undefined,4,Bottom,1,0,0,Fastball,Changeup,InPlay,Undefined,LineDrive,HomeRun,0,1,,78.39135,1.013852,-2.619323,1817.456853,234.830916,1:45,4.7708,1.72024,5.85822,-37.574,8.5867,9.85926,2.58267,0.10659,70.83567,-5.991254,-0.852951,0.488999,106.4757,18.526915,29.499483,2012.967521,93.40865,33.21567,58.09315,354.6261,308.66026,37.515604,3.574088,-5.88709,4.5274,-1.51343,50,4.8314,4.82861,-113.61941,0.88101,-7.58755,23.54674,-26.33896,POM_COL,MAS_INS,PomonaPitzer,D3,Team,20250308-PomonaPitzer-1,62fbbab0-fc5c-11ef-b7c0-958c15ae1882,77.08087,43.13506,,7.55567,,,,1.69945,2.72762,-0.1418,935155fd-d532-41e2-8f85-0cab3659d8e5,2025-03-08,20:31:59.33,2025-03-08T12:31:59.3390000-08:00,2025-03-08T20:31:59.3390000Z,LineDrive,v3,POM_PIT,,,"Dwyer, John",1000292137,,MAS_INS,9bcaa4b0-49ac-4f50-a583-3a581670fdf7,54.63964,-114.57691,11.77337,4.77381,1.95205,-13.16948,-1.71605,5.13715,-3.79377,,1.69932,128.87787,-27.61931,7.18361,-1.70268,0.34698,-0.05657,0.00579,-0.00022,2.72766,49.6211,-15.95442,0.22209,0.21291,-0.06255,0.00543,0.00151,-0.00027,-0.14193,72.91651,-3.24735,-0.8429,0.49832,-0.143,0.02655,-0.00298,0.00016,,,,,,,,,,,,,,,,,,,,,,,High,High,High,Medium,Medium,,,
161,2025-03-08,12:32:44.50,3,1,"Freedman, Jonathan",1000386670,Right,MAS_INS,"Gold, Jack",1000108729,Left,POM_COL,Undefined,4,Bottom,1,0,0,Fastball,Changeup,InPlay,Undefined,GroundBall,Single,0,0,,78.3431,0.378398,-2.740474,1882.022312,234.238143,1:45,4.722,1.71627,5.6207,-36.03715,10.71501,12.5043,2.07245,0.19886,70.64885,-6.32814,-0.509735,0.492121,94.04424,4.528895,-21.039996,2755.335621,,,,93.62408,86.22731,-24.031994,0.753999,-7.2243,5.79181,-1.49064,50,4.73148,4.94552,-113.46892,-0.36318,-9.26643,23.89354,-24.74503,POM_COL,MAS_INS,PomonaPitzer,D3,Team,20250308-PomonaPitzer-1,7deb5420-fc5c-11ef-b7c0-958c15ae1882,76.59175,3.39958,,7.69425,,,,0.8001,1.79945,-0.08522,935155fd-d532-41e2-8f85-0cab3659d8e5,2025-03-08,20:32:44.50,2025-03-08T12:32:44.5050000-08:00,2025-03-08T20:32:44.5050000Z,GroundBall,v3,POM_PIT,,,"Dwyer, John",1000292137,,MAS_INS,173b1305-60a2-49cf-bed5-8773e713d6e5,54.87626,-114.49113,11.94677,4.72438,0.69545,-12.37252,-1.7107,5.34195,-4.63322,85.069267,0.87276,127.02084,-19.70788,,,,,,,1.83487,10.25227,-16.88194,,,,,,,-0.06005,-49.82764,-0.915,,,,,,,,,,,,,,,,,,,,,,,,,,,,,High,High,High,High,High,,,
162,2025-03-08,12:33:15.22,4,1,"Freedman, Jonathan",1000386670,Right,MAS_INS,"Berry, Cooper",1000276381,Left,POM_COL,Undefined,4,Bottom,1,0,0,Fastball,Changeup,BallCalled,Undefined,Undefined,Undefined,0,0,,76.79402,1.105633,-1.541116,1861.538943,227.273664,1:30,4.72513,1.96745,5.58741,-36.7577,12.07426,11.10001,2.69494,1.45301,68.98856,-5.755657,0.439146,0.502948,,,,,,,,,,,,-6.0428,6.28898,-1.84213,50,4.79683,2.55,-111.19738,1.0306,-7.42639,23.3712,-24.44509,POM_COL,MAS_INS,PomonaPitzer,D3,Team,20250308-PomonaPitzer-1,90366750-fc5c-11ef-b7c0-958c15ae1882,74.94296,,,7.80546,,,,,,,935155fd-d532-41e2-8f85-0cab3659d8e5,2025-03-08,20:33:15.22,2025-03-08T12:33:15.2250000-08:00,2025-03-08T20:33:15.2250000Z,,v3,POM_PIT,,,"Dwyer, John",1000292137,,MAS_INS,774bec97-464d-4990-8523-15e52027b8da,54.90574,-112.22372,11.6856,4.72801,2.1041,-12.22255,-1.96128,2.87613,-3.7132,,,,,,,,,,,,,,,,,,,,,,,,,,,,,,,,,,,,,,,,,,,,,,,,,,,High,High,High,,,,,
163,2025-03-08,12:33:30.75,4,2,"Freedman, Jonathan",1000386670,Right,MAS_INS,"Berry, Cooper",1000276381,Left,POM_COL,Undefined,4,Bottom,1,1,0,Slider,Curveball,BallCalled,Undefined,Undefined,Undefined,0,0,,70.36947,1.576127,0.084122,2212.245304,82.948289,8:45,5.05999,1.7819,4.83337,-58.87881,0.2513,-13.92591,1.64634,0.70107,64.38494,-9.060435,-2.36988,0.553447,,,,,,,,,,,,6.84685,0.2774,-1.77771,50,5.16586,0.38275,-101.98952,0.87009,7.15769,17.9487,-31.88405,POM_COL,MAS_INS,PomonaPitzer,D3,Team,20250308-PomonaPitzer-1,997eceb0-fc5c-11ef-b7c0-958c15ae1882,68.10491,,,5.98453,,,,,,,935155fd-d532-41e2-8f85-0cab3659d8e5,2025-03-08,20:33:30.75,2025-03-08T12:33:30.7510000-08:00,2025-03-08T20:33:30.7510000Z,,v3,POM_PIT,,,"Dwyer, John",1000292137,,MAS_INS,ba806511-1a5d-4149-842e-7d2cf604b07f,55.66568,-102.98177,8.97435,5.06904,2.63272,-15.94202,-1.78793,-0.01294,3.57885,,,,,,,,,,,,,,,,,,,,,,,,,,,,,,,,,,,,,,,,,,,,,,,,,,,High,High,High,,,,,
164,2025-03-08,12:33:56.48,4,3,"Freedman, Jonathan",1000386670,Right,MAS_INS,"Berry, Cooper",1000276381,Left,POM_COL,Undefined,4,Bottom,1,2,0,Fastball,Changeup,FoulBallNotFieldable,Undefined,Undefined,Undefined,0,0,,78.74269,0.86952,-3.343633,2007.613,222.048441,1:30,4.79046,1.80083,5.93374,-31.58573,14.15276,11.27217,2.96646,-0.36545,70.93097,-5.077437,-1.324122,0.486757,,,,,,,,,,,,-6.88036,7.4402,-1.54013,50,4.84235,6.24389,-114.04958,0.8337,-8.92129,24.0198,-22.52681,POM_COL,MAS_INS,PomonaPitzer,D3,Team,20250308-PomonaPitzer-1,a8ce5520-fc5c-11ef-b7c0-958c15ae1882,77.43581,,,7.81172,,,,,,,935155fd-d532-41e2-8f85-0cab3659d8e5,2025-03-08,20:33:56.48,2025-03-08T12:33:56.4830000-08:00,2025-03-08T20:33:56.4830000Z,,v3,POM_PIT,,,"Dwyer, John",1000292137,,MAS_INS,9a3bbd33-6274-417d-918c-515b356d8270,54.56379,-115.00674,12.0099,4.79124,1.73137,-11.26341,-1.79602,6.59939,-4.46064,,,,,,,,,,,,,,,,,,,,,,,,,,,,,,,,,,,,,,,,,,,,,,,,,,,High,High,High,,,,,
165,2025-03-08,12:34:18.66,4,4,"Freedman, Jonathan",1000386670,Right,MAS_INS,"Berry, Cooper",1000276381,Left,POM_COL,Undefined,4,Bottom,1,2,1,Slider,Curveball,FoulBallNotFieldable,Undefined,Undefined,Undefined,0,0,,70.30946,3.079102,0.442031,2213.559202,75.024066,8:30,4.95823,1.72597,5.22158,-60.52251,-1.71815,-14.11615,2.81251,0.96523,63.74244,-7.966642,-2.06001,0.55192,106.17289,-22.919339,84.051481,,,,,5.18994,0.66423,76.702318,0.046552,7.16689,-1.2274,-1.75568,50,5.19736,-0.2676,-101.80874,3.58629,7.41898,18.85354,-33.44461,POM_COL,MAS_INS,PomonaPitzer,D3,Team,20250308-PomonaPitzer-1,b61624b0-fc5c-11ef-b7c0-958c15ae1882,68.29329,2.82783,,6.56702,,,,0.50062,2.82783,-1.60131,935155fd-d532-41e2-8f85-0cab3659d8e5,2025-03-08,20:34:18.66,2025-03-08T12:34:18.6670000-08:00,2025-03-08T20:34:18.6670000Z,GroundBall,v3,POM_PIT,,,"Dwyer, John",1000292137,,MAS_INS,e46f4355-f98a-496c-ad3e-ff1ebb43ff20,55.2778,-102.78146,9.42677,4.96782,5.31182,-16.72231,-1.732,-0.65037,3.70949,,0.50043,14.88932,,,,,,,,2.82861,-60.74618,,,,,,,,-1.60313,142.89744,,,,,,,,,,,,,,,,,,,,,,,,,,,,,,High,High,High,Low,Low,,,
166,2025-03-08,12:34:45.00,4,5,"Freedman, Jonathan",1000386670,Right,MAS_INS,"Berry, Cooper",1000276381,Left,POM_COL,Undefined,4,Bottom,1,2,2,Slider,Curveball,FoulBallNotFieldable,Undefined,Undefined,Undefined,0,0,,72.8301,1.960644,0.429237,2179.040293,125.067828,10:15,5.02776,1.74516,4.9269,-46.34022,8.90115,-9.94516,3.02032,1.32218,66.00065,-6.515487,-1.323707,0.534938,,,,,,,,,,,,5.02788,4.35162,-1.77824,50,5.18086,-0.40039,-105.45558,2.10585,5.60192,19.70751,-27.32559,POM_COL,MAS_INS,PomonaPitzer,D3,Team,20250308-PomonaPitzer-1,c5bca4c0-fc5c-11ef-b7c0-958c15ae1882,70.46129,,,6.82945,,,,,,,935155fd-d532-41e2-8f85-0cab3659d8e5,2025-03-08,20:34:45.00,2025-03-08T12:34:45.0020000-08:00,2025-03-08T20:34:45.0020000Z,,v3,POM_PIT,,,"Dwyer, John",1000292137,,MAS_INS,38229f4c-e380-489e-b1d9-ca0746220056,55.56959,-106.49134,9.85376,5.03245,3.54199,-13.6628,-1.74947,-0.69481,2.80096,,,,,,,,,,,,,,,,,,,,,,,,,,,,,,,,,,,,,,,,,,,,,,,,,,,High,High,High,,,,,
167,2025-03-08,12:35:07.97,4,6,"Freedman, Jonathan",1000386670,Right,MAS_INS,"Berry, Cooper",1000276381,Left,POM_COL,Undefined,4,Bottom,1,2,2,Slider,Curveball,BallCalled,Undefined,Undefined,Undefined,0,0,,70.79602,3.356313,0.980672,2213.921909,83.747639,8:45,5.05162,1.7389,4.95737,-58.00326,0.4861,-13.97099,3.39317,1.50128,64.17655,-7.192956,-1.48215,0.55044,,,,,,,,,,,,7.12028,-0.10748,-1.82202,50,5.32999,-1.21088,-102.42496,4.11363,7.48717,18.52024,-32.28708,POM_COL,MAS_INS,PomonaPitzer,D3,Team,20250308-PomonaPitzer-1,d3733bb0-fc5c-11ef-b7c0-958c15ae1882,68.47693,,,6.61947,,,,,,,935155fd-d532-41e2-8f85-0cab3659d8e5,2025-03-08,20:35:07.97,2025-03-08T12:35:07.9750000-08:00,2025-03-08T20:35:07.9750000Z,,v3,POM_PIT,,,"Dwyer, John",1000292137,,MAS_INS,2b2f5ed4-8f2a-43e6-90f7-8bcaee2e23c0,55.54013,-103.42186,9.26012,5.06179,5.85157,-16.14354,-1.746,-1.61389,3.74358,,,,,,,,,,,,,,,,,,,,,,,,,,,,,,,,,,,,,,,,,,,,,,,,,,,High,High,High,,,,,
168,2025-03-08,12:35:25.84,4,7,"Freedman, Jonathan",1000386670,Right,MAS_INS,"Berry, Cooper",1000276381,Left,POM_COL,Undefined,4,Bottom,1,3,2,Slider,Curveball,StrikeSwinging,Strikeout,Undefined,Undefined,0,0,,70.50254,0.383042,-0.843316,2172.402659,91.041938,9:00,4.92967,1.68132,5.04494,-56.81082,2.55587,-16.06879,0.5568,-0.45328,63.7528,-9.949386,-3.686669,0.554553,,,,,,,,,,,,7.69662,1.75177,-1.58734,50,4.92133,2.09854,-102.05828,-1.10639,7.91624,20.68234,-30.37228,POM_COL,MAS_INS,PomonaPitzer,D3,Team,20250308-PomonaPitzer-1,de1f2ab0-fc5c-11ef-b7c0-958c15ae1882,67.9691,,,6.74974,,,,,,,935155fd-d532-41e2-8f85-0cab3659d8e5,2025-03-08,20:35:25.84,2025-03-08T12:35:25.8450000-08:00,2025-03-08T20:35:25.8450000Z,,v3,POM_PIT,,,"Dwyer, John",1000292137,,MAS_INS,cc61a0ef-7a31-4e0d-80cb-7ed9f40a8146,55.45275,-103.15738,10.34117,4.93723,0.50764,-15.18614,-1.68768,1.67786,3.95812,,,,,,,,,,,,,,,,,,,,,,,,,,,,,,,,,,,,,,,,,,,,,,,,,,,High,High,High,,,,,
169,2025-03-08,12:35:57.78,5,1,"Freedman, Jonathan",1000386670,Right,MAS_INS,"Lee, Sammy",1000276388,Right,POM_COL,Undefined,4,Bottom,2,0,0,Slider,Curveball,StrikeCalled,Undefined,Undefined,Undefined,0,0,,67.66241,2.841126,0.280553,2147.78749,68.538935,8:15,5.00758,1.61915,5.2709,-67.01177,-4.48276,-16.30139,2.09425,0.52424,62.36619,-9.314875,-2.614027,0.569131,,,,,,,,,,,,8.22792,-2.45504,-1.63229,50,5.21789,0.08343,-98.17939,2.85583,8.02411,15.66813,-34.56827,POM_COL,MAS_INS,PomonaPitzer,D3,Team,20250308-PomonaPitzer-1,f125ecc0-fc5c-11ef-b7c0-958c15ae1882,66.22806,,,5.29622,,,,,,,935155fd-d532-41e2-8f85-0cab3659d8e5,2025-03-08,20:35:57.78,2025-03-08T12:35:57.7860000-08:00,2025-03-08T20:35:57.7860000Z,,v3,POM_PIT,,,"Dwyer, John",1000292137,,MAS_INS,3b9f617a-e1b9-4123-8417-df4395474b4c,55.23176,-99.01078,7.83407,5.01769,4.69013,-17.28414,-1.62542,-0.34236,4.01206,,,,,,,,,,,,,,,,,,,,,,,,,,,,,,,,,,,,,,,,,,,,,,,,,,,High,High,High,,,,,
170,2025-03-08,12:36:15.77,5,2,"Freedman, Jonathan",1000386670,Right,MAS_INS,"Lee, Sammy",1000276388,Right,POM_COL,Undefined,4,Bottom,2,0,1,Slider,Curveball,FoulBallNotFieldable,Undefined,Undefined,Undefined,0,0,,69.21472,2.145027,-0.265502,2225.999266,77.643441,8:30,5.01848,1.54924,4.81162,-62.95204,-1.50276,-16.50154,1.80554,-0.07742,63.11448,-9.225884,-3.170625,0.564196,85.19717,31.89241,-39.141187,2457.039886,86.13514,47.8471,-68.41507,277.23323,140.11165,-41.635448,3.502501,8.11288,-0.91941,-1.50743,50,5.17712,1.06864,-100.26975,1.7369,8.15472,18.13244,-33.0982,POM_COL,MAS_INS,PomonaPitzer,D3,Team,20250308-PomonaPitzer-1,fbde10c0-fc5c-11ef-b7c0-958c15ae1882,66.80739,52.58124,,6.10024,,,,3.81614,2.18415,-0.05278,935155fd-d532-41e2-8f85-0cab3659d8e5,2025-03-08,20:36:15.77,2025-03-08T12:36:15.7750000-08:00,2025-03-08T20:36:15.7750000Z,FlyBall,v3,POM_PIT,,,"Dwyer, John",1000292137,,MAS_INS,29ce74a8-3939-4b0b-b02c-9787412d2cf6,55.68962,-101.29341,9.06622,5.02632,3.60546,-16.5491,-1.55477,0.60827,4.07736,,3.8174,82.23844,-7.49683,-0.26777,0.86852,-0.63386,0.22037,-0.03727,0.00249,2.18379,66.02864,-24.95415,2.84604,-0.68176,0.17362,-0.02493,0.00078,0.00011,-0.05337,-66.94744,5.36591,-0.33295,-0.32433,0.28953,-0.10605,0.01844,-0.00126,,,,,,,,,,,,,,,,,,,,,,,High,High,High,High,Medium,,,
171,2025-03-08,12:36:50.02,5,3,"Freedman, Jonathan",1000386670,Right,MAS_INS,"Lee, Sammy",1000276388,Right,POM_COL,Undefined,4,Bottom,2,0,2,Slider,Curveball,BallCalled,Undefined,Undefined,Undefined,0,0,,71.65725,-1.259978,-1.66315,2241.232289,82.134011,8:45,5.01829,1.58922,5.32259,-56.51058,-0.31126,-15.96237,-0.87401,-1.30216,65.97843,-11.466217,-4.505004,0.539556,,,,,,,,,,,,7.62382,0.63965,-1.42634,50,4.86302,3.57336,-103.91802,-4.02421,8.22863,19.52092,-31.48365,POM_COL,MAS_INS,PomonaPitzer,D3,Team,20250308-PomonaPitzer-1,10415590-fc5d-11ef-b7c0-958c15ae1882,69.85819,,,5.67881,,,,,,,935155fd-d532-41e2-8f85-0cab3659d8e5,2025-03-08,20:36:50.02,2025-03-08T12:36:50.0250000-08:00,2025-03-08T20:36:50.0250000Z,,v3,POM_PIT,,,"Dwyer, John",1000292137,,MAS_INS,489bf0b2-34d0-41de-a9d8-3966217d38b7,55.17942,-104.88645,9.76046,5.02391,-2.4623,-15.74183,-1.59349,3.16514,4.11431,,,,,,,,,,,,,,,,,,,,,,,,,,,,,,,,,,,,,,,,,,,,,,,,,,,High,High,High,,,,,
172,2025-03-08,12:37:10.38,5,4,"Freedman, Jonathan",1000386670,Right,MAS_INS,"Lee, Sammy",1000276388,Right,POM_COL,Undefined,4,Bottom,2,1,2,Slider,Curveball,BallCalled,Undefined,Undefined,Undefined,0,0,,70.26442,0.803042,-1.882613,2239.17199,55.648587,7:45,4.85489,1.57735,5.2259,-67.62256,-8.51304,-15.54426,-0.02491,-1.48851,64.15019,-11.418228,-4.643711,0.55335,,,,,,,,,,,,7.18969,-4.02681,-1.39144,50,4.87807,3.90018,-101.82475,-0.68976,7.38911,20.00968,-36.31258,POM_COL,MAS_INS,PomonaPitzer,D3,Team,20250308-PomonaPitzer-1,1c6e3f40-fc5d-11ef-b7c0-958c15ae1882,68.11679,,,6.11423,,,,,,,935155fd-d532-41e2-8f85-0cab3659d8e5,2025-03-08,20:37:10.38,2025-03-08T12:37:10.3890000-08:00,2025-03-08T20:37:10.3890000Z,,v3,POM_PIT,,,"Dwyer, John",1000292137,,MAS_INS,6e9f98da-368e-4901-99ce-7bd71c4cc276,55.27605,-102.85632,10.00484,4.86538,1.1823,-18.15629,-1.58269,3.51924,3.69455,,,,,,,,,,,,,,,,,,,,,,,,,,,,,,,,,,,,,,,,,,,,,,,,,,,High,High,High,,,,,
173,2025-03-08,12:37:35.84,5,5,"Freedman, Jonathan",1000386670,Right,MAS_INS,"Lee, Sammy",1000276388,Right,POM_COL,Undefined,4,Bottom,2,2,2,Fastball,Changeup,StrikeCalled,Strikeout,Undefined,Undefined,0,0,,79.4615,-0.378575,-4.239929,1966.071552,222.611583,1:30,4.71533,1.64062,5.8437,-31.26116,14.05961,11.3593,1.75744,-1.36029,71.42494,-6.249846,-2.210556,0.484529,,,,,,,,,,,,-7.15437,7.79808,-1.30136,50,4.66647,8.07077,-114.88704,-1.67596,-9.38766,24.90671,-21.94178,POM_COL,MAS_INS,PomonaPitzer,D3,Team,20250308-PomonaPitzer-1,2b968ea0-fc5d-11ef-b7c0-958c15ae1882,77.79186,,,8.03656,,,,,,,935155fd-d532-41e2-8f85-0cab3659d8e5,2025-03-08,20:37:35.84,2025-03-08T12:37:35.8470000-08:00,2025-03-08T20:37:35.8470000Z,,v3,POM_PIT,,,"Dwyer, John",1000292137,,MAS_INS,2a79dbba-5b6d-4d15-a87f-d7e5d1c52dd8,54.65094,-115.89095,12.45335,4.7162,-0.79156,-10.97089,-1.63429,8.44916,-4.69383,,,,,,,,,,,,,,,,,,,,,,,,,,,,,,,,,,,,,,,,,,,,,,,,,,,High,High,High,,,,,
174,2025-03-08,12:39:50.18,1,1,"Wiessinger, Jack",1000276383,Right,POM_COL,"Del Pino, Maximo",1000182086,Right,MAS_INS,Undefined,5,Top,0,0,0,Fastball,Four-Seam,BallCalled,Undefined,Undefined,Undefined,0,0,,87.01014,-2.565593,-3.283519,2083.932278,215.754259,1:15,5.45244,0.55169,5.3793,-18.41005,19.7934,13.25253,1.50762,-1.4254,78.63017,-6.051788,-0.932134,0.444859,,,,,,,,,,,,-7.64563,11.11965,-0.26714,50,5.20985,6.62752,-125.83037,-6.21035,-12.1212,28.19527,-14.54524,POM_COL,MAS_INS,PomonaPitzer,D3,Team,20250308-PomonaPitzer-1,7b9fe810-fc5d-11ef-b7c0-958c15ae1882,84.72893,,,8.37997,,,,,,,935155fd-d532-41e2-8f85-0cab3659d8e5,2025-03-08,20:39:50.18,2025-03-08T12:39:50.1810000-08:00,2025-03-08T20:39:50.1810000Z,,v3,POM_PIT,,,"Lee, Sammy",1000276388,Right,POM_COL,0363ae66-c271-40fe-8db8-6321bc8e51a4,55.11735,-126.97186,14.09763,5.44935,-5.62148,-7.27262,-0.54538,7.11824,-6.0606,,,,,,,,,,,,,,,,,,,,,,,,,,,,,,,,,,,,,,,,,,,,,,,,,,,High,High,High,,,,,
175,2025-03-08,12:40:05.23,1,2,"Wiessinger, Jack",1000276383,Right,POM_COL,"Del Pino, Maximo",1000182086,Right,MAS_INS,Undefined,5,Top,0,1,0,Fastball,Sinker,BallCalled,Undefined,Undefined,Undefined,0,0,,87.31696,-2.454432,-1.919911,1973.686167,227.310998,1:30,5.35883,0.56377,5.40022,-23.86426,13.93469,13.64953,1.06746,-0.09854,79.15177,-6.895009,0.508458,0.442498,,,,,,,,,,,,-7.4417,8.15489,-0.40244,50,5.12349,3.63288,-126.4446,-6.23375,-11.91604,28.41676,-19.11601,POM_COL,MAS_INS,PomonaPitzer,D3,Team,20250308-PomonaPitzer-1,8498a8d0-fc5d-11ef-b7c0-958c15ae1882,85.18106,,,8.16519,,,,,,,935155fd-d532-41e2-8f85-0cab3659d8e5,2025-03-08,20:40:05.23,2025-03-08T12:40:05.2380000-08:00,2025-03-08T20:40:05.2380000Z,,v3,POM_PIT,,,"Lee, Sammy",1000276388,Right,POM_COL,6af8a149-9203-4c79-bfed-f5bd823c39a4,55.0971,-127.58496,14.20838,5.35826,-5.46662,-9.55801,-0.55782,4.11107,-5.95802,,,,,,,,,,,,,,,,,,,,,,,,,,,,,,,,,,,,,,,,,,,,,,,,,,,High,High,High,,,,,
176,2025-03-08,12:40:24.36,1,3,"Wiessinger, Jack",1000276383,Right,POM_COL,"Del Pino, Maximo",1000182086,Right,MAS_INS,Undefined,5,Top,0,2,0,Fastball,Four-Seam,FoulBallNotFieldable,Undefined,Undefined,Undefined,0,0,,87.94133,-1.486505,-3.247564,2059.017483,216.5767,1:15,5.36229,0.53867,5.39927,-18.42048,18.95033,13.05375,2.43171,-1.42003,79.27438,-4.982712,-0.930854,0.439985,,,,,,,,,,,,-7.58099,10.37611,-0.25837,50,5.21721,6.63745,-127.26045,-3.88003,-12.27122,29.27745,-15.37838,POM_COL,MAS_INS,PomonaPitzer,D3,Team,20250308-PomonaPitzer-1,8ffd8790-fc5d-11ef-b7c0-958c15ae1882,85.66758,,,8.66696,,,,,,,935155fd-d532-41e2-8f85-0cab3659d8e5,2025-03-08,20:40:24.36,2025-03-08T12:40:24.3620000-08:00,2025-03-08T20:40:24.3620000Z,,v3,POM_PIT,,,"Lee, Sammy",1000276388,Right,POM_COL,4b7c24e6-abc4-4049-abef-6ce7e68d3d27,55.09789,-128.42791,14.63872,5.3597,-3.26681,-7.68919,-0.5328,7.12678,-6.13561,,,,,,,,,,,,,,,,,,,,,,,,,,,,,,,,,,,,,,,,,,,,,,,,,,,High,High,High,,,,,
177,2025-03-08,12:40:44.59,1,4,"Wiessinger, Jack",1000276383,Right,POM_COL,"Del Pino, Maximo",1000182086,Right,MAS_INS,Undefined,5,Top,0,2,1,Fastball,Four-Seam,StrikeSwinging,Undefined,Undefined,Undefined,0,0,,86.36293,0.451939,-2.136222,2126.260601,212.975244,1:00,5.41098,0.73285,5.50383,-22.51383,16.16595,9.56197,3.95782,-0.46918,77.48096,-3.804763,-0.434229,0.447624,,,,,,,,,,,,-5.48583,8.39516,-0.55272,50,5.4358,4.24108,-125.05745,0.27469,-8.53879,29.25014,-19.1068,POM_COL,MAS_INS,PomonaPitzer,D3,Team,20250308-PomonaPitzer-1,9c0fe460-fc5d-11ef-b7c0-958c15ae1882,84.2056,,,8.88197,,,,,,,935155fd-d532-41e2-8f85-0cab3659d8e5,2025-03-08,20:40:44.59,2025-03-08T12:40:44.5950000-08:00,2025-03-08T20:40:44.5950000Z,,v3,POM_PIT,,,"Lee, Sammy",1000276388,Right,POM_COL,7a6ba7ac-3522-4916-b3a6-6f482a8b8ed2,54.991,-126.21942,14.62507,5.40982,1.03371,-9.5534,-0.72794,4.58029,-4.2694,,,,,,,,,,,,,,,,,,,,,,,,,,,,,,,,,,,,,,,,,,,,,,,,,,,High,High,High,,,,,
178,2025-03-08,12:41:02.71,1,5,"Wiessinger, Jack",1000276383,Right,POM_COL,"Del Pino, Maximo",1000182086,Right,MAS_INS,Undefined,5,Top,0,2,2,Slider,Slider,BallCalled,Undefined,Undefined,Undefined,0,0,,76.81148,0.136911,-1.783795,2413.559996,75.132536,8:30,5.02244,1.21986,4.87148,-53.63294,-2.8437,-18.37292,0.68265,-1.99977,68.87776,-9.573409,-5.021678,0.512929,,,,,,,,,,,,8.38493,-0.88449,-1.02787,50,4.99094,4.22075,-111.02886,-1.64491,10.11954,26.01737,-33.24151,POM_COL,MAS_INS,PomonaPitzer,D3,Team,20250308-PomonaPitzer-1,a6e0e790-fc5d-11ef-b7c0-958c15ae1882,73.48473,,,7.93372,,,,,,,935155fd-d532-41e2-8f85-0cab3659d8e5,2025-03-08,20:41:02.71,2025-03-08T12:41:02.7110000-08:00,2025-03-08T20:41:02.7110000Z,,v3,POM_PIT,,,"Lee, Sammy",1000276388,Right,POM_COL,71b0343b-b3de-4f08-a179-087f3b50c759,55.6257,-112.33939,13.00868,5.03163,0.02951,-16.62076,-1.22764,3.71101,5.05977,,,,,,,,,,,,,,,,,,,,,,,,,,,,,,,,,,,,,,,,,,,,,,,,,,,High,High,High,,,,,
179,2025-03-08,12:41:19.93,1,6,"Wiessinger, Jack",1000276383,Right,POM_COL,"Del Pino, Maximo",1000182086,Right,MAS_INS,Undefined,5,Top,0,3,2,Fastball,Sinker,BallCalled,Walk,Undefined,Undefined,0,0,,87.33531,0.910121,-1.912468,2091.213008,226.771914,1:30,5.36062,0.61151,5.50335,-25.23084,12.66166,11.96367,4.10981,-0.18087,78.19853,-3.830612,0.217692,0.443045,,,,,,,,,,,,-6.62071,6.47811,-0.45255,50,5.42365,3.68437,-126.45243,1.16384,-10.51404,30.40773,-21.88645,POM_COL,MAS_INS,PomonaPitzer,D3,Team,20250308-PomonaPitzer-1,b11b7720-fc5d-11ef-b7c0-958c15ae1882,85.07585,,,9.13678,,,,,,,935155fd-d532-41e2-8f85-0cab3659d8e5,2025-03-08,20:41:19.93,2025-03-08T12:41:19.9340000-08:00,2025-03-08T20:41:19.9340000Z,,v3,POM_PIT,,,"Lee, Sammy",1000276388,Right,POM_COL,2cec878a-5e89-4169-8ddc-48bd5baf0cb4,54.99149,-127.64708,15.20387,5.36103,2.02371,-10.94323,-0.60541,4.09744,-5.25702,,,,,,,,,,,,,,,,,,,,,,,,,,,,,,,,,,,,,,,,,,,,,,,,,,,High,High,High,,,,,
180,2025-03-08,12:41:47.85,2,1,"Wiessinger, Jack",1000276383,Right,POM_COL,"Spivey, John",10046007,Right,MAS_INS,Undefined,5,Top,0,0,0,Fastball,Four-Seam,FoulBallNotFieldable,Undefined,Undefined,Undefined,0,0,,88.05469,-1.462529,-2.01103,2098.466895,218.856536,1:15,5.35669,0.75478,5.44824,-21.92517,15.20328,11.1741,2.15918,-0.19761,79.53063,-5.577189,-0.022551,0.438556,,,,,,,,,,,,-6.28162,8.50461,-0.5852,50,5.21282,3.98735,-127.57275,-3.98672,-10.21539,29.47852,-18.34358,POM_COL,MAS_INS,PomonaPitzer,D3,Team,20250308-PomonaPitzer-1,c1c165d0-fc5d-11ef-b7c0-958c15ae1882,85.94677,,,8.52406,,,,,,,935155fd-d532-41e2-8f85-0cab3659d8e5,2025-03-08,20:41:47.85,2025-03-08T12:41:47.8580000-08:00,2025-03-08T20:41:47.8580000Z,,v3,POM_PIT,,,"Lee, Sammy",1000276388,Right,POM_COL,2aa4e76a-08c9-4d38-afac-55c2f0892b51,55.04953,-128.73427,14.73926,5.35567,-3.26394,-9.17179,-0.75024,4.38986,-5.10769,,,,,,,,,,,,,,,,,,,,,,,,,,,,,,,,,,,,,,,,,,,,,,,,,,,High,High,High,,,,,
181,2025-03-08,12:42:08.93,2,2,"Wiessinger, Jack",1000276383,Right,POM_COL,"Spivey, John",10046007,Right,MAS_INS,Undefined,5,Top,0,0,1,Fastball,Four-Seam,FoulBallNotFieldable,Undefined,Undefined,Undefined,0,0,,88.00181,-0.623153,-0.631159,2107.939107,212.662621,1:00,5.48939,0.58695,5.22308,-18.96375,18.94607,11.18623,3.32315,0.92571,78.416,-4.237495,1.351659,0.443147,,,,,,,,,,,,-5.78874,10.08028,-0.53748,50,5.41865,0.88527,-127.34226,-1.98326,-9.26302,32.3663,-16.0438,POM_COL,MAS_INS,PomonaPitzer,D3,Team,20250308-PomonaPitzer-1,ce4ff780-fc5d-11ef-b7c0-958c15ae1882,85.05635,,,9.58581,,,,,,,935155fd-d532-41e2-8f85-0cab3659d8e5,2025-03-08,20:42:08.93,2025-03-08T12:42:08.9300000-08:00,2025-03-08T20:42:08.9300000Z,,v3,POM_PIT,,,"Lee, Sammy",1000276388,Right,POM_COL,fe9883d4-3b1c-48bd-9888-daa551189a39,55.27146,-128.67512,16.18315,5.48672,-1.32257,-8.0219,-0.58179,1.26673,-4.63151,,,,,,,,,,,,,,,,,,,,,,,,,,,,,,,,,,,,,,,,,,,,,,,,,,,High,High,High,,,,,
182,2025-03-08,12:43:22.54,2,3,"Wiessinger, Jack",1000276383,Right,POM_COL,"Spivey, John",10046007,Right,MAS_INS,Undefined,5,Top,0,0,2,Fastball,Four-Seam,BallCalled,Undefined,Undefined,Undefined,0,0,,88.17798,0.124384,-2.89358,2049.256594,223.458664,1:30,5.3243,0.80412,5.54395,-22.29458,14.89835,12.77749,3.58282,-0.83762,78.86589,-4.091873,-0.618856,0.438936,,,,,,,,,,,,-7.39237,7.86981,-0.56186,50,5.3208,5.87548,-127.60086,-0.44436,-11.93877,31.26176,-19.46424,POM_COL,MAS_INS,PomonaPitzer,D3,Team,20250308-PomonaPitzer-1,fa34b110-fc5d-11ef-b7c0-958c15ae1882,85.87223,,,9.31209,,,,,,,935155fd-d532-41e2-8f85-0cab3659d8e5,2025-03-08,20:43:22.54,2025-03-08T12:43:22.5460000-08:00,2025-03-08T20:43:22.5460000Z,,v3,POM_PIT,,,"Lee, Sammy",1000276388,Right,POM_COL,cf9c3fd9-7aae-4d1b-ad36-43a882651b84,54.95131,-128.8082,15.63088,5.32344,0.30736,-9.73212,-0.79767,6.33656,-5.96938,,,,,,,,,,,,,,,,,,,,,,,,,,,,,,,,,,,,,,,,,,,,,,,,,,,Medium,Medium,Medium,,,,,
183,2025-03-08,12:43:41.19,2,4,"Wiessinger, Jack",1000276383,Right,POM_COL,"Spivey, John",10046007,Right,MAS_INS,Undefined,5,Top,0,1,2,Slider,Slider,BallCalled,Undefined,Undefined,Undefined,0,0,,76.84131,-1.452193,-2.298939,2431.929656,106.543805,9:30,5.06388,1.08156,5.06637,-44.58077,6.26559,-13.71698,-0.02184,-2.23035,68.37644,-9.607689,-4.723479,0.513217,,,,,,,,,,,,5.94646,4.24697,-0.85152,50,4.89132,5.00305,-110.91068,-4.29803,7.10131,27.45107,-27.10229,POM_COL,MAS_INS,PomonaPitzer,D3,Team,20250308-PomonaPitzer-1,055a3ce0-fc5e-11ef-b7c0-958c15ae1882,73.44344,,,8.46487,,,,,,,935155fd-d532-41e2-8f85-0cab3659d8e5,2025-03-08,20:43:41.19,2025-03-08T12:43:41.1950000-08:00,2025-03-08T20:43:41.1950000Z,,v3,POM_PIT,,,"Lee, Sammy",1000276388,Right,POM_COL,acd9c583-dde3-4c85-a98a-dfde6cef5c93,55.42902,-112.24635,13.72554,5.06837,-2.97932,-13.55115,-1.08654,4.65753,3.55066,,,,,,,,,,,,,,,,,,,,,,,,,,,,,,,,,,,,,,,,,,,,,,,,,,,High,High,High,,,,,
184,2025-03-08,12:44:00.55,2,5,"Wiessinger, Jack",1000276383,Right,POM_COL,"Spivey, John",10046007,Right,MAS_INS,Undefined,5,Top,0,2,2,Slider,Slider,BallCalled,Undefined,Undefined,Undefined,0,0,,76.67047,-0.533234,-0.528696,2334.527944,82.042029,8:45,5.07885,1.10614,4.97227,-51.24396,-0.55803,-18.53989,0.30482,-0.93824,68.8148,-9.837796,-3.80767,0.512407,,,,,,,,,,,,9.02571,0.44268,-1.03888,50,4.98574,1.77535,-110.90815,-2.81201,10.878,25.81742,-31.64051,POM_COL,MAS_INS,PomonaPitzer,D3,Team,20250308-PomonaPitzer-1,10e2a930-fc5e-11ef-b7c0-958c15ae1882,73.55956,,,7.85567,,,,,,,935155fd-d532-41e2-8f85-0cab3659d8e5,2025-03-08,20:44:00.55,2025-03-08T12:44:00.5580000-08:00,2025-03-08T20:44:00.5580000Z,,v3,POM_PIT,,,"Lee, Sammy",1000276388,Right,POM_COL,270f4ca7-aebf-4cab-a53e-8b091d380c3e,55.52557,-112.18702,12.90871,5.08621,-1.24468,-15.82025,-1.11348,1.2365,5.439,,,,,,,,,,,,,,,,,,,,,,,,,,,,,,,,,,,,,,,,,,,,,,,,,,,High,High,High,,,,,
185,2025-03-08,12:44:21.12,2,6,"Wiessinger, Jack",1000276383,Right,POM_COL,"Spivey, John",10046007,Right,MAS_INS,Undefined,5,Top,0,3,2,Fastball,Four-Seam,InPlay,Undefined,GroundBall,Single,0,0,,86.89053,-0.136196,-1.700005,2077.320534,213.852801,1:15,5.30609,0.70117,5.54796,-20.11883,18.43281,11.31942,3.50219,0.05535,77.14595,-3.992458,0.317582,0.446882,95.73378,-7.191863,-25.196605,,,,,23.279,18.83911,-22.641256,0.156784,-6.33461,9.78583,-0.56174,50,5.28169,3.23456,-125.73614,-0.8996,-9.84375,32.45392,-16.96724,POM_COL,MAS_INS,PomonaPitzer,D3,Team,20250308-PomonaPitzer-1,1d1c6420-fc5e-11ef-b7c0-958c15ae1882,84.34542,3.39116,,9.74458,,,,2.61034,3.39116,0.08519,935155fd-d532-41e2-8f85-0cab3659d8e5,2025-03-08,20:44:21.12,2025-03-08T12:44:21.1230000-08:00,2025-03-08T20:44:21.1230000Z,GroundBall,v3,POM_PIT,,,"Lee, Sammy",1000276388,Right,POM_COL,4b629563-d6de-400e-8785-3973c88f89a8,54.94684,-127.00655,16.22696,5.3039,-0.23541,-8.48362,-0.6959,3.6199,-4.92188,23.962547,2.61212,125.89984,-35.30794,,,,,,,3.39263,-17.70297,-25.16295,,,,,,,0.08492,-59.28293,10.10764,,,,,,,,,,,,,,,,,,,,,,,,,,,,,High,High,High,Low,Low,,,
186,2025-03-08,12:45:02.30,3,1,"Wiessinger, Jack",1000276383,Right,POM_COL,"Moore, Eitan",1000292133,Right,MAS_INS,Undefined,5,Top,0,0,0,Slider,Curveball,StrikeSwinging,Undefined,Undefined,Undefined,0,0,,74.72153,-0.137719,-0.32486,2210.350088,90.2046,9:00,5.11788,1.05017,5.01787,-51.05637,2.20358,-13.60186,0.73322,-0.3899,66.96452,-9.44983,-2.73181,0.525257,,,,,,,,,,,,6.62508,1.7341,-1.00745,50,5.06415,1.15386,-108.07374,-1.96944,7.58825,24.37097,-30.18785,POM_COL,MAS_INS,PomonaPitzer,D3,Team,20250308-PomonaPitzer-1,35b2a440-fc5e-11ef-b7c0-958c15ae1882,71.76,,,7.75701,,,,,,,935155fd-d532-41e2-8f85-0cab3659d8e5,2025-03-08,20:45:02.30,2025-03-08T12:45:02.3000000-08:00,2025-03-08T20:45:02.3000000Z,,v3,POM_PIT,,,"Lee, Sammy",1000276388,Right,POM_COL,cf127702-f181-43a6-abfa-d7d61830502f,55.47821,-109.30212,12.18549,5.12507,-0.44788,-15.09393,-1.05597,0.77139,3.79413,,,,,,,,,,,,,,,,,,,,,,,,,,,,,,,,,,,,,,,,,,,,,,,,,,,High,High,High,,,,,
187,2025-03-08,12:45:20.91,3,2,"Wiessinger, Jack",1000276383,Right,POM_COL,"Moore, Eitan",1000292133,Right,MAS_INS,Undefined,5,Top,0,0,1,Slider,Curveball,StrikeCalled,Undefined,Undefined,Undefined,0,0,,75.30608,2.210361,1.137176,2231.969835,92.715293,9:00,5.10198,1.09945,4.79821,-49.69652,2.71977,-15.83776,3.05655,0.85734,67.63119,-6.845731,-1.648251,0.52108,,,,,,,,,,,,8.09776,1.19784,-1.1983,50,5.27988,-1.50011,-108.89077,2.46706,9.52832,22.68531,-30.7646,POM_COL,MAS_INS,PomonaPitzer,D3,Team,20250308-PomonaPitzer-1,40c7dc60-fc5e-11ef-b7c0-958c15ae1882,72.3352,,,7.67489,,,,,,,935155fd-d532-41e2-8f85-0cab3659d8e5,2025-03-08,20:45:20.91,2025-03-08T12:45:20.9190000-08:00,2025-03-08T20:45:20.9190000Z,,v3,POM_PIT,,,"Lee, Sammy",1000276388,Right,POM_COL,3a5bc301-634d-494f-a9ed-d2d5813fc3ef,55.69789,-110.07142,11.34265,5.10982,4.06819,-15.3823,-1.10733,-1.99601,4.76416,,,,,,,,,,,,,,,,,,,,,,,,,,,,,,,,,,,,,,,,,,,,,,,,,,,High,High,High,,,,,
188,2025-03-08,12:45:39.62,3,3,"Wiessinger, Jack",1000276383,Right,POM_COL,"Moore, Eitan",1000292133,Right,MAS_INS,Undefined,5,Top,0,0,2,Slider,Curveball,InPlay,Undefined,FlyBall,Out,2,0,,73.3237,0.555526,0.866524,2152.806046,95.048197,9:15,4.93601,1.30513,5.08363,-50.94896,3.80091,-19.32918,1.21398,0.51121,66.07721,-8.7539,-2.556524,0.532553,86.57449,37.293534,-7.801653,,109.52937,65.21556,-10.16376,322.6254,320.37511,-0.719477,4.699888,9.9554,2.24079,-1.37093,50,4.94884,-0.86618,-106.16715,-0.6192,11.08977,22.24454,-29.67792,POM_COL,MAS_INS,PomonaPitzer,D3,Team,20250308-PomonaPitzer-1,4beeeed0-fc5e-11ef-b7c0-958c15ae1882,70.77687,82.19789,,7.24648,,,,2.81972,0.71969,-0.55886,935155fd-d532-41e2-8f85-0cab3659d8e5,2025-03-08,20:45:39.62,2025-03-08T12:45:39.6210000-08:00,2025-03-08T20:45:39.6210000Z,FlyBall,v3,POM_PIT,,,"Lee, Sammy",1000276388,Right,POM_COL,ae3655ca-06ac-4f13-b535-ca58ca63f71e,55.41479,-107.29568,11.12227,4.94206,0.88645,-14.83896,-1.31271,-1.4288,5.54488,236.153148,2.8209,100.039,-10.46134,1.16161,0.29848,-0.30632,0.09732,-0.01445,0.00084,0.71914,76.94918,-21.09883,1.99797,-0.47669,0.10921,-0.01391,0.00032,5E-05,-0.55689,-13.75369,6.55475,-2.09322,0.69595,-0.19844,0.04186,-0.00521,0.00026,,,,,,,,,,,,,,,,,,,,,,,High,High,High,Low,Medium,,,
189,2025-03-08,12:46:26.26,4,1,"Wiessinger, Jack",1000276383,Right,POM_COL,"Moore, Zev",1000292151,Right,MAS_INS,Undefined,5,Top,2,0,0,Slider,Slider,BallCalled,Undefined,Undefined,Undefined,0,0,,76.67498,-1.116122,-0.919996,2271.217534,80.978948,8:45,5.12329,1.00471,5.18453,-50.59983,-0.70866,-16.26442,-0.14371,-1.2163,69.47189,-10.297685,-3.808654,0.508374,,,,,,,,,,,,7.85808,0.50402,-0.90614,50,4.98126,2.4195,-111.04045,-3.87326,9.57135,24.41165,-31.56013,POM_COL,MAS_INS,PomonaPitzer,D3,Team,20250308-PomonaPitzer-1,67b84670-fc5e-11ef-b7c0-958c15ae1882,74.14315,,,7.2031,,,,,,,935155fd-d532-41e2-8f85-0cab3659d8e5,2025-03-08,20:46:26.26,2025-03-08T12:46:26.2600000-08:00,2025-03-08T20:46:26.2600000Z,,v3,POM_PIT,,,"Lee, Sammy",1000276388,Right,POM_COL,19e18f67-58ce-4ccf-bbca-71a0826d1ac0,55.31472,-112.20278,12.20582,5.1299,-2.37057,-15.78007,-1.01049,1.96378,4.78567,,,,,,,,,,,,,,,,,,,,,,,,,,,,,,,,,,,,,,,,,,,,,,,,,,,High,High,High,,,,,
190,2025-03-08,12:46:45.06,4,2,"Wiessinger, Jack",1000276383,Right,POM_COL,"Moore, Zev",1000292151,Right,MAS_INS,Undefined,5,Top,2,1,0,Fastball,Four-Seam,InPlay,Undefined,FlyBall,HomeRun,0,2,,88.32864,-1.423457,-2.062675,2142.38733,209.744061,1:00,5.32488,0.6215,5.48205,-17.15375,20.35718,10.74331,2.56241,-0.41399,78.30661,-4.739064,-0.150499,0.440809,,,,,,,,,,,,-6.17575,11.20768,-0.4481,50,5.18912,4.11606,-127.70884,-3.66748,-9.88084,33.94807,-14.24245,POM_COL,MAS_INS,PomonaPitzer,D3,Team,20250308-PomonaPitzer-1,72ea0740-fc5e-11ef-b7c0-958c15ae1882,85.50747,,,10.02202,,,,,,,935155fd-d532-41e2-8f85-0cab3659d8e5,2025-03-08,20:46:45.06,2025-03-08T12:46:45.0620000-08:00,2025-03-08T20:46:45.0620000Z,,v3,POM_PIT,,,"Lee, Sammy",1000276388,Right,POM_COL,a6b7cf43-8342-4c22-87cc-5739649a5fb9,55.0125,-129.0344,16.97404,5.32146,-3.11136,-7.12123,-0.61636,4.50188,-4.94042,,,,,,,,,,,,,,,,,,,,,,,,,,,,,,,,,,,,,,,,,,,,,,,,,,,High,High,High,,,,,
191,2025-03-08,12:47:46.18,5,1,"Wiessinger, Jack",1000276383,Right,POM_COL,"Hood, Phil",1000292147,Right,MAS_INS,Undefined,5,Top,2,0,0,Slider,Curveball,StrikeCalled,Undefined,Undefined,Undefined,0,0,,75.46211,1.157111,-0.680412,2222.586596,93.743652,9:00,5.08276,1.05488,5.06618,-48.70215,2.29343,-8.86985,2.11552,-0.32587,68.79894,-7.705941,-2.249181,0.51397,,,,,,,,,,,,4.17925,1.32547,-0.98296,50,5.15439,1.65385,-109.39138,0.55541,5.02356,20.74071,-30.58079,POM_COL,MAS_INS,PomonaPitzer,D3,Team,20250308-PomonaPitzer-1,9759e0f0-fc5e-11ef-b7c0-958c15ae1882,73.33592,,,6.66316,,,,,,,935155fd-d532-41e2-8f85-0cab3659d8e5,2025-03-08,20:47:46.18,2025-03-08T12:47:46.1890000-08:00,2025-03-08T20:47:46.1890000Z,,v3,POM_PIT,,,"Lee, Sammy",1000276388,Right,POM_COL,aa830f23-d261-4270-b83b-3117705b60de,55.43172,-110.41644,10.37035,5.08959,2.06678,-15.2904,-1.05856,1.40557,2.51178,,,,,,,,,,,,,,,,,,,,,,,,,,,,,,,,,,,,,,,,,,,,,,,,,,,High,High,High,,,,,
192,2025-03-08,12:47:59.62,5,2,"Wiessinger, Jack",1000276383,Right,POM_COL,"Hood, Phil",1000292147,Right,MAS_INS,Undefined,5,Top,2,0,1,Slider,Slider,StrikeSwinging,Undefined,Undefined,Undefined,0,0,,76.75886,0.635572,-1.113291,2334.345073,92.656427,9:00,5.01293,1.28953,4.95581,-47.6001,2.07961,-7.57284,1.6469,-0.39354,69.77584,-8.011132,-2.450128,0.507295,,,,,,,,,,,,3.3765,1.37291,-1.17516,50,5.03575,2.47379,-111.19976,-0.43554,4.17812,22.1263,-30.47518,POM_COL,MAS_INS,PomonaPitzer,D3,Team,20250308-PomonaPitzer-1,9f5d1e20-fc5e-11ef-b7c0-958c15ae1882,74.30076,,,6.98303,,,,,,,935155fd-d532-41e2-8f85-0cab3659d8e5,2025-03-08,20:47:59.62,2025-03-08T12:47:59.6290000-08:00,2025-03-08T20:47:59.6290000Z,,v3,POM_PIT,,,"Lee, Sammy",1000276388,Right,POM_COL,a7384cf3-1dfc-4c73-8026-cfae1e42abf3,55.54125,-112.29694,11.06315,5.01988,1.07563,-15.23759,-1.29269,2.26661,2.08906,,,,,,,,,,,,,,,,,,,,,,,,,,,,,,,,,,,,,,,,,,,,,,,,,,,Medium,Medium,Medium,,,,,
193,2025-03-08,12:48:13.77,5,3,"Wiessinger, Jack",1000276383,Right,POM_COL,"Hood, Phil",1000292147,Right,MAS_INS,Undefined,5,Top,2,0,2,Fastball,Four-Seam,StrikeSwinging,Strikeout,Undefined,Undefined,0,0,,87.96877,-0.149187,-1.792302,2164.834103,215.25199,1:15,5.45651,0.75603,5.52058,-20.63147,16.67674,10.79654,3.59767,-0.02056,78.81459,-4.065648,0.131072,0.439616,,,,,,,,,,,,-6.01055,8.84626,-0.6073,50,5.43022,3.50074,-127.39755,-0.98078,-9.68833,30.86337,-17.91492,POM_COL,MAS_INS,PomonaPitzer,D3,Team,20250308-PomonaPitzer-1,a7c62200-fc5e-11ef-b7c0-958c15ae1882,85.73945,,,9.15417,,,,,,,935155fd-d532-41e2-8f85-0cab3659d8e5,2025-03-08,20:48:13.77,2025-03-08T12:48:13.7730000-08:00,2025-03-08T20:48:13.7730000Z,,v3,POM_PIT,,,"Lee, Sammy",1000276388,Right,POM_COL,caeaf4d3-8350-4efd-b298-bf4f5baab281,54.97435,-128.59699,15.43169,5.4548,-0.28456,-8.95746,-0.75067,3.87725,-4.84416,,,,,,,,,,,,,,,,,,,,,,,,,,,,,66.58473,,,1.030469,,,,5.14457,4.81133,5.06409,77.256,7.62135,-47.52711,5.15861,74.21034,-4.13676,4.84994,18.52983,-15.42202,4.99969,-59.43078,8.28594,Medium,Medium,Medium,,,Low,High,High
194,2025-03-08,12:50:33.26,1,1,"Freedman, Jonathan",1000386670,Right,MAS_INS,"DeGrazia, Tanner",1000214434,Right,POM_COL,Undefined,5,Bottom,0,0,0,Fastball,Changeup,BallCalled,Undefined,Undefined,Undefined,0,0,,77.92316,1.138335,-3.812786,1928.451574,202.801763,12:45,4.82428,1.61618,5.75849,-30.71029,16.51084,6.20721,3.32717,-1.42081,69.96242,-4.647951,-2.706094,0.494583,,,,,,,,,,,,-4.34921,8.52174,-1.30326,50,4.9006,7.26043,-112.65057,1.37002,-5.49665,23.6108,-21.40404,POM_COL,MAS_INS,PomonaPitzer,D3,Team,20250308-PomonaPitzer-1,fafc0340-fc5e-11ef-b7c0-958c15ae1882,76.21047,,,7.96073,,,,,,,935155fd-d532-41e2-8f85-0cab3659d8e5,2025-03-08,20:50:33.26,2025-03-08T12:50:33.2600000-08:00,2025-03-08T20:50:33.2600000Z,,v3,POM_PIT,,,"Dwyer, John",1000292137,,MAS_INS,b1c2efd2-4691-435b-aabd-84a9f067004c,54.73357,-113.63836,11.8054,4.82455,2.26549,-10.70202,-1.61182,7.49039,-2.74833,,,,,,,,,,,,,,,,,,,,,,,,,,,,,,,,,,,,,,,,,,,,,,,,,,,High,High,High,,,,,
195,2025-03-08,12:50:45.66,1,2,"Freedman, Jonathan",1000386670,Right,MAS_INS,"DeGrazia, Tanner",1000214434,Right,POM_COL,Undefined,5,Bottom,0,1,0,Fastball,Changeup,FoulBallNotFieldable,Undefined,Undefined,Undefined,0,0,,77.65448,0.158716,-3.597624,1918.89595,207.481337,1:00,4.67421,1.67248,5.80756,-32.54258,14.59957,6.72658,2.11023,-1.11704,70.27657,-5.93377,-2.395866,0.49417,,,,,,,,,,,,-4.57504,7.87784,-1.38112,50,4.6681,6.8207,-112.4543,-0.62654,-5.78632,22.73835,-22.21053,POM_COL,MAS_INS,PomonaPitzer,D3,Team,20250308-PomonaPitzer-1,02582b00-fc5f-11ef-b7c0-958c15ae1882,76.27431,,,7.37791,,,,,,,935155fd-d532-41e2-8f85-0cab3659d8e5,2025-03-08,20:50:45.66,2025-03-08T12:50:45.6620000-08:00,2025-03-08T20:50:45.6620000Z,,v3,POM_PIT,,,"Dwyer, John",1000292137,,MAS_INS,dd014cb3-36d0-40bf-9cfc-82a9afc09a91,54.68986,-113.39863,11.36918,4.67496,0.29587,-11.10527,-1.66937,7.06101,-2.89316,,,,,,,,,,,,,,,,,,,,,,,,,,,,,,,,,,,,,,,,,,,,,,,,,,,High,High,High,,,,,
196,2025-03-08,12:51:01.76,1,3,"Freedman, Jonathan",1000386670,Right,MAS_INS,"DeGrazia, Tanner",1000214434,Right,POM_COL,Undefined,5,Bottom,0,1,1,Slider,Curveball,BallCalled,Undefined,Undefined,Undefined,0,0,,69.95859,1.396636,-1.964237,2196.314571,83.462659,8:45,4.89378,1.66308,5.20585,-59.27554,-0.17445,-18.43332,1.26867,-1.72105,64.18516,-9.354356,-5.228553,0.553311,,,,,,,,,,,,8.59351,0.07866,-1.46686,50,4.97865,4.1437,-101.41702,0.63543,8.86695,18.02597,-32.09289,POM_COL,MAS_INS,PomonaPitzer,D3,Team,20250308-PomonaPitzer-1,0bffa250-fc5f-11ef-b7c0-958c15ae1882,68.12163,,,5.77343,,,,,,,935155fd-d532-41e2-8f85-0cab3659d8e5,2025-03-08,20:51:01.76,2025-03-08T12:51:01.7690000-08:00,2025-03-08T20:51:01.7690000Z,,v3,POM_PIT,,,"Dwyer, John",1000292137,,MAS_INS,8554b4cc-b7ee-44c5-94f2-c0d0c5afa1f7,55.29448,-102.35374,9.01299,4.9023,2.30314,-16.04645,-1.67021,3.68293,4.43347,,,,,,,,,,,,,,,,,,,,,,,,,,,,,,,,,,,,,,,,,,,,,,,,,,,High,High,High,,,,,
197,2025-03-08,12:51:15.36,1,4,"Freedman, Jonathan",1000386670,Right,MAS_INS,"DeGrazia, Tanner",1000214434,Right,POM_COL,Undefined,5,Bottom,0,2,1,Fastball,Changeup,InPlay,Undefined,Popup,Error,0,0,,76.83322,1.468286,-2.299314,1854.025095,196.114682,12:30,4.65227,1.65561,5.9086,-31.90305,15.91387,4.12315,3.35795,-0.13616,69.51879,-4.537204,-1.560361,0.497694,48.97355,-81.452748,-167.641481,,,,,1.31253,1.31253,0.716472,0.047226,-2.82358,8.17252,-1.47335,50,4.75221,4.32175,-111.38219,1.97249,-3.50976,21.97023,-22.01541,POM_COL,MAS_INS,PomonaPitzer,D3,Team,20250308-PomonaPitzer-1,140b43f0-fc5f-11ef-b7c0-958c15ae1882,75.73423,3.389,,7.31443,,,,1.80997,3.389,0.12543,935155fd-d532-41e2-8f85-0cab3659d8e5,2025-03-08,20:51:15.36,2025-03-08T12:51:15.3650000-08:00,2025-03-08T20:51:15.3650000Z,GroundBall,v3,POM_PIT,,,"Dwyer, John",1000292137,,MAS_INS,5780f81a-38a9-47d8-9fb9-29da83cb07e7,54.5883,-112.28358,10.98512,4.65275,2.87574,-11.00771,-1.65362,4.46575,-1.75488,,1.81079,-10.53531,,,,,,,,3.39455,-71.76076,,,,,,,,0.12561,-2.30834,,,,,,,,,,,,,,,,,,,,,,,,,,,,,,High,High,High,Estimated,Estimated,,,
198,2025-03-08,12:52:02.05,2,1,"Freedman, Jonathan",1000386670,Right,MAS_INS,"Zerger, Justin",10051439,Right,POM_COL,Undefined,5,Bottom,0,0,0,Fastball,Changeup,BallCalled,Undefined,Undefined,Undefined,0,0,,77.92404,2.151554,-1.997321,1989.936255,226.208365,1:30,4.89703,1.61889,5.66762,-35.60951,11.31725,10.1226,3.93786,0.59937,70.43983,-4.487747,-0.190624,0.493039,,,,,,,,,,,,-5.70571,5.56477,-1.45647,50,5.05685,3.5411,-112.89396,3.15834,-7.29218,22.41424,-25.06204,POM_COL,MAS_INS,PomonaPitzer,D3,Team,20250308-PomonaPitzer-1,2fd81e00-fc5f-11ef-b7c0-958c15ae1882,76.44914,,,7.48421,,,,,,,935155fd-d532-41e2-8f85-0cab3659d8e5,2025-03-08,20:52:02.05,2025-03-08T12:52:02.0580000-08:00,2025-03-08T20:52:02.0580000Z,,v3,POM_PIT,,,"Dwyer, John",1000292137,,MAS_INS,b0496047-b723-4030-823c-9be8d7188fd5,54.8283,-113.84855,11.20712,4.89961,4.22569,-12.53102,-1.61389,3.85166,-3.64609,,,,,,,,,,,,,,,,,,,,,,,,,,,,,,,,,,,,,,,,,,,,,,,,,,,High,High,High,,,,,
199,2025-03-08,12:52:18.04,2,2,"Freedman, Jonathan",1000386670,Right,MAS_INS,"Zerger, Justin",10051439,Right,POM_COL,Undefined,5,Bottom,0,1,0,Fastball,Changeup,InPlay,Undefined,GroundBall,FieldersChoice,1,0,,76.33075,1.085004,-1.467074,1885.314803,238.206369,2:00,4.79954,1.53619,5.68477,-41.49963,6.92457,8.66792,2.35304,0.89075,69.80705,-6.578404,0.082782,0.500844,57.10871,-4.210111,0.58298,1830.475086,,,,20.59185,20.4911,-1.530911,0.227729,-4.85016,3.64114,-1.41835,50,4.86482,2.52083,-110.81135,0.82946,-6.0132,20.33556,-27.65975,POM_COL,MAS_INS,PomonaPitzer,D3,Team,20250308-PomonaPitzer-1,3967eea0-fc5f-11ef-b7c0-958c15ae1882,75.25781,2.40108,,6.52369,,,,1.96263,2.40108,-0.89902,935155fd-d532-41e2-8f85-0cab3659d8e5,2025-03-08,20:52:18.04,2025-03-08T12:52:18.0430000-08:00,2025-03-08T20:52:18.0430000Z,GroundBall,v3,POM_PIT,,,"Dwyer, John",1000292137,,MAS_INS,acafdf2f-0726-44da-a2cd-8605f7f44b3d,54.81496,-111.69147,10.16778,4.80301,2.02657,-13.82988,-1.53308,2.78108,-3.0066,322.464499,1.96268,83.52629,-7.70553,,,,,,,2.40188,-6.19548,-19.12388,,,,,,,-0.89927,0.86417,2.94187,,,,,,,,,,,,,,,,,,,,,,,,,,,,,High,High,High,High,High,,,
200,2025-03-08,12:52:54.96,3,1,"Freedman, Jonathan",1000386670,Right,MAS_INS,"Nahabedian, George",1000214430,Right,POM_COL,Undefined,5,Bottom,1,0,0,Fastball,Changeup,StrikeCalled,Undefined,Undefined,Undefined,0,0,,78.36418,0.288857,-3.421906,1977.85096,225.124391,1:30,4.76923,1.65198,5.91114,-36.5697,9.19938,7.71937,1.99034,-0.88459,71.4707,-6.507049,-2.03901,0.48692,,,,,,,,,,,,-4.93311,5.09512,-1.38147,50,4.77176,6.50245,-113.59927,-0.52348,-6.41654,21.70719,-25.54677,POM_COL,MAS_INS,PomonaPitzer,D3,Team,20250308-PomonaPitzer-1,4f64e640-fc5f-11ef-b7c0-958c15ae1882,77.40994,,,6.89347,,,,,,,935155fd-d532-41e2-8f85-0cab3659d8e5,2025-03-08,20:52:54.96,2025-03-08T12:52:54.9600000-08:00,2025-03-08T20:52:54.9600000Z,,v3,POM_PIT,,,"Dwyer, John",1000292137,,MAS_INS,f380d0c0-a684-48d3-94cf-9ad64ee1cbf2,54.58631,-114.47229,10.8536,4.77215,0.50396,-12.77339,-1.64818,6.76052,-3.20827,,,,,,,,,,,,,,,,,,,,,,,,,,,,,,,,,,,,,,,,,,,,,,,,,,,High,High,High,,,,,
201,2025-03-08,12:53:11.26,3,2,"Freedman, Jonathan",1000386670,Right,MAS_INS,"Nahabedian, George",1000214430,Right,POM_COL,Undefined,5,Bottom,1,0,1,Slider,Curveball,BallCalled,Undefined,Undefined,Undefined,0,0,,69.99327,1.245381,-2.256493,2258.060775,97.91178,9:15,4.96838,1.60443,5.17943,-55.31416,3.71177,-12.81505,1.53178,-1.58779,64.18348,-8.807253,-4.523711,0.552959,,,,,,,,,,,,5.71784,2.05669,-1.38432,50,5.04243,4.45981,-101.43552,0.50362,5.91572,17.67428,-30.04616,POM_COL,MAS_INS,PomonaPitzer,D3,Team,20250308-PomonaPitzer-1,592f75f0-fc5f-11ef-b7c0-958c15ae1882,68.16499,,,5.80979,,,,,,,935155fd-d532-41e2-8f85-0cab3659d8e5,2025-03-08,20:53:11.26,2025-03-08T12:53:11.2630000-08:00,2025-03-08T20:53:11.2630000Z,,v3,POM_PIT,,,"Dwyer, John",1000292137,,MAS_INS,44910c33-0e5d-4448-8c6b-fab74aa2d4fc,55.31953,-102.35821,8.83714,4.97519,2.07219,-15.02308,-1.60909,4.15098,2.95786,,,,,,,,,,,,,,,,,,,,,,,,,,,,,,,,,,,,,,,,,,,,,,,,,,,High,High,High,,,,,
202,2025-03-08,12:53:29.36,3,3,"Freedman, Jonathan",1000386670,Right,MAS_INS,"Nahabedian, George",1000214430,Right,POM_COL,Undefined,5,Bottom,1,1,1,Fastball,Changeup,BallCalled,Undefined,Undefined,Undefined,0,0,,77.57102,-0.503012,-4.242331,1928.705957,202.436318,12:45,4.74401,1.61714,5.91219,-30.35777,16.49588,6.15811,1.74604,-1.81436,70.6401,-6.190039,-3.141474,0.492655,,,,,,,,,,,,-4.37748,9.0665,-1.27969,50,4.68637,8.09965,-112.29969,-1.83692,-5.56083,21.33201,-20.65663,POM_COL,MAS_INS,PomonaPitzer,D3,Team,20250308-PomonaPitzer-1,63e7c100-fc5f-11ef-b7c0-958c15ae1882,76.50877,,,6.93092,,,,,,,935155fd-d532-41e2-8f85-0cab3659d8e5,2025-03-08,20:53:29.36,2025-03-08T12:53:29.3610000-08:00,2025-03-08T20:53:29.3610000Z,,v3,POM_PIT,,,"Dwyer, John",1000292137,,MAS_INS,dbbff4a4-16eb-4a33-bde4-5e5d7ce3073a,54.58375,-113.16705,10.666,4.74399,-0.99702,-10.32831,-1.61362,8.32575,-2.78042,,,,,,,,,,,,,,,,,,,,,,,,,,,,,,,,,,,,,,,,,,,,,,,,,,,High,High,High,,,,,
203,2025-03-08,12:53:48.65,3,4,"Freedman, Jonathan",1000386670,Right,MAS_INS,"Nahabedian, George",1000214430,Right,POM_COL,Undefined,5,Bottom,1,2,1,Fastball,Changeup,BallCalled,Undefined,Undefined,Undefined,0,0,,77.93527,1.717984,-2.367409,1894.381126,205.781648,12:45,4.76915,1.68596,5.85502,-28.3175,18.28202,8.05477,4.00744,0.1563,70.38299,-3.638906,-0.925425,0.491317,,,,,,,,,,,,-4.79347,9.26308,-1.49813,50,4.89244,4.35726,-112.91424,2.61409,-6.12809,22.43402,-20.33191,POM_COL,MAS_INS,PomonaPitzer,D3,Team,20250308-PomonaPitzer-1,6f5d8fb0-fc5f-11ef-b7c0-958c15ae1882,76.7171,,,7.55228,,,,,,,935155fd-d532-41e2-8f85-0cab3659d8e5,2025-03-08,20:53:48.65,2025-03-08T12:53:48.6580000-08:00,2025-03-08T20:53:48.6580000Z,,v3,POM_PIT,,,"Dwyer, John",1000292137,,MAS_INS,6c74fabf-ce31-489d-8478-874b75da7d26,54.63936,-113.83226,11.21701,4.76845,3.4461,-10.16596,-1.68157,4.60803,-3.06405,,,,,,,,,,,,,,,,,,,,,,,,,,,,,,,,,,,,,,,,,,,,,,,,,,,High,High,High,,,,,
204,2025-03-08,12:54:22.08,3,5,"Freedman, Jonathan",1000386670,Right,MAS_INS,"Nahabedian, George",1000214430,Right,POM_COL,Undefined,5,Bottom,1,3,1,Fastball,Changeup,FoulBallNotFieldable,Undefined,Undefined,Undefined,0,0,,78.31686,0.96479,-3.52481,1955.480038,227.047168,1:30,4.80678,1.6317,5.98518,-36.50553,9.39619,8.40327,2.66066,-0.93917,71.04196,-5.848392,-2.018202,0.487625,,,,,,,,,,,,-5.42044,4.9704,-1.3579,50,4.86293,6.68542,-113.49497,0.84609,-7.00098,22.66822,-25.7543,POM_COL,MAS_INS,PomonaPitzer,D3,Team,20250308-PomonaPitzer-1,83536cb0-fc5f-11ef-b7c0-958c15ae1882,77.29801,,,7.2749,,,,,,,935155fd-d532-41e2-8f85-0cab3659d8e5,2025-03-08,20:54:22.08,2025-03-08T12:54:22.0800000-08:00,2025-03-08T20:54:22.0800000Z,,v3,POM_PIT,,,"Dwyer, John",1000292137,,MAS_INS,3698f9a7-47ea-4701-9239-6ead8294aeac,54.51358,-114.39291,11.33411,4.80921,1.86628,-12.87715,-1.62822,6.96274,-3.50049,,,,,,,,,,,,,,,,,,,,,,,,,,,,,,,,,,,,,,,,,,,,,,,,,,,High,High,High,,,,,
205,2025-03-08,12:54:44.58,3,6,"Freedman, Jonathan",1000386670,Right,MAS_INS,"Nahabedian, George",1000214430,Right,POM_COL,Undefined,5,Bottom,1,3,2,Fastball,Changeup,BallCalled,Walk,Undefined,Undefined,0,0,,77.67541,2.280983,-2.486577,1938.519009,214.593156,1:15,4.83068,1.68718,5.68284,-32.1251,14.89717,9.20709,4.28291,0.13514,70.45938,-3.72755,-0.844081,0.493541,,,,,,,,,,,,-5.35272,7.35382,-1.48336,50,5.00313,4.52807,-112.53006,3.54024,-6.83257,21.28155,-22.78713,POM_COL,MAS_INS,PomonaPitzer,D3,Team,20250308-PomonaPitzer-1,90c384c0-fc5f-11ef-b7c0-958c15ae1882,76.37143,,,7.21602,,,,,,,935155fd-d532-41e2-8f85-0cab3659d8e5,2025-03-08,20:54:44.58,2025-03-08T12:54:44.5890000-08:00,2025-03-08T20:54:44.5890000Z,,v3,POM_PIT,,,"Dwyer, John",1000292137,,MAS_INS,e99cf82a-859d-4cef-8142-fd70990f4235,54.81285,-113.43661,10.64077,4.83165,4.51092,-11.39356,-1.68245,4.81912,-3.41629,,,,,,,,,,,,,,,,,,,,,,,,,,,,,,,,,,,,,,,,,,,,,,,,,,,High,High,High,,,,,
206,2025-03-08,12:58:25.70,4,1,"Finnegan, Jack",1000292134,Right,MAS_INS,"Evans, Carson",1000276380,Right,POM_COL,Undefined,5,Bottom,1,0,0,Slider,Curveball,BallCalled,Undefined,Undefined,Undefined,0,0,,65.31257,1.91039,-2.254982,2180.604765,82.049241,8:45,4.75454,2.79319,4.36832,-70.40299,-0.69244,-20.55328,0.7143,-1.07439,60.41437,-10.613892,-5.837002,0.600926,,,,,,,,,,,,9.37638,-0.33075,-2.52947,50,4.88921,4.46357,-94.5868,0.90839,8.45808,15.00444,-32.4724,POM_COL,MAS_INS,PomonaPitzer,D3,Team,20250308-PomonaPitzer-1,149936a0-fc60-11ef-b7c0-958c15ae1882,62.72397,,,4.8982,,,,,,,935155fd-d532-41e2-8f85-0cab3659d8e5,2025-03-08,20:58:25.70,2025-03-08T12:58:25.7090000-08:00,2025-03-08T20:58:25.7090000Z,,v3,POM_PIT,,,"Dwyer, John",1000292137,,MAS_INS,6b5a47ba-c67c-46dc-b8f4-0788195008e1,56.13408,-95.5549,7.50222,4.76301,3.00355,-16.2362,-2.79986,3.91784,4.22904,,,,,,,,,,,,,,,,,,,,,,,,,,,,,,,,,,,,,,,,,,,,,,,,,,,High,High,High,,,,,
207,2025-03-08,12:58:40.49,4,2,"Finnegan, Jack",1000292134,Right,MAS_INS,"Evans, Carson",1000276380,Right,POM_COL,Undefined,5,Bottom,1,1,0,Fastball,Changeup,StrikeSwinging,Undefined,Undefined,Undefined,0,0,,77.63311,0.584951,-3.901081,2255.131825,220.181413,1:15,5.24043,2.62928,4.63344,-33.0664,15.82485,12.00457,3.04218,-0.08388,70.72922,-5.461587,-1.803552,0.503254,,,,,,,,,,,,-6.92544,8.03583,-2.24036,50,5.2711,7.13916,-112.26387,0.00746,-8.83259,20.4449,-21.92531,POM_COL,MAS_INS,PomonaPitzer,D3,Team,20250308-PomonaPitzer-1,1d6234d0-fc60-11ef-b7c0-958c15ae1882,74.89749,,,6.90389,,,,,,,935155fd-d532-41e2-8f85-0cab3659d8e5,2025-03-08,20:58:40.49,2025-03-08T12:58:40.4940000-08:00,2025-03-08T20:58:40.4940000Z,,v3,POM_PIT,,,"Dwyer, John",1000292137,,MAS_INS,98c4e448-9b25-4e96-b129-126c6a72164e,55.86315,-113.3266,10.22245,5.24109,1.14715,-10.96265,-2.62339,7.59828,-4.4163,,,,,,,,,,,,,,,,,,,,,,,,,,,,,,,,,,,,,,,,,,,,,,,,,,,High,High,High,,,,,
208,2025-03-08,12:58:54.57,4,3,"Finnegan, Jack",1000292134,Right,MAS_INS,"Evans, Carson",1000276380,Right,POM_COL,Undefined,5,Bottom,1,1,1,Fastball,Changeup,BallCalled,Undefined,Undefined,Undefined,0,0,,80.16347,-0.071193,-2.610702,2158.124169,231.863656,1:45,5.16882,2.61843,4.41984,-33.60805,12.3306,13.84745,2.30015,1.27957,73.40547,-6.161271,-0.194067,0.487821,,,,,,,,,,,,-7.38989,6.43622,-2.35526,50,5.12902,4.66866,-116.10699,-1.40344,-10.11601,21.16888,-23.36353,POM_COL,MAS_INS,PomonaPitzer,D3,Team,20250308-PomonaPitzer-1,25b518a0-fc60-11ef-b7c0-958c15ae1882,77.26695,,,6.758,,,,,,,935155fd-d532-41e2-8f85-0cab3659d8e5,2025-03-08,20:58:54.57,2025-03-08T12:58:54.5790000-08:00,2025-03-08T20:58:54.5790000Z,,v3,POM_PIT,,,"Dwyer, John",1000292137,,MAS_INS,159810d4-63a5-487a-a217-a4225be37a1a,56.07796,-117.2099,10.58444,5.17042,-0.18619,-11.68177,-2.61222,5.19571,-5.058,,,,,,,,,,,,,,,,,,,,,,,,,,,,,,,,,,,,,,,,,,,,,,,,,,,High,High,High,,,,,
209,2025-03-08,12:59:08.98,4,4,"Finnegan, Jack",1000292134,Right,MAS_INS,"Evans, Carson",1000276380,Right,POM_COL,Undefined,5,Bottom,1,2,1,Fastball,Changeup,StrikeCalled,Undefined,Undefined,Undefined,0,0,,77.64501,1.113072,-3.63918,2243.806376,219.535016,1:15,5.10824,2.64533,4.70632,-35.6536,12.81926,9.34044,3.19589,-0.03521,71.11752,-5.378749,-2.004638,0.501096,,,,,,,,,,,,-5.51402,6.44055,-2.28517,50,5.18982,6.74991,-112.384,0.94061,-7.08553,19.4619,-23.89789,POM_COL,MAS_INS,PomonaPitzer,D3,Team,20250308-PomonaPitzer-1,2e553210-fc60-11ef-b7c0-958c15ae1882,75.22003,,,6.52748,,,,,,,935155fd-d532-41e2-8f85-0cab3659d8e5,2025-03-08,20:59:08.98,2025-03-08T12:59:08.9870000-08:00,2025-03-08T20:59:08.9870000Z,,v3,POM_PIT,,,"Dwyer, John",1000292137,,MAS_INS,71c2525a-921b-4334-80c1-59489d2dc3c4,55.791,-113.38241,9.73095,5.11012,2.16659,-11.94894,-2.64077,7.11341,-3.54277,,,,,,,,,,,,,,,,,,,,,,,,,,,,,,,,,,,,,,,,,,,,,,,,,,,High,High,High,,,,,
210,2025-03-08,12:59:24.29,4,5,"Finnegan, Jack",1000292134,Right,MAS_INS,"Evans, Carson",1000276380,Right,POM_COL,Undefined,5,Bottom,1,2,2,Slider,Curveball,FoulBallNotFieldable,Undefined,Undefined,Undefined,0,0,,67.26106,2.351573,-1.644274,2156.102019,108.513592,9:30,4.74713,2.60704,4.41235,-57.66283,7.52898,-16.67792,2.18823,-0.35237,62.09899,-7.988188,-4.55162,0.581123,35.04986,-35.906325,-83.783062,,,,,4.25535,3.36308,-44.038493,0.07592,7.72252,3.53697,-2.41441,50,4.94103,3.41013,-97.45251,2.14585,7.45165,14.82903,-28.76112,POM_COL,MAS_INS,PomonaPitzer,D3,Team,20250308-PomonaPitzer-1,37830c90-fc60-11ef-b7c0-958c15ae1882,64.86141,2.32007,,5.16207,,,,2.71205,2.32007,0.22739,935155fd-d532-41e2-8f85-0cab3659d8e5,2025-03-08,20:59:24.29,2025-03-08T12:59:24.2930000-08:00,2025-03-08T20:59:24.2930000Z,GroundBall,v3,POM_PIT,,,"Dwyer, John",1000292137,,MAS_INS,fc4b2802-f23e-4644-87c8-7f88c3134f68,56.08846,-98.37461,7.41451,4.752,3.93428,-14.38056,-2.61206,2.94677,3.72583,,2.7113,4.5707,,,,,,,,2.3251,-30.55963,,,,,,,,0.2343,-41.95844,,,,,,,,,,,,,,,,,,,,,,,,,,,,,,High,High,High,Low,Low,,,
211,2025-03-08,12:59:52.38,4,6,"Finnegan, Jack",1000292134,Right,MAS_INS,"Evans, Carson",1000276380,Right,POM_COL,Undefined,5,Bottom,1,2,2,Slider,Curveball,BallCalled,Undefined,Undefined,Undefined,0,0,,65.74304,1.449097,-1.421629,2241.596594,75.174518,8:30,4.74886,2.66538,4.32217,-72.74791,-3.92327,-22.95186,0.07243,-0.60647,60.9463,-11.45181,-5.428,0.597095,,,,,,,,,,,,10.80784,-1.82236,-2.48694,50,4.83146,3.19346,-95.29717,0.05174,9.88974,15.32105,-33.8416,POM_COL,MAS_INS,PomonaPitzer,D3,Team,20250308-PomonaPitzer-1,484312f0-fc60-11ef-b7c0-958c15ae1882,63.12637,,,4.79674,,,,,,,935155fd-d532-41e2-8f85-0cab3659d8e5,2025-03-08,20:59:52.38,2025-03-08T12:59:52.3840000-08:00,2025-03-08T20:59:52.3840000Z,,v3,POM_PIT,,,"Dwyer, John",1000292137,,MAS_INS,c155da7d-cc48-461c-8d91-1bf72ef5c5fd,56.18177,-96.28589,7.66053,4.75765,2.23565,-16.9208,-2.67243,2.55524,4.94487,,,,,,,,,,,,,,,,,,,,,,,,,,,,,,,,,,,,,,,,,,,,,,,,,,,High,High,High,,,,,
212,2025-03-08,13:00:11.81,4,7,"Finnegan, Jack",1000292134,Right,MAS_INS,"Evans, Carson",1000276380,Right,POM_COL,Undefined,5,Bottom,1,3,2,Fastball,Changeup,BallCalled,Walk,Undefined,Undefined,0,0,,79.45881,-2.506567,-5.007593,2245.978551,220.463052,1:15,5.2255,2.48034,4.66034,-30.61943,15.95442,12.33422,0.28203,-1.2611,73.07722,-8.060749,-2.854236,0.491182,,,,,,,,,,,,-7.41111,8.91823,-1.98007,50,4.94136,9.53205,-114.74807,-6.1213,-9.92552,20.34358,-20.2301,POM_COL,MAS_INS,PomonaPitzer,D3,Team,20250308-PomonaPitzer-1,53ccded0-fc60-11ef-b7c0-958c15ae1882,76.73824,,,6.38159,,,,,,,935155fd-d532-41e2-8f85-0cab3659d8e5,2025-03-08,21:00:11.81,2025-03-08T13:00:11.8190000-08:00,2025-03-08T21:00:11.8190000Z,,v3,POM_PIT,,,"Dwyer, John",1000292137,,MAS_INS,1b233cec-1d42-4cdd-8bf1-6b59ca9809ae,55.83942,-115.7787,10.17179,5.22552,-5.09641,-10.11505,-2.47572,10.03489,-4.96276,,,,,,,,,,,,,,,,,,,,,,,,,,,,,,,,,,,,,,,,,,,,,,,,,,,Medium,Medium,Medium,,,,,
213,2025-03-08,13:00:42.65,5,1,"Finnegan, Jack",1000292134,Right,MAS_INS,"Quintero, James",10138921,Left,POM_COL,Undefined,5,Bottom,1,0,0,Fastball,Changeup,StrikeSwinging,Undefined,Undefined,Undefined,0,0,,78.77071,0.549514,-3.517811,2262.998287,229.315612,1:45,5.2121,2.52803,4.40518,-33.74699,14.17654,14.62674,2.92533,0.38516,71.65998,-5.591779,-0.970228,0.498248,,,,,,,,,,,,-8.04367,7.1778,-2.16822,50,5.23847,6.34824,-113.90782,-0.13327,-10.54581,21.33707,-22.76344,POM_COL,MAS_INS,PomonaPitzer,D3,Team,20250308-PomonaPitzer-1,662dc3f0-fc60-11ef-b7c0-958c15ae1882,75.64989,,,7.11073,,,,,,,935155fd-d532-41e2-8f85-0cab3659d8e5,2025-03-08,21:00:42.65,2025-03-08T13:00:42.6510000-08:00,2025-03-08T21:00:42.6510000Z,,v3,POM_PIT,,,"Dwyer, John",1000292137,,MAS_INS,577eaf85-a307-4587-ac64-f8dbe7cd3746,56.09156,-115.04322,10.66853,5.21333,1.07803,-11.38172,-2.52095,6.90941,-5.2729,,,,,,,,,,,,,,,,,,,,,,,,,,,,,,,,,,,,,,,,,,,,,,,,,,,High,High,High,,,,,
214,2025-03-08,13:01:10.47,5,2,"Finnegan, Jack",1000292134,Right,MAS_INS,"Quintero, James",10138921,Left,POM_COL,Undefined,5,Bottom,1,0,1,ChangeUp,Changeup,FoulBallNotFieldable,Undefined,Undefined,Undefined,0,0,,72.47981,2.186626,-3.400904,2020.149097,219.512523,1:15,4.87481,2.49638,4.40029,-47.26818,9.76579,6.41563,3.02769,-0.21905,65.63991,-6.369997,-2.284565,0.543548,,,,,,,,,,,,-4.14599,4.61414,-2.1403,50,5.06258,5.95967,-104.67582,2.38177,-4.55879,19.14837,-27.10051,POM_COL,MAS_INS,PomonaPitzer,D3,Team,20250308-PomonaPitzer-1,76c35ef0-fc60-11ef-b7c0-958c15ae1882,69.34516,,,6.8399,,,,,,,935155fd-d532-41e2-8f85-0cab3659d8e5,2025-03-08,21:01:10.47,2025-03-08T13:01:10.4710000-08:00,2025-03-08T21:01:10.4710000Z,,v3,POM_PIT,,,"Dwyer, John",1000292137,,MAS_INS,ab9b9046-98a2-4ffc-820d-ce6cda525cb3,56.09658,-105.78519,9.57418,4.87911,3.95185,-13.55025,-2.49322,6.22379,-2.2794,,,,,,,,,,,,,,,,,,,,,,,,,,,,,,,,,,,,,,,,,,,,,,,,,,,High,High,High,,,,,
215,2025-03-08,13:01:35.62,5,3,"Finnegan, Jack",1000292134,Right,MAS_INS,"Quintero, James",10138921,Left,POM_COL,Undefined,5,Bottom,1,0,2,Slider,Curveball,InPlay,Undefined,FlyBall,Sacrifice,1,1,,67.86248,2.393461,-0.888695,2253.929713,111.652787,9:45,4.73141,2.67722,4.12366,-55.22731,11.21272,-21.86777,2.42692,0.00227,60.99097,-7.584879,-4.681625,0.58666,54.66144,-18.412085,39.871249,,,,,9.59143,3.53893,30.648202,0.098415,10.20422,5.22536,-2.55277,50,4.94073,2.37646,-97.96131,2.27605,9.6853,18.82838,-27.21443,POM_COL,MAS_INS,PomonaPitzer,D3,Team,20250308-PomonaPitzer-1,85d28100-fc60-11ef-b7c0-958c15ae1882,64.24923,2.50668,,6.87151,,,,2.47242,2.50668,0.06213,935155fd-d532-41e2-8f85-0cab3659d8e5,2025-03-08,21:01:35.62,2025-03-08T13:01:35.6270000-08:00,2025-03-08T21:01:35.6270000Z,GroundBall,v3,POM_PIT,,,"Dwyer, John",1000292137,,MAS_INS,d4da8379-53c9-4400-b057-2bb968d79251,56.37257,-99.17857,9.41419,4.73671,4.03547,-13.60722,-2.68617,1.75031,4.84265,,2.46698,58.72302,,,,,,,,2.50904,-25.47054,,,,,,,,0.05759,49.05002,,,,,,,,,,,,,,,,,,,,,,,,,,,,,,High,High,High,Low,Low,,,
216,2025-03-08,13:02:33.45,6,1,"Finnegan, Jack",1000292134,Right,MAS_INS,"Green, Mason",10147543,Right,POM_COL,Undefined,5,Bottom,2,0,0,Slider,Curveball,BallCalled,Undefined,Undefined,Undefined,0,0,,68.56346,1.869969,-2.800061,2241.50185,113.601267,9:45,4.85892,2.64684,4.52927,-53.95735,10.34942,-18.06883,2.14595,-1.52744,61.68244,-7.924736,-5.949994,0.577165,,,,,,,,,,,,7.75752,5.10048,-2.3363,50,5.00466,5.53841,-98.93029,1.51203,7.50006,19.38151,-27.24285,POM_COL,MAS_INS,PomonaPitzer,D3,Team,20250308-PomonaPitzer-1,a8468ab0-fc60-11ef-b7c0-958c15ae1882,65.3062,,,6.88102,,,,,,,935155fd-d532-41e2-8f85-0cab3659d8e5,2025-03-08,21:02:33.45,2025-03-08T13:02:33.4500000-08:00,2025-03-08T21:02:33.4500000Z,,v3,POM_PIT,,,"Dwyer, John",1000292137,,MAS_INS,cb430f8d-4dd8-4e56-8d49-7c821649d21b,55.96482,-100.09204,9.69076,4.86509,3.145,-13.62143,-2.65481,5.08885,3.75003,,,,,,,,,,,,,,,,,,,,,,,,,,,,,,,,,,,,,,,,,,,,,,,,,,,High,High,High,,,,,
217,2025-03-08,13:02:48.49,6,2,"Finnegan, Jack",1000292134,Right,MAS_INS,"Green, Mason",10147543,Right,POM_COL,Undefined,5,Bottom,2,1,0,Fastball,Changeup,StrikeSwinging,Undefined,Undefined,Undefined,0,0,,79.0965,-0.056296,-3.555519,2293.312885,231.911869,1:45,5.18889,2.4604,4.74292,-31.19474,16.13064,18.39375,2.53583,0.6163,71.39314,-5.805988,-0.330727,0.495129,,,,,,,,,,,,-10.07485,8.40949,-2.11944,50,5.15665,6.3018,-114.33445,-1.17837,-13.18539,23.30552,-21.16819,POM_COL,MAS_INS,PomonaPitzer,D3,Team,20250308-PomonaPitzer-1,b1238610-fc60-11ef-b7c0-958c15ae1882,76.12648,,,7.70337,,,,,,,935155fd-d532-41e2-8f85-0cab3659d8e5,2025-03-08,21:02:48.49,2025-03-08T13:02:48.4910000-08:00,2025-03-08T21:02:48.4910000Z,,v3,POM_PIT,,,"Dwyer, John",1000292137,,MAS_INS,9cc93157-5e67-4d5c-9f59-bf6facb13636,55.75333,-115.50123,11.65276,5.18912,-0.11859,-10.58409,-2.45146,6.96192,-6.59269,,,,,,,,,,,,,,,,,,,,,,,,,,,,,,,,,,,,,,,,,,,,,,,,,,,High,High,High,,,,,
218,2025-03-08,13:03:04.61,6,3,"Finnegan, Jack",1000292134,Right,MAS_INS,"Green, Mason",10147543,Right,POM_COL,Undefined,5,Bottom,2,1,1,Fastball,Changeup,FoulBallNotFieldable,Undefined,Undefined,Undefined,0,0,,79.21359,0.17395,-3.777994,2169.60195,225.57559,1:30,5.02597,2.52233,4.95486,-30.5097,16.30013,14.91623,2.64821,0.19055,71.51468,-5.473631,-1.154658,0.492425,,,,,,,,,,,,-8.6126,8.47682,-2.16893,50,5.01858,6.94498,-114.54446,-0.66116,-11.30717,23.49411,-21.04514,POM_COL,MAS_INS,PomonaPitzer,D3,Team,20250308-PomonaPitzer-1,bac86550-fc60-11ef-b7c0-958c15ae1882,76.54456,,,7.69891,,,,,,,935155fd-d532-41e2-8f85-0cab3659d8e5,2025-03-08,21:03:04.61,2025-03-08T13:03:04.6150000-08:00,2025-03-08T21:03:04.6150000Z,,v3,POM_PIT,,,"Dwyer, John",1000292137,,MAS_INS,ce5ddc4f-136b-475d-9dcd-0dce3332a20d,55.54347,-115.67589,11.74705,5.02602,0.35233,-10.52257,-2.5165,7.48951,-5.65359,,,,,,,,,,,,,,,,,,,,,,,,,,,,,,,,,,,,,,,,,,,,,,,,,,,High,High,High,,,,,
219,2025-03-08,13:03:25.47,6,4,"Finnegan, Jack",1000292134,Right,MAS_INS,"Green, Mason",10147543,Right,POM_COL,Undefined,5,Bottom,2,1,2,Slider,Curveball,BallCalled,Undefined,Undefined,Undefined,0,0,,67.69919,1.854415,-3.023558,2278.628963,95.275094,9:15,4.72087,2.41529,4.37095,-61.46169,4.11323,-20.30765,1.37319,-2.1673,61.84363,-9.150977,-6.554115,0.582828,,,,,,,,,,,,8.88091,2.04949,-2.06959,50,4.85935,5.93879,-97.83216,1.15605,8.49406,17.32714,-30.21385,POM_COL,MAS_INS,PomonaPitzer,D3,Team,20250308-PomonaPitzer-1,c73f7760-fc60-11ef-b7c0-958c15ae1882,64.67166,,,5.85556,,,,,,,935155fd-d532-41e2-8f85-0cab3659d8e5,2025-03-08,21:03:25.47,2025-03-08T13:03:25.4720000-08:00,2025-03-08T21:03:25.4720000Z,,v3,POM_PIT,,,"Dwyer, John",1000292137,,MAS_INS,45446d1c-8d1f-4cba-abde-3ddda8fb30f1,56.12781,-98.91151,8.66357,4.72872,3.03814,-15.10692,-2.42305,5.40967,4.24703,,,,,,,,,,,,,,,,,,,,,,,,,,,,,,,,,,,,,,,,,,,,,,,,,,,High,High,High,,,,,
220,2025-03-08,13:03:41.17,6,5,"Finnegan, Jack",1000292134,Right,MAS_INS,"Green, Mason",10147543,Right,POM_COL,Undefined,5,Bottom,2,2,2,Fastball,Changeup,BallCalled,Undefined,Undefined,Undefined,0,0,,79.69071,-1.026179,-5.977445,2318.203342,250.416055,2:15,5.21656,2.43009,4.58891,-38.57266,8.3154,18.80611,1.02059,-1.7094,72.57157,-7.992883,-2.704367,0.492836,,,,,,,,,,,,-10.91012,4.82028,-1.82912,50,5.07452,11.20492,-114.87799,-3.4962,-14.518,22.11952,-25.75972,POM_COL,MAS_INS,PomonaPitzer,D3,Team,20250308-PomonaPitzer-1,d097bd40-fc60-11ef-b7c0-958c15ae1882,76.4807,,,7.11914,,,,,,,935155fd-d532-41e2-8f85-0cab3659d8e5,2025-03-08,21:03:41.17,2025-03-08T13:03:41.1730000-08:00,2025-03-08T21:03:41.1730000Z,,v3,POM_PIT,,,"Dwyer, John",1000292137,,MAS_INS,e3bcbd78-ee04-4a7a-8a3c-094878b805c6,55.9102,-116.0104,11.05976,5.21976,-2.17743,-12.87986,-2.42178,11.94817,-7.259,,,,,,,,,,,,,,,,,,,,,,,,,,,,,,,,,,,,,,,,,,,,,,,,,,,High,High,High,,,,,
221,2025-03-08,13:03:58.00,6,6,"Finnegan, Jack",1000292134,Right,MAS_INS,"Green, Mason",10147543,Right,POM_COL,Undefined,5,Bottom,2,3,2,Fastball,Changeup,StrikeSwinging,Strikeout,Undefined,Undefined,0,0,,79.81025,-0.5532,-4.072182,2214.275475,244.800324,2:15,5.10115,2.5924,4.85229,-36.12718,10.02083,17.87103,1.56553,0.22028,72.49236,-7.146785,-0.933373,0.488931,,,,,,,,,,,,-10.01414,5.56532,-2.20599,50,5.0161,7.44848,-115.39796,-2.39939,-13.40304,22.96775,-24.72537,POM_COL,MAS_INS,PomonaPitzer,D3,Team,20250308-PomonaPitzer-1,daa12ab0-fc60-11ef-b7c0-958c15ae1882,77.09149,,,7.31788,,,,,,,935155fd-d532-41e2-8f85-0cab3659d8e5,2025-03-08,21:03:58.00,2025-03-08T13:03:58.0020000-08:00,2025-03-08T21:03:58.0020000Z,,v3,POM_PIT,,,"Dwyer, John",1000292137,,MAS_INS,17e72ff8-51cd-44cf-ab46-898061ee1fea,55.64603,-116.51627,11.48388,5.10362,-1.19549,-12.36269,-2.58455,8.10109,-6.70152,,,,,,,,,,,,,,,,,,,,,,,,,,,,,,,,,,,,,,,,,,,,,,,,,,,High,High,High,,,,,
222,2025-03-08,13:06:26.59,1,1,"Woods, Eamonn",1000115603,Right,POM_COL,"Tubbs, Reed",1000292148,Right,MAS_INS,Undefined,6,Top,0,0,0,Fastball,Changeup,StrikeCalled,Undefined,Undefined,Undefined,0,0,,85.11805,-1.422741,-1.404792,1868.451295,214.174138,1:15,5.53961,0.45091,4.97896,-21.89359,18.17292,11.43205,2.37079,0.07659,77.5451,-5.493582,0.612473,0.455577,,,,,,,,,,,,-6.05996,9.79441,-0.32517,50,5.38512,2.51109,-123.3711,-3.81093,-9.31061,25.25989,-17.12578,POM_COL,MAS_INS,PomonaPitzer,D3,Team,20250308-PomonaPitzer-1,33290bd0-fc61-11ef-b7c0-958c15ae1882,82.73555,,,7.57294,,,,,,,935155fd-d532-41e2-8f85-0cab3659d8e5,2025-03-08,21:06:26.59,2025-03-08T13:06:26.5940000-08:00,2025-03-08T21:06:26.5940000Z,,v3,POM_PIT,,,"Lee, Sammy",1000276388,Right,POM_COL,f28d6c03-6f33-4376-8b07-752fd9499a01,55.51885,-124.49594,12.62995,5.53784,-3.04831,-8.56289,-0.44622,2.9257,-4.65531,,,,,,,,,,,,,,,,,,,,,,,,,,,,,,,,,,,,,,,,,,,,,,,,,,,High,High,High,,,,,
223,2025-03-08,13:06:40.53,1,2,"Woods, Eamonn",1000115603,Right,POM_COL,"Tubbs, Reed",1000292148,Right,MAS_INS,Undefined,6,Top,0,0,1,Curveball,Curveball,StrikeCalled,Undefined,Undefined,Undefined,0,0,,75.48876,2.826172,-0.992996,2074.382671,12.210961,6:30,5.40419,0.60801,4.75931,-73.86839,-22.2371,-5.18051,1.93101,-0.76541,69.07587,-10.382867,-1.905691,0.517164,,,,,,,,,,,,2.2291,-11.23536,-0.50357,50,5.62208,2.11016,-109.42394,2.6549,2.67448,21.18778,-45.65434,POM_COL,MAS_INS,PomonaPitzer,D3,Team,20250308-PomonaPitzer-1,3b7a6900-fc61-11ef-b7c0-958c15ae1882,72.88302,,,6.41289,,,,,,,935155fd-d532-41e2-8f85-0cab3659d8e5,2025-03-08,21:06:40.53,2025-03-08T13:06:40.5360000-08:00,2025-03-08T21:06:40.5360000Z,,v3,POM_PIT,,,"Lee, Sammy",1000276388,Right,POM_COL,7466f2ec-fa29-4b66-8ec2-54b6dfa59ede,55.74654,-110.53104,10.59389,5.42104,5.04043,-22.82717,-0.61017,1.97041,1.33724,,,,,,,,,,,,,,,,,,,,,,,,,,,,,,,,,,,,,,,,,,,,,,,,,,,High,High,High,,,,,
224,2025-03-08,13:06:53.05,1,3,"Woods, Eamonn",1000115603,Right,POM_COL,"Tubbs, Reed",1000292148,Right,MAS_INS,Undefined,6,Top,0,0,2,Curveball,Curveball,HitByPitch,Undefined,Undefined,Undefined,0,0,,74.34355,5.679557,1.747132,1727.175548,6.676676,6:15,5.45878,0.49017,4.62732,-76.46406,-22.84454,-2.87839,4.50582,1.91158,67.65684,-7.970608,1.24354,0.527027,,,,,,,,,,,,1.92071,-12.43808,-0.66664,50,5.97137,-3.15911,-107.38478,7.87497,2.23296,19.35684,-46.63411,POM_COL,MAS_INS,PomonaPitzer,D3,Team,20250308-PomonaPitzer-1,42f3dcc0-fc61-11ef-b7c0-958c15ae1882,71.519,,,6.68671,,,,,,,935155fd-d532-41e2-8f85-0cab3659d8e5,2025-03-08,21:06:53.05,2025-03-08T13:06:53.0540000-08:00,2025-03-08T21:06:53.0540000Z,,v3,POM_PIT,,,"Lee, Sammy",1000276388,Right,POM_COL,9cb40e0f-0087-4bc3-b818-334586432b07,55.87945,-108.43942,9.67842,5.47309,10.41576,-23.31705,-0.49121,-3.28077,1.11648,,,,,,,,,,,,,,,,,,,,,,,,,,,,,,,,,,,,,,,,,,,,,,,,,,,High,High,High,,,,,
225,2025-03-08,13:07:22.00,2,1,"Woods, Eamonn",1000115603,Right,POM_COL,"Hernandez, Louis",1000292141,Right,MAS_INS,Undefined,6,Top,0,0,0,Fastball,Four-Seam,StrikeSwinging,Undefined,Undefined,Undefined,0,0,,86.04196,0.038807,-1.550405,2012.455241,208.808612,1:00,5.54717,0.56223,5.0865,-20.41166,18.47883,9.4841,3.88279,-0.10912,78.50525,-3.776696,0.125568,0.448842,,,,,,,,,,,,-5.12736,9.5304,-0.42329,50,5.53538,2.94978,-124.80451,-0.59721,-8.09401,24.91735,-17.12944,POM_COL,MAS_INS,PomonaPitzer,D3,Team,20250308-PomonaPitzer-1,543261f0-fc61-11ef-b7c0-958c15ae1882,83.97715,,,7.53671,,,,,,,935155fd-d532-41e2-8f85-0cab3659d8e5,2025-03-08,21:07:22.00,2025-03-08T13:07:22.0000000-08:00,2025-03-08T21:07:22.0000000Z,,v3,POM_PIT,,,"Lee, Sammy",1000276388,Right,POM_COL,51d09f96-5763-488b-b224-7248b1899a86,55.41124,-125.88023,12.45867,5.5452,0.1423,-8.56472,-0.55818,3.29921,-4.047,,,,,,,,,,,,,,,,,,,,,,,,,,,,,,,,,,,,,,,,,,,,,,,,,,,High,High,High,,,,,
226,2025-03-08,13:07:35.76,2,2,"Woods, Eamonn",1000115603,Right,POM_COL,"Hernandez, Louis",1000292141,Right,MAS_INS,Undefined,6,Top,0,0,1,Fastball,Four-Seam,StrikeSwinging,Undefined,Undefined,Undefined,0,0,,86.46253,-0.569633,-2.327666,2136.05611,215.340126,1:15,5.50526,0.55078,5.16352,-20.31257,18.17481,12.00268,3.27594,-0.64101,78.8086,-4.370601,-0.204561,0.446509,,,,,,,,,,,,-6.61115,9.57516,-0.3431,50,5.43708,4.55391,-125.35309,-1.92089,-10.51306,25.47824,-16.94757,POM_COL,MAS_INS,PomonaPitzer,D3,Team,20250308-PomonaPitzer-1,5c5d7270-fc61-11ef-b7c0-958c15ae1882,84.41579,,,7.65393,,,,,,,935155fd-d532-41e2-8f85-0cab3659d8e5,2025-03-08,21:07:35.76,2025-03-08T13:07:35.7620000-08:00,2025-03-08T21:07:35.7620000Z,,v3,POM_PIT,,,"Lee, Sammy",1000276388,Right,POM_COL,6f5e4243-f773-48e8-8d29-4990f2eef3a4,55.33426,-126.43264,12.73912,5.50325,-1.2028,-8.47378,-0.5455,4.99936,-5.25653,,,,,,,,,,,,,,,,,,,,,,,,,,,,,,,,,,,,,,,,,,,,,,,,,,,High,High,High,,,,,
227,2025-03-08,13:07:49.57,2,3,"Woods, Eamonn",1000115603,Right,POM_COL,"Hernandez, Louis",1000292141,Right,MAS_INS,Undefined,6,Top,0,0,2,Fastball,Four-Seam,BallCalled,Undefined,Undefined,Undefined,0,0,,85.76154,-2.752731,-1.812536,2027.288916,203.892681,12:45,5.4194,0.43374,5.08211,-17.64843,21.71336,9.03312,1.3506,-0.52261,78.20448,-6.069812,-0.216158,0.451553,,,,,,,,,,,,-4.99792,11.95623,-0.26951,50,5.14527,3.52514,-124.20073,-6.52991,-7.78995,25.37836,-13.5386,POM_COL,MAS_INS,PomonaPitzer,D3,Team,20250308-PomonaPitzer-1,64a13b10-fc61-11ef-b7c0-958c15ae1882,83.47287,,,7.55707,,,,,,,935155fd-d532-41e2-8f85-0cab3659d8e5,2025-03-08,21:07:49.57,2025-03-08T13:07:49.5760000-08:00,2025-03-08T21:07:49.5760000Z,,v3,POM_PIT,,,"Lee, Sammy",1000276388,Right,POM_COL,a965617f-e037-43fd-a739-ed4b421a83cf,55.41553,-125.30242,12.68918,5.41598,-5.94219,-6.7693,-0.42988,3.86331,-3.89498,,,,,,,,,,,,,,,,,,,,,,,,,,,,,,,,,,,,,,,,,,,,,,,,,,,Medium,Medium,Medium,,,,,
228,2025-03-08,13:08:05.33,2,4,"Woods, Eamonn",1000115603,Right,POM_COL,"Hernandez, Louis",1000292141,Right,MAS_INS,Undefined,6,Top,0,1,2,Curveball,Curveball,BallCalled,Undefined,Undefined,Undefined,0,0,,74.18518,1.219318,-1.642245,2271.361162,14.651723,6:30,5.38379,0.69436,4.73415,-76.83512,-23.38714,-6.56433,0.13828,-1.41109,68.42472,-12.448336,-2.800932,0.526183,,,,,,,,,,,,2.7463,-11.55997,-0.5226,50,5.43698,3.3431,-107.62798,-0.47221,3.18541,20.62548,-45.58236,POM_COL,MAS_INS,PomonaPitzer,D3,Team,20250308-PomonaPitzer-1,6e047d70-fc61-11ef-b7c0-958c15ae1882,71.63367,,,5.76045,,,,,,,935155fd-d532-41e2-8f85-0cab3659d8e5,2025-03-08,21:08:05.33,2025-03-08T13:08:05.3330000-08:00,2025-03-08T21:08:05.3330000Z,,v3,POM_PIT,,,"Lee, Sammy",1000276388,Right,POM_COL,6547b8f2-d77e-4e9e-9154-8c760980658a,55.77282,-108.72864,10.31274,5.39727,1.96025,-22.79118,-0.69647,3.17311,1.5927,,,,,,,,,,,,,,,,,,,,,,,,,,,,,,,,,,,,,,,,,,,,,,,,,,,High,High,High,,,,,
229,2025-03-08,13:08:22.22,2,5,"Woods, Eamonn",1000115603,Right,POM_COL,"Hernandez, Louis",1000292141,Right,MAS_INS,Undefined,6,Top,0,2,2,Fastball,Four-Seam,FoulBallNotFieldable,Undefined,Undefined,Undefined,0,0,,85.33206,-0.920273,0.181298,2089.260251,212.907976,1:00,5.47117,0.53194,5.04163,-20.88844,18.98926,11.4117,2.86226,1.65394,77.47582,-4.827674,2.197169,0.454503,,,,,,,,,,,,-5.68843,10.13067,-0.55909,50,5.36758,-0.8878,-123.73538,-2.68687,-8.74785,26.54935,-16.59478,POM_COL,MAS_INS,PomonaPitzer,D3,Team,20250308-PomonaPitzer-1,780d4ea0-fc61-11ef-b7c0-958c15ae1882,82.93117,,,7.85624,,,,,,,935155fd-d532-41e2-8f85-0cab3659d8e5,2025-03-08,21:08:22.22,2025-03-08T13:08:22.2220000-08:00,2025-03-08T21:08:22.2220000Z,,v3,POM_PIT,,,"Lee, Sammy",1000276388,Right,POM_COL,2d8df1e2-50b0-4b6b-98a9-85c25edcea9f,55.45812,-124.90101,13.27468,5.46955,-1.95829,-8.29739,-0.52855,-0.50372,-4.37393,,,,,,,,,,,,,,,,,,,,,,,,,,,,,,,,,,,,,,,,,,,,,,,,,,,High,High,High,,,,,
230,2025-03-08,13:08:51.34,2,6,"Woods, Eamonn",1000115603,Right,POM_COL,"Hernandez, Louis",1000292141,Right,MAS_INS,Undefined,6,Top,0,2,2,Curveball,Curveball,BallCalled,Undefined,Undefined,Undefined,0,0,,77.48115,3.723402,-0.656685,2273.915239,48.683484,7:30,5.34482,0.91901,4.77564,-59.17515,-10.20134,-13.43213,3.94846,-0.82288,70.4887,-6.931079,-3.015963,0.503679,,,,,,,,,,,,6.36575,-5.59394,-0.84091,50,5.6657,1.85579,-112.1575,5.08448,8.05354,21.57134,-39.25116,POM_COL,MAS_INS,PomonaPitzer,D3,Team,20250308-PomonaPitzer-1,897b4840-fc61-11ef-b7c0-958c15ae1882,74.83432,,,6.99246,,,,,,,935155fd-d532-41e2-8f85-0cab3659d8e5,2025-03-08,21:08:51.34,2025-03-08T13:08:51.3470000-08:00,2025-03-08T21:08:51.3470000Z,,v3,POM_PIT,,,"Lee, Sammy",1000276388,Right,POM_COL,4b1f675c-06e4-4f80-a648-ca425e7bac9a,55.72613,-113.25346,10.78567,5.35672,7.07868,-19.62558,-0.9248,1.44662,4.02677,,,,,,,,,,,,,,,,,,,,,,,,,,,,,,,,,,,,,,,,,,,,,,,,,,,High,High,High,,,,,
231,2025-03-08,13:09:06.41,2,7,"Woods, Eamonn",1000115603,Right,POM_COL,"Hernandez, Louis",1000292141,Right,MAS_INS,Undefined,6,Top,0,3,2,Fastball,Four-Seam,BallCalled,Walk,Undefined,Undefined,0,0,,85.6903,-3.111726,-2.132451,2119.990349,209.429387,1:00,5.41947,0.71011,5.07804,-20.70107,19.0404,9.94036,0.75604,-0.47271,77.71934,-6.974665,-0.375632,0.453726,,,,,,,,,,,,-5.60233,10.82678,-0.51625,50,5.1086,4.17185,-123.94801,-7.42803,-8.63212,26.98456,-15.49204,POM_COL,MAS_INS,PomonaPitzer,D3,Team,20250308-PomonaPitzer-1,92684930-fc61-11ef-b7c0-958c15ae1882,83.07318,,,7.97097,,,,,,,935155fd-d532-41e2-8f85-0cab3659d8e5,2025-03-08,21:09:06.41,2025-03-08T13:09:06.4100000-08:00,2025-03-08T21:09:06.4100000Z,,v3,POM_PIT,,,"Lee, Sammy",1000276388,Right,POM_COL,bdb63402-1882-4520-8cd9-8d9fdf37be24,55.4195,-125.12232,13.49228,5.41718,-6.75385,-7.74602,-0.70597,4.5475,-4.31606,,,,,,,,,,,,,,,,,,,,,,,,,,,,,80.75556,,,1.223877,,,,0.10853,5.38315,1.63633,127.28543,5.49882,2.39497,0.24183,116.21931,-10.25229,5.36645,12.23592,-9.89928,1.57553,-3.64828,3.57595,Medium,Medium,Medium,,,Low,High,High
232,2025-03-08,13:09:35.92,3,1,"Woods, Eamonn",1000115603,Right,POM_COL,"Lee, Hanvin",10135784,Right,MAS_INS,Undefined,6,Top,0,0,0,Fastball,Four-Seam,BallCalled,Undefined,Undefined,Undefined,0,0,,86.1754,-3.025367,-2.531701,2092.594203,205.081423,12:45,5.36656,0.43344,5.24854,-15.80595,23.55371,10.31784,1.20097,-1.08738,77.42911,-6.061212,-0.704211,0.451541,,,,,,,,,,,,-5.97744,13.17851,-0.20893,50,5.07757,5.04448,-124.54021,-7.03109,-9.22457,29.07401,-11.8366,POM_COL,MAS_INS,PomonaPitzer,D3,Team,20250308-PomonaPitzer-1,a3fcb690-fc61-11ef-b7c0-958c15ae1882,83.47512,,,8.7463,,,,,,,935155fd-d532-41e2-8f85-0cab3659d8e5,2025-03-08,21:09:35.92,2025-03-08T13:09:35.9210000-08:00,2025-03-08T21:09:35.9210000Z,,v3,POM_PIT,,,"Lee, Sammy",1000276388,Right,POM_COL,b2bc30b7-f975-4f45-b51b-d6667bccad4a,55.2473,-125.75923,14.53701,5.36197,-6.5348,-5.9183,-0.42854,5.43124,-4.61229,,,,,,,,,,,,,,,,,,,,,,,,,,,,,,,,,,,,,,,,,,,,,,,,,,,High,High,High,,,,,
233,2025-03-08,13:09:51.61,3,2,"Woods, Eamonn",1000115603,Right,POM_COL,"Lee, Hanvin",10135784,Right,MAS_INS,Undefined,6,Top,0,1,0,Fastball,Four-Seam,BallCalled,Undefined,Undefined,Undefined,0,0,,85.02397,0.400385,-1.174535,2164.652222,217.532303,1:15,5.56857,0.82456,5.1444,-20.85611,19.90895,14.05772,4.20763,0.89001,75.64654,-3.569796,1.312764,0.459532,,,,,,,,,,,,-7.31815,10.16823,-0.72568,50,5.59098,1.87258,-122.96533,0.21676,-10.92277,30.10332,-16.99736,POM_COL,MAS_INS,PomonaPitzer,D3,Team,20250308-PomonaPitzer-1,ad5e9960-fc61-11ef-b7c0-958c15ae1882,82.0236,,,9.37743,,,,,,,935155fd-d532-41e2-8f85-0cab3659d8e5,2025-03-08,21:09:51.61,2025-03-08T13:09:51.6130000-08:00,2025-03-08T21:09:51.6130000Z,,v3,POM_PIT,,,"Lee, Sammy",1000276388,Right,POM_COL,d7fc0d23-c4bd-4899-ab32-0d19ea80e4b8,55.34805,-124.26769,15.05166,5.56569,0.95212,-8.49868,-0.81691,2.34513,-5.46138,,,,,,,,,,,,,,,,,,,,,,,,,,,,,,,,,,,,,,,,,,,,,,,,,,,High,High,High,,,,,
234,2025-03-08,13:10:08.75,3,3,"Woods, Eamonn",1000115603,Right,POM_COL,"Lee, Hanvin",10135784,Right,MAS_INS,Undefined,6,Top,0,2,0,Fastball,Four-Seam,InPlay,Undefined,Popup,Out,1,0,,86.0786,-1.494125,-2.106417,2030.274981,213.290592,1:00,5.45899,0.77094,5.28309,-16.88847,22.30285,13.69489,2.64719,-0.06689,77.4572,-4.72806,0.322011,0.450574,81.40755,44.701448,5.387043,,108.37836,97.46086,18.81835,268.12056,263.54647,14.471626,5.592625,-7.55528,12.06512,-0.58939,50,5.31117,3.98141,-124.63346,-3.74673,-11.70097,28.64661,-13.48859,POM_COL,MAS_INS,PomonaPitzer,D3,Team,20250308-PomonaPitzer-1,b78d6920-fc61-11ef-b7c0-958c15ae1882,83.6542,110.45406,,8.6214,,,,1.43678,3.4035,0.15283,935155fd-d532-41e2-8f85-0cab3659d8e5,2025-03-08,21:10:08.75,2025-03-08T13:10:08.7570000-08:00,2025-03-08T21:10:08.7570000Z,FlyBall,v3,POM_PIT,,,"Lee, Sammy",1000276388,Right,POM_COL,9a2947e1-b461-44c1-ad5c-4551e107edfe,55.21435,-125.82625,14.3233,5.45549,-3.18509,-6.74429,-0.76531,4.46862,-5.85049,,1.44001,84.42732,-18.99735,4.58912,-0.63582,-0.00381,0.01806,-0.00262,0.00012,3.40007,84.03863,-18.37314,0.96358,-0.13177,0.00926,0.00492,-0.0013,9E-05,0.15287,7.96583,2.88567,-0.99558,0.22279,-0.03052,0.00161,0.0001,-1E-05,,,,,,,,,,,,,,,,,,,,,,,High,High,High,Low,Medium,,,
235,2025-03-08,13:10:43.78,4,1,"Woods, Eamonn",1000115603,Right,POM_COL,"Severson, Joey",10013601,Right,MAS_INS,Undefined,6,Top,1,0,0,Curveball,Curveball,StrikeCalled,Undefined,Undefined,Undefined,0,0,,74.30746,2.303124,-0.950962,2044.215346,16.342376,6:30,5.41687,0.79509,4.77376,-76.2961,-22.65387,-7.19528,1.24372,-0.70612,67.69967,-11.346966,-2.220402,0.527138,,,,,,,,,,,,3.21457,-11.34221,-0.69324,50,5.57981,2.07796,-107.66567,1.55399,3.70192,21.98951,-45.23579,POM_COL,MAS_INS,PomonaPitzer,D3,Team,20250308-PomonaPitzer-1,cc7d5d90-fc61-11ef-b7c0-958c15ae1882,71.50387,,,6.60779,,,,,,,935155fd-d532-41e2-8f85-0cab3659d8e5,2025-03-08,21:10:43.78,2025-03-08T13:10:43.7820000-08:00,2025-03-08T21:10:43.7820000Z,,v3,POM_PIT,,,"Lee, Sammy",1000276388,Right,POM_COL,06fcc6c4-9aaf-48a8-b38c-088e94597c7b,55.73142,-108.82995,10.99475,5.43412,3.9491,-22.6179,-0.79807,1.88196,1.85096,,,,,,,,,,,,,,,,,,,,,,,,,,,,,,,,,,,,,,,,,,,,,,,,,,,High,High,High,,,,,
236,2025-03-08,13:10:55.98,4,2,"Woods, Eamonn",1000115603,Right,POM_COL,"Severson, Joey",10013601,Right,MAS_INS,Undefined,6,Top,1,0,1,Fastball,Curveball,BallCalled,Undefined,Undefined,Undefined,0,0,,74.34406,-1.404847,-1.02907,2041.058738,6.738686,6:15,5.49604,0.82692,4.9643,-79.07469,-25.50462,-3.24091,-2.42113,-0.41541,68.33457,-15.437222,-1.606977,0.526784,,,,,,,,,,,,1.29083,-12.3343,-0.72446,50,5.2932,2.05382,-107.75235,-5.33093,1.47494,23.62521,-46.26781,POM_COL,MAS_INS,PomonaPitzer,D3,Team,20250308-PomonaPitzer-1,d3b00450-fc61-11ef-b7c0-958c15ae1882,71.55199,,,6.00949,,,,,,,935155fd-d532-41e2-8f85-0cab3659d8e5,2025-03-08,21:10:55.98,2025-03-08T13:10:55.9850000-08:00,2025-03-08T21:10:55.9850000Z,,v3,POM_PIT,,,"Lee, Sammy",1000276388,Right,POM_COL,9ff35fac-975f-43ab-a132-1cda60693ac8,55.54206,-108.9607,11.81261,5.50534,-2.96449,-23.1339,-0.82758,1.97839,0.73747,,,,,,,,,,,,,,,,,,,,,,,,,,,,,,,,,,,,,,,,,,,,,,,,,,,High,High,High,,,,,
237,2025-03-08,13:11:15.35,4,3,"Woods, Eamonn",1000115603,Right,POM_COL,"Severson, Joey",10013601,Right,MAS_INS,Undefined,6,Top,1,1,1,Fastball,Four-Seam,StrikeSwinging,Undefined,Undefined,Undefined,0,0,,85.60948,-0.553846,-2.11744,2129.975744,208.94712,1:00,5.48596,0.65515,5.2222,-18.19497,21.31552,11.02123,3.44863,-0.4181,77.33445,-4.011442,-0.165744,0.452405,,,,,,,,,,,,-6.11355,11.18296,-0.46825,50,5.42191,4.0892,-124.00625,-1.74774,-9.42771,27.03296,-14.9288,POM_COL,MAS_INS,PomonaPitzer,D3,Team,20250308-PomonaPitzer-1,df46c880-fc61-11ef-b7c0-958c15ae1882,83.31566,,,8.27503,,,,,,,935155fd-d532-41e2-8f85-0cab3659d8e5,2025-03-08,21:11:15.35,2025-03-08T13:11:15.3510000-08:00,2025-03-08T21:11:15.3510000Z,,v3,POM_PIT,,,"Lee, Sammy",1000276388,Right,POM_COL,f86b09ba-8a8a-4fe3-bb6b-074344427f3c,55.27364,-125.15061,13.51648,5.48252,-1.11577,-7.4644,-0.6498,4.48829,-4.71385,,,,,,,,,,,,,,,,,,,,,,,,,,,,,80.16482,1.977603,0.752896,1.224707,-0.56639,3.30688,0.42259,-0.0292,5.72557,1.56339,127.28152,2.13722,-0.37719,0.15132,115.3268,-9.40923,5.70896,9.11535,-9.8233,1.5164,-4.0053,2.00834,High,High,High,,,High,Medium,High
238,2025-03-08,13:11:41.09,4,4,"Woods, Eamonn",1000115603,Right,POM_COL,"Severson, Joey",10013601,Right,MAS_INS,Undefined,6,Top,1,1,2,Curveball,Curveball,InPlay,Undefined,GroundBall,Out,1,1,,74.84528,3.02207,-0.267974,2076.045669,40.858146,7:15,5.20964,1.06748,4.99217,-70.8063,-18.49332,-17.55277,2.16522,-0.64828,68.12833,-9.728067,-3.371582,0.520566,73.56636,-55.601643,-58.211936,,,,,3.27358,2.40571,-15.969411,0.026765,8.64713,-9.7106,-1.02643,50,5.44219,1.19667,-108.46756,3.22972,10.14213,21.71534,-43.56349,POM_COL,MAS_INS,PomonaPitzer,D3,Team,20250308-PomonaPitzer-1,eea47fc0-fc61-11ef-b7c0-958c15ae1882,72.4066,2.39049,,6.71695,,,,2.28506,2.39049,0.49056,935155fd-d532-41e2-8f85-0cab3659d8e5,2025-03-08,21:11:41.09,2025-03-08T13:11:41.0960000-08:00,2025-03-08T21:11:41.0960000Z,GroundBall,v3,POM_PIT,,,"Lee, Sammy",1000276388,Right,POM_COL,42af26c3-a7da-47f9-8a53-1d04e89b7030,55.51302,-109.56571,10.85767,5.22315,5.43275,-21.78175,-1.07398,0.68377,5.07106,,2.28462,32.21283,,,,,,,,2.39172,-89.31368,,,,,,,,0.49128,-51.97815,,,,,,,,,,,,,,,,,,,,,,,,,,,,,,High,High,High,Low,Low,,,
239,2025-03-08,13:12:22.58,5,1,"Woods, Eamonn",1000115603,Right,POM_COL,"Del Pino, Maximo",1000182086,Right,MAS_INS,Undefined,6,Top,2,0,0,Fastball,Four-Seam,BallCalled,Undefined,Undefined,Undefined,0,0,,86.02301,-4.834895,-3.209402,2159.050774,207.613947,1:00,5.46104,0.63854,5.24794,-16.08198,23.32104,11.44268,-0.4406,-1.42703,77.99546,-7.883639,-1.184131,0.451789,,,,,,,,,,,,-6.77418,13.61741,-0.35277,50,5.00451,6.46829,-124.12777,-10.99239,-10.46095,27.21813,-11.14553,POM_COL,MAS_INS,PomonaPitzer,D3,Team,20250308-PomonaPitzer-1,07548970-fc62-11ef-b7c0-958c15ae1882,83.42922,,,8.02755,,,,,,,935155fd-d532-41e2-8f85-0cab3659d8e5,2025-03-08,21:12:22.58,2025-03-08T13:12:22.5890000-08:00,2025-03-08T21:12:22.5890000Z,,v3,POM_PIT,,,"Lee, Sammy",1000276388,Right,POM_COL,30e426e7-ff00-4fbe-a3d5-5f81c4510da8,55.25141,-125.27398,13.60907,5.45754,-10.52303,-5.57277,-0.63444,6.90883,-5.23048,,,,,,,,,,,,,,,,,,,,,,,,,,,,,,,,,,,,,,,,,,,,,,,,,,,High,High,High,,,,,
240,2025-03-08,13:12:45.94,5,2,"Woods, Eamonn",1000115603,Right,POM_COL,"Del Pino, Maximo",1000182086,Right,MAS_INS,Undefined,6,Top,2,1,0,Fastball,Four-Seam,FoulBallNotFieldable,Undefined,Undefined,Undefined,0,0,,85.7982,-2.423559,-1.880338,2142.744922,212.913341,1:00,5.42325,0.62469,5.18765,-15.78154,23.95045,14.52139,1.82549,0.06518,77.0496,-5.459413,0.690626,0.453671,,,,,,,,,,,,-7.87386,13.17552,-0.46169,50,5.18711,3.42767,-124.11419,-5.7008,-12.06068,29.01653,-11.99262,POM_COL,MAS_INS,PomonaPitzer,D3,Team,20250308-PomonaPitzer-1,153f9de0-fc62-11ef-b7c0-958c15ae1882,83.08312,,,8.7486,,,,,,,935155fd-d532-41e2-8f85-0cab3659d8e5,2025-03-08,21:12:45.94,2025-03-08T13:12:45.9490000-08:00,2025-03-08T21:12:45.9490000Z,,v3,POM_PIT,,,"Lee, Sammy",1000276388,Right,POM_COL,7c98685d-aa8e-41a5-8a37-6db1ab270f93,55.30919,-125.34928,14.50826,5.4189,-5.19033,-5.99631,-0.61852,3.94104,-6.03034,,,,,,,,,,,,,,,,,,,,,,,,,,,,,,,,,,,,,,,,,,,,,,,,,,,High,High,High,,,,,
241,2025-03-08,13:13:06.93,5,3,"Woods, Eamonn",1000115603,Right,POM_COL,"Del Pino, Maximo",1000182086,Right,MAS_INS,Undefined,6,Top,2,1,1,Fastball,Four-Seam,BallCalled,Undefined,Undefined,Undefined,0,0,,84.60293,0.860707,-1.153271,2166.145086,187.475734,12:15,5.56641,0.77795,5.15408,-17.78237,23.53639,2.86941,4.89501,-0.06873,74.93015,-2.582017,-0.645655,0.462642,,,,,,,,,,,,-1.82614,11.79075,-0.67243,50,5.6343,2.32933,-122.26965,1.34979,-2.68562,30.51487,-14.83409,POM_COL,MAS_INS,PomonaPitzer,D3,Team,20250308-PomonaPitzer-1,21be2a00-fc62-11ef-b7c0-958c15ae1882,81.47217,,,9.67278,,,,,,,935155fd-d532-41e2-8f85-0cab3659d8e5,2025-03-08,21:13:06.93,2025-03-08T13:13:06.9310000-08:00,2025-03-08T21:13:06.9310000Z,,v3,POM_PIT,,,"Lee, Sammy",1000276388,Right,POM_COL,f3cd3938-2a9a-476a-a1a5-b6c06852a13a,55.33663,-123.59434,15.25743,5.56173,1.99375,-7.41704,-0.77608,2.44592,-1.34281,,,,,,,,,,,,,,,,,,,,,,,,,,,,,,,,,,,,,,,,,,,,,,,,,,,High,High,High,,,,,
242,2025-03-08,13:13:21.71,5,4,"Woods, Eamonn",1000115603,Right,POM_COL,"Del Pino, Maximo",1000182086,Right,MAS_INS,Undefined,6,Top,2,2,1,Curveball,Curveball,BallCalled,Undefined,Undefined,Undefined,0,0,,71.44421,4.48029,0.083377,2060.960264,350.056397,5:45,5.43123,0.90293,4.79943,-79.58311,-21.22198,4.09693,3.05333,1.32335,64.4494,-9.826843,0.804441,0.549836,,,,,,,,,,,,-1.95709,-11.09792,-0.91496,50,5.80923,-0.31456,-103.25445,5.283,-2.06851,20.55701,-43.90375,POM_COL,MAS_INS,PomonaPitzer,D3,Team,20250308-PomonaPitzer-1,2aa05580-fc62-11ef-b7c0-958c15ae1882,68.55214,,,6.99481,,,,,,,935155fd-d532-41e2-8f85-0cab3659d8e5,2025-03-08,21:13:21.71,2025-03-08T13:13:21.7170000-08:00,2025-03-08T21:13:21.7170000Z,,v3,POM_PIT,,,"Lee, Sammy",1000276388,Right,POM_COL,05729b68-e95e-4e65-b4cd-7df21d785a9e,55.7043,-104.38395,10.2785,5.45269,7.69526,-21.95187,-0.9008,-0.2009,-1.03426,,,,,,,,,,,,,,,,,,,,,,,,,,,,,,,,,,,,,,,,,,,,,,,,,,,High,High,High,,,,,
243,2025-03-08,13:13:39.25,5,5,"Woods, Eamonn",1000115603,Right,POM_COL,"Del Pino, Maximo",1000182086,Right,MAS_INS,Undefined,6,Top,2,3,1,Fastball,Four-Seam,BallCalled,Walk,Undefined,Undefined,0,0,,85.1699,0.388103,-1.79403,2154.93175,199.744654,12:45,5.40854,0.6329,5.19993,-19.8854,20.48777,6.80146,4.11665,-0.48827,76.09628,-3.400642,-0.590074,0.457317,,,,,,,,,,,,-3.95937,10.47489,-0.47191,50,5.43036,3.54891,-123.21263,0.23295,-5.96295,29.12053,-16.39857,POM_COL,MAS_INS,PomonaPitzer,D3,Team,20250308-PomonaPitzer-1,350eed60-fc62-11ef-b7c0-958c15ae1882,82.42073,,,9.07362,,,,,,,935155fd-d532-41e2-8f85-0cab3659d8e5,2025-03-08,21:13:39.25,2025-03-08T13:13:39.2540000-08:00,2025-03-08T21:13:39.2540000Z,,v3,POM_PIT,,,"Lee, Sammy",1000276388,Right,POM_COL,38fc7071-5d28-4579-87f2-d5600734ad2a,55.293,-124.45731,14.56027,5.40542,0.93387,-8.19929,-0.62905,3.80378,-2.98147,,,,,,,,,,,,,,,,,,,,,,,,,,,,,,,,,,,,,,,,,,,,,,,,,,,High,High,High,,,,,
244,2025-03-08,13:14:05.34,6,1,"Woods, Eamonn",1000115603,Right,POM_COL,"Moore, Jimmy",1000303945,Right,MAS_INS,Undefined,6,Top,2,0,0,Fastball,Four-Seam,StrikeSwinging,Undefined,Undefined,Undefined,0,0,,84.86115,-0.65836,-1.655402,2133.687262,186.624834,12:15,5.49631,0.66406,5.1067,-17.89497,22.68871,2.46221,3.38448,-0.69091,76.30574,-4.071792,-1.220281,0.458508,,,,,,,,,,,,-1.74772,11.88182,-0.50998,50,5.42122,3.43867,-122.83834,-1.9411,-2.63082,27.69993,-14.28853,POM_COL,MAS_INS,PomonaPitzer,D3,Team,20250308-PomonaPitzer-1,448f47d0-fc62-11ef-b7c0-958c15ae1882,82.20669,,,8.55541,,,,,,,935155fd-d532-41e2-8f85-0cab3659d8e5,2025-03-08,21:14:05.34,2025-03-08T13:14:05.3420000-08:00,2025-03-08T21:14:05.3420000Z,,v3,POM_PIT,,,"Lee, Sammy",1000276388,Right,POM_COL,0c3882ee-f26f-4e37-bba6-cc0185a3f25e,55.38777,-124.04732,13.84996,5.49233,-1.31747,-7.14427,-0.66257,3.55349,-1.31541,,,,,,,,,,,,,,,,,,,,,,,,,,,,,,,,,,,,,,,,,,,,,,,,,,,High,High,High,,,,,
245,2025-03-08,13:14:30.22,6,2,"Woods, Eamonn",1000115603,Right,POM_COL,"Moore, Jimmy",1000303945,Right,MAS_INS,Undefined,6,Top,2,0,1,Fastball,Four-Seam,StrikeCalled,Undefined,Undefined,Undefined,0,0,,85.50083,-1.357145,-2.285908,2167.160023,193.68932,12:30,5.41951,0.73372,5.17729,-16.76013,22.88848,5.23764,2.74456,-0.98191,77.40306,-4.54986,-1.359558,0.453195,,,,,,,,,,,,-3.27386,12.17485,-0.52504,50,5.28107,4.70448,-123.8008,-3.42241,-5.04168,26.49885,-13.42494,POM_COL,MAS_INS,PomonaPitzer,D3,Team,20250308-PomonaPitzer-1,53661bd0-fc62-11ef-b7c0-958c15ae1882,83.17045,,,8.09777,,,,,,,935155fd-d532-41e2-8f85-0cab3659d8e5,2025-03-08,21:14:30.22,2025-03-08T13:14:30.2210000-08:00,2025-03-08T21:14:30.2210000Z,,v3,POM_PIT,,,"Lee, Sammy",1000276388,Right,POM_COL,32ec1fa7-4821-4816-a044-266b35de297b,55.31782,-124.93387,13.24942,5.41514,-2.84838,-6.71247,-0.73081,4.92006,-2.52084,,,,,,,,,,,,,,,,,,,,,,,,,,,,,,,,,,,,,,,,,,,,,,,,,,,High,High,High,,,,,
246,2025-03-08,13:14:47.56,6,3,"Woods, Eamonn",1000115603,Right,POM_COL,"Moore, Jimmy",1000303945,Right,MAS_INS,Undefined,6,Top,2,0,2,Curveball,Curveball,StrikeSwinging,Strikeout,Undefined,Undefined,0,0,,76.65827,0.4365,-1.26656,2157.921813,75.433648,8:30,5.3004,1.0245,4.75827,-51.17837,-1.69965,-12.27009,1.44957,-1.19925,70.81381,-8.748974,-3.425352,0.506268,,,,,,,,,,,,5.70382,-0.52669,-0.88596,50,5.29891,2.96101,-111.24634,-1.00428,7.16305,19.56054,-32.83548,POM_COL,MAS_INS,PomonaPitzer,D3,Team,20250308-PomonaPitzer-1,5dc52350-fc62-11ef-b7c0-958c15ae1882,74.45152,,,5.84446,,,,,,,935155fd-d532-41e2-8f85-0cab3659d8e5,2025-03-08,21:14:47.56,2025-03-08T13:14:47.5690000-08:00,2025-03-08T21:14:47.5690000Z,,v3,POM_PIT,,,"Lee, Sammy",1000276388,Right,POM_COL,5f632e22-024b-4a23-824c-0bf8dc4ce8bd,55.74314,-112.25162,9.78027,5.30716,0.68324,-16.41774,-1.02868,2.59288,3.58153,,,,,,,,,,,,,,,,,,,,,,,,,,,,,,,,,,,,,,,,,,,,,,,,,,,High,High,High,,,,,
247,2025-03-08,13:17:13.44,1,1,"Finnegan, Jack",1000292134,Right,MAS_INS,"Gold, Jack",1000108729,Left,POM_COL,Undefined,6,Bottom,0,0,0,Fastball,Changeup,StrikeSwinging,Undefined,Undefined,Undefined,0,0,,77.68065,-0.657415,-4.355847,2141.351578,229.254697,1:45,5.05696,3.13575,4.88538,-33.53647,15.00891,15.49552,1.63847,0.2982,70.73316,-6.805274,-1.635828,0.501471,,,,,,,,,,,,-8.87217,8.07422,-2.72129,50,4.96467,7.90567,-112.29489,-2.41714,-11.28607,21.05334,-21.90302,POM_COL,MAS_INS,PomonaPitzer,D3,Team,20250308-PomonaPitzer-1,b4ba7d90-fc62-11ef-b7c0-958c15ae1882,75.16381,,,6.94749,,,,,,,935155fd-d532-41e2-8f85-0cab3659d8e5,2025-03-08,21:17:13.44,2025-03-08T13:17:13.4480000-08:00,2025-03-08T21:17:13.4480000Z,,v3,POM_PIT,,,"Lee, Hanvin",10135784,Right,MAS_INS,db946df5-2b2b-48ee-b451-b700007dbf1e,55.61191,-113.34215,10.52667,5.05781,-1.32762,-10.95151,-3.1285,8.46707,-5.64303,,,,,,,,,,,,,,,,,,,,,,,,,,,,,,,,,,,,,,,,,,,,,,,,,,,High,High,High,,,,,
248,2025-03-08,13:17:29.83,1,2,"Finnegan, Jack",1000292134,Right,MAS_INS,"Gold, Jack",1000108729,Left,POM_COL,Undefined,6,Bottom,0,0,1,ChangeUp,Changeup,InPlay,Undefined,Popup,Out,1,0,,72.33975,0.755857,-4.698343,1405.172159,245.261245,2:15,4.8277,3.01899,4.59182,-50.19664,7.61174,11.50536,1.36607,-0.50125,64.79749,-8.361055,-2.691099,0.547226,30.3685,-25.694884,140.460601,,,,,2.50962,2.50962,84.593612,0.079636,-7.28552,4.04992,-2.5444,50,4.86021,8.10779,-104.23672,-0.30134,-7.81575,21.59411,-27.82935,POM_COL,MAS_INS,PomonaPitzer,D3,Team,20250308-PomonaPitzer-1,be87cc60-fc62-11ef-b7c0-958c15ae1882,68.8791,1.55664,,7.54225,,,,2.7314,1.55664,0.4389,935155fd-d532-41e2-8f85-0cab3659d8e5,2025-03-08,21:17:29.83,2025-03-08T13:17:29.8350000-08:00,2025-03-08T21:17:29.8350000Z,GroundBall,v3,POM_PIT,,,"Lee, Hanvin",10135784,Right,MAS_INS,25d839f1-3148-4c39-bbf1-c2f24c31f4f1,55.9043,-105.45278,10.79706,4.83305,1.26586,-13.91468,-3.01339,8.54794,-3.90788,,2.73623,-31.32942,,,,,,,,1.55965,-19.54699,,,,,,,,0.43491,25.86218,,,,,,,,,,,,,,,,,,,,,,,,,,,,,,High,High,High,Estimated,Estimated,,,
249,2025-03-08,13:18:37.93,2,1,"Finnegan, Jack",1000292134,Right,MAS_INS,"Berry, Cooper",1000276381,Left,POM_COL,Undefined,6,Bottom,1,0,0,ChangeUp,Changeup,FoulBallNotFieldable,Undefined,Undefined,Undefined,0,0,,72.98226,1.267159,-4.30689,1357.92806,229.114015,1:45,4.69661,3.01164,4.73679,-43.48447,11.83572,11.5217,2.2786,-0.12167,66.45073,-6.645459,-2.291509,0.53532,,,,,,,,,,,,-6.94335,5.94347,-2.58808,50,4.78658,7.49468,-105.48006,0.91149,-7.78871,18.66636,-25.50693,POM_COL,MAS_INS,PomonaPitzer,D3,Team,20250308-PomonaPitzer-1,e719d880-fc62-11ef-b7c0-958c15ae1882,70.41108,,,6.53152,,,,,,,935155fd-d532-41e2-8f85-0cab3659d8e5,2025-03-08,21:18:37.93,2025-03-08T13:18:37.9340000-08:00,2025-03-08T21:18:37.9340000Z,,v3,POM_PIT,,,"Lee, Hanvin",10135784,Right,MAS_INS,a0368985-7de2-4c5c-82f2-fa25250440d7,55.76196,-106.49485,9.33318,4.69933,2.29816,-12.75346,-3.00704,7.91811,-3.89436,,,,,,,,,,,,,,,,,,,,,,,,,,,,,,,,,,,,,,,,,,,,,,,,,,,High,High,High,,,,,
250,2025-03-08,13:18:55.37,2,2,"Finnegan, Jack",1000292134,Right,MAS_INS,"Berry, Cooper",1000276381,Left,POM_COL,Undefined,6,Bottom,1,0,1,Fastball,Changeup,BallCalled,Undefined,Undefined,Undefined,0,0,,79.45134,0.912504,-2.340778,2189.122975,228.565299,1:30,4.9422,3.09285,4.73589,-33.11069,13.27446,13.32422,3.04944,1.98134,72.38256,-5.148182,-0.002604,0.490186,,,,,,,,,,,,-7.12701,6.70618,-2.86923,50,5.00557,4.11653,-115.06894,0.66381,-9.54624,21.54979,-23.19151,POM_COL,MAS_INS,PomonaPitzer,D3,Team,20250308-PomonaPitzer-1,f1778070-fc62-11ef-b7c0-958c15ae1882,76.89418,,,7.06878,,,,,,,935155fd-d532-41e2-8f85-0cab3659d8e5,2025-03-08,21:18:55.37,2025-03-08T13:18:55.3730000-08:00,2025-03-08T21:18:55.3730000Z,,v3,POM_PIT,,,"Lee, Hanvin",10135784,Right,MAS_INS,b3f01e9a-f959-4cc9-ab0f-47e88a5a55b2,55.76035,-116.14271,10.7749,4.94371,1.81938,-11.59575,-3.0862,4.5922,-4.77312,,,,,,,,,,,,,,,,,,,,,,,,,,,,,,,,,,,,,,,,,,,,,,,,,,,High,High,High,,,,,
251,2025-03-08,13:19:09.91,2,3,"Finnegan, Jack",1000292134,Right,MAS_INS,"Berry, Cooper",1000276381,Left,POM_COL,Undefined,6,Bottom,1,1,1,ChangeUp,Changeup,BallCalled,Undefined,Undefined,Undefined,0,0,,72.77165,1.027778,-5.34331,1384.975118,266.330631,3:00,4.68284,3.07136,4.61472,-54.18125,3.06213,11.85879,1.1493,-1.03551,65.14514,-8.777363,-3.276569,0.544545,,,,,,,,,,,,-7.63516,1.81055,-2.53189,50,4.73984,9.31079,-104.7374,0.02574,-8.2661,21.87207,-30.21387,POM_COL,MAS_INS,PomonaPitzer,D3,Team,20250308-PomonaPitzer-1,fa26b510-fc62-11ef-b7c0-958c15ae1882,69.21818,,,7.62651,,,,,,,935155fd-d532-41e2-8f85-0cab3659d8e5,2025-03-08,21:19:09.91,2025-03-08T13:19:09.9170000-08:00,2025-03-08T21:19:09.9170000Z,,v3,POM_PIT,,,"Lee, Hanvin",10135784,Right,MAS_INS,fe83e877-ae6f-4a0e-aa3e-3abb32ba69e1,55.88029,-105.95825,10.93603,4.69134,1.71221,-15.10693,-3.06448,9.77219,-4.13305,,,,,,,,,,,,,,,,,,,,,,,,,,,,,,,,,,,,,,,,,,,,,,,,,,,High,High,High,,,,,
252,2025-03-08,13:19:26.46,2,4,"Finnegan, Jack",1000292134,Right,MAS_INS,"Berry, Cooper",1000276381,Left,POM_COL,Undefined,6,Bottom,1,2,1,Fastball,Changeup,InPlay,Undefined,LineDrive,Single,0,0,,78.95702,0.914222,-4.170317,2269.799306,221.71332,1:30,5.05321,3.12219,5.05999,-33.51903,13.65154,10.62103,3.12444,0.06766,70.99719,-5.285581,-2.301241,0.494319,99.51986,14.47311,29.543264,2307.599165,93.00986,17.99,58.72863,210.98116,210.98116,35.596506,1.867481,-6.62099,6.96055,-2.73397,50,5.11449,7.87394,-114.05071,0.71592,-8.58665,23.98703,-23.14701,POM_COL,MAS_INS,PomonaPitzer,D3,Team,20250308-PomonaPitzer-1,0408eb70-fc63-11ef-b7c0-958c15ae1882,76.25129,17.98525,,7.95982,,,,1.18137,3.16035,-0.13846,935155fd-d532-41e2-8f85-0cab3659d8e5,2025-03-08,21:19:26.46,2025-03-08T13:19:26.4640000-08:00,2025-03-08T21:19:26.4640000Z,LineDrive,v3,POM_PIT,,,"Lee, Hanvin",10135784,Right,MAS_INS,13e539ac-4c5c-4938-a0a3-cb87516bfe01,55.4364,-115.18842,11.99351,5.0545,1.81378,-11.57351,-3.11708,8.2812,-4.29332,,1.1814,122.95271,-23.01454,4.59117,-0.90041,0.02928,0.06722,-0.02196,0.00202,3.16036,36.47903,-24.71066,3.27024,-0.72877,0.12311,-0.00453,-0.00219,0.00019,-0.13851,69.6907,-2.14059,0.21327,-0.38026,0.4107,-0.23379,0.0638,-0.00653,,,,,,,,,,,,,,,,,,,,,,,Medium,Medium,Medium,High,High,,,
253,2025-03-08,13:19:58.63,3,1,"Finnegan, Jack",1000292134,Right,MAS_INS,"Morgan, Ben",1000115622,Left,POM_COL,Undefined,6,Bottom,1,0,0,Fastball,Changeup,FoulBallNotFieldable,Undefined,Undefined,Undefined,0,0,,78.24675,0.936921,-3.272194,2069.808845,243.970685,2:15,4.98222,2.6366,4.59107,-39.61695,9.17126,15.09371,2.57355,0.77853,70.44669,-6.285447,-0.632585,0.502723,72.34413,57.860936,-52.449948,,45.08579,90.12393,-100.33576,182.45253,87.38138,-69.360278,4.541598,-8.41095,4.67138,-2.31341,50,5.0431,5.80876,-113.06271,0.42419,-10.72226,23.53289,-26.21896,POM_COL,MAS_INS,PomonaPitzer,D3,Team,20250308-PomonaPitzer-1,172e8020-fc63-11ef-b7c0-958c15ae1882,74.97656,90.76149,,7.80006,,,,1.52739,1.48015,-1.03279,935155fd-d532-41e2-8f85-0cab3659d8e5,2025-03-08,21:19:58.63,2025-03-08T13:19:58.6300000-08:00,2025-03-08T21:19:58.6300000Z,Popup,v3,POM_PIT,,,"Lee, Hanvin",10135784,Right,MAS_INS,5c35386c-ab38-48b8-a239-bbb6d9998852,55.90577,-114.28533,11.76645,4.98568,1.78636,-13.10948,-2.62967,6.36582,-5.36113,,1.54154,34.05672,-10.51444,0.63213,1.97047,-1.23946,0.34525,-0.04635,0.00243,1.48756,89.68597,-26.72279,2.14527,0.2732,-0.2471,0.04837,-0.00264,-9E-05,-1.03043,-44.83282,0.00511,0.2446,0.7793,-0.6407,0.22024,-0.03518,0.00214,,,,,,,,,,,,,,,,,,,,,,,High,High,High,Medium,Low,,,
254,2025-03-08,13:20:23.83,3,2,"Finnegan, Jack",1000292134,Right,MAS_INS,"Morgan, Ben",1000115622,Left,POM_COL,Undefined,6,Bottom,1,0,1,ChangeUp,Changeup,InPlay,Undefined,GroundBall,Out,1,0,,72.97823,2.203414,-3.244006,1565.511383,279.03531,3:15,4.78515,2.68512,4.56082,-56.09279,0.47142,10.72717,2.21219,0.48836,65.48439,-7.943872,-1.369142,0.541305,79.16421,-22.685349,27.201454,,,,,7.75473,7.27357,17.28368,0.056156,-6.34445,0.05181,-2.35897,50,4.96199,5.53461,-105.32955,2.10688,-6.97006,21.57353,-32.11715,POM_COL,MAS_INS,PomonaPitzer,D3,Team,20250308-PomonaPitzer-1,263b5840-fc63-11ef-b7c0-958c15ae1882,69.63248,2.52164,,7.49385,,,,2.03923,2.52164,-0.45363,935155fd-d532-41e2-8f85-0cab3659d8e5,2025-03-08,21:20:23.83,2025-03-08T13:20:23.8380000-08:00,2025-03-08T21:20:23.8380000Z,GroundBall,v3,POM_PIT,,,"Lee, Hanvin",10135784,Right,MAS_INS,91cd3d94-8138-4bf4-bd60-93a56b4b68ad,55.93662,-106.53855,10.78677,4.79349,3.90674,-16.05858,-2.68008,5.92522,-3.48503,180,2.03682,95.54395,,,,,,,,2.52277,-44.90441,,,,,,,,-0.45487,49.10599,,,,,,,,,,,,,,,,,,,,,,,,,,,,,,High,High,High,Low,Low,,,
255,2025-03-08,13:20:56.97,4,1,"Finnegan, Jack",1000292134,Right,MAS_INS,"DeGrazia, Tanner",1000214434,Right,POM_COL,Undefined,6,Bottom,2,0,0,Slider,Curveball,HitByPitch,Undefined,Undefined,Undefined,0,0,,67.38142,4.676063,1.156566,2143.568418,107.583961,9:30,4.63875,2.55944,4.31852,-59.25066,6.95217,-14.8754,4.18216,2.42559,60.97827,-6.01273,-1.4305,0.585612,,,,,,,,,,,,7.51292,2.58288,-2.6681,50,5.0858,-1.39206,-97.23543,6.02259,7.1414,16.26349,-29.71888,POM_COL,MAS_INS,PomonaPitzer,D3,Team,20250308-PomonaPitzer-1,39fcb7c0-fc63-11ef-b7c0-958c15ae1882,64.36422,,,6.40315,,,,,,,935155fd-d532-41e2-8f85-0cab3659d8e5,2025-03-08,21:20:56.97,2025-03-08T13:20:56.9770000-08:00,2025-03-08T21:20:56.9770000Z,,v3,POM_PIT,,,"Lee, Hanvin",10135784,Right,MAS_INS,26b850a9-8989-490c-91de-d6248687ec35,56.17923,-98.26352,8.13175,4.64571,7.90127,-14.85944,-2.56584,-1.8435,3.5707,,,,,,,,,,,,,,,,,,,,,,,,,,,,,,,,,,,,,,,,,,,,,,,,,,,High,High,High,,,,,
256,2025-03-08,13:21:24.11,5,1,"Finnegan, Jack",1000292134,Right,MAS_INS,"Zerger, Justin",10051439,Right,POM_COL,Undefined,6,Bottom,2,0,0,Fastball,Changeup,InPlay,Undefined,GroundBall,Single,0,1,,79.45926,-0.181669,-2.762357,2189.840475,228.491766,1:30,5.10877,2.53874,4.68136,-33.98687,12.72839,12.56493,2.10381,0.96059,72.18833,-6.390749,-0.559481,0.491927,94.04805,7.512303,-37.376034,3165.851374,,,,104.4285,104.4285,-39.19472,0.832497,-7.03449,6.73111,-2.2699,50,5.06029,5.01482,-115.02335,-1.57178,-9.35473,22.80377,-23.22276,POM_COL,MAS_INS,PomonaPitzer,D3,Team,20250308-PomonaPitzer-1,4a1ef780-fc63-11ef-b7c0-958c15ae1882,76.62199,5.44281,,7.27093,,,,3.04903,2.44643,-1.2048,935155fd-d532-41e2-8f85-0cab3659d8e5,2025-03-08,21:21:24.11,2025-03-08T13:21:24.1130000-08:00,2025-03-08T21:21:24.1130000Z,GroundBall,v3,POM_PIT,,,"Lee, Hanvin",10135784,Right,MAS_INS,940e93ee-a15c-4da1-8dad-926342c8baf0,55.8176,-116.17098,11.40189,5.10998,-0.40306,-11.61138,-2.53413,5.48561,-4.67737,,3.04903,108.6733,-19.44773,1.77692,-0.31169,0.04133,-0.00151,-0.00048,0.00015,2.44643,18.03375,-28.67481,4.90402,-1.05261,0.26714,-0.06012,0.0118,-0.00153,-1.2048,-83.01501,6.4585,-0.29877,0.03105,0.00696,-0.00462,0.00108,-0.00013,,,,,,,,,,,,,,,,,,,,,,,High,High,High,High,High,,,
257,2025-03-08,13:22:06.96,6,1,"Finnegan, Jack",1000292134,Right,MAS_INS,"Nahabedian, George",1000214430,Right,POM_COL,Undefined,6,Bottom,2,0,0,Fastball,Changeup,StrikeCalled,Undefined,Undefined,Undefined,0,0,,78.07876,0.723725,-3.154934,2131.040368,237.789274,2:00,5.16072,2.6489,4.65706,-37.11356,11.48634,15.51229,2.75658,0.94123,70.65644,-6.054531,-0.438316,0.501752,,,,,,,,,,,,-8.49654,5.89548,-2.34136,50,5.2018,5.54938,-112.90797,0.11359,-10.86725,22.32221,-24.6336,POM_COL,MAS_INS,PomonaPitzer,D3,Team,20250308-PomonaPitzer-1,63b123d0-fc63-11ef-b7c0-958c15ae1882,75.12168,,,7.42232,,,,,,,935155fd-d532-41e2-8f85-0cab3659d8e5,2025-03-08,21:22:06.96,2025-03-08T13:22:06.9660000-08:00,2025-03-08T21:22:06.9660000Z,,v3,POM_PIT,,,"Lee, Hanvin",10135784,Right,MAS_INS,a50571aa-b780-427c-bbe0-add311b46be0,55.83925,-114.05657,11.16111,5.16335,1.38111,-12.3168,-2.64129,6.10856,-5.43363,,,,,,,,,,,,,,,,,,,,,,,,,,,,,,,,,,,,,,,,,,,,,,,,,,,High,High,High,,,,,
258,2025-03-08,13:22:21.30,6,2,"Finnegan, Jack",1000292134,Right,MAS_INS,"Nahabedian, George",1000214430,Right,POM_COL,Undefined,6,Bottom,2,0,1,Slider,Curveball,BallCalled,Undefined,Undefined,Undefined,0,0,,68.55828,2.714973,-2.517211,2178.967131,116.948695,10:00,4.72586,2.59273,4.41208,-52.0233,11.81024,-18.94017,2.98599,-1.38939,62.24245,-6.698991,-5.810752,0.575037,,,,,,,,,,,,8.32272,5.54004,-2.30509,50,4.96535,5.0936,-99.01607,3.01604,8.16968,17.46927,-26.73587,POM_COL,MAS_INS,PomonaPitzer,D3,Team,20250308-PomonaPitzer-1,6c3f8a00-fc63-11ef-b7c0-958c15ae1882,65.54783,,,6.31583,,,,,,,935155fd-d532-41e2-8f85-0cab3659d8e5,2025-03-08,21:22:21.30,2025-03-08T13:22:21.3090000-08:00,2025-03-08T21:22:21.3090000Z,,v3,POM_PIT,,,"Lee, Hanvin",10135784,Right,MAS_INS,ae6376a6-a376-4c8e-8fbf-86a923e32be0,56.08327,-100.08358,8.73464,4.73113,4.64981,-13.36794,-2.6011,4.59437,4.08484,,,,,,,,,,,,,,,,,,,,,,,,,,,,,,,,,,,,,,,,,,,,,,,,,,,High,High,High,,,,,
259,2025-03-08,13:22:38.89,6,3,"Finnegan, Jack",1000292134,Right,MAS_INS,"Nahabedian, George",1000214430,Right,POM_COL,Undefined,6,Bottom,2,1,1,Fastball,Changeup,FoulBallNotFieldable,Undefined,Undefined,Undefined,0,0,,79.24291,0.349641,-4.940269,2278.43056,239.066059,2:00,5.20345,2.46032,4.70151,-34.91486,12.46068,17.9184,2.62703,-0.74777,71.48233,-6.041378,-1.810283,0.495391,,,,,,,,,,,,-10.35398,6.46252,-1.97583,50,5.20849,9.11579,-114.36374,-0.52995,-13.55278,23.38733,-23.71499,POM_COL,MAS_INS,PomonaPitzer,D3,Team,20250308-PomonaPitzer-1,76b37910-fc63-11ef-b7c0-958c15ae1882,76.08619,,,7.76059,,,,,,,935155fd-d532-41e2-8f85-0cab3659d8e5,2025-03-08,21:22:38.89,2025-03-08T13:22:38.8940000-08:00,2025-03-08T21:22:38.8940000Z,,v3,POM_PIT,,,"Lee, Hanvin",10135784,Right,MAS_INS,0548b280-458f-4266-9f17-890206cc9eea,55.79676,-115.54309,11.69366,5.20506,0.66593,-11.85749,-2.45275,9.79922,-6.77639,,,,,,,,,,,,,,,,,,,,,,,,,,,,,,,,,,,,,,,,,,,,,,,,,,,High,High,High,,,,,
260,2025-03-08,13:23:02.27,6,4,"Finnegan, Jack",1000292134,Right,MAS_INS,"Nahabedian, George",1000214430,Right,POM_COL,Undefined,6,Bottom,2,1,2,Slider,Curveball,StrikeSwinging,Strikeout,Undefined,Undefined,0,0,,66.65659,3.20207,-0.947112,2265.238697,89.041946,9:00,4.67088,2.51963,4.42968,-65.8372,2.13339,-22.51419,2.24287,-0.26019,60.18657,-8.666488,-4.874647,0.593379,,,,,,,,,,,,10.50725,0.72213,-2.39573,50,4.94754,2.45081,-96.26763,3.2564,9.65594,17.83233,-31.51044,POM_COL,MAS_INS,PomonaPitzer,D3,Team,20250308-PomonaPitzer-1,84b0dd00-fc63-11ef-b7c0-958c15ae1882,63.52174,,,6.47002,,,,,,,935155fd-d532-41e2-8f85-0cab3659d8e5,2025-03-08,21:23:02.27,2025-03-08T13:23:02.2780000-08:00,2025-03-08T21:23:02.2780000Z,,v3,POM_PIT,,,"Lee, Hanvin",10135784,Right,MAS_INS,f7bb55a4-099b-495b-91c7-e2b04c0b88d6,56.06774,-97.38512,8.91617,4.6816,5.23104,-15.75522,-2.53035,1.84572,4.82797,,,,,,,,,,,,,,,,,,,,,,,,,,,,,,,,,,,,,,,,,,,,,,,,,,,High,High,High,,,,,
261,2025-03-08,13:24:55.44,1,1,"Woods, Eamonn",1000115603,Right,POM_COL,"Moore, Eitan",1000292133,Right,MAS_INS,Undefined,7,Top,0,0,0,Fastball,Four-Seam,BallCalled,Undefined,Undefined,Undefined,0,0,,83.9207,-2.683597,-2.057636,2070.770802,181.130887,12:00,5.42261,0.64821,5.18386,-19.24068,22.59048,0.41295,1.29089,-1.25414,75.04985,-6.344943,-1.984562,0.465502,,,,,,,,,,,,-0.91658,12.6169,-0.45727,50,5.15931,4.33638,-121.21187,-6.24436,-1.33192,28.827,-13.83967,POM_COL,MAS_INS,PomonaPitzer,D3,Team,20250308-PomonaPitzer-1,c81843d0-fc63-11ef-b7c0-958c15ae1882,80.97162,,,8.87086,,,,,,,935155fd-d532-41e2-8f85-0cab3659d8e5,2025-03-08,21:24:55.44,2025-03-08T13:24:55.4440000-08:00,2025-03-08T21:24:55.4440000Z,,v3,POM_PIT,,,"Morgan, Ben",1000115622,Right,POM_COL,ed70814d-a033-4f97-865e-181f3f49a3d4,55.30869,-122.46789,14.4135,5.41824,-5.64135,-6.91984,-0.64748,4.39442,-0.66596,,,,,,,,,,,,,,,,,,,,,,,,,,,,,,,,,,,,,,,,,,,,,,,,,,,High,High,High,,,,,
262,2025-03-08,13:25:07.34,1,2,"Woods, Eamonn",1000115603,Right,POM_COL,"Moore, Eitan",1000292133,Right,MAS_INS,Undefined,7,Top,0,1,0,Fastball,Four-Seam,FoulBallNotFieldable,Undefined,Undefined,Undefined,0,0,,84.19261,-1.127438,-1.718896,2052.534815,186.137531,12:15,5.5186,0.87041,5.18478,-19.47966,22.05812,2.19362,2.83395,-0.56447,75.03674,-4.850434,-1.330666,0.463867,,,,,,,,,,,,-1.69701,11.83745,-0.71243,50,5.40013,3.55571,-121.73435,-2.97097,-2.48153,29.58697,-14.86432,POM_COL,MAS_INS,PomonaPitzer,D3,Team,20250308-PomonaPitzer-1,cf3036a0-fc63-11ef-b7c0-958c15ae1882,81.25707,,,9.15587,,,,,,,935155fd-d532-41e2-8f85-0cab3659d8e5,2025-03-08,21:25:07.34,2025-03-08T13:25:07.3460000-08:00,2025-03-08T21:25:07.3460000Z,,v3,POM_PIT,,,"Morgan, Ben",1000115622,Right,POM_COL,1279a259-8a82-4a3d-86a4-5ebc6b913982,55.30896,-123.0179,14.79348,5.51503,-2.32613,-7.43216,-0.86902,3.66337,-1.24076,,,,,,,,,,,,,,,,,,,,,,,,,,,,,,,,,,,,,,,,,,,,,,,,,,,High,High,High,,,,,
263,2025-03-08,13:25:24.40,1,3,"Woods, Eamonn",1000115603,Right,POM_COL,"Moore, Eitan",1000292133,Right,MAS_INS,Undefined,7,Top,0,1,1,Curveball,Curveball,StrikeCalled,Undefined,Undefined,Undefined,0,0,,72.02989,2.275498,-0.57455,2210.131048,38.497828,7:15,5.37006,0.82671,4.53279,-71.91287,-14.6878,-13.20438,1.54532,-0.82076,65.95728,-10.556559,-2.891225,0.544458,,,,,,,,,,,,6.27807,-7.3752,-0.75339,50,5.53845,1.56927,-104.37359,1.58769,6.84765,19.4091,-40.21837,POM_COL,MAS_INS,PomonaPitzer,D3,Team,20250308-PomonaPitzer-1,d967b8f0-fc63-11ef-b7c0-958c15ae1882,69.22926,,,6.07261,,,,,,,935155fd-d532-41e2-8f85-0cab3659d8e5,2025-03-08,21:25:24.40,2025-03-08T13:25:24.4050000-08:00,2025-03-08T21:25:24.4050000Z,,v3,POM_PIT,,,"Morgan, Ben",1000115622,Right,POM_COL,0130975a-defb-4c6b-a33c-3c8ac88e341e,55.97132,-105.47816,9.70455,5.38297,3.87652,-20.10919,-0.8316,1.17957,3.42383,,,,,,,,,,,,,,,,,,,,,,,,,,,,,,,,,,,,,,,,,,,,,,,,,,,High,High,High,,,,,
264,2025-03-08,13:25:40.53,1,4,"Woods, Eamonn",1000115603,Right,POM_COL,"Moore, Eitan",1000292133,Right,MAS_INS,Undefined,7,Top,0,1,2,Slider,Curveball,StrikeSwinging,Strikeout,Undefined,Undefined,0,0,,76.79314,-0.353727,-1.704187,2173.225847,61.334054,8:00,5.15161,1.03926,4.78516,-55.00873,-4.73162,-11.96883,0.23214,-1.57386,69.83761,-10.239558,-3.812802,0.510336,,,,,,,,,,,,5.33925,-1.72831,-0.85791,50,5.06825,3.8003,-111.17471,-2.67628,6.55428,23.49472,-34.29568,POM_COL,MAS_INS,PomonaPitzer,D3,Team,20250308-PomonaPitzer-1,e2fb3310-fc63-11ef-b7c0-958c15ae1882,73.85803,,,6.95553,,,,,,,935155fd-d532-41e2-8f85-0cab3659d8e5,2025-03-08,21:25:40.53,2025-03-08T13:25:40.5380000-08:00,2025-03-08T21:25:40.5380000Z,,v3,POM_PIT,,,"Morgan, Ben",1000115622,Right,POM_COL,88d33651-aa7c-4209-adba-87a613a6c74d,55.71441,-112.37586,11.74736,5.16026,-0.92294,-17.14784,-1.04363,3.46521,3.27714,,,,,,,,,,,,,,,,,,,,,,,,,,,,,,,,,,,,,,,,,,,,,,,,,,,High,High,High,,,,,
265,2025-03-08,13:26:12.15,2,1,"Woods, Eamonn",1000115603,Right,POM_COL,"Moore, Zev",1000292151,Right,MAS_INS,Undefined,7,Top,1,0,0,Slider,Curveball,BallCalled,Undefined,Undefined,Undefined,0,0,,77.66536,0.384851,-0.301594,2013.420874,57.895041,8:00,5.25921,1.07915,4.61351,-52.3005,-3.47543,-8.08996,1.26677,0.11823,71.15157,-8.997168,-1.722715,0.502913,,,,,,,,,,,,3.88071,-1.38323,-1.04015,50,5.25028,0.9339,-112.6049,-1.19856,4.95272,21.59678,-33.93936,POM_COL,MAS_INS,PomonaPitzer,D3,Team,20250308-PomonaPitzer-1,f5d036c0-fc63-11ef-b7c0-958c15ae1882,74.94824,,,6.5138,,,,,,,935155fd-d532-41e2-8f85-0cab3659d8e5,2025-03-08,21:26:12.15,2025-03-08T13:26:12.1550000-08:00,2025-03-08T21:26:12.1550000Z,,v3,POM_PIT,,,"Morgan, Ben",1000115622,Right,POM_COL,519286b5-da21-4f9d-83b8-2c640b3c3c5a,55.88706,-113.72839,10.79839,5.2667,0.567,-16.96968,-1.08204,0.67625,2.47636,,,,,,,,,,,,,,,,,,,,,,,,,,,,,,,,,,,,,,,,,,,,,,,,,,,High,High,High,,,,,
266,2025-03-08,13:26:26.85,2,2,"Woods, Eamonn",1000115603,Right,POM_COL,"Moore, Zev",1000292151,Right,MAS_INS,Undefined,7,Top,1,1,0,Fastball,Four-Seam,BallCalled,Undefined,Undefined,Undefined,0,0,,84.77292,-0.21611,-1.497585,2197.150113,181.649296,12:00,5.41967,0.7693,5.10642,-17.09808,23.13289,0.62764,3.79114,-0.58974,76.98329,-3.464967,-1.386672,0.456512,,,,,,,,,,,,-0.74323,11.92623,-0.62862,50,5.3867,3.18433,-122.87805,-0.96969,-1.13193,25.22934,-14.01033,POM_COL,MAS_INS,PomonaPitzer,D3,Team,20250308-PomonaPitzer-1,fe8b0420-fc63-11ef-b7c0-958c15ae1882,82.56623,,,7.78964,,,,,,,935155fd-d532-41e2-8f85-0cab3659d8e5,2025-03-08,21:26:26.85,2025-03-08T13:26:26.8570000-08:00,2025-03-08T21:26:26.8570000Z,,v3,POM_PIT,,,"Morgan, Ben",1000115622,Right,POM_COL,8941ee96-4632-4ca7-ab5f-1b006adf8ecb,55.38948,-123.97969,12.61467,5.41569,-0.35793,-7.00516,-0.76874,3.23375,-0.56597,,,,,,,,,,,,,,,,,,,,,,,,,,,,,,,,,,,,,,,,,,,,,,,,,,,High,High,High,,,,,
267,2025-03-08,13:26:43.65,2,3,"Woods, Eamonn",1000115603,Right,POM_COL,"Moore, Zev",1000292151,Right,MAS_INS,Undefined,7,Top,1,2,0,Fastball,Four-Seam,BallCalled,Undefined,Undefined,Undefined,0,0,,85.34883,-2.976802,-1.570573,2133.525929,209.049285,1:00,5.35569,0.67443,5.2749,-19.8754,19.5467,10.12961,0.89985,0.04302,77.99824,-6.690608,0.226836,0.451899,,,,,,,,,,,,-5.54473,11.03363,-0.53884,50,5.06947,2.95615,-123.66545,-7.06981,-8.57017,25.09996,-15.12005,POM_COL,MAS_INS,PomonaPitzer,D3,Team,20250308-PomonaPitzer-1,0891b270-fc64-11ef-b7c0-958c15ae1882,83.40899,,,7.35059,,,,,,,935155fd-d532-41e2-8f85-0cab3659d8e5,2025-03-08,21:26:43.65,2025-03-08T13:26:43.6580000-08:00,2025-03-08T21:26:43.6580000Z,,v3,POM_PIT,,,"Morgan, Ben",1000115622,Right,POM_COL,742c03c4-ad93-42d8-b1cf-109d9051008e,55.22424,-124.72129,12.54998,5.35348,-6.43378,-7.56003,-0.67077,3.31665,-4.28509,,,,,,,,,,,,,,,,,,,,,,,,,,,,,,,,,,,,,,,,,,,,,,,,,,,High,High,High,,,,,
268,2025-03-08,13:26:57.93,2,4,"Woods, Eamonn",1000115603,Right,POM_COL,"Moore, Zev",1000292151,Right,MAS_INS,Undefined,7,Top,1,3,0,Fastball,Four-Seam,StrikeCalled,Undefined,Undefined,Undefined,0,0,,84.74964,-1.885057,-1.235462,2185.432347,187.812075,12:15,5.29082,1.01039,5.3274,-17.85032,21.983,2.83638,2.03342,0.08729,77.33157,-5.259308,-0.731878,0.45425,,,,,,,,,,,,-1.765,11.92847,-0.90079,50,5.10794,2.52719,-122.88665,-4.57502,-2.69563,24.63197,-13.9562,POM_COL,MAS_INS,PomonaPitzer,D3,Team,20250308-PomonaPitzer-1,111dceb0-fc64-11ef-b7c0-958c15ae1882,82.97733,,,7.41806,,,,,,,935155fd-d532-41e2-8f85-0cab3659d8e5,2025-03-08,21:26:57.93,2025-03-08T13:26:57.9330000-08:00,2025-03-08T21:26:57.9330000Z,,v3,POM_PIT,,,"Morgan, Ben",1000115622,Right,POM_COL,8e99bfeb-1f05-40ff-907a-25ef60223f98,55.16962,-123.91854,12.31599,5.28735,-3.99036,-6.9781,-1.00902,2.64011,-1.34782,,,,,,,,,,,,,,,,,,,,,,,,,,,,,,,,,,,,,,,,,,,,,,,,,,,High,High,High,,,,,
269,2025-03-08,13:27:12.86,2,5,"Woods, Eamonn",1000115603,Right,POM_COL,"Moore, Zev",1000292151,Right,MAS_INS,Undefined,7,Top,1,3,1,Fastball,Changeup,BallCalled,Walk,Undefined,Undefined,0,0,,84.89109,-0.985942,-0.657177,2025.627695,224.763839,1:30,5.24638,0.99577,5.24489,-24.81525,14.48087,13.25107,2.25172,1.48239,78.47925,-5.556502,1.693603,0.451176,,,,,,,,,,,,-6.78437,7.8367,-0.94559,50,5.13756,0.8426,-123.34282,-2.97991,-10.56904,21.94817,-19.96565,POM_COL,MAS_INS,PomonaPitzer,D3,Team,20250308-PomonaPitzer-1,1a0662d0-fc64-11ef-b7c0-958c15ae1882,83.54263,,,6.41184,,,,,,,935155fd-d532-41e2-8f85-0cab3659d8e5,2025-03-08,21:27:12.86,2025-03-08T13:27:12.8690000-08:00,2025-03-08T21:27:12.8690000Z,,v3,POM_PIT,,,"Morgan, Ben",1000115622,Right,POM_COL,ebd8bcd6-2dcc-4186-9212-390e68d7746f,55.25492,-124.27438,10.97408,5.24605,-2.1325,-9.98283,-0.99087,1.29119,-5.28452,,,,,,,,,,,,,,,,,,,,,,,,,,,,,,,,,,,,,,,,,,,,,,,,,,,High,High,High,,,,,
270,2025-03-08,13:27:38.62,3,1,"Woods, Eamonn",1000115603,Right,POM_COL,"Hood, Phil",1000292147,Right,MAS_INS,Undefined,7,Top,1,0,0,Curveball,Curveball,StrikeCalled,Undefined,Undefined,Undefined,0,0,,74.41522,2.751717,-1.583534,2059.182953,29.360979,7:00,5.3349,0.85206,4.91146,-66.30574,-13.88174,-8.71115,2.41445,-1.37164,68.51908,-9.152368,-3.119586,0.521118,,,,,,,,,,,,3.85414,-7.1426,-0.6897,50,5.54782,3.32793,-107.92281,2.84134,4.54072,18.97145,-40.58904,POM_COL,MAS_INS,PomonaPitzer,D3,Team,20250308-PomonaPitzer-1,295d1530-fc64-11ef-b7c0-958c15ae1882,72.32988,,,5.89614,,,,,,,935155fd-d532-41e2-8f85-0cab3659d8e5,2025-03-08,21:27:38.62,2025-03-08T13:27:38.6250000-08:00,2025-03-08T21:27:38.6250000Z,,v3,POM_PIT,,,"Morgan, Ben",1000115622,Right,POM_COL,b6066901-d7da-4a46-a2b9-2530430e1dbe,55.59281,-108.90151,9.48573,5.34723,4.93527,-20.29452,-0.85534,3.09368,2.27036,,,,,,,,,,,,,,,,,,,,,,,,,,,,,,,,,,,,,,,,,,,,,,,,,,,High,High,High,,,,,
271,2025-03-08,13:27:52.11,3,2,"Woods, Eamonn",1000115603,Right,POM_COL,"Hood, Phil",1000292147,Right,MAS_INS,Undefined,7,Top,1,0,1,Curveball,Curveball,BallCalled,Undefined,Undefined,Undefined,0,0,,74.29555,1.791422,-0.098599,2155.03462,18.621713,6:30,5.39696,0.90207,4.4758,-70.27748,-16.60131,-6.17977,1.24866,0.29311,68.25675,-10.714493,-1.182775,0.527305,,,,,,,,,,,,2.98729,-8.17122,-0.88531,50,5.51673,0.43841,-107.72863,0.75958,3.4842,20.02709,-41.70452,POM_COL,MAS_INS,PomonaPitzer,D3,Team,20250308-PomonaPitzer-1,317030e0-fc64-11ef-b7c0-958c15ae1882,71.48123,,,6.0388,,,,,,,935155fd-d532-41e2-8f85-0cab3659d8e5,2025-03-08,21:27:52.11,2025-03-08T13:27:52.1150000-08:00,2025-03-08T21:27:52.1150000Z,,v3,POM_PIT,,,"Morgan, Ben",1000115622,Right,POM_COL,3c1a1075-3ea0-4394-81cb-2b9d0c985447,56.02868,-108.84361,10.01354,5.4098,3.08142,-20.85226,-0.90432,0.24444,1.7421,,,,,,,,,,,,,,,,,,,,,,,,,,,,,,,,,,,,,,,,,,,,,,,,,,,High,High,High,,,,,
272,2025-03-08,13:28:11.00,3,3,"Woods, Eamonn",1000115603,Right,POM_COL,"Hood, Phil",1000292147,Right,MAS_INS,Undefined,7,Top,1,1,1,Slider,Curveball,StrikeCalled,Undefined,Undefined,Undefined,0,0,,76.5155,2.523264,-0.369184,2222.780259,63.114614,8:00,5.25715,1.19528,4.77397,-55.0105,-5.25914,-13.37131,3.0666,-0.26899,70.26119,-7.377867,-2.720197,0.507661,,,,,,,,,,,,6.45071,-2.8,-1.14599,50,5.46136,1.26929,-110.96107,2.88066,8.0503,19.67297,-35.66836,POM_COL,MAS_INS,PomonaPitzer,D3,Team,20250308-PomonaPitzer-1,3cb1d030-fc64-11ef-b7c0-958c15ae1882,74.24724,,,6.25431,,,,,,,935155fd-d532-41e2-8f85-0cab3659d8e5,2025-03-08,21:28:11.00,2025-03-08T13:28:11.0020000-08:00,2025-03-08T21:28:11.0020000Z,,v3,POM_PIT,,,"Morgan, Ben",1000115622,Right,POM_COL,a2bc6748-4091-4741-b00e-fc603c300682,55.72768,-111.97196,9.83649,5.26624,4.71347,-17.83418,-1.20058,0.85563,4.02515,,,,,,,,,,,,,,,,,,,,,,,,,,,,,,,,,,,,,,,,,,,,,,,,,,,High,High,High,,,,,
273,2025-03-08,13:28:26.24,3,4,"Woods, Eamonn",1000115603,Right,POM_COL,"Hood, Phil",1000292147,Right,MAS_INS,Undefined,7,Top,1,1,2,Fastball,Four-Seam,FoulBallNotFieldable,Undefined,Undefined,Undefined,0,0,,85.30947,-0.864529,-1.716,2117.669065,208.433029,1:00,5.36937,0.74862,5.34751,-21.38044,17.59647,8.88914,2.77632,-0.1207,78.36161,-4.850989,-0.137313,0.44934,,,,,,,,,,,,-4.91996,9.42205,-0.60068,50,5.2765,3.33076,-123.85391,-2.56766,-7.68788,23.35437,-17.45133,POM_COL,MAS_INS,PomonaPitzer,D3,Team,20250308-PomonaPitzer-1,45b7b050-fc64-11ef-b7c0-958c15ae1882,83.88401,,,6.94787,,,,,,,935155fd-d532-41e2-8f85-0cab3659d8e5,2025-03-08,21:28:26.24,2025-03-08T13:28:26.2440000-08:00,2025-03-08T21:28:26.2440000Z,,v3,POM_PIT,,,"Morgan, Ben",1000115622,Right,POM_COL,937bc208-3772-4163-b040-d7e4551a665d,55.15183,-124.82158,11.67719,5.36791,-1.84458,-8.72567,-0.74529,3.6493,-3.84394,,,,,,,,,,,,,,,,,,,,,,,,,,,,,,,,,,,,,,,,,,,,,,,,,,,High,High,High,,,,,
274,2025-03-08,13:28:42.57,3,5,"Woods, Eamonn",1000115603,Right,POM_COL,"Hood, Phil",1000292147,Right,MAS_INS,Undefined,7,Top,1,1,2,Fastball,Four-Seam,InPlay,Undefined,GroundBall,Single,0,1,,85.33527,-1.432552,-1.057457,2161.720905,191.554676,12:30,5.34676,0.80585,5.11273,-19.18241,20.51292,3.92122,2.39812,0.13629,77.63216,-5.037243,-0.363915,0.453462,82.45909,-1.10099,19.691578,2574.966351,,,,41.73248,38.89918,19.878908,0.353748,-2.25941,11.01327,-0.70949,50,5.19765,2.10944,-123.70393,-3.70799,-3.48607,25.66478,-15.18158,POM_COL,MAS_INS,PomonaPitzer,D3,Team,20250308-PomonaPitzer-1,4f77b8b0-fc64-11ef-b7c0-958c15ae1882,83.12144,2.39897,,7.70311,,,,0.87282,2.39897,-0.14641,935155fd-d532-41e2-8f85-0cab3659d8e5,2025-03-08,21:28:42.57,2025-03-08T13:28:42.5740000-08:00,2025-03-08T21:28:42.5740000Z,GroundBall,v3,POM_PIT,,,"Morgan, Ben",1000115622,Right,POM_COL,6d4821f8-7aa3-4036-a2fb-293f8034eb30,55.38474,-124.8161,12.83239,5.34408,-3.05011,-7.59079,-0.80418,2.2605,-1.74303,240.671467,0.87794,113.65332,-14.71769,,,,,,,2.40002,-2.36332,-12.50665,,,,,,,-0.14684,40.76045,-0.6493,,,,,,,,,,,,,,,,,,,,,,,,,,,,,High,High,High,High,High,,,
275,2025-03-08,13:29:22.40,4,1,"Woods, Eamonn",1000115603,Right,POM_COL,"Tubbs, Reed",1000292148,Right,MAS_INS,Undefined,7,Top,1,0,0,Fastball,Four-Seam,BallCalled,Undefined,Undefined,Undefined,0,0,,85.58587,-2.616347,-2.945628,2226.772199,218.987841,1:15,5.34954,0.36633,5.24848,-20.58222,18.60788,14.02851,1.17075,-1.23514,78.31981,-6.45275,-0.46076,0.450567,,,,,,,,,,,,-7.80638,10.39721,-0.10653,50,5.09409,5.76159,-123.95149,-6.34201,-12.16062,24.4749,-15.9775,POM_COL,MAS_INS,PomonaPitzer,D3,Team,20250308-PomonaPitzer-1,673aca50-fc64-11ef-b7c0-958c15ae1882,83.65552,,,7.26606,,,,,,,935155fd-d532-41e2-8f85-0cab3659d8e5,2025-03-08,21:29:22.40,2025-03-08T13:29:22.4060000-08:00,2025-03-08T21:29:22.4060000Z,,v3,POM_PIT,,,"Morgan, Ben",1000115622,Right,POM_COL,a7e2eab4-3408-4926-9115-6cea1f2aedd7,55.25005,-124.98384,12.23745,5.34739,-5.66808,-7.98875,-0.36037,6.27453,-6.08031,,,,,,,,,,,,,,,,,,,,,,,,,,,,,,,,,,,,,,,,,,,,,,,,,,,High,High,High,,,,,
276,2025-03-08,13:29:36.30,4,2,"Woods, Eamonn",1000115603,Right,POM_COL,"Tubbs, Reed",1000292148,Right,MAS_INS,Undefined,7,Top,1,1,0,Fastball,Four-Seam,BallCalled,Undefined,Undefined,Undefined,0,0,,84.73625,-2.52026,-2.192688,2142.931797,194.26538,12:30,5.39511,0.7709,5.23094,-20.16863,19.95769,4.7313,1.34201,-0.89702,77.28162,-6.293819,-1.35461,0.455917,,,,,,,,,,,,-2.9811,11.0793,-0.57253,50,5.14819,4.49087,-122.7143,-6.04291,-4.53343,24.89778,-15.32542,POM_COL,MAS_INS,PomonaPitzer,D3,Team,20250308-PomonaPitzer-1,6f7a2620-fc64-11ef-b7c0-958c15ae1882,82.67386,,,7.45463,,,,,,,935155fd-d532-41e2-8f85-0cab3659d8e5,2025-03-08,21:29:36.30,2025-03-08T13:29:36.3050000-08:00,2025-03-08T21:29:36.3050000Z,,v3,POM_PIT,,,"Morgan, Ben",1000115622,Right,POM_COL,dc7ce9e3-a971-478a-8506-f8e3118472a9,55.26582,-123.77808,12.44889,5.39239,-5.38811,-7.66271,-0.76854,4.68456,-2.26671,,,,,,,,,,,,,,,,,,,,,,,,,,,,,,,,,,,,,,,,,,,,,,,,,,,High,High,High,,,,,
277,2025-03-08,13:29:54.26,4,3,"Woods, Eamonn",1000115603,Right,POM_COL,"Tubbs, Reed",1000292148,Right,MAS_INS,Undefined,7,Top,1,2,0,Fastball,Four-Seam,StrikeSwinging,Undefined,Undefined,Undefined,0,0,,83.8424,-1.09701,-1.967352,2055.212291,202.286547,12:45,5.3806,0.9814,5.20027,-21.26143,19.80001,7.54292,2.57628,-0.24116,76.1688,-5.086753,-0.631836,0.461199,,,,,,,,,,,,-4.32638,10.59756,-0.80501,50,5.2635,3.84366,-121.4931,-2.99926,-6.43179,24.99473,-16.41924,POM_COL,MAS_INS,PomonaPitzer,D3,Team,20250308-PomonaPitzer-1,7a3641c0-fc64-11ef-b7c0-958c15ae1882,81.72705,,,7.67361,,,,,,,935155fd-d532-41e2-8f85-0cab3659d8e5,2025-03-08,21:29:54.26,2025-03-08T13:29:54.2610000-08:00,2025-03-08T21:29:54.2610000Z,,v3,POM_PIT,,,"Morgan, Ben",1000115622,Right,POM_COL,aa36888c-a643-4bcb-8865-5a231666ce39,55.29626,-122.57786,12.49737,5.37821,-2.28668,-8.20962,-0.97788,4.1228,-3.21589,,,,,,,,,,,,,,,,,,,,,,,,,,,,,,,,,,,,,,,,,,,,,,,,,,,High,High,High,,,,,
278,2025-03-08,13:30:09.46,4,4,"Woods, Eamonn",1000115603,Right,POM_COL,"Tubbs, Reed",1000292148,Right,MAS_INS,Undefined,7,Top,1,2,1,Slider,Slider,FoulBallNotFieldable,Undefined,Undefined,Undefined,0,0,,76.58418,1.648361,-0.369206,2207.052789,89.034528,9:00,5.26458,1.33358,4.81711,-48.38066,1.55658,-6.4839,2.79473,0.44351,69.75776,-7.120855,-1.51047,0.508608,,,,,,,,,,,,3.10169,0.70185,-1.2909,50,5.3865,0.97871,-110.99125,1.48449,3.84092,21.21881,-31.30493,POM_COL,MAS_INS,PomonaPitzer,D3,Team,20250308-PomonaPitzer-1,834d5ff0-fc64-11ef-b7c0-958c15ae1882,74.10895,,,6.82642,,,,,,,935155fd-d532-41e2-8f85-0cab3659d8e5,2025-03-08,21:30:09.46,2025-03-08T13:30:09.4660000-08:00,2025-03-08T21:30:09.4660000Z,,v3,POM_PIT,,,"Morgan, Ben",1000115622,Right,POM_COL,d4f7edc5-5dc5-48c7-941f-76a479b83802,55.68261,-112.07236,10.60941,5.27023,3.0795,-15.65247,-1.33578,0.78301,1.92046,,,,,,,,,,,,,,,,,,,,,,,,,,,,,,,,,,,,,,,,,,,,,,,,,,,High,High,High,,,,,
279,2025-03-08,13:30:27.87,4,5,"Woods, Eamonn",1000115603,Right,POM_COL,"Tubbs, Reed",1000292148,Right,MAS_INS,Undefined,7,Top,1,2,2,Curveball,Curveball,BallCalled,Undefined,Undefined,Undefined,0,0,,75.47807,1.909902,-2.311327,2215.901689,28.685492,7:00,5.13519,1.14098,4.47319,-70.96216,-17.78107,-10.84288,1.04446,-1.96706,68.05497,-10.75388,-4.209298,0.524868,,,,,,,,,,,,4.42925,-8.75957,-0.88624,50,5.26752,4.86199,-109.07354,0.95227,5.18432,24.26288,-42.4269,POM_COL,MAS_INS,PomonaPitzer,D3,Team,20250308-PomonaPitzer-1,8e463670-fc64-11ef-b7c0-958c15ae1882,71.81318,,,7.42311,,,,,,,935155fd-d532-41e2-8f85-0cab3659d8e5,2025-03-08,21:30:27.87,2025-03-08T13:30:27.8770000-08:00,2025-03-08T21:30:27.8770000Z,,v3,POM_PIT,,,"Morgan, Ben",1000115622,Right,POM_COL,41b08798-fa62-4e25-bc9f-3fb03400c34b,56.02841,-110.40638,12.13144,5.15119,3.28293,-21.21345,-1.1455,4.5772,2.59216,,,,,,,,,,,,,,,,,,,,,,,,,,,,,,,,,,,,,,,,,,,,,,,,,,,High,High,High,,,,,
280,2025-03-08,13:30:43.17,4,6,"Woods, Eamonn",1000115603,Right,POM_COL,"Tubbs, Reed",1000292148,Right,MAS_INS,Undefined,7,Top,1,3,2,Slider,Curveball,StrikeSwinging,Strikeout,Undefined,Undefined,0,0,,77.54754,-0.378806,-0.598332,2228.472423,40.910493,7:15,5.37918,0.74445,4.72423,-57.7855,-7.41989,-8.27497,0.20427,-0.51289,69.19123,-10.799243,-2.057328,0.510785,,,,,,,,,,,,3.84319,-2.97394,-0.67614,50,5.2896,1.51945,-112.0367,-2.87095,4.69236,27.6618,-35.80509,POM_COL,MAS_INS,PomonaPitzer,D3,Team,20250308-PomonaPitzer-1,975f7780-fc64-11ef-b7c0-958c15ae1882,73.79311,,,8.35631,,,,,,,935155fd-d532-41e2-8f85-0cab3659d8e5,2025-03-08,21:30:43.17,2025-03-08T13:30:43.1740000-08:00,2025-03-08T21:30:43.1740000Z,,v3,POM_PIT,,,"Morgan, Ben",1000115622,Right,POM_COL,113c9b37-9b9f-4cdb-b249-8669570940d0,55.77294,-113.45308,13.8309,5.38967,-1.03761,-17.90254,-0.74779,1.27918,2.34618,,,,,,,,,,,,,,,,,,,,,,,,,,,,,,,,,,,,,,,,,,,,,,,,,,,High,High,High,,,,,
281,2025-03-08,13:31:19.45,5,1,"Woods, Eamonn",1000115603,Right,POM_COL,"Hernandez, Louis",1000292141,Right,MAS_INS,Undefined,7,Top,1,0,0,Fastball,Changeup,InPlay,Undefined,GroundBall,FieldersChoice,1,1,,84.52538,-1.499705,-1.331436,2149.457063,221.680183,1:30,5.47923,0.74227,5.18881,-24.14352,16.77151,13.55387,2.05571,0.61897,75.96776,-6.018827,1.070258,0.460376,91.22971,-30.253232,-65.703958,,,,,5.43315,2.57172,-45.448987,0.032262,-7.22678,9.30457,-0.62955,50,5.32246,2.25126,-122.35882,-4.00123,-10.74512,28.47847,-18.33959,POM_COL,MAS_INS,PomonaPitzer,D3,Team,20250308-PomonaPitzer-1,acf63340-fc64-11ef-b7c0-958c15ae1882,81.87314,2.17888,,8.55762,,,,2.27454,2.17888,-0.46698,935155fd-d532-41e2-8f85-0cab3659d8e5,2025-03-08,21:31:19.45,2025-03-08T13:31:19.4560000-08:00,2025-03-08T21:31:19.4560000Z,GroundBall,v3,POM_PIT,,,"Morgan, Ben",1000115622,Right,POM_COL,068bd525-b95f-4f0b-958f-a79632e0da08,55.30803,-123.58806,14.23924,5.47809,-3.20963,-9.16979,-0.73673,2.71507,-5.37256,,2.27408,47.64307,,,,,,,,2.17952,-67.53707,,,,,,,,-0.46597,-105.53715,,,,,,,,,,,,,,,,,,,,,,,,,,,,,,High,High,High,Low,Low,,,
282,2025-03-08,13:32:00.59,6,1,"Woods, Eamonn",1000115603,Right,POM_COL,"Lee, Hanvin",10135784,Right,MAS_INS,Undefined,7,Top,2,0,0,Fastball,Four-Seam,InPlay,Undefined,FlyBall,Out,1,0,,84.48215,-0.696432,-1.929583,2118.509505,214.435987,1:15,5.47595,0.64074,5.17111,-22.65993,18.57438,11.61501,2.93183,-0.2079,75.34422,-4.979233,0.126254,0.462169,86.18393,40.916079,-2.603363,,109.99005,91.04231,1.47326,264.91221,262.9767,5.28931,5.4751,-6.49248,9.95851,-0.47041,50,5.39481,3.60674,-122.19908,-2.21082,-9.56767,29.78335,-17.49868,POM_COL,MAS_INS,PomonaPitzer,D3,Team,20250308-PomonaPitzer-1,c577b2e0-fc64-11ef-b7c0-958c15ae1882,81.55552,104.74467,,9.13792,,,,1.09563,3.19172,0.17787,935155fd-d532-41e2-8f85-0cab3659d8e5,2025-03-08,21:32:00.59,2025-03-08T13:32:00.5990000-08:00,2025-03-08T21:32:00.5990000Z,FlyBall,v3,POM_PIT,,,"Morgan, Ben",1000115622,Right,POM_COL,2e8f081c-f97e-46f3-a921-d2dc00d1b5a7,55.32481,-123.49007,14.89168,5.4742,-1.45232,-8.74934,-0.63573,4.02145,-4.78384,190.240708,1.10022,95.32051,-25.59331,6.95533,-1.23566,0.10615,0.00495,-0.00173,0.0001,3.18751,82.86422,-18.57928,0.47476,0.21924,-0.10754,0.02896,-0.00408,0.00022,0.17703,-4.32042,4.78449,-1.3194,0.23992,-0.02231,-0.00052,0.00029,-2E-05,,,,,,,,,,,,,,,,,,,,,,,High,High,High,Medium,Medium,,,