PitchNo,Date,Time,PAofInning,PitchofPA,Pitcher,PitcherId,PitcherThrows,PitcherTeam,Batter,BatterId,BatterSide,BatterTeam,PitcherSet,Inning,Top/Bottom,Outs,Balls,Strikes,TaggedPitchType,AutoPitchType,PitchCall,KorBB,TaggedHitType,PlayResult,OutsOnPlay,RunsScored,Notes,RelSpeed,VertRelAngle,HorzRelAngle,SpinRate,SpinAxis,Tilt,RelHeight,RelSide,Extension,VertBreak,InducedVertBreak,HorzBreak,PlateLocHeight,PlateLocSide,ZoneSpeed,VertApprAngle,HorzApprAngle,ZoneTime,ExitSpeed,Angle,Direction,HitSpinRate,PositionAt110X,PositionAt110Y,PositionAt110Z,Distance,LastTrackedDistance,Bearing,HangTime,pfxx,pfxz,x0,y0,z0,vx0,vy0,vz0,ax0,ay0,az0,HomeTeam,AwayTeam,Stadium,Level,League,GameID,PitchUID,EffectiveVelo,MaxHeight,MeasuredDuration,SpeedDrop,PitchLastMeasuredX,PitchLastMeasuredY,PitchLastMeasuredZ,ContactPositionX,ContactPositionY,ContactPositionZ,GameUID,UTCDate,UTCTime,LocalDateTime,UTCDateTime,AutoHitType,System,HomeTeamForeignID,AwayTeamForeignID,GameForeignID,Catcher,CatcherId,CatcherThrows,CatcherTeam,PlayID,PitchTrajectoryXc0,PitchTrajectoryXc1,PitchTrajectoryXc2,PitchTrajectoryYc0,PitchTrajectoryYc1,PitchTrajectoryYc2,PitchTrajectoryZc0,PitchTrajectoryZc1,PitchTrajectoryZc2,HitSpinAxis,HitTrajectoryXc0,HitTrajectoryXc1,HitTrajectoryXc2,HitTrajectoryXc3,HitTrajectoryXc4,HitTrajectoryXc5,HitTrajectoryXc6,HitTrajectoryXc7,HitTrajectoryXc8,HitTrajectoryYc0,HitTrajectoryYc1,HitTrajectoryYc2,HitTrajectoryYc3,HitTrajectoryYc4,HitTrajectoryYc5,HitTrajectoryYc6,HitTrajectoryYc7,HitTrajectoryYc8,HitTrajectoryZc0,HitTrajectoryZc1,HitTrajectoryZc2,HitTrajectoryZc3,HitTrajectoryZc4,HitTrajectoryZc5,HitTrajectoryZc6,HitTrajectoryZc7,HitTrajectoryZc8,ThrowSpeed,PopTime,ExchangeTime,TimeToBase,CatchPositionX,CatchPositionY,CatchPositionZ,ThrowPositionX,ThrowPositionY,ThrowPositionZ,BasePositionX,BasePositionY,BasePositionZ,ThrowTrajectoryXc0,ThrowTrajectoryXc1,ThrowTrajectoryXc2,ThrowTrajectoryYc0,ThrowTrajectoryYc1,ThrowTrajectoryYc2,ThrowTrajectoryZc0,ThrowTrajectoryZc1,ThrowTrajectoryZc2,PitchReleaseConfidence,PitchLocationConfidence,PitchMovementConfidence,HitLaunchConfidence,HitLandingConfidence,CatcherThrowCatchConfidence,CatcherThrowReleaseConfidence,CatcherThrowLocationConfidence
1,2025-02-22,14:21:09.87,1,1,"Polishuk, Will",1000375103,Right,POM_COL,"Dudas, Austin",10027315,Right,CHA_UNI,Undefined,1,Top,0,0,0,Fastball,Four-Seam,BallCalled,Undefined,Undefined,Undefined,0,0,,89.24924,-0.572046,-2.633239,2153.583443,210.051543,1:00,6.63077,1.33182,4.86056,-15.97434,21.56218,11.59028,4.75755,-0.19642,79.15339,-3.645123,-0.595622,0.440959,,,,,,,,,,,,-6.58201,11.18453,-1.08242,50,6.56211,5.35056,-128.86587,-1.77759,-10.76949,33.51111,-13.87392,POM_COL,CHA_UNI,PomonaPitzer,D3,Team,20250222-PomonaPitzer-2,519504d0-f16b-11ef-bbfe-3dd3c01fa6e6,85.47832,,,10.09585,,,,,,,eca08de3-b488-4029-965a-0ebe30e993be,2025-02-22,22:21:09.87,2025-02-22T14:21:09.8755584-08:00,2025-02-22T22:21:09.8755584Z,,v3,POM_PIT,,,"Hattenburg, Xavier",10277269,Right,POM_COL,23b33bb3-af3d-43ef-853a-97507fc904ef,55.63169,-130.32214,16.75556,6.62625,-1.17468,-6.93696,-1.3251,5.81856,-5.38474,,,,,,,,,,,,,,,,,,,,,,,,,,,,,,,,,,,,,,,,,,,,,,,,,,,High,High,High,,,,,
2,2025-02-22,14:21:26.47,1,2,"Polishuk, Will",1000375103,Right,POM_COL,"Dudas, Austin",10027315,Right,CHA_UNI,Undefined,1,Top,0,1,0,Fastball,Four-Seam,StrikeCalled,Undefined,Undefined,Undefined,0,0,,90.56841,-3.54114,-3.188016,2209.890361,207.617092,1:00,6.46914,1.34758,4.96176,-15.0419,21.57131,10.46469,1.86079,-0.79528,80.22165,-6.437534,-1.34583,0.435502,,,,,,,,,,,,-6.2915,12.34497,-1.04766,50,6.11436,6.74351,-130.43622,-8.53364,-10.50542,35.29865,-11.56062,POM_COL,CHA_UNI,PomonaPitzer,D3,Team,20250222-PomonaPitzer-2,5b819b70-f16b-11ef-bbfe-3dd3c01fa6e6,86.54941,,,10.34676,,,,,,,eca08de3-b488-4029-965a-0ebe30e993be,2025-02-22,22:21:26.47,2025-02-22T14:21:26.4792576-08:00,2025-02-22T22:21:26.4792576Z,,v3,POM_PIT,,,"Hattenburg, Xavier",10277269,Right,POM_COL,37e9b8c7-8882-4de4-85f8-3483b5577bef,55.53018,-131.92431,17.64933,6.46384,-8.04627,-5.78031,-1.34128,7.18639,-5.25271,,,,,,,,,,,,,,,,,,,,,,,,,,,,,,,,,,,,,,,,,,,,,,,,,,,High,High,High,,,,,
3,2025-02-22,14:21:45.50,1,3,"Polishuk, Will",1000375103,Right,POM_COL,"Dudas, Austin",10027315,Right,CHA_UNI,Undefined,1,Top,0,1,1,Fastball,Four-Seam,BallCalled,Undefined,Undefined,Undefined,0,0,,88.80645,-2.447743,-4.576348,2110.815616,205.593639,12:45,6.54744,1.33441,4.94469,-17.29162,20.91446,9.22965,2.78449,-2.23043,78.49617,-5.75647,-2.957008,0.444875,,,,,,,,,,,,-6.18059,11.61528,-0.89701,50,6.29587,9.76832,-127.76391,-6.01033,-9.89462,34.03616,-13.57888,POM_COL,CHA_UNI,PomonaPitzer,D3,Team,20250222-PomonaPitzer-2,66d69bb0-f16b-11ef-bbfe-3dd3c01fa6e6,84.726,,,10.31028,,,,,,,eca08de3-b488-4029-965a-0ebe30e993be,2025-02-22,22:21:45.50,2025-02-22T14:21:45.5066624-08:00,2025-02-22T22:21:45.5066624Z,,v3,POM_PIT,,,"Hattenburg, Xavier",10277269,Right,POM_COL,1dcd54e7-de69-48e8-93b0-4ea9c7dec055,55.54535,-129.23274,17.01808,6.5426,-5.42433,-6.78944,-1.32778,10.19533,-4.94731,,,,,,,,,,,,,,,,,,,,,,,,,,,,,,,,,,,,,,,,,,,,,,,,,,,High,High,High,,,,,
4,2025-02-22,14:22:06.00,1,4,"Polishuk, Will",1000375103,Right,POM_COL,"Dudas, Austin",10027315,Right,CHA_UNI,Undefined,1,Top,0,2,1,Fastball,Four-Seam,InPlay,Undefined,Popup,Out,1,0,,88.84795,-2.796956,-3.118601,2057.208788,214.593503,1:15,6.49428,1.4255,4.96065,-19.24052,18.59214,11.74544,2.24247,-0.54491,79.06241,-6.43117,-1.050049,0.442695,,,,,,,,,,,,-6.90674,10.61174,-1.13352,50,6.20829,6.4184,-128.14645,-6.91426,-11.17087,33.22785,-15.01073,POM_COL,CHA_UNI,PomonaPitzer,D3,Team,20250222-PomonaPitzer-2,730b4d90-f16b-11ef-bbfe-3dd3c01fa6e6,85.14312,,,9.78554,,,,,,,eca08de3-b488-4029-965a-0ebe30e993be,2025-02-22,22:22:06.00,2025-02-22T14:22:06.0051456-08:00,2025-02-22T22:22:06.0051456Z,,v3,POM_PIT,,,"Hattenburg, Xavier",10277269,Right,POM_COL,d123ac50-a1d6-4e28-a3f7-4456bd4260ce,55.53361,-129.57335,16.61393,6.49137,-6.26966,-7.50537,-1.41945,6.8981,-5.58544,,,,,,,,,,,,,,,,,,,,,,,,,,,,,,,,,,,,,,,,,,,,,,,,,,,High,High,High,,,,,
5,2025-02-22,14:22:40.63,2,1,"Polishuk, Will",1000375103,Right,POM_COL,"Toporek, Max",1000269511,Right,CHA_UNI,Undefined,1,Top,1,0,0,Slider,Curveball,BallCalled,Undefined,Undefined,Undefined,0,0,,78.14316,3.138774,-1.326799,1912.470374,28.519372,7:00,6.29339,1.50947,4.93054,-49.29818,-1.40559,-1.63323,5.15597,0.11896,70.89434,-5.812725,-1.614417,0.498087,,,,,,,,,,,,0.40528,-1.10339,-1.37889,50,6.55854,2.68878,-113.09798,4.41447,0.52139,21.92608,-33.59358,POM_COL,CHA_UNI,PomonaPitzer,D3,Team,20250222-PomonaPitzer-2,87b49c10-f16b-11ef-bbfe-3dd3c01fa6e6,75.67434,,,7.24881,,,,,,,eca08de3-b488-4029-965a-0ebe30e993be,2025-02-22,22:22:40.63,2025-02-22T14:22:40.6315008-08:00,2025-02-22T22:22:40.6315008Z,,v3,POM_PIT,,,"Hattenburg, Xavier",10277269,Right,POM_COL,26e5f955-8a04-44f5-a528-7f008bfd6650,55.56738,-114.17221,10.96304,6.30194,6.06034,-16.79679,-1.51,2.66323,0.2607,,,,,,,,,,,,,,,,,,,,,,,,,,,,,,,,,,,,,,,,,,,,,,,,,,,High,High,High,,,,,
6,2025-02-22,14:22:58.13,2,2,"Polishuk, Will",1000375103,Right,POM_COL,"Toporek, Max",1000269511,Right,CHA_UNI,Undefined,1,Top,1,1,0,Fastball,Four-Seam,BallCalled,Undefined,Undefined,Undefined,0,0,,89.9092,-3.583013,-3.961919,2226.771043,205.852842,12:45,6.48958,1.33851,4.83061,-15.66871,21.06072,9.53941,1.77812,-1.62453,81.05203,-6.543576,-2.289228,0.436193,,,,,,,,,,,,-5.87725,11.8252,-0.95385,50,6.12083,8.50278,-129.61987,-8.64138,-9.8792,30.12425,-12.29687,POM_COL,CHA_UNI,PomonaPitzer,D3,Team,20250222-PomonaPitzer-2,9226dd70-f16b-11ef-bbfe-3dd3c01fa6e6,86.4123,,,8.85717,,,,,,,eca08de3-b488-4029-965a-0ebe30e993be,2025-02-22,22:22:58.13,2025-02-22T14:22:58.1327360-08:00,2025-02-22T22:22:58.1327360Z,,v3,POM_PIT,,,"Hattenburg, Xavier",10277269,Right,POM_COL,e3a0633e-f721-4bd1-ba80-cea32143bf48,55.6637,-130.92952,15.06212,6.48489,-8.10678,-6.14843,-1.33284,8.93228,-4.9396,,,,,,,,,,,,,,,,,,,,,,,,,,,,,,,,,,,,,,,,,,,,,,,,,,,High,High,High,,,,,
7,2025-02-22,14:23:16.72,2,3,"Polishuk, Will",1000375103,Right,POM_COL,"Toporek, Max",1000269511,Right,CHA_UNI,Undefined,1,Top,1,2,0,Fastball,Four-Seam,StrikeCalled,Undefined,Undefined,Undefined,0,0,,88.44778,-3.343051,-3.804261,2102.902382,214.474426,1:15,6.42922,1.49772,5.09404,-20.73804,16.82643,10.593,1.53996,-1.21001,79.83468,-7.208986,-1.93595,0.441123,,,,,,,,,,,,-6.44272,9.81127,-1.14642,50,6.09679,7.99085,-127.64093,-8.18494,-10.48679,29.55093,-16.20431,POM_COL,CHA_UNI,PomonaPitzer,D3,Team,20250222-PomonaPitzer-2,9d386c10-f16b-11ef-bbfe-3dd3c01fa6e6,85.4465,,,8.61311,,,,,,,eca08de3-b488-4029-965a-0ebe30e993be,2025-02-22,22:23:16.72,2025-02-22T14:23:16.7241728-08:00,2025-02-22T22:23:16.7241728Z,,v3,POM_PIT,,,"Hattenburg, Xavier",10277269,Right,POM_COL,68c50e39-51f1-4c38-b017-ed2418db91cd,55.40178,-128.88546,14.77547,6.42713,-7.5025,-8.10216,-1.49226,8.4325,-5.2434,,,,,,,,,,,,,,,,,,,,,,,,,,,,,,,,,,,,,,,,,,,,,,,,,,,High,High,High,,,,,
8,2025-02-22,14:23:34.04,2,4,"Polishuk, Will",1000375103,Right,POM_COL,"Toporek, Max",1000269511,Right,CHA_UNI,Undefined,1,Top,1,2,1,Fastball,Four-Seam,BallCalled,Undefined,Undefined,Undefined,0,0,,88.93629,-1.954883,-4.370507,2175.850666,202.730882,12:45,6.49694,1.42425,5.1533,-16.72214,20.56749,8.00745,3.25706,-2.03078,79.54324,-5.146461,-2.959767,0.439507,,,,,,,,,,,,-5.4117,11.25686,-1.02137,50,6.30168,9.4222,-128.28654,-4.90056,-8.84004,31.43742,-13.78595,POM_COL,CHA_UNI,PomonaPitzer,D3,Team,20250222-PomonaPitzer-2,a79095c0-f16b-11ef-bbfe-3dd3c01fa6e6,85.76081,,,9.39306,,,,,,,eca08de3-b488-4029-965a-0ebe30e993be,2025-02-22,22:23:34.04,2025-02-22T14:23:34.0458496-08:00,2025-02-22T22:23:34.0458496Z,,v3,POM_PIT,,,"Hattenburg, Xavier",10277269,Right,POM_COL,a6bca510-ad8e-4eba-8c8e-13297c217621,55.3401,-129.58856,15.71871,6.49282,-4.3296,-6.89298,-1.41918,9.78832,-4.42002,,,,,,,,,,,,,,,,,,,,,,,,,,,,,,,,,,,,,,,,,,,,,,,,,,,High,High,High,,,,,
9,2025-02-22,14:23:54.34,2,5,"Polishuk, Will",1000375103,Right,POM_COL,"Toporek, Max",1000269511,Right,CHA_UNI,Undefined,1,Top,1,3,1,Fastball,Four-Seam,StrikeSwinging,Undefined,Undefined,Undefined,0,0,,87.91848,-3.750001,-2.815496,2074.950391,212.323667,1:00,6.46082,1.32145,4.97325,-18.27383,19.8032,11.64335,1.38668,-0.36972,79.49722,-7.173902,-0.763389,0.444123,,,,,,,,,,,,-6.59906,11.34445,-1.05924,50,6.0836,5.69291,-126.94778,-8.93486,-10.64815,28.70822,-13.86881,POM_COL,CHA_UNI,PomonaPitzer,D3,Team,20250222-PomonaPitzer-2,b3a5ffd0-f16b-11ef-bbfe-3dd3c01fa6e6,84.86941,,,8.42126,,,,,,,eca08de3-b488-4029-965a-0ebe30e993be,2025-02-22,22:23:54.34,2025-02-22T14:23:54.3485440-08:00,2025-02-22T22:23:54.3485440Z,,v3,POM_PIT,,,"Hattenburg, Xavier",10277269,Right,POM_COL,1da34598-3dbb-4972-84be-a85184c1a9c1,55.52261,-128.19059,14.35411,6.45741,-8.33447,-6.9344,-1.31567,6.15388,-5.32407,,,,,,,,,,,,,,,,,,,,,,,,,,,,,,,,,,,,,,,,,,,,,,,,,,,High,High,High,,,,,
10,2025-02-22,14:24:12.71,2,6,"Polishuk, Will",1000375103,Right,POM_COL,"Toporek, Max",1000269511,Right,CHA_UNI,Undefined,1,Top,1,3,2,Fastball,Four-Seam,FoulBallNotFieldable,Undefined,Undefined,Undefined,0,0,,90.50582,-2.754189,-3.118071,2194.015467,205.291983,12:45,6.50671,1.29232,4.87575,-15.64481,20.4454,9.02717,2.59102,-0.90874,81.50615,-5.717407,-1.531511,0.43238,,,,,,,,,,,,-5.44087,11.3315,-0.99366,50,6.2233,6.68278,-130.73495,-6.81556,-9.28691,31.10646,-12.83262,POM_COL,CHA_UNI,PomonaPitzer,D3,Team,20250222-PomonaPitzer-2,be9c8c60-f16b-11ef-bbfe-3dd3c01fa6e6,87.17424,,,8.99966,,,,,,,eca08de3-b488-4029-965a-0ebe30e993be,2025-02-22,22:24:12.71,2025-02-22T14:24:12.7116288-08:00,2025-02-22T22:24:12.7116288Z,,v3,POM_PIT,,,"Hattenburg, Xavier",10277269,Right,POM_COL,d39140a8-4d49-4aad-8fe5-88a16b69aff9,55.62079,-132.06556,15.55323,6.5031,-6.26663,-6.41631,-1.28802,7.08003,-4.64345,,,,,,,,,,,,,,,,,,,,,,,,,,,,,,,,,,,,,,,,,,,,,,,,,,,High,High,High,,,,,
11,2025-02-22,14:24:36.40,2,7,"Polishuk, Will",1000375103,Right,POM_COL,"Toporek, Max",1000269511,Right,CHA_UNI,Undefined,1,Top,1,3,2,Fastball,Four-Seam,BallCalled,Walk,Undefined,Undefined,0,0,,90.25926,-3.457877,-4.126996,2098.131355,209.200099,1:00,6.48894,1.31447,4.88612,-18.03406,18.26383,9.46567,1.7023,-1.80782,81.58915,-6.825676,-2.465661,0.433623,,,,,,,,,,,,-5.91217,10.43575,-0.91724,50,6.1341,8.93015,-130.17891,-8.51538,-10.0403,29.96975,-14.45161,POM_COL,CHA_UNI,PomonaPitzer,D3,Team,20250222-PomonaPitzer-2,ccae1490-f16b-11ef-bbfe-3dd3c01fa6e6,86.92446,,,8.6701,,,,,,,eca08de3-b488-4029-965a-0ebe30e993be,2025-02-22,22:24:36.40,2025-02-22T14:24:36.4027904-08:00,2025-02-22T22:24:36.4027904Z,,v3,POM_PIT,,,"Hattenburg, Xavier",10277269,Right,POM_COL,78a08f3c-ecdb-47cb-900b-4de3acda8d17,55.60976,-131.46404,14.98488,6.48596,-7.89568,-7.22581,-1.3094,9.36069,-5.02015,,,,,,,,,,,,,,,,,,,,,,,,,,,,,,,,,,,,,,,,,,,,,,,,,,,High,High,High,,,,,
12,2025-02-22,14:25:12.79,3,1,"Polishuk, Will",1000375103,Right,POM_COL,"Capobianco, Joey",1000268959,Right,CHA_UNI,Undefined,1,Top,1,0,0,Slider,Curveball,BallCalled,Undefined,Undefined,Undefined,0,0,,75.97162,3.781238,-1.447609,2048.753263,53.252714,7:45,6.32428,1.45912,4.94384,-52.89424,-2.36051,-5.33918,5.49618,-0.35415,69.14467,-5.807686,-2.387335,0.511637,,,,,,,,,,,,2.20575,-1.73181,-1.3139,50,6.64837,2.99675,-109.93741,5.40411,2.69066,20.08874,-34.28655,POM_COL,CHA_UNI,PomonaPitzer,D3,Team,20250222-PomonaPitzer-2,e26acee0-f16b-11ef-bbfe-3dd3c01fa6e6,73.67026,,,6.82694,,,,,,,eca08de3-b488-4029-965a-0ebe30e993be,2025-02-22,22:25:12.79,2025-02-22T14:25:12.7913472-08:00,2025-02-22T22:25:12.7913472Z,,v3,POM_PIT,,,"Hattenburg, Xavier",10277269,Right,POM_COL,80ea277a-1a7b-4d8a-a9fd-451b1e98c951,55.55536,-110.9479,10.04437,6.33316,7.12875,-17.14327,-1.46124,2.8614,1.34533,,,,,,,,,,,,,,,,,,,,,,,,,,,,,,,,,,,,,,,,,,,,,,,,,,,High,High,High,,,,,
13,2025-02-22,14:25:34.25,3,2,"Polishuk, Will",1000375103,Right,POM_COL,"Capobianco, Joey",1000268959,Right,CHA_UNI,Undefined,1,Top,1,1,0,Fastball,Four-Seam,StrikeCalled,Undefined,Undefined,Undefined,0,0,,87.74322,-3.227776,-3.782976,2200.814981,203.852359,12:45,6.44896,1.49592,4.99053,-16.81528,21.37753,8.83619,1.99006,-1.34491,79.33026,-6.401711,-2.228528,0.444797,,,,,,,,,,,,-5.5026,11.94178,-1.13862,50,6.12439,7.95746,-126.65279,-7.68893,-8.84987,28.24686,-12.968,POM_COL,CHA_UNI,PomonaPitzer,D3,Team,20250222-PomonaPitzer-2,ef341fa0-f16b-11ef-bbfe-3dd3c01fa6e6,84.74068,,,8.41296,,,,,,,eca08de3-b488-4029-965a-0ebe30e993be,2025-02-22,22:25:34.25,2025-02-22T14:25:34.2521344-08:00,2025-02-22T22:25:34.2521344Z,,v3,POM_PIT,,,"Hattenburg, Xavier",10277269,Right,POM_COL,2df6a0dd-e931-481e-b1f2-2e34616aee1b,55.505,-127.87466,14.12343,6.44486,-7.12798,-6.484,-1.49111,8.34027,-4.42493,,,,,,,,,,,,,,,,,,,,,,,,,,,,,,,,,,,,,,,,,,,,,,,,,,,High,High,High,,,,,
14,2025-02-22,14:26:20.17,3,3,"Polishuk, Will",1000375103,Right,POM_COL,"Capobianco, Joey",1000268959,Right,CHA_UNI,Undefined,1,Top,1,1,1,Fastball,Four-Seam,BallCalled,Undefined,Undefined,Undefined,0,0,,88.74176,-1.717032,-1.717453,2145.395784,212.110986,1:00,6.5373,1.51459,4.94825,-19.68186,17.71651,10.24233,3.2734,0.74471,79.7976,-5.409982,0.088516,0.440147,,,,,,,,,,,,-5.56744,9.68079,-1.35667,50,6.35525,3.35252,-128.36116,-4.52605,-9.14394,30.43703,-16.27431,POM_COL,CHA_UNI,PomonaPitzer,D3,Team,20250222-PomonaPitzer-2,0a831720-f16c-11ef-bbfe-3dd3c01fa6e6,85.63601,,,8.94415,,,,,,,eca08de3-b488-4029-965a-0ebe30e993be,2025-02-22,22:26:20.17,2025-02-22T14:26:20.1739776-08:00,2025-02-22T22:26:20.1739776Z,,v3,POM_PIT,,,"Hattenburg, Xavier",10277269,Right,POM_COL,5e3d143c-e995-41e4-9781-6677f8a777c9,55.54605,-129.66957,15.21852,6.53477,-3.82645,-8.13716,-1.50924,3.74559,-4.57197,,,,,,,,,,,,,,,,,,,,,,,,,,,,,,,,,,,,,,,,,,,,,,,,,,,High,High,High,,,,,
15,2025-02-22,14:26:42.00,3,4,"Polishuk, Will",1000375103,Right,POM_COL,"Capobianco, Joey",1000268959,Right,CHA_UNI,Undefined,1,Top,1,2,1,Fastball,Four-Seam,BallCalled,Undefined,Undefined,Undefined,0,0,,89.01052,-0.072177,-4.020936,2259.570006,207.328262,1:00,6.4704,1.52741,5.10651,-16.61151,20.63875,9.92001,5.01794,-1.44067,79.38073,-3.255004,-2.27355,0.439275,,,,,,,,,,,,-6.23095,10.62697,-1.15573,50,6.45153,8.55408,-128.50028,-0.66635,-10.20354,31.74842,-14.77175,POM_COL,CHA_UNI,PomonaPitzer,D3,Team,20250222-PomonaPitzer-2,178c3000-f16c-11ef-bbfe-3dd3c01fa6e6,85.80609,,,9.62979,,,,,,,eca08de3-b488-4029-965a-0ebe30e993be,2025-02-22,22:26:42.00,2025-02-22T14:26:42.0074496-08:00,2025-02-22T22:26:42.0074496Z,,v3,POM_PIT,,,"Hattenburg, Xavier",10277269,Right,POM_COL,7bd3d941-31d7-4103-aece-e92ff12e5ce0,55.38664,-129.82433,15.87421,6.46648,-0.0503,-7.38587,-1.52135,8.97962,-5.10177,,,,,,,,,,,,,,,,,,,,,,,,,,,,,,,,,,,,,,,,,,,,,,,,,,,High,High,High,,,,,
16,2025-02-22,14:27:04.87,3,5,"Polishuk, Will",1000375103,Right,POM_COL,"Capobianco, Joey",1000268959,Right,CHA_UNI,Undefined,1,Top,1,3,1,Fastball,Four-Seam,InPlay,Undefined,GroundBall,Out,1,0,,88.03618,-2.199575,-3.75256,2013.481171,218.001589,1:15,6.44832,1.53609,5.16316,-22.648,15.08981,10.70457,2.48526,-1.10887,79.41824,-6.417769,-1.862077,0.44214,82.44773,-51.378328,-25.24266,,,,,4.01601,4.01601,2.994951,0.027107,-6.55882,8.62028,-1.19429,50,6.22596,7.85923,-127.22153,-5.68632,-10.59685,29.55757,-18.24653,POM_COL,CHA_UNI,PomonaPitzer,D3,Team,20250222-PomonaPitzer-2,25329a50-f16c-11ef-bbfe-3dd3c01fa6e6,85.25005,2.56791,,8.61794,,,,2.1549,2.56791,1.08471,eca08de3-b488-4029-965a-0ebe30e993be,2025-02-22,22:27:04.87,2025-02-22T14:27:04.8712192-08:00,2025-02-22T22:27:04.8712192Z,GroundBall,v3,POM_PIT,,,"Hattenburg, Xavier",10277269,Right,POM_COL,db581c43-a248-4a26-81d8-5f6a50238f79,55.33457,-128.45494,14.77879,6.44736,-4.92491,-9.12326,-1.53148,8.30143,-5.29843,,2.15409,68.45555,,,,,,,,2.56903,-94.73231,,,,,,,,1.08509,-32.27501,,,,,,,,,,,,,,,,,,,,,,,,,,,,,,High,High,High,Estimated,Estimated,,,
17,2025-02-22,14:27:54.99,4,1,"Polishuk, Will",1000375103,Right,POM_COL,"Lang, Brad",1000127615,Left,CHA_UNI,Undefined,1,Top,2,0,0,Fastball,Four-Seam,BallCalled,Undefined,Undefined,Undefined,0,0,,88.03461,0.609419,-2.194252,2096.816741,203.850142,12:45,6.41885,1.73521,4.87902,-17.41556,21.09387,8.64335,5.54461,0.37834,78.08142,-2.72694,-0.673886,0.446637,,,,,,,,,,,,-4.9891,10.548,-1.52718,50,6.46537,4.44899,-127.15489,0.81051,-7.95313,32.47077,-15.3595,POM_COL,CHA_UNI,PomonaPitzer,D3,Team,20250222-PomonaPitzer-2,43131220-f16c-11ef-bbfe-3dd3c01fa6e6,84.3916,,,9.9532,,,,,,,eca08de3-b488-4029-965a-0ebe30e993be,2025-02-22,22:27:54.99,2025-02-22T14:27:54.9934080-08:00,2025-02-22T22:27:54.9934080Z,,v3,POM_PIT,,,"Hattenburg, Xavier",10277269,Right,POM_COL,b990d092-e09c-454d-be5d-e85285e752a5,55.61291,-128.58024,16.23538,6.41499,1.48473,-7.67975,-1.73014,4.7981,-3.97657,,,,,,,,,,,,,,,,,,,,,,,,,,,,,,,,,,,,,,,,,,,,,,,,,,,High,High,High,,,,,
18,2025-02-22,14:28:16.39,4,2,"Polishuk, Will",1000375103,Right,POM_COL,"Lang, Brad",1000127615,Left,CHA_UNI,Undefined,1,Top,2,1,0,Fastball,Four-Seam,FoulBallNotFieldable,Undefined,Undefined,Undefined,0,0,,88.0063,-3.053376,-3.381513,2098.737204,210.109913,1:00,6.42466,1.68378,5.09801,-20.82229,17.19009,9.12847,1.80438,-0.74578,79.17583,-6.946758,-1.770373,0.443746,,,,,,,,,,,,-5.67465,9.96898,-1.37179,50,6.12018,7.09111,-127.07159,-7.4998,-9.11404,30.34264,-16.16291,POM_COL,CHA_UNI,PomonaPitzer,D3,Team,20250222-PomonaPitzer-2,4fd58510-f16c-11ef-bbfe-3dd3c01fa6e6,84.94157,,,8.83047,,,,,,,eca08de3-b488-4029-965a-0ebe30e993be,2025-02-22,22:28:16.39,2025-02-22T14:28:16.3903488-08:00,2025-02-22T22:28:16.3903488Z,,v3,POM_PIT,,,"Hattenburg, Xavier",10277269,Right,POM_COL,f63a4c75-9484-4b93-98f9-8242e6ce57ab,55.39903,-128.35431,15.17132,6.42279,-6.81652,-8.08145,-1.67971,7.4764,-4.55702,,,,,,,,,,,,,,,,,,,,,,,,,,,,,,,,,,,,,,,,,,,,,,,,,,,High,High,High,,,,,
19,2025-02-22,14:28:43.65,4,3,"Polishuk, Will",1000375103,Right,POM_COL,"Lang, Brad",1000127615,Left,CHA_UNI,Undefined,1,Top,2,1,1,ChangeUp,Splitter,BallCalled,Undefined,Undefined,Undefined,0,0,,81.52976,-0.947141,-5.462693,1107.050615,237.917806,2:00,6.22567,1.82795,5.003,-37.41427,7.32363,8.92284,2.20955,-2.60097,73.24405,-7.785164,-3.8974,0.481403,,,,,,,,,,,,-6.23725,4.45792,-1.30912,50,6.10462,10.84066,-117.45556,-3.29163,-8.53573,26.47249,-26.07332,POM_COL,CHA_UNI,PomonaPitzer,D3,Team,20250222-PomonaPitzer-2,60131500-f16c-11ef-bbfe-3dd3c01fa6e6,78.29698,,,8.28571,,,,,,,eca08de3-b488-4029-965a-0ebe30e993be,2025-02-22,22:28:43.65,2025-02-22T14:28:43.6539392-08:00,2025-02-22T22:28:43.6539392Z,,v3,POM_PIT,,,"Hattenburg, Xavier",10277269,Right,POM_COL,21975a5d-298c-44e9-9673-dae0c65be017,55.49187,-118.68688,13.23624,6.22952,-2.07888,-13.03666,-1.82259,11.23768,-4.26787,,,,,,,,,,,,,,,,,,,,,,,,,,,,,,,,,,,,,,,,,,,,,,,,,,,High,High,High,,,,,
20,2025-02-22,14:29:06.95,4,4,"Polishuk, Will",1000375103,Right,POM_COL,"Lang, Brad",1000127615,Left,CHA_UNI,Undefined,1,Top,2,2,1,Fastball,Four-Seam,BallCalled,Undefined,Undefined,Undefined,0,0,,87.94711,-4.260489,-4.430187,2072.335515,192.322273,12:30,6.35216,1.65551,5.0657,-16.60847,21.43245,4.37878,0.93138,-2.16521,79.67082,-7.383308,-3.660201,0.443912,,,,,,,,,,,,-3.51355,12.31796,-1.23752,50,5.93322,9.61278,-126.71464,-9.98677,-5.65912,28.15883,-12.33407,POM_COL,CHA_UNI,PomonaPitzer,D3,Team,20250222-PomonaPitzer-2,6dfca2d0-f16c-11ef-bbfe-3dd3c01fa6e6,84.90974,,,8.2763,,,,,,,eca08de3-b488-4029-965a-0ebe30e993be,2025-02-22,22:29:06.95,2025-02-22T14:29:06.9550080-08:00,2025-02-22T22:29:06.9550080Z,,v3,POM_PIT,,,"Hattenburg, Xavier",10277269,Right,POM_COL,9a862481-13c9-4c6e-8a27-019feb28ef5c,55.42982,-127.91557,14.07941,6.34793,-9.46074,-6.16704,-1.65264,9.85414,-2.82956,,,,,,,,,,,,,,,,,,,,,,,,,,,,,,,,,,,,,,,,,,,,,,,,,,,High,High,High,,,,,
21,2025-02-22,14:29:32.04,4,5,"Polishuk, Will",1000375103,Right,POM_COL,"Lang, Brad",1000127615,Left,CHA_UNI,Undefined,1,Top,2,3,1,Fastball,Sinker,BallCalled,Walk,Undefined,Undefined,0,0,,88.04611,-0.366189,-3.523994,1993.860663,231.918438,1:45,6.35544,1.7327,4.873,-25.35072,12.72296,14.46221,3.89571,-0.401,79.24897,-5.055108,-0.982708,0.444103,,,,,,,,,,,,-8.21607,6.7763,-1.39866,50,6.29865,7.14726,-127.28092,-1.76261,-13.29683,29.40393,-21.2073,POM_COL,CHA_UNI,PomonaPitzer,D3,Team,20250222-PomonaPitzer-2,7ce5c650-f16c-11ef-bbfe-3dd3c01fa6e6,84.87319,,,8.79714,,,,,,,eca08de3-b488-4029-965a-0ebe30e993be,2025-02-22,22:29:32.04,2025-02-22T14:29:32.0413184-08:00,2025-02-22T22:29:32.0413184Z,,v3,POM_PIT,,,"Hattenburg, Xavier",10277269,Right,POM_COL,795ee3b8-a227-4c1d-a52f-415812613079,55.62345,-128.57347,14.70196,6.35564,-0.83037,-10.60365,-1.72569,7.73177,-6.64842,,,,,,,,,,,,,,,,,,,,,,,,,,,,,,,,,,,,,,,,,,,,,,,,,,,High,High,High,,,,,
22,2025-02-22,14:30:05.27,5,1,"Polishuk, Will",1000375103,Right,POM_COL,"Campopiano, Matthew",1000268889,Left,CHA_UNI,Undefined,1,Top,2,0,0,Fastball,Four-Seam,StrikeCalled,Undefined,Undefined,Undefined,0,0,,89.19733,-3.648328,-3.527016,2123.517333,203.812001,12:45,6.40282,1.51377,5.08795,-15.57867,21.13611,8.75237,1.65477,-1.08537,80.90935,-6.593225,-1.983735,0.436106,,,,,,,,,,,,-5.38288,11.95087,-1.18692,50,6.04516,7.52806,-128.81354,-8.71766,-8.98188,28.48318,-12.23282,POM_COL,CHA_UNI,PomonaPitzer,D3,Team,20250222-PomonaPitzer-2,90bafbf0-f16c-11ef-bbfe-3dd3c01fa6e6,86.42957,,,8.28798,,,,,,,eca08de3-b488-4029-965a-0ebe30e993be,2025-02-22,22:30:05.27,2025-02-22T14:30:05.2748288-08:00,2025-02-22T22:30:05.2748288Z,,v3,POM_PIT,,,"Hattenburg, Xavier",10277269,Right,POM_COL,543ba363-1b92-426d-9e1b-63e8c8958d7c,55.40883,-130.00404,14.24159,6.39884,-8.20637,-6.11641,-1.50941,7.90347,-4.49094,,,,,,,,,,,,,,,,,,,,,,,,,,,,,,,,,,,,,,,,,,,,,,,,,,,High,High,High,,,,,
23,2025-02-22,14:30:24.30,5,2,"Polishuk, Will",1000375103,Right,POM_COL,"Campopiano, Matthew",1000268889,Left,CHA_UNI,Undefined,1,Top,2,0,1,Fastball,Four-Seam,InPlay,Undefined,Popup,Out,1,0,,88.43929,-2.901722,-2.419541,2141.598008,211.475433,1:00,6.40101,1.69166,5.04575,-17.82501,19.46836,11.11442,2.17373,0.33425,80.21758,-6.247597,-0.45744,0.439529,28.91051,-53.546905,-126.566245,,,,,2.06442,2.06441,-54.491466,0.064944,-6.27146,10.92945,-1.47034,50,6.11057,4.89597,-127.95334,-7.08647,-10.31299,28.3948,-14.20129,POM_COL,CHA_UNI,PomonaPitzer,D3,Team,20250222-PomonaPitzer-2,9c121f10-f16c-11ef-bbfe-3dd3c01fa6e6,85.75651,2.25832,,8.22171,,,,2.19291,2.25832,-0.34063,eca08de3-b488-4029-965a-0ebe30e993be,2025-02-22,22:30:24.30,2025-02-22T14:30:24.3049984-08:00,2025-02-22T22:30:24.3049984Z,GroundBall,v3,POM_PIT,,,"Hattenburg, Xavier",10277269,Right,POM_COL,45b14eb6-96ba-4def-a5af-2e0ba13fe783,55.45265,-129.1577,14.1974,6.39837,-6.48413,-7.10065,-1.68728,5.33339,-5.1565,,2.19598,-15.30312,,,,,,,,2.2653,-34.77358,,,,,,,,-0.33649,-20.63104,,,,,,,,,,,,,,,,,,,,,,,,,,,,,,High,High,High,Estimated,Estimated,,,
24,2025-02-22,14:32:46.17,1,1,"Godfrey, Colin",1000230506,Right,CHA_UNI,"Ng, JC",1000115591,Left,POM_COL,Undefined,1,Bottom,0,0,0,Fastball,Changeup,BallCalled,Undefined,Undefined,Undefined,0,0,,79.68679,-3.601661,-1.030967,1847.562517,198.655623,12:30,6.25467,1.19565,5.33908,-30.63974,14.37024,4.36481,0.31749,0.59209,73.47653,-9.202844,-0.25429,0.482865,,,,,,,,,,,,-2.48453,8.63878,-1.10593,50,5.90756,1.90514,-115.45544,-8.26111,-3.35894,21.17655,-20.49493,POM_COL,CHA_UNI,PomonaPitzer,D3,Team,20250222-PomonaPitzer-2,f0a8a1c0-f16c-11ef-bbfe-3dd3c01fa6e6,78.05998,,,6.21026,,,,,,,eca08de3-b488-4029-965a-0ebe30e993be,2025-02-22,22:32:46.17,2025-02-22T14:32:46.1790000-08:00,2025-02-22T22:32:46.1790000Z,,v3,POM_PIT,,,"Sturm, Charlie",1000141372,Right,CHA_UNI,382ca9c3-0531-4c66-8425-ef14d473ee6c,55.15991,-116.39801,10.58827,6.25496,-7.34887,-10.24746,-1.19405,2.05465,-1.67947,,,,,,,,,,,,,,,,,,,,,,,,,,,,,,,,,,,,,,,,,,,,,,,,,,,High,High,High,,,,,
25,2025-02-22,14:33:04.33,1,2,"Godfrey, Colin",1000230506,Right,CHA_UNI,"Ng, JC",1000115591,Left,POM_COL,Undefined,1,Bottom,0,1,0,ChangeUp,Four-Seam,BallCalled,Undefined,Undefined,Undefined,0,0,,69.75012,3.176388,-0.233856,1663.02002,210.580005,1:00,6.32308,1.15961,5.343,-45.00798,14.35709,7.28276,5.55518,1.54713,63.07879,-5.162814,1.058189,0.554545,,,,,,,,,,,,-3.66402,6.85248,-1.14371,50,6.57823,0.14225,-100.92373,4.30837,-3.74544,17.78889,-25.16926,POM_COL,CHA_UNI,PomonaPitzer,D3,Team,20250222-PomonaPitzer-2,fb86c450-f16c-11ef-bbfe-3dd3c01fa6e6,67.97002,,,6.67132,,,,,,,eca08de3-b488-4029-965a-0ebe30e993be,2025-02-22,22:33:04.33,2025-02-22T14:33:04.3350000-08:00,2025-02-22T22:33:04.3350000Z,,v3,POM_PIT,,,"Sturm, Charlie",1000141372,Right,CHA_UNI,ac720407-db48-4a44-a9d4-01773c41c0fd,55.14985,-101.8274,8.89444,6.32689,5.58696,-12.58463,-1.15577,0.33252,-1.87272,,,,,,,,,,,,,,,,,,,,,,,,,,,,,,,,,,,,,,,,,,,,,,,,,,,High,High,High,,,,,
26,2025-02-22,14:33:22.12,1,3,"Godfrey, Colin",1000230506,Right,CHA_UNI,"Ng, JC",1000115591,Left,POM_COL,Undefined,1,Bottom,0,2,0,Fastball,Changeup,BallCalled,Undefined,Undefined,Undefined,0,0,,82.44431,-0.184463,-2.398274,1895.534227,188.315033,12:15,6.39333,1.15961,5.3796,-26.87021,15.60926,2.0598,3.98107,-0.91828,74.45347,-5.205628,-2.032633,0.469095,,,,,,,,,,,,-1.77091,8.32469,-0.9463,50,6.35836,4.91018,-119.3662,-1.24469,-2.52457,25.53328,-20.30646,POM_COL,CHA_UNI,PomonaPitzer,D3,Team,20250222-PomonaPitzer-2,060d29f0-f16d-11ef-bbfe-3dd3c01fa6e6,80.35138,,,7.99084,,,,,,,eca08de3-b488-4029-965a-0ebe30e993be,2025-02-22,22:33:22.12,2025-02-22T14:33:22.1220000-08:00,2025-02-22T22:33:22.1220000Z,,v3,POM_PIT,,,"Sturm, Charlie",1000141372,Right,CHA_UNI,9bc5823e-676e-4fcb-aa7b-727d1056f39b,55.11399,-120.45515,12.76664,6.39297,-0.37866,-10.15323,-1.15801,5.01785,-1.26228,,,,,,,,,,,,,,,,,,,,,,,,,,,,,,,,,,,,,,,,,,,,,,,,,,,High,High,High,,,,,
27,2025-02-22,14:33:40.26,1,4,"Godfrey, Colin",1000230506,Right,CHA_UNI,"Ng, JC",1000115591,Left,POM_COL,Undefined,1,Bottom,0,3,0,Fastball,Cutter,BallCalled,Walk,Undefined,Undefined,0,0,,80.12721,2.385752,1.226607,1882.943123,168.801265,11:45,6.39141,1.20531,5.2421,-24.91179,20.63253,-3.75059,6.55944,2.04573,71.57913,-2.33226,0.562333,0.485723,,,,,,,,,,,,2.23776,9.92371,-1.31531,50,6.59305,-2.31567,-115.82684,4.09544,2.98517,25.27077,-18.93571,POM_COL,CHA_UNI,PomonaPitzer,D3,Team,20250222-PomonaPitzer-2,10e1fdb0-f16d-11ef-bbfe-3dd3c01fa6e6,77.60073,,,8.54809,,,,,,,eca08de3-b488-4029-965a-0ebe30e993be,2025-02-22,22:33:40.26,2025-02-22T14:33:40.2670000-08:00,2025-02-22T22:33:40.2670000Z,,v3,POM_PIT,,,"Sturm, Charlie",1000141372,Right,CHA_UNI,39959313-c565-4e96-b9dd-1469cb36cd81,55.24782,-116.96619,12.63538,6.38916,4.94917,-9.46785,-1.20787,-2.45026,1.49259,,,,,,,,,,,,,,,,,,,,,,,,,,,,,,,,,,,,,,,,,,,,,,,,,,,High,High,High,,,,,
28,2025-02-22,14:34:11.75,2,1,"Godfrey, Colin",1000230506,Right,CHA_UNI,"Berry, Cooper",1000276381,Left,POM_COL,Undefined,1,Bottom,0,0,0,Fastball,Cutter,StrikeCalled,Undefined,Undefined,Undefined,0,0,,82.42533,-2.850795,-1.273923,1892.103205,162.664678,11:30,6.31658,0.99757,5.17944,-22.9371,19.82139,-5.71296,1.71989,-0.67738,74.85934,-7.124465,-2.285714,0.470633,,,,,,,,,,,,2.44654,11.18914,-0.8746,50,6.03447,2.89894,-119.28767,-6.66507,3.49145,24.99677,-16.20603,POM_COL,CHA_UNI,PomonaPitzer,D3,Team,20250222-PomonaPitzer-2,23ab4190-f16d-11ef-bbfe-3dd3c01fa6e6,80.08876,,,7.56599,,,,,,,eca08de3-b488-4029-965a-0ebe30e993be,2025-02-22,22:34:11.75,2025-02-22T14:34:11.7550000-08:00,2025-02-22T22:34:11.7550000Z,,v3,POM_PIT,,,"Sturm, Charlie",1000141372,Right,CHA_UNI,e7792c0f-e59e-4de2-b0b4-7e6a3da5cc26,55.31617,-120.39652,12.49839,6.31418,-5.94617,-8.10302,-0.99976,2.74406,1.74572,,,,,,,,,,,,,,,,,,,,,,,,,,,,,,,,,,,,,,,,,,,,,,,,,,,High,High,High,,,,,
29,2025-02-22,14:34:25.86,2,2,"Godfrey, Colin",1000230506,Right,CHA_UNI,"Berry, Cooper",1000276381,Left,POM_COL,Undefined,1,Bottom,0,0,1,Fastball,Changeup,BallCalled,Undefined,Undefined,Undefined,0,0,,82.7579,1.936563,0.459286,1975.311001,212.048281,1:00,6.38586,1.07676,5.34084,-31.1449,10.83953,5.90512,5.60791,1.99972,74.95217,-3.839109,1.507569,0.466354,,,,,,,,,,,,-2.79433,5.28028,-1.12244,50,6.53866,-1.21662,-119.935,2.99821,-4.04114,24.73922,-24.53772,POM_COL,CHA_UNI,PomonaPitzer,D3,Team,20250222-PomonaPitzer-2,2c0c7d40-f16d-11ef-bbfe-3dd3c01fa6e6,80.8237,,,7.80574,,,,,,,eca08de3-b488-4029-965a-0ebe30e993be,2025-02-22,22:34:25.86,2025-02-22T14:34:25.8620000-08:00,2025-02-22T22:34:25.8620000Z,,v3,POM_PIT,,,"Sturm, Charlie",1000141372,Right,CHA_UNI,c2af9ef2-3e76-435e-aa97-6a0f6e8c976f,55.15467,-120.99359,12.36961,6.38791,4.04818,-12.26886,-1.07408,-1.0437,-2.02057,,,,,,,,,,,,,,,,,,,,,,,,,,,,,,,,,,,,,,,,,,,,,,,,,,,High,High,High,,,,,
30,2025-02-22,14:34:50.99,2,3,"Godfrey, Colin",1000230506,Right,CHA_UNI,"Berry, Cooper",1000276381,Left,POM_COL,Undefined,1,Bottom,0,1,1,Fastball,Sinker,BallCalled,Undefined,Undefined,Undefined,0,0,,84.53259,-5.134397,-1.427897,1936.444196,225.591427,1:30,6.28267,0.99913,5.15857,-28.68663,12.24926,11.00178,-0.95532,0.57159,77.09608,-10.354926,0.524298,0.460494,,,,,,,,,,,,-6.04252,8.12926,-0.87494,50,5.78032,2.58321,-122.06106,-11.97493,-9.00408,26.7821,-20.06044,POM_COL,CHA_UNI,PomonaPitzer,D3,Team,20250222-PomonaPitzer-2,3b011270-f16d-11ef-bbfe-3dd3c01fa6e6,81.85226,,,7.4365,,,,,,,eca08de3-b488-4029-965a-0ebe30e993be,2025-02-22,22:34:50.99,2025-02-22T14:34:50.9970000-08:00,2025-02-22T22:34:50.9970000Z,,v3,POM_PIT,,,"Sturm, Charlie",1000141372,Right,CHA_UNI,0fdf6ae2-31f1-47ca-8476-f2f9a1ff5182,55.34193,-123.22758,13.39105,6.28287,-11.10117,-10.03022,-0.996,2.97539,-4.50204,,,,,,,,,,,,,,,,,,,,,,,,,,,,,,,,,,,,,,,,,,,,,,,,,,,High,High,High,,,,,
31,2025-02-22,14:35:13.49,2,4,"Godfrey, Colin",1000230506,Right,CHA_UNI,"Berry, Cooper",1000276381,Left,POM_COL,Undefined,1,Bottom,0,2,1,Slider,Slider,BallCalled,Undefined,Undefined,Undefined,0,0,,76.23387,2.50143,-0.29059,2179.400847,203.00345,12:45,6.13171,1.33029,4.67971,-46.7218,4.83063,1.20732,4.61525,1.15493,68.13153,-6.02598,-0.078794,0.516768,,,,,,,,,,,,-0.67957,2.15626,-1.30186,50,6.34521,0.5057,-110.10455,3.13978,-0.81595,23.53966,-29.58502,POM_COL,CHA_UNI,PomonaPitzer,D3,Team,20250222-PomonaPitzer-2,48780850-f16d-11ef-bbfe-3dd3c01fa6e6,72.93875,,,8.10234,,,,,,,eca08de3-b488-4029-965a-0ebe30e993be,2025-02-22,22:35:13.49,2025-02-22T14:35:13.4940000-08:00,2025-02-22T22:35:13.4940000Z,,v3,POM_PIT,,,"Sturm, Charlie",1000141372,Right,CHA_UNI,8bc880b3-62b5-494b-99b9-08205b9d2a55,55.81233,-111.34025,11.76983,6.13963,4.69283,-14.79251,-1.32953,0.54853,-0.40798,,,,,,,,,,,,,,,,,,,,,,,,,,,,,,,,,,,,,,,,,,,,,,,,,,,High,High,High,,,,,
32,2025-02-22,14:35:33.62,2,5,"Godfrey, Colin",1000230506,Right,CHA_UNI,"Berry, Cooper",1000276381,Left,POM_COL,Undefined,1,Bottom,0,3,1,Fastball,Changeup,BallCalled,Walk,Undefined,Undefined,0,0,,85.98256,-4.896199,-1.846621,2034.022681,225.512039,1:30,6.39011,0.96803,5.18565,-23.41108,16.08568,14.91961,-0.18089,0.47339,78.19675,-9.208233,0.798977,0.452327,,,,,,,,,,,,-8.06414,9.96788,-0.80848,50,5.91684,3.35141,-124.16002,-11.43991,-12.45021,27.40177,-16.78469,POM_COL,CHA_UNI,PomonaPitzer,D3,Team,20250222-PomonaPitzer-2,546cf210-f16d-11ef-bbfe-3dd3c01fa6e6,83.33013,,,7.78582,,,,,,,eca08de3-b488-4029-965a-0ebe30e993be,2025-02-22,22:35:33.62,2025-02-22T14:35:33.6240000-08:00,2025-02-22T22:35:33.6240000Z,,v3,POM_PIT,,,"Sturm, Charlie",1000141372,Right,CHA_UNI,4600f852-49a0-4734-8223-674a9d22d35d,55.31312,-125.32712,13.70089,6.38887,-10.72501,-8.39234,-0.96252,3.88169,-6.22511,,,,,,,,,,,,,,,,,,,,,,,,,,,,,,,,,,,,,,,,,,,,,,,,,,,High,High,High,,,,,
33,2025-02-22,14:36:14.36,3,1,"Godfrey, Colin",1000230506,Right,CHA_UNI,"Pierantoni, Greg",1000091552,Right,POM_COL,Undefined,1,Bottom,0,0,0,Slider,Curveball,BallCalled,Undefined,Undefined,Undefined,0,0,,73.93989,4.649281,0.384801,2033.935959,109.203124,9:45,6.32132,1.36355,4.75445,-49.42908,4.32662,-7.50615,6.62115,1.10296,67.14231,-4.321766,-0.931278,0.527696,,,,,,,,,,,,3.7424,1.38362,-1.3953,50,6.7461,-0.40793,-106.8497,6.98498,4.32294,18.55208,-30.57578,POM_COL,CHA_UNI,PomonaPitzer,D3,Team,20250222-PomonaPitzer-2,6cbdebd0-f16d-11ef-bbfe-3dd3c01fa6e6,71.42834,,,6.79758,,,,,,,eca08de3-b488-4029-965a-0ebe30e993be,2025-02-22,22:36:14.36,2025-02-22T14:36:14.3660000-08:00,2025-02-22T22:36:14.3660000Z,,v3,POM_PIT,,,"Sturm, Charlie",1000141372,Right,CHA_UNI,960645a6-dcfd-4eae-be52-01384652fc08,55.74224,-107.8421,9.27604,6.32871,8.62057,-15.28789,-1.36729,-0.63917,2.16147,,,,,,,,,,,,,,,,,,,,,,,,,,,,,,,,,,,,,,,,,,,,,,,,,,,High,High,High,,,,,
34,2025-02-22,14:36:36.59,3,2,"Godfrey, Colin",1000230506,Right,CHA_UNI,"Pierantoni, Greg",1000091552,Right,POM_COL,Undefined,1,Bottom,0,1,0,Slider,Curveball,HitByPitch,Undefined,Undefined,Undefined,0,0,,75.6972,0.888265,0.473057,2046.897407,123.812044,10:15,6.27758,1.43278,4.6499,-47.47853,4.38969,-3.73914,3.16514,1.57068,68.44309,-7.723283,-0.183385,0.518349,,,,,,,,,,,,2.00067,2.32154,-1.47745,50,6.3254,-0.75214,-109.58215,0.0283,2.39291,22.32176,-29.39736,POM_COL,CHA_UNI,PomonaPitzer,D3,Team,20250222-PomonaPitzer-2,79fda510-f16d-11ef-bbfe-3dd3c01fa6e6,72.71637,,,7.25411,,,,,,,eca08de3-b488-4029-965a-0ebe30e993be,2025-02-22,22:36:36.59,2025-02-22T14:36:36.5910000-08:00,2025-02-22T22:36:36.5910000Z,,v3,POM_PIT,,,"Sturm, Charlie",1000141372,Right,CHA_UNI,4b3abe43-e692-4944-a8da-679635e4ffbc,55.84857,-110.76709,11.16088,6.28247,1.58884,-14.69868,-1.43415,-0.87916,1.19645,,,,,,,,,,,,,,,,,,,,,,,,,,,,,,,,,,,,,,,,,,,,,,,,,,,High,High,High,,,,,
35,2025-02-22,14:38:02.86,4,1,"Godfrey, Colin",1000230506,Right,CHA_UNI,"Gold, Jack",1000108729,Left,POM_COL,Undefined,1,Bottom,0,0,0,ChangeUp,Changeup,BallCalled,Undefined,Undefined,Undefined,0,0,,79.47769,2.745492,1.415054,1888.693352,205.681912,12:45,6.45407,1.09823,5.14055,-31.1147,15.8228,6.71071,6.44912,2.99015,70.42744,-3.090655,2.600453,0.493096,,,,,,,,,,,,-2.75122,7.38941,-1.23592,50,6.68864,-3.13058,-114.7012,4.51162,-3.56501,26.61954,-22.59886,POM_COL,CHA_UNI,PomonaPitzer,D3,Team,20250222-PomonaPitzer-2,ad674410-f16d-11ef-bbfe-3dd3c01fa6e6,76.44038,,,9.05025,,,,,,,eca08de3-b488-4029-965a-0ebe30e993be,2025-02-22,22:38:02.86,2025-02-22T14:38:02.8630000-08:00,2025-02-22T22:38:02.8630000Z,,v3,POM_PIT,,,"Sturm, Charlie",1000141372,Right,CHA_UNI,de7ac7ae-df95-4ae6-a2c4-32c4adeb182c,55.34778,-115.93566,13.30977,6.45512,5.55962,-11.29943,-1.09458,-2.96526,-1.7825,,,,,,,,,,,,,,,,,,,,,,,,,,,,,,,,,,,,,,,,,,,,,,,,,,,High,High,High,,,,,
36,2025-02-22,14:38:24.46,4,2,"Godfrey, Colin",1000230506,Right,CHA_UNI,"Gold, Jack",1000108729,Left,POM_COL,Undefined,1,Bottom,0,1,0,Fastball,Four-Seam,BallCalled,Undefined,Undefined,Undefined,0,0,,84.9571,-4.040613,-1.556403,1968.591641,205.237979,12:45,6.37651,1.00941,5.17482,-23.89615,16.53355,7.09918,0.5752,0.13606,77.10634,-8.458921,-0.298165,0.457637,,,,,,,,,,,,-4.03469,9.93863,-0.87021,50,5.98214,3.02584,-122.7878,-9.48078,-6.08619,27.02219,-17.18201,POM_COL,CHA_UNI,PomonaPitzer,D3,Team,20250222-PomonaPitzer-2,ba472a10-f16d-11ef-bbfe-3dd3c01fa6e6,82.36311,,,7.85076,,,,,,,eca08de3-b488-4029-965a-0ebe30e993be,2025-02-22,22:38:24.46,2025-02-22T14:38:24.4610000-08:00,2025-02-22T22:38:24.4610000Z,,v3,POM_PIT,,,"Sturm, Charlie",1000141372,Right,CHA_UNI,1b3644b9-531c-4934-b5bb-51ccc4bd1f31,55.32229,-123.95355,13.51109,6.37516,-8.73954,-8.59101,-1.00641,3.2884,-3.04309,,,,,,,,,,,,,,,,,,,,,,,,,,,,,,,,,,,,,,,,,,,,,,,,,,,High,High,High,,,,,
37,2025-02-22,14:38:41.94,4,3,"Godfrey, Colin",1000230506,Right,CHA_UNI,"Gold, Jack",1000108729,Left,POM_COL,Undefined,1,Bottom,0,2,0,Fastball,Changeup,BallCalled,Undefined,Undefined,Undefined,0,0,,80.08194,1.590503,0.224868,1921.407861,187.643484,12:15,6.42593,1.18196,5.30707,-27.28868,18.42749,2.23185,5.64527,1.57904,71.2134,-3.569227,0.620864,0.486638,,,,,,,,,,,,-1.01543,9.1276,-1.20396,50,6.55138,-0.55148,-115.77586,2.39244,-1.34393,26.63302,-20.09379,POM_COL,CHA_UNI,PomonaPitzer,D3,Team,20250222-PomonaPitzer-2,c4b043b0-f16d-11ef-bbfe-3dd3c01fa6e6,77.45475,,,8.86855,,,,,,,eca08de3-b488-4029-965a-0ebe30e993be,2025-02-22,22:38:41.94,2025-02-22T14:38:41.9430000-08:00,2025-02-22T22:38:41.9430000Z,,v3,POM_PIT,,,"Sturm, Charlie",1000141372,Right,CHA_UNI,24fd0008-6fa0-4f6d-9946-5a626b2babdb,55.18237,-116.96193,13.31651,6.42491,3.28729,-10.0469,-1.18073,-0.49163,-0.67197,,,,,,,,,,,,,,,,,,,,,,,,,,,,,,,,,,,,,,,,,,,,,,,,,,,High,High,High,,,,,
38,2025-02-22,14:39:05.68,4,4,"Godfrey, Colin",1000230506,Right,CHA_UNI,"Gold, Jack",1000108729,Left,POM_COL,Undefined,1,Bottom,0,3,0,Slider,Slider,StrikeCalled,Undefined,Undefined,Undefined,0,0,,78.96457,-0.987784,-1.849688,2139.255526,126.04401,10:15,6.19672,1.4732,4.87566,-44.42861,3.94358,-2.55626,1.55908,-0.49066,70.13077,-9.100868,-2.300469,0.500575,,,,,,,,,,,,0.52874,2.93662,-1.28906,50,6.06296,3.79122,-113.95726,-3.55792,0.66894,28.3314,-28.4589,POM_COL,CHA_UNI,PomonaPitzer,D3,Team,20250222-PomonaPitzer-2,d2e46f10-f16d-11ef-bbfe-3dd3c01fa6e6,75.29825,,,8.8338,,,,,,,eca08de3-b488-4029-965a-0ebe30e993be,2025-02-22,22:39:05.68,2025-02-22T14:39:05.6890000-08:00,2025-02-22T22:39:05.6890000Z,,v3,POM_PIT,,,"Sturm, Charlie",1000141372,Right,CHA_UNI,75261629-be76-4ef7-9e3a-c64956c30cd9,55.61668,-115.3452,14.1657,6.20311,-2.16374,-14.22945,-1.47398,3.75845,0.33447,,,,,,,,,,,,,,,,,,,,,,,,,,,,,,,,,,,,,,,,,,,,,,,,,,,High,High,High,,,,,
39,2025-02-22,14:39:23.12,4,5,"Godfrey, Colin",1000230506,Right,CHA_UNI,"Gold, Jack",1000108729,Left,POM_COL,Undefined,1,Bottom,0,3,1,Slider,Curveball,BallCalled,Walk,Undefined,Undefined,0,1,,76.31997,-0.583663,-0.772835,2158.744921,34.33701,7:15,6.21621,1.26541,4.76055,-54.64519,-2.27673,-3.17232,1.10892,0.26818,67.4897,-10.503001,-1.332296,0.520842,,,,,,,,,,,,1.21669,-0.11311,-1.18498,50,6.11081,1.62176,-110.07796,-3.09654,1.42454,27.85039,-32.30647,POM_COL,CHA_UNI,PomonaPitzer,D3,Team,20250222-PomonaPitzer-2,dd48f4d0-f16d-11ef-bbfe-3dd3c01fa6e6,72.36823,,,8.83027,,,,,,,eca08de3-b488-4029-965a-0ebe30e993be,2025-02-22,22:39:23.12,2025-02-22T14:39:23.1220000-08:00,2025-02-22T22:39:23.1220000Z,,v3,POM_PIT,,,"Sturm, Charlie",1000141372,Right,CHA_UNI,1fc38991-675f-409a-b829-d5d0065a0108,55.73049,-111.51839,13.92519,6.22776,-1.42565,-16.15324,-1.26695,1.54808,0.71227,,,,,,,,,,,,,,,,,,,,,,,,,,,,,,,,,,,,,,,,,,,,,,,,,,,High,High,High,,,,,
40,2025-02-22,14:40:04.72,5,1,"Godfrey, Colin",1000230506,Right,CHA_UNI,"Savas, Peter",1000276389,Right,POM_COL,Undefined,1,Bottom,0,0,0,Slider,Slider,StrikeCalled,Undefined,Undefined,Undefined,0,0,,77.23059,-0.583844,-1.990503,2175.961981,91.855214,9:00,6.19939,1.32993,4.76908,-47.4116,1.77319,-4.43044,1.69453,-0.9272,70.77817,-9.120524,-2.770069,0.504762,,,,,,,,,,,,1.58276,1.55453,-1.12643,50,6.09957,4.07408,-111.88154,-2.85638,1.99442,21.29097,-30.2152,POM_COL,CHA_UNI,PomonaPitzer,D3,Team,20250222-PomonaPitzer-2,f6162370-f16d-11ef-bbfe-3dd3c01fa6e6,74.67366,,,6.45242,,,,,,,eca08de3-b488-4029-965a-0ebe30e993be,2025-02-22,22:40:04.72,2025-02-22T14:40:04.7270000-08:00,2025-02-22T22:40:04.7270000Z,,v3,POM_PIT,,,"Sturm, Charlie",1000141372,Right,CHA_UNI,c3694cd6-6b08-4a40-b57d-d56824b7e0dd,55.72895,-112.96649,10.64549,6.2059,-1.31667,-15.1076,-1.33145,3.97245,0.99721,,,,,,,,,,,,,,,,,,,,,,,,,,,,,,,,,,,,,,,,,,,,,,,,,,,High,High,High,,,,,
41,2025-02-22,14:40:20.51,5,2,"Godfrey, Colin",1000230506,Right,CHA_UNI,"Savas, Peter",1000276389,Right,POM_COL,Undefined,1,Bottom,0,0,1,Slider,Curveball,InPlay,Undefined,LineDrive,Double,0,2,,78.06009,-0.325382,-1.800072,2186.22741,66.738811,8:15,6.14624,1.54762,4.95145,-49.22967,0.16433,-4.56969,1.73616,-0.53465,69.30477,-9.305217,-2.607181,0.505835,91.73862,23.127401,7.376026,2818.537667,107.9508,38.34826,21.13267,309.59207,308.51052,17.000999,3.64065,1.54264,0.79323,-1.36902,50,6.07476,3.73467,-112.70563,-2.38637,1.90507,28.08409,-31.19447,POM_COL,CHA_UNI,PomonaPitzer,D3,Team,20250222-PomonaPitzer-2,ff759540-f16d-11ef-bbfe-3dd3c01fa6e6,74.51535,45.62752,,8.75533,,,,2.17085,2.02323,0.49562,eca08de3-b488-4029-965a-0ebe30e993be,2025-02-22,22:40:20.51,2025-02-22T14:40:20.5150000-08:00,2025-02-22T22:40:20.5150000Z,LineDrive,v3,POM_PIT,,,"Sturm, Charlie",1000141372,Right,CHA_UNI,bb29d804-cea9-411c-b844-1a7e8941e9bd,55.5427,-114.0784,14.04205,6.15414,-0.86156,-15.59723,-1.5493,3.64155,0.95254,231.257586,2.17007,122.73885,-20.73788,4.81192,-1.29233,0.40031,-0.10908,0.01791,-0.0012,2.02391,52.82485,-17.16446,0.51248,0.31623,-0.21443,0.07051,-0.01126,0.00069,0.49572,15.87925,6.90738,-2.80803,0.83201,-0.19156,0.03385,-0.00378,0.00019,,,,,,,,,,,,,,,,,,,,,,,High,High,High,High,Medium,,,
42,2025-02-22,14:43:40.02,6,1,"Kingston, Jordan",1000363070,Right,CHA_UNI,"Wakil, Lateef",1000128267,Left,POM_COL,Undefined,1,Bottom,0,0,0,Fastball,Changeup,BallCalled,Undefined,Undefined,Undefined,0,0,,83.57211,-3.057263,-2.330484,1911.345383,227.621266,1:30,5.80614,1.67888,6.23752,-29.70943,10.99965,10.24253,0.50514,0.38146,74.80349,-8.650133,-0.478558,0.459216,,,,,,,,,,,,-6.12508,7.29768,-1.50979,50,5.56363,4.51766,-120.87896,-7.32757,-8.79772,29.97678,-21.69205,POM_COL,CHA_UNI,PomonaPitzer,D3,Team,20250222-PomonaPitzer-2,765e41c0-f16e-11ef-bbfe-3dd3c01fa6e6,82.07997,,,8.76862,,,,,,,eca08de3-b488-4029-965a-0ebe30e993be,2025-02-22,22:43:40.02,2025-02-22T14:43:40.0210000-08:00,2025-02-22T22:43:40.0210000Z,,v3,POM_PIT,,,"Sturm, Charlie",1000141372,Right,CHA_UNI,5c6c7830-7486-4e41-98a8-620a1f0f7b07,54.25683,-121.93004,14.98839,5.80722,-6.56697,-10.84603,-1.6736,4.82614,-4.39886,,,,,,,,,,,,,,,,,,,,,,,,,,,,,,,,,,,,,,,,,,,,,,,,,,,High,High,High,,,,,
43,2025-02-22,14:43:58.18,6,2,"Kingston, Jordan",1000363070,Right,CHA_UNI,"Wakil, Lateef",1000128267,Left,POM_COL,Undefined,1,Bottom,0,1,0,Fastball,Changeup,StrikeCalled,Undefined,Undefined,Undefined,0,0,,83.80879,-2.252984,-2.966583,2016.96012,212.129063,1:00,5.78807,1.6315,6.31113,-21.61639,18.38737,10.5856,1.90746,-0.22155,75.31051,-6.401493,-1.054243,0.455221,,,,,,,,,,,,-6.45292,10.73493,-1.41861,50,5.61238,5.87503,-121.34446,-5.33063,-9.42955,28.15864,-16.48731,POM_COL,CHA_UNI,PomonaPitzer,D3,Team,20250222-PomonaPitzer-2,8131dd00-f16e-11ef-bbfe-3dd3c01fa6e6,82.80038,,,8.49829,,,,,,,eca08de3-b488-4029-965a-0ebe30e993be,2025-02-22,22:43:58.18,2025-02-22T14:43:58.1840000-08:00,2025-02-22T22:43:58.1840000Z,,v3,POM_PIT,,,"Sturm, Charlie",1000141372,Right,CHA_UNI,f791a5bd-6ba6-4619-bb5a-53e888177689,54.18369,-122.31146,14.07932,5.78571,-4.76444,-8.24366,-1.62592,6.19885,-4.71477,,,,,,,,,,,,,,,,,,,,,,,,,,,,,,,,,,,,,,,,,,,,,,,,,,,High,High,High,,,,,
44,2025-02-22,14:44:20.83,6,3,"Kingston, Jordan",1000363070,Right,CHA_UNI,"Wakil, Lateef",1000128267,Left,POM_COL,Undefined,1,Bottom,0,1,1,Fastball,Four-Seam,InPlay,Undefined,LineDrive,Single,0,1,,82.69682,-1.936195,-2.331247,2145.935962,193.164031,12:30,5.79587,1.56011,6.36475,-23.51312,17.07091,3.65937,2.05252,-0.28144,75.04579,-6.410445,-1.669109,0.45851,80.83103,17.942174,5.580282,1759.933604,109.88251,23.84537,5.06864,222.81076,222.81076,-0.232626,2.587672,-2.63571,9.92335,-1.39309,50,5.6447,4.74885,-119.95475,-4.67361,-3.79672,25.6658,-17.87959,POM_COL,CHA_UNI,PomonaPitzer,D3,Team,20250222-PomonaPitzer-2,8eaec650-f16e-11ef-bbfe-3dd3c01fa6e6,82.20633,24.04424,,7.65103,,,,0.9039,2.04697,0.29754,eca08de3-b488-4029-965a-0ebe30e993be,2025-02-22,22:44:20.83,2025-02-22T14:44:20.8320000-08:00,2025-02-22T22:44:20.8320000Z,LineDrive,v3,POM_PIT,,,"Sturm, Charlie",1000141372,Right,CHA_UNI,1fe84120-eef7-4900-bdef-78bf721c7376,54.13277,-120.83577,12.8329,5.7946,-4.05986,-8.93979,-1.55834,4.87918,-1.89836,129.425701,0.90394,112.24943,-15.75369,3.14955,-0.50291,0.03692,0.00523,-0.0016,0.00015,2.04688,36.52622,-15.91425,0.77282,-0.23164,0.12769,-0.04342,0.00855,-0.00071,0.29765,10.96071,-7.99704,2.17056,-0.32089,-0.0427,0.03374,-0.0072,0.00059,,,,,,,,,,,,,,,,,,,,,,,High,High,High,High,High,,,
45,2025-02-22,14:45:08.75,7,1,"Kingston, Jordan",1000363070,Right,CHA_UNI,"Hattenburg, Xavier",10277269,Left,POM_COL,Undefined,1,Bottom,0,0,0,ChangeUp,Changeup,BallCalled,Undefined,Undefined,Undefined,0,0,,73.44633,0.922472,-0.365802,1506.440912,200.805567,12:45,6.0116,1.43552,6.15769,-38.02526,14.31776,4.6837,3.69515,1.48787,65.92663,-6.264307,0.479063,0.520716,,,,,,,,,,,,-2.51654,7.66981,-1.40993,50,6.06265,0.51407,-106.46064,0.72552,-2.82444,22.03619,-23.56584,POM_COL,CHA_UNI,PomonaPitzer,D3,Team,20250222-PomonaPitzer-2,ab444790-f16e-11ef-bbfe-3dd3c01fa6e6,72.38582,,,7.51969,,,,,,,eca08de3-b488-4029-965a-0ebe30e993be,2025-02-22,22:45:08.75,2025-02-22T14:45:08.7560000-08:00,2025-02-22T22:45:08.7560000Z,,v3,POM_PIT,,,"Sturm, Charlie",1000141372,Right,CHA_UNI,3750db92-3519-4080-b1d3-53e3a1bc092e,54.33509,-107.35421,11.01809,6.01386,1.68112,-11.78292,-1.4331,0.6286,-1.41222,,,,,,,,,,,,,,,,,,,,,,,,,,,,,,,,,,,,,,,,,,,,,,,,,,,High,High,High,,,,,
46,2025-02-22,14:45:33.13,7,2,"Kingston, Jordan",1000363070,Right,CHA_UNI,"Hattenburg, Xavier",10277269,Left,POM_COL,Undefined,1,Bottom,0,1,0,Curveball,Curveball,HitByPitch,Undefined,Undefined,Undefined,0,0,,68.72538,1.422058,-1.906793,2267.449517,52.151553,7:45,6.17252,1.13777,5.86731,-71.88,-11.49276,-17.56147,1.50451,-2.0976,62.76079,-11.714177,-5.063204,0.559299,,,,,,,,,,,,8.5393,-6.15044,-0.9723,50,6.24498,3.86458,-99.72,0.49886,8.39101,19.64326,-38.2177,POM_COL,CHA_UNI,PomonaPitzer,D3,Team,20250222-PomonaPitzer-2,b9d07e00-f16e-11ef-bbfe-3dd3c01fa6e6,67.39229,,,5.96459,,,,,,,eca08de3-b488-4029-965a-0ebe30e993be,2025-02-22,22:45:33.13,2025-02-22T14:45:33.1370000-08:00,2025-02-22T22:45:33.1370000Z,,v3,POM_PIT,,,"Sturm, Charlie",1000141372,Right,CHA_UNI,022bdc7e-989d-494b-a652-a9ae5d5e5744,54.637,-100.62927,9.82163,6.18094,2.26792,-19.10885,-1.14219,3.47617,4.19551,,,,,,,,,,,,,,,,,,,,,,,,,,,,,,,,,,,,,,,,,,,,,,,,,,,High,High,High,,,,,
47,2025-02-22,14:46:09.97,8,1,"Kingston, Jordan",1000363070,Right,CHA_UNI,"Kinney, William",1000092038,Right,POM_COL,Undefined,1,Bottom,0,0,0,Slider,Curveball,BallCalled,Undefined,Undefined,Undefined,0,0,,73.4057,-0.777143,-2.051091,2231.260872,72.414973,8:30,5.77965,1.63907,5.72174,-55.77054,-2.88229,-14.80532,0.40772,-1.50604,67.31882,-10.938444,-4.704653,0.523421,,,,,,,,,,,,6.89603,-0.69724,-1.4584,50,5.68045,4.33569,-106.47571,-3.13825,7.79466,20.91191,-32.96216,POM_COL,CHA_UNI,PomonaPitzer,D3,Team,20250222-PomonaPitzer-2,cfca1a40-f16e-11ef-bbfe-3dd3c01fa6e6,72.01172,,,6.08688,,,,,,,eca08de3-b488-4029-965a-0ebe30e993be,2025-02-22,22:46:09.97,2025-02-22T14:46:09.9720000-08:00,2025-02-22T22:46:09.9720000Z,,v3,POM_PIT,,,"Sturm, Charlie",1000141372,Right,CHA_UNI,8c74b0ec-52c9-43f8-a988-1a5788f2a674,54.77868,-107.41014,10.45596,5.78777,-1.66536,-16.48108,-1.64435,3.98739,3.89733,,,,,,,,,,,,,,,,,,,,,,,,,,,,,,,,,,,,,,,,,,,,,,,,,,,High,High,High,,,,,
48,2025-02-22,14:46:27.05,8,2,"Kingston, Jordan",1000363070,Right,CHA_UNI,"Kinney, William",1000092038,Right,POM_COL,Undefined,1,Bottom,0,1,0,Fastball,Changeup,StrikeCalled,Undefined,Undefined,Undefined,0,0,,83.07904,-1.454249,-3.03308,1979.3293,226.235976,1:30,5.77454,1.7709,6.28081,-30.23313,10.17379,9.13323,1.91256,-0.26621,75.3713,-7.131084,-1.383249,0.457509,,,,,,,,,,,,-5.65622,6.17607,-1.55099,50,5.65268,6.03026,-120.4341,-3.9461,-8.20871,25.98259,-23.21088,POM_COL,CHA_UNI,PomonaPitzer,D3,Team,20250222-PomonaPitzer-2,d9f344b0-f16e-11ef-bbfe-3dd3c01fa6e6,82.38629,,,7.70774,,,,,,,eca08de3-b488-4029-965a-0ebe30e993be,2025-02-22,22:46:27.05,2025-02-22T14:46:27.0520000-08:00,2025-02-22T22:46:27.0520000Z,,v3,POM_PIT,,,"Sturm, Charlie",1000141372,Right,CHA_UNI,1926c553-38c7-4005-bcd2-bb31138591f4,54.2156,-121.34017,12.9913,5.77617,-3.13668,-11.60544,-1.76627,6.31652,-4.10435,,,,,,,,,,,,,,,,,,,,,,,,,,,,,,,,,,,,,,,,,,,,,,,,,,,High,High,High,,,,,
49,2025-02-22,14:46:41.24,8,3,"Kingston, Jordan",1000363070,Right,CHA_UNI,"Kinney, William",1000092038,Right,POM_COL,Undefined,1,Bottom,0,1,1,Fastball,Four-Seam,BallCalled,Undefined,Undefined,Undefined,0,0,,83.58808,-2.693395,-2.65872,2165.310446,201.292224,12:45,5.82374,1.53262,6.26319,-26.07438,13.7078,4.81536,1.16303,-0.51923,76.27663,-7.591116,-1.788902,0.453958,,,,,,,,,,,,-3.27654,8.32772,-1.33772,50,5.61116,5.44221,-121.16563,-6.44717,-4.83917,25.11711,-19.87474,POM_COL,CHA_UNI,PomonaPitzer,D3,Team,20250222-PomonaPitzer-2,e26437d0-f16e-11ef-bbfe-3dd3c01fa6e6,83.03067,,,7.31145,,,,,,,eca08de3-b488-4029-965a-0ebe30e993be,2025-02-22,22:46:41.24,2025-02-22T14:46:41.2470000-08:00,2025-02-22T22:46:41.2470000Z,,v3,POM_PIT,,,"Sturm, Charlie",1000141372,Right,CHA_UNI,9a1be1fe-7077-42ad-91e2-61998539cc18,54.23369,-122.0401,12.55856,5.82357,-5.75522,-9.93737,-1.53013,5.6107,-2.41958,,,,,,,,,,,,,,,,,,,,,,,,,,,,,,,,,,,,,,,,,,,,,,,,,,,High,High,High,,,,,
50,2025-02-22,14:46:59.27,8,4,"Kingston, Jordan",1000363070,Right,CHA_UNI,"Kinney, William",1000092038,Right,POM_COL,Undefined,1,Bottom,0,2,1,Fastball,Four-Seam,StrikeCalled,Undefined,Undefined,Undefined,0,0,,83.86071,-2.258411,-3.52141,2199.003006,202.222951,12:45,5.78302,1.6623,6.27197,-25.01305,14.49426,5.37788,1.61164,-1.13988,76.50241,-6.969187,-2.551517,0.452387,,,,,,,,,,,,-3.80311,8.58989,-1.40404,50,5.60347,7.26937,-121.50777,-5.50358,-5.6562,24.96443,-19.39877,POM_COL,CHA_UNI,PomonaPitzer,D3,Team,20250222-PomonaPitzer-2,ed1ef3e0-f16e-11ef-bbfe-3dd3c01fa6e6,83.31899,,,7.3583,,,,,,,eca08de3-b488-4029-965a-0ebe30e993be,2025-02-22,22:46:59.27,2025-02-22T14:46:59.2720000-08:00,2025-02-22T22:46:59.2720000Z,,v3,POM_PIT,,,"Sturm, Charlie",1000141372,Right,CHA_UNI,bf7262a2-788b-46bb-a807-db0c1f756e02,54.22451,-122.37264,12.48222,5.7825,-4.83153,-9.69938,-1.65928,7.46532,-2.8281,,,,,,,,,,,,,,,,,,,,,,,,,,,,,,,,,,,,,,,,,,,,,,,,,,,High,High,High,,,,,
51,2025-02-22,14:47:15.81,8,5,"Kingston, Jordan",1000363070,Right,CHA_UNI,"Kinney, William",1000092038,Right,POM_COL,Undefined,1,Bottom,0,2,2,Fastball,Four-Seam,StrikeSwinging,Strikeout,Undefined,Undefined,0,0,,85.03494,-2.59936,-2.819698,2177.767651,208.523891,1:00,5.78287,1.51647,6.42308,-23.65623,14.69532,7.25229,1.41759,-0.47319,77.21302,-7.08411,-1.506184,0.445721,,,,,,,,,,,,-4.6317,8.87579,-1.31823,50,5.58645,5.791,-123.24242,-6.24551,-7.04787,26.92487,-18.66818,POM_COL,CHA_UNI,PomonaPitzer,D3,Team,20250222-PomonaPitzer-2,f6fc6f50-f16e-11ef-bbfe-3dd3c01fa6e6,84.56512,,,7.82192,,,,,,,eca08de3-b488-4029-965a-0ebe30e993be,2025-02-22,22:47:15.81,2025-02-22T14:47:15.8190000-08:00,2025-02-22T22:47:15.8190000Z,,v3,POM_PIT,,,"Sturm, Charlie",1000141372,Right,CHA_UNI,81f245c9-9eff-4686-945b-ffc0ca1b12ff,54.07324,-124.12911,13.46244,5.78201,-5.63073,-9.33409,-1.51276,6.02311,-3.52394,,,,,,,,,,,,,,,,,,,,,,,,,,,,,,,,,,,,,,,,,,,,,,,,,,,High,High,High,,,,,
52,2025-02-22,14:47:41.30,9,1,"Kingston, Jordan",1000363070,Right,CHA_UNI,"Legg, Jimmy",1000115608,Left,POM_COL,Undefined,1,Bottom,1,0,0,Fastball,Changeup,StrikeCalled,Undefined,Undefined,Undefined,0,0,,82.60759,-0.331965,-2.091015,1987.72827,250.478966,2:15,5.83718,1.58658,6.31027,-35.01045,5.16882,11.11745,2.61364,0.58596,75.9615,-6.850197,-0.079094,0.456218,,,,,,,,,,,,-6.32567,3.18134,-1.43825,50,5.79631,3.96923,-120.07052,-1.75544,-9.25506,22.76713,-27.51945,POM_COL,CHA_UNI,PomonaPitzer,D3,Team,20250222-PomonaPitzer-2,062beaa0-f16f-11ef-bbfe-3dd3c01fa6e6,82.61935,,,6.6461,,,,,,,eca08de3-b488-4029-965a-0ebe30e993be,2025-02-22,22:47:41.30,2025-02-22T14:47:41.3080000-08:00,2025-02-22T22:47:41.3080000Z,,v3,POM_PIT,,,"Sturm, Charlie",1000141372,Right,CHA_UNI,cb0a7a2e-78cb-47e2-b4a5-6e97c54ff0aa,54.1892,-120.86224,11.38357,5.84072,-0.79845,-13.75972,-1.58188,4.29108,-4.62753,,,,,,,,,,,,,,,,,,,,,,,,,,,,,,,,,,,,,,,,,,,,,,,,,,,High,High,High,,,,,
53,2025-02-22,14:47:57.93,9,2,"Kingston, Jordan",1000363070,Right,CHA_UNI,"Legg, Jimmy",1000115608,Left,POM_COL,Undefined,1,Bottom,1,0,1,Fastball,Changeup,FoulBallNotFieldable,Undefined,Undefined,Undefined,0,0,,83.80547,-1.078645,-2.143818,1917.676547,217.043944,1:15,5.79682,1.76341,6.22609,-28.58931,10.96556,7.26894,2.41834,0.39021,76.29933,-6.447333,-0.831067,0.452659,,,,,,,,,,,,-4.42453,6.40492,-1.60669,50,5.70198,4.2793,-121.65342,-3.13377,-6.57797,25.63538,-22.65181,POM_COL,CHA_UNI,PomonaPitzer,D3,Team,20250222-PomonaPitzer-2,1016faa0-f16f-11ef-bbfe-3dd3c01fa6e6,83.26891,,,7.50614,,,,,,,eca08de3-b488-4029-965a-0ebe30e993be,2025-02-22,22:47:57.93,2025-02-22T14:47:57.9370000-08:00,2025-02-22T22:47:57.9370000Z,,v3,POM_PIT,,,"Sturm, Charlie",1000141372,Right,CHA_UNI,61f3512b-0a5b-440d-aae6-cb41d56d013c,54.27246,-122.55042,12.81769,5.79777,-2.34116,-11.32591,-1.76045,4.50947,-3.28898,,,,,,,,,,,,,,,,,,,,,,,,,,,,,,,,,,,,,,,,,,,,,,,,,,,High,High,High,,,,,
54,2025-02-22,14:48:18.47,9,3,"Kingston, Jordan",1000363070,Right,CHA_UNI,"Legg, Jimmy",1000115608,Left,POM_COL,Undefined,1,Bottom,1,0,2,Fastball,Changeup,StrikeSwinging,Strikeout,Undefined,Undefined,0,0,,84.821,-2.723819,-1.594642,2200.593564,229.40512,1:45,5.77803,1.66349,6.23901,-27.34257,11.36075,11.69871,0.98408,1.16705,77.27552,-7.846334,0.521225,0.44776,,,,,,,,,,,,-6.54603,7.12843,-1.55016,50,5.56147,2.9731,-123.03129,-6.66516,-9.93875,26.55883,-21.35104,POM_COL,CHA_UNI,PomonaPitzer,D3,Team,20250222-PomonaPitzer-2,1c554970-f16f-11ef-bbfe-3dd3c01fa6e6,84.17994,,,7.54548,,,,,,,eca08de3-b488-4029-965a-0ebe30e993be,2025-02-22,22:48:18.47,2025-02-22T14:48:18.4700000-08:00,2025-02-22T22:48:18.4700000Z,,v3,POM_PIT,,,"Sturm, Charlie",1000141372,Right,CHA_UNI,0cecdf8d-3eb3-4bc6-aaf9-48cdb27404f7,54.25897,-123.94727,13.27941,5.77865,-5.92879,-10.67552,-1.65861,3.31588,-4.96937,,,,,,,,,,,,,,,,,,,,,,,,,,,,,,,,,,,,,,,,,,,,,,,,,,,High,High,High,,,,,
55,2025-02-22,14:48:46.93,10,1,"Kingston, Jordan",1000363070,Right,CHA_UNI,"Ng, JC",1000115591,Left,POM_COL,Undefined,1,Bottom,2,0,0,Fastball,Cutter,InPlay,Undefined,FlyBall,Out,1,0,,84.48395,-0.55205,-2.016766,2162.299836,175.493335,11:45,5.76292,1.75178,6.39887,-22.73773,15.96544,-1.15492,3.36009,-0.19993,76.69216,-4.887843,-2.225824,0.447759,,,,,,,,,,,,-0.01213,8.89174,-1.60661,50,5.7128,4.36274,-122.66624,-1.78835,-0.01827,26.38414,-18.75276,POM_COL,CHA_UNI,PomonaPitzer,D3,Team,20250222-PomonaPitzer-2,2d47d180-f16f-11ef-bbfe-3dd3c01fa6e6,84.18014,,,7.79179,,,,,,,eca08de3-b488-4029-965a-0ebe30e993be,2025-02-22,22:48:46.93,2025-02-22T14:48:46.9350000-08:00,2025-02-22T22:48:46.9350000Z,,v3,POM_PIT,,,"Sturm, Charlie",1000141372,Right,CHA_UNI,b8cce746-f727-418b-a70a-b734b576b348,54.09884,-123.54471,13.19207,5.76195,-1.16397,-9.37638,-1.75188,4.36335,-0.00914,,,,,,,,,,,,,,,,,,,,,,,,,,,,,,,,,,,,,,,,,,,,,,,,,,,High,High,High,,,,,
56,2025-02-22,14:50:52.79,1,1,"Polishuk, Will",1000375103,Right,POM_COL,"Phillips, Josh",1000127619,Right,CHA_UNI,Undefined,2,Top,0,0,0,Slider,Curveball,StrikeCalled,Undefined,Undefined,Undefined,0,0,,76.32933,1.1127,-1.546118,2174.142785,40.244997,7:15,6.31847,1.46481,4.54909,-54.19849,-3.44087,-4.33177,2.86166,-0.36832,69.79901,-8.608705,-2.305199,0.512769,,,,,,,,,,,,1.64575,-1.47654,-1.29968,50,6.38322,3.16856,-110.57252,0.12865,2.02505,20.84244,-33.99088,POM_COL,CHA_UNI,PomonaPitzer,D3,Team,20250222-PomonaPitzer-2,7856c0f0-f16f-11ef-bbfe-3dd3c01fa6e6,73.50758,,,6.53032,,,,,,,eca08de3-b488-4029-965a-0ebe30e993be,2025-02-22,22:50:52.79,2025-02-22T14:50:52.7950000-08:00,2025-02-22T22:50:52.7950000Z,,v3,POM_PIT,,,"Hattenburg, Xavier",10277269,Right,POM_COL,f9940516-abc3-402e-a477-5bc7d74fb25a,55.95009,-111.68846,10.42122,6.32761,1.94857,-16.99544,-1.46642,3.06013,1.01253,,,,,,,,,,,,,,,,,,,,,,,,,,,,,,,,,,,,,,,,,,,,,,,,,,,High,High,High,,,,,
57,2025-02-22,14:51:10.20,1,2,"Polishuk, Will",1000375103,Right,POM_COL,"Phillips, Josh",1000127619,Right,CHA_UNI,Undefined,2,Top,0,0,1,Fastball,Four-Seam,BallCalled,Undefined,Undefined,Undefined,0,0,,88.45626,-3.621737,-3.776974,2107.25668,192.94064,12:30,6.55084,1.29786,5.02636,-18.70552,18.74351,4.00343,1.56257,-1.93764,80.35107,-7.106009,-3.072284,0.440445,,,,,,,,,,,,-3.09902,10.74209,-0.93937,50,6.18887,8.24057,-127.6808,-8.73044,-5.08084,27.96693,-14.56237,POM_COL,CHA_UNI,PomonaPitzer,D3,Team,20250222-PomonaPitzer-2,82ac79a0-f16f-11ef-bbfe-3dd3c01fa6e6,85.57805,,,8.10519,,,,,,,eca08de3-b488-4029-965a-0ebe30e993be,2025-02-22,22:51:10.20,2025-02-22T14:51:10.2090000-08:00,2025-02-22T22:51:10.2090000Z,,v3,POM_PIT,,,"Hattenburg, Xavier",10277269,Right,POM_COL,3437a00b-39a0-4cb2-be2c-ae9e1aeb210f,55.46959,-128.87328,13.98347,6.54788,-8.10951,-7.28118,-1.29536,8.45721,-2.54042,,,,,,,,,,,,,,,,,,,,,,,,,,,,,,,,,,,,,,,,,,,,,,,,,,,High,High,High,,,,,
58,2025-02-22,14:51:28.43,1,3,"Polishuk, Will",1000375103,Right,POM_COL,"Phillips, Josh",1000127619,Right,CHA_UNI,Undefined,2,Top,0,1,1,Fastball,Four-Seam,FoulBallNotFieldable,Undefined,Undefined,Undefined,0,0,,87.76565,-2.312947,-1.743004,2090.878507,207.793587,1:00,6.48569,1.39612,4.93057,-20.67222,17.37615,8.44658,2.57445,0.45189,79.4903,-6.161332,-0.253966,0.443956,,,,,,,,,,,,-4.73591,9.69792,-1.23393,50,6.24407,3.4763,-127.03309,-5.86035,-7.6595,28.51376,-16.48932,POM_COL,CHA_UNI,PomonaPitzer,D3,Team,20250222-PomonaPitzer-2,8d8a7520-f16f-11ef-bbfe-3dd3c01fa6e6,84.90138,,,8.27535,,,,,,,eca08de3-b488-4029-965a-0ebe30e993be,2025-02-22,22:51:28.43,2025-02-22T14:51:28.4320000-08:00,2025-02-22T22:51:28.4320000Z,,v3,POM_PIT,,,"Hattenburg, Xavier",10277269,Right,POM_COL,65c9dcdc-af41-4dd3-a0ce-99e294f50ceb,55.56749,-128.27668,14.25688,6.48398,-5.1412,-8.24466,-1.39283,3.81035,-3.82975,,,,,,,,,,,,,,,,,,,,,,,,,,,,,,,,,,,,,,,,,,,,,,,,,,,High,High,High,,,,,
59,2025-02-22,14:51:48.60,1,4,"Polishuk, Will",1000375103,Right,POM_COL,"Phillips, Josh",1000127619,Right,CHA_UNI,Undefined,2,Top,0,1,2,Slider,Curveball,FoulBallNotFieldable,Undefined,Undefined,Undefined,0,0,,75.77695,1.490601,-1.73967,2171.69696,32.184753,7:00,6.26625,1.31402,4.96772,-57.96495,-7.0139,-5.51063,2.84486,-0.78904,69.0531,-8.978328,-2.712698,0.513746,,,,,,,,,,,,2.19752,-3.50599,-1.14095,50,6.36248,3.55341,-109.79938,0.82662,2.64998,21.65397,-36.4019,POM_COL,CHA_UNI,PomonaPitzer,D3,Team,20250222-PomonaPitzer-2,999d4720-f16f-11ef-bbfe-3dd3c01fa6e6,73.36791,,,6.72384,,,,,,,eca08de3-b488-4029-965a-0ebe30e993be,2025-02-22,22:51:48.60,2025-02-22T14:51:48.6080000-08:00,2025-02-22T22:51:48.6080000Z,,v3,POM_PIT,,,"Hattenburg, Xavier",10277269,Right,POM_COL,079d4d28-f7cb-4c09-a99a-e7f775960def,55.53329,-110.88525,10.82699,6.27526,2.65205,-18.20095,-1.31581,3.42052,1.32499,,,,,,,,,,,,,,,,,,,,,,,,,,,,,,,,,,,,,,,,,,,,,,,,,,,High,High,High,,,,,
60,2025-02-22,14:52:12.30,1,5,"Polishuk, Will",1000375103,Right,POM_COL,"Phillips, Josh",1000127619,Right,CHA_UNI,Undefined,2,Top,0,1,2,Fastball,Four-Seam,BallCalled,Undefined,Undefined,Undefined,0,0,,88.51396,0.183566,-3.653893,2110.798247,206.248265,12:45,6.68229,1.19542,5.23569,-18.37485,18.91721,8.64477,5.32395,-1.52331,79.31425,-3.309384,-2.126464,0.439521,,,,,,,,,,,,-5.46685,9.74233,-0.86538,50,6.68623,7.76395,-127.93716,-0.16761,-8.91155,30.45333,-16.29308,POM_COL,CHA_UNI,PomonaPitzer,D3,Team,20250222-PomonaPitzer-2,a7b278d0-f16f-11ef-bbfe-3dd3c01fa6e6,85.75796,,,9.19971,,,,,,,eca08de3-b488-4029-965a-0ebe30e993be,2025-02-22,22:52:12.30,2025-02-22T14:52:12.3050000-08:00,2025-02-22T22:52:12.3050000Z,,v3,POM_PIT,,,"Hattenburg, Xavier",10277269,Right,POM_COL,1a679891-658d-46da-8f1f-5df9e470a74c,55.25856,-129.18281,15.22667,6.67946,0.49883,-8.14654,-1.1904,8.12846,-4.45577,,,,,,,,,,,,,,,,,,,,,,,,,,,,,,,,,,,,,,,,,,,,,,,,,,,High,High,High,,,,,
61,2025-02-22,14:52:31.56,1,6,"Polishuk, Will",1000375103,Right,POM_COL,"Phillips, Josh",1000127619,Right,CHA_UNI,Undefined,2,Top,0,2,2,Fastball,Four-Seam,InPlay,Undefined,FlyBall,Out,1,0,,87.90815,-3.783864,-2.58275,2178.090468,208.422049,1:00,6.51809,1.31674,4.97969,-18.64332,19.72143,9.85997,1.38211,-0.30243,78.91654,-7.289318,-0.844322,0.445797,99.64999,31.305632,3.131424,,109.16177,65.71912,13.55391,333.52224,330.7135,13.592478,5.335001,-5.76551,11.46402,-1.076,50,6.13805,5.26451,-126.85867,-9.01537,-9.20738,30.79605,-13.86634,POM_COL,CHA_UNI,PomonaPitzer,D3,Team,20250222-PomonaPitzer-2,b32b7bd0-f16f-11ef-bbfe-3dd3c01fa6e6,84.55061,93.12745,,8.99161,,,,1.95815,1.68723,0.26479,eca08de3-b488-4029-965a-0ebe30e993be,2025-02-22,22:52:31.56,2025-02-22T14:52:31.5610000-08:00,2025-02-22T22:52:31.5610000Z,FlyBall,v3,POM_PIT,,,"Hattenburg, Xavier",10277269,Right,POM_COL,d4166e6d-ef47-444a-8161-331cae19d2b9,55.51675,-128.19091,15.39803,6.51509,-8.41551,-6.93317,-1.31237,5.66282,-4.60369,204.484779,1.96441,124.56022,-32.47556,8.37999,-1.48342,0.12867,0.0061,-0.00215,0.00012,1.68286,76.01954,-16.19118,-0.56378,0.58911,-0.2009,0.04531,-0.00574,0.00029,0.26275,6.86665,7.2287,-3.02288,0.78287,-0.12804,0.01165,-0.00045,0,,,,,,,,,,,,,,,,,,,,,,,High,High,High,Medium,Medium,,,
62,2025-02-22,14:53:06.71,2,1,"Polishuk, Will",1000375103,Right,POM_COL,"Golbranson, Tommy",1000122571,Right,CHA_UNI,Undefined,2,Top,1,0,0,Fastball,Four-Seam,BallCalled,Undefined,Undefined,Undefined,0,0,,88.15143,-4.558934,-3.1409,2224.452597,210.756673,1:00,6.52622,1.3399,5.0446,-17.77489,20.3367,11.21595,0.72905,-0.69115,79.2622,-7.904773,-1.162419,0.444324,,,,,,,,,,,,-6.59599,12.01257,-1.0496,50,6.07682,6.44885,-127.05171,-10.71814,-10.58601,30.43687,-12.89487,POM_COL,CHA_UNI,PomonaPitzer,D3,Team,20250222-PomonaPitzer-2,c81e2f60-f16f-11ef-bbfe-3dd3c01fa6e6,84.83095,,,8.88923,,,,,,,eca08de3-b488-4029-965a-0ebe30e993be,2025-02-22,22:53:06.71,2025-02-22T14:53:06.7120000-08:00,2025-02-22T22:53:06.7120000Z,,v3,POM_PIT,,,"Hattenburg, Xavier",10277269,Right,POM_COL,79b09a00-3fb6-44d5-b6c6-93ade8107fbb,55.45137,-128.35101,15.21844,6.52261,-10.16767,-6.44744,-1.33453,6.90075,-5.29301,,,,,,,,,,,,,,,,,,,,,,,,,,,,,,,,,,,,,,,,,,,,,,,,,,,High,High,High,,,,,
63,2025-02-22,14:53:23.61,2,2,"Polishuk, Will",1000375103,Right,POM_COL,"Golbranson, Tommy",1000122571,Right,CHA_UNI,Undefined,2,Top,1,1,0,Fastball,Four-Seam,BallCalled,Undefined,Undefined,Undefined,0,0,,88.91084,-0.444895,-2.445951,2185.011189,214.844039,1:15,6.49092,1.42866,5.01094,-16.67225,20.7104,13.40532,4.68125,0.23571,79.3071,-3.636521,-0.081946,0.440055,,,,,,,,,,,,-7.39111,10.75882,-1.20506,50,6.43577,4.83712,-128.52731,-1.51403,-12.0985,31.96077,-14.56292,POM_COL,CHA_UNI,PomonaPitzer,D3,Team,20250222-PomonaPitzer-2,d22dde60-f16f-11ef-bbfe-3dd3c01fa6e6,85.65401,,,9.60374,,,,,,,eca08de3-b488-4029-965a-0ebe30e993be,2025-02-22,22:53:23.61,2025-02-22T14:53:23.6120000-08:00,2025-02-22T22:53:23.6120000Z,,v3,POM_PIT,,,"Hattenburg, Xavier",10277269,Right,POM_COL,a6252984-8059-4a92-a64a-2ac05ac3f193,55.48241,-129.88346,15.98039,6.4869,-0.8961,-7.28146,-1.42119,5.35048,-6.04925,,,,,,,,,,,,,,,,,,,,,,,,,,,,,,,,,,,,,,,,,,,,,,,,,,,High,High,High,,,,,
64,2025-02-22,14:53:42.26,2,3,"Polishuk, Will",1000375103,Right,POM_COL,"Golbranson, Tommy",1000122571,Right,CHA_UNI,Undefined,2,Top,1,2,0,Fastball,Four-Seam,FoulBallNotFieldable,Undefined,Undefined,Undefined,0,0,,88.39767,-2.299858,-2.816495,2125.51465,214.675849,1:15,6.47134,1.29298,5.08455,-18.71918,18.99056,12.12548,2.73981,-0.35348,79.20044,-5.839075,-0.675413,0.441976,,,,,,,,,,,,-6.96713,10.61178,-1.03629,50,6.23954,5.71764,-127.73064,-5.74911,-11.27869,31.24468,-14.99525,POM_COL,CHA_UNI,PomonaPitzer,D3,Team,20250222-PomonaPitzer-2,dd542d80-f16f-11ef-bbfe-3dd3c01fa6e6,85.28172,,,9.19723,,,,,,,eca08de3-b488-4029-965a-0ebe30e993be,2025-02-22,22:53:42.26,2025-02-22T14:53:42.2640000-08:00,2025-02-22T22:53:42.2640000Z,,v3,POM_PIT,,,"Hattenburg, Xavier",10277269,Right,POM_COL,71d0ff20-74b4-4f2d-8d55-6767416ceda0,55.41134,-129.04754,15.62234,6.46854,-5.11709,-7.49762,-1.28729,6.19301,-5.63934,,,,,,,,,,,,,,,,,,,,,,,,,,,,,,,,,,,,,,,,,,,,,,,,,,,High,High,High,,,,,
65,2025-02-22,14:54:02.37,2,4,"Polishuk, Will",1000375103,Right,POM_COL,"Golbranson, Tommy",1000122571,Right,CHA_UNI,Undefined,2,Top,1,2,1,Slider,Slider,BallCalled,Undefined,Undefined,Undefined,0,0,,77.58157,2.483209,-1.575745,2110.082124,100.917824,9:15,6.31498,1.29787,5.03409,-45.52333,3.25583,-7.8139,4.86654,-0.84032,69.9055,-5.843332,-2.953996,0.502676,,,,,,,,,,,,3.32795,1.36378,-1.14083,50,6.51653,3.41489,-112.22057,3.28109,4.17837,23.2321,-30.46178,POM_COL,CHA_UNI,PomonaPitzer,D3,Team,20250222-PomonaPitzer-2,e9554c40-f16f-11ef-bbfe-3dd3c01fa6e6,74.98349,,,7.67607,,,,,,,eca08de3-b488-4029-965a-0ebe30e993be,2025-02-22,22:54:02.37,2025-02-22T14:54:02.3710000-08:00,2025-02-22T22:54:02.3710000Z,,v3,POM_PIT,,,"Hattenburg, Xavier",10277269,Right,POM_COL,e0f62793-60c8-48ae-ab42-850859f4aa85,55.46157,-113.3456,11.61605,6.32192,4.75622,-15.23089,-1.3013,3.21255,2.08918,,,,,,,,,,,,,,,,,,,,,,,,,,,,,,,,,,,,,,,,,,,,,,,,,,,High,High,High,,,,,
66,2025-02-22,14:54:20.14,2,5,"Polishuk, Will",1000375103,Right,POM_COL,"Golbranson, Tommy",1000122571,Right,CHA_UNI,Undefined,2,Top,1,3,1,Fastball,Sinker,InPlay,Undefined,GroundBall,Out,1,0,,87.55296,-2.764679,-3.284608,2062.25088,224.297721,1:30,6.45974,1.49547,4.99475,-22.30249,16.29536,14.44186,1.98461,-0.40561,78.60238,-6.922708,-0.739023,0.44715,90.19305,-16.433702,-8.954344,,,,,7.71583,7.71583,-4.068492,0.049955,-8.23414,9.40579,-1.1915,50,6.17591,6.57964,-126.40619,-6.89268,-13.0681,30.36051,-17.24649,POM_COL,CHA_UNI,PomonaPitzer,D3,Team,20250222-PomonaPitzer-2,f3e7bfd0-f16f-11ef-bbfe-3dd3c01fa6e6,84.29488,1.87238,,8.95059,,,,1.42573,1.87238,0.44062,eca08de3-b488-4029-965a-0ebe30e993be,2025-02-22,22:54:20.14,2025-02-22T14:54:20.1490000-08:00,2025-02-22T22:54:20.1490000Z,GroundBall,v3,POM_PIT,,,"Hattenburg, Xavier",10277269,Right,POM_COL,fd753a39-a51c-441c-be6c-807801aff94c,55.5013,-127.72067,15.18025,6.45817,-6.14598,-8.62325,-1.48862,7.14543,-6.53405,180,1.42418,125.52538,,,,,,,,1.87285,-37.48117,,,,,,,,0.44087,-19.77875,,,,,,,,,,,,,,,,,,,,,,,,,,,,,,High,High,High,High,High,,,
67,2025-02-22,14:54:52.19,3,1,"Polishuk, Will",1000375103,Right,POM_COL,"Powers, Andrew",1000111246,Left,CHA_UNI,Undefined,2,Top,2,0,0,Fastball,Four-Seam,FoulBallNotFieldable,Undefined,Undefined,Undefined,0,0,,88.32697,-1.519819,-1.946735,2074.06206,192.55814,12:30,6.40812,1.69299,4.95508,-14.94233,22.96978,4.78992,3.72577,0.25209,78.98252,-4.397196,-1.102727,0.44316,64.15933,44.583665,-160.797599,,,,,,12.64276,,,-3.0326,12.2841,-1.50848,50,6.24979,4.11529,-127.71498,-3.83648,-4.90368,31.45227,-12.31077,POM_COL,CHA_UNI,PomonaPitzer,D3,Team,20250222-PomonaPitzer-2,0700f870-f170-11ef-bbfe-3dd3c01fa6e6,85.05385,16.07896,,9.34444,,,,1.03887,3.70558,-0.24605,eca08de3-b488-4029-965a-0ebe30e993be,2025-02-22,22:54:52.19,2025-02-22T14:54:52.1960000-08:00,2025-02-22T22:54:52.1960000Z,,v3,POM_PIT,,,"Hattenburg, Xavier",10277269,Right,POM_COL,dc248f5a-a6e9-49a5-b39c-a177c2ea3228,55.54053,-129.07223,15.72614,6.40388,-3.30524,-6.15539,-1.69063,4.3269,-2.45184,21.826911,1.03929,-63.31922,-0.0433,,,,,,,3.70639,66.00051,-24.30904,,,,,,,-0.2463,-22.02733,3.39048,,,,,,,,,,,,,,,,,,,,,,,,,,,,,High,High,High,High,Undefined,,,
68,2025-02-22,14:55:08.72,3,2,"Polishuk, Will",1000375103,Right,POM_COL,"Powers, Andrew",1000111246,Left,CHA_UNI,Undefined,2,Top,2,0,1,Fastball,Four-Seam,InPlay,Undefined,FlyBall,Out,1,0,,88.55355,-3.091011,-2.93374,2081.192536,212.836181,1:00,6.28761,1.77481,5.02775,-20.47489,17.06249,10.10351,1.6581,-0.15385,79.82415,-6.912151,-1.151419,0.440964,54.83868,-10.192487,25.663572,,,,,12.34211,8.93056,20.900129,0.123768,-5.9689,9.86044,-1.50262,50,5.97575,6.08583,-127.92317,-7.62739,-9.73865,30.17629,-16.08603,POM_COL,CHA_UNI,PomonaPitzer,D3,Team,20250222-PomonaPitzer-2,10dbdbd0-f170-11ef-bbfe-3dd3c01fa6e6,85.47733,1.76846,,8.72941,,,,2.66427,1.76846,0.14306,eca08de3-b488-4029-965a-0ebe30e993be,2025-02-22,22:55:08.72,2025-02-22T14:55:08.7280000-08:00,2025-02-22T22:55:08.7280000Z,GroundBall,v3,POM_PIT,,,"Hattenburg, Xavier",10277269,Right,POM_COL,258acf3a-f078-4f47-a14f-0ca404a0f3df,55.46923,-129.20688,15.08815,6.28567,-6.94308,-8.04302,-1.77033,6.50012,-4.86932,180,2.65868,71.63229,,,,,,,,1.76957,-14.28851,,,,,,,,0.14037,34.41822,,,,,,,,,,,,,,,,,,,,,,,,,,,,,,High,High,High,Low,Low,,,
69,2025-02-22,14:57:21.59,1,1,"Kingston, Jordan",1000363070,Right,CHA_UNI,"Berry, Cooper",1000276381,Left,POM_COL,Undefined,2,Bottom,0,0,0,Fastball,Changeup,StrikeCalled,Undefined,Undefined,Undefined,0,0,,79.88103,-0.752505,-0.849353,2140.324831,214.2868,1:15,5.83449,1.68377,5.88948,-29.41273,14.67135,8.98024,2.68459,1.64341,72.67602,-6.264841,0.763214,0.477873,,,,,,,,,,,,-4.80229,8.18457,-1.62022,50,5.7571,1.36701,-115.91561,-2.38189,-6.48605,23.14949,-21.11989,POM_COL,CHA_UNI,PomonaPitzer,D3,Team,20250222-PomonaPitzer-2,600d72e0-f170-11ef-bbfe-3dd3c01fa6e6,78.87546,,,7.205,,,,,,,eca08de3-b488-4029-965a-0ebe30e993be,2025-02-22,22:57:21.59,2025-02-22T14:57:21.5990000-08:00,2025-02-22T22:57:21.5990000Z,,v3,POM_PIT,,,"Sturm, Charlie",1000141372,Right,CHA_UNI,a6eea05e-2f37-4849-b5f5-8e46423210bb,54.60593,-116.83184,11.57475,5.83483,-1.54599,-10.55994,-1.6794,1.62372,-3.24303,,,,,,,,,,,,,,,,,,,,,,,,,,,,,,,,,,,,,,,,,,,,,,,,,,,High,High,High,,,,,
70,2025-02-22,14:57:34.35,1,2,"Kingston, Jordan",1000363070,Right,CHA_UNI,"Berry, Cooper",1000276381,Left,POM_COL,Undefined,2,Bottom,0,0,1,ChangeUp,Curveball,BallCalled,Undefined,Undefined,Undefined,0,0,,69.26909,0.757334,0.73086,1828.129047,237.142972,2:00,5.98776,1.41031,5.60181,-47.51573,11.8791,15.25753,2.73522,3.3641,63.21794,-8.016686,3.454493,0.554684,,,,,,,,,,,,-7.42855,6.42756,-1.48261,50,6.02241,-1.81634,-100.45909,0.00052,-7.51965,17.7103,-25.66767,POM_COL,CHA_UNI,PomonaPitzer,D3,Team,20250222-PomonaPitzer-2,67b65b10-f170-11ef-bbfe-3dd3c01fa6e6,67.95297,,,6.05115,,,,,,,eca08de3-b488-4029-965a-0ebe30e993be,2025-02-22,22:57:34.35,2025-02-22T14:57:34.3540000-08:00,2025-02-22T22:57:34.3540000Z,,v3,POM_PIT,,,"Sturm, Charlie",1000141372,Right,CHA_UNI,129cff8e-b953-43bb-b96a-7e3d3c9130c6,54.89379,-101.31816,8.85515,5.99219,1.24558,-12.83384,-1.40336,-1.45158,-3.75982,,,,,,,,,,,,,,,,,,,,,,,,,,,,,,,,,,,,,,,,,,,,,,,,,,,High,High,High,,,,,
71,2025-02-22,14:57:47.78,1,3,"Kingston, Jordan",1000363070,Right,CHA_UNI,"Berry, Cooper",1000276381,Left,POM_COL,Undefined,2,Bottom,0,1,1,Curveball,Curveball,InPlay,Undefined,FlyBall,Out,1,0,,67.70923,2.719162,0.403904,2348.533351,53.577758,7:45,6.09455,1.30188,5.29457,-75.54036,-12.11654,-19.48229,2.35458,0.05759,61.661,-10.986602,-3.062087,0.573189,74.49186,35.317571,31.338513,,89.25256,60.03689,64.29569,262.84065,175.57715,40.723232,4.333302,9.94686,-6.44052,-1.32352,50,6.28647,-0.02225,-98.13973,2.38318,9.50937,18.3918,-38.33133,POM_COL,CHA_UNI,PomonaPitzer,D3,Team,20250222-PomonaPitzer-2,6fb9e660-f170-11ef-bbfe-3dd3c01fa6e6,65.75924,64.10615,,6.04823,,,,2.65941,2.78203,-0.23444,eca08de3-b488-4029-965a-0ebe30e993be,2025-02-22,22:57:47.78,2025-02-22T14:57:47.7830000-08:00,2025-02-22T22:57:47.7830000Z,FlyBall,v3,POM_PIT,,,"Sturm, Charlie",1000141372,Right,CHA_UNI,67b59eb7-c88d-495b-aa04-ce9926586ab4,55.20931,-99.11117,9.1959,6.10713,4.40781,-19.16566,-1.30908,-0.52452,4.75469,212.299959,2.66107,76.09417,-17.5578,4.52182,-0.57448,-0.10502,0.06384,-0.0109,0.00066,2.77942,63.22418,-18.0928,1.24115,-0.34277,0.12629,-0.02189,0.00103,4E-05,-0.234,46.35388,-2.52985,0.16417,0.12533,-0.06827,0.01699,-0.0021,0.0001,,,,,,,,,,,,,,,,,,,,,,,High,High,High,High,Medium,,,
72,2025-02-22,14:58:21.37,2,1,"Kingston, Jordan",1000363070,Right,CHA_UNI,"Pierantoni, Greg",1000091552,Right,POM_COL,Undefined,2,Bottom,1,0,0,Slider,Curveball,StrikeCalled,Undefined,Undefined,Undefined,0,0,,70.2892,0.898605,-1.469118,2257.626108,83.556919,8:45,5.7727,1.63105,5.22217,-58.58661,-0.1976,-18.57686,1.73568,-1.29856,64.61637,-9.720247,-4.763948,0.549967,,,,,,,,,,,,8.80335,0.245,-1.48123,50,5.81207,3.29132,-101.95406,-0.22999,9.19259,18.0038,-31.91821,POM_COL,CHA_UNI,PomonaPitzer,D3,Team,20250222-PomonaPitzer-2,83bfc8f0-f170-11ef-bbfe-3dd3c01fa6e6,68.53577,,,5.67283,,,,,,,eca08de3-b488-4029-965a-0ebe30e993be,2025-02-22,22:58:21.37,2025-02-22T14:58:21.3730000-08:00,2025-02-22T22:58:21.3730000Z,,v3,POM_PIT,,,"Sturm, Charlie",1000141372,Right,CHA_UNI,ab5df85c-98bc-443f-912c-cfab529e5825,55.278,-102.88186,9.0019,5.78154,1.41489,-15.9591,-1.63864,2.81759,4.5963,,,,,,,,,,,,,,,,,,,,,,,,,,,,,,,,,,,,,,,,,,,,,,,,,,,High,High,High,,,,,
73,2025-02-22,14:58:32.98,2,2,"Kingston, Jordan",1000363070,Right,CHA_UNI,"Pierantoni, Greg",1000091552,Right,POM_COL,Undefined,2,Bottom,1,0,1,Curveball,Curveball,BallCalled,Undefined,Undefined,Undefined,0,0,,69.46943,0.755044,-1.212678,2500.185899,56.114901,7:45,6.1474,1.13592,5.22819,-72.70724,-12.46552,-21.64418,0.79847,-1.80795,63.8267,-12.334721,-5.06387,0.558625,,,,,,,,,,,,10.42567,-5.87752,-1.00739,50,6.16267,2.90496,-100.78116,-0.95798,10.52207,19.23654,-38.10593,POM_COL,CHA_UNI,PomonaPitzer,D3,Team,20250222-PomonaPitzer-2,8aad7770-f170-11ef-bbfe-3dd3c01fa6e6,67.47364,,,5.64273,,,,,,,eca08de3-b488-4029-965a-0ebe30e993be,2025-02-22,22:58:32.98,2025-02-22T14:58:32.9840000-08:00,2025-02-22T22:58:32.9840000Z,,v3,POM_PIT,,,"Sturm, Charlie",1000141372,Right,CHA_UNI,3c3ff8e0-b4e6-420d-a665-63d664ac691c,55.27593,-101.78322,9.61827,6.16088,1.02701,-19.05296,-1.14444,2.35685,5.26103,,,,,,,,,,,,,,,,,,,,,,,,,,,,,,,,,,,,,,,,,,,,,,,,,,,High,High,High,,,,,
74,2025-02-22,14:58:43.89,2,3,"Kingston, Jordan",1000363070,Right,CHA_UNI,"Pierantoni, Greg",1000091552,Right,POM_COL,Undefined,2,Bottom,1,1,1,Fastball,Slider,BallCalled,Undefined,Undefined,Undefined,0,0,,85.2496,-2.477753,-3.83018,2411.224494,203.926758,12:45,5.74292,1.34825,6.15508,-25.38643,12.79816,5.14355,1.33163,-1.7671,78.30009,-7.21858,-2.905013,0.444749,,,,,,,,,,,,-3.69303,7.67256,-1.05936,50,5.54111,8.06799,-123.52901,-6.11618,-5.71665,24.1931,-20.29734,POM_COL,CHA_UNI,PomonaPitzer,D3,Team,20250222-PomonaPitzer-2,911ea2f0-f170-11ef-bbfe-3dd3c01fa6e6,84.74982,,,6.9495,,,,,,,eca08de3-b488-4029-965a-0ebe30e993be,2025-02-22,22:58:43.89,2025-02-22T14:58:43.8990000-08:00,2025-02-22T22:58:43.8990000Z,,v3,POM_PIT,,,"Sturm, Charlie",1000141372,Right,CHA_UNI,e9f90804-015f-48a3-bda2-9074f0d341e3,54.34286,-124.37665,12.09655,5.74294,-5.40504,-10.14867,-1.34554,8.26827,-2.85832,,,,,,,,,,,,,,,,,,,,,,,,,,,,,,,,,,,,,,,,,,,,,,,,,,,High,High,High,,,,,
75,2025-02-22,14:58:56.51,2,4,"Kingston, Jordan",1000363070,Right,CHA_UNI,"Pierantoni, Greg",1000091552,Right,POM_COL,Undefined,2,Bottom,1,2,1,Fastball,Changeup,BallCalled,Undefined,Undefined,Undefined,0,0,,79.44632,0.31262,-2.742306,2214.682321,202.33474,12:45,5.89896,1.38075,5.87813,-30.72565,13.66875,5.03205,3.62916,-0.74872,72.58654,-5.427028,-1.840954,0.479552,,,,,,,,,,,,-3.32252,7.34079,-1.16183,50,5.90658,5.32622,-115.24818,-0.27691,-4.46512,21.57496,-22.30878,POM_COL,CHA_UNI,PomonaPitzer,D3,Team,20250222-PomonaPitzer-2,98ac13e0-f170-11ef-bbfe-3dd3c01fa6e6,78.59931,,,6.85978,,,,,,,eca08de3-b488-4029-965a-0ebe30e993be,2025-02-22,22:58:56.51,2025-02-22T14:58:56.5150000-08:00,2025-02-22T22:58:56.5150000Z,,v3,POM_PIT,,,"Sturm, Charlie",1000141372,Right,CHA_UNI,d0b589bf-8ee3-409e-a975-eb3b469673c9,54.61835,-116.10954,10.78748,5.89986,0.61374,-11.15439,-1.37804,5.50448,-2.23256,,,,,,,,,,,,,,,,,,,,,,,,,,,,,,,,,,,,,,,,,,,,,,,,,,,High,High,High,,,,,
76,2025-02-22,14:59:14.40,2,5,"Kingston, Jordan",1000363070,Right,CHA_UNI,"Pierantoni, Greg",1000091552,Right,POM_COL,Undefined,2,Bottom,1,3,1,Fastball,Changeup,FoulBallNotFieldable,Undefined,Undefined,Undefined,0,0,,82.8305,-1.9599,-2.602445,2267.087982,206.918082,1:00,5.78782,1.53001,6.27338,-25.80494,14.1867,6.58709,1.82814,-0.32174,76.33877,-6.797269,-1.412516,0.45515,44.7019,-26.7959,111.300576,,,,,3.92379,3.92379,78.265345,0.064461,-4.1328,8.27119,-1.34076,50,5.63009,5.22942,-120.30137,-4.84911,-6.0858,22.28161,-19.99418,POM_COL,CHA_UNI,PomonaPitzer,D3,Team,20250222-PomonaPitzer-2,a34a6e50-f170-11ef-bbfe-3dd3c01fa6e6,82.81295,1.91837,,6.49173,,,,2.17783,1.91837,0.30286,eca08de3-b488-4029-965a-0ebe30e993be,2025-02-22,22:59:14.40,2025-02-22T14:59:14.4050000-08:00,2025-02-22T22:59:14.4050000Z,GroundBall,v3,POM_PIT,,,"Sturm, Charlie",1000141372,Right,CHA_UNI,be000c39-fa57-4ec8-a2d1-523b7a779ec8,54.22685,-121.08171,11.1408,5.78765,-4.14888,-9.99709,-1.52764,5.44256,-3.0429,,2.17935,-21.40551,,,,,,,,1.92049,-29.76039,,,,,,,,0.29896,54.90066,,,,,,,,,,,,,,,,,,,,,,,,,,,,,,High,High,High,Estimated,Estimated,,,
77,2025-02-22,14:59:41.87,2,6,"Kingston, Jordan",1000363070,Right,CHA_UNI,"Pierantoni, Greg",1000091552,Right,POM_COL,Undefined,2,Bottom,1,3,2,Fastball,Changeup,InPlay,Undefined,LineDrive,Double,0,0,,84.10909,-1.85576,-1.975394,2235.711009,215.343872,1:15,5.82595,1.60882,6.26401,-23.39206,15.74863,10.24186,2.164,0.64028,76.70442,-6.283173,-0.124354,0.450283,98.59179,19.231176,-30.148881,1971.583684,93.41625,26.2072,-58.08056,254.17213,245.1929,-35.511933,2.3911,-5.9352,9.12441,-1.46746,50,5.67693,3.83014,-122.10841,-4.60705,-8.90932,25.34415,-18.47741,POM_COL,CHA_UNI,PomonaPitzer,D3,Team,20250222-PomonaPitzer-2,b3a85780-f170-11ef-bbfe-3dd3c01fa6e6,83.70833,27.19429,,7.40467,,,,1.8655,2.26326,-0.56661,eca08de3-b488-4029-965a-0ebe30e993be,2025-02-22,22:59:41.87,2025-02-22T14:59:41.8750000-08:00,2025-02-22T22:59:41.8750000Z,LineDrive,v3,POM_PIT,,,"Sturm, Charlie",1000141372,Right,CHA_UNI,0cb0e7cc-f581-418f-a670-2f719c9545dc,54.23539,-122.98434,12.67208,5.82512,-3.96844,-9.23871,-1.60515,4.13806,-4.45466,,1.8655,118.06223,-18.0632,3.03604,-0.71822,0.15145,-0.02897,0.00418,-0.0003,2.26326,47.62865,-25.66869,3.34695,-0.73779,0.16763,-0.03012,0.00403,-0.00029,-0.56661,-68.57295,4.17904,-0.7891,0.17768,-0.03839,0.00723,-0.001,7E-05,,,,,,,,,,,,,,,,,,,,,,,High,High,High,High,Medium,,,
78,2025-02-22,15:00:24.89,3,1,"Kingston, Jordan",1000363070,Right,CHA_UNI,"Gold, Jack",1000108729,Left,POM_COL,Undefined,2,Bottom,1,0,0,ChangeUp,Changeup,InPlay,Undefined,FlyBall,HomeRun,0,2,,74.39526,-0.88756,-2.590454,1792.819983,233.101402,1:45,5.75639,1.39125,6.14925,-37.86372,13.00961,14.80548,1.78007,0.22983,67.26821,-7.991815,0.079986,0.513354,88.31011,32.214044,30.829898,,93.78907,62.87786,57.4768,334.41551,251.97098,35.259032,4.985479,-8.5578,7.55048,-1.20174,50,5.66951,4.37689,-107.85394,-2.67772,-9.89189,22.02824,-23.44652,POM_COL,CHA_UNI,PomonaPitzer,D3,Team,20250222-PomonaPitzer-2,cd59f2b0-f170-11ef-bbfe-3dd3c01fa6e6,73.42393,82.40911,,7.12705,,,,3.3999,3.35663,-0.27653,eca08de3-b488-4029-965a-0ebe30e993be,2025-02-22,23:00:24.89,2025-02-22T15:00:24.8940000-08:00,2025-02-22T23:00:24.8940000Z,FlyBall,v3,POM_PIT,,,"Sturm, Charlie",1000141372,Right,CHA_UNI,331ee59d-7de5-48ba-b843-826bb1aba17f,54.34872,-108.7385,11.01412,5.75813,-1.7362,-11.72326,-1.38547,4.7741,-4.94595,,3.40201,94.05733,-18.85276,4.39976,-0.81429,0.12407,-0.01694,0.00191,-0.00011,3.35645,69.04004,-16.32376,0.44832,0.21024,-0.1451,0.04264,-0.00598,0.00032,-0.27563,56.14291,-7.47324,1.49679,-0.22347,0.02578,-0.00376,0.0006,-4E-05,,,,,,,,,,,,,,,,,,,,,,,High,High,High,Medium,Medium,,,
79,2025-02-22,15:01:13.12,4,1,"Kingston, Jordan",1000363070,Right,CHA_UNI,"Savas, Peter",1000276389,Right,POM_COL,Undefined,2,Bottom,1,0,0,Curveball,Curveball,StrikeCalled,Undefined,Undefined,Undefined,0,0,,71.68706,1.868775,-1.406105,2347.75843,45.009394,7:30,5.79184,1.40948,5.17547,-68.54933,-12.06312,-13.9632,1.83906,-1.07752,65.64371,-10.509815,-3.88309,0.540932,,,,,,,,,,,,6.47764,-5.95634,-1.26768,50,5.91382,3.07754,-103.94762,1.13004,6.99516,19.54057,-38.60622,POM_COL,CHA_UNI,PomonaPitzer,D3,Team,20250222-PomonaPitzer-2,ea1683f0-f170-11ef-bbfe-3dd3c01fa6e6,69.68056,,,6.04335,,,,,,,eca08de3-b488-4029-965a-0ebe30e993be,2025-02-22,23:01:13.12,2025-02-22T15:01:13.1290000-08:00,2025-02-22T23:01:13.1290000Z,,v3,POM_PIT,,,"Sturm, Charlie",1000141372,Right,CHA_UNI,a0fccae8-5368-49d2-a43b-80369ef3d68b,55.3271,-104.94426,9.77029,5.80597,3.09909,-19.30311,-1.41554,2.72076,3.49758,,,,,,,,,,,,,,,,,,,,,,,,,,,,,,,,,,,,,,,,,,,,,,,,,,,High,High,High,,,,,
80,2025-02-22,15:01:26.15,4,2,"Kingston, Jordan",1000363070,Right,CHA_UNI,"Savas, Peter",1000276389,Right,POM_COL,Undefined,2,Bottom,1,0,1,Fastball,Cutter,FoulBallNotFieldable,Undefined,Undefined,Undefined,0,0,,83.20428,-2.047978,-3.583655,2294.764377,182.436304,12:00,5.84049,1.47805,5.97622,-20.84111,20.13092,0.79268,2.20068,-1.78235,75.12281,-6.021182,-3.441654,0.460697,,,,,,,,,,,,-1.56976,11.4465,-1.19473,50,5.6668,7.51042,-120.41331,-4.87327,-2.26864,26.79659,-15.63127,POM_COL,CHA_UNI,PomonaPitzer,D3,Team,20250222-PomonaPitzer-2,f1d0d140-f170-11ef-bbfe-3dd3c01fa6e6,81.81615,,,8.08147,,,,,,,eca08de3-b488-4029-965a-0ebe30e993be,2025-02-22,23:01:26.15,2025-02-22T15:01:26.1500000-08:00,2025-02-22T23:01:26.1500000Z,,v3,POM_PIT,,,"Sturm, Charlie",1000141372,Right,CHA_UNI,46558a4d-bace-4c4d-ac67-b4874164ca4c,54.52079,-121.41519,13.3983,5.83808,-4.28884,-7.81563,-1.47712,7.59524,-1.13432,,,,,,,,,,,,,,,,,,,,,,,,,,,,,,,,,,,,,,,,,,,,,,,,,,,High,High,High,,,,,
81,2025-02-22,15:01:41.37,4,3,"Kingston, Jordan",1000363070,Right,CHA_UNI,"Savas, Peter",1000276389,Right,POM_COL,Undefined,2,Bottom,1,0,2,Curveball,Curveball,InPlay,Undefined,GroundBall,Out,1,0,,69.82821,2.33214,0.2375,2428.506476,47.470359,7:30,6.06207,1.11393,5.01483,-75.16665,-14.74564,-18.48655,2.00049,-0.20246,63.4342,-11.225511,-3.03734,0.559455,79.46927,-5.484783,-14.121055,,,,,26.0206,26.0206,-12.385057,0.201569,9.31619,-7.63028,-1.1207,50,6.22432,0.25403,-101.16523,1.68789,9.43337,20.0314,-39.90031,POM_COL,CHA_UNI,PomonaPitzer,D3,Team,20250222-PomonaPitzer-2,faf0c910-f170-11ef-bbfe-3dd3c01fa6e6,67.37345,2.24991,,6.39402,,,,2.69167,2.24991,0.13568,eca08de3-b488-4029-965a-0ebe30e993be,2025-02-22,23:01:41.37,2025-02-22T15:01:41.3700000-08:00,2025-02-22T23:01:41.3700000Z,GroundBall,v3,POM_PIT,,,"Sturm, Charlie",1000141372,Right,CHA_UNI,58fb5e0d-7ba8-4af2-ba2e-a20d4a73dcac,55.4891,-102.24633,10.0157,6.07512,3.84133,-19.95015,-1.12067,-0.25509,4.71669,,2.68462,112.73261,,,,,,,,2.25061,-11.16199,,,,,,,,0.13746,-28.36052,,,,,,,,,,,,,,,,,,,,,,,,,,,,,,High,High,High,Estimated,Estimated,,,
82,2025-02-22,15:02:20.76,5,1,"Kingston, Jordan",1000363070,Right,CHA_UNI,"Wakil, Lateef",1000128267,Left,POM_COL,Undefined,2,Bottom,2,0,0,ChangeUp,Changeup,FoulBallNotFieldable,Undefined,Undefined,Undefined,0,0,,74.02677,-0.350225,-2.533173,1833.574374,220.360748,1:15,5.82639,1.34377,6.26211,-34.14321,15.95891,12.25434,2.65789,0.02778,68.1486,-6.750548,-0.319967,0.509447,18.59222,21.12112,-61.780115,1723.406607,,,,21.95961,19.90572,-55.706438,0.818771,-7.0917,8.8517,-1.16198,50,5.78356,4.36095,-107.56285,-1.53166,-8.33544,18.08753,-21.76996,POM_COL,CHA_UNI,PomonaPitzer,D3,Team,20250222-PomonaPitzer-2,12628660-f171-11ef-bbfe-3dd3c01fa6e6,73.9869,4.31604,,5.87817,,,,2.62448,2.84138,-0.05042,eca08de3-b488-4029-965a-0ebe30e993be,2025-02-22,23:02:20.76,2025-02-22T15:02:20.7670000-08:00,2025-02-22T23:02:20.7670000Z,GroundBall,v3,POM_PIT,,,"Sturm, Charlie",1000141372,Right,CHA_UNI,2935e1a9-cc71-43e8-9379-7a3e5d7be5c9,54.23797,-108.27315,9.04377,5.82692,-0.67675,-10.88498,-1.33967,4.68829,-4.16772,4.591731,2.62448,12.02788,-0.16823,0.04183,-0.11386,0.25765,-0.29522,0.18411,-0.04906,2.84138,9.82591,-16.42631,0.27765,-0.18224,0.41299,-0.55785,0.37196,-0.10224,-0.05042,-22.41323,0.29786,0.09733,0.1882,-0.47636,0.54853,-0.36011,0.09998,,,,,,,,,,,,,,,,,,,,,,,High,High,High,High,Medium,,,
83,2025-02-22,15:02:49.08,5,2,"Kingston, Jordan",1000363070,Right,CHA_UNI,"Wakil, Lateef",1000128267,Left,POM_COL,Undefined,2,Bottom,2,0,1,Fastball,Cutter,BallCalled,Undefined,Undefined,Undefined,0,0,,83.12248,-2.459219,-3.228809,2196.789731,193.46095,12:30,5.80518,1.41573,6.21587,-25.29336,14.89737,3.24921,1.42294,-1.29633,76.06425,-7.208602,-2.643171,0.456283,,,,,,,,,,,,-2.60291,8.82957,-1.17517,50,5.60791,6.67331,-120.48303,-5.89589,-3.81509,24.03478,-19.23253,POM_COL,CHA_UNI,PomonaPitzer,D3,Team,20250222-PomonaPitzer-2,23435b30-f171-11ef-bbfe-3dd3c01fa6e6,82.60758,,,7.05823,,,,,,,eca08de3-b488-4029-965a-0ebe30e993be,2025-02-22,23:02:49.08,2025-02-22T15:02:49.0820000-08:00,2025-02-22T23:02:49.0820000Z,,v3,POM_PIT,,,"Sturm, Charlie",1000141372,Right,CHA_UNI,7aa1228a-9177-4126-88a5-930fbe1371c8,54.28154,-121.33413,12.01739,5.80464,-5.21484,-9.61627,-1.41387,6.80841,-1.90754,,,,,,,,,,,,,,,,,,,,,,,,,,,,,,,,,,,,,,,,,,,,,,,,,,,High,High,High,,,,,
84,2025-02-22,15:03:07.26,5,3,"Kingston, Jordan",1000363070,Right,CHA_UNI,"Wakil, Lateef",1000128267,Left,POM_COL,Undefined,2,Bottom,2,1,1,Curveball,Curveball,StrikeCalled,Undefined,Undefined,Undefined,0,0,,67.74617,2.844648,0.26103,2362.462057,55.051245,7:45,5.95276,1.13324,5.1737,-74.63988,-11.11445,-19.0969,2.41189,-0.21252,61.76058,-10.67108,-3.127933,0.573648,,,,,,,,,,,,9.54394,-5.73292,-1.14248,50,6.16109,0.23646,-98.16836,2.55965,9.15565,17.99677,-37.67371,POM_COL,CHA_UNI,PomonaPitzer,D3,Team,20250222-PomonaPitzer-2,2e283480-f171-11ef-bbfe-3dd3c01fa6e6,65.70662,,,5.98559,,,,,,,eca08de3-b488-4029-965a-0ebe30e993be,2025-02-22,23:03:07.26,2025-02-22T15:03:07.2670000-08:00,2025-02-22T23:03:07.2670000Z,,v3,POM_PIT,,,"Sturm, Charlie",1000141372,Right,CHA_UNI,7aeef64a-0c7d-44d8-b3c9-bc244a6a05a6,55.32921,-99.14053,8.99839,5.96785,4.59474,-18.83685,-1.14189,-0.25812,4.57782,,,,,,,,,,,,,,,,,,,,,,,,,,,,,,,,,,,,,,,,,,,,,,,,,,,High,High,High,,,,,
85,2025-02-22,15:03:29.00,5,4,"Kingston, Jordan",1000363070,Right,CHA_UNI,"Wakil, Lateef",1000128267,Left,POM_COL,Undefined,2,Bottom,2,1,2,Fastball,Slider,InPlay,Undefined,GroundBall,Out,1,0,,82.83336,-1.631358,-1.44847,2222.894252,202.730436,12:45,5.82842,1.50508,6.20931,-28.92915,11.62946,4.29071,1.91111,0.52549,75.41965,-7.059239,-0.673278,0.458366,98.58136,-4.507965,13.787748,,,,,17.38441,17.07182,10.676092,0.11759,-2.66681,6.93634,-1.39849,50,5.69156,2.87871,-120.23136,-4.26744,-3.86789,25.30675,-22.11379,POM_COL,CHA_UNI,PomonaPitzer,D3,Team,20250222-PomonaPitzer-2,3b0bc400-f171-11ef-bbfe-3dd3c01fa6e6,82.23211,1.77657,,7.41371,,,,0.99921,1.77657,-0.56175,eca08de3-b488-4029-965a-0ebe30e993be,2025-02-22,23:03:29.00,2025-02-22T15:03:29.0060000-08:00,2025-02-22T23:03:29.0060000Z,GroundBall,v3,POM_PIT,,,"Sturm, Charlie",1000141372,Right,CHA_UNI,965e7208-5e0e-4cda-8ed3-cd6162849a37,54.28855,-121.13067,12.65338,5.82924,-3.4816,-11.05689,-1.50323,3.01616,-1.93394,33.14756,0.99946,139.95642,-27.02931,,,,,,,1.77722,-11.43797,-31.31452,,,,,,,-0.56135,34.30642,-18.26632,,,,,,,,,,,,,,,,,,,,,,,,,,,,,High,High,High,High,High,,,
86,2025-02-22,15:05:16.21,1,1,"Polishuk, Will",1000375103,Right,POM_COL,"Sturm, Charlie",1000141372,Right,CHA_UNI,Undefined,3,Top,0,0,0,Fastball,Four-Seam,StrikeCalled,Undefined,Undefined,Undefined,0,0,,85.91484,-1.985441,-2.018825,2101.757823,214.098719,1:15,6.50525,1.41637,4.86982,-19.07824,20.68863,13.05064,3.03459,0.59266,77.77415,-5.56486,0.278312,0.453871,,,,,,,,,,,,-6.98894,11.17351,-1.22918,50,6.29449,3.76958,-124.32506,-4.93877,-10.84555,26.90794,-14.83478,POM_COL,CHA_UNI,PomonaPitzer,D3,Team,20250222-PomonaPitzer-2,7aefd070-f171-11ef-bbfe-3dd3c01fa6e6,83.04663,,,8.14069,,,,,,,eca08de3-b488-4029-965a-0ebe30e993be,2025-02-22,23:05:16.21,2025-02-22T15:05:16.2100000-08:00,2025-02-22T23:05:16.2100000Z,,v3,POM_PIT,,,"Hattenburg, Xavier",10277269,Right,POM_COL,4065e934-e781-40fe-a1c2-c03d51b86234,55.62584,-125.53677,13.45397,6.50185,-4.27073,-7.41739,-1.40992,4.25797,-5.42278,,,,,,,,,,,,,,,,,,,,,,,,,,,,,,,,,,,,,,,,,,,,,,,,,,,High,High,High,,,,,
87,2025-02-22,15:05:30.77,1,2,"Polishuk, Will",1000375103,Right,POM_COL,"Sturm, Charlie",1000141372,Right,CHA_UNI,Undefined,3,Top,0,0,1,Fastball,Four-Seam,BallCalled,Undefined,Undefined,Undefined,0,0,,86.51071,-0.275499,-2.857495,2103.291706,211.371608,1:00,6.49894,1.48516,4.94518,-18.87725,20.29371,11.52564,4.66516,-0.25699,78.02028,-3.83706,-0.828666,0.450457,,,,,,,,,,,,-6.53205,10.48099,-1.21747,50,6.45752,5.70749,-125.17523,-1.21582,-10.25864,27.66395,-15.71351,POM_COL,CHA_UNI,PomonaPitzer,D3,Team,20250222-PomonaPitzer-2,83a28780-f171-11ef-bbfe-3dd3c01fa6e6,83.67596,,,8.49044,,,,,,,eca08de3-b488-4029-965a-0ebe30e993be,2025-02-22,23:05:30.77,2025-02-22T15:05:30.7770000-08:00,2025-02-22T23:05:30.7770000Z,,v3,POM_PIT,,,"Hattenburg, Xavier",10277269,Right,POM_COL,4c0f5a7a-2f1e-44b9-a90f-459dcbbe8d91,55.55037,-126.39592,13.83197,6.49587,-0.52245,-7.85676,-1.4793,6.16016,-5.12932,,,,,,,,,,,,,,,,,,,,,,,,,,,,,,,,,,,,,,,,,,,,,,,,,,,High,High,High,,,,,
88,2025-02-22,15:05:48.06,1,3,"Polishuk, Will",1000375103,Right,POM_COL,"Sturm, Charlie",1000141372,Right,CHA_UNI,Undefined,3,Top,0,1,1,Fastball,Four-Seam,BallCalled,Undefined,Undefined,Undefined,0,0,,87.41191,-2.688114,-4.14139,2098.370325,206.735701,1:00,6.42045,1.43589,5.12667,-17.25591,20.90517,9.85111,2.44218,-1.65055,79.22854,-5.945241,-2.405225,0.444612,,,,,,,,,,,,-6.09579,11.56091,-1.05417,50,6.15449,8.68539,-126.25666,-6.48219,-9.77351,27.31887,-13.63825,POM_COL,CHA_UNI,PomonaPitzer,D3,Team,20250222-PomonaPitzer-2,8df42180-f171-11ef-bbfe-3dd3c01fa6e6,84.77593,,,8.18337,,,,,,,eca08de3-b488-4029-965a-0ebe30e993be,2025-02-22,23:05:48.06,2025-02-22T15:05:48.0660000-08:00,2025-02-22T23:05:48.0660000Z,,v3,POM_PIT,,,"Hattenburg, Xavier",10277269,Right,POM_COL,b1edec6a-b820-4c42-a7ea-af54eb7947e2,55.36934,-127.41316,13.65943,6.41668,-5.90484,-6.81913,-1.43061,9.09913,-4.88676,,,,,,,,,,,,,,,,,,,,,,,,,,,,,,,,,,,,,,,,,,,,,,,,,,,Medium,Medium,Medium,,,,,
89,2025-02-22,15:06:05.95,1,4,"Polishuk, Will",1000375103,Right,POM_COL,"Sturm, Charlie",1000141372,Right,CHA_UNI,Undefined,3,Top,0,2,1,Fastball,Four-Seam,BallCalled,Undefined,Undefined,Undefined,0,0,,86.97326,-1.530532,-3.862147,2125.344019,210.807774,1:00,6.48594,1.33735,4.97488,-17.23639,21.5445,12.01812,3.60035,-1.31446,78.53091,-4.794906,-1.748811,0.448209,,,,,,,,,,,,-7.07965,11.48902,-0.97411,50,6.32462,7.92159,-125.69568,-3.90739,-11.22165,27.67849,-13.96332,POM_COL,CHA_UNI,PomonaPitzer,D3,Team,20250222-PomonaPitzer-2,98951400-f171-11ef-bbfe-3dd3c01fa6e6,84.09573,,,8.44235,,,,,,,eca08de3-b488-4029-965a-0ebe30e993be,2025-02-22,23:06:05.95,2025-02-22T15:06:05.9520000-08:00,2025-02-22T23:06:05.9520000Z,,v3,POM_PIT,,,"Hattenburg, Xavier",10277269,Right,POM_COL,19e6a34f-2f64-4f79-b5d7-83803ddd3625,55.52098,-126.90559,13.83925,6.48208,-3.29701,-6.98166,-1.33111,8.41213,-5.61082,,,,,,,,,,,,,,,,,,,,,,,,,,,,,,,,,,,,,,,,,,,,,,,,,,,High,High,High,,,,,
90,2025-02-22,15:06:22.63,1,5,"Polishuk, Will",1000375103,Right,POM_COL,"Sturm, Charlie",1000141372,Right,CHA_UNI,Undefined,3,Top,0,3,1,Fastball,Four-Seam,StrikeSwinging,Undefined,Undefined,Undefined,0,0,,87.70218,-1.99779,-2.721917,2152.833103,206.075439,12:45,6.49313,1.35827,5.02287,-16.09284,21.84584,10.03693,3.26393,-0.37581,79.3993,-5.051962,-0.952172,0.443315,,,,,,,,,,,,-5.77083,11.79241,-1.10598,50,6.28956,5.56435,-126.90302,-4.93098,-9.33783,27.84652,-13.09258,POM_COL,CHA_UNI,PomonaPitzer,D3,Team,20250222-PomonaPitzer-2,a28e54d0-f171-11ef-bbfe-3dd3c01fa6e6,85.02402,,,8.30288,,,,,,,eca08de3-b488-4029-965a-0ebe30e993be,2025-02-22,23:06:22.63,2025-02-22T15:06:22.6300000-08:00,2025-02-22T23:06:22.6300000Z,,v3,POM_PIT,,,"Hattenburg, Xavier",10277269,Right,POM_COL,4ddd04b0-9acd-4369-a303-57d66240f215,55.47367,-128.09849,13.92326,6.48918,-4.36891,-6.54629,-1.35346,5.96523,-4.66891,,,,,,,,,,,,,,,,,,,,,,,,,,,,,,,,,,,,,,,,,,,,,,,,,,,High,High,High,,,,,
91,2025-02-22,15:06:39.89,1,6,"Polishuk, Will",1000375103,Right,POM_COL,"Sturm, Charlie",1000141372,Right,CHA_UNI,Undefined,3,Top,0,3,2,Fastball,Four-Seam,FoulBallNotFieldable,Undefined,Undefined,Undefined,0,0,,88.16578,-1.612142,-2.897753,2167.708495,206.608242,1:00,6.48621,1.25716,5.22546,-15.08706,22.14749,10.44323,3.71101,-0.59914,79.80406,-4.498527,-1.049994,0.439182,,,,,,,,,,,,-6.11933,11.94627,-0.99811,50,6.32696,5.9928,-127.65847,-4.04858,-10.01418,28.32008,-12.62417,POM_COL,CHA_UNI,PomonaPitzer,D3,Team,20250222-PomonaPitzer-2,acd1e510-f171-11ef-bbfe-3dd3c01fa6e6,85.82424,,,8.36171,,,,,,,eca08de3-b488-4029-965a-0ebe30e993be,2025-02-22,23:06:39.89,2025-02-22T15:06:39.8980000-08:00,2025-02-22T23:06:39.8980000Z,,v3,POM_PIT,,,"Hattenburg, Xavier",10277269,Right,POM_COL,62a0e78a-72c9-408f-9c9c-9d8261e872f7,55.27303,-128.82294,14.16004,6.48276,-3.5295,-6.31208,-1.25299,6.40456,-5.00709,,,,,,,,,,,,,,,,,,,,,,,,,,,,,,,,,,,,,,,,,,,,,,,,,,,High,High,High,,,,,
92,2025-02-22,15:06:58.71,1,7,"Polishuk, Will",1000375103,Right,POM_COL,"Sturm, Charlie",1000141372,Right,CHA_UNI,Undefined,3,Top,0,3,2,Fastball,Four-Seam,StrikeCalled,Strikeout,Undefined,Undefined,0,0,,88.11766,-3.431027,-3.553234,2185.951022,212.740313,1:00,6.4766,1.29487,5.0104,-19.90525,18.12025,10.72382,1.56924,-1.1696,79.37491,-7.152477,-1.664058,0.443822,,,,,,,,,,,,-6.42552,10.47634,-0.96259,50,6.1312,7.3877,-127.13767,-8.31186,-10.35724,29.76198,-15.28729,POM_COL,CHA_UNI,PomonaPitzer,D3,Team,20250222-PomonaPitzer-2,b80d90f0-f171-11ef-bbfe-3dd3c01fa6e6,84.92692,,,8.74275,,,,,,,eca08de3-b488-4029-965a-0ebe30e993be,2025-02-22,23:06:58.71,2025-02-22T15:06:58.7150000-08:00,2025-02-22T23:06:58.7150000Z,,v3,POM_PIT,,,"Hattenburg, Xavier",10277269,Right,POM_COL,536a4dfb-d141-48ea-8e27-5dd7514a37ef,55.48489,-128.41523,14.88099,6.47391,-7.65565,-7.64365,-1.28925,7.83229,-5.17862,,,,,,,,,,,,,,,,,,,,,,,,,,,,,54.8297,,,1.32666,,,,-3.63864,6.43246,4.10139,70.32662,5.91022,-54.46127,-3.58705,60.16044,-3.35039,6.52792,19.94514,-15.38071,4.05175,-48.06079,2.98023,High,High,High,,,High,High,High
93,2025-02-22,15:07:28.46,2,1,"Polishuk, Will",1000375103,Right,POM_COL,"Dudas, Austin",10027315,Right,CHA_UNI,Undefined,3,Top,1,0,0,Slider,Curveball,BallCalled,Undefined,Undefined,Undefined,0,0,,77.82782,2.373148,-1.038273,2070.674482,65.073698,8:15,6.27803,1.48131,4.91614,-48.3051,0.00012,-3.51331,4.49813,0.20672,70.64379,-6.402433,-1.657265,0.500229,,,,,,,,,,,,1.40756,-0.18461,-1.37693,50,6.46977,2.19112,-112.69871,2.92985,1.79559,22.03265,-32.40953,POM_COL,CHA_UNI,PomonaPitzer,D3,Team,20250222-PomonaPitzer-2,c9c564d0-f171-11ef-bbfe-3dd3c01fa6e6,75.35044,,,7.18403,,,,,,,eca08de3-b488-4029-965a-0ebe30e993be,2025-02-22,23:07:28.46,2025-02-22T15:07:28.4640000-08:00,2025-02-22T23:07:28.4640000Z,,v3,POM_PIT,,,"Hattenburg, Xavier",10277269,Right,POM_COL,cbf73db2-b3ed-434d-af9d-1c0f611ce2e5,55.58129,-113.78462,11.01633,6.286,4.52721,-16.20476,-1.48274,2.10262,0.89779,,,,,,,,,,,,,,,,,,,,,,,,,,,,,,,,,,,,,,,,,,,,,,,,,,,High,High,High,,,,,
94,2025-02-22,15:07:43.44,2,2,"Polishuk, Will",1000375103,Right,POM_COL,"Dudas, Austin",10027315,Right,CHA_UNI,Undefined,3,Top,1,1,0,Fastball,Sinker,StrikeCalled,Undefined,Undefined,Undefined,0,0,,87.98401,-1.244479,-2.359264,2203.683784,222.570765,1:30,6.44015,1.36882,5.16313,-20.92355,16.46296,13.94544,3.52403,0.30912,79.83036,-5.154181,0.108234,0.440077,,,,,,,,,,,,-7.59863,8.93036,-1.15964,50,6.30851,4.60379,-127.45258,-3.48628,-12.42145,27.71138,-17.57567,POM_COL,CHA_UNI,PomonaPitzer,D3,Team,20250222-PomonaPitzer-2,d2ab39d0-f171-11ef-bbfe-3dd3c01fa6e6,85.64961,,,8.15365,,,,,,,eca08de3-b488-4029-965a-0ebe30e993be,2025-02-22,23:07:43.44,2025-02-22T15:07:43.4440000-08:00,2025-02-22T23:07:43.4440000Z,,v3,POM_PIT,,,"Hattenburg, Xavier",10277269,Right,POM_COL,4aa23ff8-3f7a-414a-a298-546dd2d086d1,55.3337,-128.60703,13.85569,6.43849,-2.75408,-8.78783,-1.36221,5.12127,-6.21073,,,,,,,,,,,,,,,,,,,,,,,,,,,,,,,,,,,,,,,,,,,,,,,,,,,High,High,High,,,,,
95,2025-02-22,15:07:59.09,2,3,"Polishuk, Will",1000375103,Right,POM_COL,"Dudas, Austin",10027315,Right,CHA_UNI,Undefined,3,Top,1,1,1,Fastball,Four-Seam,BallCalled,Undefined,Undefined,Undefined,0,0,,89.10936,-4.037063,-3.32968,2184.239871,204.466358,12:45,6.45604,1.37882,5.00199,-16.16686,20.78792,8.85611,1.28495,-1.03002,80.81256,-7.078713,-1.769834,0.437529,,,,,,,,,,,,-5.38748,11.89398,-1.0661,50,6.05466,7.0676,-128.63404,-9.61861,-8.95535,28.65671,-12.40321,POM_COL,CHA_UNI,PomonaPitzer,D3,Team,20250222-PomonaPitzer-2,dc094c10-f171-11ef-bbfe-3dd3c01fa6e6,86.14848,,,8.2968,,,,,,,eca08de3-b488-4029-965a-0ebe30e993be,2025-02-22,23:07:59.09,2025-02-22T15:07:59.0950000-08:00,2025-02-22T23:07:59.0950000Z,,v3,POM_PIT,,,"Hattenburg, Xavier",10277269,Right,POM_COL,a6ee6b43-e092-4c20-93ac-e306b46da7b4,55.49531,-129.85249,14.32835,6.45242,-9.09123,-6.2016,-1.3747,7.44837,-4.47767,,,,,,,,,,,,,,,,,,,,,,,,,,,,,,,,,,,,,,,,,,,,,,,,,,,High,High,High,,,,,
96,2025-02-22,15:08:16.57,2,4,"Polishuk, Will",1000375103,Right,POM_COL,"Dudas, Austin",10027315,Right,CHA_UNI,Undefined,3,Top,1,2,1,Fastball,Four-Seam,BallCalled,Undefined,Undefined,Undefined,0,0,,88.46384,-1.803152,-3.403379,2170.958709,185.629416,12:15,6.4843,1.31097,5.0616,-16.66351,20.778,1.91437,3.39177,-1.74261,79.79679,-4.961204,-3.066166,0.440401,,,,,,,,,,,,-2.00721,11.23008,-0.98868,50,6.30017,7.51279,-127.85635,-4.55416,-3.28294,29.29922,-13.80653,POM_COL,CHA_UNI,PomonaPitzer,D3,Team,20250222-PomonaPitzer-2,e66c2420-f171-11ef-bbfe-3dd3c01fa6e6,85.58665,,,8.66705,,,,,,,eca08de3-b488-4029-965a-0ebe30e993be,2025-02-22,23:08:16.57,2025-02-22T15:08:16.5790000-08:00,2025-02-22T23:08:16.5790000Z,,v3,POM_PIT,,,"Hattenburg, Xavier",10277269,Right,POM_COL,f31b6c19-3ae1-4c70-b95e-5da9c0015e81,55.43304,-129.09537,14.64961,6.48042,-3.97031,-6.90326,-1.30932,7.65162,-1.64147,,,,,,,,,,,,,,,,,,,,,,,,,,,,,,,,,,,,,,,,,,,,,,,,,,,High,High,High,,,,,
97,2025-02-22,15:08:33.69,2,5,"Polishuk, Will",1000375103,Right,POM_COL,"Dudas, Austin",10027315,Right,CHA_UNI,Undefined,3,Top,1,3,1,Fastball,Four-Seam,StrikeCalled,Undefined,Undefined,Undefined,0,0,,88.31054,-3.576067,-3.22906,2165.028071,201.244128,12:45,6.41809,1.42794,4.90665,-16.67682,21.05379,7.65949,1.63674,-0.99069,80.04536,-6.709923,-1.88229,0.442098,,,,,,,,,,,,-4.72485,11.82957,-1.11866,50,6.05449,6.82802,-127.51362,-8.52357,-7.71925,28.10932,-12.84736,POM_COL,CHA_UNI,PomonaPitzer,D3,Team,20250222-PomonaPitzer-2,f0a3cd80-f171-11ef-bbfe-3dd3c01fa6e6,85.25818,,,8.26518,,,,,,,eca08de3-b488-4029-965a-0ebe30e993be,2025-02-22,23:08:33.69,2025-02-22T15:08:33.6980000-08:00,2025-02-22T23:08:33.6980000Z,,v3,POM_PIT,,,"Hattenburg, Xavier",10277269,Right,POM_COL,4bbe96ec-c9cd-40b2-821d-789b4d9f3128,55.58915,-128.7398,14.05466,6.41408,-7.96314,-6.42368,-1.42386,7.16475,-3.85963,,,,,,,,,,,,,,,,,,,,,,,,,,,,,,,,,,,,,,,,,,,,,,,,,,,High,High,High,,,,,
98,2025-02-22,15:08:50.93,2,6,"Polishuk, Will",1000375103,Right,POM_COL,"Dudas, Austin",10027315,Right,CHA_UNI,Undefined,3,Top,1,3,2,Fastball,Four-Seam,BallCalled,Walk,Undefined,Undefined,0,0,,89.15941,-4.041967,-4.38428,2207.218261,208.411263,1:00,6.42452,1.27214,5.24345,-18.20446,18.58489,9.32032,1.09133,-2.07961,80.63205,-7.457902,-2.738401,0.436548,,,,,,,,,,,,-6.00154,10.92323,-0.87575,50,6.03858,9.42372,-128.53989,-9.70108,-9.92747,29.45573,-14.10526,POM_COL,CHA_UNI,PomonaPitzer,D3,Team,20250222-PomonaPitzer-2,faee1480-f171-11ef-bbfe-3dd3c01fa6e6,86.34195,,,8.52736,,,,,,,eca08de3-b488-4029-965a-0ebe30e993be,2025-02-22,23:08:50.93,2025-02-22T15:08:50.9380000-08:00,2025-02-22T23:08:50.9380000Z,,v3,POM_PIT,,,"Hattenburg, Xavier",10277269,Right,POM_COL,94a3adde-f266-43a5-83f4-a3f79d4f4854,55.25285,-129.73803,14.72786,6.42152,-9.12734,-7.05263,-1.26728,9.82753,-4.96374,,,,,,,,,,,,,,,,,,,,,,,,,,,,,,,,,,,,,,,,,,,,,,,,,,,Medium,Medium,Medium,,,,,
99,2025-02-22,15:09:24.24,3,1,"Polishuk, Will",1000375103,Right,POM_COL,"Toporek, Max",1000269511,Right,CHA_UNI,Undefined,3,Top,1,0,0,Fastball,Sinker,StrikeCalled,Undefined,Undefined,Undefined,0,0,,87.53524,-1.827999,-3.201191,2204.864555,227.967162,1:30,6.51293,1.41596,4.92581,-22.31139,16.00761,16.23548,2.92226,-0.26049,79.16357,-5.972471,-0.343086,0.445531,,,,,,,,,,,,-8.93733,8.84595,-1.11787,50,6.31674,6.30869,-126.58111,-4.84071,-14.36077,28.16359,-17.96012,POM_COL,CHA_UNI,PomonaPitzer,D3,Team,20250222-PomonaPitzer-2,0ec51ee0-f172-11ef-bbfe-3dd3c01fa6e6,84.60109,,,8.37167,,,,,,,eca08de3-b488-4029-965a-0ebe30e993be,2025-02-22,23:09:24.24,2025-02-22T15:09:24.2430000-08:00,2025-02-22T23:09:24.2430000Z,,v3,POM_PIT,,,"Hattenburg, Xavier",10277269,Right,POM_COL,605076e9-1451-493a-88c3-6dde8d5a050d,55.57062,-127.81453,14.0818,6.51151,-4.05415,-8.98006,-1.40794,6.93762,-7.18039,,,,,,,,,,,,,,,,,,,,,,,,,,,,,,,,,,,,,,,,,,,,,,,,,,,High,High,High,,,,,
100,2025-02-22,15:09:45.48,3,2,"Polishuk, Will",1000375103,Right,POM_COL,"Toporek, Max",1000269511,Right,CHA_UNI,Undefined,3,Top,1,0,1,Slider,Curveball,StrikeCalled,Undefined,Undefined,Undefined,0,0,,74.90262,0.559947,-2.930245,2267.51784,32.919963,7:00,6.22263,1.52807,4.86873,-55.77283,-3.425,-3.36815,2.10552,-1.52806,68.45598,-9.48396,-3.523197,0.52074,,,,,,,,,,,,0.75346,-1.29819,-1.23647,50,6.23066,5.68625,-108.43135,-0.89798,0.88798,20.74484,-33.70401,POM_COL,CHA_UNI,PomonaPitzer,D3,Team,20250222-PomonaPitzer-2,1b837320-f172-11ef-bbfe-3dd3c01fa6e6,72.38249,,,6.44664,,,,,,,eca08de3-b488-4029-965a-0ebe30e993be,2025-02-22,23:09:45.48,2025-02-22T15:09:45.4850000-08:00,2025-02-22T23:09:45.4850000Z,,v3,POM_PIT,,,"Hattenburg, Xavier",10277269,Right,POM_COL,1f8a8993-59bd-4677-ba59-82341635e3fc,55.63013,-109.5032,10.37242,6.23207,0.84344,-16.85201,-1.52908,5.64037,0.44399,,,,,,,,,,,,,,,,,,,,,,,,,,,,,,,,,,,,,,,,,,,,,,,,,,,High,High,High,,,,,
101,2025-02-22,15:10:05.71,3,3,"Polishuk, Will",1000375103,Right,POM_COL,"Toporek, Max",1000269511,Right,CHA_UNI,Undefined,3,Top,1,0,2,Fastball,Four-Seam,InPlay,Undefined,Popup,Out,1,0,,87.78494,-1.590097,-2.435749,2145.508243,213.083261,1:00,6.58424,1.48754,4.89507,-18.92123,19.23218,11.63134,3.50167,0.15148,79.21817,-5.143708,-0.388492,0.444568,58.40035,62.513144,49.512158,3666.174979,,,,111.82411,41.05221,58.095689,4.461035,-6.50067,10.37544,-1.2592,50,6.41344,4.85624,-127.01373,-4.17161,-10.49449,28.87297,-15.42425,POM_COL,CHA_UNI,PomonaPitzer,D3,Team,20250222-PomonaPitzer-2,277f88d0-f172-11ef-bbfe-3dd3c01fa6e6,84.78447,80.37807,,8.56676,,,,0.72586,3.50225,-0.29671,eca08de3-b488-4029-965a-0ebe30e993be,2025-02-22,23:10:05.71,2025-02-22T15:10:05.7160000-08:00,2025-02-22T23:10:05.7160000Z,Popup,v3,POM_PIT,,,"Hattenburg, Xavier",10277269,Right,POM_COL,496e04c5-7ab9-4a94-a6a4-762ffb690114,55.60191,-128.28084,14.43649,6.58166,-3.4947,-7.71213,-1.48243,5.3168,-5.24724,,0.72727,25.62524,-8.43823,2.32119,-0.06961,-0.21734,0.08472,-0.01358,0.00081,3.49997,76.03243,-21.648,1.98138,-0.36371,0.00205,0.02847,-0.00772,0.00064,-0.29518,30.02845,-4.72147,0.95267,0.08553,-0.12938,0.03911,-0.00523,0.00026,,,,,,,,,,,,,,,,,,,,,,,High,High,High,Medium,Low,,,
102,2025-02-22,15:10:41.86,4,1,"Polishuk, Will",1000375103,Right,POM_COL,"Capobianco, Joey",1000268959,Right,CHA_UNI,Undefined,3,Top,2,0,0,Fastball,Sinker,StrikeCalled,Undefined,Undefined,Undefined,0,0,,87.21166,-3.132935,-2.919564,2166.190643,224.870973,1:30,6.4121,1.34018,4.99949,-22.17107,16.21328,14.81509,1.60001,-0.18388,79.3629,-7.233137,-0.306203,0.445911,,,,,,,,,,,,-8.18461,9.33867,-1.07191,50,6.09292,5.74866,-126.11351,-7.69509,-13.1087,26.96772,-17.21693,POM_COL,CHA_UNI,PomonaPitzer,D3,Team,20250222-PomonaPitzer-2,3d0de020-f172-11ef-bbfe-3dd3c01fa6e6,84.529,,,7.84876,,,,,,,eca08de3-b488-4029-965a-0ebe30e993be,2025-02-22,23:10:41.86,2025-02-22T15:10:41.8620000-08:00,2025-02-22T23:10:41.8620000Z,,v3,POM_PIT,,,"Hattenburg, Xavier",10277269,Right,POM_COL,ce32f3ae-2a9d-4ce9-9906-9b8ddb8c2cf3,55.49841,-127.28384,13.48386,6.41066,-6.94791,-8.60846,-1.33373,6.31754,-6.55435,,,,,,,,,,,,,,,,,,,,,,,,,,,,,,,,,,,,,,,,,,,,,,,,,,,High,High,High,,,,,
103,2025-02-22,15:11:00.75,4,2,"Polishuk, Will",1000375103,Right,POM_COL,"Capobianco, Joey",1000268959,Right,CHA_UNI,Undefined,3,Top,2,0,1,ChangeUp,Splitter,BallCalled,Undefined,Undefined,Undefined,0,0,,81.42503,-1.387426,-5.862265,1141.606336,248.194577,2:15,6.24354,1.66155,5.09016,-37.18289,6.87477,13.43398,1.83021,-2.76341,74.29428,-8.148041,-3.50266,0.47773,,,,,,,,,,,,-8.35603,4.27386,-1.11636,50,6.08271,11.48714,-117.46705,-4.18631,-11.62774,23.09937,-26.22681,POM_COL,CHA_UNI,PomonaPitzer,D3,Team,20250222-PomonaPitzer-2,48501bb0-f172-11ef-bbfe-3dd3c01fa6e6,78.8991,,,7.13074,,,,,,,eca08de3-b488-4029-965a-0ebe30e993be,2025-02-22,23:11:00.75,2025-02-22T15:11:00.7580000-08:00,2025-02-22T23:11:00.7580000Z,,v3,POM_PIT,,,"Hattenburg, Xavier",10277269,Right,POM_COL,30fa10d7-6be1-49ea-b5f2-2edc7154a31d,55.40815,-118.52577,11.54969,6.24704,-2.98425,-13.11341,-1.65507,12.02008,-5.81387,,,,,,,,,,,,,,,,,,,,,,,,,,,,,,,,,,,,,,,,,,,,,,,,,,,High,High,High,,,,,
104,2025-02-22,15:11:20.30,4,3,"Polishuk, Will",1000375103,Right,POM_COL,"Capobianco, Joey",1000268959,Right,CHA_UNI,Undefined,3,Top,2,1,1,Slider,Curveball,StrikeCalled,Undefined,Undefined,Undefined,0,0,,75.93217,0.460474,-2.635567,2157.566199,41.595876,7:30,6.33377,1.46731,4.95194,-52.44034,-1.66772,-3.0202,2.39932,-1.27647,69.28815,-9.015976,-3.168173,0.512845,,,,,,,,,,,,0.67437,-0.41264,-1.20899,50,6.33549,5.18405,-109.94811,-0.95695,0.81698,21.37158,-32.67393,POM_COL,CHA_UNI,PomonaPitzer,D3,Team,20250222-PomonaPitzer-2,53f9f2b0-f172-11ef-bbfe-3dd3c01fa6e6,73.49674,,,6.64401,,,,,,,eca08de3-b488-4029-965a-0ebe30e993be,2025-02-22,23:11:20.30,2025-02-22T15:11:20.3020000-08:00,2025-02-22T23:11:20.3020000Z,,v3,POM_PIT,,,"Hattenburg, Xavier",10277269,Right,POM_COL,f8f9baf0-4176-49e7-9456-8b4d5ebb1a5e,55.54622,-111.02094,10.68579,6.34236,0.68325,-16.33697,-1.4682,5.14303,0.40849,,,,,,,,,,,,,,,,,,,,,,,,,,,,,,,,,,,,,,,,,,,,,,,,,,,High,High,High,,,,,
105,2025-02-22,15:11:42.93,4,4,"Polishuk, Will",1000375103,Right,POM_COL,"Capobianco, Joey",1000268959,Right,CHA_UNI,Undefined,3,Top,2,1,2,Slider,Curveball,BallCalled,Undefined,Undefined,Undefined,0,0,,74.72326,-0.179977,-3.750611,2077.709464,23.474282,6:45,6.32718,1.28528,4.92386,-58.17826,-5.99398,-3.31358,1.30847,-2.5417,69.02528,-10.595028,-4.334204,0.519926,,,,,,,,,,,,0.56595,-2.45102,-0.91636,50,6.26083,7.22369,-108.21848,-2.36371,0.66904,19.43574,-35.07162,POM_COL,CHA_UNI,PomonaPitzer,D3,Team,20250222-PomonaPitzer-2,618226a0-f172-11ef-bbfe-3dd3c01fa6e6,72.49582,,,5.69798,,,,,,,eca08de3-b488-4029-965a-0ebe30e993be,2025-02-22,23:11:42.93,2025-02-22T15:11:42.9310000-08:00,2025-02-22T23:11:42.9310000Z,,v3,POM_PIT,,,"Hattenburg, Xavier",10277269,Right,POM_COL,94da8a9f-5f88-4b94-9902-15bf06b4c8d3,55.5777,-109.21562,9.71787,6.33594,-0.56437,-17.53581,-1.28609,7.18937,0.33452,,,,,,,,,,,,,,,,,,,,,,,,,,,,,,,,,,,,,,,,,,,,,,,,,,,High,High,High,,,,,
106,2025-02-22,15:12:03.44,4,5,"Polishuk, Will",1000375103,Right,POM_COL,"Capobianco, Joey",1000268959,Right,CHA_UNI,Undefined,3,Top,2,2,2,Fastball,Sinker,InPlay,Undefined,GroundBall,Out,1,0,,87.57387,-2.558455,-3.69804,2118.469248,225.197947,1:30,6.71722,1.23677,5.01855,-22.73647,15.4041,14.1554,2.40137,-1.07844,79.44894,-6.769429,-1.203642,0.444493,,,,,,,,,,,,-8.1826,8.803,-0.89423,50,6.45383,7.53927,-126.59396,-6.47861,-13.16865,27.84431,-18.00702,POM_COL,CHA_UNI,PomonaPitzer,D3,Team,20250222-PomonaPitzer-2,6daced70-f172-11ef-bbfe-3dd3c01fa6e6,84.79868,,,8.12493,,,,,,,eca08de3-b488-4029-965a-0ebe30e993be,2025-02-22,23:12:03.44,2025-02-22T15:12:03.4450000-08:00,2025-02-22T23:12:03.4450000Z,,v3,POM_PIT,,,"Hattenburg, Xavier",10277269,Right,POM_COL,53526e24-5a87-4ade-9a19-07a40d53fd3c,55.48048,-127.7937,13.92216,6.71626,-5.70273,-9.00351,-1.23131,8.10667,-6.58432,,,,,,,,,,,,,,,,,,,,,,,,,,,,,,,,,,,,,,,,,,,,,,,,,,,High,High,High,,,,,
107,2025-02-22,15:13:44.48,1,1,"Kingston, Jordan",1000363070,Right,CHA_UNI,"Hattenburg, Xavier",10277269,Left,POM_COL,Undefined,3,Bottom,0,0,0,Fastball,Changeup,StrikeSwinging,Undefined,Undefined,Undefined,0,0,,81.35589,-1.860204,-1.220657,2209.551765,194.045788,12:30,5.81114,1.39841,6.14331,-25.46088,16.40993,3.76646,1.96938,0.58409,74.51082,-6.651092,-0.541179,0.465722,,,,,,,,,,,,-2.27878,9.41595,-1.30724,50,5.65617,2.37435,-118.12063,-4.54245,-3.21584,22.74114,-18.88618,POM_COL,CHA_UNI,PomonaPitzer,D3,Team,20250222-PomonaPitzer-2,a9e493b0-f172-11ef-bbfe-3dd3c01fa6e6,80.93329,,,6.84508,,,,,,,eca08de3-b488-4029-965a-0ebe30e993be,2025-02-22,23:13:44.48,2025-02-22T15:13:44.4860000-08:00,2025-02-22T23:13:44.4860000Z,,v3,POM_PIT,,,"Sturm, Charlie",1000141372,Right,CHA_UNI,6cf44ab2-93bc-4a5d-8bfc-54c9705f56f7,54.3536,-118.95585,11.37057,5.81027,-3.84881,-9.44309,-1.39662,2.49246,-1.60792,,,,,,,,,,,,,,,,,,,,,,,,,,,,,,,,,,,,,,,,,,,,,,,,,,,High,High,High,,,,,
108,2025-02-22,15:13:59.93,1,2,"Kingston, Jordan",1000363070,Right,CHA_UNI,"Hattenburg, Xavier",10277269,Left,POM_COL,Undefined,3,Bottom,0,0,1,ChangeUp,Curveball,BallCalled,Undefined,Undefined,Undefined,0,0,,71.86895,1.537035,1.35202,1694.588953,226.091944,1:30,5.79743,1.19461,6.00059,-40.75486,13.68528,12.29032,3.82614,3.47181,65.2714,-6.091469,3.559386,0.531045,,,,,,,,,,,,-5.81114,7.14134,-1.30715,50,5.89647,-2.89178,-104.21898,1.71293,-6.32576,19.19387,-24.4003,POM_COL,CHA_UNI,PomonaPitzer,D3,Team,20250222-PomonaPitzer-2,b32050e0-f172-11ef-bbfe-3dd3c01fa6e6,70.97791,,,6.59755,,,,,,,eca08de3-b488-4029-965a-0ebe30e993be,2025-02-22,23:13:59.93,2025-02-22T15:13:59.9330000-08:00,2025-02-22T23:13:59.9330000Z,,v3,POM_PIT,,,"Sturm, Charlie",1000141372,Right,CHA_UNI,b63bd308-8c54-4ad3-9d41-f96f620bb2d5,54.49365,-105.04331,9.59694,5.8004,2.76087,-12.20015,-1.18879,-2.6201,-3.16288,,,,,,,,,,,,,,,,,,,,,,,,,,,,,,,,,,,,,,,,,,,,,,,,,,,High,High,High,,,,,
109,2025-02-22,15:14:13.31,1,3,"Kingston, Jordan",1000363070,Right,CHA_UNI,"Hattenburg, Xavier",10277269,Left,POM_COL,Undefined,3,Bottom,0,1,1,Curveball,Curveball,BallCalled,Undefined,Undefined,Undefined,0,0,,68.80251,3.778012,1.370017,2359.818703,49.268689,7:45,6.00606,1.07572,5.44764,-72.28598,-10.54516,-15.03426,3.52553,1.10578,61.73712,-9.447854,-1.307339,0.565532,,,,,,,,,,,,7.90989,-5.70583,-1.18655,50,6.29194,-1.82647,-99.47124,4.34049,7.71192,19.95488,-37.73708,POM_COL,CHA_UNI,PomonaPitzer,D3,Team,20250222-PomonaPitzer-2,bb247870-f172-11ef-bbfe-3dd3c01fa6e6,66.64948,,,7.06539,,,,,,,eca08de3-b488-4029-965a-0ebe30e993be,2025-02-22,23:14:13.31,2025-02-22T15:14:13.3180000-08:00,2025-02-22T23:14:13.3180000Z,,v3,POM_PIT,,,"Sturm, Charlie",1000141372,Right,CHA_UNI,4b8e17c6-89a1-4b6f-84c9-1db7c52b0df5,55.05126,-100.47947,9.97744,6.02447,6.24716,-18.86854,-1.08443,-2.21612,3.85596,,,,,,,,,,,,,,,,,,,,,,,,,,,,,,,,,,,,,,,,,,,,,,,,,,,High,High,High,,,,,
110,2025-02-22,15:14:26.23,1,4,"Kingston, Jordan",1000363070,Right,CHA_UNI,"Hattenburg, Xavier",10277269,Left,POM_COL,Undefined,3,Bottom,0,2,1,Curveball,Curveball,BallCalled,Undefined,Undefined,Undefined,0,0,,68.46418,1.317323,0.088907,2404.990084,44.0408,7:30,5.89824,1.06425,5.39636,-75.14902,-13.85674,-15.37375,0.87056,-0.13357,63.06551,-12.266193,-2.657721,0.563475,,,,,,,,,,,,7.78949,-6.845,-1.06092,50,5.96262,0.37159,-99.4124,0.00965,7.69191,17.90844,-38.93331,POM_COL,CHA_UNI,PomonaPitzer,D3,Team,20250222-PomonaPitzer-2,c2dc54c0-f172-11ef-bbfe-3dd3c01fa6e6,66.89289,,,5.39867,,,,,,,eca08de3-b488-4029-965a-0ebe30e993be,2025-02-22,23:14:26.23,2025-02-22T15:14:26.2380000-08:00,2025-02-22T23:14:26.2380000Z,,v3,POM_PIT,,,"Sturm, Charlie",1000141372,Right,CHA_UNI,0a9fdbe1-a00d-4bc8-aa26-ceaf0c0fdc40,55.10841,-100.32842,8.95422,5.91119,2.0011,-19.46666,-1.06987,-0.02186,3.84595,,,,,,,,,,,,,,,,,,,,,,,,,,,,,,,,,,,,,,,,,,,,,,,,,,,High,High,High,,,,,
111,2025-02-22,15:14:39.30,1,5,"Kingston, Jordan",1000363070,Right,CHA_UNI,"Hattenburg, Xavier",10277269,Left,POM_COL,Undefined,3,Bottom,0,3,1,Fastball,Changeup,BallCalled,Walk,Undefined,Undefined,0,0,,79.43206,0.100812,-1.562383,2116.646633,191.645531,12:30,5.87304,1.35803,6.05263,-29.42372,14.36501,2.68961,3.51442,0.13553,73.03366,-5.406482,-1.078376,0.476269,,,,,,,,,,,,-1.7874,7.78556,-1.2379,50,5.86503,3.04763,-115.41846,-0.63526,-2.42367,20.43009,-21.61694,POM_COL,CHA_UNI,PomonaPitzer,D3,Team,20250222-PomonaPitzer-2,ca956990-f172-11ef-bbfe-3dd3c01fa6e6,79.14104,,,6.3984,,,,,,,eca08de3-b488-4029-965a-0ebe30e993be,2025-02-22,23:14:39.30,2025-02-22T15:14:39.3080000-08:00,2025-02-22T23:14:39.3080000Z,,v3,POM_PIT,,,"Sturm, Charlie",1000141372,Right,CHA_UNI,6c6c989e-f239-442b-9114-c1688f6a70a4,54.44472,-116.20255,10.21505,5.87349,0.19438,-10.80847,-1.35665,3.14065,-1.21184,,,,,,,,,,,,,,,,,,,,,,,,,,,,,,,,,,,,,,,,,,,,,,,,,,,High,High,High,,,,,
112,2025-02-22,15:15:07.44,2,1,"Kingston, Jordan",1000363070,Right,CHA_UNI,"Kinney, William",1000092038,Right,POM_COL,Undefined,3,Bottom,0,0,0,Fastball,Changeup,StrikeCalled,Undefined,Undefined,Undefined,0,0,,82.79555,-2.997136,-1.989269,2245.646518,209.964154,1:00,5.79465,1.45697,6.31112,-24.43092,15.953,8.41331,0.99366,0.32487,75.67013,-7.603387,-0.46688,0.457378,,,,,,,,,,,,-4.96792,9.59233,-1.3151,50,5.56307,3.8613,-120.09315,-6.95582,-7.21691,24.40597,-18.23924,POM_COL,CHA_UNI,PomonaPitzer,D3,Team,20250222-PomonaPitzer-2,db5ebec0-f172-11ef-bbfe-3dd3c01fa6e6,82.40978,,,7.12541,,,,,,,eca08de3-b488-4029-965a-0ebe30e993be,2025-02-22,23:15:07.44,2025-02-22T15:15:07.4420000-08:00,2025-02-22T23:15:07.4420000Z,,v3,POM_PIT,,,"Sturm, Charlie",1000141372,Right,CHA_UNI,5944ae1a-7e24-421a-a35a-326e27a6db26,54.18735,-120.94113,12.20299,5.79374,-6.32211,-9.11962,-1.45361,4.11205,-3.60845,,,,,,,,,,,,,,,,,,,,,,,,,,,,,,,,,,,,,,,,,,,,,,,,,,,High,High,High,,,,,
113,2025-02-22,15:15:23.78,2,2,"Kingston, Jordan",1000363070,Right,CHA_UNI,"Kinney, William",1000092038,Right,POM_COL,Undefined,3,Bottom,0,0,1,Slider,Curveball,BallCalled,Undefined,Undefined,Undefined,0,0,,70.92758,2.408448,1.580984,2259.071932,62.88429,8:00,5.61894,1.61008,4.97121,-64.94535,-6.66504,-17.00028,2.48397,1.6871,64.50125,-9.341652,-1.421904,0.549455,,,,,,,,,,,,8.82831,-3.35516,-1.74844,50,5.79901,-2.17886,-102.71439,2.16198,9.30495,19.14323,-35.71033,POM_COL,CHA_UNI,PomonaPitzer,D3,Team,20250222-PomonaPitzer-2,e5209be0-f172-11ef-bbfe-3dd3c01fa6e6,68.59965,,,6.42633,,,,,,,eca08de3-b488-4029-965a-0ebe30e993be,2025-02-22,23:15:23.78,2025-02-22T15:15:23.7840000-08:00,2025-02-22T23:15:23.7840000Z,,v3,POM_PIT,,,"Sturm, Charlie",1000141372,Right,CHA_UNI,53ac09d4-c7f6-471b-8633-409a2f859f0b,55.52921,-103.73977,9.57162,5.63198,4.07475,-17.85517,-1.61838,-2.67726,4.65248,,,,,,,,,,,,,,,,,,,,,,,,,,,,,,,,,,,,,,,,,,,,,,,,,,,High,High,High,,,,,
114,2025-02-22,15:15:48.08,2,3,"Kingston, Jordan",1000363070,Right,CHA_UNI,"Kinney, William",1000092038,Right,POM_COL,Undefined,3,Bottom,0,1,1,Fastball,Changeup,BallCalled,Undefined,Undefined,Undefined,0,0,,81.6878,0.054893,-1.567383,2233.573634,200.579197,12:45,5.79122,1.44911,6.22942,-24.72934,16.99084,5.83796,3.78111,0.48918,73.96158,-4.654777,-0.513435,0.464884,,,,,,,,,,,,-3.47752,9.19985,-1.33468,50,5.783,3.01984,-118.55189,-0.54375,-4.89909,24.80326,-19.2135,POM_COL,CHA_UNI,PomonaPitzer,D3,Team,20250222-PomonaPitzer-2,f39070b0-f172-11ef-bbfe-3dd3c01fa6e6,81.07925,,,7.72621,,,,,,,eca08de3-b488-4029-965a-0ebe30e993be,2025-02-22,23:15:48.08,2025-02-22T15:15:48.0870000-08:00,2025-02-22T23:15:48.0870000Z,,v3,POM_PIT,,,"Sturm, Charlie",1000141372,Right,CHA_UNI,b28075f2-b0c3-44fc-a650-77b65ed5ef2e,54.26577,-119.44103,12.40163,5.79014,0.14502,-9.60675,-1.44608,3.19546,-2.44954,,,,,,,,,,,,,,,,,,,,,,,,,,,,,72.21921,1.670643,0.783411,0.887231,-1.86247,3.50429,-0.46166,-1.10387,5.63293,-4.00892,64.03316,7.76649,-60.75225,-1.08911,76.77309,-3.82248,5.63873,13.17526,-12.1558,-4.04833,-70.90797,7.93866,High,High,High,,,High,High,High
115,2025-02-22,15:16:13.65,2,4,"Kingston, Jordan",1000363070,Right,CHA_UNI,"Kinney, William",1000092038,Right,POM_COL,Undefined,3,Bottom,0,2,1,Fastball,Changeup,BallCalled,Undefined,Undefined,Undefined,0,0,,84.47395,-3.788847,-2.214136,2245.844733,214.006977,1:15,5.82242,1.47029,6.33709,-25.34868,13.43843,8.19461,0.21385,0.11356,77.39173,-8.536158,-0.73013,0.448245,,,,,,,,,,,,-4.93398,8.49741,-1.31285,50,5.53402,4.43118,-122.44217,-8.83357,-7.45704,25.1781,-19.33138,POM_COL,CHA_UNI,PomonaPitzer,D3,Team,20250222-PomonaPitzer-2,02cb5db0-f173-11ef-bbfe-3dd3c01fa6e6,84.08899,,,7.08222,,,,,,,eca08de3-b488-4029-965a-0ebe30e993be,2025-02-22,23:16:13.65,2025-02-22T15:16:13.6580000-08:00,2025-02-22T23:16:13.6580000Z,,v3,POM_PIT,,,"Sturm, Charlie",1000141372,Right,CHA_UNI,61fb6881-7d3d-4321-8caf-7ef2b13ef3ad,54.16226,-123.2951,12.58905,5.82217,-8.17871,-9.66569,-1.46723,4.68379,-3.72852,,,,,,,,,,,,,,,,,,,,,,,,,,,,,,,,,,,,,,,,,,,,,,,,,,,High,High,High,,,,,
116,2025-02-22,15:16:41.68,2,5,"Kingston, Jordan",1000363070,Right,CHA_UNI,"Kinney, William",1000092038,Right,POM_COL,Undefined,3,Bottom,0,3,1,Slider,Curveball,BallCalled,Walk,Undefined,Undefined,0,0,,70.38384,3.3408,1.139261,2144.879469,64.375407,8:15,5.67636,1.5877,5.48947,-63.20039,-5.11189,-14.87532,3.5392,1.41403,63.84291,-8.228448,-1.510528,0.54855,,,,,,,,,,,,7.7665,-2.91091,-1.67743,50,5.9272,-1.48407,-101.93784,4.00734,8.06436,18.81923,-35.19661,POM_COL,CHA_UNI,PomonaPitzer,D3,Team,20250222-PomonaPitzer-2,138f34a0-f173-11ef-bbfe-3dd3c01fa6e6,68.71282,,,6.54093,,,,,,,eca08de3-b488-4029-965a-0ebe30e993be,2025-02-22,23:16:41.68,2025-02-22T15:16:41.6820000-08:00,2025-02-22T23:16:41.6820000Z,,v3,POM_PIT,,,"Sturm, Charlie",1000141372,Right,CHA_UNI,f8d0a6f4-de50-4ca2-ae5f-cc8b6495e8e8,55.01006,-102.85861,9.40961,5.689,5.72942,-17.5983,-1.59517,-1.87864,4.03218,,,,,,,,,,,,,,,,,,,,,,,,,,,,,,,,,,,,,,,,,,,,,,,,,,,High,High,High,,,,,
117,2025-02-22,15:17:10.33,3,1,"Kingston, Jordan",1000363070,Right,CHA_UNI,"Legg, Jimmy",1000115608,Left,POM_COL,Undefined,3,Bottom,0,0,0,Fastball,Four-Seam,FoulBallNotFieldable,Undefined,Undefined,Undefined,0,0,,82.44414,-1.449439,-2.488193,2146.700207,197.335161,12:30,5.7822,1.5534,6.43261,-24.52127,15.59615,4.48811,2.4051,-0.36081,75.8779,-6.078633,-1.675225,0.455867,,,,,,,,,,,,-3.03488,8.92993,-1.37837,50,5.66775,5.0497,-119.80818,-3.68946,-4.42788,22.32718,-19.14535,POM_COL,CHA_UNI,PomonaPitzer,D3,Team,20250222-PomonaPitzer-2,249c70a0-f173-11ef-bbfe-3dd3c01fa6e6,82.68299,,,6.56624,,,,,,,eca08de3-b488-4029-965a-0ebe30e993be,2025-02-22,23:17:10.33,2025-02-22T15:17:10.3320000-08:00,2025-02-22T23:17:10.3320000Z,,v3,POM_PIT,,,"Sturm, Charlie",1000141372,Right,CHA_UNI,2e5b12e0-af36-451e-8982-fc84f076ed60,54.06799,-120.5639,11.16359,5.78166,-3.04144,-9.57268,-1.55182,5.19957,-2.21394,,,,,,,,,,,,,,,,,,,,,,,,,,,,,,,,,,,,,,,,,,,,,,,,,,,High,High,High,,,,,
118,2025-02-22,15:17:43.40,3,2,"Kingston, Jordan",1000363070,Right,CHA_UNI,"Legg, Jimmy",1000115608,Left,POM_COL,Undefined,3,Bottom,0,0,1,ChangeUp,Changeup,StrikeCalled,Undefined,Undefined,Undefined,0,0,,74.37124,-0.702124,-2.148598,1796.793938,210.478802,1:00,5.72708,1.36627,6.50814,-34.83077,14.48335,7.60693,2.17966,0.02741,68.34772,-7.253469,-0.767506,0.505425,,,,,,,,,,,,-4.56484,8.27485,-1.21918,50,5.66287,3.80579,-108.06108,-2.18849,-5.39969,18.76237,-22.38581,POM_COL,CHA_UNI,PomonaPitzer,D3,Team,20250222-PomonaPitzer-2,38574070-f173-11ef-bbfe-3dd3c01fa6e6,74.57568,,,6.02352,,,,,,,eca08de3-b488-4029-965a-0ebe30e993be,2025-02-22,23:17:43.40,2025-02-22T15:17:43.4010000-08:00,2025-02-22T23:17:43.4010000Z,,v3,POM_PIT,,,"Sturm, Charlie",1000141372,Right,CHA_UNI,bbd115bf-08f9-4d70-9e9a-3c1558b280c5,53.98941,-108.75155,9.38118,5.72825,-1.36468,-11.1929,-1.36289,4.0045,-2.69985,,,,,,,,,,,,,,,,,,,,,,,,,,,,,,,,,,,,,,,,,,,,,,,,,,,High,High,High,,,,,
119,2025-02-22,15:18:08.11,3,3,"Kingston, Jordan",1000363070,Right,CHA_UNI,"Legg, Jimmy",1000115608,Left,POM_COL,Undefined,3,Bottom,0,0,2,Fastball,Changeup,StrikeCalled,Strikeout,Undefined,Undefined,0,0,,84.15517,-1.795561,-3.807631,2297.098121,223.640483,1:30,5.67646,1.6429,6.23558,-23.92497,15.34477,13.36493,2.02212,-0.76105,76.6338,-6.319337,-1.399355,0.451025,,,,,,,,,,,,-8.00426,8.87457,-1.36477,50,5.53035,7.59736,-121.95091,-4.49996,-11.99226,25.1294,-18.87787,POM_COL,CHA_UNI,PomonaPitzer,D3,Team,20250222-PomonaPitzer-2,470e3060-f173-11ef-bbfe-3dd3c01fa6e6,83.57064,,,7.52137,,,,,,,eca08de3-b488-4029-965a-0ebe30e993be,2025-02-22,23:18:08.11,2025-02-22T15:18:08.1160000-08:00,2025-02-22T23:18:08.1160000Z,,v3,POM_PIT,,,"Sturm, Charlie",1000141372,Right,CHA_UNI,72a55dab-d5ec-4067-a4e6-e7c96ebc9cce,54.26206,-122.82602,12.5647,5.67561,-3.84255,-9.43893,-1.63661,8.01498,-5.99613,,,,,,,,,,,,,,,,,,,,,,,,,,,,,,,,,,,,,,,,,,,,,,,,,,,High,High,High,,,,,
120,2025-02-22,15:18:56.75,4,1,"Kingston, Jordan",1000363070,Right,CHA_UNI,"Ng, JC",1000115591,Left,POM_COL,Undefined,3,Bottom,1,3,0,Other,,BallIntentional,Walk,Undefined,Undefined,0,0,,,,,,,,,,,,,,,,,,,,,,,,,,,,,,,,,,,,,,,,,,POM_COL,CHA_UNI,PomonaPitzer,D3,Team,20250222-PomonaPitzer-2,59e46c90-f173-11ef-bbfe-3dd3c01fa6e6,,,,,,,,,,,eca08de3-b488-4029-965a-0ebe30e993be,2025-02-22,23:18:56.75,2025-02-22T15:18:56.7560000-08:00,2025-02-22T23:18:56.7560000Z,,v3,POM_PIT,,,"Sturm, Charlie",1000141372,Right,CHA_UNI,,,,,,,,,,,,,,,,,,,,,,,,,,,,,,,,,,,,,,,,,,,,,,,,,,,,,,,,,,,,,,,,,,,,
121,2025-02-22,15:18:57.75,5,1,"Kingston, Jordan",1000363070,Right,CHA_UNI,"Berry, Cooper",1000276381,Left,POM_COL,Undefined,3,Bottom,1,0,0,ChangeUp,Changeup,InPlay,Undefined,Popup,Out,1,0,,74.61094,-0.257305,-1.078408,1800.07108,204.513168,12:45,5.79361,1.14692,6.50776,-32.9186,16.42836,6.72685,2.81421,0.71767,67.94486,-6.497577,0.143339,0.505594,87.50952,56.3353,9.330482,,,,,,79.34764,,,-3.86169,9.18626,-1.07438,50,5.76127,1.82275,-108.40222,-1.28228,-4.55387,20.53647,-21.34121,POM_COL,CHA_UNI,PomonaPitzer,D3,Team,20250222-PomonaPitzer-2,64a2ab10-f173-11ef-bbfe-3dd3c01fa6e6,74.55085,115.02976,,6.66608,,,,1.93324,1.78791,-0.12592,eca08de3-b488-4029-965a-0ebe30e993be,2025-02-22,23:18:57.75,2025-02-22T15:18:57.7560000-08:00,2025-02-22T23:18:57.7560000Z,,v3,POM_PIT,,,"Sturm, Charlie",1000141372,Right,CHA_UNI,b3605864-568f-4ddb-8d02-60625f81f795,53.98993,-109.15548,10.26824,5.79395,-0.4995,-10.67061,-1.1443,1.98979,-2.27694,,1.93322,70.20954,-19.55255,6.07649,-2.57609,2.0271,-1.29993,0.45989,-0.06697,1.78793,106.82015,-24.48674,1.91051,0.57933,-1.16337,0.85006,-0.31129,0.04604,-0.12593,11.53759,-8.12,3.03649,-1.5522,1.32919,-0.86709,0.30829,-0.045,,,,,,,,,,,,,,,,,,,,,,,High,High,High,Medium,Undefined,,,
122,2025-02-22,15:19:34.79,6,1,"Kingston, Jordan",1000363070,Right,CHA_UNI,"Pierantoni, Greg",1000091552,Right,POM_COL,Undefined,3,Bottom,2,0,0,Slider,Curveball,BallCalled,Undefined,Undefined,Undefined,0,0,,72.83631,0.963837,-2.024374,2226.505884,96.121858,9:15,5.62915,1.66499,5.48876,-50.59767,3.56894,-15.92985,2.31502,-1.55714,66.36609,-8.307543,-4.859222,0.529709,,,,,,,,,,,,7.31556,2.12126,-1.47692,50,5.68005,4.32603,-105.55469,0.21456,8.14586,20.15531,-29.81203,POM_COL,CHA_UNI,PomonaPitzer,D3,Team,20250222-PomonaPitzer-2,7aba7db0-f173-11ef-bbfe-3dd3c01fa6e6,71.15689,,,6.47022,,,,,,,eca08de3-b488-4029-965a-0ebe30e993be,2025-02-22,23:19:34.79,2025-02-22T15:19:34.7990000-08:00,2025-02-22T23:19:34.7990000Z,,v3,POM_PIT,,,"Sturm, Charlie",1000141372,Right,CHA_UNI,efcc5994-90a4-462b-97d2-6c4b863dad6d,55.00828,-106.50671,10.07766,5.63666,1.62271,-14.90601,-1.67217,3.94126,4.07293,,,,,,,,,,,,,,,,,,,,,,,,,,,,,,,,,,,,,,,,,,,,,,,,,,,High,High,High,,,,,
123,2025-02-22,15:19:47.73,6,2,"Kingston, Jordan",1000363070,Right,CHA_UNI,"Pierantoni, Greg",1000091552,Right,POM_COL,Undefined,3,Bottom,2,1,0,Curveball,Curveball,InPlay,Undefined,FlyBall,Out,1,0,,70.36647,1.085545,-0.411779,2419.96479,47.518986,7:30,5.99919,1.0695,5.73821,-68.26571,-10.77402,-13.93194,1.32136,-0.47494,64.42904,-11.368042,-2.914193,0.545725,76.05311,31.960178,-19.812089,1891.924461,103.31456,50.86025,-37.76323,282.64911,275.75174,-21.990597,4.065514,7.02252,-5.39697,-1.02631,50,6.0473,1.1999,-102.17263,-0.06619,7.29497,19.55053,-37.7804,POM_COL,CHA_UNI,PomonaPitzer,D3,Team,20250222-PomonaPitzer-2,8276c6d0-f173-11ef-bbfe-3dd3c01fa6e6,69.06854,56.77088,,5.93742,,,,3.03659,1.64637,0.38982,eca08de3-b488-4029-965a-0ebe30e993be,2025-02-22,23:19:47.73,2025-02-22T15:19:47.7390000-08:00,2025-02-22T23:19:47.7390000Z,FlyBall,v3,POM_PIT,,,"Sturm, Charlie",1000141372,Right,CHA_UNI,4944ac0b-3dd4-4db8-a074-719fb37c4d93,54.76502,-103.08038,9.77527,6.00965,1.68798,-18.8902,-1.07416,0.86119,3.64748,165.633333,3.0381,88.9941,-11.15357,1.83287,-0.02866,-0.11061,0.03218,-0.00358,0.00013,1.64519,59.07507,-17.78371,1.60362,-0.45989,0.09601,-0.00459,-0.00169,0.0002,0.38958,-32.06997,2.53145,-0.44253,0.03812,0.01283,-0.00428,0.00037,-0,,,,,,,,,,,,,,,,,,,,,,,High,High,High,High,High,,,
124,2025-02-22,15:21:48.43,1,1,"Polishuk, Will",1000375103,Right,POM_COL,"Lang, Brad",1000127615,Left,CHA_UNI,Undefined,4,Top,0,0,0,Fastball,Four-Seam,BallCalled,Undefined,Undefined,Undefined,0,0,,85.28246,-0.742182,-1.928134,2214.044069,207.347652,1:00,6.48185,1.62257,4.74373,-17.9641,23.19005,11.14174,4.28042,0.72146,75.89302,-4.17414,0.02784,0.46172,,,,,,,,,,,,-6.09989,12.04772,-1.43896,50,6.39289,3.61849,-123.20937,-2.15006,-9.14563,30.10197,-14.11077,POM_COL,CHA_UNI,PomonaPitzer,D3,Team,20250222-PomonaPitzer-2,ca61e100-f173-11ef-bbfe-3dd3c01fa6e6,81.6349,,,9.38943,,,,,,,eca08de3-b488-4029-965a-0ebe30e993be,2025-02-22,23:21:48.43,2025-02-22T15:21:48.4370000-08:00,2025-02-22T23:21:48.4370000Z,,v3,POM_PIT,,,"Hattenburg, Xavier",10277269,Right,POM_COL,0dc26696-8c9c-4aa8-a64a-3c435b098660,55.74946,-124.60613,15.05098,6.47746,-1.49531,-7.05539,-1.61671,4.04286,-4.57282,,,,,,,,,,,,,,,,,,,,,,,,,,,,,,,,,,,,,,,,,,,,,,,,,,,High,High,High,,,,,
125,2025-02-22,15:22:02.70,1,2,"Polishuk, Will",1000375103,Right,POM_COL,"Lang, Brad",1000127615,Left,CHA_UNI,Undefined,4,Top,0,1,0,Fastball,Four-Seam,FoulBallNotFieldable,Undefined,Undefined,Undefined,0,0,,85.96659,-2.351441,-3.335802,2157.208056,200.894589,12:45,6.42836,1.51113,4.83219,-17.00588,23.55828,8.35741,2.77939,-0.95496,76.48865,-5.607215,-1.86893,0.458398,,,,,,,,,,,,-5.3326,12.91556,-1.18811,50,6.18206,6.84242,-124.00434,-5.62104,-8.07902,31.03782,-12.60666,POM_COL,CHA_UNI,PomonaPitzer,D3,Team,20250222-PomonaPitzer-2,d2dd5b70-f173-11ef-bbfe-3dd3c01fa6e6,82.22644,,,9.47794,,,,,,,eca08de3-b488-4029-965a-0ebe30e993be,2025-02-22,23:22:02.70,2025-02-22T15:22:02.7080000-08:00,2025-02-22T23:22:02.7080000Z,,v3,POM_PIT,,,"Hattenburg, Xavier",10277269,Right,POM_COL,0373abd2-2d01-4cc2-aa33-488885802b74,55.66353,-125.41389,15.51891,6.42433,-5.04852,-6.30333,-1.50718,7.20932,-4.03951,,,,,,,,,,,,,,,,,,,,,,,,,,,,,,,,,,,,,,,,,,,,,,,,,,,High,High,High,,,,,
126,2025-02-22,15:22:25.61,1,3,"Polishuk, Will",1000375103,Right,POM_COL,"Lang, Brad",1000127615,Left,CHA_UNI,Undefined,4,Top,0,1,1,ChangeUp,Changeup,StrikeCalled,Undefined,Undefined,Undefined,0,0,,78.99134,0.396729,-3.322848,1287.145696,277.453137,3:15,6.2828,1.82524,4.75847,-48.14739,-0.85236,19.15729,2.64737,0.26718,71.78289,-8.297755,0.043682,0.49497,,,,,,,,,,,,-10.38292,-0.02906,-1.50926,50,6.28045,5.80711,-114.30328,-1.00534,-13.59632,23.07642,-32.21208,POM_COL,CHA_UNI,PomonaPitzer,D3,Team,20250222-PomonaPitzer-2,e086abf0-f173-11ef-bbfe-3dd3c01fa6e6,76.15092,,,7.20845,,,,,,,eca08de3-b488-4029-965a-0ebe30e993be,2025-02-22,23:22:25.61,2025-02-22T15:22:25.6150000-08:00,2025-02-22T23:22:25.6150000Z,,v3,POM_PIT,,,"Hattenburg, Xavier",10277269,Right,POM_COL,7aa9ff66-e552-431b-9a99-a189daf5ec07,55.74102,-115.4565,11.53821,6.29047,0.60443,-16.10604,-1.81644,6.48657,-6.79816,,,,,,,,,,,,,,,,,,,,,,,,,,,,,,,,,,,,,,,,,,,,,,,,,,,High,High,High,,,,,
127,2025-02-22,15:22:39.93,1,4,"Polishuk, Will",1000375103,Right,POM_COL,"Lang, Brad",1000127615,Left,CHA_UNI,Undefined,4,Top,0,1,2,Fastball,Four-Seam,BallCalled,Undefined,Undefined,Undefined,0,0,,87.27736,-3.315945,0.219375,2144.995959,203.31994,12:45,6.61254,1.66015,4.75765,-18.23765,20.8097,8.33004,1.94473,2.56236,78.5537,-6.736091,1.683725,0.449746,,,,,,,,,,,,-3.9802,11.68347,-1.68983,50,6.26458,-0.88592,-126.0805,-7.91039,-6.30127,29.57369,-13.6774,POM_COL,CHA_UNI,PomonaPitzer,D3,Team,20250222-PomonaPitzer-2,e90b9c40-f173-11ef-bbfe-3dd3c01fa6e6,83.80831,,,8.72366,,,,,,,eca08de3-b488-4029-965a-0ebe30e993be,2025-02-22,23:22:39.93,2025-02-22T15:22:39.9380000-08:00,2025-02-22T23:22:39.9380000Z,,v3,POM_PIT,,,"Hattenburg, Xavier",10277269,Right,POM_COL,e2c5aeb0-c62d-4ff2-9fcf-24a4841e8685,55.73625,-127.4189,14.78685,6.60857,-7.29139,-6.8387,-1.65619,-0.60074,-3.15064,,,,,,,,,,,,,,,,,,,,,,,,,,,,,,,,,,,,,,,,,,,,,,,,,,,High,High,High,,,,,
128,2025-02-22,15:22:59.64,1,5,"Polishuk, Will",1000375103,Right,POM_COL,"Lang, Brad",1000127615,Left,CHA_UNI,Undefined,4,Top,0,2,2,ChangeUp,Splitter,StrikeSwinging,Strikeout,Undefined,Undefined,0,0,,80.97269,-1.274174,-3.647486,1096.630064,232.660416,1:45,6.27388,1.79714,4.85755,-32.21384,12.35095,14.24678,2.38068,-0.47281,73.97228,-7.155155,-1.143504,0.480471,,,,,,,,,,,,-8.03237,6.88642,-1.44976,50,6.12106,6.84911,-117.16789,-3.75727,-11.14815,22.46967,-22.61634,POM_COL,CHA_UNI,PomonaPitzer,D3,Team,20250222-PomonaPitzer-2,f4ce2b60-f173-11ef-bbfe-3dd3c01fa6e6,78.4489,,,7.00041,,,,,,,eca08de3-b488-4029-965a-0ebe30e993be,2025-02-22,23:22:59.64,2025-02-22T15:22:59.6460000-08:00,2025-02-22T23:22:59.6460000Z,,v3,POM_PIT,,,"Hattenburg, Xavier",10277269,Right,POM_COL,a0f0c1c8-5e9a-4dc3-9fcc-ea6559d910c1,55.64042,-118.24463,11.23484,6.27514,-2.67351,-11.30817,-1.79076,7.38332,-5.57407,,,,,,,,,,,,,,,,,,,,,,,,,,,,,72.85317,2.730194,1.84704,0.883154,-0.13953,2.18268,0.50289,0.3819,5.71039,-3.67479,70.7428,5.05619,-54.03843,0.42216,85.17128,-6.26819,5.74664,12.14234,-14.62175,-3.71544,-62.01767,5.69043,High,High,High,,,High,High,High
129,2025-02-22,15:23:29.99,2,1,"Polishuk, Will",1000375103,Right,POM_COL,"Campopiano, Matthew",1000268889,Left,CHA_UNI,Undefined,4,Top,1,0,0,Fastball,Four-Seam,BallCalled,Undefined,Undefined,Undefined,0,0,,86.35995,-1.381218,-3.013451,2118.797621,201.987243,12:45,6.47024,1.47664,4.88602,-21.27363,17.94332,6.70595,3.38868,-0.81802,78.46467,-5.335799,-1.834526,0.450722,,,,,,,,,,,,-4.1726,9.63134,-1.18666,50,6.3174,6.26709,-124.97412,-3.75711,-6.56869,26.27143,-17.012,POM_COL,CHA_UNI,PomonaPitzer,D3,Team,20250222-PomonaPitzer-2,06ea8d70-f174-11ef-bbfe-3dd3c01fa6e6,83.62685,,,7.89528,,,,,,,eca08de3-b488-4029-965a-0ebe30e993be,2025-02-22,23:23:29.99,2025-02-22T15:23:29.9940000-08:00,2025-02-22T23:23:29.9940000Z,,v3,POM_PIT,,,"Hattenburg, Xavier",10277269,Right,POM_COL,e200afec-96e5-4ece-9efe-4e1b1b161f6a,55.61052,-126.14803,13.13572,6.4683,-2.99695,-8.506,-1.47326,6.5606,-3.28435,,,,,,,,,,,,,,,,,,,,,,,,,,,,,,,,,,,,,,,,,,,,,,,,,,,High,High,High,,,,,
130,2025-02-22,15:23:44.99,2,2,"Polishuk, Will",1000375103,Right,POM_COL,"Campopiano, Matthew",1000268889,Left,CHA_UNI,Undefined,4,Top,1,1,0,Fastball,Four-Seam,BallCalled,Undefined,Undefined,Undefined,0,0,,87.19065,-1.177151,-0.715336,2135.857721,207.203947,1:00,6.39746,1.72248,4.89078,-19.74501,18.74682,8.94784,3.63825,1.79141,78.9676,-4.870918,0.861127,0.446535,,,,,,,,,,,,-4.58823,9.96229,-1.66016,50,6.26628,1.15056,-126.29014,-3.26848,-7.35189,27.60646,-16.21115,POM_COL,CHA_UNI,PomonaPitzer,D3,Team,20250222-PomonaPitzer-2,0fd2ac60-f174-11ef-bbfe-3dd3c01fa6e6,84.41087,,,8.22305,,,,,,,eca08de3-b488-4029-965a-0ebe30e993be,2025-02-22,23:23:44.99,2025-02-22T15:23:44.9900000-08:00,2025-02-22T23:23:44.9900000Z,,v3,POM_PIT,,,"Hattenburg, Xavier",10277269,Right,POM_COL,56e8d065-3e2b-478b-9945-c6c8f6cf0197,55.60443,-127.50936,13.80323,6.39482,-2.55253,-8.10558,-1.71814,1.47525,-3.67594,,,,,,,,,,,,,,,,,,,,,,,,,,,,,,,,,,,,,,,,,,,,,,,,,,,High,High,High,,,,,
131,2025-02-22,15:24:02.50,2,3,"Polishuk, Will",1000375103,Right,POM_COL,"Campopiano, Matthew",1000268889,Left,CHA_UNI,Undefined,4,Top,1,2,0,Fastball,Four-Seam,BallCalled,Undefined,Undefined,Undefined,0,0,,87.21672,-0.830488,-2.736592,2123.951829,209.121403,1:00,6.46224,1.59394,4.90286,-20.19048,18.37497,9.47796,3.99331,-0.20635,78.81047,-4.609559,-1.069076,0.446962,,,,,,,,,,,,-5.47626,9.68918,-1.33435,50,6.36487,5.58284,-126.20036,-2.52274,-8.75101,27.87439,-16.69085,POM_COL,CHA_UNI,PomonaPitzer,D3,Team,20250222-PomonaPitzer-2,1a49f6d0-f174-11ef-bbfe-3dd3c01fa6e6,84.33031,,,8.40624,,,,,,,eca08de3-b488-4029-965a-0ebe30e993be,2025-02-22,23:24:02.50,2025-02-22T15:24:02.5050000-08:00,2025-02-22T23:24:02.5050000Z,,v3,POM_PIT,,,"Hattenburg, Xavier",10277269,Right,POM_COL,9deb381f-c938-44d5-bd64-d50ec73b78a3,55.5927,-127.42965,13.9372,6.4599,-1.78666,-8.34543,-1.58907,5.96878,-4.37551,,,,,,,,,,,,,,,,,,,,,,,,,,,,,,,,,,,,,,,,,,,,,,,,,,,High,High,High,,,,,
132,2025-02-22,15:24:23.15,2,4,"Polishuk, Will",1000375103,Right,POM_COL,"Campopiano, Matthew",1000268889,Left,CHA_UNI,Undefined,4,Top,1,3,0,Fastball,Changeup,StrikeCalled,Undefined,Undefined,Undefined,0,0,,85.98942,-1.419816,-2.132647,2155.759432,220.387731,1:15,6.48587,1.39067,4.98413,-23.71694,15.76284,12.23591,3.16748,0.39547,77.95511,-5.819147,0.025943,0.452229,,,,,,,,,,,,-6.64784,8.61859,-1.19532,50,6.33026,4.06826,-124.49691,-3.92072,-10.35148,26.83242,-18.75388,POM_COL,CHA_UNI,PomonaPitzer,D3,Team,20250222-PomonaPitzer-2,268f98a0-f174-11ef-bbfe-3dd3c01fa6e6,83.34806,,,8.03431,,,,,,,eca08de3-b488-4029-965a-0ebe30e993be,2025-02-22,23:24:23.15,2025-02-22T15:24:23.1580000-08:00,2025-02-22T23:24:23.1580000Z,,v3,POM_PIT,,,"Hattenburg, Xavier",10277269,Right,POM_COL,e3b3f71e-14a1-4d3a-b7b9-ec7ed24c87cc,55.51176,-125.67923,13.41621,6.48481,-3.09436,-9.37694,-1.38463,4.52438,-5.17574,,,,,,,,,,,,,,,,,,,,,,,,,,,,,,,,,,,,,,,,,,,,,,,,,,,High,High,High,,,,,
133,2025-02-22,15:24:38.53,2,5,"Polishuk, Will",1000375103,Right,POM_COL,"Campopiano, Matthew",1000268889,Left,CHA_UNI,Undefined,4,Top,1,3,1,Fastball,Four-Seam,FoulBallNotFieldable,Undefined,Undefined,Undefined,0,0,,87.98082,-1.475078,-2.611084,2220.22624,220.096557,1:15,6.38621,1.45698,4.99995,-20.62155,17.27021,13.37631,3.27344,0.10494,79.30446,-5.335886,-0.252167,0.443041,,,,,,,,,,,,-7.45347,9.41103,-1.21732,50,6.22841,5.18126,-127.29449,-3.99391,-12.06609,29.39499,-16.939,POM_COL,CHA_UNI,PomonaPitzer,D3,Team,20250222-PomonaPitzer-2,2fbc61b0-f174-11ef-bbfe-3dd3c01fa6e6,85.07669,,,8.67636,,,,,,,eca08de3-b488-4029-965a-0ebe30e993be,2025-02-22,23:24:38.53,2025-02-22T15:24:38.5340000-08:00,2025-02-22T23:24:38.5340000Z,,v3,POM_PIT,,,"Hattenburg, Xavier",10277269,Right,POM_COL,81d4fd9e-16f5-4628-a5bf-68bf371e0447,55.4971,-128.55762,14.6975,6.38439,-3.26603,-8.4695,-1.45111,5.69975,-6.03304,,,,,,,,,,,,,,,,,,,,,,,,,,,,,,,,,,,,,,,,,,,,,,,,,,,High,High,High,,,,,
134,2025-02-22,15:24:57.92,2,6,"Polishuk, Will",1000375103,Right,POM_COL,"Campopiano, Matthew",1000268889,Left,CHA_UNI,Undefined,4,Top,1,3,2,Fastball,Four-Seam,BallCalled,Walk,Undefined,Undefined,0,0,,86.96546,-1.794137,-0.726365,2055.918794,215.257657,1:15,6.42259,1.54045,4.99051,-24.23769,14.60572,9.3091,2.70802,1.63032,78.38208,-6.291262,0.917715,0.44857,,,,,,,,,,,,-4.80126,8.21327,-1.47833,50,6.23084,1.15665,-125.848,-4.80709,-7.5814,29.2073,-19.2049,POM_COL,CHA_UNI,PomonaPitzer,D3,Team,20250222-PomonaPitzer-2,3b574490-f174-11ef-bbfe-3dd3c01fa6e6,84.02804,,,8.58338,,,,,,,eca08de3-b488-4029-965a-0ebe30e993be,2025-02-22,23:24:57.92,2025-02-22T15:24:57.9200000-08:00,2025-02-22T23:24:57.9200000Z,,v3,POM_PIT,,,"Hattenburg, Xavier",10277269,Right,POM_COL,1b47ecb8-e7f1-4abd-a9ea-b1aa8489d8c7,55.50396,-127.11896,14.60365,6.42184,-3.97139,-9.60245,-1.53584,1.48655,-3.7907,,,,,,,,,,,,,,,,,,,,,,,,,,,,,,,,,,,,,,,,,,,,,,,,,,,High,High,High,,,,,
135,2025-02-22,15:25:31.01,3,1,"Polishuk, Will",1000375103,Right,POM_COL,"Phillips, Josh",1000127619,Right,CHA_UNI,Undefined,4,Top,1,0,0,Fastball,Four-Seam,BallCalled,Undefined,Undefined,Undefined,0,0,,87.19023,-1.802568,-3.983132,2046.224671,195.800853,12:30,6.50025,1.24724,4.94808,-21.21115,18.14442,4.67733,3.02461,-2.13298,77.53358,-5.79394,-3.161503,0.451517,,,,,,,,,,,,-3.71394,10.02733,-0.86416,50,6.30853,8.52629,-125.67052,-4.67483,-5.77771,31.92571,-16.57469,POM_COL,CHA_UNI,PomonaPitzer,D3,Team,20250222-PomonaPitzer-2,4f0d5970-f174-11ef-bbfe-3dd3c01fa6e6,83.47947,,,9.65666,,,,,,,eca08de3-b488-4029-965a-0ebe30e993be,2025-02-22,23:25:31.01,2025-02-22T15:25:31.0170000-08:00,2025-02-22T23:25:31.0170000Z,,v3,POM_PIT,,,"Hattenburg, Xavier",10277269,Right,POM_COL,7cd829b0-5809-415c-b63c-ce95d0686968,55.5437,-127.07105,15.96285,6.49766,-3.94772,-8.28735,-1.24376,8.77975,-2.88886,,,,,,,,,,,,,,,,,,,,,,,,,,,,,,,,,,,,,,,,,,,,,,,,,,,High,High,High,,,,,
136,2025-02-22,15:25:51.32,3,2,"Polishuk, Will",1000375103,Right,POM_COL,"Phillips, Josh",1000127619,Right,CHA_UNI,Undefined,4,Top,1,1,0,Slider,Curveball,StrikeCalled,Undefined,Undefined,Undefined,0,0,,76.37478,1.030274,-2.154916,2089.996067,66.211516,8:15,6.23422,1.71847,4.97602,-52.32424,-1.61303,-7.988,2.84773,-0.98342,68.82888,-8.475488,-3.564129,0.512535,,,,,,,,,,,,3.18437,-0.54969,-1.50354,50,6.29152,4.48672,-110.46268,0.14872,3.84651,23.78001,-32.83802,POM_COL,CHA_UNI,PomonaPitzer,D3,Team,20250222-PomonaPitzer-2,5b25f7d0-f174-11ef-bbfe-3dd3c01fa6e6,73.54122,,,7.5459,,,,,,,eca08de3-b488-4029-965a-0ebe30e993be,2025-02-22,23:25:51.32,2025-02-22T15:25:51.3220000-08:00,2025-02-22T23:25:51.3220000Z,,v3,POM_PIT,,,"Hattenburg, Xavier",10277269,Right,POM_COL,fe68a55d-56c7-452c-a729-982bb14e5d1e,55.52027,-111.64474,11.89,6.24355,1.78104,-16.41901,-1.72182,4.29552,1.92326,,,,,,,,,,,,,,,,,,,,,,,,,,,,,,,,,,,,,,,,,,,,,,,,,,,High,High,High,,,,,
137,2025-02-22,15:26:11.15,3,3,"Polishuk, Will",1000375103,Right,POM_COL,"Phillips, Josh",1000127619,Right,CHA_UNI,Undefined,4,Top,1,1,1,Fastball,Four-Seam,BallCalled,Undefined,Undefined,Undefined,0,0,,87.29571,0.382461,-3.34075,2110.402882,212.8996,1:00,6.45501,1.45495,5.1903,-20.92729,17.70214,10.47371,5.07148,-0.81857,77.74503,-3.582593,-1.490357,0.447333,,,,,,,,,,,,-6.33394,9.08583,-1.1528,50,6.47558,6.87414,-126.11803,0.16496,-9.96496,31.19507,-17.87964,POM_COL,CHA_UNI,PomonaPitzer,D3,Team,20250222-PomonaPitzer-2,66eec880-f174-11ef-bbfe-3dd3c01fa6e6,84.26043,,,9.55068,,,,,,,eca08de3-b488-4029-965a-0ebe30e993be,2025-02-22,23:26:11.15,2025-02-22T15:26:11.1540000-08:00,2025-02-22T23:26:11.1540000Z,,v3,POM_PIT,,,"Hattenburg, Xavier",10277269,Right,POM_COL,23819e9e-f0f0-4837-83b8-2c37f359cea4,55.30338,-127.42306,15.59753,6.45303,0.91295,-8.93982,-1.44909,7.29102,-4.98248,,,,,,,,,,,,,,,,,,,,,,,,,,,,,,,,,,,,,,,,,,,,,,,,,,,High,High,High,,,,,
138,2025-02-22,15:26:33.48,3,4,"Polishuk, Will",1000375103,Right,POM_COL,"Phillips, Josh",1000127619,Right,CHA_UNI,Undefined,4,Top,1,2,1,Slider,Curveball,StrikeSwinging,Undefined,Undefined,Undefined,0,0,,76.15887,1.653131,-1.543216,2095.484692,74.322829,8:30,6.2116,1.51728,4.86761,-51.38629,-0.8626,-9.12611,3.49489,-0.70403,69.37229,-7.64797,-3.14999,0.511586,,,,,,,,,,,,4.01394,-0.40185,-1.35721,50,6.331,3.34733,-110.31825,1.36268,4.90314,21.2351,-32.66493,POM_COL,CHA_UNI,PomonaPitzer,D3,Team,20250222-PomonaPitzer-2,74478800-f174-11ef-bbfe-3dd3c01fa6e6,73.67757,,,6.78657,,,,,,,eca08de3-b488-4029-965a-0ebe30e993be,2025-02-22,23:26:33.48,2025-02-22T15:26:33.4870000-08:00,2025-02-22T23:26:33.4870000Z,,v3,POM_PIT,,,"Hattenburg, Xavier",10277269,Right,POM_COL,b9f3daf1-839d-4ff6-abdc-6cc99c619e8f,55.63102,-111.39689,10.61755,6.21964,3.0219,-16.33246,-1.52092,3.09827,2.45157,,,,,,,,,,,,,,,,,,,,,,,,,,,,,,,,,,,,,,,,,,,,,,,,,,,Medium,Medium,Medium,,,,,
139,2025-02-22,15:26:52.31,3,5,"Polishuk, Will",1000375103,Right,POM_COL,"Phillips, Josh",1000127619,Right,CHA_UNI,Undefined,4,Top,1,2,2,ChangeUp,Splitter,BallCalled,Undefined,Undefined,Undefined,0,0,,80.32528,-3.258512,-5.161557,1055.567919,248.722601,2:15,6.24889,1.64686,4.83627,-39.66443,6.28363,11.94308,-0.15792,-2.2587,73.34184,-10.396518,-3.066331,0.487871,,,,,,,,,,,,-7.5265,4.52642,-1.14561,50,5.89087,9.95674,-115.77615,-8.05373,-10.11502,23.60477,-26.09091,POM_COL,CHA_UNI,PomonaPitzer,D3,Team,20250222-PomonaPitzer-2,7f81d450-f174-11ef-bbfe-3dd3c01fa6e6,77.25903,,,6.98345,,,,,,,eca08de3-b488-4029-965a-0ebe30e993be,2025-02-22,23:26:52.31,2025-02-22T15:26:52.3140000-08:00,2025-02-22T23:26:52.3140000Z,,v3,POM_PIT,,,"Hattenburg, Xavier",10277269,Right,POM_COL,762a5d77-0b53-4668-b5df-947de09a0ed0,55.6633,-116.9251,11.80239,6.25198,-6.78377,-13.04545,-1.64223,10.44908,-5.05751,,,,,,,,,,,,,,,,,,,,,,,,,,,,,,,,,,,,,,,,,,,,,,,,,,,High,High,High,,,,,
140,2025-02-22,15:27:17.39,3,6,"Polishuk, Will",1000375103,Right,POM_COL,"Phillips, Josh",1000127619,Right,CHA_UNI,Undefined,4,Top,1,3,2,Slider,Curveball,InPlay,Undefined,FlyBall,HomeRun,0,2,,75.67031,1.331992,-0.916015,2117.753041,62.633332,8:00,6.30324,1.48412,4.95568,-55.00212,-3.52323,-10.45036,2.97863,-0.25229,68.40888,-8.643818,-2.761367,0.5164,104.36706,24.595986,-8.201497,2541.376703,109.33063,49.05664,-12.11465,396.97829,378.48414,-2.584965,4.850679,4.89418,-1.72976,-1.38614,50,6.38691,2.16791,-109.57538,0.64033,5.83069,22.99409,-34.23479,POM_COL,CHA_UNI,PomonaPitzer,D3,Team,20250222-PomonaPitzer-2,8e735c40-f174-11ef-bbfe-3dd3c01fa6e6,72.99082,75.3783,,7.26143,,,,2.30083,3.16395,0.2189,eca08de3-b488-4029-965a-0ebe30e993be,2025-02-22,23:27:17.39,2025-02-22T15:27:17.3910000-08:00,2025-02-22T23:27:17.3910000Z,FlyBall,v3,POM_PIT,,,"Hattenburg, Xavier",10277269,Right,POM_COL,a9941555-20c5-43b5-90d8-eda3d7df77e8,55.54386,-110.73263,11.49705,6.31133,2.36331,-17.1174,-1.48786,1.87447,2.91535,199.727979,2.3004,137.77032,-26.56116,6.5352,-1.52955,0.34788,-0.06428,0.00741,-0.00037,3.1656,63.66993,-14.28654,-0.46809,0.61035,-0.26804,0.06529,-0.00814,0.0004,0.21853,-19.84851,8.76666,-2.56648,0.65002,-0.14428,0.02459,-0.00263,0.00012,,,,,,,,,,,,,,,,,,,,,,,High,High,High,High,Medium,,,
141,2025-02-22,15:28:01.06,4,1,"Polishuk, Will",1000375103,Right,POM_COL,"Golbranson, Tommy",1000122571,Right,CHA_UNI,Undefined,4,Top,1,0,0,Fastball,Sinker,BallCalled,Undefined,Undefined,Undefined,0,0,,87.62833,-3.616168,-1.676863,2075.033738,225.333904,1:30,6.43794,1.32231,4.94688,-21.63954,16.78395,15.52568,1.21141,1.03105,79.12091,-7.630073,1.062776,0.446139,,,,,,,,,,,,-8.18441,9.86382,-1.17299,50,6.06939,2.97606,-126.60929,-8.76461,-13.08582,29.46366,-16.40307,POM_COL,CHA_UNI,PomonaPitzer,D3,Team,20250222-PomonaPitzer-2,a8773620-f174-11ef-bbfe-3dd3c01fa6e6,84.48594,,,8.50742,,,,,,,eca08de3-b488-4029-965a-0ebe30e993be,2025-02-22,23:28:01.06,2025-02-22T15:28:01.0600000-08:00,2025-02-22T23:28:01.0600000Z,,v3,POM_PIT,,,"Hattenburg, Xavier",10277269,Right,POM_COL,95ad4b79-304c-4973-97f7-36344912b54d,55.5494,-127.89419,14.73183,6.43601,-8.04928,-8.20154,-1.31521,3.54673,-6.54291,,,,,,,,,,,,,,,,,,,,,,,,,,,,,,,,,,,,,,,,,,,,,,,,,,,High,High,High,,,,,
142,2025-02-22,15:28:17.75,4,2,"Polishuk, Will",1000375103,Right,POM_COL,"Golbranson, Tommy",1000122571,Right,CHA_UNI,Undefined,4,Top,1,1,0,Fastball,Four-Seam,StrikeCalled,Undefined,Undefined,Undefined,0,0,,87.40963,-3.883671,-2.660795,2143.231805,200.657825,12:45,6.41501,1.38205,5.04545,-17.34308,21.1593,7.43343,1.29685,-0.51014,78.89271,-7.153244,-1.349169,0.446596,,,,,,,,,,,,-4.53134,12.14083,-1.13448,50,6.03098,5.52212,-126.19947,-9.12596,-7.2068,28.99302,-12.86494,POM_COL,CHA_UNI,PomonaPitzer,D3,Team,20250222-PomonaPitzer-2,b26c0a20-f174-11ef-bbfe-3dd3c01fa6e6,84.39934,,,8.51691,,,,,,,eca08de3-b488-4029-965a-0ebe30e993be,2025-02-22,23:28:17.75,2025-02-22T15:28:17.7580000-08:00,2025-02-22T23:28:17.7580000Z,,v3,POM_PIT,,,"Hattenburg, Xavier",10277269,Right,POM_COL,4ca96023-c634-4b0a-93f6-14a08262e017,55.45082,-127.44558,14.49651,6.41133,-8.57303,-6.43247,-1.37847,5.83186,-3.6034,,,,,,,,,,,,,,,,,,,,,,,,,,,,,,,,,,,,,,,,,,,,,,,,,,,High,High,High,,,,,
143,2025-02-22,15:28:34.27,4,3,"Polishuk, Will",1000375103,Right,POM_COL,"Golbranson, Tommy",1000122571,Right,CHA_UNI,Undefined,4,Top,1,1,1,Fastball,Four-Seam,BallCalled,Undefined,Undefined,Undefined,0,0,,86.24226,-4.169028,-1.718186,2085.195969,207.019535,1:00,6.43094,1.36085,4.98869,-19.62151,19.90411,9.40977,0.85045,0.52211,78.12419,-7.826858,-0.057158,0.452492,,,,,,,,,,,,-5.19788,11.57489,-1.20342,50,6.01347,3.30867,-124.57534,-9.73423,-8.07385,27.72968,-14.19487,POM_COL,CHA_UNI,PomonaPitzer,D3,Team,20250222-PomonaPitzer-2,bc42a7c0-f174-11ef-bbfe-3dd3c01fa6e6,83.29972,,,8.11807,,,,,,,eca08de3-b488-4029-965a-0ebe30e993be,2025-02-22,23:28:34.27,2025-02-22T15:28:34.2740000-08:00,2025-02-22T23:28:34.2740000Z,,v3,POM_PIT,,,"Hattenburg, Xavier",10277269,Right,POM_COL,021a0eb5-4a4a-4ce3-a965-d51392e8fd02,55.5082,-125.79545,13.86484,6.42804,-9.10965,-7.09743,-1.35681,3.66392,-4.03692,,,,,,,,,,,,,,,,,,,,,,,,,,,,,,,,,,,,,,,,,,,,,,,,,,,High,High,High,,,,,
144,2025-02-22,15:28:50.31,4,4,"Polishuk, Will",1000375103,Right,POM_COL,"Golbranson, Tommy",1000122571,Right,CHA_UNI,Undefined,4,Top,1,2,1,Slider,Curveball,BallCalled,Undefined,Undefined,Undefined,0,0,,75.08737,2.718358,-1.819145,2327.818755,36.840448,7:15,6.20838,1.68449,4.60816,-60.40629,-7.50296,-7.03367,3.76265,-0.63205,67.93915,-8.148389,-3.051175,0.523495,,,,,,,,,,,,2.82173,-3.92925,-1.49025,50,6.43282,3.7443,-108.57196,2.93918,3.31601,21.75517,-36.79154,POM_COL,CHA_UNI,PomonaPitzer,D3,Team,20250222-PomonaPitzer-2,c5d92f20-f174-11ef-bbfe-3dd3c01fa6e6,72.00146,,,7.14822,,,,,,,eca08de3-b488-4029-965a-0ebe30e993be,2025-02-22,23:28:50.31,2025-02-22T15:28:50.3140000-08:00,2025-02-22T23:28:50.3140000Z,,v3,POM_PIT,,,"Hattenburg, Xavier",10277269,Right,POM_COL,5e600060-cf06-494f-9e07-818f93e2ccd5,55.89077,-109.74597,10.87758,6.22063,4.92463,-18.39577,-1.68748,3.56535,1.65801,,,,,,,,,,,,,,,,,,,,,,,,,,,,,,,,,,,,,,,,,,,,,,,,,,,High,High,High,,,,,
145,2025-02-22,15:29:05.31,4,5,"Polishuk, Will",1000375103,Right,POM_COL,"Golbranson, Tommy",1000122571,Right,CHA_UNI,Undefined,4,Top,1,3,1,Fastball,Four-Seam,FoulBallNotFieldable,Undefined,Undefined,Undefined,0,0,,87.98106,-1.847543,-1.609683,2154.261197,216.641189,1:15,6.51792,1.33279,4.80273,-21.35442,17.04828,11.57926,2.98653,0.77215,78.86691,-5.835241,0.427024,0.446018,,,,,,,,,,,,-6.22693,9.41158,-1.18316,50,6.31646,3.01951,-127.19458,-4.86428,-9.99689,30.96416,-17.06444,POM_COL,CHA_UNI,PomonaPitzer,D3,Team,20250222-PomonaPitzer-2,cec28690-f174-11ef-bbfe-3dd3c01fa6e6,84.50879,,,9.11415,,,,,,,eca08de3-b488-4029-965a-0ebe30e993be,2025-02-22,23:29:05.31,2025-02-22T15:29:05.3170000-08:00,2025-02-22T23:29:05.3170000Z,,v3,POM_PIT,,,"Hattenburg, Xavier",10277269,Right,POM_COL,fd0d6e6f-b7b2-4dec-b39e-5b82f029f289,55.69277,-128.57296,15.48208,6.51609,-4.10466,-8.53222,-1.32748,3.46452,-4.99845,,,,,,,,,,,,,,,,,,,,,,,,,,,,,,,,,,,,,,,,,,,,,,,,,,,High,High,High,,,,,
146,2025-02-22,15:29:27.66,4,6,"Polishuk, Will",1000375103,Right,POM_COL,"Golbranson, Tommy",1000122571,Right,CHA_UNI,Undefined,4,Top,1,3,2,Fastball,Four-Seam,FoulBallNotFieldable,Undefined,Undefined,Undefined,0,0,,88.04316,-1.273558,-2.611526,2030.513852,212.73822,1:00,6.4935,1.30943,5.11115,-17.6595,20.25214,12.08469,3.82059,-0.14558,78.80835,-4.637515,-0.47662,0.443157,,,,,,,,,,,,-6.87965,10.89623,-1.07325,50,6.36067,5.24574,-127.31854,-3.38944,-11.06818,30.98217,-14.64388,POM_COL,CHA_UNI,PomonaPitzer,D3,Team,20250222-PomonaPitzer-2,dc179c90-f174-11ef-bbfe-3dd3c01fa6e6,85.05436,,,9.23481,,,,,,,eca08de3-b488-4029-965a-0ebe30e993be,2025-02-22,23:29:27.66,2025-02-22T15:29:27.6690000-08:00,2025-02-22T23:29:27.6690000Z,,v3,POM_PIT,,,"Hattenburg, Xavier",10277269,Right,POM_COL,40a4bda2-d4d0-412c-a6cb-643699574180,55.38469,-128.6222,15.49109,6.49032,-2.77325,-7.32194,-1.30378,5.71146,-5.53409,,,,,,,,,,,,,,,,,,,,,,,,,,,,,,,,,,,,,,,,,,,,,,,,,,,High,High,High,,,,,
147,2025-02-22,15:29:54.98,4,7,"Polishuk, Will",1000375103,Right,POM_COL,"Golbranson, Tommy",1000122571,Right,CHA_UNI,Undefined,4,Top,1,3,2,Fastball,Four-Seam,InPlay,Undefined,LineDrive,Out,1,0,,88.6707,-1.741731,-1.961452,2165.188381,201.12694,12:45,6.42289,1.39201,5.1087,-15.44182,22.00521,7.93737,3.49362,0.20473,79.23096,-4.713395,-0.558602,0.440433,104.16127,17.048625,-7.461274,4067.518642,109.08619,28.23948,-14.14923,304.08891,296.97571,-8.150172,2.844575,-4.62496,11.94823,-1.2137,50,6.24776,4.02139,-128.22246,-4.36172,-7.52826,32.01679,-12.72535,POM_COL,CHA_UNI,PomonaPitzer,D3,Team,20250222-PomonaPitzer-2,ec59e770-f174-11ef-bbfe-3dd3c01fa6e6,85.58036,32.01409,,9.43974,,,,1.45468,3.52296,-0.31069,eca08de3-b488-4029-965a-0ebe30e993be,2025-02-22,23:29:54.98,2025-02-22T15:29:54.9890000-08:00,2025-02-22T23:29:54.9890000Z,LineDrive,v3,POM_PIT,,,"Hattenburg, Xavier",10277269,Right,POM_COL,5357f9d6-527a-471b-84ff-bc94a0a755c3,55.38701,-129.56059,16.0084,6.41894,-3.82986,-6.36268,-1.38835,4.33604,-3.76413,198.11925,1.45468,144.81965,-21.92394,4.64855,-1.00408,0.19756,-0.03503,0.0044,-0.00026,3.52296,44.78926,-19.29039,1.57279,-0.25432,0.03811,-0.00382,0.00047,-4E-05,-0.31068,-18.9664,4.04229,-1.87494,0.58426,-0.14673,0.02899,-0.00376,0.00023,,,,,,,,,,,,,,,,,,,,,,,High,High,High,High,Medium,,,
148,2025-02-22,15:30:28.44,5,1,"Polishuk, Will",1000375103,Right,POM_COL,"Powers, Andrew",1000111246,Left,CHA_UNI,Undefined,4,Top,2,0,0,Fastball,Four-Seam,BallCalled,Undefined,Undefined,Undefined,0,0,,86.61059,-1.224381,-1.147825,2113.34861,205.717128,12:45,6.43522,1.51973,4.92506,-16.52343,22.75245,10.2519,3.90037,1.28879,77.77466,-4.379059,0.658968,0.45106,,,,,,,,,,,,-5.39004,12.0028,-1.41677,50,6.30328,2.02574,-125.32465,-3.17814,-8.43505,29.11547,-13.3905,POM_COL,CHA_UNI,PomonaPitzer,D3,Team,20250222-PomonaPitzer-2,0050d5e0-f175-11ef-bbfe-3dd3c01fa6e6,83.56412,,,8.83593,,,,,,,eca08de3-b488-4029-965a-0ebe30e993be,2025-02-22,23:30:28.44,2025-02-22T15:30:28.4420000-08:00,2025-02-22T23:30:28.4420000Z,,v3,POM_PIT,,,"Hattenburg, Xavier",10277269,Right,POM_COL,c673caba-b02c-4978-a30f-178391854629,55.56922,-126.61189,14.55774,6.43071,-2.58613,-6.69525,-1.51457,2.39866,-4.21753,,,,,,,,,,,,,,,,,,,,,,,,,,,,,,,,,,,,,,,,,,,,,,,,,,,High,High,High,,,,,
149,2025-02-22,15:30:42.09,5,2,"Polishuk, Will",1000375103,Right,POM_COL,"Powers, Andrew",1000111246,Left,CHA_UNI,Undefined,4,Top,2,1,0,Fastball,Four-Seam,BallCalled,Undefined,Undefined,Undefined,0,0,,88.09033,-3.310973,-3.57803,2224.209541,198.880062,12:45,6.45137,1.43261,4.8907,-16.77997,21.27052,6.79815,1.91136,-1.38998,79.61806,-6.471125,-2.383995,0.443968,,,,,,,,,,,,-4.44524,11.89591,-1.08743,50,6.11273,7.62733,-127.14645,-7.91347,-7.19931,28.6616,-12.90786,POM_COL,CHA_UNI,PomonaPitzer,D3,Team,20250222-PomonaPitzer-2,0871fb50-f175-11ef-bbfe-3dd3c01fa6e6,84.89904,,,8.47228,,,,,,,eca08de3-b488-4029-965a-0ebe30e993be,2025-02-22,23:30:42.09,2025-02-22T15:30:42.0900000-08:00,2025-02-22T23:30:42.0900000Z,,v3,POM_PIT,,,"Hattenburg, Xavier",10277269,Right,POM_COL,ec9546e7-29ae-43ef-b18b-acb25d093e3a,55.60518,-128.40377,14.3308,6.44746,-7.34724,-6.45393,-1.42895,7.94315,-3.59965,,,,,,,,,,,,,,,,,,,,,,,,,,,,,,,,,,,,,,,,,,,,,,,,,,,High,High,High,,,,,
150,2025-02-22,15:30:59.75,5,3,"Polishuk, Will",1000375103,Right,POM_COL,"Powers, Andrew",1000111246,Left,CHA_UNI,Undefined,4,Top,2,2,0,Fastball,Four-Seam,InPlay,Undefined,FlyBall,HomeRun,0,1,,86.84237,-2.993752,-2.752826,2090.779134,222.978792,1:30,6.35362,1.57093,4.9369,-20.61643,18.23308,15.71221,1.80017,0.27641,78.839,-6.827427,0.015504,0.448605,102.33153,22.188529,14.892193,2700.881757,106.48487,43.24957,27.58383,386.68732,374.31963,12.746192,4.639925,-8.6126,10.31067,-1.31695,50,6.04574,5.31828,-125.58692,-7.28804,-13.65035,27.24154,-15.83236,POM_COL,CHA_UNI,PomonaPitzer,D3,Team,20250222-PomonaPitzer-2,12f92440-f175-11ef-bbfe-3dd3c01fa6e6,84.02143,64.56948,,8.00337,,,,1.76258,1.93467,-0.24506,eca08de3-b488-4029-965a-0ebe30e993be,2025-02-22,23:30:59.75,2025-02-22T15:30:59.7570000-08:00,2025-02-22T23:30:59.7570000Z,FlyBall,v3,POM_PIT,,,"Hattenburg, Xavier",10277269,Right,POM_COL,fc973b4c-e8b1-479e-8b98-91d58753be5c,55.56155,-126.78756,13.62077,6.35158,-6.59025,-7.91618,-1.5646,5.9199,-6.82518,182.533713,1.76334,134.28761,-27.16841,7.07407,-1.55174,0.29054,-0.04511,0.00503,-0.00027,1.93552,56.65792,-11.79487,-1.53457,0.95511,-0.35065,0.08426,-0.01113,0.0006,-0.24517,35.72004,-6.57748,0.8655,-0.05301,0.00177,-0.00263,0.00075,-6E-05,,,,,,,,,,,,,,,,,,,,,,,High,High,High,High,High,,,
151,2025-02-22,15:32:46.32,6,1,"Polishuk, Will",1000375103,Right,POM_COL,"Sturm, Charlie",1000141372,Right,CHA_UNI,Undefined,4,Top,2,0,0,Fastball,Four-Seam,InPlay,Undefined,Popup,Out,1,0,,86.44192,-3.034628,-1.740185,2075.013961,205.453936,12:45,6.50584,1.37259,5.05428,-20.29592,18.7384,8.26166,1.94852,0.41937,78.45928,-6.819842,-0.280362,0.449671,25.9874,-60.174582,-136.840949,,,,,2.69444,2.69444,-28.356247,0.064096,-4.66406,10.64544,-1.21396,50,6.20133,3.43246,-125.09201,-7.31772,-7.32285,27.38378,-15.46003,POM_COL,CHA_UNI,PomonaPitzer,D3,Team,20250222-PomonaPitzer-2,5279db00-f175-11ef-bbfe-3dd3c01fa6e6,83.8223,2.16862,,7.98263,,,,3.27805,2.16862,-0.4293,eca08de3-b488-4029-965a-0ebe30e993be,2025-02-22,23:32:46.32,2025-02-22T15:32:46.3280000-08:00,2025-02-22T23:32:46.3280000Z,GroundBall,v3,POM_PIT,,,"Hattenburg, Xavier",10277269,Right,POM_COL,a931c853-a5ba-48bb-9718-eae35fb36065,55.44424,-126.27818,13.69189,6.5038,-6.64805,-7.73001,-1.36951,3.74967,-3.66142,,3.28136,-14.1494,,,,,,,,2.17655,-33.83453,,,,,,,,-0.42619,-13.26816,,,,,,,,,,,,,,,,,,,,,,,,,,,,,,High,High,High,Estimated,Estimated,,,
152,2025-02-22,15:34:55.85,1,1,"Kingston, Jordan",1000363070,Right,CHA_UNI,"Gold, Jack",1000108729,Left,POM_COL,Undefined,4,Bottom,0,0,0,Slider,Curveball,InPlay,Undefined,Popup,Out,1,0,,68.7199,1.956459,0.627527,2326.409311,65.877992,8:15,5.92251,1.26231,5.57869,-66.63862,-5.83827,-17.86493,2.19736,0.35968,62.55763,-10.22899,-2.566765,0.561209,,,,,,,,,,,,9.28162,-3.0348,-1.30411,50,6.04719,-0.48652,-99.66738,1.46166,9.16598,18.7428,-35.17105,POM_COL,CHA_UNI,PomonaPitzer,D3,Team,20250222-PomonaPitzer-2,9fbff5c0-f175-11ef-bbfe-3dd3c01fa6e6,67.16297,,,6.16227,,,,,,,eca08de3-b488-4029-965a-0ebe30e993be,2025-02-22,23:34:55.85,2025-02-22T15:34:55.8570000-08:00,2025-02-22T23:34:55.8570000Z,,v3,POM_PIT,,,"Sturm, Charlie",1000141372,Right,CHA_UNI,c557c112-15a8-4044-8d9b-09c266c58af1,54.92298,-100.5889,9.3714,5.93281,3.19091,-17.58553,-1.26911,-0.93719,4.58299,,,,,,,,,,,,,,,,,,,,,,,,,,,,,,,,,,,,,,,,,,,,,,,,,,,High,High,High,,,,,
153,2025-02-22,15:35:28.69,2,1,"Kingston, Jordan",1000363070,Right,CHA_UNI,"Savas, Peter",1000276389,Right,POM_COL,Undefined,4,Bottom,1,0,0,Slider,Curveball,StrikeCalled,Undefined,Undefined,Undefined,0,0,,72.32972,1.775811,-0.272044,2181.65518,87.546152,9:00,5.73286,1.50145,5.48906,-53.69204,1.3152,-14.74296,2.92039,0.01837,65.59733,-8.083101,-2.899805,0.533803,,,,,,,,,,,,7.27115,0.73902,-1.46765,50,5.85275,1.04724,-104.83351,1.58994,7.96781,20.25513,-31.36424,POM_COL,CHA_UNI,PomonaPitzer,D3,Team,20250222-PomonaPitzer-2,b34c6290-f175-11ef-bbfe-3dd3c01fa6e6,70.6111,,,6.73239,,,,,,,eca08de3-b488-4029-965a-0ebe30e993be,2025-02-22,23:35:28.69,2025-02-22T15:35:28.6990000-08:00,2025-02-22T23:35:28.6990000Z,,v3,POM_PIT,,,"Sturm, Charlie",1000141372,Right,CHA_UNI,6241976a-b0ac-4a02-af52-fd45b05a1a35,55.00818,-105.79673,10.12757,5.74168,3.08145,-15.68212,-1.50844,0.66834,3.98391,,,,,,,,,,,,,,,,,,,,,,,,,,,,,,,,,,,,,,,,,,,,,,,,,,,High,High,High,,,,,
154,2025-02-22,15:35:40.99,2,2,"Kingston, Jordan",1000363070,Right,CHA_UNI,"Savas, Peter",1000276389,Right,POM_COL,Undefined,4,Bottom,1,0,1,Fastball,Changeup,InPlay,Undefined,GroundBall,Single,0,0,,83.4895,-2.387428,-2.345302,2235.483321,214.93243,1:15,5.69579,1.40643,6.19855,-26.11419,14.10835,8.83607,1.31256,-0.02348,75.60477,-7.313055,-0.750312,0.456463,84.23932,-8.79518,-26.654737,,,,,10.63227,8.39677,-20.827243,0.070214,-5.34772,8.50004,-1.23436,50,5.50295,4.62171,-121.01229,-5.79169,-7.81231,26.88232,-19.75662,POM_COL,CHA_UNI,PomonaPitzer,D3,Team,20250222-PomonaPitzer-2,ba97c170-f175-11ef-bbfe-3dd3c01fa6e6,82.57493,1.32795,,7.88473,,,,2.26684,1.32795,0.07004,eca08de3-b488-4029-965a-0ebe30e993be,2025-02-22,23:35:40.99,2025-02-22T15:35:40.9980000-08:00,2025-02-22T23:35:40.9980000Z,GroundBall,v3,POM_PIT,,,"Sturm, Charlie",1000141372,Right,CHA_UNI,12b59705-8777-4a88-a63a-9ad43d601c5d,54.29932,-121.96363,13.44116,5.69554,-5.09252,-9.87831,-1.40281,4.89818,-3.90615,180,2.26543,109.2471,,,,,,,,1.32819,-18.91288,,,,,,,,0.07075,-54.83748,,,,,,,,,,,,,,,,,,,,,,,,,,,,,,High,High,High,Low,Low,,,
155,2025-02-22,15:36:25.99,3,1,"Kingston, Jordan",1000363070,Right,CHA_UNI,"Wakil, Lateef",1000128267,Left,POM_COL,Undefined,4,Bottom,1,0,0,ChangeUp,Changeup,BallCalled,Undefined,Undefined,Undefined,0,0,,75.41299,-2.220228,-2.745924,1812.62118,213.942704,1:15,5.79615,1.14095,6.57196,-31.45502,17.11714,10.33615,1.13643,-0.5166,68.50637,-8.181385,-0.867426,0.501609,,,,,,,,,,,,-6.28713,10.21753,-0.95608,50,5.63016,4.90283,-109.33843,-4.99397,-7.50687,21.73777,-19.97423,POM_COL,CHA_UNI,PomonaPitzer,D3,Team,20250222-PomonaPitzer-2,d575a7a0-f175-11ef-bbfe-3dd3c01fa6e6,75.14312,,,6.90662,,,,,,,eca08de3-b488-4029-965a-0ebe30e993be,2025-02-22,23:36:25.99,2025-02-22T15:36:25.9920000-08:00,2025-02-22T23:36:25.9920000Z,,v3,POM_PIT,,,"Sturm, Charlie",1000141372,Right,CHA_UNI,1fa90651-e0b9-4efe-88fa-d1faf0f8faa4,53.92453,-110.11591,10.86888,5.796,-4.27956,-9.98711,-1.13624,5.17133,-3.75344,,,,,,,,,,,,,,,,,,,,,,,,,,,,,,,,,,,,,,,,,,,,,,,,,,,High,High,High,,,,,
156,2025-02-22,15:36:43.84,3,2,"Kingston, Jordan",1000363070,Right,CHA_UNI,"Wakil, Lateef",1000128267,Left,POM_COL,Undefined,4,Bottom,1,1,0,Fastball,Slider,InPlay,Undefined,GroundBall,Single,0,0,,80.98121,-1.352775,-1.778563,2219.135764,220.526973,1:15,5.67357,1.5232,5.80832,-34.0849,8.80749,6.32945,1.5743,0.39615,74.14493,-7.657391,-0.643444,0.47137,95.98977,-0.621954,25.253588,3003.23936,,,,38.72328,36.05358,25.208966,0.275343,-3.75827,5.30142,-1.38115,50,5.54227,3.40677,-117.53085,-3.84852,-5.23589,23.10739,-24.78827,POM_COL,CHA_UNI,PomonaPitzer,D3,Team,20250222-PomonaPitzer-2,e0125460-f175-11ef-bbfe-3dd3c01fa6e6,79.96367,1.79266,,6.83628,,,,1.53073,1.79266,-0.21664,eca08de3-b488-4029-965a-0ebe30e993be,2025-02-22,23:36:43.84,2025-02-22T15:36:43.8440000-08:00,2025-02-22T23:36:43.8440000Z,GroundBall,v3,POM_PIT,,,"Sturm, Charlie",1000141372,Right,CHA_UNI,b6940906-c040-4332-9bbc-c34482fb24e1,54.69067,-118.44948,11.55369,5.67568,-2.86307,-12.39413,-1.52072,3.61492,-2.61794,282.409816,1.53351,127.18784,-20.06476,,,,,,,1.79442,-1.61281,-17.83383,,,,,,,-0.21806,60.12723,2.0692,,,,,,,,,,,,,,,,,,,,,,,,,,,,,High,High,High,High,High,,,
157,2025-02-22,15:37:26.28,4,1,"Kingston, Jordan",1000363070,Right,CHA_UNI,"Hattenburg, Xavier",10277269,Left,POM_COL,Undefined,4,Bottom,1,0,0,Fastball,Four-Seam,BallCalled,Undefined,Undefined,Undefined,0,0,,81.89418,-2.864559,-2.291592,2117.392449,195.558501,12:30,5.75211,1.55631,6.31839,-24.23753,17.33442,4.41103,1.08961,-0.1879,74.31918,-7.460377,-1.493814,0.464057,,,,,,,,,,,,-3.01524,10.36095,-1.39068,50,5.53078,4.58652,-118.68045,-6.57886,-4.2461,25.39613,-17.58369,POM_COL,CHA_UNI,PomonaPitzer,D3,Team,20250222-PomonaPitzer-2,f962e3d0-f175-11ef-bbfe-3dd3c01fa6e6,81.22369,,,7.575,,,,,,,eca08de3-b488-4029-965a-0ebe30e993be,2025-02-22,23:37:26.28,2025-02-22T15:37:26.2830000-08:00,2025-02-22T23:37:26.2830000Z,,v3,POM_PIT,,,"Sturm, Charlie",1000141372,Right,CHA_UNI,604d4495-b72b-4312-9c7f-c69ca36b3276,54.17849,-119.57126,12.69806,5.75073,-5.96209,-8.79184,-1.55417,4.73546,-2.12305,,,,,,,,,,,,,,,,,,,,,,,,,,,,,,,,,,,,,,,,,,,,,,,,,,,High,High,High,,,,,
158,2025-02-22,15:37:44.55,4,2,"Kingston, Jordan",1000363070,Right,CHA_UNI,"Hattenburg, Xavier",10277269,Left,POM_COL,Undefined,4,Bottom,1,1,0,ChangeUp,Changeup,BallinDirt,Undefined,Undefined,Undefined,0,0,,74.83597,-3.85948,-5.217141,1847.134154,212.210161,1:00,5.68884,1.11107,6.60534,-31.98277,17.82501,10.0441,-0.53191,-2.84428,67.97691,-9.887192,-3.398879,0.507949,,,,,,,,,,,,-7.20374,11.21729,-0.75927,50,5.41119,9.57302,-108.08046,-8.06727,-8.35986,22.16071,-19.15656,POM_COL,CHA_UNI,PomonaPitzer,D3,Team,20250222-PomonaPitzer-2,04409130-f176-11ef-bbfe-3dd3c01fa6e6,74.20518,,,6.85905,,,,,,,eca08de3-b488-4029-965a-0ebe30e993be,2025-02-22,23:37:44.55,2025-02-22T15:37:44.5570000-08:00,2025-02-22T23:37:44.5570000Z,,v3,POM_PIT,,,"Sturm, Charlie",1000141372,Right,CHA_UNI,79834066-8e59-4ee4-a83f-732b97472d5f,53.89639,-108.87644,11.08035,5.6886,-7.3792,-9.57828,-1.10851,9.87329,-4.17993,,,,,,,,,,,,,,,,,,,,,,,,,,,,,,,,,,,,,,,,,,,,,,,,,,,High,High,High,,,,,
159,2025-02-22,15:38:12.48,4,3,"Kingston, Jordan",1000363070,Right,CHA_UNI,"Hattenburg, Xavier",10277269,Left,POM_COL,Undefined,4,Bottom,1,2,0,Curveball,Curveball,BallCalled,Undefined,Undefined,Undefined,0,0,,68.54901,3.747073,0.335766,2283.109855,45.384847,7:30,5.96576,1.21176,5.84471,-72.70575,-11.99662,-14.36375,3.39419,0.32682,62.111,-9.611266,-2.241808,0.560788,,,,,,,,,,,,7.33922,-6.52386,-1.23109,50,6.22991,-0.08662,-99.32034,4.3913,7.19019,18.758,-38.56542,POM_COL,CHA_UNI,PomonaPitzer,D3,Team,20250222-PomonaPitzer-2,1500bea0-f176-11ef-bbfe-3dd3c01fa6e6,67.21339,,,6.43801,,,,,,,eca08de3-b488-4029-965a-0ebe30e993be,2025-02-22,23:38:12.48,2025-02-22T15:38:12.4850000-08:00,2025-02-22T23:38:12.4850000Z,,v3,POM_PIT,,,"Sturm, Charlie",1000141372,Right,CHA_UNI,01dddc2c-9887-43d9-b36c-04a3794d9dff,54.65687,-100.19599,9.379,5.9829,6.19159,-19.28271,-1.21921,-0.42227,3.5951,,,,,,,,,,,,,,,,,,,,,,,,,,,,,,,,,,,,,,,,,,,,,,,,,,,High,High,High,,,,,
160,2025-02-22,15:38:27.36,4,4,"Kingston, Jordan",1000363070,Right,CHA_UNI,"Hattenburg, Xavier",10277269,Left,POM_COL,Undefined,4,Bottom,1,3,0,Fastball,Changeup,StrikeCalled,Undefined,Undefined,Undefined,0,0,,81.77124,-0.427103,-1.901509,2200.447664,211.506836,1:00,5.76313,1.56268,6.30687,-27.1008,14.3452,7.92689,3.11104,0.47085,74.26445,-5.558604,-0.468141,0.463354,,,,,,,,,,,,-4.65547,8.0067,-1.42661,50,5.71885,3.64011,-118.69621,-1.62732,-6.58669,24.47607,-20.84602,POM_COL,CHA_UNI,PomonaPitzer,D3,Team,20250222-PomonaPitzer-2,1dc61350-f176-11ef-bbfe-3dd3c01fa6e6,81.34699,,,7.50679,,,,,,,eca08de3-b488-4029-965a-0ebe30e993be,2025-02-22,23:38:27.36,2025-02-22T15:38:27.3610000-08:00,2025-02-22T23:38:27.3610000Z,,v3,POM_PIT,,,"Sturm, Charlie",1000141372,Right,CHA_UNI,53602d8a-be37-4f48-84d7-ee2061d1932a,54.18898,-119.55689,12.23804,5.76319,-0.89429,-10.42301,-1.55869,3.87173,-3.29334,,,,,,,,,,,,,,,,,,,,,,,,,,,,,,,,,,,,,,,,,,,,,,,,,,,High,High,High,,,,,
161,2025-02-22,15:38:42.14,4,5,"Kingston, Jordan",1000363070,Right,CHA_UNI,"Hattenburg, Xavier",10277269,Left,POM_COL,Undefined,4,Bottom,1,3,1,Fastball,Changeup,BallCalled,Walk,Undefined,Undefined,0,0,,81.30335,-3.148044,-2.673725,2246.964076,201.490222,12:45,5.72346,1.31619,6.48191,-27.07749,14.47166,5.1617,0.57042,-0.71045,74.60781,-8.234969,-1.737244,0.46393,,,,,,,,,,,,-3.48421,8.90091,-1.1304,50,5.48979,5.32762,-117.92215,-7.21045,-4.89182,23.03241,-19.67719,POM_COL,CHA_UNI,PomonaPitzer,D3,Team,20250222-PomonaPitzer-2,269468b0-f176-11ef-bbfe-3dd3c01fa6e6,81.24594,,,6.69554,,,,,,,eca08de3-b488-4029-965a-0ebe30e993be,2025-02-22,23:38:42.14,2025-02-22T15:38:42.1490000-08:00,2025-02-22T23:38:42.1490000Z,,v3,POM_PIT,,,"Sturm, Charlie",1000141372,Right,CHA_UNI,4a4a8246-ca0f-492b-bdc6-2543b4c116cd,54.01737,-118.70423,11.5162,5.72328,-6.5423,-9.8386,-1.31412,5.49373,-2.44591,,,,,,,,,,,,,,,,,,,,,,,,,,,,,,,,,,,,,,,,,,,,,,,,,,,High,High,High,,,,,
162,2025-02-22,15:39:15.01,5,1,"Kingston, Jordan",1000363070,Right,CHA_UNI,"Kinney, William",1000092038,Right,POM_COL,Undefined,4,Bottom,1,0,0,Fastball,Changeup,StrikeCalled,Undefined,Undefined,Undefined,0,0,,82.70091,-1.974916,-3.064854,2164.456885,209.99547,1:00,5.67573,1.50713,6.25678,-23.87265,16.91151,8.9313,1.8619,-0.57747,75.02568,-6.506681,-1.453269,0.459639,,,,,,,,,,,,-5.53363,9.79501,-1.2835,50,5.5172,6.07243,-119.84381,-4.7771,-7.96694,25.33485,-18.07187,POM_COL,CHA_UNI,PomonaPitzer,D3,Team,20250222-PomonaPitzer-2,3a319e60-f176-11ef-bbfe-3dd3c01fa6e6,82.0044,,,7.67523,,,,,,,eca08de3-b488-4029-965a-0ebe30e993be,2025-02-22,23:39:15.01,2025-02-22T15:39:15.0100000-08:00,2025-02-22T23:39:15.0100000Z,,v3,POM_PIT,,,"Sturm, Charlie",1000141372,Right,CHA_UNI,d5b7963d-9c72-4f93-be9f-17a6f07e9468,54.23896,-120.7366,12.66743,5.67432,-4.14026,-9.03594,-1.50244,6.35318,-3.98347,,,,,,,,,,,,,,,,,,,,,,,,,,,,,,,,,,,,,,,,,,,,,,,,,,,High,High,High,,,,,
163,2025-02-22,15:39:31.72,5,2,"Kingston, Jordan",1000363070,Right,CHA_UNI,"Kinney, William",1000092038,Right,POM_COL,Undefined,4,Bottom,1,0,1,Slider,Curveball,BallCalled,Undefined,Undefined,Undefined,0,0,,74.47744,-0.278418,-2.972398,2282.963775,132.39771,10:30,5.60738,1.40927,5.72049,-41.37317,9.99174,-8.99764,1.89992,-2.11176,67.84927,-7.920741,-4.578472,0.515828,,,,,,,,,,,,3.61374,5.73114,-1.15528,50,5.55903,5.93427,-107.88536,-1.7441,4.20964,20.80526,-25.49784,POM_COL,CHA_UNI,PomonaPitzer,D3,Team,20250222-PomonaPitzer-2,44290a70-f176-11ef-bbfe-3dd3c01fa6e6,73.07174,,,6.62817,,,,,,,eca08de3-b488-4029-965a-0ebe30e993be,2025-02-22,23:39:31.72,2025-02-22T15:39:31.7210000-08:00,2025-02-22T23:39:31.7210000Z,,v3,POM_PIT,,,"Sturm, Charlie",1000141372,Right,CHA_UNI,414c631f-04b0-44a0-a621-5167569f2efa,54.77507,-108.80232,10.40263,5.61113,-0.62032,-12.74892,-1.41274,5.74873,2.10482,,,,,,,,,,,,,,,,,,,,,,,,,,,,,,,,,,,,,,,,,,,,,,,,,,,High,High,High,,,,,
164,2025-02-22,15:39:50.97,5,3,"Kingston, Jordan",1000363070,Right,CHA_UNI,"Kinney, William",1000092038,Right,POM_COL,Undefined,4,Bottom,1,1,1,Fastball,Four-Seam,FoulBallNotFieldable,Undefined,Undefined,Undefined,0,0,,82.13599,-1.697437,-1.311508,2127.604293,199.454866,12:45,5.7122,1.48956,6.30154,-25.09202,16.1367,5.18516,2.05641,0.7131,74.4794,-6.459574,-0.373372,0.462138,78.55446,11.210353,-47.328169,3150.142207,67.51314,7.97079,-86.84435,153.89322,143.42714,-55.188194,1.553182,-3.12256,9.35855,-1.39572,50,5.57551,2.53955,-119.20876,-4.20679,-4.43598,25.64519,-18.8791,POM_COL,CHA_UNI,PomonaPitzer,D3,Team,20250222-PomonaPitzer-2,4f9c1a00-f176-11ef-bbfe-3dd3c01fa6e6,81.56105,9.82279,,7.65659,,,,2.68568,2.40373,-1.0587,eca08de3-b488-4029-965a-0ebe30e993be,2025-02-22,23:39:50.97,2025-02-22T15:39:50.9780000-08:00,2025-02-22T23:39:50.9780000Z,LineDrive,v3,POM_PIT,,,"Sturm, Charlie",1000141372,Right,CHA_UNI,a6dbfa67-1208-41cb-a436-5f1909929fc0,54.19644,-120.10814,12.8226,5.71143,-3.5447,-9.43955,-1.48751,2.69511,-2.21799,,2.68563,76.60709,-15.31279,1.44998,-1.41658,1.7811,-1.33585,0.51218,-0.07598,2.40375,22.39593,-18.1678,1.87256,0.30999,-0.72353,0.56839,-0.21145,0.02915,-1.0587,-83.09421,1.94733,-0.32264,0.11626,-0.1133,0.08265,-0.03217,0.00495,,,,,,,,,,,,,,,,,,,,,,,High,High,High,Medium,Medium,,,
165,2025-02-22,15:40:15.61,5,4,"Kingston, Jordan",1000363070,Right,CHA_UNI,"Kinney, William",1000092038,Right,POM_COL,Undefined,4,Bottom,1,1,2,Fastball,Cutter,BallCalled,Undefined,Undefined,Undefined,0,0,,84.57844,-2.136472,-3.912442,2251.679809,198.862664,12:45,5.65359,1.52425,6.1636,-24.84517,14.2615,4.41477,1.60407,-1.7276,76.98737,-6.809628,-3.118642,0.450087,,,,,,,,,,,,-3.43795,8.41449,-1.22928,50,5.47849,8.20082,-122.46027,-5.29702,-5.18298,25.81458,-19.48848,POM_COL,CHA_UNI,PomonaPitzer,D3,Team,20250222-PomonaPitzer-2,5e4638b0-f176-11ef-bbfe-3dd3c01fa6e6,83.74473,,,7.59106,,,,,,,eca08de3-b488-4029-965a-0ebe30e993be,2025-02-22,23:40:15.61,2025-02-22T15:40:15.6160000-08:00,2025-02-22T23:40:15.6160000Z,,v3,POM_PIT,,,"Sturm, Charlie",1000141372,Right,CHA_UNI,49566d6e-858a-4826-b6cc-81d69840e677,54.33276,-123.37024,12.90729,5.65311,-4.61006,-9.74424,-1.52158,8.38352,-2.59149,,,,,,,,,,,,,,,,,,,,,,,,,,,,,,,,,,,,,,,,,,,,,,,,,,,High,High,High,,,,,
166,2025-02-22,15:40:33.61,5,5,"Kingston, Jordan",1000363070,Right,CHA_UNI,"Kinney, William",1000092038,Right,POM_COL,Undefined,4,Bottom,1,2,2,Slider,Curveball,InPlay,Undefined,LineDrive,Single,0,1,,74.91694,0.655392,-2.006947,2196.066425,119.877889,10:00,5.55794,1.57698,5.38178,-44.64699,6.875,-8.77323,2.45212,-1.0362,67.90339,-7.552203,-3.565417,0.516616,84.66599,15.080709,-4.389162,1176.648887,109.66493,20.48211,-8.57685,233.7743,233.7743,-5.360645,2.452723,3.78839,3.72898,-1.39081,50,5.5853,4.1314,-108.53883,-0.15527,4.44656,21.84734,-27.79724,POM_COL,CHA_UNI,PomonaPitzer,D3,Team,20250222-PomonaPitzer-2,6908bcf0-f176-11ef-bbfe-3dd3c01fa6e6,72.96028,20.76848,,7.01355,,,,2.0137,2.50688,0.98473,eca08de3-b488-4029-965a-0ebe30e993be,2025-02-22,23:40:33.61,2025-02-22T15:40:33.6180000-08:00,2025-02-22T23:40:33.6180000Z,LineDrive,v3,POM_PIT,,,"Sturm, Charlie",1000141372,Right,CHA_UNI,06bb7d5e-2377-4c27-a3c0-276515e958fb,55.11652,-109.56387,10.92367,5.56199,1.14893,-13.89862,-1.57976,3.92278,2.22328,160.459447,2.0137,119.54813,-15.12297,2.89967,-0.56219,0.09128,-0.01177,0.00103,-2E-05,2.50687,32.30834,-14.97518,0.66472,-0.06986,0.01543,-0.00282,0.00086,-0.00012,0.98473,-9.17599,-0.68553,0.5196,-0.17516,0.04314,-0.00873,0.00124,-9E-05,,,,,,,,,,,,,,,,,,,,,,,High,High,High,High,High,,,
167,2025-02-22,15:41:11.56,6,1,"Kingston, Jordan",1000363070,Right,CHA_UNI,"Legg, Jimmy",1000115608,Left,POM_COL,Undefined,4,Bottom,1,0,0,Fastball,Changeup,InPlay,Undefined,GroundBall,FieldersChoice,1,1,,82.79095,-1.820847,-2.23373,1937.79221,225.885465,1:30,5.7456,1.45092,6.39041,-30.45887,9.90111,8.78571,1.53073,0.12745,75.41967,-7.537136,-0.641255,0.457243,47.50822,-23.639456,-14.687712,,,,,7.33883,7.33883,-8.841963,0.059522,-5.31744,6.11851,-1.29437,50,5.60057,4.37371,-120.17452,-4.68897,-7.6968,25.50826,-23.31774,POM_COL,CHA_UNI,PomonaPitzer,D3,Team,20250222-PomonaPitzer-2,7f9dfcf0-f176-11ef-bbfe-3dd3c01fa6e6,82.43421,1.67184,,7.37128,,,,3.55692,1.67184,-0.15961,eca08de3-b488-4029-965a-0ebe30e993be,2025-02-22,23:41:11.56,2025-02-22T15:41:11.5650000-08:00,2025-02-22T23:41:11.5650000Z,GroundBall,v3,POM_PIT,,,"Sturm, Charlie",1000141372,Right,CHA_UNI,176e6519-35e0-4b03-970c-cc2b0c03055a,54.10935,-121.04363,12.75413,5.7468,-3.8945,-11.65887,-1.44786,4.63595,-3.8484,180,3.55378,62.07271,,,,,,,,1.67325,-28.08766,,,,,,,,-0.15879,-16.27024,,,,,,,,,,,,,,,,,,,,,,,,,,,,,,Medium,Medium,Medium,Medium,High,,,
168,2025-02-22,15:42:04.60,7,1,"Kingston, Jordan",1000363070,Right,CHA_UNI,"Ng, JC",1000115591,Left,POM_COL,Undefined,4,Bottom,2,0,0,Curveball,Curveball,BallCalled,Undefined,Undefined,Undefined,0,0,,70.0713,1.460951,-1.420512,2379.50512,35.008772,7:15,5.83792,1.30914,5.75806,-74.11146,-15.92737,-12.59009,1.02258,-1.06256,64.06945,-12.038188,-3.682472,0.549001,,,,,,,,,,,,5.89784,-7.91134,-1.18383,50,5.91484,2.95615,-101.68966,0.37201,6.04467,19.97434,-40.28236,POM_COL,CHA_UNI,PomonaPitzer,D3,Team,20250222-PomonaPitzer-2,9f50c3c0-f176-11ef-bbfe-3dd3c01fa6e6,68.65635,,,6.00185,,,,,,,eca08de3-b488-4029-965a-0ebe30e993be,2025-02-22,23:42:04.60,2025-02-22T15:42:04.6030000-08:00,2025-02-22T23:42:04.6030000Z,,v3,POM_PIT,,,"Sturm, Charlie",1000141372,Right,CHA_UNI,7f31f683-3b20-48c3-a8d5-0a5dce9f3951,54.74539,-102.61754,9.98717,5.85409,2.24327,-20.14118,-1.31463,2.67535,3.02234,,,,,,,,,,,,,,,,,,,,,,,,,,,,,,,,,,,,,,,,,,,,,,,,,,,High,High,High,,,,,
169,2025-02-22,15:42:19.32,7,2,"Kingston, Jordan",1000363070,Right,CHA_UNI,"Ng, JC",1000115591,Left,POM_COL,Undefined,4,Bottom,2,1,0,Curveball,Curveball,BallCalled,Undefined,Undefined,Undefined,0,0,,67.72649,2.116806,1.795798,2314.581828,37.362187,7:15,5.87973,1.31837,5.50998,-80.46461,-17.53548,-15.11532,1.15577,1.73867,61.84801,-12.485336,-0.909413,0.570949,,,,,,,,,,,,8.20335,-8.82571,-1.46473,50,6.01084,-2.55954,-98.21697,1.21609,7.84259,18.64337,-40.61162,POM_COL,CHA_UNI,PomonaPitzer,D3,Team,20250222-PomonaPitzer-2,a8138060-f176-11ef-bbfe-3dd3c01fa6e6,66.01719,,,5.87848,,,,,,,eca08de3-b488-4029-965a-0ebe30e993be,2025-02-22,23:42:19.32,2025-02-22T15:42:19.3250000-08:00,2025-02-22T23:42:19.3250000Z,,v3,POM_PIT,,,"Sturm, Charlie",1000141372,Right,CHA_UNI,5e8b6a97-d2fd-4322-93fa-bd2383b31277,54.99485,-99.16055,9.32168,5.89727,3.27154,-20.30581,-1.32514,-2.95648,3.92129,,,,,,,,,,,,,,,,,,,,,,,,,,,,,,,,,,,,,,,,,,,,,,,,,,,High,High,High,,,,,
170,2025-02-22,15:42:58.25,7,3,"Kingston, Jordan",1000363070,Right,CHA_UNI,"Ng, JC",1000115591,Left,POM_COL,Undefined,4,Bottom,2,3,0,Other,,BallIntentional,Walk,Undefined,Undefined,0,0,,,,,,,,,,,,,,,,,,,,,,,,,,,,,,,,,,,,,,,,,,POM_COL,CHA_UNI,PomonaPitzer,D3,Team,20250222-PomonaPitzer-2,b1901720-f176-11ef-bbfe-3dd3c01fa6e6,,,,,,,,,,,eca08de3-b488-4029-965a-0ebe30e993be,2025-02-22,23:42:58.25,2025-02-22T15:42:58.2580000-08:00,2025-02-22T23:42:58.2580000Z,,v3,POM_PIT,,,"Sturm, Charlie",1000141372,Right,CHA_UNI,,,,,,,,,,,,,,,,,,,,,,,,,,,,,,,,,,,,,,,,,,,,,,,,,,,,,,,,,,,,,,,,,,,,
171,2025-02-22,15:42:59.25,8,1,"Kingston, Jordan",1000363070,Right,CHA_UNI,"Berry, Cooper",1000276381,Left,POM_COL,Undefined,4,Bottom,2,0,0,Fastball,Four-Seam,FoulBallNotFieldable,Undefined,Undefined,Undefined,0,0,,82.60917,-0.437599,-1.6095,2233.829532,192.402066,12:30,5.67629,1.57697,6.30334,-21.03879,19.63592,4.00847,3.51972,0.42777,74.80073,-4.4797,-0.884909,0.459022,,,,,,,,,,,,-2.5763,10.75032,-1.46066,50,5.63395,3.21911,-119.9216,-1.44192,-3.71192,25.4861,-16.6849,POM_COL,CHA_UNI,PomonaPitzer,D3,Team,20250222-PomonaPitzer-2,bfd90300-f176-11ef-bbfe-3dd3c01fa6e6,82.11467,,,7.80844,,,,,,,eca08de3-b488-4029-965a-0ebe30e993be,2025-02-22,23:42:59.25,2025-02-22T15:42:59.2580000-08:00,2025-02-22T23:42:59.2580000Z,,v3,POM_PIT,,,"Sturm, Charlie",1000141372,Right,CHA_UNI,ae1b9194-0866-4f2e-a4b3-c2ca1c55a0d2,54.19337,-120.8095,12.74305,5.67406,-0.86064,-8.34245,-1.57507,3.34843,-1.85596,,,,,,,,,,,,,,,,,,,,,,,,,,,,,,,,,,,,,,,,,,,,,,,,,,,High,High,High,,,,,
172,2025-02-22,15:43:19.34,8,2,"Kingston, Jordan",1000363070,Right,CHA_UNI,"Berry, Cooper",1000276381,Left,POM_COL,Undefined,4,Bottom,2,0,1,ChangeUp,Curveball,StrikeSwinging,Undefined,Undefined,Undefined,0,0,,72.37752,-1.633429,-1.012555,1781.553182,230.109768,1:45,5.75281,1.08676,6.58595,-40.7686,11.44477,11.60249,0.85795,1.12566,66.45019,-9.266139,1.101673,0.520071,,,,,,,,,,,,-6.37965,7.0552,-1.02171,50,5.6242,1.4938,-105.15549,-3.99581,-7.09525,18.95224,-24.32747,POM_COL,CHA_UNI,PomonaPitzer,D3,Team,20250222-PomonaPitzer-2,cbdf51e0-f176-11ef-bbfe-3dd3c01fa6e6,72.47562,,,5.92734,,,,,,,eca08de3-b488-4029-965a-0ebe30e993be,2025-02-22,23:43:19.34,2025-02-22T15:43:19.3450000-08:00,2025-02-22T23:43:19.3450000Z,,v3,POM_PIT,,,"Sturm, Charlie",1000141372,Right,CHA_UNI,2f167cdf-f110-4f4a-9961-d1d4cc73035b,53.91167,-105.85814,9.47612,5.75563,-3.09387,-12.16373,-1.08197,1.75685,-3.54762,,,,,,,,,,,,,,,,,,,,,,,,,,,,,,,,,,,,,,,,,,,,,,,,,,,High,High,High,,,,,
173,2025-02-22,15:43:39.62,8,3,"Kingston, Jordan",1000363070,Right,CHA_UNI,"Berry, Cooper",1000276381,Left,POM_COL,Undefined,4,Bottom,2,0,2,ChangeUp,Changeup,FoulBallNotFieldable,Undefined,Undefined,Undefined,0,0,,75.77604,-1.795618,-2.621935,1955.610979,197.144778,12:30,5.63471,1.39151,6.43238,-29.26132,18.99714,5.33107,1.54372,-0.57563,68.85751,-7.349118,-1.656199,0.499986,,,,,,,,,,,,-3.6176,11.00056,-1.20721,50,5.49359,4.85573,-109.90026,-4.15389,-4.37053,21.6921,-18.88397,POM_COL,CHA_UNI,PomonaPitzer,D3,Team,20250222-PomonaPitzer-2,d7ec0960-f176-11ef-bbfe-3dd3c01fa6e6,75.38695,,,6.91852,,,,,,,eca08de3-b488-4029-965a-0ebe30e993be,2025-02-22,23:43:39.62,2025-02-22T15:43:39.6230000-08:00,2025-02-22T23:43:39.6230000Z,,v3,POM_PIT,,,"Sturm, Charlie",1000141372,Right,CHA_UNI,36c1de16-4df9-4c9d-bc55-f6214fcb0c8d,54.06498,-110.6997,10.84605,5.63385,-3.45794,-9.44199,-1.38913,5.0168,-2.18527,,,,,,,,,,,,,,,,,,,,,,,,,,,,,,,,,,,,,,,,,,,,,,,,,,,High,High,High,,,,,
174,2025-02-22,15:44:02.07,8,4,"Kingston, Jordan",1000363070,Right,CHA_UNI,"Berry, Cooper",1000276381,Left,POM_COL,Undefined,4,Bottom,2,0,2,Fastball,Cutter,BallCalled,Undefined,Undefined,Undefined,0,0,,84.17763,-3.123791,-1.968422,2280.772675,188.032495,12:15,5.68426,1.68267,6.32547,-20.27474,19.08473,2.4926,1.11337,0.07691,76.27244,-6.998978,-1.517574,0.45154,,,,,,,,,,,,-1.91457,11.32788,-1.54005,50,5.44617,4.09684,-121.97421,-7.17475,-2.84681,26.90626,-15.33051,POM_COL,CHA_UNI,PomonaPitzer,D3,Team,20250222-PomonaPitzer-2,e544a1d0-f176-11ef-bbfe-3dd3c01fa6e6,83.47533,,,7.9052,,,,,,,eca08de3-b488-4029-965a-0ebe30e993be,2025-02-22,23:44:02.07,2025-02-22T15:44:02.0710000-08:00,2025-02-22T23:44:02.0710000Z,,v3,POM_PIT,,,"Sturm, Charlie",1000141372,Right,CHA_UNI,d648a508-8b16-4ee6-b43c-53913540d240,54.17086,-122.89082,13.45313,5.68169,-6.65249,-7.66525,-1.68127,4.19382,-1.4234,,,,,,,,,,,,,,,,,,,,,,,,,,,,,,,,,,,,,,,,,,,,,,,,,,,High,High,High,,,,,
175,2025-02-22,15:44:19.64,8,5,"Kingston, Jordan",1000363070,Right,CHA_UNI,"Berry, Cooper",1000276381,Left,POM_COL,Undefined,4,Bottom,2,1,2,Slider,Curveball,FoulBallNotFieldable,Undefined,Undefined,Undefined,0,0,,72.53882,1.132318,-0.516285,2202.471723,116.179164,9:45,5.61759,1.57379,5.56832,-46.83121,7.39607,-11.28985,2.77291,0.15067,66.06162,-7.502074,-2.530977,0.530006,52.57961,60.345876,-72.30004,5008.012821,,,,,36.08132,,,5.55863,3.92634,-1.52162,50,5.68467,1.35304,-105.22412,0.69042,6.16829,19.56432,-27.81708,POM_COL,CHA_UNI,PomonaPitzer,D3,Team,20250222-PomonaPitzer-2,efc86f60-f176-11ef-bbfe-3dd3c01fa6e6,71.11707,51.09688,,6.4772,,,,1.01732,2.72,-0.13296,eca08de3-b488-4029-965a-0ebe30e993be,2025-02-22,23:44:19.64,2025-02-22T15:44:19.6450000-08:00,2025-02-22T23:44:19.6450000Z,,v3,POM_PIT,,,"Sturm, Charlie",1000141372,Right,CHA_UNI,08ca49c3-ff61-4304-983f-7088753c9178,54.9298,-106.13676,9.78216,5.62219,1.98803,-13.90854,-1.57803,1.0653,3.08414,,1.01732,11.60019,-8.25882,0.51462,-0.13741,0.01365,-0.00048,0.00045,-0.0001,2.72,67.01652,-19.29937,1.43623,-0.21505,0.05298,-0.00686,0.00066,-9E-05,-0.13296,-36.3483,-0.12592,0.1921,-0.02789,0.00827,-0.0014,0.00017,-3E-05,,,,,,,,,,,,,,,,,,,,,,,High,High,High,Medium,Undefined,,,
176,2025-02-22,15:44:40.38,8,6,"Kingston, Jordan",1000363070,Right,CHA_UNI,"Berry, Cooper",1000276381,Left,POM_COL,Undefined,4,Bottom,2,1,2,ChangeUp,Other,BallCalled,Undefined,Undefined,Undefined,0,0,,72.80378,1.74837,1.871449,1597.573178,242.268417,2:00,5.68817,1.41219,6.0672,-41.94857,11.19709,17.79355,3.81183,4.6275,65.96715,-6.100469,5.06774,0.524693,,,,,,,,,,,,-8.43993,5.79701,-1.56584,50,5.802,-4.07729,-105.53544,2.09111,-9.37867,20.42493,-25.73225,POM_COL,CHA_UNI,PomonaPitzer,D3,Team,20250222-PomonaPitzer-2,fc24cd80-f176-11ef-bbfe-3dd3c01fa6e6,71.83712,,,6.83663,,,,,,,eca08de3-b488-4029-965a-0ebe30e993be,2025-02-22,23:44:40.38,2025-02-22T15:44:40.3860000-08:00,2025-02-22T23:44:40.3860000Z,,v3,POM_PIT,,,"Sturm, Charlie",1000141372,Right,CHA_UNI,c40b21c8-d791-49d1-bb3b-07272f805e0d,54.42787,-106.38894,10.21246,5.69216,3.16639,-12.86612,-1.40365,-3.68538,-4.68934,,,,,,,,,,,,,,,,,,,,,,,,,,,,,,,,,,,,,,,,,,,,,,,,,,,High,High,High,,,,,
177,2025-02-22,15:45:01.00,8,7,"Kingston, Jordan",1000363070,Right,CHA_UNI,"Berry, Cooper",1000276381,Left,POM_COL,Undefined,4,Bottom,2,2,2,Curveball,Curveball,FoulBallNotFieldable,Undefined,Undefined,Undefined,0,0,,68.75638,2.453269,0.009998,2285.92758,39.207206,7:15,5.87414,1.15395,5.70296,-76.72142,-16.21867,-14.97335,1.76802,-0.08451,62.75246,-11.538178,-2.677325,0.559834,90.1505,6.13951,45.879858,3201.394217,,,,90.45782,89.7628,47.060761,0.752522,7.63685,-8.50827,-1.14519,50,6.03209,0.4834,-99.77379,2.02628,7.54397,19.05093,-40.57888,POM_COL,CHA_UNI,PomonaPitzer,D3,Team,20250222-PomonaPitzer-2,087321e0-f177-11ef-bbfe-3dd3c01fa6e6,67.32794,4.06071,,6.00392,,,,2.04753,1.9146,-0.10969,eca08de3-b488-4029-965a-0ebe30e993be,2025-02-22,23:45:01.00,2025-02-22T15:45:01.0010000-08:00,2025-02-22T23:45:01.0010000Z,GroundBall,v3,POM_PIT,,,"Sturm, Charlie",1000141372,Right,CHA_UNI,e489a782-1648-4d79-8a4b-ebb0478a7b1c,54.80166,-100.68645,9.52547,5.88845,3.97026,-20.28944,-1.15969,0.12199,3.77199,,2.04753,91.51939,-18.72194,3.6152,-0.85937,0.20135,-0.0487,0.01049,-0.00136,1.9146,14.14095,-24.19552,3.1559,-0.73715,0.18157,-0.04265,0.00934,-0.00128,-0.10969,94.37427,-9.33136,1.65932,-0.40152,0.09326,-0.02318,0.00523,-0.00074,,,,,,,,,,,,,,,,,,,,,,,High,High,High,High,High,,,
178,2025-02-22,15:45:28.18,8,8,"Kingston, Jordan",1000363070,Right,CHA_UNI,"Berry, Cooper",1000276381,Left,POM_COL,Undefined,4,Bottom,2,2,2,ChangeUp,Changeup,BallCalled,Undefined,Undefined,Undefined,0,0,,74.82048,-2.357606,-1.645408,1881.607968,229.813369,1:45,5.68276,1.00038,6.46954,-36.37805,12.66918,13.0728,0.48389,0.57821,68.74902,-9.156725,0.73049,0.504056,,,,,,,,,,,,-7.31957,7.82276,-0.88974,50,5.50042,2.69353,-108.63957,-5.40128,-8.7068,19.86616,-22.86866,POM_COL,CHA_UNI,PomonaPitzer,D3,Team,20250222-PomonaPitzer-2,18a62a80-f177-11ef-bbfe-3dd3c01fa6e6,74.7783,,,6.07145,,,,,,,eca08de3-b488-4029-965a-0ebe30e993be,2025-02-22,23:45:28.18,2025-02-22T15:45:28.1890000-08:00,2025-02-22T23:45:28.1890000Z,,v3,POM_PIT,,,"Sturm, Charlie",1000141372,Right,CHA_UNI,037935bf-f4ec-401e-bb99-21d5c6d37672,54.02896,-109.37384,9.93308,5.68443,-4.55604,-11.43433,-0.99524,3.01534,-4.3534,,,,,,,,,,,,,,,,,,,,,,,,,,,,,,,,,,,,,,,,,,,,,,,,,,,High,High,High,,,,,
179,2025-02-22,15:45:55.83,8,9,"Kingston, Jordan",1000363070,Right,CHA_UNI,"Berry, Cooper",1000276381,Left,POM_COL,Undefined,4,Bottom,2,3,2,Fastball,Slider,FoulBallNotFieldable,Undefined,Undefined,Undefined,0,0,,82.17493,-1.043718,-2.068277,2227.868706,202.488675,12:45,5.73234,1.27432,6.54945,-26.811,13.85186,5.16177,2.54026,-0.193,74.73957,-6.132773,-1.1306,0.458955,100.62179,10.38568,40.260998,3890.592448,78.99327,9.4197,76.55022,163.554,161.92686,46.500861,1.368254,-3.35425,8.00142,-1.13348,50,5.64869,4.12859,-119.34558,-2.87974,-4.79251,24.97698,-20.74179,POM_COL,CHA_UNI,PomonaPitzer,D3,Team,20250222-PomonaPitzer-2,290dd7b0-f177-11ef-bbfe-3dd3c01fa6e6,82.12659,10.58332,,7.43536,,,,2.11626,2.87496,0.27884,eca08de3-b488-4029-965a-0ebe30e993be,2025-02-22,23:45:55.83,2025-02-22T15:45:55.8320000-08:00,2025-02-22T23:45:55.8320000Z,LineDrive,v3,POM_PIT,,,"Sturm, Charlie",1000141372,Right,CHA_UNI,7ce0adc7-ddf1-4a08-a969-a0db43219332,53.94918,-120.16924,12.48849,5.73238,-2.19575,-10.3709,-1.27223,4.28663,-2.39626,,2.11626,110.77324,-28.55376,6.43331,-1.51503,0.31609,-0.06265,0.01033,-0.00094,2.87496,26.60444,-24.92787,3.81235,-0.90173,0.2127,-0.04508,0.008,-0.0008,0.27884,93.81299,-3.63655,-2.16403,1.0205,-0.35584,0.09617,-0.01943,0.00205,,,,,,,,,,,,,,,,,,,,,,,High,High,High,High,High,,,
180,2025-02-22,15:46:41.39,8,10,"Kingston, Jordan",1000363070,Right,CHA_UNI,"Berry, Cooper",1000276381,Left,POM_COL,Undefined,4,Bottom,2,3,2,Slider,Curveball,StrikeSwinging,Strikeout,Undefined,Undefined,0,0,,72.65084,1.180013,-0.609032,2035.711829,103.552458,9:30,5.61255,1.63261,5.53401,-49.84633,4.54303,-10.85182,2.56192,0.15898,65.91847,-7.995388,-2.544938,0.530797,,,,,,,,,,,,5.24103,2.53264,-1.57252,50,5.68241,1.52141,-105.31314,0.65255,5.79971,20.33123,-29.37142,POM_COL,CHA_UNI,PomonaPitzer,D3,Team,20250222-PomonaPitzer-2,4441a610-f177-11ef-bbfe-3dd3c01fa6e6,71.01104,,,6.73236,,,,,,,eca08de3-b488-4029-965a-0ebe30e993be,2025-02-22,23:46:41.39,2025-02-22T15:46:41.3960000-08:00,2025-02-22T23:46:41.3960000Z,,v3,POM_PIT,,,"Sturm, Charlie",1000141372,Right,CHA_UNI,7b897356-5b82-4de4-a0af-44ccdb045b63,54.96234,-106.26683,10.16562,5.61949,2.03029,-14.68571,-1.6375,1.24936,2.89986,,,,,,,,,,,,,,,,,,,,,,,,,,,,,,,,,,,,,,,,,,,,,,,,,,,High,High,High,,,,,
181,2025-02-22,15:49:30.29,1,1,"Zerger, Justin",10051439,Right,POM_COL,"Dudas, Austin",10027315,Right,CHA_UNI,Undefined,5,Top,0,0,0,Fastball,Changeup,BallCalled,Undefined,Undefined,Undefined,0,0,,85.68744,-2.430326,-1.485088,1729.162491,227.372879,1:30,6.27909,1.25864,5.1738,-31.01431,8.48225,7.73012,1.40543,0.50499,78.03611,-8.104123,-0.114203,0.452326,,,,,,,,,,,,-4.29607,5.37551,-1.12648,50,6.02938,2.87278,-124.08933,-6.4031,-6.64043,26.84106,-23.86509,POM_COL,CHA_UNI,PomonaPitzer,D3,Team,20250222-PomonaPitzer-2,a8e2c1d0-f177-11ef-bbfe-3dd3c01fa6e6,83.33034,,,7.65133,,,,,,,eca08de3-b488-4029-965a-0ebe30e993be,2025-02-22,23:49:30.29,2025-02-22T15:49:30.2960000-08:00,2025-02-22T23:49:30.2960000Z,,v3,POM_PIT,,,"Hattenburg, Xavier",10277269,Right,POM_COL,f4cc5593-eb0d-4988-afa8-973f7ed76c60,55.32344,-125.23552,13.42053,6.28105,-5.384,-11.93255,-1.25521,3.15635,-3.32022,,,,,,,,,,,,,,,,,,,,,,,,,,,,,,,,,,,,,,,,,,,,,,,,,,,High,High,High,,,,,
182,2025-02-22,15:49:45.03,1,2,"Zerger, Justin",10051439,Right,POM_COL,"Dudas, Austin",10027315,Right,CHA_UNI,Undefined,5,Top,0,1,0,Fastball,Changeup,BallCalled,Undefined,Undefined,Undefined,0,0,,84.94563,-3.459677,-2.430588,2001.660754,219.721772,1:15,6.27002,1.09052,5.32801,-26.13352,13.69083,10.27158,0.83902,-0.33559,77.77659,-8.26783,-0.605849,0.454199,,,,,,,,,,,,-5.86237,8.25323,-0.87842,50,5.93811,4.7815,-122.95807,-8.33157,-8.9517,24.96878,-19.57156,POM_COL,CHA_UNI,PomonaPitzer,D3,Team,20250222-PomonaPitzer-2,b1b20190-f177-11ef-bbfe-3dd3c01fa6e6,82.98669,,,7.16903,,,,,,,eca08de3-b488-4029-965a-0ebe30e993be,2025-02-22,23:49:45.03,2025-02-22T15:49:45.0390000-08:00,2025-02-22T23:49:45.0390000Z,,v3,POM_PIT,,,"Hattenburg, Xavier",10277269,Right,POM_COL,1d5ff686-f850-458b-a720-59771a20785f,55.17082,-124.00365,12.48439,6.26984,-7.512,-9.78578,-1.08649,5.15636,-4.47585,,,,,,,,,,,,,,,,,,,,,,,,,,,,,,,,,,,,,,,,,,,,,,,,,,,High,High,High,,,,,
183,2025-02-22,15:50:01.52,1,3,"Zerger, Justin",10051439,Right,POM_COL,"Dudas, Austin",10027315,Right,CHA_UNI,Undefined,5,Top,0,2,0,Fastball,Four-Seam,StrikeCalled,Undefined,Undefined,Undefined,0,0,,83.77591,-2.211191,-2.939608,2012.941741,195.255775,12:30,6.22063,1.30509,5.20176,-26.97801,14.13812,3.48382,1.88899,-1.17183,76.57103,-7.178572,-2.323125,0.461506,,,,,,,,,,,,-2.5624,8.0954,-1.03533,50,5.99559,6.07474,-121.27117,-5.61287,-3.80761,24.20028,-20.14474,POM_COL,CHA_UNI,PomonaPitzer,D3,Team,20250222-PomonaPitzer-2,bb82f9e0-f177-11ef-bbfe-3dd3c01fa6e6,81.67269,,,7.20488,,,,,,,eca08de3-b488-4029-965a-0ebe30e993be,2025-02-22,23:50:01.52,2025-02-22T15:50:01.5240000-08:00,2025-02-22T23:50:01.5240000Z,,v3,POM_PIT,,,"Hattenburg, Xavier",10277269,Right,POM_COL,c185b23a-1531-4ba0-8c9c-9781237204c8,55.29444,-122.32313,12.10014,6.22054,-4.7372,-10.07237,-1.303,6.24025,-1.90381,,,,,,,,,,,,,,,,,,,,,,,,,,,,,,,,,,,,,,,,,,,,,,,,,,,High,High,High,,,,,
184,2025-02-22,15:50:17.80,1,4,"Zerger, Justin",10051439,Right,POM_COL,"Dudas, Austin",10027315,Right,CHA_UNI,Undefined,5,Top,0,2,1,Fastball,Changeup,FoulBallNotFieldable,Undefined,Undefined,Undefined,0,0,,84.63182,-1.935354,-1.776789,2033.213913,218.942938,1:15,6.23786,1.35936,5.13189,-27.30269,13.10627,9.48544,2.13843,0.47597,77.13654,-6.963956,-0.097538,0.45752,78.94501,-5.47812,-47.747591,,,,,26.27717,21.94174,-44.296,0.209611,-5.28764,7.49489,-1.20045,50,6.03543,3.39553,-122.63815,-5.10406,-8.00461,25.61211,-20.82803,POM_COL,CHA_UNI,PomonaPitzer,D3,Team,20250222-PomonaPitzer-2,c5356db0-f177-11ef-bbfe-3dd3c01fa6e6,82.38421,2.32163,,7.49527,,,,2.53025,2.32163,-0.43255,eca08de3-b488-4029-965a-0ebe30e993be,2025-02-22,23:50:17.80,2025-02-22T15:50:17.8070000-08:00,2025-02-22T23:50:17.8070000Z,GroundBall,v3,POM_PIT,,,"Hattenburg, Xavier",10277269,Right,POM_COL,84e7cf4e-9630-4e93-b9d4-d3c2cc003094,55.36729,-123.754,12.80606,6.23803,-4.19664,-10.41402,-1.35598,3.74427,-4.00231,180,2.52496,77.65548,,,,,,,,2.32239,-11.07595,,,,,,,,-0.42672,-85.4848,,,,,,,,,,,,,,,,,,,,,,,,,,,,,,High,High,High,Low,Low,,,
185,2025-02-22,15:50:39.38,1,5,"Zerger, Justin",10051439,Right,POM_COL,"Dudas, Austin",10027315,Right,CHA_UNI,Undefined,5,Top,0,2,2,Slider,Curveball,StrikeSwinging,Strikeout,Undefined,Undefined,0,0,,73.88565,0.693524,-1.361906,2669.05861,65.854171,8:15,5.9208,1.56241,4.89995,-61.98681,-7.85304,-21.84678,1.41139,-1.54649,67.23591,-10.460272,-5.217702,0.529548,,,,,,,,,,,,10.28658,-3.5063,-1.40995,50,5.93694,3.41423,-107.02154,-0.85937,11.67723,22.12382,-36.15437,POM_COL,CHA_UNI,PomonaPitzer,D3,Team,20250222-PomonaPitzer-2,d21b9540-f177-11ef-bbfe-3dd3c01fa6e6,71.17847,,,6.64974,,,,,,,eca08de3-b488-4029-965a-0ebe30e993be,2025-02-22,23:50:39.38,2025-02-22T15:50:39.3850000-08:00,2025-02-22T23:50:39.3850000Z,,v3,POM_PIT,,,"Hattenburg, Xavier",10277269,Right,POM_COL,18613e63-e542-44f9-ad17-e62632fd02df,55.60096,-108.17319,11.06191,5.93269,1.02263,-18.07719,-1.57185,2.80637,5.83862,,,,,,,,,,,,,,,,,,,,,,,,,,,,,58.11834,3.081065,1.94857,1.132495,0.18098,1.17921,1.66031,1.37455,6.27987,-0.93501,69.20188,1.30442,-55.5773,1.40904,63.95003,-3.61475,6.33121,11.67281,-14.23313,-0.99497,-53.88071,5.02704,High,High,High,,,High,High,High
186,2025-02-22,15:51:10.88,2,1,"Zerger, Justin",10051439,Right,POM_COL,"Toporek, Max",1000269511,Right,CHA_UNI,Undefined,5,Top,1,0,0,Fastball,Changeup,InPlay,Undefined,LineDrive,Out,1,0,,83.07435,-2.069385,-2.691738,1745.526551,203.551789,12:45,6.33545,1.0619,5.21078,-27.41013,14.38934,5.6628,2.10226,-0.99932,75.86794,-7.122483,-1.689013,0.465326,85.64725,23.712208,3.751595,2869.113201,109.25252,40.04036,12.79922,294.87561,287.41437,10.842562,3.810452,-3.6265,8.19796,-0.81741,50,6.12365,5.41908,-120.32325,-5.28051,-5.29541,24.21179,-20.20341,POM_COL,CHA_UNI,PomonaPitzer,D3,Team,20250222-PomonaPitzer-2,e4daee10-f177-11ef-bbfe-3dd3c01fa6e6,81.0023,46.93298,,7.20641,,,,1.96238,2.24393,0.96806,eca08de3-b488-4029-965a-0ebe30e993be,2025-02-22,23:51:10.88,2025-02-22T15:51:10.8820000-08:00,2025-02-22T23:51:10.8820000Z,LineDrive,v3,POM_PIT,,,"Hattenburg, Xavier",10277269,Right,POM_COL,685cc060-d1e2-4cb3-9e2e-5ad64b8afa61,55.28802,-121.38266,12.1059,6.33536,-4.39649,-10.10171,-1.0596,5.65079,-2.6477,209.477484,1.96204,114.77177,-19.07649,4.14551,-0.87094,0.18573,-0.03618,0.00466,-0.00025,2.2441,50.51514,-15.33012,0.79916,-0.18434,0.05084,-0.01032,0.00174,-0.00016,0.96793,7.53149,3.88477,-0.97526,0.13846,0.00439,-0.00603,0.00099,-6E-05,,,,,,,,,,,,,,,,,,,,,,,High,High,High,High,High,,,
187,2025-02-22,15:51:48.96,3,1,"Zerger, Justin",10051439,Right,POM_COL,"Capobianco, Joey",1000268959,Right,CHA_UNI,Undefined,5,Top,2,0,0,Fastball,Changeup,InPlay,Undefined,LineDrive,Out,1,0,,86.09292,-1.581569,-3.114914,1694.693354,229.972168,1:45,6.16408,1.23572,5.48104,-29.63033,9.21115,9.31591,2.21251,-0.90534,77.97132,-7.06145,-1.457232,0.448559,96.1715,2.196689,0.0629,1204.828879,,,,100.22255,55.75861,3.093431,0.766785,-5.68965,5.53851,-0.96879,50,6.00523,6.38281,-124.63289,-4.47409,-8.83602,28.00949,-23.57279,POM_COL,CHA_UNI,PomonaPitzer,D3,Team,20250222-PomonaPitzer-2,fb8f00b0-f177-11ef-bbfe-3dd3c01fa6e6,84.03014,2.97195,,8.1216,,,,1.95777,2.3084,0.88873,eca08de3-b488-4029-965a-0ebe30e993be,2025-02-22,23:51:48.96,2025-02-22T15:51:48.9610000-08:00,2025-02-22T23:51:48.9610000Z,GroundBall,v3,POM_PIT,,,"Hattenburg, Xavier",10277269,Right,POM_COL,cf462e3d-e78b-4d42-8548-2dd005918f36,55.01682,-125.7553,14.00475,6.16559,-3.52948,-11.78639,-1.23166,6.73688,-4.41801,237.447774,2.01173,139.9959,-15.8721,,,,,,,2.30978,5.38634,-10.95614,,,,,,,0.85208,0.80715,6.75356,,,,,,,,,,,,,,,,,,,,,,,,,,,,,High,High,High,High,Medium,,,
188,2025-02-22,15:54:53.74,1,1,"Hunter-Kenney, Finean",1000404660,Right,CHA_UNI,"Pierantoni, Greg",1000091552,Right,POM_COL,Undefined,5,Bottom,0,0,0,Fastball,Sinker,StrikeCalled,Undefined,Undefined,Undefined,0,0,,89.53775,-2.762708,-3.37864,2288.16326,230.171428,1:45,6.40647,1.99465,4.26688,-22.26521,15.48198,16.87048,1.90088,0.16391,80.69489,-6.846519,-0.444371,0.442195,,,,,,,,,,,,-9.165,8.72721,-1.64481,50,6.08326,6.75762,-129.17378,-7.13324,-15.28154,30.2123,-17.62248,POM_COL,CHA_UNI,PomonaPitzer,D3,Team,20250222-PomonaPitzer-2,69a7d130-f178-11ef-bbfe-3dd3c01fa6e6,85.23944,,,8.84286,,,,,,,eca08de3-b488-4029-965a-0ebe30e993be,2025-02-22,23:54:53.74,2025-02-22T15:54:53.7410000-08:00,2025-02-22T23:54:53.7410000Z,,v3,POM_PIT,,,"Sturm, Charlie",1000141372,Right,CHA_UNI,b4bce1b9-4040-460e-a2a3-a4f6cfcc6199,56.22937,-130.62264,15.10615,6.40508,-6.28814,-8.81124,-1.98644,7.49046,-7.64077,,,,,,,,,,,,,,,,,,,,,,,,,,,,,,,,,,,,,,,,,,,,,,,,,,,High,High,High,,,,,
189,2025-02-22,15:55:06.62,1,2,"Hunter-Kenney, Finean",1000404660,Right,CHA_UNI,"Pierantoni, Greg",1000091552,Right,POM_COL,Undefined,5,Bottom,0,0,1,Fastball,Four-Seam,BallCalled,Undefined,Undefined,Undefined,0,0,,90.77243,-2.986472,-6.14341,2434.67809,227.204559,1:30,6.33775,1.8605,4.61184,-22.92261,13.45174,13.10938,1.5689,-2.9109,82.15674,-7.182494,-3.865105,0.434079,,,,,,,,,,,,-8.18347,7.83705,-1.23865,50,6.00808,13.38422,-130.54297,-7.75474,-14.01345,29.44626,-18.75382,POM_COL,CHA_UNI,PomonaPitzer,D3,Team,20250222-PomonaPitzer-2,7157e550-f178-11ef-bbfe-3dd3c01fa6e6,86.83305,,,8.6157,,,,,,,eca08de3-b488-4029-965a-0ebe30e993be,2025-02-22,23:55:06.62,2025-02-22T15:55:06.6210000-08:00,2025-02-22T23:55:06.6210000Z,,v3,POM_PIT,,,"Sturm, Charlie",1000141372,Right,CHA_UNI,04a77cdf-ab2f-48ce-95b7-6e23d406a63f,55.88397,-131.86352,14.72313,6.33699,-6.91371,-9.37691,-1.85297,14.01267,-7.00673,,,,,,,,,,,,,,,,,,,,,,,,,,,,,,,,,,,,,,,,,,,,,,,,,,,High,High,High,,,,,
190,2025-02-22,15:55:22.23,1,3,"Hunter-Kenney, Finean",1000404660,Right,CHA_UNI,"Pierantoni, Greg",1000091552,Right,POM_COL,Undefined,5,Bottom,0,1,1,Fastball,Sinker,BallCalled,Undefined,Undefined,Undefined,0,0,,90.14389,-0.793503,-2.697285,2287.1677,234.119153,1:45,6.41646,1.88294,4.38373,-22.45422,14.59473,18.2554,3.78675,0.82691,80.8969,-4.937847,0.486275,0.438086,,,,,,,,,,,,-9.61024,7.69489,-1.61362,50,6.31054,5.18386,-130.24038,-2.69676,-16.25042,31.31896,-19.16243,POM_COL,CHA_UNI,PomonaPitzer,D3,Team,20250222-PomonaPitzer-2,7aa75190-f178-11ef-bbfe-3dd3c01fa6e6,86.0389,,,9.24699,,,,,,,eca08de3-b488-4029-965a-0ebe30e993be,2025-02-22,23:55:22.23,2025-02-22T15:55:22.2380000-08:00,2025-02-22T23:55:22.2380000Z,,v3,POM_PIT,,,"Sturm, Charlie",1000141372,Right,CHA_UNI,c0f1bcb9-bc32-41ac-aaee-d25f5342cd42,56.11118,-131.70174,15.65948,6.41551,-1.80262,-9.58121,-1.87319,5.94211,-8.12521,,,,,,,,,,,,,,,,,,,,,,,,,,,,,,,,,,,,,,,,,,,,,,,,,,,High,High,High,,,,,
191,2025-02-22,15:55:43.90,1,4,"Hunter-Kenney, Finean",1000404660,Right,CHA_UNI,"Pierantoni, Greg",1000091552,Right,POM_COL,Undefined,5,Bottom,0,2,1,Fastball,Four-Seam,FoulBallNotFieldable,Undefined,Undefined,Undefined,0,0,,89.61663,-2.166721,-2.62875,2348.730987,188.584799,12:15,6.51436,1.81849,4.44822,-14.89639,22.35241,3.17126,3.20345,-0.426,80.88189,-4.980632,-2.075636,0.439266,,,,,,,,,,,,-2.34784,11.88918,-1.54361,50,6.272,5.78582,-129.49414,-5.40901,-3.94479,29.69232,-12.19813,POM_COL,CHA_UNI,PomonaPitzer,D3,Team,20250222-PomonaPitzer-2,879875a0-f178-11ef-bbfe-3dd3c01fa6e6,85.80775,,,8.73474,,,,,,,eca08de3-b488-4029-965a-0ebe30e993be,2025-02-22,23:55:43.90,2025-02-22T15:55:43.9000000-08:00,2025-02-22T23:55:43.9000000Z,,v3,POM_PIT,,,"Sturm, Charlie",1000141372,Right,CHA_UNI,f2fe17f3-1937-4e8c-9fae-0e4fb2cb5980,56.04779,-130.87352,14.84616,6.51012,-4.84234,-6.09907,-1.81665,5.96908,-1.9724,,,,,,,,,,,,,,,,,,,,,,,,,,,,,,,,,,,,,,,,,,,,,,,,,,,High,High,High,,,,,
192,2025-02-22,15:56:00.09,1,5,"Hunter-Kenney, Finean",1000404660,Right,CHA_UNI,"Pierantoni, Greg",1000091552,Right,POM_COL,Undefined,5,Bottom,0,2,2,Slider,Slider,FoulBallNotFieldable,Undefined,Undefined,Undefined,0,0,,83.14913,0.211482,-1.087664,2869.627749,67.978503,8:15,6.01411,2.21602,3.91667,-50.90704,-6.83052,-20.65895,1.97555,-0.55306,75.64897,-8.79569,-4.667742,0.477832,,,,,,,,,,,,9.54796,-2.94016,-2.06559,50,5.98028,3.28135,-120.32138,-1.76665,13.79784,26.44568,-36.42289,POM_COL,CHA_UNI,PomonaPitzer,D3,Team,20250222-PomonaPitzer-2,91420fd0-f178-11ef-bbfe-3dd3c01fa6e6,78.88222,,,7.50017,,,,,,,eca08de3-b488-4029-965a-0ebe30e993be,2025-02-22,23:56:00.09,2025-02-22T15:56:00.0960000-08:00,2025-02-22T23:56:00.0960000Z,,v3,POM_PIT,,,"Sturm, Charlie",1000141372,Right,CHA_UNI,d4858796-b99f-44d8-ab8b-4f61564772c9,56.58452,-121.76,13.22284,6.02249,0.21473,-18.21144,-2.22367,2.53076,6.89892,,,,,,,,,,,,,,,,,,,,,,,,,,,,,,,,,,,,,,,,,,,,,,,,,,,High,High,High,,,,,
193,2025-02-22,15:56:17.75,1,6,"Hunter-Kenney, Finean",1000404660,Right,CHA_UNI,"Pierantoni, Greg",1000091552,Right,POM_COL,Undefined,5,Bottom,0,2,2,Slider,Curveball,StrikeSwinging,Strikeout,Undefined,Undefined,0,0,,82.47002,0.891436,-2.132213,2865.264378,66.119367,8:15,5.99434,2.24816,4.32213,-50.26507,-5.20874,-15.89615,2.65836,-1.11561,73.51895,-8.134872,-4.901942,0.483114,,,,,,,,,,,,6.76048,-2.19433,-2.001,50,6.04066,5.20182,-118.98275,-0.24284,9.37656,29.73391,-35.2175,POM_COL,CHA_UNI,PomonaPitzer,D3,Team,20250222-PomonaPitzer-2,9bc31e40-f178-11ef-bbfe-3dd3c01fa6e6,78.01982,,,8.95107,,,,,,,eca08de3-b488-4029-965a-0ebe30e993be,2025-02-22,23:56:17.75,2025-02-22T15:56:17.7510000-08:00,2025-02-22T23:56:17.7510000Z,,v3,POM_PIT,,,"Sturm, Charlie",1000141372,Right,CHA_UNI,9c3b3672-bcaa-4b81-92bc-6f17e299c045,56.17177,-120.51521,14.86696,6.0064,1.57224,-17.60875,-2.25664,4.71856,4.68828,,,,,,,,,,,,,,,,,,,,,,,,,,,,,,,,,,,,,,,,,,,,,,,,,,,High,High,High,,,,,
194,2025-02-22,15:56:47.01,2,1,"Hunter-Kenney, Finean",1000404660,Right,CHA_UNI,"Gold, Jack",1000108729,Left,POM_COL,Undefined,5,Bottom,1,0,0,Fastball,Four-Seam,BallCalled,Undefined,Undefined,Undefined,0,0,,90.36832,-2.576594,-3.883161,2451.487902,200.234206,12:45,6.3344,2.04015,4.70489,-20.871,15.42426,5.21351,2.14214,-1.21698,81.92142,-6.424629,-2.970949,0.433607,,,,,,,,,,,,-3.70642,8.6926,-1.65121,50,6.05487,8.59648,-130.47077,-6.67575,-6.33952,29.42714,-17.30604,POM_COL,CHA_UNI,PomonaPitzer,D3,Team,20250222-PomonaPitzer-2,ad375970-f178-11ef-bbfe-3dd3c01fa6e6,86.92766,,,8.4469,,,,,,,eca08de3-b488-4029-965a-0ebe30e993be,2025-02-22,23:56:47.01,2025-02-22T15:56:47.0140000-08:00,2025-02-22T23:56:47.0140000Z,,v3,POM_PIT,,,"Sturm, Charlie",1000141372,Right,CHA_UNI,5cfef277-c927-4196-96f2-729515eb4d34,55.79092,-131.77042,14.71357,6.33282,-5.91144,-8.65302,-2.03706,8.87647,-3.16976,,,,,,,,,,,,,,,,,,,,,,,,,,,,,,,,,,,,,,,,,,,,,,,,,,,High,High,High,,,,,
195,2025-02-22,15:57:17.31,2,2,"Hunter-Kenney, Finean",1000404660,Right,CHA_UNI,"Gold, Jack",1000108729,Left,POM_COL,Undefined,5,Bottom,1,1,0,Fastball,Sinker,BallCalled,Undefined,Undefined,Undefined,0,0,,89.89047,-0.397769,-2.593736,2361.972203,234.755983,1:45,6.27816,2.04272,4.57483,-23.69202,13.14969,16.72678,3.92496,0.96704,80.97636,-4.764847,0.333493,0.436859,,,,,,,,,,,,-8.86414,6.90426,-1.79034,50,6.21575,5.03349,-129.99322,-1.83723,-14.9894,30.23807,-20.49886,POM_COL,CHA_UNI,PomonaPitzer,D3,Team,20250222-PomonaPitzer-2,bf3b9fa0-f178-11ef-bbfe-3dd3c01fa6e6,86.28056,,,8.9141,,,,,,,eca08de3-b488-4029-965a-0ebe30e993be,2025-02-22,23:57:17.31,2025-02-22T15:57:17.3110000-08:00,2025-02-22T23:57:17.3110000Z,,v3,POM_PIT,,,"Sturm, Charlie",1000141372,Right,CHA_UNI,1660cbf4-a603-4555-bb0b-994c00074496,55.9204,-131.36316,15.11904,6.27795,-0.90853,-10.24943,-2.03377,5.71259,-7.4947,,,,,,,,,,,,,,,,,,,,,,,,,,,,,,,,,,,,,,,,,,,,,,,,,,,High,High,High,,,,,
196,2025-02-22,15:57:37.66,2,3,"Hunter-Kenney, Finean",1000404660,Right,CHA_UNI,"Gold, Jack",1000108729,Left,POM_COL,Undefined,5,Bottom,1,2,0,Fastball,Four-Seam,BallCalled,Undefined,Undefined,Undefined,0,0,,89.9315,-0.612302,-1.579625,2393.081323,199.000402,12:45,6.35392,2.03382,4.62661,-15.37599,21.46875,6.92012,4.4903,1.10857,80.64547,-3.539159,-0.367194,0.436877,,,,,,,,,,,,-3.83953,11.00012,-1.87827,50,6.27823,3.23121,-130.03808,-1.8887,-6.47389,31.16033,-13.62662,POM_COL,CHA_UNI,PomonaPitzer,D3,Team,20250222-PomonaPitzer-2,cb5c7b60-f178-11ef-bbfe-3dd3c01fa6e6,86.27702,,,9.28603,,,,,,,eca08de3-b488-4029-965a-0ebe30e993be,2025-02-22,23:57:37.66,2025-02-22T15:57:37.6600000-08:00,2025-02-22T23:57:37.6600000Z,,v3,POM_PIT,,,"Sturm, Charlie",1000141372,Right,CHA_UNI,3301e778-a5cf-4343-827e-3c6f3d9238ed,55.86611,-131.43622,15.58017,6.34926,-1.27728,-6.81331,-2.02977,3.52169,-3.23695,,,,,,,,,,,,,,,,,,,,,,,,,,,,,,,,,,,,,,,,,,,,,,,,,,,High,High,High,,,,,
197,2025-02-22,15:57:56.37,2,4,"Hunter-Kenney, Finean",1000404660,Right,CHA_UNI,"Gold, Jack",1000108729,Left,POM_COL,Undefined,5,Bottom,1,3,0,Fastball,Four-Seam,BallCalled,Walk,Undefined,Undefined,0,0,,90.67996,-0.951082,-2.873944,2414.5014,191.86026,12:30,6.26382,1.92421,4.85982,-14.86615,21.12277,4.15421,4.12356,-0.45209,81.33986,-3.791694,-2.144186,0.431773,,,,,,,,,,,,-2.95351,11.03666,-1.64437,50,6.15839,6.37095,-131.05794,-2.64505,-5.05626,31.7552,-13.27969,POM_COL,CHA_UNI,PomonaPitzer,D3,Team,20250222-PomonaPitzer-2,d68589a0-f178-11ef-bbfe-3dd3c01fa6e6,87.29683,,,9.3401,,,,,,,eca08de3-b488-4029-965a-0ebe30e993be,2025-02-22,23:57:56.37,2025-02-22T15:57:56.3780000-08:00,2025-02-22T23:57:56.3780000Z,,v3,POM_PIT,,,"Sturm, Charlie",1000141372,Right,CHA_UNI,257f722f-a4c4-4304-abe9-6bb5ecea49a0,55.63367,-132.41594,15.8776,6.25936,-2.07715,-6.63985,-1.92144,6.58718,-2.52813,,,,,,,,,,,,,,,,,,,,,,,,,,,,,,,,,,,,,,,,,,,,,,,,,,,High,High,High,,,,,
198,2025-02-22,15:58:25.04,3,1,"Hunter-Kenney, Finean",1000404660,Right,CHA_UNI,"Savas, Peter",1000276389,Right,POM_COL,Undefined,5,Bottom,1,0,0,Fastball,Four-Seam,StrikeCalled,Undefined,Undefined,Undefined,0,0,,90.05846,-3.593054,-3.236471,2356.991533,198.7319,12:30,6.38098,1.6585,4.48763,-15.6578,21.30879,6.76465,1.64201,-0.86542,81.34255,-6.529345,-2.056371,0.437599,,,,,,,,,,,,-4.25567,11.81316,-1.32497,50,5.98875,6.99971,-129.89123,-8.70851,-7.19635,29.79951,-12.19801,POM_COL,CHA_UNI,PomonaPitzer,D3,Team,20250222-PomonaPitzer-2,e7a5d870-f178-11ef-bbfe-3dd3c01fa6e6,86.13469,,,8.71591,,,,,,,eca08de3-b488-4029-965a-0ebe30e993be,2025-02-22,23:58:25.04,2025-02-22T15:58:25.0490000-08:00,2025-02-22T23:58:25.0490000Z,,v3,POM_PIT,,,"Sturm, Charlie",1000141372,Right,CHA_UNI,e09bc2d6-1d34-4dd8-8338-8734323e5694,56.00721,-131.26216,14.89976,6.37647,-8.14734,-6.09901,-1.65461,7.33078,-3.59818,,,,,,,,,,,,,,,,,,,,,,,,,,,,,73.17228,,0.788634,,-0.84151,1.3804,0.94554,-0.08481,5.14408,1.87787,,,,0.02502,105.54109,-9.08217,5.167,9.89477,-12.08085,1.8366,-1.67628,2.54787,High,High,High,,,High,High,High
199,2025-02-22,15:59:01.95,3,2,"Hunter-Kenney, Finean",1000404660,Right,CHA_UNI,"Savas, Peter",1000276389,Right,POM_COL,Undefined,5,Bottom,1,0,1,Slider,Curveball,BallCalled,Undefined,Undefined,Undefined,0,0,,82.72803,-0.917777,-2.053276,2833.25213,69.270982,8:15,5.97024,2.31377,3.97038,-49.30172,-4.64473,-16.48477,0.9782,-1.03612,75.18167,-9.637526,-4.91172,0.480968,,,,,,,,,,,,7.193,-1.4541,-2.05966,50,5.81038,5.08197,-119.56172,-4.03154,10.23133,26.7824,-34.24239,POM_COL,CHA_UNI,PomonaPitzer,D3,Team,20250222-PomonaPitzer-2,fda42fa0-f178-11ef-bbfe-3dd3c01fa6e6,78.36789,,,7.54636,,,,,,,eca08de3-b488-4029-965a-0ebe30e993be,2025-02-22,23:59:01.95,2025-02-22T15:59:01.9560000-08:00,2025-02-22T23:59:01.9560000Z,,v3,POM_PIT,,,"Sturm, Charlie",1000141372,Right,CHA_UNI,f551819c-fc30-4d1e-a5d0-d2d8d39bfe10,56.52849,-121.01529,13.3912,5.97875,-2.17309,-17.12119,-2.3204,4.52668,5.11567,,,,,,,,,,,,,,,,,,,,,,,,,,,,,,,,,,,,,,,,,,,,,,,,,,,High,High,High,,,,,
200,2025-02-22,15:59:24.26,3,3,"Hunter-Kenney, Finean",1000404660,Right,CHA_UNI,"Savas, Peter",1000276389,Right,POM_COL,Undefined,5,Bottom,1,1,1,Slider,Curveball,BallCalled,Undefined,Undefined,Undefined,0,0,,82.53401,-1.364721,-2.736299,2867.680736,68.759175,8:15,5.85638,2.4018,4.16633,-49.67959,-4.87055,-16.77493,0.40644,-1.62114,74.82747,-10.167806,-5.653012,0.481786,,,,,,,,,,,,7.13103,-1.4052,-2.07979,50,5.65277,6.48794,-119.17723,-4.91968,10.02634,27.68561,-34.14976,POM_COL,CHA_UNI,PomonaPitzer,D3,Team,20250222-PomonaPitzer-2,0afa5710-f179-11ef-bbfe-3dd3c01fa6e6,78.23481,,,7.70654,,,,,,,eca08de3-b488-4029-965a-0ebe30e993be,2025-02-22,23:59:24.26,2025-02-22T15:59:24.2650000-08:00,2025-02-22T23:59:24.2650000Z,,v3,POM_PIT,,,"Sturm, Charlie",1000141372,Right,CHA_UNI,1b4fe65f-0f60-4af3-b7d4-37ac9e0d3a6f,56.33215,-120.63926,13.84281,5.86496,-3.11629,-17.07488,-2.40843,5.95846,5.01317,,,,,,,,,,,,,,,,,,,,,,,,,,,,,,,,,,,,,,,,,,,,,,,,,,,High,High,High,,,,,
201,2025-02-22,15:59:41.53,3,4,"Hunter-Kenney, Finean",1000404660,Right,CHA_UNI,"Savas, Peter",1000276389,Right,POM_COL,Undefined,5,Bottom,1,2,1,Fastball,Four-Seam,BallCalled,Undefined,Undefined,Undefined,0,0,,89.53347,-3.501757,-5.316593,2417.335291,212.270751,1:00,6.22219,1.99474,4.76693,-22.41761,14.52068,8.3663,1.01544,-2.36339,81.56301,-7.604543,-3.855418,0.437431,,,,,,,,,,,,-5.62339,8.51142,-1.46827,50,5.85043,11.59643,-128.98613,-8.7789,-9.44155,27.68181,-17.88359,POM_COL,CHA_UNI,PomonaPitzer,D3,Team,20250222-PomonaPitzer-2,153e8390-f179-11ef-bbfe-3dd3c01fa6e6,86.16768,,,7.97047,,,,,,,eca08de3-b488-4029-965a-0ebe30e993be,2025-02-22,23:59:41.53,2025-02-22T15:59:41.5340000-08:00,2025-02-22T23:59:41.5340000Z,,v3,POM_PIT,,,"Sturm, Charlie",1000141372,Right,CHA_UNI,64ce2b74-71b6-4732-8f83-f96ab8858806,55.73001,-130.21005,13.84091,6.2211,-7.98821,-8.94179,-1.99022,12.01388,-4.72077,,,,,,,,,,,,,,,,,,,,,,,,,,,,,,,,,,,,,,,,,,,,,,,,,,,High,High,High,,,,,
202,2025-02-22,16:00:02.57,3,5,"Hunter-Kenney, Finean",1000404660,Right,CHA_UNI,"Savas, Peter",1000276389,Right,POM_COL,Undefined,5,Bottom,1,3,1,Fastball,Four-Seam,BallCalled,Walk,Undefined,Undefined,0,0,,90.54073,-4.642652,-4.263495,2329.55485,213.942844,1:15,6.27919,1.93672,4.38916,-19.96737,16.89906,10.45776,0.16076,-1.26977,81.96316,-8.301703,-2.444251,0.437006,,,,,,,,,,,,-6.38477,10.00697,-1.49174,50,5.76246,9.18363,-130.28614,-11.38793,-10.8618,29.99932,-15.15018,POM_COL,CHA_UNI,PomonaPitzer,D3,Team,20250222-PomonaPitzer-2,21c65e80-f179-11ef-bbfe-3dd3c01fa6e6,86.25162,,,8.57756,,,,,,,eca08de3-b488-4029-965a-0ebe30e993be,2025-02-23,00:00:02.57,2025-02-22T16:00:02.5720000-08:00,2025-02-23T00:00:02.5720000Z,,v3,POM_PIT,,,"Sturm, Charlie",1000141372,Right,CHA_UNI,eb72180f-e055-449b-8b80-75dba50c0dbf,56.10794,-131.68503,14.99966,6.27702,-10.68147,-7.57509,-1.93179,9.69012,-5.4309,,,,,,,,,,,,,,,,,,,,,,,,,,,,,,,,,,,,,,,,,,,,,,,,,,,High,High,High,,,,,
203,2025-02-22,16:00:52.24,4,1,"Hunter-Kenney, Finean",1000404660,Right,CHA_UNI,"Wakil, Lateef",1000128267,Left,POM_COL,Undefined,5,Bottom,1,0,0,Fastball,Four-Seam,BallinDirt,Undefined,Undefined,Undefined,0,1,,89.7149,-4.991101,-4.278031,2334.683589,212.577979,1:00,6.2129,2.13985,4.62787,-20.47485,16.63367,9.78154,-0.26297,-1.11909,81.60344,-8.739615,-2.568882,0.438438,,,,,,,,,,,,-6.09233,10.0167,-1.70972,50,5.68018,9.19023,-129.15778,-12.08688,-10.22,28.63734,-15.37084,POM_COL,CHA_UNI,PomonaPitzer,D3,Team,20250222-PomonaPitzer-2,3f5b0040-f179-11ef-bbfe-3dd3c01fa6e6,85.96982,,,8.11146,,,,,,,eca08de3-b488-4029-965a-0ebe30e993be,2025-02-23,00:00:52.24,2025-02-22T16:00:52.2430000-08:00,2025-02-23T00:00:52.2430000Z,,v3,POM_PIT,,,"Sturm, Charlie",1000141372,Right,CHA_UNI,1e150533-c383-4c6f-ad8a-15a3c298eadf,55.87087,-130.453,14.31867,6.21113,-11.39168,-7.68542,-2.13583,9.65246,-5.11,,,,,,,,,,,,,,,,,,,,,,,,,,,,,,,,,,,,,,,,,,,,,,,,,,,High,High,High,,,,,
204,2025-02-22,16:01:37.23,4,2,"Hunter-Kenney, Finean",1000404660,Right,CHA_UNI,"Wakil, Lateef",1000128267,Left,POM_COL,Undefined,5,Bottom,1,1,0,Slider,Slider,BallinDirt,Undefined,Undefined,Undefined,0,0,,82.49191,-1.567927,-1.617717,2863.57464,71.533821,8:30,5.89734,2.70056,4.23977,-46.0651,-2.14319,-10.67501,0.55659,0.26188,75.81739,-9.737749,-3.479971,0.476993,,,,,,,,,,,,4.70599,-0.1987,-2.51174,50,5.67788,3.86571,-119.45118,-5.17182,6.76594,24.06798,-32.45971,POM_COL,CHA_UNI,PomonaPitzer,D3,Team,20250222-PomonaPitzer-2,5a3b7e80-f179-11ef-bbfe-3dd3c01fa6e6,79.02095,,,6.67453,,,,,,,eca08de3-b488-4029-965a-0ebe30e993be,2025-02-23,00:01:37.23,2025-02-22T16:01:37.2310000-08:00,2025-02-23T00:01:37.2310000Z,,v3,POM_PIT,,,"Sturm, Charlie",1000141372,Right,CHA_UNI,a8740439-6198-45bd-bdb5-770672f054ea,56.26069,-120.70604,12.03399,5.90342,-3.47943,-16.22986,-2.70409,3.51294,3.38297,,,,,,,,,,,,,,,,,,,,,,,,,,,,,,,,,,,,,,,,,,,,,,,,,,,High,High,High,,,,,
205,2025-02-22,16:02:02.94,4,3,"Hunter-Kenney, Finean",1000404660,Right,CHA_UNI,"Wakil, Lateef",1000128267,Left,POM_COL,Undefined,5,Bottom,1,2,0,Fastball,Sinker,BallCalled,Undefined,Undefined,Undefined,0,0,,90.08195,-3.475549,-2.508774,2362.561586,233.055494,1:45,6.22876,2.27812,4.35561,-23.6173,13.28162,15.94536,0.93318,1.20872,81.93131,-7.766358,0.273457,0.437198,,,,,,,,,,,,-8.42815,7.82619,-2.02556,50,5.83211,4.88731,-130.11277,-8.87731,-14.36093,28.83941,-18.83888,POM_COL,CHA_UNI,PomonaPitzer,D3,Team,20250222-PomonaPitzer-2,697ad850-f179-11ef-bbfe-3dd3c01fa6e6,86.21362,,,8.15064,,,,,,,eca08de3-b488-4029-965a-0ebe30e993be,2025-02-23,00:02:02.94,2025-02-22T16:02:02.9440000-08:00,2025-02-23T00:02:02.9440000Z,,v3,POM_PIT,,,"Sturm, Charlie",1000141372,Right,CHA_UNI,61b86722-5aef-4709-899a-61024d52ef9c,56.14184,-131.46706,14.41971,6.22821,-7.99264,-9.41944,-2.2709,5.56169,-7.18046,,,,,,,,,,,,,,,,,,,,,,,,,,,,,,,,,,,,,,,,,,,,,,,,,,,High,High,High,,,,,
206,2025-02-22,16:02:21.95,4,4,"Hunter-Kenney, Finean",1000404660,Right,CHA_UNI,"Wakil, Lateef",1000128267,Left,POM_COL,Undefined,5,Bottom,1,3,0,Fastball,Sinker,BallCalled,Walk,Undefined,Undefined,0,0,,89.42105,-0.900146,-3.845091,2273.310408,228.299598,1:30,6.21812,2.34923,4.6712,-22.56698,14.61166,14.8808,3.48059,-0.06825,80.55083,-5.075648,-1.2414,0.438852,,,,,,,,,,,,-8.39012,7.79626,-1.97108,50,6.10673,7.93262,-129.16368,-2.89198,-14.01344,29.74626,-19.15253,POM_COL,CHA_UNI,PomonaPitzer,D3,Team,20250222-PomonaPitzer-2,74d86410-f179-11ef-bbfe-3dd3c01fa6e6,85.88873,,,8.87022,,,,,,,eca08de3-b488-4029-965a-0ebe30e993be,2025-02-23,00:02:21.95,2025-02-22T16:02:21.9580000-08:00,2025-02-23T00:02:21.9580000Z,,v3,POM_PIT,,,"Sturm, Charlie",1000141372,Right,CHA_UNI,45a5c0c8-68a5-466c-8e1d-6f10753a0aff,55.8239,-130.49803,14.87313,6.21719,-2.03284,-9.57627,-2.34102,8.56123,-7.00672,,,,,,,,,,,,,,,,,,,,,,,,,,,,,,,,,,,,,,,,,,,,,,,,,,,Medium,Medium,Medium,,,,,
207,2025-02-22,16:02:56.12,5,1,"Hunter-Kenney, Finean",1000404660,Right,CHA_UNI,"Hattenburg, Xavier",10277269,Left,POM_COL,Undefined,5,Bottom,1,0,0,Fastball,Sinker,StrikeCalled,Undefined,Undefined,Undefined,0,0,,89.24215,-1.880359,-3.300528,2280.972992,236.590365,2:00,6.27006,2.08949,4.584,-25.9532,11.47016,15.33032,2.31485,0.22369,80.62569,-6.628251,-0.618132,0.440294,,,,,,,,,,,,-8.45532,6.56827,-1.76301,50,6.05193,6.66947,-128.93559,-5.27723,-14.07209,29.64756,-21.24253,POM_COL,CHA_UNI,PomonaPitzer,D3,Team,20250222-PomonaPitzer-2,8930d370-f179-11ef-bbfe-3dd3c01fa6e6,85.60741,,,8.61646,,,,,,,eca08de3-b488-4029-965a-0ebe30e993be,2025-02-23,00:02:56.12,2025-02-22T16:02:56.1220000-08:00,2025-02-23T00:02:56.1220000Z,,v3,POM_PIT,,,"Sturm, Charlie",1000141372,Right,CHA_UNI,5fa6fad0-0e66-4fff-b102-182b8ed817fb,55.91235,-130.28799,14.82378,6.27055,-4.30823,-10.62127,-2.08189,7.31138,-7.03605,,,,,,,,,,,,,,,,,,,,,,,,,,,,,,,,,,,,,,,,,,,,,,,,,,,High,High,High,,,,,
208,2025-02-22,16:03:19.33,5,2,"Hunter-Kenney, Finean",1000404660,Right,CHA_UNI,"Hattenburg, Xavier",10277269,Left,POM_COL,Undefined,5,Bottom,1,0,1,Fastball,Four-Seam,BallCalled,Undefined,Undefined,Undefined,0,0,,89.9886,-0.659994,-3.060944,2334.488711,223.284051,1:30,6.27568,2.24635,4.58511,-20.6167,16.2391,14.01241,3.92885,0.4994,80.85311,-4.494874,-0.610411,0.436943,,,,,,,,,,,,-7.70457,8.48099,-1.94328,50,6.18928,6.23239,-130.02662,-2.2734,-13.01266,30.68927,-17.85007,POM_COL,CHA_UNI,PomonaPitzer,D3,Team,20250222-PomonaPitzer-2,97077580-f179-11ef-bbfe-3dd3c01fa6e6,86.26405,,,9.13549,,,,,,,eca08de3-b488-4029-965a-0ebe30e993be,2025-02-23,00:03:19.33,2025-02-22T16:03:19.3380000-08:00,2025-02-23T00:03:19.3380000Z,,v3,POM_PIT,,,"Sturm, Charlie",1000141372,Right,CHA_UNI,ebc30a6f-1011-4167-8908-9d2c4fe9c87a,55.90879,-131.41383,15.34464,6.2738,-1.46654,-8.92503,-2.23829,6.82059,-6.50633,,,,,,,,,,,,,,,,,,,,,,,,,,,,,,,,,,,,,,,,,,,,,,,,,,,High,High,High,,,,,
209,2025-02-22,16:03:35.18,5,3,"Hunter-Kenney, Finean",1000404660,Right,CHA_UNI,"Hattenburg, Xavier",10277269,Left,POM_COL,Undefined,5,Bottom,1,1,1,Fastball,Sinker,InPlay,Undefined,LineDrive,Single,0,1,,88.22567,-1.885594,-2.787128,2241.882773,230.186393,1:45,6.25894,2.20437,4.65534,-24.17635,13.92694,15.06863,2.45002,0.81002,79.80494,-6.332107,-0.145717,0.444276,88.0349,6.302727,-20.131502,2720.377167,,,,124.70402,123.04772,-24.178237,1.110445,-8.23615,7.78126,-1.93415,50,6.04494,5.48336,-127.57633,-5.13094,-13.43087,28.83073,-19.48498,POM_COL,CHA_UNI,PomonaPitzer,D3,Team,20250222-PomonaPitzer-2,a08089d0-f179-11ef-bbfe-3dd3c01fa6e6,84.84016,5.66596,,8.42073,,,,1.03715,2.38576,-0.61948,eca08de3-b488-4029-965a-0ebe30e993be,2025-02-23,00:03:35.18,2025-02-22T16:03:35.1830000-08:00,2025-02-23T00:03:35.1830000Z,GroundBall,v3,POM_PIT,,,"Sturm, Charlie",1000141372,Right,CHA_UNI,b42e15d6-1e50-4996-a2a8-99ebd25b527e,55.84231,-128.88986,14.41537,6.25848,-4.2432,-9.74249,-2.19791,6.09527,-6.71543,105.137225,1.21143,118.32832,-15.40707,,,,,,,2.44047,13.50437,-14.18131,,,,,,,-0.56866,-44.81685,-0.6353,,,,,,,,,,,,,,,,,,,,,,,,,,,,,High,High,High,High,High,,,
210,2025-02-22,16:04:47.42,6,1,"Hunter-Kenney, Finean",1000404660,Right,CHA_UNI,"Kinney, William",1000092038,Right,POM_COL,Undefined,5,Bottom,1,0,0,Fastball,Sinker,BallCalled,Undefined,Undefined,Undefined,0,0,,87.81891,-3.048106,-3.695861,2284.774047,238.484799,2:00,6.30062,1.85276,4.20253,-26.8632,12.28316,17.7606,1.13316,-0.21266,79.74314,-7.906371,-0.609978,0.450316,,,,,,,,,,,,-9.65319,7.22052,-1.4655,50,5.93705,7.29545,-126.71948,-7.86999,-15.57981,27.68859,-20.52047,POM_COL,CHA_UNI,PomonaPitzer,D3,Team,20250222-PomonaPitzer-2,cb90dc60-f179-11ef-bbfe-3dd3c01fa6e6,83.70223,,,8.07577,,,,,,,eca08de3-b488-4029-965a-0ebe30e993be,2025-02-23,00:04:47.42,2025-02-22T16:04:47.4250000-08:00,2025-02-23T00:04:47.4250000Z,,v3,POM_PIT,,,"Sturm, Charlie",1000141372,Right,CHA_UNI,d14efb11-0f1d-46f0-bea4-44c7e020cd41,56.29559,-128.08769,13.8443,6.30089,-6.85597,-10.26024,-1.84502,8.06532,-7.78991,,,,,,,,,,,,,,,,,,,,,,,,,,,,,,,,,,,,,,,,,,,,,,,,,,,High,High,High,,,,,
211,2025-02-22,16:05:08.31,6,2,"Hunter-Kenney, Finean",1000404660,Right,CHA_UNI,"Kinney, William",1000092038,Right,POM_COL,Undefined,5,Bottom,1,1,0,Fastball,Sinker,FoulBallNotFieldable,Undefined,Undefined,Undefined,0,0,,89.30682,-3.541166,-3.326041,2292.830119,236.271312,2:00,6.2803,2.14093,4.55597,-24.40789,12.9669,17.42871,0.86581,0.42401,81.09844,-7.990568,-0.276572,0.440008,,,,,,,,,,,,-9.54461,7.77311,-1.81269,50,5.88928,6.64375,-128.93577,-8.96072,-15.93209,28.91511,-19.19892,POM_COL,CHA_UNI,PomonaPitzer,D3,Team,20250222-PomonaPitzer-2,d8029740-f179-11ef-bbfe-3dd3c01fa6e6,85.66301,,,8.20838,,,,,,,eca08de3-b488-4029-965a-0ebe30e993be,2025-02-23,00:05:08.31,2025-02-22T16:05:08.3190000-08:00,2025-02-23T00:05:08.3190000Z,,v3,POM_PIT,,,"Sturm, Charlie",1000141372,Right,CHA_UNI,aae8ef13-3079-4fa3-a3b3-16492a79d9fd,55.94305,-130.26173,14.45755,6.28,-8.0803,-9.59946,-2.1341,7.37436,-7.96605,,,,,,,,,,,,,,,,,,,,,,,,,,,,,,,,,,,,,,,,,,,,,,,,,,,High,High,High,,,,,
212,2025-02-22,16:05:25.33,6,3,"Hunter-Kenney, Finean",1000404660,Right,CHA_UNI,"Kinney, William",1000092038,Right,POM_COL,Undefined,5,Bottom,1,1,1,Fastball,Sinker,StrikeCalled,Undefined,Undefined,Undefined,0,0,,88.92551,-2.279371,-3.248004,2332.158261,227.147567,1:30,6.31542,2.04379,4.59999,-23.94139,13.54572,13.19607,2.1479,0.05116,80.76079,-6.664032,-0.938697,0.440669,,,,,,,,,,,,-7.37996,7.66024,-1.72153,50,6.05855,6.64487,-128.53741,-6.06071,-12.27211,28.14761,-19.43589,POM_COL,CHA_UNI,PomonaPitzer,D3,Team,20250222-PomonaPitzer-2,e227a300-f179-11ef-bbfe-3dd3c01fa6e6,85.5346,,,8.16473,,,,,,,eca08de3-b488-4029-965a-0ebe30e993be,2025-02-23,00:05:25.33,2025-02-22T16:05:25.3370000-08:00,2025-02-23T00:05:25.3370000Z,,v3,POM_PIT,,,"Sturm, Charlie",1000141372,Right,CHA_UNI,6f44be85-39d9-41db-a036-f3778b0e0cb2,55.89727,-129.82239,14.0738,6.31498,-5.17343,-9.71794,-2.03766,7.20511,-6.13605,,,,,,,,,,,,,,,,,,,,,,,,,,,,,,,,,,,,,,,,,,,,,,,,,,,High,High,High,,,,,
213,2025-02-22,16:05:41.02,6,4,"Hunter-Kenney, Finean",1000404660,Right,CHA_UNI,"Kinney, William",1000092038,Right,POM_COL,Undefined,5,Bottom,1,1,2,Fastball,Sinker,InPlay,Undefined,GroundBall,Single,0,1,,90.29818,-2.073913,-4.181731,2350.092491,229.399357,1:45,6.30202,2.08119,4.62907,-23.39816,12.95946,13.64835,2.37473,-0.76339,81.96838,-6.361566,-1.796312,0.433979,77.59863,-23.037737,-0.714422,,,,,7.21987,7.21987,5.473235,0.05354,-7.93489,7.30741,-1.66488,50,6.06786,8.86843,-130.441,-5.66266,-13.58985,28.96316,-19.65887,POM_COL,CHA_UNI,PomonaPitzer,D3,Team,20250222-PomonaPitzer-2,eb7c8d80-f179-11ef-bbfe-3dd3c01fa6e6,86.85307,2.39119,,8.32981,,,,1.5644,2.39119,0.75875,eca08de3-b488-4029-965a-0ebe30e993be,2025-02-23,00:05:41.02,2025-02-22T16:05:41.0270000-08:00,2025-02-23T00:05:41.0270000Z,GroundBall,v3,POM_PIT,,,"Sturm, Charlie",1000141372,Right,CHA_UNI,4b735f1d-6127-4643-bfdd-61cca4c1d57e,55.86975,-131.73787,14.48158,6.30171,-4.7824,-9.82944,-2.0756,9.47694,-6.79492,,1.56191,105.01616,,,,,,,,2.39225,-44.66184,,,,,,,,0.75878,-1.30951,,,,,,,,,,,,,,,,,,,,,,,,,,,,,,High,High,High,Estimated,Estimated,,,
214,2025-02-22,16:06:46.60,7,1,"Hunter-Kenney, Finean",1000404660,Right,CHA_UNI,"Legg, Jimmy",1000115608,Left,POM_COL,Undefined,5,Bottom,1,0,0,Fastball,Four-Seam,StrikeCalled,Undefined,Undefined,Undefined,0,0,,87.38166,-2.174458,-2.79759,2276.119653,220.539231,1:15,6.25882,2.14379,4.32929,-24.19867,14.86946,11.58564,2.16051,0.43329,79.59775,-6.58473,-0.779191,0.449866,,,,,,,,,,,,-6.36504,8.1878,-1.85428,50,6.00058,5.59635,-126.34346,-5.76187,-10.26278,26.33916,-18.97233,POM_COL,CHA_UNI,PomonaPitzer,D3,Team,20250222-PomonaPitzer-2,129e40c0-f17a-11ef-bbfe-3dd3c01fa6e6,83.78601,,,7.78391,,,,,,,eca08de3-b488-4029-965a-0ebe30e993be,2025-02-23,00:06:46.60,2025-02-22T16:06:46.6080000-08:00,2025-02-23T00:06:46.6080000Z,,v3,POM_PIT,,,"Sturm, Charlie",1000141372,Right,CHA_UNI,e1349d0e-9a30-402f-8813-41fcac70546f,56.16741,-127.62272,13.16958,6.25805,-4.84041,-9.48617,-2.1382,6.0948,-5.13139,,,,,,,,,,,,,,,,,,,,,,,,,,,,,,,,,,,,,,,,,,,,,,,,,,,High,High,High,,,,,
215,2025-02-22,16:07:04.63,7,2,"Hunter-Kenney, Finean",1000404660,Right,CHA_UNI,"Legg, Jimmy",1000115608,Left,POM_COL,Undefined,5,Bottom,1,0,1,Fastball,Four-Seam,InPlay,Undefined,FlyBall,Sacrifice,1,1,,88.59953,-2.302659,-3.753301,2408.421172,218.986831,1:15,6.2234,2.05085,4.65578,-20.85804,16.79804,12.54749,2.29167,-0.47452,80.51788,-6.154036,-1.558071,0.441661,77.81786,33.61235,-1.898166,,109.56149,58.75348,-9.81135,269.4403,258.86142,-11.616527,4.393414,-7.25721,9.26827,-1.67924,50,5.96958,7.79846,-128.04928,-5.93811,-11.99364,27.58197,-16.85682,POM_COL,CHA_UNI,PomonaPitzer,D3,Team,20250222-PomonaPitzer-2,1d55c880-f17a-11ef-bbfe-3dd3c01fa6e6,85.3425,65.54196,,8.08165,,,,1.52566,2.40107,0.4643,eca08de3-b488-4029-965a-0ebe30e993be,2025-02-23,00:07:04.63,2025-02-22T16:07:04.6390000-08:00,2025-02-23T00:07:04.6390000Z,FlyBall,v3,POM_PIT,,,"Sturm, Charlie",1000141372,Right,CHA_UNI,b0a571fc-65bf-4ead-82be-aacc68b7840b,55.84284,-129.30171,13.79098,6.22184,-5.17268,-8.42841,-2.04572,8.34306,-5.99682,154.827063,1.52577,94.99783,-16.36827,3.72803,-0.84077,0.20317,-0.04514,0.0065,-0.0004,2.40186,63.15813,-17.5054,0.92958,0.08477,-0.13125,0.04627,-0.00731,0.00044,0.46427,-3.146,-3.86501,0.74876,-0.17577,0.05687,-0.01618,0.00258,-0.00016,,,,,,,,,,,,,,,,,,,,,,,High,High,High,High,High,,,
216,2025-02-22,16:07:48.29,8,1,"Hunter-Kenney, Finean",1000404660,Right,CHA_UNI,"Ng, JC",1000115591,Left,POM_COL,Undefined,5,Bottom,2,0,0,Fastball,Sinker,InPlay,Undefined,FlyBall,HomeRun,0,2,,88.39315,-1.907682,-3.452255,2336.594348,238.939156,2:00,6.19359,2.08615,4.72441,-27.57627,10.10772,14.65599,2.08147,0.02778,80.48062,-6.934125,-0.881468,0.441825,102.33612,19.556786,7.056988,2308.248326,109.53197,37.39656,10.12991,384.94494,384.38367,0.991985,4.391907,-8.2239,5.8791,-1.75126,50,5.97657,7.01693,-127.85615,-5.35439,-13.54898,27.52338,-22.48818,POM_COL,CHA_UNI,PomonaPitzer,D3,Team,20250222-PomonaPitzer-2,37611c70-f17a-11ef-bbfe-3dd3c01fa6e6,85.31087,55.4735,,7.91253,,,,1.43344,2.16181,-0.05433,eca08de3-b488-4029-965a-0ebe30e993be,2025-02-23,00:07:48.29,2025-02-22T16:07:48.2950000-08:00,2025-02-23T00:07:48.2950000Z,LineDrive,v3,POM_PIT,,,"Sturm, Charlie",1000141372,Right,CHA_UNI,e6c8e8c9-bb6f-475b-a7be-3c4c6b87b997,55.77478,-129.09329,13.76169,6.19453,-4.34357,-11.24409,-2.08035,7.62594,-6.77449,158.904272,1.43273,140.37851,-24.73955,5.72946,-1.30388,0.28971,-0.0526,0.00599,-0.0003,2.16272,50.22153,-11.35292,-0.74073,0.46164,-0.16106,0.03525,-0.00403,0.00018,-0.05438,17.37682,-8.25238,2.24331,-0.54947,0.11802,-0.01959,0.00208,-0.0001,,,,,,,,,,,,,,,,,,,,,,,High,High,High,High,Medium,,,
217,2025-02-22,16:08:56.87,9,1,"Hunter-Kenney, Finean",1000404660,Right,CHA_UNI,"Berry, Cooper",1000276381,Left,POM_COL,Undefined,5,Bottom,2,0,0,Fastball,Four-Seam,BallCalled,Undefined,Undefined,Undefined,0,0,,89.20097,-2.878628,-3.816696,2475.320121,204.208235,12:45,6.18449,2.24059,4.81017,-23.21048,13.89418,5.66016,1.5148,-0.90891,80.9896,-7.139989,-2.823874,0.438415,,,,,,,,,,,,-3.9265,8.07827,-1.8657,50,5.87804,8.32015,-128.80299,-7.36962,-6.54487,28.69811,-18.70879,POM_COL,CHA_UNI,PomonaPitzer,D3,Team,20250222-PomonaPitzer-2,603e3b50-f17a-11ef-bbfe-3dd3c01fa6e6,85.97432,,,8.21138,,,,,,,eca08de3-b488-4029-965a-0ebe30e993be,2025-02-23,00:08:56.87,2025-02-22T16:08:56.8790000-08:00,2025-02-23T00:08:56.8790000Z,,v3,POM_PIT,,,"Sturm, Charlie",1000141372,Right,CHA_UNI,c6254b0f-deb2-430c-b53d-42c73f3fb347,55.68654,-130.06381,14.34906,6.18376,-6.54767,-9.3544,-2.23755,8.6077,-3.27243,,,,,,,,,,,,,,,,,,,,,,,,,,,,,,,,,,,,,,,,,,,,,,,,,,,High,High,High,,,,,
218,2025-02-22,16:09:12.76,9,2,"Hunter-Kenney, Finean",1000404660,Right,CHA_UNI,"Berry, Cooper",1000276381,Left,POM_COL,Undefined,5,Bottom,2,1,0,Fastball,Four-Seam,InPlay,Undefined,Popup,Out,1,0,,88.78525,-3.228368,-3.339113,2422.116164,199.17553,12:45,6.34325,2.17629,4.65451,-18.71725,19.18533,6.17693,1.70777,-0.48502,80.00597,-6.717434,-2.258206,0.443104,88.7614,40.059103,21.023909,,,,,,97.75937,,,-4.09335,10.81985,-1.84083,50,5.99681,7.17356,-128.09789,-7.90219,-6.70279,30.04462,-14.45679,POM_COL,CHA_UNI,PomonaPitzer,D3,Team,20250222-PomonaPitzer-2,69b294b0-f17a-11ef-bbfe-3dd3c01fa6e6,85.06455,74.41594,,8.77928,,,,,,,eca08de3-b488-4029-965a-0ebe30e993be,2025-02-23,00:09:12.76,2025-02-22T16:09:12.7690000-08:00,2025-02-23T00:09:12.7690000Z,,v3,POM_PIT,,,"Sturm, Charlie",1000141372,Right,CHA_UNI,c0f79dc1-b7b5-4f03-bdca-2cd3cb8186d1,55.8417,-129.46078,15.02231,6.34039,-7.2464,-7.2284,-2.17313,7.47761,-3.3514,,-0.33155,93.00678,-19.97389,5.0194,-1.08418,0.21481,-0.03937,0.00551,-0.00038,-0.36521,83.78296,-19.95728,0.68021,0.28513,-0.16854,0.05626,-0.01259,0.0015,8.32542,35.74649,-17.60623,5.87751,-1.63205,0.41676,-0.09829,0.01828,-0.00186,,,,,,,,,,,,,,,,,,,,,,,High,High,High,Medium,Undefined,,,
219,2025-02-22,16:11:17.53,1,1,"Zerger, Justin",10051439,Right,POM_COL,"Lang, Brad",1000127615,Left,CHA_UNI,Undefined,6,Top,0,0,0,Fastball,Changeup,BallCalled,Undefined,Undefined,Undefined,0,0,,84.66107,-0.049839,0.02064,1808.810594,231.339932,1:45,6.39845,1.46961,5.24676,-29.43281,10.89985,11.87489,3.89888,2.47858,76.68076,-5.494962,2.127168,0.457088,,,,,,,,,,,,-5.89485,5.87721,-1.48056,50,6.3725,-0.56929,-122.73151,-1.13886,-8.89533,26.7121,-23.30535,POM_COL,CHA_UNI,PomonaPitzer,D3,Team,20250222-PomonaPitzer-2,b4195d40-f17a-11ef-bbfe-3dd3c01fa6e6,82.4621,,,7.98031,,,,,,,eca08de3-b488-4029-965a-0ebe30e993be,2025-02-23,00:11:17.53,2025-02-22T16:11:17.5310000-08:00,2025-02-23T00:11:17.5310000Z,,v3,POM_PIT,,,"Hattenburg, Xavier",10277269,Right,POM_COL,24a64a8c-4fb4-47bb-9947-6541452e1659,55.24964,-123.8688,13.35605,6.39987,-0.14661,-11.65268,-1.46439,-0.19056,-4.44766,,,,,,,,,,,,,,,,,,,,,,,,,,,,,,,,,,,,,,,,,,,,,,,,,,,High,High,High,,,,,
220,2025-02-22,16:11:33.05,1,2,"Zerger, Justin",10051439,Right,POM_COL,"Lang, Brad",1000127615,Left,CHA_UNI,Undefined,6,Top,0,1,0,Fastball,Changeup,BallCalled,Undefined,Undefined,Undefined,0,0,,84.8769,-4.076397,-2.527612,1732.170426,213.642283,1:00,6.27816,1.06014,5.48008,-27.79958,11.49973,6.87185,0.13716,-0.73378,78.68543,-9.147729,-1.303021,0.451195,,,,,,,,,,,,-4.13992,7.20339,-0.84313,50,5.90061,5.14669,-122.9441,-9.71921,-6.38933,22.46964,-21.05672,POM_COL,CHA_UNI,PomonaPitzer,D3,Team,20250222-PomonaPitzer-2,bd540900-f17a-11ef-bbfe-3dd3c01fa6e6,83.53922,,,6.19147,,,,,,,eca08de3-b488-4029-965a-0ebe30e993be,2025-02-23,00:11:33.05,2025-02-22T16:11:33.0570000-08:00,2025-02-23T00:11:33.0570000Z,,v3,POM_PIT,,,"Hattenburg, Xavier",10277269,Right,POM_COL,7b5c193e-f8fb-4c60-9563-f00ce8cd12c5,55.0207,-123.8583,11.23482,6.27862,-8.8625,-10.52836,-1.05782,5.40665,-3.19467,,,,,,,,,,,,,,,,,,,,,,,,,,,,,,,,,,,,,,,,,,,,,,,,,,,High,High,High,,,,,
221,2025-02-22,16:11:51.20,1,3,"Zerger, Justin",10051439,Right,POM_COL,"Lang, Brad",1000127615,Left,CHA_UNI,Undefined,6,Top,0,2,0,Fastball,Changeup,StrikeCalled,Undefined,Undefined,Undefined,0,0,,83.95654,-0.794152,-1.262575,1864.713604,196.564826,12:30,6.30784,1.56375,4.9445,-23.65706,18.06025,4.91469,3.5857,0.77994,75.57636,-5.21374,-0.396024,0.464868,,,,,,,,,,,,-2.81693,9.6006,-1.44538,50,6.21214,2.45399,-121.50752,-2.47824,-4.14858,27.11873,-18.0349,POM_COL,CHA_UNI,PomonaPitzer,D3,Team,20250222-PomonaPitzer-2,c8235e80-f17a-11ef-bbfe-3dd3c01fa6e6,81.08206,,,8.38018,,,,,,,eca08de3-b488-4029-965a-0ebe30e993be,2025-02-23,00:11:51.20,2025-02-22T16:11:51.2090000-08:00,2025-02-23T00:11:51.2090000Z,,v3,POM_PIT,,,"Hattenburg, Xavier",10277269,Right,POM_COL,2f28b605-72f0-4864-94e1-70bde369dbbf,55.54977,-122.7399,13.55937,6.30614,-1.65867,-9.01745,-1.56118,2.64252,-2.07429,,,,,,,,,,,,,,,,,,,,,,,,,,,,,,,,,,,,,,,,,,,,,,,,,,,High,High,High,,,,,
222,2025-02-22,16:12:08.26,1,4,"Zerger, Justin",10051439,Right,POM_COL,"Lang, Brad",1000127615,Left,CHA_UNI,Undefined,6,Top,0,2,1,Fastball,Changeup,BallCalled,Undefined,Undefined,Undefined,0,0,,84.31355,-4.665447,-2.800267,1933.302221,228.173633,1:30,6.17295,1.2186,5.23865,-30.52006,9.893,9.65111,-0.77038,-0.61119,78.0286,-10.18585,-1.087337,0.457543,,,,,,,,,,,,-5.66248,6.54284,-0.96865,50,5.7197,5.57015,-121.94407,-11.04222,-8.56105,23.06817,-22.28201,POM_COL,CHA_UNI,PomonaPitzer,D3,Team,20250222-PomonaPitzer-2,d2489150-f17a-11ef-bbfe-3dd3c01fa6e6,82.38004,,,6.28495,,,,,,,eca08de3-b488-4029-965a-0ebe30e993be,2025-02-23,00:12:08.26,2025-02-22T16:12:08.2690000-08:00,2025-02-23T00:12:08.2690000Z,,v3,POM_PIT,,,"Hattenburg, Xavier",10277269,Right,POM_COL,8011ad74-47bd-4de0-8622-20c3759cb9bf,55.26332,-122.9357,11.53408,6.17379,-10.08439,-11.141,-1.216,5.93817,-4.28053,,,,,,,,,,,,,,,,,,,,,,,,,,,,,,,,,,,,,,,,,,,,,,,,,,,High,High,High,,,,,
223,2025-02-22,16:12:28.82,1,5,"Zerger, Justin",10051439,Right,POM_COL,"Lang, Brad",1000127615,Left,CHA_UNI,Undefined,6,Top,0,3,1,Fastball,Changeup,InPlay,Undefined,LineDrive,Single,0,0,,84.83282,-1.53165,-1.54251,1930.772925,210.350586,1:00,6.33753,1.09756,5.37339,-28.161,11.65544,6.04303,2.55394,0.15463,77.34358,-6.734248,-0.467813,0.454153,100.93525,11.16184,32.329267,3601.761485,90.21952,11.12019,62.93194,174.86694,174.86694,37.787613,1.452738,-3.51898,6.69241,-0.96386,50,6.18052,3.05928,-123.02066,-4.2554,-5.36031,25.77783,-21.97983,POM_COL,CHA_UNI,PomonaPitzer,D3,Team,20250222-PomonaPitzer-2,de8ea850-f17a-11ef-bbfe-3dd3c01fa6e6,82.99494,11.7932,,7.48924,,,,3.39439,2.81923,-0.30113,eca08de3-b488-4029-965a-0ebe30e993be,2025-02-23,00:12:28.82,2025-02-22T16:12:28.8210000-08:00,2025-02-23T00:12:28.8210000Z,LineDrive,v3,POM_PIT,,,"Hattenburg, Xavier",10277269,Right,POM_COL,d5701ccf-1332-40ea-8f25-ebe209fd0979,55.1259,-124.0901,12.88891,6.33814,-3.34353,-10.98992,-1.09539,3.28167,-2.68015,,3.39439,122.7241,-26.86023,5.84352,-1.37287,0.20802,0.06063,-0.05635,0.01283,2.81923,28.65733,-24.81294,3.51447,-0.87931,0.21385,-0.04074,0.00375,0.00025,-0.30113,77.67128,-2.76866,0.22593,-0.16828,0.23593,-0.2172,0.10571,-0.02097,,,,,,,,,,,,,,,,,,,,,,,High,High,High,High,High,,,
224,2025-02-22,16:13:03.52,2,1,"Zerger, Justin",10051439,Right,POM_COL,"Campopiano, Matthew",1000268889,Left,CHA_UNI,Undefined,6,Top,0,0,0,ChangeUp,Changeup,StrikeCalled,Undefined,Undefined,Undefined,0,0,,83.43422,-1.285414,-2.032531,1648.656374,244.20359,2:15,5.98831,1.62538,5.29623,-36.25722,4.72981,7.16221,1.75906,0.31311,76.79485,-7.890843,-0.760035,0.460781,,,,,,,,,,,,-4.14288,3.10484,-1.44586,50,5.8449,3.99411,-121.0579,-4.02113,-6.16204,23.12447,-27.556,POM_COL,CHA_UNI,PomonaPitzer,D3,Team,20250222-PomonaPitzer-2,f3403430-f17a-11ef-bbfe-3dd3c01fa6e6,81.80117,,,6.63937,,,,,,,eca08de3-b488-4029-965a-0ebe30e993be,2025-02-23,00:13:03.52,2025-02-22T16:13:03.5230000-08:00,2025-02-23T00:13:03.5230000Z,,v3,POM_PIT,,,"Hattenburg, Xavier",10277269,Right,POM_COL,8b56e491-be58-43d5-8bd7-0c30866aa515,55.20331,-122.04779,11.56223,5.99178,-2.84154,-13.778,-1.62248,4.25788,-3.08102,,,,,,,,,,,,,,,,,,,,,,,,,,,,,,,,,,,,,,,,,,,,,,,,,,,High,High,High,,,,,
225,2025-02-22,16:13:21.78,2,2,"Zerger, Justin",10051439,Right,POM_COL,"Campopiano, Matthew",1000268889,Left,CHA_UNI,Undefined,6,Top,0,0,1,ChangeUp,Changeup,InPlay,Undefined,FlyBall,Out,1,0,,79.57855,0.501992,-1.774584,2065.318736,228.854206,1:45,5.86335,1.854,5.20358,-37.73892,7.37685,6.87146,3.19081,0.75709,73.14468,-6.395168,-0.557088,0.483432,88.9171,35.3178,-26.504989,,95.63433,67.23418,-54.35103,337.89433,306.71876,-35.109065,4.865427,-3.93193,3.93264,-1.6952,50,5.88132,3.30353,-115.51191,-0.27847,-5.3317,20.78846,-26.84136,POM_COL,CHA_UNI,PomonaPitzer,D3,Team,20250222-PomonaPitzer-2,fe2b4f10-f17a-11ef-bbfe-3dd3c01fa6e6,77.96841,84.95339,,6.43387,,,,2.0146,3.99225,-1.12377,eca08de3-b488-4029-965a-0ebe30e993be,2025-02-23,00:13:21.78,2025-02-22T16:13:21.7880000-08:00,2025-02-23T00:13:21.7880000Z,FlyBall,v3,POM_PIT,,,"Hattenburg, Xavier",10277269,Right,POM_COL,0c474d48-66db-4a9b-9529-e5f72d8d57f3,55.29676,-116.46125,10.39423,5.86605,0.9473,-13.42068,-1.85162,3.54701,-2.66585,,2.01806,95.15256,-17.32318,3.61679,-0.50336,0.02446,0.00175,0.00022,-5E-05,3.99162,75.40068,-20.37752,1.74449,-0.20134,-0.04743,0.02887,-0.00503,0.0003,-1.12381,-47.48971,2.50567,-0.26087,0.00912,0.0037,-0.00033,-0.0001,1E-05,,,,,,,,,,,,,,,,,,,,,,,High,High,High,Medium,Low,,,
226,2025-02-22,16:13:59.28,3,1,"Zerger, Justin",10051439,Right,POM_COL,"Phillips, Josh",1000127619,Right,CHA_UNI,Undefined,6,Top,1,0,0,Fastball,Changeup,InPlay,Undefined,LineDrive,Single,0,0,,84.3379,-1.838548,-1.458867,1919.744977,221.263663,1:30,6.1347,1.25643,5.58487,-25.83824,14.21572,11.26619,2.26344,0.83262,76.72317,-6.654111,0.552686,0.455506,102.35757,7.74209,-21.357271,969.759849,100.62418,7.17965,-44.43839,165.63575,165.63575,-25.181515,1.289192,-6.17725,8.15701,-1.13876,50,5.96006,2.65235,-122.30058,-4.75773,-9.27875,25.97961,-19.92147,POM_COL,CHA_UNI,PomonaPitzer,D3,Team,20250222-PomonaPitzer-2,147b6fc0-f17b-11ef-bbfe-3dd3c01fa6e6,82.74849,8.04179,,7.61472,,,,2.36373,2.40383,-0.88201,eca08de3-b488-4029-965a-0ebe30e993be,2025-02-23,00:13:59.28,2025-02-22T16:13:59.2880000-08:00,2025-02-23T00:13:59.2880000Z,GroundBall,v3,POM_PIT,,,"Hattenburg, Xavier",10277269,Right,POM_COL,31b7939f-e8d1-4cd8-b672-c40a2b377221,54.91392,-123.34,12.9898,6.13447,-3.96069,-9.96074,-1.25231,3.02358,-4.63938,,2.36373,138.5404,-23.27047,4.59466,-1.04036,0.22851,-0.05023,0.00918,-0.00094,2.40383,20.22383,-19.1174,1.948,-0.41472,0.09587,-0.01982,0.00362,-0.00038,-0.88201,-54.17407,-0.64882,0.91553,-0.31898,0.09171,-0.02283,0.00444,-0.00047,,,,,,,,,,,,,,,,,,,,,,,High,High,High,High,High,,,
227,2025-02-22,16:14:30.01,4,1,"Zerger, Justin",10051439,Right,POM_COL,"Golbranson, Tommy",1000122571,Right,CHA_UNI,Undefined,6,Top,1,0,0,Slider,Curveball,StrikeCalled,Undefined,Undefined,Undefined,0,0,,71.90033,1.144759,-1.195291,2453.279605,61.621313,8:00,5.9985,1.65609,4.95636,-66.88267,-10.00989,-22.2017,1.50692,-1.32355,65.68645,-10.884071,-5.119512,0.54278,,,,,,,,,,,,10.55575,-4.70969,-1.52121,50,6.05453,3.02746,-104.20908,-0.17299,11.39222,20.54182,-37.25694,POM_COL,CHA_UNI,PomonaPitzer,D3,Team,20250222-PomonaPitzer-2,26d8ab60-f17b-11ef-bbfe-3dd3c01fa6e6,69.44333,,,6.21388,,,,,,,eca08de3-b488-4029-965a-0ebe30e993be,2025-02-23,00:14:30.01,2025-02-22T16:14:30.0180000-08:00,2025-02-23T00:14:30.0180000Z,,v3,POM_PIT,,,"Hattenburg, Xavier",10277269,Right,POM_COL,4b9e008e-058d-4e22-a564-d74cc6c977af,55.54611,-105.29666,10.27091,6.01147,1.79957,-18.62847,-1.66553,2.4243,5.69611,,,,,,,,,,,,,,,,,,,,,,,,,,,,,,,,,,,,,,,,,,,,,,,,,,,High,High,High,,,,,
228,2025-02-22,16:14:46.27,4,2,"Zerger, Justin",10051439,Right,POM_COL,"Golbranson, Tommy",1000122571,Right,CHA_UNI,Undefined,6,Top,1,0,1,Slider,Curveball,StrikeCalled,Undefined,Undefined,Undefined,0,0,,74.60638,2.449246,0.116063,2452.975294,43.920618,7:30,6.08053,1.75599,4.65527,-66.93996,-13.45272,-14.80528,2.83059,0.63248,67.62284,-9.566101,-2.486166,0.526377,,,,,,,,,,,,7.2291,-6.74485,-1.75361,50,6.26971,0.39797,-108.00228,2.15811,8.38418,21.98432,-39.99658,POM_COL,CHA_UNI,PomonaPitzer,D3,Team,20250222-PomonaPitzer-2,308579e0-f17b-11ef-bbfe-3dd3c01fa6e6,71.60737,,,6.98354,,,,,,,eca08de3-b488-4029-965a-0ebe30e993be,2025-02-23,00:14:46.27,2025-02-22T16:14:46.2770000-08:00,2025-02-23T00:14:46.2770000Z,,v3,POM_PIT,,,"Hattenburg, Xavier",10277269,Right,POM_COL,8d1059fa-574d-4c25-878d-6a1edb79e9a8,55.84634,-109.18584,10.99216,6.09556,4.31139,-19.99829,-1.76289,-0.05341,4.19209,,,,,,,,,,,,,,,,,,,,,,,,,,,,,,,,,,,,,,,,,,,,,,,,,,,High,High,High,,,,,
229,2025-02-22,16:15:03.47,4,3,"Zerger, Justin",10051439,Right,POM_COL,"Golbranson, Tommy",1000122571,Right,CHA_UNI,Undefined,6,Top,1,0,2,Fastball,Four-Seam,InPlay,Undefined,LineDrive,Double,0,2,,85.95351,-0.978319,-2.148066,2042.195994,185.586569,12:15,6.40084,1.19295,5.13095,-25.60446,13.56804,1.19835,3.34505,-0.73112,78.20176,-5.712171,-1.936186,0.450466,92.42506,16.335887,9.041838,1225.658163,107.70451,24.3612,22.35481,261.07301,260.27109,14.585173,2.578766,-1.23559,7.42926,-0.99229,50,6.28963,4.61945,-124.56218,-3.03249,-1.92955,26.43201,-20.57226,POM_COL,CHA_UNI,PomonaPitzer,D3,Team,20250222-PomonaPitzer-2,3ac2c890-f17b-11ef-bbfe-3dd3c01fa6e6,83.67434,25.43534,,7.75176,,,,1.12053,3.35861,0.74904,eca08de3-b488-4029-965a-0ebe30e993be,2025-02-23,00:15:03.47,2025-02-22T16:15:03.4770000-08:00,2025-02-23T00:15:03.4770000Z,LineDrive,v3,POM_PIT,,,"Hattenburg, Xavier",10277269,Right,POM_COL,13aea672-0315-4367-8bfc-b6fb63c532ba,55.36762,-125.69602,13.21601,6.40079,-2.15001,-10.28613,-1.19222,4.70222,-0.96478,244.044713,1.12061,128.4642,-17.13447,3.00328,-0.39265,-0.10722,0.08914,-0.02569,0.00284,3.35856,38.12967,-17.76437,1.35263,-0.32621,0.15536,-0.06568,0.01694,-0.00183,0.74906,20.44111,4.34939,-1.80209,0.52587,-0.12162,0.02381,-0.00348,0.00026,,,,,,,,,,,,,,,,,,,,,,,High,High,High,High,High,,,
230,2025-02-22,16:15:41.63,5,1,"Zerger, Justin",10051439,Right,POM_COL,"Powers, Andrew",1000111246,Left,CHA_UNI,Undefined,6,Top,1,0,0,Slider,Curveball,BallCalled,Undefined,Undefined,Undefined,0,0,,72.97945,0.233542,-1.254085,2484.609766,60.802995,8:00,5.79831,1.73986,5.01777,-64.03283,-9.28607,-19.86375,0.6827,-1.09918,67.12898,-11.260474,-4.772035,0.532538,,,,,,,,,,,,9.51449,-4.21339,-1.60279,50,5.76873,3.06841,-105.86775,-1.72293,10.65994,20.23417,-36.89467,POM_COL,CHA_UNI,PomonaPitzer,D3,Team,20250222-PomonaPitzer-2,51888e70-f17b-11ef-bbfe-3dd3c01fa6e6,70.77885,,,5.85046,,,,,,,eca08de3-b488-4029-965a-0ebe30e993be,2025-02-23,00:15:41.63,2025-02-22T16:15:41.6370000-08:00,2025-02-23T00:15:41.6370000Z,,v3,POM_PIT,,,"Hattenburg, Xavier",10277269,Right,POM_COL,7d724ca5-d042-4bba-9a42-c9c334d19797,55.48554,-106.91105,10.11708,5.80852,0.17939,-18.44734,-1.74683,2.51877,5.32997,,,,,,,,,,,,,,,,,,,,,,,,,,,,,,,,,,,,,,,,,,,,,,,,,,,High,High,High,,,,,
231,2025-02-22,16:15:58.15,5,2,"Zerger, Justin",10051439,Right,POM_COL,"Powers, Andrew",1000111246,Left,CHA_UNI,Undefined,6,Top,1,1,0,Fastball,Cutter,StrikeSwinging,Undefined,Undefined,Undefined,0,0,,84.75291,-2.211051,-2.365119,2128.738652,192.857484,12:30,6.29992,1.51735,5.07048,-26.79001,13.52375,2.78331,1.97997,-0.48187,77.50212,-7.129768,-1.873399,0.456981,,,,,,,,,,,,-2.05319,7.743,-1.29511,50,6.0691,4.9465,-122.74427,-5.69295,-3.12602,24.7534,-20.38517,POM_COL,CHA_UNI,PomonaPitzer,D3,Team,20250222-PomonaPitzer-2,5b5abf40-f17b-11ef-bbfe-3dd3c01fa6e6,82.48142,,,7.25079,,,,,,,eca08de3-b488-4029-965a-0ebe30e993be,2025-02-23,00:15:58.15,2025-02-22T16:15:58.1590000-08:00,2025-02-23T00:15:58.1590000Z,,v3,POM_PIT,,,"Hattenburg, Xavier",10277269,Right,POM_COL,00510d0a-af80-4df5-800c-86266d26656f,55.42709,-123.83389,12.3767,6.29995,-4.79561,-10.19259,-1.51587,5.0841,-1.56301,,,,,,,,,,,,,,,,,,,,,,,,,,,,,,,,,,,,,,,,,,,,,,,,,,,High,High,High,,,,,
232,2025-02-22,16:16:16.66,5,3,"Zerger, Justin",10051439,Right,POM_COL,"Powers, Andrew",1000111246,Left,CHA_UNI,Undefined,6,Top,1,1,1,ChangeUp,Changeup,StrikeSwinging,Undefined,Undefined,Undefined,0,0,,80.22837,-0.951365,-1.920053,1743.793556,250.861661,2:15,5.95796,1.59032,5.41084,-37.59069,6.38752,14.59824,1.9335,1.00729,74.07258,-7.817322,0.679446,0.477299,,,,,,,,,,,,-7.83449,3.88284,-1.4299,50,5.84708,3.31776,-116.49341,-3.21018,-10.82585,20.74464,-26.80869,POM_COL,CHA_UNI,PomonaPitzer,D3,Team,20250222-PomonaPitzer-2,6669b5d0-f17b-11ef-bbfe-3dd3c01fa6e6,78.97034,,,6.15578,,,,,,,eca08de3-b488-4029-965a-0ebe30e993be,2025-02-23,00:16:16.66,2025-02-22T16:16:16.6620000-08:00,2025-02-23T00:16:16.6620000Z,,v3,POM_PIT,,,"Hattenburg, Xavier",10277269,Right,POM_COL,2fce4ecb-8784-4a5f-9963-14e4c26a67b8,55.08918,-117.39618,10.37232,5.9614,-2.04353,-13.40435,-1.58453,3.78888,-5.41292,,,,,,,,,,,,,,,,,,,,,,,,,,,,,,,,,,,,,,,,,,,,,,,,,,,High,High,High,,,,,
233,2025-02-22,16:16:33.78,5,4,"Zerger, Justin",10051439,Right,POM_COL,"Powers, Andrew",1000111246,Left,CHA_UNI,Undefined,6,Top,1,1,2,Fastball,Changeup,FoulBallNotFieldable,Undefined,Undefined,Undefined,0,0,,86.13639,-2.231605,-0.557567,2078.099007,215.540778,1:15,6.32253,1.15685,5.2623,-23.18395,15.45572,10.14316,2.29282,1.47827,78.80007,-6.526124,1.242927,0.447392,,,,,,,,,,,,-5.24457,8.74119,-1.11365,50,6.10142,0.7725,-124.91822,-5.65918,-8.27583,25.48159,-18.38062,POM_COL,CHA_UNI,PomonaPitzer,D3,Team,20250222-PomonaPitzer-2,70977420-f17b-11ef-bbfe-3dd3c01fa6e6,84.24927,,,7.33632,,,,,,,eca08de3-b488-4029-965a-0ebe30e993be,2025-02-23,00:16:33.78,2025-02-22T16:16:33.7890000-08:00,2025-02-23T00:16:33.7890000Z,,v3,POM_PIT,,,"Hattenburg, Xavier",10277269,Right,POM_COL,9e9ed49f-75cf-4a7a-8083-23d16b93fa36,55.23641,-125.98185,12.7408,6.32162,-4.89195,-9.19031,-1.1531,1.11794,-4.13792,,,,,,,,,,,,,,,,,,,,,,,,,,,,,,,,,,,,,,,,,,,,,,,,,,,High,High,High,,,,,
234,2025-02-22,16:16:55.56,5,5,"Zerger, Justin",10051439,Right,POM_COL,"Powers, Andrew",1000111246,Left,CHA_UNI,Undefined,6,Top,1,1,2,Fastball,Changeup,FoulBallNotFieldable,Undefined,Undefined,Undefined,0,0,,85.4299,-1.356875,-2.38349,2215.199486,228.735885,1:30,6.34129,1.34892,5.28327,-27.88423,11.39497,11.53052,2.742,0.07013,78.09276,-6.494924,-0.337781,0.451079,100.37262,-0.738739,46.675788,4178.353467,,,,45.97914,44.73587,42.920509,0.328354,-6.49811,6.46091,-1.14046,50,6.19724,4.66422,-123.87619,-3.91512,-10.07703,25.20845,-22.15475,POM_COL,CHA_UNI,PomonaPitzer,D3,Team,20250222-PomonaPitzer-2,7d8d5320-f17b-11ef-bbfe-3dd3c01fa6e6,83.56061,2.86364,,7.33714,,,,2.36901,2.86364,-0.56611,eca08de3-b488-4029-965a-0ebe30e993be,2025-02-23,00:16:55.56,2025-02-22T16:16:55.5660000-08:00,2025-02-23T00:16:55.5660000Z,GroundBall,v3,POM_PIT,,,"Hattenburg, Xavier",10277269,Right,POM_COL,b9f197c3-be95-4876-8c3c-9a03513a7a9a,55.21671,-124.93326,12.60423,6.34194,-2.9861,-11.07737,-1.34491,5.08679,-5.03851,,2.37481,100.76172,-16.65249,,,,,,,2.8713,-2.21284,-19.95866,,,,,,,-0.55113,106.4716,-28.86701,,,,,,,,,,,,,,,,,,,,,,,,,,,,,High,High,High,High,High,,,
235,2025-02-22,16:17:24.95,5,6,"Zerger, Justin",10051439,Right,POM_COL,"Powers, Andrew",1000111246,Left,CHA_UNI,Undefined,6,Top,1,1,2,ChangeUp,Changeup,StrikeSwinging,Strikeout,Undefined,Undefined,0,0,,80.7895,0.412886,-1.211393,1901.385798,218.445304,1:15,6.03112,1.67456,5.44347,-33.31006,10.28938,7.05697,3.64197,1.12822,73.79409,-5.739919,0.044815,0.475239,,,,,,,,,,,,-3.87319,5.49693,-1.5724,50,6.04492,2.18884,-117.2314,-0.25639,-5.38216,22.46629,-24.53553,POM_COL,CHA_UNI,PomonaPitzer,D3,Team,20250222-PomonaPitzer-2,8f1871b0-f17b-11ef-bbfe-3dd3c01fa6e6,79.31263,,,6.99541,,,,,,,eca08de3-b488-4029-965a-0ebe30e993be,2025-02-23,00:17:24.95,2025-02-22T16:17:24.9570000-08:00,2025-02-23T00:17:24.9570000Z,,v3,POM_PIT,,,"Hattenburg, Xavier",10277269,Right,POM_COL,4a4f3370-3fd0-4069-b20b-3f9936af0ac0,55.05364,-118.19592,11.23314,6.03332,0.79696,-12.26776,-1.67133,2.4199,-2.69108,,,,,,,,,,,,,,,,,,,,,,,,,,,,,,,,,,,,,,,,,,,,,,,,,,,High,High,High,,,,,
236,2025-02-22,16:18:07.43,6,1,"Zerger, Justin",10051439,Right,POM_COL,"Altman, Brady",1000268881,Left,CHA_UNI,Undefined,6,Top,2,0,0,Slider,Curveball,BallCalled,Undefined,Undefined,Undefined,0,0,,71.9738,1.516829,1.296027,2340.933027,50.192982,7:45,5.86407,1.79933,4.7369,-66.10779,-9.38689,-13.51934,1.79474,1.9024,66.00872,-10.338417,-1.085362,0.542055,,,,,,,,,,,,7.01087,-4.4854,-1.91721,50,5.958,-1.83051,-104.34164,0.46944,7.666,18.89391,-37.0786,POM_COL,CHA_UNI,PomonaPitzer,D3,Team,20250222-PomonaPitzer-2,a86caaa0-f17b-11ef-bbfe-3dd3c01fa6e6,69.53625,,,5.96508,,,,,,,eca08de3-b488-4029-965a-0ebe30e993be,2025-02-23,00:18:07.43,2025-02-22T16:18:07.4320000-08:00,2025-02-23T00:18:07.4320000Z,,v3,POM_PIT,,,"Hattenburg, Xavier",10277269,Right,POM_COL,eccfbf6f-b4ed-47ec-945b-92f6a1157215,55.76542,-105.38045,9.44696,5.87615,2.50807,-18.5393,-1.80498,-2.252,3.833,,,,,,,,,,,,,,,,,,,,,,,,,,,,,,,,,,,,,,,,,,,,,,,,,,,High,High,High,,,,,
237,2025-02-22,16:18:24.82,6,2,"Zerger, Justin",10051439,Right,POM_COL,"Altman, Brady",1000268881,Left,CHA_UNI,Undefined,6,Top,2,1,0,ChangeUp,Changeup,FoulBallNotFieldable,Undefined,Undefined,Undefined,0,0,,79.78814,-0.529097,-1.888105,1804.754416,252.286481,2:30,5.9399,1.57311,5.44116,-39.71081,4.82744,10.81221,2.13496,0.70555,73.45088,-7.788301,0.038121,0.480328,,,,,,,,,,,,-6.00351,2.95484,-1.41398,50,5.8655,3.39723,-115.84912,-2.40091,-8.17355,21.27834,-28.15113,POM_COL,CHA_UNI,PomonaPitzer,D3,Team,20250222-PomonaPitzer-2,b2c3e9f0-f17b-11ef-bbfe-3dd3c01fa6e6,78.47228,,,6.33727,,,,,,,eca08de3-b488-4029-965a-0ebe30e993be,2025-02-23,00:18:24.82,2025-02-22T16:18:24.8210000-08:00,2025-02-23T00:18:24.8210000Z,,v3,POM_PIT,,,"Hattenburg, Xavier",10277269,Right,POM_COL,511f983d-f6d6-4a1d-a635-8ba5a6a5ac53,55.05972,-116.77475,10.63917,5.94331,-1.17629,-14.07556,-1.56949,3.75279,-4.08677,,,,,,,,,,,,,,,,,,,,,,,,,,,,,,,,,,,,,,,,,,,,,,,,,,,High,High,High,,,,,
238,2025-02-22,16:18:48.17,6,3,"Zerger, Justin",10051439,Right,POM_COL,"Altman, Brady",1000268881,Left,CHA_UNI,Undefined,6,Top,2,1,1,Fastball,Changeup,FoulBallNotFieldable,Undefined,Undefined,Undefined,0,0,,84.30306,-1.596428,-2.485152,1860.154736,212.7845,1:00,6.21536,1.56791,5.37641,-25.95328,14.43398,8.41201,2.55416,-0.06235,76.73169,-6.415422,-0.990744,0.457397,67.99032,32.97988,-156.961543,,,,,,14.55736,,,-4.99233,8.1289,-1.35152,50,6.05425,4.9494,-122.16356,-4.27017,-7.49554,25.52191,-19.96919,POM_COL,CHA_UNI,PomonaPitzer,D3,Team,20250222-PomonaPitzer-2,c0afc1b0-f17b-11ef-bbfe-3dd3c01fa6e6,82.40635,12.1708,,7.57137,,,,2.10617,2.5679,0.0773,eca08de3-b488-4029-965a-0ebe30e993be,2025-02-23,00:18:48.17,2025-02-22T16:18:48.1750000-08:00,2025-02-23T00:18:48.1750000Z,,v3,POM_PIT,,,"Hattenburg, Xavier",10277269,Right,POM_COL,8d833010-bf9b-4c1d-a42c-f2517be0ab9d,55.12242,-123.22907,12.76096,6.21512,-3.43649,-9.98459,-1.56468,5.26233,-3.74777,23.789554,2.10685,-77.02409,2.67688,,,,,,,2.56964,54.1661,-30.68785,,,,,,,0.07681,-32.70405,6.91965,,,,,,,,,,,,,,,,,,,,,,,,,,,,,High,High,High,High,Undefined,,,
239,2025-02-22,16:19:10.53,6,4,"Zerger, Justin",10051439,Right,POM_COL,"Altman, Brady",1000268881,Left,CHA_UNI,Undefined,6,Top,2,1,2,ChangeUp,Changeup,InPlay,Undefined,GroundBall,Single,0,1,,81.08305,-1.022227,-1.611819,1873.47776,242.483066,2:00,5.92096,1.70793,5.3964,-37.02927,6.51859,9.71902,1.87674,1.00695,74.06436,-7.811926,0.118616,0.474958,90.9505,-0.681267,2.99676,1955.782615,,,,35.94608,35.58843,1.617595,0.263849,-5.40311,3.97996,-1.57133,50,5.80377,2.91982,-117.61406,-3.35431,-7.51848,23.68008,-26.63589,POM_COL,CHA_UNI,PomonaPitzer,D3,Team,20250222-PomonaPitzer-2,ce01f180-f17b-11ef-bbfe-3dd3c01fa6e6,79.3596,1.99138,,7.01868,,,,2.00178,1.99138,-1.02162,eca08de3-b488-4029-965a-0ebe30e993be,2025-02-23,00:19:10.53,2025-02-22T16:19:10.5310000-08:00,2025-02-23T00:19:10.5310000Z,GroundBall,v3,POM_PIT,,,"Hattenburg, Xavier",10277269,Right,POM_COL,f4947497-98f2-4405-a06c-0b51c33dbceb,55.10325,-118.63708,11.84004,5.92382,-2.20359,-13.31794,-1.70448,3.24464,-3.75924,332.194792,2.00345,133.11772,-17.18404,,,,,,,1.99391,-1.71348,-22.1826,,,,,,,-1.02231,7.00802,2.70954,,,,,,,,,,,,,,,,,,,,,,,,,,,,,High,High,High,High,High,,,
240,2025-02-22,16:19:49.67,7,1,"Zerger, Justin",10051439,Right,POM_COL,"Dudas, Austin",10027315,Right,CHA_UNI,Undefined,6,Top,2,0,0,Slider,Curveball,StrikeCalled,Undefined,Undefined,Undefined,0,0,,71.28636,2.078172,0.77276,2484.356843,67.631888,8:15,5.90874,1.94651,4.8413,-65.69689,-7.38103,-23.13482,2.40271,0.75032,64.55688,-9.784812,-3.30661,0.549623,,,,,,,,,,,,11.58178,-3.65764,-2.0021,50,6.05835,-0.48796,-103.20798,1.52306,12.2306,20.5317,-36.03658,POM_COL,CHA_UNI,PomonaPitzer,D3,Team,20250222-PomonaPitzer-2,e561fb90-f17b-11ef-bbfe-3dd3c01fa6e6,68.57874,,,6.72948,,,,,,,eca08de3-b488-4029-965a-0ebe30e993be,2025-02-23,00:19:49.67,2025-02-22T16:19:49.6760000-08:00,2025-02-23T00:19:49.6760000Z,,v3,POM_PIT,,,"Hattenburg, Xavier",10277269,Right,POM_COL,5ceff099-519c-4414-96ae-274a0694ac37,55.65965,-104.32781,10.26585,5.92168,3.48855,-18.01829,-1.9573,-1.15504,6.1153,,,,,,,,,,,,,,,,,,,,,,,,,,,,,,,,,,,,,,,,,,,,,,,,,,,High,High,High,,,,,
241,2025-02-22,16:20:07.06,7,2,"Zerger, Justin",10051439,Right,POM_COL,"Dudas, Austin",10027315,Right,CHA_UNI,Undefined,6,Top,2,0,1,Fastball,Changeup,BallCalled,Undefined,Undefined,Undefined,0,0,,84.3397,-3.650063,-2.764276,2031.69152,225.354089,1:30,6.2024,1.32841,5.29519,-30.01439,10.26859,9.10792,0.26549,-0.51001,77.74995,-9.116199,-1.146909,0.456807,,,,,,,,,,,,-5.34441,6.51414,-1.08376,50,5.84773,5.51394,-122.09772,-8.85165,-8.08798,23.47694,-22.31589,POM_COL,CHA_UNI,PomonaPitzer,D3,Team,20250222-PomonaPitzer-2,efb39590-f17b-11ef-bbfe-3dd3c01fa6e6,82.51291,,,6.58975,,,,,,,eca08de3-b488-4029-965a-0ebe30e993be,2025-02-23,00:20:07.06,2025-02-22T16:20:07.0600000-08:00,2025-02-23T00:20:07.0600000Z,,v3,POM_PIT,,,"Hattenburg, Xavier",10277269,Right,POM_COL,58d2bbbb-0cc2-4cb7-9429-58638dc5c710,55.20491,-123.09446,11.73847,6.20342,-7.90422,-11.15794,-1.32514,5.85732,-4.04399,,,,,,,,,,,,,,,,,,,,,,,,,,,,,,,,,,,,,,,,,,,,,,,,,,,High,High,High,,,,,
242,2025-02-22,16:20:25.12,7,3,"Zerger, Justin",10051439,Right,POM_COL,"Dudas, Austin",10027315,Right,CHA_UNI,Undefined,6,Top,2,1,1,Fastball,Cutter,BallCalled,Undefined,Undefined,Undefined,0,0,,84.27089,0.13553,-1.01286,2079.92036,177.890676,12:00,6.27979,1.25136,5.29026,-24.486,16.463,-0.55039,4.36657,0.25432,75.64968,-4.465712,-1.110507,0.460567,,,,,,,,,,,,-0.06051,8.61115,-1.15871,50,6.27493,2.1817,-122.02028,-0.50337,-0.08963,27.9367,-19.41899,POM_COL,CHA_UNI,PomonaPitzer,D3,Team,20250222-PomonaPitzer-2,fa7185f0-f17b-11ef-bbfe-3dd3c01fa6e6,81.83915,,,8.6212,,,,,,,eca08de3-b488-4029-965a-0ebe30e993be,2025-02-23,00:20:25.12,2025-02-22T16:20:25.1230000-08:00,2025-02-23T00:20:25.1230000Z,,v3,POM_PIT,,,"Hattenburg, Xavier",10277269,Right,POM_COL,c5615afc-055d-42ec-b633-144860a12a75,55.20346,-123.20585,13.96835,6.27881,0.32073,-9.7095,-1.25138,2.1855,-0.04481,,,,,,,,,,,,,,,,,,,,,,,,,,,,,,,,,,,,,,,,,,,,,,,,,,,High,High,High,,,,,
243,2025-02-22,16:20:42.53,7,4,"Zerger, Justin",10051439,Right,POM_COL,"Dudas, Austin",10027315,Right,CHA_UNI,Undefined,6,Top,2,2,1,Slider,Curveball,InPlay,Undefined,GroundBall,Out,1,0,,70.33996,2.851191,-0.691586,2516.776607,35.997037,7:15,5.85246,1.65796,5.07359,-77.35185,-17.73603,-14.49272,2.09692,-0.2018,63.6928,-11.115399,-3.25948,0.555715,71.37917,-25.770505,-45.715236,,,,,6.77955,6.77955,-27.83858,0.050155,6.98788,-9.29402,-1.58014,50,6.06122,1.7625,-101.84754,2.55019,7.15169,20.72248,-41.68597,POM_COL,CHA_UNI,PomonaPitzer,D3,Team,20250222-PomonaPitzer-2,04eacc30-f17c-11ef-bbfe-3dd3c01fa6e6,67.82692,2.29008,,6.64716,,,,2.68291,2.29008,0.22983,eca08de3-b488-4029-965a-0ebe30e993be,2025-02-23,00:20:42.53,2025-02-22T16:20:42.5360000-08:00,2025-02-23T00:20:42.5360000Z,GroundBall,v3,POM_PIT,,,"Hattenburg, Xavier",10277269,Right,POM_COL,7dfd7292-0c5d-4fb9-ab8a-0daeaf543fc9,55.43029,-102.94649,10.36124,5.86736,4.76087,-20.84299,-1.66355,1.38324,3.57585,180,2.68123,66.03531,,,,,,,,2.29124,-45.65977,,,,,,,,0.23155,-67.70491,,,,,,,,,,,,,,,,,,,,,,,,,,,,,,High,High,High,High,High,,,
244,2025-02-22,16:23:16.82,1,1,"Martin, Pierce",10149967,Right,CHA_UNI,"Pierantoni, Greg",1000091552,Right,POM_COL,Undefined,6,Bottom,0,0,0,Fastball,Four-Seam,BallCalled,Undefined,Undefined,Undefined,0,0,,84.38494,-1.019328,-5.817257,2084.023762,212.317454,1:00,5.20451,2.4393,5.75574,-22.43245,17.93891,10.40379,2.38127,-2.1275,75.94048,-5.266225,-3.970513,0.457307,,,,,,,,,,,,-7.09374,9.85804,-1.96137,50,5.10611,11.9612,-121.71793,-2.82785,-10.49406,26.99059,-17.59063,POM_COL,CHA_UNI,PomonaPitzer,D3,Team,20250222-PomonaPitzer-2,60d3d9b0-f17c-11ef-bbfe-3dd3c01fa6e6,82.4226,,,8.44446,,,,,,,eca08de3-b488-4029-965a-0ebe30e993be,2025-02-23,00:23:16.82,2025-02-22T16:23:16.8240000-08:00,2025-02-23T00:23:16.8240000Z,,v3,POM_PIT,,,"Altman, Brady",1000268881,Right,CHA_UNI,5b74d412-eed2-485e-996b-2e6c95746fe0,54.73892,-122.76428,13.4953,5.20252,-2.14591,-8.79532,-2.43296,12.36803,-5.24703,,,,,,,,,,,,,,,,,,,,,,,,,,,,,,,,,,,,,,,,,,,,,,,,,,,High,High,High,,,,,
245,2025-02-22,16:23:29.33,1,2,"Martin, Pierce",10149967,Right,CHA_UNI,"Pierantoni, Greg",1000091552,Right,POM_COL,Undefined,6,Bottom,0,1,0,Fastball,Changeup,BallCalled,Undefined,Undefined,Undefined,0,0,,82.1543,-1.355764,-4.165565,2045.581985,242.161426,2:00,5.11456,2.27291,5.9115,-31.86529,10.11674,16.32375,1.1972,-0.23987,74.48136,-7.294707,-1.241696,0.466341,,,,,,,,,,,,-9.65123,6.04162,-1.94752,50,4.9875,8.02143,-118.91866,-3.80645,-13.66146,25.25306,-23.62203,POM_COL,CHA_UNI,PomonaPitzer,D3,Team,20250222-PomonaPitzer-2,684955d0-f17c-11ef-bbfe-3dd3c01fa6e6,80.826,,,7.67294,,,,,,,eca08de3-b488-4029-965a-0ebe30e993be,2025-02-23,00:23:29.33,2025-02-22T16:23:29.3300000-08:00,2025-02-23T00:23:29.3300000Z,,v3,POM_PIT,,,"Altman, Brady",1000268881,Right,CHA_UNI,6c0f9ca1-f689-40c6-89ac-cd6661ca8feb,54.5868,-119.88873,12.62653,5.11629,-2.89903,-11.81102,-2.26573,8.54623,-6.83073,,,,,,,,,,,,,,,,,,,,,,,,,,,,,,,,,,,,,,,,,,,,,,,,,,,High,High,High,,,,,
246,2025-02-22,16:23:42.31,1,3,"Martin, Pierce",10149967,Right,CHA_UNI,"Pierantoni, Greg",1000091552,Right,POM_COL,Undefined,6,Bottom,0,2,0,Fastball,Changeup,BallCalled,Undefined,Undefined,Undefined,0,0,,82.8718,-1.034989,-5.872768,2009.851257,243.300774,2:00,5.04557,2.14044,5.94532,-31.86128,9.30961,15.71398,1.42529,-2.01656,75.41356,-6.956334,-3.06939,0.461813,,,,,,,,,,,,-9.71768,5.51118,-1.67973,50,4.94499,11.68796,-119.72133,-3.1715,-14.03413,24.18423,-24.2149,POM_COL,CHA_UNI,PomonaPitzer,D3,Team,20250222-PomonaPitzer-2,6fff8470-f17c-11ef-bbfe-3dd3c01fa6e6,81.61832,,,7.45824,,,,,,,eca08de3-b488-4029-965a-0ebe30e993be,2025-02-23,00:23:42.31,2025-02-22T16:23:42.3160000-08:00,2025-02-23T00:23:42.3160000Z,,v3,POM_PIT,,,"Altman, Brady",1000268881,Right,CHA_UNI,206713e9-3751-4f1d-8e13-d065491a77e2,54.5527,-120.63748,12.09212,5.04776,-2.25417,-12.10745,-2.13257,12.21961,-7.01707,,,,,,,,,,,,,,,,,,,,,,,,,,,,,,,,,,,,,,,,,,,,,,,,,,,High,High,High,,,,,
247,2025-02-22,16:23:57.54,1,4,"Martin, Pierce",10149967,Right,CHA_UNI,"Pierantoni, Greg",1000091552,Right,POM_COL,Undefined,6,Bottom,0,3,0,Fastball,Changeup,StrikeCalled,Undefined,Undefined,Undefined,0,0,,83.46774,-1.190386,-4.832769,2024.524513,208.275539,1:00,5.22111,2.35393,5.92476,-22.13852,18.64788,9.23772,2.26756,-1.37134,75.34811,-5.39686,-3.183193,0.459652,,,,,,,,,,,,-6.1887,10.3239,-1.97145,50,5.11306,9.8212,-120.63767,-3.12717,-9.01251,26.05611,-17.13957,POM_COL,CHA_UNI,PomonaPitzer,D3,Team,20250222-PomonaPitzer-2,7916c9b0-f17c-11ef-bbfe-3dd3c01fa6e6,82.00215,,,8.11963,,,,,,,eca08de3-b488-4029-965a-0ebe30e993be,2025-02-23,00:23:57.54,2025-02-22T16:23:57.5420000-08:00,2025-02-23T00:23:57.5420000Z,,v3,POM_PIT,,,"Altman, Brady",1000268881,Right,CHA_UNI,004731d6-3d4e-4e76-8eb6-cecb9d45abeb,54.56996,-121.62071,13.02806,5.21884,-2.48053,-8.56979,-2.3484,10.16122,-4.50625,,,,,,,,,,,,,,,,,,,,,,,,,,,,,,,,,,,,,,,,,,,,,,,,,,,High,High,High,,,,,
248,2025-02-22,16:24:11.39,1,5,"Martin, Pierce",10149967,Right,CHA_UNI,"Pierantoni, Greg",1000091552,Right,POM_COL,Undefined,6,Bottom,0,3,1,Fastball,Four-Seam,InPlay,Undefined,FlyBall,Double,1,0,,84.23178,-1.676299,-3.983342,2134.886702,200.411422,12:45,5.1552,2.31176,6.09241,-19.42296,20.59981,7.09374,1.98186,-0.78761,75.52284,-5.421335,-2.710366,0.455329,80.61837,35.038783,27.539254,,91.16393,62.67261,61.55529,267.45289,209.45496,42.148359,4.526556,-4.9963,11.6132,-2.00797,50,5.01555,8.2007,-121.81889,-4.06607,-7.35272,28.54637,-15.08373,POM_COL,CHA_UNI,PomonaPitzer,D3,Team,20250222-PomonaPitzer-2,815736f0-f17c-11ef-bbfe-3dd3c01fa6e6,82.78073,69.68475,,8.70894,,,,1.32757,2.35748,0.70457,eca08de3-b488-4029-965a-0ebe30e993be,2025-02-23,00:24:11.39,2025-02-22T16:24:11.3900000-08:00,2025-02-23T00:24:11.3900000Z,FlyBall,v3,POM_PIT,,,"Altman, Brady",1000268881,Right,CHA_UNI,7dac1e12-ff70-4618-be11-b1dd2054ce40,54.40303,-122.84634,14.27319,5.15213,-3.52317,-7.54186,-2.30789,8.46533,-3.67636,,1.33156,85.7503,-20.82969,4.81179,-0.64986,-0.02516,0.0197,-0.0012,-7E-05,2.35772,67.87311,-19.02543,0.81858,0.30604,-0.23742,0.08004,-0.01274,0.00076,0.70602,44.72597,0.30006,-1.54957,0.81559,-0.29622,0.07068,-0.00927,0.0005,,,,,,,,,,,,,,,,,,,,,,,High,High,High,Medium,Low,,,
249,2025-02-22,16:24:55.96,2,1,"Martin, Pierce",10149967,Right,CHA_UNI,"Gold, Jack",1000108729,Left,POM_COL,Undefined,6,Bottom,1,0,0,Fastball,Changeup,BallCalled,Undefined,Undefined,Undefined,0,0,,83.46327,1.522786,-3.533803,2069.566252,228.531785,1:30,5.27714,2.57607,6.02035,-26.28824,14.43761,14.63387,4.49995,0.51822,74.76616,-3.467124,-0.908746,0.45931,,,,,,,,,,,,-8.58997,7.33693,-2.30641,50,5.38254,6.86078,-120.7854,2.45693,-12.46725,27.37773,-21.52543,POM_COL,CHA_UNI,PomonaPitzer,D3,Team,20250222-PomonaPitzer-2,9bec2d40-f17c-11ef-bbfe-3dd3c01fa6e6,82.06309,,,8.69712,,,,,,,eca08de3-b488-4029-965a-0ebe30e993be,2025-02-23,00:24:55.96,2025-02-22T16:24:55.9680000-08:00,2025-02-23T00:24:55.9680000Z,,v3,POM_PIT,,,"Altman, Brady",1000268881,Right,CHA_UNI,ea96f010-9518-45e6-928c-79358b408103,54.47436,-121.79535,13.68887,5.27726,3.251,-10.76271,-2.56799,7.3207,-6.23363,,,,,,,,,,,,,,,,,,,,,,,,,,,,,,,,,,,,,,,,,,,,,,,,,,,High,High,High,,,,,
250,2025-02-22,16:25:09.43,2,2,"Martin, Pierce",10149967,Right,CHA_UNI,"Gold, Jack",1000108729,Left,POM_COL,Undefined,6,Bottom,1,1,0,Fastball,Changeup,BallCalled,Undefined,Undefined,Undefined,0,0,,81.49965,2.066983,-2.354986,2002.182744,220.437259,1:15,5.21282,2.3538,6.07188,-26.50297,15.8095,12.22272,4.91937,1.19194,73.45717,-2.964953,-0.15753,0.468172,,,,,,,,,,,,-6.93689,7.9115,-2.17731,50,5.35899,4.37222,-118.10044,3.53067,-9.68861,24.82171,-21.12425,POM_COL,CHA_UNI,PomonaPitzer,D3,Team,20250222-PomonaPitzer-2,a3ecf970-f17c-11ef-bbfe-3dd3c01fa6e6,80.50979,,,8.04247,,,,,,,eca08de3-b488-4029-965a-0ebe30e993be,2025-02-23,00:25:09.43,2025-02-22T16:25:09.4350000-08:00,2025-02-23T00:25:09.4350000Z,,v3,POM_PIT,,,"Altman, Brady",1000268881,Right,CHA_UNI,6102fa8b-ce9d-444b-bf4f-8f96f1ec5f46,54.42282,-119.02638,12.41085,5.21259,4.31868,-10.56213,-2.34715,4.73364,-4.8443,,,,,,,,,,,,,,,,,,,,,,,,,,,,,,,,,,,,,,,,,,,,,,,,,,,High,High,High,,,,,
251,2025-02-22,16:25:26.45,2,3,"Martin, Pierce",10149967,Right,CHA_UNI,"Gold, Jack",1000108729,Left,POM_COL,Undefined,6,Bottom,1,2,0,Fastball,Changeup,BallCalled,Undefined,Undefined,Undefined,0,0,,82.38457,-2.207706,-4.110416,2068.143357,216.372806,1:15,5.00526,2.46359,5.96367,-23.70722,17.90371,12.10442,0.97629,-0.3456,74.77458,-6.685624,-1.942019,0.464275,,,,,,,,,,,,-7.47764,10.2956,-2.14388,50,4.81655,8.10023,-119.22457,-5.27432,-10.66439,24.88351,-17.49073,POM_COL,CHA_UNI,PomonaPitzer,D3,Team,20250222-PomonaPitzer-2,ae17aa80-f17c-11ef-bbfe-3dd3c01fa6e6,81.18565,,,7.60999,,,,,,,eca08de3-b488-4029-965a-0ebe30e993be,2025-02-23,00:25:26.45,2025-02-22T16:25:26.4540000-08:00,2025-02-23T00:25:26.4540000Z,,v3,POM_PIT,,,"Altman, Brady",1000268881,Right,CHA_UNI,24b263c5-bbf6-4d16-b932-6c37b9e0ae43,54.53441,-120.16722,12.44176,5.00381,-4.61172,-8.74536,-2.45839,8.50423,-5.3322,,,,,,,,,,,,,,,,,,,,,,,,,,,,,,,,,,,,,,,,,,,,,,,,,,,High,High,High,,,,,
252,2025-02-22,16:25:44.36,2,4,"Martin, Pierce",10149967,Right,CHA_UNI,"Gold, Jack",1000108729,Left,POM_COL,Undefined,6,Bottom,1,3,0,Fastball,Changeup,BallCalled,Walk,Undefined,Undefined,0,0,,82.52668,0.976299,-3.482935,2041.408679,230.1063,1:45,5.22686,2.31901,6.057,-26.75958,14.72461,15.80643,3.90233,0.4084,74.15319,-4.099476,-0.644486,0.463567,,,,,,,,,,,,-9.16855,7.68859,-2.05605,50,5.28867,6.64054,-119.5029,1.27764,-13.05352,26.35211,-21.22759,POM_COL,CHA_UNI,PomonaPitzer,D3,Team,20250222-PomonaPitzer-2,b8bce2c0-f17c-11ef-bbfe-3dd3c01fa6e6,81.30954,,,8.37349,,,,,,,eca08de3-b488-4029-965a-0ebe30e993be,2025-02-23,00:25:44.36,2025-02-22T16:25:44.3610000-08:00,2025-02-23T00:25:44.3610000Z,,v3,POM_PIT,,,"Beckley, Brennan",1000118419,Right,CHA_UNI,afc6d91d-f128-4dcd-979d-e6847fced7e5,54.43839,-120.47766,13.17605,5.22689,2.06284,-10.61379,-2.31061,7.12338,-6.52676,,,,,,,,,,,,,,,,,,,,,,,,,,,,,,,,,,,,,,,,,,,,,,,,,,,High,High,High,,,,,
253,2025-02-22,16:26:17.43,3,1,"Martin, Pierce",10149967,Right,CHA_UNI,"Savas, Peter",1000276389,Right,POM_COL,Undefined,6,Bottom,1,0,0,Fastball,Four-Seam,BallinDirt,Undefined,Undefined,Undefined,0,0,,82.40492,-0.239794,-6.155664,2113.630048,208.868868,1:00,5.33601,2.13395,6.03628,-22.16289,19.64088,10.00095,3.26578,-2.75464,74.30037,-4.46516,-4.373736,0.465349,,,,,,,,,,,,-6.99835,10.57453,-1.65678,50,5.30516,12.42366,-118.89201,-1.08147,-9.90551,25.16391,-17.20678,POM_COL,CHA_UNI,PomonaPitzer,D3,Team,20250222-PomonaPitzer-2,cc767a10-f17c-11ef-bbfe-3dd3c01fa6e6,80.99816,,,8.10455,,,,,,,eca08de3-b488-4029-965a-0ebe30e993be,2025-02-23,00:26:17.43,2025-02-22T16:26:17.4380000-08:00,2025-02-23T00:26:17.4380000Z,,v3,POM_PIT,,,"Beckley, Brennan",1000118419,Right,CHA_UNI,a7ffb45e-a6af-45d0-8cbc-dcb53b4dc262,54.45855,-119.83196,12.58195,5.33356,-0.43874,-8.60339,-2.12776,12.79367,-4.95275,,,,,,,,,,,,,,,,,,,,,,,,,,,,,,,,,,,,,,,,,,,,,,,,,,,High,High,High,,,,,
254,2025-02-22,16:26:41.73,3,2,"Martin, Pierce",10149967,Right,CHA_UNI,"Savas, Peter",1000276389,Right,POM_COL,Undefined,6,Bottom,1,1,0,Fastball,Changeup,BallCalled,Undefined,Undefined,Undefined,0,0,,84.52236,-3.30486,-5.483347,2104.079209,217.50455,1:15,5.16757,2.40214,5.96641,-21.90489,17.73497,12.54764,0.26042,-1.65191,76.91807,-7.432047,-3.242833,0.453145,,,,,,,,,,,,-8.11437,10.50843,-1.97344,50,4.89207,11.22444,-122.01532,-7.70586,-12.15461,25.43892,-16.43334,POM_COL,CHA_UNI,PomonaPitzer,D3,Team,20250222-PomonaPitzer-2,daf20eb0-f17c-11ef-bbfe-3dd3c01fa6e6,83.17956,,,7.6043,,,,,,,eca08de3-b488-4029-965a-0ebe30e993be,2025-02-23,00:26:41.73,2025-02-22T16:26:41.7350000-08:00,2025-02-23T00:26:41.7350000Z,,v3,POM_PIT,,,"Beckley, Brennan",1000118419,Right,CHA_UNI,afcc6d72-fd70-4b38-a02e-86f4b209e736,54.53301,-122.95677,12.71946,5.16599,-7.09769,-8.21667,-2.39716,11.67426,-6.07731,,,,,,,,,,,,,,,,,,,,,,,,,,,,,,,,,,,,,,,,,,,,,,,,,,,Medium,Medium,Medium,,,,,
255,2025-02-22,16:27:03.20,3,3,"Martin, Pierce",10149967,Right,CHA_UNI,"Savas, Peter",1000276389,Right,POM_COL,Undefined,6,Bottom,1,2,0,Fastball,Changeup,StrikeCalled,Undefined,Undefined,Undefined,0,0,,83.66335,-0.385312,-2.836862,2090.349462,227.837824,1:30,5.15801,2.34788,6.02205,-25.47163,15.10131,14.96469,2.67804,0.96523,74.95312,-5.225721,-0.147655,0.458447,,,,,,,,,,,,-8.55985,8.32402,-2.1332,50,5.11418,5.39056,-121.1606,-1.54752,-12.45923,28.26799,-20.05806,POM_COL,CHA_UNI,PomonaPitzer,D3,Team,20250222-PomonaPitzer-2,e7b8a050-f17c-11ef-bbfe-3dd3c01fa6e6,82.21757,,,8.71022,,,,,,,eca08de3-b488-4029-965a-0ebe30e993be,2025-02-23,00:27:03.20,2025-02-22T16:27:03.2030000-08:00,2025-02-23T00:27:03.2030000Z,,v3,POM_PIT,,,"Beckley, Brennan",1000118419,Right,CHA_UNI,209634ee-c1ab-449b-a50f-8d1683bcdb0a,54.47228,-122.19957,14.13399,5.15751,-0.8103,-10.02903,-2.33974,5.84849,-6.22961,,,,,,,,,,,,,,,,,,,,,,,,,,,,,,,,,,,,,,,,,,,,,,,,,,,High,High,High,,,,,
256,2025-02-22,16:27:27.29,3,4,"Martin, Pierce",10149967,Right,CHA_UNI,"Savas, Peter",1000276389,Right,POM_COL,Undefined,6,Bottom,1,2,1,Fastball,Changeup,BallCalled,Undefined,Undefined,Undefined,0,0,,84.92181,-2.602912,-5.192485,2175.217533,216.071599,1:15,5.16868,2.2636,6.0191,-21.79592,17.45678,11.69272,0.92975,-1.58487,76.95186,-6.728938,-3.101421,0.450927,,,,,,,,,,,,-7.60367,10.18564,-1.86205,50,4.95202,10.68179,-122.66928,-6.21534,-11.47111,26.51249,-16.80773,POM_COL,CHA_UNI,PomonaPitzer,D3,Team,20250222-PomonaPitzer-2,f61ba3e0-f17c-11ef-bbfe-3dd3c01fa6e6,83.58878,,,7.96996,,,,,,,eca08de3-b488-4029-965a-0ebe30e993be,2025-02-23,00:27:27.29,2025-02-22T16:27:27.2910000-08:00,2025-02-23T00:27:27.2910000Z,,v3,POM_PIT,,,"Beckley, Brennan",1000118419,Right,CHA_UNI,0c2de05f-58dc-4fc6-a08a-c14871c2a8cc,54.47855,-123.63344,13.25625,5.16694,-5.60411,-8.40387,-2.25809,11.09895,-5.73556,,,,,,,,,,,,,,,,,,,,,,,,,,,,,,,,,,,,,,,,,,,,,,,,,,,High,High,High,,,,,
257,2025-02-22,16:27:42.83,3,5,"Martin, Pierce",10149967,Right,CHA_UNI,"Savas, Peter",1000276389,Right,POM_COL,Undefined,6,Bottom,1,3,1,Slider,Curveball,BallCalled,Walk,Undefined,Undefined,0,0,,74.74424,-1.576945,-4.300331,2124.679914,149.134469,11:00,4.94062,2.43568,5.66176,-40.54475,10.7928,-5.37166,0.08686,-2.0296,68.18875,-9.027863,-5.256199,0.51569,,,,,,,,,,,,1.38311,6.49024,-2.06778,50,4.78139,8.31974,-108.08665,-4.17672,1.61423,21.2003,-24.59923,POM_COL,CHA_UNI,PomonaPitzer,D3,Team,20250222-PomonaPitzer-2,ff667c40-f17c-11ef-bbfe-3dd3c01fa6e6,73.09124,,,6.55548,,,,,,,eca08de3-b488-4029-965a-0ebe30e993be,2025-02-23,00:27:42.83,2025-02-22T16:27:42.8340000-08:00,2025-02-23T00:27:42.8340000Z,,v3,POM_PIT,,,"Beckley, Brennan",1000118419,Right,CHA_UNI,bc24cf0d-21d6-4c3d-ad58-af71cd16575d,54.83635,-109.03114,10.60015,4.94305,-3.08081,-12.29962,-2.43683,8.24782,0.80712,,,,,,,,,,,,,,,,,,,,,,,,,,,,,,,,,,,,,,,,,,,,,,,,,,,High,High,High,,,,,
258,2025-02-22,16:28:21.98,4,1,"Martin, Pierce",10149967,Right,CHA_UNI,"Wakil, Lateef",1000128267,Left,POM_COL,Undefined,6,Bottom,1,0,0,Fastball,Four-Seam,StrikeCalled,Undefined,Undefined,Undefined,0,0,,84.91917,-1.602335,-2.964533,2067.069537,211.517732,1:00,5.12272,2.27291,5.7642,-21.37005,18.09229,10.2276,1.84817,0.36359,76.77264,-5.651962,-1.13615,0.452129,,,,,,,,,,,,-6.10622,10.11256,-2.03345,50,4.97713,5.94166,-122.98411,-4.06913,-9.24345,27.03644,-16.86591,POM_COL,CHA_UNI,PomonaPitzer,D3,Team,20250222-PomonaPitzer-2,16b7b940-f17d-11ef-bbfe-3dd3c01fa6e6,83.36649,,,8.14653,,,,,,,eca08de3-b488-4029-965a-0ebe30e993be,2025-02-23,00:28:21.98,2025-02-22T16:28:21.9820000-08:00,2025-02-23T00:28:21.9820000Z,,v3,POM_PIT,,,"Beckley, Brennan",1000118419,Right,CHA_UNI,3a0f2c29-66e6-4645-b3b0-952c2793fb01,54.732,-124.02001,13.51822,5.12066,-3.42291,-8.43295,-2.26789,6.29582,-4.62172,,,,,,,,,,,,,,,,,,,,,,,,,,,,,,,,,,,,,,,,,,,,,,,,,,,High,High,High,,,,,
259,2025-02-22,16:28:39.81,4,2,"Martin, Pierce",10149967,Right,CHA_UNI,"Wakil, Lateef",1000128267,Left,POM_COL,Undefined,6,Bottom,1,0,1,Fastball,Changeup,BallCalled,Undefined,Undefined,Undefined,0,0,,83.9818,-2.245234,-2.770487,2126.433565,218.146809,1:15,5.04437,2.23391,5.8521,-24.00974,16.15233,11.56894,0.95381,0.62169,76.1836,-6.762633,-0.697328,0.45612,,,,,,,,,,,,-6.77079,9.36583,-2.01548,50,4.84779,5.42282,-121.66114,-5.4896,-10.04167,26.20719,-18.28373,POM_COL,CHA_UNI,PomonaPitzer,D3,Team,20250222-PomonaPitzer-2,21557770-f17d-11ef-bbfe-3dd3c01fa6e6,82.63705,,,7.7982,,,,,,,eca08de3-b488-4029-965a-0ebe30e993be,2025-02-23,00:28:39.81,2025-02-22T16:28:39.8150000-08:00,2025-02-23T00:28:39.8150000Z,,v3,POM_PIT,,,"Beckley, Brennan",1000118419,Right,CHA_UNI,fb6c0547-a7df-4870-a680-bd7753aa31ce,54.64557,-122.65776,13.1036,5.04333,-4.79429,-9.14186,-2.22896,5.80469,-5.02083,,,,,,,,,,,,,,,,,,,,,,,,,,,,,,,,,,,,,,,,,,,,,,,,,,,High,High,High,,,,,
260,2025-02-22,16:29:15.53,4,3,"Martin, Pierce",10149967,Right,CHA_UNI,"Wakil, Lateef",1000128267,Left,POM_COL,Undefined,6,Bottom,1,1,1,Fastball,Changeup,InPlay,Undefined,GroundBall,Single,0,1,,84.0959,-1.705747,-3.957621,2142.616265,219.390314,1:15,5.01709,2.40478,6.03116,-24.20419,15.71973,11.72697,1.41621,-0.28881,76.05228,-6.281414,-1.853561,0.454766,66.53889,-36.019,32.60326,,,,,3.14238,3.14238,25.022692,0.024265,-7.26241,9.03871,-2.10134,50,4.87048,7.95581,-121.7248,-4.33057,-10.76075,26.6669,-18.7813,POM_COL,CHA_UNI,PomonaPitzer,D3,Team,20250222-PomonaPitzer-2,36a20ad0-f17d-11ef-bbfe-3dd3c01fa6e6,82.88315,1.39566,,8.04362,,,,1.23031,1.39566,0.29483,eca08de3-b488-4029-965a-0ebe30e993be,2025-02-23,00:29:15.53,2025-02-22T16:29:15.5390000-08:00,2025-02-23T00:29:15.5390000Z,GroundBall,v3,POM_PIT,,,"Beckley, Brennan",1000118419,Right,CHA_UNI,80875148-317f-4f5b-9c89-9013bf65b163,54.46588,-122.69926,13.33345,5.01619,-3.64426,-9.39065,-2.39925,8.34903,-5.38038,,1.22972,66.64555,,,,,,,,1.39616,-57.51822,,,,,,,,0.29445,42.62695,,,,,,,,,,,,,,,,,,,,,,,,,,,,,,High,High,High,Estimated,Estimated,,,
261,2025-02-22,16:30:04.12,5,1,"Martin, Pierce",10149967,Right,CHA_UNI,"Hattenburg, Xavier",10277269,Left,POM_COL,Undefined,6,Bottom,1,0,0,Fastball,Changeup,StrikeCalled,Undefined,Undefined,Undefined,1,0,,83.24992,0.176843,-3.757028,2054.802676,226.05144,1:30,5.0999,2.20857,5.85303,-26.77887,13.99934,13.07603,3.03299,-0.19769,75.46212,-4.85362,-1.418849,0.459606,,,,,,,,,,,,-7.76678,7.50666,-1.91048,50,5.09878,7.38953,-120.59627,-0.439,-11.35473,25.04624,-21.19962,POM_COL,CHA_UNI,PomonaPitzer,D3,Team,20250222-PomonaPitzer-2,53947920-f17d-11ef-bbfe-3dd3c01fa6e6,82.01034,,,7.7878,,,,,,,eca08de3-b488-4029-965a-0ebe30e993be,2025-02-23,00:30:04.12,2025-02-22T16:30:04.1280000-08:00,2025-02-23T00:30:04.1280000Z,,v3,POM_PIT,,,"Beckley, Brennan",1000118419,Right,CHA_UNI,5b3a6dc5-723b-483d-b412-dcbaae0fff32,54.64409,-121.55696,12.52312,5.10003,0.37414,-10.59981,-2.20227,7.82506,-5.67737,,,,,,,,,,,,,,,,,,,,,,,,,,,,,75.91628,2.127703,0.819354,1.30835,-0.60776,2.85714,0.24626,0.34492,6.17075,-0.0317,127.27944,0.03409,2.61656,0.50119,109.47807,-9.75869,6.12498,5.9244,-8.05065,-0.03972,1.53848,0.38293,High,High,High,,,High,High,High
262,2025-02-22,16:30:43.12,5,2,"Martin, Pierce",10149967,Right,CHA_UNI,"Hattenburg, Xavier",10277269,Left,POM_COL,Undefined,6,Bottom,2,0,1,Fastball,Changeup,BallCalled,Undefined,Undefined,Undefined,0,0,,82.99432,1.936892,-2.763077,2069.107545,232.274787,1:45,5.09702,2.52402,5.92418,-27.69049,13.19946,15.28288,4.58956,1.23167,75.07783,-3.275413,-0.023711,0.460235,,,,,,,,,,,,-8.56504,6.58418,-2.31106,50,5.23663,5.18282,-120.28116,3.2401,-12.45674,24.90924,-22.5982,POM_COL,CHA_UNI,PomonaPitzer,D3,Team,20250222-PomonaPitzer-2,6accfe00-f17d-11ef-bbfe-3dd3c01fa6e6,81.89826,,,7.91649,,,,,,,eca08de3-b488-4029-965a-0ebe30e993be,2025-02-23,00:30:43.12,2025-02-22T16:30:43.1260000-08:00,2025-02-23T00:30:43.1260000Z,,v3,POM_PIT,,,"Beckley, Brennan",1000118419,Right,CHA_UNI,1d0dc4e4-2336-4a7e-8f73-f661ea40870e,54.57224,-121.22434,12.45462,5.09774,4.09576,-11.2991,-2.51623,5.65449,-6.22837,,,,,,,,,,,,,,,,,,,,,,,,,,,,,,,,,,,,,,,,,,,,,,,,,,,High,High,High,,,,,
263,2025-02-22,16:31:19.34,5,3,"Martin, Pierce",10149967,Right,CHA_UNI,"Hattenburg, Xavier",10277269,Left,POM_COL,Undefined,6,Bottom,2,1,1,Fastball,Changeup,BallCalled,Undefined,Undefined,Undefined,0,0,,84.29742,-0.16163,-2.186109,2161.684587,224.934416,1:30,5.2009,2.55562,5.82974,-23.20261,16.6045,15.18221,3.11699,1.78766,76.24535,-4.553964,0.533806,0.4541,,,,,,,,,,,,-8.32453,8.91134,-2.3856,50,5.17412,4.02871,-122.23222,-1.02723,-12.47028,26.30591,-18.8247,POM_COL,CHA_UNI,PomonaPitzer,D3,Team,20250222-PomonaPitzer-2,8066ee10-f17d-11ef-bbfe-3dd3c01fa6e6,83.00468,,,8.05207,,,,,,,eca08de3-b488-4029-965a-0ebe30e993be,2025-02-23,00:31:19.34,2025-02-22T16:31:19.3410000-08:00,2025-02-23T00:31:19.3410000Z,,v3,POM_PIT,,,"Beckley, Brennan",1000118419,Right,CHA_UNI,58eef4cb-ef6d-49f8-9aa7-a1ad08029677,54.66587,-123.23228,13.15295,5.19957,-0.31158,-9.41235,-2.54777,4.50279,-6.23514,,,,,,,,,,,,,,,,,,,,,,,,,,,,,,,,,,,,,,,,,,,,,,,,,,,High,High,High,,,,,
264,2025-02-22,16:31:35.91,5,4,"Martin, Pierce",10149967,Right,CHA_UNI,"Hattenburg, Xavier",10277269,Left,POM_COL,Undefined,6,Bottom,2,2,1,Fastball,Changeup,BallCalled,Undefined,Undefined,Undefined,0,0,,84.07775,-2.064158,-4.47316,2133.082971,229.16617,1:45,5.02745,2.32403,6.04633,-25.65958,14.16509,14.77611,0.97149,-0.5943,76.35488,-6.887415,-1.82278,0.4542,,,,,,,,,,,,-8.98705,8.32941,-1.98305,50,4.85243,8.94369,-121.67067,-5.15463,-13.35419,25.82011,-19.79709,POM_COL,CHA_UNI,PomonaPitzer,D3,Team,20250222-PomonaPitzer-2,8a497290-f17d-11ef-bbfe-3dd3c01fa6e6,82.98638,,,7.72287,,,,,,,eca08de3-b488-4029-965a-0ebe30e993be,2025-02-23,00:31:35.91,2025-02-22T16:31:35.9160000-08:00,2025-02-23T00:31:35.9160000Z,,v3,POM_PIT,,,"Beckley, Brennan",1000118419,Right,CHA_UNI,02444f68-f32e-4b50-8f20-bbbc428d87d9,54.45256,-122.61192,12.91006,5.02719,-4.43294,-9.89855,-2.31795,9.43051,-6.67709,,,,,,,,,,,,,,,,,,,,,,,,,,,,,,,,,,,,,,,,,,,,,,,,,,,High,High,High,,,,,
265,2025-02-22,16:31:52.74,5,5,"Martin, Pierce",10149967,Right,CHA_UNI,"Hattenburg, Xavier",10277269,Left,POM_COL,Undefined,6,Bottom,2,3,1,Fastball,Changeup,BallCalled,Walk,Undefined,Undefined,0,0,,81.94235,0.579224,-1.636172,2062.675555,245.082491,2:15,4.99599,2.4962,6.17681,-31.60872,10.15508,18.62095,2.8971,2.5365,73.87229,-5.376986,1.723875,0.465127,,,,,,,,,,,,-10.04816,5.52276,-2.38106,50,5.02408,2.66628,-118.88207,0.27254,-14.14774,26.22498,-24.39806,POM_COL,CHA_UNI,PomonaPitzer,D3,Team,20250222-PomonaPitzer-2,944d13a0-f17d-11ef-bbfe-3dd3c01fa6e6,81.03689,,,8.07006,,,,,,,eca08de3-b488-4029-965a-0ebe30e993be,2025-02-23,00:31:52.74,2025-02-22T16:31:52.7450000-08:00,2025-02-23T00:31:52.7450000Z,,v3,POM_PIT,,,"Beckley, Brennan",1000118419,Right,CHA_UNI,9312dd2f-7ff0-43ff-990e-7bbe19076887,54.31938,-119.83112,13.11249,4.99824,1.15548,-12.19903,-2.48681,3.17827,-7.07387,,,,,,,,,,,,,,,,,,,,,,,,,,,,,,,,,,,,,,,,,,,,,,,,,,,High,High,High,,,,,
266,2025-02-22,16:32:26.44,6,1,"Martin, Pierce",10149967,Right,CHA_UNI,"Kinney, William",1000092038,Right,POM_COL,Undefined,6,Bottom,2,0,0,Fastball,Changeup,StrikeCalled,Undefined,Undefined,Undefined,0,0,,82.55056,-0.615645,-4.97901,2100.017774,223.981154,1:30,5.24613,2.4985,6.21708,-26.16694,14.86863,12.97894,2.49525,-1.02623,74.86223,-5.562118,-2.648136,0.461054,,,,,,,,,,,,-8.17638,8.30071,-2.13079,50,5.1868,9.90879,-119.45144,-2.01606,-11.72325,24.65369,-20.27254,POM_COL,CHA_UNI,PomonaPitzer,D3,Team,20250222-PomonaPitzer-2,a8709050-f17d-11ef-bbfe-3dd3c01fa6e6,81.75281,,,7.68833,,,,,,,eca08de3-b488-4029-965a-0ebe30e993be,2025-02-23,00:32:26.44,2025-02-22T16:32:26.4410000-08:00,2025-02-23T00:32:26.4410000Z,,v3,POM_PIT,,,"Beckley, Brennan",1000118419,Right,CHA_UNI,4a8937e8-63a6-473f-ac7d-00760594ff31,54.28003,-120.33156,12.32684,5.24586,-1.29235,-10.13627,-2.492,10.3273,-5.86162,,,,,,,,,,,,,,,,,,,,,,,,,,,,,,,,,,,,,,,,,,,,,,,,,,,High,High,High,,,,,
267,2025-02-22,16:32:46.07,6,2,"Martin, Pierce",10149967,Right,CHA_UNI,"Kinney, William",1000092038,Right,POM_COL,Undefined,6,Bottom,2,0,1,Fastball,Changeup,BallCalled,Undefined,Undefined,Undefined,0,0,,82.94236,0.591633,-2.457805,2080.117442,209.371746,1:00,5.19267,2.31236,6.0961,-22.55863,18.28588,9.47512,3.86053,0.82727,74.73828,-3.723501,-0.753215,0.459979,,,,,,,,,,,,-5.61063,9.63524,-2.12765,50,5.22636,4.7835,-120.24109,0.64185,-8.10627,26.16936,-18.25296,POM_COL,CHA_UNI,PomonaPitzer,D3,Team,20250222-PomonaPitzer-2,b41907c0-f17d-11ef-bbfe-3dd3c01fa6e6,81.94381,,,8.20408,,,,,,,eca08de3-b488-4029-965a-0ebe30e993be,2025-02-23,00:32:46.07,2025-02-22T16:32:46.0720000-08:00,2025-02-23T00:32:46.0720000Z,,v3,POM_PIT,,,"Beckley, Brennan",1000118419,Right,CHA_UNI,ceb573fb-df69-44be-8855-767d04214c5e,54.39878,-121.19467,13.08468,5.19086,1.30696,-9.12648,-2.30733,5.07888,-4.05314,,,,,,,,,,,,,,,,,,,,,,,,,,,,,,,,,,,,,,,,,,,,,,,,,,,High,High,High,,,,,
268,2025-02-22,16:33:04.79,6,3,"Martin, Pierce",10149967,Right,CHA_UNI,"Kinney, William",1000092038,Right,POM_COL,Undefined,6,Bottom,2,1,1,Fastball,Changeup,InPlay,Undefined,GroundBall,Single,0,1,,82.74466,-1.538947,-3.751017,2070.528236,224.427075,1:30,5.16472,2.26097,6.19186,-25.28312,15.37737,13.72851,1.63356,-0.06309,75.37995,-6.310955,-1.278869,0.458942,88.49643,7.542409,-27.563943,2072.002517,,,,94.00893,92.21311,-28.642568,0.790126,-8.25804,8.82678,-1.98503,50,5.03575,7.35555,-119.95478,-3.93702,-11.96449,24.42611,-19.38555,POM_COL,CHA_UNI,PomonaPitzer,D3,Team,20250222-PomonaPitzer-2,bf3e9390-f17d-11ef-bbfe-3dd3c01fa6e6,82.12902,4.40062,,7.36471,,,,2.38166,1.57135,0.08781,eca08de3-b488-4029-965a-0ebe30e993be,2025-02-23,00:33:04.79,2025-02-22T16:33:04.7900000-08:00,2025-02-23T00:33:04.7900000Z,GroundBall,v3,POM_PIT,,,"Beckley, Brennan",1000118419,Right,CHA_UNI,02b5c870-28c0-4977-bfed-0acd987d34d9,54.30778,-120.82878,12.21305,5.16422,-3.24338,-9.69278,-2.25588,7.78366,-5.98224,,2.42472,113.32534,-15.21815,,,,,,,1.64212,15.81596,-22.75101,,,,,,,0.09637,-59.69244,3.20056,,,,,,,,,,,,,,,,,,,,,,,,,,,,,High,High,High,High,High,,,
269,2025-02-22,16:36:18.96,7,1,"Field, Tyler",1000404671,Right,CHA_UNI,"Legg, Jimmy",1000115608,Left,POM_COL,Undefined,6,Bottom,2,0,0,Fastball,Changeup,StrikeCalled,Undefined,Undefined,Undefined,0,0,,85.38184,-1.495678,-2.661766,1922.52906,207.12739,1:00,5.56902,1.4118,4.91428,-22.96745,17.06493,8.04867,2.23898,-0.43614,77.67625,-5.750851,-1.244944,0.455383,,,,,,,,,,,,-4.7302,9.24847,-1.15883,50,5.40439,5.37775,-123.60704,-4.0329,-7.28873,25.5646,-17.92312,POM_COL,CHA_UNI,PomonaPitzer,D3,Team,20250222-PomonaPitzer-2,32fdc580-f17e-11ef-bbfe-3dd3c01fa6e6,82.77082,,,7.70559,,,,,,,eca08de3-b488-4029-965a-0ebe30e993be,2025-02-23,00:36:18.96,2025-02-22T16:36:18.9600000-08:00,2025-02-23T00:36:18.9600000Z,,v3,POM_PIT,,,"Beckley, Brennan",1000118419,Right,CHA_UNI,ad091f73-ed3b-4664-b9e9-f76e737cf6e3,55.58246,-124.75627,12.7823,5.56758,-3.22719,-8.96156,-1.40795,5.70541,-3.64437,,,,,,,,,,,,,,,,,,,,,,,,,,,,,,,,,,,,,,,,,,,,,,,,,,,High,High,High,,,,,
270,2025-02-22,16:36:35.45,7,2,"Field, Tyler",1000404671,Right,CHA_UNI,"Legg, Jimmy",1000115608,Left,POM_COL,Undefined,6,Bottom,2,0,1,Slider,Curveball,HitByPitch,Undefined,Undefined,Undefined,0,0,,71.32134,0.167169,-2.735012,2428.891545,73.20359,8:30,5.43567,1.59568,4.23251,-61.09267,-2.11358,-13.4252,0.50486,-2.14373,65.65557,-10.665497,-5.071614,0.552739,,,,,,,,,,,,5.68937,-0.56343,-1.28099,50,5.39057,5.46617,-103.21417,-1.87145,6.08788,18.47207,-32.77693,POM_COL,CHA_UNI,PomonaPitzer,D3,Team,20250222-PomonaPitzer-2,3ce3cc70-f17e-11ef-bbfe-3dd3c01fa6e6,68.19205,,,5.66577,,,,,,,eca08de3-b488-4029-965a-0ebe30e993be,2025-02-23,00:36:35.45,2025-02-22T16:36:35.4550000-08:00,2025-02-23T00:36:35.4550000Z,,v3,POM_PIT,,,"Beckley, Brennan",1000118419,Right,CHA_UNI,5572ae7a-0172-4f99-b590-7dcf0c672d59,56.26835,-104.32998,9.23604,5.44381,0.10844,-16.38846,-1.60007,5.09843,3.04394,,,,,,,,,,,,,,,,,,,,,,,,,,,,,,,,,,,,,,,,,,,,,,,,,,,High,High,High,,,,,
271,2025-02-22,16:37:08.64,8,1,"Field, Tyler",1000404671,Right,CHA_UNI,"Ng, JC",1000115591,Left,POM_COL,Undefined,6,Bottom,2,0,0,Fastball,Sinker,StrikeCalled,Undefined,Undefined,Undefined,0,0,,87.07393,-1.685703,-3.25415,2159.114445,241.053999,2:00,5.5901,1.42935,5.01605,-26.4732,11.82123,19.06977,1.79005,-0.056,79.42307,-6.548644,0.110079,0.445389,,,,,,,,,,,,-10.33623,6.71563,-1.13318,50,5.40733,6.28671,-126.07556,-4.6965,-16.60016,26.155,-21.38857,POM_COL,CHA_UNI,PomonaPitzer,D3,Team,20250222-PomonaPitzer-2,509aa4a0-f17e-11ef-bbfe-3dd3c01fa6e6,84.6282,,,7.65085,,,,,,,eca08de3-b488-4029-965a-0ebe30e993be,2025-02-23,00:37:08.64,2025-02-22T16:37:08.6400000-08:00,2025-02-23T00:37:08.6400000Z,,v3,POM_PIT,,,"Beckley, Brennan",1000118419,Right,CHA_UNI,4f1620a1-cef9-4cd4-a59c-d8c4fc1db355,55.48272,-127.20789,13.0775,5.59061,-3.77052,-10.69429,-1.42091,7.00539,-8.30008,,,,,,,,,,,,,,,,,,,,,,,,,,,,,,,,,,,,,,,,,,,,,,,,,,,High,High,High,,,,,
272,2025-02-22,16:37:24.84,8,2,"Field, Tyler",1000404671,Right,CHA_UNI,"Ng, JC",1000115591,Left,POM_COL,Undefined,6,Bottom,2,0,1,Fastball,Sinker,FoulBallNotFieldable,Undefined,Undefined,Undefined,0,0,,87.7363,-1.054315,-2.469403,2262.629205,238.847626,2:00,5.76472,1.06382,4.89286,-26.16564,11.69331,17.26395,2.58591,0.16515,79.92533,-5.858214,0.571301,0.442849,92.5562,30.604406,-35.080944,4763.844181,88.53908,51.76246,-65.27488,283.4455,174.01128,-39.305979,3.743604,-9.24843,6.43859,-0.83713,50,5.63978,4.67902,-127.12367,-3.33257,-15.08314,26.88517,-21.67344,POM_COL,CHA_UNI,PomonaPitzer,D3,Team,20250222-PomonaPitzer-2,5a455040-f17e-11ef-bbfe-3dd3c01fa6e6,85.11352,58.58989,,7.81097,,,,0.4663,2.47334,0.03898,eca08de3-b488-4029-965a-0ebe30e993be,2025-02-23,00:37:24.84,2025-02-22T16:37:24.8450000-08:00,2025-02-23T00:37:24.8450000Z,FlyBall,v3,POM_PIT,,,"Beckley, Brennan",1000118419,Right,CHA_UNI,5699a910-fa34-438c-901f-70b6d459cae0,55.60647,-128.3039,13.44259,5.76519,-2.38114,-10.83672,-1.05706,5.34115,-7.54157,,0.46617,95.62037,-19.36524,4.78064,-1.21803,0.32421,-0.06845,0.00858,-0.00046,2.47407,69.08419,-25.43525,3.20665,-0.39472,-0.08097,0.04528,-0.00765,0.00048,0.03919,-67.15948,10.14204,-2.60067,0.73326,-0.22299,0.05176,-0.00694,0.00039,,,,,,,,,,,,,,,,,,,,,,,High,High,High,Medium,Low,,,
273,2025-02-22,16:37:55.90,8,3,"Field, Tyler",1000404671,Right,CHA_UNI,"Ng, JC",1000115591,Left,POM_COL,Undefined,6,Bottom,2,0,2,Fastball,Four-Seam,InPlay,Undefined,Popup,Out,1,0,,87.51955,-1.978593,-2.688723,2149.640382,209.161917,1:00,5.69355,1.26764,4.84706,-19.69867,18.65966,9.65847,2.176,-0.47485,79.28384,-5.654536,-0.990726,0.44576,,,,,,,,,,,,-5.58646,10.18457,-1.01065,50,5.48196,5.49576,-126.62172,-5.0654,-8.99336,27.88655,-15.77841,POM_COL,CHA_UNI,PomonaPitzer,D3,Team,20250222-PomonaPitzer-2,6cc9ea00-f17e-11ef-bbfe-3dd3c01fa6e6,84.55766,,,8.23572,,,,,,,eca08de3-b488-4029-965a-0ebe30e993be,2025-02-23,00:37:55.90,2025-02-22T16:37:55.9090000-08:00,2025-02-23T00:37:55.9090000Z,,v3,POM_PIT,,,"Beckley, Brennan",1000118419,Right,CHA_UNI,fc9df4f6-d610-48f4-8334-f35f44a64961,55.65071,-127.86015,13.94327,5.69136,-4.36469,-7.88921,-1.26358,5.89515,-4.49668,,,,,,,,,,,,,,,,,,,,,,,,,,,,,,,,,,,,,,,,,,,,,,,,,,,High,High,High,,,,,
274,2025-02-22,16:40:21.85,1,1,"Dennis, Lucas",10274891,Right,POM_COL,"Toporek, Max",1000269511,Right,CHA_UNI,Undefined,7,Top,0,0,0,Slider,Curveball,StrikeCalled,Undefined,Undefined,Undefined,0,0,,74.1065,1.467802,-1.840406,2339.537117,108.544088,9:30,4.66053,1.92912,4.87237,-47.86928,6.1789,-12.37587,2.0614,-0.84435,66.68517,-7.271139,-4.017128,0.529129,,,,,,,,,,,,5.42237,3.16417,-1.73711,50,4.76532,3.94618,-107.13909,1.13895,6.16948,22.15805,-28.5739,POM_COL,CHA_UNI,PomonaPitzer,D3,Team,20250222-PomonaPitzer-2,c3cfe610-f17e-11ef-bbfe-3dd3c01fa6e6,71.23484,,,7.42133,,,,,,,eca08de3-b488-4029-965a-0ebe30e993be,2025-02-23,00:40:21.85,2025-02-22T16:40:21.8580000-08:00,2025-02-23T00:40:21.8580000Z,,v3,POM_PIT,,,"Hattenburg, Xavier",10277269,Right,POM_COL,464a0e52-2a49-48bb-a044-e818eccc3849,55.62232,-108.29563,11.07902,4.66695,2.63037,-14.28695,-1.93468,3.62416,3.08474,,,,,,,,,,,,,,,,,,,,,,,,,,,,,,,,,,,,,,,,,,,,,,,,,,,High,High,High,,,,,
275,2025-02-22,16:40:39.50,1,2,"Dennis, Lucas",10274891,Right,POM_COL,"Toporek, Max",1000269511,Right,CHA_UNI,Undefined,7,Top,0,0,1,Slider,Curveball,BallCalled,Undefined,Undefined,Undefined,0,0,,75.87897,2.662979,-2.80763,2525.68232,69.151488,8:15,4.6588,2.09227,4.92836,-55.52487,-4.54977,-16.38375,2.55391,-1.92924,69.10832,-7.370017,-5.685956,0.513867,,,,,,,,,,,,7.17229,-2.50217,-1.80453,50,4.87269,6.05547,-109.7789,3.14355,8.66268,21.29658,-35.19616,POM_COL,CHA_UNI,PomonaPitzer,D3,Team,20250222-PomonaPitzer-2,ce4ed1a0-f17e-11ef-bbfe-3dd3c01fa6e6,73.35064,,,6.77065,,,,,,,eca08de3-b488-4029-965a-0ebe30e993be,2025-02-23,00:40:39.50,2025-02-22T16:40:39.5000000-08:00,2025-02-23T00:40:39.5000000Z,,v3,POM_PIT,,,"Hattenburg, Xavier",10277269,Right,POM_COL,9145ce88-57ca-4ef4-a431-4946753ff863,55.57146,-110.85447,10.64829,4.66904,4.9211,-17.59808,-2.09931,5.61797,4.33134,,,,,,,,,,,,,,,,,,,,,,,,,,,,,,,,,,,,,,,,,,,,,,,,,,,High,High,High,,,,,
276,2025-02-22,16:40:57.12,1,3,"Dennis, Lucas",10274891,Right,POM_COL,"Toporek, Max",1000269511,Right,CHA_UNI,Undefined,7,Top,0,1,1,Fastball,Changeup,BallCalled,Undefined,Undefined,Undefined,0,0,,85.33441,3.231126,-0.641312,2223.864462,233.280255,1:45,4.85202,1.7013,5.48254,-30.09309,8.95646,10.38875,5.37082,1.96697,77.67963,-2.341729,1.207012,0.449759,,,,,,,,,,,,-5.32252,4.01768,-1.65185,50,5.1156,0.92157,-123.67109,5.9351,-8.25299,24.38778,-25.94432,POM_COL,CHA_UNI,PomonaPitzer,D3,Team,20250222-PomonaPitzer-2,d8d53740-f17e-11ef-bbfe-3dd3c01fa6e6,83.80595,,,7.65479,,,,,,,eca08de3-b488-4029-965a-0ebe30e993be,2025-02-23,00:40:57.12,2025-02-22T16:40:57.1250000-08:00,2025-02-23T00:40:57.1250000Z,,v3,POM_PIT,,,"Hattenburg, Xavier",10277269,Right,POM_COL,81b46175-0d99-453f-ba9b-5d0030c21bc4,55.01335,-124.65579,12.19389,4.85481,6.98265,-12.97216,-1.69579,1.2548,-4.1265,,,,,,,,,,,,,,,,,,,,,,,,,,,,,,,,,,,,,,,,,,,,,,,,,,,High,High,High,,,,,
277,2025-02-22,16:41:23.88,1,4,"Dennis, Lucas",10274891,Right,POM_COL,"Toporek, Max",1000269511,Right,CHA_UNI,Undefined,7,Top,0,2,1,Fastball,Changeup,FoulBallNotFieldable,Undefined,Undefined,Undefined,0,0,,86.01877,0.912865,-1.970175,2137.001292,235.311103,1:45,4.81194,1.649,5.4515,-31.04344,7.74433,9.25209,3.08017,0.57484,77.80175,-4.837452,-0.324232,0.448248,,,,,,,,,,,,-5.25831,4.00799,-1.48165,50,4.87146,3.88648,-124.67977,0.89384,-8.19146,27.48868,-25.93032,POM_COL,CHA_UNI,PomonaPitzer,D3,Team,20250222-PomonaPitzer-2,e8bfec40-f17e-11ef-bbfe-3dd3c01fa6e6,84.08828,,,8.21702,,,,,,,eca08de3-b488-4029-965a-0ebe30e993be,2025-02-23,00:41:23.88,2025-02-22T16:41:23.8840000-08:00,2025-02-23T00:41:23.8840000Z,,v3,POM_PIT,,,"Hattenburg, Xavier",10277269,Right,POM_COL,6b861f94-e51b-4c2d-b52a-b375dab7eb35,55.04604,-125.78737,13.74434,4.8144,1.93865,-12.96516,-1.6449,4.21654,-4.09573,,,,,,,,,,,,,,,,,,,,,,,,,,,,,,,,,,,,,,,,,,,,,,,,,,,High,High,High,,,,,
278,2025-02-22,16:41:49.37,1,5,"Dennis, Lucas",10274891,Right,POM_COL,"Toporek, Max",1000269511,Right,CHA_UNI,Undefined,7,Top,0,2,2,Slider,Curveball,BallCalled,Undefined,Undefined,Undefined,0,0,,76.24002,0.074331,-3.252136,2574.326063,66.244356,8:15,4.74352,1.7705,5.41046,-54.53282,-5.06331,-15.15332,0.26887,-2.54246,70.04083,-9.797493,-5.943182,0.506221,,,,,,,,,,,,6.68335,-2.17264,-1.46979,50,4.71178,6.84623,-110.50255,-1.65383,8.17608,21.64158,-34.83194,POM_COL,CHA_UNI,PomonaPitzer,D3,Team,20250222-PomonaPitzer-2,f7fcfc20-f17e-11ef-bbfe-3dd3c01fa6e6,74.45844,,,6.19918,,,,,,,eca08de3-b488-4029-965a-0ebe30e993be,2025-02-23,00:41:49.37,2025-02-22T16:41:49.3720000-08:00,2025-02-23T00:41:49.3720000Z,,v3,POM_PIT,,,"Hattenburg, Xavier",10277269,Right,POM_COL,db5e02ea-08e2-409f-9470-646e18229afa,55.09146,-111.49523,10.82079,4.751,-0.05611,-17.41597,-1.77522,6.4712,4.08804,,,,,,,,,,,,,,,,,,,,,,,,,,,,,,,,,,,,,,,,,,,,,,,,,,,High,High,High,,,,,
279,2025-02-22,16:42:13.38,1,6,"Dennis, Lucas",10274891,Right,POM_COL,"Toporek, Max",1000269511,Right,CHA_UNI,Undefined,7,Top,0,3,2,Fastball,Sinker,StrikeSwinging,Strikeout,Undefined,Undefined,0,0,,86.78719,0.732102,-2.862155,2218.611367,260.740483,2:45,4.89326,1.59712,5.99509,-32.72805,4.45059,19.72387,2.84524,0.58623,78.88631,-5.356591,0.68202,0.438852,,,,,,,,,,,,-10.92001,2.4589,-1.38203,50,4.93318,5.47846,-125.93248,0.51346,-17.42852,27.04163,-28.24961,POM_COL,CHA_UNI,PomonaPitzer,D3,Team,20250222-PomonaPitzer-2,064090d0-f17f-11ef-bbfe-3dd3c01fa6e6,85.88872,,,7.90088,,,,,,,eca08de3-b488-4029-965a-0ebe30e993be,2025-02-23,00:42:13.38,2025-02-22T16:42:13.3890000-08:00,2025-02-23T00:42:13.3890000Z,,v3,POM_PIT,,,"Hattenburg, Xavier",10277269,Right,POM_COL,09c47e46-51d7-49da-a40b-e472c11d03b6,54.50442,-126.89603,13.52081,4.89696,1.52006,-14.12481,-1.5883,6.09948,-8.71426,,,,,,,,,,,,,,,,,,,,,,,,,,,,,54.37098,3.227924,1.886566,1.341357,-0.83535,2.62839,-0.616,-3.65425,6.30592,3.83195,70.14828,2.36434,-54.635,-3.58901,59.6807,-3.52855,6.36579,15.32387,-13.66688,3.75216,-48.85699,3.9948,High,High,High,,,High,High,High
280,2025-02-22,16:42:43.21,2,1,"Dennis, Lucas",10274891,Right,POM_COL,"Capobianco, Joey",1000268959,Right,CHA_UNI,Undefined,7,Top,1,0,0,Slider,Curveball,StrikeSwinging,Undefined,Undefined,Undefined,0,0,,75.38532,2.541337,-1.620046,2604.450953,73.331684,8:30,4.67567,1.86032,5.36842,-54.48676,-3.7024,-18.09493,2.52045,-1.167,68.54144,-7.403262,-4.831686,0.512904,,,,,,,,,,,,8.51024,-2.08473,-1.70194,50,4.86557,3.79428,-109.22517,3.04023,10.1526,21.47752,-34.66112,POM_COL,CHA_UNI,PomonaPitzer,D3,Team,20250222-PomonaPitzer-2,1814ed60-f17f-11ef-bbfe-3dd3c01fa6e6,73.48823,,,6.84388,,,,,,,eca08de3-b488-4029-965a-0ebe30e993be,2025-02-23,00:42:43.21,2025-02-22T16:42:43.2100000-08:00,2025-02-23T00:42:43.2100000Z,,v3,POM_PIT,,,"Hattenburg, Xavier",10277269,Right,POM_COL,52b1b7db-a732-48fe-ae10-dd154597d6ff,55.13139,-110.22956,10.73876,4.68549,4.66115,-17.33056,-1.86827,3.31949,5.0763,,,,,,,,,,,,,,,,,,,,,,,,,,,,,,,,,,,,,,,,,,,,,,,,,,,High,High,High,,,,,
281,2025-02-22,16:43:01.24,2,2,"Dennis, Lucas",10274891,Right,POM_COL,"Capobianco, Joey",1000268959,Right,CHA_UNI,Undefined,7,Top,1,0,1,Slider,Curveball,StrikeSwinging,Undefined,Undefined,Undefined,0,0,,75.67388,2.10756,-1.54744,2631.470725,75.763264,8:30,4.6997,1.93759,5.21931,-53.52125,-2.92315,-18.1969,2.22281,-1.03412,68.92203,-7.63064,-4.769435,0.511963,,,,,,,,,,,,8.54878,-1.55724,-1.78074,50,4.85455,3.68375,-109.6628,2.22151,10.29342,21.42468,-34.04911,POM_COL,CHA_UNI,PomonaPitzer,D3,Team,20250222-PomonaPitzer-2,22cd1160-f17f-11ef-bbfe-3dd3c01fa6e6,73.62336,,,6.75185,,,,,,,eca08de3-b488-4029-965a-0ebe30e993be,2025-02-23,00:43:01.24,2025-02-22T16:43:01.2440000-08:00,2025-02-23T00:43:01.2440000Z,,v3,POM_PIT,,,"Hattenburg, Xavier",10277269,Right,POM_COL,fe0922f1-baa6-4414-a92d-cf54da03f1d3,55.2805,-110.68964,10.71234,4.70898,3.8534,-17.02456,-1.94547,3.19041,5.14671,,,,,,,,,,,,,,,,,,,,,,,,,,,,,,,,,,,,,,,,,,,,,,,,,,,High,High,High,,,,,
282,2025-02-22,16:43:17.64,2,3,"Dennis, Lucas",10274891,Right,POM_COL,"Capobianco, Joey",1000268959,Right,CHA_UNI,Undefined,7,Top,1,0,2,Slider,Curveball,BallCalled,Undefined,Undefined,Undefined,0,0,,75.81576,0.859416,-0.459964,2721.472479,68.342884,8:15,4.79822,1.92748,4.55253,-59.19389,-7.34571,-23.07037,0.68354,-0.43289,69.05183,-9.737565,-4.507602,0.518249,,,,,,,,,,,,11.11961,-3.36433,-1.85652,50,4.83169,1.84566,-109.8318,-0.54278,13.35553,22.48946,-36.2149,POM_COL,CHA_UNI,PomonaPitzer,D3,Team,20250222-PomonaPitzer-2,2c9e30c0-f17f-11ef-bbfe-3dd3c01fa6e6,72.73041,,,6.76393,,,,,,,eca08de3-b488-4029-965a-0ebe30e993be,2025-02-23,00:43:17.64,2025-02-22T16:43:17.6480000-08:00,2025-02-23T00:43:17.6480000Z,,v3,POM_PIT,,,"Hattenburg, Xavier",10277269,Right,POM_COL,88316e23-15f7-42f9-8521-d82f297a7eb9,55.94934,-111.04332,11.24473,4.80838,1.40814,-18.10745,-1.93657,1.12618,6.67777,,,,,,,,,,,,,,,,,,,,,,,,,,,,,,,,,,,,,,,,,,,,,,,,,,,High,High,High,,,,,
283,2025-02-22,16:43:38.87,2,4,"Dennis, Lucas",10274891,Right,POM_COL,"Capobianco, Joey",1000268959,Right,CHA_UNI,Undefined,7,Top,1,1,2,Slider,Curveball,StrikeSwinging,Strikeout,Undefined,Undefined,0,0,,75.34283,3.272066,-1.558226,2570.251835,76.820814,8:30,4.6907,1.83145,5.43301,-53.43904,-2.81122,-19.10316,3.30621,-1.22011,68.55114,-6.500164,-4.949905,0.512113,,,,,,,,,,,,9.07532,-1.86835,-1.67999,50,4.94419,3.70545,-109.14408,4.4916,10.84387,20.90226,-34.40648,POM_COL,CHA_UNI,PomonaPitzer,D3,Team,20250222-PomonaPitzer-2,393c2bc0-f17f-11ef-bbfe-3dd3c01fa6e6,73.60175,,,6.79169,,,,,,,eca08de3-b488-4029-965a-0ebe30e993be,2025-02-23,00:43:38.87,2025-02-22T16:43:38.8730000-08:00,2025-02-23T00:43:38.8730000Z,,v3,POM_PIT,,,"Hattenburg, Xavier",10277269,Right,POM_COL,4fb93d77-7839-41d8-81aa-131d12143ee2,55.06728,-110.11024,10.45113,4.69982,6.08197,-17.20324,-1.83968,3.20421,5.42193,,,,,,,,,,,,,,,,,,,,,,,,,,,,,66.97695,,,1.028101,,,,-0.80226,6.09763,3.18187,71.29701,3.58629,-53.48251,-0.79413,73.31482,-3.11729,6.12309,12.01341,-14.11963,3.1279,-63.33371,8.11229,High,High,High,,,High,High,High
284,2025-02-22,16:44:11.10,3,1,"Dennis, Lucas",10274891,Right,POM_COL,"Lang, Brad",1000127615,Left,CHA_UNI,Undefined,7,Top,2,0,0,Fastball,Sinker,BallCalled,Undefined,Undefined,Undefined,0,0,,86.23963,2.191956,-1.609514,2245.008861,266.406483,3:00,4.80838,1.93963,5.45928,-35.99061,2.40039,18.25926,3.86274,1.95427,78.34179,-4.429286,1.639591,0.44595,,,,,,,,,,,,-9.58504,0.98032,-1.81038,50,4.97726,2.70578,-125.05604,3.46556,-15.10684,26.33888,-30.62902,POM_COL,CHA_UNI,PomonaPitzer,D3,Team,20250222-PomonaPitzer-2,4c659100-f17f-11ef-bbfe-3dd3c01fa6e6,84.52167,,,7.89784,,,,,,,eca08de3-b488-4029-965a-0ebe30e993be,2025-02-23,00:44:11.10,2025-02-22T16:44:11.1060000-08:00,2025-02-23T00:44:11.1060000Z,,v3,POM_PIT,,,"Hattenburg, Xavier",10277269,Right,POM_COL,35a4dae3-3d61-42b3-bb9b-be3a47300bb5,55.03971,-126.11303,13.16944,4.81352,4.6947,-15.31451,-1.93113,3.31202,-7.55342,,,,,,,,,,,,,,,,,,,,,,,,,,,,,,,,,,,,,,,,,,,,,,,,,,,High,High,High,,,,,
285,2025-02-22,16:44:28.27,3,2,"Dennis, Lucas",10274891,Right,POM_COL,"Lang, Brad",1000127615,Left,CHA_UNI,Undefined,7,Top,2,1,0,Fastball,Sinker,InPlay,Undefined,GroundBall,Out,1,0,,86.35407,0.215859,-3.387052,2210.695488,267.970814,3:00,4.87103,1.69872,5.67297,-36.05813,1.95197,19.60064,2.06779,0.17063,78.6584,-6.424183,0.113177,0.443732,69.62123,-47.445939,66.31155,,,,,4.41781,4.41781,23.15841,0.030044,-11.01505,1.25933,-1.42554,50,4.86639,6.59886,-125.23159,-0.79962,-17.39591,26.59534,-30.18518,POM_COL,CHA_UNI,PomonaPitzer,D3,Team,20250222-PomonaPitzer-2,56a2dfb0-f17f-11ef-bbfe-3dd3c01fa6e6,84.94415,2.26753,,7.69567,,,,3.22545,2.26753,-0.16893,eca08de3-b488-4029-965a-0ebe30e993be,2025-02-23,00:44:28.27,2025-02-22T16:44:28.2720000-08:00,2025-02-23T00:44:28.2720000Z,GroundBall,v3,POM_PIT,,,"Hattenburg, Xavier",10277269,Right,POM_COL,1e6f08b6-157c-46a3-942f-f98569a5ce38,54.8285,-126.25285,13.29767,4.87485,0.35949,-15.09259,-1.69176,7.26686,-8.69795,,3.225,27.83795,,,,,,,,2.26875,-75.47308,,,,,,,,-0.16997,63.45138,,,,,,,,,,,,,,,,,,,,,,,,,,,,,,High,High,High,Estimated,Estimated,,,