PitchNo,Date,Time,PAofInning,PitchofPA,Pitcher,PitcherId,PitcherThrows,PitcherTeam,Batter,BatterId,BatterSide,BatterTeam,PitcherSet,Inning,Top/Bottom,Outs,Balls,Strikes,TaggedPitchType,AutoPitchType,PitchCall,KorBB,TaggedHitType,PlayResult,OutsOnPlay,RunsScored,Notes,RelSpeed,VertRelAngle,HorzRelAngle,SpinRate,SpinAxis,Tilt,RelHeight,RelSide,Extension,VertBreak,InducedVertBreak,HorzBreak,PlateLocHeight,PlateLocSide,ZoneSpeed,VertApprAngle,HorzApprAngle,ZoneTime,ExitSpeed,Angle,Direction,HitSpinRate,PositionAt110X,PositionAt110Y,PositionAt110Z,Distance,LastTrackedDistance,Bearing,HangTime,pfxx,pfxz,x0,y0,z0,vx0,vy0,vz0,ax0,ay0,az0,HomeTeam,AwayTeam,Stadium,Level,League,GameID,PitchUID,EffectiveVelo,MaxHeight,MeasuredDuration,SpeedDrop,PitchLastMeasuredX,PitchLastMeasuredY,PitchLastMeasuredZ,ContactPositionX,ContactPositionY,ContactPositionZ,GameUID,UTCDate,UTCTime,LocalDateTime,UTCDateTime,AutoHitType,System,HomeTeamForeignID,AwayTeamForeignID,GameForeignID,Catcher,CatcherId,CatcherThrows,CatcherTeam,PlayID,PitchTrajectoryXc0,PitchTrajectoryXc1,PitchTrajectoryXc2,PitchTrajectoryYc0,PitchTrajectoryYc1,PitchTrajectoryYc2,PitchTrajectoryZc0,PitchTrajectoryZc1,PitchTrajectoryZc2,HitSpinAxis,HitTrajectoryXc0,HitTrajectoryXc1,HitTrajectoryXc2,HitTrajectoryXc3,HitTrajectoryXc4,HitTrajectoryXc5,HitTrajectoryXc6,HitTrajectoryXc7,HitTrajectoryXc8,HitTrajectoryYc0,HitTrajectoryYc1,HitTrajectoryYc2,HitTrajectoryYc3,HitTrajectoryYc4,HitTrajectoryYc5,HitTrajectoryYc6,HitTrajectoryYc7,HitTrajectoryYc8,HitTrajectoryZc0,HitTrajectoryZc1,HitTrajectoryZc2,HitTrajectoryZc3,HitTrajectoryZc4,HitTrajectoryZc5,HitTrajectoryZc6,HitTrajectoryZc7,HitTrajectoryZc8,ThrowSpeed,PopTime,ExchangeTime,TimeToBase,CatchPositionX,CatchPositionY,CatchPositionZ,ThrowPositionX,ThrowPositionY,ThrowPositionZ,BasePositionX,BasePositionY,BasePositionZ,ThrowTrajectoryXc0,ThrowTrajectoryXc1,ThrowTrajectoryXc2,ThrowTrajectoryYc0,ThrowTrajectoryYc1,ThrowTrajectoryYc2,ThrowTrajectoryZc0,ThrowTrajectoryZc1,ThrowTrajectoryZc2,PitchReleaseConfidence,PitchLocationConfidence,PitchMovementConfidence,HitLaunchConfidence,HitLandingConfidence,CatcherThrowCatchConfidence,CatcherThrowReleaseConfidence,CatcherThrowLocationConfidence
1,2025-01-31,14:03:04.64,1,1,"Cohen, Ben",1000115643,Right,POM_COL,"Gonzaga, Kai",10138924,Left,POM_COL,Undefined,1,Top,0,0,0,Fastball,Sinker,BallCalled,Undefined,Undefined,Undefined,0,0,,86.71885,-1.484112,-2.351872,2173.042544,233.055065,1:45,6.05327,2.37795,4.07048,-24.10344,16.22072,19.61855,2.61797,1.75309,78.2743,-5.892105,1.051874,0.45704,,,,,,,,,,,,-10.05012,8.6265,-2.13642,50,5.86166,4.14466,-125.3082,-4.20936,-15.80386,27.92284,-18.60886,POM_COL,POM_COL,PomonaPitzer,TeamExclusive,Team,20250131-PomonaPitzer-Private-1,25b101a0-e01f-11ef-8ec6-fd2c1b208846,82.47081,,,8.44455,,,,,,,1bbb3642-f57c-4a84-8684-13f7541aee08,2025-01-31,22:03:04.64,2025-01-31T14:03:04.6465126-08:00,2025-01-31T22:03:04.6465126Z,,v3,POM_PIT,POM_PIT,,"Lee, Sammy",1000276388,Right,POM_COL,a5d0dea4-2c8c-4fa4-b17e-40943eb16231,56.42562,-126.73195,13.96142,6.0521,-3.26052,-9.30443,-2.36829,4.95048,-7.90193,,,,,,,,,,,,,,,,,,,,,,,,,,,,,,,,,,,,,,,,,,,,,,,,,,,High,High,High,,,,,
2,2025-01-31,14:03:17.90,1,2,"Cohen, Ben",1000115643,Right,POM_COL,"Gonzaga, Kai",10138924,Left,POM_COL,Undefined,1,Top,0,1,0,Fastball,Changeup,BallCalled,Undefined,Undefined,Undefined,0,0,,84.7774,0.534628,-1.804901,2173.190276,231.187679,1:45,6.14027,2.34852,4.00916,-26.85655,15.32174,17.19584,4.41646,2.04578,76.50174,-4.366702,1.174519,0.467429,,,,,,,,,,,,-8.66111,7.56489,-2.16402,50,6.17271,2.99046,-122.56656,0.07411,-13.05617,26.26819,-20.77034,POM_COL,POM_COL,PomonaPitzer,TeamExclusive,Team,20250131-PomonaPitzer-Private-1,2d8d2ed0-e01f-11ef-8ec6-fd2c1b208846,80.63776,,,8.27566,,,,,,,1bbb3642-f57c-4a84-8684-13f7541aee08,2025-01-31,22:03:17.90,2025-01-31T14:03:17.9086950-08:00,2025-01-31T22:03:17.9086950Z,,v3,POM_PIT,POM_PIT,,"Lee, Sammy",1000276388,Right,POM_COL,8934626e-5431-47a3-9513-33b692a9d7ed,56.48566,-123.94876,13.13409,6.14005,1.16701,-10.38517,-2.33945,3.67746,-6.52809,,,,,,,,,,,,,,,,,,,,,,,,,,,,,,,,,,,,,,,,,,,,,,,,,,,High,High,High,,,,,
3,2025-01-31,14:03:33.99,1,3,"Cohen, Ben",1000115643,Right,POM_COL,"Gonzaga, Kai",10138924,Left,POM_COL,Undefined,1,Top,0,2,0,Fastball,Changeup,BallCalled,Undefined,Undefined,Undefined,0,0,,85.32867,-3.435201,-2.984158,2133.527007,222.605674,1:30,6.00887,2.37604,3.94738,-25.33222,16.57178,13.84339,0.58325,0.65501,77.40567,-8.020328,-0.58844,0.465907,,,,,,,,,,,,-7.53154,9.37788,-2.05095,50,5.58756,5.731,-123.07792,-8.4153,-11.45019,26.45122,-17.91684,POM_COL,POM_COL,PomonaPitzer,TeamExclusive,Team,20250131-PomonaPitzer-Private-1,373a4b70-e01f-11ef-8ec6-fd2c1b208846,80.90124,,,7.923,,,,,,,1bbb3642-f57c-4a84-8684-13f7541aee08,2025-01-31,22:03:33.99,2025-01-31T14:03:33.9923558-08:00,2025-01-31T22:03:33.9923558Z,,v3,POM_PIT,POM_PIT,,"Lee, Sammy",1000276388,Right,POM_COL,024550f2-974e-45e1-b4af-400eb7ee1c7d,56.55019,-124.47769,13.22561,6.0078,-7.46716,-8.95842,-2.37026,6.33693,-5.7251,,,,,,,,,,,,,,,,,,,,,,,,,,,,,,,,,,,,,,,,,,,,,,,,,,,High,High,High,,,,,
4,2025-01-31,14:03:55.62,1,4,"Cohen, Ben",1000115643,Right,POM_COL,"Gonzaga, Kai",10138924,Left,POM_COL,Undefined,1,Top,0,3,0,Fastball,Changeup,StrikeCalled,Undefined,Undefined,Undefined,0,0,,85.98259,-1.484618,-3.117862,2154.577978,234.99738,1:45,6.01832,2.4088,4.16728,-26.02927,14.46304,18.73056,2.42365,0.97797,78.41231,-6.209732,0.135061,0.457992,,,,,,,,,,,,-9.8063,7.75115,-2.08453,50,5.82728,5.83875,-124.35599,-4.27405,-15.35174,25.00202,-20.03966,POM_COL,POM_COL,PomonaPitzer,TeamExclusive,Team,20250131-PomonaPitzer-Private-1,441687f0-e01f-11ef-8ec6-fd2c1b208846,82.2994,,,7.57028,,,,,,,1bbb3642-f57c-4a84-8684-13f7541aee08,2025-01-31,22:03:55.62,2025-01-31T14:03:55.6271206-08:00,2025-01-31T22:03:55.6271206Z,,v3,POM_PIT,POM_PIT,,"Lee, Sammy",1000276388,Right,POM_COL,a90ea7fa-3e0e-447a-9794-781b19b4697e,56.33043,-125.62229,12.50101,6.01805,-3.25908,-10.01983,-2.39994,6.61628,-7.67587,,,,,,,,,,,,,,,,,,,,,,,,,,,,,,,,,,,,,,,,,,,,,,,,,,,High,High,High,,,,,
5,2025-01-31,14:04:11.81,1,5,"Cohen, Ben",1000115643,Right,POM_COL,"Gonzaga, Kai",10138924,Left,POM_COL,Undefined,1,Top,0,3,1,Fastball,Changeup,BallCalled,Walk,Undefined,Undefined,0,0,,85.09324,-0.167627,-2.577457,2114.320793,220.671986,1:15,6.04358,2.36594,3.96208,-24.35627,17.59513,13.83993,3.85244,1.03763,76.82357,-4.626561,-0.183215,0.46617,,,,,,,,,,,,-7.31461,8.84052,-2.08791,50,5.99877,4.83236,-122.96035,-1.31656,-11.10584,26.26557,-18.75141,POM_COL,POM_COL,PomonaPitzer,TeamExclusive,Team,20250131-PomonaPitzer-Private-1,4db99270-e01f-11ef-8ec6-fd2c1b208846,80.85551,,,8.26966,,,,,,,1bbb3642-f57c-4a84-8684-13f7541aee08,2025-01-31,22:04:11.81,2025-01-31T14:04:11.8145638-08:00,2025-01-31T22:04:11.8145638Z,,v3,POM_PIT,POM_PIT,,"Lee, Sammy",1000276388,Right,POM_COL,55cd41d1-6d09-4380-84e2-990c8e01131f,56.53279,-124.348,13.13279,6.04216,-0.3259,-9.3757,-2.35871,5.41909,-5.55292,,,,,,,,,,,,,,,,,,,,,,,,,,,,,,,,,,,,,,,,,,,,,,,,,,,High,High,High,,,,,
6,2025-01-31,14:05:14.37,2,1,"Cohen, Ben",1000115643,Right,POM_COL,"Ng, JC",1000115591,Left,POM_COL,Undefined,1,Top,0,0,0,Fastball,Changeup,BallCalled,Undefined,Undefined,Undefined,0,0,,86.32392,-2.064934,-2.425653,2168.283677,236.097364,1:45,6.07263,2.36169,3.98465,-24.89718,15.71127,21.28273,2.00922,1.80091,78.44664,-6.583423,1.26191,0.458648,,,,,,,,,,,,-10.81485,8.50111,-2.11079,50,5.81086,4.2041,-124.78586,-5.51501,-16.96636,26.296,-18.83749,POM_COL,POM_COL,PomonaPitzer,TeamExclusive,Team,20250131-PomonaPitzer-Private-1,7306acc0-e01f-11ef-8ec6-fd2c1b208846,82.18163,,,7.87728,,,,,,,1bbb3642-f57c-4a84-8684-13f7541aee08,2025-01-31,22:05:14.37,2025-01-31T14:05:14.3756902-08:00,2025-01-31T22:05:14.3756902Z,,v3,POM_PIT,POM_PIT,,"Lee, Sammy",1000276388,Right,POM_COL,83b10684-c481-4117-8acd-a1998d7dfad1,56.513,-126.15087,13.148,6.07177,-4.53716,-9.41874,-2.35189,5.08482,-8.48318,,,,,,,,,,,,,,,,,,,,,,,,,,,,,,,,,,,,,,,,,,,,,,,,,,,High,High,High,,,,,
7,2025-01-31,14:05:29.50,2,2,"Cohen, Ben",1000115643,Right,POM_COL,"Ng, JC",1000115591,Left,POM_COL,Undefined,1,Top,0,1,0,Fastball,Four-Seam,BallCalled,Undefined,Undefined,Undefined,1,0,,87.19543,-0.523698,-2.820565,2198.709211,223.435596,1:30,6.01947,2.20728,4.01279,-20.68785,19.20981,16.84056,3.79144,0.89709,78.66059,-4.341816,0.09488,0.454616,,,,,,,,,,,,-8.83016,9.7078,-1.90725,50,5.93892,5.33638,-125.99248,-1.95132,-14.07104,27.66514,-16.70448,POM_COL,POM_COL,PomonaPitzer,TeamExclusive,Team,20250131-PomonaPitzer-Private-1,7c06e790-e01f-11ef-8ec6-fd2c1b208846,82.91041,,,8.53484,,,,,,,1bbb3642-f57c-4a84-8684-13f7541aee08,2025-01-31,22:05:29.50,2025-01-31T14:05:29.5010406-08:00,2025-01-31T22:05:29.5010406Z,,v3,POM_PIT,POM_PIT,,"Lee, Sammy",1000276388,Right,POM_COL,e4fdc76b-9e2b-4cfd-b15e-7a0980be430b,56.48284,-127.40802,13.83257,6.01689,-1.09661,-8.35224,-2.19872,6.05635,-7.03552,,,,,,,,,,,,,,,,,,,,,,,,,,,,,,,,,,,,,,,,,,,,,,,,,,,High,High,High,,,,,
8,2025-01-31,14:06:16.24,2,3,"Cohen, Ben",1000115643,Right,POM_COL,"Ng, JC",1000115591,Left,POM_COL,Undefined,1,Top,1,2,0,Fastball,Sinker,BallCalled,Undefined,Undefined,Undefined,0,0,,86.31808,-1.168312,-2.23557,2156.696873,235.642565,1:45,6.11783,2.23444,3.99257,-25.61801,14.71036,19.59351,2.85849,1.71633,78.81024,-5.806702,1.159509,0.457064,,,,,,,,,,,,-9.9439,7.72733,-2.00346,50,5.95754,3.88806,-124.94209,-3.60411,-15.72929,25.01255,-19.95092,POM_COL,POM_COL,PomonaPitzer,TeamExclusive,Team,20250131-PomonaPitzer-Private-1,97da5150-e01f-11ef-8ec6-fd2c1b208846,82.46649,,,7.50784,,,,,,,1bbb3642-f57c-4a84-8684-13f7541aee08,2025-01-31,22:06:16.24,2025-01-31T14:06:16.2423398-08:00,2025-01-31T22:06:16.2423398Z,,v3,POM_PIT,POM_PIT,,"Lee, Sammy",1000276388,Right,POM_COL,1a9ac9ad-be25-4733-8f9d-d25d5ec87130,56.50596,-126.23782,12.50628,6.11747,-2.57059,-9.97546,-2.22598,4.70289,-7.86465,,,,,,,,,,,,,,,,,,,,,,,,,,,,,,,,,,,,,,,,,,,,,,,,,,,High,High,High,,,,,
9,2025-01-31,14:06:33.51,2,4,"Cohen, Ben",1000115643,Right,POM_COL,"Ng, JC",1000115591,Left,POM_COL,Undefined,1,Top,1,3,0,Fastball,Sinker,FoulBallNotFieldable,Undefined,Undefined,Undefined,0,0,,86.68369,-2.078108,-2.776856,2241.603546,231.600468,1:45,6.05155,2.32744,3.97344,-23.49982,16.81784,19.44454,2.09092,1.27446,78.69963,-6.356381,0.589767,0.457003,69.60007,54.311291,-31.217997,3344.929517,,,,,71.24606,,,-10.12111,9.03812,-2.03405,50,5.7894,5.09813,-125.27525,-5.50025,-15.99434,26.62856,-17.89113,POM_COL,POM_COL,PomonaPitzer,TeamExclusive,Team,20250131-PomonaPitzer-Private-1,a227a590-e01f-11ef-8ec6-fd2c1b208846,82.47747,83.77319,,7.98406,,,,0.48281,2.03731,-1.25337,1bbb3642-f57c-4a84-8684-13f7541aee08,2025-01-31,22:06:33.51,2025-01-31T14:06:33.5108710-08:00,2025-01-31T22:06:33.5108710Z,,v3,POM_PIT,POM_PIT,,"Lee, Sammy",1000276388,Right,POM_COL,247779ac-0972-4260-b4d2-3e4cca2ecbb7,56.52519,-126.65465,13.31428,6.05032,-4.57345,-8.94556,-2.3196,5.92667,-7.99717,157.421775,0.48281,50.92854,-14.78438,3.95934,-0.95473,0.38715,-0.25261,0.11592,-0.02193,2.03731,82.90905,-21.34365,1.76725,-0.16533,-0.19443,0.22606,-0.11377,0.02175,-1.25337,-30.86529,1.13865,-0.29913,0.07031,-0.02724,0.01732,-0.00791,0.0015,,,,,,,,,,,,,,,,,,,,,,,High,High,High,High,Undefined,,,
10,2025-01-31,14:07:13.58,2,5,"Cohen, Ben",1000115643,Right,POM_COL,"Ng, JC",1000115591,Left,POM_COL,Undefined,1,Top,1,3,1,Fastball,Sinker,BallCalled,Walk,Undefined,Undefined,0,0,,87.50546,-0.863147,-2.413726,2223.167296,231.206249,1:45,6.09263,2.18771,4.0152,-23.37993,16.20505,18.40788,3.31381,1.40014,79.0607,-5.139614,0.775844,0.452831,,,,,,,,,,,,-9.45119,8.38717,-1.93581,50,5.9704,4.37695,-126.48452,-2.85125,-15.1788,27.87645,-18.70403,POM_COL,POM_COL,PomonaPitzer,TeamExclusive,Team,20250131-PomonaPitzer-Private-1,ba0ac250-e01f-11ef-8ec6-fd2c1b208846,83.23726,,,8.44476,,,,,,,1bbb3642-f57c-4a84-8684-13f7541aee08,2025-01-31,22:07:13.58,2025-01-31T14:07:13.5802470-08:00,2025-01-31T22:07:13.5802470Z,,v3,POM_PIT,POM_PIT,,"Lee, Sammy",1000276388,Right,POM_COL,225277e8-bf3c-4f41-a04a-ec4857dd5526,56.48083,-127.90488,13.93823,6.09139,-1.89824,-9.35201,-2.17852,5.15034,-7.5894,,,,,,,,,,,,,,,,,,,,,,,,,,,,,,,,,,,,,,,,,,,,,,,,,,,High,High,High,,,,,
11,2025-01-31,14:07:44.19,3,1,"Cohen, Ben",1000115643,Right,POM_COL,"Gold, Jack",1000108729,Left,POM_COL,Undefined,1,Top,1,0,0,Fastball,Sinker,BallCalled,Undefined,Undefined,Undefined,0,0,,87.00758,-3.480803,-3.77094,2191.865657,234.389542,1:45,6.06842,2.25148,3.94828,-24.16612,16.32749,20.67249,0.6932,0.33973,78.56406,-7.871849,-0.196605,0.457999,,,,,,,,,,,,-11.06099,9.30107,-1.84444,50,5.64298,7.21445,-125.36115,-8.62298,-17.38507,28.25607,-17.5551,POM_COL,POM_COL,PomonaPitzer,TeamExclusive,Team,20250131-PomonaPitzer-Private-1,cc4a8ae0-e01f-11ef-8ec6-fd2c1b208846,82.29805,,,8.44352,,,,,,,1bbb3642-f57c-4a84-8684-13f7541aee08,2025-01-31,22:07:44.19,2025-01-31T14:07:44.1931366-08:00,2025-01-31T22:07:44.1931366Z,,v3,POM_PIT,POM_PIT,,"Lee, Sammy",1000276388,Right,POM_COL,89539e48-79ff-48b8-b468-59b7d08e6609,56.54963,-126.82882,14.12804,6.0672,-7.71114,-8.77755,-2.24262,8.11746,-8.69254,,,,,,,,,,,,,,,,,,,,,,,,,,,,,,,,,,,,,,,,,,,,,,,,,,,High,High,High,,,,,
12,2025-01-31,14:08:06.10,3,2,"Cohen, Ben",1000115643,Right,POM_COL,"Gold, Jack",1000108729,Left,POM_COL,Undefined,1,Top,1,1,0,Fastball,Sinker,InPlay,Undefined,FlyBall,Out,1,0,,87.93635,-1.807565,-3.619689,2175.595603,229.308076,1:45,6.04151,2.25682,4.05599,-24.12678,15.51835,16.24351,2.29067,0.12898,78.72494,-6.229696,-0.807123,0.453176,86.74771,44.237645,-3.024894,,108.99824,98.13386,-14.81137,265.21516,251.3949,-13.820922,5.469223,-8.98201,8.44989,-1.86797,50,5.81282,7.18766,-126.77705,-4.98225,-14.337,30.56816,-18.68644,POM_COL,POM_COL,PomonaPitzer,TeamExclusive,Team,20250131-PomonaPitzer-Private-1,d95aa8a0-e01f-11ef-8ec6-fd2c1b208846,83.17403,110.49258,,9.21141,,,,0.67061,2.34376,-0.12837,1bbb3642-f57c-4a84-8684-13f7541aee08,2025-01-31,22:08:06.10,2025-01-31T14:08:06.1017702-08:00,2025-01-31T22:08:06.1017702Z,FlyBall,v3,POM_PIT,POM_PIT,,"Lee, Sammy",1000276388,Right,POM_COL,b6152614-c4e7-4578-a022-bc61453fdb7f,56.43996,-128.32044,15.28408,6.04055,-4.03877,-9.34322,-2.24915,7.91154,-7.1685,166.387882,0.67715,90.89386,-24.11845,6.53429,-1.08457,0.06321,0.0124,-0.00244,0.00012,2.33893,88.8419,-20.79963,1.11235,0.04973,-0.07569,0.0236,-0.00338,0.00018,-0.12721,-4.83316,-3.35718,0.79139,-0.09475,-0.00684,0.00426,-0.00055,2E-05,,,,,,,,,,,,,,,,,,,,,,,High,High,High,Medium,Medium,,,
13,2025-01-31,14:08:39.95,4,1,"Cohen, Ben",1000115643,Right,POM_COL,"Pierantoni, Greg",1000091552,Right,POM_COL,Undefined,1,Top,2,0,0,Fastball,Four-Seam,FoulBallNotFieldable,Undefined,Undefined,Undefined,0,0,,86.45013,-0.850339,-3.520101,2109.756429,224.184001,1:30,6.23458,2.11,4.16554,-21.85371,18.61643,16.66493,3.59668,0.12004,77.90817,-4.884268,-0.6297,0.457866,,,,,,,,,,,,-9.0578,9.60201,-1.73886,50,6.11878,6.84421,-124.8445,-2.68803,-14.14661,27.57834,-17.17746,POM_COL,POM_COL,PomonaPitzer,TeamExclusive,Team,20250131-PomonaPitzer-Private-1,ed8662b0-e01f-11ef-8ec6-fd2c1b208846,82.32192,,,8.54196,,,,,,,1bbb3642-f57c-4a84-8684-13f7541aee08,2025-01-31,22:08:39.95,2025-01-31T14:08:39.9519846-08:00,2025-01-31T22:08:39.9519846Z,,v3,POM_PIT,POM_PIT,,"Lee, Sammy",1000276388,Right,POM_COL,13884063-8d25-459b-aae6-084231338430,56.33083,-126.23524,13.78917,6.23249,-1.82179,-8.58873,-2.10199,7.5576,-7.0733,,,,,,,,,,,,,,,,,,,,,,,,,,,,,,,,,,,,,,,,,,,,,,,,,,,High,High,High,,,,,
14,2025-01-31,14:08:58.51,4,2,"Cohen, Ben",1000115643,Right,POM_COL,"Pierantoni, Greg",1000091552,Right,POM_COL,Undefined,1,Top,2,0,1,Curveball,Curveball,BallCalled,Undefined,Undefined,Undefined,0,0,,72.4095,4.960691,1.02835,1840.457468,41.430722,7:30,6.2921,2.06533,3.53609,-61.91799,-3.02429,-4.40217,5.95503,2.69569,65.58245,-5.987003,0.273537,0.552339,,,,,,,,,,,,2.33421,-2.17902,-2.18447,50,6.81943,-1.67488,-104.37052,6.62002,2.56558,18.15044,-34.56906,POM_COL,POM_COL,PomonaPitzer,TeamExclusive,Team,20250131-PomonaPitzer-Private-1,f89c5e20-e01f-11ef-8ec6-fd2c1b208846,68.24148,,,6.82705,,,,,,,1bbb3642-f57c-4a84-8684-13f7541aee08,2025-01-31,22:08:58.51,2025-01-31T14:08:58.5134182-08:00,2025-01-31T22:08:58.5134182Z,,v3,POM_PIT,POM_PIT,,"Lee, Sammy",1000276388,Right,POM_COL,f7659d29-ec05-422e-8e64-50cf48029343,56.96161,-105.57423,9.07522,6.30438,8.91259,-17.28453,-2.06775,-1.84502,1.28279,,,,,,,,,,,,,,,,,,,,,,,,,,,,,,,,,,,,,,,,,,,,,,,,,,,High,High,High,,,,,
15,2025-01-31,14:09:18.31,4,3,"Cohen, Ben",1000115643,Right,POM_COL,"Pierantoni, Greg",1000091552,Right,POM_COL,Undefined,1,Top,2,1,1,Slider,Curveball,BallCalled,Undefined,Undefined,Undefined,0,0,,72.97629,2.732134,-0.292614,1874.974414,51.730286,7:45,6.31908,1.99709,3.61468,-61.47066,-3.77729,-7.28343,3.84393,1.10681,66.37467,-8.138924,-1.546759,0.546682,,,,,,,,,,,,3.30744,-1.93677,-1.95222,50,6.57236,0.86528,-105.45599,2.60526,3.69684,19.17899,-34.33887,POM_COL,POM_COL,PomonaPitzer,TeamExclusive,Team,20250131-PomonaPitzer-Private-1,04688a30-e020-11ef-8ec6-fd2c1b208846,68.9477,,,6.60162,,,,,,,1bbb3642-f57c-4a84-8684-13f7541aee08,2025-01-31,22:09:18.31,2025-01-31T14:09:18.3104614-08:00,2025-01-31T22:09:18.3104614Z,,v3,POM_PIT,POM_PIT,,"Lee, Sammy",1000276388,Right,POM_COL,fd816571-e13b-4ec9-9613-c514b50f9510,56.88334,-106.7005,9.5895,6.33101,4.83348,-17.16944,-2.00059,0.62539,1.84842,,,,,,,,,,,,,,,,,,,,,,,,,,,,,,,,,,,,,,,,,,,,,,,,,,,High,High,High,,,,,
16,2025-01-31,14:09:36.10,4,4,"Cohen, Ben",1000115643,Right,POM_COL,"Pierantoni, Greg",1000091552,Right,POM_COL,Undefined,1,Top,2,2,1,Fastball,Sinker,BallCalled,Undefined,Undefined,Undefined,0,0,,86.70081,-1.12872,-4.896469,2281.113638,230.132529,1:45,6.19906,1.98445,4.2373,-23.74537,16.4028,17.9208,3.13557,-1.22133,78.34238,-5.482795,-1.792079,0.456041,,,,,,,,,,,,-10.01709,8.62532,-1.46712,50,6.05177,9.80992,-125.03743,-3.39643,-15.74759,26.85751,-18.6144,POM_COL,POM_COL,PomonaPitzer,TeamExclusive,Team,20250131-PomonaPitzer-Private-1,0efea740-e020-11ef-8ec6-fd2c1b208846,82.65134,,,8.35843,,,,,,,1bbb3642-f57c-4a84-8684-13f7541aee08,2025-01-31,22:09:36.10,2025-01-31T14:09:36.1033830-08:00,2025-01-31T22:09:36.1033830Z,,v3,POM_PIT,POM_PIT,,"Lee, Sammy",1000276388,Right,POM_COL,3ef94b83-ae39-43a0-9deb-de949a1441b5,56.25905,-126.3747,13.42876,6.19781,-2.46959,-9.3072,-1.97509,10.59401,-7.87379,,,,,,,,,,,,,,,,,,,,,,,,,,,,,,,,,,,,,,,,,,,,,,,,,,,High,High,High,,,,,
17,2025-01-31,14:09:57.35,4,5,"Cohen, Ben",1000115643,Right,POM_COL,"Pierantoni, Greg",1000091552,Right,POM_COL,Undefined,1,Top,2,3,1,Fastball,Sinker,FoulBallNotFieldable,Undefined,Undefined,Undefined,0,0,,87.3848,-1.363083,-4.291822,2200.856635,226.06883,1:30,6.15851,2.06927,4.16387,-23.4882,15.83068,15.06308,2.89052,-0.79755,79.5381,-5.645129,-1.682821,0.451307,,,,,,,,,,,,-8.42784,8.36284,-1.61035,50,5.98345,8.71658,-126.21775,-3.95315,-13.58621,25.85406,-18.69263,POM_COL,POM_COL,PomonaPitzer,TeamExclusive,Team,20250131-PomonaPitzer-Private-1,1ba9c1a0-e020-11ef-8ec6-fd2c1b208846,83.51842,,,7.8467,,,,,,,1bbb3642-f57c-4a84-8684-13f7541aee08,2025-01-31,22:09:57.35,2025-01-31T14:09:57.3554790-08:00,2025-01-31T22:09:57.3554790Z,,v3,POM_PIT,POM_PIT,,"Lee, Sammy",1000276388,Right,POM_COL,a67ad04c-86a0-4b21-83ec-d018a76937f8,56.3342,-127.50863,12.92703,6.15753,-3.01984,-9.34632,-2.0625,9.39493,-6.7931,,,,,,,,,,,,,,,,,,,,,,,,,,,,,,,,,,,,,,,,,,,,,,,,,,,High,High,High,,,,,
18,2025-01-31,14:10:17.03,4,6,"Cohen, Ben",1000115643,Right,POM_COL,"Pierantoni, Greg",1000091552,Right,POM_COL,Undefined,1,Top,2,3,2,Fastball,Sinker,FoulBallNotFieldable,Undefined,Undefined,Undefined,0,0,,86.69438,-1.703615,-2.723891,2110.009107,222.271862,1:30,6.19307,1.95184,4.01481,-23.0336,17.02883,14.26229,2.63366,0.52004,78.99711,-5.897417,-0.25351,0.455554,87.33425,4.074944,-45.727682,4382.180173,,,,95.96477,88.77567,-51.36267,0.797108,-7.64028,9.0163,-1.66003,50,5.97568,5.25918,-125.39334,-4.66188,-12.14622,25.71312,-17.84028,POM_COL,POM_COL,PomonaPitzer,TeamExclusive,Team,20250131-PomonaPitzer-Private-1,276572f0-e020-11ef-8ec6-fd2c1b208846,82.73978,4.1796,,7.69727,,,,1.88966,3.03195,-1.07645,1bbb3642-f57c-4a84-8684-13f7541aee08,2025-01-31,22:10:17.03,2025-01-31T14:10:17.0376806-08:00,2025-01-31T22:10:17.0376806Z,GroundBall,v3,POM_PIT,POM_PIT,,"Lee, Sammy",1000276388,Right,POM_COL,f084584f-03c0-4d12-b35e-20ffa333c896,56.48452,-126.71607,12.85656,6.19189,-3.74414,-8.92014,-1.94665,5.88401,-6.07311,,1.88966,89.18968,-22.06604,2.07941,-0.26793,0.03344,0.00315,-0.00211,0.00029,3.03195,9.10224,-18.99667,4.04833,-0.79675,0.19996,-0.04711,0.00855,-0.00097,-1.07645,-91.48445,-1.25868,-0.38606,0.10702,-0.03002,0.0081,-0.00164,0.0002,,,,,,,,,,,,,,,,,,,,,,,High,High,High,Medium,High,,,
19,2025-01-31,14:10:39.00,4,7,"Cohen, Ben",1000115643,Right,POM_COL,"Pierantoni, Greg",1000091552,Right,POM_COL,Undefined,1,Top,2,3,2,ChangeUp,Changeup,BallCalled,Walk,Undefined,Undefined,0,0,,74.26164,2.991966,-2.534245,1548.529524,256.648028,2:30,6.20295,2.27657,4.36254,-49.31451,5.06441,13.37198,4.95669,0.96865,67.13016,-5.913623,-0.205682,0.530746,,,,,,,,,,,,-7.1493,2.1498,-2.01873,50,6.47599,4.1708,-107.26057,3.82638,-8.25927,19.99898,-29.69047,POM_COL,POM_COL,PomonaPitzer,TeamExclusive,Team,20250131-PomonaPitzer-Private-1,348484d0-e020-11ef-8ec6-fd2c1b208846,71.01783,,,7.13148,,,,,,,1bbb3642-f57c-4a84-8684-13f7541aee08,2025-01-31,22:10:39.00,2025-01-31T14:10:39.0091366-08:00,2025-01-31T22:10:39.0091366Z,,v3,POM_PIT,POM_PIT,,"Lee, Sammy",1000276388,Right,POM_COL,165ffb35-9a86-4e57-839b-8d155cca33c9,56.13331,-108.39811,9.99949,6.21032,5.51517,-14.84523,-2.26932,4.64059,-4.12964,,,,,,,,,,,,,,,,,,,,,,,,,,,,,,,,,,,,,,,,,,,,,,,,,,,High,High,High,,,,,
20,2025-01-31,14:11:03.46,5,1,"Cohen, Ben",1000115643,Right,POM_COL,"Berry, Cooper",1000276381,Left,POM_COL,Undefined,1,Top,2,0,0,Fastball,Changeup,InPlay,Undefined,LineDrive,Single,1,1,,86.50519,-1.806839,-3.432977,2101.428679,237.113961,2:00,6.08509,2.17222,3.91195,-28.77757,11.95938,16.24682,1.94319,0.21604,78.37186,-6.994602,-0.625036,0.459373,83.14151,17.808595,22.796462,2071.62275,98.94521,22.38678,48.06026,219.81047,219.81047,29.014376,2.406708,-8.77626,6.64807,-1.79656,50,5.84509,6.66756,-124.88764,-5.16195,-13.74463,27.11923,-21.76236,POM_COL,POM_COL,PomonaPitzer,TeamExclusive,Team,20250131-PomonaPitzer-Private-1,43152810-e020-11ef-8ec6-fd2c1b208846,82.05188,22.4669,,8.13333,,,,0.80857,1.85513,-0.24178,1bbb3642-f57c-4a84-8684-13f7541aee08,2025-01-31,22:11:03.46,2025-01-31T14:11:03.4601062-08:00,2025-01-31T22:11:03.4601062Z,LineDrive,v3,POM_PIT,POM_PIT,,"Lee, Sammy",1000276388,Right,POM_COL,c5da6aef-f264-446f-a474-6d9146edd15b,56.58567,-126.30961,13.55962,6.08584,-4.02085,-10.88118,-2.16506,7.38825,-6.87232,244.058994,0.80858,107.02869,-17.38623,3.85092,-0.80513,0.12954,-0.01596,0.00098,4E-05,1.85513,37.29426,-17.9695,1.08858,-0.10468,0.00784,8E-05,0.00063,-0.00012,-0.24178,44.98311,1.2838,-1.31647,0.47502,-0.12413,0.02565,-0.00356,0.00025,,,,,,,,,,,,,,,,,,,,,,,High,High,High,High,High,,,
21,2025-01-31,14:14:03.73,1,1,"Kwak, Stephen",1000276384,Right,POM_COL,"Green, Mason",10147543,Right,POM_COL,Undefined,1,Bottom,0,0,0,Fastball,Slider,BallCalled,Undefined,Undefined,Undefined,0,0,,85.75745,-1.570093,-2.421859,2411.848767,182.559896,12:00,5.72738,0.30114,4.67105,-29.45183,10.30382,0.4052,1.78008,-1.96675,78.77062,-6.908515,-2.350813,0.453807,,,,,,,,,,,,-0.84756,5.84674,-0.05468,50,5.54106,5.23539,-124.23244,-4.55612,-1.32913,24.0918,-23.00544,POM_COL,POM_COL,PomonaPitzer,TeamExclusive,Team,20250131-PomonaPitzer-Private-1,ae80b2e0-e020-11ef-8ec6-fd2c1b208846,83.05835,,,6.98683,,,,,,,1bbb3642-f57c-4a84-8684-13f7541aee08,2025-01-31,22:14:03.73,2025-01-31T14:14:03.7335142-08:00,2025-01-31T22:14:03.7335142Z,,v3,POM_PIT,POM_PIT,,"Savas, Peter",1000276389,Right,POM_COL,77643e98-434b-45cd-b05a-5a0bc1238a66,55.82672,-125.3573,12.0459,5.72871,-3.48199,-11.50272,-0.30057,5.29745,-0.66456,,,,,,,,,,,,,,,,,,,,,,,,,,,,,,,,,,,,,,,,,,,,,,,,,,,High,High,High,,,,,
22,2025-01-31,14:14:16.91,1,2,"Kwak, Stephen",1000276384,Right,POM_COL,"Green, Mason",10147543,Right,POM_COL,Undefined,1,Bottom,0,1,0,Fastball,Cutter,BallCalled,Undefined,Undefined,Undefined,0,0,,87.03097,-1.933079,-2.94176,2569.88564,168.2469,11:30,5.6483,0.3379,4.7236,-25.90604,12.64422,-2.38165,1.65208,-2.65441,79.96925,-6.644925,-3.359242,0.446874,,,,,,,,,,,,0.38067,7.08347,-0.03846,50,5.4303,6.58814,-126.0154,-5.25547,0.61457,24.64429,-20.73806,POM_COL,POM_COL,PomonaPitzer,TeamExclusive,Team,20250131-PomonaPitzer-Private-1,b65ce010-e020-11ef-8ec6-fd2c1b208846,84.34689,,,7.06171,,,,,,,1bbb3642-f57c-4a84-8684-13f7541aee08,2025-01-31,22:14:16.91,2025-01-31T14:14:16.9131622-08:00,2025-01-31T22:14:16.9131622Z,,v3,POM_PIT,POM_PIT,,"Savas, Peter",1000276389,Right,POM_COL,211848ae-8428-42cd-84a0-1d3bf5a25d25,55.77416,-127.13961,12.32215,5.64846,-4.30945,-10.36903,-0.33836,6.56011,0.30728,,,,,,,,,,,,,,,,,,,,,,,,,,,,,,,,,,,,,,,,,,,,,,,,,,,High,High,High,,,,,
23,2025-01-31,14:14:32.16,1,3,"Kwak, Stephen",1000276384,Right,POM_COL,"Green, Mason",10147543,Right,POM_COL,Undefined,1,Bottom,0,2,0,Fastball,Cutter,BallCalled,Undefined,Undefined,Undefined,0,0,,88.69399,-0.696117,-1.795022,2533.796599,184.566211,12:15,5.60772,0.57238,4.94276,-21.05493,15.96532,1.17602,3.19492,-1.02657,80.57498,-4.609511,-1.5878,0.437916,,,,,,,,,,,,-1.09953,8.44449,-0.39901,50,5.52335,3.97073,-128.49631,-2.31778,-1.83012,27.73861,-18.11856,POM_COL,POM_COL,PomonaPitzer,TeamExclusive,Team,20250131-PomonaPitzer-Private-1,bf722980-e020-11ef-8ec6-fd2c1b208846,86.07223,,,8.11901,,,,,,,1bbb3642-f57c-4a84-8684-13f7541aee08,2025-01-31,22:14:32.16,2025-01-31T14:14:32.1616998-08:00,2025-01-31T22:14:32.1616998Z,,v3,POM_PIT,POM_PIT,,"Savas, Peter",1000276389,Right,POM_COL,e22ead0e-d9d9-432d-8bd5-abeedc9d5bd6,55.55319,-129.68954,13.8693,5.60629,-1.53837,-9.05928,-0.57151,4.04946,-0.91506,,,,,,,,,,,,,,,,,,,,,,,,,,,,,,,,,,,,,,,,,,,,,,,,,,,High,High,High,,,,,
24,2025-01-31,14:14:45.70,1,4,"Kwak, Stephen",1000276384,Right,POM_COL,"Green, Mason",10147543,Right,POM_COL,Undefined,1,Bottom,0,3,0,Fastball,Slider,BallCalled,Walk,Undefined,Undefined,0,0,,85.20877,-1.888654,-2.663501,2451.009891,177.59714,12:00,5.71717,0.1139,4.67407,-35.22179,5.51583,-0.17268,0.98569,-2.43197,77.64075,-8.247291,-2.693798,0.459377,,,,,,,,,,,,-0.71909,3.70394,0.15762,50,5.49323,5.74117,-123.23772,-5.46498,-1.09698,26.33858,-26.52381,POM_COL,POM_COL,PomonaPitzer,TeamExclusive,Team,20250131-PomonaPitzer-Private-1,c78656a0-e020-11ef-8ec6-fd2c1b208846,82.05119,,,7.56802,,,,,,,1bbb3642-f57c-4a84-8684-13f7541aee08,2025-01-31,22:14:45.70,2025-01-31T14:14:45.7026150-08:00,2025-01-31T22:14:45.7026150Z,,v3,POM_PIT,POM_PIT,,"Savas, Peter",1000276389,Right,POM_COL,5d51bf44-e59a-491e-9dc1-e5c27d2ed548,55.82242,-124.47588,13.16929,5.72082,-4.21811,-13.26191,-0.11347,5.79274,-0.54849,,,,,,,,,,,,,,,,,,,,,,,,,,,,,,,,,,,,,,,,,,,,,,,,,,,High,High,High,,,,,
25,2025-01-31,14:15:15.17,2,1,"Kwak, Stephen",1000276384,Right,POM_COL,"Lee, Sammy",1000276388,Right,POM_COL,Undefined,1,Bottom,0,0,0,Fastball,Four-Seam,BallCalled,Undefined,Undefined,Undefined,0,0,,86.38586,-0.724731,-0.508351,2344.246557,202.857326,12:45,5.60152,0.58062,5.0157,-20.42434,18.71631,7.30205,3.21544,0.70934,77.98075,-4.560296,0.781048,0.450283,,,,,,,,,,,,-3.74008,9.87099,-0.53797,50,5.5164,0.76862,-125.11785,-2.25974,-5.86234,27.88021,-16.70178,POM_COL,POM_COL,PomonaPitzer,TeamExclusive,Team,20250131-PomonaPitzer-Private-1,d9163020-e020-11ef-8ec6-fd2c1b208846,83.70835,,,8.40512,,,,,,,1bbb3642-f57c-4a84-8684-13f7541aee08,2025-01-31,22:15:15.17,2025-01-31T14:15:15.1709286-08:00,2025-01-31T22:15:15.1709286Z,,v3,POM_PIT,POM_PIT,,"Savas, Peter",1000276389,Right,POM_COL,90a051a4-e08d-4f10-aa1d-31b8c734a6b7,55.47881,-126.3328,13.94011,5.59902,-1.53192,-8.35089,-0.57703,1.02409,-2.93117,,,,,,,,,,,,,,,,,,,,,,,,,,,,,,,,,,,,,,,,,,,,,,,,,,,High,High,High,,,,,
26,2025-01-31,14:15:49.49,2,2,"Kwak, Stephen",1000276384,Right,POM_COL,"Lee, Sammy",1000276388,Right,POM_COL,Undefined,1,Bottom,0,1,0,Fastball,Cutter,StrikeCalled,Undefined,Undefined,Undefined,0,0,,85.95371,-1.412525,-2.012099,2456.75763,197.111113,12:30,5.70691,0.33499,4.54623,-25.76123,14.2065,3.96386,2.21435,-1.25095,78.35255,-6.120582,-1.318452,0.455015,,,,,,,,,,,,-2.49886,7.71355,-0.12952,50,5.53639,4.18248,-124.43983,-4.0569,-3.90844,25.55899,-20.10933,POM_COL,POM_COL,PomonaPitzer,TeamExclusive,Team,20250131-PomonaPitzer-Private-1,ed8b7650-e020-11ef-8ec6-fd2c1b208846,82.83774,,,7.60116,,,,,,,1bbb3642-f57c-4a84-8684-13f7541aee08,2025-01-31,22:15:49.49,2025-01-31T14:15:49.4957158-08:00,2025-01-31T22:15:49.4957158Z,,v3,POM_PIT,POM_PIT,,"Savas, Peter",1000276389,Right,POM_COL,670f2709-9674-453e-99fc-32db469213a9,55.95045,-125.65606,12.7795,5.70667,-3.09999,-10.05467,-0.33297,4.36846,-1.95422,,,,,,,,,,,,,,,,,,,,,,,,,,,,,,,,,,,,,,,,,,,,,,,,,,,High,High,High,,,,,
27,2025-01-31,14:16:18.80,2,3,"Kwak, Stephen",1000276384,Right,POM_COL,"Lee, Sammy",1000276388,Right,POM_COL,Undefined,1,Bottom,0,1,1,Slider,Curveball,StrikeSwinging,Undefined,Undefined,Undefined,0,0,,76.2498,1.494474,0.171764,2664.009552,47.229539,7:30,5.47253,0.49028,4.19397,-56.66739,-5.38685,-7.58087,2.18247,0.02311,69.98174,-8.591301,-1.148974,0.515404,,,,,,,,,,,,3.67524,-2.47429,-0.50075,50,5.5776,0.00244,-110.49498,0.67048,4.53827,19.90773,-35.22935,POM_COL,POM_COL,PomonaPitzer,TeamExclusive,Team,20250131-PomonaPitzer-Private-1,ff0e7e90-e020-11ef-8ec6-fd2c1b208846,73.13185,,,6.26805,,,,,,,1bbb3642-f57c-4a84-8684-13f7541aee08,2025-01-31,22:16:18.80,2025-01-31T14:16:18.8095078-08:00,2025-01-31T22:16:18.8095078Z,,v3,POM_PIT,POM_PIT,,"Savas, Peter",1000276389,Right,POM_COL,3fb43506-81ab-48de-bc81-55c89bb004d5,56.30626,-111.62539,9.95387,5.48274,2.67089,-17.61468,-0.49358,-0.25525,2.26913,,,,,,,,,,,,,,,,,,,,,,,,,,,,,,,,,,,,,,,,,,,,,,,,,,,High,High,High,,,,,
28,2025-01-31,14:16:39.40,2,4,"Kwak, Stephen",1000276384,Right,POM_COL,"Lee, Sammy",1000276388,Right,POM_COL,Undefined,1,Bottom,0,1,2,Fastball,Slider,StrikeSwinging,Strikeout,Undefined,Undefined,0,0,,87.09378,0.027281,-1.540566,2586.778183,202.903269,12:45,5.66499,0.30929,4.60225,-26.95655,11.84902,4.46642,3.44456,-0.78394,79.2536,-4.902772,-0.758101,0.448351,,,,,,,,,,,,-2.60874,6.15181,-0.15484,50,5.64355,3.17709,-126.17064,-0.99528,-4.19432,26.29197,-22.28325,POM_COL,POM_COL,PomonaPitzer,TeamExclusive,Team,20250131-PomonaPitzer-Private-1,0b53f950-e021-11ef-8ec6-fd2c1b208846,84.06897,,,7.84018,,,,,,,1bbb3642-f57c-4a84-8684-13f7541aee08,2025-01-31,22:16:39.40,2025-01-31T14:16:39.4069094-08:00,2025-01-31T22:16:39.4069094Z,,v3,POM_PIT,POM_PIT,,"Savas, Peter",1000276389,Right,POM_COL,4d8e99f7-868d-40a7-98e8-afed4004e733,55.89433,-127.393,13.14598,5.66574,0.04071,-11.14163,-0.30708,3.37209,-2.09716,,,,,,,,,,,,,,,,,,,,,,,,,,,,,,,,,,,,,,,,,,,,,,,,,,,High,High,High,,,,,
29,2025-01-31,14:17:38.43,3,1,"Kwak, Stephen",1000276384,Right,POM_COL,"Cassidy, Caleb",10304248,Right,POM_COL,Undefined,1,Bottom,1,0,0,Slider,Curveball,StrikeCalled,Undefined,Undefined,Undefined,0,0,,75.8434,3.170299,-0.172401,2530.002138,53.97838,7:45,5.38693,0.52573,4.3079,-57.84527,-6.36008,-10.88784,3.60084,-0.54643,69.64514,-7.14965,-2.069837,0.516431,,,,,,,,,,,,5.19933,-3.44079,-0.49528,50,5.67111,0.79893,-109.87637,3.8707,6.37741,18.85894,-36.39447,POM_COL,POM_COL,PomonaPitzer,TeamExclusive,Team,20250131-PomonaPitzer-Private-1,2e84c350-e021-11ef-8ec6-fd2c1b208846,72.98635,,,6.19825,,,,,,,1bbb3642-f57c-4a84-8684-13f7541aee08,2025-01-31,22:17:38.43,2025-01-31T14:17:38.4352870-08:00,2025-01-31T22:17:38.4352870Z,,v3,POM_PIT,POM_PIT,,"Savas, Peter",1000276389,Right,POM_COL,ad19064f-97b1-4814-af4d-af93459b477d,56.19397,-110.9344,9.42947,5.39668,5.9125,-18.19723,-0.53006,0.44114,3.1887,,,,,,,,,,,,,,,,,,,,,,,,,,,,,,,,,,,,,,,,,,,,,,,,,,,High,High,High,,,,,
30,2025-01-31,14:17:56.02,3,2,"Kwak, Stephen",1000276384,Right,POM_COL,"Cassidy, Caleb",10304248,Right,POM_COL,Undefined,1,Bottom,1,0,1,Fastball,Sinker,FoulBallNotFieldable,Undefined,Undefined,Undefined,0,0,,86.62273,-0.897389,-1.064153,2481.388844,260.804545,2:45,5.63645,0.42341,4.76397,-35.57699,2.91354,11.16981,1.82061,0.34511,80.15506,-7.302742,0.902017,0.446528,,,,,,,,,,,,-5.80394,1.95854,-0.32721,50,5.51501,1.82835,-125.78578,-3.40153,-9.38435,23.31496,-29.00731,POM_COL,POM_COL,PomonaPitzer,TeamExclusive,Team,20250131-PomonaPitzer-Private-1,38f52ff0-e021-11ef-8ec6-fd2c1b208846,84.41235,,,6.46766,,,,,,,1bbb3642-f57c-4a84-8684-13f7541aee08,2025-01-31,22:17:56.02,2025-01-31T14:17:56.0271462-08:00,2025-01-31T22:17:56.0271462Z,,v3,POM_PIT,POM_PIT,,"Savas, Peter",1000276389,Right,POM_COL,9db581e2-c0c9-4584-ac02-080862334997,55.73779,-126.84484,11.65748,5.6396,-2.08389,-14.50366,-0.41994,2.25463,-4.69218,,,,,,,,,,,,,,,,,,,,,,,,,,,,,,,,,,,,,,,,,,,,,,,,,,,High,High,High,,,,,
31,2025-01-31,14:18:22.43,3,3,"Kwak, Stephen",1000276384,Right,POM_COL,"Cassidy, Caleb",10304248,Right,POM_COL,Undefined,1,Bottom,1,0,2,Fastball,Four-Seam,BallCalled,Undefined,Undefined,Undefined,0,0,,87.82172,1.123991,-0.894421,2407.097985,199.535187,12:45,5.69172,0.55456,4.91024,-23.8236,13.71099,4.4517,4.76956,0.07968,80.16673,-3.27369,-0.110222,0.440948,,,,,,,,,,,,-2.4274,6.80681,-0.47106,50,5.78215,1.77787,-127.36406,1.61588,-3.99693,25.56573,-20.96606,POM_COL,POM_COL,PomonaPitzer,TeamExclusive,Team,20250131-PomonaPitzer-Private-1,48aec2d0-e021-11ef-8ec6-fd2c1b208846,85.48045,,,7.65499,,,,,,,1bbb3642-f57c-4a84-8684-13f7541aee08,2025-01-31,22:18:22.43,2025-01-31T14:18:22.4385638-08:00,2025-01-31T22:18:22.4385638Z,,v3,POM_PIT,POM_PIT,,"Savas, Peter",1000276389,Right,POM_COL,772fa34d-e3a1-497f-a87f-b731cd88caa8,55.5869,-128.48061,12.78287,5.69158,2.53155,-10.48303,-0.55252,1.95244,-1.99846,,,,,,,,,,,,,,,,,,,,,,,,,,,,,,,,,,,,,,,,,,,,,,,,,,,High,High,High,,,,,
32,2025-01-31,14:18:38.86,3,4,"Kwak, Stephen",1000276384,Right,POM_COL,"Cassidy, Caleb",10304248,Right,POM_COL,Undefined,1,Bottom,1,1,2,Slider,Curveball,InPlay,Undefined,GroundBall,Out,1,0,,76.99819,1.990457,0.681167,2693.62854,36.211053,7:15,5.36864,0.46461,4.23673,-61.3672,-11.31682,-9.4026,2.16123,0.33322,70.92215,-8.903975,-0.958682,0.509184,,,,,,,,,,,,4.75532,-5.66217,-0.52864,50,5.5218,-0.92352,-111.65756,1.47753,6.01184,19.83951,-39.33233,POM_COL,POM_COL,PomonaPitzer,TeamExclusive,Team,20250131-PomonaPitzer-Private-1,52856070-e021-11ef-8ec6-fd2c1b208846,74.02515,,,6.07604,,,,,,,1bbb3642-f57c-4a84-8684-13f7541aee08,2025-01-31,22:18:38.86,2025-01-31T14:18:38.8600934-08:00,2025-01-31T22:18:38.8600934Z,,v3,POM_PIT,POM_PIT,,"Savas, Peter",1000276389,Right,POM_COL,5e382528-358e-46bd-aca1-84713ef33821,56.26717,-112.76563,9.91975,5.37793,3.6743,-19.66617,-0.46768,-1.25929,3.00592,,,,,,,,,,,,,,,,,,,,,,,,,,,,,,,,,,,,,,,,,,,,,,,,,,,High,High,High,,,,,
33,2025-01-31,14:19:12.95,4,1,"Kwak, Stephen",1000276384,Right,POM_COL,"Quintero, James",10138921,Left,POM_COL,Undefined,1,Bottom,2,0,0,Slider,Curveball,BallCalled,Undefined,Undefined,Undefined,0,0,,76.91826,4.136727,1.738142,2656.276775,49.75128,7:45,5.35482,0.65435,4.20193,-57.97602,-7.58619,-10.78319,4.49514,1.42138,70.35727,-6.187115,-0.134742,0.510908,,,,,,,,,,,,5.60807,-4.22213,-0.83364,50,5.74984,-2.89455,-111.24826,5.75486,7.05568,19.22574,-37.48599,POM_COL,POM_COL,PomonaPitzer,TeamExclusive,Team,20250131-PomonaPitzer-Private-1,66e549e0-e021-11ef-8ec6-fd2c1b208846,73.77535,,,6.56099,,,,,,,1bbb3642-f57c-4a84-8684-13f7541aee08,2025-01-31,22:19:12.95,2025-01-31T14:19:12.9504358-08:00,2025-01-31T22:19:12.9504358Z,,v3,POM_PIT,POM_PIT,,"Savas, Peter",1000276389,Right,POM_COL,ea4f13d0-d86d-4908-8fbd-b3165b40d589,56.29969,-112.33168,9.61287,5.36601,7.8673,-18.743,-0.65932,-3.29216,3.52784,,,,,,,,,,,,,,,,,,,,,,,,,,,,,,,,,,,,,,,,,,,,,,,,,,,High,High,High,,,,,
34,2025-01-31,14:19:31.38,4,2,"Kwak, Stephen",1000276384,Right,POM_COL,"Quintero, James",10138921,Left,POM_COL,Undefined,1,Bottom,2,1,0,Fastball,Slider,BallCalled,Undefined,Undefined,Undefined,0,0,,86.26851,1.596086,-0.81887,2649.341719,196.329936,12:30,5.60425,0.41182,4.68017,-31.32781,7.90544,1.96122,4.50985,-0.20243,78.82019,-4.105185,-0.474836,0.450815,,,,,,,,,,,,-1.17827,3.80504,-0.3304,50,5.73871,1.69489,-125.06764,2.24485,-1.87136,24.58058,-26.13084,POM_COL,POM_COL,PomonaPitzer,TeamExclusive,Team,20250131-PomonaPitzer-Private-1,71ca4a40-e021-11ef-8ec6-fd2c1b208846,83.60952,,,7.44832,,,,,,,1bbb3642-f57c-4a84-8684-13f7541aee08,2025-01-31,22:19:31.38,2025-01-31T14:19:31.3869414-08:00,2025-01-31T22:19:31.3869414Z,,v3,POM_PIT,POM_PIT,,"Savas, Peter",1000276389,Right,POM_COL,ab7db939-4ae0-4fc9-b392-96cbf486b37a,55.81779,-126.20588,12.29029,5.60674,3.45488,-13.06542,-0.4109,1.78155,-0.93568,,,,,,,,,,,,,,,,,,,,,,,,,,,,,,,,,,,,,,,,,,,,,,,,,,,High,High,High,,,,,
35,2025-01-31,14:19:46.60,4,3,"Kwak, Stephen",1000276384,Right,POM_COL,"Quintero, James",10138921,Left,POM_COL,Undefined,1,Bottom,2,2,0,Fastball,Slider,StrikeCalled,Undefined,Undefined,Undefined,0,0,,86.59056,-0.219335,1.150386,2569.152669,188.537945,12:15,5.67355,0.19519,4.63386,-30.21017,8.68965,1.12705,2.94753,1.38264,79.51781,-5.698438,1.348036,0.448895,,,,,,,,,,,,-0.24595,4.67433,-0.31422,50,5.62377,-2.57573,-125.58992,-1.68791,-0.39491,24.17407,-24.66882,POM_COL,POM_COL,PomonaPitzer,TeamExclusive,Team,20250131-PomonaPitzer-Private-1,7adfbac0-e021-11ef-8ec6-fd2c1b208846,83.9671,,,7.07275,,,,,,,1bbb3642-f57c-4a84-8684-13f7541aee08,2025-01-31,22:19:46.60,2025-01-31T14:19:46.6045542-08:00,2025-01-31T22:19:46.6045542Z,,v3,POM_PIT,POM_PIT,,"Savas, Peter",1000276389,Right,POM_COL,50abf1f2-68ef-443f-9ee8-9aec10d1ec96,55.86393,-126.71361,12.08704,5.67558,-0.54123,-12.33441,-0.19491,-2.55737,-0.19746,,,,,,,,,,,,,,,,,,,,,,,,,,,,,,,,,,,,,,,,,,,,,,,,,,,High,High,High,,,,,
36,2025-01-31,14:20:03.00,4,4,"Kwak, Stephen",1000276384,Right,POM_COL,"Quintero, James",10138921,Left,POM_COL,Undefined,1,Bottom,2,2,1,Fastball,Slider,InPlay,Undefined,GroundBall,Out,1,0,,87.21277,-1.027804,-0.135972,2608.854065,176.320403,12:00,5.59386,0.04841,4.71142,-30.31447,8.10213,-0.44205,2.09207,-0.11748,79.817,-6.532561,-0.213672,0.446099,88.26673,4.892534,-26.871428,3699.028322,,,,82.28702,80.35259,-29.197497,0.701673,0.17929,4.61914,-0.03424,50,5.46313,0.32089,-126.45977,-3.47344,0.29025,25.87908,-24.69682,POM_COL,POM_COL,PomonaPitzer,TeamExclusive,Team,20250131-PomonaPitzer-Private-1,84a71620-e021-11ef-8ec6-fd2c1b208846,84.49353,3.34392,,7.39577,,,,0.44173,1.86315,0.23857,1bbb3642-f57c-4a84-8684-13f7541aee08,2025-01-31,22:20:03.00,2025-01-31T14:20:03.0088294-08:00,2025-01-31T22:20:03.0088294Z,GroundBall,v3,POM_PIT,POM_PIT,,"Savas, Peter",1000276389,Right,POM_COL,ef44690e-2232-4d91-933a-e7e4403f511c,55.78719,-127.63858,12.93954,5.59573,-2.34847,-12.34841,-0.04855,0.30766,0.14512,73.010945,0.49107,114.1031,-17.80776,,,,,,,1.89876,10.35189,-18.67648,,,,,,,0.25063,-58.53828,1.36504,,,,,,,,,,,,,,,,,,,,,,,,,,,,,High,High,High,High,High,,,
37,2025-01-31,14:22:42.74,1,1,"Cohen, Ben",1000115643,Right,POM_COL,"Savas, Peter",1000276389,Right,POM_COL,Undefined,2,Top,0,0,0,Fastball,Changeup,FoulBallNotFieldable,Undefined,Undefined,Undefined,0,0,,84.83124,-1.903729,-4.052279,2201.513627,228.234336,1:30,6.18174,2.23776,3.88879,-24.89686,17.66056,18.01733,2.26758,-0.1715,76.55106,-6.442607,-0.944304,0.469525,55.70169,32.885571,68.102388,4906.447513,27.18986,28.068,106.58648,155.16148,87.56389,78.676974,2.954735,-9.82528,9.42174,-1.79127,50,5.93448,7.76696,-122.33226,-5.06368,-14.73105,26.52654,-18.04802,POM_COL,POM_COL,PomonaPitzer,TeamExclusive,Team,20250131-PomonaPitzer-Private-1,e3e56920-e021-11ef-8ec6-fd2c1b208846,80.27776,32.3958,,8.28019,,,,0.66694,2.24961,-0.08763,1bbb3642-f57c-4a84-8684-13f7541aee08,2025-01-31,22:22:42.74,2025-01-31T14:22:42.7413606-08:00,2025-01-31T22:22:42.7413606Z,LineDrive,v3,POM_PIT,POM_PIT,,"Lee, Sammy",1000276388,Right,POM_COL,e1623d60-5827-48b7-8928-e4b593f489be,56.60838,-123.75692,13.26327,6.1804,-4.09437,-9.02401,-2.22965,8.55812,-7.36553,,0.66674,25.59398,-9.32846,2.42678,-0.64164,0.22388,-0.08836,0.02139,-0.00202,2.2499,44.34579,-17.35208,0.74306,0.17715,-0.23417,0.1131,-0.02488,0.00205,-0.08773,63.65988,-6.39135,1.26769,-0.4061,0.22007,-0.0962,0.02294,-0.00215,,,,,,,,,,,,,,,,,,,,,,,High,High,High,High,Low,,,
38,2025-01-31,14:23:02.69,1,2,"Cohen, Ben",1000115643,Right,POM_COL,"Savas, Peter",1000276389,Right,POM_COL,Undefined,2,Top,0,0,1,Fastball,Changeup,BallCalled,Undefined,Undefined,Undefined,0,0,,84.74538,0.817954,-3.312076,2173.519408,252.922517,2:30,6.13528,2.20893,3.82821,-34.64797,8.56493,22.22485,4.03825,0.86291,75.37324,-5.448836,0.522136,0.473127,,,,,,,,,,,,-11.53237,4.28233,-1.85027,50,6.19191,5.91133,-122.11981,0.27326,-17.00278,29.35792,-25.86041,POM_COL,POM_COL,PomonaPitzer,TeamExclusive,Team,20250131-PomonaPitzer-Private-1,efc0fe80-e021-11ef-8ec6-fd2c1b208846,79.66657,,,9.37214,,,,,,,1bbb3642-f57c-4a84-8684-13f7541aee08,2025-01-31,22:23:02.69,2025-01-31T14:23:02.6986598-08:00,2025-01-31T22:23:02.6986598Z,,v3,POM_PIT,POM_PIT,,"Lee, Sammy",1000276388,Right,POM_COL,7049b0c6-ab1f-44a4-8fe3-190b2ad137d3,56.66527,-123.71178,14.67896,6.13907,1.67558,-12.9302,-2.19581,6.83332,-8.50139,,,,,,,,,,,,,,,,,,,,,,,,,,,,,,,,,,,,,,,,,,,,,,,,,,,High,High,High,,,,,
39,2025-01-31,14:23:16.73,1,3,"Cohen, Ben",1000115643,Right,POM_COL,"Savas, Peter",1000276389,Right,POM_COL,Undefined,2,Top,0,1,1,Curveball,Curveball,BallCalled,Undefined,Undefined,Undefined,0,0,,71.06496,-0.108646,-5.052473,2188.228278,36.059122,7:15,6.27535,2.06999,3.58562,-67.58748,-6.07709,-5.9789,0.5374,-3.33553,65.235,-11.899378,-6.077077,0.564476,,,,,,,,,,,,1.21721,-2.18969,-1.45008,50,6.17828,9.30651,-102.37796,-2.78094,1.27542,18.90924,-34.46848,POM_COL,POM_COL,PomonaPitzer,TeamExclusive,Team,20250131-PomonaPitzer-Private-1,f8365e70-e021-11ef-8ec6-fd2c1b208846,66.77419,,,5.82995,,,,,,,1bbb3642-f57c-4a84-8684-13f7541aee08,2025-01-31,22:23:16.73,2025-01-31T14:23:16.7337574-08:00,2025-01-31T22:23:16.7337574Z,,v3,POM_PIT,POM_PIT,,"Lee, Sammy",1000276388,Right,POM_COL,865207aa-0c2b-40b7-8d05-f394eee8021a,56.91386,-103.64708,9.45462,6.2873,-0.46754,-17.23424,-2.07183,9.2209,0.63771,,,,,,,,,,,,,,,,,,,,,,,,,,,,,,,,,,,,,,,,,,,,,,,,,,,High,High,High,,,,,
40,2025-01-31,14:23:35.81,1,4,"Cohen, Ben",1000115643,Right,POM_COL,"Savas, Peter",1000276389,Right,POM_COL,Undefined,2,Top,0,2,1,Fastball,Four-Seam,BallCalled,Undefined,Undefined,Undefined,0,0,,86.35079,-0.123408,-4.090728,2147.896006,224.188067,1:30,6.17712,1.92974,4.05856,-21.49395,19.65572,17.53918,4.26712,-0.54445,76.99248,-4.117724,-1.058252,0.461694,,,,,,,,,,,,-9.62355,9.83284,-1.48899,50,6.14175,7.9883,-124.42727,-1.07005,-14.80249,29.35895,-17.04962,POM_COL,POM_COL,PomonaPitzer,TeamExclusive,Team,20250131-PomonaPitzer-Private-1,03887880-e022-11ef-8ec6-fd2c1b208846,81.63937,,,9.35831,,,,,,,1bbb3642-f57c-4a84-8684-13f7541aee08,2025-01-31,22:23:35.81,2025-01-31T14:23:35.8119526-08:00,2025-01-31T22:23:35.8119526Z,,v3,POM_PIT,POM_PIT,,"Lee, Sammy",1000276388,Right,POM_COL,470de27c-fa72-43b7-9a2b-2ad79141d734,56.43412,-125.93626,14.67948,6.17423,-0.19373,-8.52481,-1.91913,8.74913,-7.40125,,,,,,,,,,,,,,,,,,,,,,,,,,,,,,,,,,,,,,,,,,,,,,,,,,,High,High,High,,,,,
41,2025-01-31,14:23:50.70,1,5,"Cohen, Ben",1000115643,Right,POM_COL,"Savas, Peter",1000276389,Right,POM_COL,Undefined,2,Top,0,3,1,Fastball,Four-Seam,InPlay,Undefined,FlyBall,Single,0,0,,83.80343,-1.392173,-4.866916,2172.668097,214.483962,1:15,6.27039,2.05355,4.03015,-21.18485,22.67127,14.37465,3.16202,-1.43688,74.81525,-5.337927,-2.387607,0.476636,69.09716,33.329001,-12.331335,2703.796983,107.35743,51.08084,-23.96628,237.09056,237.08685,-15.196346,3.929127,-8.51898,11.77568,-1.51927,50,6.09152,9.56837,-120.6167,-3.69987,-12.29946,27.82674,-15.17263,POM_COL,POM_COL,PomonaPitzer,TeamExclusive,Team,20250131-PomonaPitzer-Private-1,0c648980-e022-11ef-8ec6-fd2c1b208846,79.0802,52.341,,8.98819,,,,2.279,3.31861,1.37403,1bbb3642-f57c-4a84-8684-13f7541aee08,2025-01-31,22:23:50.70,2025-01-31T14:23:50.7028582-08:00,2025-01-31T22:23:50.7028582Z,FlyBall,v3,POM_PIT,POM_PIT,,"Lee, Sammy",1000276388,Right,POM_COL,688c90e3-d870-4239-81c6-9cab3f2785fc,56.46529,-122.09915,13.91337,6.2671,-2.89156,-7.58632,-2.04648,10.22362,-6.14973,174.491428,2.28072,82.66748,-12.39131,2.24764,0.19451,-0.38054,0.13807,-0.02181,0.0013,3.31736,55.71672,-17.42221,1.25221,-0.39418,0.1444,-0.02241,0.00022,0.00015,1.37385,-18.07859,2.03825,-0.99166,0.2798,-0.05458,0.01089,-0.00197,0.00016,,,,,,,,,,,,,,,,,,,,,,,High,High,High,High,High,,,
42,2025-01-31,14:24:30.30,2,1,"Cohen, Ben",1000115643,Right,POM_COL,"Wakil, Lateef",1000128267,Left,POM_COL,Undefined,2,Top,0,0,0,Fastball,Changeup,BallCalled,Undefined,Undefined,Undefined,0,0,,83.99882,0.684246,-2.324018,2126.77038,238.164678,2:00,6.08626,2.23773,3.9083,-28.94218,14.79997,21.04363,4.33399,1.75185,74.78157,-4.611172,1.314531,0.476016,,,,,,,,,,,,-10.70493,7.26807,-1.99575,50,6.13409,3.84923,-121.17341,0.29516,-15.55136,28.73595,-21.61548,POM_COL,POM_COL,PomonaPitzer,TeamExclusive,Team,20250131-PomonaPitzer-Private-1,240015f0-e022-11ef-8ec6-fd2c1b208846,79.18318,,,9.21726,,,,,,,1bbb3642-f57c-4a84-8684-13f7541aee08,2025-01-31,22:24:30.30,2025-01-31T14:24:30.3040000-08:00,2025-01-31T22:24:30.3040000Z,,v3,POM_PIT,POM_PIT,,"Lee, Sammy",1000276388,Right,POM_COL,0567d51a-afbf-4d01-b443-122882ad47c3,56.58527,-122.72515,14.36798,6.08664,1.4624,-10.80774,-2.22629,4.68901,-7.77568,,,,,,,,,,,,,,,,,,,,,,,,,,,,,81.43817,1.873616,1.091072,0.782544,-1.43861,4.09555,-1.82206,3.1209,5.16587,0.72234,64.30583,1.71056,60.47296,3.15919,87.45046,-12.01165,5.17531,5.64891,-12.90584,0.73153,80.21467,-4.97568,High,High,High,,,High,High,High
43,2025-01-31,14:24:56.99,2,2,"Cohen, Ben",1000115643,Right,POM_COL,"Wakil, Lateef",1000128267,Left,POM_COL,Undefined,2,Top,0,1,0,Fastball,Changeup,StrikeSwinging,Undefined,Undefined,Undefined,0,0,,85.65668,-1.014096,-4.060125,2173.898666,239.546708,2:00,6.10877,2.2116,3.91796,-27.85372,14.08639,21.19832,2.80855,0.06191,76.74637,-6.083789,-0.400435,0.466108,,,,,,,,,,,,-11.30812,7.47796,-1.76978,50,5.96182,7.66992,-123.456,-3.32983,-17.15855,28.43767,-20.82726,POM_COL,POM_COL,PomonaPitzer,TeamExclusive,Team,20250131-PomonaPitzer-Private-1,33e12e00-e022-11ef-8ec6-fd2c1b208846,80.8664,,,8.91031,,,,,,,1bbb3642-f57c-4a84-8684-13f7541aee08,2025-01-31,22:24:56.99,2025-01-31T14:24:56.9915494-08:00,2025-01-31T22:24:56.9915494Z,,v3,POM_PIT,POM_PIT,,"Lee, Sammy",1000276388,Right,POM_COL,7257633e-8eae-44ad-92ac-8f74a6559328,56.57688,-124.96178,14.21884,6.10894,-2.22702,-10.41363,-2.19996,8.57846,-8.57928,,,,,,,,,,,,,,,,,,,,,,,,,,,,,,,,,,,,,,,,,,,,,,,,,,,High,High,High,,,,,
44,2025-01-31,14:25:16.41,2,3,"Cohen, Ben",1000115643,Right,POM_COL,"Wakil, Lateef",1000128267,Left,POM_COL,Undefined,2,Top,0,1,1,ChangeUp,Changeup,BallCalled,Undefined,Undefined,Undefined,0,0,,76.35397,1.734985,-2.437757,1749.270385,240.650451,2:00,5.89279,2.61998,4.068,-40.13112,12.01296,17.98887,4.2167,1.7766,68.73265,-5.535592,0.680039,0.519725,,,,,,,,,,,,-9.28717,5.74926,-2.36683,50,6.04574,3.87903,-110.26507,1.85206,-11.28915,21.92502,-25.18548,POM_COL,POM_COL,PomonaPitzer,TeamExclusive,Team,20250131-PomonaPitzer-Private-1,3f7c37f0-e022-11ef-8ec6-fd2c1b208846,72.52378,,,7.62133,,,,,,,1bbb3642-f57c-4a84-8684-13f7541aee08,2025-01-31,22:25:16.41,2025-01-31T14:25:16.4135526-08:00,2025-01-31T22:25:16.4135526Z,,v3,POM_PIT,POM_PIT,,"Lee, Sammy",1000276388,Right,POM_COL,6ff9f746-eb40-411a-873b-3b1110eabe8b,56.42688,-111.53567,10.96251,5.89612,3.31161,-12.59274,-2.61058,4.53326,-5.64457,,,,,,,,,,,,,,,,,,,,,,,,,,,,,,,,,,,,,,,,,,,,,,,,,,,High,High,High,,,,,
45,2025-01-31,14:25:33.10,2,4,"Cohen, Ben",1000115643,Right,POM_COL,"Wakil, Lateef",1000128267,Left,POM_COL,Undefined,2,Top,0,2,1,Fastball,Four-Seam,FoulBallNotFieldable,Undefined,Undefined,Undefined,0,0,,86.06498,-1.057881,-3.316116,2245.813273,218.498297,1:15,6.03421,2.26456,4.04608,-20.70367,20.55477,15.09312,3.29077,0.33294,77.104,-4.902292,-0.703453,0.462304,,,,,,,,,,,,-8.24063,10.57965,-1.90797,50,5.89406,6.42547,-124.16372,-3.06557,-12.6558,28.62129,-15.92603,POM_COL,POM_COL,PomonaPitzer,TeamExclusive,Team,20250131-PomonaPitzer-Private-1,496fd370-e022-11ef-8ec6-fd2c1b208846,81.5317,,,8.96099,,,,,,,1bbb3642-f57c-4a84-8684-13f7541aee08,2025-01-31,22:25:33.10,2025-01-31T14:25:33.1096678-08:00,2025-01-31T22:25:33.1096678Z,,v3,POM_PIT,POM_PIT,,"Lee, Sammy",1000276388,Right,POM_COL,a065454f-bb86-41ba-8ef3-60beff0bfb6c,56.44826,-125.64133,14.31065,6.0311,-2.24337,-7.96302,-2.25656,7.07884,-6.3279,,,,,,,,,,,,,,,,,,,,,,,,,,,,,,,,,,,,,,,,,,,,,,,,,,,High,High,High,,,,,
46,2025-01-31,14:25:54.66,2,5,"Cohen, Ben",1000115643,Right,POM_COL,"Wakil, Lateef",1000128267,Left,POM_COL,Undefined,2,Top,0,2,2,ChangeUp,Changeup,BallCalled,Undefined,Undefined,Undefined,0,0,,76.04128,3.296162,-1.314107,1661.781424,234.69626,1:45,5.95182,2.56714,3.77291,-39.97014,12.68509,15.48942,5.80769,2.58896,68.97293,-3.890917,1.355394,0.522266,,,,,,,,,,,,-7.63878,5.57465,-2.43234,50,6.29391,1.80738,-109.84479,4.79859,-9.31883,19.73385,-25.37335,POM_COL,POM_COL,PomonaPitzer,TeamExclusive,Team,20250131-PomonaPitzer-Private-1,5652c6b0-e022-11ef-8ec6-fd2c1b208846,72.1709,,,7.06836,,,,,,,1bbb3642-f57c-4a84-8684-13f7541aee08,2025-01-31,22:25:54.66,2025-01-31T14:25:54.6617446-08:00,2025-01-31T22:25:54.6617446Z,,v3,POM_PIT,POM_PIT,,"Lee, Sammy",1000276388,Right,POM_COL,0133d99f-f4a1-46d9-931c-5b15f6b550b2,56.72302,-111.04603,9.86693,5.9548,6.34311,-12.68668,-2.55962,2.37463,-4.65942,,,,,,,,,,,,,,,,,,,,,,,,,,,,,,,,,,,,,,,,,,,,,,,,,,,High,High,High,,,,,
47,2025-01-31,14:26:17.86,2,6,"Cohen, Ben",1000115643,Right,POM_COL,"Wakil, Lateef",1000128267,Left,POM_COL,Undefined,2,Top,0,3,2,Fastball,Changeup,StrikeSwinging,Strikeout,Undefined,Undefined,0,0,,85.76549,-1.058288,-2.835728,2046.717177,234.617572,1:45,6.02896,2.15371,3.94851,-26.63163,14.28083,18.23674,2.78979,0.94207,78.34393,-5.869898,0.319637,0.460362,,,,,,,,,,,,-9.42201,7.48142,-1.8508,50,5.8788,5.22443,-124.08701,-3.39606,-14.71869,24.38264,-20.48684,POM_COL,POM_COL,PomonaPitzer,TeamExclusive,Team,20250131-PomonaPitzer-Private-1,6412ac70-e022-11ef-8ec6-fd2c1b208846,81.87572,,,7.42156,,,,,,,1bbb3642-f57c-4a84-8684-13f7541aee08,2025-01-31,22:26:17.86,2025-01-31T14:26:17.8666086-08:00,2025-01-31T22:26:17.8666086Z,,v3,POM_PIT,POM_PIT,,"Lee, Sammy",1000276388,Right,POM_COL,5df4f40f-dc31-4ce2-adf0-3661c78202d4,56.54958,-125.36737,12.19132,6.02888,-2.32028,-10.24342,-2.14543,5.99733,-7.35935,,,,,,,,,,,,,,,,,,,,,,,,,,,,,,,,,,,,,,,,,,,,,,,,,,,High,High,High,,,,,
48,2025-01-31,14:26:40.21,3,1,"Cohen, Ben",1000115643,Right,POM_COL,"Kinney, William",1000092038,Right,POM_COL,Undefined,2,Top,1,0,0,Fastball,Changeup,BallCalled,Undefined,Undefined,Undefined,0,0,,85.07441,-0.044313,-1.977324,2087.416137,230.231942,1:45,6.25757,2.01804,3.91262,-25.85395,15.61832,17.20694,4.06037,1.54697,77.82543,-4.724836,0.999067,0.463501,,,,,,,,,,,,-8.67941,7.82426,-1.8113,50,6.22428,3.38929,-123.211,-1.15118,-13.40169,23.45965,-20.09282,POM_COL,POM_COL,PomonaPitzer,TeamExclusive,Team,20250131-PomonaPitzer-Private-1,716689f0-e022-11ef-8ec6-fd2c1b208846,81.32123,,,7.24899,,,,,,,1bbb3642-f57c-4a84-8684-13f7541aee08,2025-01-31,22:26:40.21,2025-01-31T14:26:40.2187878-08:00,2025-01-31T22:26:40.2187878Z,,v3,POM_PIT,POM_PIT,,"Lee, Sammy",1000276388,Right,POM_COL,a0ad20ee-38bf-4842-bcd5-f5fc45501994,56.58553,-124.45858,11.72982,6.25709,-0.08264,-10.04641,-2.01049,4.10199,-6.70084,,,,,,,,,,,,,,,,,,,,,,,,,,,,,,,,,,,,,,,,,,,,,,,,,,,High,High,High,,,,,
49,2025-01-31,14:26:59.34,3,2,"Cohen, Ben",1000115643,Right,POM_COL,"Kinney, William",1000092038,Right,POM_COL,Undefined,2,Top,1,1,0,Fastball,Changeup,FoulBallNotFieldable,Undefined,Undefined,Undefined,0,0,,84.75566,-1.374627,-3.684438,2134.509853,230.091277,1:45,6.13399,2.00504,3.97807,-25.93112,15.87249,17.38221,2.64783,-0.09538,77.61498,-6.063221,-0.67927,0.465349,,,,,,,,,,,,-9.31934,8.3328,-1.60558,50,5.94919,7.04647,-122.57756,-3.99541,-14.24146,23.23068,-19.44015,POM_COL,POM_COL,PomonaPitzer,TeamExclusive,Team,20250131-PomonaPitzer-Private-1,7cdc3190-e022-11ef-8ec6-fd2c1b208846,80.99829,,,7.14068,,,,,,,1bbb3642-f57c-4a84-8684-13f7541aee08,2025-01-31,22:26:59.34,2025-01-31T14:26:59.3430118-08:00,2025-01-31T22:26:59.3430118Z,,v3,POM_PIT,POM_PIT,,"Lee, Sammy",1000276388,Right,POM_COL,1d8cee03-e50a-4c95-a107-2f65bc2abf85,56.52186,-123.8074,11.61534,6.13347,-2.96624,-9.72008,-1.99858,7.80041,-7.12073,,,,,,,,,,,,,,,,,,,,,,,,,,,,,,,,,,,,,,,,,,,,,,,,,,,High,High,High,,,,,
50,2025-01-31,14:27:24.84,3,3,"Cohen, Ben",1000115643,Right,POM_COL,"Kinney, William",1000092038,Right,POM_COL,Undefined,2,Top,1,1,1,Fastball,Four-Seam,StrikeCalled,Undefined,Undefined,Undefined,0,0,,86.32271,-2.329813,-4.932503,2219.674121,225.550532,1:30,6.09572,2.14835,3.93404,-22.60859,18.27686,17.16383,1.95927,-1.18143,78.32455,-6.452257,-1.97551,0.46021,,,,,,,,,,,,-9.5828,9.78083,-1.60201,50,5.80333,9.86623,-124.4077,-5.97939,-14.96193,25.83612,-16.9029,POM_COL,POM_COL,PomonaPitzer,TeamExclusive,Team,20250131-PomonaPitzer-Private-1,8c0d5a90-e022-11ef-8ec6-fd2c1b208846,81.90273,,,7.99815,,,,,,,1bbb3642-f57c-4a84-8684-13f7541aee08,2025-01-31,22:27:24.84,2025-01-31T14:27:24.8470118-08:00,2025-01-31T22:27:24.8470118Z,,v3,POM_PIT,POM_PIT,,"Lee, Sammy",1000276388,Right,POM_COL,1b008a82-f532-4dcb-b00a-dd9024e5e828,56.5635,-125.76337,12.91806,6.09382,-5.09246,-8.45145,-2.14032,10.65132,-7.48096,,,,,,,,,,,,,,,,,,,,,,,,,,,,,,,,,,,,,,,,,,,,,,,,,,,High,High,High,,,,,
51,2025-01-31,14:27:42.49,3,4,"Cohen, Ben",1000115643,Right,POM_COL,"Kinney, William",1000092038,Right,POM_COL,Undefined,2,Top,1,1,2,ChangeUp,Curveball,BallCalled,Undefined,Undefined,Undefined,0,0,,74.17076,1.381629,0.767125,1675.396676,37.336597,7:15,6.26948,2.20405,3.22076,-61.05074,-4.09028,-4.69788,2.52954,2.56063,67.23285,-9.336655,-0.037305,0.543198,,,,,,,,,,,,2.46213,-1.94177,-2.29461,50,6.3619,-1.22242,-107.13128,0.08989,2.81766,21.14855,-34.39624,POM_COL,POM_COL,PomonaPitzer,TeamExclusive,Team,20250131-PomonaPitzer-Private-1,969594f0-e022-11ef-8ec6-fd2c1b208846,69.38988,,,6.93792,,,,,,,1bbb3642-f57c-4a84-8684-13f7541aee08,2025-01-31,22:27:42.49,2025-01-31T14:27:42.4968806-08:00,2025-01-31T22:27:42.4968806Z,,v3,POM_PIT,POM_PIT,,"Lee, Sammy",1000276388,Right,POM_COL,7f3f9718-cd99-4667-966d-63941d403c26,57.27955,-108.5588,10.57428,6.27747,2.41164,-17.19812,-2.20568,-1.41261,1.40883,,,,,,,,,,,,,,,,,,,,,,,,,,,,,,,,,,,,,,,,,,,,,,,,,,,High,High,High,,,,,
52,2025-01-31,14:28:00.58,3,5,"Cohen, Ben",1000115643,Right,POM_COL,"Kinney, William",1000092038,Right,POM_COL,Undefined,2,Top,1,2,2,Fastball,Changeup,InPlay,Undefined,GroundBall,Error,0,0,,84.70271,-1.364112,-3.11815,1991.159772,232.591185,1:45,6.21345,2.08349,3.94857,-26.95789,15.23418,18.02855,2.65193,0.58197,77.01179,-6.246997,0.000364,0.467506,86.76692,-7.643548,-29.413338,,,,,20.62095,20.00661,-28.220712,0.150658,-9.53634,8.06926,-1.7482,50,6.02802,5.78506,-122.43927,-4.01105,-14.41931,25.06604,-19.97303,POM_COL,POM_COL,PomonaPitzer,TeamExclusive,Team,20250131-PomonaPitzer-Private-1,a1535e40-e022-11ef-8ec6-fd2c1b208846,80.62459,2.55519,,7.69092,,,,1.5842,2.55519,-0.40042,1bbb3642-f57c-4a84-8684-13f7541aee08,2025-01-31,22:28:00.58,2025-01-31T14:28:00.5805158-08:00,2025-01-31T22:28:00.5805158Z,GroundBall,v3,POM_PIT,POM_PIT,,"Lee, Sammy",1000276388,Right,POM_COL,775eb715-bca6-4191-8c44-36666d5064e3,56.5503,-123.773,12.53302,6.21316,-2.94831,-9.98652,-2.07642,6.55229,-7.20966,180,1.57889,110.08798,,,,,,,,2.556,-16.96023,,,,,,,,-0.39744,-62.06516,,,,,,,,,,,,,,,,,,,,,,,,,,,,,,High,High,High,High,High,,,
53,2025-01-31,14:28:41.31,4,1,"Cohen, Ben",1000115643,Right,POM_COL,"Legg, Jimmy",1000115608,Left,POM_COL,Undefined,2,Top,1,0,0,Fastball,Changeup,InPlay,Undefined,Bunt,Single,0,1,,84.1563,-0.970903,-4.003709,2179.004835,224.2743,1:30,6.06592,2.23608,3.99156,-23.7336,18.99533,17.08792,3.15207,-0.1964,76.37976,-5.310525,-1.051576,0.470471,25.55337,-27.855087,8.798969,,,,,7.47241,7.47241,9.870019,0.153197,-9.36453,9.77473,-1.80069,50,5.93049,7.68034,-121.55944,-2.98332,-13.96126,24.63557,-17.6012,POM_COL,POM_COL,PomonaPitzer,TeamExclusive,Team,20250131-PomonaPitzer-Private-1,b99a9400-e022-11ef-8ec6-fd2c1b208846,80.11647,3.03868,,7.77654,,,,2.36932,3.03868,0.4523,1bbb3642-f57c-4a84-8684-13f7541aee08,2025-01-31,22:28:41.31,2025-01-31T14:28:41.3153894-08:00,2025-01-31T22:28:41.3153894Z,GroundBall,v3,POM_PIT,POM_PIT,,"Lee, Sammy",1000276388,Right,POM_COL,67670acf-743d-48f2-895f-dfeeb89e64a8,56.50736,-122.87117,12.31779,6.06438,-2.04615,-8.8006,-2.22942,8.42371,-6.98063,262.496377,2.3693,32.74733,-1.03334,,,,,,,3.03875,-17.51717,-15.13683,,,,,,,0.45239,5.0614,2.25857,,,,,,,,,,,,,,,,,,,,,,,,,,,,,High,High,High,Medium,High,,,
54,2025-01-31,14:29:35.97,5,1,"Cohen, Ben",1000115643,Right,POM_COL,"Morgan, Ben",1000115622,Left,POM_COL,Undefined,2,Top,1,0,0,Fastball,Sinker,InPlay,Undefined,Popup,Out,1,0,,86.22052,-0.526343,-3.494834,2114.601391,231.264454,1:45,5.98364,2.10117,4.14821,-25.79265,14.41249,16.3471,3.32857,0.10798,78.69236,-5.210383,-0.659788,0.456365,67.9652,55.3589,0.708278,4305.371673,,,,,70.38274,,,-8.81934,7.44016,-1.73154,50,5.89869,6.81386,-124.73692,-2.19051,-13.9211,24.65239,-20.42989,POM_COL,POM_COL,PomonaPitzer,TeamExclusive,Team,20250131-PomonaPitzer-Private-1,da276720-e022-11ef-8ec6-fd2c1b208846,82.59277,90.64525,,7.52816,,,,0.5714,3.28529,-0.10586,1bbb3642-f57c-4a84-8684-13f7541aee08,2025-01-31,22:29:35.97,2025-01-31T14:29:35.9758950-08:00,2025-01-31T22:29:35.9758950Z,,v3,POM_PIT,POM_PIT,,"Lee, Sammy",1000276388,Right,POM_COL,4d72a332-692a-46f6-a955-b37f269df821,56.35097,-125.98585,12.3262,5.98345,-1.15551,-10.21494,-2.0946,7.51912,-6.96055,174.828811,0.57142,56.65698,-14.23556,3.4661,-0.57094,-0.07111,0.10378,-0.03386,0.00381,3.28528,82.01231,-20.75983,1.7593,-0.4084,0.18398,-0.08892,0.02389,-0.00237,-0.10586,0.70116,-1.63105,0.01452,-0.01637,0.08403,-0.05852,0.01693,-0.00175,,,,,,,,,,,,,,,,,,,,,,,High,High,High,High,Undefined,,,
55,2025-01-31,14:30:07.11,6,1,"Cohen, Ben",1000115643,Right,POM_COL,"Gonzaga, Kai",10138924,Left,POM_COL,Undefined,2,Top,2,0,0,Fastball,Changeup,FoulBallNotFieldable,Undefined,Undefined,Undefined,0,0,,85.83804,-1.852308,-2.796134,2084.280541,227.045791,1:30,6.10566,2.03677,3.99613,-25.35025,15.53028,15.21989,2.20926,0.61426,78.32715,-6.443068,-0.160263,0.460182,,,,,,,,,,,,-8.09473,8.33268,-1.73706,50,5.86791,5.31263,-124.14173,-5.05095,-12.62265,25.02577,-19.18031,POM_COL,POM_COL,PomonaPitzer,TeamExclusive,Team,20250131-PomonaPitzer-Private-1,ecbc0670-e022-11ef-8ec6-fd2c1b208846,81.90767,,,7.51089,,,,,,,1bbb3642-f57c-4a84-8684-13f7541aee08,2025-01-31,22:30:07.11,2025-01-31T14:30:07.1143014-08:00,2025-01-31T22:30:07.1143014Z,,v3,POM_PIT,POM_PIT,,"Lee, Sammy",1000276388,Right,POM_COL,810d537d-53f6-4b09-9517-4e09bc77eeea,56.50304,-125.44583,12.51289,6.10508,-4.05146,-9.59016,-2.03104,5.9704,-6.31133,,,,,,,,,,,,,,,,,,,,,,,,,,,,,,,,,,,,,,,,,,,,,,,,,,,High,High,High,,,,,
56,2025-01-31,14:30:30.51,6,2,"Cohen, Ben",1000115643,Right,POM_COL,"Gonzaga, Kai",10138924,Left,POM_COL,Undefined,2,Top,2,0,1,Fastball,Changeup,BallCalled,Undefined,Undefined,Undefined,0,0,,85.73476,-1.734809,-4.972739,1988.561688,229.078871,1:45,6.00914,2.23907,3.82494,-26.08269,15.13276,15.93024,2.15541,-1.24203,78.51535,-6.426716,-2.23401,0.462063,,,,,,,,,,,,-9.0167,8.03351,-1.67787,50,5.77676,9.9906,-123.76392,-4.85175,-14.04723,23.67811,-19.65854,POM_COL,POM_COL,PomonaPitzer,TeamExclusive,Team,20250131-PomonaPitzer-Private-1,faab1280-e022-11ef-8ec6-fd2c1b208846,81.57416,,,7.21941,,,,,,,1bbb3642-f57c-4a84-8684-13f7541aee08,2025-01-31,22:30:30.51,2025-01-31T14:30:30.5130086-08:00,2025-01-31T22:30:30.5130086Z,,v3,POM_PIT,POM_PIT,,"Lee, Sammy",1000276388,Right,POM_COL,830bd3af-1b7c-4510-9e5e-6e5afd19425e,56.67659,-125.03474,11.83906,6.00884,-3.79666,-9.82927,-2.23431,10.74453,-7.02362,,,,,,,,,,,,,,,,,,,,,,,,,,,,,,,,,,,,,,,,,,,,,,,,,,,High,High,High,,,,,
57,2025-01-31,14:30:48.40,6,3,"Cohen, Ben",1000115643,Right,POM_COL,"Gonzaga, Kai",10138924,Left,POM_COL,Undefined,2,Top,2,1,1,ChangeUp,Changeup,StrikeCalled,Undefined,Undefined,Undefined,0,0,,75.87123,0.886013,-3.072111,1619.444652,257.260801,2:30,6.15102,2.26647,3.85285,-47.39506,4.91796,14.56639,3.05692,0.51573,69.73766,-7.534973,-0.556529,0.520567,,,,,,,,,,,,-7.7113,2.59622,-1.9274,50,6.19961,5.23976,-109.79744,-0.15845,-9.46068,18.52851,-28.98887,POM_COL,POM_COL,PomonaPitzer,TeamExclusive,Team,20250131-PomonaPitzer-Private-1,055f17d0-e023-11ef-8ec6-fd2c1b208846,72.40658,,,6.13357,,,,,,,1bbb3642-f57c-4a84-8684-13f7541aee08,2025-01-31,22:30:48.40,2025-01-31T14:30:48.4039270-08:00,2025-01-31T22:30:48.4039270Z,,v3,POM_PIT,POM_PIT,,"Lee, Sammy",1000276388,Right,POM_COL,77d5f3a6-1498-42bb-b069-85c7b6411ac7,56.64647,-110.91337,9.26426,6.15657,1.58748,-14.49444,-2.26014,5.80955,-4.73034,,,,,,,,,,,,,,,,,,,,,,,,,,,,,,,,,,,,,,,,,,,,,,,,,,,High,High,High,,,,,
58,2025-01-31,14:31:07.18,6,4,"Cohen, Ben",1000115643,Right,POM_COL,"Gonzaga, Kai",10138924,Left,POM_COL,Undefined,2,Top,3,1,2,Fastball,Sinker,HitByPitch,Undefined,Undefined,Undefined,0,0,,86.44519,-1.295779,-5.201218,2079.979457,228.807439,1:45,6.14213,1.99548,3.96854,-26.34942,13.98682,14.51162,2.69436,-1.8129,79.13897,-6.043027,-2.702022,0.457108,,,,,,,,,,,,-8.41591,7.39067,-1.41797,50,5.96509,10.65275,-124.79295,-3.93072,-13.33115,24.05715,-20.46695,POM_COL,POM_COL,PomonaPitzer,TeamExclusive,Team,20250131-PomonaPitzer-Private-1,1088c250-e023-11ef-8ec6-fd2c1b208846,82.45845,,,7.30622,,,,,,,1bbb3642-f57c-4a84-8684-13f7541aee08,2025-01-31,22:31:07.18,2025-01-31T14:31:07.1801446-08:00,2025-01-31T22:31:07.1801446Z,,v3,POM_PIT,POM_PIT,,"Lee, Sammy",1000276388,Right,POM_COL,78702a4a-99ed-41b5-a2d8-5fa8935862d9,56.53276,-126.04603,12.02857,6.14207,-2.86465,-10.23347,-1.99093,11.34713,-6.66557,,,,,,,,,,,,,,,,,,,,,,,,,,,,,,,,,,,,,,,,,,,,,,,,,,,High,High,High,,,,,
59,2025-01-31,14:33:18.42,1,1,"Kwak, Stephen",1000276384,Right,POM_COL,"DeGrazia, Tanner",1000214434,Right,POM_COL,Undefined,2,Bottom,0,0,0,Slider,Curveball,StrikeCalled,Undefined,Undefined,Undefined,0,0,,75.47266,2.736638,1.399175,2556.102413,40.7851,7:15,5.37913,0.50653,4.24409,-64.10637,-11.71721,-11.55808,2.65936,0.88299,69.10318,-8.665632,-0.615023,0.520945,,,,,,,,,,,,5.93563,-5.86114,-0.64677,50,5.61168,-2.16683,-109.29662,2.73293,7.15931,19.78001,-39.2435,POM_COL,POM_COL,PomonaPitzer,TeamExclusive,Team,20250131-PomonaPitzer-Private-1,5ecd8860-e023-11ef-8ec6-fd2c1b208846,72.35392,,,6.36948,,,,,,,1bbb3642-f57c-4a84-8684-13f7541aee08,2025-01-31,22:33:18.42,2025-01-31T14:33:18.4213606-08:00,2025-01-31T22:33:18.4213606Z,,v3,POM_PIT,POM_PIT,,"Savas, Peter",1000276389,Right,POM_COL,6e54901a-7d6c-4d7b-acbc-0e8cec5cd1e4,56.25855,-110.42345,9.89001,5.3923,4.96857,-19.62175,-0.51172,-2.57469,3.57966,,,,,,,,,,,,,,,,,,,,,,,,,,,,,,,,,,,,,,,,,,,,,,,,,,,High,High,High,,,,,
60,2025-01-31,14:33:30.90,1,2,"Kwak, Stephen",1000276384,Right,POM_COL,"DeGrazia, Tanner",1000214434,Right,POM_COL,Undefined,2,Bottom,0,0,1,Slider,Curveball,BallCalled,Undefined,Undefined,Undefined,0,0,,76.14849,3.411001,0.989936,2514.17538,64.411562,8:15,5.39242,0.48753,4.27429,-55.56786,-4.21162,-12.17949,4.02951,0.41976,69.54674,-6.523038,-1.130317,0.515784,,,,,,,,,,,,6.10402,-2.43866,-0.58194,50,5.70688,-1.36964,-110.20343,4.42759,7.5081,19.54793,-35.17369,POM_COL,POM_COL,PomonaPitzer,TeamExclusive,Team,20250131-PomonaPitzer-Private-1,664415f0-e023-11ef-8ec6-fd2c1b208846,73.07793,,,6.60175,,,,,,,1bbb3642-f57c-4a84-8684-13f7541aee08,2025-01-31,22:33:30.90,2025-01-31T14:33:30.9015142-08:00,2025-01-31T22:33:30.9015142Z,,v3,POM_PIT,POM_PIT,,"Savas, Peter",1000276389,Right,POM_COL,fb00f556-b481-4875-a4b9-c54f5bb2ca19,56.226,-111.30232,9.77397,5.40241,6.40489,-17.58685,-0.49308,-1.7917,3.75405,,,,,,,,,,,,,,,,,,,,,,,,,,,,,,,,,,,,,,,,,,,,,,,,,,,High,High,High,,,,,
61,2025-01-31,14:33:45.62,1,3,"Kwak, Stephen",1000276384,Right,POM_COL,"DeGrazia, Tanner",1000214434,Right,POM_COL,Undefined,2,Bottom,0,1,1,Fastball,Slider,BallCalled,Undefined,Undefined,Undefined,0,0,,86.0592,1.238823,-1.292752,2681.812698,138.235035,10:30,5.70397,0.15072,4.57662,-31.6397,7.77268,-5.9041,4.24649,-1.57149,79.04471,-4.49251,-2.326082,0.451843,,,,,,,,,,,,2.53866,3.83122,-0.01107,50,5.80304,3.09689,-124.81267,1.42876,4.03316,23.44416,-26.08741,POM_COL,POM_COL,PomonaPitzer,TeamExclusive,Team,20250131-PomonaPitzer-Private-1,6f02b3e0-e023-11ef-8ec6-fd2c1b208846,83.41932,,,7.01449,,,,,,,1bbb3642-f57c-4a84-8684-13f7541aee08,2025-01-31,22:33:45.62,2025-01-31T14:33:45.6259174-08:00,2025-01-31T22:33:45.6259174Z,,v3,POM_PIT,POM_PIT,,"Savas, Peter",1000276389,Right,POM_COL,9286755f-a4ab-4b63-96d8-7a82123dd5de,55.92197,-125.92011,11.72208,5.70644,2.66106,-13.0437,-0.15286,2.90638,2.01658,,,,,,,,,,,,,,,,,,,,,,,,,,,,,,,,,,,,,,,,,,,,,,,,,,,High,High,High,,,,,
62,2025-01-31,14:34:01.53,1,4,"Kwak, Stephen",1000276384,Right,POM_COL,"DeGrazia, Tanner",1000214434,Right,POM_COL,Undefined,2,Bottom,0,2,1,Fastball,Cutter,StrikeSwinging,Undefined,Undefined,Undefined,0,0,,87.31922,0.017891,-0.215419,2490.266661,186.939775,12:15,5.52292,0.46006,4.89928,-26.41431,11.45701,1.2541,3.33865,0.36082,80.06521,-4.822914,0.005608,0.442921,,,,,,,,,,,,-0.67343,6.00201,-0.44007,50,5.5029,0.41774,-126.71322,-0.96378,-1.10008,24.73878,-22.36922,POM_COL,POM_COL,PomonaPitzer,TeamExclusive,Team,20250131-PomonaPitzer-Private-1,786f6c20-e023-11ef-8ec6-fd2c1b208846,85.09964,,,7.254,,,,,,,1bbb3642-f57c-4a84-8684-13f7541aee08,2025-01-31,22:34:01.53,2025-01-31T14:34:01.5356518-08:00,2025-01-31T22:34:01.5356518Z,,v3,POM_PIT,POM_PIT,,"Savas, Peter",1000276389,Right,POM_COL,51bb9e69-d325-4f7a-8288-c58eca6fff7b,55.59849,-127.80157,12.36939,5.52365,0.02032,-11.18461,-0.45951,0.46614,-0.55004,,,,,,,,,,,,,,,,,,,,,,,,,,,,,,,,,,,,,,,,,,,,,,,,,,,High,High,High,,,,,
63,2025-01-31,14:34:17.51,1,5,"Kwak, Stephen",1000276384,Right,POM_COL,"DeGrazia, Tanner",1000214434,Right,POM_COL,Undefined,2,Bottom,0,2,2,Fastball,Slider,BallCalled,Undefined,Undefined,Undefined,0,0,,86.91995,-0.146399,-1.975787,2561.436459,162.595232,11:30,5.74477,0.1016,4.59238,-33.89569,4.98611,-1.17579,2.78079,-1.87644,79.51503,-6.270318,-2.181732,0.448791,,,,,,,,,,,,0.02213,2.86666,0.10359,50,5.69852,4.40162,-125.94493,-1.71446,0.03556,25.5316,-27.56871,POM_COL,POM_COL,PomonaPitzer,TeamExclusive,Team,20250131-PomonaPitzer-Private-1,8201fbe0-e023-11ef-8ec6-fd2c1b208846,83.98653,,,7.40492,,,,,,,1bbb3642-f57c-4a84-8684-13f7541aee08,2025-01-31,22:34:17.51,2025-01-31T14:34:17.5107174-08:00,2025-01-31T22:34:17.5107174Z,,v3,POM_PIT,POM_PIT,,"Savas, Peter",1000276389,Right,POM_COL,7052bf7f-3d32-4ba5-802a-42ae0a070ec2,55.90504,-127.13637,12.7658,5.7485,-0.42796,-13.78436,-0.10177,4.39996,0.01778,,,,,,,,,,,,,,,,,,,,,,,,,,,,,,,,,,,,,,,,,,,,,,,,,,,High,High,High,,,,,
64,2025-01-31,14:34:35.40,1,6,"Kwak, Stephen",1000276384,Right,POM_COL,"DeGrazia, Tanner",1000214434,Right,POM_COL,Undefined,2,Bottom,0,3,2,Fastball,Slider,InPlay,Undefined,GroundBall,Error,0,0,,87.14141,-0.414137,-0.202294,2489.549508,190.727835,12:15,5.68989,0.05185,4.51327,-27.80324,10.93319,1.83756,2.97845,0.01228,79.64432,-5.471825,0.119355,0.447952,63.4312,-24.721785,-13.98415,,,,,7.55528,7.55528,-11.541674,0.074757,-0.95496,5.79461,-0.03256,50,5.62066,0.35845,-126.34211,-2.02421,-1.54393,25.68089,-22.80563,POM_COL,POM_COL,PomonaPitzer,TeamExclusive,Team,20250131-PomonaPitzer-Private-1,8ca92ff0-e023-11ef-8ec6-fd2c1b208846,84.144,2.92352,,7.49708,,,,1.24087,2.92352,0.02279,1bbb3642-f57c-4a84-8684-13f7541aee08,2025-01-31,22:34:35.40,2025-01-31T14:34:35.4011238-08:00,2025-01-31T22:34:35.4011238Z,GroundBall,v3,POM_PIT,POM_PIT,,"Savas, Peter",1000276389,Right,POM_COL,d1bf0d02-de36-4d4c-b6b9-ddac630caa13,55.98554,-127.55295,12.84044,5.69075,-0.94893,-11.40281,-0.05118,0.43124,-0.77197,180,1.23581,82.4224,,,,,,,,2.92593,-39.10707,,,,,,,,0.02406,-20.52599,,,,,,,,,,,,,,,,,,,,,,,,,,,,,,High,High,High,High,High,,,
65,2025-01-31,14:35:14.77,2,1,"Kwak, Stephen",1000276384,Right,POM_COL,"An, Andrew",10074820,Right,POM_COL,Undefined,2,Bottom,0,0,0,Slider,Curveball,StrikeCalled,Undefined,Undefined,Undefined,0,0,,74.20453,2.851479,1.200328,2528.729359,52.610275,7:45,5.42595,0.43062,4.00845,-62.1931,-7.70863,-12.30012,2.98737,0.55973,68.10949,-8.176377,-0.932834,0.531261,,,,,,,,,,,,6.16071,-3.8826,-0.55224,50,5.68042,-1.71293,-107.44321,2.92976,7.2121,18.36122,-36.71923,POM_COL,POM_COL,PomonaPitzer,TeamExclusive,Team,20250131-PomonaPitzer-Private-1,a4272240-e023-11ef-8ec6-fd2c1b208846,70.94902,,,6.09503,,,,,,,1bbb3642-f57c-4a84-8684-13f7541aee08,2025-01-31,22:35:14.77,2025-01-31T14:35:14.7796070-08:00,2025-01-31T22:35:14.7796070Z,,v3,POM_PIT,POM_PIT,,"Savas, Peter",1000276389,Right,POM_COL,e57ba862-628a-46d1-9b2b-f02dc2c379e8,56.4933,-108.5472,9.18061,5.43789,5.13753,-18.35962,-0.43622,-2.14656,3.60605,,,,,,,,,,,,,,,,,,,,,,,,,,,,,,,,,,,,,,,,,,,,,,,,,,,High,High,High,,,,,
66,2025-01-31,14:35:46.78,2,2,"Kwak, Stephen",1000276384,Right,POM_COL,"An, Andrew",10074820,Right,POM_COL,Undefined,2,Bottom,0,0,1,Splitter,Splitter,BallCalled,Undefined,Undefined,Undefined,0,0,,81.20813,1.931693,0.862347,790.598096,206.51248,1:00,5.65306,0.22731,4.56024,-39.35774,5.97965,2.1528,4.21261,1.22749,72.9399,-5.23665,1.239135,0.484618,,,,,,,,,,,,-0.75051,2.83402,-0.31891,50,5.81771,-1.86792,-117.37785,2.44697,-1.03076,25.44071,-28.28176,POM_COL,POM_COL,PomonaPitzer,TeamExclusive,Team,20250131-PomonaPitzer-Private-1,b731dbf0-e023-11ef-8ec6-fd2c1b208846,77.77761,,,8.26822,,,,,,,1bbb3642-f57c-4a84-8684-13f7541aee08,2025-01-31,22:35:46.78,2025-01-31T14:35:46.7869798-08:00,2025-01-31T22:35:46.7869798Z,,v3,POM_PIT,POM_PIT,,"Savas, Peter",1000276389,Right,POM_COL,faae5411-afe7-4b17-bdc1-2f3d98d0fc96,55.9322,-118.65664,12.72035,5.65899,3.86857,-14.14088,-0.22632,-1.81611,-0.51538,,,,,,,,,,,,,,,,,,,,,,,,,,,,,,,,,,,,,,,,,,,,,,,,,,,High,High,High,,,,,
67,2025-01-31,14:36:17.51,2,3,"Kwak, Stephen",1000276384,Right,POM_COL,"An, Andrew",10074820,Right,POM_COL,Undefined,2,Bottom,0,1,1,Slider,Curveball,StrikeSwinging,Undefined,Undefined,Undefined,0,0,,76.04064,0.868435,-1.213595,2573.920457,37.057167,7:15,5.36144,0.34544,4.32104,-61.66208,-9.85721,-8.77792,1.05333,-1.54631,69.47561,-10.10436,-2.747662,0.518032,,,,,,,,,,,,3.86177,-4.51736,-0.20493,50,5.39255,2.71036,-110.12,-0.70058,4.68576,21.71795,-37.65532,POM_COL,POM_COL,PomonaPitzer,TeamExclusive,Team,20250131-PomonaPitzer-Private-1,c991afa0-e023-11ef-8ec6-fd2c1b208846,72.7608,,,6.56503,,,,,,,1bbb3642-f57c-4a84-8684-13f7541aee08,2025-01-31,22:36:17.51,2025-01-31T14:36:17.5150000-08:00,2025-01-31T22:36:17.5150000Z,,v3,POM_PIT,POM_PIT,,"Savas, Peter",1000276389,Right,POM_COL,e64bc195-91f0-4df0-b903-e4e3e491bc2c,56.17997,-111.33215,10.85897,5.373,1.40108,-18.82766,-0.3489,2.44884,2.34288,,,,,,,,,,,,,,,,,,,,,,,,,,,,,73.65433,,,1.409106,,,,-0.91647,6.28782,3.58836,127.29837,13.80923,7.06796,-0.31032,101.42514,-7.58593,6.43841,22.68876,-12.35411,3.58261,2.46798,0.00276,High,High,High,,,High,High,High
68,2025-01-31,14:36:54.84,2,4,"Kwak, Stephen",1000276384,Right,POM_COL,"An, Andrew",10074820,Right,POM_COL,Undefined,2,Bottom,0,1,2,Fastball,Cutter,BallCalled,Undefined,Undefined,Undefined,0,0,,85.53168,0.159855,-2.08251,2574.49668,162.416842,11:30,5.63488,0.23448,4.72124,-29.75572,10.16489,-2.82382,3.30703,-1.97785,78.23692,-5.262025,-2.577867,0.454747,,,,,,,,,,,,0.80933,5.31949,-0.02145,50,5.62501,4.63912,-123.96004,-0.80059,1.26094,24.47361,-23.88619,POM_COL,POM_COL,PomonaPitzer,TeamExclusive,Team,20250131-PomonaPitzer-Private-1,dfbfc960-e023-11ef-8ec6-fd2c1b208846,82.88658,,,7.29477,,,,,,,1bbb3642-f57c-4a84-8684-13f7541aee08,2025-01-31,22:36:54.84,2025-01-31T14:36:54.8493926-08:00,2025-01-31T22:36:54.8493926Z,,v3,POM_PIT,POM_PIT,,"Savas, Peter",1000276389,Right,POM_COL,9b2593fd-cbc7-45e3-b8e1-2a8926842528,55.77632,-125.09527,12.2368,5.63644,0.30739,-11.94309,-0.23528,4.58063,0.63047,,,,,,,,,,,,,,,,,,,,,,,,,,,,,,,,,,,,,,,,,,,,,,,,,,,High,High,High,,,,,
69,2025-01-31,14:37:16.86,2,5,"Kwak, Stephen",1000276384,Right,POM_COL,"An, Andrew",10074820,Right,POM_COL,Undefined,2,Bottom,0,2,2,Splitter,Splitter,FoulBallNotFieldable,Undefined,Undefined,Undefined,0,0,,82.56993,1.14356,0.187669,908.370207,213.450825,1:00,5.67231,0.18289,4.6386,-39.39876,4.60453,1.90807,3.47603,0.52026,73.75395,-6.045973,0.522405,0.477435,,,,,,,,,,,,-0.8426,2.46335,-0.20388,50,5.75468,-0.4832,-119.29174,0.83949,-1.18693,27.7517,-28.70408,POM_COL,POM_COL,PomonaPitzer,TeamExclusive,Team,20250131-PomonaPitzer-Private-1,ece48090-e023-11ef-8ec6-fd2c1b208846,78.94784,,,8.81598,,,,,,,1bbb3642-f57c-4a84-8684-13f7541aee08,2025-01-31,22:37:16.86,2025-01-31T14:37:16.8659046-08:00,2025-01-31T22:37:16.8659046Z,,v3,POM_PIT,POM_PIT,,"Savas, Peter",1000276389,Right,POM_COL,582b05ea-cf0e-4b20-a7b5-b7579a21617f,55.85098,-120.64521,13.87585,5.6796,2.23942,-14.35204,-0.18173,-0.42531,-0.59346,,,,,,,,,,,,,,,,,,,,,,,,,,,,,,,,,,,,,,,,,,,,,,,,,,,High,High,High,,,,,
70,2025-01-31,14:37:52.30,2,6,"Kwak, Stephen",1000276384,Right,POM_COL,"An, Andrew",10074820,Right,POM_COL,Undefined,2,Bottom,0,2,2,Slider,Curveball,StrikeSwinging,Strikeout,Undefined,Undefined,0,0,,75.02813,1.211688,0.05656,2686.376449,46.067733,7:30,5.35052,0.43695,4.26307,-65.34665,-11.86985,-14.26828,1.06463,-0.69795,68.36704,-10.409635,-2.436379,0.526325,,,,,,,,,,,,6.89075,-5.56114,-0.42742,50,5.41494,0.50397,-108.63765,-0.20487,8.10847,21.76128,-38.71796,POM_COL,POM_COL,PomonaPitzer,TeamExclusive,Team,20250131-PomonaPitzer-Private-1,02191f20-e024-11ef-8ec6-fd2c1b208846,71.61435,,,6.6611,,,,,,,1bbb3642-f57c-4a84-8684-13f7541aee08,2025-01-31,22:37:52.30,2025-01-31T14:37:52.3070000-08:00,2025-01-31T22:37:52.3070000Z,,v3,POM_PIT,POM_PIT,,"Savas, Peter",1000276389,Right,POM_COL,9f44619b-eca2-406a-adae-5ca5ead53f9d,56.23865,-109.88021,10.88064,5.36352,2.00592,-19.35898,-0.44298,0.04097,4.05423,,,,,,,,,,,,,,,,,,,,,,,,,,,,,70.39405,,,0.935522,,,,-2.38481,5.68585,4.687,62.63895,5.13959,62.14422,-2.32388,77.97376,-9.19801,5.69633,10.78052,-12.1747,4.70922,65.38574,-4.29568,High,High,High,,,High,High,High
71,2025-01-31,14:39:17.06,3,1,"Kwak, Stephen",1000276384,Right,POM_COL,"Hattenburg, Xavier",10277269,Left,POM_COL,Undefined,2,Bottom,1,0,0,Fastball,Slider,StrikeCalled,Undefined,Undefined,Undefined,0,0,,85.83499,-0.52659,-0.072364,2563.007141,201.620664,12:45,5.58285,0.46734,4.77552,-31.29868,8.33091,2.79158,2.47542,0.63137,78.3792,-6.225715,0.418814,0.453087,,,,,,,,,,,,-1.38752,4.63284,-0.46267,50,5.50322,0.02701,-124.44622,-2.35964,-2.17161,25.43663,-24.92325,POM_COL,POM_COL,PomonaPitzer,TeamExclusive,Team,20250131-PomonaPitzer-Private-1,34852440-e024-11ef-8ec6-fd2c1b208846,83.19037,,,7.4558,,,,,,,1bbb3642-f57c-4a84-8684-13f7541aee08,2025-01-31,22:39:17.06,2025-01-31T14:39:17.0626662-08:00,2025-01-31T22:39:17.0626662Z,,v3,POM_PIT,POM_PIT,,"Savas, Peter",1000276389,Right,POM_COL,fa58135a-17d5-4dec-a0eb-80ebea012011,55.72183,-125.61031,12.71831,5.5851,-1.21904,-12.46162,-0.46618,0.1264,-1.0858,,,,,,,,,,,,,,,,,,,,,,,,,,,,,,,,,,,,,,,,,,,,,,,,,,,High,High,High,,,,,
72,2025-01-31,14:39:36.85,3,2,"Kwak, Stephen",1000276384,Right,POM_COL,"Hattenburg, Xavier",10277269,Left,POM_COL,Undefined,2,Bottom,1,0,1,Splitter,Changeup,BallCalled,Undefined,Undefined,Undefined,0,0,,82.78459,0.531572,0.623335,1133.692348,252.764174,2:30,5.58815,0.51959,4.5592,-38.69077,5.29292,11.46662,2.86989,2.06843,73.93276,-6.517737,2.631956,0.477328,,,,,,,,,,,,-5.28595,2.93559,-0.59557,50,5.60805,-1.84707,-119.6135,-0.40161,-7.46264,28.56041,-28.02961,POM_COL,POM_COL,PomonaPitzer,TeamExclusive,Team,20250131-PomonaPitzer-Private-1,405fa830-e024-11ef-8ec6-fd2c1b208846,78.96543,,,8.85183,,,,,,,1bbb3642-f57c-4a84-8684-13f7541aee08,2025-01-31,22:39:36.85,2025-01-31T14:39:36.8535654-08:00,2025-01-31T22:39:36.8535654Z,,v3,POM_PIT,POM_PIT,,"Savas, Peter",1000276389,Right,POM_COL,5d005594-993c-4fb2-ad67-1db5872789de,55.93334,-121.02193,14.2802,5.59378,0.98064,-14.0148,-0.51356,-1.47906,-3.73132,,,,,,,,,,,,,,,,,,,,,,,,,,,,,,,,,,,,,,,,,,,,,,,,,,,High,High,High,,,,,
73,2025-01-31,14:39:55.76,3,3,"Kwak, Stephen",1000276384,Right,POM_COL,"Hattenburg, Xavier",10277269,Left,POM_COL,Undefined,2,Bottom,1,1,1,Fastball,Slider,BallCalled,Undefined,Undefined,Undefined,0,0,,83.22385,0.122739,-1.555418,2614.867252,167.719249,11:30,5.6841,0.2887,4.68869,-33.80573,8.16189,-1.50461,2.98354,-1.3139,76.60175,-6.000348,-1.819464,0.466261,,,,,,,,,,,,0.33441,4.34776,-0.12927,50,5.66639,3.34614,-120.73255,-1.03697,0.49688,22.03564,-25.7139,POM_COL,POM_COL,PomonaPitzer,TeamExclusive,Team,20250131-PomonaPitzer-Private-1,4b94eb70-e024-11ef-8ec6-fd2c1b208846,80.83986,,,6.6221,,,,,,,1bbb3642-f57c-4a84-8684-13f7541aee08,2025-01-31,22:39:55.76,2025-01-31T14:39:55.7612134-08:00,2025-01-31T22:39:55.7612134Z,,v3,POM_PIT,POM_PIT,,"Savas, Peter",1000276389,Right,POM_COL,0ca742b3-ce0e-41d1-b2bd-277eb2bf064f,55.81018,-121.78839,11.01782,5.68656,0.1951,-12.85695,-0.28904,3.32233,0.24844,,,,,,,,,,,,,,,,,,,,,,,,,,,,,,,,,,,,,,,,,,,,,,,,,,,High,High,High,,,,,
74,2025-01-31,14:40:13.16,3,4,"Kwak, Stephen",1000276384,Right,POM_COL,"Hattenburg, Xavier",10277269,Left,POM_COL,Undefined,2,Bottom,1,2,1,Fastball,Slider,BallCalled,Undefined,Undefined,Undefined,0,0,,85.8481,0.428808,-1.743381,2676.566999,203.759135,12:45,5.65705,0.2872,4.70025,-34.57057,5.74555,1.87835,3.18343,-1.21176,77.26232,-5.876608,-1.413704,0.456994,,,,,,,,,,,,-1.47874,3.1198,-0.11222,50,5.67016,3.68993,-124.18158,-0.43974,-2.27227,28.56715,-27.38002,POM_COL,POM_COL,PomonaPitzer,TeamExclusive,Team,20250131-PomonaPitzer-Private-1,55fccc90-e024-11ef-8ec6-fd2c1b208846,82.47904,,,8.58577,,,,,,,1bbb3642-f57c-4a84-8684-13f7541aee08,2025-01-31,22:40:13.16,2025-01-31T14:40:13.1607142-08:00,2025-01-31T22:40:13.1607142Z,,v3,POM_PIT,POM_PIT,,"Savas, Peter",1000276389,Right,POM_COL,9cbc891c-4500-459f-a53c-6bcf655481c4,55.7947,-125.50753,14.28358,5.66107,0.83111,-13.69001,-0.28594,3.7954,-1.13614,,,,,,,,,,,,,,,,,,,,,,,,,,,,,,,,,,,,,,,,,,,,,,,,,,,High,High,High,,,,,
75,2025-01-31,14:40:34.29,3,5,"Kwak, Stephen",1000276384,Right,POM_COL,"Hattenburg, Xavier",10277269,Left,POM_COL,Undefined,2,Bottom,1,3,1,Fastball,Slider,BallCalled,Walk,Undefined,Undefined,0,0,,85.74353,-0.212328,-1.971127,2573.968865,200.891881,12:45,5.62534,0.05874,4.84887,-33.46797,6.59398,1.97138,2.63522,-1.64377,77.50061,-6.324799,-1.62415,0.455551,,,,,,,,,,,,-1.58394,3.74914,0.13424,50,5.57636,4.1785,-124.09855,-1.75559,-2.43897,27.75307,-26.40103,POM_COL,POM_COL,PomonaPitzer,TeamExclusive,Team,20250131-PomonaPitzer-Private-1,629b8ae0-e024-11ef-8ec6-fd2c1b208846,82.74027,,,8.24292,,,,,,,1bbb3642-f57c-4a84-8684-13f7541aee08,2025-01-31,22:40:34.29,2025-01-31T14:40:34.2980710-08:00,2025-01-31T22:40:34.2980710Z,,v3,POM_PIT,POM_PIT,,"Savas, Peter",1000276389,Right,POM_COL,d39a0a61-92e3-4a29-951e-3ff5594f6ad9,55.64655,-125.35497,13.87654,5.62878,-0.56038,-13.20051,-0.05742,4.28892,-1.21948,,,,,,,,,,,,,,,,,,,,,,,,,,,,,,,,,,,,,,,,,,,,,,,,,,,High,High,High,,,,,
76,2025-01-31,14:41:07.90,4,1,"Kwak, Stephen",1000276384,Right,POM_COL,"Evans, Carson",1000276380,Right,POM_COL,Undefined,2,Bottom,1,0,0,Slider,Curveball,StrikeCalled,Undefined,Undefined,Undefined,0,0,,75.57078,1.498793,0.195903,2719.714253,40.230505,7:15,5.36294,0.82133,4.47368,-60.67212,-8.93461,-8.95599,1.73598,0.26174,69.39237,-9.332989,-1.373385,0.517695,,,,,,,,,,,,4.39992,-4.2602,-0.83279,50,5.46188,0.00325,-109.569,0.58344,5.32962,20.00917,-37.33445,POM_COL,POM_COL,PomonaPitzer,TeamExclusive,Team,20250131-PomonaPitzer-Private-1,769efc70-e024-11ef-8ec6-fd2c1b208846,72.80816,,,6.17841,,,,,,,1bbb3642-f57c-4a84-8684-13f7541aee08,2025-01-31,22:41:07.90,2025-01-31T14:41:07.9092326-08:00,2025-01-31T22:41:07.9092326Z,,v3,POM_PIT,POM_PIT,,"Savas, Peter",1000276389,Right,POM_COL,57998eb0-de34-4aa8-b796-ecb2c0c53a59,56.02811,-110.66436,10.00458,5.374,2.62724,-18.66723,-0.82498,-0.28851,2.66481,,,,,,,,,,,,,,,,,,,,,,,,,,,,,,,,,,,,,,,,,,,,,,,,,,,High,High,High,,,,,
77,2025-01-31,14:41:50.01,4,2,"Kwak, Stephen",1000276384,Right,POM_COL,"Evans, Carson",1000276380,Right,POM_COL,Undefined,2,Bottom,1,0,1,Slider,Curveball,BallCalled,Undefined,Undefined,Undefined,0,0,,74.63087,1.471196,0.93224,2504.468199,34.899961,7:15,5.43389,0.56878,4.15717,-66.14216,-12.50158,-9.9069,1.33308,0.63709,68.70734,-10.240237,-0.795101,0.52713,,,,,,,,,,,,5.03075,-5.93729,-0.66086,50,5.52596,-1.33781,-108.18264,0.22633,5.94398,19.40302,-39.18915,POM_COL,POM_COL,PomonaPitzer,TeamExclusive,Team,20250131-PomonaPitzer-Private-1,8fb8eb80-e024-11ef-8ec6-fd2c1b208846,71.50495,,,5.92353,,,,,,,1bbb3642-f57c-4a84-8684-13f7541aee08,2025-01-31,22:41:50.01,2025-01-31T14:41:50.0167270-08:00,2025-01-31T22:41:50.0167270Z,,v3,POM_PIT,POM_PIT,,"Savas, Peter",1000276389,Right,POM_COL,43657011-c206-4877-8bb9-b6db6f3fbdec,56.34628,-109.31495,9.70151,5.44602,2.5133,-19.59458,-0.57267,-1.68469,2.97199,,,,,,,,,,,,,,,,,,,,,,,,,,,,,,,,,,,,,,,,,,,,,,,,,,,High,High,High,,,,,
78,2025-01-31,14:42:08.38,4,3,"Kwak, Stephen",1000276384,Right,POM_COL,"Evans, Carson",1000276380,Right,POM_COL,Undefined,2,Bottom,1,1,1,Fastball,Slider,FoulBallNotFieldable,Undefined,Undefined,Undefined,0,0,,85.59288,-0.721773,-1.209919,2534.890806,198.203826,12:30,5.58074,0.5372,4.9059,-31.82643,7.63067,2.11012,2.24577,-0.43134,78.62759,-6.509717,-0.837848,0.452099,,,,,,,,,,,,-1.36677,4.32819,-0.42076,50,5.48371,2.52719,-124.182,-2.78314,-2.14176,24.05577,-25.39176,POM_COL,POM_COL,PomonaPitzer,TeamExclusive,Team,20250131-PomonaPitzer-Private-1,9aa42d70-e024-11ef-8ec6-fd2c1b208846,83.37203,,,6.96529,,,,,,,1bbb3642-f57c-4a84-8684-13f7541aee08,2025-01-31,22:42:08.38,2025-01-31T14:42:08.3871334-08:00,2025-01-31T22:42:08.3871334Z,,v3,POM_PIT,POM_PIT,,"Savas, Peter",1000276389,Right,POM_COL,157983cc-f362-402b-a9e3-8113487190a8,55.59296,-125.26075,12.02789,5.58298,-1.64448,-12.69588,-0.53624,2.62324,-1.07088,,,,,,,,,,,,,,,,,,,,,,,,,,,,,,,,,,,,,,,,,,,,,,,,,,,High,High,High,,,,,
79,2025-01-31,14:42:46.80,4,4,"Kwak, Stephen",1000276384,Right,POM_COL,"Evans, Carson",1000276380,Right,POM_COL,Undefined,2,Bottom,1,1,2,Fastball,Slider,FoulBallNotFieldable,Undefined,Undefined,Undefined,0,0,,85.73545,0.059651,-0.370112,2459.550303,180.781007,12:00,5.63653,0.59556,4.82466,-27.67592,11.71237,0.14335,3.3867,0.25696,78.64553,-5.002462,-0.344886,0.451705,,,,,,,,,,,,-0.16815,6.11315,-0.55899,50,5.61905,0.79703,-124.40587,-0.91478,-0.26478,23.81932,-22.54692,POM_COL,POM_COL,PomonaPitzer,TeamExclusive,Team,20250131-PomonaPitzer-Private-1,b1889ee0-e024-11ef-8ec6-fd2c1b208846,83.44481,,,7.08993,,,,,,,1bbb3642-f57c-4a84-8684-13f7541aee08,2025-01-31,22:42:46.80,2025-01-31T14:42:46.8059238-08:00,2025-01-31T22:42:46.8059238Z,,v3,POM_PIT,POM_PIT,,"Savas, Peter",1000276389,Right,POM_COL,8f6914e3-e2ed-457e-8d88-e446219c8ea0,55.67345,-125.48743,11.90966,5.63735,0.10901,-11.27346,-0.59545,0.80906,-0.13239,,,,,,,,,,,,,,,,,,,,,,,,,,,,,,,,,,,,,,,,,,,,,,,,,,,High,High,High,,,,,
80,2025-01-31,14:43:33.55,4,5,"Kwak, Stephen",1000276384,Right,POM_COL,"Evans, Carson",1000276380,Right,POM_COL,Undefined,2,Bottom,1,1,2,Splitter,Splitter,FoulBallNotFieldable,Undefined,Undefined,Undefined,0,0,,82.39389,-0.273901,-0.529511,1023.709443,208.413854,1:00,5.70587,0.25193,4.73517,-31.81695,11.7756,5.5139,2.79461,0.20907,74.34964,-6.112031,0.439598,0.475201,,,,,,,,,,,,-2.88272,6.30607,-0.20382,50,5.65087,0.85629,-119.28485,-1.73061,-4.09239,26.09491,-23.22181,POM_COL,POM_COL,PomonaPitzer,TeamExclusive,Team,20250131-PomonaPitzer-Private-1,cd6caa70-e024-11ef-8ec6-fd2c1b208846,79.31891,,,8.04424,,,,,,,1bbb3642-f57c-4a84-8684-13f7541aee08,2025-01-31,22:43:33.55,2025-01-31T14:43:33.5501414-08:00,2025-01-31T22:43:33.5501414Z,,v3,POM_PIT,POM_PIT,,"Savas, Peter",1000276389,Right,POM_COL,6e630a84-4404-47fd-9048-5f27c7ea94f3,55.7615,-120.53866,13.04745,5.70721,-0.61485,-11.61091,-0.24969,1.05292,-2.04619,,,,,,,,,,,,,,,,,,,,,,,,,,,,,,,,,,,,,,,,,,,,,,,,,,,High,High,High,,,,,
81,2025-01-31,14:43:56.93,4,6,"Kwak, Stephen",1000276384,Right,POM_COL,"Evans, Carson",1000276380,Right,POM_COL,Undefined,2,Bottom,1,1,2,Fastball,Slider,FoulBallNotFieldable,Undefined,Undefined,Undefined,0,0,,85.59905,-0.489449,-1.043633,2423.673492,202.576883,12:45,5.60506,0.28882,4.77132,-27.97667,11.66351,4.34087,2.80957,-0.33896,78.5113,-5.597073,-0.280365,0.453147,,,,,,,,,,,,-2.41748,6.22689,-0.18837,50,5.53198,2.06346,-124.17667,-2.12255,-3.78862,24.00673,-22.41535,POM_COL,POM_COL,PomonaPitzer,TeamExclusive,Team,20250131-PomonaPitzer-Private-1,db55c310-e024-11ef-8ec6-fd2c1b208846,83.17925,,,7.08775,,,,,,,1bbb3642-f57c-4a84-8684-13f7541aee08,2025-01-31,22:43:56.93,2025-01-31T14:43:56.9327718-08:00,2025-01-31T22:43:56.9327718Z,,v3,POM_PIT,POM_PIT,,"Savas, Peter",1000276389,Right,POM_COL,b58d11c0-7dac-4f5a-91cc-e693db23c54f,55.72754,-125.27906,12.00337,5.60581,-1.09323,-11.20768,-0.28712,2.23744,-1.89431,,,,,,,,,,,,,,,,,,,,,,,,,,,,,,,,,,,,,,,,,,,,,,,,,,,High,High,High,,,,,
82,2025-01-31,14:44:22.79,4,7,"Kwak, Stephen",1000276384,Right,POM_COL,"Evans, Carson",1000276380,Right,POM_COL,Undefined,2,Bottom,1,1,2,Splitter,Splitter,InPlay,Undefined,GroundBall,FieldersChoice,0,0,,82.80721,-0.476848,-1.205029,1025.287311,226.230867,1:30,5.63689,0.23632,4.96418,-35.93667,6.37296,5.21366,2.19158,-0.46775,75.69905,-7.019818,-0.284475,0.468157,,,,,,,,,,,,-2.94146,3.67481,-0.12428,50,5.56138,2.30103,-120.09114,-2.32382,-4.28155,23.96613,-26.82505,POM_COL,POM_COL,PomonaPitzer,TeamExclusive,Team,20250131-PomonaPitzer-Private-1,eac63f00-e024-11ef-8ec6-fd2c1b208846,80.51246,,,7.10817,,,,,,,1bbb3642-f57c-4a84-8684-13f7541aee08,2025-01-31,22:44:22.79,2025-01-31T14:44:22.7947622-08:00,2025-01-31T22:44:22.7947622Z,,v3,POM_PIT,POM_PIT,,"Savas, Peter",1000276389,Right,POM_COL,39012db4-4ef7-4ae6-811f-3495c1732cf0,55.5351,-121.19072,11.98306,5.63976,-1.09306,-13.41253,-0.23436,2.49747,-2.14077,,,,,,,,,,,,,,,,,,,,,,,,,,,,,,,,,,,,,,,,,,,,,,,,,,,High,High,High,,,,,
83,2025-01-31,14:45:00.38,5,1,"Kwak, Stephen",1000276384,Right,POM_COL,"Nahabedian, George",1000214430,Right,POM_COL,Undefined,2,Bottom,1,0,0,Slider,Curveball,StrikeCalled,Undefined,Undefined,Undefined,0,0,,76.13335,2.540125,0.46662,2674.63073,32.446152,7:00,5.35142,0.47782,4.39899,-60.6281,-9.9939,-7.28075,2.72542,0.31652,70.39316,-8.254265,-0.805988,0.512146,,,,,,,,,,,,3.6424,-5.03233,-0.51993,50,5.5618,-0.58926,-110.4508,2.57307,4.53398,18.2612,-38.43819,POM_COL,POM_COL,PomonaPitzer,TeamExclusive,Team,20250131-PomonaPitzer-Private-1,01309e70-e025-11ef-8ec6-fd2c1b208846,73.59712,,,5.74018,,,,,,,1bbb3642-f57c-4a84-8684-13f7541aee08,2025-01-31,22:45:00.38,2025-01-31T14:45:00.3843686-08:00,2025-01-31T22:45:00.3843686Z,,v3,POM_PIT,POM_PIT,,"Savas, Peter",1000276389,Right,POM_COL,011d5049-76a9-4297-81db-33ed06442285,56.10445,-111.4555,9.1306,5.36206,4.68787,-19.2191,-0.48065,-0.83871,2.26699,,,,,,,,,,,,,,,,,,,,,,,,,,,,,,,,,,,,,,,,,,,,,,,,,,,High,High,High,,,,,
84,2025-01-31,14:45:15.27,5,2,"Kwak, Stephen",1000276384,Right,POM_COL,"Nahabedian, George",1000214430,Right,POM_COL,Undefined,2,Bottom,3,0,1,Slider,Curveball,InPlay,Undefined,GroundBall,Error,0,0,,75.64995,1.810656,0.12931,2627.076659,38.869223,7:15,5.38635,0.4818,4.00891,-64.32011,-12.12894,-11.03012,1.76761,-0.31306,69.92355,-9.54304,-1.78731,0.51996,75.39771,-30.72157,-47.897431,,,,,5.0044,5.0044,-25.05535,0.03399,5.35634,-5.95453,-0.48328,50,5.51927,0.22665,-109.71691,0.93296,6.5487,18.86651,-39.45412,POM_COL,POM_COL,PomonaPitzer,TeamExclusive,Team,20250131-PomonaPitzer-Private-1,0a15fe40-e025-11ef-8ec6-fd2c1b208846,72.49103,1.92484,,5.72641,,,,2.36185,1.92484,0.28384,1bbb3642-f57c-4a84-8684-13f7541aee08,2025-01-31,22:45:15.27,2025-01-31T14:45:15.2705638-08:00,2025-01-31T22:45:15.2705638Z,GroundBall,v3,POM_PIT,POM_PIT,,"Savas, Peter",1000276389,Right,POM_COL,138bb0ed-bde0-4a30-be9d-eed82e0c32ed,56.49567,-110.82825,9.43325,5.39586,3.25702,-19.72706,-0.48527,-0.15911,3.27435,,2.36101,63.88971,,,,,,,,1.92558,-56.629,,,,,,,,0.28477,-70.70177,,,,,,,,,,,,,,,,,,,,,,,,,,,,,,High,High,High,Estimated,Estimated,,,
85,2025-01-31,14:49:13.08,1,1,"Brunngraber, Max",1000276385,Right,POM_COL,"Ng, JC",1000115591,Left,POM_COL,Undefined,3,Top,0,0,0,Fastball,Four-Seam,InPlay,Undefined,FlyBall,Out,1,0,,84.70818,-0.60399,-3.340796,2218.073932,216.035181,1:15,5.77075,2.79461,5.78896,-25.4384,14.09174,9.25189,3.08803,0.45417,76.74039,-5.380322,-1.687176,0.452518,96.15545,37.33163,6.875256,3945.882472,109.47133,82.74992,10.76948,323.87331,321.42387,4.021294,5.831275,-5.74441,7.77028,-2.52485,50,5.70585,6.78658,-122.72937,-2.08469,-8.67686,26.48378,-20.43718,POM_COL,POM_COL,PomonaPitzer,TeamExclusive,Team,20250131-PomonaPitzer-Private-1,97c952a0-e025-11ef-8ec6-fd2c1b208846,83.29497,115.87382,,7.96779,,,,1.26232,3.0961,-0.47431,1bbb3642-f57c-4a84-8684-13f7541aee08,2025-01-31,22:49:13.08,2025-01-31T14:49:13.0807910-08:00,2025-01-31T22:49:13.0807910Z,FlyBall,v3,POM_PIT,POM_PIT,,"Lee, Sammy",1000276388,Right,POM_COL,85c1d255-71b5-49f2-b1e5-fd67ad864aac,54.70875,-123.7413,13.24189,5.77059,-1.3038,-10.21859,-2.79049,7.11811,-4.33843,174.493245,1.26815,111.22914,-25.48251,6.11055,-1.14033,0.16506,-0.01866,0.00155,-7E-05,3.09561,85.52341,-18.1816,0.74543,0.12125,-0.09408,0.02414,-0.00289,0.00013,-0.47339,13.40651,-4.76011,1.28863,-0.26791,0.04166,-0.00449,0.00031,-1E-05,,,,,,,,,,,,,,,,,,,,,,,High,High,High,High,Medium,,,
86,2025-01-31,14:49:45.51,2,1,"Brunngraber, Max",1000276385,Right,POM_COL,"Gold, Jack",1000108729,Left,POM_COL,Undefined,3,Top,1,0,0,Fastball,Four-Seam,BallCalled,Undefined,Undefined,Undefined,0,0,,86.99247,-0.86258,-1.600281,2252.63059,222.750414,1:30,5.74235,2.82726,5.52732,-23.16226,14.50111,12.22839,3.0054,2.34988,79.03384,-5.19691,0.579557,0.441704,,,,,,,,,,,,-6.59784,7.94611,-2.6963,50,5.65217,2.98409,-126.16176,-2.66261,-10.56935,27.12515,-19.44491,POM_COL,POM_COL,PomonaPitzer,TeamExclusive,Team,20250131-PomonaPitzer-Private-1,ab20a5b0-e025-11ef-8ec6-fd2c1b208846,85.33423,,,7.95863,,,,,,,1bbb3642-f57c-4a84-8684-13f7541aee08,2025-01-31,22:49:45.51,2025-01-31T14:49:45.5167078-08:00,2025-01-31T22:49:45.5167078Z,,v3,POM_PIT,POM_PIT,,"Lee, Sammy",1000276388,Right,POM_COL,3a4feb2f-ca04-4371-a57c-681b029088e0,54.96928,-127.22569,13.56258,5.74165,-1.89992,-9.72245,-2.82147,3.39865,-5.28467,,,,,,,,,,,,,,,,,,,,,,,,,,,,,,,,,,,,,,,,,,,,,,,,,,,High,High,High,,,,,
87,2025-01-31,14:50:02.11,2,2,"Brunngraber, Max",1000276385,Right,POM_COL,"Gold, Jack",1000108729,Left,POM_COL,Undefined,3,Top,1,1,0,Fastball,Cutter,FoulBallNotFieldable,Undefined,Undefined,Undefined,0,0,,85.32917,-1.463631,-4.028062,2284.56893,203.954295,12:45,5.76795,2.62982,5.78568,-23.67497,15.13859,6.15489,2.42969,-0.61095,77.81449,-5.896886,-2.929716,0.448398,,,,,,,,,,,,-4.31118,8.52859,-2.30113,50,5.63291,8.45232,-123.57747,-3.89806,-6.64331,25.43588,-19.03196,POM_COL,POM_COL,PomonaPitzer,TeamExclusive,Team,20250131-PomonaPitzer-Private-1,b5028df0-e025-11ef-8ec6-fd2c1b208846,84.0603,,,7.51468,,,,,,,1bbb3642-f57c-4a84-8684-13f7541aee08,2025-01-31,22:50:02.11,2025-01-31T14:50:02.1141606-08:00,2025-01-31T22:50:02.1141606Z,,v3,POM_PIT,POM_PIT,,"Lee, Sammy",1000276388,Right,POM_COL,08ba834f-f887-4a3c-be88-d7356943f393,54.71294,-124.54375,12.71794,5.76726,-3.17506,-9.51598,-2.62702,8.7047,-3.32165,,,,,,,,,,,,,,,,,,,,,,,,,,,,,,,,,,,,,,,,,,,,,,,,,,,High,High,High,,,,,
88,2025-01-31,14:50:22.83,2,3,"Brunngraber, Max",1000276385,Right,POM_COL,"Gold, Jack",1000108729,Left,POM_COL,Undefined,3,Top,1,1,1,ChangeUp,Changeup,StrikeSwinging,Undefined,Undefined,Undefined,0,0,,80.64446,-1.860764,-3.430416,1524.657316,243.268472,2:00,5.59839,2.81431,5.73523,-33.02269,10.24867,17.6206,1.10999,1.08438,74.1375,-7.953304,-0.278913,0.473447,,,,,,,,,,,,-9.86898,6.15666,-2.53903,50,5.4229,6.31744,-116.91861,-4.85005,-13.68734,21.64385,-23.63532,POM_COL,POM_COL,PomonaPitzer,TeamExclusive,Team,20250131-PomonaPitzer-Private-1,c1615d10-e025-11ef-8ec6-fd2c1b208846,79.61274,,,6.50695,,,,,,,1bbb3642-f57c-4a84-8684-13f7541aee08,2025-01-31,22:50:22.83,2025-01-31T14:50:22.8301926-08:00,2025-01-31T22:50:22.8301926Z,,v3,POM_PIT,POM_PIT,,"Lee, Sammy",1000276388,Right,POM_COL,dfdc9012-ef73-4e92-871a-159600bf3656,54.76417,-117.79724,10.82193,5.60031,-3.89057,-11.81766,-2.80677,6.87308,-6.84367,,,,,,,,,,,,,,,,,,,,,,,,,,,,,,,,,,,,,,,,,,,,,,,,,,,High,High,High,,,,,
89,2025-01-31,14:50:41.39,2,4,"Brunngraber, Max",1000276385,Right,POM_COL,"Gold, Jack",1000108729,Left,POM_COL,Undefined,3,Top,1,1,2,Fastball,Four-Seam,BallCalled,Undefined,Undefined,Undefined,0,0,,88.54994,-0.667512,-2.329882,2222.050399,222.248673,1:30,5.89182,2.74087,5.58688,-22.57533,13.46568,11.19532,3.38667,1.49693,80.93954,-4.880787,-0.333419,0.432086,,,,,,,,,,,,-6.26717,7.33914,-2.54796,50,5.81988,4.73121,-128.48495,-2.25657,-10.48898,26.32312,-19.89098,POM_COL,POM_COL,PomonaPitzer,TeamExclusive,Team,20250131-PomonaPitzer-Private-1,cc61d4b0-e025-11ef-8ec6-fd2c1b208846,87.23371,,,7.6104,,,,,,,1bbb3642-f57c-4a84-8684-13f7541aee08,2025-01-31,22:50:41.39,2025-01-31T14:50:41.3931110-08:00,2025-01-31T22:50:41.3931110Z,,v3,POM_PIT,POM_PIT,,"Lee, Sammy",1000276388,Right,POM_COL,e7e4db4a-ae89-4658-84b6-6acb4e0f85eb,54.9109,-129.48715,13.16156,5.89137,-1.49926,-9.94549,-2.73569,5.13055,-5.24449,,,,,,,,,,,,,,,,,,,,,,,,,,,,,,,,,,,,,,,,,,,,,,,,,,,High,High,High,,,,,
90,2025-01-31,14:50:59.45,2,5,"Brunngraber, Max",1000276385,Right,POM_COL,"Gold, Jack",1000108729,Left,POM_COL,Undefined,3,Top,1,2,2,ChangeUp,Changeup,BallCalled,Undefined,Undefined,Undefined,0,0,,81.25124,-2.026621,-3.714239,1602.673824,250.107933,2:15,5.5858,2.72553,5.92675,-34.67069,7.65717,17.4771,0.81136,0.73074,74.79618,-8.422749,-0.577515,0.468257,,,,,,,,,,,,-9.99989,4.88181,-2.4382,50,5.40366,6.9873,-117.81282,-5.26066,-14.07968,22.00925,-25.30052,POM_COL,POM_COL,PomonaPitzer,TeamExclusive,Team,20250131-PomonaPitzer-Private-1,d735be10-e025-11ef-8ec6-fd2c1b208846,80.49516,,,6.45507,,,,,,,1bbb3642-f57c-4a84-8684-13f7541aee08,2025-01-31,22:50:59.45,2025-01-31T14:50:59.4580070-08:00,2025-01-31T22:50:59.4580070Z,,v3,POM_PIT,POM_PIT,,"Lee, Sammy",1000276388,Right,POM_COL,4fc9c353-957d-4ac4-a6b0-552c4330f6fc,54.57407,-118.66425,11.00463,5.58824,-4.28191,-12.65026,-2.71904,7.53197,-7.03984,,,,,,,,,,,,,,,,,,,,,,,,,,,,,,,,,,,,,,,,,,,,,,,,,,,High,High,High,,,,,
91,2025-01-31,14:51:17.48,2,6,"Brunngraber, Max",1000276385,Right,POM_COL,"Gold, Jack",1000108729,Left,POM_COL,Undefined,3,Top,1,3,2,Fastball,Four-Seam,InPlay,Undefined,LineDrive,Out,1,0,,87.52568,-2.313323,-2.510753,2213.551256,201.636698,12:45,5.90135,2.57362,5.73645,-20.20548,16.46682,6.0754,2.06014,0.74037,80.29732,-6.09969,-1.424567,0.435854,96.22375,19.649523,-1.374126,1699.267256,109.84944,35.26038,-5.74486,346.5992,334.88876,-5.39039,3.887623,-3.78831,9.37229,-2.36827,50,5.69615,5.31472,-126.96048,-5.76677,-6.19892,25.37824,-16.83786,POM_COL,POM_COL,PomonaPitzer,TeamExclusive,Team,20250131-PomonaPitzer-Private-1,e1e94e30-e025-11ef-8ec6-fd2c1b208846,86.47959,46.17579,,7.22836,,,,1.1961,2.10717,-0.73505,1bbb3642-f57c-4a84-8684-13f7541aee08,2025-01-31,22:51:17.48,2025-01-31T14:51:17.4879846-08:00,2025-01-31T22:51:17.4879846Z,LineDrive,v3,POM_PIT,POM_PIT,,"Lee, Sammy",1000276388,Right,POM_COL,a7a04461-89a9-4579-a70d-a7d61518df1f,54.7631,-127.90903,12.68912,5.89993,-5.13742,-8.41893,-2.57125,5.54641,-3.09946,162.456971,1.19599,132.87339,-22.01506,4.98864,-1.03286,0.19271,-0.02814,0.00242,-7E-05,2.10723,47.45562,-12.89831,-0.11126,0.14874,-0.03365,0.00081,0.00125,-0.00017,-0.73505,-3.18747,-2.96427,0.88148,-0.22387,0.04884,-0.00825,0.00092,-5E-05,,,,,,,,,,,,,,,,,,,,,,,High,High,High,High,High,,,
92,2025-01-31,14:51:52.38,3,1,"Brunngraber, Max",1000276385,Right,POM_COL,"Pierantoni, Greg",1000091552,Right,POM_COL,Undefined,3,Top,2,0,0,Slider,Curveball,StrikeCalled,Undefined,Undefined,Undefined,0,0,,73.38933,2.63624,-2.316062,2322.307502,63.038357,8:00,5.59616,2.69624,5.23782,-61.6011,-8.04768,-19.12237,2.94433,-1.07536,67.35227,-8.515108,-5.699287,0.526702,,,,,,,,,,,,8.79567,-4.19933,-2.46865,50,5.79341,5.03563,-106.37084,2.84991,10.01392,19.32174,-36.955,POM_COL,POM_COL,PomonaPitzer,TeamExclusive,Team,20250131-PomonaPitzer-Private-1,f6c71a30-e025-11ef-8ec6-fd2c1b208846,71.56312,,,6.03706,,,,,,,1bbb3642-f57c-4a84-8684-13f7541aee08,2025-01-31,22:51:52.38,2025-01-31T14:51:52.3883110-08:00,2025-01-31T22:51:52.3883110Z,,v3,POM_PIT,POM_PIT,,"Lee, Sammy",1000276388,Right,POM_COL,ca3bf7b9-2975-433b-8624-551e7f872106,55.26459,-107.32287,9.66087,5.60813,4.67077,-18.4775,-2.70461,4.54222,5.00696,,,,,,,,,,,,,,,,,,,,,,,,,,,,,,,,,,,,,,,,,,,,,,,,,,,High,High,High,,,,,
93,2025-01-31,14:52:07.55,3,2,"Brunngraber, Max",1000276385,Right,POM_COL,"Pierantoni, Greg",1000091552,Right,POM_COL,Undefined,3,Top,2,0,1,ChangeUp,Changeup,InPlay,Undefined,GroundBall,Out,1,0,,82.25499,-0.401409,-3.68799,1582.677754,212.098812,1:00,5.68225,2.78442,5.85379,-25.04938,16.49166,9.49693,3.22105,0.14436,75.02508,-5.108891,-1.989876,0.463885,74.62715,-7.131976,-37.722648,,,,,28.88427,26.80628,-35.187365,0.244472,-5.92532,8.95288,-2.49018,50,5.63503,7.31843,-119.24241,-1.57299,-8.51315,23.38336,-19.31112,POM_COL,POM_COL,PomonaPitzer,TeamExclusive,Team,20250131-PomonaPitzer-Private-1,ffcb2590-e025-11ef-8ec6-fd2c1b208846,81.25388,3.33406,,7.2299,,,,2.52968,3.33406,-0.34144,1bbb3642-f57c-4a84-8684-13f7541aee08,2025-01-31,22:52:07.55,2025-01-31T14:52:07.5509350-08:00,2025-01-31T22:52:07.5509350Z,GroundBall,v3,POM_PIT,POM_PIT,,"Lee, Sammy",1000276388,Right,POM_COL,74cbf405-3789-4959-b826-504c0aab7d85,54.64522,-120.14988,11.69168,5.68153,-0.82356,-9.65556,-2.7806,7.64881,-4.25657,180,2.51758,86.21296,,,,,,,,3.33597,-13.63781,,,,,,,,-0.33208,-66.6874,,,,,,,,,,,,,,,,,,,,,,,,,,,,,,High,High,High,Medium,Low,,,
94,2025-01-31,14:54:36.43,1,1,"Collins, Ethan",1000115647,Right,POM_COL,"Green, Mason",10147543,Right,POM_COL,Undefined,3,Bottom,0,0,0,Cutter,Slider,StrikeCalled,Undefined,Undefined,Undefined,0,0,,79.43312,0.711838,-2.616762,2468.605382,93.37182,9:00,4.95351,2.54893,5.14982,-43.044,2.13276,-15.0954,2.0374,-1.17426,73.72821,-7.073314,-5.282889,0.483759,,,,,,,,,,,,6.87843,1.2724,-2.29201,50,4.9869,5.88185,-115.31734,-0.08545,9.34836,19.57815,-30.44477,POM_COL,POM_COL,PomonaPitzer,TeamExclusive,Team,20250131-PomonaPitzer-Private-1,58884780-e026-11ef-8ec6-fd2c1b208846,77.91575,,,5.70491,,,,,,,1bbb3642-f57c-4a84-8684-13f7541aee08,2025-01-31,22:54:36.43,2025-01-31T14:54:36.4393574-08:00,2025-01-31T22:54:36.4393574Z,,v3,POM_PIT,POM_PIT,,"Savas, Peter",1000276389,Right,POM_COL,83af3234-3775-4e9f-81e2-448048caeead,55.35171,-116.22239,9.78908,4.95832,1.32193,-15.22239,-2.55393,5.44971,4.67418,,,,,,,,,,,,,,,,,,,,,,,,,,,,,,,,,,,,,,,,,,,,,,,,,,,High,High,High,,,,,
95,2025-01-31,14:54:50.86,1,2,"Collins, Ethan",1000115647,Right,POM_COL,"Green, Mason",10147543,Right,POM_COL,Undefined,3,Bottom,0,0,1,Fastball,Changeup,StrikeCalled,Undefined,Undefined,Undefined,0,0,,84.56262,-0.134298,-4.872074,2112.523948,263.834512,2:45,4.83543,2.56303,5.53883,-37.40278,2.15508,9.08969,1.59255,-1.2442,77.95221,-6.9603,-3.259057,0.452676,,,,,,,,,,,,-5.84118,1.49906,-2.14568,50,4.79883,10.06037,-122.47506,-1.61996,-8.93615,22.55851,-29.88072,POM_COL,POM_COL,PomonaPitzer,TeamExclusive,Team,20250131-PomonaPitzer-Private-1,61224670-e026-11ef-8ec6-fd2c1b208846,83.26573,,,6.61042,,,,,,,1bbb3642-f57c-4a84-8684-13f7541aee08,2025-01-31,22:54:50.86,2025-01-31T14:54:50.8698726-08:00,2025-01-31T22:54:50.8698726Z,,v3,POM_PIT,POM_PIT,,"Savas, Peter",1000276389,Right,POM_COL,c78fb87f-958b-4faf-8811-70a20f6d0267,54.96153,-123.38554,11.27926,4.83987,-0.41396,-14.94036,-2.559,10.42104,-4.46808,,,,,,,,,,,,,,,,,,,,,,,,,,,,,,,,,,,,,,,,,,,,,,,,,,,High,High,High,,,,,
96,2025-01-31,14:55:08.42,1,3,"Collins, Ethan",1000115647,Right,POM_COL,"Green, Mason",10147543,Right,POM_COL,Undefined,3,Bottom,0,0,2,Slider,Curveball,BallCalled,Undefined,Undefined,Undefined,0,0,,76.13388,0.25267,-3.305284,2548.619716,92.662062,9:00,4.96426,2.46046,5.16035,-47.41829,2.22634,-15.79698,1.25096,-1.97054,70.31793,-8.318702,-6.09324,0.507116,,,,,,,,,,,,6.98016,1.48374,-2.13904,50,4.95154,6.98637,-110.36407,-1.10791,8.60825,19.66056,-30.34424,POM_COL,POM_COL,PomonaPitzer,TeamExclusive,Team,20250131-PomonaPitzer-Private-1,6b9ee810-e026-11ef-8ec6-fd2c1b208846,74.32703,,,5.81595,,,,,,,1bbb3642-f57c-4a84-8684-13f7541aee08,2025-01-31,22:55:08.42,2025-01-31T14:55:08.4292198-08:00,2025-01-31T22:55:08.4292198Z,,v3,POM_PIT,POM_PIT,,"Savas, Peter",1000276389,Right,POM_COL,5fc5a1c3-aa33-4331-a43a-233f25f8ac00,55.34044,-111.31136,9.83028,4.96969,0.35415,-15.17212,-2.46567,6.5716,4.30412,,,,,,,,,,,,,,,,,,,,,,,,,,,,,,,,,,,,,,,,,,,,,,,,,,,High,High,High,,,,,
97,2025-01-31,14:55:24.43,1,4,"Collins, Ethan",1000115647,Right,POM_COL,"Green, Mason",10147543,Right,POM_COL,Undefined,3,Bottom,0,1,2,Fastball,Changeup,InPlay,Undefined,GroundBall,Out,1,0,,85.44725,0.036503,-4.03724,2095.843193,263.050286,2:45,4.7635,2.59555,5.74183,-35.94226,2.50165,10.96902,1.80239,-0.25572,78.55022,-6.565659,-2.079356,0.446257,77.98001,-14.843638,-25.299528,,,,,8.43385,7.39844,-17.098383,0.059091,-6.69115,1.59205,-2.26617,50,4.74431,8.30277,-123.92173,-1.16333,-10.44766,23.80892,-29.68819,POM_COL,POM_COL,PomonaPitzer,TeamExclusive,Team,20250131-PomonaPitzer-Private-1,75219950-e026-11ef-8ec6-fd2c1b208846,84.46346,1.73467,,6.89703,,,,2.1436,1.73467,0.31746,1bbb3642-f57c-4a84-8684-13f7541aee08,2025-01-31,22:55:24.43,2025-01-31T14:55:24.4393062-08:00,2025-01-31T22:55:24.4393062Z,GroundBall,v3,POM_PIT,POM_PIT,,"Savas, Peter",1000276389,Right,POM_COL,ab5e8c23-c661-4e10-87a8-63f63f528557,54.75942,-124.83281,11.90446,4.76709,-0.02728,-14.84409,-2.59154,8.70256,-5.22383,180,2.14178,100.14166,,,,,,,,1.7352,-29.35581,,,,,,,,0.31832,-47.33574,,,,,,,,,,,,,,,,,,,,,,,,,,,,,,High,High,High,Low,Low,,,
98,2025-01-31,14:55:56.47,2,1,"Collins, Ethan",1000115647,Right,POM_COL,"Lee, Sammy",1000276388,Right,POM_COL,Undefined,3,Bottom,1,0,0,Cutter,Slider,BallCalled,Undefined,Undefined,Undefined,0,0,,79.09019,0.526247,-2.896092,2542.440064,94.373866,9:15,4.93395,2.5541,4.93716,-43.64054,2.38083,-14.2606,1.79527,-1.37387,73.33954,-7.334626,-5.403996,0.48826,,,,,,,,,,,,6.32118,1.44673,-2.25996,50,4.94894,6.39476,-114.73842,-0.52213,8.49436,19.63242,-30.22993,POM_COL,POM_COL,PomonaPitzer,TeamExclusive,Team,20250131-PomonaPitzer-Private-1,883af900-e026-11ef-8ec6-fd2c1b208846,77.19747,,,5.75065,,,,,,,1bbb3642-f57c-4a84-8684-13f7541aee08,2025-01-31,22:55:56.47,2025-01-31T14:55:56.4753510-08:00,2025-01-31T22:55:56.4753510Z,,v3,POM_PIT,POM_PIT,,"Savas, Peter",1000276389,Right,POM_COL,2268cca1-ad61-451d-84cf-9ea9acb29171,55.56391,-115.68652,9.81621,4.93891,0.93775,-15.11497,-2.55888,5.98454,4.24718,,,,,,,,,,,,,,,,,,,,,,,,,,,,,,,,,,,,,,,,,,,,,,,,,,,High,High,High,,,,,
99,2025-01-31,14:56:19.97,2,2,"Collins, Ethan",1000115647,Right,POM_COL,"Lee, Sammy",1000276388,Right,POM_COL,Undefined,3,Bottom,1,1,0,Fastball,Changeup,FoulBallNotFieldable,Undefined,Undefined,Undefined,0,0,,86.68294,0.278109,-3.740845,2172.474662,253.83332,2:30,4.80097,2.40252,5.60556,-32.84329,4.78181,12.44501,2.3242,-0.0574,79.3591,-5.766397,-1.524607,0.441479,,,,,,,,,,,,-7.32729,2.69795,-2.09031,50,4.80354,7.68922,-125.68039,-0.55445,-11.74051,25.04906,-27.85113,POM_COL,POM_COL,PomonaPitzer,TeamExclusive,Team,20250131-PomonaPitzer-Private-1,9640e870-e026-11ef-8ec6-fd2c1b208846,85.37761,,,7.32384,,,,,,,1bbb3642-f57c-4a84-8684-13f7541aee08,2025-01-31,22:56:19.97,2025-01-31T14:56:19.9754854-08:00,2025-01-31T22:56:19.9754854Z,,v3,POM_PIT,POM_PIT,,"Savas, Peter",1000276389,Right,POM_COL,6432e2aa-4a5d-4f35-b3b4-b0488937138c,54.89451,-126.65215,12.52453,4.80409,0.52601,-13.92556,-2.39744,8.14468,-5.87025,,,,,,,,,,,,,,,,,,,,,,,,,,,,,,,,,,,,,,,,,,,,,,,,,,,High,High,High,,,,,
100,2025-01-31,14:56:40.40,2,3,"Collins, Ethan",1000115647,Right,POM_COL,"Lee, Sammy",1000276388,Right,POM_COL,Undefined,3,Bottom,1,1,1,Slider,Curveball,BallCalled,Undefined,Undefined,Undefined,0,0,,75.59807,-0.250597,-2.770617,2607.208006,56.149206,7:45,5.30095,2.30923,5.32067,-61.76629,-10.66308,-18.64056,-0.0817,-1.8463,68.89991,-11.393207,-6.083791,0.514512,,,,,,,,,,,,8.44544,-4.82107,-2.04411,50,5.23346,6.00447,-109.48568,-2.54682,9.99683,23.80133,-37.88074,POM_COL,POM_COL,PomonaPitzer,TeamExclusive,Team,20250131-PomonaPitzer-Private-1,a27488e0-e026-11ef-8ec6-fd2c1b208846,73.25862,,,6.69816,,,,,,,1bbb3642-f57c-4a84-8684-13f7541aee08,2025-01-31,22:56:40.40,2025-01-31T14:56:40.4053606-08:00,2025-01-31T22:56:40.4053606Z,,v3,POM_PIT,POM_PIT,,"Savas, Peter",1000276389,Right,POM_COL,944056e1-4c20-481a-9330-225b95926361,55.1813,-110.60632,11.90066,5.31139,-0.76328,-18.94037,-2.31573,5.53378,4.99842,,,,,,,,,,,,,,,,,,,,,,,,,,,,,,,,,,,,,,,,,,,,,,,,,,,High,High,High,,,,,
101,2025-01-31,14:56:58.72,2,4,"Collins, Ethan",1000115647,Right,POM_COL,"Lee, Sammy",1000276388,Right,POM_COL,Undefined,3,Bottom,1,2,1,Slider,Curveball,FoulBallNotFieldable,Undefined,Undefined,Undefined,0,0,,74.81333,-0.247913,-0.772328,2566.306969,104.973019,9:30,4.97047,2.42537,5.19395,-44.30495,7.27193,-20.81273,1.04517,-0.03557,68.51662,-8.323225,-4.461597,0.516891,,,,,,,,,,,,10.19564,4.1939,-2.33719,50,4.91418,2.25799,-108.53162,-1.90017,12.06184,20.44024,-27.21251,POM_COL,POM_COL,PomonaPitzer,TeamExclusive,Team,20250131-PomonaPitzer-Private-1,ad5e4430-e026-11ef-8ec6-fd2c1b208846,72.92147,,,6.29672,,,,,,,1bbb3642-f57c-4a84-8684-13f7541aee08,2025-01-31,22:56:58.72,2025-01-31T14:56:58.7254374-08:00,2025-01-31T22:56:58.7254374Z,,v3,POM_PIT,POM_PIT,,"Savas, Peter",1000276389,Right,POM_COL,6c2cabf1-83b1-4628-9fd6-c9016df4fd87,55.30593,-109.52635,10.22012,4.97443,-0.57586,-13.60626,-2.4328,1.671,6.03092,,,,,,,,,,,,,,,,,,,,,,,,,,,,,,,,,,,,,,,,,,,,,,,,,,,High,High,High,,,,,
102,2025-01-31,14:57:23.41,2,5,"Collins, Ethan",1000115647,Right,POM_COL,"Lee, Sammy",1000276388,Right,POM_COL,Undefined,3,Bottom,1,3,1,Cutter,Slider,FoulBallNotFieldable,Undefined,Undefined,Undefined,0,0,,79.86958,0.339342,-2.671172,2475.835214,129.298493,10:15,5.03572,2.37243,4.91677,-35.78466,9.99371,-10.36969,2.37487,-1.01917,72.83492,-6.191279,-4.494391,0.486969,,,,,,,,,,,,4.33264,5.2815,-2.1025,50,5.03949,5.83621,-115.66369,-0.57371,5.8347,22.76023,-25.06153,POM_COL,POM_COL,PomonaPitzer,TeamExclusive,Team,20250131-PomonaPitzer-Private-1,bc1422b0-e026-11ef-8ec6-fd2c1b208846,77.40207,,,7.03466,,,,,,,1bbb3642-f57c-4a84-8684-13f7541aee08,2025-01-31,22:57:23.41,2025-01-31T14:57:23.4175590-08:00,2025-01-31T22:57:23.4175590Z,,v3,POM_PIT,POM_PIT,,"Savas, Peter",1000276389,Right,POM_COL,ccead839-4e47-4389-bf8b-3ccb0f072c4e,55.58085,-116.75672,11.38011,5.03815,0.62984,-12.53076,-2.37605,5.55601,2.91735,,,,,,,,,,,,,,,,,,,,,,,,,,,,,,,,,,,,,,,,,,,,,,,,,,,High,High,High,,,,,
103,2025-01-31,14:57:44.56,2,6,"Collins, Ethan",1000115647,Right,POM_COL,"Lee, Sammy",1000276388,Right,POM_COL,Undefined,3,Bottom,1,2,2,Fastball,Changeup,InPlay,Undefined,GroundBall,Single,0,0,,86.07287,0.276507,-4.139274,2233.867887,283.584765,3:30,4.8493,2.35389,5.51368,-40.10168,-1.6189,11.84973,1.76674,-0.53598,78.63878,-7.04925,-2.032841,0.446483,91.91235,-10.868171,-3.956532,,,,,7.67617,7.67617,1.232634,0.049982,-7.18044,-0.54252,-2.00077,50,4.84639,8.52036,-124.69156,-0.86967,-11.27273,25.74099,-33.02574,POM_COL,POM_COL,PomonaPitzer,TeamExclusive,Team,20250131-PomonaPitzer-Private-1,c8a6fa20-e026-11ef-8ec6-fd2c1b208846,84.42084,1.27162,,7.43409,,,,1.06694,1.27162,0.62213,1bbb3642-f57c-4a84-8684-13f7541aee08,2025-01-31,22:57:44.56,2025-01-31T14:57:44.5654118-08:00,2025-01-31T22:57:44.5654118Z,GroundBall,v3,POM_PIT,POM_PIT,,"Savas, Peter",1000276389,Right,POM_COL,1b6b39b9-04a0-4419-a9c2-7f8d0fa995f1,54.98704,-125.71685,12.8705,4.85483,0.44579,-16.51287,-2.34909,8.96937,-5.63637,180,1.06594,132.19588,,,,,,,,1.27181,-25.4414,,,,,,,,0.6222,-9.14326,,,,,,,,,,,,,,,,,,,,,,,,,,,,,,High,High,High,High,High,,,
104,2025-01-31,14:58:24.13,3,1,"Collins, Ethan",1000115647,Right,POM_COL,"Cassidy, Caleb",10304248,Right,POM_COL,Undefined,3,Bottom,1,0,0,Fastball,Changeup,FoulBallNotFieldable,Undefined,Undefined,Undefined,0,0,,84.45973,0.827522,-3.576301,2233.039558,277.51472,3:15,4.84936,2.65212,5.25404,-39.78668,-0.08291,8.87957,2.31294,0.02734,78.28002,-6.386399,-2.004924,0.45351,87.27049,32.451133,45.567219,5625.811863,70.90489,63.67794,84.09752,,147.57455,,,-5.33256,0.04992,-2.33078,50,4.89541,7.28874,-122.58078,0.29738,-8.22438,21.13537,-32.09707,POM_COL,POM_COL,PomonaPitzer,TeamExclusive,Team,20250131-PomonaPitzer-Private-1,e03937c0-e026-11ef-8ec6-fd2c1b208846,83.11262,75.86574,,6.1797,,,,0.99233,2.72069,-0.1837,1bbb3642-f57c-4a84-8684-13f7541aee08,2025-01-31,22:58:24.13,2025-01-31T14:58:24.1351782-08:00,2025-01-31T22:58:24.1351782Z,,v3,POM_PIT,POM_PIT,,"Savas, Peter",1000276389,Right,POM_COL,47c57a7a-837b-4666-bcde-04b1ed182f2c,55.24852,-123.48241,10.56768,4.85352,1.66664,-16.04853,-2.6492,7.6396,-4.11219,,0.99235,75.61356,-20.89054,5.20116,-1.11109,0.1665,-0.00961,0.00217,-0.00109,2.72067,68.68143,-16.87355,0.78308,-0.10474,0.07009,-0.03166,0.00307,0.00081,-0.1837,77.12708,-9.67644,1.74278,-0.29628,0.06343,-0.015,0.00114,0.00028,,,,,,,,,,,,,,,,,,,,,,,High,High,High,Medium,Undefined,,,
105,2025-01-31,14:58:47.46,3,2,"Collins, Ethan",1000115647,Right,POM_COL,"Cassidy, Caleb",10304248,Right,POM_COL,Undefined,3,Bottom,1,0,1,Fastball,Changeup,BallCalled,Undefined,Undefined,Undefined,0,0,,84.30357,1.497646,-1.904014,2065.805576,272.607398,3:00,4.80512,2.71821,5.49884,-38.87266,0.76413,8.52327,2.96766,1.6469,77.61021,-5.613498,-0.386076,0.453128,,,,,,,,,,,,-4.88394,0.22087,-2.55796,50,4.90925,3.73283,-122.47196,1.83473,-7.46348,22.79797,-31.8365,POM_COL,POM_COL,PomonaPitzer,TeamExclusive,Team,20250131-PomonaPitzer-Private-1,ee216600-e026-11ef-8ec6-fd2c1b208846,83.1828,,,6.69337,,,,,,,1bbb3642-f57c-4a84-8684-13f7541aee08,2025-01-31,22:58:47.46,2025-01-31T14:58:47.4628198-08:00,2025-01-31T22:58:47.4628198Z,,v3,POM_PIT,POM_PIT,,"Savas, Peter",1000276389,Right,POM_COL,27f2b506-0b7e-4ac5-a2a3-25439000ca10,55.0043,-123.39998,11.39898,4.80819,3.13069,-15.91825,-2.71609,4.03664,-3.73174,,,,,,,,,,,,,,,,,,,,,,,,,,,,,,,,,,,,,,,,,,,,,,,,,,,High,High,High,,,,,
106,2025-01-31,14:59:05.84,3,3,"Collins, Ethan",1000115647,Right,POM_COL,"Cassidy, Caleb",10304248,Right,POM_COL,Undefined,3,Bottom,1,1,1,Cutter,Slider,FoulBallNotFieldable,Undefined,Undefined,Undefined,1,0,,80.83954,-0.330161,-3.032157,2437.277005,153.109821,11:00,4.90984,2.54338,5.31476,-38.34313,4.39709,-1.71512,1.40426,-0.44808,75.99531,-7.263162,-3.33622,0.470533,83.10407,34.222837,30.781046,4737.243225,87.91124,62.28524,66.11812,293.0257,179.43453,47.769444,4.821242,0.24114,2.56295,-2.26701,50,4.85153,6.29235,-117.52682,-2.01111,0.34573,17.03691,-28.49947,POM_COL,POM_COL,PomonaPitzer,TeamExclusive,Team,20250131-PomonaPitzer-Private-1,f91f93b0-e026-11ef-8ec6-fd2c1b208846,80.10587,73.47533,,4.84423,,,,1.92337,1.86992,0.33162,1bbb3642-f57c-4a84-8684-13f7541aee08,2025-01-31,22:59:05.84,2025-01-31T14:59:05.8424422-08:00,2025-01-31T22:59:05.8424422Z,FlyBall,v3,POM_PIT,POM_PIT,,"Savas, Peter",1000276389,Right,POM_COL,a724c924-076f-44d9-8474-d8a66b733e3a,55.18827,-118.27653,8.51845,4.91243,-0.75699,-14.24973,-2.54358,6.27714,0.17286,,1.92664,86.51131,-21.15325,4.8129,-0.74431,0.02555,0.00703,0.00014,-0.0001,1.86853,68.58064,-18.6585,1.29847,-0.17355,0.01857,0.00632,-0.00194,0.00013,0.33439,51.51405,0.21708,-1.86332,1.01103,-0.36361,0.08272,-0.01006,0.00049,,,,,,,,,,,,,,,,,,,,,,,High,High,High,High,Low,,,
107,2025-01-31,15:00:24.58,3,4,"Collins, Ethan",1000115647,Right,POM_COL,"Cassidy, Caleb",10304248,Right,POM_COL,Undefined,3,Bottom,2,1,2,Fastball,Changeup,BallCalled,Undefined,Undefined,Undefined,0,0,,86.04679,1.02512,-1.754167,2165.865149,250.49269,2:15,4.84524,2.50781,5.47166,-33.59833,4.32555,9.21875,3.00527,1.63393,79.47845,-5.129576,-0.112988,0.443228,,,,,,,,,,,,-5.13859,2.20685,-2.36031,50,4.91211,3.44935,-125.0589,1.03354,-8.22591,22.6652,-28.6413,POM_COL,POM_COL,PomonaPitzer,TeamExclusive,Team,20250131-PomonaPitzer-Private-1,2802e740-e027-11ef-8ec6-fd2c1b208846,85.04065,,,6.56834,,,,,,,1bbb3642-f57c-4a84-8684-13f7541aee08,2025-01-31,23:00:24.58,2025-01-31T15:00:24.5834854-08:00,2025-01-31T23:00:24.5834854Z,,v3,POM_PIT,POM_PIT,,"Savas, Peter",1000276389,Right,POM_COL,bfbf9b9a-1783-4ab5-9e88-d8cdacff8aca,55.03062,-125.96733,11.3326,4.84767,2.18149,-14.32065,-2.50516,3.77905,-4.11296,,,,,,,,,,,,,,,,,,,,,,,,,,,,,,,,,,,,,,,,,,,,,,,,,,,High,High,High,,,,,
108,2025-01-31,15:00:42.53,3,5,"Collins, Ethan",1000115647,Right,POM_COL,"Cassidy, Caleb",10304248,Right,POM_COL,Undefined,3,Bottom,2,2,2,Slider,Curveball,StrikeCalled,Strikeout,Undefined,Undefined,0,0,,74.46551,1.694801,0.167109,2601.038643,60.935167,8:00,5.29259,2.43487,5.17857,-59.74531,-7.81989,-17.03843,1.90899,1.17224,68.3811,-9.116051,-2.855972,0.518635,,,,,,,,,,,,8.5078,-3.84614,-2.43704,50,5.40478,0.34732,-108.08313,1.16513,10.01387,19.71553,-36.70102,POM_COL,POM_COL,PomonaPitzer,TeamExclusive,Team,20250131-PomonaPitzer-Private-1,32c0d7a0-e027-11ef-8ec6-fd2c1b208846,72.6763,,,6.08441,,,,,,,1bbb3642-f57c-4a84-8684-13f7541aee08,2025-01-31,23:00:42.53,2025-01-31T15:00:42.5307238-08:00,2025-01-31T23:00:42.5307238Z,,v3,POM_PIT,POM_PIT,,"Savas, Peter",1000276389,Right,POM_COL,3aae5115-e53b-4645-abea-c3442a849005,55.32381,-109.04993,9.85777,5.30351,2.96485,-18.35051,-2.44203,-0.14373,5.00694,,,,,,,,,,,,,,,,,,,,,,,,,,,,,,,,,,,,,,,,,,,,,,,,,,,High,High,High,,,,,
109,2025-01-31,15:02:53.09,1,1,"Brunngraber, Max",1000276385,Right,POM_COL,"Berry, Cooper",1000276381,Left,POM_COL,Undefined,4,Top,0,0,0,Slider,Curveball,BallCalled,Undefined,Undefined,Undefined,0,0,,70.94848,1.390068,-2.049217,2370.452073,55.75853,7:45,5.77164,2.66846,5.20041,-68.48512,-10.86981,-18.76076,1.37308,-0.82317,65.19537,-10.956024,-5.376219,0.546312,,,,,,,,,,,,8.69386,-5.25685,-2.46398,50,5.84891,4.37142,-102.88413,0.28576,9.19623,19.16107,-37.73465,POM_COL,POM_COL,PomonaPitzer,TeamExclusive,Team,20250131-PomonaPitzer-Private-1,809eeca0-e027-11ef-8ec6-fd2c1b208846,68.99441,,,5.75311,,,,,,,1bbb3642-f57c-4a84-8684-13f7541aee08,2025-01-31,23:02:53.09,2025-01-31T15:02:53.0904678-08:00,2025-01-31T23:02:53.0904678Z,,v3,POM_PIT,POM_PIT,,"Lee, Sammy",1000276388,Right,POM_COL,8bcf45a5-c006-4bb6-a0bb-672b76c02269,55.30284,-103.86704,9.58054,5.7846,2.22142,-18.86733,-2.67612,3.89968,4.59811,,,,,,,,,,,,,,,,,,,,,,,,,,,,,,,,,,,,,,,,,,,,,,,,,,,High,High,High,,,,,
110,2025-01-31,15:03:08.35,1,2,"Brunngraber, Max",1000276385,Right,POM_COL,"Berry, Cooper",1000276381,Left,POM_COL,Undefined,4,Top,0,0,1,ChangeUp,Changeup,StrikeCalled,Undefined,Undefined,Undefined,0,0,,80.17817,-0.613402,-3.317166,1549.02293,249.492838,2:15,5.6569,2.8453,5.44377,-37.4901,6.87733,14.53489,1.9574,0.94716,73.40987,-7.490417,-0.732255,0.479406,,,,,,,,,,,,-8.21048,4.09351,-2.56197,50,5.57698,6.1437,-116.20886,-2.50601,-11.21277,22.04526,-26.58372,POM_COL,POM_COL,PomonaPitzer,TeamExclusive,Team,20250131-PomonaPitzer-Private-1,89a716b0-e027-11ef-8ec6-fd2c1b208846,78.6232,,,6.7683,,,,,,,1bbb3642-f57c-4a84-8684-13f7541aee08,2025-01-31,23:03:08.35,2025-01-31T15:03:08.3572326-08:00,2025-01-31T23:03:08.3572326Z,,v3,POM_PIT,POM_PIT,,"Lee, Sammy",1000276388,Right,POM_COL,8dc501a5-9495-490e-90b3-774569b353af,55.05473,-117.16383,11.02263,5.6606,-1.35444,-13.29186,-2.83863,6.62942,-5.60638,,,,,,,,,,,,,,,,,,,,,,,,,,,,,,,,,,,,,,,,,,,,,,,,,,,High,High,High,,,,,
111,2025-01-31,15:03:23.01,1,3,"Brunngraber, Max",1000276385,Right,POM_COL,"Berry, Cooper",1000276381,Left,POM_COL,Undefined,4,Top,0,1,1,Fastball,Four-Seam,StrikeCalled,Undefined,Undefined,Undefined,0,0,,87.85309,-1.245457,-4.333218,2276.86317,220.292996,1:15,5.76491,2.80707,5.47808,-24.54647,12.30312,9.45158,2.55046,-0.4677,80.49797,-5.788864,-2.65668,0.436906,,,,,,,,,,,,-5.89185,6.88839,-2.43245,50,5.63873,9.21833,-127.19871,-3.62305,-9.68814,25.19811,-20.84723,POM_COL,POM_COL,PomonaPitzer,TeamExclusive,Team,20250131-PomonaPitzer-Private-1,92698530-e027-11ef-8ec6-fd2c1b208846,86.27134,,,7.35512,,,,,,,1bbb3642-f57c-4a84-8684-13f7541aee08,2025-01-31,23:03:23.01,2025-01-31T15:03:23.0167142-08:00,2025-01-31T23:03:23.0167142Z,,v3,POM_PIT,POM_PIT,,"Lee, Sammy",1000276388,Right,POM_COL,47eeea16-1011-4cf0-8e42-68b6dc25406f,55.01978,-128.18928,12.59906,5.76505,-2.80352,-10.42362,-2.80232,9.59918,-4.84407,,,,,,,,,,,,,,,,,,,,,,,,,,,,,,,,,,,,,,,,,,,,,,,,,,,High,High,High,,,,,
112,2025-01-31,15:03:39.10,1,4,"Brunngraber, Max",1000276385,Right,POM_COL,"Berry, Cooper",1000276381,Left,POM_COL,Undefined,4,Top,1,1,2,ChangeUp,Changeup,InPlay,Undefined,GroundBall,Out,1,0,,81.00512,-0.656726,-3.573644,1586.654449,253.806126,2:30,5.64457,2.85688,5.38683,-37.50628,6.27323,16.47891,1.90227,0.87617,73.81511,-7.537852,-0.646745,0.476219,,,,,,,,,,,,-9.37701,3.76492,-2.5493,50,5.55941,6.66012,-117.3351,-2.62257,-12.98418,23.60264,-26.96085,POM_COL,POM_COL,PomonaPitzer,TeamExclusive,Team,20250131-PomonaPitzer-Private-1,9bfbede0-e027-11ef-8ec6-fd2c1b208846,79.14936,,,7.19001,,,,,,,1bbb3642-f57c-4a84-8684-13f7541aee08,2025-01-31,23:03:39.10,2025-01-31T15:03:39.1090790-08:00,2025-01-31T23:03:39.1090790Z,,v3,POM_PIT,POM_PIT,,"Lee, Sammy",1000276388,Right,POM_COL,7f805691-48e7-4457-ba75-b1f8d8454c8c,55.11297,-118.35914,11.80132,5.64782,-1.45283,-13.48042,-2.85049,7.22346,-6.49209,,,,,,,,,,,,,,,,,,,,,,,,,,,,,,,,,,,,,,,,,,,,,,,,,,,High,High,High,,,,,
113,2025-01-31,15:04:11.47,2,1,"Brunngraber, Max",1000276385,Right,POM_COL,"Savas, Peter",1000276389,Right,POM_COL,Undefined,4,Top,1,0,0,ChangeUp,Changeup,StrikeCalled,Undefined,Undefined,Undefined,0,0,,80.65246,0.00639,-2.920616,2222.069188,207.796335,1:00,5.72035,2.49644,5.11133,-34.40939,10.74493,4.76835,2.85893,0.13987,72.48907,-6.344354,-2.078485,0.483639,,,,,,,,,,,,-3.31477,5.84201,-2.22497,50,5.6949,5.74195,-116.60311,-1.16749,-4.48005,25.6745,-24.27844,POM_COL,POM_COL,PomonaPitzer,TeamExclusive,Team,20250131-PomonaPitzer-Private-1,af4f7060-e027-11ef-8ec6-fd2c1b208846,77.93514,,,8.16338,,,,,,,1bbb3642-f57c-4a84-8684-13f7541aee08,2025-01-31,23:04:11.47,2025-01-31T15:04:11.4786406-08:00,2025-01-31T23:04:11.4786406Z,,v3,POM_PIT,POM_PIT,,"Lee, Sammy",1000276388,Right,POM_COL,d37ffd4a-1326-4664-beaa-cdf486dea85d,55.38229,-117.78226,12.83725,5.72291,-0.05245,-12.13922,-2.49341,5.9477,-2.24002,,,,,,,,,,,,,,,,,,,,,,,,,,,,,,,,,,,,,,,,,,,,,,,,,,,High,High,High,,,,,
114,2025-01-31,15:04:26.04,2,2,"Brunngraber, Max",1000276385,Right,POM_COL,"Savas, Peter",1000276389,Right,POM_COL,Undefined,4,Top,1,0,1,Slider,Slider,BallCalled,Undefined,Undefined,Undefined,0,0,,74.12774,0.768513,-4.45215,2339.266137,81.067979,8:45,5.50661,2.61002,5.54456,-53.21219,-1.00394,-17.04485,1.7927,-2.97955,68.07648,-8.903262,-7.472252,0.520045,,,,,,,,,,,,7.21811,-0.18681,-2.21233,50,5.53855,8.9818,-107.27266,-0.22983,8.33027,20.21746,-32.38965,POM_COL,POM_COL,PomonaPitzer,TeamExclusive,Team,20250131-PomonaPitzer-Private-1,b7fc5b10-e027-11ef-8ec6-fd2c1b208846,72.47919,,,6.05127,,,,,,,1bbb3642-f57c-4a84-8684-13f7541aee08,2025-01-31,23:04:26.04,2025-01-31T15:04:26.0491878-08:00,2025-01-31T23:04:26.0491878Z,,v3,POM_PIT,POM_PIT,,"Lee, Sammy",1000276388,Right,POM_COL,aeb8e227-9ae8-4517-8580-24824faa3f29,54.95521,-108.20253,10.10873,5.51487,1.25987,-16.19483,-2.61662,8.59867,4.16513,,,,,,,,,,,,,,,,,,,,,,,,,,,,,,,,,,,,,,,,,,,,,,,,,,,High,High,High,,,,,
115,2025-01-31,15:04:43.89,2,3,"Brunngraber, Max",1000276385,Right,POM_COL,"Savas, Peter",1000276389,Right,POM_COL,Undefined,4,Top,1,1,1,Fastball,Four-Seam,InPlay,Undefined,LineDrive,Single,0,0,,86.69525,-1.954477,-3.75999,2349.963149,197.933599,12:30,5.97822,2.34465,5.74979,-21.66289,15.84631,4.74004,2.34878,-0.76583,79.36439,-6.008457,-2.914293,0.440799,94.78899,10.40773,16.425466,2166.700951,103.29228,11.1695,37.82358,185.82271,185.82271,22.524851,1.634313,-3.46732,8.98363,-2.03498,50,5.80241,8.0595,-125.60681,-4.97332,-5.54134,25.35561,-17.81672,POM_COL,POM_COL,PomonaPitzer,TeamExclusive,Team,20250131-PomonaPitzer-Private-1,c29bc6f0-e027-11ef-8ec6-fd2c1b208846,85.50942,11.46358,,7.33086,,,,1.01518,2.28722,0.77515,1bbb3642-f57c-4a84-8684-13f7541aee08,2025-01-31,23:04:43.89,2025-01-31T15:04:43.8910566-08:00,2025-01-31T23:04:43.8910566Z,LineDrive,v3,POM_PIT,POM_PIT,,"Lee, Sammy",1000276388,Right,POM_COL,9d4da699-01ae-4f2d-a357-00a896d15e2d,54.74937,-126.56191,12.67781,5.97711,-4.3022,-8.90836,-2.3425,8.26824,-2.77067,259.446926,1.01517,131.15692,-21.56909,4.28717,-0.83127,0.06593,0.04567,-0.02303,0.00363,2.28723,25.11323,-18.21844,1.6665,-0.48812,0.26797,-0.1416,0.04625,-0.00644,0.77517,38.66102,4.29482,-1.28616,0.02093,0.34254,-0.26286,0.09379,-0.01346,,,,,,,,,,,,,,,,,,,,,,,High,High,High,High,High,,,
116,2025-01-31,15:05:22.98,3,1,"Brunngraber, Max",1000276385,Right,POM_COL,"Wakil, Lateef",1000128267,Left,POM_COL,Undefined,4,Top,1,0,0,Fastball,Changeup,BallCalled,Undefined,Undefined,Undefined,0,0,,85.02195,-2.331267,-1.654229,2230.618993,221.352041,1:30,5.74681,2.63145,5.56983,-22.50198,16.7041,13.57887,1.69187,2.21736,77.79925,-6.532145,0.768996,0.450659,,,,,,,,,,,,-7.30937,9.48382,-2.49788,50,5.53116,2.98766,-123.30829,-5.73179,-11.24685,24.66222,-17.58136,POM_COL,POM_COL,PomonaPitzer,TeamExclusive,Team,20250131-PomonaPitzer-Private-1,d9e9cfa0-e027-11ef-8ec6-fd2c1b208846,83.63847,,,7.22271,,,,,,,1bbb3642-f57c-4a84-8684-13f7541aee08,2025-01-31,23:05:22.98,2025-01-31T15:05:22.9858406-08:00,2025-01-31T23:05:22.9858406Z,,v3,POM_PIT,POM_PIT,,"Lee, Sammy",1000276388,Right,POM_COL,eda23e17-db5d-43ae-b86c-dc961215f02a,54.92835,-124.29008,12.33111,5.7454,-5.03189,-8.79068,-2.62573,3.43539,-5.62343,,,,,,,,,,,,,,,,,,,,,,,,,,,,,,,,,,,,,,,,,,,,,,,,,,,High,High,High,,,,,
117,2025-01-31,15:05:42.04,3,2,"Brunngraber, Max",1000276385,Right,POM_COL,"Wakil, Lateef",1000128267,Left,POM_COL,Undefined,4,Top,1,1,0,ChangeUp,Changeup,BallCalled,Undefined,Undefined,Undefined,0,0,,79.44325,-2.13159,-3.885611,1548.687392,239.914912,2:00,5.5371,2.72617,5.67964,-36.15561,8.79607,12.6128,0.53158,0.14952,72.84442,-8.778181,-1.633701,0.482552,,,,,,,,,,,,-7.54548,5.52032,-2.40644,50,5.33433,7.33149,-115.03769,-5.43378,-10.07938,21.9698,-24.7999,POM_COL,POM_COL,PomonaPitzer,TeamExclusive,Team,20250131-PomonaPitzer-Private-1,e548baf0-e027-11ef-8ec6-fd2c1b208846,78.11057,,,6.59883,,,,,,,1bbb3642-f57c-4a84-8684-13f7541aee08,2025-01-31,23:05:42.04,2025-01-31T15:05:42.0462694-08:00,2025-01-31T23:05:42.0462694Z,,v3,POM_PIT,POM_PIT,,"Lee, Sammy",1000276388,Right,POM_COL,33dcac5c-d46e-4f02-8645-527da64c6e30,54.8198,-115.95452,10.9849,5.53949,-4.39885,-12.39995,-2.72116,7.75211,-5.03969,,,,,,,,,,,,,,,,,,,,,,,,,,,,,,,,,,,,,,,,,,,,,,,,,,,High,High,High,,,,,
118,2025-01-31,15:06:05.36,3,3,"Brunngraber, Max",1000276385,Right,POM_COL,"Wakil, Lateef",1000128267,Left,POM_COL,Undefined,4,Top,1,2,0,Fastball,Four-Seam,FoulBallNotFieldable,Undefined,Undefined,Undefined,0,0,,86.74474,-1.041181,-3.224385,2306.147141,212.923646,1:00,5.80527,2.71947,5.71363,-22.99631,14.48847,8.60044,2.9173,0.42915,79.23483,-5.343953,-1.68906,0.440655,,,,,,,,,,,,-5.26914,8.02091,-2.45481,50,5.70388,6.72311,-125.77277,-3.02489,-8.43635,25.61709,-19.33187,POM_COL,POM_COL,PomonaPitzer,TeamExclusive,Team,20250131-PomonaPitzer-Private-1,f3280f90-e027-11ef-8ec6-fd2c1b208846,85.53728,,,7.50991,,,,,,,1bbb3642-f57c-4a84-8684-13f7541aee08,2025-01-31,23:06:05.36,2025-01-31T15:06:05.3657190-08:00,2025-01-31T23:06:05.3657190Z,,v3,POM_PIT,POM_PIT,,"Lee, Sammy",1000276388,Right,POM_COL,ee1734eb-176d-4f9b-b578-9825e206a519,54.7847,-126.74356,12.80854,5.80463,-2.29228,-9.66594,-2.71565,7.04282,-4.21818,,,,,,,,,,,,,,,,,,,,,,,,,,,,,,,,,,,,,,,,,,,,,,,,,,,High,High,High,,,,,
119,2025-01-31,15:06:29.92,3,4,"Brunngraber, Max",1000276385,Right,POM_COL,"Wakil, Lateef",1000128267,Left,POM_COL,Undefined,4,Top,1,2,1,Fastball,Four-Seam,FoulBallNotFieldable,Undefined,Undefined,Undefined,0,0,,85.54249,-0.483685,-3.398481,2203.990186,208.779962,1:00,5.7716,2.68944,5.6793,-24.75218,14.25485,7.0741,3.25722,0.10716,77.32719,-5.12988,-2.137125,0.449514,,,,,,,,,,,,-4.57642,7.77808,-2.40694,50,5.7155,7.04326,-123.82838,-1.8309,-7.03331,27.07742,-20.22025,POM_COL,POM_COL,PomonaPitzer,TeamExclusive,Team,20250131-PomonaPitzer-Private-1,01d0f5c0-e028-11ef-8ec6-fd2c1b208846,83.85161,,,8.21531,,,,,,,1bbb3642-f57c-4a84-8684-13f7541aee08,2025-01-31,23:06:29.92,2025-01-31T15:06:29.9225190-08:00,2025-01-31T23:06:29.9225190Z,,v3,POM_PIT,POM_PIT,,"Lee, Sammy",1000276388,Right,POM_COL,5e87af2d-362f-43a7-b387-c264b8162a57,54.81438,-124.8767,13.53871,5.77123,-1.04806,-10.11012,-2.6849,7.31556,-3.51666,,,,,,,,,,,,,,,,,,,,,,,,,,,,,,,,,,,,,,,,,,,,,,,,,,,High,High,High,,,,,
120,2025-01-31,15:06:59.64,3,5,"Brunngraber, Max",1000276385,Right,POM_COL,"Wakil, Lateef",1000128267,Left,POM_COL,Undefined,4,Top,1,2,2,ChangeUp,Changeup,InPlay,Undefined,LineDrive,Out,1,0,,79.78295,-0.230736,-3.648771,1447.892614,240.135625,2:00,5.57523,2.64363,5.87957,-35.30565,8.85319,12.89024,2.41837,0.32459,72.86116,-6.782356,-1.340341,0.478278,69.09432,16.54185,-1.294994,1488.596268,109.82316,13.73677,-6.22803,161.89007,144.3782,-4.035613,1.983599,-7.66311,5.0226,-2.3561,50,5.53616,6.89066,-115.67062,-1.54776,-10.34477,22.30404,-25.3938,POM_COL,POM_COL,PomonaPitzer,TeamExclusive,Team,20250131-PomonaPitzer-Private-1,13876a10-e028-11ef-8ec6-fd2c1b208846,78.8087,15.41969,,6.92179,,,,0.38174,2.2958,-0.28636,1bbb3642-f57c-4a84-8684-13f7541aee08,2025-01-31,23:06:59.64,2025-01-31T15:06:59.6475494-08:00,2025-01-31T23:06:59.6475494Z,LineDrive,v3,POM_PIT,POM_PIT,,"Lee, Sammy",1000276388,Right,POM_COL,c1eb2b42-f54e-41cc-b644-fa3d906a4182,54.61977,-116.55801,11.15202,5.57764,-0.53744,-12.6969,-2.63844,7.30224,-5.17239,133.913467,0.38174,97.11931,-10.8509,1.9277,-0.25191,-0.05113,0.0477,-0.0143,0.00168,2.29581,28.8524,-16.70602,1.20624,-0.50685,0.33175,-0.15573,0.04208,-0.00479,-0.28637,-2.19529,-2.46391,0.39233,0.18596,-0.25498,0.13788,-0.03819,0.00437,,,,,,,,,,,,,,,,,,,,,,,High,High,High,High,High,,,
121,2025-01-31,15:07:29.77,4,1,"Brunngraber, Max",1000276385,Right,POM_COL,"Kinney, William",1000092038,Right,POM_COL,Undefined,4,Top,2,0,0,Cutter,Slider,StrikeCalled,Undefined,Undefined,Undefined,0,0,,81.45232,0.187531,-3.134229,2219.336868,105.92761,9:30,5.67051,2.62488,5.23317,-39.45561,3.95614,-9.01272,2.55908,-1.07526,74.58516,-6.999725,-4.727864,0.474215,,,,,,,,,,,,3.58134,2.36575,-2.3292,50,5.65861,6.84176,-118.01375,-1.01537,5.03327,23.18252,-28.84921,POM_COL,POM_COL,PomonaPitzer,TeamExclusive,Team,20250131-PomonaPitzer-Private-1,25759030-e028-11ef-8ec6-fd2c1b208846,79.48389,,,6.86715,,,,,,,1bbb3642-f57c-4a84-8684-13f7541aee08,2025-01-31,23:07:29.77,2025-01-31T15:07:29.7781862-08:00,2025-01-31T23:07:29.7781862Z,,v3,POM_PIT,POM_PIT,,"Lee, Sammy",1000276388,Right,POM_COL,c9bb13f8-e00f-4439-95ee-64cbb76c9ca7,55.26496,-119.04351,11.59126,5.67526,0.26609,-14.4246,-2.62814,6.61818,2.51664,,,,,,,,,,,,,,,,,,,,,,,,,,,,,,,,,,,,,,,,,,,,,,,,,,,High,High,High,,,,,
122,2025-01-31,15:07:47.47,4,2,"Brunngraber, Max",1000276385,Right,POM_COL,"Kinney, William",1000092038,Right,POM_COL,Undefined,4,Top,2,0,1,Fastball,Four-Seam,BallCalled,Undefined,Undefined,Undefined,0,0,,87.09516,-2.011186,-5.197539,2250.723732,210.521461,1:00,5.76797,2.47664,5.66115,-23.44174,13.72438,7.43489,1.93051,-1.76392,80.27124,-6.352217,-3.877435,0.438778,,,,,,,,,,,,-5.09307,7.82619,-2.04061,50,5.58227,11.14923,-126.0082,-5.21552,-8.25899,23.54818,-19.48301,POM_COL,POM_COL,PomonaPitzer,TeamExclusive,Team,20250131-PomonaPitzer-Private-1,30078e90-e028-11ef-8ec6-fd2c1b208846,85.90317,,,6.82393,,,,,,,1bbb3642-f57c-4a84-8684-13f7541aee08,2025-01-31,23:07:47.47,2025-01-31T15:07:47.4787430-08:00,2025-01-31T23:07:47.4787430Z,,v3,POM_PIT,POM_PIT,,"Lee, Sammy",1000276388,Right,POM_COL,93b58c38-8970-427c-bdd1-57a2cf78958c,54.83823,-126.90914,11.77409,5.76755,-4.47011,-9.7415,-2.47322,11.46521,-4.12949,,,,,,,,,,,,,,,,,,,,,,,,,,,,,,,,,,,,,,,,,,,,,,,,,,,High,High,High,,,,,
123,2025-01-31,15:08:06.60,4,3,"Brunngraber, Max",1000276385,Right,POM_COL,"Kinney, William",1000092038,Right,POM_COL,Undefined,4,Top,2,1,1,Cutter,Slider,BallCalled,Undefined,Undefined,Undefined,0,0,,80.4139,0.621483,-2.804646,2311.570287,142.886017,10:45,5.66273,2.7106,5.21678,-33.40399,10.80418,-7.17926,3.46416,-0.52692,73.96217,-5.498767,-4.073535,0.478545,,,,,,,,,,,,2.83736,5.64185,-2.44586,50,5.69534,6.00949,-116.61462,0.13157,3.92646,20.91611,-24.36668,POM_COL,POM_COL,PomonaPitzer,TeamExclusive,Team,20250131-PomonaPitzer-Private-1,3b6baa00-e028-11ef-8ec6-fd2c1b208846,78.76468,,,6.45174,,,,,,,1bbb3642-f57c-4a84-8684-13f7541aee08,2025-01-31,23:08:06.60,2025-01-31T15:08:06.6060000-08:00,2025-01-31T23:08:06.6060000Z,,v3,POM_PIT,POM_PIT,,"Lee, Sammy",1000276388,Right,POM_COL,d1a2a9b5-2f35-42b8-921e-919bb34b4b33,55.28153,-117.5581,10.45805,5.66461,1.2307,-12.18334,-2.71294,5.83237,1.96323,,,,,,,,,,,,,,,,,,,,,,,,,,,,,81.65851,1.95302,0.757146,1.195874,-0.74351,3.25048,0.68173,0.74755,5.61787,1.47822,127.27658,-0.91598,-2.20937,0.86682,118.03133,-10.43344,5.60024,5.62813,-9.24837,1.44062,-6.18037,2.65457,High,High,High,,,High,High,High
124,2025-01-31,15:08:38.26,4,4,"Brunngraber, Max",1000276385,Right,POM_COL,"Kinney, William",1000092038,Right,POM_COL,Undefined,4,Top,2,2,1,Sinker,Curveball,InPlay,Undefined,GroundBall,Out,1,0,,73.51826,1.177222,-2.233279,2292.871169,74.607007,8:30,5.4759,2.7863,5.49967,-53.80861,-1.92788,-12.03674,2.09395,-0.30669,68.59553,-8.582206,-4.376407,0.518411,83.73397,-4.70289,3.618128,,,,,19.28412,19.28412,4.336535,0.145501,5.58709,-0.90472,-2.58246,50,5.5419,4.59067,-106.8563,0.51647,6.53344,16.44872,-33.23201,POM_COL,POM_COL,PomonaPitzer,TeamExclusive,Team,20250131-PomonaPitzer-Private-1,4e587b70-e028-11ef-8ec6-fd2c1b208846,72.7076,1.93036,,4.92272,,,,1.76874,1.93036,0.27291,1bbb3642-f57c-4a84-8684-13f7541aee08,2025-01-31,23:08:38.26,2025-01-31T15:08:38.2687846-08:00,2025-01-31T23:08:38.2687846Z,GroundBall,v3,POM_PIT,POM_PIT,,"Lee, Sammy",1000276388,Right,POM_COL,1b8a2294-8386-4c22-a087-be1bff8bef40,55.00378,-107.62379,8.22436,5.48163,2.06707,-16.616,-2.78955,4.28582,3.26672,332.303285,1.7689,122.13758,-14.7062,,,,,,,1.93073,-10.10213,-21.79149,,,,,,,0.27281,7.73313,2.84683,,,,,,,,,,,,,,,,,,,,,,,,,,,,,High,High,High,High,High,,,
125,2025-01-31,15:11:13.06,1,1,"Collins, Ethan",1000115647,Right,POM_COL,"Quintero, James",10138921,Left,POM_COL,Undefined,4,Bottom,0,0,0,Cutter,Slider,FoulBallNotFieldable,Undefined,Undefined,Undefined,0,0,,80.21103,0.203965,-3.394299,2474.628608,107.308157,9:30,4.99188,2.43538,4.88912,-41.97664,3.45205,-6.34359,1.68712,-1.30799,73.36773,-7.390899,-4.508708,0.485106,,,,,,,,,,,,2.16599,2.02075,-2.09644,50,4.97652,7.15251,-116.13412,-1.11012,2.94241,22.82752,-29.42894,POM_COL,POM_COL,PomonaPitzer,TeamExclusive,Team,20250131-PomonaPitzer-Private-1,aa930450-e028-11ef-8ec6-fd2c1b208846,77.69943,,,6.84331,,,,,,,1bbb3642-f57c-4a84-8684-13f7541aee08,2025-01-31,23:11:13.06,2025-01-31T15:11:13.0671718-08:00,2025-01-31T23:11:13.0671718Z,,v3,POM_PIT,POM_PIT,,"Savas, Peter",1000276389,Right,POM_COL,3cb27471-c215-482d-842a-54477ebe5636,55.61098,-117.23183,11.41376,4.99588,0.30504,-14.71447,-2.43698,7.01102,1.47121,,,,,,,,,,,,,,,,,,,,,,,,,,,,,,,,,,,,,,,,,,,,,,,,,,,High,High,High,,,,,
126,2025-01-31,15:11:30.52,1,2,"Collins, Ethan",1000115647,Right,POM_COL,"Quintero, James",10138921,Left,POM_COL,Undefined,4,Bottom,0,0,1,Fastball,Slider,InPlay,Undefined,GroundBall,Out,1,0,,84.61965,0.204919,-2.756118,2207.265266,249.988845,2:15,4.81226,2.41939,5.43762,-37.22293,2.39047,3.26347,1.90247,0.10847,77.77767,-6.597369,-2.175896,0.452994,96.96998,-13.214066,49.101868,,,,,8.97069,8.97069,37.634324,0.057201,-2.39776,1.48004,-2.17771,50,4.80448,5.77611,-122.79911,-0.89476,-3.67182,23.66329,-29.90759,POM_COL,POM_COL,PomonaPitzer,TeamExclusive,Team,20250131-PomonaPitzer-Private-1,b4f455c0-e028-11ef-8ec6-fd2c1b208846,83.20736,1.86201,,6.84197,,,,1.91222,1.86201,-0.51639,1bbb3642-f57c-4a84-8684-13f7541aee08,2025-01-31,23:11:30.52,2025-01-31T15:11:30.5284198-08:00,2025-01-31T23:11:30.5284198Z,GroundBall,v3,POM_PIT,POM_PIT,,"Savas, Peter",1000276389,Right,POM_COL,431d69c3-704d-483e-84c1-9ddbbb92011d,55.06308,-123.77092,11.83164,4.816,0.33349,-14.9538,-2.41802,5.9269,-1.83591,180,1.91116,90.76526,,,,,,,,1.8624,-32.55198,,,,,,,,-0.51761,104.78918,,,,,,,,,,,,,,,,,,,,,,,,,,,,,,High,High,High,Low,Low,,,
127,2025-01-31,15:12:01.96,2,1,"Collins, Ethan",1000115647,Right,POM_COL,"DeGrazia, Tanner",1000214434,Right,POM_COL,Undefined,4,Bottom,1,0,0,Slider,Curveball,StrikeCalled,Undefined,Undefined,Undefined,0,0,,75.47197,0.925259,-2.12298,2498.359389,100.193347,9:15,4.99959,2.66858,5.11239,-47.21443,3.21016,-9.39965,1.93741,-0.1157,69.56827,-7.638381,-3.784227,0.511084,,,,,,,,,,,,4.09461,1.82685,-2.46099,50,5.05006,4.42735,-109.48694,0.17939,4.98352,18.84584,-29.95061,POM_COL,POM_COL,PomonaPitzer,TeamExclusive,Team,20250131-PomonaPitzer-Private-1,c7c49e80-e028-11ef-8ec6-fd2c1b208846,73.74992,,,5.9037,,,,,,,1bbb3642-f57c-4a84-8684-13f7541aee08,2025-01-31,23:12:01.96,2025-01-31T15:12:01.9668070-08:00,2025-01-31T23:12:01.9668070Z,,v3,POM_PIT,POM_PIT,,"Savas, Peter",1000276389,Right,POM_COL,31fadc67-7076-4413-ba59-a5618d022553,55.38709,-110.41032,9.42292,5.00532,1.64686,-14.97531,-2.67193,4.18318,2.49176,,,,,,,,,,,,,,,,,,,,,,,,,,,,,,,,,,,,,,,,,,,,,,,,,,,High,High,High,,,,,
128,2025-01-31,15:12:18.31,2,2,"Collins, Ethan",1000115647,Right,POM_COL,"DeGrazia, Tanner",1000214434,Right,POM_COL,Undefined,4,Bottom,1,0,1,Slider,Slider,FoulBallNotFieldable,Undefined,Undefined,Undefined,0,0,,76.20448,2.313444,-1.194599,2478.970969,101.717155,9:30,4.88535,2.6473,4.77383,-47.11412,3.23055,-7.86056,3.15401,0.85961,69.61311,-6.221891,-2.575238,0.510679,,,,,,,,,,,,3.51843,1.40724,-2.52046,50,5.07592,2.62636,-110.40707,2.79324,4.33523,19.98239,-30.44012,POM_COL,POM_COL,PomonaPitzer,TeamExclusive,Team,20250131-PomonaPitzer-Private-1,d17cdeb0-e028-11ef-8ec6-fd2c1b208846,73.80846,,,6.59136,,,,,,,1bbb3642-f57c-4a84-8684-13f7541aee08,2025-01-31,23:12:18.31,2025-01-31T15:12:18.3107174-08:00,2025-01-31T23:12:18.3107174Z,,v3,POM_PIT,POM_PIT,,"Savas, Peter",1000276389,Right,POM_COL,32906c98-239d-44c0-94db-9972afd15147,55.72499,-111.43841,9.9912,4.89121,4.36433,-15.22006,-2.65023,2.4026,2.16761,,,,,,,,,,,,,,,,,,,,,,,,,,,,,,,,,,,,,,,,,,,,,,,,,,,High,High,High,,,,,
129,2025-01-31,15:12:38.87,2,3,"Collins, Ethan",1000115647,Right,POM_COL,"DeGrazia, Tanner",1000214434,Right,POM_COL,Undefined,4,Bottom,1,0,2,Cutter,Slider,StrikeSwinging,Strikeout,Undefined,Undefined,0,0,,80.26999,0.284054,-3.041702,2446.261914,150.174786,11:00,5.04417,2.34998,4.9338,-37.31809,7.85748,-3.6702,2.2032,-0.83363,73.38723,-6.507911,-3.687266,0.483752,,,,,,,,,,,,0.94185,4.24862,-2.05064,50,5.04126,6.33412,-116.24397,-0.75972,1.28583,22.24449,-26.37365,POM_COL,POM_COL,PomonaPitzer,TeamExclusive,Team,20250131-PomonaPitzer-Private-1,ddb62470-e028-11ef-8ec6-fd2c1b208846,77.91679,,,6.88275,,,,,,,1bbb3642-f57c-4a84-8684-13f7541aee08,2025-01-31,23:12:38.87,2025-01-31T15:12:38.8790000-08:00,2025-01-31T23:12:38.8790000Z,,v3,POM_PIT,POM_PIT,,"Savas, Peter",1000276389,Right,POM_COL,3069e50b-6084-49d5-9b7d-f78f5889898b,55.56356,-117.30378,11.12225,5.04752,0.49682,-13.18682,-2.35097,6.27286,0.64292,,,,,,,,,,,,,,,,,,,,,,,,,,,,,65.18477,,,1.087158,,,,0.4811,5.57298,3.07959,74.37819,8.51279,-50.40603,0.51072,72.58457,-4.27594,5.62436,18.62342,-14.70202,2.98143,-57.55991,7.80356,High,High,High,,,High,High,High
130,2025-01-31,15:13:08.70,3,1,"Collins, Ethan",1000115647,Right,POM_COL,"An, Andrew",10074820,Right,POM_COL,Undefined,4,Bottom,2,0,0,Slider,Slider,BallCalled,Undefined,Undefined,Undefined,0,0,,78.32602,-0.326645,-2.115355,2638.730117,91.885587,9:00,5.03482,2.32983,4.94962,-45.83904,2.35268,-17.48914,0.90603,-1.12739,70.85765,-8.641821,-5.198384,0.49964,,,,,,,,,,,,7.89563,1.81295,-2.1095,50,4.96587,4.92139,-113.32439,-2.27675,10.04798,24.84134,-29.86686,POM_COL,POM_COL,PomonaPitzer,TeamExclusive,Team,20250131-PomonaPitzer-Private-1,ef87e8f0-e028-11ef-8ec6-fd2c1b208846,75.43913,,,7.46837,,,,,,,1bbb3642-f57c-4a84-8684-13f7541aee08,2025-01-31,23:13:08.70,2025-01-31T15:13:08.7026790-08:00,2025-01-31T23:13:08.7026790Z,,v3,POM_PIT,POM_PIT,,"Savas, Peter",1000276389,Right,POM_COL,3a07438a-2410-4698-9c76-9a4fcec3144e,55.5474,-114.53395,12.42067,5.04133,-0.82248,-14.93343,-2.33722,4.43213,5.02399,,,,,,,,,,,,,,,,,,,,,,,,,,,,,,,,,,,,,,,,,,,,,,,,,,,High,High,High,,,,,
131,2025-01-31,15:13:27.83,3,2,"Collins, Ethan",1000115647,Right,POM_COL,"An, Andrew",10074820,Right,POM_COL,Undefined,4,Bottom,2,1,0,Cutter,Slider,StrikeCalled,Undefined,Undefined,Undefined,0,0,,80.2025,0.254488,-2.47068,2559.747602,102.787782,9:30,5.07154,2.46976,5.06991,-40.44368,4.48138,-13.56489,1.9414,-0.99155,73.61585,-7.088492,-4.863956,0.482409,,,,,,,,,,,,6.03024,2.58807,-2.22399,50,5.06391,5.5852,-116.27575,-0.9256,8.24038,22.17956,-28.63745,POM_COL,POM_COL,PomonaPitzer,TeamExclusive,Team,20250131-PomonaPitzer-Private-1,faeceec0-e028-11ef-8ec6-fd2c1b208846,78.13375,,,6.58665,,,,,,,1bbb3642-f57c-4a84-8684-13f7541aee08,2025-01-31,23:13:27.83,2025-01-31T15:13:27.8378598-08:00,2025-01-31T23:13:27.8378598Z,,v3,POM_PIT,POM_PIT,,"Savas, Peter",1000276389,Right,POM_COL,f0b1dd33-6452-43e4-826d-3409628f72bc,55.42923,-117.3068,11.08978,5.07599,0.40566,-14.31872,-2.47472,5.20214,4.12019,,,,,,,,,,,,,,,,,,,,,,,,,,,,,,,,,,,,,,,,,,,,,,,,,,,High,High,High,,,,,
132,2025-01-31,15:13:44.83,3,3,"Collins, Ethan",1000115647,Right,POM_COL,"An, Andrew",10074820,Right,POM_COL,Undefined,4,Bottom,2,1,1,Slider,Curveball,InPlay,Undefined,LineDrive,Single,0,0,,76.05159,1.731548,-0.941491,2613.758565,80.51343,8:45,5.03347,2.37989,5.02813,-50.66408,-0.85453,-14.10292,2.44601,0.3162,70.00002,-7.438419,-3.432264,0.507958,97.27273,10.755932,-5.988708,1035.505734,109.8521,12.47001,-5.69473,195.42321,187.39173,-0.197917,1.745481,6.77922,-0.49701,-2.27781,50,5.15809,2.36724,-110.37558,1.59038,8.37495,19.38409,-32.78804,POM_COL,POM_COL,PomonaPitzer,TeamExclusive,Team,20250131-PomonaPitzer-Private-1,050ddbd0-e029-11ef-8ec6-fd2c1b208846,74.20385,12.56316,,6.05158,,,,0.68324,2.34735,-0.26249,1bbb3642-f57c-4a84-8684-13f7541aee08,2025-01-31,23:13:44.83,2025-01-31T15:13:44.8313446-08:00,2025-01-31T23:13:44.8313446Z,LineDrive,v3,POM_PIT,POM_PIT,,"Savas, Peter",1000276389,Right,POM_COL,f5265eb7-eee9-4e39-a44a-0979d22b2a55,55.47366,-111.33271,9.69204,5.03959,3.20936,-16.39402,-2.38448,1.95371,4.18747,263.518302,0.68324,139.395,-19.59545,2.8538,-0.57418,0.10528,-0.01949,0.00302,-0.00025,2.34735,26.62522,-18.74922,2.10296,-0.4475,0.10643,-0.02073,0.00319,-0.00027,-0.26249,-14.62322,11.58293,-2.73512,0.66252,-0.15111,0.03095,-0.00498,0.00042,,,,,,,,,,,,,,,,,,,,,,,High,High,High,High,High,,,
133,2025-01-31,15:14:22.83,4,1,"Collins, Ethan",1000115647,Right,POM_COL,"Hattenburg, Xavier",10277269,Left,POM_COL,Undefined,4,Bottom,2,0,0,Fastball,Changeup,BallCalled,Undefined,Undefined,Undefined,0,0,,83.4773,1.369151,-1.165069,2257.545963,238.329094,2:00,4.7906,2.72862,5.28236,-34.31817,6.24099,8.29099,3.21707,2.32523,77.11782,-4.905116,0.305957,0.45837,,,,,,,,,,,,-4.41736,3.15953,-2.62859,50,4.89036,2.11252,-121.27391,1.66615,-6.66073,20.94546,-27.40993,POM_COL,POM_COL,PomonaPitzer,TeamExclusive,Team,20250131-PomonaPitzer-Private-1,1bb480f0-e029-11ef-8ec6-fd2c1b208846,82.23153,,,6.35947,,,,,,,1bbb3642-f57c-4a84-8684-13f7541aee08,2025-01-31,23:14:22.83,2025-01-31T15:14:22.8355174-08:00,2025-01-31T23:14:22.8355174Z,,v3,POM_PIT,POM_PIT,,"Savas, Peter",1000276389,Right,POM_COL,ac6d7338-02af-4407-9123-bd06de7e95e0,55.21735,-122.17168,10.47273,4.79377,2.84101,-13.70496,-2.72525,2.39802,-3.33036,,,,,,,,,,,,,,,,,,,,,,,,,,,,,,,,,,,,,,,,,,,,,,,,,,,High,High,High,,,,,
134,2025-01-31,15:14:40.81,4,2,"Collins, Ethan",1000115647,Right,POM_COL,"Hattenburg, Xavier",10277269,Left,POM_COL,Undefined,4,Bottom,2,1,0,Fastball,Changeup,StrikeCalled,Undefined,Undefined,Undefined,0,0,,83.49894,1.671996,-3.227973,2204.792673,269.389998,3:00,4.85525,2.58032,5.2101,-39.64982,1.29449,8.65469,3.12637,0.26276,76.78726,-5.541441,-1.697712,0.460541,,,,,,,,,,,,-5.14158,0.59217,-2.28834,50,4.98015,6.45709,-121.0757,2.07364,-7.6898,21.96862,-31.28842,POM_COL,POM_COL,PomonaPitzer,TeamExclusive,Team,20250131-PomonaPitzer-Private-1,266ad030-e029-11ef-8ec6-fd2c1b208846,81.84385,,,6.71168,,,,,,,1bbb3642-f57c-4a84-8684-13f7541aee08,2025-01-31,23:14:40.81,2025-01-31T15:14:40.8171110-08:00,2025-01-31T23:14:40.8171110Z,,v3,POM_PIT,POM_PIT,,"Savas, Peter",1000276389,Right,POM_COL,9e556639-902e-4d80-aaaa-a906d8031e0f,55.29034,-122.03183,10.98431,4.86027,3.43539,-15.64421,-2.57665,6.79177,-3.8449,,,,,,,,,,,,,,,,,,,,,,,,,,,,,,,,,,,,,,,,,,,,,,,,,,,High,High,High,,,,,
135,2025-01-31,15:15:03.91,4,3,"Collins, Ethan",1000115647,Right,POM_COL,"Hattenburg, Xavier",10277269,Left,POM_COL,Undefined,4,Bottom,2,1,1,Cutter,Slider,FoulBallNotFieldable,Undefined,Undefined,Undefined,0,0,,80.11628,0.145828,-1.927219,2519.825219,104.288964,9:30,5.06708,2.55942,5.26041,-41.42959,3.26122,-7.22922,1.7517,0.14565,73.44536,-7.404967,-3.209241,0.48115,,,,,,,,,,,,3.07225,2.0076,-2.37729,50,5.04987,4.20503,-116.22027,-1.14663,4.19066,22.33109,-29.43558,POM_COL,POM_COL,PomonaPitzer,TeamExclusive,Team,20250131-PomonaPitzer-Private-1,3432cc40-e029-11ef-8ec6-fd2c1b208846,78.33825,,,6.67092,,,,,,,1bbb3642-f57c-4a84-8684-13f7541aee08,2025-01-31,23:15:03.91,2025-01-31T15:15:03.9119462-08:00,2025-01-31T23:15:03.9119462Z,,v3,POM_PIT,POM_PIT,,"Savas, Peter",1000276389,Right,POM_COL,add43e67-a212-4c4e-9f38-5f2327ee80cf,55.23892,-117.22258,11.16554,5.07168,0.17455,-14.71779,-2.56181,4.01694,2.09533,,,,,,,,,,,,,,,,,,,,,,,,,,,,,,,,,,,,,,,,,,,,,,,,,,,High,High,High,,,,,
136,2025-01-31,15:15:25.23,4,4,"Collins, Ethan",1000115647,Right,POM_COL,"Hattenburg, Xavier",10277269,Left,POM_COL,Undefined,4,Bottom,2,1,2,ChangeUp,Changeup,BallCalled,Undefined,Undefined,Undefined,0,0,,81.21322,-0.275039,-0.444484,1335.548447,290.773675,3:45,4.77841,2.81892,5.16161,-45.39502,-1.44984,7.79252,0.7366,3.04993,73.99004,-8.522679,0.938342,0.477119,,,,,,,,,,,,-4.00122,-0.15299,-2.7836,50,4.71823,0.58119,-117.7586,-2.22734,-5.55884,24.57736,-32.38661,POM_COL,POM_COL,PomonaPitzer,TeamExclusive,Team,20250131-PomonaPitzer-Private-1,40df9450-e029-11ef-8ec6-fd2c1b208846,79,,,7.22318,,,,,,,1bbb3642-f57c-4a84-8684-13f7541aee08,2025-01-31,23:15:25.23,2025-01-31T15:15:25.2380000-08:00,2025-01-31T23:15:25.2380000Z,,v3,POM_PIT,POM_PIT,,"Savas, Peter",1000276389,Right,POM_COL,f2d11087-0d01-4622-b957-077ae853d21b,55.33657,-118.86718,12.28868,4.78575,-0.76652,-16.19331,-2.81547,0.83193,-2.77942,,,,,,,,,,,,,,,,,,,,,,,,,,,,,75.99853,,,1.311597,,,,2.23105,6.32194,-3.63407,127.2916,9.23483,0.33053,2.41719,107.89091,-9.75284,6.35657,18.57315,-12.50541,-3.66684,1.48259,1.2076,High,High,High,,,High,High,High
137,2025-01-31,15:15:56.04,4,5,"Collins, Ethan",1000115647,Right,POM_COL,"Hattenburg, Xavier",10277269,Left,POM_COL,Undefined,4,Bottom,2,2,2,Fastball,Slider,BallCalled,Undefined,Undefined,Undefined,0,0,,84.38559,1.050351,-0.697899,2284.802881,193.163491,12:30,4.88684,2.61837,5.21723,-36.50396,3.90988,0.60508,2.83263,2.01255,76.83569,-5.635236,-0.590625,0.457548,,,,,,,,,,,,-0.50256,2.07122,-2.5544,50,4.95672,1.46402,-122.38371,0.89498,-0.75894,25.11902,-29.04615,POM_COL,POM_COL,PomonaPitzer,TeamExclusive,Team,20250131-PomonaPitzer-Private-1,53370390-e029-11ef-8ec6-fd2c1b208846,82.37923,,,7.5499,,,,,,,1bbb3642-f57c-4a84-8684-13f7541aee08,2025-01-31,23:15:56.04,2025-01-31T15:15:56.0469094-08:00,2025-01-31T23:15:56.0469094Z,,v3,POM_PIT,POM_PIT,,"Savas, Peter",1000276389,Right,POM_COL,09ddb465-938d-4c59-915e-eab068514ad9,55.27999,-123.46266,12.55951,4.89149,2.14262,-14.52308,-2.61798,1.49661,-0.37947,,,,,,,,,,,,,,,,,,,,,,,,,,,,,,,,,,,,,,,,,,,,,,,,,,,High,High,High,,,,,
138,2025-01-31,15:16:14.52,4,6,"Collins, Ethan",1000115647,Right,POM_COL,"Hattenburg, Xavier",10277269,Left,POM_COL,Undefined,4,Bottom,2,3,2,Slider,Slider,FoulBallNotFieldable,Undefined,Undefined,Undefined,0,0,,76.30748,0.90004,-0.773803,2463.602663,104.606323,9:30,5.03664,2.74915,4.83338,-45.22254,4.6739,-11.98918,2.12056,1.01724,70.09624,-7.28568,-2.884435,0.508401,,,,,,,,,,,,5.71343,2.49323,-2.66158,50,5.08702,1.97991,-110.70046,0.15777,7.09191,19.70904,-29.07928,POM_COL,POM_COL,PomonaPitzer,TeamExclusive,Team,20250131-PomonaPitzer-Private-1,5e4bed90-e029-11ef-8ec6-fd2c1b208846,74.13924,,,6.21125,,,,,,,1bbb3642-f57c-4a84-8684-13f7541aee08,2025-01-31,23:16:14.52,2025-01-31T15:16:14.5279078-08:00,2025-01-31T23:16:14.5279078Z,,v3,POM_PIT,POM_PIT,,"Savas, Peter",1000276389,Right,POM_COL,e49d9a7b-5ab4-403a-8ec8-1c0942ae3c46,55.66658,-111.70478,9.85452,5.04123,1.63957,-14.53964,-2.75326,1.61853,3.54595,,,,,,,,,,,,,,,,,,,,,,,,,,,,,,,,,,,,,,,,,,,,,,,,,,,High,High,High,,,,,
139,2025-01-31,15:16:38.83,4,7,"Collins, Ethan",1000115647,Right,POM_COL,"Hattenburg, Xavier",10277269,Left,POM_COL,Undefined,4,Bottom,2,3,2,Cutter,Slider,FoulBallNotFieldable,Undefined,Undefined,Undefined,0,0,,80.9989,-0.042127,-1.487027,2496.853727,151.793343,11:00,5.05482,2.54065,5.26154,-37.35699,6.73048,-2.7861,1.90215,0.91111,73.49793,-6.901478,-1.98136,0.477891,,,,,,,,,,,,0.93303,3.81382,-2.40232,50,5.02364,3.16282,-117.3974,-1.37477,1.28686,24.66053,-26.91401,POM_COL,POM_COL,PomonaPitzer,TeamExclusive,Team,20250131-PomonaPitzer-Private-1,6cbe3360-e029-11ef-8ec6-fd2c1b208846,78.87246,,,7.50097,,,,,,,1bbb3642-f57c-4a84-8684-13f7541aee08,2025-01-31,23:16:38.83,2025-01-31T15:16:38.8312166-08:00,2025-01-31T23:16:38.8312166Z,,v3,POM_PIT,POM_PIT,,"Savas, Peter",1000276389,Right,POM_COL,3a305200-ae25-402a-8ff1-b882de095d55,55.23619,-118.49221,12.33027,5.05815,-0.17992,-13.45701,-2.54146,3.10569,0.64343,,,,,,,,,,,,,,,,,,,,,,,,,,,,,,,,,,,,,,,,,,,,,,,,,,,High,High,High,,,,,
140,2025-01-31,15:18:06.55,4,8,"Collins, Ethan",1000115647,Right,POM_COL,"Hattenburg, Xavier",10277269,Left,POM_COL,Undefined,4,Bottom,2,3,2,Slider,Slider,FoulBallNotFieldable,Undefined,Undefined,Undefined,0,0,,76.7253,1.206215,-0.841339,2544.918717,112.769443,9:45,4.9843,2.74567,5.05286,-41.89967,6.78611,-12.77981,2.63058,0.88713,70.76814,-6.413953,-3.098984,0.502195,62.87205,23.855536,-162.956679,3694.009224,,,,,17.85225,,,6.17134,3.45689,-2.65475,50,5.06573,2.13775,-111.40285,0.92697,7.80154,18.90137,-27.80402,POM_COL,POM_COL,PomonaPitzer,TeamExclusive,Team,20250131-PomonaPitzer-Private-1,a108bc80-e029-11ef-8ec6-fd2c1b208846,75.05538,9.52628,,5.95716,,,,1.05023,2.52746,-0.81856,1bbb3642-f57c-4a84-8684-13f7541aee08,2025-01-31,23:18:06.55,2025-01-31T15:18:06.5578598-08:00,2025-01-31T23:18:06.5578598Z,,v3,POM_PIT,POM_PIT,,"Savas, Peter",1000276389,Right,POM_COL,a363542d-4627-4e98-aba0-7cf7185f2ab1,55.44801,-112.3234,9.45069,4.98761,2.28109,-13.90201,-2.74961,1.7578,3.90077,33.157727,1.05103,-80.678,2.18477,,,,,,,2.52873,37.21807,-26.13426,,,,,,,-0.81911,-24.68499,6.76871,,,,,,,,,,,,,,,,,,,,,,,,,,,,,High,High,High,High,Undefined,,,
141,2025-01-31,15:18:32.97,4,9,"Collins, Ethan",1000115647,Right,POM_COL,"Hattenburg, Xavier",10277269,Left,POM_COL,Undefined,4,Bottom,2,3,2,Cutter,Slider,BallCalled,Walk,Undefined,Undefined,0,0,,80.79088,0.12806,-3.447753,2570.86594,115.440772,9:45,5.04575,2.56896,5.1875,-38.19545,5.87847,-9.50603,1.98349,-1.47072,74.23537,-6.822466,-5.125587,0.477818,,,,,,,,,,,,3.78205,3.31705,-2.24099,50,5.02885,7.4471,-117.05922,-1.0789,5.24874,22.05961,-27.57066,POM_COL,POM_COL,PomonaPitzer,TeamExclusive,Team,20250131-PomonaPitzer-Private-1,b0cf47b0-e029-11ef-8ec6-fd2c1b208846,78.88455,,,6.55551,,,,,,,1bbb3642-f57c-4a84-8684-13f7541aee08,2025-01-31,23:18:32.97,2025-01-31T15:18:32.9725030-08:00,2025-01-31T23:18:32.9725030Z,,v3,POM_PIT,POM_PIT,,"Savas, Peter",1000276389,Right,POM_COL,42547e48-dbd9-4392-a136-97364b7d9e18,55.31137,-118.05589,11.0298,5.04946,0.16677,-13.78533,-2.5721,7.20996,2.62437,,,,,,,,,,,,,,,,,,,,,,,,,,,,,,,,,,,,,,,,,,,,,,,,,,,High,High,High,,,,,
142,2025-01-31,15:19:04.46,5,1,"Collins, Ethan",1000115647,Right,POM_COL,"Evans, Carson",1000276380,Right,POM_COL,Undefined,4,Bottom,2,0,0,Cutter,Slider,StrikeSwinging,Undefined,Undefined,Undefined,0,0,,79.3615,0.572396,-1.372348,2649.541472,110.511988,9:45,5.0683,2.61381,5.1643,-39.26447,6.41201,-13.28375,2.33517,0.21494,72.70038,-6.596027,-3.723195,0.486427,,,,,,,,,,,,6.22922,3.46918,-2.47522,50,5.09185,3.30292,-115.13362,-0.20566,8.34326,21.80764,-27.52754,POM_COL,POM_COL,PomonaPitzer,TeamExclusive,Team,20250131-PomonaPitzer-Private-1,c3874d80-e029-11ef-8ec6-fd2c1b208846,77.48838,,,6.66112,,,,,,,1bbb3642-f57c-4a84-8684-13f7541aee08,2025-01-31,23:19:04.46,2025-01-31T15:19:04.4623462-08:00,2025-01-31T23:19:04.4623462Z,,v3,POM_PIT,POM_PIT,,"Savas, Peter",1000276389,Right,POM_COL,dcbfbbd8-6161-48d2-aa17-1d2f1a70cbe5,55.33469,-116.13968,10.90382,5.07205,1.06427,-13.76377,-2.61872,2.91802,4.17163,,,,,,,,,,,,,,,,,,,,,,,,,,,,,,,,,,,,,,,,,,,,,,,,,,,High,High,High,,,,,
143,2025-01-31,15:19:25.88,5,2,"Collins, Ethan",1000115647,Right,POM_COL,"Evans, Carson",1000276380,Right,POM_COL,Undefined,4,Bottom,2,0,1,Cutter,Slider,BallCalled,Undefined,Undefined,Undefined,0,0,,78.1457,0.929024,-0.03209,2530.054051,97.233568,9:15,5.03563,2.66008,5.0804,-43.96876,3.40701,-14.64831,2.24739,1.40913,71.37205,-7.079612,-2.62347,0.495392,,,,,,,,,,,,7.22296,1.91788,-2.64512,50,5.08929,0.67082,-113.34283,0.29821,9.34865,21.69144,-29.69176,POM_COL,POM_COL,PomonaPitzer,TeamExclusive,Team,20250131-PomonaPitzer-Private-1,d057f140-e029-11ef-8ec6-fd2c1b208846,76.08598,,,6.77364,,,,,,,1bbb3642-f57c-4a84-8684-13f7541aee08,2025-01-31,23:19:25.88,2025-01-31T15:19:25.8855526-08:00,2025-01-31T23:19:25.8855526Z,,v3,POM_PIT,POM_PIT,,"Savas, Peter",1000276389,Right,POM_COL,9354ebf1-2d8b-45d0-8212-98b7676e0f0d,55.41797,-114.37502,10.84572,5.04149,1.71109,-14.84588,-2.66646,0.22596,4.67432,,,,,,,,,,,,,,,,,,,,,,,,,,,,,,,,,,,,,,,,,,,,,,,,,,,High,High,High,,,,,
144,2025-01-31,15:19:44.30,5,3,"Collins, Ethan",1000115647,Right,POM_COL,"Evans, Carson",1000276380,Right,POM_COL,Undefined,4,Bottom,2,1,1,Fastball,Changeup,BallCalled,Undefined,Undefined,Undefined,0,0,,83.51931,1.464924,-2.04802,2210.138968,285.311651,3:30,4.89397,2.82852,5.37345,-42.31967,-1.67776,10.51961,2.74193,1.78424,76.83426,-6.24609,-0.178318,0.458837,,,,,,,,,,,,-5.89689,-0.96929,-2.65294,50,4.99473,3.90983,-121.28507,1.57951,-8.82633,22.64324,-33.62483,POM_COL,POM_COL,PomonaPitzer,TeamExclusive,Team,20250131-PomonaPitzer-Private-1,db45cb40-e029-11ef-8ec6-fd2c1b208846,82.14776,,,6.68505,,,,,,,1bbb3642-f57c-4a84-8684-13f7541aee08,2025-01-31,23:19:44.30,2025-01-31T15:19:44.3007078-08:00,2025-01-31T23:19:44.3007078Z,,v3,POM_PIT,POM_PIT,,"Savas, Peter",1000276389,Right,POM_COL,ae4fbffd-79e1-4997-b3fd-9372b1b6a003,55.12932,-122.23893,11.32162,4.89836,2.99599,-16.81242,-2.82548,4.28164,-4.41317,,,,,,,,,,,,,,,,,,,,,,,,,,,,,,,,,,,,,,,,,,,,,,,,,,,High,High,High,,,,,
145,2025-01-31,15:20:05.36,5,4,"Collins, Ethan",1000115647,Right,POM_COL,"Evans, Carson",1000276380,Right,POM_COL,Undefined,4,Bottom,2,2,1,Cutter,Slider,BallCalled,Undefined,Undefined,Undefined,0,0,,81.6486,1.465886,-1.685476,2601.073438,123.450788,10:00,5.10936,2.54757,5.35955,-38.08156,5.07874,-5.47933,3.31148,0.50989,74.07387,-5.538987,-2.658214,0.472839,,,,,,,,,,,,2.21677,2.56642,-2.39214,50,5.21443,3.71351,-118.32118,1.70388,3.11525,24.40841,-28.56744,POM_COL,POM_COL,PomonaPitzer,TeamExclusive,Team,20250131-PomonaPitzer-Private-1,e7d6cdf0-e029-11ef-8ec6-fd2c1b208846,79.71509,,,7.57472,,,,,,,1bbb3642-f57c-4a84-8684-13f7541aee08,2025-01-31,23:20:05.36,2025-01-31T15:20:05.3650534-08:00,2025-01-31T23:20:05.3650534Z,,v3,POM_PIT,POM_PIT,,"Savas, Peter",1000276389,Right,POM_COL,c703b162-7337-4151-8982-cb1b85f01336,55.13697,-119.37618,12.2042,5.1141,2.93865,-14.28372,-2.54974,3.57886,1.55762,,,,,,,,,,,,,,,,,,,,,,,,,,,,,,,,,,,,,,,,,,,,,,,,,,,High,High,High,,,,,
146,2025-01-31,15:20:25.36,5,5,"Collins, Ethan",1000115647,Right,POM_COL,"Evans, Carson",1000276380,Right,POM_COL,Undefined,4,Bottom,2,3,1,Fastball,Changeup,BallCalled,Walk,Undefined,Undefined,0,0,,84.25675,1.738476,-1.966361,2169.712501,285.854853,3:30,4.84968,2.62555,5.57661,-41.82892,-2.07602,11.57508,2.98912,1.75285,77.23536,-5.920125,0.098407,0.453791,,,,,,,,,,,,-6.45193,-1.23811,-2.4643,50,4.97154,3.7321,-122.34062,2.23347,-9.79385,23.7797,-34.05345,POM_COL,POM_COL,PomonaPitzer,TeamExclusive,Team,20250131-PomonaPitzer-Private-1,f3bdd500-e029-11ef-8ec6-fd2c1b208846,83.06124,,,7.02139,,,,,,,1bbb3642-f57c-4a84-8684-13f7541aee08,2025-01-31,23:20:25.36,2025-01-31T15:20:25.3614694-08:00,2025-01-31T23:20:25.3614694Z,,v3,POM_PIT,POM_PIT,,"Savas, Peter",1000276389,Right,POM_COL,0b6ed154-acf4-41de-9ce0-32fd03172951,54.92563,-123.29431,11.88985,4.85458,3.5992,-17.02672,-2.62185,4.12488,-4.89693,,,,,,,,,,,,,,,,,,,,,,,,,,,,,,,,,,,,,,,,,,,,,,,,,,,High,High,High,,,,,
147,2025-01-31,15:20:55.33,6,1,"Collins, Ethan",1000115647,Right,POM_COL,"Nahabedian, George",1000214430,Right,POM_COL,Undefined,4,Bottom,2,0,0,Slider,Curveball,BallCalled,Undefined,Undefined,Undefined,0,0,,77.02033,0.919345,0.371254,2527.200092,68.768744,8:15,5.005,2.67887,4.81159,-54.46007,-5.08579,-17.30532,1.3377,1.58847,70.43052,-8.887771,-2.679258,0.505734,,,,,,,,,,,,8.58067,-2.23992,-2.70014,50,5.0494,0.00243,-111.68473,-0.20493,10.75007,21.6383,-34.98029,POM_COL,POM_COL,PomonaPitzer,TeamExclusive,Team,20250131-PomonaPitzer-Private-1,05a14cc0-e02a-11ef-8ec6-fd2c1b208846,74.53023,,,6.58981,,,,,,,1bbb3642-f57c-4a84-8684-13f7541aee08,2025-01-31,23:20:55.33,2025-01-31T15:20:55.3302118-08:00,2025-01-31T23:20:55.3302118Z,,v3,POM_PIT,POM_PIT,,"Savas, Peter",1000276389,Right,POM_COL,dcf623be-8901-4344-ad09-c11af25762d2,55.68902,-112.78156,10.81915,5.01484,1.56819,-17.49014,-2.68645,-0.54248,5.37503,,,,,,,,,,,,,,,,,,,,,,,,,,,,,,,,,,,,,,,,,,,,,,,,,,,High,High,High,,,,,
148,2025-01-31,15:21:15.37,6,2,"Collins, Ethan",1000115647,Right,POM_COL,"Nahabedian, George",1000214430,Right,POM_COL,Undefined,4,Bottom,2,1,0,Slider,Slider,StrikeCalled,Undefined,Undefined,Undefined,0,0,,77.94857,2.002122,-1.770423,2441.39413,72.778728,8:30,5.04532,2.70438,4.96815,-51.3677,-3.1515,-15.46883,2.65759,-0.25759,70.81004,-7.307434,-4.49626,0.499767,,,,,,,,,,,,7.05595,-1.66118,-2.51996,50,5.19715,4.13686,-112.87778,2.09355,8.99194,22.89857,-34.29101,POM_COL,POM_COL,PomonaPitzer,TeamExclusive,Team,20250131-PomonaPitzer-Private-1,119c9f20-e02a-11ef-8ec6-fd2c1b208846,75.41996,,,7.13853,,,,,,,1bbb3642-f57c-4a84-8684-13f7541aee08,2025-01-31,23:21:15.37,2025-01-31T15:21:15.3734758-08:00,2025-01-31T23:21:15.3734758Z,,v3,POM_PIT,POM_PIT,,"Savas, Peter",1000276389,Right,POM_COL,dd83a513-bb8e-47fb-8f86-58379901252c,55.531,-113.99428,11.44929,5.05431,3.76553,-17.14551,-2.71097,3.69843,4.49597,,,,,,,,,,,,,,,,,,,,,,,,,,,,,,,,,,,,,,,,,,,,,,,,,,,High,High,High,,,,,
149,2025-01-31,15:21:34.36,6,3,"Collins, Ethan",1000115647,Right,POM_COL,"Nahabedian, George",1000214430,Right,POM_COL,Undefined,4,Bottom,2,1,1,Cutter,Slider,BallCalled,Undefined,Undefined,Undefined,0,0,,79.70311,1.644915,-0.878233,2593.249913,114.350193,9:45,5.10013,2.55502,5.08375,-39.71782,5.92449,-9.75225,3.34141,0.91445,72.47857,-5.622965,-2.601472,0.486245,,,,,,,,,,,,4.54965,2.93138,-2.46396,50,5.22504,2.18465,-115.51073,1.91872,6.10945,22.74397,-28.2377,POM_COL,POM_COL,PomonaPitzer,TeamExclusive,Team,20250131-PomonaPitzer-Private-1,1cdedab0-e02a-11ef-8ec6-fd2c1b208846,77.51736,,,7.22454,,,,,,,1bbb3642-f57c-4a84-8684-13f7541aee08,2025-01-31,23:21:34.36,2025-01-31T15:21:34.3664230-08:00,2025-01-31T23:21:34.3664230Z,,v3,POM_PIT,POM_PIT,,"Savas, Peter",1000276389,Right,POM_COL,14192796-0835-4105-a61f-373ec8b0245f,55.41321,-116.57171,11.37199,5.10481,3.23598,-14.11885,-2.55922,1.89965,3.05472,,,,,,,,,,,,,,,,,,,,,,,,,,,,,,,,,,,,,,,,,,,,,,,,,,,High,High,High,,,,,
150,2025-01-31,15:21:54.57,6,4,"Collins, Ethan",1000115647,Right,POM_COL,"Nahabedian, George",1000214430,Right,POM_COL,Undefined,4,Bottom,2,2,1,Cutter,Slider,InPlay,Undefined,GroundBall,FieldersChoice,1,0,,79.61664,0.275053,-2.642586,2504.453124,111.385142,9:45,5.04686,2.59597,5.14708,-40.89998,4.67866,-8.19095,1.89777,-0.57635,72.84944,-7.172572,-4.090011,0.485906,64.50487,16.11643,-12.715625,780.055512,,,,136.69274,134.2275,-10.479945,1.696525,3.34055,2.64697,-2.34187,50,5.04114,5.65748,-115.40066,-0.86639,4.48279,22.45478,-28.62198,POM_COL,POM_COL,PomonaPitzer,TeamExclusive,Team,20250131-PomonaPitzer-Private-1,28f0e960-e02a-11ef-8ec6-fd2c1b208846,77.57149,12.29957,,6.7672,,,,2.76627,2.14024,0.46112,1bbb3642-f57c-4a84-8684-13f7541aee08,2025-01-31,23:21:54.57,2025-01-31T15:21:54.5742438-08:00,2025-01-31T23:21:54.5742438Z,LineDrive,v3,POM_PIT,POM_PIT,,"Savas, Peter",1000276389,Right,POM_COL,b68205ed-e601-44c8-bcfd-745db21b46c9,55.35275,-116.43755,11.22739,5.05063,0.45527,-14.31099,-2.59833,5.45048,2.24139,251.713838,2.76627,88.65981,-7.98048,1.17082,-0.22461,0.03088,-0.00532,0.00116,-0.00012,2.14024,26.26197,-17.7402,1.12198,-0.18992,0.03806,-0.00366,0.0004,-6E-05,0.46112,-20.00576,3.95712,-0.82264,0.19596,-0.03582,0.00708,-0.00136,0.00014,,,,,,,,,,,,,,,,,,,,,,,High,High,High,High,High,,,
151,2025-01-31,15:24:28.81,1,1,"Brunngraber, Max",1000276385,Right,POM_COL,"Legg, Jimmy",1000115608,Left,POM_COL,Undefined,5,Top,0,0,0,Fastball,Four-Seam,StrikeCalled,Undefined,Undefined,Undefined,0,0,,86.59677,-1.415447,-3.812016,2184.08083,202.873409,12:45,5.79145,2.59198,5.64528,-17.74505,20.32694,8.01347,2.98918,-0.30132,78.39187,-4.799743,-2.385479,0.444093,,,,,,,,,,,,-5.17134,11.08406,-2.27305,50,5.65994,7.99941,-125.31054,-3.60463,-8.15658,27.22467,-14.69151,POM_COL,POM_COL,PomonaPitzer,TeamExclusive,Team,20250131-PomonaPitzer-Private-1,84da6c10-e02a-11ef-8ec6-fd2c1b208846,84.87504,,,8.2049,,,,,,,1bbb3642-f57c-4a84-8684-13f7541aee08,2025-01-31,23:24:28.81,2025-01-31T15:24:28.8195686-08:00,2025-01-31T23:24:28.8195686Z,,v3,POM_PIT,POM_PIT,,"Lee, Sammy",1000276388,Right,POM_COL,7b8dc52d-725c-4eeb-957e-cc3b192141a4,54.85014,-126.35988,13.61234,5.78796,-3.03837,-7.34575,-2.58743,8.31379,-4.07829,,,,,,,,,,,,,,,,,,,,,,,,,,,,,,,,,,,,,,,,,,,,,,,,,,,High,High,High,,,,,
152,2025-01-31,15:24:43.37,1,2,"Brunngraber, Max",1000276385,Right,POM_COL,"Legg, Jimmy",1000115608,Left,POM_COL,Undefined,5,Top,0,0,1,Slider,Curveball,BallCalled,Undefined,Undefined,Undefined,0,0,,72.09672,3.096866,-0.317855,2304.886009,79.915346,8:45,5.75903,2.80229,4.9283,-58.42165,-1.69638,-20.88627,3.82096,0.76129,65.1719,-7.517522,-3.997224,0.542075,,,,,,,,,,,,10.09851,-1.17374,-2.75332,50,6.01289,1.40488,-104.30941,3.68751,10.94211,20.25298,-33.44585,POM_COL,POM_COL,PomonaPitzer,TeamExclusive,Team,20250131-PomonaPitzer-Private-1,8d93b2d0-e02a-11ef-8ec6-fd2c1b208846,69.53359,,,6.92482,,,,,,,1bbb3642-f57c-4a84-8684-13f7541aee08,2025-01-31,23:24:43.37,2025-01-31T15:24:43.3713254-08:00,2025-01-31T23:24:43.3713254Z,,v3,POM_PIT,POM_PIT,,"Lee, Sammy",1000276388,Right,POM_COL,1cefcc1b-15ef-4ef4-9348-81ee63b521e5,55.57027,-105.3854,10.12649,5.76979,5.4644,-16.72293,-2.81252,0.82355,5.47105,,,,,,,,,,,,,,,,,,,,,,,,,,,,,,,,,,,,,,,,,,,,,,,,,,,High,High,High,,,,,
153,2025-01-31,15:24:58.79,1,3,"Brunngraber, Max",1000276385,Right,POM_COL,"Legg, Jimmy",1000115608,Left,POM_COL,Undefined,5,Top,0,1,1,Curveball,Curveball,StrikeCalled,Undefined,Undefined,Undefined,0,0,,71.25505,2.280077,-1.715971,2345.91266,59.64543,8:00,5.6555,2.77712,5.21675,-65.71732,-8.78623,-18.14658,2.32505,-0.34906,65.37384,-9.608364,-4.931631,0.543058,,,,,,,,,,,,8.50197,-4.47922,-2.60459,50,5.817,3.76744,-103.31869,1.99181,9.1049,18.70255,-36.9709,POM_COL,POM_COL,PomonaPitzer,TeamExclusive,Team,20250131-PomonaPitzer-Private-1,96d192e0-e02a-11ef-8ec6-fd2c1b208846,69.40776,,,5.88121,,,,,,,1bbb3642-f57c-4a84-8684-13f7541aee08,2025-01-31,23:24:58.79,2025-01-31T15:24:58.7971174-08:00,2025-01-31T23:24:58.7971174Z,,v3,POM_PIT,POM_PIT,,"Lee, Sammy",1000276388,Right,POM_COL,c634bebd-6b1f-4748-a1e4-cf3395e33e4f,55.28593,-104.27115,9.35128,5.66762,3.87462,-18.48545,-2.78465,3.30376,4.55245,,,,,,,,,,,,,,,,,,,,,,,,,,,,,,,,,,,,,,,,,,,,,,,,,,,High,High,High,,,,,
154,2025-01-31,15:25:15.60,1,4,"Brunngraber, Max",1000276385,Right,POM_COL,"Legg, Jimmy",1000115608,Left,POM_COL,Undefined,5,Top,0,1,2,ChangeUp,Changeup,FoulBallNotFieldable,Undefined,Undefined,Undefined,0,0,,81.5362,-2.007379,-4.147515,1501.556767,218.901513,1:15,5.55184,2.8886,5.75692,-29.36927,13.21536,9.51859,1.23016,-0.18565,74.53651,-7.45843,-2.448592,0.469676,,,,,,,,,,,,-6.08331,7.7317,-2.55017,50,5.36711,8.19353,-118.04369,-5.05317,-8.55203,23.23999,-21.30467,POM_COL,POM_COL,PomonaPitzer,TeamExclusive,Team,20250131-PomonaPitzer-Private-1,a0c33290-e02a-11ef-8ec6-fd2c1b208846,80.25207,,,6.9997,,,,,,,1bbb3642-f57c-4a84-8684-13f7541aee08,2025-01-31,23:25:15.60,2025-01-31T15:25:15.6005990-08:00,2025-01-31T23:25:15.6005990Z,,v3,POM_PIT,POM_PIT,,"Lee, Sammy",1000276388,Right,POM_COL,3e783ed1-103a-4484-a286-2b6e65fc6ed0,54.74254,-118.97372,11.61999,5.55227,-4.20059,-10.65233,-2.88491,8.53577,-4.27601,,,,,,,,,,,,,,,,,,,,,,,,,,,,,,,,,,,,,,,,,,,,,,,,,,,High,High,High,,,,,
155,2025-01-31,15:25:39.53,1,5,"Brunngraber, Max",1000276385,Right,POM_COL,"Legg, Jimmy",1000115608,Left,POM_COL,Undefined,5,Top,0,1,2,Fastball,Four-Seam,BallCalled,Undefined,Undefined,Undefined,0,0,,86.76786,1.80572,-2.104478,2297.108908,219.292258,1:15,6.02143,2.63215,5.60655,-24.17745,13.99328,10.31623,5.69392,1.52648,77.79533,-2.754969,-0.265232,0.444669,,,,,,,,,,,,-5.83229,6.87902,-2.45858,50,6.16078,4.15455,-125.6086,3.18513,-9.16936,29.22619,-21.35904,POM_COL,POM_COL,PomonaPitzer,TeamExclusive,Team,20250131-PomonaPitzer-Private-1,aefeff10-e02a-11ef-8ec6-fd2c1b208846,84.7652,,,8.97253,,,,,,,1bbb3642-f57c-4a84-8684-13f7541aee08,2025-01-31,23:25:39.53,2025-01-31T15:25:39.5396198-08:00,2025-01-31T23:25:39.5396198Z,,v3,POM_PIT,POM_PIT,,"Lee, Sammy",1000276388,Right,POM_COL,86a9b968-a966-4f81-ba1b-36c4d20ed1c0,54.88738,-126.74068,14.61309,6.02138,4.01247,-10.67952,-2.62638,4.50973,-4.58468,,,,,,,,,,,,,,,,,,,,,,,,,,,,,,,,,,,,,,,,,,,,,,,,,,,High,High,High,,,,,
156,2025-01-31,15:25:58.48,1,6,"Brunngraber, Max",1000276385,Right,POM_COL,"Legg, Jimmy",1000115608,Left,POM_COL,Undefined,5,Top,0,2,2,Fastball,Sinker,InPlay,Undefined,FlyBall,Single,0,0,,87.56585,-2.350194,-3.860105,2322.003507,229.142647,1:45,5.6694,2.69708,5.77851,-24.37596,12.54804,13.06603,1.44508,0.18876,79.80977,-6.895841,-1.52533,0.437347,71.30418,29.938864,-3.336762,3509.666127,108.94239,43.47524,-15.21638,235.84521,229.09058,-13.02071,3.608557,-7.81563,7.45414,-2.38613,50,5.46029,8.01004,-126.7842,-6.00879,-12.6591,27.10597,-20.10045,POM_COL,POM_COL,PomonaPitzer,TeamExclusive,Team,20250131-PomonaPitzer-Private-1,ba50a3f0-e02a-11ef-8ec6-fd2c1b208846,86.18436,44.83674,,7.75608,,,,2.14643,1.58395,-0.22835,1bbb3642-f57c-4a84-8684-13f7541aee08,2025-01-31,23:25:58.48,2025-01-31T15:25:58.4892518-08:00,2025-01-31T23:25:58.4892518Z,FlyBall,v3,POM_PIT,POM_PIT,,"Lee, Sammy",1000276388,Right,POM_COL,1141ce3e-b81f-4b67-8425-928c953d776f,54.72084,-127.78951,13.55299,5.66932,-5.2633,-10.05023,-2.69192,8.47954,-6.32955,137.740518,2.1461,90.48264,-13.5467,3.0221,-0.81762,0.2866,-0.08903,0.01639,-0.00123,1.58451,52.17428,-16.96736,0.67137,0.23314,-0.22321,0.08583,-0.01554,0.00108,-0.22838,-5.27364,-5.37546,1.51457,-0.39017,0.09632,-0.02241,0.00366,-0.00026,,,,,,,,,,,,,,,,,,,,,,,High,High,High,High,High,,,
157,2025-01-31,15:27:27.75,2,1,"Brunngraber, Max",1000276385,Right,POM_COL,"Morgan, Ben",1000115622,Left,POM_COL,Undefined,5,Top,0,0,0,Fastball,Four-Seam,BallCalled,Undefined,Undefined,Undefined,0,0,,86.19105,-0.217627,-1.725863,2212.261033,208.795476,1:00,5.70875,2.79938,5.60388,-22.75214,15.73973,7.8989,3.60949,1.84601,77.76628,-4.508646,-0.316457,0.446535,,,,,,,,,,,,-4.50488,8.41965,-2.65672,50,5.67572,3.41865,-124.91984,-1.19027,-7.03018,28.0769,-19.03458,POM_COL,POM_COL,PomonaPitzer,TeamExclusive,Team,20250131-PomonaPitzer-Private-1,ef8c91f0-e02a-11ef-8ec6-fd2c1b208846,84.41085,,,8.42476,,,,,,,1bbb3642-f57c-4a84-8684-13f7541aee08,2025-01-31,23:27:27.75,2025-01-31T15:27:27.7597286-08:00,2025-01-31T23:27:27.7597286Z,,v3,POM_PIT,POM_PIT,,"Lee, Sammy",1000276388,Right,POM_COL,b5239a37-ddd5-4d27-b8c2-b69d99a16d59,54.89122,-126.01439,14.03845,5.70766,-0.44822,-9.51729,-2.79533,3.69272,-3.51509,,,,,,,,,,,,,,,,,,,,,,,,,,,,,,,,,,,,,,,,,,,,,,,,,,,High,High,High,,,,,
158,2025-01-31,15:27:48.33,2,2,"Brunngraber, Max",1000276385,Right,POM_COL,"Morgan, Ben",1000115622,Left,POM_COL,Undefined,5,Top,0,1,0,Fastball,Four-Seam,BallCalled,Undefined,Undefined,Undefined,0,0,,87.21376,-3.471826,-4.457907,2345.88698,203.570364,12:45,5.69267,2.66379,5.77968,-20.85048,16.55194,6.65918,0.711,-0.93753,79.45028,-7.37962,-3.270453,0.440171,,,,,,,,,,,,-4.70516,9.84469,-2.29926,50,5.39257,9.54407,-126.0052,-8.30691,-7.52197,26.95381,-16.43571,POM_COL,POM_COL,PomonaPitzer,TeamExclusive,Team,20250131-PomonaPitzer-Private-1,fbc5fec0-e02a-11ef-8ec6-fd2c1b208846,85.63135,,,7.76348,,,,,,,1bbb3642-f57c-4a84-8684-13f7541aee08,2025-01-31,23:27:48.33,2025-01-31T15:27:48.3330662-08:00,2025-01-31T23:27:48.3330662Z,,v3,POM_PIT,POM_PIT,,"Lee, Sammy",1000276388,Right,POM_COL,9fe3163c-ad93-48df-9578-14ef9a83634c,54.71798,-127.01042,13.4769,5.69094,-7.69396,-8.21785,-2.66043,9.82459,-3.76098,,,,,,,,,,,,,,,,,,,,,,,,,,,,,,,,,,,,,,,,,,,,,,,,,,,High,High,High,,,,,
159,2025-01-31,15:28:07.79,2,3,"Brunngraber, Max",1000276385,Right,POM_COL,"Morgan, Ben",1000115622,Left,POM_COL,Undefined,5,Top,0,2,0,Fastball,Four-Seam,InPlay,Undefined,GroundBall,Out,1,0,,88.11242,-0.923033,-2.480897,2335.107666,220.20345,1:15,5.75616,2.60807,5.70769,-20.8621,15.62788,12.16394,3.15678,1.30882,79.99785,-4.856435,-0.307207,0.434769,85.43486,-13.84577,2.800226,,,,,13.72194,13.72194,-2.959363,0.102853,-6.92311,8.58241,-2.40783,50,5.66602,5.01483,-127.77948,-2.71903,-11.37093,27.94797,-18.07784,POM_COL,POM_COL,PomonaPitzer,TeamExclusive,Team,20250131-PomonaPitzer-Private-1,07621a20-e02b-11ef-8ec6-fd2c1b208846,86.69541,3.0928,,8.11457,,,,1.17028,3.0928,-1.32146,1bbb3642-f57c-4a84-8684-13f7541aee08,2025-01-31,23:28:07.79,2025-01-31T15:28:07.7938278-08:00,2025-01-31T23:28:07.7938278Z,GroundBall,v3,POM_PIT,POM_PIT,,"Lee, Sammy",1000276388,Right,POM_COL,004b54ff-15c2-428f-b17f-ceec7ecfb364,54.79058,-128.82302,13.97399,5.75494,-2.04403,-9.03892,-2.60301,5.43941,-5.68546,180,1.16468,121.85685,,,,,,,,3.09418,-30.07005,,,,,,,,-1.32174,5.96028,,,,,,,,,,,,,,,,,,,,,,,,,,,,,,High,High,High,Medium,High,,,
160,2025-01-31,15:28:49.37,3,1,"Brunngraber, Max",1000276385,Right,POM_COL,"Gonzaga, Kai",10138924,Left,POM_COL,Undefined,5,Top,1,0,0,Slider,Curveball,StrikeCalled,Undefined,Undefined,Undefined,0,0,,72.03333,1.95794,0.122309,2201.278556,86.840801,9:00,5.74198,2.74527,5.42303,-55.00027,0.74579,-22.81478,2.99329,0.9586,65.20525,-8.1311,-3.93855,0.537376,,,,,,,,,,,,11.38359,0.40303,-2.74028,50,5.87835,0.63482,-104.38159,1.85486,12.32894,20.57604,-31.73755,POM_COL,POM_COL,PomonaPitzer,TeamExclusive,Team,20250131-PomonaPitzer-Private-1,2030f670-e02b-11ef-8ec6-fd2c1b208846,70.14161,,,6.82808,,,,,,,1bbb3642-f57c-4a84-8684-13f7541aee08,2025-01-31,23:28:49.37,2025-01-31T15:28:49.3787238-08:00,2025-01-31T23:28:49.3787238Z,,v3,POM_PIT,POM_PIT,,"Lee, Sammy",1000276388,Right,POM_COL,bf15dac5-115d-4b68-89d2-9911d863231f,55.07518,-105.37727,10.28802,5.75144,3.39065,-15.86878,-2.75657,0.03822,6.16447,,,,,,,,,,,,,,,,,,,,,,,,,,,,,,,,,,,,,,,,,,,,,,,,,,,High,High,High,,,,,
161,2025-01-31,15:29:05.76,3,2,"Brunngraber, Max",1000276385,Right,POM_COL,"Gonzaga, Kai",10138924,Left,POM_COL,Undefined,5,Top,1,0,1,ChangeUp,Changeup,BallinDirt,Undefined,Undefined,Undefined,0,1,,82.95022,-1.034382,-2.164588,1581.969213,261.174003,2:45,5.64901,2.75732,5.8385,-36.67766,4.42859,19.34536,1.63037,2.35666,75.44478,-7.815154,1.308359,0.461451,,,,,,,,,,,,-10.52016,3.02331,-2.59213,50,5.54333,3.77104,-120.33054,-3.38229,-15.25159,25.79402,-27.79102,POM_COL,POM_COL,PomonaPitzer,TeamExclusive,Team,20250131-PomonaPitzer-Private-1,29f6a420-e02b-11ef-8ec6-fd2c1b208846,81.68247,,,7.50544,,,,,,,1bbb3642-f57c-4a84-8684-13f7541aee08,2025-01-31,23:29:05.76,2025-01-31T15:29:05.7665638-08:00,2025-01-31T23:29:05.7665638Z,,v3,POM_PIT,POM_PIT,,"Lee, Sammy",1000276388,Right,POM_COL,06eb74b4-bb8a-417b-9d77-bdcc55eaabc2,54.66053,-121.32545,12.89701,5.65312,-2.31034,-13.89551,-2.74893,4.35931,-7.62579,,,,,,,,,,,,,,,,,,,,,,,,,,,,,,,,,,,,,,,,,,,,,,,,,,,High,High,High,,,,,
162,2025-01-31,15:29:38.88,3,3,"Brunngraber, Max",1000276385,Right,POM_COL,"Gonzaga, Kai",10138924,Left,POM_COL,Undefined,5,Top,1,1,1,Fastball,Four-Seam,BallCalled,Undefined,Undefined,Undefined,0,0,,87.15788,-2.687576,-4.452986,2348.925929,212.963396,1:00,5.659,2.75469,5.72183,-21.81521,15.75694,9.36189,1.32827,-0.62131,79.11528,-6.780517,-2.785059,0.441168,,,,,,,,,,,,-6.08158,9.20666,-2.38779,50,5.42042,9.40865,-125.96649,-6.61219,-9.69297,27.50987,-17.50019,POM_COL,POM_COL,PomonaPitzer,TeamExclusive,Team,20250131-PomonaPitzer-Private-1,3db21030-e02b-11ef-8ec6-fd2c1b208846,85.43776,,,8.0426,,,,,,,1bbb3642-f57c-4a84-8684-13f7541aee08,2025-01-31,23:29:38.88,2025-01-31T15:29:38.8886630-08:00,2025-01-31T23:29:38.8886630Z,,v3,POM_PIT,POM_PIT,,"Lee, Sammy",1000276388,Right,POM_COL,273e524e-72ab-4440-97bb-2ad20b299161,54.775,-127.00502,13.75493,5.65757,-5.95154,-8.7501,-2.74989,9.77458,-4.84648,,,,,,,,,,,,,,,,,,,,,,,,,,,,,,,,,,,,,,,,,,,,,,,,,,,High,High,High,,,,,
163,2025-01-31,15:29:56.50,3,4,"Brunngraber, Max",1000276385,Right,POM_COL,"Gonzaga, Kai",10138924,Left,POM_COL,Undefined,5,Top,1,2,1,Fastball,Sinker,InPlay,Undefined,FlyBall,Triple,0,0,,87.90852,-1.408966,-4.414364,2317.336689,243.47806,2:00,5.71228,2.86224,5.69801,-28.41698,8.36028,14.2656,2.02704,-0.07075,80.03419,-6.67244,-1.87155,0.436477,83.86884,41.826375,-25.181528,,93.02085,77.20916,-58.7121,272.94066,134.07296,-37.899704,4.617987,-8.56784,5.0228,-2.50016,50,5.57599,9.2178,-127.24541,-4.11734,-13.97183,27.42148,-23.98326,POM_COL,POM_COL,PomonaPitzer,TeamExclusive,Team,20250131-PomonaPitzer-Private-1,482fea50-e02b-11ef-8ec6-fd2c1b208846,86.35611,83.72924,,7.87434,,,,1.31071,2.00103,0.07856,1bbb3642-f57c-4a84-8684-13f7541aee08,2025-01-31,23:29:56.50,2025-01-31T15:29:56.5054566-08:00,2025-01-31T23:29:56.5054566Z,FlyBall,v3,POM_PIT,POM_PIT,,"Lee, Sammy",1000276388,Right,POM_COL,95933535-5c38-4cd7-8b8e-255ab3da7fb2,54.80152,-128.27597,13.71074,5.71379,-3.21599,-11.99163,-2.85645,9.74289,-6.98592,141.584239,1.31576,82.81834,-21.94802,5.89326,-0.54454,-0.27407,0.11911,-0.01853,0.00105,1.99672,82.11824,-24.36533,2.3892,-0.34642,0.00652,0.02205,-0.00566,0.00042,0.07971,-39.03206,-0.65207,0.7399,-0.08868,-0.06298,0.02921,-0.00484,0.00029,,,,,,,,,,,,,,,,,,,,,,,High,High,High,High,Low,,,
164,2025-01-31,15:30:43.90,4,1,"Brunngraber, Max",1000276385,Right,POM_COL,"Ng, JC",1000115591,Left,POM_COL,Undefined,5,Top,1,0,0,ChangeUp,Slider,StrikeCalled,Undefined,Undefined,Undefined,0,0,,80.04049,-0.917568,-1.535464,2304.701568,176.654556,12:00,5.68691,2.65207,5.08605,-33.28372,11.86942,-0.60638,2.04803,1.15393,73.12369,-7.018739,-1.642701,0.483632,,,,,,,,,,,,-0.14244,6.6191,-2.50626,50,5.57436,3.1354,-116.01172,-2.99855,-0.19347,22.3974,-23.18422,POM_COL,POM_COL,PomonaPitzer,TeamExclusive,Team,20250131-PomonaPitzer-Private-1,647290a0-e02b-11ef-8ec6-fd2c1b208846,77.93614,,,6.91681,,,,,,,1bbb3642-f57c-4a84-8684-13f7541aee08,2025-01-31,23:30:43.90,2025-01-31T15:30:43.9021158-08:00,2025-01-31T23:30:43.9021158Z,,v3,POM_PIT,POM_PIT,,"Lee, Sammy",1000276388,Right,POM_COL,811efaf8-b65e-48a6-977c-aca029c13d6e,55.41019,-117.05156,11.1987,5.68859,-1.92218,-11.59211,-2.65204,3.14438,-0.09674,,,,,,,,,,,,,,,,,,,,,,,,,,,,,,,,,,,,,,,,,,,,,,,,,,,High,High,High,,,,,
165,2025-01-31,15:30:59.15,4,2,"Brunngraber, Max",1000276385,Right,POM_COL,"Ng, JC",1000115591,Left,POM_COL,Undefined,5,Top,1,0,1,Fastball,Four-Seam,BallinDirt,Undefined,Undefined,Undefined,0,0,,90.76717,-3.570875,-4.037084,2434.800998,217.132945,1:15,5.93581,2.57436,5.73525,-16.96375,17.34383,12.28973,1.18428,-0.16717,83.09918,-6.766598,-1.844769,0.421567,,,,,,,,,,,,-7.35209,10.13843,-2.24522,50,5.62696,8.72951,-131.30558,-8.74042,-12.85938,27.32034,-14.44111,POM_COL,POM_COL,PomonaPitzer,TeamExclusive,Team,20250131-PomonaPitzer-Private-1,6d836d40-e02b-11ef-8ec6-fd2c1b208846,89.41035,,,7.66799,,,,,,,1bbb3642-f57c-4a84-8684-13f7541aee08,2025-01-31,23:30:59.15,2025-01-31T15:30:59.1558758-08:00,2025-01-31T23:30:59.1558758Z,,v3,POM_PIT,POM_PIT,,"Lee, Sammy",1000276388,Right,POM_COL,c6905307-7e27-4d1f-9521-d818504ca1a4,54.76397,-132.29309,13.66017,5.93345,-8.21844,-7.22055,-2.56915,9.19432,-6.42969,,,,,,,,,,,,,,,,,,,,,,,,,,,,,,,,,,,,,,,,,,,,,,,,,,,High,High,High,,,,,
166,2025-01-31,15:31:18.00,4,3,"Brunngraber, Max",1000276385,Right,POM_COL,"Ng, JC",1000115591,Left,POM_COL,Undefined,5,Top,1,1,1,Fastball,Four-Seam,BallCalled,Undefined,Undefined,Undefined,0,0,,89.28786,-0.114431,-3.55514,2424.709662,212.814512,1:00,5.87533,2.56194,5.82993,-19.23351,16.08296,9.62497,4.16596,0.05501,81.19124,-3.756066,-1.834835,0.427721,,,,,,,,,,,,-5.89059,8.57115,-2.27687,50,5.85464,7.61992,-129.414,-0.84645,-9.96406,27.65928,-17.67572,POM_COL,POM_COL,PomonaPitzer,TeamExclusive,Team,20250131-PomonaPitzer-Private-1,78b973d0-e02b-11ef-8ec6-fd2c1b208846,88.12397,,,8.09662,,,,,,,1bbb3642-f57c-4a84-8684-13f7541aee08,2025-01-31,23:31:18.00,2025-01-31T15:31:18.0044902-08:00,2025-01-31T23:31:18.0044902Z,,v3,POM_PIT,POM_PIT,,"Lee, Sammy",1000276388,Right,POM_COL,c8e2cd36-4df7-47f4-abad-5bbd5fb4b9a4,54.66711,-130.40767,13.82964,5.87364,-0.21144,-8.83786,-2.55705,7.97788,-4.98203,,,,,,,,,,,,,,,,,,,,,,,,,,,,,,,,,,,,,,,,,,,,,,,,,,,High,High,High,,,,,
167,2025-01-31,15:31:33.90,4,4,"Brunngraber, Max",1000276385,Right,POM_COL,"Ng, JC",1000115591,Left,POM_COL,Undefined,5,Top,1,2,1,ChangeUp,Changeup,BallCalled,Undefined,Undefined,Undefined,0,0,,83.06629,-2.30089,-4.044638,1635.433951,235.980991,1:45,5.47437,2.53618,5.63352,-30.53167,10.52111,13.6352,0.77681,-0.10749,76.26932,-7.925823,-1.61411,0.461151,,,,,,,,,,,,-8.03528,6.36796,-2.20051,50,5.25857,7.95549,-120.28376,-5.8466,-11.78596,23.07386,-22.83366,POM_COL,POM_COL,PomonaPitzer,TeamExclusive,Team,20250131-PomonaPitzer-Private-1,82410710-e02b-11ef-8ec6-fd2c1b208846,81.73566,,,6.79697,,,,,,,1bbb3642-f57c-4a84-8684-13f7541aee08,2025-01-31,23:31:33.90,2025-01-31T15:31:33.9031142-08:00,2025-01-31T23:31:33.9031142Z,,v3,POM_PIT,POM_PIT,,"Lee, Sammy",1000276388,Right,POM_COL,d8630410-1e76-4e81-80eb-f66a818cfd7a,54.86606,-121.21361,11.53693,5.47564,-4.92643,-11.41683,-2.53068,8.43045,-5.89298,,,,,,,,,,,,,,,,,,,,,,,,,,,,,,,,,,,,,,,,,,,,,,,,,,,High,High,High,,,,,
168,2025-01-31,15:31:55.64,4,5,"Brunngraber, Max",1000276385,Right,POM_COL,"Ng, JC",1000115591,Left,POM_COL,Undefined,5,Top,1,3,1,Fastball,Sinker,BallCalled,Walk,Undefined,Undefined,0,0,,88.42248,0.596197,-3.482362,2268.113815,227.779107,1:30,5.76468,2.6693,5.69015,-21.67639,14.50509,14.68595,4.51503,0.64352,80.37216,-3.47951,-0.863267,0.432927,,,,,,,,,,,,-8.38878,7.53579,-2.38525,50,5.80146,7.15227,-128.15643,0.63815,-13.92208,27.00515,-19.66755,POM_COL,POM_COL,PomonaPitzer,TeamExclusive,Team,20250131-PomonaPitzer-Private-1,8f2c37b0-e02b-11ef-8ec6-fd2c1b208846,87.06423,,,8.05032,,,,,,,1bbb3642-f57c-4a84-8684-13f7541aee08,2025-01-31,23:31:55.64,2025-01-31T15:31:55.6484198-08:00,2025-01-31T23:31:55.6484198Z,,v3,POM_PIT,POM_PIT,,"Lee, Sammy",1000276388,Right,POM_COL,06027007-c11d-4a25-83af-33673f1ece95,54.80751,-129.1655,13.50258,5.76389,1.37304,-9.83377,-2.66222,7.67248,-6.96104,,,,,,,,,,,,,,,,,,,,,,,,,,,,,,,,,,,,,,,,,,,,,,,,,,,High,High,High,,,,,
169,2025-01-31,15:32:32.47,5,1,"Brunngraber, Max",1000276385,Right,POM_COL,"Gold, Jack",1000108729,Left,POM_COL,Undefined,5,Top,1,0,0,Cutter,Slider,FoulBallNotFieldable,Undefined,Undefined,Undefined,0,0,,79.43166,-1.988466,-4.004219,2329.969343,134.067526,10:30,5.61063,2.65243,5.15665,-34.1786,12.19796,-10.90997,0.88529,-2.03215,72.28833,-8.229541,-5.926833,0.490141,,,,,,,,,,,,4.27177,7.15835,-2.26879,50,5.3986,8.46272,-114.809,-5.12466,5.61368,24.31468,-22.76699,POM_COL,POM_COL,PomonaPitzer,TeamExclusive,Team,20250131-PomonaPitzer-Private-1,a528e130-e02b-11ef-8ec6-fd2c1b208846,76.90128,,,7.14333,,,,,,,1bbb3642-f57c-4a84-8684-13f7541aee08,2025-01-31,23:32:32.47,2025-01-31T15:32:32.4736102-08:00,2025-01-31T23:32:32.4736102Z,,v3,POM_PIT,POM_PIT,,"Lee, Sammy",1000276388,Right,POM_COL,0174136b-1281-4f88-8748-56a9891f9c76,55.34383,-115.93521,12.15734,5.61154,-4.07013,-11.38349,-2.65474,8.2027,2.80684,,,,,,,,,,,,,,,,,,,,,,,,,,,,,,,,,,,,,,,,,,,,,,,,,,,High,High,High,,,,,
170,2025-01-31,15:33:46.42,5,2,"Brunngraber, Max",1000276385,Right,POM_COL,"Gold, Jack",1000108729,Left,POM_COL,Undefined,5,Top,1,0,1,Fastball,Four-Seam,StrikeCalled,Undefined,Undefined,Undefined,0,0,,87.07327,-1.44845,-4.13536,2256.659339,233.520027,1:45,5.75854,2.27335,5.85505,-28.09608,9.26276,10.78107,2.06759,-0.67722,79.08391,-6.677579,-2.207492,0.439914,,,,,,,,,,,,-6.74886,5.55839,-1.94327,50,5.62433,8.66161,-126.0445,-4.12378,-10.76553,27.63938,-23.30755,POM_COL,POM_COL,PomonaPitzer,TeamExclusive,Team,20250131-PomonaPitzer-Private-1,d1391790-e02b-11ef-8ec6-fd2c1b208846,85.68131,,,7.98936,,,,,,,1bbb3642-f57c-4a84-8684-13f7541aee08,2025-01-31,23:33:46.42,2025-01-31T15:33:46.4250000-08:00,2025-01-31T23:33:46.4250000Z,,v3,POM_PIT,POM_PIT,,"Lee, Sammy",1000276388,Right,POM_COL,daf8713e-29cf-4bd0-bd20-8f61ea26f6ec,54.64281,-127.0585,13.81969,5.75994,-3.26869,-11.65377,-2.26828,9.05657,-5.38277,,,,,,,,,,,,,,,,,,,,,,,,,,,,,81.6243,2.351283,1.17289,1.178394,-0.09548,1.88819,0.73478,2.53646,5.49299,0.15453,127.27988,0.50722,-7.07668,2.65706,117.80849,-10.33563,5.48483,7.54253,-9.98118,0.14116,-7.33215,1.03614,High,High,High,,,High,High,High
171,2025-01-31,15:34:15.98,5,3,"Brunngraber, Max",1000276385,Right,POM_COL,"Gold, Jack",1000108729,Left,POM_COL,Undefined,5,Top,1,0,2,Slider,Slider,BallCalled,Undefined,Undefined,Undefined,0,0,,75.93923,-0.132271,-2.915245,2399.34943,73.802491,8:30,5.54015,2.7377,5.40608,-52.39857,-2.55221,-14.41068,1.04951,-1.19705,69.70532,-9.63417,-5.475842,0.508145,,,,,,,,,,,,6.36953,-0.76799,-2.46751,50,5.49176,6.15153,-110.07472,-1.97705,7.73547,21.39239,-33.10675,POM_COL,POM_COL,PomonaPitzer,TeamExclusive,Team,20250131-PomonaPitzer-Private-1,e2e4b670-e02b-11ef-8ec6-fd2c1b208846,74.17648,,,6.23391,,,,,,,1bbb3642-f57c-4a84-8684-13f7541aee08,2025-01-31,23:34:15.98,2025-01-31T15:34:15.9897702-08:00,2025-01-31T23:34:15.9897702Z,,v3,POM_PIT,POM_PIT,,"Lee, Sammy",1000276388,Right,POM_COL,05e18cb4-43d7-42e4-85c2-7bbc22ac252a,55.09447,-111.06039,10.69619,5.54771,-0.45164,-16.55337,-2.74274,5.79511,3.86774,,,,,,,,,,,,,,,,,,,,,,,,,,,,,,,,,,,,,,,,,,,,,,,,,,,High,High,High,,,,,
172,2025-01-31,15:34:37.42,5,4,"Brunngraber, Max",1000276385,Right,POM_COL,"Gold, Jack",1000108729,Left,POM_COL,Undefined,5,Top,1,1,2,ChangeUp,Changeup,FoulBallNotFieldable,Undefined,Undefined,Undefined,0,0,,80.32173,-0.111161,-3.196588,1527.813635,258.068417,2:30,5.56718,2.72491,5.79958,-38.39124,5.66898,19.39119,2.26435,1.3646,72.74045,-7.22777,0.276153,0.477743,,,,,,,,,,,,-10.96237,3.35374,-2.474,50,5.53512,5.75866,-116.41693,-1.44046,-14.83512,24.6926,-27.63548,POM_COL,POM_COL,PomonaPitzer,TeamExclusive,Team,20250131-PomonaPitzer-Private-1,efa331c0-e02b-11ef-8ec6-fd2c1b208846,78.89685,,,7.58128,,,,,,,1bbb3642-f57c-4a84-8684-13f7541aee08,2025-01-31,23:34:37.42,2025-01-31T15:34:37.4235750-08:00,2025-01-31T23:34:37.4235750Z,,v3,POM_PIT,POM_PIT,,"Lee, Sammy",1000276388,Right,POM_COL,e3894a33-5a66-4efb-abf6-28851bda3976,54.70026,-117.40964,12.3463,5.5707,-0.32943,-13.81774,-2.71751,6.35507,-7.41756,,,,,,,,,,,,,,,,,,,,,,,,,,,,,,,,,,,,,,,,,,,,,,,,,,,High,High,High,,,,,
173,2025-01-31,15:35:04.29,5,5,"Brunngraber, Max",1000276385,Right,POM_COL,"Gold, Jack",1000108729,Left,POM_COL,Undefined,5,Top,1,1,2,Fastball,Four-Seam,BallCalled,Undefined,Undefined,Undefined,0,0,,88.52726,-0.360909,-3.017527,2309.792921,217.076625,1:15,5.91912,2.44838,5.8352,-20.92726,15.20816,10.53816,3.83926,0.51923,80.01238,-4.324141,-1.131691,0.432651,,,,,,,,,,,,-6.26788,8.23213,-2.20816,50,5.87747,6.30468,-128.28716,-1.45396,-10.34001,29.03946,-18.5936,POM_COL,POM_COL,PomonaPitzer,TeamExclusive,Team,20250131-PomonaPitzer-Private-1,ff9e8890-e02b-11ef-8ec6-fd2c1b208846,87.11972,,,8.51488,,,,,,,1bbb3642-f57c-4a84-8684-13f7541aee08,2025-01-31,23:35:04.29,2025-01-31T15:35:04.2900070-08:00,2025-01-31T23:35:04.2900070Z,,v3,POM_PIT,POM_PIT,,"Lee, Sammy",1000276388,Right,POM_COL,84bd4ea6-47b4-4ad0-b04b-3cfd9b59c31b,54.66108,-129.33795,14.51973,5.9179,-0.78115,-9.2968,-2.44306,6.67883,-5.17,,,,,,,,,,,,,,,,,,,,,,,,,,,,,,,,,,,,,,,,,,,,,,,,,,,High,High,High,,,,,
174,2025-01-31,15:35:27.21,5,6,"Brunngraber, Max",1000276385,Right,POM_COL,"Gold, Jack",1000108729,Left,POM_COL,Undefined,5,Top,1,2,2,ChangeUp,Changeup,InPlay,Undefined,GroundBall,Out,1,1,,81.50815,-1.045674,-2.917228,1495.516939,246.683888,2:15,5.53587,2.68,5.7596,-35.1349,7.37252,13.83324,1.63327,1.11507,74.47627,-7.537219,-0.440876,0.46925,86.22763,-11.893371,22.593263,,,,,9.85099,9.46123,10.653517,0.061798,-7.943,4.46303,-2.44678,50,5.42772,5.48872,-118.21719,-3.28784,-11.18248,23.62265,-25.89081,POM_COL,POM_COL,PomonaPitzer,TeamExclusive,Team,20250131-PomonaPitzer-Private-1,0d4d7e60-e02c-11ef-8ec6-fd2c1b208846,80.32493,1.61293,,7.03187,,,,2.61064,1.61293,-1.12107,1bbb3642-f57c-4a84-8684-13f7541aee08,2025-01-31,23:35:27.21,2025-01-31T15:35:27.2190566-08:00,2025-01-31T23:35:27.2190566Z,GroundBall,v3,POM_PIT,POM_PIT,,"Lee, Sammy",1000276388,Right,POM_COL,06a5840e-677a-4dd9-96dc-02ce82a2f5be,54.74036,-119.16067,11.81133,5.53839,-2.25378,-12.9454,-2.67491,5.93534,-5.59124,180,2.60905,114.41443,,,,,,,,1.61329,-26.10012,,,,,,,,-1.12173,47.61035,,,,,,,,,,,,,,,,,,,,,,,,,,,,,,High,High,High,Medium,High,,,
175,2025-01-31,15:36:01.26,6,1,"Brunngraber, Max",1000276385,Right,POM_COL,"Pierantoni, Greg",1000091552,Right,POM_COL,Undefined,5,Top,2,0,0,Fastball,Four-Seam,BallCalled,Undefined,Undefined,Undefined,0,0,,88.31229,-0.219845,-3.549596,2331.567194,203.638317,12:45,6.08746,2.42768,5.97734,-17.85462,17.94036,7.35477,4.39539,-0.25412,80.55377,-3.61972,-2.23169,0.430608,,,,,,,,,,,,-4.7278,9.59115,-2.15056,50,6.05999,7.63236,-128.06051,-0.99754,-7.85464,26.33229,-16.23953,POM_COL,POM_COL,PomonaPitzer,TeamExclusive,Team,20250131-PomonaPitzer-Private-1,21923eb0-e02c-11ef-8ec6-fd2c1b208846,87.53298,,,7.75852,,,,,,,1bbb3642-f57c-4a84-8684-13f7541aee08,2025-01-31,23:36:01.26,2025-01-31T15:36:01.2631654-08:00,2025-01-31T23:36:01.2631654Z,,v3,POM_PIT,POM_PIT,,"Lee, Sammy",1000276388,Right,POM_COL,c27febe7-0737-4ac2-8378-aff0338b31a0,54.51977,-128.98653,13.16615,6.08503,-0.42644,-8.11977,-2.42383,7.90858,-3.92732,,,,,,,,,,,,,,,,,,,,,,,,,,,,,,,,,,,,,,,,,,,,,,,,,,,High,High,High,,,,,
176,2025-01-31,15:36:16.35,6,2,"Brunngraber, Max",1000276385,Right,POM_COL,"Pierantoni, Greg",1000091552,Right,POM_COL,Undefined,5,Top,2,1,0,Slider,Curveball,StrikeCalled,Undefined,Undefined,Undefined,0,0,,72.88188,2.423367,-0.725962,2353.399822,69.706686,8:15,5.53061,2.61542,5.38295,-57.51987,-3.57169,-14.38316,3.01043,0.7363,66.65688,-8.063379,-3.283307,0.52864,,,,,,,,,,,,6.96689,-1.93295,-2.54015,50,5.70714,1.87744,-105.70579,2.63091,7.83221,19.09666,-34.34707,POM_COL,POM_COL,PomonaPitzer,TeamExclusive,Team,20250131-PomonaPitzer-Private-1,2a9ab6e0-e02c-11ef-8ec6-fd2c1b208846,71.30081,,,6.225,,,,,,,1bbb3642-f57c-4a84-8684-13f7541aee08,2025-01-31,23:36:16.35,2025-01-31T15:36:16.3564646-08:00,2025-01-31T23:36:16.3564646Z,,v3,POM_PIT,POM_PIT,,"Lee, Sammy",1000276388,Right,POM_COL,d4b25ffd-b569-4f71-8b60-5cb2d533bb06,55.11746,-106.6263,9.54833,5.54042,4.28652,-17.17354,-2.62155,1.49991,3.91611,,,,,,,,,,,,,,,,,,,,,,,,,,,,,,,,,,,,,,,,,,,,,,,,,,,High,High,High,,,,,
177,2025-01-31,15:36:34.11,6,3,"Brunngraber, Max",1000276385,Right,POM_COL,"Pierantoni, Greg",1000091552,Right,POM_COL,Undefined,5,Top,2,1,1,Fastball,Four-Seam,FoulBallNotFieldable,Undefined,Undefined,Undefined,0,0,,88.14785,-1.03145,-3.092652,2269.123657,217.185219,1:15,5.8925,2.31133,5.99986,-21.52781,14.32745,10.00493,3.14127,0.27661,80.5802,-5.085262,-1.296508,0.430971,,,,,,,,,,,,-6.01142,7.99851,-2.07331,50,5.79938,6.50179,-127.90923,-2.96677,-9.9606,26.34573,-18.92094,POM_COL,POM_COL,PomonaPitzer,TeamExclusive,Team,20250131-PomonaPitzer-Private-1,352b55b0-e02c-11ef-8ec6-fd2c1b208846,87.45938,,,7.56765,,,,,,,1bbb3642-f57c-4a84-8684-13f7541aee08,2025-01-31,23:36:34.11,2025-01-31T15:36:34.1142630-08:00,2025-01-31T23:36:34.1142630Z,,v3,POM_PIT,POM_PIT,,"Lee, Sammy",1000276388,Right,POM_COL,2b34e028-a73b-43c7-8e9e-fa70f422b922,54.49944,-128.83266,13.17286,5.89175,-2.30359,-9.46047,-2.30732,6.85091,-4.9803,,,,,,,,,,,,,,,,,,,,,,,,,,,,,,,,,,,,,,,,,,,,,,,,,,,High,High,High,,,,,
178,2025-01-31,15:36:57.96,6,4,"Brunngraber, Max",1000276385,Right,POM_COL,"Pierantoni, Greg",1000091552,Right,POM_COL,Undefined,5,Top,2,1,2,Slider,Curveball,BallCalled,Undefined,Undefined,Undefined,0,0,,75.47207,-0.323985,-3.456041,2468.400327,96.242316,9:15,5.58358,2.44603,5.50423,-46.64365,3.70445,-18.84741,1.39305,-2.3608,69.25385,-8.818947,-6.802137,0.510697,,,,,,,,,,,,8.42233,2.49961,-2.13113,50,5.52424,7.31362,-109.32623,-2.09749,10.09213,21.06229,-29.17889,POM_COL,POM_COL,PomonaPitzer,TeamExclusive,Team,20250131-PomonaPitzer-Private-1,436c5250-e02c-11ef-8ec6-fd2c1b208846,73.80592,,,6.21822,,,,,,,1bbb3642-f57c-4a84-8684-13f7541aee08,2025-01-31,23:36:57.96,2025-01-31T15:36:57.9611238-08:00,2025-01-31T23:36:57.9611238Z,,v3,POM_PIT,POM_PIT,,"Lee, Sammy",1000276388,Right,POM_COL,9cae9f82-e364-46d4-b618-4ed9820cf898,54.99469,-110.28429,10.53115,5.58946,-0.77024,-14.58945,-2.45336,6.85456,5.04607,,,,,,,,,,,,,,,,,,,,,,,,,,,,,,,,,,,,,,,,,,,,,,,,,,,High,High,High,,,,,
179,2025-01-31,15:37:19.45,6,5,"Brunngraber, Max",1000276385,Right,POM_COL,"Pierantoni, Greg",1000091552,Right,POM_COL,Undefined,5,Top,2,2,2,ChangeUp,Changeup,BallCalled,Undefined,Undefined,Undefined,0,0,,81.79187,-2.813281,-4.96497,1441.813252,241.681765,2:00,5.60011,2.49557,5.833,-34.78376,7.20622,10.98115,0.0745,-1.21595,75.60428,-9.18432,-3.003322,0.466385,,,,,,,,,,,,-6.95993,4.80811,-2.09618,50,5.34887,9.86418,-118.33998,-6.94802,-9.91894,21.53023,-25.32176,POM_COL,POM_COL,PomonaPitzer,TeamExclusive,Team,20250131-PomonaPitzer-Private-1,5032e3f0-e02c-11ef-8ec6-fd2c1b208846,80.81837,,,6.18759,,,,,,,1bbb3642-f57c-4a84-8684-13f7541aee08,2025-01-31,23:37:19.45,2025-01-31T15:37:19.4598502-08:00,2025-01-31T23:37:19.4598502Z,,v3,POM_PIT,POM_PIT,,"Lee, Sammy",1000276388,Right,POM_COL,10cb8a27-6304-4583-a432-cabeb16dbc21,54.66791,-119.18622,10.76512,5.6024,-5.95277,-12.66088,-2.49155,10.25403,-4.95947,,,,,,,,,,,,,,,,,,,,,,,,,,,,,,,,,,,,,,,,,,,,,,,,,,,High,High,High,,,,,
180,2025-01-31,15:37:54.34,6,6,"Brunngraber, Max",1000276385,Right,POM_COL,"Pierantoni, Greg",1000091552,Right,POM_COL,Undefined,5,Top,2,3,2,Cutter,Slider,StrikeCalled,Strikeout,Undefined,Undefined,0,0,,80.40917,-0.796393,-4.121431,2302.280173,139.688792,10:45,5.6428,2.53309,5.41095,-35.63262,8.48402,-6.05504,1.92531,-1.83948,74.06241,-7.303518,-5.193549,0.478049,,,,,,,,,,,,1.92095,4.90933,-2.16154,50,5.54705,8.6347,-116.45348,-2.81462,2.64356,21.43038,-25.41796,POM_COL,POM_COL,PomonaPitzer,TeamExclusive,Team,20250131-PomonaPitzer-Private-1,64fc3d90-e02c-11ef-8ec6-fd2c1b208846,78.84636,,,6.34676,,,,,,,1bbb3642-f57c-4a84-8684-13f7541aee08,2025-01-31,23:37:54.34,2025-01-31T15:37:54.3407718-08:00,2025-01-31T23:37:54.3407718Z,,v3,POM_PIT,POM_PIT,,"Lee, Sammy",1000276388,Right,POM_COL,16095bca-d563-4be1-a932-f023b74a7e3f,55.08755,-117.38598,10.71519,5.64546,-1.70861,-12.70898,-2.53476,8.51967,1.32178,,,,,,,,,,,,,,,,,,,,,,,,,,,,,,,,,,,,,,,,,,,,,,,,,,,High,High,High,,,,,
181,2025-01-31,15:40:19.03,1,1,"Collins, Ethan",1000115647,Right,POM_COL,"Green, Mason",10147543,Right,POM_COL,Undefined,5,Bottom,0,0,0,Cutter,Slider,StrikeCalled,Undefined,Undefined,Undefined,0,0,,80.2258,1.065623,-2.236444,2467.268737,111.697477,9:45,5.24435,2.30004,5.24273,-41.16754,3.24721,-4.77906,2.8161,-0.20114,73.71768,-6.437372,-3.082863,0.479662,,,,,,,,,,,,1.77843,1.76225,-2.09078,50,5.31182,4.74223,-116.38351,0.72054,2.44609,21.2687,-29.75022,POM_COL,POM_COL,PomonaPitzer,TeamExclusive,Team,20250131-PomonaPitzer-Private-1,bb421df0-e02c-11ef-8ec6-fd2c1b208846,78.5813,,,6.50812,,,,,,,1bbb3642-f57c-4a84-8684-13f7541aee08,2025-01-31,23:40:19.03,2025-01-31T15:40:19.0344294-08:00,2025-01-31T23:40:19.0344294Z,,v3,POM_PIT,POM_PIT,,"Savas, Peter",1000276389,Right,POM_COL,f1e99ed7-7d05-4a7e-b0c2-740889b90f5b,55.25634,-117.34016,10.63435,5.24931,2.05867,-14.87511,-2.30161,4.63221,1.22304,,,,,,,,,,,,,,,,,,,,,,,,,,,,,,,,,,,,,,,,,,,,,,,,,,,High,High,High,,,,,
182,2025-01-31,15:40:35.31,1,2,"Collins, Ethan",1000115647,Right,POM_COL,"Green, Mason",10147543,Right,POM_COL,Undefined,5,Bottom,0,0,1,Cutter,Curveball,BallCalled,Undefined,Undefined,Undefined,0,0,,77.04458,1.417872,-3.652176,2486.135546,69.255981,8:15,5.26909,2.45032,5.22195,-50.51763,-2.02583,-9.28906,2.39534,-1.76214,70.82139,-7.733791,-5.292365,0.501194,,,,,,,,,,,,3.59469,-0.92571,-2.10581,50,5.36241,7.49222,-111.59699,1.03035,4.52746,20.32043,-33.33997,POM_COL,POM_COL,PomonaPitzer,TeamExclusive,Team,20250131-PomonaPitzer-Private-1,c4fd1d40-e02c-11ef-8ec6-fd2c1b208846,75.20534,,,6.22318,,,,,,,1bbb3642-f57c-4a84-8684-13f7541aee08,2025-01-31,23:40:35.31,2025-01-31T15:40:35.3103462-08:00,2025-01-31T23:40:35.3103462Z,,v3,POM_PIT,POM_PIT,,"Savas, Peter",1000276389,Right,POM_COL,23865cd6-216a-42af-9d93-1ba416b1bdb5,55.27809,-112.55396,10.16021,5.27692,2.60046,-16.66998,-2.45363,7.279,2.26373,,,,,,,,,,,,,,,,,,,,,,,,,,,,,,,,,,,,,,,,,,,,,,,,,,,High,High,High,,,,,
183,2025-01-31,15:40:50.27,1,3,"Collins, Ethan",1000115647,Right,POM_COL,"Green, Mason",10147543,Right,POM_COL,Undefined,5,Bottom,0,1,1,Fastball,Changeup,BallCalled,Undefined,Undefined,Undefined,0,0,,84.3785,-1.325945,-3.69457,2102.253725,265.951725,2:45,4.96112,2.44276,5.71429,-37.35415,2.03662,12.19229,0.61024,0.01217,77.94684,-8.156931,-1.515472,0.451719,,,,,,,,,,,,-7.20922,1.7148,-2.1411,50,4.82655,7.41855,-122.41144,-4.12395,-11.00173,22.86278,-29.55715,POM_COL,POM_COL,PomonaPitzer,TeamExclusive,Team,20250131-PomonaPitzer-Private-1,cdde1040-e02c-11ef-8ec6-fd2c1b208846,83.44219,,,6.43166,,,,,,,1bbb3642-f57c-4a84-8684-13f7541aee08,2025-01-31,23:40:50.27,2025-01-31T15:40:50.2754406-08:00,2025-01-31T23:40:50.2754406Z,,v3,POM_PIT,POM_PIT,,"Savas, Peter",1000276389,Right,POM_COL,7cfce9e9-6762-4818-ae8b-dd6c0ebd1d7f,54.78742,-123.30234,11.43139,4.96481,-2.97219,-14.77857,-2.43853,7.84726,-5.50086,,,,,,,,,,,,,,,,,,,,,,,,,,,,,,,,,,,,,,,,,,,,,,,,,,,High,High,High,,,,,
184,2025-01-31,15:41:07.41,1,4,"Collins, Ethan",1000115647,Right,POM_COL,"Green, Mason",10147543,Right,POM_COL,Undefined,5,Bottom,0,2,1,Cutter,Slider,StrikeCalled,Undefined,Undefined,Undefined,0,0,,82.34354,-0.724192,-2.224303,2335.031188,146.918206,11:00,5.17864,2.41272,5.27017,-35.72274,6.7141,-3.46154,1.52093,0.03383,75.21958,-7.259937,-2.838198,0.46886,,,,,,,,,,,,1.07697,3.99736,-2.20668,50,5.08635,4.78213,-119.35852,-2.76679,1.54548,24.10232,-26.43781,POM_COL,POM_COL,PomonaPitzer,TeamExclusive,Team,20250131-PomonaPitzer-Private-1,d81396c0-e02c-11ef-8ec6-fd2c1b208846,80.3917,,,7.12396,,,,,,,1bbb3642-f57c-4a84-8684-13f7541aee08,2025-01-31,23:41:07.41,2025-01-31T15:41:07.4104934-08:00,2025-01-31T23:41:07.4104934Z,,v3,POM_PIT,POM_PIT,,"Savas, Peter",1000276389,Right,POM_COL,96e9b95c-39d4-4d83-9eb8-18c91a9ed9fa,55.22756,-120.4095,12.05116,5.18186,-1.61396,-13.2189,-2.41373,4.71474,0.77274,,,,,,,,,,,,,,,,,,,,,,,,,,,,,,,,,,,,,,,,,,,,,,,,,,,High,High,High,,,,,
185,2025-01-31,15:41:25.41,1,5,"Collins, Ethan",1000115647,Right,POM_COL,"Green, Mason",10147543,Right,POM_COL,Undefined,5,Bottom,0,2,2,Slider,Curveball,BallCalled,Undefined,Undefined,Undefined,0,0,,76.91504,-0.479732,-3.626641,2534.624631,91.973453,9:00,5.13947,2.43321,5.06327,-47.08707,1.96256,-12.04083,0.76227,-1.99452,70.81883,-8.971219,-5.748312,0.504068,,,,,,,,,,,,4.96217,1.54882,-2.0781,50,5.05642,7.53481,-111.38506,-2.55231,6.208,20.7858,-30.23639,POM_COL,POM_COL,PomonaPitzer,TeamExclusive,Team,20250131-PomonaPitzer-Private-1,e2d530a0-e02c-11ef-8ec6-fd2c1b208846,74.77648,,,6.09621,,,,,,,1bbb3642-f57c-4a84-8684-13f7541aee08,2025-01-31,23:41:25.41,2025-01-31T15:41:25.4134374-08:00,2025-01-31T23:41:25.4134374Z,,v3,POM_PIT,POM_PIT,,"Savas, Peter",1000276389,Right,POM_COL,7fe403aa-ee88-42f2-9e8c-1f57daea7caf,55.43699,-112.39509,10.3929,5.14475,-1.08305,-15.11819,-2.4369,7.23315,3.104,,,,,,,,,,,,,,,,,,,,,,,,,,,,,,,,,,,,,,,,,,,,,,,,,,,High,High,High,,,,,
186,2025-01-31,15:41:42.12,1,6,"Collins, Ethan",1000115647,Right,POM_COL,"Green, Mason",10147543,Right,POM_COL,Undefined,5,Bottom,0,3,2,Cutter,Slider,StrikeCalled,Strikeout,Undefined,Undefined,0,0,,81.29384,0.085237,-2.730112,2372.7926,96.681976,9:15,5.32654,2.3903,5.19679,-41.46762,2.16788,-6.49674,1.95117,-0.72105,74.40948,-7.45658,-3.879585,0.475435,,,,,,,,,,,,2.44295,1.4924,-2.13198,50,5.30325,5.89129,-117.82142,-1.31191,3.41931,23.28037,-30.0852,POM_COL,POM_COL,PomonaPitzer,TeamExclusive,Team,20250131-PomonaPitzer-Private-1,ecc067b0-e02c-11ef-8ec6-fd2c1b208846,79.27985,,,6.88436,,,,,,,1bbb3642-f57c-4a84-8684-13f7541aee08,2025-01-31,23:41:42.12,2025-01-31T15:41:42.1210000-08:00,2025-01-31T23:41:42.1210000Z,,v3,POM_PIT,POM_PIT,,"Savas, Peter",1000276389,Right,POM_COL,770b9649-06b6-4a42-9d8b-4b57e4ab1f44,55.30184,-118.86439,11.64018,5.33183,0.03593,-15.0426,-2.39248,5.7381,1.70966,,,,,,,,,,,,,,,,,,,,,,,,,,,,,64.5581,,,1.07229,,,,1.34621,5.52714,2.97878,75.58303,8.35559,-49.20308,1.36658,72.82343,-3.36427,5.58045,18.32868,-14.67112,2.8843,-56.13556,7.03763,High,High,High,,,High,High,High
187,2025-01-31,15:42:12.24,2,1,"Collins, Ethan",1000115647,Right,POM_COL,"Lee, Sammy",1000276388,Right,POM_COL,Undefined,5,Bottom,1,0,0,Cutter,Slider,StrikeCalled,Undefined,Undefined,Undefined,0,0,,78.94182,0.94032,-1.514306,2548.691682,129.640855,10:15,5.33065,2.18496,5.28624,-37.03608,9.23237,-9.2589,3.12772,-0.00897,71.72617,-5.880339,-3.15601,0.489569,,,,,,,,,,,,4.1389,4.82122,-2.04006,50,5.38977,3.40625,-114.40779,0.64498,5.44036,22.73721,-25.8368,POM_COL,POM_COL,PomonaPitzer,TeamExclusive,Team,20250131-PomonaPitzer-Private-1,feb98a50-e02c-11ef-8ec6-fd2c1b208846,76.9911,,,7.21565,,,,,,,1bbb3642-f57c-4a84-8684-13f7541aee08,2025-01-31,23:42:12.24,2025-01-31T15:42:12.2485350-08:00,2025-01-31T23:42:12.2485350Z,,v3,POM_PIT,POM_PIT,,"Savas, Peter",1000276389,Right,POM_COL,e71f3812-2310-475f-b000-5ad6fa137c3c,55.20973,-115.43852,11.36861,5.33398,1.81622,-12.9184,-2.18888,3.15962,2.72018,,,,,,,,,,,,,,,,,,,,,,,,,,,,,,,,,,,,,,,,,,,,,,,,,,,High,High,High,,,,,
188,2025-01-31,15:42:27.09,2,2,"Collins, Ethan",1000115647,Right,POM_COL,"Lee, Sammy",1000276388,Right,POM_COL,Undefined,5,Bottom,1,0,1,Slider,Curveball,InPlay,Undefined,GroundBall,Out,1,0,,74.00125,1.28507,-0.13948,2531.769491,63.950413,8:15,5.45539,2.19338,5.39449,-62.17094,-9.15268,-22.69013,1.47902,0.17182,67.08943,-10.029999,-4.184076,0.524064,,,,,,,,,,,,11.38985,-4.53225,-2.16428,50,5.52635,1.1097,-107.30111,0.38261,12.96617,22.64378,-37.33354,POM_COL,POM_COL,PomonaPitzer,TeamExclusive,Team,20250131-PomonaPitzer-Private-1,079dffc0-e02d-11ef-8ec6-fd2c1b208846,71.92338,,,6.91182,,,,,,,1bbb3642-f57c-4a84-8684-13f7541aee08,2025-01-31,23:42:27.09,2025-01-31T15:42:27.0977638-08:00,2025-01-31T23:42:27.0977638Z,,v3,POM_PIT,POM_PIT,,"Savas, Peter",1000276389,Right,POM_COL,4a897085-d80a-4491-9cd0-da46b9c74238,55.10755,-108.3736,11.32189,5.46636,2.15086,-18.66677,-2.2023,0.49558,6.48309,,,,,,,,,,,,,,,,,,,,,,,,,,,,,,,,,,,,,,,,,,,,,,,,,,,High,High,High,,,,,
189,2025-01-31,15:43:03.15,3,1,"Collins, Ethan",1000115647,Right,POM_COL,"Cassidy, Caleb",10304248,Right,POM_COL,Undefined,5,Bottom,2,0,0,Slider,Curveball,BallCalled,Undefined,Undefined,Undefined,0,0,,73.29548,1.242827,0.651671,2442.626044,60.580993,8:00,5.51463,2.00197,5.25299,-64.40925,-10.35158,-21.73139,1.31526,0.80339,66.78619,-10.427942,-3.214509,0.529176,,,,,,,,,,,,11.0154,-4.94713,-2.04524,50,5.58123,-0.37591,-106.30472,0.15849,12.38023,21.2552,-37.73412,POM_COL,POM_COL,PomonaPitzer,TeamExclusive,Team,20250131-PomonaPitzer-Private-1,1d257940-e02d-11ef-8ec6-fd2c1b208846,71.22854,,,6.50929,,,,,,,1bbb3642-f57c-4a84-8684-13f7541aee08,2025-01-31,23:43:03.15,2025-01-31T15:43:03.1548518-08:00,2025-01-31T23:43:03.1548518Z,,v3,POM_PIT,POM_PIT,,"Savas, Peter",1000276389,Right,POM_COL,71cd7fdb-c8b7-4b2f-81d7-263401bd558b,55.24931,-107.34917,10.6276,5.52789,2.01269,-18.86706,-2.01182,-0.98425,6.19012,,,,,,,,,,,,,,,,,,,,,,,,,,,,,,,,,,,,,,,,,,,,,,,,,,,High,High,High,,,,,
190,2025-01-31,15:43:21.51,3,2,"Collins, Ethan",1000115647,Right,POM_COL,"Cassidy, Caleb",10304248,Right,POM_COL,Undefined,5,Bottom,2,1,0,Cutter,Slider,StrikeCalled,Undefined,Undefined,Undefined,0,0,,79.3189,0.954762,-1.455817,2514.650984,125.114289,10:15,5.27893,2.3998,5.32325,-37.93439,7.65595,-8.77508,3.01407,0.30208,72.34434,-6.015804,-3.013012,0.485968,,,,,,,,,,,,3.95465,4.01709,-2.26156,50,5.33828,3.28118,-115.02701,0.64427,5.2734,22.27813,-26.8174,POM_COL,POM_COL,PomonaPitzer,TeamExclusive,Team,20250131-PomonaPitzer-Private-1,280c2750-e02d-11ef-8ec6-fd2c1b208846,77.56154,,,6.97456,,,,,,,1bbb3642-f57c-4a84-8684-13f7541aee08,2025-01-31,23:43:21.51,2025-01-31T15:43:21.5138406-08:00,2025-01-31T23:43:21.5138406Z,,v3,POM_PIT,POM_PIT,,"Savas, Peter",1000276389,Right,POM_COL,6bea7fc7-f492-4d2d-9191-3f1dbbf05c0a,55.17417,-116.0248,11.13907,5.28253,1.84536,-13.4087,-2.40323,3.045,2.6367,,,,,,,,,,,,,,,,,,,,,,,,,,,,,,,,,,,,,,,,,,,,,,,,,,,High,High,High,,,,,
191,2025-01-31,15:43:37.12,3,3,"Collins, Ethan",1000115647,Right,POM_COL,"Cassidy, Caleb",10304248,Right,POM_COL,Undefined,5,Bottom,2,1,1,Cutter,Slider,StrikeCalled,Undefined,Undefined,Undefined,0,0,,76.68315,0.817243,-1.620499,2424.929798,86.63244,9:00,5.21977,2.47011,5.09085,-48.26199,0.72043,-13.38233,1.96853,-0.17277,70.56229,-7.925062,-3.98641,0.503723,,,,,,,,,,,,6.18945,0.60311,-2.30596,50,5.25922,3.68293,-111.26172,-0.08037,7.75475,20.05475,-31.41841,POM_COL,POM_COL,PomonaPitzer,TeamExclusive,Team,20250131-PomonaPitzer-Private-1,315bbaa0-e02d-11ef-8ec6-fd2c1b208846,74.82775,,,6.12085,,,,,,,1bbb3642-f57c-4a84-8684-13f7541aee08,2025-01-31,23:43:37.12,2025-01-31T15:43:37.1243622-08:00,2025-01-31T23:43:37.1243622Z,,v3,POM_PIT,POM_PIT,,"Savas, Peter",1000276389,Right,POM_COL,36b5aa5d-5bf1-4d9b-821d-dd84b39be420,55.40925,-112.2325,10.02738,5.2263,1.44048,-15.7092,-2.47515,3.30756,3.87737,,,,,,,,,,,,,,,,,,,,,,,,,,,,,,,,,,,,,,,,,,,,,,,,,,,High,High,High,,,,,
192,2025-01-31,15:44:01.20,3,4,"Collins, Ethan",1000115647,Right,POM_COL,"Cassidy, Caleb",10304248,Right,POM_COL,Undefined,5,Bottom,2,1,2,Cutter,Slider,InPlay,Undefined,GroundBall,Out,1,0,,81.48265,1.193496,-2.622,2510.447947,130.6186,10:15,5.27203,2.26175,5.31027,-37.56451,5.64737,-4.97288,3.26326,-0.6155,74.38422,-5.692,-3.502967,0.473122,65.32966,9.842901,-14.908881,1517.667015,,,,99.00391,96.14728,-13.864215,1.131634,1.7539,2.8611,-2.01993,50,5.35316,5.61162,-118.1216,1.16559,2.46895,23.26979,-28.1465,POM_COL,POM_COL,PomonaPitzer,TeamExclusive,Team,20250131-PomonaPitzer-Private-1,3fab8450-e02d-11ef-8ec6-fd2c1b208846,79.66753,7.08351,,7.09843,,,,1.9652,3.28824,0.58088,1bbb3642-f57c-4a84-8684-13f7541aee08,2025-01-31,23:44:01.20,2025-01-31T15:44:01.2089446-08:00,2025-01-31T23:44:01.2089446Z,GroundBall,v3,POM_PIT,POM_PIT,,"Savas, Peter",1000276389,Right,POM_COL,d41b66ca-b5a6-422c-a03d-4343c3950472,55.18944,-119.13953,11.63489,5.27524,2.39684,-14.07325,-2.26305,5.50362,1.23448,305.766699,1.9652,91.22821,-7.87984,0.88414,-0.18512,0.01886,-0.00279,0.00074,-0.0001,3.28824,16.3796,-18.19042,1.19588,-0.20388,0.04396,-0.00523,0.00068,-0.0001,0.58088,-24.28909,3.05131,-0.6474,0.1573,-0.02869,0.00464,-0.00084,9E-05,,,,,,,,,,,,,,,,,,,,,,,High,High,High,High,High,,,
193,2025-01-31,15:46:47.75,1,1,"Brunngraber, Max",1000276385,Right,POM_COL,"Berry, Cooper",1000276381,Left,POM_COL,Undefined,6,Top,0,0,0,Fastball,Four-Seam,FoulBallNotFieldable,Undefined,Undefined,Undefined,0,0,,85.48715,-1.417071,-2.985428,2246.023286,220.255849,1:15,5.76265,2.89457,5.75976,-24.47808,14.04158,10.83662,2.40175,1.01627,78.15906,-5.989319,-1.047766,0.446697,,,,,,,,,,,,-6.37516,7.92721,-2.65374,50,5.63026,6.02398,-123.98444,-3.84603,-9.91512,24.98521,-19.84507,POM_COL,POM_COL,PomonaPitzer,TeamExclusive,Team,20250131-PomonaPitzer-Private-1,a2ea29e0-e02d-11ef-8ec6-fd2c1b208846,84.38042,,,7.32809,,,,,,,1bbb3642-f57c-4a84-8684-13f7541aee08,2025-01-31,23:46:47.75,2025-01-31T15:46:47.7501542-08:00,2025-01-31T23:46:47.7501542Z,,v3,POM_PIT,POM_PIT,,"Lee, Sammy",1000276388,Right,POM_COL,ea7fd8d9-20ce-4b24-9a76-826b1e22e6bb,54.73947,-124.93588,12.49261,5.76233,-3.09032,-9.92253,-2.89032,6.40155,-4.95756,,,,,,,,,,,,,,,,,,,,,,,,,,,,,,,,,,,,,,,,,,,,,,,,,,,High,High,High,,,,,
194,2025-01-31,15:47:05.10,1,2,"Brunngraber, Max",1000276385,Right,POM_COL,"Berry, Cooper",1000276381,Left,POM_COL,Undefined,6,Top,0,0,1,Curveball,Curveball,BallCalled,Undefined,Undefined,Undefined,0,0,,70.6094,4.622675,-0.976485,2300.237929,60.817423,8:00,5.66285,2.87748,5.53458,-68.7339,-10.67918,-22.80517,4.266,0.06421,63.77313,-7.947875,-5.033342,0.548391,,,,,,,,,,,,11.0439,-6.183,-2.77761,50,6.02002,2.57405,-102.13102,6.12686,11.43923,19.85411,-38.57837,POM_COL,POM_COL,PomonaPitzer,TeamExclusive,Team,20250131-PomonaPitzer-Private-1,ad5629b0-e02d-11ef-8ec6-fd2c1b208846,68.73281,,,6.83627,,,,,,,1bbb3642-f57c-4a84-8684-13f7541aee08,2025-01-31,23:47:05.10,2025-01-31T15:47:05.1010662-08:00,2025-01-31T23:47:05.1010662Z,,v3,POM_PIT,POM_PIT,,"Lee, Sammy",1000276388,Right,POM_COL,5092819f-a628-40da-8687-9a0c013fcc15,54.96758,-103.09218,9.92705,5.67821,7.99449,-19.28919,-2.88882,2.02026,5.71961,,,,,,,,,,,,,,,,,,,,,,,,,,,,,,,,,,,,,,,,,,,,,,,,,,,High,High,High,,,,,
195,2025-01-31,15:47:21.27,1,3,"Brunngraber, Max",1000276385,Right,POM_COL,"Berry, Cooper",1000276381,Left,POM_COL,Undefined,6,Top,0,1,1,Slider,Curveball,BallCalled,Undefined,Undefined,Undefined,0,0,,71.22347,3.987681,-1.557056,2256.130739,68.593746,8:15,5.69757,2.74672,5.60871,-61.77921,-5.23729,-18.23973,4.27894,-0.22703,64.64209,-7.338639,-4.805162,0.541199,,,,,,,,,,,,8.61154,-3.19067,-2.6021,50,6.00018,3.4697,-103.09497,5.29645,9.14871,19.20156,-35.56375,POM_COL,POM_COL,PomonaPitzer,TeamExclusive,Team,20250131-PomonaPitzer-Private-1,b6f22f50-e02d-11ef-8ec6-fd2c1b208846,69.64621,,,6.58138,,,,,,,1bbb3642-f57c-4a84-8684-13f7541aee08,2025-01-31,23:47:21.27,2025-01-31T15:47:21.2781158-08:00,2025-01-31T23:47:21.2781158Z,,v3,POM_PIT,POM_PIT,,"Lee, Sammy",1000276388,Right,POM_COL,0d76d899-d043-4327-a181-888764f5820f,54.89112,-104.00195,9.60078,5.71033,6.97631,-17.78187,-2.75578,3.03756,4.57435,,,,,,,,,,,,,,,,,,,,,,,,,,,,,,,,,,,,,,,,,,,,,,,,,,,High,High,High,,,,,
196,2025-01-31,15:47:38.81,1,4,"Brunngraber, Max",1000276385,Right,POM_COL,"Berry, Cooper",1000276381,Left,POM_COL,Undefined,6,Top,0,2,1,Fastball,Four-Seam,BallCalled,Undefined,Undefined,Undefined,0,0,,85.89822,0.154244,-2.115717,2170.938593,202.687879,12:45,5.73653,2.81663,5.63877,-21.43147,16.94977,6.56036,4.09457,1.38866,78.11259,-3.886363,-0.945112,0.445893,,,,,,,,,,,,-3.9124,8.90918,-2.64095,50,5.73615,4.32171,-124.59689,-0.32431,-6.1299,25.81017,-18.21526,POM_COL,POM_COL,PomonaPitzer,TeamExclusive,Team,20250131-PomonaPitzer-Private-1,c15ea450-e02d-11ef-8ec6-fd2c1b208846,84.53244,,,7.78564,,,,,,,1bbb3642-f57c-4a84-8684-13f7541aee08,2025-01-31,23:47:38.81,2025-01-31T15:47:38.8184166-08:00,2025-01-31T23:47:38.8184166Z,,v3,POM_PIT,POM_PIT,,"Lee, Sammy",1000276388,Right,POM_COL,9fa7a2e2-996d-4918-8fae-58e18c33a74f,54.85781,-125.59915,12.90509,5.73501,0.38303,-9.10763,-2.81339,4.55974,-3.06495,,,,,,,,,,,,,,,,,,,,,,,,,,,,,,,,,,,,,,,,,,,,,,,,,,,High,High,High,,,,,
197,2025-01-31,15:47:58.63,1,5,"Brunngraber, Max",1000276385,Right,POM_COL,"Berry, Cooper",1000276381,Left,POM_COL,Undefined,6,Top,0,3,1,Fastball,Changeup,FoulBallFieldable,Undefined,Undefined,Undefined,0,0,,85.09305,-1.630975,-3.986809,2165.787027,217.888523,1:15,5.67639,2.67164,5.83877,-22.91757,16.0267,11.46048,2.24665,-0.08473,77.55494,-5.937993,-1.938427,0.449152,,,,,,,,,,,,-7.01804,9.04745,-2.35315,50,5.52977,8.12759,-123.25117,-4.21044,-10.75821,25.28468,-18.30492,POM_COL,POM_COL,PomonaPitzer,TeamExclusive,Team,20250131-PomonaPitzer-Private-1,cd30eae0-e02d-11ef-8ec6-fd2c1b208846,83.91916,,,7.5381,,,,,,,1bbb3642-f57c-4a84-8684-13f7541aee08,2025-01-31,23:47:58.63,2025-01-31T15:47:58.6387046-08:00,2025-01-31T23:47:58.6387046Z,,v3,POM_PIT,POM_PIT,,"Lee, Sammy",1000276388,Right,POM_COL,f79e6175-6e39-469b-9ec6-25212156906b,54.66009,-124.20349,12.64234,5.67537,-3.521,-9.15246,-2.6669,8.53279,-5.3791,,,,,,,,,,,,,,,,,,,,,,,,,,,,,,,,,,,,,,,,,,,,,,,,,,,High,High,High,,,,,
198,2025-01-31,15:48:45.69,1,6,"Brunngraber, Max",1000276385,Right,POM_COL,"Berry, Cooper",1000276381,Left,POM_COL,Undefined,6,Top,0,3,2,Fastball,Four-Seam,InPlay,Undefined,LineDrive,Single,0,0,,87.11316,-0.677679,-3.085881,2196.593924,224.594577,1:30,5.68763,3.02933,5.57721,-24.99761,12.09339,10.82627,2.97061,1.04657,80.08675,-5.311588,-1.157364,0.438334,96.81095,7.76247,-29.247161,3260.534079,91.94216,6.02211,-60.38633,150.36995,110.52827,-34.448768,1.245384,-6.27544,6.63823,-2.7708,50,5.61292,6.35244,-126.41198,-2.3467,-10.22297,24.14255,-21.36004,POM_COL,POM_COL,PomonaPitzer,TeamExclusive,Team,20250131-PomonaPitzer-Private-1,e93576c0-e02d-11ef-8ec6-fd2c1b208846,85.99015,7.83255,,7.02641,,,,-0.44472,2.86357,-1.19152,1bbb3642-f57c-4a84-8684-13f7541aee08,2025-01-31,23:48:45.69,2025-01-31T15:48:45.6961126-08:00,2025-01-31T23:48:45.6961126Z,LineDrive,v3,POM_PIT,POM_PIT,,"Lee, Sammy",1000276388,Right,POM_COL,4f2b5635-2b41-44f6-8fa7-e1911fbce068,54.92234,-127.3486,12.07127,5.68789,-1.51803,-10.68002,-3.02494,6.74904,-5.11148,,-0.44472,122.75271,-21.55258,3.13642,-0.29546,-0.37975,0.3642,-0.15747,0.02783,2.86357,19.17769,-19.58533,2.24639,-0.20355,-0.27209,0.27824,-0.12252,0.02181,-1.19152,-68.73774,0.2124,0.77435,0.35786,-0.80722,0.67206,-0.28652,0.05061,,,,,,,,,,,,,,,,,,,,,,,High,High,High,High,High,,,
199,2025-01-31,15:49:26.09,2,1,"Brunngraber, Max",1000276385,Right,POM_COL,"Savas, Peter",1000276389,Right,POM_COL,Undefined,6,Top,0,0,0,Slider,Slider,FoulBallNotFieldable,Undefined,Undefined,Undefined,0,0,,76.90315,-0.025787,-2.033866,2099.320283,148.846511,11:00,5.56006,2.80779,5.25564,-34.37766,14.39682,-7.70839,2.67101,0.2536,70.0341,-6.37087,-3.399239,0.502652,,,,,,,,,,,,3.25839,7.68658,-2.61528,50,5.53273,4.25938,-111.45775,-1.13411,4.06701,21.48635,-22.57992,POM_COL,POM_COL,PomonaPitzer,TeamExclusive,Team,20250131-PomonaPitzer-Private-1,015882b0-e02e-11ef-8ec6-fd2c1b208846,74.98711,,,6.86905,,,,,,,1bbb3642-f57c-4a84-8684-13f7541aee08,2025-01-31,23:49:26.09,2025-01-31T15:49:26.0936806-08:00,2025-01-31T23:49:26.0936806Z,,v3,POM_PIT,POM_PIT,,"Lee, Sammy",1000276388,Right,POM_COL,03cee4bc-dabf-4afb-9c93-2d767e7d7087,55.24197,-112.46374,10.74317,5.56108,-0.07693,-11.28996,-2.81025,4.06897,2.0335,,,,,,,,,,,,,,,,,,,,,,,,,,,,,,,,,,,,,,,,,,,,,,,,,,,High,High,High,,,,,
200,2025-01-31,15:49:50.54,2,2,"Brunngraber, Max",1000276385,Right,POM_COL,"Savas, Peter",1000276389,Right,POM_COL,Undefined,6,Top,0,0,1,Curveball,Curveball,BallCalled,Undefined,Undefined,Undefined,0,0,,71.01719,0.521148,-3.425966,2236.614076,95.250944,9:15,5.57082,2.9509,5.09371,-53.81928,3.98217,-22.81403,1.57792,-2.18283,65.23783,-9.204702,-7.44324,0.547193,,,,,,,,,,,,10.28016,2.39839,-2.60826,50,5.57837,6.99723,-102.81087,-0.75824,10.88437,18.76307,-29.6347,POM_COL,POM_COL,PomonaPitzer,TeamExclusive,Team,20250131-PomonaPitzer-Private-1,0ff02ad0-e02e-11ef-8ec6-fd2c1b208846,68.88325,,,5.77936,,,,,,,1bbb3642-f57c-4a84-8684-13f7541aee08,2025-01-31,23:49:50.54,2025-01-31T15:49:50.5429606-08:00,2025-01-31T23:49:50.5429606Z,,v3,POM_PIT,POM_PIT,,"Lee, Sammy",1000276388,Right,POM_COL,95e1bd26-270d-46db-95ac-3975c1372abb,55.40605,-103.79279,9.38154,5.57746,0.79262,-14.81735,-2.95954,6.42762,5.44218,,,,,,,,,,,,,,,,,,,,,,,,,,,,,,,,,,,,,,,,,,,,,,,,,,,High,High,High,,,,,
201,2025-01-31,15:50:16.18,2,3,"Brunngraber, Max",1000276385,Right,POM_COL,"Savas, Peter",1000276389,Right,POM_COL,Undefined,6,Top,0,1,1,Fastball,Changeup,BallCalled,Undefined,Undefined,Undefined,0,0,,83.44942,-2.803248,-5.86588,2105.918167,225.578728,1:30,5.80285,2.63112,6.03576,-29.15206,10.96174,9.92709,0.76201,-1.99237,76.99486,-8.19078,-4.092295,0.455846,,,,,,,,,,,,-6.66122,6.76004,-2.17712,50,5.56688,12.01202,-120.58727,-6.82858,-9.86745,22.12671,-22.16022,POM_COL,POM_COL,PomonaPitzer,TeamExclusive,Team,20250131-PomonaPitzer-Private-1,1f2e7330-e02e-11ef-8ec6-fd2c1b208846,82.68673,,,6.45456,,,,,,,1bbb3642-f57c-4a84-8684-13f7541aee08,2025-01-31,23:50:16.18,2025-01-31T15:50:16.1820000-08:00,2025-01-31T23:50:16.1820000Z,,v3,POM_PIT,POM_PIT,,"Lee, Sammy",1000276388,Right,POM_COL,b293667b-645d-465c-8f7a-b0d15546abb1,54.46442,-121.40369,11.06336,5.80375,-6.01092,-11.08011,-2.62705,12.3761,-4.93373,,,,,,,,,,,,,,,,,,,,,,,,,,,,,82.00034,,,0.784497,,,,-2.22431,5.021,5.78342,67.58099,6.72899,57.2023,-2.18745,97.40199,-10.88674,5.01567,9.77253,-9.66148,5.79446,68.75106,-4.13462,High,High,High,,,High,High,High
202,2025-01-31,15:50:44.61,2,4,"Brunngraber, Max",1000276385,Right,POM_COL,"Savas, Peter",1000276389,Right,POM_COL,Undefined,6,Top,0,2,1,Fastball,Changeup,BallCalled,Undefined,Undefined,Undefined,0,0,,85.01129,-3.2293,-4.338055,2176.948855,219.448863,1:15,5.75692,2.77575,5.83618,-25.9745,13.00367,9.66808,0.57905,-0.45837,78.07432,-8.042921,-2.61015,0.449347,,,,,,,,,,,,-6.1217,7.91717,-2.4271,50,5.47735,8.93804,-122.97917,-7.77945,-9.38953,24.03543,-20.03057,POM_COL,POM_COL,PomonaPitzer,TeamExclusive,Team,20250131-PomonaPitzer-Private-1,301f74a0-e02e-11ef-8ec6-fd2c1b208846,83.88262,,,6.93697,,,,,,,1bbb3642-f57c-4a84-8684-13f7541aee08,2025-01-31,23:50:44.61,2025-01-31T15:50:44.6140000-08:00,2025-01-31T23:50:44.6140000Z,,v3,POM_PIT,POM_PIT,,"Lee, Sammy",1000276388,Right,POM_COL,319c261e-1e51-4bd0-ac13-fe9248977815,54.66254,-123.88708,12.01772,5.75692,-7.02282,-10.01529,-2.77142,9.29272,-4.69477,,,,,,,,,,,,,,,,,,,,,,,,,,,,,83.53136,,,,,,,2.31914,4.99542,2.07885,,,,2.36838,121.08936,-10.85252,4.98801,2.2107,-9.23682,2.04688,-11.97302,5.35509,High,High,High,,,High,High,High
203,2025-01-31,15:51:16.51,2,5,"Brunngraber, Max",1000276385,Right,POM_COL,"Savas, Peter",1000276389,Right,POM_COL,Undefined,6,Top,0,3,1,Slider,Curveball,BallCalled,Walk,Undefined,Undefined,0,0,,76.38322,1.371581,-2.173924,2177.030373,116.606098,10:00,5.59608,2.84539,5.24193,-41.04408,8.88067,-14.17587,3.46597,-0.38004,69.00798,-6.184822,-4.68164,0.508545,,,,,,,,,,,,6.31949,4.53315,-2.63475,50,5.69239,4.76642,-110.55059,1.31704,7.69424,22.68058,-26.65478,POM_COL,POM_COL,PomonaPitzer,TeamExclusive,Team,20250131-PomonaPitzer-Private-1,43276f30-e02e-11ef-8ec6-fd2c1b208846,74.11821,,,7.37523,,,,,,,1bbb3642-f57c-4a84-8684-13f7541aee08,2025-01-31,23:51:16.51,2025-01-31T15:51:16.5165158-08:00,2025-01-31T23:51:16.5165158Z,,v3,POM_PIT,POM_PIT,,"Lee, Sammy",1000276388,Right,POM_COL,675c0b2f-5e35-4b1f-a37b-c2b599d37a94,55.25354,-111.6232,11.34029,5.6003,2.57761,-13.32739,-2.85156,4.40255,3.84712,,,,,,,,,,,,,,,,,,,,,,,,,,,,,,,,,,,,,,,,,,,,,,,,,,,High,High,High,,,,,
204,2025-01-31,15:52:00.77,3,1,"Brunngraber, Max",1000276385,Right,POM_COL,"Wakil, Lateef",1000128267,Left,POM_COL,Undefined,6,Top,0,0,0,Fastball,Changeup,StrikeCalled,Undefined,Undefined,Undefined,0,0,,83.33797,-0.722149,-3.08402,2140.404444,235.5257,1:45,5.51931,3.16274,5.7473,-29.11998,11.37548,14.68792,2.41931,1.51268,76.28219,-6.132198,-0.457886,0.458009,,,,,,,,,,,,-8.33308,6.38229,-2.91539,50,5.44149,5.92398,-120.90039,-2.45789,-12.33804,23.4962,-22.72437,POM_COL,POM_COL,PomonaPitzer,TeamExclusive,Team,20250131-PomonaPitzer-Private-1,5d83f060-e02e-11ef-8ec6-fd2c1b208846,82.29622,,,7.05579,,,,,,,1bbb3642-f57c-4a84-8684-13f7541aee08,2025-01-31,23:52:00.77,2025-01-31T15:52:00.7714918-08:00,2025-01-31T23:52:00.7714918Z,,v3,POM_PIT,POM_PIT,,"Lee, Sammy",1000276388,Right,POM_COL,d461f58b-0429-4557-8947-8b07649ce2ff,54.75208,-121.82043,11.7481,5.52032,-1.56808,-11.36219,-3.15681,6.4071,-6.16902,,,,,,,,,,,,,,,,,,,,,,,,,,,,,,,,,,,,,,,,,,,,,,,,,,,High,High,High,,,,,
205,2025-01-31,15:52:26.92,3,2,"Brunngraber, Max",1000276385,Right,POM_COL,"Wakil, Lateef",1000128267,Left,POM_COL,Undefined,6,Top,0,0,1,Fastball,Changeup,InPlay,Undefined,Bunt,Sacrifice,1,0,,83.9523,-0.818366,-3.991299,2200.056702,236.615746,2:00,5.62024,3.12015,5.94383,-29.39356,10.25949,13.65922,2.40978,0.55014,76.88813,-6.287578,-1.543912,0.453221,,,,,,,,,,,,-8.17331,5.85512,-2.80972,50,5.53826,7.96839,-121.73631,-2.66272,-12.27047,23.8025,-23.3838,POM_COL,POM_COL,PomonaPitzer,TeamExclusive,Team,20250131-PomonaPitzer-Private-1,6d189620-e02e-11ef-8ec6-fd2c1b208846,83.16574,,,7.06417,,,,,,,1bbb3642-f57c-4a84-8684-13f7541aee08,2025-01-31,23:52:26.92,2025-01-31T15:52:26.9295718-08:00,2025-01-31T23:52:26.9295718Z,,v3,POM_PIT,POM_PIT,,"Lee, Sammy",1000276388,Right,POM_COL,e82c7b18-da79-49d7-b072-6d78be8362aa,54.55698,-122.62408,11.90125,5.62131,-1.79057,-11.6919,-3.11545,8.42605,-6.13524,,,,,,,,,,,,,,,,,,,,,,,,,,,,,,,,,,,,,,,,,,,,,,,,,,,High,High,High,,,,,
206,2025-01-31,15:53:01.65,4,1,"Brunngraber, Max",1000276385,Right,POM_COL,"Kinney, William",1000092038,Right,POM_COL,Undefined,6,Top,1,0,0,Splitter,Slider,FoulBallNotFieldable,Undefined,Undefined,Undefined,0,0,,77.87927,-0.281061,-2.811277,2251.784493,148.810238,11:00,5.74184,2.93726,5.3427,-34.50427,13.15442,-6.95422,2.60251,-0.28157,70.67994,-6.655399,-4.043799,0.49687,,,,,,,,,,,,2.62232,7.16504,-2.67841,50,5.6922,5.8102,-112.77529,-1.64412,3.33523,22.88701,-23.06114,POM_COL,POM_COL,PomonaPitzer,TeamExclusive,Team,20250131-PomonaPitzer-Private-1,81d28670-e02e-11ef-8ec6-fd2c1b208846,75.85983,,,7.19933,,,,,,,1bbb3642-f57c-4a84-8684-13f7541aee08,2025-01-31,23:53:01.65,2025-01-31T15:53:01.6513638-08:00,2025-01-31T23:53:01.6513638Z,,v3,POM_PIT,POM_PIT,,"Lee, Sammy",1000276388,Right,POM_COL,f674a327-1e9a-482c-9c63-06682c6bb5fb,55.15474,-113.8166,11.4435,5.74314,-0.59489,-11.53057,-2.93931,5.65845,1.66761,,,,,,,,,,,,,,,,,,,,,,,,,,,,,,,,,,,,,,,,,,,,,,,,,,,High,High,High,,,,,
207,2025-01-31,15:53:21.09,4,2,"Brunngraber, Max",1000276385,Right,POM_COL,"Kinney, William",1000092038,Right,POM_COL,Undefined,6,Top,1,0,1,ChangeUp,Changeup,BallCalled,Undefined,Undefined,Undefined,0,0,,80.73388,-2.443653,-4.885665,1488.647912,269.299351,3:00,5.66351,2.79181,5.69744,-41.95109,1.64988,17.68241,-0.1193,-0.2986,74.19994,-10.093399,-1.72893,0.475247,,,,,,,,,,,,-10.44808,1.93969,-2.39211,50,5.43117,9.30275,-116.78085,-6.38596,-14.38093,22.66812,-29.50424,POM_COL,POM_COL,PomonaPitzer,TeamExclusive,Team,20250131-PomonaPitzer-Private-1,8d64b6c0-e02e-11ef-8ec6-fd2c1b208846,79.31126,,,6.53394,,,,,,,1bbb3642-f57c-4a84-8684-13f7541aee08,2025-01-31,23:53:21.09,2025-01-31T15:53:21.0977382-08:00,2025-01-31T23:53:21.0977382Z,,v3,POM_PIT,POM_PIT,,"Lee, Sammy",1000276388,Right,POM_COL,8a5bd8c9-7259-4d3a-b6df-649fc68f78aa,54.80404,-117.70967,11.33406,5.66806,-5.17705,-14.75212,-2.78536,9.892,-7.19047,,,,,,,,,,,,,,,,,,,,,,,,,,,,,,,,,,,,,,,,,,,,,,,,,,,High,High,High,,,,,
208,2025-01-31,15:53:40.11,4,3,"Brunngraber, Max",1000276385,Right,POM_COL,"Kinney, William",1000092038,Right,POM_COL,Undefined,6,Top,1,1,1,Fastball,Four-Seam,InPlay,Undefined,LineDrive,Single,0,1,,85.03463,-0.685829,-3.756742,2213.644979,214.177188,1:15,5.77553,2.99375,5.76198,-25.60285,13.58611,8.32355,3.00221,0.18574,77.26218,-5.477835,-2.27103,0.450561,89.37466,7.789844,-6.185942,6152.225843,109.52516,5.71864,-10.20871,146.96154,146.96154,-5.046173,1.281642,-5.37008,7.51552,-2.68736,50,5.70322,7.74884,-123.18204,-2.28405,-8.19608,25.99491,-20.70353,POM_COL,POM_COL,PomonaPitzer,TeamExclusive,Team,20250131-PomonaPitzer-Private-1,98b79420-e02e-11ef-8ec6-fd2c1b208846,83.65673,7.77004,,7.77246,,,,1.33019,2.96805,-0.17696,1bbb3642-f57c-4a84-8684-13f7541aee08,2025-01-31,23:53:40.11,2025-01-31T15:53:40.1171558-08:00,2025-01-31T23:53:40.1171558Z,GroundBall,v3,POM_PIT,POM_PIT,,"Lee, Sammy",1000276388,Right,POM_COL,38185185-e687-49e1-9aad-67a428a74079,54.73639,-124.17753,12.99745,5.77551,-1.49119,-10.35176,-2.99012,8.06271,-4.09804,248.370191,1.33019,129.11678,-14.65599,2.19063,-0.43163,0.0734,-0.01294,0.00215,-0.0002,2.96805,17.76693,-17.06969,1.31968,-0.23154,0.0513,-0.00845,0.00131,-0.00014,-0.17696,-13.99452,4.20102,-1.08405,0.26983,-0.05844,0.0117,-0.00198,0.00019,,,,,,,,,,,,,,,,,,,,,,,High,High,High,High,High,,,
209,2025-01-31,15:54:27.28,5,1,"Brunngraber, Max",1000276385,Right,POM_COL,"Legg, Jimmy",1000115608,Left,POM_COL,Undefined,6,Top,1,0,0,Fastball,Changeup,BallCalled,Undefined,Undefined,Undefined,0,0,,83.13207,-2.539231,-3.998109,2189.427691,227.496158,1:30,5.78787,3.11183,5.61952,-29.05592,12.14044,11.74182,0.98949,0.35303,76.01563,-7.909091,-1.90612,0.461956,,,,,,,,,,,,-7.1067,7.29634,-2.77797,50,5.55205,7.93175,-120.29837,-6.28911,-10.38074,24.03784,-21.51629,POM_COL,POM_COL,PomonaPitzer,TeamExclusive,Team,20250131-PomonaPitzer-Private-1,b4dcee70-e02e-11ef-8ec6-fd2c1b208846,81.59311,,,7.11644,,,,,,,1bbb3642-f57c-4a84-8684-13f7541aee08,2025-01-31,23:54:27.28,2025-01-31T15:54:27.2857190-08:00,2025-01-31T23:54:27.2857190Z,,v3,POM_PIT,POM_PIT,,"Lee, Sammy",1000276388,Right,POM_COL,c5548c83-874f-49bb-9c61-b5799bd1a0f7,54.87918,-121.2694,12.01892,5.78855,-5.41994,-10.75815,-3.10685,8.35109,-5.19037,,,,,,,,,,,,,,,,,,,,,,,,,,,,,,,,,,,,,,,,,,,,,,,,,,,High,High,High,,,,,
210,2025-01-31,15:54:50.28,5,2,"Brunngraber, Max",1000276385,Right,POM_COL,"Legg, Jimmy",1000115608,Left,POM_COL,Undefined,6,Top,1,1,0,Fastball,Changeup,BallCalled,Undefined,Undefined,Undefined,0,0,,85.82381,-0.620088,-2.808659,2249.463714,235.039754,1:45,5.73221,3.14205,5.49404,-26.83112,11.97473,15.23812,2.91552,1.78246,77.94357,-5.610072,-0.096448,0.448353,,,,,,,,,,,,-8.43717,6.61595,-2.90636,50,5.66007,5.43065,-124.3718,-2.25634,-13.13361,26.38585,-21.87541,POM_COL,POM_COL,PomonaPitzer,TeamExclusive,Team,20250131-PomonaPitzer-Private-1,c28a84b0-e02e-11ef-8ec6-fd2c1b208846,84.06867,,,7.88024,,,,,,,1bbb3642-f57c-4a84-8684-13f7541aee08,2025-01-31,23:54:50.28,2025-01-31T15:54:50.2880870-08:00,2025-01-31T23:54:50.2880870Z,,v3,POM_PIT,POM_PIT,,"Lee, Sammy",1000276388,Right,POM_COL,e4bfd884-c249-482d-a29c-8ea1325a94df,55.00271,-125.42865,13.19293,5.7329,-1.38015,-10.93771,-3.13441,5.9567,-6.5668,,,,,,,,,,,,,,,,,,,,,,,,,,,,,,,,,,,,,,,,,,,,,,,,,,,High,High,High,,,,,
211,2025-01-31,15:55:06.97,5,3,"Brunngraber, Max",1000276385,Right,POM_COL,"Legg, Jimmy",1000115608,Left,POM_COL,Undefined,6,Top,1,2,0,Cutter,Slider,FoulBallNotFieldable,Undefined,Undefined,Undefined,0,0,,78.11197,-0.481117,-3.486566,2256.631917,145.918548,10:45,5.58807,2.90876,5.21824,-38.86782,8.65934,-4.76276,1.89587,-0.77043,71.19329,-7.588456,-4.328279,0.496183,,,,,,,,,,,,1.33173,4.91311,-2.58271,50,5.51463,7.07612,-113.06801,-2.238,1.70708,22.50198,-25.87611,POM_COL,POM_COL,PomonaPitzer,TeamExclusive,Team,20250131-PomonaPitzer-Private-1,cc86f9d0-e02e-11ef-8ec6-fd2c1b208846,75.96474,,,6.91867,,,,,,,1bbb3642-f57c-4a84-8684-13f7541aee08,2025-01-31,23:55:06.97,2025-01-31T15:55:06.9779046-08:00,2025-01-31T23:55:06.9779046Z,,v3,POM_PIT,POM_PIT,,"Lee, Sammy",1000276388,Right,POM_COL,1351d4b1-1ce8-46cb-a82b-8f4f3f71d7af,55.28063,-114.11408,11.25099,5.59071,-1.03507,-12.93805,-2.90982,6.99676,0.85354,,,,,,,,,,,,,,,,,,,,,,,,,,,,,,,,,,,,,,,,,,,,,,,,,,,High,High,High,,,,,
212,2025-01-31,15:55:31.71,5,4,"Brunngraber, Max",1000276385,Right,POM_COL,"Legg, Jimmy",1000115608,Left,POM_COL,Undefined,6,Top,1,2,1,Cutter,Slider,InPlay,Undefined,GroundBall,Out,1,1,,76.70717,-0.387589,-2.566576,2298.237159,144.821848,10:45,5.60848,3.23378,5.03257,-37.57754,11.29674,-6.93225,2.11096,0.23293,70.81333,-7.222055,-3.789133,0.503166,77.71368,-18.658966,27.10353,,,,,9.00354,8.56694,16.870279,0.060943,2.7974,6.13146,-2.98244,50,5.54141,5.2578,-111.26494,-2.00455,3.52384,19.05573,-24.45035,POM_COL,POM_COL,PomonaPitzer,TeamExclusive,Team,20250131-PomonaPitzer-Private-1,db44c790-e02e-11ef-8ec6-fd2c1b208846,74.91049,2.22797,,5.89384,,,,2.7428,2.22797,-0.39308,1bbb3642-f57c-4a84-8684-13f7541aee08,2025-01-31,23:55:31.71,2025-01-31T15:55:31.7123174-08:00,2025-01-31T23:55:31.7123174Z,GroundBall,v3,POM_PIT,POM_PIT,,"Lee, Sammy",1000276388,Right,POM_COL,c45e770c-6c3a-40e1-9367-3269933909b9,55.46765,-112.19745,9.52787,5.61023,-0.80805,-12.22518,-3.23552,5.08536,1.76192,,2.74042,96.3736,,,,,,,,2.22887,-36.55843,,,,,,,,-0.3943,49.32435,,,,,,,,,,,,,,,,,,,,,,,,,,,,,,High,High,High,Low,Low,,,
213,2025-01-31,15:56:08.03,6,1,"Brunngraber, Max",1000276385,Right,POM_COL,"Morgan, Ben",1000115622,Left,POM_COL,Undefined,6,Top,2,0,0,Fastball,Four-Seam,FoulBallNotFieldable,Undefined,Undefined,Undefined,0,0,,86.62754,-0.754013,-3.938375,2375.902038,206.713818,1:00,5.71054,3.20064,5.59193,-20.63253,17.59895,8.16997,3.28541,0.1983,78.17978,-4.657757,-2.485769,0.445022,67.32467,24.424186,-166.906932,,,,,,18.10241,,,-5.36548,9.5328,-2.86771,50,5.63267,8.27806,-125.3401,-2.28699,-8.4338,28.15396,-17.18977,POM_COL,POM_COL,PomonaPitzer,TeamExclusive,Team,20250131-PomonaPitzer-Private-1,f0e23a10-e02e-11ef-8ec6-fd2c1b208846,84.69784,10.45157,,8.44776,,,,0.31759,3.23407,-0.17305,1bbb3642-f57c-4a84-8684-13f7541aee08,2025-01-31,23:56:08.03,2025-01-31T15:56:08.0373862-08:00,2025-01-31T23:56:08.0373862Z,,v3,POM_PIT,POM_PIT,,"Lee, Sammy",1000276388,Right,POM_COL,398e5a9e-fdf5-4bbd-91d9-ffd13a6d07a8,54.905,-126.43706,14.07698,5.70873,-1.61722,-8.59489,-3.19665,8.60666,-4.2169,357.8076,0.31819,-87.60759,2.10431,,,,,,,3.23494,40.77312,-27.34845,,,,,,,-0.17287,-20.37795,0.08742,,,,,,,,,,,,,,,,,,,,,,,,,,,,,High,High,High,High,Undefined,,,
214,2025-01-31,15:56:29.65,6,2,"Brunngraber, Max",1000276385,Right,POM_COL,"Morgan, Ben",1000115622,Left,POM_COL,Undefined,6,Top,2,0,1,ChangeUp,Changeup,StrikeSwinging,Undefined,Undefined,Undefined,0,0,,80.6599,-0.501468,-4.075144,1582.270063,283.412087,3:30,5.53606,3.20408,5.69178,-46.69369,-3.17043,19.22363,1.17636,1.00166,73.9762,-9.030172,-0.639181,0.474823,,,,,,,,,,,,-10.92741,-1.02331,-2.87315,50,5.46466,7.57353,-116.91655,-2.60773,-15.07166,22.775,-33.58543,POM_COL,POM_COL,PomonaPitzer,TeamExclusive,Team,20250131-PomonaPitzer-Private-1,fdcb47d0-e02e-11ef-8ec6-fd2c1b208846,79.38202,,,6.68371,,,,,,,1bbb3642-f57c-4a84-8684-13f7541aee08,2025-01-31,23:56:29.65,2025-01-31T15:56:29.6576614-08:00,2025-01-31T23:56:29.6576614Z,,v3,POM_PIT,POM_PIT,,"Lee, Sammy",1000276388,Right,POM_COL,215cfd21-6558-4030-9e5c-a99c0b1357a0,54.80998,-117.84979,11.3875,5.54332,-1.23151,-16.79271,-3.19614,8.19112,-7.53583,,,,,,,,,,,,,,,,,,,,,,,,,,,,,,,,,,,,,,,,,,,,,,,,,,,High,High,High,,,,,
215,2025-01-31,15:56:50.34,6,3,"Brunngraber, Max",1000276385,Right,POM_COL,"Morgan, Ben",1000115622,Left,POM_COL,Undefined,6,Top,2,0,2,Fastball,Sinker,FoulBallNotFieldable,Undefined,Undefined,Undefined,0,0,,87.19673,-0.569319,-4.187644,2298.938233,229.466604,1:45,5.73215,2.74659,5.42321,-23.37647,14.09796,15.09898,3.2494,0.07539,79.70199,-4.916331,-1.510708,0.440594,,,,,,,,,,,,-8.73099,7.6002,-2.38524,50,5.66547,8.5886,-126.3078,-2.05234,-14.13968,25.12858,-19.86564,POM_COL,POM_COL,PomonaPitzer,TeamExclusive,Team,20250131-PomonaPitzer-Private-1,0a19ea50-e02f-11ef-8ec6-fd2c1b208846,85.54905,,,7.49474,,,,,,,1bbb3642-f57c-4a84-8684-13f7541aee08,2025-01-31,23:56:50.34,2025-01-31T15:56:50.3427686-08:00,2025-01-31T23:56:50.3427686Z,,v3,POM_PIT,POM_PIT,,"Lee, Sammy",1000276388,Right,POM_COL,7dc564da-c9ff-4761-b76d-c9e19706fe9f,55.07628,-127.3137,12.56429,5.73171,-1.25711,-9.93282,-2.74037,9.15461,-7.06984,,,,,,,,,,,,,,,,,,,,,,,,,,,,,,,,,,,,,,,,,,,,,,,,,,,High,High,High,,,,,
216,2025-01-31,15:57:14.40,6,4,"Brunngraber, Max",1000276385,Right,POM_COL,"Morgan, Ben",1000115622,Left,POM_COL,Undefined,6,Top,3,0,2,Slider,Curveball,InPlay,Undefined,LineDrive,Single,0,1,,72.16476,1.494757,-1.284811,2404.056207,70.654928,8:15,5.52211,2.97349,4.93179,-59.06924,-3.69508,-15.11808,2.01327,0.49898,66.88795,-9.126029,-3.951777,0.535581,89.2995,12.806351,17.898089,925.273529,104.14736,11.98209,35.40169,176.43905,176.43905,19.493791,1.620177,7.17831,-1.79717,-2.83511,50,5.61804,2.91639,-104.77174,0.76484,8.00997,17.05891,-34.17942,POM_COL,POM_COL,PomonaPitzer,TeamExclusive,Team,20250131-PomonaPitzer-Private-1,187dd840-e02f-11ef-8ec6-fd2c1b208846,70.37675,12.6151,,5.27682,,,,1.30135,2.01595,-0.48202,1bbb3642-f57c-4a84-8684-13f7541aee08,2025-01-31,23:57:14.40,2025-01-31T15:57:14.4095846-08:00,2025-01-31T23:57:14.4095846Z,LineDrive,v3,POM_PIT,POM_PIT,,"Lee, Sammy",1000276388,Right,POM_COL,20baaa8c-e56e-4da5-a9db-210da492d45b,55.57126,-105.67495,8.52945,5.52964,2.57453,-17.08971,-2.9783,2.49229,4.00498,286.102453,1.30134,121.53464,-15.88208,3.13234,-0.58431,0.00549,0.05275,-0.02335,0.00378,2.01595,29.03084,-21.15499,1.98585,-0.37729,0.07359,-0.01415,0.00286,-0.00032,-0.48201,39.24867,-0.68664,-0.91853,0.25186,0.02807,-0.06314,0.02618,-0.00409,,,,,,,,,,,,,,,,,,,,,,,High,High,High,High,High,,,
217,2025-01-31,16:00:08.02,1,1,"Collins, Ethan",1000115647,Right,POM_COL,"Quintero, James",10138921,Left,POM_COL,Undefined,6,Bottom,0,0,0,Fastball,Changeup,BallCalled,Undefined,Undefined,Undefined,0,0,,83.66346,1.905555,-1.612996,2031.02027,260.448988,2:45,5.03288,2.41984,5.29003,-37.72329,2.7839,9.65918,3.67995,1.70978,77.05158,-4.979805,0.100326,0.458076,,,,,,,,,,,,-5.21681,1.29847,-2.28015,50,5.17896,3.00553,-121.4687,2.66394,-7.8683,21.67584,-30.21565,POM_COL,POM_COL,PomonaPitzer,TeamExclusive,Team,20250131-PomonaPitzer-Private-1,7feb3360-e02f-11ef-8ec6-fd2c1b208846,82.28427,,,6.61189,,,,,,,1bbb3642-f57c-4a84-8684-13f7541aee08,2025-02-01,00:00:08.02,2025-01-31T16:00:08.0235110-08:00,2025-02-01T00:00:08.0235110Z,,v3,POM_PIT,POM_PIT,,"Savas, Peter",1000276389,Right,POM_COL,86fb9e40-99b2-44b4-a878-468a02b1e17e,55.20994,-122.39488,10.83792,5.03756,3.955,-15.10783,-2.41575,3.34173,-3.93415,,,,,,,,,,,,,,,,,,,,,,,,,,,,,,,,,,,,,,,,,,,,,,,,,,,High,High,High,,,,,
218,2025-01-31,16:00:23.22,1,2,"Collins, Ethan",1000115647,Right,POM_COL,"Quintero, James",10138921,Left,POM_COL,Undefined,6,Bottom,0,1,0,Cutter,Slider,FoulBallNotFieldable,Undefined,Undefined,Undefined,0,0,,80.25296,0.343359,-2.00638,2358.692842,207.761956,1:00,5.25208,2.30904,5.40087,-40.20683,3.93386,1.35284,2.22346,0.54091,73.71387,-7.008895,-1.765795,0.47818,,,,,,,,,,,,-1.23945,2.24851,-2.13116,50,5.25431,4.02771,-116.49243,-0.66621,-1.70458,21.71576,-29.08173,POM_COL,POM_COL,PomonaPitzer,TeamExclusive,Team,20250131-PomonaPitzer-Private-1,890278a0-e02f-11ef-8ec6-fd2c1b208846,78.82485,,,6.5391,,,,,,,1bbb3642-f57c-4a84-8684-13f7541aee08,2025-02-01,00:00:23.22,2025-01-31T16:00:23.2210022-08:00,2025-02-01T00:00:23.2210022Z,,v3,POM_PIT,POM_PIT,,"Savas, Peter",1000276389,Right,POM_COL,25158ea7-8695-4985-97b1-a1f5cea6e469,55.0997,-117.43924,10.85788,5.25572,0.60175,-14.54086,-2.30839,4.10202,-0.85229,,,,,,,,,,,,,,,,,,,,,,,,,,,,,,,,,,,,,,,,,,,,,,,,,,,High,High,High,,,,,
219,2025-01-31,16:00:42.44,1,3,"Collins, Ethan",1000115647,Right,POM_COL,"Quintero, James",10138921,Left,POM_COL,Undefined,6,Bottom,0,1,1,Slider,Curveball,BallCalled,Undefined,Undefined,Undefined,0,0,,75.18854,1.110704,-0.975957,2607.673335,70.694285,8:15,5.47747,2.07053,5.00335,-58.7307,-6.87693,-24.75675,1.63204,-0.91392,68.51688,-9.490805,-5.351131,0.518277,,,,,,,,,,,,11.90304,-3.20347,-1.95592,50,5.53684,2.84893,-108.98801,0.0628,14.07101,22.22624,-35.96099,POM_COL,POM_COL,PomonaPitzer,TeamExclusive,Team,20250131-PomonaPitzer-Private-1,947c3ef0-e02f-11ef-8ec6-fd2c1b208846,72.72651,,,6.67166,,,,,,,1bbb3642-f57c-4a84-8684-13f7541aee08,2025-02-01,00:00:42.44,2025-01-31T16:00:42.4400486-08:00,2025-02-01T00:00:42.4400486Z,,v3,POM_PIT,POM_PIT,,"Savas, Peter",1000276389,Right,POM_COL,fdb214a1-084a-41dd-ba40-0001c39dbdbc,55.49836,-110.1036,11.11312,5.4884,1.86777,-17.9805,-2.08118,2.14267,7.03551,,,,,,,,,,,,,,,,,,,,,,,,,,,,,,,,,,,,,,,,,,,,,,,,,,,High,High,High,,,,,
220,2025-01-31,16:01:02.38,1,4,"Collins, Ethan",1000115647,Right,POM_COL,"Quintero, James",10138921,Left,POM_COL,Undefined,6,Bottom,0,2,1,Cutter,Slider,FoulBallNotFieldable,Undefined,Undefined,Undefined,0,0,,78.79718,0.275133,-1.716981,2544.661055,124.059945,10:15,5.20182,2.32658,5.12104,-37.18049,8.88087,-11.14115,2.36273,-0.21963,72.72621,-6.499199,-3.68633,0.488472,97.6745,29.048985,49.809244,3460.18847,,,,,100.57695,,,5.15859,4.72874,-2.15588,50,5.19878,3.87051,-114.40479,-0.71577,6.87498,20.00561,-25.87196,POM_COL,POM_COL,PomonaPitzer,TeamExclusive,Team,20250131-PomonaPitzer-Private-1,a05a1e40-e02f-11ef-8ec6-fd2c1b208846,77.16394,53.57962,,6.07097,,,,2.89224,3.18035,-0.30465,1bbb3642-f57c-4a84-8684-13f7541aee08,2025-02-01,00:01:02.38,2025-01-31T16:01:02.3857766-08:00,2025-02-01T00:01:02.3857766Z,,v3,POM_PIT,POM_PIT,,"Savas, Peter",1000276389,Right,POM_COL,0e0c547f-d0f9-4614-8eee-9b98bd899a18,55.38002,-115.34174,10.00281,5.20393,0.49593,-12.93598,-2.32961,3.54853,3.43749,,2.89224,80.81869,-22.69551,5.52057,-1.59254,1.34428,-1.60191,1.12536,-0.31814,3.18035,69.55816,-16.48221,0.01461,1.11976,-2.36286,3.20634,-2.29193,0.65077,-0.30465,95.6675,-12.98776,4.16499,-1.82253,2.21522,-2.81146,1.99146,-0.56418,,,,,,,,,,,,,,,,,,,,,,,High,High,High,Medium,Undefined,,,
221,2025-01-31,16:01:24.47,1,5,"Collins, Ethan",1000115647,Right,POM_COL,"Quintero, James",10138921,Left,POM_COL,Undefined,6,Bottom,0,2,2,ChangeUp,Changeup,BallCalled,Undefined,Undefined,Undefined,0,0,,82.55043,-0.206816,-1.15855,1234.778393,282.871113,3:30,5.11995,2.28527,5.13367,-42.85211,-0.87102,9.30646,1.35414,1.96962,76.16246,-7.963916,0.491225,0.466335,,,,,,,,,,,,-4.92799,0.0328,-2.18403,50,5.06738,2.02484,-119.87394,-2.03357,-7.20246,22.21027,-32.12613,POM_COL,POM_COL,PomonaPitzer,TeamExclusive,Team,20250131-PomonaPitzer-Private-1,ad8712d0-e02f-11ef-8ec6-fd2c1b208846,80.82693,,,6.38797,,,,,,,1bbb3642-f57c-4a84-8684-13f7541aee08,2025-02-01,00:01:24.47,2025-01-31T16:01:24.4756070-08:00,2025-02-01T00:01:24.4756070Z,,v3,POM_PIT,POM_PIT,,"Savas, Peter",1000276389,Right,POM_COL,e41ffcb4-cd70-4970-af44-244185773103,55.36667,-120.86419,11.10513,5.12612,-0.60123,-16.06306,-2.28146,2.34596,-3.60123,,,,,,,,,,,,,,,,,,,,,,,,,,,,,,,,,,,,,,,,,,,,,,,,,,,High,High,High,,,,,
222,2025-01-31,16:01:44.84,1,6,"Collins, Ethan",1000115647,Right,POM_COL,"Quintero, James",10138921,Left,POM_COL,Undefined,6,Bottom,0,3,2,Cutter,Slider,StrikeCalled,Strikeout,Undefined,Undefined,0,0,,80.30416,0.325827,-0.950467,2534.694552,96.880019,9:15,5.24861,2.29332,5.22744,-41.8662,2.66914,-10.30469,2.06612,0.54099,73.53522,-7.304898,-2.778308,0.480312,,,,,,,,,,,,4.85823,1.6891,-2.19779,50,5.24752,2.36112,-116.52142,-0.81532,6.65714,22.57131,-29.85952,POM_COL,POM_COL,PomonaPitzer,TeamExclusive,Team,20250131-PomonaPitzer-Private-1,b9a6dd20-e02f-11ef-8ec6-fd2c1b208846,78.47484,,,6.76894,,,,,,,1bbb3642-f57c-4a84-8684-13f7541aee08,2025-02-01,00:01:44.84,2025-01-31T16:01:44.8480000-08:00,2025-02-01T00:01:44.8480000Z,,v3,POM_PIT,POM_PIT,,"Savas, Peter",1000276389,Right,POM_COL,c880d5ea-47ee-46ac-8295-3fc05aa4a528,55.27132,-117.53809,11.28566,5.25395,0.52963,-14.92976,-2.29738,2.06127,3.32857,,,,,,,,,,,,,,,,,,,,,,,,,,,,,63.25142,2.614018,1.537382,1.076636,-0.66318,1.79323,-0.43877,-0.93729,5.531,-1.09696,72.88476,8.01723,-51.90104,-0.90327,72.19571,-3.3903,5.57792,17.19535,-13.85253,-1.1967,-53.96597,6.35536,High,High,High,,,High,High,High
223,2025-01-31,16:02:10.15,2,1,"Collins, Ethan",1000115647,Right,POM_COL,"DeGrazia, Tanner",1000214434,Right,POM_COL,Undefined,6,Bottom,1,0,0,Slider,Slider,StrikeCalled,Undefined,Undefined,Undefined,0,0,,76.53856,0.914689,-1.86645,2443.696333,99.419001,9:15,5.22118,2.3597,4.98904,-46.1314,3.51193,-11.40005,2.24112,-0.35332,69.96956,-7.461028,-3.876867,0.50711,,,,,,,,,,,,5.07221,1.97882,-2.17023,50,5.2721,4.07937,-110.92376,0.17426,6.2841,20.88042,-29.72244,POM_COL,POM_COL,PomonaPitzer,TeamExclusive,Team,20250131-PomonaPitzer-Private-1,c8c73d40-e02f-11ef-8ec6-fd2c1b208846,74.32798,,,6.569,,,,,,,1bbb3642-f57c-4a84-8684-13f7541aee08,2025-02-01,00:02:10.15,2025-01-31T16:02:10.1562982-08:00,2025-02-01T00:02:10.1562982Z,,v3,POM_PIT,POM_PIT,,"Savas, Peter",1000276389,Right,POM_COL,f142660a-0096-4b27-a0fc-692377858bac,55.5091,-111.956,10.44021,5.22716,1.64361,-14.86122,-2.36421,3.76871,3.14205,,,,,,,,,,,,,,,,,,,,,,,,,,,,,,,,,,,,,,,,,,,,,,,,,,,High,High,High,,,,,
224,2025-01-31,16:02:26.09,2,2,"Collins, Ethan",1000115647,Right,POM_COL,"DeGrazia, Tanner",1000214434,Right,POM_COL,Undefined,6,Bottom,1,0,1,Slider,Curveball,InPlay,Undefined,GroundBall,Out,1,0,,75.4544,0.683257,-0.470745,2525.841733,102.827755,9:30,5.10682,2.41985,5.04479,-45.06061,5.85894,-18.40804,1.99633,0.4418,69.00077,-7.520524,-3.724169,0.513586,94.74756,4.297612,-34.987272,2720.583186,,,,80.51336,80.51336,-36.221022,0.622775,9.04871,3.16465,-2.35935,50,5.13614,1.61805,-109.4511,-0.19814,10.90446,20.5033,-28.36039,POM_COL,POM_COL,PomonaPitzer,TeamExclusive,Team,20250131-PomonaPitzer-Private-1,d241b120-e02f-11ef-8ec6-fd2c1b208846,73.39064,3.2792,,6.45363,,,,1.74862,2.13144,-0.60526,1bbb3642-f57c-4a84-8684-13f7541aee08,2025-02-01,00:02:26.09,2025-01-31T16:02:26.0970598-08:00,2025-02-01T00:02:26.0970598Z,GroundBall,v3,POM_PIT,POM_PIT,,"Savas, Peter",1000276389,Right,POM_COL,76365353-eb5e-48fd-96e4-c2b316c59b05,55.45534,-110.46831,10.25165,5.11107,1.20888,-14.18019,-2.42621,1.07706,5.45223,,1.78464,112.74556,-18.25319,,,,,,,2.16608,9.65918,-21.17734,,,,,,,-0.60819,-79.39533,6.39712,,,,,,,,,,,,,,,,,,,,,,,,,,,,,High,High,High,High,High,,,
225,2025-01-31,16:02:58.68,3,1,"Collins, Ethan",1000115647,Right,POM_COL,"An, Andrew",10074820,Right,POM_COL,Undefined,6,Bottom,2,0,0,Fastball,Slider,StrikeSwinging,Undefined,Undefined,Undefined,0,0,,83.66652,0.787599,-3.183079,2231.989346,192.806503,12:30,5.03609,2.29963,5.48549,-31.82667,8.71276,1.69701,3.12192,-0.54007,76.62977,-5.078407,-2.88164,0.458258,,,,,,,,,,,,-1.71221,4.57347,-2.02152,50,5.08381,6.67418,-121.2999,0.58011,-2.55777,23.14005,-25.34196,POM_COL,POM_COL,PomonaPitzer,TeamExclusive,Team,20250131-PomonaPitzer-Private-1,e5a3d9a0-e02f-11ef-8ec6-fd2c1b208846,82.25154,,,7.03674,,,,,,,1bbb3642-f57c-4a84-8684-13f7541aee08,2025-02-01,00:02:58.68,2025-01-31T16:02:58.6807910-08:00,2025-02-01T00:02:58.6807910Z,,v3,POM_PIT,POM_PIT,,"Savas, Peter",1000276389,Right,POM_COL,3bd0978a-dffe-46b7-b078-6e6881e75a27,55.01222,-122.25233,11.57003,5.03846,1.62317,-12.67098,-2.29839,6.77946,-1.27888,,,,,,,,,,,,,,,,,,,,,,,,,,,,,,,,,,,,,,,,,,,,,,,,,,,High,High,High,,,,,
226,2025-01-31,16:03:15.26,3,2,"Collins, Ethan",1000115647,Right,POM_COL,"An, Andrew",10074820,Right,POM_COL,Undefined,6,Bottom,2,0,1,Slider,Curveball,InPlay,Undefined,FlyBall,Out,1,0,,75.77207,0.437277,-1.442335,2523.923949,107.609126,9:30,5.1775,2.44283,5.2911,-43.28313,6.54906,-15.7319,1.9813,-0.22276,69.63121,-7.463894,-4.233345,0.508073,63.89376,-5.469494,16.497103,,,,,20.46293,20.46293,16.676464,0.210707,7.48599,3.62126,-2.29954,50,5.18582,3.37173,-109.96572,-0.564,9.15011,19.82485,-27.74778,POM_COL,POM_COL,PomonaPitzer,TeamExclusive,Team,20250131-PomonaPitzer-Private-1,ef96fff0-e02f-11ef-8ec6-fd2c1b208846,74.18701,1.88711,,6.14085,,,,0.7052,1.88711,0.27566,1bbb3642-f57c-4a84-8684-13f7541aee08,2025-02-01,00:03:15.26,2025-01-31T16:03:15.2682086-08:00,2025-02-01T00:03:15.2682086Z,GroundBall,v3,POM_PIT,POM_PIT,,"Savas, Peter",1000276389,Right,POM_COL,014a1348-b8e3-4d3f-84d1-aa71f5ecc853,55.20859,-110.90076,9.91242,5.18156,0.74472,-13.87389,-2.44839,2.94016,4.57506,,0.69705,89.68425,,,,,,,,1.88793,-8.95611,,,,,,,,0.27324,26.56076,,,,,,,,,,,,,,,,,,,,,,,,,,,,,,High,High,High,Estimated,Estimated,,,
227,2025-01-31,16:07:16.03,1,1,"Zerger, Justin",10051439,Right,POM_COL,"Gonzaga, Kai",10138924,Left,POM_COL,Undefined,7,Top,0,0,0,Fastball,Cutter,BallCalled,Undefined,Undefined,Undefined,0,0,,86.29761,-0.915961,-0.438349,2180.601486,188.336489,12:15,6.44305,1.16555,5.15752,-23.6093,14.88324,2.00402,3.61331,0.91992,79.02449,-5.285671,-0.083446,0.446539,,,,,,,,,,,,-1.11366,8.02615,-1.12621,50,6.33981,0.86794,-125.22451,-2.82749,-1.77243,24.74044,-19.40005,POM_COL,POM_COL,PomonaPitzer,TeamExclusive,Team,20250131-PomonaPitzer-Private-1,7f0aa1f0-e030-11ef-8ec6-fd2c1b208846,84.41014,,,7.27313,,,,,,,1bbb3642-f57c-4a84-8684-13f7541aee08,2025-02-01,00:07:16.03,2025-01-31T16:07:16.0394854-08:00,2025-02-01T00:07:16.0394854Z,,v3,POM_PIT,POM_PIT,,"Lee, Sammy",1000276388,Right,POM_COL,801958f2-e436-434d-a73a-a158e932176c,55.33991,-126.2751,12.37022,6.44239,-2.00368,-9.70002,-1.16466,0.9432,-0.88622,,,,,,,,,,,,,,,,,,,,,,,,,,,,,,,,,,,,,,,,,,,,,,,,,,,High,High,High,,,,,
228,2025-01-31,16:07:32.44,1,2,"Zerger, Justin",10051439,Right,POM_COL,"Gonzaga, Kai",10138924,Left,POM_COL,Undefined,7,Top,0,1,0,Fastball,Four-Seam,BallCalled,Undefined,Undefined,Undefined,0,0,,86.88598,-2.027752,-0.026749,2042.174439,212.474911,1:00,6.37174,1.16054,5.20071,-20.6195,17.3778,10.28591,2.74544,1.99254,79.52868,-5.862822,1.796394,0.443657,,,,,,,,,,,,-5.11473,9.58922,-1.16603,50,6.16872,-0.40615,-126.01508,-5.15499,-8.23076,25.42294,-16.74283,POM_COL,POM_COL,PomonaPitzer,TeamExclusive,Team,20250131-PomonaPitzer-Private-1,88d77b90-e030-11ef-8ec6-fd2c1b208846,84.95844,,,7.3573,,,,,,,1bbb3642-f57c-4a84-8684-13f7541aee08,2025-02-01,00:07:32.44,2025-01-31T16:07:32.4444774-08:00,2025-02-01T00:07:32.4444774Z,,v3,POM_PIT,POM_PIT,,"Lee, Sammy",1000276388,Right,POM_COL,c4a5bf93-16b6-46a8-9b22-5aa872886e6a,55.29674,-127.07918,12.71147,6.36982,-4.4542,-8.37142,-1.15624,-0.06165,-4.11538,,,,,,,,,,,,,,,,,,,,,,,,,,,,,,,,,,,,,,,,,,,,,,,,,,,High,High,High,,,,,
229,2025-01-31,16:07:49.38,1,3,"Zerger, Justin",10051439,Right,POM_COL,"Gonzaga, Kai",10138924,Left,POM_COL,Undefined,7,Top,0,2,0,Fastball,Cutter,BallCalled,Undefined,Undefined,Undefined,0,0,,85.55215,-1.164317,-0.849267,2104.765628,178.837896,12:00,6.39431,0.94671,4.93058,-24.84088,14.48564,-0.26996,3.22337,0.12137,78.75545,-5.721517,-0.896873,0.451351,,,,,,,,,,,,-0.08476,7.81937,-0.86381,50,6.26075,1.85264,-124.15292,-3.42616,-0.13327,23.1118,-19.8779,POM_COL,POM_COL,PomonaPitzer,TeamExclusive,Team,20250131-PomonaPitzer-Private-1,92ef40e0-e030-11ef-8ec6-fd2c1b208846,83.51031,,,6.79671,,,,,,,1bbb3642-f57c-4a84-8684-13f7541aee08,2025-02-01,00:07:49.38,2025-01-31T16:07:49.3895782-08:00,2025-02-01T00:07:49.3895782Z,,v3,POM_PIT,POM_PIT,,"Lee, Sammy",1000276388,Right,POM_COL,0c866b5d-ae2a-4515-9d03-1d1a8a586560,55.56755,-125.18506,11.5559,6.39394,-2.53844,-9.93895,-0.94668,1.85859,-0.06664,,,,,,,,,,,,,,,,,,,,,,,,,,,,,,,,,,,,,,,,,,,,,,,,,,,High,High,High,,,,,
230,2025-01-31,16:08:06.04,1,4,"Zerger, Justin",10051439,Right,POM_COL,"Gonzaga, Kai",10138924,Left,POM_COL,Undefined,7,Top,0,3,0,Fastball,Cutter,StrikeCalled,Undefined,Undefined,Undefined,0,0,,86.63326,-3.127188,-0.81468,2075.955194,187.768373,12:15,6.35634,0.90334,5.38664,-24.36753,13.44851,1.67756,1.39136,0.27948,79.91806,-7.607325,-0.516094,0.442598,,,,,,,,,,,,-1.05547,7.93563,-0.83174,50,6.05954,1.71406,-125.64642,-7.70813,-1.69767,23.98553,-19.40976,POM_COL,POM_COL,PomonaPitzer,TeamExclusive,Team,20250131-PomonaPitzer-Private-1,9cdcc1e0-e030-11ef-8ec6-fd2c1b208846,85.1618,,,6.7152,,,,,,,1bbb3642-f57c-4a84-8684-13f7541aee08,2025-02-01,00:08:06.04,2025-01-31T16:08:06.0429414-08:00,2025-02-01T00:08:06.0429414Z,,v3,POM_PIT,POM_PIT,,"Lee, Sammy",1000276388,Right,POM_COL,c047a747-6e7b-444a-9d07-85b9c946c11c,55.11217,-126.61856,11.99277,6.35601,-6.92145,-9.70488,-0.90261,1.78286,-0.84884,,,,,,,,,,,,,,,,,,,,,,,,,,,,,,,,,,,,,,,,,,,,,,,,,,,High,High,High,,,,,
231,2025-01-31,16:08:25.07,1,5,"Zerger, Justin",10051439,Right,POM_COL,"Gonzaga, Kai",10138924,Left,POM_COL,Undefined,7,Top,0,3,1,Fastball,Cutter,FoulBallNotFieldable,Undefined,Undefined,Undefined,0,0,,84.85331,-1.50045,-1.281319,2165.580963,193.626332,12:30,6.422,1.0996,4.83391,-26.70084,13.67646,3.00307,2.77539,0.1363,77.73259,-6.388266,-0.752642,0.457341,,,,,,,,,,,,-1.83925,7.53315,-0.97545,50,6.25098,2.617,-123.02384,-4.2041,-2.82131,24.19898,-20.61857,POM_COL,POM_COL,PomonaPitzer,TeamExclusive,Team,20250131-PomonaPitzer-Private-1,a8374060-e030-11ef-8ec6-fd2c1b208846,82.4165,,,7.12072,,,,,,,1bbb3642-f57c-4a84-8684-13f7541aee08,2025-02-01,00:08:25.07,2025-01-31T16:08:25.0783846-08:00,2025-02-01T00:08:25.0783846Z,,v3,POM_PIT,POM_PIT,,"Lee, Sammy",1000276388,Right,POM_COL,64afa563-0f56-409a-bee5-25e73d2cb6f9,55.6649,-124.13313,12.09949,6.42204,-3.25894,-10.30929,-1.09838,2.74633,-1.41065,,,,,,,,,,,,,,,,,,,,,,,,,,,,,,,,,,,,,,,,,,,,,,,,,,,High,High,High,,,,,
232,2025-01-31,16:08:47.02,1,6,"Zerger, Justin",10051439,Right,POM_COL,"Gonzaga, Kai",10138924,Left,POM_COL,Undefined,7,Top,0,3,2,Slider,Curveball,InPlay,Undefined,LineDrive,Single,0,0,,75.38952,-0.562232,-0.289166,2597.510733,68.91771,8:15,6.08326,1.48957,4.82439,-57.32255,-5.73107,-19.31174,0.77386,-0.39362,69.27758,-10.830911,-3.699414,0.516964,92.08459,13.612357,27.873759,1606.275374,94.51729,14.1311,56.27149,194.28889,194.28889,33.756613,1.814651,9.51465,-2.24914,-1.44312,50,5.97771,1.31524,-109.34307,-3.09555,11.39336,21.24321,-34.86727,POM_COL,POM_COL,PomonaPitzer,TeamExclusive,Team,20250131-PomonaPitzer-Private-1,b54dedd0-e030-11ef-8ec6-fd2c1b208846,72.91114,14.18367,,6.11194,,,,2.67335,0.94906,0.38845,1bbb3642-f57c-4a84-8684-13f7541aee08,2025-02-01,00:08:47.02,2025-01-31T16:08:47.0244966-08:00,2025-02-01T00:08:47.0244966Z,LineDrive,v3,POM_PIT,POM_PIT,,"Lee, Sammy",1000276388,Right,POM_COL,daaf5cc5-7f01-4c7f-b374-3a1d590f9f47,55.67819,-110.44073,10.6216,6.09112,-1.29394,-17.43364,-1.49587,0.72654,5.69668,,2.67335,116.03464,-21.13198,4.26133,-1.02431,0.31538,-0.13153,0.04198,-0.00597,0.94906,31.78588,-20.59367,2.09657,-0.42496,0.07646,-0.00406,-0.00253,0.00058,0.38845,61.36851,-0.37123,-0.7847,0.37313,-0.21564,0.12385,-0.04459,0.00667,,,,,,,,,,,,,,,,,,,,,,,High,High,High,High,High,,,
233,2025-01-31,16:09:30.03,2,1,"Zerger, Justin",10051439,Right,POM_COL,"Ng, JC",1000115591,Left,POM_COL,Undefined,7,Top,0,0,0,Fastball,Four-Seam,BallCalled,Undefined,Undefined,Undefined,0,0,,86.51014,-4.696703,-2.310717,1923.703318,207.9233,1:00,6.11655,1.19738,5.66557,-21.59915,16.33525,7.99374,-0.07619,-0.29226,79.38555,-8.703819,-0.881936,0.44329,,,,,,,,,,,,-4.73209,10.00489,-1.00726,50,5.70498,4.71997,-125.13986,-10.97419,-7.49835,25.42526,-16.32054,POM_COL,POM_COL,PomonaPitzer,TeamExclusive,Team,20250131-PomonaPitzer-Private-1,cee85780-e030-11ef-8ec6-fd2c1b208846,85.02886,,,7.12458,,,,,,,1bbb3642-f57c-4a84-8684-13f7541aee08,2025-02-01,00:09:30.03,2025-01-31T16:09:30.0354662-08:00,2025-02-01T00:09:30.0354662Z,,v3,POM_PIT,POM_PIT,,"Lee, Sammy",1000276388,Right,POM_COL,02ff8d9a-3c4d-4f6f-a402-8480ee44e0c2,54.83393,-126.11816,12.71263,6.11516,-10.34621,-8.16027,-1.19442,5.00848,-3.74917,,,,,,,,,,,,,,,,,,,,,,,,,,,,,,,,,,,,,,,,,,,,,,,,,,,High,High,High,,,,,
234,2025-01-31,16:09:55.04,2,2,"Zerger, Justin",10051439,Right,POM_COL,"Ng, JC",1000115591,Left,POM_COL,Undefined,7,Top,0,1,0,Fastball,Four-Seam,StrikeCalled,Undefined,Undefined,Undefined,0,0,,86.85505,-2.954591,-2.423184,2014.075539,205.82918,12:45,6.14191,1.35537,5.46016,-23.02655,14.80115,6.56296,1.45253,-0.36723,79.47457,-7.224746,-1.255178,0.442666,,,,,,,,,,,,-3.9861,8.66552,-1.14641,50,5.86567,5.03906,-125.80667,-7.26929,-6.38042,25.82243,-18.30347,POM_COL,POM_COL,PomonaPitzer,TeamExclusive,Team,20250131-PomonaPitzer-Private-1,ddd79580-e030-11ef-8ec6-fd2c1b208846,85.14867,,,7.38047,,,,,,,1bbb3642-f57c-4a84-8684-13f7541aee08,2025-02-01,00:09:55.04,2025-01-31T16:09:55.0485094-08:00,2025-02-01T00:09:55.0485094Z,,v3,POM_PIT,POM_PIT,,"Lee, Sammy",1000276388,Right,POM_COL,9c307836-a3df-4023-bb97-5ff4dbef31ed,55.03783,-126.83649,12.91122,6.14102,-6.53932,-9.15173,-1.35244,5.29351,-3.19021,,,,,,,,,,,,,,,,,,,,,,,,,,,,,,,,,,,,,,,,,,,,,,,,,,,High,High,High,,,,,
235,2025-01-31,16:10:17.71,2,3,"Zerger, Justin",10051439,Right,POM_COL,"Ng, JC",1000115591,Left,POM_COL,Undefined,7,Top,0,1,1,ChangeUp,Changeup,BallCalled,Undefined,Undefined,Undefined,0,0,,82.58162,-2.978295,-2.12374,1837.249085,237.031274,2:00,5.99109,1.50534,5.30682,-32.76006,9.54339,12.47087,0.46091,0.55011,75.44726,-8.970164,0.093307,0.468122,,,,,,,,,,,,-6.90402,6.10032,-1.32197,50,5.69681,3.91396,-119.56406,-7.3534,-9.91951,24.66083,-23.40927,POM_COL,POM_COL,PomonaPitzer,TeamExclusive,Team,20250131-PomonaPitzer-Private-1,eb5bd1d0-e030-11ef-8ec6-fd2c1b208846,80.5184,,,7.13436,,,,,,,1bbb3642-f57c-4a84-8684-13f7541aee08,2025-02-01,00:10:17.71,2025-01-31T16:10:17.7190000-08:00,2025-02-01T00:10:17.7190000Z,,v3,POM_PIT,POM_PIT,,"Lee, Sammy",1000276388,Right,POM_COL,9d1a7dce-07fb-449a-a19a-62e3d325cc04,55.19183,-120.63015,12.33042,5.99282,-6.34141,-11.70463,-1.50044,4.34278,-4.95976,,,,,,,,,,,,,,,,,,,,,,,,,,,,,77.81199,,,,,,,2.35261,5.33629,-0.64283,,,,2.44554,112.67113,-10.31933,5.3436,7.06095,-11.1595,-0.69658,-2.75771,4.25359,High,High,High,,,High,High,High
236,2025-01-31,16:10:54.34,2,4,"Zerger, Justin",10051439,Right,POM_COL,"Ng, JC",1000115591,Left,POM_COL,Undefined,7,Top,0,2,1,Fastball,Changeup,BallinDirt,Undefined,Undefined,Undefined,0,0,,86.39539,-4.38296,-3.228343,2143.409992,222.795343,1:30,6.30821,1.02331,5.44317,-24.3282,13.89005,11.73934,0.16244,-1.02439,79.60659,-8.849578,-1.140267,0.444945,,,,,,,,,,,,-6.80697,8.54225,-0.74615,50,5.90283,6.552,-124.95438,-10.41981,-10.80523,24.23365,-18.61432,POM_COL,POM_COL,PomonaPitzer,TeamExclusive,Team,20250131-PomonaPitzer-Private-1,0127f570-e031-11ef-8ec6-fd2c1b208846,84.71251,,,6.7888,,,,,,,1bbb3642-f57c-4a84-8684-13f7541aee08,2025-02-01,00:10:54.34,2025-01-31T16:10:54.3440486-08:00,2025-02-01T00:10:54.3440486Z,,v3,POM_PIT,POM_PIT,,"Lee, Sammy",1000276388,Right,POM_COL,0edb4063-4b21-4208-b62f-1a48c85732cf,55.05699,-125.93131,12.11683,6.30776,-9.66941,-9.30716,-1.01906,6.9876,-5.40262,,,,,,,,,,,,,,,,,,,,,,,,,,,,,,,,,,,,,,,,,,,,,,,,,,,High,High,High,,,,,
237,2025-01-31,16:11:27.11,2,5,"Zerger, Justin",10051439,Right,POM_COL,"Ng, JC",1000115591,Left,POM_COL,Undefined,7,Top,0,3,1,Fastball,Four-Seam,BallCalled,Walk,Undefined,Undefined,0,0,,87.91062,-4.249194,-1.139747,1987.151636,214.173526,1:15,6.3458,1.05453,5.23774,-22.43478,15.41902,9.49808,0.47426,0.77464,79.39626,-8.410842,0.546203,0.442819,,,,,,,,,,,,-5.12681,9.50961,-0.95712,50,5.93815,2.09766,-126.99624,-10.20672,-8.23053,30.1292,-16.90741,POM_COL,POM_COL,PomonaPitzer,TeamExclusive,Team,20250131-PomonaPitzer-Private-1,14b3c600-e031-11ef-8ec6-fd2c1b208846,85.11929,,,8.51436,,,,,,,1bbb3642-f57c-4a84-8684-13f7541aee08,2025-02-01,00:11:27.11,2025-01-31T16:11:27.1158886-08:00,2025-02-01T00:11:27.1158886Z,,v3,POM_PIT,POM_PIT,,"Lee, Sammy",1000276388,Right,POM_COL,7eeb6324-7569-4dd0-b030-7ad34190298d,55.25895,-128.23783,15.0646,6.3444,-9.50998,-8.4537,-1.05055,2.43683,-4.11527,,,,,,,,,,,,,,,,,,,,,,,,,,,,,,,,,,,,,,,,,,,,,,,,,,,High,High,High,,,,,
238,2025-01-31,16:12:10.82,3,1,"Zerger, Justin",10051439,Right,POM_COL,"Gold, Jack",1000108729,Left,POM_COL,Undefined,7,Top,0,0,0,Fastball,Changeup,FoulBallNotFieldable,Undefined,Undefined,Undefined,0,0,,85.73186,-2.534168,-2.881027,1952.422693,237.932011,2:00,6.23679,1.28894,5.61755,-27.8895,10.83989,15.20643,1.54304,-0.13493,78.22064,-7.694059,-0.165856,0.447911,53.54115,24.111898,-172.062983,2408.934299,,,,,21.94637,,,-8.63855,6.62174,-1.05321,50,6.00225,5.62743,-124.21236,-6.43713,-13.41083,26.34873,-21.89419,POM_COL,POM_COL,PomonaPitzer,TeamExclusive,Team,20250131-PomonaPitzer-Private-1,2ebf8f20-e031-11ef-8ec6-fd2c1b208846,84.15161,10.79473,,7.51122,,,,3.71291,1.8719,0.13288,1bbb3642-f57c-4a84-8684-13f7541aee08,2025-02-01,00:12:10.82,2025-01-31T16:12:10.8284006-08:00,2025-02-01T00:12:10.8284006Z,,v3,POM_PIT,POM_PIT,,"Lee, Sammy",1000276388,Right,POM_COL,ff9ab340-13ed-4acb-9cbf-2255c45e44e3,54.88279,-125.24385,13.17437,6.23747,-5.58003,-10.9471,-1.28378,6.15243,-6.70542,343.58451,3.71297,-70.99068,3.81536,,,,,,,1.87507,31.96368,-20.58615,,,,,,,0.13339,-9.91599,-0.40344,,,,,,,,,,,,,,,,,,,,,,,,,,,,,High,High,High,High,Undefined,,,
239,2025-01-31,16:12:39.36,3,2,"Zerger, Justin",10051439,Right,POM_COL,"Gold, Jack",1000108729,Left,POM_COL,Undefined,7,Top,0,0,1,Fastball,Changeup,InPlay,Undefined,Bunt,Sacrifice,1,1,,84.99888,-2.300992,-2.80085,1908.088181,252.895795,2:30,6.23035,1.22037,5.67677,-33.06777,6.16524,15.81576,1.3259,-0.07482,77.80219,-8.379932,0.028557,0.450814,,,,,,,,,,,,-8.97032,4.14335,-0.99463,50,6.01508,5.39842,-123.23191,-6.07707,-13.72201,25.68443,-25.83593,POM_COL,POM_COL,PomonaPitzer,TeamExclusive,Team,20250131-PomonaPitzer-Private-1,3fbfabc0-e031-11ef-8ec6-fd2c1b208846,83.60977,,,7.19669,,,,,,,1bbb3642-f57c-4a84-8684-13f7541aee08,2025-02-01,00:12:39.36,2025-01-31T16:12:39.3620070-08:00,2025-02-01T00:12:39.3620070Z,,v3,POM_PIT,POM_PIT,,"Lee, Sammy",1000276388,Right,POM_COL,25e8553a-e52f-46ad-b93c-4b64dbbcd3c6,54.82472,-124.23343,12.84221,6.2324,-5.06965,-12.91796,-1.21556,5.93348,-6.861,,,,,,,,,,,,,,,,,,,,,,,,,,,,,,,,,,,,,,,,,,,,,,,,,,,High,High,High,,,,,
240,2025-01-31,16:13:18.70,4,1,"Zerger, Justin",10051439,Right,POM_COL,"Pierantoni, Greg",1000091552,Right,POM_COL,Undefined,7,Top,1,0,0,Slider,Curveball,StrikeCalled,Undefined,Undefined,Undefined,0,0,,74.44713,1.090163,-1.349912,2623.101561,59.053485,8:00,6.07556,1.90226,4.64144,-62.96181,-9.64438,-19.01552,1.86515,-0.96545,68.28026,-10.16316,-4.689729,0.52554,,,,,,,,,,,,8.85406,-4.49075,-1.74575,50,6.12954,3.32216,-107.90625,-0.23449,10.32703,20.66278,-37.41188,POM_COL,POM_COL,PomonaPitzer,TeamExclusive,Team,20250131-PomonaPitzer-Private-1,574713f0-e031-11ef-8ec6-fd2c1b208846,71.7213,,,6.16686,,,,,,,1bbb3642-f57c-4a84-8684-13f7541aee08,2025-02-01,00:13:18.70,2025-01-31T16:13:18.7084390-08:00,2025-02-01T00:13:18.7084390Z,,v3,POM_PIT,POM_PIT,,"Lee, Sammy",1000276388,Right,POM_COL,7bfb27dd-b982-4857-bb51-56ec54d41c6a,55.86098,-109.02278,10.33139,6.08759,1.78709,-18.70594,-1.91019,2.76413,5.16352,,,,,,,,,,,,,,,,,,,,,,,,,,,,,,,,,,,,,,,,,,,,,,,,,,,High,High,High,,,,,
241,2025-01-31,16:13:49.36,4,2,"Zerger, Justin",10051439,Right,POM_COL,"Pierantoni, Greg",1000091552,Right,POM_COL,Undefined,7,Top,1,0,1,Fastball,Changeup,BallCalled,Undefined,Undefined,Undefined,0,0,,84.51523,0.506301,-1.818429,2135.338231,221.780763,1:30,6.39789,1.40685,5.25811,-24.86108,15.21398,12.45764,4.80209,0.7359,77.10677,-4.116405,0.389909,0.455626,,,,,,,,,,,,-6.69437,7.83989,-1.24964,50,6.4263,3.34522,-122.59499,0.24789,-10.19254,24.1372,-20.23736,POM_COL,POM_COL,PomonaPitzer,TeamExclusive,Team,20250131-PomonaPitzer-Private-1,697e5100-e031-11ef-8ec6-fd2c1b208846,82.7267,,,7.40846,,,,,,,1bbb3642-f57c-4a84-8684-13f7541aee08,2025-02-01,00:13:49.36,2025-01-31T16:13:49.3646438-08:00,2025-02-01T00:13:49.3646438Z,,v3,POM_PIT,POM_PIT,,"Lee, Sammy",1000276388,Right,POM_COL,a83f8635-9070-41ed-aacf-fa0dd40a67ac,55.23938,-123.62225,12.0686,6.39742,1.10918,-10.11868,-1.40123,3.779,-5.09627,,,,,,,,,,,,,,,,,,,,,,,,,,,,,,,,,,,,,,,,,,,,,,,,,,,High,High,High,,,,,
242,2025-01-31,16:14:11.77,4,3,"Zerger, Justin",10051439,Right,POM_COL,"Pierantoni, Greg",1000091552,Right,POM_COL,Undefined,7,Top,1,1,1,Slider,Curveball,BallCalled,Undefined,Undefined,Undefined,0,0,,74.24529,0.653819,0.27567,2600.745315,40.190126,7:15,6.03217,1.69095,4.62809,-71.65791,-17.74895,-16.57989,0.6822,0.57133,67.95571,-12.11082,-2.647163,0.528448,,,,,,,,,,,,8.20745,-8.3678,-1.70308,50,6.03281,0.15593,-107.63048,-1.39521,9.4547,21.80976,-41.8135,POM_COL,POM_COL,PomonaPitzer,TeamExclusive,Team,20250131-PomonaPitzer-Private-1,76e6ef00-e031-11ef-8ec6-fd2c1b208846,71.32674,,,6.28958,,,,,,,1bbb3642-f57c-4a84-8684-13f7541aee08,2025-02-01,00:14:11.77,2025-01-31T16:14:11.7765222-08:00,2025-02-01T00:14:11.7765222Z,,v3,POM_PIT,POM_PIT,,"Lee, Sammy",1000276388,Right,POM_COL,b9031eb6-44e7-44c3-8b3c-1224bbe44178,55.87633,-108.81472,10.90488,6.04693,0.8752,-20.90675,-1.69761,-0.35745,4.72735,,,,,,,,,,,,,,,,,,,,,,,,,,,,,,,,,,,,,,,,,,,,,,,,,,,High,High,High,,,,,
243,2025-01-31,16:14:45.84,4,4,"Zerger, Justin",10051439,Right,POM_COL,"Pierantoni, Greg",1000091552,Right,POM_COL,Undefined,7,Top,1,2,1,Slider,Curveball,InPlay,Undefined,LineDrive,Double,0,1,,73.5508,1.435462,-0.336207,2550.255222,37.684203,7:15,6.07158,1.91525,4.53618,-71.76299,-16.69225,-14.3643,1.45843,0.3981,67.23879,-11.352318,-2.860357,0.534111,84.65508,14.604776,-35.946159,2349.478397,86.69146,8.97511,-67.70924,147.42159,147.42159,-39.228503,1.412001,6.95422,-8.2143,-1.86557,50,6.15221,1.19988,-106.59008,0.07064,7.86997,21.11193,-41.47002,POM_COL,POM_COL,PomonaPitzer,TeamExclusive,Team,20250131-PomonaPitzer-Private-1,8b33c5a0-e031-11ef-8ec6-fd2c1b208846,70.57036,11.53649,,6.31201,,,,2.29758,1.74911,-0.58495,1bbb3642-f57c-4a84-8684-13f7541aee08,2025-02-01,00:14:45.84,2025-01-31T16:14:45.8493030-08:00,2025-02-01T00:14:45.8493030Z,LineDrive,v3,POM_PIT,POM_PIT,,"Lee, Sammy",1000276388,Right,POM_COL,212a2882-25fb-45f4-a75f-613265bd5e66,55.96825,-107.76571,10.55596,6.08398,2.37992,-20.73501,-1.92019,0.76164,3.93499,,2.29758,97.26869,-14.08159,1.23838,-0.2608,0.03774,-0.00504,0.00105,-0.00012,1.74911,31.30709,-27.06116,3.60986,-0.73597,0.17355,-0.03331,0.00531,-0.00052,-0.58495,-70.53028,3.89372,-0.38428,0.08089,-0.01291,0.00194,-0.00037,4E-05,,,,,,,,,,,,,,,,,,,,,,,High,High,High,High,High,,,
244,2025-01-31,16:15:37.78,5,1,"Zerger, Justin",10051439,Right,POM_COL,"Berry, Cooper",1000276381,Left,POM_COL,Undefined,7,Top,1,0,0,Fastball,Four-Seam,BallCalled,Undefined,Undefined,Undefined,0,0,,86.23082,-0.206257,-0.687967,2145.90504,200.299967,12:45,6.33835,1.20716,5.30948,-20.8017,18.17702,6.19788,4.41125,1.07785,77.55049,-4.139636,0.412287,0.44935,,,,,,,,,,,,-3.30197,9.55445,-1.14934,50,6.30519,1.2203,-124.91719,-1.10836,-5.13784,28.74559,-17.30744,POM_COL,POM_COL,PomonaPitzer,TeamExclusive,Team,20250131-PomonaPitzer-Private-1,aa205640-e031-11ef-8ec6-fd2c1b208846,83.88206,,,8.68034,,,,,,,1bbb3642-f57c-4a84-8684-13f7541aee08,2025-02-01,00:15:37.78,2025-01-31T16:15:37.7820000-08:00,2025-02-01T00:15:37.7820000Z,,v3,POM_PIT,POM_PIT,,"Lee, Sammy",1000276388,Right,POM_COL,3c05e4d4-53e8-499d-89fe-4a3e160dc4ad,55.18512,-126.10473,14.3728,6.33621,-0.39336,-8.65372,-1.20414,1.43255,-2.56892,,,,,,,,,,,,,,,,,,,,,,,,,,,,,79.69788,1.530344,0.751975,0.778369,-1.1938,4.21709,-1.09785,0.58223,5.71142,-4.71885,63.52376,2.13921,-61.25704,0.60097,85.7995,-6.41866,5.69335,-0.29459,-5.44603,-4.74289,-78.58772,7.74367,High,High,High,,,High,High,High
245,2025-01-31,16:16:08.40,5,2,"Zerger, Justin",10051439,Right,POM_COL,"Berry, Cooper",1000276381,Left,POM_COL,Undefined,7,Top,1,1,0,Fastball,Changeup,BallCalled,Undefined,Undefined,Undefined,0,0,,85.30367,-0.780273,0.243053,2138.027652,215.865665,1:15,6.44215,1.11192,5.2922,-23.08119,16.49391,10.9452,3.78602,2.25223,77.39954,-5.093964,2.185705,0.452775,,,,,,,,,,,,-5.35512,8.87497,-1.14212,50,6.35476,-1.0136,-123.67228,-2.44278,-8.22871,26.47089,-18.53671,POM_COL,POM_COL,PomonaPitzer,TeamExclusive,Team,20250131-PomonaPitzer-Private-1,bc5b3cd0-e031-11ef-8ec6-fd2c1b208846,83.2476,,,7.90413,,,,,,,1bbb3642-f57c-4a84-8684-13f7541aee08,2025-02-01,00:16:08.40,2025-01-31T16:16:08.4038758-08:00,2025-02-01T00:16:08.4038758Z,,v3,POM_PIT,POM_PIT,,"Lee, Sammy",1000276388,Right,POM_COL,70299687-8976-436c-ba4e-f6acd28c1da4,55.20336,-124.78104,13.23544,6.44082,-1.66635,-9.26835,-1.10688,-0.66893,-4.11436,,,,,,,,,,,,,,,,,,,,,,,,,,,,,,,,,,,,,,,,,,,,,,,,,,,High,High,High,,,,,
246,2025-01-31,16:16:26.66,5,3,"Zerger, Justin",10051439,Right,POM_COL,"Berry, Cooper",1000276381,Left,POM_COL,Undefined,7,Top,1,2,0,Fastball,Changeup,FoulBallNotFieldable,Undefined,Undefined,Undefined,0,0,,86.30576,-2.371757,-1.605658,1998.405804,214.974422,1:15,6.33347,0.94228,5.41116,-24.01734,14.77363,9.34217,2.10783,0.21609,77.99089,-6.853441,0.056792,0.448267,,,,,,,,,,,,-5.2413,8.60367,-0.80631,50,6.10605,3.1004,-124.97137,-5.97638,-8.16469,28.70836,-18.77164,POM_COL,POM_COL,PomonaPitzer,TeamExclusive,Team,20250131-PomonaPitzer-Private-1,c73edda0-e031-11ef-8ec6-fd2c1b208846,84.08479,,,8.31487,,,,,,,1bbb3642-f57c-4a84-8684-13f7541aee08,2025-02-01,00:16:26.66,2025-01-31T16:16:26.6613350-08:00,2025-02-01T00:16:26.6613350Z,,v3,POM_PIT,POM_PIT,,"Lee, Sammy",1000276388,Right,POM_COL,eef2dad1-94a3-4197-bcaf-ef2cc3317dde,55.08661,-126.13445,14.35418,6.33277,-5.21587,-9.38582,-0.93862,3.43118,-4.08235,,,,,,,,,,,,,,,,,,,,,,,,,,,,,,,,,,,,,,,,,,,,,,,,,,,High,High,High,,,,,
247,2025-01-31,16:16:56.36,5,4,"Zerger, Justin",10051439,Right,POM_COL,"Berry, Cooper",1000276381,Left,POM_COL,Undefined,7,Top,1,2,1,Fastball,Four-Seam,InPlay,Undefined,LineDrive,Double,0,1,,84.84466,-1.993541,-1.716007,2117.220766,201.812299,12:45,6.36118,0.95825,5.30342,-22.69604,17.41804,6.40453,2.59679,-0.11944,76.92636,-6.23673,-0.579198,0.455848,98.58908,11.069518,35.951935,2993.549348,84.29187,13.65537,70.674,199.65272,198.80094,43.683234,1.752378,-3.74752,9.7541,-0.80726,50,6.16406,3.40672,-122.90231,-5.01678,-5.67427,26.64717,-17.405,POM_COL,POM_COL,PomonaPitzer,TeamExclusive,Team,20250131-PomonaPitzer-Private-1,d8f13340-e031-11ef-8ec6-fd2c1b208846,82.68648,13.71092,,7.9183,,,,1.70091,2.82906,0.15811,1bbb3642-f57c-4a84-8684-13f7541aee08,2025-02-01,00:16:56.36,2025-01-31T16:16:56.3663462-08:00,2025-02-01T00:16:56.3663462Z,LineDrive,v3,POM_PIT,POM_PIT,,"Lee, Sammy",1000276388,Right,POM_COL,8ed93551-22ac-40bc-9548-76e90908f11f,55.19417,-124.02338,13.32358,6.35972,-4.28454,-8.7025,-0.9556,3.64544,-2.83713,,1.70091,114.87496,-27.4534,6.83089,-1.6137,0.3412,-0.06701,0.01013,-0.00081,2.82906,27.76264,-18.56351,1.13285,-0.03053,-0.03607,0.01505,-0.00285,0.00025,0.15811,83.31445,-1.16582,-1.76761,0.82933,-0.26871,0.06775,-0.01196,0.00106,,,,,,,,,,,,,,,,,,,,,,,High,High,High,High,Medium,,,
248,2025-01-31,16:17:59.67,6,1,"Zerger, Justin",10051439,Right,POM_COL,"Savas, Peter",1000276389,Right,POM_COL,Undefined,7,Top,1,0,0,Fastball,Changeup,FoulBallNotFieldable,Undefined,Undefined,Undefined,0,0,,84.63834,-1.554838,-2.262326,2094.979144,230.029211,1:45,6.40421,1.19793,4.83723,-27.5199,13.31552,14.23749,2.6371,0.24108,77.09887,-6.602072,0.243368,0.459928,93.13328,15.217958,-38.710799,2717.49818,81.75238,19.5579,-73.59706,225.60807,138.50393,-47.886781,2.214762,-7.70477,7.41174,-0.98697,50,6.22721,4.20324,-122.58674,-4.33685,-11.66682,25.34243,-20.95094,POM_COL,POM_COL,PomonaPitzer,TeamExclusive,Team,20250131-PomonaPitzer-Private-1,feb440e0-e031-11ef-8ec6-fd2c1b208846,81.95293,19.63738,,7.53948,,,,2.0371,2.89925,-0.449,1bbb3642-f57c-4a84-8684-13f7541aee08,2025-02-01,00:17:59.67,2025-01-31T16:17:59.6726374-08:00,2025-02-01T00:17:59.6726374Z,LineDrive,v3,POM_PIT,POM_PIT,,"Lee, Sammy",1000276388,Right,POM_COL,9f8711e3-148d-4a82-aa51-52d598e87680,55.66169,-123.75165,12.67121,6.40443,-3.3738,-10.47547,-1.19251,4.73952,-5.83341,,2.03718,102.84419,-19.12822,1.83775,0.01771,-0.38072,0.26103,-0.0829,0.01049,2.89919,35.85879,-21.67302,3.10126,-0.8342,0.44822,-0.21459,0.06204,-0.00761,-0.44903,-82.42809,3.10489,0.09698,-0.13983,0.15204,-0.08934,0.02734,-0.00342,,,,,,,,,,,,,,,,,,,,,,,High,High,High,High,Medium,,,
249,2025-01-31,16:18:27.12,6,2,"Zerger, Justin",10051439,Right,POM_COL,"Savas, Peter",1000276389,Right,POM_COL,Undefined,7,Top,1,0,1,Slider,Curveball,BallCalled,Undefined,Undefined,Undefined,0,0,,74.05526,2.493668,0.845528,2505.208396,73.608215,8:30,5.98163,1.8001,4.21785,-58.45448,-3.61685,-18.69044,3.5004,1.05239,67.29723,-7.961196,-2.408427,0.53298,,,,,,,,,,,,9.30784,-2.04413,-1.87179,50,6.19436,-0.79796,-107.16193,2.49695,10.71022,20.32867,-34.52617,POM_COL,POM_COL,PomonaPitzer,TeamExclusive,Team,20250131-PomonaPitzer-Private-1,0f13d7c0-e032-11ef-8ec6-fd2c1b208846,70.72019,,,6.75803,,,,,,,1bbb3642-f57c-4a84-8684-13f7541aee08,2025-02-01,00:18:27.12,2025-01-31T16:18:27.1281254-08:00,2025-02-01T00:18:27.1281254Z,,v3,POM_PIT,POM_PIT,,"Lee, Sammy",1000276388,Right,POM_COL,dcf35542-9e4e-423d-9a99-6cb050c7f65b,56.28343,-108.34734,10.16433,5.99006,4.51026,-17.26309,-1.80705,-1.42249,5.35511,,,,,,,,,,,,,,,,,,,,,,,,,,,,,,,,,,,,,,,,,,,,,,,,,,,High,High,High,,,,,
250,2025-01-31,16:18:50.35,6,3,"Zerger, Justin",10051439,Right,POM_COL,"Savas, Peter",1000276389,Right,POM_COL,Undefined,7,Top,1,1,1,Slider,Curveball,BallCalled,Undefined,Undefined,Undefined,0,0,,74.74139,1.365455,1.303137,2435.873859,67.12844,8:15,6.01191,1.56999,4.15623,-58.1909,-4.68855,-15.18021,2.47243,1.55462,68.59892,-8.984,-1.339837,0.526451,,,,,,,,,,,,7.7928,-2.33658,-1.69694,50,6.10084,-1.83482,-108.31301,0.3956,9.22853,19.4712,-34.94111,POM_COL,POM_COL,PomonaPitzer,TeamExclusive,Team,20250131-PomonaPitzer-Private-1,1ce74580-e032-11ef-8ec6-fd2c1b208846,71.59727,,,6.14247,,,,,,,1bbb3642-f57c-4a84-8684-13f7541aee08,2025-02-01,00:18:50.35,2025-01-31T16:18:50.3534694-08:00,2025-02-01T00:18:50.3534694Z,,v3,POM_PIT,POM_PIT,,"Lee, Sammy",1000276388,Right,POM_COL,f045dca3-b01d-43c7-84d5-c8082e4966c9,56.3469,-109.44803,9.7356,6.01842,2.4324,-17.47056,-1.5743,-2.37278,4.61427,,,,,,,,,,,,,,,,,,,,,,,,,,,,,,,,,,,,,,,,,,,,,,,,,,,High,High,High,,,,,
251,2025-01-31,16:19:13.04,6,4,"Zerger, Justin",10051439,Right,POM_COL,"Savas, Peter",1000276389,Right,POM_COL,Undefined,7,Top,1,2,1,Fastball,Four-Seam,BallCalled,Undefined,Undefined,Undefined,0,0,,84.68297,-0.054122,-1.864178,1923.436013,204.303822,12:45,6.52018,1.09236,5.08751,-28.43135,11.87312,4.7652,4.09986,-0.26821,77.15293,-5.2923,-1.02207,0.456928,,,,,,,,,,,,-2.88606,6.31032,-0.91984,50,6.49316,3.78159,-122.75339,-1.13322,-4.39201,24.89861,-22.571,POM_COL,POM_COL,PomonaPitzer,TeamExclusive,Team,20250131-PomonaPitzer-Private-1,2a6fa080-e032-11ef-8ec6-fd2c1b208846,82.49095,,,7.53005,,,,,,,1bbb3642-f57c-4a84-8684-13f7541aee08,2025-02-01,00:19:13.04,2025-01-31T16:19:13.0404966-08:00,2025-02-01T00:19:13.0404966Z,,v3,POM_PIT,POM_PIT,,"Lee, Sammy",1000276388,Right,POM_COL,1fd4f646-71e3-4e99-adb9-c81fe417fac7,55.40912,-123.84568,12.44931,6.52115,-0.14303,-11.2855,-1.08996,3.97427,-2.196,,,,,,,,,,,,,,,,,,,,,,,,,,,,,,,,,,,,,,,,,,,,,,,,,,,High,High,High,,,,,
252,2025-01-31,16:19:37.40,6,5,"Zerger, Justin",10051439,Right,POM_COL,"Savas, Peter",1000276389,Right,POM_COL,Undefined,7,Top,1,3,1,Fastball,Slider,BallCalled,Walk,Undefined,Undefined,0,0,,84.52731,-0.378578,-2.934072,2061.086461,175.120113,11:45,6.28992,1.10744,5.1639,-29.3788,10.95213,-0.82457,3.4849,-1.72523,77.24708,-5.77598,-3.079762,0.457078,,,,,,,,,,,,-0.41512,5.96052,-0.83293,50,6.23246,6.3135,-122.4686,-1.85737,-0.62988,24.38516,-23.12946,POM_COL,POM_COL,PomonaPitzer,TeamExclusive,Team,20250131-PomonaPitzer-Private-1,38eeb790-e032-11ef-8ec6-fd2c1b208846,82.46387,,,7.28022,,,,,,,1bbb3642-f57c-4a84-8684-13f7541aee08,2025-02-01,00:19:37.40,2025-01-31T16:19:37.4090000-08:00,2025-02-01T00:19:37.4090000Z,,v3,POM_PIT,POM_PIT,,"Lee, Sammy",1000276388,Right,POM_COL,92bbd4b8-50a0-418c-a8c5-741b9f7c200b,55.33296,-123.5259,12.19258,6.29126,-0.85451,-11.56473,-1.10726,6.34081,-0.31494,,,,,,,,,,,,,,,,,,,,,,,,,,,,,78.40185,1.623824,0.800973,0.822852,-1.15756,3.21756,1.86389,-1.67653,5.84456,-1.69758,62.91788,3.68574,-61.86354,-1.65912,82.73944,-5.21341,5.84126,5.42314,-9.76877,-1.72282,-78.9395,7.16338,High,High,High,,,High,High,High
253,2025-01-31,16:22:51.13,1,1,"Wiessinger, Jack",1000276383,Right,POM_COL,"Hattenburg, Xavier",10277269,Left,POM_COL,Undefined,7,Bottom,0,0,0,Fastball,Four-Seam,BallCalled,Undefined,Undefined,Undefined,0,0,,90.75182,-2.963047,-1.305663,2117.814037,219.763316,1:15,5.33205,0.78426,5.30118,-19.43946,15.6195,11.9767,0.92718,0.55635,82.37573,-6.593202,0.821426,0.426158,,,,,,,,,,,,-6.39111,9.07934,-0.67467,50,5.04886,2.43945,-131.41291,-7.47449,-11.0786,30.11764,-16.43558,POM_COL,POM_COL,PomonaPitzer,TeamExclusive,Team,20250131-PomonaPitzer-Private-1,ac6520b0-e032-11ef-8ec6-fd2c1b208846,88.44702,,,8.37609,,,,,,,1bbb3642-f57c-4a84-8684-13f7541aee08,2025-02-01,00:22:51.13,2025-01-31T16:22:51.1367270-08:00,2025-02-01T00:22:51.1367270Z,,v3,POM_PIT,POM_PIT,,"Savas, Peter",1000276389,Right,POM_COL,193429fd-0faa-4bf4-a995-74f3d27a834e,55.19651,-132.59851,15.05882,5.33036,-6.82749,-8.21779,-0.77928,2.87557,-5.5393,,,,,,,,,,,,,,,,,,,,,,,,,,,,,,,,,,,,,,,,,,,,,,,,,,,High,High,High,,,,,
254,2025-01-31,16:23:07.66,1,2,"Wiessinger, Jack",1000276383,Right,POM_COL,"Hattenburg, Xavier",10277269,Left,POM_COL,Undefined,7,Bottom,0,1,0,Fastball,Four-Seam,InPlay,Undefined,LineDrive,Single,0,0,,91.99444,-1.331888,-1.987498,2180.229931,223.524194,1:30,5.42569,0.71118,5.47695,-19.17753,14.62902,12.7928,2.58029,-0.08326,83.40752,-4.935625,0.290135,0.418477,88.18918,17.562098,-25.487692,3789.292861,95.64362,25.6851,-54.33499,239.92109,218.81005,-34.578424,2.66051,-7.04926,8.11351,-0.54564,50,5.29596,4.03914,-133.36975,-3.75808,-12.59587,30.81526,-17.67655,POM_COL,POM_COL,PomonaPitzer,TeamExclusive,Team,20250131-PomonaPitzer-Private-1,b640c760-e032-11ef-8ec6-fd2c1b208846,90.07046,26.45511,,8.58693,,,,0.56777,2.52777,0.10427,1bbb3642-f57c-4a84-8684-13f7541aee08,2025-02-01,00:23:07.66,2025-01-31T16:23:07.6690022-08:00,2025-02-01T00:23:07.6690022Z,LineDrive,v3,POM_PIT,POM_PIT,,"Savas, Peter",1000276389,Right,POM_COL,46e67395-d977-4fc0-8dd7-efb73f6c7ffe,55.02128,-134.52492,15.40763,5.42442,-3.09544,-8.83827,-0.70591,4.51132,-6.29794,122.147237,0.56773,111.3174,-22.79849,5.41976,-1.42154,0.47078,-0.15007,0.02981,-0.00252,2.5278,39.02541,-16.74903,0.58986,0.23781,-0.23085,0.10055,-0.02174,0.00191,0.10424,-53.06167,-0.77923,1.35982,-0.72165,0.35675,-0.13008,0.02692,-0.00233,,,,,,,,,,,,,,,,,,,,,,,High,High,High,High,Medium,,,
255,2025-01-31,16:23:48.51,2,1,"Wiessinger, Jack",1000276383,Right,POM_COL,"Evans, Carson",1000276380,Right,POM_COL,Undefined,7,Bottom,0,0,0,Fastball,Four-Seam,StrikeSwinging,Undefined,Undefined,Undefined,0,0,,89.97144,-1.305168,-1.669627,2055.130914,207.248689,1:00,5.40763,0.97051,5.362,-18.40749,17.04206,8.15642,2.64904,0.08409,81.65984,-4.771934,-0.220589,0.428526,,,,,,,,,,,,-4.55666,9.27375,-0.82642,50,5.27766,3.42234,-130.41547,-3.57757,-7.80105,28.95091,-16.29728,POM_COL,POM_COL,PomonaPitzer,TeamExclusive,Team,20250131-PomonaPitzer-Private-1,ce94a750-e032-11ef-8ec6-fd2c1b208846,87.95841,,,8.31159,,,,,,,1bbb3642-f57c-4a84-8684-13f7541aee08,2025-02-01,00:23:48.51,2025-01-31T16:23:48.5170000-08:00,2025-02-01T00:23:48.5170000Z,,v3,POM_PIT,POM_PIT,,"Savas, Peter",1000276389,Right,POM_COL,102815d3-3bc2-4e83-9f6d-3b9ee3573570,55.13434,-131.55031,14.47545,5.40538,-2.93874,-8.14864,-0.96656,3.72812,-3.90053,,,,,,,,,,,,,,,,,,,,,,,,,,,,,70.69119,1.731515,0.795699,0.935815,-1.06086,2.4381,-0.076,-3.11424,4.22002,3.98144,63.96646,3.03778,60.81563,-3.06473,79.49035,-8.46974,4.2354,10.86158,-12.99741,4.00015,64.4505,-4.02095,High,High,High,,,High,High,High
256,2025-01-31,16:24:11.69,2,2,"Wiessinger, Jack",1000276383,Right,POM_COL,"Evans, Carson",1000276380,Right,POM_COL,Undefined,7,Bottom,0,0,1,Slider,Slider,BallCalled,Undefined,Undefined,Undefined,0,0,,81.40557,1.591816,0.65892,2251.447629,118.826197,10:00,5.16789,1.16346,5.04018,-40.32518,4.43803,-4.81449,3.3096,1.38388,72.44744,-5.830633,-0.191665,0.48154,,,,,,,,,,,,2.58583,2.19815,-1.2224,50,5.28851,-1.13686,-117.65797,1.80437,3.52573,28.00572,-29.17692,POM_COL,POM_COL,PomonaPitzer,TeamExclusive,Team,20250131-PomonaPitzer-Private-1,dc6a5f00-e032-11ef-8ec6-fd2c1b208846,78.27482,,,8.95813,,,,,,,1bbb3642-f57c-4a84-8684-13f7541aee08,2025-02-01,00:24:11.69,2025-01-31T16:24:11.6964966-08:00,2025-02-01T00:24:11.6964966Z,,v3,POM_PIT,POM_PIT,,"Savas, Peter",1000276389,Right,POM_COL,a194d908-e179-4f5d-b7bf-a8ea8fe9f4e5,55.45197,-118.9486,14.00286,5.17438,3.14898,-14.58846,-1.16626,-1.29934,1.76286,,,,,,,,,,,,,,,,,,,,,,,,,,,,,,,,,,,,,,,,,,,,,,,,,,,High,High,High,,,,,
257,2025-01-31,16:24:31.77,2,3,"Wiessinger, Jack",1000276383,Right,POM_COL,"Evans, Carson",1000276380,Right,POM_COL,Undefined,7,Bottom,0,1,1,Slider,Slider,FoulBallNotFieldable,Undefined,Undefined,Undefined,0,0,,80.94115,0.031543,-1.077682,2294.595471,106.963775,9:30,5.13675,1.0952,5.00031,-40.5225,4.33071,-8.81607,1.78966,-0.65698,73.08153,-7.366995,-2.634993,0.482024,,,,,,,,,,,,4.00441,2.61024,-0.98409,50,5.10737,2.58454,-117.19855,-1.40126,5.47015,25.83738,-28.60836,POM_COL,POM_COL,PomonaPitzer,TeamExclusive,Team,20250131-PomonaPitzer-Private-1,e86d0460-e032-11ef-8ec6-fd2c1b208846,78.19626,,,7.85962,,,,,,,1bbb3642-f57c-4a84-8684-13f7541aee08,2025-02-01,00:24:31.77,2025-01-31T16:24:31.7797478-08:00,2025-02-01T00:24:31.7797478Z,,v3,POM_PIT,POM_PIT,,"Savas, Peter",1000276389,Right,POM_COL,fdd858a5-b065-40e7-9049-ea899e0efa61,55.49633,-118.40406,12.91869,5.14161,-0.06646,-14.30418,-1.09872,2.32932,2.73508,,,,,,,,,,,,,,,,,,,,,,,,,,,,,,,,,,,,,,,,,,,,,,,,,,,High,High,High,,,,,
258,2025-01-31,16:25:00.42,2,4,"Wiessinger, Jack",1000276383,Right,POM_COL,"Evans, Carson",1000276380,Right,POM_COL,Undefined,7,Bottom,0,1,2,Fastball,Four-Seam,StrikeSwinging,Strikeout,Undefined,Undefined,0,0,,90.44746,-0.638567,-1.449928,2156.006312,216.691035,1:15,5.42214,0.95403,5.53081,-16.79442,17.96151,12.52709,3.42546,0.64228,82.19703,-3.826363,0.7827,0.424312,,,,,,,,,,,,-6.69654,9.57134,-0.83642,50,5.35569,2.74664,-131.22223,-1.98456,-11.6297,28.80145,-15.55169,POM_COL,POM_COL,PomonaPitzer,TeamExclusive,Team,20250131-PomonaPitzer-Private-1,f97ab590-e032-11ef-8ec6-fd2c1b208846,88.83182,,,8.25043,,,,,,,1bbb3642-f57c-4a84-8684-13f7541aee08,2025-02-01,00:25:00.42,2025-01-31T16:25:00.4271718-08:00,2025-02-01T00:25:00.4271718Z,,v3,POM_PIT,POM_PIT,,"Savas, Peter",1000276389,Right,POM_COL,f6d66af6-add0-4e05-8ff8-fa6b880256fa,54.96623,-132.30776,14.40073,5.41945,-1.39842,-7.77585,-0.9482,3.18496,-5.81485,,,,,,,,,,,,,,,,,,,,,,,,,,,,,,,,,,,,,,,,,,,,,,,,,,,High,High,High,,,,,
259,2025-01-31,16:25:28.14,3,1,"Wiessinger, Jack",1000276383,Right,POM_COL,"Nahabedian, George",1000214430,Right,POM_COL,Undefined,7,Bottom,1,0,0,Fastball,Sinker,FoulBallNotFieldable,Undefined,Undefined,Undefined,0,0,,90.8282,-0.970969,-0.898724,2169.761011,227.166298,1:30,5.42333,0.73646,5.57709,-20.33237,13.96225,13.87532,2.8219,1.05327,82.91355,-4.77695,1.577608,0.421487,,,,,,,,,,,,-7.27217,7.66914,-0.66842,50,5.32665,1.4469,-131.86926,-2.92469,-12.78556,28.44577,-18.69052,POM_COL,POM_COL,PomonaPitzer,TeamExclusive,Team,20250131-PomonaPitzer-Private-1,09fa7ea0-e033-11ef-8ec6-fd2c1b208846,89.42722,,,7.91464,,,,,,,1bbb3642-f57c-4a84-8684-13f7541aee08,2025-02-01,00:25:28.14,2025-01-31T16:25:28.1471078-08:00,2025-02-01T00:25:28.1471078Z,,v3,POM_PIT,POM_PIT,,"Savas, Peter",1000276389,Right,POM_COL,389c94ae-6fec-4cf7-9744-8fa1220a294a,54.92189,-132.92673,14.22289,5.42246,-2.22987,-9.34526,-0.73104,1.9222,-6.39278,,,,,,,,,,,,,,,,,,,,,,,,,,,,,,,,,,,,,,,,,,,,,,,,,,,High,High,High,,,,,
260,2025-01-31,16:25:51.34,3,2,"Wiessinger, Jack",1000276383,Right,POM_COL,"Nahabedian, George",1000214430,Right,POM_COL,Undefined,7,Bottom,1,0,1,Slider,Slider,BallCalled,Undefined,Undefined,Undefined,0,0,,79.31169,1.654889,-1.102331,2421.113723,110.824154,9:45,5.1821,1.21275,5.1778,-40.07506,5.53071,-10.85536,3.40041,-0.72924,72.66592,-5.667392,-3.023495,0.48605,,,,,,,,,,,,5.09335,2.7387,-1.10164,50,5.30576,2.66095,-115.06119,1.93565,6.83508,21.14454,-28.49881,POM_COL,POM_COL,PomonaPitzer,TeamExclusive,Team,20250131-PomonaPitzer-Private-1,17d2f570-e033-11ef-8ec6-fd2c1b208846,77.54842,,,6.64577,,,,,,,1bbb3642-f57c-4a84-8684-13f7541aee08,2025-02-01,00:25:51.34,2025-01-31T16:25:51.3485414-08:00,2025-02-01T00:25:51.3485414Z,,v3,POM_PIT,POM_PIT,,"Savas, Peter",1000276389,Right,POM_COL,33e8c9d2-12cf-47ca-add1-a17615535254,55.32102,-116.03491,10.57227,5.18641,3.24803,-14.2494,-1.21693,2.3462,3.41754,,,,,,,,,,,,,,,,,,,,,,,,,,,,,,,,,,,,,,,,,,,,,,,,,,,High,High,High,,,,,
261,2025-01-31,16:26:11.26,3,3,"Wiessinger, Jack",1000276383,Right,POM_COL,"Nahabedian, George",1000214430,Right,POM_COL,Undefined,7,Bottom,1,1,1,Slider,Slider,BallCalled,Undefined,Undefined,Undefined,0,0,,79.31895,0.278349,0.598108,2219.79923,152.20742,11:00,5.16767,1.19902,5.02061,-35.83502,9.77264,-4.4324,2.44411,1.3941,73.04111,-6.258374,-0.184988,0.486061,,,,,,,,,,,,2.3476,5.19799,-1.25258,50,5.16571,-1.01714,-115.14622,-0.68934,3.17229,20.08156,-25.15005,POM_COL,POM_COL,PomonaPitzer,TeamExclusive,Team,20250131-PomonaPitzer-Private-1,23b568a0-e033-11ef-8ec6-fd2c1b208846,77.5468,,,6.27784,,,,,,,1bbb3642-f57c-4a84-8684-13f7541aee08,2025-02-01,00:26:11.26,2025-01-31T16:26:11.2659558-08:00,2025-02-01T00:26:11.2659558Z,,v3,POM_PIT,POM_PIT,,"Savas, Peter",1000276389,Right,POM_COL,b2acd6aa-fb6b-4498-80c9-07f6580334d0,55.47773,-116.09761,10.04078,5.17014,0.50218,-12.57503,-1.20083,-1.16743,1.58615,,,,,,,,,,,,,,,,,,,,,,,,,,,,,,,,,,,,,,,,,,,,,,,,,,,High,High,High,,,,,
262,2025-01-31,16:26:30.35,3,4,"Wiessinger, Jack",1000276383,Right,POM_COL,"Nahabedian, George",1000214430,Right,POM_COL,Undefined,7,Bottom,1,2,1,Fastball,Four-Seam,StrikeCalled,Undefined,Undefined,Undefined,0,0,,90.39184,-2.658506,-1.551023,2154.072617,200.796095,12:45,5.38719,0.83864,5.42503,-18.00501,16.68725,5.9326,1.39401,-0.12008,83.08219,-6.01891,-0.495547,0.423924,,,,,,,,,,,,-3.39937,9.43012,-0.70531,50,5.13887,3.28449,-131.12751,-6.69562,-5.95056,26.32934,-15.66672,POM_COL,POM_COL,PomonaPitzer,TeamExclusive,Team,20250131-PomonaPitzer-Private-1,2f0eaea0-e033-11ef-8ec6-fd2c1b208846,88.91326,,,7.30964,,,,,,,1bbb3642-f57c-4a84-8684-13f7541aee08,2025-02-01,00:26:30.35,2025-01-31T16:26:30.3580000-08:00,2025-02-01T00:26:30.3580000Z,,v3,POM_PIT,POM_PIT,,"Savas, Peter",1000276389,Right,POM_COL,6b788bc1-bf40-4005-9548-1d5ebc9fa390,55.07431,-132.14246,13.16467,5.38534,-6.09169,-7.83336,-0.83634,3.51388,-2.97528,,,,,,,,,,,,,,,,,,,,,,,,,,,,,73.98271,2.877811,1.525248,1.352563,0.39852,1.28599,0.12871,0.2192,6.21447,2.32535,127.28646,5.35127,-4.38821,0.3674,105.57712,-8.79266,6.24569,16.12663,-12.44005,2.33207,-4.6921,-0.20927,High,High,High,,,High,High,High
263,2025-01-31,16:27:04.49,3,5,"Wiessinger, Jack",1000276383,Right,POM_COL,"Nahabedian, George",1000214430,Right,POM_COL,Undefined,7,Bottom,1,2,2,Slider,Curveball,InPlay,Undefined,GroundBall,Out,1,0,,77.82342,1.487879,-0.753308,2483.346827,71.400268,8:30,5.11482,1.33507,5.25764,-48.84955,-1.91929,-9.73276,2.44241,-0.18382,71.90749,-7.377098,-2.480663,0.493058,73.57021,-1.284421,-41.353751,4525.996326,,,,29.18,28.95727,-35.999839,0.264416,4.71933,-1.01528,-1.25838,50,5.21447,1.86275,-113.06197,1.26422,6.1447,19.47875,-33.49596,POM_COL,POM_COL,PomonaPitzer,TeamExclusive,Team,20250131-PomonaPitzer-Private-1,4370baf0-e033-11ef-8ec6-fd2c1b208846,76.44629,2.66873,,5.91593,,,,2.73455,2.66873,0.22628,1bbb3642-f57c-4a84-8684-13f7541aee08,2025-02-01,00:27:04.49,2025-01-31T16:27:04.4966502-08:00,2025-02-01T00:27:04.4966502Z,GroundBall,v3,POM_PIT,POM_PIT,,"Savas, Peter",1000276389,Right,POM_COL,9f20640c-d7e0-4be6-8385-0a0d731e0ec9,55.24488,-113.96199,9.73937,5.1203,2.81192,-16.74798,-1.33789,1.57883,3.07235,,2.73325,81.04241,-7.92039,,,,,,,2.67409,-2.68909,-28.15534,,,,,,,0.22344,-71.13116,20.53916,,,,,,,,,,,,,,,,,,,,,,,,,,,,,High,High,High,Medium,High,,,
264,2025-01-31,16:27:41.42,4,1,"Wiessinger, Jack",1000276383,Right,POM_COL,"Green, Mason",10147543,Right,POM_COL,Undefined,7,Bottom,2,0,0,Fastball,Four-Seam,StrikeCalled,Undefined,Undefined,Undefined,0,0,,90.88757,-2.267604,-2.409662,2184.796563,217.935887,1:15,5.40464,0.7826,5.64357,-23.24442,10.78418,7.603,1.34935,-0.83294,83.66107,-6.567172,-1.051814,0.419849,,,,,,,,,,,,-4.48937,6.38658,-0.58286,50,5.1971,5.21422,-131.87076,-6.04537,-7.95058,26.54153,-20.86356,POM_COL,POM_COL,PomonaPitzer,TeamExclusive,Team,20250131-PomonaPitzer-Private-1,5971f850-e033-11ef-8ec6-fd2c1b208846,89.7761,,,7.2265,,,,,,,1bbb3642-f57c-4a84-8684-13f7541aee08,2025-02-01,00:27:41.42,2025-01-31T16:27:41.4222950-08:00,2025-02-01T00:27:41.4222950Z,,v3,POM_PIT,POM_PIT,,"Savas, Peter",1000276389,Right,POM_COL,1ca5a044-5852-496f-ba09-7ba3db30212a,54.85593,-132.84452,13.27077,5.40485,-5.27993,-10.43178,-0.77951,5.50591,-3.97529,,,,,,,,,,,,,,,,,,,,,,,,,,,,,,,,,,,,,,,,,,,,,,,,,,,High,High,High,,,,,
265,2025-01-31,16:28:02.04,4,2,"Wiessinger, Jack",1000276383,Right,POM_COL,"Green, Mason",10147543,Right,POM_COL,Undefined,7,Bottom,2,0,1,Fastball,Four-Seam,FoulBallNotFieldable,Undefined,Undefined,Undefined,0,0,,90.47474,-1.850806,-1.677171,2121.700329,211.122074,1:00,5.42946,0.65238,5.60574,-21.7869,12.47638,6.92311,1.88484,-0.33676,83.4092,-5.891203,-0.441083,0.421295,,,,,,,,,,,,-3.95764,7.1137,-0.51353,50,5.25694,3.54709,-131.39972,-5.00428,-6.97353,25.7999,-19.63931,POM_COL,POM_COL,PomonaPitzer,TeamExclusive,Team,20250131-PomonaPitzer-Private-1,65b59e50-e033-11ef-8ec6-fd2c1b208846,89.46813,,,7.06554,,,,,,,1bbb3642-f57c-4a84-8684-13f7541aee08,2025-02-01,00:28:02.04,2025-01-31T16:28:02.0410470-08:00,2025-02-01T00:28:02.0410470Z,,v3,POM_PIT,POM_PIT,,"Savas, Peter",1000276389,Right,POM_COL,f0e030d4-978c-48d6-ad60-9674db275ce9,54.89472,-132.35729,12.89995,5.42915,-4.27536,-9.81966,-0.64998,3.80591,-3.48677,,,,,,,,,,,,,,,,,,,,,,,,,,,,,,,,,,,,,,,,,,,,,,,,,,,High,High,High,,,,,
266,2025-01-31,16:28:31.85,4,3,"Wiessinger, Jack",1000276383,Right,POM_COL,"Green, Mason",10147543,Right,POM_COL,Undefined,7,Bottom,2,0,2,Fastball,Four-Seam,BallCalled,Undefined,Undefined,Undefined,0,0,,91.8943,-2.29154,-3.762414,2233.785259,203.470213,12:45,5.33493,0.89178,5.871,-16.08859,17.35662,7.04178,1.85997,-2.02118,83.48531,-5.356124,-2.503252,0.416235,,,,,,,,,,,,-4.68425,9.86902,-0.59088,50,5.13969,8.43457,-133.03023,-5.80936,-8.34825,29.99807,-14.58558,POM_COL,POM_COL,PomonaPitzer,TeamExclusive,Team,20250131-PomonaPitzer-Private-1,7774ec40-e033-11ef-8ec6-fd2c1b208846,90.55568,,,8.40899,,,,,,,1bbb3642-f57c-4a84-8684-13f7541aee08,2025-02-01,00:28:31.85,2025-01-31T16:28:31.8517862-08:00,2025-02-01T00:28:31.8517862Z,,v3,POM_PIT,POM_PIT,,"Savas, Peter",1000276389,Right,POM_COL,8c502098-1a49-4bc6-a669-68ae94a1117d,54.62593,-134.06931,14.99904,5.33216,-5.30414,-7.29279,-0.88805,8.72373,-4.17413,,,,,,,,,,,,,,,,,,,,,,,,,,,,,,,,,,,,,,,,,,,,,,,,,,,High,High,High,,,,,
267,2025-01-31,16:28:54.03,4,4,"Wiessinger, Jack",1000276383,Right,POM_COL,"Green, Mason",10147543,Right,POM_COL,Undefined,7,Bottom,2,1,2,Slider,Slider,InPlay,Undefined,GroundBall,Out,1,0,,80.92624,-0.047856,-0.170661,2461.562945,79.751217,8:45,5.11239,1.08345,5.16342,-45.16396,-0.73898,-12.77245,1.30368,-0.14155,73.44662,-8.268501,-2.436402,0.479717,63.15114,-22.652325,-5.889515,,,,,5.04584,5.04584,-2.373744,0.038016,6.31611,0.09535,-1.05729,50,5.07348,0.88593,-117.31267,-1.72885,8.66842,25.3378,-32.04317,POM_COL,POM_COL,PomonaPitzer,TeamExclusive,Team,20250131-PomonaPitzer-Private-1,84be1b60-e033-11ef-8ec6-fd2c1b208846,78.57226,1.35938,,7.47962,,,,1.80139,1.35938,0.12525,1bbb3642-f57c-4a84-8684-13f7541aee08,2025-02-01,00:28:54.03,2025-01-31T16:28:54.0392550-08:00,2025-02-01T00:28:54.0392550Z,GroundBall,v3,POM_PIT,POM_PIT,,"Savas, Peter",1000276389,Right,POM_COL,51d3208a-f182-4680-a15d-d386aa4a1625,55.33541,-118.45943,12.6689,5.11891,-0.2786,-16.02159,-1.0885,0.49361,4.33421,,1.80013,85.22997,,,,,,,,1.35991,-35.75791,,,,,,,,0.12538,-8.7919,,,,,,,,,,,,,,,,,,,,,,,,,,,,,,High,High,High,Estimated,Estimated,,,
268,2025-01-31,16:32:13.78,1,1,"Zerger, Justin",10051439,Right,POM_COL,"Wakil, Lateef",1000128267,Left,POM_COL,Undefined,8,Top,0,0,0,Fastball,Changeup,BallCalled,Undefined,Undefined,Undefined,0,0,,85.23567,0.24984,-1.892876,2056.350419,211.520152,1:00,6.42521,1.14011,5.29769,-24.62899,14.88706,8.32772,4.6075,0.05629,77.46011,-4.339902,-0.415714,0.452437,,,,,,,,,,,,-4.6902,7.7604,-0.97414,50,6.43042,3.7155,-123.57528,-0.28879,-7.22334,25.55396,-20.22236,POM_COL,POM_COL,PomonaPitzer,TeamExclusive,Team,20250131-PomonaPitzer-Private-1,fbc106a0-e033-11ef-8ec6-fd2c1b208846,83.30981,,,7.77556,,,,,,,1bbb3642-f57c-4a84-8684-13f7541aee08,2025-02-01,00:32:13.78,2025-01-31T16:32:13.7830000-08:00,2025-02-01T00:32:13.7830000Z,,v3,POM_PIT,POM_PIT,,"Hattenburg, Xavier",10277269,Right,POM_COL,3007e913-3930-495a-8003-6fc057336c71,55.1988,-124.6457,12.77698,6.42478,0.55829,-10.11118,-1.13612,4.01807,-3.61167,,,,,,,,,,,,,,,,,,,,,,,,,,,,,,,,,,,,,,,,,,,,,,,,,,,High,High,High,,,,,
269,2025-01-31,16:32:33.68,1,2,"Zerger, Justin",10051439,Right,POM_COL,"Wakil, Lateef",1000128267,Left,POM_COL,Undefined,8,Top,0,1,0,Fastball,Changeup,InPlay,Undefined,GroundBall,Out,1,0,,84.17018,-2.1872,-1.629636,1956.422754,224.432584,1:30,6.36574,1.09888,5.55152,-25.11761,15.07757,13.45052,2.227,0.69656,76.75256,-6.863855,0.770377,0.456308,,,,,,,,,,,,-7.29693,8.67119,-0.9671,50,6.16007,2.91544,-122.04107,-5.46813,-10.94356,25.27244,-19.1695,POM_COL,POM_COL,PomonaPitzer,TeamExclusive,Team,20250131-PomonaPitzer-Private-1,07a68710-e034-11ef-8ec6-fd2c1b208846,82.60299,,,7.41762,,,,,,,1bbb3642-f57c-4a84-8684-13f7541aee08,2025-02-01,00:32:33.68,2025-01-31T16:32:33.6830000-08:00,2025-02-01T00:32:33.6830000Z,,v3,POM_PIT,POM_PIT,,"Hattenburg, Xavier",10277269,Right,POM_COL,448483db-5379-4715-9a1a-a4d975a19f9e,54.94715,-123.06127,12.63622,6.36519,-4.69429,-9.58475,-1.09371,3.3572,-5.47178,,,,,,,,,,,,,,,,,,,,,,,,,,,,,,,,,,,,,,,,,,,,,,,,,,,High,High,High,,,,,
270,2025-01-31,16:33:08.38,2,1,"Zerger, Justin",10051439,Right,POM_COL,"Kinney, William",1000092038,Right,POM_COL,Undefined,8,Top,1,0,0,Slider,Curveball,BallCalled,Undefined,Undefined,Undefined,0,0,,73.63762,2.486445,-0.974252,2451.567678,55.185713,7:45,6.14494,1.80931,4.72156,-67.22712,-12.33446,-20.57674,2.90394,-0.82999,66.74909,-9.593415,-4.591123,0.533247,,,,,,,,,,,,9.67382,-6.2015,-1.69172,50,6.33646,2.65577,-106.57953,2.21296,10.90085,21.79233,-39.16213,POM_COL,POM_COL,PomonaPitzer,TeamExclusive,Team,20250131-PomonaPitzer-Private-1,1c5f3ee0-e034-11ef-8ec6-fd2c1b208846,70.68476,,,6.88853,,,,,,,1bbb3642-f57c-4a84-8684-13f7541aee08,2025-02-01,00:33:08.38,2025-01-31T16:33:08.3810000-08:00,2025-02-01T00:33:08.3810000Z,,v3,POM_PIT,POM_PIT,,"Hattenburg, Xavier",10277269,Right,POM_COL,599a7ea9-e053-4605-8650-cff10619eaaa,55.78021,-107.75492,10.89617,6.16014,4.32522,-19.58107,-1.81911,2.06782,5.45042,,,,,,,,,,,,,,,,,,,,,,,,,,,,,,,,,,,,,,,,,,,,,,,,,,,High,High,High,,,,,
271,2025-01-31,16:33:25.89,2,2,"Zerger, Justin",10051439,Right,POM_COL,"Kinney, William",1000092038,Right,POM_COL,Undefined,8,Top,1,1,0,Fastball,Four-Seam,FoulBallNotFieldable,Undefined,Undefined,Undefined,0,0,,85.94068,-2.690795,-2.931291,2022.459606,206.592728,1:00,6.39731,0.96743,5.42147,-19.4104,19.99989,9.24701,2.25414,-1.01013,77.1122,-6.377429,-1.288678,0.451831,,,,,,,,,,,,-5.62567,11.38524,-0.71366,50,6.14517,5.95384,-124.19879,-6.42595,-8.61198,29.49907,-14.74509,POM_COL,POM_COL,PomonaPitzer,TeamExclusive,Team,20250131-PomonaPitzer-Private-1,26c80a60-e034-11ef-8ec6-fd2c1b208846,83.4215,,,8.82848,,,,,,,1bbb3642-f57c-4a84-8684-13f7541aee08,2025-02-01,00:33:25.89,2025-01-31T16:33:25.8920000-08:00,2025-02-01T00:33:25.8920000Z,,v3,POM_PIT,POM_PIT,,"Hattenburg, Xavier",10277269,Right,POM_COL,f0cd155f-cb3c-4773-9931-c678035cd6b3,55.07397,-125.39814,14.74954,6.39425,-5.82646,-7.37254,-0.96285,6.30398,-4.30599,,,,,,,,,,,,,,,,,,,,,,,,,,,,,,,,,,,,,,,,,,,,,,,,,,,High,High,High,,,,,
272,2025-01-31,16:33:49.10,2,3,"Zerger, Justin",10051439,Right,POM_COL,"Kinney, William",1000092038,Right,POM_COL,Undefined,8,Top,1,1,1,Fastball,Four-Seam,InPlay,Undefined,FlyBall,Out,1,0,,86.0359,-1.600062,-0.973465,2064.838058,195.66117,12:30,6.50147,1.06894,5.3331,-21.35454,17.70717,4.56843,3.22008,0.53621,77.69352,-5.615653,-0.161907,0.449829,78.02437,40.144293,4.580814,,108.59129,75.47534,17.54579,248.37117,242.6052,12.716374,4.773009,-2.60295,9.79386,-0.98446,50,6.3422,1.91778,-124.64328,-4.16927,-4.03955,28.21443,-16.97486,POM_COL,POM_COL,PomonaPitzer,TeamExclusive,Team,20250131-PomonaPitzer-Private-1,34955da0-e034-11ef-8ec6-fd2c1b208846,83.7929,80.47555,,8.34239,,,,0.91257,3.20634,-0.53761,1bbb3642-f57c-4a84-8684-13f7541aee08,2025-02-01,00:33:49.10,2025-01-31T16:33:49.1080000-08:00,2025-02-01T00:33:49.1080000Z,FlyBall,v3,POM_PIT,POM_PIT,,"Hattenburg, Xavier",10277269,Right,POM_COL,e98c24df-5095-4019-8b9b-1ee7573abf17,55.16362,-125.8067,14.10722,6.49969,-3.46932,-8.48743,-1.06698,2.08434,-2.01977,206.846125,0.91744,87.07685,-18.57962,3.99845,-0.06896,-0.32978,0.11471,-0.0164,0.00088,3.20127,73.88339,-20.28205,1.79988,-0.47472,0.12026,-0.01033,-0.00114,0.00017,-0.53984,7.03969,4.51588,-1.68302,0.21566,0.06311,-0.03021,0.00451,-0.00024,,,,,,,,,,,,,,,,,,,,,,,High,High,High,High,High,,,
273,2025-01-31,16:34:26.66,3,1,"Zerger, Justin",10051439,Right,POM_COL,"Legg, Jimmy",1000115608,Left,POM_COL,Undefined,8,Top,2,0,0,Fastball,Changeup,StrikeCalled,Undefined,Undefined,Undefined,0,0,,85.3158,-2.412392,-1.965593,1903.498562,247.480447,2:15,6.38526,0.99765,5.45208,-30.93092,8.61363,17.38714,1.54661,0.60573,77.48297,-8.10783,1.133719,0.4526,,,,,,,,,,,,-9.34489,5.51418,-0.83636,50,6.15124,3.48969,-123.56586,-6.2882,-14.27365,27.39632,-23.75153,POM_COL,POM_COL,PomonaPitzer,TeamExclusive,Team,20250131-PomonaPitzer-Private-1,4afadb10-e034-11ef-8ec6-fd2c1b208846,83.27978,,,7.83283,,,,,,,1bbb3642-f57c-4a84-8684-13f7541aee08,2025-02-01,00:34:26.66,2025-01-31T16:34:26.6620000-08:00,2025-02-01T00:34:26.6620000Z,,v3,POM_PIT,POM_PIT,,"Hattenburg, Xavier",10277269,Right,POM_COL,b7e69730-a48d-4f3a-8f8f-6dfa081c5432,55.0458,-124.67957,13.69816,6.38724,-5.32266,-11.87576,-0.99002,4.06994,-7.13682,,,,,,,,,,,,,,,,,,,,,,,,,,,,,,,,,,,,,,,,,,,,,,,,,,,High,High,High,,,,,
274,2025-01-31,16:34:46.43,3,2,"Zerger, Justin",10051439,Right,POM_COL,"Legg, Jimmy",1000115608,Left,POM_COL,Undefined,8,Top,2,0,1,Slider,Curveball,StrikeCalled,Undefined,Undefined,Undefined,0,0,,75.79476,1.268856,0.173805,2541.763078,70.346098,8:15,6.08898,1.4882,4.57263,-58.18511,-6.3578,-22.91694,2.44776,-0.25617,68.89528,-9.173763,-3.84785,0.518144,,,,,,,,,,,,11.17379,-2.92713,-1.48358,50,6.16616,0.6389,-109.78277,0.27136,13.42015,22.31433,-35.68962,POM_COL,POM_COL,PomonaPitzer,TeamExclusive,Team,20250131-PomonaPitzer-Private-1,56c72e30-e034-11ef-8ec6-fd2c1b208846,72.74507,,,6.89947,,,,,,,1bbb3642-f57c-4a84-8684-13f7541aee08,2025-02-01,00:34:46.43,2025-01-31T16:34:46.4340000-08:00,2025-02-01T00:34:46.4340000Z,,v3,POM_PIT,POM_PIT,,"Hattenburg, Xavier",10277269,Right,POM_COL,fa8f8163-2b31-4fb4-bbb8-d4e4e54f295f,55.92822,-110.98119,11.15717,6.10012,2.18813,-17.84481,-1.49854,-0.08185,6.71008,,,,,,,,,,,,,,,,,,,,,,,,,,,,,,,,,,,,,,,,,,,,,,,,,,,High,High,High,,,,,
275,2025-01-31,16:35:11.92,3,3,"Zerger, Justin",10051439,Right,POM_COL,"Legg, Jimmy",1000115608,Left,POM_COL,Undefined,8,Top,2,0,2,Fastball,Four-Seam,FoulBallNotFieldable,Undefined,Undefined,Undefined,0,0,,85.77309,-1.864496,-2.517818,1988.202305,181.564689,12:00,6.36254,1.23061,5.27998,-23.10332,16.06233,0.40256,2.68387,-1.10203,78.0912,-6.16006,-2.446477,0.450427,70.45307,4.768949,59.350225,4133.060777,,,,67.35684,45.29204,63.062892,0.677792,-0.94721,8.98953,-1.00107,50,6.17577,5.44607,-124.24671,-4.82329,-1.47167,26.30311,-18.20695,POM_COL,POM_COL,PomonaPitzer,TeamExclusive,Team,20250131-PomonaPitzer-Private-1,65f2b1e0-e034-11ef-8ec6-fd2c1b208846,83.68165,3.66322,,7.68189,,,,2.00646,2.70408,1.22441,1bbb3642-f57c-4a84-8684-13f7541aee08,2025-02-01,00:35:11.92,2025-01-31T16:35:11.9270000-08:00,2025-02-01T00:35:11.9270000Z,GroundBall,v3,POM_PIT,POM_PIT,,"Hattenburg, Xavier",10277269,Right,POM_COL,344242b8-c6a7-426f-9f5e-1f753f6676f1,55.21842,-125.34658,13.15156,6.36154,-4.06196,-9.10347,-1.23009,5.50761,-0.73583,,2.03494,51.92918,-14.68305,,,,,,,2.72337,8.20938,-18.07997,,,,,,,1.20775,88.92142,-3.07719,,,,,,,,,,,,,,,,,,,,,,,,,,,,,High,High,High,High,Medium,,,
276,2025-01-31,16:35:35.10,3,4,"Zerger, Justin",10051439,Right,POM_COL,"Legg, Jimmy",1000115608,Left,POM_COL,Undefined,8,Top,2,0,2,ChangeUp,Changeup,StrikeSwinging,Strikeout,Undefined,Undefined,0,0,,81.78018,-0.65898,-1.363878,1793.070302,215.696138,1:15,6.11954,1.40647,5.11392,-35.16183,8.13327,4.7939,2.56838,0.52085,74.52334,-7.09466,-0.515201,0.473577,,,,,,,,,,,,-2.77764,4.6867,-1.28193,50,6.03049,2.61584,-118.54029,-2.6129,-3.92759,23.98054,-25.54701,POM_COL,POM_COL,PomonaPitzer,TeamExclusive,Team,20250131-PomonaPitzer-Private-1,73c70a00-e034-11ef-8ec6-fd2c1b208846,79.59089,,,7.25685,,,,,,,1bbb3642-f57c-4a84-8684-13f7541aee08,2025-02-01,00:35:35.10,2025-01-31T16:35:35.1070000-08:00,2025-02-01T00:35:35.1070000Z,,v3,POM_PIT,POM_PIT,,"Hattenburg, Xavier",10277269,Right,POM_COL,34b52db3-b7b2-4fda-b286-b976efe8c65b,55.38292,-119.62429,11.99027,6.1225,-1.45809,-12.7735,-1.40419,2.79338,-1.96379,,,,,,,,,,,,,,,,,,,,,,,,,,,,,,,,,,,,,,,,,,,,,,,,,,,High,High,High,,,,,
277,2025-01-31,16:38:17.50,1,1,"Wiessinger, Jack",1000276383,Right,POM_COL,"Lee, Sammy",1000276388,Right,POM_COL,Undefined,8,Bottom,0,0,0,Fastball,Sinker,HitByPitch,Undefined,Undefined,Undefined,0,0,,88.00488,0.185973,-0.467445,2110.810641,223.604093,1:30,5.43606,0.98829,5.44668,-21.45879,15.40355,13.50698,3.82195,1.67621,79.91387,-3.841128,1.936538,0.436981,,,,,,,,,,,,-6.9878,8.0702,-0.95683,50,5.43811,0.4548,-127.72134,-0.29865,-11.46616,27.93448,-18.9318,POM_COL,POM_COL,PomonaPitzer,TeamExclusive,Team,20250131-PomonaPitzer-Private-1,d48b60c0-e034-11ef-8ec6-fd2c1b208846,86.25641,,,8.09101,,,,,,,1bbb3642-f57c-4a84-8684-13f7541aee08,2025-02-01,00:38:17.50,2025-01-31T16:38:17.5020000-08:00,2025-02-01T00:38:17.5020000Z,,v3,POM_PIT,POM_PIT,,"Morgan, Ben",1000115622,Right,POM_COL,a2b090e3-39aa-4be1-8679-5f8c6c3461bd,55.05265,-128.82168,13.96724,5.43518,0.44708,-9.4659,-0.98364,0.90645,-5.73308,,,,,,,,,,,,,,,,,,,,,,,,,,,,,,,,,,,,,,,,,,,,,,,,,,,High,High,High,,,,,
278,2025-01-31,16:39:04.53,2,1,"Wiessinger, Jack",1000276383,Right,POM_COL,"Cassidy, Caleb",10304248,Right,POM_COL,Undefined,8,Bottom,0,0,0,Slider,Slider,BallCalled,Undefined,Undefined,Undefined,0,0,,79.43474,-1.164564,-2.26498,2366.754909,123.512619,10:00,5.15519,1.25171,5.02844,-38.07443,7.20244,-8.98406,0.88248,-1.63522,73.94013,-8.036849,-3.851025,0.484295,,,,,,,,,,,,3.91583,4.25752,-1.02749,50,5.01316,4.9289,-115.31046,-3.69175,5.33687,18.9825,-26.37152,POM_COL,POM_COL,PomonaPitzer,TeamExclusive,Team,20250131-PomonaPitzer-Private-1,f09a9b00-e034-11ef-8ec6-fd2c1b208846,77.82958,,,5.49462,,,,,,,1bbb3642-f57c-4a84-8684-13f7541aee08,2025-02-01,00:39:04.53,2025-01-31T16:39:04.5310000-08:00,2025-02-01T00:39:04.5310000Z,,v3,POM_PIT,POM_PIT,,"Morgan, Ben",1000115622,Right,POM_COL,14a657c8-2266-4632-ad7a-e19331ddc8e2,55.47181,-116.20775,9.49125,5.1582,-2.44519,-13.18576,-1.25452,4.67663,2.66844,,,,,,,,,,,,,,,,,,,,,,,,,,,,,74.9333,,,1.367041,,,,-1.04197,5.82627,1.32269,127.29925,13.93188,8.67358,-0.46605,103.69376,-7.36642,5.9253,22.15019,-11.89529,1.2758,4.87089,0.38604,High,High,High,,,High,High,High
279,2025-01-31,16:39:45.35,2,2,"Wiessinger, Jack",1000276383,Right,POM_COL,"Cassidy, Caleb",10304248,Right,POM_COL,Undefined,8,Bottom,0,1,0,Slider,Slider,InPlay,Undefined,Popup,Out,1,0,,80.46757,0.311531,-0.816177,2290.972053,135.452812,10:30,5.20348,1.18788,4.98063,-36.72104,8.12886,-6.54811,2.43764,-0.12864,73.39025,-6.396036,-1.972052,0.482006,86.6988,51.038637,4.558533,5325.161052,,,,,99.71249,,,3.02429,4.34327,-1.10345,50,5.20381,1.93651,-116.68872,-0.66609,4.14804,23.02965,-26.21693,POM_COL,POM_COL,PomonaPitzer,TeamExclusive,Team,20250131-PomonaPitzer-Private-1,08f5cdf0-e035-11ef-8ec6-fd2c1b208846,78.19916,136.11954,,7.07733,,,,2.31967,3.3619,-0.02203,1bbb3642-f57c-4a84-8684-13f7541aee08,2025-02-01,00:39:45.35,2025-01-31T16:39:45.3580000-08:00,2025-02-01T00:39:45.3580000Z,,v3,POM_PIT,POM_PIT,,"Morgan, Ben",1000115622,Right,POM_COL,d79ebd1c-f010-4164-b2d8-88bef94d70d0,55.51835,-117.77279,11.51483,5.20612,0.56801,-13.10846,-1.19001,1.74125,2.07402,,2.31965,79.70428,-23.77865,6.01847,-0.94596,-0.13376,0.16651,-0.05392,0.00659,3.36193,98.87318,-16.42219,0.34131,-0.28392,0.42492,-0.25754,0.07626,-0.00908,-0.02203,6.35441,-0.02493,-0.40061,0.03662,0.10442,-0.07455,0.02282,-0.00276,,,,,,,,,,,,,,,,,,,,,,,High,High,High,Medium,Undefined,,,
280,2025-01-31,16:40:28.34,3,1,"Wiessinger, Jack",1000276383,Right,POM_COL,"Quintero, James",10138921,Left,POM_COL,Undefined,8,Bottom,1,0,0,Fastball,Sinker,BallCalled,Undefined,Undefined,Undefined,0,0,,89.87855,-1.024211,-0.183302,2124.587756,227.394635,1:30,5.45101,0.80243,5.33463,-20.69855,15.03217,14.97095,2.7651,1.87803,81.21706,-4.905144,2.476398,0.430222,,,,,,,,,,,,-7.47237,8.20559,-0.79663,50,5.34412,-0.29122,-130.26126,-3.03437,-12.68541,30.41617,-18.24391,POM_COL,POM_COL,PomonaPitzer,TeamExclusive,Team,20250131-PomonaPitzer-Private-1,22886f70-e035-11ef-8ec6-fd2c1b208846,87.61168,,,8.66149,,,,,,,1bbb3642-f57c-4a84-8684-13f7541aee08,2025-02-01,00:40:28.34,2025-01-31T16:40:28.3440000-08:00,2025-02-01T00:40:28.3440000Z,,v3,POM_PIT,POM_PIT,,"Morgan, Ben",1000115622,Right,POM_COL,b5819777-7859-4dcf-8598-271cfcb91b07,55.16068,-131.46077,15.20809,5.4496,-2.3149,-9.12196,-0.79501,0.20905,-6.3427,,,,,,,,,,,,,,,,,,,,,,,,,,,,,,,,,,,,,,,,,,,,,,,,,,,High,High,High,,,,,
281,2025-01-31,16:40:47.08,3,2,"Wiessinger, Jack",1000276383,Right,POM_COL,"Quintero, James",10138921,Left,POM_COL,Undefined,8,Bottom,2,1,0,Fastball,Sinker,BallCalled,Undefined,Undefined,Undefined,0,0,,89.76938,0.740634,-0.48254,2098.885273,223.801756,1:30,5.41347,0.76623,5.31516,-20.07355,15.82902,13.95654,4.43586,1.47637,80.78334,-3.04657,1.995007,0.431255,,,,,,,,,,,,-7.06382,8.03603,-0.73267,50,5.46658,0.43451,-130.07516,1.00986,-11.93684,30.76595,-18.59437,POM_COL,POM_COL,PomonaPitzer,TeamExclusive,Team,20250131-PomonaPitzer-Private-1,2db219f0-e035-11ef-8ec6-fd2c1b208846,87.4017,,,8.98604,,,,,,,1bbb3642-f57c-4a84-8684-13f7541aee08,2025-02-01,00:40:47.08,2025-01-31T16:40:47.0830000-08:00,2025-02-01T00:40:47.0830000Z,,v3,POM_PIT,POM_PIT,,"Morgan, Ben",1000115622,Right,POM_COL,3c2b7c82-ef2a-46b6-8e0f-ca13c7379ca6,55.17983,-131.2946,15.38298,5.41195,1.74686,-9.29719,-0.75927,0.90763,-5.96842,,,,,,,,,,,,,,,,,,,,,,,,,,,,,,,,,,,,,,,,,,,,,,,,,,,High,High,High,,,,,
282,2025-01-31,16:41:48.48,3,3,"Wiessinger, Jack",1000276383,Right,POM_COL,"Quintero, James",10138921,Left,POM_COL,Undefined,8,Bottom,2,2,0,Fastball,Sinker,StrikeCalled,Undefined,Undefined,Undefined,0,0,,89.98141,-1.635731,-0.855266,2158.319601,235.644997,1:45,5.39458,0.95098,5.54499,-23.97686,11.14851,14.60583,1.86725,1.36879,82.01447,-6.088254,1.751232,0.426562,,,,,,,,,,,,-7.58103,6.46378,-0.88658,50,5.2372,1.286,-130.53989,-4.57161,-13.01829,28.7171,-21.07433,POM_COL,POM_COL,PomonaPitzer,TeamExclusive,Team,20250131-PomonaPitzer-Private-1,524b74a0-e035-11ef-8ec6-fd2c1b208846,88.3634,,,7.96694,,,,,,,1bbb3642-f57c-4a84-8684-13f7541aee08,2025-02-01,00:41:48.48,2025-01-31T16:41:48.4820000-08:00,2025-02-01T00:41:48.4820000Z,,v3,POM_PIT,POM_PIT,,"Morgan, Ben",1000115622,Right,POM_COL,04c6df01-60a8-4536-a7fc-eb4562aaeae2,54.95265,-131.6249,14.35855,5.39489,-3.77536,-10.53717,-0.94446,1.77787,-6.50914,,,,,,,,,,,,,,,,,,,,,,,,,,,,,,,,,,,,,,,,,,,,,,,,,,,High,High,High,,,,,
283,2025-01-31,16:42:07.31,3,4,"Wiessinger, Jack",1000276383,Right,POM_COL,"Quintero, James",10138921,Left,POM_COL,Undefined,8,Bottom,2,2,1,Fastball,Four-Seam,BallCalled,Undefined,Undefined,Undefined,0,0,,89.05412,-0.458395,-1.90003,2138.941298,222.002683,1:30,5.43877,0.82322,5.71873,-18.47182,17.58749,14.63643,3.4722,0.27237,79.94431,-3.990956,0.717157,0.432195,,,,,,,,,,,,-7.94945,9.42902,-0.67301,50,5.3892,3.61494,-129.02227,-1.57705,-13.17474,31.05419,-16.54719,POM_COL,POM_COL,PomonaPitzer,TeamExclusive,Team,20250131-PomonaPitzer-Private-1,5d8301d0-e035-11ef-8ec6-fd2c1b208846,87.2116,,,9.10981,,,,,,,1bbb3642-f57c-4a84-8684-13f7541aee08,2025-02-01,00:42:07.31,2025-01-31T16:42:07.3190000-08:00,2025-02-01T00:42:07.3190000Z,,v3,POM_PIT,POM_PIT,,"Morgan, Ben",1000115622,Right,POM_COL,2baa2eb7-d182-4486-81ba-c88067a64c1e,54.77544,-130.16659,15.52709,5.43608,-0.9673,-8.2736,-0.81516,4.10042,-6.58737,,,,,,,,,,,,,,,,,,,,,,,,,,,,,,,,,,,,,,,,,,,,,,,,,,,High,High,High,,,,,
284,2025-01-31,16:42:29.81,3,5,"Wiessinger, Jack",1000276383,Right,POM_COL,"Quintero, James",10138921,Left,POM_COL,Undefined,8,Bottom,2,3,1,Fastball,Sinker,StrikeSwinging,Undefined,Undefined,Undefined,0,0,,88.68454,-1.382936,-1.116259,2096.24267,235.383928,1:45,5.37645,0.82073,5.55652,-23.98982,12.37198,16.07477,2.08466,1.11719,80.31956,-5.861447,1.752442,0.434004,,,,,,,,,,,,-8.39311,7.05618,-0.73477,50,5.2414,1.77863,-128.57396,-3.92163,-13.89487,29.40173,-20.49251,POM_COL,POM_COL,PomonaPitzer,TeamExclusive,Team,20250131-PomonaPitzer-Private-1,6af515b0-e035-11ef-8ec6-fd2c1b208846,86.84809,,,8.36497,,,,,,,1bbb3642-f57c-4a84-8684-13f7541aee08,2025-02-01,00:42:29.81,2025-01-31T16:42:29.8160000-08:00,2025-02-01T00:42:29.8160000Z,,v3,POM_PIT,POM_PIT,,"Morgan, Ben",1000115622,Right,POM_COL,310e36bf-78e6-43da-ac29-e5cfe15e43cc,54.93988,-129.69867,14.70087,5.37643,-3.13772,-10.24625,-0.81297,2.31015,-6.94743,,,,,,,,,,,,,,,,,,,,,,,,,,,,,,,,,,,,,,,,,,,,,,,,,,,High,High,High,,,,,
285,2025-01-31,16:42:51.29,3,6,"Wiessinger, Jack",1000276383,Right,POM_COL,"Quintero, James",10138921,Left,POM_COL,Undefined,8,Bottom,2,3,2,ChangeUp,Changeup,StrikeCalled,Strikeout,Undefined,Undefined,0,0,,82.80889,-0.996982,-2.272805,1933.393456,238.867746,2:00,5.28105,1.02805,5.52839,-28.00505,13.68816,20.26379,2.01445,0.59088,75.15535,-6.213934,1.33949,0.464734,,,,,,,,,,,,-10.86957,7.63977,-0.84413,50,5.17599,3.91655,-120.04429,-2.99149,-15.71664,25.21521,-21.12746,POM_COL,POM_COL,PomonaPitzer,TeamExclusive,Team,20250131-PomonaPitzer-Private-1,77be8d80-e035-11ef-8ec6-fd2c1b208846,81.10549,,,7.65354,,,,,,,1bbb3642-f57c-4a84-8684-13f7541aee08,2025-02-01,00:42:51.29,2025-01-31T16:42:51.2910000-08:00,2025-02-01T00:42:51.2910000Z,,v3,POM_PIT,POM_PIT,,"Morgan, Ben",1000115622,Right,POM_COL,a0204fbc-cb5a-4590-a01c-994f31ba3f47,54.96949,-121.08363,12.60761,5.28135,-2.12065,-10.56373,-1.01891,4.56437,-7.85832,,,,,,,,,,,,,,,,,,,,,,,,,,,,,,,,,,,,,,,,,,,,,,,,,,,High,High,High,,,,,
286,2025-01-31,16:45:32.44,1,1,"Zerger, Justin",10051439,Right,POM_COL,"Morgan, Ben",1000115622,Left,POM_COL,Undefined,9,Top,0,0,0,Fastball,Changeup,StrikeSwinging,Undefined,Undefined,Undefined,0,0,,84.47958,-2.552333,-1.063215,1802.390547,225.960242,1:30,6.40753,1.11711,5.26799,-27.27883,13.04599,12.08879,1.73468,1.12563,77.16437,-7.575835,1.083822,0.457044,,,,,,,,,,,,-6.32933,7.67768,-1.029,50,6.15425,1.74421,-122.41456,-6.39789,-9.56146,25.17019,-20.57566,POM_COL,POM_COL,PomonaPitzer,TeamExclusive,Team,20250131-PomonaPitzer-Private-1,d7cf4bb0-e035-11ef-8ec6-fd2c1b208846,82.4701,,,7.31521,,,,,,,1bbb3642-f57c-4a84-8684-13f7541aee08,2025-02-01,00:45:32.44,2025-01-31T16:45:32.4420000-08:00,2025-02-01T00:45:32.4420000Z,,v3,POM_PIT,POM_PIT,,"Hattenburg, Xavier",10277269,Right,POM_COL,8d0b1d48-d565-42b0-b7bb-c70d8974228c,55.22928,-123.4851,12.5851,6.40775,-5.52277,-10.28783,-1.11183,2.15087,-4.78073,,,,,,,,,,,,,,,,,,,,,,,,,,,,,,,,,,,,,,,,,,,,,,,,,,,High,High,High,,,,,
287,2025-01-31,16:45:51.24,1,2,"Zerger, Justin",10051439,Right,POM_COL,"Morgan, Ben",1000115622,Left,POM_COL,Undefined,9,Top,0,0,1,Fastball,Changeup,BallCalled,Undefined,Undefined,Undefined,0,0,,82.65019,-4.420011,-3.051402,1719.204451,232.044463,1:45,6.23014,1.43054,4.87915,-34.15246,8.73445,9.3839,-0.81223,-0.67734,76.10623,-10.557739,-1.396904,0.471339,,,,,,,,,,,,-5.5815,5.94095,-1.13909,50,5.76573,5.97041,-119.40243,-10.49303,-8.04011,23.46146,-23.61616,POM_COL,POM_COL,PomonaPitzer,TeamExclusive,Team,20250131-PomonaPitzer-Private-1,e3002220-e035-11ef-8ec6-fd2c1b208846,79.96878,,,6.54396,,,,,,,1bbb3642-f57c-4a84-8684-13f7541aee08,2025-02-01,00:45:51.24,2025-01-31T16:45:51.2480000-08:00,2025-02-01T00:45:51.2480000Z,,v3,POM_PIT,POM_PIT,,"Hattenburg, Xavier",10277269,Right,POM_COL,5a545050-25be-4a0a-81c6-32f3ddc21eff,55.62203,-120.50204,11.73073,6.23159,-9.38617,-11.80808,-1.42775,6.34724,-4.02006,,,,,,,,,,,,,,,,,,,,,,,,,,,,,,,,,,,,,,,,,,,,,,,,,,,High,High,High,,,,,
288,2025-01-31,16:46:15.67,1,3,"Zerger, Justin",10051439,Right,POM_COL,"Morgan, Ben",1000115622,Left,POM_COL,Undefined,9,Top,0,1,1,Fastball,Changeup,StrikeSwinging,Undefined,Undefined,Undefined,0,0,,84.23892,-1.585596,-0.341843,1881.361299,250.868347,2:15,6.46043,0.9712,5.26359,-32.91053,8.11969,19.04103,2.22789,2.2368,76.08745,-7.637201,3.040544,0.461024,,,,,,,,,,,,-9.58036,5.04103,-0.95431,50,6.29155,-0.11053,-122.00672,-4.54694,-14.17414,28.13761,-24.71585,POM_COL,POM_COL,PomonaPitzer,TeamExclusive,Team,20250131-PomonaPitzer-Private-1,f19cac40-e035-11ef-8ec6-fd2c1b208846,81.75816,,,8.15147,,,,,,,1bbb3642-f57c-4a84-8684-13f7541aee08,2025-02-01,00:46:15.67,2025-01-31T16:46:15.6750000-08:00,2025-02-01T00:46:15.6750000Z,,v3,POM_PIT,POM_PIT,,"Hattenburg, Xavier",10277269,Right,POM_COL,c2a65103-b4b9-4c74-a634-8923806e4cbe,55.23306,-123.20767,14.0688,6.4631,-3.49203,-12.35793,-0.9625,0.49444,-7.08707,,,,,,,,,,,,,,,,,,,,,,,,,,,,,,,,,,,,,,,,,,,,,,,,,,,High,High,High,,,,,
289,2025-01-31,16:46:39.71,1,4,"Zerger, Justin",10051439,Right,POM_COL,"Morgan, Ben",1000115622,Left,POM_COL,Undefined,9,Top,0,1,2,ChangeUp,Changeup,BallCalled,Undefined,Undefined,Undefined,0,0,,82.01832,-2.701431,-3.244842,1688.63618,292.142732,3:45,6.24913,1.43572,4.73509,-48.35062,-4.32296,14.37406,-0.3489,-0.44806,75.08317,-11.330892,-0.712535,0.477567,,,,,,,,,,,,-8.13981,-0.92307,-1.12214,50,5.93309,6.09951,-118.57727,-7.47554,-11.45327,25.15742,-33.47288,POM_COL,POM_COL,PomonaPitzer,TeamExclusive,Team,20250131-PomonaPitzer-Private-1,ffe968b0-e035-11ef-8ec6-fd2c1b208846,78.92598,,,6.93515,,,,,,,1bbb3642-f57c-4a84-8684-13f7541aee08,2025-02-01,00:46:39.71,2025-01-31T16:46:39.7110000-08:00,2025-02-01T00:46:39.7110000Z,,v3,POM_PIT,POM_PIT,,"Hattenburg, Xavier",10277269,Right,POM_COL,19d5639d-527d-452f-a10c-90a587a59f2d,55.76617,-119.79438,12.57871,6.25558,-5.85614,-16.73644,-1.43063,6.65362,-5.72663,,,,,,,,,,,,,,,,,,,,,,,,,,,,,,,,,,,,,,,,,,,,,,,,,,,High,High,High,,,,,
290,2025-01-31,16:47:05.32,1,5,"Zerger, Justin",10051439,Right,POM_COL,"Morgan, Ben",1000115622,Left,POM_COL,Undefined,9,Top,0,2,2,Fastball,Slider,FoulBallNotFieldable,Undefined,Undefined,Undefined,0,0,,83.56063,-1.479289,-2.019517,1960.374558,187.137785,12:15,6.38882,1.216,5.05123,-27.66096,13.91611,1.56701,2.68735,-0.55894,76.1377,-6.57238,-1.742734,0.464086,,,,,,,,,,,,-1.37441,7.75382,-1.02493,50,6.22635,4.20066,-121.05687,-4.09434,-2.02828,24.85048,-20.73131,POM_COL,POM_COL,PomonaPitzer,TeamExclusive,Team,20250131-PomonaPitzer-Private-1,0f2fa050-e036-11ef-8ec6-fd2c1b208846,81.21867,,,7.42293,,,,,,,1bbb3642-f57c-4a84-8684-13f7541aee08,2025-02-01,00:47:05.32,2025-01-31T16:47:05.3280000-08:00,2025-02-01T00:47:05.3280000Z,,v3,POM_PIT,POM_PIT,,"Hattenburg, Xavier",10277269,Right,POM_COL,12d47a46-a7e3-47d9-964d-cf39f69ad4d6,55.44664,-122.16983,12.42524,6.38892,-3.16586,-10.36566,-1.2151,4.2915,-1.01414,,,,,,,,,,,,,,,,,,,,,,,,,,,,,,,,,,,,,,,,,,,,,,,,,,,High,High,High,,,,,
291,2025-01-31,16:47:29.92,1,6,"Zerger, Justin",10051439,Right,POM_COL,"Morgan, Ben",1000115622,Left,POM_COL,Undefined,9,Top,0,2,2,Fastball,Sinker,BallCalled,Undefined,Undefined,Undefined,0,0,,86.07872,-2.544621,0.293566,1940.068041,234.443826,1:45,6.46404,0.92312,5.18261,-27.86935,10.95178,13.57729,1.74582,2.33077,78.9701,-7.641695,2.701173,0.448441,,,,,,,,,,,,-6.67878,6.56237,-0.96107,50,6.20654,-1.24279,-124.79985,-6.55401,-10.52114,25.38594,-21.83628,POM_COL,POM_COL,PomonaPitzer,TeamExclusive,Team,20250131-PomonaPitzer-Private-1,1dd3cb90-e036-11ef-8ec6-fd2c1b208846,84.05215,,,7.10862,,,,,,,1bbb3642-f57c-4a84-8684-13f7541aee08,2025-02-01,00:47:29.92,2025-01-31T16:47:29.9230000-08:00,2025-02-01T00:47:29.9230000Z,,v3,POM_PIT,POM_PIT,,"Hattenburg, Xavier",10277269,Right,POM_COL,b6c5b4bc-8976-46da-af85-fcaa939bdb17,55.3159,-125.87653,12.69297,6.46487,-5.62787,-10.91814,-0.91782,-0.79656,-5.26057,,,,,,,,,,,,,,,,,,,,,,,,,,,,,,,,,,,,,,,,,,,,,,,,,,,High,High,High,,,,,
292,2025-01-31,16:47:52.90,1,7,"Zerger, Justin",10051439,Right,POM_COL,"Morgan, Ben",1000115622,Left,POM_COL,Undefined,9,Top,0,3,2,Fastball,Changeup,InPlay,Undefined,FlyBall,Double,0,0,,84.68732,-0.929966,-1.029681,1830.99176,221.615331,1:30,6.41034,0.87331,5.21195,-25.80277,14.55245,11.67347,3.38539,0.87773,76.73325,-5.725302,1.039813,0.457216,91.89362,26.546865,11.51027,1467.099342,108.2095,49.84042,19.76506,354.6281,345.46685,9.507259,4.489242,-6.15126,7.95886,-0.78736,50,6.30553,1.69647,-122.7483,-2.87109,-9.28829,26.63662,-20.1563,POM_COL,POM_COL,PomonaPitzer,TeamExclusive,Team,20250131-PomonaPitzer-Private-1,2b895110-e036-11ef-8ec6-fd2c1b208846,82.43903,65.51634,,7.95408,,,,1.27704,3.73647,-0.83705,1bbb3642-f57c-4a84-8684-13f7541aee08,2025-02-01,00:47:52.90,2025-01-31T16:47:52.9000000-08:00,2025-02-01T00:47:52.9000000Z,FlyBall,v3,POM_PIT,POM_PIT,,"Hattenburg, Xavier",10277269,Right,POM_COL,6b82c3c0-db89-4daf-860e-de8c44c1d5a1,55.28555,-123.88997,13.31831,6.41007,-2.00717,-10.07815,-0.8686,2.09457,-4.64415,171.32348,1.27667,118.1545,-18.24978,4.15241,-0.9983,0.25985,-0.0581,0.008,-0.00046,3.73748,60.20887,-15.95991,0.58893,0.17256,-0.14743,0.04712,-0.00707,0.00041,-0.83707,24.05944,-5.12195,1.22977,-0.28722,0.06658,-0.01317,0.00169,-0.0001,,,,,,,,,,,,,,,,,,,,,,,High,High,High,Medium,High,,,
293,2025-01-31,16:48:48.49,2,1,"Zerger, Justin",10051439,Right,POM_COL,"Gonzaga, Kai",10138924,Left,POM_COL,Undefined,9,Top,0,0,0,Slider,Curveball,StrikeCalled,Undefined,Undefined,Undefined,0,0,,74.25224,1.970631,0.729042,2568.687006,64.548641,8:15,6.059,1.71065,4.47417,-59.94838,-6.20977,-16.74639,2.94267,1.0101,67.93861,-8.760832,-2.203109,0.527612,,,,,,,,,,,,8.30079,-3.01201,-1.77035,50,6.20873,-0.66724,-107.59059,1.49151,9.67493,19.65185,-35.68465,POM_COL,POM_COL,PomonaPitzer,TeamExclusive,Team,20250131-PomonaPitzer-Private-1,4cbf5c80-e036-11ef-8ec6-fd2c1b208846,71.4397,,,6.31363,,,,,,,1bbb3642-f57c-4a84-8684-13f7541aee08,2025-02-01,00:48:48.49,2025-01-31T16:48:48.4980000-08:00,2025-02-01T00:48:48.4980000Z,,v3,POM_PIT,POM_PIT,,"Hattenburg, Xavier",10277269,Right,POM_COL,69fb6700-ea63-47fe-8c98-763d368647c3,56.02699,-108.68587,9.82592,6.07017,3.48036,-17.84233,-1.71814,-1.20647,4.83746,,,,,,,,,,,,,,,,,,,,,,,,,,,,,,,,,,,,,,,,,,,,,,,,,,,High,High,High,,,,,
294,2025-01-31,16:49:10.73,2,2,"Zerger, Justin",10051439,Right,POM_COL,"Gonzaga, Kai",10138924,Left,POM_COL,Undefined,9,Top,0,0,1,Fastball,Changeup,BallCalled,Undefined,Undefined,Undefined,0,0,,85.9221,-1.320972,-0.065567,1904.419927,241.847846,2:00,6.37222,1.1296,5.11722,-30.13765,9.01591,14.42524,2.61616,2.26994,78.42057,-6.840088,2.488901,0.450357,,,,,,,,,,,,-7.17367,5.26638,-1.13507,50,6.22485,-0.50687,-124.5983,-3.98473,-11.2189,26.24554,-23.93797,POM_COL,POM_COL,PomonaPitzer,TeamExclusive,Team,20250131-PomonaPitzer-Private-1,59eb1890-e036-11ef-8ec6-fd2c1b208846,83.69454,,,7.50153,,,,,,,1bbb3642-f57c-4a84-8684-13f7541aee08,2025-02-01,00:49:10.73,2025-01-31T16:49:10.7360000-08:00,2025-02-01T00:49:10.7360000Z,,v3,POM_PIT,POM_PIT,,"Hattenburg, Xavier",10277269,Right,POM_COL,b6371c4d-c232-4b17-90c3-f6484efc85e5,55.38082,-125.72661,13.12277,6.37404,-2.95563,-11.96898,-1.12365,-0.02456,-5.60945,,,,,,,,,,,,,,,,,,,,,,,,,,,,,,,,,,,,,,,,,,,,,,,,,,,High,High,High,,,,,
295,2025-01-31,16:49:32.18,2,3,"Zerger, Justin",10051439,Right,POM_COL,"Gonzaga, Kai",10138924,Left,POM_COL,Undefined,9,Top,0,1,1,Fastball,Changeup,FoulBallNotFieldable,Undefined,Undefined,Undefined,0,0,,84.80248,-1.729171,-1.042655,1988.469424,219.200836,1:15,6.30882,1.18364,5.29202,-27.68887,11.91312,8.72339,2.37703,0.93147,78.0174,-6.816921,0.506988,0.452929,,,,,,,,,,,,-4.67516,6.79756,-1.09544,50,6.1313,1.87094,-123.09143,-4.68237,-7.19996,23.56768,-21.70543,POM_COL,POM_COL,PomonaPitzer,TeamExclusive,Team,20250131-PomonaPitzer-Private-1,66b41b30-e036-11ef-8ec6-fd2c1b208846,83.21937,,,6.78508,,,,,,,1bbb3642-f57c-4a84-8684-13f7541aee08,2025-02-01,00:49:32.18,2025-01-31T16:49:32.1800000-08:00,2025-02-01T00:49:32.1800000Z,,v3,POM_PIT,POM_PIT,,"Hattenburg, Xavier",10277269,Right,POM_COL,fccd395e-cc46-4bc4-a4c3-aa972be18b3b,55.2079,-124.08456,11.78384,6.30934,-3.76772,-10.85272,-1.18067,2.17433,-3.59998,,,,,,,,,,,,,,,,,,,,,,,,,,,,,,,,,,,,,,,,,,,,,,,,,,,High,High,High,,,,,
296,2025-01-31,16:50:02.22,2,4,"Zerger, Justin",10051439,Right,POM_COL,"Gonzaga, Kai",10138924,Left,POM_COL,Undefined,9,Top,0,1,2,Fastball,Four-Seam,StrikeSwinging,Strikeout,Undefined,Undefined,0,0,,84.42361,-1.460622,-1.082721,2099.844857,201.932948,12:45,6.39406,1.30291,5.32836,-24.39797,15.87249,5.84386,2.98981,0.77383,76.85302,-6.002266,-0.0445,0.456735,,,,,,,,,,,,-3.22453,8.77949,-1.2093,50,6.24484,2.05751,-122.38905,-3.92485,-4.86657,25.27832,-18.92376,POM_COL,POM_COL,PomonaPitzer,TeamExclusive,Team,20250131-PomonaPitzer-Private-1,789a7920-e036-11ef-8ec6-fd2c1b208846,82.5258,,,7.57059,,,,,,,1bbb3642-f57c-4a84-8684-13f7541aee08,2025-02-01,00:50:02.22,2025-01-31T16:50:02.2230000-08:00,2025-02-01T00:50:02.2230000Z,,v3,POM_PIT,POM_PIT,,"Hattenburg, Xavier",10277269,Right,POM_COL,593abd0b-7617-4df3-bf95-6799ceab850c,55.16759,-123.45175,12.63916,6.39311,-3.12929,-9.46188,-1.3001,2.2621,-2.43329,,,,,,,,,,,,,,,,,,,,,,,,,,,,,,,,,,,,,,,,,,,,,,,,,,,High,High,High,,,,,
297,2025-01-31,16:50:36.76,3,1,"Zerger, Justin",10051439,Right,POM_COL,"Ng, JC",1000115591,Left,POM_COL,Undefined,9,Top,1,0,0,Fastball,Four-Seam,FoulBallNotFieldable,Undefined,Undefined,Undefined,0,0,,86.23928,-2.795748,-1.172059,1858.9951,182.176428,12:00,6.35103,1.08037,5.34131,-20.78088,18.05462,0.63354,1.99396,0.03351,78.1729,-6.689373,-1.059498,0.448524,,,,,,,,,,,,-0.68075,10.3263,-0.97516,50,6.08439,2.52686,-124.86367,-6.76651,-1.06311,27.68587,-16.04795,POM_COL,POM_COL,PomonaPitzer,TeamExclusive,Team,20250131-PomonaPitzer-Private-1,8d3548b0-e036-11ef-8ec6-fd2c1b208846,84.03661,,,8.06639,,,,,,,1bbb3642-f57c-4a84-8684-13f7541aee08,2025-02-01,00:50:36.76,2025-01-31T16:50:36.7610000-08:00,2025-02-01T00:50:36.7610000Z,,v3,POM_PIT,POM_PIT,,"Hattenburg, Xavier",10277269,Right,POM_COL,b336a68a-6779-4928-96fb-b44b3d0c6f7b,55.15555,-126.00161,13.84294,6.34895,-6.10691,-8.02398,-1.07991,2.57056,-0.53156,,,,,,,,,,,,,,,,,,,,,,,,,,,,,,,,,,,,,,,,,,,,,,,,,,,High,High,High,,,,,
298,2025-01-31,16:51:17.81,3,2,"Zerger, Justin",10051439,Right,POM_COL,"Ng, JC",1000115591,Left,POM_COL,Undefined,9,Top,1,0,1,ChangeUp,Changeup,BallinDirt,Undefined,Undefined,Undefined,0,1,,82.2487,-2.581598,-0.098547,1895.610913,231.452534,1:45,6.16395,1.29826,4.85642,-32.69588,10.69182,11.52379,0.99399,2.16529,74.98796,-8.527264,1.933919,0.474083,,,,,,,,,,,,-5.68819,6.50638,-1.2988,50,5.88194,-0.30647,-119.06117,-6.55853,-8.09369,24.72167,-22.91615,POM_COL,POM_COL,PomonaPitzer,TeamExclusive,Team,20250131-PomonaPitzer-Private-1,a5abf2e0-e036-11ef-8ec6-fd2c1b208846,79.50592,,,7.26075,,,,,,,1bbb3642-f57c-4a84-8684-13f7541aee08,2025-02-01,00:51:17.81,2025-01-31T16:51:17.8140000-08:00,2025-02-01T00:51:17.8140000Z,,v3,POM_PIT,POM_PIT,,"Hattenburg, Xavier",10277269,Right,POM_COL,5ed0f3d4-32fb-4c08-9efe-d2f4b9345d1f,55.64027,-120.2266,12.36083,6.16566,-5.47821,-11.45808,-1.29334,0.07509,-4.04685,,,,,,,,,,,,,,,,,,,,,,,,,,,,,70.96766,,,,,,,-0.36939,5.37603,-3.62396,,,,-0.3545,73.12593,-5.12235,5.3727,-0.07634,-8.94805,-3.63628,-73.59017,4.15822,High,High,High,,,High,High,Medium
299,2025-01-31,16:51:55.59,3,3,"Zerger, Justin",10051439,Right,POM_COL,"Ng, JC",1000115591,Left,POM_COL,Undefined,9,Top,1,1,1,Slider,Curveball,StrikeCalled,Undefined,Undefined,Undefined,0,0,,74.10633,1.396289,1.225295,2392.216594,61.99577,8:00,6.08462,1.4427,4.37414,-60.01665,-5.97418,-14.51623,2.41724,1.40333,68.00577,-9.31319,-1.312897,0.529101,,,,,,,,,,,,7.34044,-2.71335,-1.55861,50,6.17437,-1.6853,-107.39514,0.38436,8.54185,19.22957,-35.3315,POM_COL,POM_COL,PomonaPitzer,TeamExclusive,Team,20250131-PomonaPitzer-Private-1,bc38ce70-e036-11ef-8ec6-fd2c1b208846,71.23859,,,6.10056,,,,,,,1bbb3642-f57c-4a84-8684-13f7541aee08,2025-02-01,00:51:55.59,2025-01-31T16:51:55.5960000-08:00,2025-02-01T00:51:55.5960000Z,,v3,POM_PIT,POM_PIT,,"Hattenburg, Xavier",10277269,Right,POM_COL,9978dc59-03ed-4702-9e46-aef5950dfa26,56.12693,-108.48665,9.61479,6.09563,2.38984,-17.66575,-1.44919,-2.17015,4.27093,,,,,,,,,,,,,,,,,,,,,,,,,,,,,,,,,,,,,,,,,,,,,,,,,,,High,High,High,,,,,
300,2025-01-31,16:52:15.35,3,4,"Zerger, Justin",10051439,Right,POM_COL,"Ng, JC",1000115591,Left,POM_COL,Undefined,9,Top,1,1,2,Fastball,Four-Seam,InPlay,Undefined,LineDrive,HomeRun,0,1,,85.41381,-2.21104,-0.837919,1933.969214,195.605556,12:30,6.39283,1.05098,5.19886,-25.68407,13.51595,3.4361,2.17157,0.54913,78.56982,-6.930686,-0.228625,0.450624,98.76569,22.649164,-1.109573,2668.980286,109.8264,41.75424,-6.16621,380.22537,379.01017,-7.779792,4.391107,-1.95228,7.70957,-0.97609,50,6.16873,1.66487,-123.9259,-5.68748,-3.04733,23.90256,-20.14012,POM_COL,POM_COL,PomonaPitzer,TeamExclusive,Team,20250131-PomonaPitzer-Private-1,c7f8c580-e036-11ef-8ec6-fd2c1b208846,83.64498,58.99877,,6.84399,,,,1.44817,2.24906,-0.5482,1bbb3642-f57c-4a84-8684-13f7541aee08,2025-02-01,00:52:15.35,2025-01-31T16:52:15.3570000-08:00,2025-02-01T00:52:15.3570000Z,LineDrive,v3,POM_PIT,POM_PIT,,"Hattenburg, Xavier",10277269,Right,POM_COL,fad8846c-4dc8-4c33-b954-ba8bde388ab4,55.30092,-124.94414,11.95128,6.39274,-4.82951,-10.07006,-1.04978,1.79469,-1.52367,154.033353,1.44711,133.6857,-22.02281,5.09591,-1.26454,0.32708,-0.06893,0.00883,-0.00048,2.25065,55.74414,-14.53751,0.22802,0.27868,-0.16174,0.04481,-0.00605,0.00031,-0.54829,-2.5871,-4.69973,1.27698,-0.31487,0.0675,-0.01092,0.00113,-5E-05,,,,,,,,,,,,,,,,,,,,,,,High,High,High,High,Medium,,,
301,2025-01-31,16:53:09.34,4,1,"Zerger, Justin",10051439,Right,POM_COL,"Gold, Jack",1000108729,Left,POM_COL,Undefined,9,Top,1,0,0,Fastball,Changeup,BallCalled,Undefined,Undefined,Undefined,0,0,,84.44283,-0.45103,0.117378,1773.068258,204.07659,12:45,6.3669,1.09115,5.19018,-30.44513,9.63221,3.75591,3.4055,1.51457,77.55691,-6.032553,0.783186,0.455639,,,,,,,,,,,,-1.83835,5.30599,-1.10499,50,6.30219,-0.41496,-122.5896,-2.05896,-2.80796,23.38944,-24.06953,POM_COL,POM_COL,PomonaPitzer,TeamExclusive,Team,20250131-PomonaPitzer-Private-1,e8257740-e036-11ef-8ec6-fd2c1b208846,82.72437,,,6.88593,,,,,,,1bbb3642-f57c-4a84-8684-13f7541aee08,2025-02-01,00:53:09.34,2025-01-31T16:53:09.3430000-08:00,2025-02-01T00:53:09.3430000Z,,v3,POM_PIT,POM_PIT,,"Hattenburg, Xavier",10277269,Right,POM_COL,81e17346-93b7-4b57-8b6e-af33cff4dd69,55.30811,-123.59821,11.69472,6.36859,-1.02102,-12.03476,-1.08971,-0.29387,-1.40398,,,,,,,,,,,,,,,,,,,,,,,,,,,,,,,,,,,,,,,,,,,,,,,,,,,High,High,High,,,,,
302,2025-01-31,16:53:28.46,4,2,"Zerger, Justin",10051439,Right,POM_COL,"Gold, Jack",1000108729,Left,POM_COL,Undefined,9,Top,1,1,0,Fastball,Slider,StrikeCalled,Undefined,Undefined,Undefined,0,0,,85.42643,-2.558558,-2.268102,2079.46288,193.230115,12:30,6.32309,1.0288,5.10291,-27.55631,11.82292,2.49425,1.6124,-0.9016,78.70217,-7.588322,-1.827008,0.451653,,,,,,,,,,,,-1.83685,6.93213,-0.81678,50,6.06013,4.79286,-123.80068,-6.53487,-2.86523,23.53863,-21.36081,POM_COL,POM_COL,PomonaPitzer,TeamExclusive,Team,20250131-PomonaPitzer-Private-1,f38b8e80-e036-11ef-8ec6-fd2c1b208846,83.4544,,,6.72427,,,,,,,1bbb3642-f57c-4a84-8684-13f7541aee08,2025-02-01,00:53:28.46,2025-01-31T16:53:28.4610000-08:00,2025-02-01T00:53:28.4610000Z,,v3,POM_PIT,POM_PIT,,"Hattenburg, Xavier",10277269,Right,POM_COL,2ec1e185-48d8-4c37-835d-5e20d31a3e2e,55.39547,-124.82233,11.76931,6.32364,-5.60775,-10.6804,-1.02751,4.91722,-1.43261,,,,,,,,,,,,,,,,,,,,,,,,,,,,,,,,,,,,,,,,,,,,,,,,,,,High,High,High,,,,,
303,2025-01-31,16:53:49.52,4,3,"Zerger, Justin",10051439,Right,POM_COL,"Gold, Jack",1000108729,Left,POM_COL,Undefined,9,Top,1,1,1,Fastball,Changeup,InPlay,Undefined,Popup,Out,1,0,,85.84699,-3.204577,-1.733085,1717.993408,232.811991,1:45,6.31119,0.9275,5.3397,-27.53088,11.32757,13.2641,1.00613,0.40649,78.76374,-8.252952,0.626079,0.448657,79.15175,59.751087,-0.586444,4307.396137,,,,,70.25097,,,-7.18402,6.96367,-0.78116,50,6.00218,3.19757,-124.39203,-7.93281,-11.24174,25.25121,-21.27714,POM_COL,POM_COL,PomonaPitzer,TeamExclusive,Team,20250131-PomonaPitzer-Private-1,001712f0-e037-11ef-8ec6-fd2c1b208846,84.01178,107.47969,,7.08324,,,,2.16206,1.21179,-0.40208,1bbb3642-f57c-4a84-8684-13f7541aee08,2025-02-01,00:53:49.52,2025-01-31T16:53:49.5270000-08:00,2025-02-01T00:53:49.5270000Z,,v3,POM_PIT,POM_PIT,,"Hattenburg, Xavier",10277269,Right,POM_COL,f584e1fc-4209-4c67-8d85-3e526cfb4992,55.16019,-125.43516,12.6256,6.31173,-7.05385,-10.63857,-0.92284,3.66197,-5.62087,161.631266,2.16206,58.47778,-17.18521,5.72698,-1.51362,0.38492,-0.0937,0.01744,-0.00166,1.21179,100.28303,-24.7533,2.25493,-0.16468,-0.03783,0.01621,-0.00342,0.00041,-0.40208,-0.59853,-6.7329,2.51664,-0.71367,0.18892,-0.04646,0.00864,-0.00082,,,,,,,,,,,,,,,,,,,,,,,High,High,High,High,Undefined,,,
304,2025-01-31,16:54:26.16,5,1,"Zerger, Justin",10051439,Right,POM_COL,"Pierantoni, Greg",1000091552,Right,POM_COL,Undefined,9,Top,2,0,0,Fastball,Slider,InPlay,Undefined,GroundBall,Error,1,0,,84.42936,-1.470989,-1.763618,1856.85662,181.922691,12:00,6.45488,0.94134,5.36001,-30.24387,10.01008,0.29067,2.55415,-0.68884,76.99492,-7.039771,-1.711955,0.456642,78.71249,-7.550777,-23.440095,,,,,19.86509,14.14232,-19.820419,0.163642,-0.66941,5.85465,-0.78307,50,6.30135,3.7565,-122.40045,-4.19308,-1.00906,25.59753,-23.34875,POM_COL,POM_COL,PomonaPitzer,TeamExclusive,Team,20250131-PomonaPitzer-Private-1,15f203a0-e037-11ef-8ec6-fd2c1b208846,82.54268,2.32188,,7.43444,,,,1.69616,2.32188,0.76503,1bbb3642-f57c-4a84-8684-13f7541aee08,2025-02-01,00:54:26.16,2025-01-31T16:54:26.1690000-08:00,2025-02-01T00:54:26.1690000Z,GroundBall,v3,POM_PIT,POM_PIT,,"Hattenburg, Xavier",10277269,Right,POM_COL,b2f714f3-d78c-4840-b9e2-094dee76fc47,55.13835,-123.47035,12.79877,6.45622,-3.21718,-11.67437,-0.94096,3.79868,-0.50453,166.596309,1.69615,105.00097,-7.11014,,,,,,,2.32152,-15.14138,5.84769,,,,,,,0.76515,-45.53505,-1.85085,,,,,,,,,,,,,,,,,,,,,,,,,,,,,High,High,High,Medium,Medium,,,
305,2025-01-31,16:57:18.74,1,1,"Wiessinger, Jack",1000276383,Right,POM_COL,"DeGrazia, Tanner",1000214434,Right,POM_COL,Undefined,9,Bottom,0,0,0,Fastball,Four-Seam,FoulBallNotFieldable,Undefined,Undefined,Undefined,0,0,,88.27858,-1.927067,-0.793214,2061.762232,218.235288,1:15,5.40865,0.73073,5.31595,-19.07576,17.68253,12.97686,2.00951,1.06762,80.50173,-5.501507,1.511589,0.436364,71.62546,1.972463,-49.997395,3596.222196,,,,75.91224,67.68824,-54.910528,0.722567,-6.7615,9.7878,-0.66874,50,5.22066,1.19665,-128.04454,-4.93901,-11.18829,27.25702,-15.97815,POM_COL,POM_COL,PomonaPitzer,TeamExclusive,Team,20250131-PomonaPitzer-Private-1,7ccfc8f0-e037-11ef-8ec6-fd2c1b208846,86.3784,2.75449,,7.77685,,,,1.38292,2.4392,-1.63594,1bbb3642-f57c-4a84-8684-13f7541aee08,2025-02-01,00:57:18.74,2025-01-31T16:57:18.7450000-08:00,2025-02-01T00:57:18.7450000Z,GroundBall,v3,POM_PIT,POM_PIT,,"Morgan, Ben",1000115622,Right,POM_COL,7f73bb73-2124-49f2-a1ca-d9aca342f417,55.18323,-129.14319,13.62851,5.40676,-4.29498,-7.98908,-0.72606,1.64762,-5.59414,,1.38292,67.48862,-13.21352,1.12725,-0.36345,0.91744,-1.35703,1.05625,-0.33944,2.4392,3.61582,-10.61509,1.45596,-0.13556,-0.36114,0.55897,-0.43444,0.13946,-1.63594,-80.42267,-5.01444,0.73877,-0.20285,0.35947,-0.52383,0.4078,-0.13111,,,,,,,,,,,,,,,,,,,,,,,High,High,High,Medium,Medium,,,
306,2025-01-31,16:57:43.16,1,2,"Wiessinger, Jack",1000276383,Right,POM_COL,"DeGrazia, Tanner",1000214434,Right,POM_COL,Undefined,9,Bottom,0,0,1,Fastball,Four-Seam,BallCalled,Undefined,Undefined,Undefined,0,0,,89.35563,-1.05866,-2.712279,2132.440184,207.203882,1:00,5.42591,0.69839,5.51914,-14.8519,20.97584,10.14359,3.19718,-0.99418,80.84673,-3.913832,-0.907318,0.430805,,,,,,,,,,,,-5.87607,11.21544,-0.46881,50,5.32393,5.66677,-129.44621,-2.80822,-9.89441,28.93961,-13.28897,POM_COL,POM_COL,PomonaPitzer,TeamExclusive,Team,20250131-PomonaPitzer-Private-1,8b5373e0-e037-11ef-8ec6-fd2c1b208846,87.49297,,,8.5089,,,,,,,1bbb3642-f57c-4a84-8684-13f7541aee08,2025-02-01,00:57:43.16,2025-01-31T16:57:43.1670000-08:00,2025-02-01T00:57:43.1670000Z,,v3,POM_PIT,POM_PIT,,"Morgan, Ben",1000115622,Right,POM_COL,d9a6cdee-da96-4263-8e9d-fb9c251d5e6e,54.97645,-130.55403,14.46981,5.42169,-2.29952,-6.64449,-0.69299,6.04553,-4.9472,,,,,,,,,,,,,,,,,,,,,,,,,,,,,,,,,,,,,,,,,,,,,,,,,,,High,High,High,,,,,
307,2025-01-31,16:58:01.77,1,3,"Wiessinger, Jack",1000276383,Right,POM_COL,"DeGrazia, Tanner",1000214434,Right,POM_COL,Undefined,9,Bottom,0,1,1,ChangeUp,Changeup,BallCalled,Undefined,Undefined,Undefined,0,0,,80.13942,0.802657,-1.418702,1864.433052,221.394899,1:30,5.32573,1.01347,5.44802,-25.35671,19.31029,15.66005,3.96443,0.98996,72.45332,-3.974805,1.367278,0.481022,,,,,,,,,,,,-8.24497,9.90079,-0.89902,50,5.37965,2.22964,-116.16407,0.87768,-11.15787,23.71104,-18.77532,POM_COL,POM_COL,PomonaPitzer,TeamExclusive,Team,20250131-PomonaPitzer-Private-1,96707430-e037-11ef-8ec6-fd2c1b208846,78.35913,,,7.6861,,,,,,,1bbb3642-f57c-4a84-8684-13f7541aee08,2025-02-01,00:58:01.77,2025-01-31T16:58:01.7720000-08:00,2025-02-01T00:58:01.7720000Z,,v3,POM_PIT,POM_PIT,,"Morgan, Ben",1000115622,Right,POM_COL,bd24d560-0283-4562-88c3-ff59e9a4ff60,55.04764,-117.18984,11.85552,5.32411,1.68993,-9.38766,-1.00591,2.71234,-5.57894,,,,,,,,,,,,,,,,,,,,,,,,,,,,,,,,,,,,,,,,,,,,,,,,,,,High,High,High,,,,,
308,2025-01-31,16:58:22.55,1,4,"Wiessinger, Jack",1000276383,Right,POM_COL,"DeGrazia, Tanner",1000214434,Right,POM_COL,Undefined,9,Bottom,0,2,1,Fastball,Sinker,StrikeSwinging,Undefined,Undefined,Undefined,0,0,,87.94724,-0.172166,-0.658814,2032.290406,228.265157,1:30,5.44492,0.69522,5.42937,-22.41552,14.66682,15.00855,3.4157,1.32888,79.60064,-4.374577,2.01199,0.438283,,,,,,,,,,,,-7.83075,7.81437,-0.6479,50,5.41457,0.81608,-127.58657,-1.13626,-12.76555,28.95144,-19.43524,POM_COL,POM_COL,PomonaPitzer,TeamExclusive,Team,20250131-PomonaPitzer-Private-1,a2d7f5e0-e037-11ef-8ec6-fd2c1b208846,86.00016,,,8.34661,,,,,,,1bbb3642-f57c-4a84-8684-13f7541aee08,2025-02-01,00:58:22.55,2025-01-31T16:58:22.5560000-08:00,2025-02-01T00:58:22.5560000Z,,v3,POM_PIT,POM_PIT,,"Morgan, Ben",1000115622,Right,POM_COL,485019dd-a772-494e-8aa8-390e323fc3e1,55.07007,-128.73191,14.47572,5.44431,-0.36739,-9.71762,-0.69017,1.3211,-6.38278,,,,,,,,,,,,,,,,,,,,,,,,,,,,,,,,,,,,,,,,,,,,,,,,,,,High,High,High,,,,,
309,2025-01-31,16:58:57.63,1,5,"Wiessinger, Jack",1000276383,Right,POM_COL,"DeGrazia, Tanner",1000214434,Right,POM_COL,Undefined,9,Bottom,0,2,2,Slider,Slider,StrikeSwinging,Strikeout,Undefined,Undefined,0,0,,78.10392,0.070311,-0.707293,2318.70813,86.093617,8:45,5.16402,1.11555,4.91903,-47.3366,0.80878,-13.08304,1.28579,-0.64346,70.94746,-8.509881,-3.016685,0.4994,,,,,,,,,,,,6.2028,0.90965,-1.03519,50,5.13182,1.94841,-113.14716,-1.56403,7.92472,23.43238,-31.01189,POM_COL,POM_COL,PomonaPitzer,TeamExclusive,Team,20250131-PomonaPitzer-Private-1,b7c61590-e037-11ef-8ec6-fd2c1b208846,75.4754,,,7.15646,,,,,,,1bbb3642-f57c-4a84-8684-13f7541aee08,2025-02-01,00:58:57.63,2025-01-31T16:58:57.6320000-08:00,2025-02-01T00:58:57.6320000Z,,v3,POM_PIT,POM_PIT,,"Morgan, Ben",1000115622,Right,POM_COL,803b211b-6874-474a-b3e9-c7a64f67c655,55.57853,-114.29661,11.71619,5.17123,-0.04277,-15.50594,-1.12123,1.55967,3.96236,,,,,,,,,,,,,,,,,,,,,,,,,,,,,66.69827,,,0.915454,,,,6.65251,6.24414,-3.11869,70.94084,4.93174,-53.84077,6.6822,74.47903,-4.68797,6.25977,10.09799,-12.6185,-3.16762,-61.41679,6.63416,High,High,High,,,High,High,High
310,2025-01-31,16:59:29.66,2,1,"Wiessinger, Jack",1000276383,Right,POM_COL,"An, Andrew",10074820,Right,POM_COL,Undefined,9,Bottom,1,0,0,Fastball,Four-Seam,BallCalled,Undefined,Undefined,Undefined,0,0,,88.7238,0.183992,-1.28695,2151.19091,211.689849,1:00,5.45514,0.81035,5.60807,-18.38989,17.83765,10.23587,4.09444,0.46184,80.11829,-3.317007,0.539824,0.433202,,,,,,,,,,,,-5.5117,9.30418,-0.70674,50,5.4592,2.4254,-128.64296,-0.14199,-9.14387,29.1784,-16.73843,POM_COL,POM_COL,PomonaPitzer,TeamExclusive,Team,20250131-PomonaPitzer-Private-1,cacd4cd0-e037-11ef-8ec6-fd2c1b208846,87.00886,,,8.60551,,,,,,,1bbb3642-f57c-4a84-8684-13f7541aee08,2025-02-01,00:59:29.66,2025-01-31T16:59:29.6640000-08:00,2025-02-01T00:59:29.6640000Z,,v3,POM_PIT,POM_PIT,,"Morgan, Ben",1000115622,Right,POM_COL,d0b4c572-b252-461d-9f29-9054004b9a5d,54.88682,-129.74664,14.5892,5.45259,0.49114,-8.36921,-0.80502,2.77127,-4.57193,,,,,,,,,,,,,,,,,,,,,,,,,,,,,,,,,,,,,,,,,,,,,,,,,,,High,High,High,,,,,
311,2025-01-31,16:59:49.30,2,2,"Wiessinger, Jack",1000276383,Right,POM_COL,"An, Andrew",10074820,Right,POM_COL,Undefined,9,Bottom,1,1,0,Fastball,Four-Seam,StrikeCalled,Undefined,Undefined,Undefined,0,0,,87.19875,-0.167271,-0.495206,2094.937067,197.171694,12:30,5.35788,0.72909,5.52055,-18.79269,18.75847,5.39941,3.63542,0.71603,78.93085,-3.73577,0.467095,0.441045,,,,,,,,,,,,-2.84043,9.85674,-0.68954,50,5.331,0.85027,-126.45341,-0.935,-4.56269,27.69739,-16.34069,POM_COL,POM_COL,PomonaPitzer,TeamExclusive,Team,20250131-PomonaPitzer-Private-1,d68eca80-e037-11ef-8ec6-fd2c1b208846,85.46166,,,8.2679,,,,,,,1bbb3642-f57c-4a84-8684-13f7541aee08,2025-02-01,00:59:49.30,2025-01-31T16:59:49.3020000-08:00,2025-02-01T00:59:49.3020000Z,,v3,POM_PIT,POM_PIT,,"Morgan, Ben",1000115622,Right,POM_COL,c07fd399-6d78-4131-9c10-6aefa0f638ae,54.97407,-127.53824,13.84869,5.35509,-0.29498,-8.17034,-0.72634,1.02898,-2.28135,,,,,,,,,,,,,,,,,,,,,,,,,,,,,,,,,,,,,,,,,,,,,,,,,,,High,High,High,,,,,
312,2025-01-31,17:00:08.80,2,3,"Wiessinger, Jack",1000276383,Right,POM_COL,"An, Andrew",10074820,Right,POM_COL,Undefined,9,Bottom,1,1,1,Slider,Slider,FoulBallNotFieldable,Undefined,Undefined,Undefined,0,0,,78.47378,0.828573,-0.743846,2186.099644,119.911233,10:00,5.15265,1.16939,5.05302,-41.08093,6.0774,-7.80863,2.51081,-0.18291,71.42489,-6.676029,-2.123977,0.494254,,,,,,,,,,,,3.66378,3.21343,-1.09199,50,5.19906,1.79662,-113.76775,0.22393,4.7639,22.41153,-27.99573,POM_COL,POM_COL,PomonaPitzer,TeamExclusive,Team,20250131-PomonaPitzer-Private-1,e23211d0-e037-11ef-8ec6-fd2c1b208846,76.2612,,,7.0489,,,,,,,1bbb3642-f57c-4a84-8684-13f7541aee08,2025-02-01,01:00:08.80,2025-01-31T17:00:08.8030000-08:00,2025-02-01T01:00:08.8030000Z,,v3,POM_PIT,POM_PIT,,"Morgan, Ben",1000115622,Right,POM_COL,05ca57f1-e93e-4ddf-8d3c-3d13ca908a38,55.44541,-114.83546,11.20576,5.15662,1.55767,-13.99786,-1.17218,1.56966,2.38195,,,,,,,,,,,,,,,,,,,,,,,,,,,,,,,,,,,,,,,,,,,,,,,,,,,High,High,High,,,,,
313,2025-01-31,17:00:29.87,2,4,"Wiessinger, Jack",1000276383,Right,POM_COL,"An, Andrew",10074820,Right,POM_COL,Undefined,9,Bottom,1,1,2,Slider,Slider,BallCalled,Undefined,Undefined,Undefined,0,0,,78.28621,-2.53269,-2.494617,2337.493857,104.890373,9:30,5.10442,1.21423,5.23004,-42.67805,4.29311,-10.55906,-0.83673,-2.01222,72.32762,-10.229305,-4.367786,0.493273,,,,,,,,,,,,4.6665,3.21638,-0.97583,50,4.8386,5.34402,-113.44879,-6.45672,6.06003,21.44771,-27.99716,POM_COL,POM_COL,PomonaPitzer,TeamExclusive,Team,20250131-PomonaPitzer-Private-1,eeb72da0-e037-11ef-8ec6-fd2c1b208846,76.41297,,,5.95859,,,,,,,1bbb3642-f57c-4a84-8684-13f7541aee08,2025-02-01,01:00:29.87,2025-01-31T17:00:29.8750000-08:00,2025-02-01T01:00:29.8750000Z,,v3,POM_PIT,POM_PIT,,"Morgan, Ben",1000115622,Right,POM_COL,d10b1ff3-dcd1-439b-a682-bb7f743a928e,55.2719,-114.44111,10.72386,5.10737,-5.16137,-13.99858,-1.21659,5.06364,3.03001,,,,,,,,,,,,,,,,,,,,,,,,,,,,,,,,,,,,,,,,,,,,,,,,,,,High,High,High,,,,,
314,2025-01-31,17:00:56.92,2,5,"Wiessinger, Jack",1000276383,Right,POM_COL,"An, Andrew",10074820,Right,POM_COL,Undefined,9,Bottom,1,2,2,Fastball,Four-Seam,BallCalled,Undefined,Undefined,Undefined,0,0,,89.40989,-3.483566,-2.703889,2175.210442,214.894238,1:15,5.4003,0.70988,5.75865,-18.51993,16.63879,10.83209,0.60679,-0.90615,82.12507,-6.95392,-0.766185,0.426764,,,,,,,,,,,,-6.21918,9.7406,-0.49217,50,5.09966,5.64977,-129.54824,-8.47413,-10.61192,26.03537,-15.55343,POM_COL,POM_COL,PomonaPitzer,TeamExclusive,Team,20250131-PomonaPitzer-Private-1,fed6d550-e037-11ef-8ec6-fd2c1b208846,88.32148,,,7.28482,,,,,,,1bbb3642-f57c-4a84-8684-13f7541aee08,2025-02-01,01:00:56.92,2025-01-31T17:00:56.9260000-08:00,2025-02-01T01:00:56.9260000Z,,v3,POM_PIT,POM_PIT,,"Morgan, Ben",1000115622,Right,POM_COL,53f945fc-0fcb-40e1-a866-7d03dd612953,54.74008,-130.49737,13.01769,5.39825,-7.90712,-7.77671,-0.70519,6.03664,-5.30596,,,,,,,,,,,,,,,,,,,,,,,,,,,,,,,,,,,,,,,,,,,,,,,,,,,High,High,High,,,,,
315,2025-01-31,17:01:16.88,2,6,"Wiessinger, Jack",1000276383,Right,POM_COL,"An, Andrew",10074820,Right,POM_COL,Undefined,9,Bottom,1,3,2,Slider,Slider,FoulBallNotFieldable,Undefined,Undefined,Undefined,0,0,,78.93902,-0.004848,-1.244766,2212.364282,95.125828,9:15,5.10282,1.10723,5.10004,-44.65176,2.51618,-8.22182,1.37727,-0.75107,71.13158,-8.158881,-2.700292,0.494305,54.54173,34.79027,73.216132,4413.873921,,,,,64.00421,,,3.6489,1.77646,-0.98302,50,5.06789,2.82645,-114.26485,-1.57783,4.71824,25.36565,-29.87696,POM_COL,POM_COL,PomonaPitzer,TeamExclusive,Team,20250131-PomonaPitzer-Private-1,0ac185e0-e038-11ef-8ec6-fd2c1b208846,76.25343,32.82389,,7.80745,,,,0.51734,1.312,0.34421,1bbb3642-f57c-4a84-8684-13f7541aee08,2025-02-01,01:01:16.88,2025-01-31T17:01:16.8800000-08:00,2025-02-01T01:01:16.8800000Z,,v3,POM_PIT,POM_PIT,,"Morgan, Ben",1000115622,Right,POM_COL,dc65eca5-0c6c-408f-a139-51a5cff5bfc5,55.39613,-115.45652,12.68282,5.10905,-0.17422,-14.93848,-1.1106,2.60479,2.35912,,0.51734,18.97028,-7.31086,1.34855,-0.23696,0.02317,0.02224,-0.02321,0.00703,1.312,45.64326,-16.29999,1.07459,-0.40979,0.38,-0.24306,0.04213,0.01206,0.34421,62.89631,-6.66739,1.20616,-0.11569,-0.13667,0.13084,-0.04054,0.00085,,,,,,,,,,,,,,,,,,,,,,,High,High,High,Medium,Undefined,,,
316,2025-01-31,17:01:55.75,2,7,"Wiessinger, Jack",1000276383,Right,POM_COL,"An, Andrew",10074820,Right,POM_COL,Undefined,9,Bottom,1,3,2,Fastball,Four-Seam,BallCalled,Walk,Undefined,Undefined,0,0,,88.51413,-2.991637,-1.984375,2015.238865,206.967616,1:00,5.3514,0.77924,5.67082,-20.91214,15.25131,7.14878,0.81526,-0.47591,80.84229,-6.900256,-0.706619,0.432819,,,,,,,,,,,,-4.19229,8.96197,-0.61622,50,5.08548,4.13486,-128.26736,-7.38262,-6.96373,27.26008,-17.28746,POM_COL,POM_COL,PomonaPitzer,TeamExclusive,Team,20250131-PomonaPitzer-Private-1,21e76d20-e038-11ef-8ec6-fd2c1b208846,87.08594,,,7.67184,,,,,,,1bbb3642-f57c-4a84-8684-13f7541aee08,2025-02-01,01:01:55.75,2025-01-31T17:01:55.7500000-08:00,2025-02-01T01:01:55.7500000Z,,v3,POM_PIT,POM_PIT,,"Morgan, Ben",1000115622,Right,POM_COL,52f45303-3956-4eeb-a15e-5a4bc920f842,54.82706,-129.28916,13.63004,5.35006,-6.73462,-8.64373,-0.7761,4.39589,-3.48187,,,,,,,,,,,,,,,,,,,,,,,,,,,,,,,,,,,,,,,,,,,,,,,,,,,High,High,High,,,,,
317,2025-01-31,17:02:23.88,3,1,"Wiessinger, Jack",1000276383,Right,POM_COL,"Hattenburg, Xavier",10277269,Left,POM_COL,Undefined,9,Bottom,1,0,0,Fastball,Four-Seam,StrikeCalled,Undefined,Undefined,Undefined,0,0,,88.42146,-1.035496,-2.125553,2023.406906,206.457131,1:00,5.40898,0.68539,5.62745,-22.81348,13.39272,6.0774,2.54086,-0.79244,80.63999,-5.29722,-1.040841,0.433075,,,,,,,,,,,,-3.66158,7.43347,-0.50814,50,5.30626,4.49158,-128.25475,-3.07946,-6.0861,27.04693,-19.81845,POM_COL,POM_COL,PomonaPitzer,TeamExclusive,Team,20250131-PomonaPitzer-Private-1,32a32dc0-e038-11ef-8ec6-fd2c1b208846,87.03447,,,7.78147,,,,,,,1bbb3642-f57c-4a84-8684-13f7541aee08,2025-02-01,01:02:23.88,2025-01-31T17:02:23.8830000-08:00,2025-02-01T01:02:23.8830000Z,,v3,POM_PIT,POM_PIT,,"Morgan, Ben",1000115622,Right,POM_COL,b7452c09-5a10-4ee9-8d29-7fcea077b66b,54.86939,-129.27755,13.52346,5.40854,-2.33001,-9.90923,-0.68235,4.72173,-3.04305,,,,,,,,,,,,,,,,,,,,,,,,,,,,,,,,,,,,,,,,,,,,,,,,,,,High,High,High,,,,,
318,2025-01-31,17:02:47.03,3,2,"Wiessinger, Jack",1000276383,Right,POM_COL,"Hattenburg, Xavier",10277269,Left,POM_COL,Undefined,9,Bottom,1,0,1,Fastball,Four-Seam,BallCalled,Undefined,Undefined,Undefined,0,0,,88.11064,-1.170413,-2.722111,2039.182217,211.521685,1:00,5.31851,0.70456,5.64215,-21.64241,14.79583,8.34914,2.42178,-1.14091,80.3973,-5.224051,-1.232542,0.43446,,,,,,,,,,,,-4.97843,8.18241,-0.47858,50,5.20536,5.71011,-127.76736,-3.31644,-8.21963,26.6172,-18.66447,POM_COL,POM_COL,PomonaPitzer,TeamExclusive,Team,20250131-PomonaPitzer-Private-1,407ae140-e038-11ef-8ec6-fd2c1b208846,86.75691,,,7.71333,,,,,,,1bbb3642-f57c-4a84-8684-13f7541aee08,2025-02-01,01:02:47.03,2025-01-31T17:02:47.0320000-08:00,2025-02-01T01:02:47.0320000Z,,v3,POM_PIT,POM_PIT,,"Morgan, Ben",1000115622,Right,POM_COL,85dec16b-ba47-48bf-aa73-e09c2cc82319,54.85534,-128.77488,13.3086,5.31752,-2.60995,-9.33223,-0.70061,6.02123,-4.10981,,,,,,,,,,,,,,,,,,,,,,,,,,,,,,,,,,,,,,,,,,,,,,,,,,,High,High,High,,,,,
319,2025-01-31,17:03:27.31,3,3,"Wiessinger, Jack",1000276383,Right,POM_COL,"Hattenburg, Xavier",10277269,Left,POM_COL,Undefined,9,Bottom,1,1,1,Slider,Slider,StrikeCalled,Undefined,Undefined,Undefined,0,0,,78.47996,0.454278,0.957249,2325.051811,100.355621,9:15,5.12907,1.18372,4.92599,-43.81065,3.84847,-11.75548,1.90771,1.10911,71.08226,-7.525391,-1.117374,0.496872,,,,,,,,,,,,6.0567,2.29914,-1.26684,50,5.13747,-1.39601,-113.66294,-0.66743,7.81725,23.43863,-29.20657,POM_COL,POM_COL,PomonaPitzer,TeamExclusive,Team,20250131-PomonaPitzer-Private-1,58838760-e038-11ef-8ec6-fd2c1b208846,75.85947,,,7.3977,,,,,,,1bbb3642-f57c-4a84-8684-13f7541aee08,2025-02-01,01:03:27.31,2025-01-31T17:03:27.3190000-08:00,2025-02-01T01:03:27.3190000Z,,v3,POM_PIT,POM_PIT,,"Morgan, Ben",1000115622,Right,POM_COL,b0d162ce-2870-473e-9b49-5a5a0f1e761e,55.57019,-114.80583,11.71931,5.13529,0.75671,-14.60329,-1.18947,-1.77719,3.90863,,,,,,,,,,,,,,,,,,,,,,,,,,,,,,,,,,,,,,,,,,,,,,,,,,,High,High,High,,,,,
320,2025-01-31,17:03:47.32,3,4,"Wiessinger, Jack",1000276383,Right,POM_COL,"Hattenburg, Xavier",10277269,Left,POM_COL,Undefined,9,Bottom,1,1,2,ChangeUp,Changeup,StrikeSwinging,Strikeout,Undefined,Undefined,0,0,,81.46302,-0.833975,-1.874261,1889.070333,253.977738,2:30,5.3306,0.83796,5.28623,-36.58199,6.74725,18.43836,1.49847,0.61381,74.3477,-7.534522,1.401439,0.473764,,,,,,,,,,,,-9.75847,4.0665,-0.68103,50,5.22805,3.09309,-118.13362,-2.99345,-13.70529,23.79741,-26.46283,POM_COL,POM_COL,PomonaPitzer,TeamExclusive,Team,20250131-PomonaPitzer-Private-1,64644ce0-e038-11ef-8ec6-fd2c1b208846,79.55957,,,7.11531,,,,,,,1bbb3642-f57c-4a84-8684-13f7541aee08,2025-02-01,01:03:47.32,2025-01-31T17:03:47.3210000-08:00,2025-02-01T01:03:47.3210000Z,,v3,POM_PIT,POM_PIT,,"Morgan, Ben",1000115622,Right,POM_COL,fa2d8e0f-671e-43bf-a037-68141b3968ca,55.21271,-119.17907,11.8987,5.33403,-1.83091,-13.23141,-0.83014,3.69518,-6.85264,,,,,,,,,,,,,,,,,,,,,,,,,,,,,,,,,,,,,,,,,,,,,,,,,,,High,High,High,,,,,
321,2025-01-31,17:04:17.60,4,1,"Wiessinger, Jack",1000276383,Right,POM_COL,"Evans, Carson",1000276380,Right,POM_COL,Undefined,9,Bottom,2,0,0,Fastball,Four-Seam,InPlay,Undefined,GroundBall,Out,1,0,,87.29336,-2.508786,-1.077617,1999.433405,208.867805,1:00,5.419,0.66381,5.48184,-21.60104,15.80847,8.02926,1.26965,0.32453,79.67541,-6.538026,0.353247,0.440212,85.99632,-5.061214,7.89403,,,,,15.53843,15.53843,6.02568,0.113266,-4.37126,9.07189,-0.57495,50,5.18441,2.03394,-126.5683,-6.2574,-7.06482,26.71876,-17.51206,POM_COL,POM_COL,PomonaPitzer,TeamExclusive,Team,20250131-PomonaPitzer-Private-1,767a1f40-e038-11ef-8ec6-fd2c1b208846,85.6233,1.2614,,7.61795,,,,1.34489,1.2614,-0.32497,1bbb3642-f57c-4a84-8684-13f7541aee08,2025-02-01,01:04:17.60,2025-01-31T17:04:17.6090000-08:00,2025-02-01T01:04:17.6090000Z,GroundBall,v3,POM_PIT,POM_PIT,,"Morgan, Ben",1000115622,Right,POM_COL,7922da59-509b-42e5-a02f-8d8ff0e2af3b,55.01666,-127.62293,13.35938,5.41776,-5.56617,-8.75603,-0.66074,2.3128,-3.53241,,1.34292,124.55321,,,,,,,,1.26158,-11.13663,,,,,,,,-0.32524,17.26996,,,,,,,,,,,,,,,,,,,,,,,,,,,,,,High,High,High,Estimated,Estimated,,,