PitchNo,Date,Time,PAofInning,PitchofPA,Pitcher,PitcherId,PitcherThrows,PitcherTeam,Batter,BatterId,BatterSide,BatterTeam,PitcherSet,Inning,Top/Bottom,Outs,Balls,Strikes,TaggedPitchType,AutoPitchType,PitchCall,KorBB,TaggedHitType,PlayResult,OutsOnPlay,RunsScored,Notes,RelSpeed,VertRelAngle,HorzRelAngle,SpinRate,SpinAxis,Tilt,RelHeight,RelSide,Extension,VertBreak,InducedVertBreak,HorzBreak,PlateLocHeight,PlateLocSide,ZoneSpeed,VertApprAngle,HorzApprAngle,ZoneTime,ExitSpeed,Angle,Direction,HitSpinRate,PositionAt110X,PositionAt110Y,PositionAt110Z,Distance,LastTrackedDistance,Bearing,HangTime,pfxx,pfxz,x0,y0,z0,vx0,vy0,vz0,ax0,ay0,az0,HomeTeam,AwayTeam,Stadium,Level,League,GameID,PitchUID,EffectiveVelo,MaxHeight,MeasuredDuration,SpeedDrop,PitchLastMeasuredX,PitchLastMeasuredY,PitchLastMeasuredZ,ContactPositionX,ContactPositionY,ContactPositionZ,GameUID,UTCDate,UTCTime,LocalDateTime,UTCDateTime,AutoHitType,System,HomeTeamForeignID,AwayTeamForeignID,GameForeignID,Catcher,CatcherId,CatcherThrows,CatcherTeam,PlayID,PitchTrajectoryXc0,PitchTrajectoryXc1,PitchTrajectoryXc2,PitchTrajectoryYc0,PitchTrajectoryYc1,PitchTrajectoryYc2,PitchTrajectoryZc0,PitchTrajectoryZc1,PitchTrajectoryZc2,HitSpinAxis,HitTrajectoryXc0,HitTrajectoryXc1,HitTrajectoryXc2,HitTrajectoryXc3,HitTrajectoryXc4,HitTrajectoryXc5,HitTrajectoryXc6,HitTrajectoryXc7,HitTrajectoryXc8,HitTrajectoryYc0,HitTrajectoryYc1,HitTrajectoryYc2,HitTrajectoryYc3,HitTrajectoryYc4,HitTrajectoryYc5,HitTrajectoryYc6,HitTrajectoryYc7,HitTrajectoryYc8,HitTrajectoryZc0,HitTrajectoryZc1,HitTrajectoryZc2,HitTrajectoryZc3,HitTrajectoryZc4,HitTrajectoryZc5,HitTrajectoryZc6,HitTrajectoryZc7,HitTrajectoryZc8,ThrowSpeed,PopTime,ExchangeTime,TimeToBase,CatchPositionX,CatchPositionY,CatchPositionZ,ThrowPositionX,ThrowPositionY,ThrowPositionZ,BasePositionX,BasePositionY,BasePositionZ,ThrowTrajectoryXc0,ThrowTrajectoryXc1,ThrowTrajectoryXc2,ThrowTrajectoryYc0,ThrowTrajectoryYc1,ThrowTrajectoryYc2,ThrowTrajectoryZc0,ThrowTrajectoryZc1,ThrowTrajectoryZc2,PitchReleaseConfidence,PitchLocationConfidence,PitchMovementConfidence,HitLaunchConfidence,HitLandingConfidence,CatcherThrowCatchConfidence,CatcherThrowReleaseConfidence,CatcherThrowLocationConfidence
1,2025-02-28,14:04:32.06,1,1,"Brunngraber, Max",1000276385,Right,POM_COL,"De Vries, Luke",1000121378,Left,RED_UNI,Undefined,1,Top,0,0,0,Fastball,Four-Seam,InPlay,Undefined,LineDrive,Single,0,0,,86.10071,-1.669057,-2.678325,2236.85681,202.967156,12:45,5.71543,2.83135,5.78816,-24.10934,14.02804,5.39713,2.15146,0.78764,78.35153,-6.183431,-1.712617,0.444475,89.53781,14.831653,-14.322302,2205.627077,104.80614,19.97083,-33.40029,240.20185,240.20185,-20.912149,2.3715,-3.56276,8.03709,-2.61392,50,5.56345,5.6179,-124.81914,-4.4008,-5.58191,26.74153,-19.58201,POM_COL,RED_UNI,PomonaPitzer,D3,Team,20250228-PomonaPitzer-1,fd585b60-f61f-11ef-9580-87d9c9be22a3,84.80222,20.34703,,7.74918,,,,0.76664,2.07081,-0.76506,27c5113f-7cd2-4e59-98da-f9ff0abff72f,2025-02-28,22:04:32.06,2025-02-28T14:04:32.0662528-08:00,2025-02-28T22:04:32.0662528Z,LineDrive,v3,POM_PIT,,,"Savas, Peter",1000276389,Right,POM_COL,6425d9aa-4825-4265-ba35-b58177b886b2,54.71031,-125.82425,13.37076,5.71502,-3.6648,-9.791,-2.82902,5.8277,-2.79096,116.960731,0.76665,123.00123,-17.24573,3.23231,-0.56652,0.03037,0.02165,-0.00806,0.00098,2.07081,33.61534,-16.37834,0.94135,-0.13474,0.05553,-0.02326,0.00656,-0.00077,-0.76508,-31.40116,-4.30803,1.86913,-0.5403,0.10513,-0.012,4E-05,0.00012,,,,,,,,,,,,,,,,,,,,,,,High,High,High,High,High,,,
2,2025-02-28,14:05:07.98,2,1,"Brunngraber, Max",1000276385,Right,POM_COL,"Morris, Rylan",1000396958,Right,RED_UNI,Undefined,1,Top,0,0,0,Fastball,Cutter,FoulBallNotFieldable,Undefined,Undefined,Undefined,0,0,,85.97297,-1.26802,-2.440416,2183.71907,195.073445,12:30,5.77315,2.67861,5.60064,-23.15942,15.3843,3.78843,2.65814,0.71462,78.08727,-5.60788,-1.764928,0.446836,,,,,,,,,,,,-2.64453,8.55544,-2.47199,50,5.64971,5.14887,-124.60286,-3.49931,-4.127,26.75886,-18.82263,POM_COL,RED_UNI,PomonaPitzer,D3,Team,20250228-PomonaPitzer-1,12c1c590-f620-11ef-9580-87d9c9be22a3,84.35407,,,7.8857,,,,,,,27c5113f-7cd2-4e59-98da-f9ff0abff72f,2025-02-28,22:05:07.98,2025-02-28T14:05:07.9828480-08:00,2025-02-28T22:05:07.9828480Z,,v3,POM_PIT,,,"Savas, Peter",1000276389,Right,POM_COL,505fe21e-f9ef-40c0-9547-bd87b85697f4,54.89626,-125.64994,13.37943,5.77223,-2.76278,-9.41132,-2.67663,5.31036,-2.0635,,,,,,,,,,,,,,,,,,,,,,,,,,,,,,,,,,,,,,,,,,,,,,,,,,,High,High,High,,,,,
3,2025-02-28,14:05:28.50,2,2,"Brunngraber, Max",1000276385,Right,POM_COL,"Morris, Rylan",1000396958,Right,RED_UNI,Undefined,1,Top,0,0,1,ChangeUp,Changeup,BallCalled,Undefined,Undefined,Undefined,0,0,,80.94136,-3.972171,-4.036737,1379.605797,203.507424,12:45,5.66601,2.78167,5.64876,-29.6886,13.91402,5.40587,-0.5282,-0.53929,74.17526,-9.434084,-3.073161,0.475256,,,,,,,,,,,,-3.9639,8.67056,-2.44244,50,5.30905,8.04732,-116.95469,-9.06314,-5.46051,23.1755,-20.2298,POM_COL,RED_UNI,PomonaPitzer,D3,Team,20250228-PomonaPitzer-1,1ef7aff0-f620-11ef-9580-87d9c9be22a3,79.30974,,,6.7661,,,,,,,27c5113f-7cd2-4e59-98da-f9ff0abff72f,2025-02-28,22:05:28.50,2025-02-28T14:05:28.5039616-08:00,2025-02-28T22:05:28.5039616Z,,v3,POM_PIT,,,"Savas, Peter",1000276389,Right,POM_COL,f5d3692b-728e-47bc-9b56-90d5bd7f2d19,54.85094,-117.91202,11.58775,5.66617,-8.22749,-10.1149,-2.77951,8.27288,-2.73025,,,,,,,,,,,,,,,,,,,,,,,,,,,,,,,,,,,,,,,,,,,,,,,,,,,High,High,High,,,,,
4,2025-02-28,14:05:54.31,2,3,"Brunngraber, Max",1000276385,Right,POM_COL,"Morris, Rylan",1000396958,Right,RED_UNI,Undefined,1,Top,0,1,1,Fastball,Four-Seam,BallCalled,Undefined,Undefined,Undefined,0,0,,85.89528,0.435582,-2.229928,2142.108305,209.305903,1:00,5.81826,2.75778,5.82799,-22.79966,15.28521,7.88619,4.32352,1.34095,78.16429,-3.861492,-0.817864,0.444168,,,,,,,,,,,,-4.62378,8.03705,-2.58006,50,5.84044,4.51965,-124.62385,0.25217,-7.25337,25.63584,-19.56623,POM_COL,RED_UNI,PomonaPitzer,D3,Team,20250228-PomonaPitzer-1,2e5ba8c0-f620-11ef-9580-87d9c9be22a3,84.86069,,,7.73099,,,,,,,27c5113f-7cd2-4e59-98da-f9ff0abff72f,2025-02-28,22:05:54.31,2025-02-28T14:05:54.3118848-08:00,2025-02-28T22:05:54.3118848Z,,v3,POM_PIT,,,"Savas, Peter",1000276389,Right,POM_COL,88481148-3ab7-47d8-919c-cdfcb94ddc85,54.66837,-125.58049,12.81792,5.81741,0.98231,-9.78312,-2.75376,4.79032,-3.62668,,,,,,,,,,,,,,,,,,,,,,,,,,,,,,,,,,,,,,,,,,,,,,,,,,,High,High,High,,,,,
5,2025-02-28,14:06:13.92,2,4,"Brunngraber, Max",1000276385,Right,POM_COL,"Morris, Rylan",1000396958,Right,RED_UNI,Undefined,1,Top,0,2,1,Slider,Curveball,StrikeCalled,Undefined,Undefined,Undefined,0,0,,73.02539,2.332185,-1.456014,2307.235129,74.754989,8:30,5.62808,2.87074,5.55684,-54.28349,-1.02181,-9.92642,3.28542,0.68284,66.90922,-7.602906,-3.225433,0.525265,,,,,,,,,,,,4.56107,-0.60724,-2.73839,50,5.79432,3.05819,-105.92735,2.62345,5.16574,18.63357,-32.86182,POM_COL,RED_UNI,PomonaPitzer,D3,Team,20250228-PomonaPitzer-1,3a14e910-f620-11ef-9580-87d9c9be22a3,71.75885,,,6.11618,,,,,,,27c5113f-7cd2-4e59-98da-f9ff0abff72f,2025-02-28,22:06:13.92,2025-02-28T14:06:13.9282944-08:00,2025-02-28T22:06:13.9282944Z,,v3,POM_PIT,,,"Savas, Peter",1000276389,Right,POM_COL,ebdf9dda-5d6b-41a4-a5c8-10e38b0c389a,54.94247,-106.79324,9.31679,5.63693,4.15051,-16.43091,-2.87492,2.81814,2.58287,,,,,,,,,,,,,,,,,,,,,,,,,,,,,,,,,,,,,,,,,,,,,,,,,,,High,High,High,,,,,
6,2025-02-28,14:06:32.00,2,5,"Brunngraber, Max",1000276385,Right,POM_COL,"Morris, Rylan",1000396958,Right,RED_UNI,Undefined,1,Top,0,2,2,ChangeUp,Changeup,FoulBallNotFieldable,Undefined,Undefined,Undefined,0,0,,81.06782,-1.430355,-3.954674,1504.146029,259.634252,2:45,5.61689,2.82024,5.8412,-38.50203,4.49544,16.62981,1.0756,0.52483,74.05877,-8.524805,-0.97561,0.471947,,,,,,,,,,,,-9.76705,3.10406,-2.5079,50,5.47731,7.49347,-117.4592,-4.16601,-13.54696,23.74242,-27.86871,POM_COL,RED_UNI,PomonaPitzer,D3,Team,20250228-PomonaPitzer-1,44d104b0-f620-11ef-9580-87d9c9be22a3,79.86591,,,7.00905,,,,,,,27c5113f-7cd2-4e59-98da-f9ff0abff72f,2025-02-28,22:06:32.00,2025-02-28T14:06:32.0051200-08:00,2025-02-28T22:06:32.0051200Z,,v3,POM_PIT,,,"Savas, Peter",1000276389,Right,POM_COL,81d91b3f-a098-40db-b8f7-9ddde3506449,54.65988,-118.39737,11.87121,5.62017,-3.0648,-13.93435,-2.81458,8.02877,-6.77348,,,,,,,,,,,,,,,,,,,,,,,,,,,,,,,,,,,,,,,,,,,,,,,,,,,High,High,High,,,,,
7,2025-02-28,14:06:55.09,2,6,"Brunngraber, Max",1000276385,Right,POM_COL,"Morris, Rylan",1000396958,Right,RED_UNI,Undefined,1,Top,0,2,2,Fastball,Four-Seam,BallCalled,Undefined,Undefined,Undefined,0,0,,87.49638,0.178694,-1.627008,2184.946368,217.571278,1:15,5.77103,2.84881,5.78641,-25.40037,11.05209,7.66205,3.82065,1.97325,80.30926,-4.552039,-0.254942,0.434545,,,,,,,,,,,,-4.31221,5.93091,-2.71924,50,5.77052,3.28457,-127.10802,-0.44719,-7.09213,24.7636,-22.4197,POM_COL,RED_UNI,PomonaPitzer,D3,Team,20250228-PomonaPitzer-1,528fd900-f620-11ef-9580-87d9c9be22a3,86.73999,,,7.18712,,,,,,,27c5113f-7cd2-4e59-98da-f9ff0abff72f,2025-02-28,22:06:55.09,2025-02-28T14:06:55.0964736-08:00,2025-02-28T22:06:55.0964736Z,,v3,POM_PIT,,,"Savas, Peter",1000276389,Right,POM_COL,4cee9d1f-0757-4bb2-a118-6bcd57a012ae,54.7119,-128.02271,12.3818,5.77174,0.38093,-11.20985,-2.8454,3.54654,-3.54607,,,,,,,,,,,,,,,,,,,,,,,,,,,,,,,,,,,,,,,,,,,,,,,,,,,High,High,High,,,,,
8,2025-02-28,14:07:15.00,2,7,"Brunngraber, Max",1000276385,Right,POM_COL,"Morris, Rylan",1000396958,Right,RED_UNI,Undefined,1,Top,0,3,2,Fastball,Four-Seam,InPlay,Undefined,GroundBall,Single,0,0,,85.13819,-1.821814,-2.717758,2084.532281,198.142497,12:30,5.9482,2.50104,5.97214,-22.30966,16.15418,4.89331,2.3976,0.38731,78.0095,-6.015152,-1.839367,0.446373,96.15118,4.339964,-0.653271,1270.758931,,,,84.11142,83.54938,-2.483912,0.635724,-3.27677,9.18091,-2.28852,50,5.79139,5.67208,-123.53446,-4.59361,-5.06642,24.48061,-17.97881,POM_COL,RED_UNI,PomonaPitzer,D3,Team,20250228-PomonaPitzer-1,5e76e010-f620-11ef-9580-87d9c9be22a3,84.4416,3.58,,7.12868,,,,1.43123,2.39091,-0.40318,27c5113f-7cd2-4e59-98da-f9ff0abff72f,2025-02-28,22:07:15.00,2025-02-28T14:07:15.0052352-08:00,2025-02-28T22:07:15.0052352Z,GroundBall,v3,POM_PIT,,,"Savas, Peter",1000276389,Right,POM_COL,765a6cad-91c5-4681-84c2-ccd464896bd2,54.52715,-124.42836,12.24031,5.94714,-3.93712,-8.9894,-2.49902,5.85708,-2.53321,42.785603,1.45212,140.16554,-16.19718,,,,,,,2.42331,9.9835,-21.77516,,,,,,,-0.38718,-1.94453,-5.03961,,,,,,,,,,,,,,,,,,,,,,,,,,,,,High,High,High,High,Medium,,,
9,2025-02-28,14:08:00.05,3,1,"Brunngraber, Max",1000276385,Right,POM_COL,"Preece, Tyler",1000074626,Right,RED_UNI,Undefined,1,Top,0,0,0,Cutter,Slider,InPlay,Undefined,LineDrive,Sacrifice,1,1,,78.99435,0.063288,-2.534821,2230.754632,151.103449,11:00,5.71944,2.71888,5.34596,-38.10471,7.52036,-3.38445,2.60347,0.05758,72.69639,-6.905138,-3.135345,0.486153,98.67594,16.627763,-3.430016,1344.701426,109.96623,26.4795,-2.72357,296.04354,289.5779,1.02988,2.862721,1.02453,4.15449,-2.48783,50,5.69782,5.2065,-114.61837,-1.14027,1.36649,20.66931,-26.63299,POM_COL,RED_UNI,PomonaPitzer,D3,Team,20250228-PomonaPitzer-1,7955fec0-f620-11ef-9580-87d9c9be22a3,77.53202,29.59488,,6.29797,,,,2.01654,2.75851,-0.08679,27c5113f-7cd2-4e59-98da-f9ff0abff72f,2025-02-28,22:08:00.05,2025-02-28T14:08:00.0556544-08:00,2025-02-28T22:08:00.0556544Z,LineDrive,v3,POM_PIT,,,"Savas, Peter",1000276389,Right,POM_COL,155986a7-f6f1-4950-af93-f2d5fe869650,55.15402,-115.54406,10.33466,5.72218,0.05251,-13.3165,-2.71964,5.1453,0.68324,233.997411,2.01661,138.42095,-20.24645,4.32551,-0.75187,0.03298,0.03295,-0.01105,0.00124,2.75843,41.41731,-17.0483,0.87646,-0.10874,0.0888,-0.04826,0.01332,-0.00141,-0.08681,-8.29574,8.27859,-3.25253,0.9518,-0.21158,0.03453,-0.00319,9E-05,,,,,,,,,,,,,,,,,,,,,,,High,High,High,High,Medium,,,
10,2025-02-28,14:08:37.28,4,1,"Brunngraber, Max",1000276385,Right,POM_COL,"Kirkland, Mark",684750,Left,RED_UNI,Undefined,1,Top,1,0,0,Fastball,Sinker,BallCalled,Undefined,Undefined,Undefined,0,0,,87.8782,-0.244021,-2.168493,2196.27017,220.305506,1:15,5.84431,2.69967,5.77378,-24.47293,11.63839,8.96583,3.57766,1.42796,80.80711,-4.799937,-0.563887,0.432507,,,,,,,,,,,,-5.10193,6.33028,-2.52576,50,5.80934,4.45041,-127.64604,-1.35754,-8.47822,24.50381,-21.65463,POM_COL,RED_UNI,PomonaPitzer,D3,Team,20250228-PomonaPitzer-1,8f7d88d0-f620-11ef-9580-87d9c9be22a3,87.14874,,,7.07109,,,,,,,27c5113f-7cd2-4e59-98da-f9ff0abff72f,2025-02-28,22:08:37.28,2025-02-28T14:08:37.2857344-08:00,2025-02-28T22:08:37.2857344Z,,v3,POM_PIT,,,"Savas, Peter",1000276389,Right,POM_COL,33db8b44-b576-47b3-b7a7-de5957b135e8,54.72481,-128.54985,12.25191,5.84468,-0.55883,-10.82732,-2.69568,4.76313,-4.23911,,,,,,,,,,,,,,,,,,,,,,,,,,,,,,,,,,,,,,,,,,,,,,,,,,,High,High,High,,,,,
11,2025-02-28,14:08:54.77,4,2,"Brunngraber, Max",1000276385,Right,POM_COL,"Kirkland, Mark",684750,Left,RED_UNI,Undefined,1,Top,1,1,0,Cutter,Slider,StrikeSwinging,Undefined,Undefined,Undefined,0,0,,79.38856,-0.727281,-3.011372,2307.194237,155.803373,11:15,5.74118,2.76451,5.346,-34.12565,11.77926,-4.5654,2.2142,-0.44327,72.02741,-7.021597,-3.820711,0.487642,,,,,,,,,,,,1.33547,6.61949,-2.48965,50,5.65166,6.23095,-114.90471,-2.57042,1.76358,23.72736,-23.43262,POM_COL,RED_UNI,PomonaPitzer,D3,Team,20250228-PomonaPitzer-1,99f2b060-f620-11ef-9580-87d9c9be22a3,77.29534,,,7.36115,,,,,,,27c5113f-7cd2-4e59-98da-f9ff0abff72f,2025-02-28,22:08:54.77,2025-02-28T14:08:54.7753472-08:00,2025-02-28T22:08:54.7753472Z,,v3,POM_PIT,,,"Savas, Peter",1000276389,Right,POM_COL,5572dfc7-9c49-4eee-9a76-5fe5785b995e,55.1497,-115.96323,11.86368,5.74302,-1.52505,-11.71631,-2.76587,6.15228,0.88179,,,,,,,,,,,,,,,,,,,,,,,,,,,,,,,,,,,,,,,,,,,,,,,,,,,High,High,High,,,,,
12,2025-02-28,14:09:17.42,4,3,"Brunngraber, Max",1000276385,Right,POM_COL,"Kirkland, Mark",684750,Left,RED_UNI,Undefined,1,Top,1,1,1,Slider,Curveball,StrikeCalled,Undefined,Undefined,Undefined,0,0,,73.6537,2.307919,-0.729697,2358.180669,79.741737,8:45,5.59314,2.85356,5.42228,-53.74192,-1.12961,-15.43859,3.2778,0.88347,67.46475,-7.506326,-3.475903,0.522054,,,,,,,,,,,,7.49315,-0.66024,-2.778,50,5.76109,1.94435,-106.85335,2.58335,8.63189,19.03431,-32.93462,POM_COL,RED_UNI,PomonaPitzer,D3,Team,20250228-PomonaPitzer-1,a782d390-f620-11ef-9580-87d9c9be22a3,72.20033,,,6.18895,,,,,,,27c5113f-7cd2-4e59-98da-f9ff0abff72f,2025-02-28,22:09:17.42,2025-02-28T14:09:17.4216704-08:00,2025-02-28T22:09:17.4216704Z,,v3,POM_PIT,,,"Savas, Peter",1000276389,Right,POM_COL,0e8eed2b-0745-477b-9b25-ba935b7642a7,55.07757,-107.75405,9.51716,5.60198,4.1418,-16.46731,-2.86034,1.53589,4.31595,,,,,,,,,,,,,,,,,,,,,,,,,,,,,,,,,,,,,,,,,,,,,,,,,,,High,High,High,,,,,
13,2025-02-28,14:09:35.39,4,4,"Brunngraber, Max",1000276385,Right,POM_COL,"Kirkland, Mark",684750,Left,RED_UNI,Undefined,1,Top,1,1,2,ChangeUp,Changeup,BallCalled,Undefined,Undefined,Undefined,0,0,,82.81396,-2.993268,-4.074136,1567.320065,227.220921,1:30,5.65955,2.83302,5.86891,-29.87632,11.16382,10.62245,0.37985,-0.07261,76.04573,-8.514883,-2.172491,0.46108,,,,,,,,,,,,-6.59851,6.95315,-2.50894,50,5.39904,8.12722,-119.87173,-7.21741,-9.59525,23.30163,-22.06304,POM_COL,RED_UNI,PomonaPitzer,D3,Team,20250228-PomonaPitzer-1,b2280bd0-f620-11ef-9580-87d9c9be22a3,81.74822,,,6.76823,,,,,,,27c5113f-7cd2-4e59-98da-f9ff0abff72f,2025-02-28,22:09:35.39,2025-02-28T14:09:35.3992704-08:00,2025-02-28T22:09:35.3992704Z,,v3,POM_PIT,,,"Savas, Peter",1000276389,Right,POM_COL,4e12850d-1cb2-4b29-8fbe-7e96ceb3c0d4,54.63069,-120.76852,11.65082,5.66047,-6.36829,-11.03152,-2.82883,8.49651,-4.79762,,,,,,,,,,,,,,,,,,,,,,,,,,,,,,,,,,,,,,,,,,,,,,,,,,,High,High,High,,,,,
14,2025-02-28,14:09:55.47,4,5,"Brunngraber, Max",1000276385,Right,POM_COL,"Kirkland, Mark",684750,Left,RED_UNI,Undefined,1,Top,1,2,2,Cutter,Slider,InPlay,Undefined,FlyBall,HomeRun,0,2,,78.23378,1.463514,-2.63796,2280.789879,113.45861,9:45,5.67434,2.98277,5.26491,-41.11105,5.93028,-10.17709,3.62505,-0.34527,71.41683,-6.061453,-4.438352,0.493641,,,,,,,,,,,,4.35036,2.95327,-2.73329,50,5.77814,5.62428,-113.37289,1.52638,5.63222,21.75116,-28.35057,POM_COL,RED_UNI,PomonaPitzer,D3,Team,20250228-PomonaPitzer-1,be231010-f620-11ef-9580-87d9c9be22a3,76.35594,,,6.81695,,,,,,,27c5113f-7cd2-4e59-98da-f9ff0abff72f,2025-02-28,22:09:55.47,2025-02-28T14:09:55.4767360-08:00,2025-02-28T22:09:55.4767360Z,,v3,POM_PIT,,,"Savas, Peter",1000276389,Right,POM_COL,afe337b6-4aae-4df7-b51d-43a9e1ebeca0,55.23465,-114.37277,10.87558,5.67802,2.82963,-14.17529,-2.98588,5.36538,2.81611,,,,,,,,,,,,,,,,,,,,,,,,,,,,,,,,,,,,,,,,,,,,,,,,,,,High,High,High,,,,,
15,2025-02-28,14:10:41.96,5,1,"Brunngraber, Max",1000276385,Right,POM_COL,"Umscheid, Ian",1000221147,Left,RED_UNI,Undefined,1,Top,1,0,0,Fastball,Four-Seam,InPlay,Undefined,GroundBall,Single,0,0,,85.83911,-1.553834,-3.329837,2207.154581,200.646035,12:45,5.85471,2.65944,5.99135,-22.20371,15.58107,5.4263,2.56159,0.0222,78.72116,-5.724952,-2.35644,0.442415,93.13628,-14.811445,22.345706,,,,,11.96512,9.20842,19.625632,0.075122,-3.71929,8.80453,-2.39977,50,5.71975,7.03344,-124.53072,-4.04736,-5.85172,24.55936,-18.32151,POM_COL,RED_UNI,PomonaPitzer,D3,Team,20250228-PomonaPitzer-1,d9ccaab0-f620-11ef-9580-87d9c9be22a3,85.19703,2.62851,,7.11794,,,,2.07601,2.62851,0.23945,27c5113f-7cd2-4e59-98da-f9ff0abff72f,2025-02-28,22:10:41.96,2025-02-28T14:10:41.9643904-08:00,2025-02-28T22:10:41.9643904Z,GroundBall,v3,POM_PIT,,,"Savas, Peter",1000276389,Right,POM_COL,e032c551-8b4b-4c43-81d0-73dcdc1a22b2,54.50868,-125.41675,12.27968,5.85385,-3.38637,-9.16075,-2.65733,7.24455,-2.92586,180,2.07307,122.38705,,,,,,,,2.62935,-34.9897,,,,,,,,0.23824,50.30868,,,,,,,,,,,,,,,,,,,,,,,,,,,,,,High,High,High,Low,Medium,,,
16,2025-02-28,14:11:11.03,6,1,"Brunngraber, Max",1000276385,Right,POM_COL,"Miller, Nathan",1000305168,Right,RED_UNI,Undefined,1,Top,1,0,0,Slider,Curveball,StrikeCalled,Undefined,Undefined,Undefined,0,0,,73.12938,2.508609,-2.19142,2356.818575,86.647091,9:00,5.59288,2.76353,5.35999,-53.6194,1.21547,-15.26481,3.48034,-0.5646,65.52864,-7.346809,-4.897541,0.532966,,,,,,,,,,,,6.77929,0.4074,-2.55565,50,5.78136,4.63488,-105.6965,2.9331,7.4633,22.51995,-31.72556,POM_COL,RED_UNI,PomonaPitzer,D3,Team,20250228-PomonaPitzer-1,eb2f32a0-f620-11ef-9580-87d9c9be22a3,70.722,,,7.60074,,,,,,,27c5113f-7cd2-4e59-98da-f9ff0abff72f,2025-02-28,22:11:11.03,2025-02-28T14:11:11.0398976-08:00,2025-02-28T22:11:11.0398976Z,,v3,POM_PIT,,,"Savas, Peter",1000276389,Right,POM_COL,d6ad6115-597b-41fb-9c6d-caab3ee9d45f,55.13501,-106.78497,11.25998,5.60254,4.46651,-15.86278,-2.77095,4.27415,3.73165,,,,,,,,,,,,,,,,,,,,,,,,,,,,,,,,,,,,,,,,,,,,,,,,,,,High,High,High,,,,,
17,2025-02-28,14:11:26.75,6,2,"Brunngraber, Max",1000276385,Right,POM_COL,"Miller, Nathan",1000305168,Right,RED_UNI,Undefined,1,Top,1,0,1,Curveball,Curveball,BallCalled,Undefined,Undefined,Undefined,0,0,,69.64758,1.377035,-1.683247,2297.387977,34.677672,7:15,5.98087,2.43737,5.78815,-77.45,-18.16851,-14.09477,0.80856,-0.30358,63.38237,-12.732501,-4.218048,0.554155,,,,,,,,,,,,6.55445,-9.07575,-2.29028,50,6.04865,3.4491,-101.01493,0.13218,6.57238,20.98295,-41.27463,POM_COL,RED_UNI,PomonaPitzer,D3,Team,20250228-PomonaPitzer-1,f4972ff0-f620-11ef-9580-87d9c9be22a3,68.0179,,,6.26521,,,,,,,27c5113f-7cd2-4e59-98da-f9ff0abff72f,2025-02-28,22:11:26.75,2025-02-28T14:11:26.7532288-08:00,2025-02-28T22:11:26.7532288Z,,v3,POM_PIT,,,"Savas, Peter",1000276389,Right,POM_COL,8173d7b7-c7f9-483c-b6a2-e5c98418adde,54.71545,-101.98972,10.49148,5.99797,2.04966,-20.63731,-2.44342,3.14377,3.28619,,,,,,,,,,,,,,,,,,,,,,,,,,,,,,,,,,,,,,,,,,,,,,,,,,,High,High,High,,,,,
18,2025-02-28,14:11:46.68,6,3,"Brunngraber, Max",1000276385,Right,POM_COL,"Miller, Nathan",1000305168,Right,RED_UNI,Undefined,1,Top,1,1,1,Fastball,Four-Seam,BallCalled,Undefined,Undefined,Undefined,0,0,,85.73772,-0.975016,-2.562204,2161.800726,200.049991,12:45,5.96277,2.46,5.81169,-17.3234,21.41556,7.2976,3.61151,0.68397,77.13534,-4.31705,-1.256428,0.447966,,,,,,,,,,,,-4.50484,11.59859,-2.25406,50,5.87257,5.24485,-124.18027,-2.56531,-6.92935,28.33112,-14.3331,POM_COL,RED_UNI,PomonaPitzer,D3,Team,20250228-PomonaPitzer-1,006000a0-f621-11ef-9580-87d9c9be22a3,84.14124,,,8.60238,,,,,,,27c5113f-7cd2-4e59-98da-f9ff0abff72f,2025-02-28,22:11:46.68,2025-02-28T14:11:46.6871808-08:00,2025-02-28T22:11:46.6871808Z,,v3,POM_PIT,,,"Savas, Peter",1000276389,Right,POM_COL,3021ac33-aefb-40e4-a7dd-030774760b58,54.68259,-125.24402,14.16556,5.95879,-2.02714,-7.16655,-2.45587,5.50503,-3.46467,,,,,,,,,,,,,,,,,,,,,,,,,,,,,,,,,,,,,,,,,,,,,,,,,,,High,High,High,,,,,
19,2025-02-28,14:12:02.95,6,4,"Brunngraber, Max",1000276385,Right,POM_COL,"Miller, Nathan",1000305168,Right,RED_UNI,Undefined,1,Top,1,2,1,Slider,Curveball,BallCalled,Undefined,Undefined,Undefined,0,0,,71.03093,-0.307737,-3.022514,2240.085623,68.385755,8:15,5.60007,2.7219,5.4772,-61.17031,-4.03307,-15.10965,0.21418,-1.36812,65.22259,-11.383086,-5.713431,0.54404,,,,,,,,,,,,6.69981,-1.44421,-2.44554,50,5.53126,5.95877,-102.92571,-2.40593,7.06861,19.70904,-33.69775,POM_COL,RED_UNI,PomonaPitzer,D3,Team,20250228-PomonaPitzer-1,0a26e6d0-f621-11ef-9580-87d9c9be22a3,69.28245,,,5.80833,,,,,,,27c5113f-7cd2-4e59-98da-f9ff0abff72f,2025-02-28,22:12:02.95,2025-02-28T14:12:02.9579776-08:00,2025-02-28T22:12:02.9579776Z,,v3,POM_PIT,,,"Savas, Peter",1000276389,Right,POM_COL,4d310622-2911-41a1-8b19-504f6eacfc20,55.02415,-103.88332,9.85452,5.60838,-0.76865,-16.84888,-2.72672,5.61533,3.53431,,,,,,,,,,,,,,,,,,,,,,,,,,,,,,,,,,,,,,,,,,,,,,,,,,,High,High,High,,,,,
20,2025-02-28,14:12:23.46,6,5,"Brunngraber, Max",1000276385,Right,POM_COL,"Miller, Nathan",1000305168,Right,RED_UNI,Undefined,1,Top,1,3,1,Fastball,Four-Seam,StrikeCalled,Undefined,Undefined,Undefined,0,0,,86.10199,-2.110609,-2.867527,2219.754632,207.487242,1:00,5.84406,2.49408,6.0206,-23.47773,14.04686,6.69359,1.9293,0.39363,79.00477,-6.506253,-1.664694,0.440889,,,,,,,,,,,,-4.2174,8.16638,-2.27291,50,5.66568,5.98747,-124.90388,-5.32205,-6.67555,24.69697,-19.24789,POM_COL,RED_UNI,PomonaPitzer,D3,Team,20250228-PomonaPitzer-1,1650c340-f621-11ef-9580-87d9c9be22a3,85.49188,,,7.09722,,,,,,,27c5113f-7cd2-4e59-98da-f9ff0abff72f,2025-02-28,22:12:23.46,2025-02-28T14:12:23.4604544-08:00,2025-02-28T22:12:23.4604544Z,,v3,POM_PIT,,,"Savas, Peter",1000276389,Right,POM_COL,bee42472-d1bf-4cc7-ae85-67e50d46685f,54.47783,-125.78615,12.34848,5.84352,-4.63444,-9.62394,-2.49107,6.22595,-3.33778,,,,,,,,,,,,,,,,,,,,,,,,,,,,,,,,,,,,,,,,,,,,,,,,,,,High,High,High,,,,,
21,2025-02-28,14:12:41.39,6,6,"Brunngraber, Max",1000276385,Right,POM_COL,"Miller, Nathan",1000305168,Right,RED_UNI,Undefined,1,Top,1,3,2,Cutter,Slider,StrikeSwinging,Strikeout,Undefined,Undefined,0,0,,79.26543,-0.969658,-3.329263,2302.256148,121.673044,10:00,5.69911,2.7179,5.23249,-39.38345,7.35701,-9.05276,1.50406,-1.16953,71.45952,-8.184704,-4.930106,0.49206,,,,,,,,,,,,3.35205,4.53918,-2.40411,50,5.58097,7.03898,-114.54819,-3.27398,4.35297,25.62198,-26.27944,POM_COL,RED_UNI,PomonaPitzer,D3,Team,20250228-PomonaPitzer-1,210516b0-f621-11ef-9580-87d9c9be22a3,76.60134,,,7.80591,,,,,,,27c5113f-7cd2-4e59-98da-f9ff0abff72f,2025-02-28,22:12:41.39,2025-02-28T14:12:41.3932032-08:00,2025-02-28T22:12:41.3932032Z,,v3,POM_PIT,,,"Savas, Peter",1000276389,Right,POM_COL,329de7b6-c1df-4a88-9208-2b28f50a40f8,55.26242,-115.7193,12.81099,5.70316,-2.07283,-13.13972,-2.7213,6.84002,2.17649,,,,,,,,,,,,,,,,,,,,,,,,,,,,,,,,,,,,,,,,,,,,,,,,,,,High,High,High,,,,,
22,2025-02-28,14:13:08.71,7,1,"Brunngraber, Max",1000276385,Right,POM_COL,"Ceja, Gabriel",1000121393,Right,RED_UNI,Undefined,1,Top,2,0,0,Slider,Curveball,InPlay,Undefined,LineDrive,Single,0,0,,73.46982,2.255111,-2.086265,2310.726172,91.301292,9:00,5.55561,2.83599,5.21559,-51.61428,2.22,-16.99245,3.3774,-0.54261,66.75699,-7.169367,-5.090712,0.528081,88.892,16.641972,7.99605,1841.753335,107.91734,25.33456,21.30339,253.90709,252.66594,14.399803,2.708447,7.82178,0.92827,-2.62989,50,5.72562,4.5208,-106.38432,2.53194,8.84757,20.4622,-31.12404,POM_COL,RED_UNI,PomonaPitzer,D3,Team,20250228-PomonaPitzer-1,31508950-f621-11ef-9580-87d9c9be22a3,71.3762,26.38178,,6.71283,,,,0.51842,3.27124,0.61933,27c5113f-7cd2-4e59-98da-f9ff0abff72f,2025-02-28,22:13:08.71,2025-02-28T14:13:08.7142912-08:00,2025-02-28T22:13:08.7142912Z,LineDrive,v3,POM_PIT,,,"Savas, Peter",1000276389,Right,POM_COL,edfd4cd2-6798-43a1-903a-947592fde215,55.28341,-107.39574,10.2311,5.56244,4.07035,-15.56202,-2.84253,4.08348,4.42379,231.997973,0.51844,123.69722,-18.98357,3.79206,-0.55726,-0.02982,0.0453,-0.01175,0.00114,3.27124,37.33945,-15.89331,0.79365,-0.24213,0.1629,-0.06687,0.01511,-0.0014,0.61937,17.37633,4.93379,-1.82031,0.30712,0.06077,-0.04999,0.01213,-0.0011,,,,,,,,,,,,,,,,,,,,,,,High,High,High,High,High,,,
23,2025-02-28,14:13:48.30,8,1,"Brunngraber, Max",1000276385,Right,POM_COL,"Chetcuti, Mason",10132215,Right,RED_UNI,Undefined,1,Top,2,0,0,Fastball,Four-Seam,InPlay,Undefined,LineDrive,Single,0,1,,87.35354,-1.403673,-3.140142,2307.976802,198.730815,12:30,5.90417,2.68532,5.86263,-20.278,16.85477,5.27079,2.9081,0.20442,79.02132,-5.250006,-2.196783,0.438581,95.00462,9.440377,0.696118,6812.409886,109.94659,7.35223,3.4252,154.90731,154.90731,2.264615,1.279689,-3.67343,9.43709,-2.43361,50,5.77857,6.72208,-126.54339,-3.70795,-5.88869,28.56698,-17.04584,POM_COL,RED_UNI,PomonaPitzer,D3,Team,20250228-PomonaPitzer-1,48e67070-f621-11ef-9580-87d9c9be22a3,85.94175,9.09621,,8.33222,,,,0.69565,2.87393,-0.20951,27c5113f-7cd2-4e59-98da-f9ff0abff72f,2025-02-28,22:13:48.30,2025-02-28T14:13:48.3003904-08:00,2025-02-28T22:13:48.3003904Z,LineDrive,v3,POM_PIT,,,"Savas, Peter",1000276389,Right,POM_COL,d53898ce-53ce-4e9c-88d5-2ca12cd3eceb,54.63458,-127.58535,14.28349,5.90248,-3.08621,-8.52292,-2.68271,6.93686,-2.94434,313.266948,0.69565,137.44263,-14.83328,1.51261,-0.28936,0.03425,-0.004,0.00082,-9E-05,2.87393,22.85469,-22.25261,2.55917,-0.50976,0.11635,-0.02078,0.00331,-0.00034,-0.20951,1.66995,3.74763,-1.20105,0.28176,-0.06637,0.01279,-0.00218,0.00023,,,,,,,,,,,,,,,,,,,,,,,Medium,Medium,Medium,High,High,,,
24,2025-02-28,14:14:22.19,9,1,"Brunngraber, Max",1000276385,Right,POM_COL,"Burgess, Jake",1000121389,Right,RED_UNI,Undefined,1,Top,2,0,0,Cutter,Slider,BallCalled,Undefined,Undefined,Undefined,0,0,,79.2325,1.383564,-3.753035,2290.867201,134.829392,10:30,5.7207,2.90203,5.24583,-37.16258,9.88615,-8.08894,3.92709,-1.30407,70.68286,-5.498153,-5.179966,0.49368,,,,,,,,,,,,2.63957,4.99949,-2.55087,50,5.82142,7.84416,-114.32813,1.5348,3.40007,26.33721,-25.7341,POM_COL,RED_UNI,PomonaPitzer,D3,Team,20250228-PomonaPitzer-1,5d1c8ac0-f621-11ef-9580-87d9c9be22a3,76.35,,,8.54965,,,,,,,27c5113f-7cd2-4e59-98da-f9ff0abff72f,2025-02-28,22:14:22.19,2025-02-28T14:14:22.1971968-08:00,2025-02-28T22:14:22.1971968Z,,v3,POM_PIT,,,"Savas, Peter",1000276389,Right,POM_COL,4b1badde-cad1-4336-bb0d-7f5645b1cc30,55.2458,-115.53026,13.16861,5.72456,2.7094,-12.86705,-2.90536,7.68897,1.70004,,,,,,,,,,,,,,,,,,,,,,,,,,,,,,,,,,,,,,,,,,,,,,,,,,,High,High,High,,,,,
25,2025-02-28,14:14:38.45,9,2,"Brunngraber, Max",1000276385,Right,POM_COL,"Burgess, Jake",1000121389,Right,RED_UNI,Undefined,1,Top,2,1,0,Curveball,Curveball,BallCalled,Undefined,Undefined,Undefined,0,0,,71.25138,0.620089,-2.561791,2237.819812,55.46665,7:45,5.57788,2.83092,5.37707,-64.48984,-7.43272,-13.69182,0.78565,-0.71329,65.16616,-11.060964,-4.997459,0.543659,,,,,,,,,,,,6.03477,-3.355,-2.5914,50,5.58803,5.11282,-103.2471,-0.90255,6.39665,20.08171,-35.73023,POM_COL,RED_UNI,PomonaPitzer,D3,Team,20250228-PomonaPitzer-1,66d62a80-f621-11ef-9580-87d9c9be22a3,69.33107,,,6.08523,,,,,,,27c5113f-7cd2-4e59-98da-f9ff0abff72f,2025-02-28,22:14:38.45,2025-02-28T14:14:38.4532480-08:00,2025-02-28T22:14:38.4532480Z,,v3,POM_PIT,,,"Savas, Peter",1000276389,Right,POM_COL,cb409d1e-f9c6-4dce-b7e9-abe0f8136213,55.12387,-104.23893,10.04085,5.58902,0.86217,-17.86512,-2.83612,4.79689,3.19832,,,,,,,,,,,,,,,,,,,,,,,,,,,,,,,,,,,,,,,,,,,,,,,,,,,High,High,High,,,,,
26,2025-02-28,14:15:15.74,9,3,"Brunngraber, Max",1000276385,Right,POM_COL,"Burgess, Jake",1000121389,Right,RED_UNI,Undefined,1,Top,2,2,0,Cutter,Slider,InPlay,Undefined,Popup,Out,1,0,,78.01884,1.300229,-2.150118,2264.763921,163.637263,11:30,5.62219,2.86265,5.23137,-37.57226,10.51316,-2.5548,3.71448,0.62765,69.97544,-5.656021,-2.602335,0.499089,63.25329,65.954693,18.772125,,,,,,33.49742,,,0.54343,5.31945,-2.66258,50,5.71463,4.34114,-112.855,1.33792,0.68618,24.54121,-25.45696,POM_COL,RED_UNI,PomonaPitzer,D3,Team,20250228-PomonaPitzer-1,7d07edc0-f621-11ef-9580-87d9c9be22a3,75.52243,72.50345,,8.0434,,,,1.0072,3.87714,-0.3056,27c5113f-7cd2-4e59-98da-f9ff0abff72f,2025-02-28,22:15:15.74,2025-02-28T14:15:15.7431296-08:00,2025-02-28T22:15:15.7431296Z,,v3,POM_PIT,,,"Savas, Peter",1000276389,Right,POM_COL,8d9bee7e-1e01-4158-8c19-49c127769376,55.26368,-113.99388,12.27061,5.62513,2.5193,-12.72848,-2.8633,4.30929,0.34309,187.832561,1.0072,35.7887,-10.58075,2.94064,0.43833,-1.64004,1.52008,-0.72166,0.14228,3.87714,84.7214,-22.36915,2.10405,-0.79374,0.7901,-0.66191,0.3082,-0.06031,-0.3056,12.16444,-1.01469,0.17364,-0.06132,0.0771,-0.06714,0.03147,-0.00617,,,,,,,,,,,,,,,,,,,,,,,High,High,High,High,Undefined,,,
27,2025-02-28,14:17:51.23,1,1,"Godoy, Joe",1000121399,Right,RED_UNI,"Ng, JC",1000115591,Left,POM_COL,Undefined,1,Bottom,0,0,0,Fastball,Four-Seam,BallCalled,Undefined,Undefined,Undefined,0,0,,88.76387,-2.867035,-1.674539,2366.923233,219.447721,1:15,5.6168,1.53715,5.59643,-21.65273,14.53863,10.93619,1.13222,0.88463,80.74617,-6.911618,0.278335,0.432986,,,,,,,,,,,,-6.01048,8.58327,-1.40073,50,5.35695,3.27501,-128.59271,-7.15696,-9.99233,28.44524,-17.9045,POM_COL,RED_UNI,PomonaPitzer,D3,Team,20250228-PomonaPitzer-1,d9a8d990-f621-11ef-9580-87d9c9be22a3,87.05235,,,8.0177,,,,,,,27c5113f-7cd2-4e59-98da-f9ff0abff72f,2025-02-28,22:17:51.23,2025-02-28T14:17:51.2371200-08:00,2025-02-28T22:17:51.2371200Z,,v3,POM_PIT,,,"Chetcuti, Mason",10132215,Right,RED_UNI,eb925fcf-c7d5-48e1-97bc-e5ae4f1aa75d,54.90067,-129.67223,14.22262,5.61567,-6.47747,-8.95225,-1.53221,3.65422,-4.99616,,,,,,,,,,,,,,,,,,,,,,,,,,,,,,,,,,,,,,,,,,,,,,,,,,,High,High,High,,,,,
28,2025-02-28,14:18:03.83,1,2,"Godoy, Joe",1000121399,Right,RED_UNI,"Ng, JC",1000115591,Left,POM_COL,Undefined,1,Bottom,0,1,0,Fastball,Four-Seam,BallCalled,Undefined,Undefined,Undefined,0,0,,90.53846,-1.041452,-0.788705,2441.925984,214.951096,1:15,5.80758,1.46801,5.62604,-19.01355,15.73461,10.15312,3.25111,1.57809,81.93374,-4.63649,1.024842,0.424265,,,,,,,,,,,,-5.34036,8.62827,-1.40725,50,5.70687,1.34344,-131.30084,-2.99636,-9.23111,30.35268,-17.25957,POM_COL,RED_UNI,PomonaPitzer,D3,Team,20250228-PomonaPitzer-1,e12cd4a0-f621-11ef-9580-87d9c9be22a3,88.84171,,,8.60473,,,,,,,27c5113f-7cd2-4e59-98da-f9ff0abff72f,2025-02-28,22:18:03.83,2025-02-28T14:18:03.8333952-08:00,2025-02-28T22:18:03.8333952Z,,v3,POM_PIT,,,"Chetcuti, Mason",10132215,Right,RED_UNI,747d76ad-5f77-47a1-ac57-5bf0bfd0c1e0,54.86982,-132.42181,15.17634,5.80576,-2.35894,-8.62978,-1.46316,1.68435,-4.61556,,,,,,,,,,,,,,,,,,,,,,,,,,,,,,,,,,,,,,,,,,,,,,,,,,,High,High,High,,,,,
29,2025-02-28,14:18:16.17,1,3,"Godoy, Joe",1000121399,Right,RED_UNI,"Ng, JC",1000115591,Left,POM_COL,Undefined,1,Bottom,0,2,0,Fastball,Four-Seam,StrikeCalled,Undefined,Undefined,Undefined,0,0,,89.32071,-1.871194,-1.465141,2351.439264,183.205434,12:00,5.79616,1.30085,5.5435,-15.03619,20.77761,1.0939,2.79319,0.02242,80.91254,-4.753445,-1.27019,0.430722,,,,,,,,,,,,-0.98744,11.37552,-1.1746,50,5.62418,3.26047,-129.43411,-4.65089,-1.66171,29.03406,-13.0306,POM_COL,RED_UNI,PomonaPitzer,D3,Team,20250228-PomonaPitzer-1,e88775c0-f621-11ef-9580-87d9c9be22a3,87.50996,,,8.40817,,,,,,,27c5113f-7cd2-4e59-98da-f9ff0abff72f,2025-02-28,22:18:16.17,2025-02-28T14:18:16.1714176-08:00,2025-02-28T22:18:16.1714176Z,,v3,POM_PIT,,,"Chetcuti, Mason",10132215,Right,RED_UNI,65ecb456-4bf0-48d0-8917-ca2d380d19c3,54.95136,-130.54005,14.51703,5.79188,-4.15454,-6.5153,-1.3,3.32376,-0.83085,,,,,,,,,,,,,,,,,,,,,,,,,,,,,,,,,,,,,,,,,,,,,,,,,,,High,High,High,,,,,
30,2025-02-28,14:18:28.22,1,4,"Godoy, Joe",1000121399,Right,RED_UNI,"Ng, JC",1000115591,Left,POM_COL,Undefined,1,Bottom,0,2,1,Fastball,Four-Seam,BallCalled,Undefined,Undefined,Undefined,0,0,,90.12586,-3.462451,-1.677336,2367.403158,219.267694,1:15,5.71135,1.30335,5.46807,-20.79871,14.58875,10.90776,0.73232,0.64208,81.84734,-7.339636,0.265959,0.42815,,,,,,,,,,,,-5.99225,8.77103,-1.16341,50,5.39248,3.32413,-130.44177,-8.60227,-10.22903,29.80289,-17.20151,POM_COL,RED_UNI,PomonaPitzer,D3,Team,20250228-PomonaPitzer-1,efbbca30-f621-11ef-9580-87d9c9be22a3,88.03554,,,8.27852,,,,,,,27c5113f-7cd2-4e59-98da-f9ff0abff72f,2025-02-28,22:18:28.22,2025-02-28T14:18:28.2266112-08:00,2025-02-28T22:18:28.2266112Z,,v3,POM_PIT,,,"Chetcuti, Mason",10132215,Right,RED_UNI,635d4ecb-aaef-4925-90c0-e9b628d43a6e,55.02915,-131.58579,14.90145,5.71001,-7.94196,-8.60075,-1.29855,3.71678,-5.11451,,,,,,,,,,,,,,,,,,,,,,,,,,,,,,,,,,,,,,,,,,,,,,,,,,,High,High,High,,,,,
31,2025-02-28,14:18:40.91,1,5,"Godoy, Joe",1000121399,Right,RED_UNI,"Ng, JC",1000115591,Left,POM_COL,Undefined,1,Bottom,0,3,1,Fastball,Four-Seam,BallCalled,Walk,Undefined,Undefined,0,0,,89.51587,-1.034634,-1.110184,2381.434178,219.357619,1:15,5.66674,1.34462,5.36775,-19.66371,15.95568,12.13942,3.0577,1.31516,81.62898,-4.716698,1.047583,0.429551,,,,,,,,,,,,-6.34134,8.62654,-1.25362,50,5.56023,1.95197,-129.86454,-3.00636,-10.81676,27.49061,-17.45935,POM_COL,RED_UNI,PomonaPitzer,D3,Team,20250228-PomonaPitzer-1,f74591a0-f621-11ef-9580-87d9c9be22a3,87.74847,,,7.88689,,,,,,,27c5113f-7cd2-4e59-98da-f9ff0abff72f,2025-02-28,22:18:40.91,2025-02-28T14:18:40.9175040-08:00,2025-02-28T22:18:40.9175040Z,,v3,POM_PIT,,,"Chetcuti, Mason",10132215,Right,RED_UNI,46c3b907-14de-45c6-b699-11804dc325c2,55.12888,-130.94576,13.74531,5.66497,-2.31968,-8.72968,-1.33876,2.3774,-5.40838,,,,,,,,,,,,,,,,,,,,,,,,,,,,,,,,,,,,,,,,,,,,,,,,,,,High,High,High,,,,,
32,2025-02-28,14:19:04.60,2,1,"Godoy, Joe",1000121399,Right,RED_UNI,"Berry, Cooper",1000276381,Left,POM_COL,Undefined,1,Bottom,0,0,0,Fastball,Four-Seam,StrikeCalled,Undefined,Undefined,Undefined,0,0,,86.6624,-0.993029,-1.580822,2311.851842,217.651283,1:15,5.85335,1.6866,5.47169,-21.09052,17.14493,12.17938,3.16606,1.22179,78.29621,-4.970679,0.587725,0.445046,,,,,,,,,,,,-6.57756,9.32288,-1.55599,50,5.75206,2.92397,-125.59014,-2.8437,-10.38479,28.16204,-17.45489,POM_COL,RED_UNI,PomonaPitzer,D3,Team,20250228-PomonaPitzer-1,05676d80-f622-11ef-9580-87d9c9be22a3,84.69343,,,8.3662,,,,,,,27c5113f-7cd2-4e59-98da-f9ff0abff72f,2025-02-28,22:19:04.60,2025-02-28T14:19:04.6080000-08:00,2025-02-28T22:19:04.6080000Z,,v3,POM_PIT,,,"Chetcuti, Mason",10132215,Right,RED_UNI,1ea1d080-8c00-4529-bd2e-05d22ebf0952,55.02399,-126.7117,14.08102,5.85147,-2.14855,-8.72744,-1.68067,3.33754,-5.1924,,,,,,,,,,,,,,,,,,,,,,,,,,,,,,,,,,,,,,,,,,,,,,,,,,,High,High,High,,,,,
33,2025-02-28,14:19:19.15,2,2,"Godoy, Joe",1000121399,Right,RED_UNI,"Berry, Cooper",1000276381,Left,POM_COL,Undefined,1,Bottom,0,0,1,ChangeUp,Changeup,InPlay,Undefined,LineDrive,Out,2,0,,83.2781,-0.70032,-3.622706,1455.237617,241.739064,2:00,5.49171,2.05547,5.87165,-30.42844,9.81871,15.96367,2.30418,0.01635,76.51407,-6.344962,-0.763732,0.456603,101.47086,6.436485,35.529169,3598.302686,,,,112.00058,88.04823,38.255874,0.868427,-9.17363,5.57914,-1.77149,50,5.41718,7.03039,-120.83772,-2.4444,-13.61753,22.67514,-23.89228,POM_COL,RED_UNI,PomonaPitzer,D3,Team,20250228-PomonaPitzer-1,0e1590b0-f622-11ef-9580-87d9c9be22a3,82.54964,5.27502,,6.76403,,,,1.41436,2.35904,-0.15596,27c5113f-7cd2-4e59-98da-f9ff0abff72f,2025-02-28,22:19:19.15,2025-02-28T14:19:19.1537152-08:00,2025-02-28T22:19:19.1537152Z,GroundBall,v3,POM_PIT,,,"Chetcuti, Mason",10132215,Right,RED_UNI,9c490904-7cdc-4f13-aef2-d491cb786c1e,54.62925,-121.7033,11.33757,5.49308,-1.53237,-11.94614,-2.04978,7.55021,-6.80877,,1.41436,120.35223,-27.92758,5.7015,-1.39301,0.33969,-0.08535,0.01935,-0.00267,2.35904,16.68339,-25.13472,3.90999,-0.98074,0.26003,-0.06554,0.01474,-0.002,-0.15596,85.93889,-6.81754,-0.07081,0.15601,-0.07405,0.02274,-0.00551,0.00075,,,,,,,,,,,,,,,,,,,,,,,High,High,High,High,High,,,
34,2025-02-28,14:19:48.45,3,1,"Godoy, Joe",1000121399,Right,RED_UNI,"Pierantoni, Greg",1000091552,Right,POM_COL,Undefined,1,Bottom,2,0,0,Fastball,Four-Seam,StrikeCalled,Undefined,Undefined,Undefined,0,0,,90.31856,-2.230554,-1.618245,2399.2415,186.17553,12:15,5.93437,0.86246,5.64794,-12.36048,22.72249,2.32008,2.8219,-0.45402,81.38061,-4.64805,-1.204055,0.426304,,,,,,,,,,,,-1.67725,12.54087,-0.72662,50,5.73734,3.58903,-130.80013,-5.39196,-2.86653,31.05991,-10.74072,POM_COL,RED_UNI,PomonaPitzer,D3,Team,20250228-PomonaPitzer-1,1f8a4110-f622-11ef-9580-87d9c9be22a3,88.41678,,,8.93795,,,,,,,27c5113f-7cd2-4e59-98da-f9ff0abff72f,2025-02-28,22:19:48.45,2025-02-28T14:19:48.4576256-08:00,2025-02-28T22:19:48.4576256Z,,v3,POM_PIT,,,"Chetcuti, Mason",10132215,Right,RED_UNI,e232d04a-fa63-4244-a156-e660851419b4,54.84668,-131.94601,15.52996,5.92896,-4.99571,-5.37036,-0.86098,3.69479,-1.43326,,,,,,,,,,,,,,,,,,,,,,,,,,,,,,,,,,,,,,,,,,,,,,,,,,,High,High,High,,,,,
35,2025-02-28,14:20:00.50,3,2,"Godoy, Joe",1000121399,Right,RED_UNI,"Pierantoni, Greg",1000091552,Right,POM_COL,Undefined,1,Bottom,2,0,1,Fastball,Four-Seam,BallCalled,Undefined,Undefined,Undefined,0,0,,92.32938,-3.662548,-1.843181,2444.665329,187.00079,12:15,5.68705,1.13755,5.74465,-12.28694,21.02887,2.43988,1.24666,-0.37584,83.82762,-6.037245,-1.40685,0.415429,,,,,,,,,,,,-1.78496,12.11465,-0.98577,50,5.37464,4.19077,-133.66417,-8.87961,-3.20667,30.69025,-10.41024,POM_COL,RED_UNI,PomonaPitzer,D3,Team,20250228-PomonaPitzer-1,26b2fcc0-f622-11ef-9580-87d9c9be22a3,90.73143,,,8.50177,,,,,,,27c5113f-7cd2-4e59-98da-f9ff0abff72f,2025-02-28,22:20:00.50,2025-02-28T14:20:00.5055488-08:00,2025-02-28T22:20:00.5055488Z,,v3,POM_PIT,,,"Chetcuti, Mason",10132215,Right,RED_UNI,c57823c5-27b2-40be-8919-1f0f65d7920f,54.75211,-134.75087,15.34513,5.68253,-8.511,-5.20512,-1.13617,4.30432,-1.60333,,,,,,,,,,,,,,,,,,,,,,,,,,,,,,,,,,,,,,,,,,,,,,,,,,,High,High,High,,,,,
36,2025-02-28,14:20:13.44,3,3,"Godoy, Joe",1000121399,Right,RED_UNI,"Pierantoni, Greg",1000091552,Right,POM_COL,Undefined,1,Bottom,2,1,1,Fastball,Four-Seam,BallCalled,Undefined,Undefined,Undefined,0,0,,91.4977,-3.951109,-1.175853,2391.01674,187.468345,12:15,5.76082,0.91459,5.70272,-13.46883,20.34698,2.51945,0.95018,0.02874,83.52622,-6.523408,-0.725326,0.418535,,,,,,,,,,,,-1.60827,11.78497,-0.81754,50,5.42063,2.60698,-132.51757,-9.53098,-2.85456,28.81001,-11.25671,POM_COL,RED_UNI,PomonaPitzer,D3,Team,20250228-PomonaPitzer-1,2e744ef0-f622-11ef-9580-87d9c9be22a3,90.05812,,,7.97148,,,,,,,27c5113f-7cd2-4e59-98da-f9ff0abff72f,2025-02-28,22:20:13.44,2025-02-28T14:20:13.4441984-08:00,2025-02-28T22:20:13.4441984Z,,v3,POM_PIT,,,"Chetcuti, Mason",10132215,Right,RED_UNI,f9b20c11-3e72-44cb-86ea-67b1580e30da,54.79476,-133.55591,14.405,5.75683,-9.12528,-5.62835,-0.91335,2.70986,-1.42728,,,,,,,,,,,,,,,,,,,,,,,,,,,,,,,,,,,,,,,,,,,,,,,,,,,High,High,High,,,,,
37,2025-02-28,14:20:28.46,3,4,"Godoy, Joe",1000121399,Right,RED_UNI,"Pierantoni, Greg",1000091552,Right,POM_COL,Undefined,1,Bottom,2,2,1,Fastball,Four-Seam,BallCalled,Undefined,Undefined,Undefined,0,0,,89.21922,-1.021278,0.110502,2378.984719,212.852262,1:00,5.95972,0.79501,5.6458,-18.31072,17.45997,10.47032,3.48109,1.77061,80.72301,-4.497995,1.981121,0.430462,,,,,,,,,,,,-5.34205,9.57201,-0.81146,50,5.86184,-0.69577,-129.45307,-2.87764,-8.9554,30.07562,-16.12756,POM_COL,RED_UNI,PomonaPitzer,D3,Team,20250228-PomonaPitzer-1,375e90c0-f622-11ef-9580-87d9c9be22a3,87.56269,,,8.49621,,,,,,,27c5113f-7cd2-4e59-98da-f9ff0abff72f,2025-02-28,22:20:28.46,2025-02-28T14:20:28.4680704-08:00,2025-02-28T22:20:28.4680704Z,,v3,POM_PIT,,,"Chetcuti, Mason",10132215,Right,RED_UNI,f3e726c5-6cdb-4431-ba5b-834f934c0679,54.85363,-130.57584,15.03781,5.95803,-2.27557,-8.06378,-0.79173,-0.36146,-4.4777,,,,,,,,,,,,,,,,,,,,,,,,,,,,,,,,,,,,,,,,,,,,,,,,,,,High,High,High,,,,,
38,2025-02-28,14:20:44.51,3,5,"Godoy, Joe",1000121399,Right,RED_UNI,"Pierantoni, Greg",1000091552,Right,POM_COL,Undefined,1,Bottom,2,3,1,Fastball,Four-Seam,StrikeCalled,Undefined,Undefined,Undefined,0,0,,89.83193,-2.089267,-1.743631,2329.851301,173.018649,11:45,6.06891,0.8988,5.65429,-12.84863,23.14954,-2.65398,3.0479,-0.94905,79.78351,-4.629171,-2.21732,0.431829,,,,,,,,,,,,0.69012,12.8078,-0.74946,50,5.88387,4.07709,-129.85716,-5.0236,1.14471,34.43288,-10.9293,POM_COL,RED_UNI,PomonaPitzer,D3,Team,20250228-PomonaPitzer-1,40f1bcc0-f622-11ef-9580-87d9c9be22a3,87.28561,,,10.04842,,,,,,,27c5113f-7cd2-4e59-98da-f9ff0abff72f,2025-02-28,22:20:44.51,2025-02-28T14:20:44.5147648-08:00,2025-02-28T22:20:44.5147648Z,,v3,POM_PIT,,,"Chetcuti, Mason",10132215,Right,RED_UNI,0e60df24-3b1e-41b4-8597-3b4a570afaaf,54.83648,-131.13333,17.21644,6.06255,-4.61854,-5.46465,-0.89978,4.03466,0.57236,,,,,,,,,,,,,,,,,,,,,,,,,,,,,,,,,,,,,,,,,,,,,,,,,,,High,High,High,,,,,
39,2025-02-28,14:20:59.26,3,6,"Godoy, Joe",1000121399,Right,RED_UNI,"Pierantoni, Greg",1000091552,Right,POM_COL,Undefined,1,Bottom,2,3,2,Fastball,Four-Seam,StrikeSwinging,Strikeout,Undefined,Undefined,0,0,,90.33187,-1.863851,-1.152215,2349.105336,182.618571,12:00,5.86682,0.92507,5.69169,-12.77796,22.33052,0.96122,3.06394,-0.06883,81.11057,-4.366774,-0.980418,0.426459,,,,,,,,,,,,-0.86122,12.27229,-0.8288,50,5.70229,2.58753,-130.83397,-4.56541,-1.46709,32.034,-11.26818,POM_COL,RED_UNI,PomonaPitzer,D3,Team,20250228-PomonaPitzer-1,49c03930-f622-11ef-9580-87d9c9be22a3,88.38462,,,9.2213,,,,,,,27c5113f-7cd2-4e59-98da-f9ff0abff72f,2025-02-28,22:20:59.26,2025-02-28T14:20:59.2644608-08:00,2025-02-28T22:20:59.2644608Z,,v3,POM_PIT,,,"Chetcuti, Mason",10132215,Right,RED_UNI,51b21f33-46dc-405c-96e8-1e81d0db8399,54.80245,-132.00458,16.017,5.8616,-4.15364,-5.63409,-0.92433,2.64114,-0.73355,,,,,,,,,,,,,,,,,,,,,,,,,,,,,,,,,,,,,,,,,,,,,,,,,,,High,High,High,,,,,
40,2025-02-28,14:23:03.05,1,1,"Brunngraber, Max",1000276385,Right,POM_COL,"De Vries, Luke",1000121378,Left,RED_UNI,Undefined,2,Top,0,0,0,Curveball,Curveball,InPlay,Undefined,FlyBall,Out,1,0,,70.52475,2.728726,-1.769579,2326.428469,25.401183,6:45,5.70551,2.61365,5.17,-83.25843,-22.75222,-12.06449,1.33846,-0.05759,62.6784,-12.354705,-3.912318,0.55985,76.6092,38.860543,1.850316,,109.83164,72.73364,-6.08161,255.06823,240.66283,-9.441049,4.789005,5.24181,-11.74757,-2.43907,50,5.89656,3.59976,-101.85617,2.12468,5.23422,24.42185,-43.90456,POM_COL,RED_UNI,PomonaPitzer,D3,Team,20250228-PomonaPitzer-1,939bb1b0-f622-11ef-9580-87d9c9be22a3,67.32599,78.36813,,7.84635,,,,1.66419,1.82081,0.01473,27c5113f-7cd2-4e59-98da-f9ff0abff72f,2025-02-28,22:23:03.05,2025-02-28T14:23:03.0516224-08:00,2025-02-28T22:23:03.0516224Z,FlyBall,v3,POM_PIT,,,"Savas, Peter",1000276389,Right,POM_COL,b6bfeb49-941d-4263-beba-12ca47030fed,55.33136,-103.12654,12.21093,5.72664,4.40849,-21.95228,-2.61925,3.32749,2.61711,160.740781,1.66706,87.37738,-19.39682,5.03244,-0.74183,-0.01594,0.03074,-0.00507,0.00028,1.81769,70.56251,-17.87213,0.8407,-0.0736,0.0013,0.00782,-0.00218,0.00016,0.01586,2.7988,-5.54365,1.13666,-0.06953,-0.04604,0.01599,-0.00211,0.0001,,,,,,,,,,,,,,,,,,,,,,,High,High,High,High,Medium,,,
41,2025-02-28,14:23:36.12,2,1,"Brunngraber, Max",1000276385,Right,POM_COL,"Morris, Rylan",1000396958,Right,RED_UNI,Undefined,2,Top,1,0,0,Curveball,Curveball,BallCalled,Undefined,Undefined,Undefined,0,0,,71.65105,3.012446,-2.69608,2354.971053,57.032034,8:00,5.75744,2.48762,5.42321,-65.62586,-9.63564,-17.62489,3.11603,-1.50833,65.64338,-8.903707,-5.823186,0.538552,,,,,,,,,,,,8.00008,-5.16193,-2.23577,50,5.97991,5.53108,-103.8033,3.3905,8.64809,18.87618,-37.75411,POM_COL,RED_UNI,PomonaPitzer,D3,Team,20250228-PomonaPitzer-1,a7496220-f622-11ef-9580-87d9c9be22a3,69.98848,,,6.00767,,,,,,,27c5113f-7cd2-4e59-98da-f9ff0abff72f,2025-02-28,22:23:36.12,2025-02-28T14:23:36.1268224-08:00,2025-02-28T22:23:36.1268224Z,,v3,POM_PIT,,,"Savas, Peter",1000276389,Right,POM_COL,3811efa4-4815-4f36-866f-2764a167487e,55.07961,-104.72294,9.43809,5.76992,5.22985,-18.87706,-2.49497,5.10975,4.32405,,,,,,,,,,,,,,,,,,,,,,,,,,,,,,,,,,,,,,,,,,,,,,,,,,,High,High,High,,,,,
42,2025-02-28,14:23:51.80,2,2,"Brunngraber, Max",1000276385,Right,POM_COL,"Morris, Rylan",1000396958,Right,RED_UNI,Undefined,2,Top,1,1,0,ChangeUp,Changeup,InPlay,Undefined,LineDrive,Out,1,0,,79.58383,-1.281953,-3.752769,1593.331113,231.228763,1:45,5.61914,2.72043,5.54317,-31.59246,13.21308,14.65894,1.78557,0.42973,72.97887,-7.119141,-1.144074,0.481767,98.90813,20.123672,16.981387,1423.982875,104.07235,33.54786,35.62109,314.46226,306.89562,23.031764,3.301311,-8.50867,7.45477,-2.40511,50,5.48694,7.00172,-115.33612,-3.57863,-11.46899,21.31471,-22.12561,POM_COL,RED_UNI,PomonaPitzer,D3,Team,20250228-PomonaPitzer-1,b09c9ef0-f622-11ef-9580-87d9c9be22a3,78.23786,40.16767,,6.60497,,,,2.58562,1.99321,-0.4418,27c5113f-7cd2-4e59-98da-f9ff0abff72f,2025-02-28,22:23:51.80,2025-02-28T14:23:51.8049792-08:00,2025-02-28T22:23:51.8049792Z,LineDrive,v3,POM_PIT,,,"Savas, Peter",1000276389,Right,POM_COL,089abcbe-c030-4bcd-879b-415a65bea66d,54.95721,-116.24862,10.65736,5.61987,-2.6314,-11.06281,-2.71537,7.49272,-5.73449,224.541439,2.58563,130.27258,-25.07173,6.4155,-1.37282,0.22631,-0.024,0.00069,0.00011,1.99314,49.909,-17.06816,0.36791,0.09544,0.00536,-0.01911,0.00605,-0.0006,-0.44173,39.77671,0.8538,-1.31902,0.52114,-0.14345,0.02886,-0.00369,0.00022,,,,,,,,,,,,,,,,,,,,,,,High,High,High,High,High,,,
43,2025-02-28,14:24:23.09,3,1,"Brunngraber, Max",1000276385,Right,POM_COL,"Preece, Tyler",1000074626,Right,RED_UNI,Undefined,2,Top,2,0,0,Slider,Curveball,BallCalled,Undefined,Undefined,Undefined,0,0,,72.97779,3.663972,-2.091255,2373.209223,67.737713,8:15,5.56274,2.89164,5.01474,-59.62113,-4.13028,-15.01485,4.0594,-0.3342,65.71288,-7.175853,-4.734604,0.536145,,,,,,,,,,,,6.67453,-2.63114,-2.67844,50,5.867,4.44245,-105.42953,4.75278,7.36371,21.23512,-35.07685,POM_COL,RED_UNI,PomonaPitzer,D3,Team,20250228-PomonaPitzer-1,c3495a20-f622-11ef-9580-87d9c9be22a3,70.30273,,,7.2649,,,,,,,27c5113f-7cd2-4e59-98da-f9ff0abff72f,2025-02-28,22:24:23.09,2025-02-28T14:24:23.0953472-08:00,2025-02-28T22:24:23.0953472Z,,v3,POM_PIT,,,"Savas, Peter",1000276389,Right,POM_COL,4533acb7-ba8e-4b9c-901a-c6ffbe31329c,55.48348,-106.52826,10.61756,5.57413,6.5677,-17.53843,-2.89845,4.06145,3.68185,,,,,,,,,,,,,,,,,,,,,,,,,,,,,,,,,,,,,,,,,,,,,,,,,,,High,High,High,,,,,
44,2025-02-28,14:24:36.92,3,2,"Brunngraber, Max",1000276385,Right,POM_COL,"Preece, Tyler",1000074626,Right,RED_UNI,Undefined,2,Top,2,1,0,Fastball,Four-Seam,InPlay,Undefined,GroundBall,Out,1,0,,86.33973,-1.998052,-3.645778,2183.440073,224.423945,1:30,5.89001,2.6274,5.81167,-24.06112,13.50127,12.09453,2.02242,0.24051,79.35727,-6.478384,-1.482973,0.441111,99.7105,-1.03902,-34.969405,,,,,114.65902,20.06752,-34.247241,0.768466,-7.19359,7.783,-2.33571,50,5.71154,7.49095,-125.19445,-5.14449,-11.46633,24.25376,-19.76818,POM_COL,RED_UNI,PomonaPitzer,D3,Team,20250228-PomonaPitzer-1,cb7b9690-f622-11ef-9580-87d9c9be22a3,85.44885,2.03534,,6.98246,,,,2.81561,2.03534,-0.20574,27c5113f-7cd2-4e59-98da-f9ff0abff72f,2025-02-28,22:24:36.92,2025-02-28T14:24:36.9215488-08:00,2025-02-28T22:24:36.9215488Z,GroundBall,v3,POM_PIT,,,"Savas, Peter",1000276389,Right,POM_COL,1ea06140-0f33-40f9-b416-7307cc0d07c0,54.6891,-126.09959,12.12688,5.88976,-4.40674,-9.88409,-2.62325,7.91886,-5.73316,180,2.83389,119.67151,,,,,,,,2.03494,-2.64858,,,,,,,,-0.21853,-83.69969,,,,,,,,,,,,,,,,,,,,,,,,,,,,,,High,High,High,Medium,Low,,,
45,2025-02-28,14:26:29.37,1,1,"Godoy, Joe",1000121399,Right,RED_UNI,"Gold, Jack",1000108729,Left,POM_COL,Undefined,2,Bottom,0,0,0,Fastball,Four-Seam,BallCalled,Undefined,Undefined,Undefined,0,0,,89.51441,-4.299279,-2.997363,2333.053172,197.025095,12:30,5.73813,1.152,5.70968,-14.90426,20.64466,5.94347,0.47756,-1.14782,81.47192,-7.138782,-1.936344,0.429126,,,,,,,,,,,,-3.89843,12.12229,-0.90453,50,5.36794,6.51678,-129.40377,-10.15975,-6.57389,28.39196,-11.73219,POM_COL,RED_UNI,PomonaPitzer,D3,Team,20250228-PomonaPitzer-1,0e843b90-f623-11ef-9580-87d9c9be22a3,87.83543,,,8.04249,,,,,,,27c5113f-7cd2-4e59-98da-f9ff0abff72f,2025-02-28,22:26:29.37,2025-02-28T14:26:29.3700096-08:00,2025-02-28T22:26:29.3700096Z,,v3,POM_PIT,,,"Chetcuti, Mason",10132215,Right,RED_UNI,2d341163-ea63-48b6-b938-8c2acbe0fad5,54.78795,-130.45005,14.19598,5.73437,-9.72741,-5.86609,-1.14914,6.75904,-3.28695,,,,,,,,,,,,,,,,,,,,,,,,,,,,,,,,,,,,,,,,,,,,,,,,,,,High,High,High,,,,,
46,2025-02-28,14:26:42.91,1,2,"Godoy, Joe",1000121399,Right,RED_UNI,"Gold, Jack",1000108729,Left,POM_COL,Undefined,2,Bottom,0,1,0,Fastball,Four-Seam,BallCalled,Undefined,Undefined,Undefined,0,0,,88.88985,-3.381828,-1.567576,2326.408526,219.4812,1:15,5.78331,1.21093,5.66206,-20.53285,15.47477,11.72697,0.91383,0.72604,80.93424,-7.22469,0.529283,0.431886,,,,,,,,,,,,-6.40981,9.22906,-1.08585,50,5.48412,3.01231,-128.75222,-8.27208,-10.68602,28.43771,-16.78797,POM_COL,RED_UNI,PomonaPitzer,D3,Team,20250228-PomonaPitzer-1,1691b1f0-f623-11ef-9580-87d9c9be22a3,87.27412,,,7.95561,,,,,,,27c5113f-7cd2-4e59-98da-f9ff0abff72f,2025-02-28,22:26:42.91,2025-02-28T14:26:42.9117440-08:00,2025-02-28T22:26:42.9117440Z,,v3,POM_PIT,,,"Chetcuti, Mason",10132215,Right,RED_UNI,d49fd018-f078-4098-88f4-963804042032,54.8358,-129.81591,14.21885,5.78179,-7.64413,-8.39398,-1.206,3.41201,-5.34301,,,,,,,,,,,,,,,,,,,,,,,,,,,,,,,,,,,,,,,,,,,,,,,,,,,High,High,High,,,,,
47,2025-02-28,14:26:57.79,1,3,"Godoy, Joe",1000121399,Right,RED_UNI,"Gold, Jack",1000108729,Left,POM_COL,Undefined,2,Bottom,0,2,0,Fastball,Four-Seam,BallCalled,Undefined,Undefined,Undefined,0,0,,90.29333,-3.564833,-2.970514,2426.585857,222.972753,1:30,5.73198,1.18054,5.66757,-19.70249,15.55375,13.26564,0.75745,-0.4862,81.46829,-7.275947,-0.601653,0.427356,,,,,,,,,,,,-7.70272,9.42945,-0.93801,50,5.41798,6.18686,-130.53278,-8.77469,-13.08156,31.49556,-16.15996,POM_COL,RED_UNI,PomonaPitzer,D3,Team,20250228-PomonaPitzer-1,1f727de0-f623-11ef-9580-87d9c9be22a3,88.19922,,,8.82503,,,,,,,27c5113f-7cd2-4e59-98da-f9ff0abff72f,2025-02-28,22:26:57.79,2025-02-28T14:26:57.7933824-08:00,2025-02-28T22:26:57.7933824Z,,v3,POM_PIT,,,"Chetcuti, Mason",10132215,Right,RED_UNI,050708fe-b102-4d30-a8f8-f22c3c8d2c10,54.82996,-131.69302,15.74778,5.73026,-8.17939,-8.07998,-1.1748,6.66876,-6.54078,,,,,,,,,,,,,,,,,,,,,,,,,,,,,,,,,,,,,,,,,,,,,,,,,,,High,High,High,,,,,
48,2025-02-28,14:27:12.16,1,4,"Godoy, Joe",1000121399,Right,RED_UNI,"Gold, Jack",1000108729,Left,POM_COL,Undefined,2,Bottom,0,3,0,Fastball,Four-Seam,BallCalled,Walk,Undefined,Undefined,0,0,,90.06104,-2.505652,-1.195531,2417.564504,222.531635,1:30,5.79168,1.213,5.67294,-20.78722,14.53217,12.13516,1.72136,1.10949,81.20956,-6.419248,0.974843,0.427738,,,,,,,,,,,,-6.4739,8.55119,-1.11954,50,5.56728,2.16755,-130.41673,-6.38176,-10.97483,31.44683,-17.67771,POM_COL,RED_UNI,PomonaPitzer,D3,Team,20250228-PomonaPitzer-1,28066250-f623-11ef-9580-87d9c9be22a3,88.12035,,,8.85148,,,,,,,27c5113f-7cd2-4e59-98da-f9ff0abff72f,2025-02-28,22:27:12.16,2025-02-28T14:27:12.1691136-08:00,2025-02-28T22:27:12.1691136Z,,v3,POM_PIT,,,"Chetcuti, Mason",10132215,Right,RED_UNI,d5428a07-6bf5-4095-aca1-8631a4a42591,54.82184,-131.57426,15.72342,5.79021,-5.73106,-8.83886,-1.20676,2.57153,-5.48741,,,,,,,,,,,,,,,,,,,,,,,,,,,,,,,,,,,,,,,,,,,,,,,,,,,High,High,High,,,,,
49,2025-02-28,14:27:39.99,2,1,"Godoy, Joe",1000121399,Right,RED_UNI,"Savas, Peter",1000276389,Right,POM_COL,Undefined,2,Bottom,0,0,0,Fastball,Four-Seam,BallCalled,Undefined,Undefined,Undefined,0,0,,87.44993,-0.621589,-2.866755,2356.292333,179.767762,12:00,5.90341,1.2839,5.61043,-16.53749,20.86206,-0.07921,3.94434,-1.40078,78.96729,-3.793242,-2.880864,0.440154,,,,,,,,,,,,-0.84819,11.09579,-1.03864,50,5.83977,6.34531,-126.6431,-1.83338,-1.36256,28.48334,-14.34936,POM_COL,RED_UNI,PomonaPitzer,D3,Team,20250228-PomonaPitzer-1,38a54c20-f623-11ef-9580-87d9c9be22a3,85.63466,,,8.48264,,,,,,,27c5113f-7cd2-4e59-98da-f9ff0abff72f,2025-02-28,22:27:39.99,2025-02-28T14:27:39.9916544-08:00,2025-02-28T22:27:39.9916544Z,,v3,POM_PIT,,,"Chetcuti, Mason",10132215,Right,RED_UNI,e95310fc-52a8-459b-9ed2-6d859ef69729,54.88419,-127.73689,14.24167,5.89959,-1.28235,-7.17468,-1.28331,6.39763,-0.68128,,,,,,,,,,,,,,,,,,,,,,,,,,,,,,,,,,,,,,,,,,,,,,,,,,,High,High,High,,,,,
50,2025-02-28,14:27:54.72,2,2,"Godoy, Joe",1000121399,Right,RED_UNI,"Savas, Peter",1000276389,Right,POM_COL,Undefined,2,Bottom,0,1,0,Fastball,Four-Seam,BallCalled,Undefined,Undefined,Undefined,0,0,,87.44969,-1.543865,-1.591291,2354.135485,182.031198,12:00,6.04767,1.17261,5.73192,-15.56977,21.44985,0.71595,3.31151,-0.25005,79.36398,-4.535692,-1.463271,0.437913,,,,,,,,,,,,-0.83595,11.72264,-1.04039,50,5.90949,3.49224,-126.81845,-3.83729,-1.35215,27.57406,-13.2122,POM_COL,RED_UNI,PomonaPitzer,D3,Team,20250228-PomonaPitzer-1,4166f750-f623-11ef-9580-87d9c9be22a3,86.07298,,,8.08571,,,,,,,27c5113f-7cd2-4e59-98da-f9ff0abff72f,2025-02-28,22:27:54.72,2025-02-28T14:27:54.7206144-08:00,2025-02-28T22:27:54.7206144Z,,v3,POM_PIT,,,"Chetcuti, Mason",10132215,Right,RED_UNI,3754762c-898b-4bdc-9e8d-bd9167546780,54.76448,-127.85018,13.78703,6.04383,-3.34293,-6.6061,-1.172,3.54283,-0.67607,,,,,,,,,,,,,,,,,,,,,,,,,,,,,,,,,,,,,,,,,,,,,,,,,,,High,High,High,,,,,
51,2025-02-28,14:28:11.67,2,3,"Godoy, Joe",1000121399,Right,RED_UNI,"Savas, Peter",1000276389,Right,POM_COL,Undefined,2,Bottom,0,2,0,Fastball,Four-Seam,StrikeCalled,Undefined,Undefined,Undefined,0,0,,87.51292,-2.327283,-1.289548,2314.042429,191.946067,12:30,6.09098,0.92901,5.52227,-15.05898,22.39844,4.45422,2.65844,0.09434,79.08468,-5.225374,-0.495879,0.440494,,,,,,,,,,,,-2.63268,12.38457,-0.81979,50,5.87866,2.65511,-126.75784,-5.55875,-4.23539,28.61944,-12.24996,POM_COL,RED_UNI,PomonaPitzer,D3,Team,20250228-PomonaPitzer-1,4b7a9df0-f623-11ef-9580-87d9c9be22a3,85.56849,,,8.42825,,,,,,,27c5113f-7cd2-4e59-98da-f9ff0abff72f,2025-02-28,22:28:11.67,2025-02-28T14:28:11.6777984-08:00,2025-02-28T22:28:11.6777984Z,,v3,POM_PIT,,,"Chetcuti, Mason",10132215,Right,RED_UNI,7f29707c-2431-4a12-b500-1d69a1e726e4,54.97316,-127.87575,14.30972,6.08645,-5.08025,-6.12498,-0.92674,2.82054,-2.11769,,,,,,,,,,,,,,,,,,,,,,,,,,,,,,,,,,,,,,,,,,,,,,,,,,,High,High,High,,,,,
52,2025-02-28,14:28:25.69,2,4,"Godoy, Joe",1000121399,Right,RED_UNI,"Savas, Peter",1000276389,Right,POM_COL,Undefined,2,Bottom,0,2,1,Fastball,Four-Seam,BallCalled,Undefined,Undefined,Undefined,0,0,,88.41269,-2.53546,-2.550184,2310.432338,174.881584,11:45,6.01011,0.92567,5.66137,-15.30446,21.25958,-1.78728,2.36649,-1.60293,79.97634,-5.471768,-2.868947,0.435209,,,,,,,,,,,,0.10811,11.92249,-0.70872,50,5.78586,5.77902,-127.9774,-6.08746,0.17733,29.15287,-12.6209,POM_COL,RED_UNI,PomonaPitzer,D3,Team,20250228-PomonaPitzer-1,53dff850-f623-11ef-9580-87d9c9be22a3,86.60758,,,8.43635,,,,,,,27c5113f-7cd2-4e59-98da-f9ff0abff72f,2025-02-28,22:28:25.69,2025-02-28T14:28:25.6931328-08:00,2025-02-28T22:28:25.6931328Z,,v3,POM_PIT,,,"Chetcuti, Mason",10132215,Right,RED_UNI,9fbeffce-685f-46f6-9749-6ce7ed6be53d,54.83398,-129.07387,14.57644,6.00589,-5.61277,-6.31045,-0.92595,5.77235,0.08866,,,,,,,,,,,,,,,,,,,,,,,,,,,,,,,,,,,,,,,,,,,,,,,,,,,High,High,High,,,,,
53,2025-02-28,14:28:42.04,2,5,"Godoy, Joe",1000121399,Right,RED_UNI,"Savas, Peter",1000276389,Right,POM_COL,Undefined,2,Bottom,0,3,1,Fastball,Four-Seam,BallCalled,Walk,Undefined,Undefined,0,0,,86.48202,-1.546465,-0.357618,2257.190431,196.113465,12:30,6.04443,0.9704,5.76764,-14.89245,22.90608,6.24256,3.36378,1.15779,78.43136,-4.426414,0.7601,0.442496,,,,,,,,,,,,-3.31945,12.56949,-0.94478,50,5.9079,0.52829,-125.50292,-3.77873,-5.2481,27.47161,-12.30148,POM_COL,RED_UNI,PomonaPitzer,D3,Team,20250228-PomonaPitzer-1,5d9440e0-f623-11ef-9580-87d9c9be22a3,85.18152,,,8.05066,,,,,,,27c5113f-7cd2-4e59-98da-f9ff0abff72f,2025-02-28,22:28:42.04,2025-02-28T14:28:42.0471808-08:00,2025-02-28T22:28:42.0471808Z,,v3,POM_PIT,,,"Chetcuti, Mason",10132215,Right,RED_UNI,3af5fea4-be2d-4ab7-a23d-305e004cb168,54.73143,-126.53435,13.7358,6.0411,-3.31686,-6.15074,-0.96831,0.72533,-2.62405,,,,,,,,,,,,,,,,,,,,,,,,,,,,,,,,,,,,,,,,,,,,,,,,,,,High,High,High,,,,,
54,2025-02-28,14:30:17.05,3,1,"Godoy, Joe",1000121399,Right,RED_UNI,"Wakil, Lateef",1000128267,Left,POM_COL,Undefined,2,Bottom,0,0,0,Fastball,Four-Seam,StrikeCalled,Undefined,Undefined,Undefined,0,0,,88.59349,-2.90742,-2.485334,2301.076622,191.099825,12:15,5.86892,1.53294,5.68871,-15.52489,20.68044,3.81295,1.86048,-0.4672,80.52859,-5.872389,-1.804567,0.433069,,,,,,,,,,,,-2.66626,11.72276,-1.3262,50,5.61448,5.40303,-128.30087,-6.95766,-4.41731,28.05024,-12.75255,POM_COL,RED_UNI,PomonaPitzer,D3,Team,20250228-PomonaPitzer-1,96388730-f623-11ef-9580-87d9c9be22a3,87.03554,,,8.06491,,,,,,,27c5113f-7cd2-4e59-98da-f9ff0abff72f,2025-02-28,22:30:17.05,2025-02-28T14:30:17.0576896-08:00,2025-02-28T22:30:17.0576896Z,,v3,POM_PIT,,,"Chetcuti, Mason",10132215,Right,RED_UNI,0dd43e84-ce79-4224-b376-b331b26584da,54.8084,-129.34786,14.02512,5.8653,-6.48167,-6.37627,-1.53094,5.5679,-2.20865,,,,,,,,,,,,,,,,,,,,,,,,,,,,,,,,,,,,,,,,,,,,,,,,,,,High,High,High,,,,,
55,2025-02-28,14:30:35.22,3,2,"Godoy, Joe",1000121399,Right,RED_UNI,"Wakil, Lateef",1000128267,Left,POM_COL,Undefined,2,Bottom,0,0,1,ChangeUp,Changeup,InPlay,Undefined,FlyBall,Out,1,0,,83.29364,-1.291296,-3.372993,1610.33498,219.100514,1:15,5.4805,1.72968,5.93017,-24.38793,16.27143,12.07044,2.2478,-0.39761,75.53969,-5.89329,-1.209311,0.458935,46.71127,-20.54371,34.875086,,,,,8.22429,7.74172,29.381071,0.100836,-7.22678,9.15134,-1.46682,50,5.36348,6.63878,-120.69259,-3.43467,-10.56015,25.53814,-18.80161,POM_COL,RED_UNI,PomonaPitzer,D3,Team,20250228-PomonaPitzer-1,a110b650-f623-11ef-9580-87d9c9be22a3,82.13017,2.44352,,7.75395,,,,1.81717,2.44352,0.30671,27c5113f-7cd2-4e59-98da-f9ff0abff72f,2025-02-28,22:30:35.22,2025-02-28T14:30:35.2272384-08:00,2025-02-28T22:30:35.2272384Z,GroundBall,v3,POM_PIT,,,"Chetcuti, Mason",10132215,Right,RED_UNI,e5e27854-e4e0-4b7e-842d-2828199039b9,54.56789,-121.65531,12.76907,5.4796,-2.7259,-9.40081,-1.72458,7.03687,-5.28007,180,1.81038,53.04911,,,,,,,,2.44662,-24.23254,,,,,,,,0.30198,36.97329,,,,,,,,,,,,,,,,,,,,,,,,,,,,,,High,High,High,Low,Low,,,
56,2025-02-28,14:31:16.45,4,1,"Godoy, Joe",1000121399,Right,RED_UNI,"Hattenburg, Xavier",10277269,Left,POM_COL,Undefined,2,Bottom,1,0,0,ChangeUp,Changeup,BallCalled,Undefined,Undefined,Undefined,0,0,,82.16668,1.207037,-1.553501,1514.158696,229.216571,1:45,5.58576,1.80019,5.68497,-29.57915,12.11839,12.53532,4.2465,1.39642,75.04107,-4.302445,0.686526,0.464758,,,,,,,,,,,,-6.75378,6.2204,-1.6772,50,5.66901,2.72455,-119.27016,1.57553,-9.73417,22.81591,-23.20866,POM_COL,RED_UNI,PomonaPitzer,D3,Team,20250228-PomonaPitzer-1,b9a0b4e0-f623-11ef-9580-87d9c9be22a3,81.10126,,,7.12561,,,,,,,27c5113f-7cd2-4e59-98da-f9ff0abff72f,2025-02-28,22:31:16.45,2025-02-28T14:31:16.4570624-08:00,2025-02-28T22:31:16.4570624Z,,v3,POM_PIT,,,"Chetcuti, Mason",10132215,Right,RED_UNI,19d9afe0-e553-4893-b862-6cc1a1a37428,54.81279,-120.18731,11.40796,5.58693,2.50846,-11.60433,-1.79458,3.11584,-4.86709,,,,,,,,,,,,,,,,,,,,,,,,,,,,,,,,,,,,,,,,,,,,,,,,,,,High,High,High,,,,,
57,2025-02-28,14:31:33.33,4,2,"Godoy, Joe",1000121399,Right,RED_UNI,"Hattenburg, Xavier",10277269,Left,POM_COL,Undefined,2,Bottom,1,1,0,Fastball,Sinker,BallCalled,Undefined,Undefined,Undefined,0,0,,90.73719,-2.338107,-1.249191,2371.381436,225.705786,1:30,5.80433,1.34395,5.55046,-19.91426,14.89985,13.99772,1.95823,1.34294,82.08413,-6.079975,1.24833,0.424667,,,,,,,,,,,,-7.41426,8.61272,-1.24514,50,5.58906,2.22296,-131.45771,-6.0294,-12.81897,30.97803,-17.28294,POM_COL,RED_UNI,PomonaPitzer,D3,Team,20250228-PomonaPitzer-1,c3abf710-f623-11ef-9580-87d9c9be22a3,88.75754,,,8.65306,,,,,,,27c5113f-7cd2-4e59-98da-f9ff0abff72f,2025-02-28,22:31:33.33,2025-02-28T14:31:33.3326336-08:00,2025-02-28T22:31:33.3326336Z,,v3,POM_PIT,,,"Chetcuti, Mason",10132215,Right,RED_UNI,8999a1a3-d261-44af-8eda-6ea55e90219b,54.94598,-132.6181,15.48901,5.80278,-5.382,-8.64147,-1.3374,2.70314,-6.40949,,,,,,,,,,,,,,,,,,,,,,,,,,,,,,,,,,,,,,,,,,,,,,,,,,,High,High,High,,,,,
58,2025-02-28,14:31:49.64,4,3,"Godoy, Joe",1000121399,Right,RED_UNI,"Hattenburg, Xavier",10277269,Left,POM_COL,Undefined,2,Bottom,1,2,0,Fastball,Four-Seam,BallCalled,Undefined,Undefined,Undefined,0,0,,90.66407,-3.027707,-2.767869,2428.817463,172.771402,11:45,5.81271,1.38592,5.48053,-11.9289,23.5323,-2.80717,1.97974,-1.43984,81.03736,-5.371812,-3.266528,0.428596,,,,,,,,,,,,0.44343,13.22749,-1.141,50,5.5389,6.46277,-130.93984,-7.2094,0.75238,33.49018,-9.72991,POM_COL,RED_UNI,PomonaPitzer,D3,Team,20250228-PomonaPitzer-1,cd6325d0-f623-11ef-9580-87d9c9be22a3,87.94397,,,9.6267,,,,,,,27c5113f-7cd2-4e59-98da-f9ff0abff72f,2025-02-28,22:31:49.64,2025-02-28T14:31:49.6473088-08:00,2025-02-28T22:31:49.6473088Z,,v3,POM_PIT,,,"Chetcuti, Mason",10132215,Right,RED_UNI,f4ebc06e-957f-4e15-bad3-ffe38e6b0741,55.01246,-132.21564,16.74509,5.80649,-6.83874,-4.86496,-1.38666,6.4341,0.37619,,,,,,,,,,,,,,,,,,,,,,,,,,,,,,,,,,,,,,,,,,,,,,,,,,,High,High,High,,,,,
59,2025-02-28,14:32:18.01,4,4,"Godoy, Joe",1000121399,Right,RED_UNI,"Hattenburg, Xavier",10277269,Left,POM_COL,Undefined,2,Bottom,1,3,0,Fastball,Four-Seam,BallCalled,Walk,Undefined,Undefined,0,0,,88.18018,-3.146557,-2.357811,2329.283623,192.175388,12:30,5.67959,1.32339,5.77516,-15.73631,20.95867,4.23158,1.43484,-0.51923,79.62289,-6.169551,-1.600897,0.435988,,,,,,,,,,,,-2.9028,12.06402,-1.13113,50,5.41001,5.07272,-127.61117,-7.44661,-4.72076,29.63353,-12.55445,POM_COL,RED_UNI,PomonaPitzer,D3,Team,20250228-PomonaPitzer-1,de53b210-f623-11ef-9580-87d9c9be22a3,86.45288,,,8.55728,,,,,,,27c5113f-7cd2-4e59-98da-f9ff0abff72f,2025-02-28,22:32:18.01,2025-02-28T14:32:18.0196352-08:00,2025-02-28T22:32:18.0196352Z,,v3,POM_PIT,,,"Chetcuti, Mason",10132215,Right,RED_UNI,7605b8d2-0cf2-4d1c-aa93-6bd46019cd39,54.7213,-128.70287,14.81677,5.67582,-6.9841,-6.27722,-1.32121,5.24663,-2.36038,,,,,,,,,,,,,,,,,,,,,,,,,,,,,,,,,,,,,,,,,,,,,,,,,,,High,High,High,,,,,
60,2025-02-28,14:32:48.98,5,1,"Godoy, Joe",1000121399,Right,RED_UNI,"Kinney, William",1000092038,Right,POM_COL,Undefined,2,Bottom,1,0,0,Slider,Slider,BallCalled,Undefined,Undefined,Undefined,0,0,,81.36998,0.361614,-3.154467,2491.989314,65.722265,8:15,5.63179,1.53256,5.36116,-42.7916,-0.09457,-2.83973,2.40546,-1.6652,75.49194,-7.40029,-3.658224,0.470295,,,,,,,,,,,,0.6426,0.25634,-1.24689,50,5.63378,6.62531,-118.11098,-0.77435,0.91747,20.23834,-31.80806,POM_COL,RED_UNI,PomonaPitzer,D3,Team,20250228-PomonaPitzer-1,f0c97ec0-f623-11ef-9580-87d9c9be22a3,80.14641,,,5.87804,,,,,,,27c5113f-7cd2-4e59-98da-f9ff0abff72f,2025-02-28,22:32:48.98,2025-02-28T14:32:48.9825792-08:00,2025-02-28T22:32:48.9825792Z,,v3,POM_PIT,,,"Chetcuti, Mason",10132215,Right,RED_UNI,ca4a2a68-d126-4d04-8a7f-6f84b2394059,55.13958,-118.98839,10.11917,5.63745,0.60465,-15.90403,-1.53325,6.58553,0.45873,,,,,,,,,,,,,,,,,,,,,,,,,,,,,,,,,,,,,,,,,,,,,,,,,,,Medium,Medium,Medium,,,,,
61,2025-02-28,14:33:04.43,5,2,"Godoy, Joe",1000121399,Right,RED_UNI,"Kinney, William",1000092038,Right,POM_COL,Undefined,2,Bottom,1,1,0,Fastball,Four-Seam,StrikeCalled,Undefined,Undefined,Undefined,0,0,,89.56853,-3.019562,-1.391473,2359.266311,180.807528,12:00,5.78449,0.99889,5.60819,-14.37898,21.41296,0.28319,1.76421,-0.27663,80.75272,-5.791286,-1.34094,0.43059,,,,,,,,,,,,-0.58811,12.16123,-0.88007,50,5.51704,3.13616,-129.63605,-7.22765,-0.98628,30.76907,-11.77916,POM_COL,RED_UNI,PomonaPitzer,D3,Team,20250228-PomonaPitzer-1,fa000bd0-f623-11ef-9580-87d9c9be22a3,87.53667,,,8.81582,,,,,,,27c5113f-7cd2-4e59-98da-f9ff0abff72f,2025-02-28,22:33:04.43,2025-02-28T14:33:04.4359680-08:00,2025-02-28T22:33:04.4359680Z,,v3,POM_PIT,,,"Chetcuti, Mason",10132215,Right,RED_UNI,040fca57-c098-4399-8725-5caa56dd3303,54.88704,-130.79084,15.38453,5.78001,-6.78556,-5.88958,-0.99847,3.17318,-0.49314,,,,,,,,,,,,,,,,,,,,,,,,,,,,,,,,,,,,,,,,,,,,,,,,,,,High,High,High,,,,,
62,2025-02-28,14:33:19.54,5,3,"Godoy, Joe",1000121399,Right,RED_UNI,"Kinney, William",1000092038,Right,POM_COL,Undefined,2,Bottom,1,1,1,Slider,Slider,BallCalled,Undefined,Undefined,Undefined,0,0,,80.373,1.803446,-1.208967,2518.212004,98.516434,9:15,5.67157,1.45356,5.20099,-42.49392,1.79579,-3.0298,3.82758,0.06381,73.74288,-5.940158,-1.745607,0.478986,,,,,,,,,,,,1.17772,0.85787,-1.33923,50,5.80673,2.5881,-116.61596,2.15511,1.6271,21.25725,-30.98883,POM_COL,RED_UNI,PomonaPitzer,D3,Team,20250228-PomonaPitzer-1,02fe4ad0-f624-11ef-9580-87d9c9be22a3,78.69216,,,6.63012,,,,,,,27c5113f-7cd2-4e59-98da-f9ff0abff72f,2025-02-28,22:33:19.54,2025-02-28T14:33:19.5456000-08:00,2025-02-28T22:33:19.5456000Z,,v3,POM_PIT,,,"Chetcuti, Mason",10132215,Right,RED_UNI,734cdfd2-05cc-4444-bfc0-968dbc9eb65e,55.29779,-117.5777,10.62863,5.67751,3.55714,-15.49442,-1.45466,2.51449,0.81355,,,,,,,,,,,,,,,,,,,,,,,,,,,,,,,,,,,,,,,,,,,,,,,,,,,High,High,High,,,,,
63,2025-02-28,14:33:35.04,5,4,"Godoy, Joe",1000121399,Right,RED_UNI,"Kinney, William",1000092038,Right,POM_COL,Undefined,2,Bottom,1,2,1,Fastball,Four-Seam,InPlay,Undefined,FlyBall,Sacrifice,1,1,,90.03878,-2.624415,-1.664983,2402.979781,177.760613,12:00,5.8499,1.11843,5.65324,-14.76954,20.49954,-0.75181,2.16867,-0.49752,81.33529,-5.462521,-1.799226,0.427433,81.92068,29.700678,18.314935,4440.09968,101.21882,51.09687,43.06677,258.75021,252.61623,29.198173,4.054116,-0.14409,11.59843,-0.97685,50,5.61833,3.82385,-130.40588,-6.39469,-0.24492,30.73743,-12.46001,POM_COL,RED_UNI,PomonaPitzer,D3,Team,20250228-PomonaPitzer-1,0c3a0800-f624-11ef-9580-87d9c9be22a3,88.1832,56.56058,,8.70349,,,,1.22446,2.24765,0.50467,27c5113f-7cd2-4e59-98da-f9ff0abff72f,2025-02-28,22:33:35.04,2025-02-28T14:33:35.0418432-08:00,2025-02-28T22:33:35.0418432Z,LineDrive,v3,POM_PIT,,,"Chetcuti, Mason",10132215,Right,RED_UNI,b201f437-9177-4f24-a8e4-2f3c30c12bd8,54.84365,-131.5426,15.36871,5.8463,-5.93389,-6.23001,-1.11843,3.83291,-0.12246,217.327031,1.22391,99.09925,-21.86635,5.54508,-1.44742,0.40323,-0.10063,0.0158,-0.00103,2.24867,59.49849,-17.51727,0.37113,0.44009,-0.27155,0.08455,-0.01296,0.00077,0.50467,32.79403,1.54851,-1.47187,0.49766,-0.10596,0.0135,-0.00063,-2E-05,,,,,,,,,,,,,,,,,,,,,,,High,High,High,High,High,,,
64,2025-02-28,14:34:38.46,6,1,"Godoy, Joe",1000121399,Right,RED_UNI,"Legg, Jimmy",1000115608,Left,POM_COL,Undefined,2,Bottom,2,0,0,Fastball,Four-Seam,InPlay,Undefined,GroundBall,Out,1,0,,90.53377,-2.73465,-1.495964,2376.330565,209.489427,1:00,5.95714,1.18761,5.74367,-18.02997,16.50698,8.67044,1.90566,0.51697,82.36412,-6.139395,0.0561,0.422974,78.55959,-6.551112,18.259909,,,,,18.91369,18.91369,14.87148,0.149468,-4.87902,9.57627,-1.06868,50,5.71872,3.05244,-131.25459,-6.83696,-8.4553,29.49095,-15.57843,POM_COL,RED_UNI,PomonaPitzer,D3,Team,20250228-PomonaPitzer-1,3204b6c0-f624-11ef-9580-87d9c9be22a3,89.11298,1.96844,,8.16965,,,,2.00243,1.96844,-0.51648,27c5113f-7cd2-4e59-98da-f9ff0abff72f,2025-02-28,22:34:38.46,2025-02-28T14:34:38.4601088-08:00,2025-02-28T22:34:38.4601088Z,GroundBall,v3,POM_PIT,,,"Chetcuti, Mason",10132215,Right,RED_UNI,894c488e-9aa3-49fd-915f-bed493df0e79,54.75514,-132.31868,14.74548,5.95527,-6.27486,-7.78922,-1.18432,3.35752,-4.22765,,1.99762,108.90436,,,,,,,,1.96903,-13.16967,,,,,,,,-0.51807,35.93216,,,,,,,,,,,,,,,,,,,,,,,,,,,,,,High,High,High,Estimated,Estimated,,,
65,2025-02-28,14:36:48.34,1,1,"Brunngraber, Max",1000276385,Right,POM_COL,"Kirkland, Mark",684750,Left,RED_UNI,Undefined,3,Top,0,0,0,Fastball,Four-Seam,BallCalled,Undefined,Undefined,Undefined,0,0,,87.27278,-1.001312,-1.63921,2269.99058,205.753587,12:45,5.68555,2.78613,5.44241,-18.00702,19.62021,8.83729,3.24692,1.9873,79.03351,-4.421171,-0.067074,0.441491,,,,,,,,,,,,-4.89335,10.51922,-2.64727,50,5.58492,3.22098,-126.49447,-2.75279,-7.8665,27.68609,-15.26347,POM_COL,RED_UNI,PomonaPitzer,D3,Team,20250228-PomonaPitzer-1,7f6c8a50-f624-11ef-9580-87d9c9be22a3,85.37523,,,8.23927,,,,,,,27c5113f-7cd2-4e59-98da-f9ff0abff72f,2025-02-28,22:36:48.34,2025-02-28T14:36:48.3403776-08:00,2025-02-28T22:36:48.3403776Z,,v3,POM_PIT,,,"Savas, Peter",1000276389,Right,POM_COL,e8ed3867-1151-43f2-a055-177775329a62,55.05289,-127.59561,13.84305,5.68233,-2.14572,-7.63174,-2.7816,3.53385,-3.93325,,,,,,,,,,,,,,,,,,,,,,,,,,,,,,,,,,,,,,,,,,,,,,,,,,,High,High,High,,,,,
66,2025-02-28,14:37:01.98,1,2,"Brunngraber, Max",1000276385,Right,POM_COL,"Kirkland, Mark",684750,Left,RED_UNI,Undefined,3,Top,0,1,0,ChangeUp,Changeup,InPlay,Undefined,GroundBall,Out,1,0,,78.16302,-0.634168,-3.038838,1624.598685,223.843572,1:30,5.99936,2.55336,6.10937,-33.66982,11.9493,10.02004,2.60628,0.57572,71.36767,-6.927482,-1.235165,0.486121,70.21115,0.122364,10.513985,2559.143657,,,,36.98245,35.86699,9.273833,0.350784,-6.09831,6.79555,-2.3252,50,5.93296,5.66583,-113.40744,-2.2069,-7.89876,21.79536,-23.37221,POM_COL,RED_UNI,PomonaPitzer,D3,Team,20250228-PomonaPitzer-1,8798d350-f624-11ef-9580-87d9c9be22a3,77.53708,2.72401,,6.79535,,,,2.33046,2.72401,-0.58397,27c5113f-7cd2-4e59-98da-f9ff0abff72f,2025-02-28,22:37:01.98,2025-02-28T14:37:01.9832320-08:00,2025-02-28T22:37:01.9832320Z,GroundBall,v3,POM_PIT,,,"Savas, Peter",1000276389,Right,POM_COL,e7dd68d1-0ea4-4b7d-ab29-ac4608151568,54.38993,-114.24801,10.89768,6.00069,-1.30552,-11.68611,-2.54959,5.97046,-3.94938,346.860834,2.33119,101.21906,-10.88045,,,,,,,2.72878,0.039,-22.32508,,,,,,,-0.58448,18.80969,-0.43347,,,,,,,,,,,,,,,,,,,,,,,,,,,,,High,High,High,High,High,,,
67,2025-02-28,14:37:34.93,2,1,"Brunngraber, Max",1000276385,Right,POM_COL,"Umscheid, Ian",1000221147,Left,RED_UNI,Undefined,3,Top,1,0,0,ChangeUp,Changeup,InPlay,Undefined,LineDrive,Out,1,0,,78.45674,0.264986,-4.020884,1899.785023,240.3525,2:00,5.92426,2.43826,5.97909,-33.69974,12.29032,18.66202,3.36219,0.26006,70.79726,-6.058327,-0.675102,0.488094,96.28372,17.435603,1.695646,1493.760883,109.99603,30.69686,-0.92718,319.72718,311.53534,-4.052267,3.380294,-10.85556,6.70181,-2.13028,50,5.92678,7.28951,-113.59907,-0.44282,-13.9829,23.58285,-23.54152,POM_COL,RED_UNI,PomonaPitzer,D3,Team,20250228-PomonaPitzer-1,9b3ebb90-f624-11ef-9580-87d9c9be22a3,77.22372,36.67296,,7.65948,,,,1.32988,3.41876,-0.28787,27c5113f-7cd2-4e59-98da-f9ff0abff72f,2025-02-28,22:37:34.93,2025-02-28T14:37:34.9305344-08:00,2025-02-28T22:37:34.9305344Z,LineDrive,v3,POM_PIT,,,"Savas, Peter",1000276389,Right,POM_COL,cf1135b7-7c72-4a27-a71f-23edc7e18a35,54.51887,-114.53333,11.79143,5.92585,0.4898,-11.77076,-2.43004,7.84346,-6.99145,145.723665,1.33004,134.66295,-20.88126,4.37571,-0.78633,0.08895,0.00295,-0.00284,0.00031,3.41858,42.31958,-13.97302,0.33505,-0.05755,0.06103,-0.02764,0.00621,-0.00054,-0.28784,3.98551,-6.56228,1.9581,-0.49368,0.10289,-0.01686,0.00187,-0.0001,,,,,,,,,,,,,,,,,,,,,,,High,High,High,High,Medium,,,
68,2025-02-28,14:38:02.13,3,1,"Brunngraber, Max",1000276385,Right,POM_COL,"Miller, Nathan",1000305168,Right,RED_UNI,Undefined,3,Top,2,0,0,Slider,Curveball,InPlay,Undefined,FlyBall,HomeRun,0,0,,74.3033,1.987074,-1.9487,2390.905421,73.041277,8:30,5.57788,2.93304,5.08913,-56.07409,-3.3428,-16.72095,2.77969,-0.29773,67.7916,-8.17764,-4.901544,0.522644,96.68481,29.112434,-12.120054,,108.02678,55.47324,-20.74047,409.38346,402.39107,-9.921265,5.116833,7.77083,-1.85087,-2.73467,50,5.72159,4.3012,-107.66435,1.86367,9.018,20.66648,-34.32196,POM_COL,RED_UNI,PomonaPitzer,D3,Team,20250228-PomonaPitzer-1,ab77deb0-f624-11ef-9580-87d9c9be22a3,72.11881,82.02474,,6.5117,,,,2.7755,2.89005,0.18847,27c5113f-7cd2-4e59-98da-f9ff0abff72f,2025-02-28,22:38:02.13,2025-02-28T14:38:02.1300000-08:00,2025-02-28T22:38:02.1300000Z,FlyBall,v3,POM_PIT,,,"Savas, Peter",1000276389,Right,POM_COL,0fd638bf-cb3d-4913-ba31-bab4e742d8cb,55.41236,-108.6983,10.33324,5.58539,3.58082,-17.16098,-2.93857,3.85003,4.509,194.878943,2.78011,121.03168,-17.36389,3.08482,-0.19495,-0.11047,0.03728,-0.0046,0.00021,2.88691,69.05125,-16.93358,1.2091,-0.31381,0.07748,-0.00796,-0.00011,5E-05,0.18766,-25.99435,6.26411,-1.74444,0.36229,-0.04706,0.00311,-9E-05,0,,,,,,,,,,,,,,,,,,,,,,,High,High,High,High,Medium,,,
69,2025-02-28,14:38:42.33,4,1,"Brunngraber, Max",1000276385,Right,POM_COL,"Ceja, Gabriel",1000121393,Right,RED_UNI,Undefined,3,Top,2,0,0,ChangeUp,Changeup,StrikeCalled,Undefined,Undefined,Undefined,0,0,,78.46325,-1.272704,-3.723762,1567.775468,235.802869,1:45,5.87115,2.54788,6.23259,-35.25911,9.63839,12.08465,1.75608,0.11474,72.10299,-7.83504,-1.544299,0.482261,,,,,,,,,,,,-7.27213,5.80355,-2.2753,50,5.75861,6.97509,-113.81082,-3.53561,-9.54447,20.75998,-24.55708,POM_COL,RED_UNI,PomonaPitzer,D3,Team,20250228-PomonaPitzer-1,c375d670-f624-11ef-9580-87d9c9be22a3,78.15769,,,6.36026,,,,,,,27c5113f-7cd2-4e59-98da-f9ff0abff72f,2025-02-28,22:38:42.33,2025-02-28T14:38:42.3369216-08:00,2025-02-28T22:38:42.3369216Z,,v3,POM_PIT,,,"Savas, Peter",1000276389,Right,POM_COL,5342e43d-fc54-4138-afd5-961637ff417c,54.26616,-114.58636,10.37999,5.87356,-2.61822,-12.27854,-2.54253,7.33165,-4.77223,,,,,,,,,,,,,,,,,,,,,,,,,,,,,,,,,,,,,,,,,,,,,,,,,,,High,High,High,,,,,
70,2025-02-28,14:38:55.56,4,2,"Brunngraber, Max",1000276385,Right,POM_COL,"Ceja, Gabriel",1000121393,Right,RED_UNI,Undefined,3,Top,2,0,1,Fastball,Four-Seam,BallCalled,Undefined,Undefined,Undefined,0,0,,88.08357,-2.915812,-5.069358,2329.927952,211.010934,1:00,5.90924,2.65899,5.7182,-21.12096,16.08816,8.81902,1.41999,-1.34068,79.23165,-6.899032,-3.500912,0.439032,,,,,,,,,,,,-6.13213,9.53741,-2.23962,50,5.65163,10.88475,-127.03889,-7.14891,-9.84566,30.27998,-16.8609,POM_COL,RED_UNI,PomonaPitzer,D3,Team,20250228-PomonaPitzer-1,cb47a360-f624-11ef-9580-87d9c9be22a3,85.85357,,,8.85192,,,,,,,27c5113f-7cd2-4e59-98da-f9ff0abff72f,2025-02-28,22:38:55.56,2025-02-28T14:38:55.5672576-08:00,2025-02-28T22:38:55.5672576Z,,v3,POM_PIT,,,"Savas, Peter",1000276389,Right,POM_COL,c4c5683b-0569-4aea-8054-1a893e0e7439,54.77734,-128.17252,15.13999,5.90745,-6.51767,-8.43045,-2.65402,11.25335,-4.92283,,,,,,,,,,,,,,,,,,,,,,,,,,,,,,,,,,,,,,,,,,,,,,,,,,,High,High,High,,,,,
71,2025-02-28,14:39:11.58,4,3,"Brunngraber, Max",1000276385,Right,POM_COL,"Ceja, Gabriel",1000121393,Right,RED_UNI,Undefined,3,Top,2,1,1,Fastball,Four-Seam,FoulBallNotFieldable,Undefined,Undefined,Undefined,0,0,,85.87662,-2.352589,-2.139769,2262.266199,197.537501,12:30,6.21303,2.49518,5.84545,-21.04304,17.82934,5.15422,2.27042,0.93528,76.94234,-6.361027,-1.215984,0.448737,,,,,,,,,,,,-3.35693,10.33768,-2.32398,50,6.00934,4.42553,-124.2613,-5.71255,-5.12865,30.21036,-16.38039,POM_COL,RED_UNI,PomonaPitzer,D3,Team,20250228-PomonaPitzer-1,d4d48dd0-f624-11ef-9580-87d9c9be22a3,83.99669,,,8.93428,,,,,,,27c5113f-7cd2-4e59-98da-f9ff0abff72f,2025-02-28,22:39:11.58,2025-02-28T14:39:11.5868160-08:00,2025-02-28T22:39:11.5868160Z,,v3,POM_PIT,,,"Savas, Peter",1000276389,Right,POM_COL,a021d712-0cc3-406c-a93e-403537cb06f4,54.64897,-125.38646,15.10518,6.21074,-5.10248,-8.19019,-2.49236,4.61655,-2.56432,,,,,,,,,,,,,,,,,,,,,,,,,,,,,,,,,,,,,,,,,,,,,,,,,,,Medium,Medium,Medium,,,,,
72,2025-02-28,14:39:32.15,4,4,"Brunngraber, Max",1000276385,Right,POM_COL,"Ceja, Gabriel",1000121393,Right,RED_UNI,Undefined,3,Top,2,1,2,Slider,Curveball,FoulBallNotFieldable,Undefined,Undefined,Undefined,0,0,,71.27647,0.915018,-2.373875,2211.975787,5.191967,6:15,6.04335,2.25683,5.80682,-72.72425,-16.74946,-1.69658,0.83475,-0.09346,65.3913,-12.316513,-2.679011,0.538478,,,,,,,,,,,,0.0872,-8.37819,-2.06094,50,6.07498,4.34584,-103.44751,-0.51993,0.09281,20.11828,-41.09149,POM_COL,RED_UNI,PomonaPitzer,D3,Team,20250228-PomonaPitzer-1,e128fcb0-f624-11ef-9580-87d9c9be22a3,69.99817,,,5.88517,,,,,,,27c5113f-7cd2-4e59-98da-f9ff0abff72f,2025-02-28,22:39:32.15,2025-02-28T14:39:32.1526784-08:00,2025-02-28T22:39:32.1526784Z,,v3,POM_PIT,,,"Savas, Peter",1000276389,Right,POM_COL,845f441e-43ba-4c9e-8d72-861be37674ed,54.6973,-104.35703,10.05914,6.0565,1.33777,-20.54575,-2.25731,4.34164,0.0464,,,,,,,,,,,,,,,,,,,,,,,,,,,,,,,,,,,,,,,,,,,,,,,,,,,High,High,High,,,,,
73,2025-02-28,14:39:55.87,4,5,"Brunngraber, Max",1000276385,Right,POM_COL,"Ceja, Gabriel",1000121393,Right,RED_UNI,Undefined,3,Top,2,1,2,Curveball,Curveball,StrikeCalled,Strikeout,Undefined,Undefined,0,0,,75.18021,1.847459,-3.000723,2427.323459,59.090345,8:00,5.6083,2.83498,4.94641,-57.76168,-5.98611,-12.83292,2.54367,-1.07269,68.74671,-8.563922,-5.258335,0.517886,,,,,,,,,,,,5.4074,-2.97547,-2.53242,50,5.74026,6.22111,-108.83861,1.48797,6.42824,20.69761,-35.71125,POM_COL,RED_UNI,PomonaPitzer,D3,Team,20250228-PomonaPitzer-1,ef424d10-f624-11ef-9580-87d9c9be22a3,72.78141,,,6.4335,,,,,,,27c5113f-7cd2-4e59-98da-f9ff0abff72f,2025-02-28,22:39:55.87,2025-02-28T14:39:55.8787584-08:00,2025-02-28T22:39:55.8787584Z,,v3,POM_PIT,,,"Savas, Peter",1000276389,Right,POM_COL,2ce62afe-acc7-45a8-a173-088f015e2229,55.55406,-109.88973,10.3488,5.61865,3.30157,-17.85563,-2.84007,5.89465,3.21412,,,,,,,,,,,,,,,,,,,,,,,,,,,,,,,,,,,,,,,,,,,,,,,,,,,High,High,High,,,,,
74,2025-02-28,14:41:44.13,1,1,"Godoy, Joe",1000121399,Right,RED_UNI,"Ng, JC",1000115591,Left,POM_COL,Undefined,3,Bottom,0,0,0,Fastball,Four-Seam,BallCalled,Undefined,Undefined,Undefined,0,0,,88.1658,-2.119015,0.322764,2325.378745,198.688696,12:30,5.83291,1.3338,5.57141,-19.36753,17.42832,5.45429,2.23867,2.08982,79.81991,-5.776211,1.296136,0.436587,,,,,,,,,,,,-2.63642,9.83256,-1.36517,50,5.63788,-0.96333,-127.76641,-5.32921,-4.31065,28.99359,-16.09734,POM_COL,RED_UNI,PomonaPitzer,D3,Team,20250228-PomonaPitzer-1,2fc335c0-f625-11ef-9580-87d9c9be22a3,86.33434,,,8.34589,,,,,,,27c5113f-7cd2-4e59-98da-f9ff0abff72f,2025-02-28,22:41:44.13,2025-02-28T14:41:44.1369088-08:00,2025-02-28T22:41:44.1369088Z,,v3,POM_PIT,,,"Chetcuti, Mason",10132215,Right,RED_UNI,1fc84fbd-360e-4083-98fe-66f8775d6640,54.92396,-128.87894,14.49679,5.83052,-4.71152,-8.04867,-1.33138,-0.79792,-2.15532,,,,,,,,,,,,,,,,,,,,,,,,,,,,,,,,,,,,,,,,,,,,,,,,,,,High,High,High,,,,,
75,2025-02-28,14:41:56.79,1,2,"Godoy, Joe",1000121399,Right,RED_UNI,"Ng, JC",1000115591,Left,POM_COL,Undefined,3,Bottom,0,1,0,Fastball,Four-Seam,BallCalled,Undefined,Undefined,Undefined,0,0,,88.87156,-3.277298,-0.983919,2380.906509,190.460278,12:15,5.82679,0.77376,5.53736,-17.18997,19.21859,3.3026,1.32727,0.12924,80.31812,-6.539595,-0.394962,0.434283,,,,,,,,,,,,-1.97162,11.11453,-0.69063,50,5.53115,2.06108,-128.62512,-7.88274,-3.25981,29.93779,-13.79762,POM_COL,RED_UNI,PomonaPitzer,D3,Team,20250228-PomonaPitzer-1,37525460-f625-11ef-9580-87d9c9be22a3,86.79225,,,8.55345,,,,,,,27c5113f-7cd2-4e59-98da-f9ff0abff72f,2025-02-28,22:41:56.79,2025-02-28T14:41:56.7931392-08:00,2025-02-28T22:41:56.7931392Z,,v3,POM_PIT,,,"Chetcuti, Mason",10132215,Right,RED_UNI,2a23c6d1-8160-4150-81ec-7595acf7caff,54.95844,-129.77408,14.96889,5.82351,-7.35321,-6.89881,-0.77213,2.18618,-1.6299,,,,,,,,,,,,,,,,,,,,,,,,,,,,,,,,,,,,,,,,,,,,,,,,,,,High,High,High,,,,,
76,2025-02-28,14:42:09.06,1,3,"Godoy, Joe",1000121399,Right,RED_UNI,"Ng, JC",1000115591,Left,POM_COL,Undefined,3,Bottom,0,2,0,Fastball,Four-Seam,InPlay,Undefined,GroundBall,Single,0,0,,89.21906,-1.923254,-1.336896,2405.345793,187.296631,12:15,5.74952,1.0501,5.57599,-17.29611,18.63021,2.22264,2.51069,-0.01357,80.70064,-5.212177,-0.940411,0.431398,82.60472,-33.407454,47.479884,,,,,4.97693,1.56713,36.117687,0.038069,-1.5424,10.39839,-0.93652,50,5.573,2.9198,-129.30767,-4.8703,-2.58178,29.82744,-14.76867,POM_COL,RED_UNI,PomonaPitzer,D3,Team,20250228-PomonaPitzer-1,3e9798c0-f625-11ef-9580-87d9c9be22a3,87.37286,2.54615,,8.51842,,,,1.41139,2.54615,0.0884,27c5113f-7cd2-4e59-98da-f9ff0abff72f,2025-02-28,22:42:09.06,2025-02-28T14:42:09.0614784-08:00,2025-02-28T22:42:09.0614784Z,GroundBall,v3,POM_PIT,,,"Chetcuti, Mason",10132215,Right,RED_UNI,b225b572-271a-404e-9292-1861d35faa5a,54.9213,-130.43792,14.91372,5.74695,-4.31066,-7.38434,-1.04902,3.01763,-1.29089,,1.41028,68.53349,,,,,,,,2.54723,-66.88225,,,,,,,,0.08719,74.73848,,,,,,,,,,,,,,,,,,,,,,,,,,,,,,Medium,Medium,Medium,Low,Low,,,
77,2025-02-28,14:42:41.68,2,1,"Godoy, Joe",1000121399,Right,RED_UNI,"Berry, Cooper",1000276381,Left,POM_COL,Undefined,3,Bottom,0,0,0,Slider,Curveball,StrikeCalled,Undefined,Undefined,Undefined,0,0,,78.36173,1.356351,0.287174,2558.579004,51.612763,7:45,5.55481,2.00506,5.03776,-52.26589,-5.02717,-8.30591,2.47915,1.58382,71.58361,-8.106476,-1.182371,0.494676,,,,,,,,,,,,4.17288,-2.3563,-2.02563,50,5.64267,-0.22116,-113.64647,0.78804,5.42346,22.03711,-35.23653,POM_COL,RED_UNI,PomonaPitzer,D3,Team,20250228-PomonaPitzer-1,5215fbd0-f625-11ef-9580-87d9c9be22a3,76.19628,,,6.77813,,,,,,,27c5113f-7cd2-4e59-98da-f9ff0abff72f,2025-02-28,22:42:41.68,2025-02-28T14:42:41.6860160-08:00,2025-02-28T22:42:41.6860160Z,,v3,POM_PIT,,,"Chetcuti, Mason",10132215,Right,RED_UNI,4dc3af4e-164b-4da3-a2a5-d9f59ee393bd,55.46166,-114.70065,11.01855,5.56466,2.47363,-17.61826,-2.00884,-0.4806,2.71173,,,,,,,,,,,,,,,,,,,,,,,,,,,,,,,,,,,,,,,,,,,,,,,,,,,High,High,High,,,,,
78,2025-02-28,14:42:55.52,2,2,"Godoy, Joe",1000121399,Right,RED_UNI,"Berry, Cooper",1000276381,Left,POM_COL,Undefined,3,Bottom,0,0,1,Fastball,Four-Seam,BallCalled,Undefined,Undefined,Undefined,0,0,,90.21265,-2.100574,0.007764,2448.958041,190.606537,12:15,5.91032,1.47912,5.34908,-16.43332,18.968,3.31882,2.56972,1.76297,81.66108,-5.217666,0.597542,0.428234,,,,,,,,,,,,-1.6448,10.48178,-1.48219,50,5.70981,-0.17414,-130.69562,-5.30541,-2.81869,29.92174,-14.21163,POM_COL,RED_UNI,PomonaPitzer,D3,Team,20250228-PomonaPitzer-1,5a47ea20-f625-11ef-9580-87d9c9be22a3,88.01831,,,8.55157,,,,,,,27c5113f-7cd2-4e59-98da-f9ff0abff72f,2025-02-28,22:42:55.52,2025-02-28T14:42:55.5260928-08:00,2025-02-28T22:42:55.5260928Z,,v3,POM_PIT,,,"Chetcuti, Mason",10132215,Right,RED_UNI,b64eecfe-5adf-4157-b477-831a55fc0cad,55.14582,-131.86845,14.96087,5.90685,-4.74836,-7.10582,-1.47754,-0.06365,-1.40934,,,,,,,,,,,,,,,,,,,,,,,,,,,,,,,,,,,,,,,,,,,,,,,,,,,High,High,High,,,,,
79,2025-02-28,14:43:09.10,2,3,"Godoy, Joe",1000121399,Right,RED_UNI,"Berry, Cooper",1000276381,Left,POM_COL,Undefined,3,Bottom,0,1,1,Slider,Curveball,StrikeCalled,Undefined,Undefined,Undefined,0,0,,78.43203,1.732333,0.210479,2532.322025,66.768762,8:15,5.72962,1.80644,4.96268,-49.18652,-2.41217,-8.82721,3.26781,1.26968,72.29475,-7.153696,-1.347801,0.492238,,,,,,,,,,,,4.39937,-1.17984,-1.81928,50,5.85684,-0.04902,-113.85619,1.64828,5.80822,19.77501,-33.73172,POM_COL,RED_UNI,PomonaPitzer,D3,Team,20250228-PomonaPitzer-1,626c1cd0-f625-11ef-9580-87d9c9be22a3,76.5736,,,6.13728,,,,,,,27c5113f-7cd2-4e59-98da-f9ff0abff72f,2025-02-28,22:43:09.10,2025-02-28T14:43:09.1013120-08:00,2025-02-28T22:43:09.1013120Z,,v3,POM_PIT,,,"Chetcuti, Mason",10132215,Right,RED_UNI,78aeef0d-fb48-4d77-bf8f-64e12483e21d,55.53792,-114.81401,9.8875,5.73744,3.28211,-16.86586,-1.8101,-0.33034,2.90411,,,,,,,,,,,,,,,,,,,,,,,,,,,,,,,,,,,,,,,,,,,,,,,,,,,High,High,High,,,,,
80,2025-02-28,14:43:59.21,2,4,"Godoy, Joe",1000121399,Right,RED_UNI,"Berry, Cooper",1000276381,Left,POM_COL,Undefined,3,Bottom,0,1,2,Fastball,Four-Seam,InPlay,Undefined,LineDrive,Double,0,0,,87.24571,-1.196185,-1.622071,2341.132017,198.553968,12:30,5.92505,1.33162,5.44706,-17.30918,20.61198,6.44882,3.36207,0.34994,78.46254,-4.50871,-0.474848,0.443213,97.86383,16.51697,33.476502,2489.128491,88.87635,23.58288,64.81473,243.51478,242.24838,40.129128,2.274945,-3.77292,11.16087,-1.19294,50,5.80808,3.29391,-126.37368,-3.14787,-6.00303,29.62891,-14.41623,POM_COL,RED_UNI,PomonaPitzer,D3,Team,20250228-PomonaPitzer-1,80458fc0-f625-11ef-9580-87d9c9be22a3,85.04369,24.02718,,8.78317,,,,1.36058,3.69077,-0.3718,27c5113f-7cd2-4e59-98da-f9ff0abff72f,2025-02-28,22:43:59.21,2025-02-28T14:43:59.2137216-08:00,2025-02-28T22:43:59.2137216Z,LineDrive,v3,POM_PIT,,,"Chetcuti, Mason",10132215,Right,RED_UNI,177294a9-3c1b-4094-8cb4-a6242aa2d762,55.04918,-127.55199,14.81445,5.92187,-2.57455,-7.20811,-1.32868,3.53265,-3.00151,,1.36058,114.78274,-21.08178,4.29039,-0.94957,0.18047,-0.03142,0.00401,-0.00024,3.69077,40.80641,-22.62022,2.55954,-0.53511,0.10895,-0.01842,0.00251,-0.00019,-0.37179,75.90514,-1.88026,-0.97982,0.38873,-0.10883,0.02055,-0.00264,0.00015,,,,,,,,,,,,,,,,,,,,,,,High,High,High,High,Medium,,,
81,2025-02-28,14:44:43.43,3,1,"Godoy, Joe",1000121399,Right,RED_UNI,"Pierantoni, Greg",1000091552,Right,POM_COL,Undefined,3,Bottom,0,0,0,Slider,Slider,BallCalled,Undefined,Undefined,Undefined,0,0,,79.1026,2.202587,-0.816413,2463.362443,143.09325,10:45,5.63319,1.69424,5.07285,-42.99884,4.00874,-1.69043,4.12776,0.78362,70.92549,-5.691014,-1.115089,0.493464,,,,,,,,,,,,0.55595,1.80437,-1.61543,50,5.80893,1.70294,-114.4122,2.88505,0.72254,24.95446,-29.82907,POM_COL,RED_UNI,PomonaPitzer,D3,Team,20250228-PomonaPitzer-1,9aa76820-f625-11ef-9580-87d9c9be22a3,76.38338,,,8.17711,,,,,,,27c5113f-7cd2-4e59-98da-f9ff0abff72f,2025-02-28,22:44:43.43,2025-02-28T14:44:43.4381312-08:00,2025-02-28T22:44:43.4381312Z,,v3,POM_PIT,,,"Chetcuti, Mason",10132215,Right,RED_UNI,2aed7bb6-ce1a-498d-8021-78b067b527d2,55.42144,-115.58863,12.47723,5.63977,4.29128,-14.91453,-1.6949,1.66888,0.36127,,,,,,,,,,,,,,,,,,,,,,,,,,,,,,,,,,,,,,,,,,,,,,,,,,,High,High,High,,,,,
82,2025-02-28,14:44:59.29,3,2,"Godoy, Joe",1000121399,Right,RED_UNI,"Pierantoni, Greg",1000091552,Right,POM_COL,Undefined,3,Bottom,0,1,0,Slider,Curveball,StrikeCalled,Undefined,Undefined,Undefined,0,0,,79.62298,2.057985,-0.819492,2572.193848,53.579395,7:45,5.63617,1.66548,5.09201,-51.80668,-5.46492,-9.7326,3.25954,0.08205,71.64389,-7.373185,-2.54111,0.489957,,,,,,,,,,,,4.48496,-2.76819,-1.58028,50,5.79085,2.07159,-115.23187,2.22603,5.90862,25.4445,-35.82092,POM_COL,RED_UNI,PomonaPitzer,D3,Team,20250228-PomonaPitzer-1,a4192970-f625-11ef-9580-87d9c9be22a3,76.93016,,,7.97909,,,,,,,27c5113f-7cd2-4e59-98da-f9ff0abff72f,2025-02-28,22:44:59.29,2025-02-28T14:44:59.2979968-08:00,2025-02-28T22:44:59.2979968Z,,v3,POM_PIT,,,"Chetcuti, Mason",10132215,Right,RED_UNI,5efb9027-eeac-454d-b907-336290548cdc,55.40432,-116.41909,12.72225,5.64799,3.8974,-17.91046,-1.67051,1.7959,2.95431,,,,,,,,,,,,,,,,,,,,,,,,,,,,,,,,,,,,,,,,,,,,,,,,,,,High,High,High,,,,,
83,2025-02-28,14:45:15.78,3,3,"Godoy, Joe",1000121399,Right,RED_UNI,"Pierantoni, Greg",1000091552,Right,POM_COL,Undefined,3,Bottom,0,1,1,Slider,Slider,FoulBallNotFieldable,Undefined,Undefined,Undefined,0,0,,80.59485,-0.249609,-1.558329,2648.808032,99.528522,9:15,5.71635,1.67766,4.76172,-43.26865,2.3191,-3.99205,1.87386,-0.13301,72.96442,-8.087882,-2.260607,0.485954,,,,,,,,,,,,1.45882,1.67386,-1.51761,50,5.65354,3.3474,-116.65967,-2.12548,1.97796,25.25056,-29.90452,POM_COL,RED_UNI,PomonaPitzer,D3,Team,20250228-PomonaPitzer-1,adf21100-f625-11ef-9580-87d9c9be22a3,77.56375,,,7.63043,,,,,,,27c5113f-7cd2-4e59-98da-f9ff0abff72f,2025-02-28,22:45:15.78,2025-02-28T14:45:15.7836800-08:00,2025-02-28T22:45:15.7836800Z,,v3,POM_PIT,,,"Chetcuti, Mason",10132215,Right,RED_UNI,01facdcb-f226-439f-86ff-2c9d98b8c4de,55.73585,-117.89464,12.62528,5.72173,-0.66289,-14.95226,-1.67897,3.25066,0.98898,,,,,,,,,,,,,,,,,,,,,,,,,,,,,,,,,,,,,,,,,,,,,,,,,,,High,High,High,,,,,
84,2025-02-28,14:45:35.30,3,4,"Godoy, Joe",1000121399,Right,RED_UNI,"Pierantoni, Greg",1000091552,Right,POM_COL,Undefined,3,Bottom,0,1,2,Slider,Slider,StrikeCalled,Strikeout,Undefined,Undefined,0,0,,81.46386,0.989709,-1.433718,2565.077779,66.76469,8:15,5.63855,1.47206,5.0636,-44.26388,-0.6998,-4.87882,2.88353,-0.28671,74.50221,-7.043929,-2.29615,0.475046,,,,,,,,,,,,1.99784,-0.17146,-1.33182,50,5.69768,3.16757,-118.14014,0.39679,2.81529,23.12202,-32.41563,POM_COL,RED_UNI,PomonaPitzer,D3,Team,20250228-PomonaPitzer-1,b987c3c0-f625-11ef-9580-87d9c9be22a3,79.34483,,,6.96165,,,,,,,27c5113f-7cd2-4e59-98da-f9ff0abff72f,2025-02-28,22:45:35.30,2025-02-28T14:45:35.3039360-08:00,2025-02-28T22:45:35.3039360Z,,v3,POM_PIT,,,"Chetcuti, Mason",10132215,Right,RED_UNI,ebe86790-e814-4149-b78a-b33f88349fb5,55.43504,-119.19912,11.56101,5.64551,1.88141,-16.20782,-1.47394,3.03863,1.40764,,,,,,,,,,,,,,,,,,,,,,,,,,,,,,,,,,,,,,,,,,,,,,,,,,,High,High,High,,,,,
85,2025-02-28,14:46:01.15,4,1,"Godoy, Joe",1000121399,Right,RED_UNI,"Gold, Jack",1000108729,Left,POM_COL,Undefined,3,Bottom,1,0,0,Slider,Slider,BallCalled,Undefined,Undefined,Undefined,0,0,,78.99296,2.568177,0.524836,2442.355759,75.336547,8:30,5.61714,2.01243,4.96278,-46.72231,-0.45512,-7.08697,4.15152,1.91768,72.43489,-5.900015,-0.725117,0.489562,,,,,,,,,,,,3.62587,-0.45095,-2.05716,50,5.82746,-0.74994,-114.55936,3.43378,4.83666,20.41608,-32.77556,POM_COL,RED_UNI,PomonaPitzer,D3,Team,20250228-PomonaPitzer-1,c8f3d2e0-f625-11ef-9580-87d9c9be22a3,76.99212,,,6.55807,,,,,,,27c5113f-7cd2-4e59-98da-f9ff0abff72f,2025-02-28,22:46:01.15,2025-02-28T14:46:01.1505664-08:00,2025-02-28T22:46:01.1505664Z,,v3,POM_PIT,,,"Chetcuti, Mason",10132215,Right,RED_UNI,b5469223-70ad-4a23-815a-425bdf796753,55.53685,-115.54189,10.20804,5.62425,5.01112,-16.38778,-2.01547,-0.98271,2.41833,,,,,,,,,,,,,,,,,,,,,,,,,,,,,,,,,,,,,,,,,,,,,,,,,,,High,High,High,,,,,
86,2025-02-28,14:46:16.61,4,2,"Godoy, Joe",1000121399,Right,RED_UNI,"Gold, Jack",1000108729,Left,POM_COL,Undefined,3,Bottom,1,1,0,Slider,Slider,BallCalled,Undefined,Undefined,Undefined,0,0,,79.7708,1.194341,0.199453,2617.878459,83.102943,8:45,5.61779,1.72927,5.01579,-44.08404,0.84311,-3.53752,3.07149,1.62271,73.78861,-6.782928,-0.425689,0.482421,,,,,,,,,,,,1.79799,0.53965,-1.74542,50,5.69663,-0.25491,-115.86946,0.80727,2.46954,19.56216,-31.43286,POM_COL,RED_UNI,PomonaPitzer,D3,Team,20250228-PomonaPitzer-1,d22cd0f0-f625-11ef-9580-87d9c9be22a3,78.13191,,,5.98219,,,,,,,27c5113f-7cd2-4e59-98da-f9ff0abff72f,2025-02-28,22:46:16.61,2025-02-28T14:46:16.6144000-08:00,2025-02-28T22:46:16.6144000Z,,v3,POM_PIT,,,"Chetcuti, Mason",10132215,Right,RED_UNI,44f79bf2-76fb-48ff-a377-6cdf5104d2c7,55.48445,-116.79173,9.78108,5.62365,2.28918,-15.71643,-1.73066,-0.37134,1.23477,,,,,,,,,,,,,,,,,,,,,,,,,,,,,,,,,,,,,,,,,,,,,,,,,,,High,High,High,,,,,
87,2025-02-28,14:46:33.60,4,3,"Godoy, Joe",1000121399,Right,RED_UNI,"Gold, Jack",1000108729,Left,POM_COL,Undefined,3,Bottom,1,2,0,Fastball,Four-Seam,StrikeSwinging,Undefined,Undefined,Undefined,0,0,,89.3953,-1.382467,-1.46446,2448.794762,192.727557,12:30,5.76828,1.34223,5.52886,-16.94135,18.63655,3.94362,3.06346,0.30155,81.36629,-4.593708,-0.761726,0.4293,,,,,,,,,,,,-2.39973,10.13875,-1.21761,50,5.63704,3.1369,-129.65995,-3.64996,-4.07221,27.915,-14.96912,POM_COL,RED_UNI,PomonaPitzer,D3,Team,20250228-PomonaPitzer-1,dc45a7b0-f625-11ef-9580-87d9c9be22a3,87.79967,,,8.02901,,,,,,,27c5113f-7cd2-4e59-98da-f9ff0abff72f,2025-02-28,22:46:33.60,2025-02-28T14:46:33.6075776-08:00,2025-02-28T22:46:33.6075776Z,,v3,POM_PIT,,,"Chetcuti, Mason",10132215,Right,RED_UNI,b3c2c32c-4926-4826-8995-dfd493831a96,54.96782,-130.72511,13.9575,5.76542,-3.07878,-7.48456,-1.34027,3.29228,-2.0361,,,,,,,,,,,,,,,,,,,,,,,,,,,,,,,,,,,,,,,,,,,,,,,,,,,High,High,High,,,,,
88,2025-02-28,14:46:50.22,4,4,"Godoy, Joe",1000121399,Right,RED_UNI,"Gold, Jack",1000108729,Left,POM_COL,Undefined,3,Bottom,1,2,1,Fastball,Four-Seam,FoulBallNotFieldable,Undefined,Undefined,Undefined,0,0,,90.59524,-2.91776,-2.352733,2418.616523,200.928015,12:45,5.67639,1.47958,5.66684,-14.7852,19.85694,7.13823,1.71906,-0.12053,82.30992,-5.744034,-1.078306,0.423617,,,,,,,,,,,,-4.32221,11.2976,-1.28532,50,5.42043,5.07584,-131.22441,-7.12129,-7.489,29.40552,-12.59891,POM_COL,RED_UNI,PomonaPitzer,D3,Team,20250228-PomonaPitzer-1,e63376d0-f625-11ef-9580-87d9c9be22a3,88.97757,,,8.28532,,,,,,,27c5113f-7cd2-4e59-98da-f9ff0abff72f,2025-02-28,22:46:50.22,2025-02-28T14:46:50.2297600-08:00,2025-02-28T22:46:50.2297600Z,,v3,POM_PIT,,,"Chetcuti, Mason",10132215,Right,RED_UNI,abf1295d-c322-406e-bb25-76ac7f163b0c,54.83115,-132.30257,14.70276,5.67307,-6.65935,-6.29946,-1.47647,5.35042,-3.7445,,,,,,,,,,,,,,,,,,,,,,,,,,,,,,,,,,,,,,,,,,,,,,,,,,,High,High,High,,,,,
89,2025-02-28,14:47:13.30,4,5,"Godoy, Joe",1000121399,Right,RED_UNI,"Gold, Jack",1000108729,Left,POM_COL,Undefined,3,Bottom,1,2,2,Slider,Slider,BallCalled,Undefined,Undefined,Undefined,0,0,,81.3151,1.143717,0.255528,2585.843685,52.591211,7:45,5.59073,1.66511,4.98464,-44.95577,-0.62504,-2.88658,2.92462,1.66587,73.49931,-7.038961,-0.254382,0.479208,,,,,,,,,,,,1.49504,-0.14169,-1.68732,50,5.66482,-0.39739,-117.76884,0.66441,2.06981,25.3332,-32.37019,POM_COL,RED_UNI,PomonaPitzer,D3,Team,20250228-PomonaPitzer-1,f3f7f070-f625-11ef-9580-87d9c9be22a3,78.65575,,,7.8158,,,,,,,27c5113f-7cd2-4e59-98da-f9ff0abff72f,2025-02-28,22:47:13.30,2025-02-28T14:47:13.3087744-08:00,2025-02-28T22:47:13.3087744Z,,v3,POM_PIT,,,"Chetcuti, Mason",10132215,Right,RED_UNI,4a1cb02d-03e8-4071-84cf-2b52c2e5c662,55.51149,-118.9485,12.6666,5.59878,2.17176,-16.1851,-1.66657,-0.49377,1.0349,,,,,,,,,,,,,,,,,,,,,,,,,,,,,,,,,,,,,,,,,,,,,,,,,,,High,High,High,,,,,
90,2025-02-28,14:47:32.23,4,6,"Godoy, Joe",1000121399,Right,RED_UNI,"Gold, Jack",1000108729,Left,POM_COL,Undefined,3,Bottom,1,3,2,Fastball,Four-Seam,InPlay,Undefined,LineDrive,Out,1,0,,90.79924,-1.858482,-1.3088,2321.478084,192.566525,12:30,5.72576,1.40266,5.56431,-16.53225,17.73131,3.7124,2.6108,0.48912,83.11959,-4.977844,-0.646689,0.421296,101.70968,10.186432,18.216549,1196.646242,104.02262,8.22269,35.7668,158.18288,141.29611,19.964716,1.251331,-2.25039,9.82788,-1.2923,50,5.55477,2.84849,-131.79939,-4.80716,-3.96451,27.61649,-14.86071,POM_COL,RED_UNI,PomonaPitzer,D3,Team,20250228-PomonaPitzer-1,ff3bd9b0-f625-11ef-9580-87d9c9be22a3,89.46779,9.72952,,7.67964,,,,1.79876,2.66123,-0.49309,27c5113f-7cd2-4e59-98da-f9ff0abff72f,2025-02-28,22:47:32.23,2025-02-28T14:47:32.2310144-08:00,2025-02-28T22:47:32.2310144Z,LineDrive,v3,POM_PIT,,,"Chetcuti, Mason",10132215,Right,RED_UNI,eb32bb6f-ed3d-440b-9520-3ac28f3fe47a,54.93553,-132.82953,13.80825,5.72374,-4.25283,-7.43035,-1.40131,2.99637,-1.98225,330.397424,1.79876,139.46412,-21.08446,3.52003,-0.77698,0.16007,-0.03473,0.00642,-0.00065,2.66123,26.38166,-26.43836,3.77741,-0.89711,0.21879,-0.04876,0.0093,-0.001,-0.49309,45.89811,-3.32499,1.57468,-0.4476,0.12303,-0.02965,0.00587,-0.00064,,,,,,,,,,,,,,,,,,,,,,,High,High,High,High,High,,,
91,2025-02-28,14:48:03.32,5,1,"Godoy, Joe",1000121399,Right,RED_UNI,"Savas, Peter",1000276389,Right,POM_COL,Undefined,3,Bottom,2,0,0,Slider,Slider,BallCalled,Undefined,Undefined,Undefined,0,0,,81.45191,-0.922412,-1.131351,2549.847069,97.661049,9:15,5.54058,1.51805,5.06469,-42.0455,1.77996,-2.13,1.16677,0.27362,74.30665,-8.553188,-1.50851,0.476469,,,,,,,,,,,,0.71339,1.60252,-1.4088,50,5.41975,2.42216,-118.05943,-3.43848,0.99742,24.44127,-29.93348,POM_COL,RED_UNI,PomonaPitzer,D3,Team,20250228-PomonaPitzer-1,11c4e040-f626-11ef-9580-87d9c9be22a3,79.10785,,,7.14526,,,,,,,27c5113f-7cd2-4e59-98da-f9ff0abff72f,2025-02-28,22:48:03.32,2025-02-28T14:48:03.3296896-08:00,2025-02-28T22:48:03.3296896Z,,v3,POM_PIT,,,"Chetcuti, Mason",10132215,Right,RED_UNI,fdd09e3c-c215-474e-89cc-90aeed82b35f,55.43362,-119.17901,12.22063,5.54585,-2.06732,-14.96674,-1.5187,2.37647,0.49871,,,,,,,,,,,,,,,,,,,,,,,,,,,,,,,,,,,,,,,,,,,,,,,,,,,High,High,High,,,,,
92,2025-02-28,14:48:19.34,5,2,"Godoy, Joe",1000121399,Right,RED_UNI,"Savas, Peter",1000276389,Right,POM_COL,Undefined,3,Bottom,2,1,0,Fastball,Four-Seam,BallCalled,Undefined,Undefined,Undefined,0,0,,89.43438,-3.846731,-1.868123,2194.696145,198.445026,12:30,5.99384,0.93057,5.57106,-17.67895,17.90729,5.57721,0.92008,-0.35028,81.73136,-7.164172,-0.873285,0.429351,,,,,,,,,,,,-3.36445,10.52351,-0.77337,50,5.65047,3.98079,-129.49844,-9.27114,-5.69996,27.62914,-14.34535,POM_COL,RED_UNI,PomonaPitzer,D3,Team,20250228-PomonaPitzer-1,1b4dac00-f626-11ef-9580-87d9c9be22a3,87.78936,,,7.70303,,,,,,,27c5113f-7cd2-4e59-98da-f9ff0abff72f,2025-02-28,22:48:19.34,2025-02-28T14:48:19.3412608-08:00,2025-02-28T22:48:19.3412608Z,,v3,POM_PIT,,,"Chetcuti, Mason",10132215,Right,RED_UNI,c0deaeb4-2a42-4c47-a704-6783eccbce68,54.92777,-130.54557,13.81457,5.99154,-8.72745,-7.17267,-0.92834,4.19682,-2.84998,,,,,,,,,,,,,,,,,,,,,,,,,,,,,,,,,,,,,,,,,,,,,,,,,,,High,High,High,,,,,
93,2025-02-28,14:48:35.42,5,3,"Godoy, Joe",1000121399,Right,RED_UNI,"Savas, Peter",1000276389,Right,POM_COL,Undefined,3,Bottom,2,2,0,Fastball,Four-Seam,BallCalled,Undefined,Undefined,Undefined,0,0,,89.0391,-0.837953,-2.540829,2218.079636,186.330482,12:15,5.83864,0.91502,5.82255,-19.50533,15.8854,1.63728,3.43332,-1.31231,81.30722,-4.516861,-2.247843,0.42817,,,,,,,,,,,,-1.53969,8.67508,-0.70808,50,5.75851,5.66171,-129.1832,-2.49407,-2.6011,26.9846,-17.51865,POM_COL,RED_UNI,PomonaPitzer,D3,Team,20250228-PomonaPitzer-1,24e23790-f626-11ef-9580-87d9c9be22a3,88.03149,,,7.73188,,,,,,,27c5113f-7cd2-4e59-98da-f9ff0abff72f,2025-02-28,22:48:35.42,2025-02-28T14:48:35.4230272-08:00,2025-02-28T22:48:35.4230272Z,,v3,POM_PIT,,,"Chetcuti, Mason",10132215,Right,RED_UNI,59ff3c6b-ff5f-4f2f-bfcf-6f9f9d38cdc4,54.67461,-130.15599,13.4923,5.83704,-1.86251,-8.75933,-0.91388,5.75548,-1.30055,,,,,,,,,,,,,,,,,,,,,,,,,,,,,,,,,,,,,,,,,,,,,,,,,,,High,High,High,,,,,
94,2025-02-28,14:48:52.65,5,4,"Godoy, Joe",1000121399,Right,RED_UNI,"Savas, Peter",1000276389,Right,POM_COL,Undefined,3,Bottom,2,3,0,Fastball,Four-Seam,StrikeCalled,Undefined,Undefined,Undefined,0,0,,87.86737,-1.824433,-2.591276,2169.276989,179.296904,12:00,5.74953,1.04579,5.70947,-20.21489,16.26434,-0.18543,2.36286,-1.38554,80.46605,-5.614252,-2.624391,0.434705,,,,,,,,,,,,-0.61681,9.11327,-0.82854,50,5.58407,5.77473,-127.4212,-4.69674,-1.0155,25.84707,-17.17066,POM_COL,RED_UNI,PomonaPitzer,D3,Team,20250228-PomonaPitzer-1,2f338370-f626-11ef-9580-87d9c9be22a3,86.70818,,,7.40132,,,,,,,27c5113f-7cd2-4e59-98da-f9ff0abff72f,2025-02-28,22:48:52.65,2025-02-28T14:48:52.6573056-08:00,2025-02-28T22:48:52.6573056Z,,v3,POM_PIT,,,"Chetcuti, Mason",10132215,Right,RED_UNI,c5d63bc9-4a77-47c0-bbb9-4acf7e278742,54.78767,-128.38869,12.92353,5.74784,-4.05401,-8.58533,-1.04541,5.81274,-0.50775,,,,,,,,,,,,,,,,,,,,,,,,,,,,,,,,,,,,,,,,,,,,,,,,,,,High,High,High,,,,,
95,2025-02-28,14:49:12.32,5,5,"Godoy, Joe",1000121399,Right,RED_UNI,"Savas, Peter",1000276389,Right,POM_COL,Undefined,3,Bottom,2,3,1,Fastball,Four-Seam,StrikeCalled,Undefined,Undefined,Undefined,0,0,,87.59806,-1.011032,-1.253614,2148.57175,179.898837,12:00,5.89861,0.86606,5.67242,-19.25796,17.47572,-0.02878,3.35085,-0.3053,79.9929,-4.643895,-1.258757,0.436218,,,,,,,,,,,,-0.33567,9.50028,-0.76024,50,5.80127,2.78366,-127.14861,-2.83599,-0.54926,26.18735,-16.62912,POM_COL,RED_UNI,PomonaPitzer,D3,Team,20250228-PomonaPitzer-1,3aedd530-f626-11ef-9580-87d9c9be22a3,86.40733,,,7.60516,,,,,,,27c5113f-7cd2-4e59-98da-f9ff0abff72f,2025-02-28,22:49:12.32,2025-02-28T14:49:12.3227648-08:00,2025-02-28T22:49:12.3227648Z,,v3,POM_PIT,,,"Chetcuti, Mason",10132215,Right,RED_UNI,177b3f7a-dfea-4e34-b3af-a2224184e8aa,54.8248,-128.13847,13.09367,5.89658,-2.20742,-8.31456,-0.86585,2.80442,-0.27463,,,,,,,,,,,,,,,,,,,,,,,,,,,,,,,,,,,,,,,,,,,,,,,,,,,High,High,High,,,,,
96,2025-02-28,14:49:34.55,5,6,"Godoy, Joe",1000121399,Right,RED_UNI,"Savas, Peter",1000276389,Right,POM_COL,Undefined,3,Bottom,2,3,2,Fastball,Four-Seam,BallCalled,Walk,Undefined,Undefined,0,0,,88.9214,-3.26562,-0.676121,2308.937681,199.854925,12:45,5.86803,0.92609,5.64803,-15.92363,19.80166,6.73319,1.49155,0.85651,81.40073,-6.279455,0.527167,0.430189,,,,,,,,,,,,-3.67351,11.38788,-0.87337,50,5.58108,1.24424,-128.9843,-7.84498,-6.18292,27.06001,-13.00704,POM_COL,RED_UNI,PomonaPitzer,D3,Team,20250228-PomonaPitzer-1,481e9a50-f626-11ef-9580-87d9c9be22a3,87.61829,,,7.52067,,,,,,,27c5113f-7cd2-4e59-98da-f9ff0abff72f,2025-02-28,22:49:34.55,2025-02-28T14:49:34.5582592-08:00,2025-02-28T22:49:34.5582592Z,,v3,POM_PIT,,,"Chetcuti, Mason",10132215,Right,RED_UNI,d9f916e3-3634-4e6d-8705-595b239d98a8,54.85344,-129.99853,13.53,5.86598,-7.35747,-6.50352,-0.92435,1.47597,-3.09146,,,,,,,,,,,,,,,,,,,,,,,,,,,,,,,,,,,,,,,,,,,,,,,,,,,High,High,High,,,,,
97,2025-02-28,14:50:46.83,6,1,"Godoy, Joe",1000121399,Right,RED_UNI,"Wakil, Lateef",1000128267,Left,POM_COL,Undefined,3,Bottom,2,0,0,Fastball,Four-Seam,InPlay,Undefined,GroundBall,Out,1,0,,88.3384,-1.982604,-0.530281,2251.007112,197.170174,12:30,5.70024,0.83404,5.7571,-21.09541,14.91044,4.25063,2.09598,0.69464,80.83031,-5.934581,0.231112,0.431875,68.48081,-58.645173,129.787775,,,,,0.29189,0.29189,63.346658,0.023768,-2.32114,8.50701,-0.79273,50,5.52307,1.00784,-128.24144,-5.11428,-3.86245,26.71459,-18.0182,POM_COL,RED_UNI,PomonaPitzer,D3,Team,20250228-PomonaPitzer-1,733c0c40-f626-11ef-9580-87d9c9be22a3,87.27631,2.04502,,7.50809,,,,0.92836,2.04502,-0.69664,27c5113f-7cd2-4e59-98da-f9ff0abff72f,2025-02-28,22:50:46.83,2025-02-28T14:50:46.8353536-08:00,2025-02-28T22:50:46.8353536Z,GroundBall,v3,POM_PIT,,,"Chetcuti, Mason",10132215,Right,RED_UNI,05339880-1408-458d-9303-a37414fe94b6,54.74181,-129.22546,13.3573,5.69923,-4.45059,-9.0091,-0.83247,1.15011,-1.93122,,0.92876,-33.55054,,,,,,,,2.04606,-86.04194,,,,,,,,-0.69712,40.28608,,,,,,,,,,,,,,,,,,,,,,,,,,,,,,High,High,High,Estimated,Estimated,,,
98,2025-02-28,14:52:58.30,1,1,"Brunngraber, Max",1000276385,Right,POM_COL,"Chetcuti, Mason",10132215,Right,RED_UNI,Undefined,4,Top,0,0,0,Cutter,Slider,InPlay,Undefined,LineDrive,Out,1,0,,77.36685,-0.284472,-2.78369,2270.767221,132.562001,10:30,5.6092,2.89111,5.33494,-40.89648,6.88595,-5.86067,1.93395,-0.21103,71.10186,-7.749393,-3.823198,0.497514,83.14754,21.257019,-17.114374,1651.12416,104.55379,32.67354,-34.18151,282.84128,272.9152,-20.497856,3.311418,2.17788,3.95473,-2.63516,50,5.55407,5.67956,-112.19106,-1.89432,2.77171,20.57644,-27.14097,POM_COL,RED_UNI,PomonaPitzer,D3,Team,20250228-PomonaPitzer-1,c19da920-f626-11ef-9580-87d9c9be22a3,75.76153,36.13365,,6.265,,,,2.07155,1.99932,0.17242,27c5113f-7cd2-4e59-98da-f9ff0abff72f,2025-02-28,22:52:58.30,2025-02-28T14:52:58.3081984-08:00,2025-02-28T22:52:58.3081984Z,LineDrive,v3,POM_PIT,,,"Savas, Peter",1000276389,Right,POM_COL,720ca61e-873e-4ec8-97a6-9e1bb9597fa0,55.16491,-113.13437,10.28822,5.6124,-0.65007,-13.57049,-2.89262,5.5525,1.38585,156.323232,2.07136,108.62613,-15.13121,3.24824,-0.72107,0.17513,-0.03838,0.00517,-0.00027,1.99946,44.20898,-15.22901,0.67014,-0.04353,-0.01507,0.00516,0.00013,-0.00013,0.17247,-33.44707,1.59533,-0.25974,0.05194,-0.01561,0.00431,-0.00058,2E-05,,,,,,,,,,,,,,,,,,,,,,,High,High,High,High,High,,,
99,2025-02-28,14:53:26.80,2,1,"Brunngraber, Max",1000276385,Right,POM_COL,"Burgess, Jake",1000121389,Right,RED_UNI,Undefined,4,Top,1,0,0,Cutter,Slider,BallCalled,Undefined,Undefined,Undefined,0,0,,77.93133,-1.44673,-3.827107,2223.603443,162.405702,11:30,5.63644,2.98388,5.29521,-35.1638,12.47985,-3.43953,1.34446,-0.90139,71.10267,-7.89621,-4.435465,0.496791,,,,,,,,,,,,0.56516,7.17323,-2.63262,50,5.4793,7.67693,-112.72168,-3.98404,0.72111,22.0835,-23.02159,POM_COL,RED_UNI,PomonaPitzer,D3,Team,20250228-PomonaPitzer-1,d29e3af0-f626-11ef-9580-87d9c9be22a3,75.87179,,,6.82867,,,,,,,27c5113f-7cd2-4e59-98da-f9ff0abff72f,2025-02-28,22:53:26.80,2025-02-28T14:53:26.8050944-08:00,2025-02-28T22:53:26.8050944Z,,v3,POM_PIT,,,"Savas, Peter",1000276389,Right,POM_COL,ddd59dea-15d2-4222-9610-e1e90c21f757,55.20167,-113.73619,11.04175,5.63803,-2.92644,-11.5108,-2.98453,7.6438,0.36055,,,,,,,,,,,,,,,,,,,,,,,,,,,,,,,,,,,,,,,,,,,,,,,,,,,High,High,High,,,,,
100,2025-02-28,14:53:40.07,2,2,"Brunngraber, Max",1000276385,Right,POM_COL,"Burgess, Jake",1000121389,Right,RED_UNI,Undefined,4,Top,1,1,0,ChangeUp,Changeup,BallCalled,Undefined,Undefined,Undefined,0,0,,77.23549,1.317866,-3.340326,1778.652039,219.359858,1:15,5.90272,2.4168,6.09566,-33.91348,12.51276,9.10437,4.29783,0.0824,70.80985,-5.020748,-1.704612,0.490403,,,,,,,,,,,,-5.55788,6.54414,-2.16387,50,5.98652,6.21117,-112.05605,1.63123,-7.09502,19.48923,-23.81995,POM_COL,RED_UNI,PomonaPitzer,D3,Team,20250228-PomonaPitzer-1,da88e710-f626-11ef-9580-87d9c9be22a3,76.86014,,,6.42564,,,,,,,27c5113f-7cd2-4e59-98da-f9ff0abff72f,2025-02-28,22:53:40.07,2025-02-28T14:53:40.0750592-08:00,2025-02-28T22:53:40.0750592Z,,v3,POM_PIT,,,"Savas, Peter",1000276389,Right,POM_COL,d8cdbeac-32e3-4989-ad66-71eb824096ff,54.40221,-112.8191,9.74461,5.9044,2.56384,-11.90997,-2.41249,6.48896,-3.54751,,,,,,,,,,,,,,,,,,,,,,,,,,,,,,,,,,,,,,,,,,,,,,,,,,,High,High,High,,,,,
101,2025-02-28,14:53:54.90,2,3,"Brunngraber, Max",1000276385,Right,POM_COL,"Burgess, Jake",1000121389,Right,RED_UNI,Undefined,4,Top,1,2,0,Slider,Curveball,StrikeCalled,Undefined,Undefined,Undefined,0,0,,70.91348,0.974633,-1.403852,2297.330162,81.461664,8:45,5.5577,2.93665,5.17535,-57.91318,0.03839,-13.43119,1.64909,0.49611,64.55593,-9.554186,-3.784509,0.547903,,,,,,,,,,,,6.20571,0.35004,-2.79543,50,5.60481,3.01833,-102.73414,-0.08471,6.52508,19.58581,-31.806,POM_COL,RED_UNI,PomonaPitzer,D3,Team,20250228-PomonaPitzer-1,e363bf90-f626-11ef-9580-87d9c9be22a3,68.79396,,,6.35755,,,,,,,27c5113f-7cd2-4e59-98da-f9ff0abff72f,2025-02-28,22:53:54.90,2025-02-28T14:53:54.9006848-08:00,2025-02-28T22:53:54.9006848Z,,v3,POM_PIT,,,"Savas, Peter",1000276389,Right,POM_COL,5e317528-3113-4f56-9f65-9f37665d1057,55.32264,-103.74392,9.7929,5.56691,1.5551,-15.903,-2.94238,2.68192,3.26254,,,,,,,,,,,,,,,,,,,,,,,,,,,,,,,,,,,,,,,,,,,,,,,,,,,High,High,High,,,,,
102,2025-02-28,14:54:09.64,2,4,"Brunngraber, Max",1000276385,Right,POM_COL,"Burgess, Jake",1000121389,Right,RED_UNI,Undefined,4,Top,1,2,1,Cutter,Slider,BallCalled,Undefined,Undefined,Undefined,0,0,,80.77064,-3.753612,-5.161296,2339.022386,152.621885,11:00,5.69746,3.05112,5.14125,-36.24364,8.8902,-3.77091,-0.87669,-2.13615,73.73639,-10.298032,-5.824985,0.483529,,,,,,,,,,,,0.2585,6.04945,-2.5633,50,5.31625,10.66222,-116.36868,-8.90681,0.34944,24.73886,-23.99696,POM_COL,RED_UNI,PomonaPitzer,D3,Team,20250228-PomonaPitzer-1,ec164f90-f626-11ef-9580-87d9c9be22a3,77.95282,,,7.03425,,,,,,,27c5113f-7cd2-4e59-98da-f9ff0abff72f,2025-02-28,22:54:09.64,2025-02-28T14:54:09.6429568-08:00,2025-02-28T22:54:09.6429568Z,,v3,POM_PIT,,,"Savas, Peter",1000276389,Right,POM_COL,08aa6a7f-2cf7-4886-894c-9042699eaebc,55.35843,-117.50231,12.36943,5.6992,-7.80718,-11.99848,-3.05152,10.64621,0.17472,,,,,,,,,,,,,,,,,,,,,,,,,,,,,,,,,,,,,,,,,,,,,,,,,,,High,High,High,,,,,
103,2025-02-28,14:54:27.85,2,5,"Brunngraber, Max",1000276385,Right,POM_COL,"Burgess, Jake",1000121389,Right,RED_UNI,Undefined,4,Top,1,3,1,Fastball,Four-Seam,InPlay,Undefined,GroundBall,Single,0,0,,86.281,-1.732252,-3.503952,2244.202291,210.710771,1:00,5.81513,2.80975,5.58988,-22.73446,14.88497,8.20855,2.29956,0.21785,79.8749,-5.944097,-2.042544,0.441446,89.57854,-13.724676,0.926661,,,,,9.57381,9.57381,-0.120492,0.069363,-5.02575,8.30044,-2.51423,50,5.65135,7.32692,-125.19292,-4.54152,-8.08106,22.16613,-18.82753,POM_COL,RED_UNI,PomonaPitzer,D3,Team,20250228-PomonaPitzer-1,f6fa3e80-f626-11ef-9580-87d9c9be22a3,85.38404,2.16593,,6.4061,,,,0.70656,2.16593,-0.16356,27c5113f-7cd2-4e59-98da-f9ff0abff72f,2025-02-28,22:54:27.85,2025-02-28T14:54:27.8523392-08:00,2025-02-28T22:54:27.8523392Z,GroundBall,v3,POM_PIT,,,"Savas, Peter",1000276389,Right,POM_COL,91ecd210-970e-4dfe-b616-6242217e2066,54.91092,-126.05943,11.08306,5.81449,-3.80553,-9.41377,-2.80682,7.64282,-4.04053,180,0.70405,127.83884,,,,,,,,2.16654,-31.22617,,,,,,,,-0.1636,2.06775,,,,,,,,,,,,,,,,,,,,,,,,,,,,,,High,High,High,High,High,,,
104,2025-02-28,14:55:03.96,3,1,"Brunngraber, Max",1000276385,Right,POM_COL,"De Vries, Luke",1000121378,Left,RED_UNI,Undefined,4,Top,1,0,0,Curveball,Curveball,StrikeCalled,Undefined,Undefined,Undefined,0,0,,69.92753,3.236737,-0.750633,2181.261905,52.477817,7:45,5.92861,2.53545,5.52147,-65.4759,-7.75044,-12.26316,3.50198,0.81167,64.68011,-8.671225,-2.936309,0.546834,,,,,,,,,,,,5.93717,-4.13437,-2.46198,50,6.16711,1.76451,-101.52102,3.73704,6.2256,15.88351,-36.50927,POM_COL,RED_UNI,PomonaPitzer,D3,Team,20250228-PomonaPitzer-1,0c8d9ee0-f627-11ef-9580-87d9c9be22a3,68.92854,,,5.24742,,,,,,,27c5113f-7cd2-4e59-98da-f9ff0abff72f,2025-02-28,22:55:03.96,2025-02-28T14:55:03.9642624-08:00,2025-02-28T22:55:03.9642624Z,,v3,POM_PIT,,,"Savas, Peter",1000276389,Right,POM_COL,7de418c4-4d4d-4a9c-99cd-1ea559c1f811,54.9817,-102.29747,7.94176,5.94081,5.52174,-18.25464,-2.54079,1.46018,3.1128,,,,,,,,,,,,,,,,,,,,,,,,,,,,,,,,,,,,,,,,,,,,,,,,,,,High,High,High,,,,,
105,2025-02-28,14:55:21.03,3,2,"Brunngraber, Max",1000276385,Right,POM_COL,"De Vries, Luke",1000121378,Left,RED_UNI,Undefined,4,Top,1,0,1,Fastball,Four-Seam,BallCalled,Undefined,Undefined,Undefined,0,0,,87.5391,-3.605632,-4.49843,2328.639006,213.585828,1:00,5.70822,2.84319,5.57699,-21.34403,15.76666,9.68079,0.54707,-0.5602,80.38204,-7.568152,-2.778176,0.438451,,,,,,,,,,,,-6.13744,9.32229,-2.46192,50,5.3828,9.5468,-126.54569,-8.69598,-9.98257,25.08639,-17.01128,POM_COL,RED_UNI,PomonaPitzer,D3,Team,20250228-PomonaPitzer-1,16acb730-f627-11ef-9580-87d9c9be22a3,85.96733,,,7.15706,,,,,,,27c5113f-7cd2-4e59-98da-f9ff0abff72f,2025-02-28,22:55:21.03,2025-02-28T14:55:21.0384384-08:00,2025-02-28T22:55:21.0384384Z,,v3,POM_PIT,,,"Savas, Peter",1000276389,Right,POM_COL,801a8812-ca81-474c-bea8-11f86edece95,54.92287,-127.51786,12.5432,5.70701,-8.03675,-8.50564,-2.83938,9.93366,-4.99129,,,,,,,,,,,,,,,,,,,,,,,,,,,,,,,,,,,,,,,,,,,,,,,,,,,High,High,High,,,,,
106,2025-02-28,14:55:38.84,3,3,"Brunngraber, Max",1000276385,Right,POM_COL,"De Vries, Luke",1000121378,Left,RED_UNI,Undefined,4,Top,1,1,1,Cutter,Slider,FoulBallNotFieldable,Undefined,Undefined,Undefined,0,0,,78.25496,-0.061575,-2.694577,2328.162727,130.516171,10:15,5.54422,3.01738,5.12002,-38.68475,8.22245,-7.95898,2.26242,-0.18593,72.09108,-7.100649,-4.100056,0.492937,62.90133,48.786317,-35.591454,5002.978447,81.61933,61.18827,-73.74453,184.9574,90.94209,-43.376801,3.92509,3.2513,4.53032,-2.75732,50,5.50845,5.65952,-113.48732,-1.43754,4.25242,20.21049,-26.24879,POM_COL,RED_UNI,PomonaPitzer,D3,Team,20250228-PomonaPitzer-1,214aea90-f627-11ef-9580-87d9c9be22a3,76.46508,62.98802,,6.16387,,,,0.83327,2.24134,0.23019,27c5113f-7cd2-4e59-98da-f9ff0abff72f,2025-02-28,22:55:38.84,2025-02-28T14:55:38.8426240-08:00,2025-02-28T22:55:38.8426240Z,Popup,v3,POM_PIT,,,"Savas, Peter",1000276389,Right,POM_COL,c90f5d73-bdff-4e9d-8008-8424c237dfec,55.3795,-114.44132,10.10524,5.54706,-0.19851,-13.1244,-3.01973,5.45879,2.12621,142.393055,0.83482,49.37222,-10.94761,2.94508,0.24102,-0.59775,0.24713,-0.04551,0.00319,2.23868,69.46563,-23.18641,2.64205,-0.59844,0.04392,0.0509,-0.01862,0.00186,0.22933,-35.35449,0.98344,0.15127,-0.20575,0.08269,-0.01392,0.00026,0.00011,,,,,,,,,,,,,,,,,,,,,,,High,High,High,High,Medium,,,
107,2025-02-28,14:56:18.74,3,4,"Brunngraber, Max",1000276385,Right,POM_COL,"De Vries, Luke",1000121378,Left,RED_UNI,Undefined,4,Top,1,1,2,Curveball,Curveball,FoulBallNotFieldable,Undefined,Undefined,Undefined,0,0,,70.05083,2.886396,-1.616274,2252.952187,44.707595,7:30,5.95763,2.43553,5.2446,-74.10114,-14.84946,-16.70899,2.49852,-0.47624,63.95277,-10.515998,-4.581129,0.554015,83.87193,4.180878,52.540516,3050.259442,,,,85.43032,74.79081,54.335696,0.744082,7.87119,-7.88193,-2.27387,50,6.16734,3.45968,-101.51124,2.77988,8.07588,19.20715,-40.26098,POM_COL,RED_UNI,PomonaPitzer,D3,Team,20250228-PomonaPitzer-1,391db3a0-f627-11ef-9580-87d9c9be22a3,68.035,3.92176,,6.09806,,,,2.78324,2.7972,0.25795,27c5113f-7cd2-4e59-98da-f9ff0abff72f,2025-02-28,22:56:18.74,2025-02-28T14:56:18.7400704-08:00,2025-02-28T22:56:18.7400704Z,GroundBall,v3,POM_PIT,,,"Savas, Peter",1000276389,Right,POM_COL,24862be1-76bf-449e-bbb5-4110ae65fc9e,55.25988,-102.50165,9.60358,5.97048,4.85591,-20.13049,-2.44153,3.04325,4.03794,,2.78324,74.61662,-17.05343,2.49702,0.21188,-1.59235,2.15031,-1.50704,0.44112,2.7972,8.96816,-18.32072,1.79578,-0.06439,-0.55976,0.80861,-0.57215,0.1679,0.25795,97.3852,-6.06491,0.22832,-0.61116,1.4299,-1.86772,1.30811,-0.38349,,,,,,,,,,,,,,,,,,,,,,,High,High,High,High,High,,,
108,2025-02-28,14:56:39.21,3,5,"Brunngraber, Max",1000276385,Right,POM_COL,"De Vries, Luke",1000121378,Left,RED_UNI,Undefined,4,Top,1,1,2,Fastball,Four-Seam,StrikeSwinging,Strikeout,Undefined,Undefined,0,0,,87.47164,-0.316608,-2.917973,2308.641716,187.472901,12:15,5.76472,3.01058,5.55819,-21.03792,16.16147,1.95886,3.71536,0.44515,79.54196,-4.269788,-2.569411,0.438975,,,,,,,,,,,,-1.83571,8.62205,-2.75964,50,5.72374,6.37717,-126.7842,-1.37536,-2.97515,26.95599,-18.20008,POM_COL,RED_UNI,PomonaPitzer,D3,Team,20250228-PomonaPitzer-1,45465790-f627-11ef-9580-87d9c9be22a3,85.86473,,,7.92967,,,,,,,27c5113f-7cd2-4e59-98da-f9ff0abff72f,2025-02-28,22:56:39.21,2025-02-28T14:56:39.2195072-08:00,2025-02-28T22:56:39.2195072Z,,v3,POM_PIT,,,"Savas, Peter",1000276389,Right,POM_COL,9579b7ea-baba-4459-94b3-2a9f3a8881f5,54.93901,-127.82998,13.47799,5.7634,-0.66927,-9.10004,-3.00928,6.4926,-1.48758,,,,,,,,,,,,,,,,,,,,,,,,,,,,,,,,,,,,,,,,,,,,,,,,,,,High,High,High,,,,,
109,2025-02-28,14:57:04.45,4,1,"Brunngraber, Max",1000276385,Right,POM_COL,"Morris, Rylan",1000396958,Right,RED_UNI,Undefined,4,Top,2,0,0,Slider,Curveball,StrikeCalled,Undefined,Undefined,Undefined,0,0,,70.06981,2.808281,-0.666219,2200.196702,73.671354,8:30,5.72614,2.70429,5.12,-61.63027,-2.87894,-16.08284,3.23788,0.73647,64.36392,-8.361302,-3.511223,0.551671,,,,,,,,,,,,7.76178,-1.61476,-2.62875,50,5.94265,1.77605,-101.60345,3.02068,8.09674,16.97108,-33.8585,POM_COL,RED_UNI,PomonaPitzer,D3,Team,20250228-PomonaPitzer-1,545f64b0-f627-11ef-9580-87d9c9be22a3,68.32412,,,5.70589,,,,,,,27c5113f-7cd2-4e59-98da-f9ff0abff72f,2025-02-28,22:57:04.45,2025-02-28T14:57:04.4507136-08:00,2025-02-28T22:57:04.4507136Z,,v3,POM_PIT,,,"Savas, Peter",1000276389,Right,POM_COL,a62bb90c-3370-4f55-bff1-df8d53d15033,55.38105,-102.49832,8.48554,5.7363,4.80601,-16.92925,-2.71114,1.34912,4.04837,,,,,,,,,,,,,,,,,,,,,,,,,,,,,,,,,,,,,,,,,,,,,,,,,,,High,High,High,,,,,
110,2025-02-28,14:57:20.99,4,2,"Brunngraber, Max",1000276385,Right,POM_COL,"Morris, Rylan",1000396958,Right,RED_UNI,Undefined,4,Top,2,0,1,ChangeUp,Changeup,BallinDirt,Undefined,Undefined,Undefined,0,0,,80.97347,-3.34329,-4.433721,1688.4001,254.123659,2:30,5.83516,2.70014,5.7125,-36.34407,6.76835,18.99033,-0.3211,0.14385,74.75329,-9.981465,-1.039837,0.472577,,,,,,,,,,,,-10.96725,4.7352,-2.34073,50,5.53147,8.36623,-117.16949,-8.03749,-15.27815,21.70655,-25.57761,POM_COL,RED_UNI,PomonaPitzer,D3,Team,20250228-PomonaPitzer-1,5e2bc920-f627-11ef-9580-87d9c9be22a3,79.75935,,,6.22019,,,,,,,27c5113f-7cd2-4e59-98da-f9ff0abff72f,2025-02-28,22:57:20.99,2025-02-28T14:57:20.9915392-08:00,2025-02-28T22:57:20.9915392Z,,v3,POM_PIT,,,"Savas, Peter",1000276389,Right,POM_COL,a9ddaad2-ea93-49c7-8d72-6861b1d850d0,54.78955,-118.05346,10.85327,5.83757,-6.99588,-12.7888,-2.6941,8.98841,-7.63908,,,,,,,,,,,,,,,,,,,,,,,,,,,,,,,,,,,,,,,,,,,,,,,,,,,Medium,Medium,Medium,,,,,
111,2025-02-28,14:57:54.68,4,3,"Brunngraber, Max",1000276385,Right,POM_COL,"Morris, Rylan",1000396958,Right,RED_UNI,Undefined,4,Top,2,1,1,Fastball,Four-Seam,StrikeSwinging,Undefined,Undefined,Undefined,0,0,,87.56601,-2.971482,-3.027301,2251.308563,190.223325,12:15,5.95321,2.5797,5.74606,-19.28355,17.68371,2.96354,1.57334,0.00551,79.8099,-6.60238,-2.497906,0.437603,,,,,,,,,,,,-2.38677,10.23788,-2.32972,50,5.69408,6.57825,-126.77485,-7.17202,-3.86628,27.04124,-15.58987,POM_COL,RED_UNI,PomonaPitzer,D3,Team,20250228-PomonaPitzer-1,72418a30-f627-11ef-9580-87d9c9be22a3,86.13391,,,7.75611,,,,,,,27c5113f-7cd2-4e59-98da-f9ff0abff72f,2025-02-28,22:57:54.68,2025-02-28T14:57:54.6865664-08:00,2025-02-28T22:57:54.6865664Z,,v3,POM_PIT,,,"Savas, Peter",1000276389,Right,POM_COL,7373886b-b0ca-4411-962f-03c63beef6bf,54.75107,-127.78425,13.52062,5.95094,-6.59008,-7.79494,-2.57797,6.72258,-1.93314,,,,,,,,,,,,,,,,,,,,,,,,,,,,,,,,,,,,,,,,,,,,,,,,,,,High,High,High,,,,,
112,2025-02-28,14:58:10.17,4,4,"Brunngraber, Max",1000276385,Right,POM_COL,"Morris, Rylan",1000396958,Right,RED_UNI,Undefined,4,Top,2,1,2,Fastball,Four-Seam,FoulBallNotFieldable,Undefined,Undefined,Undefined,0,0,,90.80385,-3.442029,-3.544243,2426.796001,225.168386,1:30,5.83167,2.67747,5.48587,-20.13907,14.78513,13.62422,0.92307,0.49267,82.36241,-7.206129,-1.121685,0.425339,,,,,,,,,,,,-7.94382,8.86457,-2.37599,50,5.51577,7.51037,-131.25449,-8.59182,-13.73186,30.14056,-16.85054,POM_COL,RED_UNI,PomonaPitzer,D3,Team,20250228-PomonaPitzer-1,7b7afd70-f627-11ef-9580-87d9c9be22a3,88.61751,,,8.44144,,,,,,,27c5113f-7cd2-4e59-98da-f9ff0abff72f,2025-02-28,22:58:10.17,2025-02-28T14:58:10.1783040-08:00,2025-02-28T22:58:10.1783040Z,,v3,POM_PIT,,,"Savas, Peter",1000276389,Right,POM_COL,1e28b0c0-4fae-4755-87f2-616df8210334,55.01212,-132.40045,15.07028,5.83025,-7.95116,-8.42527,-2.67147,8.03246,-6.86593,,,,,,,,,,,,,,,,,,,,,,,,,,,,,,,,,,,,,,,,,,,,,,,,,,,High,High,High,,,,,
113,2025-02-28,14:58:32.42,4,5,"Brunngraber, Max",1000276385,Right,POM_COL,"Morris, Rylan",1000396958,Right,RED_UNI,Undefined,4,Top,2,1,2,ChangeUp,Changeup,BallCalled,Undefined,Undefined,Undefined,0,0,,82.68608,-2.97194,-4.898723,1548.589936,252.253956,2:30,5.744,2.83138,5.93831,-35.99742,5.47272,12.59674,-0.0254,-0.67445,75.49511,-9.596907,-2.642374,0.463489,,,,,,,,,,,,-8.00103,4.11898,-2.44707,50,5.48561,9.76002,-119.49663,-7.37217,-11.45982,25.05661,-26.2745,POM_COL,RED_UNI,PomonaPitzer,D3,Team,20250228-PomonaPitzer-1,88c2a5f0-f627-11ef-9580-87d9c9be22a3,81.3233,,,7.19096,,,,,,,27c5113f-7cd2-4e59-98da-f9ff0abff72f,2025-02-28,22:58:32.42,2025-02-28T14:58:32.4255744-08:00,2025-02-28T22:58:32.4255744Z,,v3,POM_PIT,,,"Savas, Peter",1000276389,Right,POM_COL,ff17bc25-e18e-4bff-9287-6f2f2d7b34ea,54.56151,-120.44931,12.5283,5.74692,-6.37318,-13.13725,-2.82644,10.19574,-5.72991,,,,,,,,,,,,,,,,,,,,,,,,,,,,,,,,,,,,,,,,,,,,,,,,,,,High,High,High,,,,,
114,2025-02-28,14:58:54.73,4,6,"Brunngraber, Max",1000276385,Right,POM_COL,"Morris, Rylan",1000396958,Right,RED_UNI,Undefined,4,Top,2,2,2,ChangeUp,Changeup,InPlay,Undefined,GroundBall,Single,0,0,,80.57138,-0.789532,-4.121991,1425.415289,255.4976,2:30,5.68459,2.96438,5.67924,-37.88286,6.17803,17.78332,1.78973,0.59715,73.03503,-7.786669,-0.948605,0.477747,62.2275,-16.083076,-16.183578,,,,,10.15844,9.86356,-14.686522,0.07922,-10.39193,3.81248,-2.62813,50,5.59413,7.71378,-116.62601,-2.83228,-14.12596,24.60677,-26.99167,POM_COL,RED_UNI,PomonaPitzer,D3,Team,20250228-PomonaPitzer-1,960d34a0-f627-11ef-9580-87d9c9be22a3,78.89624,2.01015,,7.53634,,,,3.13075,2.01015,-0.63225,27c5113f-7cd2-4e59-98da-f9ff0abff72f,2025-02-28,22:58:54.73,2025-02-28T14:58:54.7362816-08:00,2025-02-28T22:58:54.7362816Z,GroundBall,v3,POM_PIT,,,"Savas, Peter",1000276389,Right,POM_COL,5f755bc9-ac6c-452e-bd61-020951756553,54.82051,-117.63869,12.30339,5.68783,-1.72146,-13.49584,-2.95755,8.29512,-7.06298,180,3.12691,84.52144,,,,,,,,2.01131,-25.37431,,,,,,,,-0.63113,-24.52948,,,,,,,,,,,,,,,,,,,,,,,,,,,,,,High,High,High,High,High,,,
115,2025-02-28,14:59:35.15,5,1,"Brunngraber, Max",1000276385,Right,POM_COL,"Preece, Tyler",1000074626,Right,RED_UNI,Undefined,4,Top,2,0,0,Curveball,Curveball,BallCalled,Undefined,Undefined,Undefined,0,0,,68.65123,4.723237,-1.019613,2210.170779,47.93749,7:30,5.90063,2.42788,5.44625,-71.91382,-10.66473,-14.12434,4.34079,0.29612,62.35523,-8.387535,-3.529558,0.563276,,,,,,,,,,,,6.70559,-6.08567,-2.32802,50,6.26985,2.2716,-99.31693,6.01408,6.61595,17.71799,-38.17835,POM_COL,RED_UNI,PomonaPitzer,D3,Team,20250228-PomonaPitzer-1,ae36f750-f627-11ef-9580-87d9c9be22a3,66.91647,,,6.296,,,,,,,27c5113f-7cd2-4e59-98da-f9ff0abff72f,2025-02-28,22:59:35.15,2025-02-28T14:59:35.1511040-08:00,2025-02-28T22:59:35.1511040Z,,v3,POM_PIT,,,"Savas, Peter",1000276389,Right,POM_COL,e46354b9-ed3d-4dca-8beb-08a8d4281907,55.0558,-100.21482,8.859,5.91606,7.94883,-19.08917,-2.43464,1.93633,3.30797,,,,,,,,,,,,,,,,,,,,,,,,,,,,,,,,,,,,,,,,,,,,,,,,,,,High,High,High,,,,,
116,2025-02-28,14:59:50.98,5,2,"Brunngraber, Max",1000276385,Right,POM_COL,"Preece, Tyler",1000074626,Right,RED_UNI,Undefined,4,Top,2,1,0,Slider,Curveball,InPlay,Undefined,GroundBall,Single,0,1,,78.36023,0.890499,-3.058808,2420.061567,66.963053,8:15,5.55329,2.91791,5.38465,-50.21282,-3.52209,-11.7704,2.20486,-0.93284,71.88263,-8.230201,-5.147043,0.491798,98.7133,2.482173,17.318498,2051.367122,,,,78.70258,74.45007,19.427744,0.572519,5.04768,-1.64587,-2.63546,50,5.59735,6.52737,-113.6029,0.06104,6.55589,22.00608,-34.31172,POM_COL,RED_UNI,PomonaPitzer,D3,Team,20250228-PomonaPitzer-1,b79d1fe0-f627-11ef-9580-87d9c9be22a3,76.6421,2.78299,,6.47759,,,,2.22019,2.25759,0.85442,27c5113f-7cd2-4e59-98da-f9ff0abff72f,2025-02-28,22:59:50.98,2025-02-28T14:59:50.9805056-08:00,2025-02-28T22:59:50.9805056Z,GroundBall,v3,POM_PIT,,,"Savas, Peter",1000276389,Right,POM_COL,bcbf1198-383c-42ff-bffa-cf78a587a1d8,55.11671,-114.58978,11.00304,5.56011,1.59977,-17.15586,-2.92159,6.23337,3.27794,280.423358,2.25128,137.35367,-20.43012,,,,,,,2.27389,5.88632,-17.26549,,,,,,,0.84351,43.31764,1.66019,,,,,,,,,,,,,,,,,,,,,,,,,,,,,High,High,High,High,High,,,
117,2025-02-28,15:00:31.19,6,1,"Brunngraber, Max",1000276385,Right,POM_COL,"Kirkland, Mark",684750,Left,RED_UNI,Undefined,4,Top,2,0,0,Fastball,Four-Seam,InPlay,Undefined,LineDrive,Single,0,1,,88.22971,-0.863792,-3.478558,2221.360602,212.705532,1:00,5.60544,3.02998,5.78035,-24.23667,12.35796,7.09449,2.78047,0.38063,79.65988,-5.412991,-2.211146,0.435392,98.76384,9.250828,-22.384172,2708.175942,98.78751,10.06806,-48.38257,179.21005,159.47175,-28.431344,1.527851,-4.72107,6.95052,-2.747,50,5.51966,7.46292,-127.75648,-2.718,-7.69804,29.61547,-20.84073,POM_COL,RED_UNI,PomonaPitzer,D3,Team,20250228-PomonaPitzer-1,cf893d50-f627-11ef-9580-87d9c9be22a3,86.57132,10.53891,,8.56982,,,,0.55402,2.75074,-0.34787,27c5113f-7cd2-4e59-98da-f9ff0abff72f,2025-02-28,23:00:31.19,2025-02-28T15:00:31.1900160-08:00,2025-02-28T23:00:31.1900160Z,LineDrive,v3,POM_PIT,,,"Savas, Peter",1000276389,Right,POM_COL,cdeec848-5e12-4f4e-8f23-905702455503,54.71688,-128.84527,14.80774,5.6055,-1.9518,-10.42036,-3.02657,7.74594,-3.84902,99.428035,0.55402,132.19692,-25.04518,5.09939,-1.12306,0.22538,-0.03644,0.00167,0.00051,2.75074,23.28615,-18.35526,1.60764,-0.29415,0.06031,-0.01295,0.0034,-0.00052,-0.34787,-54.44483,-2.60367,1.86901,-0.63187,0.16983,-0.02939,-7E-05,0.00084,,,,,,,,,,,,,,,,,,,,,,,High,High,High,High,Medium,,,
118,2025-02-28,15:01:08.48,7,1,"Brunngraber, Max",1000276385,Right,POM_COL,"Umscheid, Ian",1000221147,Left,RED_UNI,Undefined,4,Top,2,0,0,ChangeUp,Changeup,BallCalled,Undefined,Undefined,Undefined,0,0,,78.45979,-2.45855,-4.928275,1547.013128,250.783962,2:15,5.73967,2.70646,5.87594,-39.87892,5.65559,12.21764,0.12312,-0.86396,72.63211,-9.752392,-2.742514,0.48567,,,,,,,,,,,,-7.60445,3.9528,-2.3144,50,5.51677,9.35155,-113.57025,-6.11971,-9.97765,19.90425,-26.98766,POM_COL,RED_UNI,PomonaPitzer,D3,Team,20250228-PomonaPitzer-1,e5cbf080-f627-11ef-9580-87d9c9be22a3,77.60908,,,5.82767,,,,,,,27c5113f-7cd2-4e59-98da-f9ff0abff72f,2025-02-28,23:01:08.48,2025-02-28T15:01:08.4867072-08:00,2025-02-28T23:01:08.4867072Z,,v3,POM_PIT,,,"Savas, Peter",1000276389,Right,POM_COL,ddb134e6-3523-4b6c-b5f3-2194ac480fc5,54.6253,-114.37801,9.95213,5.74289,-5.0245,-13.49383,-2.70212,9.75647,-4.98882,,,,,,,,,,,,,,,,,,,,,,,,,,,,,,,,,,,,,,,,,,,,,,,,,,,High,High,High,,,,,
119,2025-02-28,15:01:31.28,7,2,"Brunngraber, Max",1000276385,Right,POM_COL,"Umscheid, Ian",1000221147,Left,RED_UNI,Undefined,4,Top,2,1,0,Curveball,Curveball,BallCalled,Undefined,Undefined,Undefined,0,0,,73.52395,1.288106,-2.50345,2419.079796,48.982795,7:45,5.4614,2.90865,5.13899,-63.62862,-10.18398,-13.62985,1.3733,-0.586,67.79996,-10.164664,-4.916066,0.526167,,,,,,,,,,,,6.07422,-4.98961,-2.66291,50,5.53268,5.17614,-106.64073,0.26553,6.95452,19.3253,-37.88677,POM_COL,RED_UNI,PomonaPitzer,D3,Team,20250228-PomonaPitzer-1,f368e4f0-f627-11ef-9580-87d9c9be22a3,71.63592,,,5.72399,,,,,,,27c5113f-7cd2-4e59-98da-f9ff0abff72f,2025-02-28,23:01:31.28,2025-02-28T15:01:31.2846848-08:00,2025-02-28T23:01:31.2846848Z,,v3,POM_PIT,,,"Savas, Peter",1000276389,Right,POM_COL,16665a21-58e2-41ca-8601-73baa7685bfd,55.36439,-107.60846,9.66265,5.47188,2.16276,-18.94339,-2.91339,4.82788,3.47726,,,,,,,,,,,,,,,,,,,,,,,,,,,,,,,,,,,,,,,,,,,,,,,,,,,Medium,Medium,Medium,,,,,
120,2025-02-28,15:01:53.40,7,3,"Brunngraber, Max",1000276385,Right,POM_COL,"Umscheid, Ian",1000221147,Left,RED_UNI,Undefined,4,Top,2,2,0,Fastball,Four-Seam,BallCalled,Undefined,Undefined,Undefined,0,0,,86.21909,-3.125789,-5.314766,2277.156323,218.357758,1:15,5.93259,2.51916,5.84183,-26.50718,11.84335,8.30768,0.80322,-1.74211,78.43444,-8.048081,-3.83391,0.445715,,,,,,,,,,,,-5.86866,7.40122,-2.0901,50,5.66128,11.23676,-124.44551,-7.67342,-9.12218,27.02711,-20.66969,POM_COL,RED_UNI,PomonaPitzer,D3,Team,20250228-PomonaPitzer-1,008d26f0-f628-11ef-9580-87d9c9be22a3,84.56625,,,7.78464,,,,,,,27c5113f-7cd2-4e59-98da-f9ff0abff72f,2025-02-28,23:01:53.40,2025-02-28T15:01:53.4025728-08:00,2025-02-28T23:01:53.4025728Z,,v3,POM_PIT,,,"Savas, Peter",1000276389,Right,POM_COL,4a0f204a-4b61-40ba-8188-e0f092c7d842,54.65629,-125.45269,13.51355,5.93288,-6.90315,-10.33485,-2.51518,11.57671,-4.56109,,,,,,,,,,,,,,,,,,,,,,,,,,,,,,,,,,,,,,,,,,,,,,,,,,,High,High,High,,,,,
121,2025-02-28,15:02:10.70,7,4,"Brunngraber, Max",1000276385,Right,POM_COL,"Umscheid, Ian",1000221147,Left,RED_UNI,Undefined,4,Top,2,3,0,Fastball,Four-Seam,StrikeCalled,Undefined,Undefined,Undefined,0,0,,87.06613,-1.522818,-2.455632,2261.120938,209.309154,1:00,5.65249,2.95371,5.57747,-24.2584,13.45296,6.81162,2.20703,1.22643,78.92437,-6.054439,-1.241144,0.441985,,,,,,,,,,,,-4.17004,7.65563,-2.74675,50,5.50575,5.10946,-126.12754,-4.15874,-6.65365,27.92543,-19.95884,POM_COL,RED_UNI,PomonaPitzer,D3,Team,20250228-PomonaPitzer-1,0adc01d0-f628-11ef-9580-87d9c9be22a3,85.27989,,,8.14176,,,,,,,27c5113f-7cd2-4e59-98da-f9ff0abff72f,2025-02-28,23:02:10.70,2025-02-28T15:02:10.7095552-08:00,2025-02-28T23:02:10.7095552Z,,v3,POM_PIT,,,"Savas, Peter",1000276389,Right,POM_COL,c5e19c22-935a-4705-b57e-b6c39b935cb1,54.9184,-127.21184,13.96272,5.65218,-3.38376,-9.97942,-2.95016,5.36781,-3.32683,,,,,,,,,,,,,,,,,,,,,,,,,,,,,,,,,,,,,,,,,,,,,,,,,,,High,High,High,,,,,
122,2025-02-28,15:02:29.91,7,5,"Brunngraber, Max",1000276385,Right,POM_COL,"Umscheid, Ian",1000221147,Left,RED_UNI,Undefined,4,Top,2,3,1,Fastball,Cutter,BallCalled,Walk,Undefined,Undefined,0,0,,86.53704,-0.99905,-4.788807,2292.03432,183.20114,12:00,5.71147,2.9645,5.73884,-19.87434,18.23336,0.94587,3.12164,-1.42625,78.37595,-4.760753,-4.620662,0.444302,,,,,,,,,,,,-1.93799,9.95001,-2.5656,50,5.616,10.43895,-125.08979,-2.7719,-3.04277,27.37299,-16.55181,POM_COL,RED_UNI,PomonaPitzer,D3,Team,20250228-PomonaPitzer-1,16499320-f628-11ef-9580-87d9c9be22a3,84.83526,,,8.16109,,,,,,,27c5113f-7cd2-4e59-98da-f9ff0abff72f,2025-02-28,23:02:29.91,2025-02-28T15:02:29.9137536-08:00,2025-02-28T23:02:29.9137536Z,,v3,POM_PIT,,,"Savas, Peter",1000276389,Right,POM_COL,6b360ea3-2da3-4c39-9e3d-786ec40ddc60,54.7566,-126.12637,13.68649,5.7091,-2.1451,-8.2759,-2.96309,10.55418,-1.52138,,,,,,,,,,,,,,,,,,,,,,,,,,,,,,,,,,,,,,,,,,,,,,,,,,,High,High,High,,,,,
123,2025-02-28,15:04:01.59,8,1,"Brunngraber, Max",1000276385,Right,POM_COL,"Miller, Nathan",1000305168,Right,RED_UNI,Undefined,4,Top,2,0,0,ChangeUp,Changeup,StrikeCalled,Undefined,Undefined,Undefined,0,0,,78.97982,-0.231553,-3.776112,1556.326546,232.585396,1:45,5.76966,2.68601,6.1429,-35.75624,8.87544,9.68965,2.57552,-0.00113,72.16525,-6.895123,-2.033008,0.480832,,,,,,,,,,,,-6.06591,5.11406,-2.40267,50,5.73373,7.201,-114.5096,-1.50552,-8.0266,21.82048,-25.40699,POM_COL,RED_UNI,PomonaPitzer,D3,Team,20250228-PomonaPitzer-1,4cef7160-f628-11ef-9580-87d9c9be22a3,78.39011,,,6.81456,,,,,,,27c5113f-7cd2-4e59-98da-f9ff0abff72f,2025-02-28,23:04:01.59,2025-02-28T15:04:01.5912448-08:00,2025-02-28T23:04:01.5912448Z,,v3,POM_PIT,,,"Savas, Peter",1000276389,Right,POM_COL,794f3282-09b1-4b7c-abfc-be04b674de05,54.35485,-115.33646,10.91024,5.77254,-0.54276,-12.7035,-2.68131,7.50516,-4.0133,,,,,,,,,,,,,,,,,,,,,,,,,,,,,,,,,,,,,,,,,,,,,,,,,,,High,High,High,,,,,
124,2025-02-28,15:04:16.25,8,2,"Brunngraber, Max",1000276385,Right,POM_COL,"Miller, Nathan",1000305168,Right,RED_UNI,Undefined,4,Top,2,0,1,Fastball,Four-Seam,InPlay,Undefined,LineDrive,Single,0,1,,89.3815,-1.370436,-2.85792,2265.645001,209.592434,1:00,5.80307,2.79109,5.70542,-23.05123,12.70989,6.48536,2.60341,0.66647,80.67332,-5.696629,-1.699606,0.430405,91.83598,13.082211,15.842278,3359.556491,103.95477,16.69627,35.96368,211.49245,211.49245,23.034667,2.050502,-4.23937,7.27414,-2.55559,50,5.674,6.18486,-129.46936,-3.86423,-7.0892,30.76531,-20.01003,POM_COL,RED_UNI,PomonaPitzer,D3,Team,20250228-PomonaPitzer-1,55a92d50-f628-11ef-9580-87d9c9be22a3,87.57442,16.69436,,8.70818,,,,1.7158,2.5855,-0.70705,27c5113f-7cd2-4e59-98da-f9ff0abff72f,2025-02-28,23:04:16.25,2025-02-28T15:04:16.2564608-08:00,2025-02-28T23:04:16.2564608Z,LineDrive,v3,POM_PIT,,,"Savas, Peter",1000276389,Right,POM_COL,6feb3cb9-0dec-4ff1-b104-a66335504da1,54.79285,-130.6033,15.38265,5.80283,-3.12671,-10.00502,-2.78837,6.44615,-3.5446,251.34524,1.71579,126.21476,-21.64051,4.26448,-1.07631,0.40879,-0.17136,0.04484,-0.00497,2.58551,30.48692,-17.52356,1.25431,-0.08751,-0.10296,0.07721,-0.02328,0.00273,-0.70704,35.81354,5.0874,-2.30132,1.01006,-0.5936,0.28768,-0.07913,0.00901,,,,,,,,,,,,,,,,,,,,,,,High,High,High,High,High,,,
125,2025-02-28,15:04:57.46,9,1,"Brunngraber, Max",1000276385,Right,POM_COL,"Ceja, Gabriel",1000121393,Right,RED_UNI,Undefined,4,Top,2,0,0,Curveball,Curveball,StrikeCalled,Undefined,Undefined,Undefined,0,0,,70.1135,2.894831,-1.81708,2150.830593,47.107551,7:30,5.8704,2.38316,5.55297,-70.27693,-11.90288,-14.94068,2.72261,-0.56036,64.02425,-9.903799,-4.481513,0.549897,,,,,,,,,,,,6.91453,-6.24831,-2.2161,50,6.07517,3.75499,-101.62804,2.98458,7.12712,18.89878,-38.61448,POM_COL,RED_UNI,PomonaPitzer,D3,Team,20250228-PomonaPitzer-1,6e4d5020-f628-11ef-9580-87d9c9be22a3,68.54454,,,6.08925,,,,,,,27c5113f-7cd2-4e59-98da-f9ff0abff72f,2025-02-28,23:04:57.46,2025-02-28T15:04:57.4662656-08:00,2025-02-28T23:04:57.4662656Z,,v3,POM_PIT,,,"Savas, Peter",1000276389,Right,POM_COL,62ef87f3-0d2f-4049-a6c2-055cc4546aff,54.94968,-102.54435,9.44939,5.88507,4.85681,-19.30724,-2.38978,3.40943,3.56356,,,,,,,,,,,,,,,,,,,,,,,,,,,,,,,,,,,,,,,,,,,,,,,,,,,High,High,High,,,,,
126,2025-02-28,15:05:13.22,9,2,"Brunngraber, Max",1000276385,Right,POM_COL,"Ceja, Gabriel",1000121393,Right,RED_UNI,Undefined,4,Top,2,0,1,Fastball,Four-Seam,InPlay,Undefined,GroundBall,Out,1,0,,89.78035,-0.724378,-4.294662,2212.272589,223.298175,1:30,5.75195,2.88444,5.64374,-24.79883,10.46961,8.76658,3.00772,-0.39869,81.72298,-5.335123,-2.734902,0.427429,99.32461,-9.208791,18.041089,,,,,15.93782,15.50932,19.548088,0.111324,-5.68422,5.86512,-2.52492,50,5.67462,9.37558,-129.9814,-2.50832,-9.68906,28.17487,-22.17665,POM_COL,RED_UNI,PomonaPitzer,D3,Team,20250228-PomonaPitzer-1,77a43670-f628-11ef-9580-87d9c9be22a3,88.18402,2.8219,,8.05737,,,,0.09876,2.8219,0.43147,27c5113f-7cd2-4e59-98da-f9ff0abff72f,2025-02-28,23:05:13.22,2025-02-28T15:05:13.2249600-08:00,2025-02-28T23:05:13.2249600Z,GroundBall,v3,POM_PIT,,,"Savas, Peter",1000276389,Right,POM_COL,74f6fbd3-5837-4b4f-9d27-e76e334b386c,54.85467,-131.02948,14.08744,5.75258,-1.68337,-11.08832,-2.88038,9.736,-4.84453,332.879739,0.09905,136.69529,-24.01221,,,,,,,2.82208,-23.33432,-18.12285,,,,,,,0.43149,44.53083,-4.5271,,,,,,,,,,,,,,,,,,,,,,,,,,,,,High,High,High,High,High,,,
127,2025-02-28,15:07:07.13,1,1,"Godoy, Joe",1000121399,Right,RED_UNI,"Hattenburg, Xavier",10277269,Left,POM_COL,Undefined,4,Bottom,0,0,0,Fastball,Cutter,InPlay,Undefined,GroundBall,Out,1,0,,86.52744,-2.309045,-0.940199,2258.559838,174.37653,11:45,5.80435,1.18646,5.87708,-20.71477,16.52942,-1.5139,1.93215,0.18701,79.50128,-6.195463,-1.211909,0.439239,89.56088,-10.13882,15.819023,,,,,9.4618,9.155,13.36121,0.069594,0.52689,9.45599,-1.10957,50,5.60569,2.12262,-125.65138,-5.6964,0.84465,24.80672,-17.0151,POM_COL,RED_UNI,PomonaPitzer,D3,Team,20250228-PomonaPitzer-1,bb853a10-f628-11ef-9580-87d9c9be22a3,85.81309,1.61123,,7.02616,,,,0.5369,1.61123,-0.26961,27c5113f-7cd2-4e59-98da-f9ff0abff72f,2025-02-28,23:07:07.13,2025-02-28T15:07:07.1344128-08:00,2025-02-28T23:07:07.1344128Z,GroundBall,v3,POM_PIT,,,"Chetcuti, Mason",10132215,Right,RED_UNI,4ef61917-c808-410f-96f3-df78dceaab89,54.62281,-126.56075,12.40336,5.80307,-5.07266,-8.50755,-1.18681,2.09166,0.42232,,0.53516,124.56288,,,,,,,,1.61156,-23.15193,,,,,,,,-0.2701,35.29242,,,,,,,,,,,,,,,,,,,,,,,,,,,,,,High,High,High,Low,Low,,,
128,2025-02-28,15:07:36.25,2,1,"Godoy, Joe",1000121399,Right,RED_UNI,"Kinney, William",1000092038,Right,POM_COL,Undefined,4,Bottom,1,0,0,Fastball,Cutter,StrikeCalled,Undefined,Undefined,Undefined,0,0,,86.39339,-2.402669,-0.797625,2286.702466,185.751705,12:15,5.84903,0.9147,5.8921,-20.73072,16.75367,1.56571,1.88909,0.30454,79.07875,-6.302513,-0.516488,0.440653,,,,,,,,,,,,-1.02244,9.61493,-0.85134,50,5.64345,1.68109,-125.3785,-5.88012,-1.62657,25.4883,-16.8781,POM_COL,RED_UNI,PomonaPitzer,D3,Team,20250228-PomonaPitzer-1,cce48db0-f628-11ef-9580-87d9c9be22a3,85.53773,,,7.31463,,,,,,,27c5113f-7cd2-4e59-98da-f9ff0abff72f,2025-02-28,23:07:36.25,2025-02-28T15:07:36.2508800-08:00,2025-02-28T23:07:36.2508800Z,,v3,POM_PIT,,,"Chetcuti, Mason",10132215,Right,RED_UNI,28d129ab-0879-4b8e-a6ff-3e7c0f348d4f,54.60556,-126.3113,12.74415,5.84734,-5.26243,-8.43905,-0.91395,1.74062,-0.81329,,,,,,,,,,,,,,,,,,,,,,,,,,,,,,,,,,,,,,,,,,,,,,,,,,,High,High,High,,,,,
129,2025-02-28,15:07:47.04,2,2,"Godoy, Joe",1000121399,Right,RED_UNI,"Kinney, William",1000092038,Right,POM_COL,Undefined,4,Bottom,1,0,1,Fastball,Four-Seam,StrikeCalled,Undefined,Undefined,Undefined,0,0,,88.40292,-1.260674,-0.967849,2342.134352,186.185227,12:15,5.86616,0.99639,5.79846,-19.19847,16.85922,1.69638,3.09335,0.23745,80.38803,-4.896127,-0.663912,0.432186,,,,,,,,,,,,-1.14193,9.3106,-0.91783,50,5.75111,2.09331,-128.27391,-3.40281,-1.89273,27.82231,-16.7418,POM_COL,RED_UNI,PomonaPitzer,D3,Team,20250228-PomonaPitzer-1,d3512550-f628-11ef-9580-87d9c9be22a3,87.21354,,,8.01488,,,,,,,27c5113f-7cd2-4e59-98da-f9ff0abff72f,2025-02-28,23:07:47.04,2025-02-28T15:07:47.0490624-08:00,2025-02-28T23:07:47.0490624Z,,v3,POM_PIT,,,"Chetcuti, Mason",10132215,Right,RED_UNI,8ab7bf14-669c-4352-9cff-399cb3b2a482,54.69767,-129.28881,13.91116,5.8641,-2.79211,-8.3709,-0.99545,2.16236,-0.94636,,,,,,,,,,,,,,,,,,,,,,,,,,,,,,,,,,,,,,,,,,,,,,,,,,,High,High,High,,,,,
130,2025-02-28,15:07:59.13,2,3,"Godoy, Joe",1000121399,Right,RED_UNI,"Kinney, William",1000092038,Right,POM_COL,Undefined,4,Bottom,1,0,2,Slider,Slider,BallCalled,Undefined,Undefined,Undefined,0,0,,82.03248,-1.260481,-2.911812,2525.647695,82.659898,8:45,5.51404,1.54195,4.99867,-42.21002,0.39949,-6.10914,0.80481,-1.7185,76.34935,-8.836321,-3.989658,0.469813,,,,,,,,,,,,2.32165,0.85146,-1.25654,50,5.35811,6.3105,-119.02273,-4.19698,3.36392,20.6926,-30.94036,POM_COL,RED_UNI,PomonaPitzer,D3,Team,20250228-PomonaPitzer-1,da8f3dc0-f628-11ef-9580-87d9c9be22a3,80.22864,,,5.68313,,,,,,,27c5113f-7cd2-4e59-98da-f9ff0abff72f,2025-02-28,23:07:59.13,2025-02-28T15:07:59.1357440-08:00,2025-02-28T23:07:59.1357440Z,,v3,POM_PIT,,,"Chetcuti, Mason",10132215,Right,RED_UNI,523dceb0-baad-4c92-99c8-36ffe74fbc07,55.50301,-119.97564,10.3463,5.51858,-2.77215,-15.47018,-1.54357,6.15559,1.68196,,,,,,,,,,,,,,,,,,,,,,,,,,,,,,,,,,,,,,,,,,,,,,,,,,,High,High,High,,,,,
131,2025-02-28,15:08:14.85,2,4,"Godoy, Joe",1000121399,Right,RED_UNI,"Kinney, William",1000092038,Right,POM_COL,Undefined,4,Bottom,1,1,2,Slider,Slider,FoulBallNotFieldable,Undefined,Undefined,Undefined,0,0,,80.46921,0.213821,-1.018891,2509.339631,80.530211,8:45,5.66046,1.48181,5.04009,-44.23042,0.37476,-6.21926,2.17633,0.00226,73.82329,-7.800554,-2.118812,0.480689,74.81998,-66.147172,-93.377463,,,,,2.16207,1.96931,-27.903424,0.022312,2.81701,0.49976,-1.37929,50,5.64528,2.33452,-116.76727,-1.16909,3.88032,22.46106,-31.48564,POM_COL,RED_UNI,PomonaPitzer,D3,Team,20250228-PomonaPitzer-1,e3ed7710-f628-11ef-9580-87d9c9be22a3,78.41338,2.2458,,6.64592,,,,1.96921,2.2458,-0.02055,27c5113f-7cd2-4e59-98da-f9ff0abff72f,2025-02-28,23:08:14.85,2025-02-28T15:08:14.8559872-08:00,2025-02-28T23:08:14.8559872Z,GroundBall,v3,POM_PIT,,,"Chetcuti, Mason",10132215,Right,RED_UNI,74af9995-fff4-4989-8d36-9bff5f69942a,55.46041,-117.81294,11.23053,5.66559,0.29671,-15.74282,-1.48377,2.15387,1.94016,,1.96923,-2.62196,,,,,,,,2.24685,-100.6551,,,,,,,,-0.02009,-44.42779,,,,,,,,,,,,,,,,,,,,,,,,,,,,,,High,High,High,Estimated,Estimated,,,
132,2025-02-28,15:08:41.25,2,5,"Godoy, Joe",1000121399,Right,RED_UNI,"Kinney, William",1000092038,Right,POM_COL,Undefined,4,Bottom,1,1,2,Fastball,Four-Seam,InPlay,Undefined,FlyBall,Out,1,0,,90.02605,-1.748746,-0.693446,2485.189696,194.43797,12:30,5.85742,0.81095,5.59682,-15.84505,19.52552,4.69429,2.90367,0.55469,81.08579,-4.788462,0.144464,0.428048,93.12988,23.302564,-20.834786,1905.72571,101.91098,43.37257,-41.40206,358.40874,347.57226,-25.097618,4.242294,-2.60992,10.83465,-0.75469,50,5.69772,1.37132,-130.47512,-4.45012,-4.42888,31.44912,-13.78835,POM_COL,RED_UNI,PomonaPitzer,D3,Team,20250228-PomonaPitzer-1,f3a11680-f628-11ef-9580-87d9c9be22a3,88.05658,57.61661,,8.94026,,,,1.81177,3.04688,-0.53656,27c5113f-7cd2-4e59-98da-f9ff0abff72f,2025-02-28,23:08:41.25,2025-02-28T15:08:41.2529664-08:00,2025-02-28T23:08:41.2529664Z,LineDrive,v3,POM_PIT,,,"Chetcuti, Mason",10132215,Right,RED_UNI,b6fc4d85-6ed0-4846-a19f-00b3543b1435,54.90045,-131.651,15.72456,5.85447,-3.93457,-6.89418,-0.80906,1.53691,-2.21444,163.53992,1.8111,117.26389,-20.627,5.00006,-1.14633,0.28437,-0.06324,0.00887,-0.00053,3.04858,53.98646,-13.33111,-0.49871,0.57795,-0.29026,0.08257,-0.01193,0.00068,-0.53642,-44.62273,4.2941,-0.98399,0.2204,-0.05596,0.01294,-0.00186,0.00011,,,,,,,,,,,,,,,,,,,,,,,High,High,High,High,High,,,
133,2025-02-28,15:09:17.04,3,1,"Godoy, Joe",1000121399,Right,RED_UNI,"Legg, Jimmy",1000115608,Left,POM_COL,Undefined,4,Bottom,2,0,0,Fastball,Four-Seam,StrikeCalled,Undefined,Undefined,Undefined,0,0,,89.60237,-2.115222,-0.80823,2438.702359,193.567534,12:30,5.61273,1.35015,5.66814,-18.97367,15.9895,3.59992,2.05827,0.89651,82.3085,-5.669343,-0.164599,0.425576,,,,,,,,,,,,-2.04039,9.01016,-1.28419,50,5.42209,1.67848,-130.09269,-5.41752,-3.51271,26.12154,-16.66223,POM_COL,RED_UNI,PomonaPitzer,D3,Team,20250228-PomonaPitzer-1,08f9b7d0-f629-11ef-9580-87d9c9be22a3,88.56814,,,7.29388,,,,,,,27c5113f-7cd2-4e59-98da-f9ff0abff72f,2025-02-28,23:09:17.04,2025-02-28T15:09:17.0410496-08:00,2025-02-28T23:09:17.0410496Z,,v3,POM_PIT,,,"Chetcuti, Mason",10132215,Right,RED_UNI,ba9a3d7f-cc35-496e-87b3-0b70882fc254,54.83054,-131.05904,13.06077,5.61111,-4.80112,-8.33112,-1.34868,1.80843,-1.75636,,,,,,,,,,,,,,,,,,,,,,,,,,,,,,,,,,,,,,,,,,,,,,,,,,,High,High,High,,,,,
134,2025-02-28,15:09:30.18,3,2,"Godoy, Joe",1000121399,Right,RED_UNI,"Legg, Jimmy",1000115608,Left,POM_COL,Undefined,4,Bottom,2,0,1,Fastball,Four-Seam,BallCalled,Undefined,Undefined,Undefined,0,0,,90.46495,-2.155944,0.082627,2421.677471,206.550683,1:00,5.8312,1.17757,5.49894,-17.31135,17.51162,8.16886,2.37108,1.93559,82.36383,-5.420753,1.538396,0.424722,,,,,,,,,,,,-4.06484,9.78571,-1.1903,50,5.63123,-0.56485,-131.18155,-5.489,-7.05324,28.84711,-15.19414,POM_COL,RED_UNI,PomonaPitzer,D3,Team,20250228-PomonaPitzer-1,10c59150-f629-11ef-9580-87d9c9be22a3,88.74621,,,8.10112,,,,,,,27c5113f-7cd2-4e59-98da-f9ff0abff72f,2025-02-28,23:09:30.18,2025-02-28T15:09:30.1894144-08:00,2025-02-28T23:09:30.1894144Z,,v3,POM_PIT,,,"Chetcuti, Mason",10132215,Right,RED_UNI,c16dcca6-6183-40e7-adf1-d1de88bcc8b5,54.99757,-132.27596,14.42356,5.82854,-4.91256,-7.59707,-1.17394,-0.29727,-3.52662,,,,,,,,,,,,,,,,,,,,,,,,,,,,,,,,,,,,,,,,,,,,,,,,,,,High,High,High,,,,,
135,2025-02-28,15:09:42.43,3,3,"Godoy, Joe",1000121399,Right,RED_UNI,"Legg, Jimmy",1000115608,Left,POM_COL,Undefined,4,Bottom,2,1,1,Fastball,Four-Seam,StrikeCalled,Undefined,Undefined,Undefined,0,0,,90.49047,-1.694653,-1.579729,2432.767489,195.78711,12:30,5.66404,1.2401,5.59637,-17.48969,17.52261,4.5941,2.62329,0.14765,81.55304,-5.023067,-0.759997,0.425875,,,,,,,,,,,,-2.80654,9.7493,-1.10762,50,5.50763,3.40352,-131.078,-4.41645,-4.81438,31.33149,-15.45001,POM_COL,RED_UNI,PomonaPitzer,D3,Team,20250228-PomonaPitzer-1,1815ab20-f629-11ef-9580-87d9c9be22a3,88.50597,,,8.93743,,,,,,,27c5113f-7cd2-4e59-98da-f9ff0abff72f,2025-02-28,23:09:42.43,2025-02-28T15:09:42.4316928-08:00,2025-02-28T23:09:42.4316928Z,,v3,POM_PIT,,,"Chetcuti, Mason",10132215,Right,RED_UNI,f45edcee-bdbb-4391-bccd-6b0b0fa7186e,54.89837,-132.24367,15.66575,5.66125,-3.84164,-7.72501,-1.23758,3.58264,-2.40719,,,,,,,,,,,,,,,,,,,,,,,,,,,,,,,,,,,,,,,,,,,,,,,,,,,High,High,High,,,,,
136,2025-02-28,15:09:56.74,3,4,"Godoy, Joe",1000121399,Right,RED_UNI,"Legg, Jimmy",1000115608,Left,POM_COL,Undefined,4,Bottom,2,1,2,Slider,Slider,StrikeSwinging,Strikeout,Undefined,Undefined,0,0,,81.61634,0.343901,0.307593,2663.671766,74.335597,8:30,5.68515,1.33173,4.61086,-45.80109,-1.40347,-10.42201,2.1954,0.7557,74.26677,-7.904748,-1.522252,0.479569,,,,,,,,,,,,5.16496,-0.32035,-1.35321,50,5.6784,-0.16323,-118.24848,-1.09248,7.24293,24.56645,-32.62329,POM_COL,RED_UNI,PomonaPitzer,D3,Team,20250228-PomonaPitzer-1,209e1de0-f629-11ef-9580-87d9c9be22a3,78.59644,,,7.34957,,,,,,,27c5113f-7cd2-4e59-98da-f9ff0abff72f,2025-02-28,23:09:56.74,2025-02-28T15:09:56.7414784-08:00,2025-02-28T23:09:56.7414784Z,,v3,POM_PIT,,,"Chetcuti, Mason",10132215,Right,RED_UNI,2b3ae1b7-8188-4866-85b5-f7905ab6a84a,55.88755,-119.46538,12.28323,5.69249,0.52351,-16.31164,-1.33624,-0.52201,3.62147,,,,,,,,,,,,,,,,,,,,,,,,,,,,,,,,,,,,,,,,,,,,,,,,,,,High,High,High,,,,,
137,2025-02-28,15:12:23.47,1,1,"Dennis, Lucas",10274891,Right,POM_COL,"Chetcuti, Mason",10132215,Right,RED_UNI,Undefined,5,Top,0,0,0,Slider,Curveball,BallCalled,Undefined,Undefined,Undefined,0,0,,73.66291,1.134405,-3.268972,2399.52501,65.810987,8:15,4.70412,1.85003,4.99913,-57.86397,-3.6239,-12.31934,0.95497,-2.26608,67.01793,-9.31946,-5.438731,0.530068,,,,,,,,,,,,5.01209,-1.57516,-1.52501,50,4.76675,6.56877,-106.54868,0.15359,5.66469,21.18447,-33.95427,POM_COL,RED_UNI,PomonaPitzer,D3,Team,20250228-PomonaPitzer-1,78204ed0-f629-11ef-9580-87d9c9be22a3,71.10869,,,6.64498,,,,,,,27c5113f-7cd2-4e59-98da-f9ff0abff72f,2025-02-28,23:12:23.47,2025-02-28T15:12:23.4788352-08:00,2025-02-28T23:12:23.4788352Z,,v3,POM_PIT,,,"Savas, Peter",1000276389,Right,POM_COL,aeee1e28-e75c-425a-b04a-198e11436a05,55.49967,-107.63659,10.59223,4.71408,1.89729,-16.97714,-1.85488,6.27786,2.83235,,,,,,,,,,,,,,,,,,,,,,,,,,,,,,,,,,,,,,,,,,,,,,,,,,,High,High,High,,,,,
138,2025-02-28,15:12:43.06,1,2,"Dennis, Lucas",10274891,Right,POM_COL,"Chetcuti, Mason",10132215,Right,RED_UNI,Undefined,5,Top,0,1,0,Slider,Curveball,StrikeCalled,Undefined,Undefined,Undefined,0,0,,75.31477,1.396669,-0.835561,2584.235922,74.768642,8:30,4.82107,1.97801,5.20311,-55.96298,-4.10744,-22.37726,1.47147,-0.67268,67.7569,-8.805241,-4.803532,0.518285,,,,,,,,,,,,10.79445,-1.92547,-1.88326,50,4.90878,2.48209,-109.03248,0.76342,12.63379,24.12527,-34.42761,POM_COL,RED_UNI,PomonaPitzer,D3,Team,20250228-PomonaPitzer-1,83cda840-f629-11ef-9580-87d9c9be22a3,72.72526,,,7.55787,,,,,,,27c5113f-7cd2-4e59-98da-f9ff0abff72f,2025-02-28,23:12:43.06,2025-02-28T15:12:43.0692864-08:00,2025-02-28T23:12:43.0692864Z,,v3,POM_PIT,,,"Savas, Peter",1000276389,Right,POM_COL,1f6cff87-c198-4da2-860d-e8dcfbbdb6d6,55.29534,-110.19793,12.06263,4.83173,2.42656,-17.2138,-1.98842,1.87177,6.3169,,,,,,,,,,,,,,,,,,,,,,,,,,,,,,,,,,,,,,,,,,,,,,,,,,,High,High,High,,,,,
139,2025-02-28,15:13:00.23,1,3,"Dennis, Lucas",10274891,Right,POM_COL,"Chetcuti, Mason",10132215,Right,RED_UNI,Undefined,5,Top,0,1,1,Fastball,Changeup,InPlay,Undefined,GroundBall,Out,1,0,,84.85081,-0.67531,-2.96998,2161.808576,219.132757,1:15,5.05561,1.71474,5.9686,-25.34808,13.72662,10.07154,2.31629,-0.20206,76.94333,-5.447716,-1.162507,0.449903,78.20945,-5.885757,-23.868192,,,,,24.24154,24.24154,-21.80761,0.198873,-6.0989,7.64823,-1.48497,50,4.98803,5.98447,-123.03506,-2.21711,-9.26006,26.57055,-20.56162,POM_COL,RED_UNI,PomonaPitzer,D3,Team,20250228-PomonaPitzer-1,8e01cf30-f629-11ef-9580-87d9c9be22a3,83.77897,2.34429,,7.90747,,,,1.71104,2.34429,0.19606,27c5113f-7cd2-4e59-98da-f9ff0abff72f,2025-02-28,23:13:00.23,2025-02-28T15:13:00.2398208-08:00,2025-02-28T23:13:00.2398208Z,GroundBall,v3,POM_PIT,,,"Savas, Peter",1000276389,Right,POM_COL,f105839b-8adf-4c71-8b11-75a4ca47d5ca,54.52991,-124.00947,13.28528,5.05552,-1.46305,-10.28081,-1.71066,6.32406,-4.63003,,1.70388,104.56768,,,,,,,,2.3451,-11.78786,,,,,,,,0.19922,-46.26858,,,,,,,,,,,,,,,,,,,,,,,,,,,,,,High,High,High,Estimated,Estimated,,,
140,2025-02-28,15:13:32.29,2,1,"Dennis, Lucas",10274891,Right,POM_COL,"Burgess, Jake",1000121389,Right,RED_UNI,Undefined,5,Top,1,0,0,Fastball,Changeup,BallCalled,Undefined,Undefined,Undefined,0,0,,86.04014,-2.076041,-4.455876,2078.827048,254.554888,2:30,5.00982,1.6705,5.73485,-32.76301,5.55473,15.48296,0.33958,-1.19709,78.6376,-8.1058,-1.691587,0.445524,,,,,,,,,,,,-9.19394,3.80351,-1.30836,50,4.81618,9.06518,-124.52528,-5.65141,-14.37648,25.97509,-26.22656,POM_COL,RED_UNI,PomonaPitzer,D3,Team,20250228-PomonaPitzer-1,a11d9fe0-f629-11ef-9580-87d9c9be22a3,84.60246,,,7.40255,,,,,,,27c5113f-7cd2-4e59-98da-f9ff0abff72f,2025-02-28,23:13:32.29,2025-02-28T15:13:32.2993152-08:00,2025-02-28T23:13:32.2993152Z,,v3,POM_PIT,,,"Savas, Peter",1000276389,Right,POM_COL,b823e97b-54a8-4c8c-8573-9eafed96b602,54.76521,-125.51533,12.98754,5.01253,-4.65178,-13.11328,-1.66432,9.61315,-7.18824,,,,,,,,,,,,,,,,,,,,,,,,,,,,,,,,,,,,,,,,,,,,,,,,,,,High,High,High,,,,,
141,2025-02-28,15:13:48.76,2,2,"Dennis, Lucas",10274891,Right,POM_COL,"Burgess, Jake",1000121389,Right,RED_UNI,Undefined,5,Top,1,1,0,Slider,Curveball,BallCalled,Undefined,Undefined,Undefined,0,0,,75.26196,3.307834,-0.8269,2468.557152,93.009444,9:00,4.8114,1.93901,5.02289,-49.16085,2.60358,-15.20469,3.83992,-0.10842,67.95595,-5.671898,-3.507744,0.51783,,,,,,,,,,,,7.18138,0.84071,-1.84727,50,5.0895,2.19417,-108.86086,4.61795,8.50624,21.41671,-31.17822,POM_COL,RED_UNI,PomonaPitzer,D3,Team,20250228-PomonaPitzer-1,aaf21aa0-f629-11ef-9580-87d9c9be22a3,72.78924,,,7.30601,,,,,,,27c5113f-7cd2-4e59-98da-f9ff0abff72f,2025-02-28,23:13:48.76,2025-02-28T15:13:48.7616512-08:00,2025-02-28T23:13:48.7616512Z,,v3,POM_PIT,,,"Savas, Peter",1000276389,Right,POM_COL,4803a09d-da59-467f-83e2-98eaad60aefa,55.47364,-109.93244,10.70835,4.81941,6.17794,-15.58911,-1.94641,1.76856,4.25312,,,,,,,,,,,,,,,,,,,,,,,,,,,,,,,,,,,,,,,,,,,,,,,,,,,High,High,High,,,,,
142,2025-02-28,15:14:06.26,2,3,"Dennis, Lucas",10274891,Right,POM_COL,"Burgess, Jake",1000121389,Right,RED_UNI,Undefined,5,Top,1,2,0,Fastball,Changeup,FoulBallNotFieldable,Undefined,Undefined,Undefined,0,0,,85.67942,0.557198,-2.315116,2167.56999,230.187638,1:45,4.90956,1.64787,5.72735,-26.59403,12.06257,12.87812,3.21278,0.56366,77.53676,-4.425626,-0.012895,0.44749,69.06205,38.15774,160.796451,,,,,,15.48664,,,-7.24969,6.35134,-1.46269,50,4.93991,4.48344,-124.24181,0.35015,-11.22371,27.10621,-22.34115,POM_COL,RED_UNI,PomonaPitzer,D3,Team,20250228-PomonaPitzer-1,b55df360-f629-11ef-9580-87d9c9be22a3,84.23083,15.36954,,8.14265,,,,0.61134,3.25558,-0.59504,27c5113f-7cd2-4e59-98da-f9ff0abff72f,2025-02-28,23:14:06.26,2025-02-28T15:14:06.2679040-08:00,2025-02-28T23:14:06.2679040Z,,v3,POM_PIT,,,"Savas, Peter",1000276389,Right,POM_COL,f543164f-3596-4348-8106-ee4a9367aae5,54.77044,-125.27826,13.5531,4.91018,1.20441,-11.17058,-1.64232,4.9126,-5.61186,278.919176,0.61085,-75.18491,9.58677,,,,,,,3.25731,62.47263,-25.8203,,,,,,,-0.59144,25.97148,-18.48711,,,,,,,,,,,,,,,,,,,,,,,,,,,,,High,High,High,Medium,Undefined,,,
143,2025-02-28,15:14:29.09,2,4,"Dennis, Lucas",10274891,Right,POM_COL,"Burgess, Jake",1000121389,Right,RED_UNI,Undefined,5,Top,1,2,1,Slider,Curveball,BallCalled,Undefined,Undefined,Undefined,0,0,,76.38862,1.775013,-2.781259,2628.093783,78.872389,8:45,4.82473,1.87917,4.84521,-50.92164,-0.57386,-11.4356,2.2643,-1.70905,69.62278,-7.429002,-4.789143,0.510695,,,,,,,,,,,,4.76902,-0.30276,-1.59385,50,4.95708,5.84255,-110.55331,1.6181,5.85054,21.31873,-32.54547,POM_COL,RED_UNI,PomonaPitzer,D3,Team,20250228-PomonaPitzer-1,c2fb5d00-f629-11ef-9580-87d9c9be22a3,73.80618,,,6.76584,,,,,,,27c5113f-7cd2-4e59-98da-f9ff0abff72f,2025-02-28,23:14:29.09,2025-02-28T15:14:29.0911232-08:00,2025-02-28T23:14:29.0911232Z,,v3,POM_PIT,,,"Savas, Peter",1000276389,Right,POM_COL,264633a1-825b-476d-bbc1-03060c42bbbe,55.65352,-111.63819,10.65937,4.83259,3.27429,-16.27274,-1.88359,5.54482,2.92527,,,,,,,,,,,,,,,,,,,,,,,,,,,,,,,,,,,,,,,,,,,,,,,,,,,High,High,High,,,,,
144,2025-02-28,15:14:44.26,2,5,"Dennis, Lucas",10274891,Right,POM_COL,"Burgess, Jake",1000121389,Right,RED_UNI,Undefined,5,Top,1,3,1,Fastball,Sinker,InPlay,Undefined,GroundBall,Out,1,0,,86.59644,-1.091452,-2.135712,2145.856231,247.308897,2:15,5.17159,1.69373,5.51172,-30.82887,7.26874,14.28107,1.58104,0.88573,78.76628,-6.780433,0.410605,0.444243,87.65243,7.462133,-16.576051,1324.142449,,,,124.01688,117.14184,-20.197455,1.073991,-7.88752,4.36701,-1.51746,50,5.05577,4.07364,-125.57539,-3.48068,-12.48944,27.41472,-25.25917,POM_COL,RED_UNI,PomonaPitzer,D3,Team,20250228-PomonaPitzer-1,cbffdd90-f629-11ef-9580-87d9c9be22a3,84.8465,5.59562,,7.83016,,,,1.91614,1.63569,-0.87631,27c5113f-7cd2-4e59-98da-f9ff0abff72f,2025-02-28,23:14:44.26,2025-02-28T15:14:44.2694144-08:00,2025-02-28T23:14:44.2694144Z,GroundBall,v3,POM_PIT,,,"Savas, Peter",1000276389,Right,POM_COL,ab59f2e6-f759-4be9-b711-3239cc6152b6,54.98769,-126.65959,13.70736,5.17367,-2.48173,-12.62959,-1.68833,4.56757,-6.24472,91.844545,1.91614,122.1706,-17.48805,3.39614,-0.69196,0.12703,-0.02484,0.00438,-0.00045,1.63569,16.69577,-18.19075,1.33316,-0.21219,0.03631,-0.00463,0.00084,-0.0001,-0.87631,-36.36504,-3.73727,1.5334,-0.4521,0.11132,-0.02537,0.00479,-0.00053,,,,,,,,,,,,,,,,,,,,,,,High,High,High,High,High,,,
145,2025-02-28,15:15:18.89,3,1,"Dennis, Lucas",10274891,Right,POM_COL,"De Vries, Luke",1000121378,Left,RED_UNI,Undefined,5,Top,2,0,0,Fastball,Changeup,InPlay,Undefined,GroundBall,Out,1,0,,86.8195,-1.661551,-2.838901,2108.788873,250.898865,2:15,5.0845,1.61255,5.82207,-30.27671,6.64626,16.07143,1.01435,0.31031,80.2375,-7.237743,0.042025,0.437341,48.00653,-58.440269,80.251461,,,,,1.56911,1.56911,11.209799,0.016888,-8.98745,4.1404,-1.39005,50,4.9303,5.6035,-126.08561,-4.6903,-14.58363,23.71627,-25.45556,POM_COL,RED_UNI,PomonaPitzer,D3,Team,20250228-PomonaPitzer-1,e0a6bb10-f629-11ef-9580-87d9c9be22a3,86.18554,1.01648,,6.582,,,,1.43346,1.01648,-0.3103,27c5113f-7cd2-4e59-98da-f9ff0abff72f,2025-02-28,23:15:18.89,2025-02-28T15:15:18.8982272-08:00,2025-02-28T23:15:18.8982272Z,GroundBall,v3,POM_PIT,,,"Savas, Peter",1000276389,Right,POM_COL,5f6e9b00-395b-46ec-ad80-4651e9e48ff4,54.6798,-126.96282,11.85814,5.08637,-3.74876,-12.72778,-1.60728,6.14291,-7.29181,,1.4334,6.25998,,,,,,,,1.017,-60.18915,,,,,,,,-0.31062,36.43648,,,,,,,,,,,,,,,,,,,,,,,,,,,,,,High,High,High,Estimated,Estimated,,,
146,2025-02-28,15:17:20.28,1,1,"Godoy, Joe",1000121399,Right,RED_UNI,"Ng, JC",1000115591,Left,POM_COL,Undefined,5,Bottom,0,0,0,Fastball,Four-Seam,BallCalled,Undefined,Undefined,Undefined,0,0,,88.13615,-1.280093,-0.470835,2391.316354,205.311862,12:45,5.70552,1.31456,5.60234,-18.71887,17.87521,7.86662,2.95035,1.53055,80.01952,-4.823432,0.9337,0.435388,,,,,,,,,,,,-4.09036,9.77646,-1.2793,50,5.584,0.70112,-127.84388,-3.42978,-6.72493,27.97778,-16.10054,POM_COL,RED_UNI,PomonaPitzer,D3,Team,20250228-PomonaPitzer-1,28fb6c80-f62a-11ef-9580-87d9c9be22a3,86.57201,,,8.11662,,,,,,,27c5113f-7cd2-4e59-98da-f9ff0abff72f,2025-02-28,23:17:20.28,2025-02-28T15:17:20.2851328-08:00,2025-02-28T23:17:20.2851328Z,,v3,POM_PIT,,,"Chetcuti, Mason",10132215,Right,RED_UNI,756818c9-1e04-47ae-b787-47b5fcdb71c8,54.8937,-128.91039,13.98889,5.70304,-2.81603,-8.05027,-1.31092,0.95747,-3.36246,,,,,,,,,,,,,,,,,,,,,,,,,,,,,,,,,,,,,,,,,,,,,,,,,,,High,High,High,,,,,
147,2025-02-28,15:17:31.41,1,2,"Godoy, Joe",1000121399,Right,RED_UNI,"Ng, JC",1000115591,Left,POM_COL,Undefined,5,Bottom,0,1,0,Fastball,Four-Seam,BallCalled,Undefined,Undefined,Undefined,0,0,,89.51274,-4.005981,-1.760532,2422.854431,223.312611,1:30,5.67154,1.29755,5.67693,-20.33355,15.2041,13.17705,0.23466,0.75388,81.55584,-7.803834,0.596467,0.429058,,,,,,,,,,,,-7.22863,9.28575,-1.15757,50,5.32054,3.4107,-129.57024,-9.73774,-12.20329,28.83371,-16.49796,POM_COL,RED_UNI,PomonaPitzer,D3,Team,20250228-PomonaPitzer-1,2f9ef2a0-f62a-11ef-9580-87d9c9be22a3,87.84931,,,7.9569,,,,,,,27c5113f-7cd2-4e59-98da-f9ff0abff72f,2025-02-28,23:17:31.41,2025-02-28T15:17:31.4135040-08:00,2025-02-28T23:17:31.4135040Z,,v3,POM_PIT,,,"Chetcuti, Mason",10132215,Right,RED_UNI,5826ed49-f21a-448f-8f1e-8dd74ef98ebd,54.82171,-130.63883,14.41686,5.67009,-9.12632,-8.24898,-1.29236,3.86295,-6.10164,,,,,,,,,,,,,,,,,,,,,,,,,,,,,,,,,,,,,,,,,,,,,,,,,,,High,High,High,,,,,
148,2025-02-28,15:17:51.79,1,3,"Godoy, Joe",1000121399,Right,RED_UNI,"Ng, JC",1000115591,Left,POM_COL,Undefined,5,Bottom,0,2,0,Fastball,Four-Seam,StrikeCalled,Undefined,Undefined,Undefined,0,0,,89.42292,-2.24119,-2.171741,2395.437611,196.366439,12:30,5.74866,1.09518,5.55707,-19.03749,16.55914,4.51327,2.0656,-0.55882,81.45505,-5.818311,-1.367339,0.429414,,,,,,,,,,,,-2.8976,9.36402,-0.91046,50,5.54247,4.71212,-129.59133,-5.68777,-4.90873,28.04828,-16.31085,POM_COL,RED_UNI,PomonaPitzer,D3,Team,20250228-PomonaPitzer-1,3bc5e8e0-f62a-11ef-9580-87d9c9be22a3,87.77652,,,7.96788,,,,,,,27c5113f-7cd2-4e59-98da-f9ff0abff72f,2025-02-28,23:17:51.79,2025-02-28T15:17:51.7959680-08:00,2025-02-28T23:17:51.7959680Z,,v3,POM_PIT,,,"Chetcuti, Mason",10132215,Right,RED_UNI,2a3f6520-3269-4e17-8002-81c64a57ec2b,54.93981,-130.65611,14.02414,5.74664,-5.06857,-8.15543,-1.09288,4.89847,-2.45437,,,,,,,,,,,,,,,,,,,,,,,,,,,,,,,,,,,,,,,,,,,,,,,,,,,High,High,High,,,,,
149,2025-02-28,15:18:04.60,1,4,"Godoy, Joe",1000121399,Right,RED_UNI,"Ng, JC",1000115591,Left,POM_COL,Undefined,5,Bottom,0,2,1,Fastball,Four-Seam,FoulBallNotFieldable,Undefined,Undefined,Undefined,0,0,,90.37859,-1.285091,-1.297089,2358.417605,205.669928,12:45,5.79392,1.06874,5.5939,-17.40725,17.49843,7.8276,3.14293,0.50975,81.8146,-4.591605,0.099834,0.425226,,,,,,,,,,,,-4.36362,9.60729,-0.96274,50,5.67272,2.61841,-131.0634,-3.48465,-7.51641,30.21451,-15.62534,POM_COL,RED_UNI,PomonaPitzer,D3,Team,20250228-PomonaPitzer-1,4369c800-f62a-11ef-9580-87d9c9be22a3,88.64099,,,8.56398,,,,,,,27c5113f-7cd2-4e59-98da-f9ff0abff72f,2025-02-28,23:18:04.60,2025-02-28T15:18:04.6032384-08:00,2025-02-28T23:18:04.6032384Z,,v3,POM_PIT,,,"Chetcuti, Mason",10132215,Right,RED_UNI,f56b2c37-4390-4161-a7be-20cbdd6f9333,54.90373,-132.18904,15.10725,5.7917,-2.90252,-7.81267,-1.06551,2.89843,-3.75821,,,,,,,,,,,,,,,,,,,,,,,,,,,,,,,,,,,,,,,,,,,,,,,,,,,High,High,High,,,,,
150,2025-02-28,15:18:23.42,1,5,"Godoy, Joe",1000121399,Right,RED_UNI,"Ng, JC",1000115591,Left,POM_COL,Undefined,5,Bottom,0,2,2,Slider,Curveball,FoulBallNotFieldable,Undefined,Undefined,Undefined,0,0,,79.74863,1.647801,0.030467,2478.22166,50.112175,7:45,5.58727,1.19009,4.7443,-48.71467,-2.86166,-5.13327,3.09112,0.79122,73.10619,-7.130275,-0.872165,0.487366,73.30008,49.962206,-66.198545,,,,,,60.36855,,,2.53347,-1.45984,-1.18832,50,5.70966,0.15866,-115.67186,1.48374,3.4328,21.55636,-34.1521,POM_COL,RED_UNI,PomonaPitzer,D3,Team,20250228-PomonaPitzer-1,4eac0390-f62a-11ef-9580-87d9c9be22a3,77.33905,62.56626,,6.64244,,,,0.46357,2.97047,-0.77657,27c5113f-7cd2-4e59-98da-f9ff0abff72f,2025-02-28,23:18:23.42,2025-02-28T15:18:23.4213376-08:00,2025-02-28T23:18:23.4213376Z,,v3,POM_PIT,,,"Chetcuti, Mason",10132215,Right,RED_UNI,9e4d6721-0882-4c32-8911-cee43bf68cf0,55.75637,-116.73968,10.77818,5.59426,3.1755,-17.07605,-1.19197,-0.01138,1.7164,,0.46357,27.91008,-14.37334,3.03258,-0.6427,0.13599,-0.03034,0.00587,-0.00068,2.97047,82.30924,-22.76042,2.54239,-0.56097,0.12179,-0.02647,0.0055,-0.00067,-0.77657,-63.27628,3.76205,-0.65698,0.12424,-0.02567,0.00609,-0.00124,0.00015,,,,,,,,,,,,,,,,,,,,,,,High,High,High,Low,Undefined,,,
151,2025-02-28,15:18:45.53,1,6,"Godoy, Joe",1000121399,Right,RED_UNI,"Ng, JC",1000115591,Left,POM_COL,Undefined,5,Bottom,0,2,2,Fastball,Sinker,InPlay,Undefined,FlyBall,Out,1,0,,90.94186,-1.268936,-1.225883,2452.926754,227.231089,1:30,5.74606,1.0471,5.6199,-20.94273,13.92831,13.60717,2.81615,1.03682,81.39963,-5.228671,1.204668,0.425015,75.47297,49.607223,-11.007803,,107.03343,85.03857,-25.37306,235.35865,223.77814,-11.810667,4.69605,-7.31044,7.86993,-0.95149,50,5.62475,2.20141,-131.72169,-3.61107,-12.55001,33.94731,-18.66351,POM_COL,RED_UNI,PomonaPitzer,D3,Team,20250228-PomonaPitzer-1,5bce22b0-f62a-11ef-9580-87d9c9be22a3,88.68504,89.41061,,9.54223,,,,2.1754,2.38365,-1.06894,27c5113f-7cd2-4e59-98da-f9ff0abff72f,2025-02-28,23:18:45.53,2025-02-28T15:18:45.5342080-08:00,2025-02-28T23:18:45.5342080Z,FlyBall,v3,POM_PIT,,,"Chetcuti, Mason",10132215,Right,RED_UNI,9efd540c-e306-4b3d-9777-c72f25b25f47,54.87632,-132.97248,16.97366,5.74513,-2.92342,-9.33176,-1.04112,2.66382,-6.27501,61.275318,2.17105,70.51474,-5.85098,1.02766,-0.59683,0.18664,-0.0309,0.00284,-0.00012,2.38453,84.29307,-24.02528,2.45272,-0.49592,0.05761,0.01155,-0.00453,0.00039,-1.06817,-13.71115,-1.68712,1.13602,-0.34353,0.11273,-0.02365,0.00243,-0.0001,,,,,,,,,,,,,,,,,,,,,,,High,High,High,Medium,Low,,,
152,2025-02-28,15:19:17.83,2,1,"Godoy, Joe",1000121399,Right,RED_UNI,"Berry, Cooper",1000276381,Left,POM_COL,Undefined,5,Bottom,1,0,0,Fastball,Four-Seam,BallCalled,Undefined,Undefined,Undefined,0,0,,90.06568,-0.705041,0.150725,2367.617997,194.044628,12:30,5.74364,1.01103,5.55157,-15.09883,20.17387,4.73512,3.82656,1.54647,81.26146,-3.609748,0.995113,0.427455,,,,,,,,,,,,-2.31894,10.72784,-1.02716,50,5.67294,-0.56224,-130.5747,-2.03301,-3.95756,30.44458,-13.86577,POM_COL,RED_UNI,PomonaPitzer,D3,Team,20250228-PomonaPitzer-1,6f0c4870-f62a-11ef-9580-87d9c9be22a3,88.17866,,,8.80422,,,,,,,27c5113f-7cd2-4e59-98da-f9ff0abff72f,2025-02-28,23:19:17.83,2025-02-28T15:19:17.8353664-08:00,2025-02-28T23:19:17.8353664Z,,v3,POM_PIT,,,"Chetcuti, Mason",10132215,Right,RED_UNI,d14ebc4b-a517-47f0-b691-c411306bc6b0,54.94307,-131.72217,15.22229,5.73971,-1.5104,-6.93289,-1.00877,-0.41308,-1.97878,,,,,,,,,,,,,,,,,,,,,,,,,,,,,,,,,,,,,,,,,,,,,,,,,,,High,High,High,,,,,
153,2025-02-28,15:19:29.55,2,2,"Godoy, Joe",1000121399,Right,RED_UNI,"Berry, Cooper",1000276381,Left,POM_COL,Undefined,5,Bottom,1,1,0,Fastball,Four-Seam,BallCalled,Undefined,Undefined,Undefined,0,0,,89.95771,-3.219713,-0.489883,2343.811435,181.804957,12:00,5.91654,0.973,5.5793,-20.7319,14.60481,0.42118,1.17856,0.55056,81.69816,-7.094269,-0.414663,0.427843,,,,,,,,,,,,-0.36169,8.73441,-0.93114,50,5.62605,1.09503,-130.28361,-8.01838,-0.61584,29.76347,-17.30206,POM_COL,RED_UNI,PomonaPitzer,D3,Team,20250228-PomonaPitzer-1,76051a80-f62a-11ef-9580-87d9c9be22a3,88.09875,,,8.25955,,,,,,,27c5113f-7cd2-4e59-98da-f9ff0abff72f,2025-02-28,23:19:29.55,2025-02-28T15:19:29.5527936-08:00,2025-02-28T23:19:29.5527936Z,,v3,POM_PIT,,,"Chetcuti, Mason",10132215,Right,RED_UNI,8fae7354-cb44-4cbd-8e8a-1d03a9d7f995,54.9171,-131.40212,14.88174,5.91516,-7.36817,-8.65103,-0.97273,1.11818,-0.30792,,,,,,,,,,,,,,,,,,,,,,,,,,,,,,,,,,,,,,,,,,,,,,,,,,,High,High,High,,,,,
154,2025-02-28,15:19:43.56,2,3,"Godoy, Joe",1000121399,Right,RED_UNI,"Berry, Cooper",1000276381,Left,POM_COL,Undefined,5,Bottom,1,2,0,Fastball,Four-Seam,StrikeCalled,Undefined,Undefined,Undefined,0,0,,89.81134,-2.030155,-2.233763,2447.719707,205.337994,12:45,5.73605,0.94339,5.58034,-20.81324,14.49666,6.29772,2.10335,-0.61904,81.68753,-5.927079,-1.110654,0.427681,,,,,,,,,,,,-3.83551,8.28528,-0.75538,50,5.54791,4.79553,-130.1584,-5.31033,-6.54137,28.80671,-18.04375,POM_COL,RED_UNI,PomonaPitzer,D3,Team,20250228-PomonaPitzer-1,7e5f0330-f62a-11ef-9580-87d9c9be22a3,88.13218,,,8.12381,,,,,,,27c5113f-7cd2-4e59-98da-f9ff0abff72f,2025-02-28,23:19:43.56,2025-02-28T15:19:43.5670016-08:00,2025-02-28T23:19:43.5670016Z,,v3,POM_PIT,,,"Chetcuti, Mason",10132215,Right,RED_UNI,f38ba3ed-fcfe-45a8-b4ff-4348c744cb78,54.91691,-131.2421,14.40335,5.73491,-4.63153,-9.02187,-0.94042,5.04161,-3.27069,,,,,,,,,,,,,,,,,,,,,,,,,,,,,,,,,,,,,,,,,,,,,,,,,,,High,High,High,,,,,
155,2025-02-28,15:19:56.56,2,4,"Godoy, Joe",1000121399,Right,RED_UNI,"Berry, Cooper",1000276381,Left,POM_COL,Undefined,5,Bottom,1,2,1,Fastball,Four-Seam,FoulBallNotFieldable,Undefined,Undefined,Undefined,0,0,,89.78322,-2.175765,-1.561781,2358.016614,192.16605,12:30,5.66574,0.92616,5.75285,-17.04434,18.38147,3.68047,2.21819,-0.22138,80.84344,-5.43583,-0.903148,0.428382,,,,,,,,,,,,-2.39217,10.45871,-0.79885,50,5.47503,3.38691,-130.07264,-5.44531,-4.02933,31.56748,-14.55765,POM_COL,RED_UNI,PomonaPitzer,D3,Team,20250228-PomonaPitzer-1,862362a0-f62a-11ef-9580-87d9c9be22a3,87.98793,,,8.93978,,,,,,,27c5113f-7cd2-4e59-98da-f9ff0abff72f,2025-02-28,23:19:56.56,2025-02-28T15:19:56.5660160-08:00,2025-02-28T23:19:56.5660160Z,,v3,POM_PIT,,,"Chetcuti, Mason",10132215,Right,RED_UNI,e3eddfc2-4757-471d-8046-de8fd98efa5b,54.74433,-131.21899,15.78374,5.66317,-4.91665,-7.27883,-0.9245,3.53324,-2.01466,,,,,,,,,,,,,,,,,,,,,,,,,,,,,,,,,,,,,,,,,,,,,,,,,,,High,High,High,,,,,
156,2025-02-28,15:20:17.31,2,5,"Godoy, Joe",1000121399,Right,RED_UNI,"Berry, Cooper",1000276381,Left,POM_COL,Undefined,5,Bottom,1,2,2,ChangeUp,Changeup,HitByPitch,Undefined,Undefined,Undefined,0,0,,85.51507,-3.639906,-4.213187,1550.266305,213.53629,1:00,5.42189,1.22588,5.739,-21.92647,16.69088,10.24355,0.19158,-1.85073,78.57542,-7.723712,-2.385983,0.447263,,,,,,,,,,,,-6.39752,9.87453,-0.88119,50,5.10441,8.70175,-123.69984,-8.56949,-9.94074,24.02049,-16.83059,POM_COL,RED_UNI,PomonaPitzer,D3,Team,20250228-PomonaPitzer-1,92856610-f62a-11ef-9580-87d9c9be22a3,84.27362,,,6.93965,,,,,,,27c5113f-7cd2-4e59-98da-f9ff0abff72f,2025-02-28,23:20:17.31,2025-02-28T15:20:17.3106688-08:00,2025-02-28T23:20:17.3106688Z,,v3,POM_PIT,,,"Chetcuti, Mason",10132215,Right,RED_UNI,a9b412cb-1843-49c5-9a27-a776c0fa9904,54.76134,-124.62098,12.01024,5.42066,-7.92406,-8.4153,-1.22219,9.08296,-4.97037,,,,,,,,,,,,,,,,,,,,,,,,,,,,,,,,,,,,,,,,,,,,,,,,,,,High,High,High,,,,,
157,2025-02-28,15:20:49.73,3,1,"Godoy, Joe",1000121399,Right,RED_UNI,"Pierantoni, Greg",1000091552,Right,POM_COL,Undefined,5,Bottom,1,0,0,Fastball,Four-Seam,StrikeCalled,Undefined,Undefined,Undefined,0,0,,87.70118,-1.805026,-2.042167,2235.442796,201.824685,12:45,5.8794,1.11411,5.84449,-19.83194,16.67359,6.1991,2.54767,-0.26792,80.03861,-5.547535,-0.931152,0.434861,,,,,,,,,,,,-3.7265,9.37973,-0.9514,50,5.72074,4.2727,-127.22315,-4.60982,-6.09588,26.56934,-16.83052,POM_COL,RED_UNI,PomonaPitzer,D3,Team,20250228-PomonaPitzer-1,a5dd7c70-f62a-11ef-9580-87d9c9be22a3,86.67692,,,7.66256,,,,,,,27c5113f-7cd2-4e59-98da-f9ff0abff72f,2025-02-28,23:20:49.73,2025-02-28T15:20:49.7347072-08:00,2025-02-28T23:20:49.7347072Z,,v3,POM_PIT,,,"Chetcuti, Mason",10132215,Right,RED_UNI,3c9541f2-7bc3-46d4-a21b-52dfd7be61df,54.65254,-128.19111,13.28467,5.87752,-3.99666,-8.41526,-1.1111,4.49478,-3.04794,,,,,,,,,,,,,,,,,,,,,,,,,,,,,,,,,,,,,,,,,,,,,,,,,,,High,High,High,,,,,
158,2025-02-28,15:21:03.53,3,2,"Godoy, Joe",1000121399,Right,RED_UNI,"Pierantoni, Greg",1000091552,Right,POM_COL,Undefined,5,Bottom,1,0,1,Slider,Curveball,StrikeCalled,Undefined,Undefined,Undefined,0,0,,78.76516,0.642955,-1.603359,2449.00104,65.784634,8:15,5.65932,1.5176,4.64769,-49.63514,-1.94516,-7.95678,2.13427,-0.66939,71.71671,-8.29148,-2.999718,0.497033,,,,,,,,,,,,3.3804,-0.63988,-1.34593,50,5.68,3.53907,-114.06302,-0.59711,4.40629,23.05486,-33.00813,POM_COL,RED_UNI,PomonaPitzer,D3,Team,20250228-PomonaPitzer-1,ae17f640-f62a-11ef-9580-87d9c9be22a3,75.83493,,,7.04845,,,,,,,27c5113f-7cd2-4e59-98da-f9ff0abff72f,2025-02-28,23:21:03.53,2025-02-28T15:21:03.5355648-08:00,2025-02-28T23:21:03.5355648Z,,v3,POM_PIT,,,"Chetcuti, Mason",10132215,Right,RED_UNI,f773fa6d-968b-4716-9fb2-67bda08be4ff,55.85057,-115.23949,11.52743,5.6675,1.08727,-16.50407,-1.52078,3.31423,2.20314,,,,,,,,,,,,,,,,,,,,,,,,,,,,,,,,,,,,,,,,,,,,,,,,,,,High,High,High,,,,,
159,2025-02-28,15:21:31.69,3,3,"Godoy, Joe",1000121399,Right,RED_UNI,"Pierantoni, Greg",1000091552,Right,POM_COL,Undefined,5,Bottom,1,0,2,Slider,Slider,FoulBallNotFieldable,Undefined,Undefined,Undefined,0,0,,80.27991,0.651522,-2.067807,2467.576191,78.6017,8:30,5.66134,1.62114,4.84908,-44.86542,0.2687,-5.66075,2.53977,-0.80902,73.68252,-7.447253,-3.063998,0.483531,46.81074,-21.403661,54.80932,,,,,7.69286,7.69286,51.665376,0.098901,2.22429,0.33508,-1.41171,50,5.68723,4.44266,-116.40657,-0.34258,3.04976,22.00127,-31.71464,POM_COL,RED_UNI,PomonaPitzer,D3,Team,20250228-PomonaPitzer-1,bee0fd50-f62a-11ef-9580-87d9c9be22a3,77.95255,2.49802,,6.59738,,,,1.09878,2.49802,0.82605,27c5113f-7cd2-4e59-98da-f9ff0abff72f,2025-02-28,23:21:31.69,2025-02-28T15:21:31.6995072-08:00,2025-02-28T23:21:31.6995072Z,GroundBall,v3,POM_PIT,,,"Chetcuti, Mason",10132215,Right,RED_UNI,ae05e54a-4bb1-4888-b4cb-e18e054e0529,55.65126,-117.46982,11.00063,5.66676,1.19009,-15.85732,-1.62284,4.29528,1.52488,,1.09403,37.13573,,,,,,,,2.50124,-25.25783,,,,,,,,0.81931,52.66144,,,,,,,,,,,,,,,,,,,,,,,,,,,,,,High,High,High,Estimated,Estimated,,,
160,2025-02-28,15:21:56.32,3,4,"Godoy, Joe",1000121399,Right,RED_UNI,"Pierantoni, Greg",1000091552,Right,POM_COL,Undefined,5,Bottom,1,0,2,Fastball,Four-Seam,BallCalled,Undefined,Undefined,Undefined,0,0,,91.33153,-1.886107,-3.026645,2424.824538,190.266653,12:15,5.80189,1.09227,5.74156,-17.28686,16.72556,2.8189,2.60205,-1.4936,82.9,-5.162895,-2.523272,0.419749,,,,,,,,,,,,-2.32496,9.39859,-0.84198,50,5.63426,6.86725,-132.28902,-4.89458,-4.09198,30.01683,-15.63239,POM_COL,RED_UNI,PomonaPitzer,D3,Team,20250228-PomonaPitzer-1,cd8094b0-f62a-11ef-9580-87d9c9be22a3,89.79751,,,8.43153,,,,,,,27c5113f-7cd2-4e59-98da-f9ff0abff72f,2025-02-28,23:21:56.32,2025-02-28T15:21:56.3271168-08:00,2025-02-28T23:21:56.3271168Z,,v3,POM_PIT,,,"Chetcuti, Mason",10132215,Right,RED_UNI,4ca15811-2a08-435c-927d-488efa22b1e6,54.75455,-133.36348,15.00842,5.79945,-4.33501,-7.81619,-1.09042,7.01372,-2.04599,,,,,,,,,,,,,,,,,,,,,,,,,,,,,,,,,,,,,,,,,,,,,,,,,,,High,High,High,,,,,
161,2025-02-28,15:22:28.29,3,5,"Godoy, Joe",1000121399,Right,RED_UNI,"Pierantoni, Greg",1000091552,Right,POM_COL,Undefined,5,Bottom,1,1,2,Slider,Slider,BallCalled,Undefined,Undefined,Undefined,0,0,,82.0362,1.993714,-1.36221,2771.640895,114.9256,9:45,5.5632,1.63901,4.86152,-39.80034,3.27729,-4.23819,4.1348,-0.00371,75.16444,-5.226445,-2.107801,0.472386,,,,,,,,,,,,1.71083,1.50709,-1.501,50,5.72613,3.01658,-118.94119,2.63484,2.45971,22.03719,-30.00723,POM_COL,RED_UNI,PomonaPitzer,D3,Team,20250228-PomonaPitzer-1,e098bbe0-f62a-11ef-9580-87d9c9be22a3,79.79158,,,6.87176,,,,,,,27c5113f-7cd2-4e59-98da-f9ff0abff72f,2025-02-28,23:22:28.29,2025-02-28T15:22:28.2985472-08:00,2025-02-28T23:22:28.2985472Z,,v3,POM_PIT,,,"Chetcuti, Mason",10132215,Right,RED_UNI,c6746934-f764-406a-99fc-847737c12e0a,55.63684,-119.98103,11.0186,5.56839,4.05075,-15.00361,-1.64061,2.90052,1.22986,,,,,,,,,,,,,,,,,,,,,,,,,,,,,,,,,,,,,,,,,,,,,,,,,,,High,High,High,,,,,
162,2025-02-28,15:22:47.46,3,6,"Godoy, Joe",1000121399,Right,RED_UNI,"Pierantoni, Greg",1000091552,Right,POM_COL,Undefined,5,Bottom,1,2,2,Fastball,Four-Seam,BallCalled,Undefined,Undefined,Undefined,0,0,,90.82629,-3.255235,-3.234553,2315.251799,200.01948,12:45,5.90328,0.79729,5.68654,-20.81202,13.28497,4.46374,1.12671,-1.84879,83.70882,-7.112491,-2.437917,0.420271,,,,,,,,,,,,-3.10099,7.91847,-0.52766,50,5.61565,7.24008,-131.58491,-8.2023,-5.4739,26.1422,-18.1963,POM_COL,RED_UNI,PomonaPitzer,D3,Team,20250228-PomonaPitzer-1,ec047870-f62a-11ef-9580-87d9c9be22a3,89.68603,,,7.11747,,,,,,,27c5113f-7cd2-4e59-98da-f9ff0abff72f,2025-02-28,23:22:47.46,2025-02-28T15:22:47.4686464-08:00,2025-02-28T23:22:47.4686464Z,,v3,POM_PIT,,,"Chetcuti, Mason",10132215,Right,RED_UNI,9dde88a9-cbd2-42ef-a9a6-4ad20e1bbe86,54.81239,-132.53755,13.0711,5.90247,-7.53922,-9.09815,-0.79513,7.43955,-2.73695,,,,,,,,,,,,,,,,,,,,,,,,,,,,,,,,,,,,,,,,,,,,,,,,,,,High,High,High,,,,,
163,2025-02-28,15:23:04.98,3,7,"Godoy, Joe",1000121399,Right,RED_UNI,"Pierantoni, Greg",1000091552,Right,POM_COL,Undefined,5,Bottom,1,3,2,Fastball,Four-Seam,BallCalled,Walk,Undefined,Undefined,0,0,,89.10266,-3.490522,-1.995547,2288.536706,195.862815,12:30,5.78678,0.86693,5.77086,-19.4293,16.06024,4.23642,0.91338,-0.63785,81.62078,-7.127866,-1.23705,0.428767,,,,,,,,,,,,-2.71587,9.51245,-0.70449,50,5.48603,4.31796,-129.11531,-8.49193,-4.58361,26.93757,-16.11973,POM_COL,RED_UNI,PomonaPitzer,D3,Team,20250228-PomonaPitzer-1,f679ee20-f62a-11ef-9580-87d9c9be22a3,87.90885,,,7.48188,,,,,,,27c5113f-7cd2-4e59-98da-f9ff0abff72f,2025-02-28,23:23:04.98,2025-02-28T15:23:04.9884672-08:00,2025-02-28T23:23:04.9884672Z,,v3,POM_PIT,,,"Chetcuti, Mason",10132215,Right,RED_UNI,ad8c26be-202e-4267-bd33-17ec4746eb02,54.72758,-130.09789,13.46878,5.78507,-7.90394,-8.05987,-0.86504,4.48516,-2.2918,,,,,,,,,,,,,,,,,,,,,,,,,,,,,,,,,,,,,,,,,,,,,,,,,,,Medium,Medium,Medium,,,,,
164,2025-02-28,15:23:35.90,4,1,"Godoy, Joe",1000121399,Right,RED_UNI,"Gold, Jack",1000108729,Left,POM_COL,Undefined,5,Bottom,1,0,0,Slider,Slider,BallCalled,Undefined,Undefined,Undefined,0,0,,78.36319,2.009712,-0.172599,2456.558158,72.693539,8:30,5.57944,2.17884,4.97765,-47.97133,-1.26394,-8.3306,3.48069,1.32161,72.37397,-6.660898,-1.643081,0.491886,,,,,,,,,,,,4.05851,-0.67756,-2.15513,50,5.73421,0.68984,-113.77251,2.25116,5.36755,19.11196,-33.07016,POM_COL,RED_UNI,PomonaPitzer,D3,Team,20250228-PomonaPitzer-1,08e644f0-f62b-11ef-9580-87d9c9be22a3,76.62847,,,5.98922,,,,,,,27c5113f-7cd2-4e59-98da-f9ff0abff72f,2025-02-28,23:23:35.90,2025-02-28T15:23:35.9095296-08:00,2025-02-28T23:23:35.9095296Z,,v3,POM_PIT,,,"Chetcuti, Mason",10132215,Right,RED_UNI,e4141936-8db4-49a9-b57e-b8e6d6e6316a,55.52296,-114.69652,9.55598,5.58672,3.85002,-16.53508,-2.18221,0.43033,2.68378,,,,,,,,,,,,,,,,,,,,,,,,,,,,,,,,,,,,,,,,,,,,,,,,,,,High,High,High,,,,,
165,2025-02-28,15:23:51.23,4,2,"Godoy, Joe",1000121399,Right,RED_UNI,"Gold, Jack",1000108729,Left,POM_COL,Undefined,5,Bottom,1,1,0,Fastball,Four-Seam,InPlay,Undefined,FlyBall,HomeRun,0,3,,90.30821,-1.693915,-1.976752,2544.267861,196.219381,12:30,5.6618,1.44179,5.63035,-16.78776,17.85639,4.87016,2.6809,0.00248,82.46926,-4.870101,-1.107587,0.42363,,,,,,,,,,,,-3.0428,9.88697,-1.27674,50,5.50703,4.31162,-131.03687,-4.40386,-5.28561,27.92985,-14.9995,POM_COL,RED_UNI,PomonaPitzer,D3,Team,20250228-PomonaPitzer-1,1201cff0-f62b-11ef-9580-87d9c9be22a3,88.975,,,7.83896,,,,,,,27c5113f-7cd2-4e59-98da-f9ff0abff72f,2025-02-28,23:23:51.23,2025-02-28T15:23:51.2311296-08:00,2025-02-28T23:23:51.2311296Z,,v3,POM_PIT,,,"Chetcuti, Mason",10132215,Right,RED_UNI,cd312bbc-71b0-4111-bfb5-94d3b46b1902,54.86927,-132.07065,13.96492,5.65976,-3.84867,-7.49975,-1.43994,4.50726,-2.6428,,,,,,,,,,,,,,,,,,,,,,,,,,,,,,,,,,,,,,,,,,,,,,,,,,,High,High,High,,,,,
166,2025-02-28,15:24:36.68,5,1,"Godoy, Joe",1000121399,Right,RED_UNI,"Savas, Peter",1000276389,Right,POM_COL,Undefined,5,Bottom,1,0,0,Fastball,Four-Seam,StrikeCalled,Undefined,Undefined,Undefined,0,0,,91.38893,-1.922802,-2.385602,2396.276167,220.562207,1:15,5.77307,0.64641,5.92557,-19.48225,14.47383,11.32394,2.36316,-0.62482,82.34832,-5.62082,-0.35308,0.419402,,,,,,,,,,,,-6.51914,8.3826,-0.46169,50,5.60821,5.00976,-132.38687,-5.05309,-11.39308,32.28704,-17.52435,POM_COL,RED_UNI,PomonaPitzer,D3,Team,20250228-PomonaPitzer-1,2d1d8270-f62b-11ef-9580-87d9c9be22a3,89.87195,,,9.0406,,,,,,,27c5113f-7cd2-4e59-98da-f9ff0abff72f,2025-02-28,23:24:36.68,2025-02-28T15:24:36.6801408-08:00,2025-02-28T23:24:36.6801408Z,,v3,POM_PIT,,,"Chetcuti, Mason",10132215,Right,RED_UNI,1ed2ebee-679a-4c4a-9254-3abb4f0f16d3,54.57006,-133.49678,16.14352,5.77156,-4.45066,-8.76218,-0.64063,5.40141,-5.69654,,,,,,,,,,,,,,,,,,,,,,,,,,,,,,,,,,,,,,,,,,,,,,,,,,,High,High,High,,,,,
167,2025-02-28,15:24:47.52,5,2,"Godoy, Joe",1000121399,Right,RED_UNI,"Savas, Peter",1000276389,Right,POM_COL,Undefined,5,Bottom,1,0,1,Fastball,Four-Seam,BallCalled,Undefined,Undefined,Undefined,0,0,,89.84394,-1.409774,-0.182548,2334.319974,220.207233,1:15,5.9218,0.54863,5.55951,-21.5797,13.81225,10.63347,2.80608,1.2642,81.39314,-5.454228,1.714951,0.428177,,,,,,,,,,,,-5.49827,7.79378,-0.54032,50,5.78616,-0.04593,-130.32735,-3.93513,-9.34573,30.38878,-18.92653,POM_COL,RED_UNI,PomonaPitzer,D3,Team,20250228-PomonaPitzer-1,338a8f40-f62b-11ef-9580-87d9c9be22a3,88.03001,,,8.45079,,,,,,,27c5113f-7cd2-4e59-98da-f9ff0abff72f,2025-02-28,23:24:47.52,2025-02-28T15:24:47.5248128-08:00,2025-02-28T23:24:47.5248128Z,,v3,POM_PIT,,,"Chetcuti, Mason",10132215,Right,RED_UNI,e0670627-f29d-4993-b0ab-3cf25608c7ca,54.93998,-131.47417,15.19439,5.92119,-3.22087,-9.46326,-0.54524,0.30677,-4.67286,,,,,,,,,,,,,,,,,,,,,,,,,,,,,,,,,,,,,,,,,,,,,,,,,,,High,High,High,,,,,
168,2025-02-28,15:25:00.66,5,3,"Godoy, Joe",1000121399,Right,RED_UNI,"Savas, Peter",1000276389,Right,POM_COL,Undefined,5,Bottom,1,1,1,Slider,Slider,FoulBallNotFieldable,Undefined,Undefined,Undefined,0,0,,81.14354,-0.47902,-0.064158,2515.344372,85.086857,8:45,5.57522,1.0217,5.22275,-42.4875,0.95551,-4.53425,1.58423,0.58352,74.68305,-8.193741,-0.869512,0.474386,,,,,,,,,,,,2.25996,0.98445,-1.0122,50,5.49903,0.31773,-117.82218,-2.50278,3.178,22.3094,-30.78971,POM_COL,RED_UNI,PomonaPitzer,D3,Team,20250228-PomonaPitzer-1,3b71b8f0-f62b-11ef-9580-87d9c9be22a3,79.45529,,,6.46049,,,,,,,27c5113f-7cd2-4e59-98da-f9ff0abff72f,2025-02-28,23:25:00.66,2025-02-28T15:25:00.6626816-08:00,2025-02-28T23:25:00.6626816Z,,v3,POM_PIT,,,"Chetcuti, Mason",10132215,Right,RED_UNI,9d61da0e-1b12-4b40-bfda-dcc64179b632,55.27774,-118.8173,11.1547,5.58003,-1.12938,-15.39485,-1.02321,0.17597,1.589,,,,,,,,,,,,,,,,,,,,,,,,,,,,,,,,,,,,,,,,,,,,,,,,,,,High,High,High,,,,,
169,2025-02-28,15:25:15.98,5,4,"Godoy, Joe",1000121399,Right,RED_UNI,"Savas, Peter",1000276389,Right,POM_COL,Undefined,5,Bottom,1,1,2,Slider,Slider,BallCalled,Undefined,Undefined,Undefined,0,0,,80.20205,1.640422,-0.089612,2652.029685,90.154801,9:00,5.57255,1.21079,4.92428,-43.47695,1.35658,-8.04008,3.50072,0.45607,73.75321,-6.234134,-1.507387,0.481918,,,,,,,,,,,,3.93071,0.6737,-1.1951,50,5.69629,0.52685,-116.39248,1.72412,5.42041,20.77324,-31.245,POM_COL,RED_UNI,PomonaPitzer,D3,Team,20250228-PomonaPitzer-1,44933760-f62b-11ef-9580-87d9c9be22a3,78.21344,,,6.44884,,,,,,,27c5113f-7cd2-4e59-98da-f9ff0abff72f,2025-02-28,23:25:15.98,2025-02-28T15:25:15.9862784-08:00,2025-02-28T23:25:15.9862784Z,,v3,POM_PIT,,,"Chetcuti, Mason",10132215,Right,RED_UNI,9da820a5-52ec-4435-a561-db5d61286162,55.57527,-117.38331,10.38662,5.57851,3.21443,-15.6225,-1.21406,0.26831,2.71021,,,,,,,,,,,,,,,,,,,,,,,,,,,,,,,,,,,,,,,,,,,,,,,,,,,High,High,High,,,,,
170,2025-02-28,15:25:31.26,5,5,"Godoy, Joe",1000121399,Right,RED_UNI,"Savas, Peter",1000276389,Right,POM_COL,Undefined,5,Bottom,1,2,2,Fastball,Four-Seam,BallCalled,Undefined,Undefined,Undefined,0,0,,90.55819,-3.514232,-2.645525,2422.164477,186.988284,12:15,5.66879,0.62827,5.70244,-16.21713,18.41068,2.11288,1.03519,-1.6625,82.51723,-6.58288,-2.26823,0.42353,,,,,,,,,,,,-1.83209,10.70422,-0.40756,50,5.3634,5.96114,-131.06383,-8.54126,-3.17395,28.74415,-13.62999,POM_COL,RED_UNI,PomonaPitzer,D3,Team,20250228-PomonaPitzer-1,4da68500-f62b-11ef-9580-87d9c9be22a3,88.99595,,,8.04096,,,,,,,27c5113f-7cd2-4e59-98da-f9ff0abff72f,2025-02-28,23:25:31.26,2025-02-28T15:25:31.2676864-08:00,2025-02-28T23:25:31.2676864Z,,v3,POM_PIT,,,"Chetcuti, Mason",10132215,Right,RED_UNI,79fbc6b5-1bc1-4d7c-bf71-ce7d83371355,54.79396,-132.11103,14.37207,5.66553,-8.0447,-6.81499,-0.62684,6.07677,-1.58698,,,,,,,,,,,,,,,,,,,,,,,,,,,,,,,,,,,,,,,,,,,,,,,,,,,High,High,High,,,,,
171,2025-02-28,15:25:49.38,5,6,"Godoy, Joe",1000121399,Right,RED_UNI,"Savas, Peter",1000276389,Right,POM_COL,Undefined,5,Bottom,1,3,2,Fastball,Four-Seam,BallCalled,Walk,Undefined,Undefined,0,0,,90.32372,-3.493677,-2.527569,2446.248404,187.808515,12:15,5.79574,0.6093,5.76276,-16.10245,18.8632,2.41378,1.19494,-1.5436,81.73474,-6.562184,-2.095977,0.425591,,,,,,,,,,,,-2.00685,11.03882,-0.4013,50,5.49616,5.65955,-130.65301,-8.44672,-3.42901,30.48117,-13.31242,POM_COL,RED_UNI,PomonaPitzer,D3,Team,20250228-PomonaPitzer-1,586c3d90-f62b-11ef-9580-87d9c9be22a3,88.56499,,,8.58897,,,,,,,27c5113f-7cd2-4e59-98da-f9ff0abff72f,2025-02-28,23:25:49.38,2025-02-28T15:25:49.3878784-08:00,2025-02-28T23:25:49.3878784Z,,v3,POM_PIT,,,"Chetcuti, Mason",10132215,Right,RED_UNI,db27c5d9-2621-49e3-a280-88d88dd56008,54.7327,-131.75252,15.24058,5.79219,-7.96652,-6.65621,-0.60768,5.78324,-1.7145,,,,,,,,,,,,,,,,,,,,,,,,,,,,,,,,,,,,,,,,,,,,,,,,,,,High,High,High,,,,,
172,2025-02-28,15:29:50.09,6,1,"Duenez, Gavin",1000305162,Right,RED_UNI,"Wakil, Lateef",1000128267,Left,POM_COL,Undefined,5,Bottom,1,0,0,Fastball,Changeup,BallCalled,Undefined,Undefined,Undefined,0,0,,84.72399,-0.043454,-0.637381,2142.98795,217.000945,1:15,6.12445,0.81939,5.48766,-23.35682,16.06009,11.18233,4.1374,1.15492,77.54762,-4.405944,1.354524,0.451869,,,,,,,,,,,,-5.7852,8.47567,-0.77121,50,6.10502,0.89153,-123.02655,-0.8441,-8.88672,23.8882,-19.15447,POM_COL,RED_UNI,PomonaPitzer,D3,Team,20250228-PomonaPitzer-1,e7f451f0-f62b-11ef-9580-87d9c9be22a3,83.41452,,,7.17637,,,,,,,27c5113f-7cd2-4e59-98da-f9ff0abff72f,2025-02-28,23:29:50.09,2025-02-28T15:29:50.0930048-08:00,2025-02-28T23:29:50.0930048Z,,v3,POM_PIT,,,"Chetcuti, Mason",10132215,Right,RED_UNI,ad948684-f46f-41bb-a071-68590ccf2143,55.01019,-123.99557,11.9441,6.1235,-0.06711,-9.57723,-0.81469,1.25202,-4.44336,,,,,,,,,,,,,,,,,,,,,,,,,,,,,,,,,,,,,,,,,,,,,,,,,,,High,High,High,,,,,
173,2025-02-28,15:30:08.01,6,2,"Duenez, Gavin",1000305162,Right,RED_UNI,"Wakil, Lateef",1000128267,Left,POM_COL,Undefined,5,Bottom,1,1,0,Fastball,Changeup,FoulBallNotFieldable,Undefined,Undefined,Undefined,0,0,,85.74924,-1.496678,-1.192101,2190.186487,232.610005,1:45,6.0633,0.70233,5.49378,-23.92438,14.9295,17.79836,2.66893,1.07023,77.94949,-5.962957,1.980207,0.44863,,,,,,,,,,,,-9.39544,8.37808,-0.61066,50,5.91646,1.83755,-124.38404,-4.03342,-14.59628,26.8951,-19.1583,POM_COL,RED_UNI,PomonaPitzer,D3,Team,20250228-PomonaPitzer-1,f29dcff0-f62b-11ef-9580-87d9c9be22a3,84.0167,,,7.79975,,,,,,,27c5113f-7cd2-4e59-98da-f9ff0abff72f,2025-02-28,23:30:08.01,2025-02-28T15:30:08.0125952-08:00,2025-02-28T23:30:08.0125952Z,,v3,POM_PIT,,,"Chetcuti, Mason",10132215,Right,RED_UNI,7aec633b-14b3-4709-97c7-97ae5566e283,55.00575,-125.46174,13.44755,6.0627,-3.26574,-9.57915,-0.69601,2.42243,-7.29814,,,,,,,,,,,,,,,,,,,,,,,,,,,,,,,,,,,,,,,,,,,,,,,,,,,High,High,High,,,,,
174,2025-02-28,15:30:39.25,6,3,"Duenez, Gavin",1000305162,Right,RED_UNI,"Wakil, Lateef",1000128267,Left,POM_COL,Undefined,5,Bottom,1,1,1,ChangeUp,Changeup,FoulBallNotFieldable,Undefined,Undefined,Undefined,0,0,,79.58367,0.246906,-0.810691,1442.881698,238.295108,2:00,5.90057,0.85907,5.50766,-37.46222,7.01796,9.2206,3.00965,0.86925,73.34999,-6.629329,0.833644,0.480015,,,,,,,,,,,,-4.87146,3.88481,-0.79471,50,5.8969,1.27434,-115.63062,-0.7363,-6.63198,20.44182,-26.88528,POM_COL,RED_UNI,PomonaPitzer,D3,Team,20250228-PomonaPitzer-1,05413c50-f62c-11ef-9580-87d9c9be22a3,78.52347,,,6.23368,,,,,,,27c5113f-7cd2-4e59-98da-f9ff0abff72f,2025-02-28,23:30:39.25,2025-02-28T15:30:39.2517632-08:00,2025-02-28T23:30:39.2517632Z,,v3,POM_PIT,,,"Chetcuti, Mason",10132215,Right,RED_UNI,dc676d56-fd57-4f41-8eb0-14b2f1a16a6c,54.99209,-116.50981,10.22091,5.9037,0.42001,-13.44264,-0.85565,1.55958,-3.31599,,,,,,,,,,,,,,,,,,,,,,,,,,,,,,,,,,,,,,,,,,,,,,,,,,,High,High,High,,,,,
175,2025-02-28,15:31:24.73,6,4,"Duenez, Gavin",1000305162,Right,RED_UNI,"Wakil, Lateef",1000128267,Left,POM_COL,Undefined,5,Bottom,1,1,2,Fastball,Changeup,BallCalled,Undefined,Undefined,Undefined,0,0,,86.17058,-0.427607,0.186626,2040.474308,219.892138,1:15,6.08746,0.64403,5.40779,-24.44974,13.89154,10.58914,3.64933,1.70132,78.70849,-4.973408,2.070279,0.445661,,,,,,,,,,,,-5.23449,7.47107,-0.6681,50,6.0326,-0.87453,-125.06802,-1.75993,-8.28321,25.44379,-20.35159,POM_COL,RED_UNI,PomonaPitzer,D3,Team,20250228-PomonaPitzer-1,205c2b80-f62c-11ef-9580-87d9c9be22a3,84.57647,,,7.46209,,,,,,,27c5113f-7cd2-4e59-98da-f9ff0abff72f,2025-02-28,23:31:24.73,2025-02-28T15:31:24.7368704-08:00,2025-02-28T23:31:24.7368704Z,,v3,POM_PIT,,,"Chetcuti, Mason",10132215,Right,RED_UNI,9968af18-2085-4d98-a3be-f4f867937f78,55.08932,-126.09913,12.7219,6.08721,-0.93518,-10.17579,-0.63946,-0.53885,-4.14161,,,,,,,,,,,,,,,,,,,,,,,,,,,,,,,,,,,,,,,,,,,,,,,,,,,High,High,High,,,,,
176,2025-02-28,15:32:05.27,6,5,"Duenez, Gavin",1000305162,Right,RED_UNI,"Wakil, Lateef",1000128267,Left,POM_COL,Undefined,5,Bottom,1,2,2,Curveball,Curveball,FoulBallNotFieldable,Undefined,Undefined,Undefined,0,0,,70.29256,2.969141,1.926429,2295.29025,59.188232,8:00,6.04357,0.79857,5.18317,-67.73571,-8.3326,-17.7071,3.19656,1.13617,63.38286,-9.35578,-1.211972,0.554723,76.13946,13.828931,-43.952106,3957.670407,71.67643,12.67722,-83.44107,172.71353,159.68509,-52.689556,1.86889,9.40697,-4.43414,-0.96372,50,6.26878,-2.75575,-101.68845,3.1029,9.63313,20.09643,-36.71478,POM_COL,RED_UNI,PomonaPitzer,D3,Team,20250228-PomonaPitzer-1,388be1a0-f62c-11ef-9580-87d9c9be22a3,67.94825,13.76752,,6.9097,,,,-0.5649,3.08868,-1.29296,27c5113f-7cd2-4e59-98da-f9ff0abff72f,2025-02-28,23:32:05.27,2025-02-28T15:32:05.2705280-08:00,2025-02-28T23:32:05.2705280Z,LineDrive,v3,POM_PIT,,,"Chetcuti, Mason",10132215,Right,RED_UNI,82a7c3d8-5a79-4c65-b452-75eabbe1d9e4,55.31696,-102.73386,10.04821,6.0577,5.01277,-18.35739,-0.80733,-3.25686,4.81657,,-0.56506,78.08194,-12.66812,1.57366,-2.66706,2.83333,-1.55852,0.44329,-0.05161,3.08871,26.68884,-18.08737,1.76213,0.06891,-0.18059,0.06334,-0.00925,0.0002,-1.29295,-75.26067,2.11508,-0.61266,0.3002,-0.28338,0.16484,-0.04932,0.00599,,,,,,,,,,,,,,,,,,,,,,,High,High,High,Medium,Medium,,,
177,2025-02-28,15:32:31.74,6,6,"Duenez, Gavin",1000305162,Right,RED_UNI,"Wakil, Lateef",1000128267,Left,POM_COL,Undefined,5,Bottom,1,2,2,Fastball,Four-Seam,BallCalled,Undefined,Undefined,Undefined,0,0,,85.99143,0.665245,-0.411659,2132.706305,203.045461,12:45,6.19646,0.75826,5.40897,-19.95792,18.93127,7.47654,5.15663,0.9956,77.573,-3.120761,0.917804,0.448834,,,,,,,,,,,,-3.84142,9.66634,-0.72684,50,6.24216,0.56006,-124.63674,0.8388,-5.97744,27.57345,-17.13283,POM_COL,RED_UNI,PomonaPitzer,D3,Team,20250228-PomonaPitzer-1,484d3cb0-f62c-11ef-9580-87d9c9be22a3,83.97859,,,8.41843,,,,,,,27c5113f-7cd2-4e59-98da-f9ff0abff72f,2025-02-28,23:32:31.74,2025-02-28T15:32:31.7435392-08:00,2025-02-28T23:32:31.7435392Z,,v3,POM_PIT,,,"Chetcuti, Mason",10132215,Right,RED_UNI,c22fc4f7-2576-4abc-b2e8-fe6cbac77d0a,55.08543,-125.75676,13.78673,6.19395,1.53473,-8.56642,-0.75452,0.80286,-2.98872,,,,,,,,,,,,,,,,,,,,,,,,,,,,,,,,,,,,,,,,,,,,,,,,,,,High,High,High,,,,,
178,2025-02-28,15:32:54.51,6,7,"Duenez, Gavin",1000305162,Right,RED_UNI,"Wakil, Lateef",1000128267,Left,POM_COL,Undefined,5,Bottom,1,3,2,Fastball,Changeup,InPlay,Undefined,GroundBall,Error,0,0,,85.80647,-1.870382,-0.796712,2119.093463,230.488426,1:45,5.95334,0.81404,5.59851,-25.92289,12.50264,13.65946,2.0461,1.20846,78.56093,-6.677334,1.643649,0.44615,82.13267,-11.749232,8.830748,,,,,9.36534,9.25453,0.128607,0.075193,-7.15937,7.23693,-0.7549,50,5.77635,1.16007,-124.54032,-4.92865,-11.22454,25.42309,-20.82794,POM_COL,RED_UNI,PomonaPitzer,D3,Team,20250228-PomonaPitzer-1,55d6d030-f62c-11ef-9580-87d9c9be22a3,84.4837,1.84771,,7.24553,,,,0.58681,1.84771,-1.34279,27c5113f-7cd2-4e59-98da-f9ff0abff72f,2025-02-28,23:32:54.51,2025-02-28T15:32:54.5165312-08:00,2025-02-28T23:32:54.5165312Z,GroundBall,v3,POM_PIT,,,"Chetcuti, Mason",10132215,Right,RED_UNI,730df09e-7e1f-41a3-a64c-0d4f7bc54edf,54.90077,-125.53676,12.71155,5.95353,-4.11232,-10.41397,-0.80899,1.6,-5.61227,180,0.58431,116.74588,,,,,,,,1.84824,-24.57283,,,,,,,,-1.34318,18.13738,,,,,,,,,,,,,,,,,,,,,,,,,,,,,,High,High,High,High,High,,,
179,2025-02-28,15:33:45.83,7,1,"Duenez, Gavin",1000305162,Right,RED_UNI,"Hattenburg, Xavier",10277269,Left,POM_COL,Undefined,5,Bottom,1,0,0,Fastball,Changeup,BallCalled,Undefined,Undefined,Undefined,0,0,,86.0472,-1.027219,-0.521965,2058.210816,223.343696,1:30,6.06762,0.79895,5.7418,-22.93761,15.27493,13.18989,3.19955,1.41209,78.15444,-5.340556,1.839564,0.444912,,,,,,,,,,,,-6.83359,8.46335,-0.76354,50,5.96831,0.57868,-124.86161,-2.95223,-10.70199,27.01559,-18.91975,POM_COL,RED_UNI,PomonaPitzer,D3,Team,20250228-PomonaPitzer-1,746d9fb0-f62c-11ef-9580-87d9c9be22a3,84.71883,,,7.89276,,,,,,,27c5113f-7cd2-4e59-98da-f9ff0abff72f,2025-02-28,23:33:45.83,2025-02-28T15:33:45.8367488-08:00,2025-02-28T23:33:45.8367488Z,,v3,POM_PIT,,,"Chetcuti, Mason",10132215,Right,RED_UNI,3aab1d49-2f9f-4c71-b993-56ef4fa1b42d,54.75519,-125.88626,13.5078,6.06667,-2.23464,-9.45988,-0.79318,0.98459,-5.35099,,,,,,,,,,,,,,,,,,,,,,,,,,,,,,,,,,,,,,,,,,,,,,,,,,,High,High,High,,,,,
180,2025-02-28,15:34:04.28,7,2,"Duenez, Gavin",1000305162,Right,RED_UNI,"Hattenburg, Xavier",10277269,Left,POM_COL,Undefined,5,Bottom,1,1,0,Curveball,Curveball,BallCalled,Undefined,Undefined,Undefined,0,0,,68.91346,4.10427,1.136472,2331.859031,65.189033,8:15,6.00358,0.81541,5.23004,-66.83456,-5.63937,-16.7521,4.2996,0.48787,62.5225,-8.0672,-1.831038,0.563028,,,,,,,,,,,,8.6326,-3.37803,-0.90722,50,6.33272,-1.36566,-99.71001,5.07737,8.59093,17.75217,-35.53578,POM_COL,RED_UNI,PomonaPitzer,D3,Team,20250228-PomonaPitzer-1,7f84fab0-f62c-11ef-9580-87d9c9be22a3,66.94593,,,6.39095,,,,,,,27c5113f-7cd2-4e59-98da-f9ff0abff72f,2025-02-28,23:34:04.28,2025-02-28T15:34:04.2860032-08:00,2025-02-28T23:34:04.2860032Z,,v3,POM_PIT,,,"Chetcuti, Mason",10132215,Right,RED_UNI,b8650961-be85-48cd-8c59-2997c5748311,55.27053,-100.64399,8.87608,6.0164,6.94699,-17.76789,-0.82348,-1.81765,4.29546,,,,,,,,,,,,,,,,,,,,,,,,,,,,,,,,,,,,,,,,,,,,,,,,,,,High,High,High,,,,,
181,2025-02-28,15:34:24.39,7,3,"Duenez, Gavin",1000305162,Right,RED_UNI,"Hattenburg, Xavier",10277269,Left,POM_COL,Undefined,5,Bottom,1,2,0,Fastball,Changeup,InPlay,Undefined,Bunt,FieldersChoice,1,0,,85.4157,-1.720881,-1.347377,2108.552133,221.924167,1:30,6.0181,0.7902,5.99508,-24.07812,14.28083,11.6676,2.41594,0.51367,77.82115,-6.247661,0.751821,0.445764,37.96151,-66.406879,33.142391,,,,,4.26129,4.26129,1.633199,0.050006,-6.45449,8.24284,-0.69071,50,5.86931,2.46102,-123.99723,-4.45124,-9.97927,26.40192,-19.42984,POM_COL,RED_UNI,PomonaPitzer,D3,Team,20250228-PomonaPitzer-1,8b665c70-f62c-11ef-9580-87d9c9be22a3,84.55697,2.58475,,7.59455,,,,3.31433,2.58475,-0.49573,27c5113f-7cd2-4e59-98da-f9ff0abff72f,2025-02-28,23:34:24.39,2025-02-28T15:34:24.3900928-08:00,2025-02-28T23:34:24.3900928Z,GroundBall,v3,POM_PIT,,,"Chetcuti, Mason",10132215,Right,RED_UNI,0a914df4-1445-4b55-9f51-175f69b9a259,54.5047,-124.95271,13.20096,6.01767,-3.74808,-9.71492,-0.78631,2.82217,-4.98964,180,3.31237,18.90238,,,,,,,,2.59011,-51.68907,,,,,,,,-0.49701,12.34224,,,,,,,,,,,,,,,,,,,,,,,,,,,,,,High,High,High,High,High,,,
182,2025-02-28,15:35:02.50,8,1,"Duenez, Gavin",1000305162,Right,RED_UNI,"Kinney, William",1000092038,Right,POM_COL,Undefined,5,Bottom,2,0,0,Curveball,Curveball,BallCalled,Undefined,Undefined,Undefined,0,0,,70.16544,1.281953,-0.70792,2362.188229,43.811332,7:30,5.95783,0.76109,4.87164,-72.84154,-13.61749,-14.86674,1.10111,-1.14775,64.86408,-11.746158,-3.336318,0.553886,,,,,,,,,,,,7.13016,-6.54678,-0.6782,50,6.02173,1.81256,-101.83775,-0.15217,7.43483,17.82947,-39.00059,POM_COL,RED_UNI,PomonaPitzer,D3,Team,20250228-PomonaPitzer-1,a2332730-f62c-11ef-9580-87d9c9be22a3,68.05088,,,5.30136,,,,,,,27c5113f-7cd2-4e59-98da-f9ff0abff72f,2025-02-28,23:35:02.50,2025-02-28T15:35:02.5011200-08:00,2025-02-28T23:35:02.5011200Z,,v3,POM_PIT,,,"Chetcuti, Mason",10132215,Right,RED_UNI,6cfaf200-14b4-4097-b1aa-6fda00472590,55.6332,-102.81926,8.91473,5.97101,1.99482,-19.5003,-0.76672,1.40327,3.71741,,,,,,,,,,,,,,,,,,,,,,,,,,,,,,,,,,,,,,,,,,,,,,,,,,,Medium,Medium,Medium,,,,,
183,2025-02-28,15:35:20.78,8,2,"Duenez, Gavin",1000305162,Right,RED_UNI,"Kinney, William",1000092038,Right,POM_COL,Undefined,5,Bottom,2,1,0,Fastball,Four-Seam,InPlay,Undefined,FlyBall,Out,1,0,,85.84432,-1.480165,-1.322987,2217.798853,209.395527,1:00,6.18572,0.65686,5.39969,-21.08789,18.10253,9.39134,3.04068,0.1995,77.39868,-5.459132,0.347193,0.450569,85.6724,35.060057,5.264425,,108.94406,69.32564,15.20343,299.69394,294.04584,11.321384,4.825538,-5.14355,9.98158,-0.54574,50,6.03952,2.46228,-124.35599,-3.87726,-7.9349,28.39316,-16.77555,POM_COL,RED_UNI,PomonaPitzer,D3,Team,20250228-PomonaPitzer-1,ad0ae120-f62c-11ef-9580-87d9c9be22a3,83.65521,81.44766,,8.44564,,,,0.47022,3.27625,-0.22154,27c5113f-7cd2-4e59-98da-f9ff0abff72f,2025-02-28,23:35:20.78,2025-02-28T15:35:20.7882752-08:00,2025-02-28T23:35:20.7882752Z,FlyBall,v3,POM_PIT,,,"Chetcuti, Mason",10132215,Right,RED_UNI,57f1e0c6-5597-465b-b7bc-c88137c7045c,55.09681,-125.51431,14.19658,6.18374,-3.19289,-8.38778,-0.6528,2.78599,-3.96745,197.309312,0.47385,102.33553,-22.90157,6.04678,-0.97466,0.03372,0.02094,-0.00377,0.0002,3.27373,72.22794,-18.20443,0.55698,0.18217,-0.10745,0.03334,-0.00526,0.00031,-0.22164,9.4404,2.3472,-0.91332,0.2335,-0.03982,0.00362,-8E-05,-1E-05,,,,,,,,,,,,,,,,,,,,,,,High,High,High,Medium,Medium,,,
184,2025-02-28,15:37:55.97,1,1,"Dennis, Lucas",10274891,Right,POM_COL,"Morris, Rylan",1000396958,Right,RED_UNI,Undefined,6,Top,0,0,0,Slider,Curveball,StrikeCalled,Undefined,Undefined,Undefined,0,0,,72.3044,3.355665,-1.946273,2212.781666,84.162956,8:45,4.6489,2.154,4.76528,-55.41208,0.77165,-10.11819,3.2184,-0.53526,65.95922,-6.662375,-3.720447,0.539482,,,,,,,,,,,,4.37441,-0.01429,-1.94954,50,4.93735,3.95579,-104.60633,4.25471,4.8291,18.25476,-32.18985,POM_COL,RED_UNI,PomonaPitzer,D3,Team,20250228-PomonaPitzer-1,098f6b50-f62d-11ef-9580-87d9c9be22a3,69.86788,,,6.34518,,,,,,,27c5113f-7cd2-4e59-98da-f9ff0abff72f,2025-02-28,23:37:55.97,2025-02-28T15:37:55.9774720-08:00,2025-02-28T23:37:55.9774720Z,,v3,POM_PIT,,,"Savas, Peter",1000276389,Right,POM_COL,a583f3ed-d116-4543-a3e0-cf50aeccbc4e,55.73333,-105.6021,9.12738,4.65737,6.01063,-16.09493,-2.15814,3.69237,2.41455,,,,,,,,,,,,,,,,,,,,,,,,,,,,,,,,,,,,,,,,,,,,,,,,,,,Medium,Medium,Medium,,,,,
185,2025-02-28,15:38:11.99,1,2,"Dennis, Lucas",10274891,Right,POM_COL,"Morris, Rylan",1000396958,Right,RED_UNI,Undefined,6,Top,0,0,1,ChangeUp,Changeup,InPlay,Undefined,GroundBall,Single,0,0,,79.50932,0.923922,-1.871307,1250.168435,265.568373,2:45,4.68939,1.8133,6.06386,-41.34837,2.4615,14.44426,2.0993,1.2845,73.02425,-6.730487,0.730473,0.476384,81.94763,-8.206933,-20.851317,,,,,13.80241,13.37909,-24.079685,0.104031,-7.98371,1.40323,-1.67588,50,4.7389,3.24989,-115.55209,0.59801,-10.805,21.33445,-30.27494,POM_COL,RED_UNI,PomonaPitzer,D3,Team,20250228-PomonaPitzer-1,131b4450-f62d-11ef-9580-87d9c9be22a3,79.12192,2.0288,,6.48507,,,,1.21345,2.0288,-1.26307,27c5113f-7cd2-4e59-98da-f9ff0abff72f,2025-02-28,23:38:11.99,2025-02-28T15:38:11.9950336-08:00,2025-02-28T23:38:11.9950336Z,GroundBall,v3,POM_PIT,,,"Savas, Peter",1000276389,Right,POM_COL,ae6bb925-9ccd-49c6-8ba7-6b28bbd22388,54.43733,-116.36847,10.66722,4.69386,1.75651,-15.13747,-1.80815,3.66335,-5.4025,17.356317,1.21353,111.15808,-16.27644,,,,,,,2.02896,-17.17734,-22.37481,,,,,,,-1.26307,-42.34312,3.37947,,,,,,,,,,,,,,,,,,,,,,,,,,,,,High,High,High,High,High,,,
186,2025-02-28,15:38:45.86,2,1,"Dennis, Lucas",10274891,Right,POM_COL,"Preece, Tyler",1000074626,Right,RED_UNI,Undefined,6,Top,0,0,0,Slider,Curveball,StrikeCalled,Undefined,Undefined,Undefined,0,0,,72.47306,3.416927,-2.534925,2136.005843,87.872319,9:00,4.74428,2.03124,4.77879,-54.50983,1.54969,-7.77819,3.44779,-1.02141,65.94627,-6.449553,-3.897797,0.538885,,,,,,,,,,,,3.05583,0.31583,-1.77045,50,5.03923,4.94616,-104.77401,4.41864,3.3773,18.65413,-31.82498,POM_COL,RED_UNI,PomonaPitzer,D3,Team,20250228-PomonaPitzer-1,274d18e0-f62d-11ef-9580-87d9c9be22a3,69.94524,,,6.52679,,,,,,,27c5113f-7cd2-4e59-98da-f9ff0abff72f,2025-02-28,23:38:45.86,2025-02-28T15:38:45.8645504-08:00,2025-02-28T23:38:45.8645504Z,,v3,POM_PIT,,,"Savas, Peter",1000276389,Right,POM_COL,a60d93c0-a5fa-4f73-b24f-59de71d3b9e9,55.71946,-105.78741,9.32706,4.75222,6.14756,-15.91249,-2.03417,4.76269,1.68865,,,,,,,,,,,,,,,,,,,,,,,,,,,,,,,,,,,,,,,,,,,,,,,,,,,High,High,High,,,,,
187,2025-02-28,15:39:05.98,2,2,"Dennis, Lucas",10274891,Right,POM_COL,"Preece, Tyler",1000074626,Right,RED_UNI,Undefined,6,Top,0,0,1,Slider,Curveball,BallCalled,Undefined,Undefined,Undefined,0,0,,72.88319,2.400195,-2.845603,2209.922688,83.323892,8:45,4.59836,1.93887,4.58159,-55.1766,0.87114,-8.97603,2.28792,-1.51855,66.21653,-7.544639,-4.413415,0.538828,,,,,,,,,,,,3.48547,0.2487,-1.63543,50,4.79592,5.59909,-105.34635,2.49951,3.8741,19.72151,-31.89761,POM_COL,RED_UNI,PomonaPitzer,D3,Team,20250228-PomonaPitzer-1,33490780-f62d-11ef-9580-87d9c9be22a3,69.95259,,,6.66667,,,,,,,27c5113f-7cd2-4e59-98da-f9ff0abff72f,2025-02-28,23:39:05.98,2025-02-28T15:39:05.9827712-08:00,2025-02-28T23:39:05.9827712Z,,v3,POM_PIT,,,"Savas, Peter",1000276389,Right,POM_COL,387b1880-7bf9-4090-a930-483365a7ccab,55.91645,-106.44818,9.86076,4.60649,4.28162,-15.94881,-1.9422,5.38264,1.93705,,,,,,,,,,,,,,,,,,,,,,,,,,,,,,,,,,,,,,,,,,,,,,,,,,,High,High,High,,,,,
188,2025-02-28,15:39:21.42,2,3,"Dennis, Lucas",10274891,Right,POM_COL,"Preece, Tyler",1000074626,Right,RED_UNI,Undefined,6,Top,0,1,1,Fastball,Four-Seam,BallCalled,Undefined,Undefined,Undefined,0,0,,85.87945,1.01484,-1.306342,2030.835613,201.808541,12:45,5.09854,1.75537,5.31905,-20.43147,18.67981,6.93339,4.34868,1.10695,77.48896,-2.849628,-0.075952,0.450114,,,,,,,,,,,,-3.84252,9.41032,-1.64215,50,5.17624,2.52608,-124.43532,1.56614,-5.96532,27.27048,-17.56496,POM_COL,RED_UNI,PomonaPitzer,D3,Team,20250228-PomonaPitzer-1,3c70a070-f62d-11ef-9580-87d9c9be22a3,83.73978,,,8.39049,,,,,,,27c5113f-7cd2-4e59-98da-f9ff0abff72f,2025-02-28,23:39:21.42,2025-02-28T15:39:21.4257152-08:00,2025-02-28T23:39:21.4257152Z,,v3,POM_PIT,,,"Savas, Peter",1000276389,Right,POM_COL,5dd0408b-5bf1-45af-9c26-5b4d5e5c728c,55.17595,-125.56452,13.63524,5.09634,2.29346,-8.78248,-1.75186,2.77309,-2.98266,,,,,,,,,,,,,,,,,,,,,,,,,,,,,,,,,,,,,,,,,,,,,,,,,,,High,High,High,,,,,
189,2025-02-28,15:39:37.18,2,4,"Dennis, Lucas",10274891,Right,POM_COL,"Preece, Tyler",1000074626,Right,RED_UNI,Undefined,6,Top,0,2,1,Slider,Curveball,BallCalled,Undefined,Undefined,Undefined,0,0,,74.78496,1.883316,-4.336655,2329.429279,66.320765,8:15,4.67536,2.07817,4.93354,-56.5507,-3.88425,-12.87812,1.7487,-3.10194,68.21256,-8.308733,-6.593192,0.522322,,,,,,,,,,,,4.99536,-1.97476,-1.64429,50,4.81235,8.70677,-108.05337,1.60636,5.83561,20.91779,-34.48098,POM_COL,RED_UNI,PomonaPitzer,D3,Team,20250228-PomonaPitzer-1,45df2d70-f62d-11ef-9580-87d9c9be22a3,72.16321,,,6.5724,,,,,,,27c5113f-7cd2-4e59-98da-f9ff0abff72f,2025-02-28,23:39:37.18,2025-02-28T15:39:37.1819008-08:00,2025-02-28T23:39:37.1819008Z,,v3,POM_PIT,,,"Savas, Peter",1000276389,Right,POM_COL,c6968103-a8ee-4f34-af79-036475c2e0fd,55.56619,-109.12559,10.45889,4.68471,3.37382,-17.24049,-2.08292,8.40764,2.91781,,,,,,,,,,,,,,,,,,,,,,,,,,,,,,,,,,,,,,,,,,,,,,,,,,,High,High,High,,,,,
190,2025-02-28,15:39:55.23,2,5,"Dennis, Lucas",10274891,Right,POM_COL,"Preece, Tyler",1000074626,Right,RED_UNI,Undefined,6,Top,0,3,1,Fastball,Changeup,HitByPitch,Walk,Undefined,Undefined,0,0,,83.4929,0.572854,-1.300824,1887.893943,212.64679,1:00,4.89347,1.80342,5.70065,-23.7323,16.79477,9.90792,3.44973,1.41672,75.8941,-3.898654,0.470369,0.458188,43.57414,2.064131,149.064821,,,,,25.57413,13.03873,151.087085,0.474499,-5.43272,8.76658,-1.70064,50,4.92699,2.35231,-121.18564,0.49472,-8.03894,24.78023,-19.20191,POM_COL,RED_UNI,PomonaPitzer,D3,Team,20250228-PomonaPitzer-1,509e5650-f62d-11ef-9580-87d9c9be22a3,82.26408,3.55254,,7.5988,,,,2.57286,3.49101,-1.57014,27c5113f-7cd2-4e59-98da-f9ff0abff72f,2025-02-28,23:39:55.23,2025-02-28T15:39:55.2350720-08:00,2025-02-28T23:39:55.2350720Z,GroundBall,v3,POM_PIT,,,"Savas, Peter",1000276389,Right,POM_COL,d007c2c5-30ff-491c-b391-b4b0f0d6062e,54.79781,-122.16276,12.39012,4.89256,1.25188,-9.60096,-1.79965,2.66929,-4.01947,315.805208,2.57551,-54.85584,4.7277,,,,,,,3.50157,2.00353,-19.82055,,,,,,,-1.56685,32.73732,-7.13036,,,,,,,,,,,,,,,,,,,,,,,,,,,,,High,High,High,Medium,Low,,,
191,2025-02-28,15:40:33.57,3,1,"Dennis, Lucas",10274891,Right,POM_COL,"Kirkland, Mark",684750,Left,RED_UNI,Undefined,6,Top,0,0,0,ChangeUp,Changeup,BallCalled,Undefined,Undefined,Undefined,0,0,,81.29382,-0.039351,-1.991266,1218.383002,272.631259,3:00,4.8605,1.72394,6.13457,-41.64487,0.57567,18.5317,1.35371,1.42707,74.07343,-7.759911,1.354273,0.467663,,,,,,,,,,,,-10.12316,0.78095,-1.58094,50,4.83644,3.39671,-118.04771,-1.3935,-14.14366,24.54321,-31.08294,POM_COL,RED_UNI,PomonaPitzer,D3,Team,20250228-PomonaPitzer-1,67802fb0-f62d-11ef-9580-87d9c9be22a3,80.59739,,,7.22039,,,,,,,27c5113f-7cd2-4e59-98da-f9ff0abff72f,2025-02-28,23:40:33.57,2025-02-28T15:40:33.5708160-08:00,2025-02-28T23:40:33.5708160Z,,v3,POM_PIT,,,"Savas, Peter",1000276389,Right,POM_COL,205ab76e-6635-4aed-9739-35019141dd12,54.36499,-118.95177,12.2716,4.86668,-0.24855,-15.54147,-1.71565,3.9177,-7.07183,,,,,,,,,,,,,,,,,,,,,,,,,,,,,,,,,,,,,,,,,,,,,,,,,,,High,High,High,,,,,
192,2025-02-28,15:40:52.36,3,2,"Dennis, Lucas",10274891,Right,POM_COL,"Kirkland, Mark",684750,Left,RED_UNI,Undefined,6,Top,0,1,0,Slider,Slider,BallCalled,Undefined,Undefined,Undefined,0,0,,76.46334,2.145536,-1.717036,2414.937873,81.647132,8:45,4.74805,1.88638,5.17713,-50.54621,-0.72244,-16.68296,2.5566,-1.12002,69.31449,-7.071399,-4.667284,0.50803,,,,,,,,,,,,7.72024,-0.50244,-1.71348,50,4.9097,3.99075,-110.72492,2.42329,9.44547,22.44269,-32.78878,POM_COL,RED_UNI,PomonaPitzer,D3,Team,20250228-PomonaPitzer-1,72b1f080-f62d-11ef-9580-87d9c9be22a3,74.19327,,,7.14885,,,,,,,27c5113f-7cd2-4e59-98da-f9ff0abff72f,2025-02-28,23:40:52.36,2025-02-28T15:40:52.3630592-08:00,2025-02-28T23:40:52.3630592Z,,v3,POM_PIT,,,"Savas, Peter",1000276389,Right,POM_COL,da1a4f39-0681-4033-ab27-b27fb4e5031e,55.3214,-111.79831,11.22135,4.7563,3.99151,-16.39439,-1.89354,3.53899,4.72273,,,,,,,,,,,,,,,,,,,,,,,,,,,,,,,,,,,,,,,,,,,,,,,,,,,High,High,High,,,,,
193,2025-02-28,15:41:11.30,3,3,"Dennis, Lucas",10274891,Right,POM_COL,"Kirkland, Mark",684750,Left,RED_UNI,Undefined,6,Top,0,2,0,Slider,Slider,HitByPitch,Undefined,Undefined,Undefined,0,0,,76.26486,-0.228739,-4.598258,2323.751827,94.864529,9:15,4.59735,1.89891,5.32535,-47.33361,2.31673,-8.24839,0.43754,-3.11266,69.98145,-8.814035,-6.055228,0.507145,,,,,,,,,,,,2.8663,1.48992,-1.47564,50,4.54192,9.17299,-110.36106,-1.96111,3.50373,21.26346,-30.3528,POM_COL,RED_UNI,PomonaPitzer,D3,Team,20250228-PomonaPitzer-1,7df78770-f62d-11ef-9580-87d9c9be22a3,74.32274,,,6.28341,,,,,,,27c5113f-7cd2-4e59-98da-f9ff0abff72f,2025-02-28,23:41:11.30,2025-02-28T15:41:11.3065984-08:00,2025-02-28T23:41:11.3065984Z,,v3,POM_PIT,,,"Savas, Peter",1000276389,Right,POM_COL,bf0fc26b-6a31-4f66-a97d-2488fa8a84ac,55.17748,-111.35414,10.63173,4.6004,-0.54352,-15.1764,-1.90023,9.00935,1.75186,,,,,,,,,,,,,,,,,,,,,,,,,,,,,,,,,,,,,,,,,,,,,,,,,,,High,High,High,,,,,
194,2025-02-28,15:41:46.60,4,1,"Dennis, Lucas",10274891,Right,POM_COL,"Umscheid, Ian",1000221147,Left,RED_UNI,Undefined,6,Top,0,0,0,Fastball,Changeup,StrikeCalled,Undefined,Undefined,Undefined,0,0,,85.56414,0.304263,-1.249368,2039.690059,218.325518,1:15,4.90768,1.85407,5.7379,-27.54777,10.50241,7.43304,2.89543,1.30992,78.83027,-4.805807,0.080812,0.443966,,,,,,,,,,,,-4.0852,5.61973,-1.75459,50,4.91611,2.40355,-124.35843,-0.25288,-6.45346,22.8921,-23.29648,POM_COL,RED_UNI,PomonaPitzer,D3,Team,20250228-PomonaPitzer-1,9304eef0-f62d-11ef-9580-87d9c9be22a3,84.89934,,,6.73387,,,,,,,27c5113f-7cd2-4e59-98da-f9ff0abff72f,2025-02-28,23:41:46.60,2025-02-28T15:41:46.6073088-08:00,2025-02-28T23:41:46.6073088Z,,v3,POM_PIT,,,"Savas, Peter",1000276389,Right,POM_COL,02422c57-8d9e-49cf-b925-dc737d1c5a22,54.76105,-125.23179,11.44605,4.90881,0.63591,-11.64824,-1.85098,2.64976,-3.22673,,,,,,,,,,,,,,,,,,,,,,,,,,,,,,,,,,,,,,,,,,,,,,,,,,,High,High,High,,,,,
195,2025-02-28,15:42:05.47,4,2,"Dennis, Lucas",10274891,Right,POM_COL,"Umscheid, Ian",1000221147,Left,RED_UNI,Undefined,6,Top,0,0,1,ChangeUp,Changeup,BallCalled,Undefined,Undefined,Undefined,0,0,,80.59743,1.946742,-0.935122,1160.080773,252.912669,2:30,4.69891,1.82639,5.48303,-38.14431,5.94807,14.46863,3.34259,2.15711,72.99707,-5.100505,1.641349,0.477918,,,,,,,,,,,,-7.49548,2.88882,-1.75416,50,4.84426,1.30482,-116.83184,2.68753,-10.26509,23.89473,-28.21782,POM_COL,RED_UNI,PomonaPitzer,D3,Team,20250228-PomonaPitzer-1,9e3d1860-f62d-11ef-9580-87d9c9be22a3,78.86802,,,7.60036,,,,,,,27c5113f-7cd2-4e59-98da-f9ff0abff72f,2025-02-28,23:42:05.47,2025-02-28T15:42:05.4713856-08:00,2025-02-28T23:42:05.4713856Z,,v3,POM_PIT,,,"Savas, Peter",1000276389,Right,POM_COL,d81f78be-2883-478e-af8f-02a6c1957f8b,55.01365,-117.85279,11.94737,4.70367,3.89318,-14.10891,-1.81928,1.74342,-5.13254,,,,,,,,,,,,,,,,,,,,,,,,,,,,,,,,,,,,,,,,,,,,,,,,,,,High,High,High,,,,,
196,2025-02-28,15:42:23.49,4,3,"Dennis, Lucas",10274891,Right,POM_COL,"Umscheid, Ian",1000221147,Left,RED_UNI,Undefined,6,Top,0,1,1,ChangeUp,Changeup,BallCalled,Undefined,Undefined,Undefined,0,0,,80.91334,0.005324,-1.953603,1371.749307,278.430791,3:15,4.75406,1.9544,5.43917,-45.039,-1.10539,17.85029,1.0058,1.61188,73.48787,-8.232836,1.228081,0.477057,,,,,,,,,,,,-9.55209,-0.06343,-1.79405,50,4.72374,3.26284,-117.3153,-1.56899,-13.13614,24.93193,-32.26124,POM_COL,RED_UNI,PomonaPitzer,D3,Team,20250228-PomonaPitzer-1,a9067a70-f62d-11ef-9580-87d9c9be22a3,79.01041,,,7.42547,,,,,,,27c5113f-7cd2-4e59-98da-f9ff0abff72f,2025-02-28,23:42:23.49,2025-02-28T15:42:23.4945536-08:00,2025-02-28T23:42:23.4945536Z,,v3,POM_PIT,,,"Savas, Peter",1000276389,Right,POM_COL,c82fe5c5-1b5c-4a7a-b6e1-ce6898de2bcf,55.05988,-118.38575,12.46596,4.76137,-0.18386,-16.13062,-1.94625,3.82684,-6.56807,,,,,,,,,,,,,,,,,,,,,,,,,,,,,,,,,,,,,,,,,,,,,,,,,,,High,High,High,,,,,
197,2025-02-28,15:42:40.75,4,4,"Dennis, Lucas",10274891,Right,POM_COL,"Umscheid, Ian",1000221147,Left,RED_UNI,Undefined,6,Top,0,2,1,Fastball,Four-Seam,StrikeCalled,Undefined,Undefined,Undefined,0,0,,87.97081,0.421267,-1.835575,2125.874239,219.636515,1:15,4.95901,1.80681,5.98391,-24.41017,11.41989,8.56304,3.3155,0.81844,80.63037,-4.15004,-0.296921,0.430819,,,,,,,,,,,,-4.86638,6.08945,-1.66643,50,4.97875,3.73964,-127.8105,0.15927,-8.08228,25.34381,-22.06045,POM_COL,RED_UNI,PomonaPitzer,D3,Team,20250228-PomonaPitzer-1,b3437b00-f62d-11ef-9580-87d9c9be22a3,87.49012,,,7.34044,,,,,,,27c5113f-7cd2-4e59-98da-f9ff0abff72f,2025-02-28,23:42:40.75,2025-02-28T15:42:40.7525888-08:00,2025-02-28T23:42:40.7525888Z,,v3,POM_PIT,,,"Savas, Peter",1000276389,Right,POM_COL,324708e2-dfb4-411c-bed9-af4c9341a212,54.51461,-128.7026,12.6719,4.95948,0.9358,-11.03022,-1.80307,4.02414,-4.04114,,,,,,,,,,,,,,,,,,,,,,,,,,,,,,,,,,,,,,,,,,,,,,,,,,,High,High,High,,,,,
198,2025-02-28,15:43:00.36,4,5,"Dennis, Lucas",10274891,Right,POM_COL,"Umscheid, Ian",1000221147,Left,RED_UNI,Undefined,6,Top,0,2,2,Fastball,Sinker,BallCalled,Undefined,Undefined,Undefined,0,0,,87.88502,0.38328,-0.664964,2153.362129,246.517549,2:15,5.14692,1.53532,5.49076,-31.05242,5.51079,10.14402,2.9178,1.75856,80.66067,-5.327329,1.142921,0.435205,,,,,,,,,,,,-5.26988,3.0328,-1.48403,50,5.15956,1.03352,-127.66167,-0.28358,-8.72988,25.3468,-27.15002,POM_COL,RED_UNI,PomonaPitzer,D3,Team,20250228-PomonaPitzer-1,bef149a0-f62d-11ef-9580-87d9c9be22a3,86.60853,,,7.22435,,,,,,,27c5113f-7cd2-4e59-98da-f9ff0abff72f,2025-02-28,23:43:00.36,2025-02-28T15:43:00.3628544-08:00,2025-02-28T23:43:00.3628544Z,,v3,POM_PIT,,,"Savas, Peter",1000276389,Right,POM_COL,79901d2c-8274-434c-91b9-d6d6f1b3fe45,55.00825,-128.6522,12.6734,5.14991,0.77742,-13.57501,-1.53109,1.37468,-4.36494,,,,,,,,,,,,,,,,,,,,,,,,,,,,,,,,,,,,,,,,,,,,,,,,,,,High,High,High,,,,,
199,2025-02-28,15:43:20.39,4,6,"Dennis, Lucas",10274891,Right,POM_COL,"Umscheid, Ian",1000221147,Left,RED_UNI,Undefined,6,Top,0,3,2,Fastball,Sinker,BallCalled,Walk,Undefined,Undefined,0,1,,87.79462,-2.500457,-3.297138,2120.501045,223.007121,1:30,5.00975,1.46503,5.72305,-24.78045,11.47178,9.71788,0.61035,-0.79962,81.2272,-7.075312,-1.560808,0.43335,,,,,,,,,,,,-5.80378,6.79158,-1.19566,50,4.7851,6.93731,-127.35953,-6.40538,-9.63088,23.63182,-20.904,POM_COL,RED_UNI,PomonaPitzer,D3,Team,20250228-PomonaPitzer-1,cae45ea0-f62d-11ef-9580-87d9c9be22a3,86.97921,,,6.56742,,,,,,,27c5113f-7cd2-4e59-98da-f9ff0abff72f,2025-02-28,23:43:20.39,2025-02-28T15:43:20.3948032-08:00,2025-02-28T23:43:20.3948032Z,,v3,POM_PIT,,,"Savas, Peter",1000276389,Right,POM_COL,7ac75d72-0f27-45d9-a1b1-be1aab1659da,54.77812,-128.24306,11.81591,5.00997,-5.62384,-10.452,-1.46176,7.29739,-4.81544,,,,,,,,,,,,,,,,,,,,,,,,,,,,,,,,,,,,,,,,,,,,,,,,,,,High,High,High,,,,,
200,2025-02-28,15:43:53.01,5,1,"Dennis, Lucas",10274891,Right,POM_COL,"Miller, Nathan",1000305168,Right,RED_UNI,Undefined,6,Top,0,0,0,Fastball,Sinker,BallCalled,Undefined,Undefined,Undefined,0,0,,87.35971,1.406617,-1.985687,2059.168758,243.437473,2:00,5.07166,1.5433,5.80627,-29.30789,7.4289,12.56166,3.93852,0.7427,79.72349,-4.041425,0.263578,0.436237,,,,,,,,,,,,-6.92268,3.75945,-1.38769,50,5.16979,3.86227,-126.81151,2.11722,-11.27493,25.88489,-26.05105,POM_COL,RED_UNI,PomonaPitzer,D3,Team,20250228-PomonaPitzer-1,de52e330-f62d-11ef-9580-87d9c9be22a3,86.40366,,,7.63621,,,,,,,27c5113f-7cd2-4e59-98da-f9ff0abff72f,2025-02-28,23:43:53.01,2025-02-28T15:43:53.0135552-08:00,2025-02-28T23:43:53.0135552Z,,v3,POM_PIT,,,"Savas, Peter",1000276389,Right,POM_COL,d089f2e9-03d4-4540-9d10-d2d42a6712b1,54.69237,-127.76574,12.94244,5.07404,3.07757,-13.02553,-1.53773,4.27791,-5.63746,,,,,,,,,,,,,,,,,,,,,,,,,,,,,,,,,,,,,,,,,,,,,,,,,,,High,High,High,,,,,
201,2025-02-28,15:44:09.19,5,2,"Dennis, Lucas",10274891,Right,POM_COL,"Miller, Nathan",1000305168,Right,RED_UNI,Undefined,6,Top,0,1,0,Slider,Curveball,BallCalled,Undefined,Undefined,Undefined,0,0,,75.32898,2.402672,-2.70095,2439.785889,73.580292,8:30,4.69207,1.71712,5.32721,-53.54353,-2.80835,-15.04607,2.48849,-2.07302,68.86621,-7.342553,-5.364902,0.512656,,,,,,,,,,,,6.70957,-1.60339,-1.46163,50,4.87124,5.72914,-109.1256,2.80778,8.03539,20.43026,-34.09426,POM_COL,RED_UNI,PomonaPitzer,D3,Team,20250228-PomonaPitzer-1,e8064160-f62d-11ef-9580-87d9c9be22a3,73.52387,,,6.46277,,,,,,,27c5113f-7cd2-4e59-98da-f9ff0abff72f,2025-02-28,23:44:09.19,2025-02-28T15:44:09.1978240-08:00,2025-02-28T23:44:09.1978240Z,,v3,POM_PIT,,,"Savas, Peter",1000276389,Right,POM_COL,fdb4a6fb-0364-487c-91e7-705c340becf4,55.17305,-110.08983,10.21513,4.70075,4.41689,-17.04713,-1.72307,5.34991,4.01769,,,,,,,,,,,,,,,,,,,,,,,,,,,,,,,,,,,,,,,,,,,,,,,,,,,High,High,High,,,,,
202,2025-02-28,15:44:26.39,5,3,"Dennis, Lucas",10274891,Right,POM_COL,"Miller, Nathan",1000305168,Right,RED_UNI,Undefined,6,Top,0,2,0,Fastball,Changeup,BallCalled,Undefined,Undefined,Undefined,0,0,,86.48121,2.046973,-1.899065,2159.045424,236.160628,1:45,5.05739,1.6028,5.58949,-29.05202,8.69335,11.24508,4.54966,0.76595,78.98739,-3.337124,0.105641,0.442184,,,,,,,,,,,,-6.18359,4.19898,-1.44716,50,5.21443,3.67759,-125.48184,3.48275,-9.88394,24.79414,-25.4623,POM_COL,RED_UNI,PomonaPitzer,D3,Team,20250228-PomonaPitzer-1,f234ea10-f62d-11ef-9580-87d9c9be22a3,85.24145,,,7.49382,,,,,,,27c5113f-7cd2-4e59-98da-f9ff0abff72f,2025-02-28,23:44:26.39,2025-02-28T15:44:26.3994368-08:00,2025-02-28T23:44:26.3994368Z,,v3,POM_PIT,,,"Savas, Peter",1000276389,Right,POM_COL,539a55e7-ad7b-49e9-8568-0f288fc241bb,54.90932,-126.44816,12.39707,5.05935,4.47511,-12.73115,-1.598,4.0628,-4.94197,,,,,,,,,,,,,,,,,,,,,,,,,,,,,,,,,,,,,,,,,,,,,,,,,,,High,High,High,,,,,
203,2025-02-28,15:44:46.06,5,4,"Dennis, Lucas",10274891,Right,POM_COL,"Miller, Nathan",1000305168,Right,RED_UNI,Undefined,6,Top,0,3,0,Fastball,Sinker,BallCalled,Walk,Undefined,Undefined,0,1,,86.47213,0.85482,-0.895379,2082.819018,241.479258,2:00,5.14779,1.39374,5.56598,-30.20128,7.90237,12.17548,3.42973,1.57185,78.40656,-4.74976,1.27678,0.444278,,,,,,,,,,,,-6.35693,4.14307,-1.3244,50,5.20203,1.42243,-125.43012,0.8154,-10.04779,27.22797,-25.62549,POM_COL,RED_UNI,PomonaPitzer,D3,Team,20250228-PomonaPitzer-1,fdfd93b0-f62d-11ef-9580-87d9c9be22a3,84.83978,,,8.06557,,,,,,,27c5113f-7cd2-4e59-98da-f9ff0abff72f,2025-02-28,23:44:46.06,2025-02-28T15:44:46.0629504-08:00,2025-02-28T23:44:46.0629504Z,,v3,POM_PIT,,,"Savas, Peter",1000276389,Right,POM_COL,12058853-4fc8-4a15-bfde-e7e523f79eee,54.93039,-126.49587,13.61399,5.15048,1.81842,-12.81275,-1.38777,1.81572,-5.0239,,,,,,,,,,,,,,,,,,,,,,,,,,,,,,,,,,,,,,,,,,,,,,,,,,,High,High,High,,,,,
204,2025-02-28,15:45:59.14,6,1,"Dennis, Lucas",10274891,Right,POM_COL,"Ceja, Gabriel",1000121393,Right,RED_UNI,Undefined,6,Top,0,0,0,Fastball,Four-Seam,BallCalled,Undefined,Undefined,Undefined,0,0,,88.6565,-2.289135,-4.70991,1989.585557,218.274184,1:15,5.01543,1.59168,5.78272,-22.57198,13.54721,9.71961,0.99628,-1.99034,80.68662,-6.509894,-2.97726,0.432554,,,,,,,,,,,,-6.32142,7.94059,-1.20829,50,4.81247,10.14434,-128.19106,-5.87141,-10.46575,27.74953,-19.02758,POM_COL,RED_UNI,PomonaPitzer,D3,Team,20250228-PomonaPitzer-1,2985d560-f62e-11ef-9580-87d9c9be22a3,87.13929,,,7.96988,,,,,,,27c5113f-7cd2-4e59-98da-f9ff0abff72f,2025-02-28,23:45:59.14,2025-02-28T15:45:59.1498752-08:00,2025-02-28T23:45:59.1498752Z,,v3,POM_PIT,,,"Savas, Peter",1000276389,Right,POM_COL,5195ad02-6eca-4e31-8e5d-fb624333b43d,54.71511,-129.20771,13.87476,5.01481,-5.1743,-9.51379,-1.58697,10.52777,-5.23287,,,,,,,,,,,,,,,,,,,,,,,,,,,,,,,,,,,,,,,,,,,,,,,,,,,High,High,High,,,,,
205,2025-02-28,15:46:13.85,6,2,"Dennis, Lucas",10274891,Right,POM_COL,"Ceja, Gabriel",1000121393,Right,RED_UNI,Undefined,6,Top,0,1,0,Slider,Slider,BallCalled,Undefined,Undefined,Undefined,0,0,,76.8433,1.970363,-2.657448,2365.097554,82.571238,8:45,4.72583,1.95466,4.97913,-50.05105,-0.46126,-16.26572,2.4185,-1.91237,69.94011,-7.104272,-5.519116,0.506836,,,,,,,,,,,,7.17241,-0.29303,-1.68434,50,4.87574,5.83404,-111.21706,2.06533,8.8875,21.93737,-32.53718,POM_COL,RED_UNI,PomonaPitzer,D3,Team,20250228-PomonaPitzer-1,3259f720-f62e-11ef-9580-87d9c9be22a3,74.36811,,,6.90319,,,,,,,27c5113f-7cd2-4e59-98da-f9ff0abff72f,2025-02-28,23:46:13.85,2025-02-28T15:46:13.8564608-08:00,2025-02-28T23:46:13.8564608Z,,v3,POM_PIT,,,"Savas, Peter",1000276389,Right,POM_COL,5d170bd2-85d4-4051-97e2-09fa81336e51,55.51939,-112.30047,10.96868,4.73406,3.67223,-16.26859,-1.96162,5.39512,4.44375,,,,,,,,,,,,,,,,,,,,,,,,,,,,,,,,,,,,,,,,,,,,,,,,,,,High,High,High,,,,,
206,2025-02-28,15:46:30.20,6,3,"Dennis, Lucas",10274891,Right,POM_COL,"Ceja, Gabriel",1000121393,Right,RED_UNI,Undefined,6,Top,0,2,0,Fastball,Sinker,BallCalled,Undefined,Undefined,Undefined,0,0,,88.1913,-1.672579,-3.921837,2171.580747,238.986411,2:00,5.00638,1.58487,5.6421,-28.12198,8.23209,11.78201,1.0985,-1.09751,80.86291,-6.859011,-1.821865,0.433958,,,,,,,,,,,,-7.05748,4.98111,-1.25905,50,4.84607,8.25606,-127.78279,-4.72579,-11.68733,25.94305,-23.92521,POM_COL,RED_UNI,PomonaPitzer,D3,Team,20250228-PomonaPitzer-1,3c065070-f62e-11ef-9580-87d9c9be22a3,86.85728,,,7.32839,,,,,,,27c5113f-7cd2-4e59-98da-f9ff0abff72f,2025-02-28,23:46:30.20,2025-02-28T15:46:30.2009856-08:00,2025-02-28T23:46:30.2009856Z,,v3,POM_PIT,,,"Savas, Peter",1000276389,Right,POM_COL,70213932-401b-4437-8f69-efa4287bb830,54.85764,-128.76523,12.97153,5.00788,-3.81976,-11.9626,-1.58008,8.69865,-5.84367,,,,,,,,,,,,,,,,,,,,,,,,,,,,,,,,,,,,,,,,,,,,,,,,,,,High,High,High,,,,,
207,2025-02-28,15:46:46.14,6,4,"Dennis, Lucas",10274891,Right,POM_COL,"Ceja, Gabriel",1000121393,Right,RED_UNI,Undefined,6,Top,0,3,0,Fastball,Sinker,BallCalled,Walk,Undefined,Undefined,0,1,,87.08817,-1.379728,-4.937667,2082.710194,240.97878,2:00,4.93139,1.71117,5.9534,-29.05356,7.89445,12.10792,1.22566,-1.87049,79.77102,-6.765655,-2.772203,0.437489,,,,,,,,,,,,-7.55819,4.7961,-1.32444,50,4.80505,10.39501,-126.07542,-4.00739,-12.17721,25.39356,-24.44691,POM_COL,RED_UNI,PomonaPitzer,D3,Team,20250228-PomonaPitzer-1,458dbca0-f62e-11ef-9580-87d9c9be22a3,86.15639,,,7.31715,,,,,,,27c5113f-7cd2-4e59-98da-f9ff0abff72f,2025-02-28,23:46:46.14,2025-02-28T15:46:46.1417472-08:00,2025-02-28T23:46:46.1417472Z,,v3,POM_PIT,,,"Savas, Peter",1000276389,Right,POM_COL,fce2a18d-9f8a-42ba-a4c8-204910e95dfa,54.5459,-126.98774,12.69678,4.93325,-3.12909,-12.22345,-1.70576,10.8325,-6.0886,,,,,,,,,,,,,,,,,,,,,,,,,,,,,,,,,,,,,,,,,,,,,,,,,,,High,High,High,,,,,
208,2025-02-28,15:47:19.33,7,1,"Dennis, Lucas",10274891,Right,POM_COL,"Chetcuti, Mason",10132215,Right,RED_UNI,Undefined,6,Top,0,0,0,Slider,Curveball,StrikeCalled,Undefined,Undefined,Undefined,0,0,,78.55878,2.503855,-3.544241,2336.199658,38.177119,7:15,4.70744,2.06362,4.99694,-49.0403,-2.32614,-2.88823,2.99071,-1.5275,72.40314,-6.347723,-4.051976,0.491921,,,,,,,,,,,,0.51591,-1.36284,-1.71988,50,4.90884,7.16735,-113.78898,3.21028,0.68143,19.42565,-33.97417,POM_COL,RED_UNI,PomonaPitzer,D3,Team,20250228-PomonaPitzer-1,59581cd0-f62e-11ef-9580-87d9c9be22a3,76.62289,,,6.15563,,,,,,,27c5113f-7cd2-4e59-98da-f9ff0abff72f,2025-02-28,23:47:19.33,2025-02-28T15:47:19.3378304-08:00,2025-02-28T23:47:19.3378304Z,,v3,POM_PIT,,,"Savas, Peter",1000276389,Right,POM_COL,6dd4b928-b7c7-4a32-b70f-4a54fbb4435c,55.50385,-114.72472,9.71283,4.71478,4.84684,-16.98709,-2.06435,7.13452,0.34072,,,,,,,,,,,,,,,,,,,,,,,,,,,,,,,,,,,,,,,,,,,,,,,,,,,High,High,High,,,,,
209,2025-02-28,15:47:37.18,7,2,"Dennis, Lucas",10274891,Right,POM_COL,"Chetcuti, Mason",10132215,Right,RED_UNI,Undefined,6,Top,0,0,1,Slider,Curveball,StrikeCalled,Undefined,Undefined,Undefined,0,0,,77.53694,3.120956,-0.696568,2558.934756,78.893008,8:45,4.59279,1.85551,4.74189,-49.52759,-0.49673,-10.92953,3.42907,0.28394,70.30459,-5.849058,-2.614819,0.503972,,,,,,,,,,,,5.1054,-0.64579,-1.77526,50,4.86363,1.83364,-112.19871,4.29852,6.45626,21.80627,-32.99071,POM_COL,RED_UNI,PomonaPitzer,D3,Team,20250228-PomonaPitzer-1,640459f0-f62e-11ef-9580-87d9c9be22a3,74.79078,,,7.23234,,,,,,,27c5113f-7cd2-4e59-98da-f9ff0abff72f,2025-02-28,23:47:37.18,2025-02-28T15:47:37.1871232-08:00,2025-02-28T23:47:37.1871232Z,,v3,POM_PIT,,,"Savas, Peter",1000276389,Right,POM_COL,ea77e1c9-d44e-4746-84a0-7d6a7ab81d04,55.75602,-113.3119,10.90314,4.60121,5.98266,-16.49535,-1.86045,1.50406,3.22813,,,,,,,,,,,,,,,,,,,,,,,,,,,,,,,,,,,,,,,,,,,,,,,,,,,High,High,High,,,,,
210,2025-02-28,15:47:57.91,7,3,"Dennis, Lucas",10274891,Right,POM_COL,"Chetcuti, Mason",10132215,Right,RED_UNI,Undefined,6,Top,0,0,2,Slider,Curveball,StrikeSwinging,Strikeout,Undefined,Undefined,0,0,,77.96077,0.59564,-0.994336,2571.602459,51.603697,7:45,4.77446,1.82659,5.27138,-58.8059,-11.17221,-16.14914,0.43357,-0.45326,71.19174,-10.04094,-3.866822,0.496739,,,,,,,,,,,,7.78721,-5.3476,-1.7233,50,4.78537,2.60351,-113.10211,-0.88985,9.93106,23.60395,-38.99389,POM_COL,RED_UNI,PomonaPitzer,D3,Team,20250228-PomonaPitzer-1,7058a1c0-f62e-11ef-9580-87d9c9be22a3,75.87971,,,6.76903,,,,,,,27c5113f-7cd2-4e59-98da-f9ff0abff72f,2025-02-28,23:47:57.91,2025-02-28T15:47:57.9157504-08:00,2025-02-28T23:47:57.9157504Z,,v3,POM_PIT,,,"Savas, Peter",1000276389,Right,POM_COL,2598f7ab-6e10-4e7e-bc48-a9439d4a1005,55.23098,-114.18858,11.80198,4.78502,0.905,-19.49695,-1.83261,2.14639,4.96553,,,,,,,,,,,,,,,,,,,,,,,,,,,,,,,,,,,,,,,,,,,,,,,,,,,High,High,High,,,,,
211,2025-02-28,15:48:25.18,8,1,"Dennis, Lucas",10274891,Right,POM_COL,"Burgess, Jake",1000121389,Right,RED_UNI,Undefined,6,Top,1,0,0,Slider,Curveball,BallCalled,Undefined,Undefined,Undefined,0,0,,74.96547,4.207075,0.621302,2466.777682,78.086213,8:30,4.72273,2.09047,5.16157,-52.8157,-1.21114,-13.78272,4.28865,1.52673,68.0081,-5.424167,-1.815299,0.51703,,,,,,,,,,,,6.96048,-1.24748,-2.13766,50,5.07592,-0.62257,-108.4641,6.19049,8.24656,19.93845,-33.65205,POM_COL,RED_UNI,PomonaPitzer,D3,Team,20250228-PomonaPitzer-1,80976a30-f62e-11ef-9580-87d9c9be22a3,72.9019,,,6.95738,,,,,,,27c5113f-7cd2-4e59-98da-f9ff0abff72f,2025-02-28,23:48:25.18,2025-02-28T15:48:25.1816960-08:00,2025-02-28T23:48:25.1816960Z,,v3,POM_PIT,,,"Savas, Peter",1000276389,Right,POM_COL,ffd13474-e948-46d1-9862-24d03441626c,55.33702,-109.44079,9.96923,4.73231,7.83893,-16.82602,-2.09727,-1.02653,4.12328,,,,,,,,,,,,,,,,,,,,,,,,,,,,,,,,,,,,,,,,,,,,,,,,,,,High,High,High,,,,,
212,2025-02-28,15:48:42.07,8,2,"Dennis, Lucas",10274891,Right,POM_COL,"Burgess, Jake",1000121389,Right,RED_UNI,Undefined,6,Top,1,1,0,Slider,Curveball,FoulBallNotFieldable,Undefined,Undefined,Undefined,0,0,,74.90101,2.298814,-1.314225,2384.742019,71.972454,8:30,4.70263,2.01961,5.10523,-55.41901,-3.18327,-15.54217,2.25211,-0.51408,67.71293,-7.787757,-4.061648,0.520182,,,,,,,,,,,,7.31028,-1.845,-1.8828,50,4.87623,3.09548,-108.43932,2.48435,8.54229,22.25966,-34.33001,POM_COL,RED_UNI,PomonaPitzer,D3,Team,20250228-PomonaPitzer-1,8ab2b1f0-f62e-11ef-9580-87d9c9be22a3,72.46012,,,7.18808,,,,,,,27c5113f-7cd2-4e59-98da-f9ff0abff72f,2025-02-28,23:48:42.07,2025-02-28T15:48:42.0763136-08:00,2025-02-28T23:48:42.0763136Z,,v3,POM_PIT,,,"Savas, Peter",1000276389,Right,POM_COL,ddee419d-bfb6-4290-951f-dfd384778480,55.39444,-109.54106,11.12983,4.71121,4.1835,-17.16501,-2.02554,2.67268,4.27115,,,,,,,,,,,,,,,,,,,,,,,,,,,,,,,,,,,,,,,,,,,,,,,,,,,High,High,High,,,,,
213,2025-02-28,15:49:19.79,8,3,"Dennis, Lucas",10274891,Right,POM_COL,"Burgess, Jake",1000121389,Right,RED_UNI,Undefined,6,Top,1,1,1,Slider,Curveball,StrikeCalled,Undefined,Undefined,Undefined,0,0,,76.83158,1.612447,-2.43092,2270.563507,80.608562,8:45,4.59438,1.77559,5.16897,-49.32609,-0.17795,-11.00253,2.00313,-1.43042,69.99486,-7.363062,-4.375701,0.504574,,,,,,,,,,,,4.72276,-0.07224,-1.54025,50,4.70732,5.16598,-111.28721,1.44416,5.86685,21.7323,-32.26377,POM_COL,RED_UNI,PomonaPitzer,D3,Team,20250228-PomonaPitzer-1,a128aa20-f62e-11ef-9580-87d9c9be22a3,74.70151,,,6.83672,,,,,,,27c5113f-7cd2-4e59-98da-f9ff0abff72f,2025-02-28,23:49:19.79,2025-02-28T15:49:19.7976064-08:00,2025-02-28T23:49:19.7976064Z,,v3,POM_PIT,,,"Savas, Peter",1000276389,Right,POM_COL,c60fb38c-00ed-4d46-b3f1-a493be6e89c9,55.32972,-112.32319,10.86615,4.60182,2.98216,-16.13189,-1.77985,4.88631,2.93343,,,,,,,,,,,,,,,,,,,,,,,,,,,,,,,,,,,,,,,,,,,,,,,,,,,High,High,High,,,,,
214,2025-02-28,15:49:40.29,8,4,"Dennis, Lucas",10274891,Right,POM_COL,"Burgess, Jake",1000121389,Right,RED_UNI,Undefined,6,Top,1,1,2,Slider,Curveball,BallCalled,Undefined,Undefined,Undefined,0,0,,77.22191,0.833614,-3.171191,2361.082835,66.202854,8:15,4.74809,1.78724,5.16638,-51.15928,-2.78122,-9.73701,1.27063,-2.0118,70.99116,-8.417987,-4.891729,0.500606,,,,,,,,,,,,3.94788,-1.17457,-1.48358,50,4.78671,6.58687,-111.91541,-0.14267,4.99115,20.79609,-33.65904,POM_COL,RED_UNI,PomonaPitzer,D3,Team,20250228-PomonaPitzer-1,ad61a1c0-f62e-11ef-9580-87d9c9be22a3,75.29368,,,6.23075,,,,,,,27c5113f-7cd2-4e59-98da-f9ff0abff72f,2025-02-28,23:49:40.29,2025-02-28T15:49:40.2988032-08:00,2025-02-28T23:49:40.2988032Z,,v3,POM_PIT,,,"Savas, Peter",1000276389,Right,POM_COL,75b44521-4b26-43b4-b428-04388e38c0bd,55.33424,-112.90226,10.39804,4.75558,1.45458,-16.82952,-1.79053,6.35003,2.49557,,,,,,,,,,,,,,,,,,,,,,,,,,,,,,,,,,,,,,,,,,,,,,,,,,,High,High,High,,,,,
215,2025-02-28,15:50:00.49,8,5,"Dennis, Lucas",10274891,Right,POM_COL,"Burgess, Jake",1000121389,Right,RED_UNI,Undefined,6,Top,1,2,2,Slider,Curveball,BallCalled,Undefined,Undefined,Undefined,0,0,,76.01072,0.541433,-3.223161,2364.468293,70.520156,8:15,4.77566,2.02641,5.28675,-51.66932,-2.17547,-10.32697,0.97914,-1.86408,70.26663,-8.803648,-5.052087,0.506346,,,,,,,,,,,,4.30484,-0.81291,-1.72454,50,4.78703,6.60159,-110.23847,-0.68458,5.30296,19.40478,-33.17542,POM_COL,RED_UNI,PomonaPitzer,D3,Team,20250228-PomonaPitzer-1,b96c0f50-f62e-11ef-9580-87d9c9be22a3,74.44013,,,5.7441,,,,,,,27c5113f-7cd2-4e59-98da-f9ff0abff72f,2025-02-28,23:50:00.49,2025-02-28T15:50:00.4995072-08:00,2025-02-28T23:50:00.4995072Z,,v3,POM_PIT,,,"Savas, Peter",1000276389,Right,POM_COL,5479d1b0-0b21-47bf-a8ea-c3e1a44b14c6,55.21474,-111.15261,9.70239,4.78247,0.87828,-16.58771,-2.02965,6.35178,2.65148,,,,,,,,,,,,,,,,,,,,,,,,,,,,,,,,,,,,,,,,,,,,,,,,,,,High,High,High,,,,,
216,2025-02-28,15:50:21.83,8,6,"Dennis, Lucas",10274891,Right,POM_COL,"Burgess, Jake",1000121389,Right,RED_UNI,Undefined,6,Top,1,3,2,Fastball,Sinker,BallCalled,Walk,Undefined,Undefined,0,1,,87.66228,-2.123558,-4.033533,2146.544893,227.394146,1:30,4.96696,1.5747,5.72284,-26.94608,9.91867,9.46308,0.73766,-1.39993,80.09897,-7.11336,-2.345069,0.436996,,,,,,,,,,,,-5.98075,6.01776,-1.24331,50,4.77255,8.55113,-126.91886,-5.62969,-9.72735,26.67545,-22.38652,POM_COL,RED_UNI,PomonaPitzer,D3,Team,20250228-PomonaPitzer-1,c61c80e0-f62e-11ef-9580-87d9c9be22a3,86.25358,,,7.56332,,,,,,,27c5113f-7cd2-4e59-98da-f9ff0abff72f,2025-02-28,23:50:21.83,2025-02-28T15:50:21.8398720-08:00,2025-02-28T23:50:21.8398720Z,,v3,POM_PIT,,,"Savas, Peter",1000276389,Right,POM_COL,71142aa0-7f3f-439c-aa98-3a26f060d95b,54.77623,-127.91878,13.33772,4.96785,-4.79054,-11.19326,-1.57068,8.91575,-4.86367,,,,,,,,,,,,,,,,,,,,,,,,,,,,,,,,,,,,,,,,,,,,,,,,,,,High,High,High,,,,,
217,2025-02-28,15:53:33.34,9,1,"Cohen, Ben",1000115643,Right,POM_COL,"De Vries, Luke",1000121378,Left,RED_UNI,Undefined,6,Top,1,0,0,Curveball,Curveball,StrikeCalled,Undefined,Undefined,Undefined,0,0,,73.10548,1.924301,-0.291366,1665.525238,23.082226,6:45,5.94642,2.46032,3.51178,-68.1026,-10.5356,-5.3124,2.13857,1.73498,66.89821,-10.028644,-1.206334,0.546082,,,,,,,,,,,,2.39398,-4.89918,-2.41749,50,6.09458,0.77575,-105.75355,0.80708,2.69161,19.2475,-37.68231,POM_COL,RED_UNI,PomonaPitzer,D3,Team,20250228-PomonaPitzer-1,385735b0-f62f-11ef-9580-87d9c9be22a3,69.02335,,,6.20727,,,,,,,27c5113f-7cd2-4e59-98da-f9ff0abff72f,2025-02-28,23:53:33.34,2025-02-28T15:53:33.3466112-08:00,2025-02-28T23:53:33.3466112Z,,v3,POM_PIT,,,"Savas, Peter",1000276389,Right,POM_COL,c97b3b7b-4135-4b86-9f15-9d468babf419,56.98934,-107.01807,9.62375,5.96024,3.28274,-18.84116,-2.46265,0.59891,1.3458,,,,,,,,,,,,,,,,,,,,,,,,,,,,,,,,,,,,,,,,,,,,,,,,,,,High,High,High,,,,,
218,2025-02-28,15:53:46.00,9,2,"Cohen, Ben",1000115643,Right,POM_COL,"De Vries, Luke",1000121378,Left,RED_UNI,Undefined,6,Top,1,0,1,Fastball,Four-Seam,FoulBallNotFieldable,Undefined,Undefined,Undefined,0,0,,85.3347,-1.960285,-4.113607,2155.871902,230.503032,1:45,5.95874,2.45658,4.0123,-24.94942,17.21233,18.88623,1.9896,0.06923,76.49488,-6.531883,-0.848397,0.467338,,,,,,,,,,,,-10.41481,9.32103,-2.01222,50,5.71009,7.90809,-122.97051,-5.19628,-15.65999,28.486,-18.15873,POM_COL,RED_UNI,PomonaPitzer,D3,Team,20250228-PomonaPitzer-1,3fccfff0-f62f-11ef-9580-87d9c9be22a3,80.65353,,,8.83982,,,,,,,27c5113f-7cd2-4e59-98da-f9ff0abff72f,2025-02-28,23:53:46.00,2025-02-28T15:53:46.0016128-08:00,2025-02-28T23:53:46.0016128Z,,v3,POM_PIT,,,"Savas, Peter",1000276389,Right,POM_COL,ef2249d1-9df9-4ead-84dd-ac3687625b4f,56.48465,-124.46361,14.243,5.95751,-4.24449,-9.07937,-2.44824,8.72891,-7.83,,,,,,,,,,,,,,,,,,,,,,,,,,,,,,,,,,,,,,,,,,,,,,,,,,,High,High,High,,,,,
219,2025-02-28,15:54:03.40,9,3,"Cohen, Ben",1000115643,Right,POM_COL,"De Vries, Luke",1000121378,Left,RED_UNI,Undefined,6,Top,1,0,2,Fastball,Sinker,FoulBallNotFieldable,Undefined,Undefined,Undefined,0,0,,86.7554,-2.832277,-3.859199,2210.861519,241.127369,2:00,5.97054,2.478,,-28.71923,11.91572,18.74568,0.85236,0.33306,77.98526,-8.037366,-0.606309,0.458798,,,,,,,,,,,,-10.23564,7.09406,-2.06978,50,5.62523,7.48654,-124.9943,-7.37592,-15.90416,29.3898,-21.15129,POM_COL,RED_UNI,PomonaPitzer,D3,Team,20250228-PomonaPitzer-1,4a302620-f62f-11ef-9580-87d9c9be22a3,82.15478,,,8.77013,,,,,,,27c5113f-7cd2-4e59-98da-f9ff0abff72f,2025-02-28,23:54:03.40,2025-02-28T15:54:03.4013184-08:00,2025-02-28T23:54:03.4013184Z,,v3,POM_PIT,,,"Savas, Peter",1000276389,Right,POM_COL,c83079b8-8c8e-4ca2-b9ea-54db7427a8a5,56.35958,-126.48078,14.6949,5.97124,-6.30612,-10.57564,-2.46878,8.29095,-7.95208,,,,,,,,,,,,,,,,,,,,,,,,,,,,,,,,,,,,,,,,,,,,,,,,,,,Medium,Medium,Medium,,,,,
220,2025-02-28,15:54:29.32,9,4,"Cohen, Ben",1000115643,Right,POM_COL,"De Vries, Luke",1000121378,Left,RED_UNI,Undefined,6,Top,1,0,2,Slider,Curveball,BallCalled,Undefined,Undefined,Undefined,0,0,,74.25794,3.061195,0.845987,1529.849963,37.385635,7:15,6.13589,2.34533,3.72903,-60.84842,-5.63563,-5.67689,4.02618,2.68974,67.79652,-7.702049,-0.133263,0.5348,,,,,,,,,,,,2.89555,-2.90437,-2.43814,50,6.4255,-1.32891,-107.37638,3.30926,3.37405,18.92627,-35.5584,POM_COL,RED_UNI,PomonaPitzer,D3,Team,20250228-PomonaPitzer-1,59a66e70-f62f-11ef-9580-87d9c9be22a3,70.47953,,,6.46142,,,,,,,27c5113f-7cd2-4e59-98da-f9ff0abff72f,2025-02-28,23:54:29.32,2025-02-28T15:54:29.3262336-08:00,2025-02-28T23:54:29.3262336Z,,v3,POM_PIT,,,"Savas, Peter",1000276389,Right,POM_COL,19eb9ab1-bed4-44b4-8523-6d35cc25d90b,56.77028,-108.56316,9.46314,6.14808,5.53895,-17.7792,-2.34818,-1.54048,1.68702,,,,,,,,,,,,,,,,,,,,,,,,,,,,,,,,,,,,,,,,,,,,,,,,,,,High,High,High,,,,,
221,2025-02-28,15:54:44.25,9,5,"Cohen, Ben",1000115643,Right,POM_COL,"De Vries, Luke",1000121378,Left,RED_UNI,Undefined,6,Top,1,1,2,Fastball,Sinker,BallCalled,Undefined,Undefined,Undefined,0,0,,86.19262,-2.855412,-4.930028,2089.63308,234.620536,1:45,5.90712,2.34489,3.89571,-26.53277,15.03139,18.89946,0.93285,-0.84116,77.49259,-7.668051,-1.673685,0.464014,,,,,,,,,,,,-10.58615,8.51485,-1.79805,50,5.54742,9.73617,-123.99083,-7.29319,-16.22444,28.37951,-19.1241,POM_COL,RED_UNI,PomonaPitzer,D3,Team,20250228-PomonaPitzer-1,62853e90-f62f-11ef-9580-87d9c9be22a3,81.23131,,,8.70002,,,,,,,27c5113f-7cd2-4e59-98da-f9ff0abff72f,2025-02-28,23:54:44.25,2025-02-28T15:54:44.2568704-08:00,2025-02-28T23:54:44.2568704Z,,v3,POM_PIT,,,"Savas, Peter",1000276389,Right,POM_COL,108155e8-b8b6-478e-9fd5-724b6941b42f,56.60105,-125.49261,14.18975,5.90658,-6.28119,-9.56205,-2.33599,10.59473,-8.11222,,,,,,,,,,,,,,,,,,,,,,,,,,,,,,,,,,,,,,,,,,,,,,,,,,,High,High,High,,,,,
222,2025-02-28,15:55:00.10,9,6,"Cohen, Ben",1000115643,Right,POM_COL,"De Vries, Luke",1000121378,Left,RED_UNI,Undefined,6,Top,1,2,2,Slider,Curveball,FoulBallNotFieldable,Undefined,Undefined,Undefined,0,0,,73.98535,1.565888,-1.621721,1892.361256,51.67426,7:45,6.0305,2.23864,3.44399,-62.45314,-6.79681,-10.66182,2.34787,-0.22531,68.53767,-9.352082,-3.452619,0.536944,44.54745,60.805756,-78.71545,,,,,113.33868,33.19908,-107.234788,3.500473,4.62473,-3.23823,-2.02382,50,6.14229,3.50386,-107.18147,0.40661,5.41012,17.54748,-35.9622,POM_COL,RED_UNI,PomonaPitzer,D3,Team,20250228-PomonaPitzer-1,6c024a80-f62f-11ef-9580-87d9c9be22a3,70.19814,48.05808,,5.44769,,,,2.25085,2.93184,0.10262,27c5113f-7cd2-4e59-98da-f9ff0abff72f,2025-02-28,23:55:00.10,2025-02-28T15:55:00.1006592-08:00,2025-02-28T23:55:00.1006592Z,Popup,v3,POM_PIT,,,"Savas, Peter",1000276389,Right,POM_COL,d1548b8d-905d-4cb1-ae09-900df23f995c,57.05945,-108.33106,8.77374,6.03848,2.76261,-17.9811,-2.24176,3.14943,2.70506,151.569857,2.25325,6.1525,-6.02619,-0.3803,1.61877,-1.2693,0.46064,-0.07879,0.00518,2.93423,56.95712,-19.93208,0.80277,0.93844,-0.71677,0.23292,-0.03632,0.00216,0.10329,-31.2582,2.66819,-1.01637,-0.50989,0.87607,-0.45768,0.10226,-0.00836,,,,,,,,,,,,,,,,,,,,,,,High,High,High,High,Low,,,
223,2025-02-28,15:55:21.36,9,7,"Cohen, Ben",1000115643,Right,POM_COL,"De Vries, Luke",1000121378,Left,RED_UNI,Undefined,6,Top,1,2,2,Fastball,Changeup,StrikeSwinging,Strikeout,Undefined,Undefined,0,1,,85.20981,0.140123,-2.555049,1992.563362,218.183872,1:15,5.90868,2.38957,4.31975,-26.51096,14.39898,10.28166,3.83351,0.8023,77.65898,-4.694212,-0.764943,0.460347,,,,,,,,,,,,-5.64607,7.30122,-2.1245,50,5.89799,5.0041,-123.35253,-0.73521,-8.70365,24.41999,-20.91891,POM_COL,RED_UNI,PomonaPitzer,D3,Team,20250228-PomonaPitzer-1,789dd480-f62f-11ef-9580-87d9c9be22a3,81.87824,,,7.55084,,,,,,,27c5113f-7cd2-4e59-98da-f9ff0abff72f,2025-02-28,23:55:21.36,2025-02-28T15:55:21.3660160-08:00,2025-02-28T23:55:21.3660160Z,,v3,POM_PIT,,,"Savas, Peter",1000276389,Right,POM_COL,e7fbbdcc-9ab6-4b34-aef6-1ec858f869af,56.17712,-124.56941,12.20999,5.90866,0.3072,-10.45945,-2.38467,5.43782,-4.35182,,,,,,,,,,,,,,,,,,,,,,,,,,,,,,,,,,,,,,,,,,,,,,,,,,,High,High,High,,,,,
224,2025-02-28,15:56:15.91,10,1,"Cohen, Ben",1000115643,Right,POM_COL,"Morris, Rylan",1000396958,Right,RED_UNI,Undefined,6,Top,2,0,0,Curveball,Curveball,BallCalled,Undefined,Undefined,Undefined,0,0,,71.19706,4.928413,-0.241378,1716.937543,9.14436,6:15,6.2024,2.14272,3.5666,-68.49704,-7.57756,-1.55177,5.28218,1.77949,64.51797,-7.163641,-0.507804,0.561758,,,,,,,,,,,,0.64854,-4.29465,-2.11138,50,6.71502,0.50106,-102.65609,6.1828,0.688,17.93101,-36.72983,POM_COL,RED_UNI,PomonaPitzer,D3,Team,20250228-PomonaPitzer-1,99311040-f62f-11ef-9580-87d9c9be22a3,67.09726,,,6.67908,,,,,,,27c5113f-7cd2-4e59-98da-f9ff0abff72f,2025-02-28,23:56:15.91,2025-02-28T15:56:15.9139840-08:00,2025-02-28T23:56:15.9139840Z,,v3,POM_PIT,,,"Savas, Peter",1000276389,Right,POM_COL,99c88364-5664-4c6b-824f-c23dfb5f311b,56.93267,-103.85996,8.96551,6.21713,8.64882,-18.36492,-2.14347,0.45487,0.344,,,,,,,,,,,,,,,,,,,,,,,,,,,,,,,,,,,,,,,,,,,,,,,,,,,High,High,High,,,,,
225,2025-02-28,15:56:31.77,10,2,"Cohen, Ben",1000115643,Right,POM_COL,"Morris, Rylan",1000396958,Right,RED_UNI,Undefined,6,Top,2,1,0,Slider,Curveball,BallCalled,Undefined,Undefined,Undefined,0,0,,73.41655,3.306545,2.085032,1725.080001,29.569326,7:00,6.02623,2.31301,3.4546,-62.23988,-5.1202,-3.95768,4.05603,4.00872,67.01168,-7.646588,1.406555,0.543957,,,,,,,,,,,,2.41854,-2.68201,-2.56429,50,6.35377,-3.67944,-106.03418,3.60726,2.75059,18.3081,-35.2243,POM_COL,RED_UNI,PomonaPitzer,D3,Team,20250228-PomonaPitzer-1,a2a71750-f62f-11ef-9580-87d9c9be22a3,69.2931,,,6.40488,,,,,,,27c5113f-7cd2-4e59-98da-f9ff0abff72f,2025-02-28,23:56:31.77,2025-02-28T15:56:31.7714944-08:00,2025-02-28T23:56:31.7714944Z,,v3,POM_PIT,,,"Savas, Peter",1000276389,Right,POM_COL,5f5f6818-a029-4889-828a-b2a502142af2,57.04445,-107.24359,9.15405,6.03862,5.93415,-17.61215,-2.31523,-3.86115,1.3753,,,,,,,,,,,,,,,,,,,,,,,,,,,,,,,,,,,,,,,,,,,,,,,,,,,Medium,Medium,Medium,,,,,
226,2025-02-28,15:56:51.47,10,3,"Cohen, Ben",1000115643,Right,POM_COL,"Morris, Rylan",1000396958,Right,RED_UNI,Undefined,6,Top,2,2,0,Fastball,Changeup,FoulBallNotFieldable,Undefined,Undefined,Undefined,0,0,,85.85131,-0.166235,-2.893903,2141.907633,234.066247,1:45,5.90718,2.37498,3.98582,-27.8008,13.3232,16.3978,3.43036,0.95586,77.67855,-5.211237,-0.056018,0.46155,,,,,,,,,,,,-8.72556,6.80985,-2.06513,50,5.85851,5.45732,-124.10419,-1.50428,-13.50408,26.61378,-21.63483,POM_COL,RED_UNI,PomonaPitzer,D3,Team,20250228-PomonaPitzer-1,ae531130-f62f-11ef-9580-87d9c9be22a3,81.66486,,,8.17276,,,,,,,27c5113f-7cd2-4e59-98da-f9ff0abff72f,2025-02-28,23:56:51.47,2025-02-28T15:56:51.4763264-08:00,2025-02-28T23:56:51.4763264Z,,v3,POM_PIT,,,"Savas, Peter",1000276389,Right,POM_COL,f3da0f3f-950d-4acf-a4ac-477b98ac3c9f,56.51241,-125.49299,13.30689,5.90755,-0.3753,-10.81742,-2.3683,6.162,-6.75204,,,,,,,,,,,,,,,,,,,,,,,,,,,,,,,,,,,,,,,,,,,,,,,,,,,High,High,High,,,,,
227,2025-02-28,15:57:11.98,10,4,"Cohen, Ben",1000115643,Right,POM_COL,"Morris, Rylan",1000396958,Right,RED_UNI,Undefined,6,Top,2,2,1,Fastball,Changeup,BallCalled,Undefined,Undefined,Undefined,0,0,,85.56828,-3.86682,-4.215058,2001.523905,231.920525,1:45,5.90652,2.28128,3.95144,-26.28127,16.02769,18.27454,-0.02062,-0.25957,76.7083,-8.640772,-1.057182,0.468153,,,,,,,,,,,,-10.18871,9.42489,-1.82054,50,5.43442,8.15783,-123.02347,-9.38825,-15.28446,29.21948,-18.03543,POM_COL,RED_UNI,PomonaPitzer,D3,Team,20250228-PomonaPitzer-1,ba8fb250-f62f-11ef-9580-87d9c9be22a3,80.51312,,,8.85997,,,,,,,27c5113f-7cd2-4e59-98da-f9ff0abff72f,2025-02-28,23:57:11.98,2025-02-28T15:57:11.9883264-08:00,2025-02-28T23:57:11.9883264Z,,v3,POM_PIT,,,"Savas, Peter",1000276389,Right,POM_COL,59131c25-33bb-465a-b03f-65a1cf71198e,56.54528,-124.56834,14.60974,5.90558,-8.43469,-9.01771,-2.27322,8.96594,-7.64223,,,,,,,,,,,,,,,,,,,,,,,,,,,,,,,,,,,,,,,,,,,,,,,,,,,Medium,Medium,Medium,,,,,
228,2025-02-28,15:57:30.76,10,5,"Cohen, Ben",1000115643,Right,POM_COL,"Morris, Rylan",1000396958,Right,RED_UNI,Undefined,6,Top,2,3,1,Fastball,Changeup,FoulBallNotFieldable,Undefined,Undefined,Undefined,0,0,,86.55808,-2.354116,-4.078123,2030.258286,235.386584,1:45,5.92154,2.34068,3.97134,-26.85828,13.87076,17.94611,1.41164,-0.09365,78.29909,-7.215908,-0.976349,0.459329,66.35544,27.552521,-150.192202,,,,,,15.23939,,,-9.84638,7.75323,-1.89648,50,5.62343,7.99991,-124.83359,-6.25412,-15.38486,27.43364,-20.05971,POM_COL,RED_UNI,PomonaPitzer,D3,Team,20250228-PomonaPitzer-1,c5c6f160-f62f-11ef-9580-87d9c9be22a3,82.05987,9.42536,,8.25899,,,,2.32122,1.47491,-0.11397,27c5113f-7cd2-4e59-98da-f9ff0abff72f,2025-02-28,23:57:30.76,2025-02-28T15:57:30.7661824-08:00,2025-02-28T23:57:30.7661824Z,,v3,POM_PIT,,,"Savas, Peter",1000276389,Right,POM_COL,5d49da34-d9de-48ba-b0d3-8b1cd12eeef1,56.52686,-126.25979,13.71682,5.92145,-5.21126,-10.02986,-2.33317,8.79973,-7.69243,,2.32195,-74.9165,4.74616,,,,,,,1.47727,44.86358,-29.78886,,,,,,,-0.116,-42.7592,15.98667,,,,,,,,,,,,,,,,,,,,,,,,,,,,,High,High,High,Medium,Undefined,,,
229,2025-02-28,15:57:51.67,10,6,"Cohen, Ben",1000115643,Right,POM_COL,"Morris, Rylan",1000396958,Right,RED_UNI,Undefined,6,Top,2,3,2,Curveball,Curveball,BallCalled,Walk,Undefined,Undefined,0,0,,73.2431,2.817558,-0.338136,1731.242872,9.087768,6:15,6.11781,2.17958,3.60297,-67.10118,-10.26418,-1.92835,3.25694,1.69141,67.23952,-8.979892,-0.670363,0.542609,,,,,,,,,,,,0.81008,-5.04685,-2.13626,50,6.37378,0.71122,-105.99623,2.5287,0.92146,18.14345,-37.91488,POM_COL,RED_UNI,PomonaPitzer,D3,Team,20250228-PomonaPitzer-1,d23ec6c0-f62f-11ef-9580-87d9c9be22a3,69.46521,,,6.00358,,,,,,,27c5113f-7cd2-4e59-98da-f9ff0abff72f,2025-02-28,23:57:51.67,2025-02-28T15:57:51.6783104-08:00,2025-02-28T23:57:51.6783104Z,,v3,POM_PIT,,,"Savas, Peter",1000276389,Right,POM_COL,cdd7245f-9a71-48ca-8919-3a4815493cb9,56.89907,-107.17064,9.07173,6.13067,4.9829,-18.95744,-2.18036,0.65157,0.46073,,,,,,,,,,,,,,,,,,,,,,,,,,,,,,,,,,,,,,,,,,,,,,,,,,,High,High,High,,,,,
230,2025-02-28,15:58:17.40,11,1,"Cohen, Ben",1000115643,Right,POM_COL,"Preece, Tyler",1000074626,Right,RED_UNI,Undefined,6,Top,2,0,0,Fastball,Changeup,InPlay,Undefined,GroundBall,Single,0,1,,86.17315,-1.915065,-3.862577,2151.19898,243.500666,2:00,6.04234,2.01773,4.01648,-29.82954,11.32453,19.61706,1.71086,-0.06595,77.66588,-7.307049,-0.466885,0.461719,94.09764,-3.88495,-25.817138,,,,,30.60867,30.60867,-23.354698,0.20305,-10.66882,6.44225,-1.60308,50,5.79301,7.41801,-124.30061,-5.40465,-16.44952,28.28955,-22.24117,POM_COL,RED_UNI,PomonaPitzer,D3,Team,20250228-PomonaPitzer-1,e18f3790-f62f-11ef-9580-87d9c9be22a3,81.63499,1.90029,,8.50728,,,,2.91105,1.90029,0.05257,27c5113f-7cd2-4e59-98da-f9ff0abff72f,2025-02-28,23:58:17.40,2025-02-28T15:58:17.4060032-08:00,2025-02-28T23:58:17.4060032Z,GroundBall,v3,POM_PIT,,,"Savas, Peter",1000276389,Right,POM_COL,cf3a2ca0-b689-4dec-9ea4-31b5884ec309,56.48189,-125.76717,14.14478,6.04331,-4.25164,-11.12059,-2.00974,8.27076,-8.22476,,2.90752,124.0573,,,,,,,,1.90056,-9.35875,,,,,,,,0.05427,-60.01743,,,,,,,,,,,,,,,,,,,,,,,,,,,,,,High,High,High,Estimated,Estimated,,,
231,2025-02-28,15:58:53.80,12,1,"Cohen, Ben",1000115643,Right,POM_COL,"Kirkland, Mark",684750,Left,RED_UNI,Undefined,6,Top,2,0,0,Curveball,Curveball,FoulBallNotFieldable,Undefined,Undefined,Undefined,0,0,,72.92738,2.142539,-0.775411,1744.332256,15.670474,6:30,6.2427,2.17711,3.75949,-66.42181,-8.35603,-2.95319,2.77777,1.18215,65.86014,-9.624119,-1.28591,0.548443,,,,,,,,,,,,1.1352,-4.06173,-2.08198,50,6.41612,1.55464,-105.3268,1.36059,1.24992,21.19991,-36.6463,POM_COL,RED_UNI,PomonaPitzer,D3,Team,20250228-PomonaPitzer-1,f751e550-f62f-11ef-9580-87d9c9be22a3,68.72626,,,7.06724,,,,,,,27c5113f-7cd2-4e59-98da-f9ff0abff72f,2025-02-28,23:58:53.80,2025-02-28T15:58:53.8027520-08:00,2025-02-28T23:58:53.8027520Z,,v3,POM_PIT,,,"Savas, Peter",1000276389,Right,POM_COL,a86d7a3a-4e3e-4670-aa44-ed7518562c84,56.73941,-106.67467,10.59995,6.25554,3.69052,-18.32315,-2.1783,1.47517,0.62496,,,,,,,,,,,,,,,,,,,,,,,,,,,,,,,,,,,,,,,,,,,,,,,,,,,High,High,High,,,,,
232,2025-02-28,15:59:13.18,12,2,"Cohen, Ben",1000115643,Right,POM_COL,"Kirkland, Mark",684750,Left,RED_UNI,Undefined,6,Top,2,0,1,Fastball,Sinker,BallCalled,Undefined,Undefined,Undefined,0,0,,86.4092,0.497348,-1.202296,2038.197005,223.753154,1:30,6.01844,2.3366,3.98201,-22.42178,18.70981,16.37607,4.62844,2.5447,76.99282,-3.659198,1.634198,0.461593,,,,,,,,,,,,-8.12319,9.15993,-2.21922,50,6.05219,1.76534,-124.73888,0.22484,-12.52303,30.13233,-18.05274,POM_COL,RED_UNI,PomonaPitzer,D3,Team,20250228-PomonaPitzer-1,02d632f0-f630-11ef-9580-87d9c9be22a3,81.65732,,,9.41638,,,,,,,27c5113f-7cd2-4e59-98da-f9ff0abff72f,2025-02-28,23:59:13.18,2025-02-28T15:59:13.1896320-08:00,2025-02-28T23:59:13.1896320Z,,v3,POM_PIT,,,"Savas, Peter",1000276389,Right,POM_COL,82feed88-376a-4f6f-8185-0ffa52a3de4a,56.51046,-126.30178,15.06617,6.01624,1.1612,-9.02637,-2.32763,2.41489,-6.26151,,,,,,,,,,,,,,,,,,,,,,,,,,,,,,,,,,,,,,,,,,,,,,,,,,,High,High,High,,,,,
233,2025-02-28,15:59:28.68,12,3,"Cohen, Ben",1000115643,Right,POM_COL,"Kirkland, Mark",684750,Left,RED_UNI,Undefined,6,Top,2,1,1,Slider,Curveball,InPlay,Undefined,LineDrive,Double,0,3,,74.72747,0.816514,-2.160883,1428.212435,49.408606,7:45,6.0736,2.08277,3.89532,-59.69047,-5.035,-8.10571,1.88659,-0.67536,68.10449,-9.74917,-3.564188,0.532094,93.77646,11.4191,36.663412,2202.965931,86.05878,10.99628,68.51144,177.60618,177.60618,40.559828,1.533853,3.20244,-2.19547,-1.82325,50,6.09944,4.42781,-108.04597,-0.77579,3.73542,21.15552,-34.7349,POM_COL,RED_UNI,PomonaPitzer,D3,Team,20250228-PomonaPitzer-1,0c18f500-f630-11ef-9580-87d9c9be22a3,70.83798,11.58068,,6.62298,,,,2.6388,2.33551,0.41594,27c5113f-7cd2-4e59-98da-f9ff0abff72f,2025-02-28,23:59:28.68,2025-02-28T15:59:28.6864896-08:00,2025-02-28T23:59:28.6864896Z,LineDrive,v3,POM_PIT,,,"Savas, Peter",1000276389,Right,POM_COL,5bd13ff1-4595-49ea-a789-f38fe7612f54,56.60493,-109.33158,10.57776,6.08245,1.33502,-17.36745,-2.08543,4.20081,1.86771,,2.63879,108.1438,-18.35899,3.58003,-0.81497,0.21301,-0.06984,0.0187,-0.00231,2.33551,27.23027,-21.45645,2.35156,-0.49094,0.06762,0.01497,-0.0107,0.00177,0.41593,80.50118,-4.93125,1.259,-0.4402,0.28755,-0.18398,0.06676,-0.00946,,,,,,,,,,,,,,,,,,,,,,,High,High,High,Medium,High,,,
234,2025-02-28,16:00:12.90,13,1,"Cohen, Ben",1000115643,Right,POM_COL,"Umscheid, Ian",1000221147,Left,RED_UNI,Undefined,6,Top,2,0,0,Fastball,Four-Seam,BallCalled,Undefined,Undefined,Undefined,0,0,,85.76651,-0.243656,-2.351681,1953.689537,212.68474,1:00,6.00203,2.19056,4.02929,-20.43442,21.29052,12.60272,4.06482,0.97956,76.40197,-4.061095,-0.168719,0.46491,,,,,,,,,,,,-6.76516,10.6667,-1.93945,50,5.95425,4.43685,-123.745,-1.2694,-10.26363,29.65986,-15.99124,POM_COL,RED_UNI,PomonaPitzer,D3,Team,20250228-PomonaPitzer-1,2662b180-f630-11ef-9580-87d9c9be22a3,81.07463,,,9.36454,,,,,,,27c5113f-7cd2-4e59-98da-f9ff0abff72f,2025-03-01,00:00:12.90,2025-02-28T16:00:12.9059840-08:00,2025-03-01T00:00:12.9059840Z,,v3,POM_PIT,,,"Savas, Peter",1000276389,Right,POM_COL,8f2d14a4-60c6-40f9-b76a-9beaa4e32971,56.46331,-125.28459,14.82993,5.9986,-0.43932,-7.99562,-2.18358,4.96961,-5.13181,,,,,,,,,,,,,,,,,,,,,,,,,,,,,,,,,,,,,,,,,,,,,,,,,,,High,High,High,,,,,
235,2025-02-28,16:00:28.67,13,2,"Cohen, Ben",1000115643,Right,POM_COL,"Umscheid, Ian",1000221147,Left,RED_UNI,Undefined,6,Top,2,1,0,Fastball,Four-Seam,InPlay,Undefined,Popup,Double,0,1,,85.55721,-1.905431,-4.259037,1967.782863,216.565571,1:15,5.88736,2.38432,4.27092,-22.19415,19.1017,13.0382,2.20904,-0.61165,77.15197,-6.000638,-1.996634,0.462514,,,,,,,,,,,,-7.65182,10.24209,-1.93441,50,5.65816,8.56252,-123.41482,-4.94433,-11.66264,27.25984,-16.56337,POM_COL,RED_UNI,PomonaPitzer,D3,Team,20250228-PomonaPitzer-1,2fcef490-f630-11ef-9580-87d9c9be22a3,81.49474,,,8.40524,,,,,,,27c5113f-7cd2-4e59-98da-f9ff0abff72f,2025-03-01,00:00:28.67,2025-02-28T16:00:28.6764544-08:00,2025-03-01T00:00:28.6764544Z,,v3,POM_PIT,,,"Savas, Peter",1000276389,Right,POM_COL,62ae3239-6e89-4351-afe6-8aaf71f1c82f,56.22661,-124.78258,13.62992,5.88539,-4.11327,-8.28168,-2.37871,9.14769,-5.83132,,,,,,,,,,,,,,,,,,,,,,,,,,,,,,,,,,,,,,,,,,,,,,,,,,,High,High,High,,,,,
236,2025-02-28,16:01:15.22,14,1,"Cohen, Ben",1000115643,Right,POM_COL,"Miller, Nathan",1000305168,Right,RED_UNI,Undefined,6,Top,2,0,0,Curveball,Curveball,StrikeCalled,Undefined,Undefined,Undefined,0,0,,73.31351,1.214754,-2.417767,1718.760643,18.711379,6:30,6.23387,1.9788,3.55506,-64.84858,-7.59886,-3.22579,2.00849,-0.63489,67.13907,-10.16789,-2.972903,0.544575,,,,,,,,,,,,0.78736,-3.35103,-1.68091,50,6.29987,4.61821,-105.97819,-0.34202,0.88869,19.39183,-35.95629,POM_COL,RED_UNI,PomonaPitzer,D3,Team,20250228-PomonaPitzer-1,4b920aa0-f630-11ef-9580-87d9c9be22a3,69.21437,,,6.17443,,,,,,,27c5113f-7cd2-4e59-98da-f9ff0abff72f,2025-03-01,00:01:15.22,2025-02-28T16:01:15.2211968-08:00,2025-03-01T00:01:15.2211968Z,,v3,POM_PIT,,,"Savas, Peter",1000276389,Right,POM_COL,a1d9ee7f-85d0-4422-85a6-a83351a7b2a9,56.94514,-107.24148,9.69592,6.24585,2.00037,-17.97815,-1.97988,4.56032,0.44435,,,,,,,,,,,,,,,,,,,,,,,,,,,,,,,,,,,,,,,,,,,,,,,,,,,High,High,High,,,,,
237,2025-02-28,16:01:28.76,14,2,"Cohen, Ben",1000115643,Right,POM_COL,"Miller, Nathan",1000305168,Right,RED_UNI,Undefined,6,Top,2,0,1,Fastball,Four-Seam,BallCalled,Undefined,Undefined,Undefined,0,0,,85.80794,-3.615516,-5.85097,2229.412198,222.954801,1:30,6.00134,2.07582,3.86554,-21.21871,20.87056,17.90757,0.72536,-2.09107,77.16857,-7.512435,-2.777132,0.466936,,,,,,,,,,,,-10.35166,11.5052,-1.41765,50,5.55718,11.71452,-123.17388,-8.63662,-15.69381,27.47341,-14.73138,POM_COL,RED_UNI,PomonaPitzer,D3,Team,20250228-PomonaPitzer-1,53a378a0-f630-11ef-9580-87d9c9be22a3,80.72296,,,8.63936,,,,,,,27c5113f-7cd2-4e59-98da-f9ff0abff72f,2025-03-01,00:01:28.76,2025-02-28T16:01:28.7662592-08:00,2025-03-01T00:01:28.7662592Z,,v3,POM_PIT,,,"Savas, Peter",1000276389,Right,POM_COL,a2e5337b-7cf8-4b76-80b5-96c1535ea4cf,56.63094,-124.64411,13.73671,5.99827,-7.84828,-7.36569,-2.06702,12.55437,-7.8469,,,,,,,,,,,,,,,,,,,,,,,,,,,,,,,,,,,,,,,,,,,,,,,,,,,High,High,High,,,,,
238,2025-02-28,16:01:46.15,14,3,"Cohen, Ben",1000115643,Right,POM_COL,"Miller, Nathan",1000305168,Right,RED_UNI,Undefined,6,Top,2,1,1,Fastball,Changeup,BallinDirt,Undefined,Undefined,Undefined,0,0,,85.89047,-4.674926,-5.816369,2202.477325,235.348164,1:45,6.10795,2.16928,3.95231,-26.34907,16.18678,20.77186,-0.62004,-1.71638,76.49702,-9.467177,-2.23956,0.469406,,,,,,,,,,,,-12.14485,9.90253,-1.52729,50,5.54144,11.50656,-122.98765,-11.15685,-18.08125,30.7504,-17.43115,POM_COL,RED_UNI,PomonaPitzer,D3,Team,20250228-PomonaPitzer-1,5df3da20-f630-11ef-9580-87d9c9be22a3,80.29811,,,9.39345,,,,,,,27c5113f-7cd2-4e59-98da-f9ff0abff72f,2025-03-01,00:01:46.15,2025-02-28T16:01:46.1596160-08:00,2025-03-01T00:01:46.1596160Z,,v3,POM_PIT,,,"Savas, Peter",1000276389,Right,POM_COL,fcc55b94-25b3-465f-9059-430ea74a2c2b,56.54544,-124.61346,15.3752,6.10695,-10.23525,-8.71557,-2.16092,12.46253,-9.04062,,,,,,,,,,,,,,,,,,,,,,,,,,,,,,,,,,,,,,,,,,,,,,,,,,,High,High,High,,,,,
239,2025-02-28,16:02:10.46,14,4,"Cohen, Ben",1000115643,Right,POM_COL,"Miller, Nathan",1000305168,Right,RED_UNI,Undefined,6,Top,2,2,1,Slider,Curveball,BallCalled,Undefined,Undefined,Undefined,0,0,,74.33025,2.128398,0.54757,1595.566864,29.684497,7:00,6.26429,2.06294,3.5072,-62.67106,-6.49721,-4.86563,3.10753,2.18869,67.26533,-8.930811,-0.289489,0.539434,,,,,,,,,,,,2.50024,-3.39024,-2.12308,50,6.44448,-0.81196,-107.38727,1.48904,2.87255,21.39276,-36.06913,POM_COL,RED_UNI,PomonaPitzer,D3,Team,20250228-PomonaPitzer-1,6c80d3e0-f630-11ef-9580-87d9c9be22a3,69.87403,,,7.06492,,,,,,,27c5113f-7cd2-4e59-98da-f9ff0abff72f,2025-03-01,00:02:10.46,2025-02-28T16:02:10.4697856-08:00,2025-03-01T00:02:10.4697856Z,,v3,POM_PIT,,,"Savas, Peter",1000276389,Right,POM_COL,bd209938-f0e6-4280-a289-20f3c6200305,56.99394,-108.77162,10.69638,6.2726,3.82311,-18.03456,-2.06453,-0.99784,1.43628,,,,,,,,,,,,,,,,,,,,,,,,,,,,,,,,,,,,,,,,,,,,,,,,,,,High,High,High,,,,,
240,2025-02-28,16:02:27.51,14,5,"Cohen, Ben",1000115643,Right,POM_COL,"Miller, Nathan",1000305168,Right,RED_UNI,Undefined,6,Top,2,3,1,Fastball,Four-Seam,InPlay,Undefined,GroundBall,Out,1,0,,85.5399,-2.069553,-4.213099,2073.617715,211.172661,1:00,6.05439,2.21943,4.06924,-19.85044,21.88737,12.28485,2.40653,-0.80999,76.89524,-5.755274,-2.08964,0.464982,50.01466,-17.818845,48.917864,,,,,10.53849,10.53849,36.448892,0.105913,-7.27744,11.60186,-1.75975,50,5.80166,8.48206,-123.30337,-5.19746,-11.04207,27.82184,-14.5706,POM_COL,RED_UNI,PomonaPitzer,D3,Team,20250228-PomonaPitzer-1,76a654d0-f630-11ef-9580-87d9c9be22a3,81.06212,2.59249,,8.64466,,,,3.73251,2.59249,0.70086,27c5113f-7cd2-4e59-98da-f9ff0abff72f,2025-03-01,00:02:27.51,2025-02-28T16:02:27.5181056-08:00,2025-03-01T00:02:27.5181056Z,GroundBall,v3,POM_PIT,,,"Savas, Peter",1000276389,Right,POM_COL,c91aed8b-409d-4217-9e12-aac0efaf13a0,56.42818,-124.74537,13.91092,6.05147,-4.44227,-7.2853,-2.21421,9.05437,-5.52104,308.126871,3.73251,45.89276,-10.35161,,,,,,,2.59258,-22.45814,-19.08152,,,,,,,0.70081,52.64663,-1.40444,,,,,,,,,,,,,,,,,,,,,,,,,,,,,High,High,High,High,High,,,
241,2025-02-28,16:04:27.76,1,1,"Duenez, Gavin",1000305162,Right,RED_UNI,"Legg, Jimmy",1000115608,Left,POM_COL,Undefined,6,Bottom,0,0,0,Fastball,Changeup,StrikeCalled,Undefined,Undefined,Undefined,0,0,,85.77791,-0.895114,-1.03534,2025.547097,222.272718,1:30,6.0756,0.80863,5.79673,-24.72391,13.32162,11.02615,3.18248,0.76434,78.57438,-5.512925,0.940813,0.443939,,,,,,,,,,,,-5.87162,7.40615,-0.72994,50,5.98725,1.79036,-124.58028,-2.73344,-9.23984,24.72087,-20.51941,POM_COL,RED_UNI,PomonaPitzer,D3,Team,20250228-PomonaPitzer-1,be50bc80-f630-11ef-9580-87d9c9be22a3,84.90456,,,7.20354,,,,,,,27c5113f-7cd2-4e59-98da-f9ff0abff72f,2025-03-01,00:04:27.76,2025-02-28T16:04:27.7689856-08:00,2025-03-01T00:04:27.7689856Z,,v3,POM_PIT,,,"Chetcuti, Mason",10132215,Right,RED_UNI,47571f3d-35f1-440d-b05d-ea428e1db2ed,54.70106,-125.50966,12.36044,6.07552,-1.96201,-10.25971,-0.80378,2.13773,-4.61992,,,,,,,,,,,,,,,,,,,,,,,,,,,,,,,,,,,,,,,,,,,,,,,,,,,High,High,High,,,,,
242,2025-02-28,16:04:40.49,1,2,"Duenez, Gavin",1000305162,Right,RED_UNI,"Legg, Jimmy",1000115608,Left,POM_COL,Undefined,6,Bottom,0,0,1,ChangeUp,Changeup,StrikeSwinging,Undefined,Undefined,Undefined,0,0,,80.06453,0.143526,-1.491953,1251.056782,221.465136,1:30,5.8616,1.05155,5.37111,-35.26675,9.1513,6.85122,3.05732,0.22334,73.37008,-6.340419,-0.273968,0.479679,,,,,,,,,,,,-3.83142,4.99587,-0.92271,50,5.84972,2.74557,-116.18966,-0.88968,-5.24293,21.56378,-25.33774,POM_COL,RED_UNI,PomonaPitzer,D3,Team,20250228-PomonaPitzer-1,c5e5a780-f630-11ef-9580-87d9c9be22a3,78.57841,,,6.69445,,,,,,,27c5113f-7cd2-4e59-98da-f9ff0abff72f,2025-03-01,00:04:40.49,2025-02-28T16:04:40.4968960-08:00,2025-03-01T00:04:40.4968960Z,,v3,POM_PIT,,,"Chetcuti, Mason",10132215,Right,RED_UNI,57548355-b3a5-4a4d-8b80-30d5d0577dba,55.12646,-117.13722,10.78189,5.86435,0.22371,-12.66887,-1.04842,2.97596,-2.62146,,,,,,,,,,,,,,,,,,,,,,,,,,,,,,,,,,,,,,,,,,,,,,,,,,,High,High,High,,,,,
243,2025-02-28,16:04:57.29,1,3,"Duenez, Gavin",1000305162,Right,RED_UNI,"Legg, Jimmy",1000115608,Left,POM_COL,Undefined,6,Bottom,0,0,2,ChangeUp,Changeup,BallCalled,Undefined,Undefined,Undefined,0,0,,80.85486,0.815048,-0.023457,1327.52016,230.193445,1:45,5.89996,0.95658,5.19718,-37.3336,6.26705,5.97055,3.55553,1.43207,74.42639,-6.002572,1.034856,0.475245,,,,,,,,,,,,-2.97331,3.33047,-0.95905,50,5.94741,-0.20208,-117.4117,0.35446,-4.17641,20.93131,-27.49594,POM_COL,RED_UNI,PomonaPitzer,D3,Team,20250228-PomonaPitzer-1,cfee51a0-f630-11ef-9580-87d9c9be22a3,79.31153,,,6.42848,,,,,,,27c5113f-7cd2-4e59-98da-f9ff0abff72f,2025-03-01,00:04:57.29,2025-02-28T16:04:57.2940800-08:00,2025-03-01T00:04:57.2940800Z,,v3,POM_PIT,,,"Chetcuti, Mason",10132215,Right,RED_UNI,bd5dbbfc-ee32-482b-80d5-b9d8bdd6e4ab,55.30154,-118.35305,10.46565,5.90366,1.59104,-13.74797,-0.95419,-0.01426,-2.0882,,,,,,,,,,,,,,,,,,,,,,,,,,,,,,,,,,,,,,,,,,,,,,,,,,,High,High,High,,,,,
244,2025-02-28,16:05:13.49,1,4,"Duenez, Gavin",1000305162,Right,RED_UNI,"Legg, Jimmy",1000115608,Left,POM_COL,Undefined,6,Bottom,0,1,2,Fastball,Sinker,StrikeSwinging,Strikeout,Undefined,Undefined,0,0,,87.88904,-2.014343,-0.419438,2017.904839,234.088614,1:45,6.03447,0.84629,5.41624,-25.38525,11.27784,14.04139,2.03118,1.62348,80.94483,-6.685957,2.080851,0.435799,,,,,,,,,,,,-7.17863,6.55256,-0.81909,50,5.83784,0.31871,-127.60779,-5.38835,-11.89351,25.08163,-21.31779,POM_COL,RED_UNI,PomonaPitzer,D3,Team,20250228-PomonaPitzer-1,d99505a0-f630-11ef-9580-87d9c9be22a3,86.49047,,,6.94421,,,,,,,27c5113f-7cd2-4e59-98da-f9ff0abff72f,2025-03-01,00:05:13.49,2025-02-28T16:05:13.4930000-08:00,2025-03-01T00:05:13.4930000Z,,v3,POM_PIT,,,"Chetcuti, Mason",10132215,Right,RED_UNI,43d4fd87-53a8-47d1-acc2-ec0c5a2baece,55.08354,-128.60309,12.54082,6.03489,-4.54241,-10.65889,-0.84111,0.79068,-5.94676,,,,,,,,,,,,,,,,,,,,,,,,,,,,,45.07788,,,1.722607,,,,-2.99894,4.95658,1.41082,72.00096,7.23005,-52.78517,-2.9288,46.86608,-1.97041,5.07867,27.08202,-15.02959,1.29836,-35.63357,2.4846,High,High,High,,,High,High,High
245,2025-02-28,16:06:18.71,2,1,"Duenez, Gavin",1000305162,Right,RED_UNI,"Ng, JC",1000115591,Left,POM_COL,Undefined,6,Bottom,1,0,0,ChangeUp,Changeup,StrikeCalled,Undefined,Undefined,Undefined,0,0,,80.85752,-0.79003,-0.756287,1241.387454,214.004312,1:15,5.87329,0.94599,5.32622,-30.9375,12.17119,7.39725,2.55372,0.85271,74.98544,-6.459815,0.558358,0.472557,,,,,,,,,,,,-3.8839,6.68394,-0.88306,50,5.77961,1.2489,-117.50362,-2.6587,-5.50228,19.49259,-22.70494,POM_COL,RED_UNI,PomonaPitzer,D3,Team,20250228-PomonaPitzer-1,007458b0-f631-11ef-9580-87d9c9be22a3,79.7628,,,5.87208,,,,,,,27c5113f-7cd2-4e59-98da-f9ff0abff72f,2025-03-01,00:06:18.71,2025-02-28T16:06:18.7120000-08:00,2025-03-01T00:06:18.7120000Z,,v3,POM_PIT,,,"Chetcuti, Mason",10132215,Right,RED_UNI,094abc11-edc1-40a7-ac84-2257704692a8,55.17293,-118.35864,9.74629,5.87439,-1.66278,-11.35247,-0.94313,1.49025,-2.75114,,,,,,,,,,,,,,,,,,,,,,,,,,,,,,,,,,,,,,,,,,,,,,,,,,,High,High,High,,,,,
246,2025-02-28,16:06:33.61,2,2,"Duenez, Gavin",1000305162,Right,RED_UNI,"Ng, JC",1000115591,Left,POM_COL,Undefined,6,Bottom,1,0,1,ChangeUp,Changeup,InPlay,Undefined,GroundBall,Single,0,0,,81.97528,-1.31657,-2.259499,1388.80764,239.05085,2:00,5.88717,0.8033,5.31477,-33.00754,9.4054,13.48516,1.89968,-0.19472,75.3971,-7.361469,0.135911,0.468728,36.61409,-55.397059,-80.837185,,,,,3.56446,3.56446,-20.409559,0.047308,-7.44087,5.44658,-0.60882,50,5.74385,4.1476,-118.95252,-3.86578,-10.68717,22.29932,-24.35123,POM_COL,RED_UNI,PomonaPitzer,D3,Team,20250228-PomonaPitzer-1,09543a40-f631-11ef-9580-87d9c9be22a3,80.41437,2.11509,,6.57818,,,,3.10832,2.11509,0.19762,27c5113f-7cd2-4e59-98da-f9ff0abff72f,2025-03-01,00:06:33.61,2025-02-28T16:06:33.6150000-08:00,2025-03-01T00:06:33.6150000Z,GroundBall,v3,POM_PIT,,,"Chetcuti, Mason",10132215,Right,RED_UNI,ad5ba81f-263d-4cd3-988e-bd752a5f65f2,55.18618,-119.9208,11.14966,5.88875,-2.8084,-12.17562,-0.79899,4.61166,-5.34358,,3.10789,4.91198,,,,,,,,2.11896,-44.70933,,,,,,,,0.20025,-30.45268,,,,,,,,,,,,,,,,,,,,,,,,,,,,,,High,High,High,Estimated,Estimated,,,
247,2025-02-28,16:07:14.87,3,1,"Duenez, Gavin",1000305162,Right,RED_UNI,"Berry, Cooper",1000276381,Left,POM_COL,Undefined,6,Bottom,1,0,0,ChangeUp,Changeup,BallCalled,Undefined,Undefined,Undefined,0,0,,81.15643,1.341365,-0.027751,1184.456487,234.023534,1:45,5.95128,0.90229,5.31281,-31.3871,11.88536,14.54804,4.59492,2.08858,74.28601,-4.453589,2.554291,0.473454,,,,,,,,,,,,-7.24162,6.00122,-0.91045,50,6.05046,-0.55404,-117.79127,1.70763,-10.19637,21.91851,-23.72423,POM_COL,RED_UNI,PomonaPitzer,D3,Team,20250228-PomonaPitzer-1,21f0bbf0-f631-11ef-9580-87d9c9be22a3,79.61169,,,6.87041,,,,,,,27c5113f-7cd2-4e59-98da-f9ff0abff72f,2025-03-01,00:07:14.87,2025-02-28T16:07:14.8710000-08:00,2025-03-01T00:07:14.8710000Z,,v3,POM_PIT,,,"Chetcuti, Mason",10132215,Right,RED_UNI,c471f5dc-a5d4-48a2-80cb-07643b13b5d9,55.18496,-118.75216,10.95925,5.9528,2.74769,-11.86211,-0.89595,-0.10704,-5.09819,,,,,,,,,,,,,,,,,,,,,,,,,,,,,,,,,,,,,,,,,,,,,,,,,,,High,High,High,,,,,
248,2025-02-28,16:07:29.73,3,2,"Duenez, Gavin",1000305162,Right,RED_UNI,"Berry, Cooper",1000276381,Left,POM_COL,Undefined,6,Bottom,1,1,0,Fastball,Changeup,InPlay,Undefined,FlyBall,Out,1,0,,85.40429,-1.129699,-1.979381,1962.567337,221.28329,1:30,6.07431,0.60731,5.83379,-23.82513,14.59355,11.73209,3.03806,-0.25559,78.08569,-5.594888,0.123608,0.446111,71.69848,32.993441,11.701186,,108.33815,55.41221,19.04846,263.22876,257.87912,7.191827,4.253181,-6.57874,8.14871,-0.4529,50,5.96812,3.81344,-123.99217,-3.18502,-10.23064,25.04115,-19.50198,POM_COL,RED_UNI,PomonaPitzer,D3,Team,20250228-PomonaPitzer-1,2ac775c0-f631-11ef-9580-87d9c9be22a3,84.49121,59.62937,,7.31859,,,,0.84236,3.23452,0.34511,27c5113f-7cd2-4e59-98da-f9ff0abff72f,2025-03-01,00:07:29.73,2025-02-28T16:07:29.7340000-08:00,2025-03-01T00:07:29.7340000Z,FlyBall,v3,POM_PIT,,,"Chetcuti, Mason",10132215,Right,RED_UNI,2e59976b-e8e2-46e3-80cc-6c32b40763a4,54.66579,-124.93091,12.52057,6.07382,-2.45393,-9.75099,-0.60305,4.19696,-5.11532,165.808168,0.84381,86.33073,-11.66771,2.24061,-0.16263,-0.08289,0.0311,-0.00418,0.0002,3.23346,57.28465,-15.71029,0.84372,-0.22166,0.05462,-0.00302,-0.00109,0.00013,0.34583,17.86941,-4.46001,0.73683,-0.00381,-0.04997,0.01505,-0.00184,8E-05,,,,,,,,,,,,,,,,,,,,,,,High,High,High,Medium,Medium,,,
249,2025-02-28,16:08:07.81,4,1,"Duenez, Gavin",1000305162,Right,RED_UNI,"Pierantoni, Greg",1000091552,Right,POM_COL,Undefined,6,Bottom,2,0,0,Fastball,Four-Seam,BallCalled,Undefined,Undefined,Undefined,0,0,,87.29664,-0.727647,-1.189717,2009.016051,210.838101,1:00,6.08051,0.81312,5.28376,-19.46178,17.89678,10.00075,3.77517,0.52909,80.00956,-4.368069,0.584773,0.439913,,,,,,,,,,,,-5.29713,9.48756,-0.71214,50,6.00023,2.18227,-126.72161,-2.25013,-8.65311,24.78128,-16.67565,POM_COL,RED_UNI,PomonaPitzer,D3,Team,20250228-PomonaPitzer-1,4170b2f0-f631-11ef-9580-87d9c9be22a3,85.68163,,,7.28708,,,,,,,27c5113f-7cd2-4e59-98da-f9ff0abff72f,2025-03-01,00:08:07.81,2025-02-28T16:08:07.8146560-08:00,2025-03-01T00:08:07.8146560Z,,v3,POM_PIT,,,"Chetcuti, Mason",10132215,Right,RED_UNI,eeb45202-891e-4c5b-adea-ae69e0ddb271,55.21424,-127.73723,12.39064,6.07844,-1.56672,-8.33783,-0.80884,2.5369,-4.32656,,,,,,,,,,,,,,,,,,,,,,,,,,,,,,,,,,,,,,,,,,,,,,,,,,,High,High,High,,,,,
250,2025-02-28,16:08:22.46,4,2,"Duenez, Gavin",1000305162,Right,RED_UNI,"Pierantoni, Greg",1000091552,Right,POM_COL,Undefined,6,Bottom,2,1,0,Fastball,Changeup,InPlay,Undefined,Popup,Out,1,0,,86.70066,-2.100086,-1.290143,1998.253983,216.830326,1:15,6.05692,0.71739,5.26104,-20.80718,17.18084,11.97473,2.34857,0.50299,79.54056,-5.968506,0.834481,0.443603,77.68881,45.255614,29.028156,4576.013535,87.99774,89.21096,66.00278,217.64255,98.674,41.738425,4.989429,-6.3541,9.52721,-0.60851,50,5.84952,2.30741,-125.78459,-5.31265,-10.21111,24.78471,-16.86374,POM_COL,RED_UNI,PomonaPitzer,D3,Team,20250228-PomonaPitzer-1,4a376730-f631-11ef-9580-87d9c9be22a3,84.96882,91.27264,,7.1601,,,,0.38825,3.02748,-0.28745,27c5113f-7cd2-4e59-98da-f9ff0abff72f,2025-03-01,00:08:22.46,2025-02-28T16:08:22.4660000-08:00,2025-03-01T00:08:22.4660000Z,FlyBall,v3,POM_PIT,,,"Chetcuti, Mason",10132215,Right,RED_UNI,8bbead1e-be21-4c2f-be18-493807581285,55.23834,-126.81256,12.39235,6.05537,-4.61322,-8.43187,-0.713,2.73092,-5.10555,204.560687,0.39396,69.99708,-20.54924,5.07578,-0.4042,-0.23727,0.09357,-0.01348,0.00071,3.02099,81.0562,-21.72201,2.05621,-0.50823,0.11986,-0.0114,-0.00058,0.00011,-0.28778,38.92836,-2.96487,0.07302,0.1006,-0.0305,0.00468,-0.0004,2E-05,,,,,,,,,,,,,,,,,,,,,,,High,High,High,Medium,Low,,,
251,2025-02-28,16:11:04.07,1,1,"Della Bitta, Eli",1000323431,Right,POM_COL,"Cell, Will",1000121398,Right,RED_UNI,Undefined,7,Top,0,0,0,Slider,Curveball,StrikeCalled,Undefined,Undefined,Undefined,0,0,,69.93612,0.661022,-0.447582,2118.123281,48.44714,7:30,6.61084,0.74996,3.96365,-63.56952,-2.93524,-5.19666,1.94943,-0.11374,65.42961,-10.528215,-1.350328,0.560442,,,,,,,,,,,,2.38059,-1.06713,-0.69263,50,6.61451,1.00175,-101.51568,-1.14184,2.51575,14.64207,-33.30178,POM_COL,RED_UNI,PomonaPitzer,D3,Team,20250228-PomonaPitzer-1,aa93ad50-f631-11ef-9580-87d9c9be22a3,67.25487,,,4.50651,,,,,,,27c5113f-7cd2-4e59-98da-f9ff0abff72f,2025-03-01,00:11:04.07,2025-02-28T16:11:04.0714752-08:00,2025-03-01T00:11:04.0714752Z,,v3,POM_PIT,,,"Savas, Peter",1000276389,Right,POM_COL,3ba56304-ea4a-4a7b-88a3-bbb9a4f890fd,56.53881,-102.45447,7.32104,6.61928,0.99331,-16.65089,-0.75168,0.84045,1.25787,,,,,,,,,,,,,,,,,,,,,,,,,,,,,,,,,,,,,,,,,,,,,,,,,,,High,High,High,,,,,
252,2025-02-28,16:11:18.12,1,2,"Della Bitta, Eli",1000323431,Right,POM_COL,"Cell, Will",1000121398,Right,RED_UNI,Undefined,7,Top,0,0,1,Fastball,Four-Seam,StrikeSwinging,Undefined,Undefined,Undefined,0,0,,84.76131,-2.737287,-2.161368,2128.158367,201.139726,12:45,6.69719,0.74546,4.33167,-17.28686,24.38383,8.85658,2.63668,-0.58314,76.85133,-5.972494,-0.618431,0.464608,,,,,,,,,,,,-4.89516,12.9891,-0.52188,50,6.38602,4.19383,-122.49062,-6.43667,-7.39119,25.59332,-12.56174,POM_COL,RED_UNI,PomonaPitzer,D3,Team,20250228-PomonaPitzer-1,b2ef43b0-f631-11ef-9580-87d9c9be22a3,81.12737,,,7.90998,,,,,,,27c5113f-7cd2-4e59-98da-f9ff0abff72f,2025-03-01,00:11:18.12,2025-02-28T16:11:18.1232128-08:00,2025-03-01T00:11:18.1232128Z,,v3,POM_PIT,,,"Savas, Peter",1000276389,Right,POM_COL,2f7dee31-fab4-4b56-b219-c3ba671c0721,56.16395,-123.77182,12.79666,6.6925,-5.80782,-6.28087,-0.74108,4.56384,-3.6956,,,,,,,,,,,,,,,,,,,,,,,,,,,,,,,,,,,,,,,,,,,,,,,,,,,High,High,High,,,,,
253,2025-02-28,16:11:32.56,1,3,"Della Bitta, Eli",1000323431,Right,POM_COL,"Cell, Will",1000121398,Right,RED_UNI,Undefined,7,Top,0,0,2,Slider,Curveball,StrikeSwinging,Strikeout,Undefined,Undefined,0,0,,73.37871,-1.67656,-1.3717,2099.195753,59.520297,8:00,6.62992,0.52435,4.07126,-56.21472,-1.57398,-5.06859,0.3345,-1.21549,69.24734,-11.52129,-2.254699,0.532022,,,,,,,,,,,,2.15244,-0.03823,-0.36435,50,6.3796,2.75651,-106.53704,-5.22142,2.51814,15.23194,-32.21876,POM_COL,RED_UNI,PomonaPitzer,D3,Team,20250228-PomonaPitzer-1,bb9158f0-f631-11ef-9580-87d9c9be22a3,70.84752,,,4.13137,,,,,,,27c5113f-7cd2-4e59-98da-f9ff0abff72f,2025-03-01,00:11:32.56,2025-02-28T16:11:32.5693440-08:00,2025-03-01T00:11:32.5693440Z,,v3,POM_PIT,,,"Savas, Peter",1000276389,Right,POM_COL,73f76525-b1c3-4847-914b-07af2ecbc7af,56.43235,-107.45276,7.61597,6.63529,-3.28449,-16.10938,-0.52552,2.60512,1.25907,,,,,,,,,,,,,,,,,,,,,,,,,,,,,,,,,,,,,,,,,,,,,,,,,,,High,High,High,,,,,
254,2025-02-28,16:12:12.70,2,1,"Della Bitta, Eli",1000323431,Right,POM_COL,"Baron, Neal",10288255,Right,RED_UNI,Undefined,7,Top,1,0,0,Fastball,Four-Seam,BallCalled,Undefined,Undefined,Undefined,0,0,,84.41924,-4.276979,-2.814932,2032.555121,216.884151,1:15,6.70845,0.51283,4.51219,-23.14631,18.33501,12.74138,0.69294,-1.10898,77.57283,-8.487565,-0.58691,0.463551,,,,,,,,,,,,-6.99248,10.4904,-0.23107,50,6.23844,5.41189,-121.96185,-9.98507,-10.56631,23.26003,-16.32212,POM_COL,RED_UNI,PomonaPitzer,D3,Team,20250228-PomonaPitzer-1,d3764a70-f631-11ef-9580-87d9c9be22a3,81.31236,,,6.84641,,,,,,,27c5113f-7cd2-4e59-98da-f9ff0abff72f,2025-03-01,00:12:12.70,2025-02-28T16:12:12.7046656-08:00,2025-03-01T00:12:12.7046656Z,,v3,POM_PIT,,,"Savas, Peter",1000276389,Right,POM_COL,74cd588c-52f0-4ffa-8f65-b81a7a542772,55.98726,-123.09842,11.63002,6.70686,-9.18751,-8.16106,-0.50812,5.9282,-5.28315,,,,,,,,,,,,,,,,,,,,,,,,,,,,,,,,,,,,,,,,,,,,,,,,,,,High,High,High,,,,,
255,2025-02-28,16:12:26.87,2,2,"Della Bitta, Eli",1000323431,Right,POM_COL,"Baron, Neal",10288255,Right,RED_UNI,Undefined,7,Top,1,1,0,Fastball,Four-Seam,InPlay,Undefined,FlyBall,Double,0,0,,84.76747,-2.464327,-1.548789,2132.618819,216.598076,1:15,6.70432,0.58991,4.09758,-19.81033,22.39608,15.47371,2.68586,0.39249,76.49997,-6.136789,1.137849,0.467585,100.14822,27.304851,-29.44395,2584.701844,94.87917,47.82073,-55.65795,353.14333,319.91074,-33.008145,4.008467,-7.95276,11.96871,-0.43474,50,6.40906,2.56203,-122.48139,-5.99305,-11.92818,27.04495,-14.22241,POM_COL,RED_UNI,PomonaPitzer,D3,Team,20250228-PomonaPitzer-1,dbe1e660-f631-11ef-9580-87d9c9be22a3,80.61089,62.14577,,8.26749,,,,2.6632,2.68071,-0.24696,27c5113f-7cd2-4e59-98da-f9ff0abff72f,2025-03-01,00:12:26.87,2025-02-28T16:12:26.8729856-08:00,2025-03-01T00:12:26.8729856Z,FlyBall,v3,POM_PIT,,,"Savas, Peter",1000276389,Right,POM_COL,e5032dbd-4da8-49f1-b235-e2e1d8da9a26,56.40011,-123.88653,13.52247,6.70124,-5.25412,-7.11121,-0.58396,3.18177,-5.96409,,2.66257,113.67873,-19.34242,4.86891,-1.36108,0.39574,-0.09753,0.01454,-0.00091,2.68147,67.35731,-21.88335,1.87873,-0.10397,-0.10464,0.04564,-0.0077,0.00048,-0.24632,-64.17822,5.4029,-0.5089,0.18721,-0.12708,0.04729,-0.00841,0.00057,,,,,,,,,,,,,,,,,,,,,,,High,High,High,Medium,Medium,,,
256,2025-02-28,16:13:09.91,3,1,"Della Bitta, Eli",1000323431,Right,POM_COL,"Barsness, Tyler",1000396960,Right,RED_UNI,Undefined,7,Top,1,0,0,Slider,Curveball,BallCalled,Undefined,Undefined,Undefined,0,0,,71.23363,0.177112,-1.351755,2029.473428,36.101581,7:15,6.54325,0.84593,4.10904,-64.5111,-5.81264,-5.52906,1.33734,-0.91222,66.18801,-11.2039,-2.314984,0.551423,,,,,,,,,,,,2.30162,-2.36366,-0.68859,50,6.49307,2.66016,-103.2957,-2.03225,2.4927,16.82276,-34.73395,POM_COL,RED_UNI,PomonaPitzer,D3,Team,20250228-PomonaPitzer-1,f5927020-f631-11ef-9580-87d9c9be22a3,68.35488,,,5.04562,,,,,,,27c5113f-7cd2-4e59-98da-f9ff0abff72f,2025-03-01,00:13:09.91,2025-02-28T16:13:09.9158528-08:00,2025-03-01T00:13:09.9158528Z,,v3,POM_PIT,,,"Savas, Peter",1000276389,Right,POM_COL,4e33fb47-b43e-4f83-b82c-cde907157510,56.39339,-104.33174,8.41138,6.55236,0.10685,-17.36698,-0.84769,2.50665,1.24635,,,,,,,,,,,,,,,,,,,,,,,,,,,,,,,,,,,,,,,,,,,,,,,,,,,High,High,High,,,,,
257,2025-02-28,16:13:25.68,3,2,"Della Bitta, Eli",1000323431,Right,POM_COL,"Barsness, Tyler",1000396960,Right,RED_UNI,Undefined,7,Top,1,1,0,Curveball,Curveball,BallCalled,Undefined,Undefined,Undefined,0,0,,70.37417,0.431131,-0.805509,2115.462169,51.355208,7:45,6.54154,0.8023,4.1532,-68.1983,-8.88449,-13.0452,1.27178,-1.05721,66.25927,-11.552448,-3.08136,0.554306,,,,,,,,,,,,6.14315,-4.00693,-0.69817,50,6.51578,1.94674,-102.25919,-1.68207,6.59596,14.64984,-36.47633,POM_COL,RED_UNI,PomonaPitzer,D3,Team,20250228-PomonaPitzer-1,ff01c070-f631-11ef-9580-87d9c9be22a3,67.99937,,,4.1149,,,,,,,27c5113f-7cd2-4e59-98da-f9ff0abff72f,2025-03-01,00:13:25.68,2025-02-28T16:13:25.6862208-08:00,2025-03-01T00:13:25.6862208Z,,v3,POM_PIT,,,"Savas, Peter",1000276389,Right,POM_COL,4bc0afb1-743a-40e3-9f3b-5829156070b7,56.3525,-103.16525,7.32492,6.55005,0.5739,-18.23816,-0.80596,1.53879,3.29798,,,,,,,,,,,,,,,,,,,,,,,,,,,,,,,,,,,,,,,,,,,,,,,,,,,High,High,High,,,,,
258,2025-02-28,16:13:40.62,3,3,"Della Bitta, Eli",1000323431,Right,POM_COL,"Barsness, Tyler",1000396960,Right,RED_UNI,Undefined,7,Top,1,2,0,Fastball,Four-Seam,StrikeCalled,Undefined,Undefined,Undefined,0,0,,84.4211,-3.912774,-1.787144,2174.276264,196.740407,12:30,6.68366,0.80328,4.43739,-15.37761,26.55974,7.53374,1.66226,-0.27418,76.57382,-6.814355,-0.471827,0.466092,,,,,,,,,,,,-4.16803,14.45402,-0.6217,50,6.25503,3.44436,-121.89829,-8.81534,-6.2294,25.46154,-10.57161,POM_COL,RED_UNI,PomonaPitzer,D3,Team,20250228-PomonaPitzer-1,07d65760-f632-11ef-9580-87d9c9be22a3,80.86904,,,7.84728,,,,,,,27c5113f-7cd2-4e59-98da-f9ff0abff72f,2025-03-01,00:13:40.62,2025-02-28T16:13:40.6246912-08:00,2025-03-01T00:13:40.6246912Z,,v3,POM_PIT,,,"Savas, Peter",1000276389,Right,POM_COL,585f6df8-14e3-4421-b2e0-4ae6d5ccd586,56.05836,-123.15723,12.73077,6.67798,-8.29263,-5.2858,-0.79962,3.75238,-3.1147,,,,,,,,,,,,,,,,,,,,,,,,,,,,,,,,,,,,,,,,,,,,,,,,,,,High,High,High,,,,,
259,2025-02-28,16:13:56.82,3,4,"Della Bitta, Eli",1000323431,Right,POM_COL,"Barsness, Tyler",1000396960,Right,RED_UNI,Undefined,7,Top,1,2,1,Fastball,Four-Seam,FoulBallNotFieldable,Undefined,Undefined,Undefined,0,0,,85.08769,-2.746886,-2.931755,2156.428326,203.263174,12:45,6.69244,0.94524,4.28028,-17.47032,23.89871,9.6556,2.60339,-1.05715,77.31954,-6.003668,-1.252784,0.462923,,,,,,,,,,,,-5.50914,12.73898,-0.63695,50,6.37716,5.83109,-122.93828,-6.50813,-8.39869,25.25416,-12.75347,POM_COL,RED_UNI,PomonaPitzer,D3,Team,20250228-PomonaPitzer-1,11856fd0-f632-11ef-9580-87d9c9be22a3,81.42261,,,7.76815,,,,,,,27c5113f-7cd2-4e59-98da-f9ff0abff72f,2025-03-01,00:13:56.82,2025-02-28T16:13:56.8276480-08:00,2025-03-01T00:13:56.8276480Z,,v3,POM_PIT,,,"Savas, Peter",1000276389,Right,POM_COL,ab16b38f-6ecd-40c6-928f-006cab689f9a,56.21701,-124.20883,12.62708,6.68844,-5.8665,-6.37673,-0.94094,6.25363,-4.19935,,,,,,,,,,,,,,,,,,,,,,,,,,,,,,,,,,,,,,,,,,,,,,,,,,,High,High,High,,,,,
260,2025-02-28,16:14:27.43,3,5,"Della Bitta, Eli",1000323431,Right,POM_COL,"Barsness, Tyler",1000396960,Right,RED_UNI,Undefined,7,Top,1,2,2,Slider,Curveball,BallinDirt,Undefined,Undefined,Undefined,0,0,,73.27891,-1.099439,-2.178398,2175.062201,88.555178,9:00,6.56652,0.68219,4.00855,-54.70495,1.5939,-11.2069,0.94992,-2.34695,67.43853,-10.765341,-4.124067,0.540034,,,,,,,,,,,,4.73705,1.60417,-0.4217,50,6.38142,4.50244,-106.01127,-4.07393,5.35266,19.32177,-30.3614,POM_COL,RED_UNI,PomonaPitzer,D3,Team,20250228-PomonaPitzer-1,23d16d60-f632-11ef-9580-87d9c9be22a3,69.7964,,,5.84038,,,,,,,27c5113f-7cd2-4e59-98da-f9ff0abff72f,2025-03-01,00:14:27.43,2025-02-28T16:14:27.4347008-08:00,2025-03-01T00:14:27.4347008Z,,v3,POM_PIT,,,"Savas, Peter",1000276389,Right,POM_COL,561528af-fea9-4cc8-a517-0f423a8ce114,56.49092,-107.18778,9.66089,6.5732,-2.22521,-15.1807,-0.68593,4.17651,2.67633,,,,,,,,,,,,,,,,,,,,,,,,,,,,,,,,,,,,,,,,,,,,,,,,,,,Medium,Medium,Medium,,,,,
261,2025-02-28,16:14:55.11,3,6,"Della Bitta, Eli",1000323431,Right,POM_COL,"Barsness, Tyler",1000396960,Right,RED_UNI,Undefined,7,Top,1,3,2,Fastball,Four-Seam,InPlay,Undefined,GroundBall,Out,1,0,,84.7138,-2.975743,-2.608278,2071.613846,200.29988,12:45,6.77833,0.67571,4.21537,-18.29214,23.95946,8.27056,2.39844,-1.13489,76.28418,-6.395093,-1.171145,0.467835,84.09324,-10.418081,1.981809,,,,,12.96492,12.72606,6.958888,0.095887,-4.82945,12.94363,-0.39843,50,6.43397,5.17033,-122.24186,-6.99163,-7.20288,27.32023,-12.86926,POM_COL,RED_UNI,PomonaPitzer,D3,Team,20250228-PomonaPitzer-1,343ee6f0-f632-11ef-9580-87d9c9be22a3,80.56773,2.33712,,8.42962,,,,1.37118,2.33712,1.143,27c5113f-7cd2-4e59-98da-f9ff0abff72f,2025-03-01,00:14:55.11,2025-02-28T16:14:55.1118848-08:00,2025-03-01T00:14:55.1118848Z,GroundBall,v3,POM_PIT,,,"Savas, Peter",1000276389,Right,POM_COL,bc157d60-0622-4278-80d6-102df6b5a926,56.28101,-123.63765,13.66011,6.77437,-6.33414,-6.43463,-0.67198,5.53833,-3.60144,338.230005,1.37121,121.22743,-13.69662,,,,,,,2.33721,-22.31545,-21.48524,,,,,,,1.14298,4.19778,2.75404,,,,,,,,,,,,,,,,,,,,,,,,,,,,,High,High,High,High,High,,,
262,2025-02-28,16:15:27.75,4,1,"Della Bitta, Eli",1000323431,Right,POM_COL,"De Vries, Luke",1000121378,Left,RED_UNI,Undefined,7,Top,2,0,0,ChangeUp,Changeup,FoulBallNotFieldable,Undefined,Undefined,Undefined,0,0,,78.48123,-0.767323,-2.09698,1854.969578,242.013864,2:00,6.51384,0.89186,4.41822,-36.39919,11.54957,18.84068,2.74785,0.46006,71.98961,-7.340932,1.195071,0.49838,,,,,,,,,,,,-9.75654,6.25599,-0.68874,50,6.39713,3.34688,-113.72316,-2.86548,-12.78925,20.67064,-23.97343,POM_COL,RED_UNI,PomonaPitzer,D3,Team,20250228-PomonaPitzer-1,47b4e590-f632-11ef-9580-87d9c9be22a3,75.62999,,,6.49162,,,,,,,27c5113f-7cd2-4e59-98da-f9ff0abff72f,2025-03-01,00:15:27.75,2025-02-28T16:15:27.7569536-08:00,2025-03-01T00:15:27.7569536Z,,v3,POM_PIT,,,"Savas, Peter",1000276389,Right,POM_COL,7e43296d-dfd0-4bed-bad8-b4b915dfcd29,56.08166,-114.82326,10.33532,6.51568,-1.58961,-11.98671,-0.88497,4.02752,-6.39462,,,,,,,,,,,,,,,,,,,,,,,,,,,,,,,,,,,,,,,,,,,,,,,,,,,High,High,High,,,,,
263,2025-02-28,16:15:51.47,4,2,"Della Bitta, Eli",1000323431,Right,POM_COL,"De Vries, Luke",1000121378,Left,RED_UNI,Undefined,7,Top,2,0,1,Fastball,Four-Seam,FoulBallNotFieldable,Undefined,Undefined,Undefined,0,0,,85.18373,-1.525009,-1.620526,2082.864664,206.011922,12:45,6.68475,0.77594,4.23361,-24.85797,16.5415,7.35819,3.15223,-0.16284,77.17327,-6.072713,-0.339745,0.463094,62.9529,36.659391,-164.687062,2992.765706,,,,,14.5802,,,-4.04488,8.84815,-0.60667,50,6.49323,3.12987,-123.20759,-4.24131,-6.16319,26.47863,-18.6921,POM_COL,RED_UNI,PomonaPitzer,D3,Team,20250228-PomonaPitzer-1,55d1b860-f632-11ef-9580-87d9c9be22a3,81.39271,13.69655,,8.01047,,,,0.67352,3.24873,0.12072,27c5113f-7cd2-4e59-98da-f9ff0abff72f,2025-03-01,00:15:51.47,2025-02-28T16:15:51.4721280-08:00,2025-03-01T00:15:51.4721280Z,,v3,POM_PIT,,,"Savas, Peter",1000276389,Right,POM_COL,2c8754fc-f0e1-4383-9096-bd210175da1d,56.26331,-124.54637,13.23932,6.68378,-3.29622,-9.34605,-0.7728,3.44148,-3.08159,0.088984,0.67366,-71.4471,2.19963,,,,,,,3.24944,55.08169,-22.67409,,,,,,,0.12075,-19.563,0.61022,,,,,,,,,,,,,,,,,,,,,,,,,,,,,High,High,High,High,Undefined,,,
264,2025-02-28,16:16:10.54,4,3,"Della Bitta, Eli",1000323431,Right,POM_COL,"De Vries, Luke",1000121378,Left,RED_UNI,Undefined,7,Top,2,0,2,ChangeUp,Changeup,InPlay,Undefined,Popup,Out,1,0,,79.34397,-0.534077,-1.987524,1574.858191,228.980108,1:45,6.48656,0.94505,4.22051,-32.79604,14.84036,15.16194,3.24177,0.3044,72.07701,-6.489405,0.650946,0.496753,61.97229,67.286007,-36.885453,,,,,,25.8898,,,-7.90382,7.77229,-0.74388,50,6.39497,3.29955,-114.80884,-2.29183,-10.47723,22.61337,-21.87116,POM_COL,RED_UNI,PomonaPitzer,D3,Team,20250228-PomonaPitzer-1,61353790-f632-11ef-9580-87d9c9be22a3,75.87755,64.50744,,7.26695,,,,0.60069,3.76991,-0.57674,27c5113f-7cd2-4e59-98da-f9ff0abff72f,2025-03-01,00:16:10.54,2025-02-28T16:16:10.5480192-08:00,2025-03-01T00:16:10.5480192Z,,v3,POM_PIT,,,"Savas, Peter",1000276389,Right,POM_COL,6a5f3e03-5ff9-48c0-b3a0-d04f7f68cf9f,56.27702,-116.03861,11.30668,6.48726,-1.10242,-10.93558,-0.93882,3.86933,-5.23862,,0.60069,28.07152,-13.56014,2.16039,-0.65037,0.76734,-0.98736,0.6794,-0.18873,3.76991,83.8432,-15.75239,0.92897,0.10176,-0.68517,1.00444,-0.7041,0.19693,-0.57674,-21.06532,-3.21682,1.00258,-0.92955,2.08854,-2.87769,2.00468,-0.55999,,,,,,,,,,,,,,,,,,,,,,,High,High,High,High,Undefined,,,
265,2025-02-28,16:18:44.72,1,1,"Brown, Jack",1000121397,Right,RED_UNI,"Evans, Carson",1000276380,Right,POM_COL,Undefined,7,Bottom,0,0,0,Fastball,Changeup,InPlay,Undefined,GroundBall,Out,1,0,,83.51403,-1.442074,-2.196878,1972.390121,206.059527,12:45,5.82378,0.8082,5.22445,-24.17765,17.23958,7.73311,2.45194,-0.61376,75.87584,-5.94662,-0.826967,0.463193,85.94191,5.115683,14.511034,1699.001615,,,,87.02564,82.5647,17.319407,0.74672,-4.5176,9.45548,-0.6116,50,5.67318,4.30865,-120.9853,-3.8391,-6.64957,25.13087,-18.25628,POM_COL,RED_UNI,PomonaPitzer,D3,Team,20250228-PomonaPitzer-1,bd1c7050-f632-11ef-9580-87d9c9be22a3,81.37528,3.9169,,7.63819,,,,0.69186,2.34988,0.63927,27c5113f-7cd2-4e59-98da-f9ff0abff72f,2025-03-01,00:18:44.72,2025-02-28T16:18:44.7235072-08:00,2025-03-01T00:18:44.7235072Z,GroundBall,v3,POM_PIT,,,"Baron, Neal",10288255,Right,RED_UNI,7e7963c2-e067-4d2f-b4d5-ccbe2d919139,55.27278,-122.07564,12.56543,5.82256,-3.04702,-9.12814,-0.8048,4.59715,-3.32479,290.577805,0.72489,120.94225,-14.32159,,,,,,,2.38371,10.62698,-18.56328,,,,,,,0.61769,31.85149,2.73545,,,,,,,,,,,,,,,,,,,,,,,,,,,,,High,High,High,High,High,,,
266,2025-02-28,16:19:12.07,2,1,"Brown, Jack",1000121397,Right,RED_UNI,"Quintero, James",10138921,Left,POM_COL,Undefined,7,Bottom,1,0,0,Fastball,Changeup,StrikeSwinging,Undefined,Undefined,Undefined,0,0,,84.73764,-1.848542,-1.329507,2040.689156,235.851147,1:45,5.71387,1.14438,5.05933,-28.31836,11.93938,15.66339,1.60972,1.19568,77.52796,-7.039197,1.441068,0.456663,,,,,,,,,,,,-8.15434,6.84555,-1.03098,50,5.51591,2.1579,-122.85487,-4.98554,-12.43827,24.78449,-21.73214,POM_COL,RED_UNI,PomonaPitzer,D3,Team,20250228-PomonaPitzer-1,cd665c50-f632-11ef-9580-87d9c9be22a3,82.53879,,,7.20967,,,,,,,27c5113f-7cd2-4e59-98da-f9ff0abff72f,2025-03-01,00:19:12.07,2025-02-28T16:19:12.0758272-08:00,2025-03-01T00:19:12.0758272Z,,v3,POM_PIT,,,"Baron, Neal",10288255,Right,RED_UNI,102dd983-2d86-477e-a1a0-2f3fef26678e,55.43953,-123.94738,12.39224,5.71455,-4.02759,-10.86607,-1.13818,2.70618,-6.21913,,,,,,,,,,,,,,,,,,,,,,,,,,,,,,,,,,,,,,,,,,,,,,,,,,,High,High,High,,,,,
267,2025-02-28,16:19:26.31,2,2,"Brown, Jack",1000121397,Right,RED_UNI,"Quintero, James",10138921,Left,POM_COL,Undefined,7,Bottom,1,0,1,ChangeUp,Changeup,StrikeCalled,Undefined,Undefined,Undefined,0,0,,79.65512,-2.011652,-2.527713,1814.119916,230.044915,1:45,5.78688,0.98832,4.77981,-29.8938,16.72757,17.92064,1.38625,0.08412,72.09178,-7.510292,0.622979,0.491432,,,,,,,,,,,,-9.6065,9.33997,-0.75216,50,5.5604,4.31242,-115.18661,-5.06858,-12.73915,23.98778,-19.78833,POM_COL,RED_UNI,PomonaPitzer,D3,Team,20250228-PomonaPitzer-1,d5edbda0-f632-11ef-9580-87d9c9be22a3,76.69912,,,7.56334,,,,,,,27c5113f-7cd2-4e59-98da-f9ff0abff72f,2025-03-01,00:19:26.31,2025-02-28T16:19:26.3156224-08:00,2025-03-01T00:19:26.3156224Z,,v3,POM_PIT,,,"Baron, Neal",10288255,Right,RED_UNI,8d2a5bbf-96dc-477a-b4c2-37a6577f020d,55.71735,-116.37117,11.99389,5.78657,-4.0914,-9.89416,-0.98064,4.9415,-6.36958,,,,,,,,,,,,,,,,,,,,,,,,,,,,,,,,,,,,,,,,,,,,,,,,,,,High,High,High,,,,,
268,2025-02-28,16:19:39.74,2,3,"Brown, Jack",1000121397,Right,RED_UNI,"Quintero, James",10138921,Left,POM_COL,Undefined,7,Bottom,1,0,2,ChangeUp,Changeup,BallCalled,Undefined,Undefined,Undefined,0,0,,80.3521,0.415669,2.366391,1856.984712,241.012058,2:00,5.77534,1.13768,4.67383,-31.74624,13.86816,22.38293,3.52494,5.25169,73.36812,-5.374271,6.280697,0.486096,,,,,,,,,,,,-10.22146,7.10886,-1.39997,50,5.78982,-5.79513,-116.36531,-0.28756,-13.93547,22.99633,-22.48219,POM_COL,RED_UNI,PomonaPitzer,D3,Team,20250228-PomonaPitzer-1,dde53b00-f632-11ef-9580-87d9c9be22a3,77.54108,,,6.98399,,,,,,,27c5113f-7cd2-4e59-98da-f9ff0abff72f,2025-03-01,00:19:39.74,2025-02-28T16:19:39.7403136-08:00,2025-03-01T00:19:39.7403136Z,,v3,POM_PIT,,,"Baron, Neal",10288255,Right,RED_UNI,015ed812-572b-47ce-b719-ce3666ef69d0,55.82426,-117.51067,11.49817,5.77626,0.8322,-11.2411,-1.12862,-5.10106,-6.96773,,,,,,,,,,,,,,,,,,,,,,,,,,,,,,,,,,,,,,,,,,,,,,,,,,,High,High,High,,,,,
269,2025-02-28,16:19:58.86,2,4,"Brown, Jack",1000121397,Right,RED_UNI,"Quintero, James",10138921,Left,POM_COL,Undefined,7,Bottom,1,1,2,Fastball,Four-Seam,BallCalled,Undefined,Undefined,Undefined,0,0,,84.69915,-1.209214,1.761162,2180.043253,209.378521,1:00,5.62118,1.17208,4.9531,-22.25308,18.37221,9.57426,2.62349,3.63454,77.06025,-5.342738,3.447758,0.458743,,,,,,,,,,,,-4.19461,9.83323,-1.35107,50,5.48634,-4.20659,-122.69061,-3.34438,-6.3579,25.54503,-17.26956,POM_COL,RED_UNI,PomonaPitzer,D3,Team,20250228-PomonaPitzer-1,e94a67e0-f632-11ef-9580-87d9c9be22a3,82.16458,,,7.63891,,,,,,,27c5113f-7cd2-4e59-98da-f9ff0abff72f,2025-03-01,00:19:58.86,2025-02-28T16:19:58.8639744-08:00,2025-03-01T00:19:58.8639744Z,,v3,POM_PIT,,,"Baron, Neal",10288255,Right,RED_UNI,c9a45b07-00bd-4380-a6a4-e1cd10530bc3,55.54322,-123.83937,12.77252,5.61927,-2.56777,-8.63478,-1.16833,-3.92068,-3.17895,,,,,,,,,,,,,,,,,,,,,,,,,,,,,,,,,,,,,,,,,,,,,,,,,,,High,High,High,,,,,
270,2025-02-28,16:20:14.44,2,5,"Brown, Jack",1000121397,Right,RED_UNI,"Quintero, James",10138921,Left,POM_COL,Undefined,7,Bottom,1,2,2,Slider,Curveball,BallCalled,Undefined,Undefined,Undefined,0,0,,75.99773,2.889199,1.43991,2132.592328,121.607288,10:00,5.67756,1.20284,4.6628,-42.79282,7.89827,-10.29036,4.85927,1.71343,69.43736,-4.876372,-0.363194,0.512433,,,,,,,,,,,,5.39394,3.56378,-1.33989,50,5.93416,-2.33467,-110.0556,4.04569,6.63496,18.99691,-27.79031,POM_COL,RED_UNI,PomonaPitzer,D3,Team,20250228-PomonaPitzer-1,f2a39820-f632-11ef-9580-87d9c9be22a3,73.55584,,,6.56037,,,,,,,27c5113f-7cd2-4e59-98da-f9ff0abff72f,2025-03-01,00:20:14.44,2025-02-28T16:20:14.4412160-08:00,2025-03-01T00:20:14.4412160Z,,v3,POM_PIT,,,"Baron, Neal",10288255,Right,RED_UNI,f5b7b09d-0644-4ac7-b736-67ed6b0263e5,55.8351,-111.05824,9.49846,5.68193,5.51244,-13.89515,-1.20742,-2.68486,3.31748,,,,,,,,,,,,,,,,,,,,,,,,,,,,,,,,,,,,,,,,,,,,,,,,,,,High,High,High,,,,,
271,2025-02-28,16:20:30.55,2,6,"Brown, Jack",1000121397,Right,RED_UNI,"Quintero, James",10138921,Left,POM_COL,Undefined,7,Bottom,1,3,2,Fastball,Cutter,StrikeSwinging,Strikeout,Undefined,Undefined,0,0,,83.18455,-0.799025,-0.364511,2227.955733,181.469517,12:00,5.83885,1.1672,5.07134,-22.06328,20.38666,0.48154,3.24684,0.86365,74.57581,-4.963342,-0.279397,0.468932,,,,,,,,,,,,-0.35811,10.80914,-1.13301,50,5.74658,0.74412,-120.37031,-2.36808,-0.51543,27.49824,-16.61613,POM_COL,RED_UNI,PomonaPitzer,D3,Team,20250228-PomonaPitzer-1,fc2c8af0-f632-11ef-9580-87d9c9be22a3,80.37928,,,8.60874,,,,,,,27c5113f-7cd2-4e59-98da-f9ff0abff72f,2025-03-01,00:20:30.55,2025-02-28T16:20:30.5590000-08:00,2025-03-01T00:20:30.5590000Z,,v3,POM_PIT,,,"Baron, Neal",10288255,Right,RED_UNI,294c614d-8a29-46ad-8c66-66ada66d96b5,55.42148,-121.60252,13.74912,5.83601,-1.6235,-8.30806,-1.16687,0.76722,-0.25771,,,,,,,,,,,,,,,,,,,,,,,,,,,,,63.43267,,,1.012451,,,,1.0092,4.78274,-4.01144,73.42838,4.96315,-51.35304,0.9997,73.93493,-2.36761,4.83248,17.00439,-16.66777,-4.0561,-53.26752,6.47221,High,High,High,,,High,High,High
272,2025-02-28,16:20:57.66,3,1,"Brown, Jack",1000121397,Right,RED_UNI,"Zerger, Justin",10051439,Right,POM_COL,Undefined,7,Bottom,2,0,0,Fastball,Four-Seam,InPlay,Undefined,LineDrive,Single,0,0,,84.56921,-1.740345,-0.707345,2050.80716,197.523213,12:30,5.70473,0.89469,5.0514,-22.81564,17.65749,5.14988,2.16137,0.65668,77.12506,-5.975432,0.202919,0.457883,86.67725,11.128071,-25.994766,2690.541101,96.50086,6.92168,-52.79709,144.10624,144.10624,-29.644801,1.317888,-2.77882,9.6767,-0.83171,50,5.52147,1.28936,-122.60688,-4.50022,-4.21455,25.06098,-17.4976,POM_COL,RED_UNI,PomonaPitzer,D3,Team,20250228-PomonaPitzer-1,0c55cf90-f633-11ef-9580-87d9c9be22a3,82.31888,9.45135,,7.44414,,,,2.54417,2.33362,-0.65605,27c5113f-7cd2-4e59-98da-f9ff0abff72f,2025-03-01,00:20:57.66,2025-02-28T16:20:57.6684032-08:00,2025-03-01T00:20:57.6684032Z,LineDrive,v3,POM_PIT,,,"Baron, Neal",10288255,Right,RED_UNI,3f05c8b7-7c0a-4770-b7a8-9c15cd92d264,55.44732,-123.71531,12.53049,5.70339,-3.72632,-8.7488,-0.89286,1.47577,-2.10728,,2.54417,112.11717,-18.42876,3.95153,-0.87939,0.18031,-0.03798,0.00655,-0.00063,2.33362,24.53575,-22.34346,2.28017,-0.45141,0.08722,-0.01587,0.00279,-0.00028,-0.65605,-54.67052,-0.00693,0.97886,-0.37135,0.10703,-0.02587,0.00491,-0.00051,,,,,,,,,,,,,,,,,,,,,,,High,High,High,High,High,,,
273,2025-02-28,16:21:33.15,4,1,"Brown, Jack",1000121397,Right,RED_UNI,"Morgan, Ben",1000115622,Left,POM_COL,Undefined,7,Bottom,2,0,0,Fastball,Four-Seam,BallCalled,Undefined,Undefined,Undefined,0,0,,83.92935,-0.862929,0.387706,2103.750327,201.279215,12:45,5.77598,1.24208,5.02108,-22.66308,18.73714,6.73052,3.07297,2.16883,75.95297,-5.098184,1.57625,0.463098,,,,,,,,,,,,-3.18071,9.94567,-1.28475,50,5.6759,-1.12869,-121.57137,-2.57615,-4.7147,25.95965,-17.43169,POM_COL,RED_UNI,PomonaPitzer,D3,Team,20250228-PomonaPitzer-1,218760e0-f633-11ef-9580-87d9c9be22a3,81.39195,,,7.97638,,,,,,,27c5113f-7cd2-4e59-98da-f9ff0abff72f,2025-03-01,00:21:33.15,2025-02-28T16:21:33.1528192-08:00,2025-03-01T00:21:33.1528192Z,,v3,POM_PIT,,,"Baron, Neal",10288255,Right,RED_UNI,f18341b7-be90-41e2-9dff-1782b1342af3,55.47316,-122.73451,12.97982,5.77382,-1.7951,-8.71584,-1.23891,-0.91744,-2.35735,,,,,,,,,,,,,,,,,,,,,,,,,,,,,,,,,,,,,,,,,,,,,,,,,,,High,High,High,,,,,
274,2025-02-28,16:21:45.99,4,2,"Brown, Jack",1000121397,Right,RED_UNI,"Morgan, Ben",1000115622,Left,POM_COL,Undefined,7,Bottom,2,1,0,Fastball,Cutter,BallCalled,Undefined,Undefined,Undefined,0,0,,83.06109,-0.641816,-0.29136,2124.250223,181.733003,12:00,6.01536,1.2221,5.06337,-22.96241,19.70773,0.54638,3.49659,0.99289,74.32313,-4.970916,-0.194792,0.470147,,,,,,,,,,,,-0.36583,10.41965,-1.19486,50,5.93716,0.58618,-120.15404,-2.06996,-0.52377,27.76036,-17.25594,POM_COL,RED_UNI,PomonaPitzer,D3,Team,20250228-PomonaPitzer-1,29296b40-f633-11ef-9580-87d9c9be22a3,80.17165,,,8.73795,,,,,,,27c5113f-7cd2-4e59-98da-f9ff0abff72f,2025-03-01,00:21:45.99,2025-02-28T16:21:45.9945472-08:00,2025-03-01T00:21:45.9945472Z,,v3,POM_PIT,,,"Baron, Neal",10288255,Right,RED_UNI,762eaac3-1cc3-4284-a93f-eec7fa5aad88,55.42822,-121.40169,13.88018,6.01276,-1.29441,-8.62797,-1.22173,0.60972,-0.26189,,,,,,,,,,,,,,,,,,,,,,,,,,,,,,,,,,,,,,,,,,,,,,,,,,,High,High,High,,,,,
275,2025-02-28,16:22:01.13,4,3,"Brown, Jack",1000121397,Right,RED_UNI,"Morgan, Ben",1000115622,Left,POM_COL,Undefined,7,Bottom,2,2,0,Fastball,Changeup,InPlay,Undefined,GroundBall,Single,0,0,,79.12338,-0.122185,-0.810008,1915.768528,225.415929,1:30,5.73448,1.04358,4.76103,-31.36273,15.36828,14.02442,3.00505,1.44415,72.13657,-5.874913,1.655444,0.49201,53.35554,-61.970801,46.409918,,,,,2.94957,2.90927,-7.732992,0.049449,-7.15985,8.03185,-0.97554,50,5.69542,1.02897,-114.70608,-1.32735,-9.50121,22.00886,-21.51567,POM_COL,RED_UNI,PomonaPitzer,D3,Team,20250228-PomonaPitzer-1,3232cdd0-f633-11ef-9580-87d9c9be22a3,76.60909,3.44578,,6.98681,,,,1.65793,3.44578,-1.72553,27c5113f-7cd2-4e59-98da-f9ff0abff72f,2025-03-01,00:22:01.13,2025-02-28T16:22:01.1300864-08:00,2025-03-01T00:22:01.1300864Z,GroundBall,v3,POM_PIT,,,"Baron, Neal",10288255,Right,RED_UNI,63509861-00cb-459e-8c23-71bed6d967e5,55.73765,-115.80174,11.00443,5.73484,-0.25624,-10.75784,-1.03854,1.50197,-4.75061,,1.65615,25.57811,,,,,,,,3.45062,-69.68347,,,,,,,,-1.7274,26.86897,,,,,,,,,,,,,,,,,,,,,,,,,,,,,,High,High,High,Low,Low,,,
276,2025-02-28,16:22:43.52,5,1,"Brown, Jack",1000121397,Right,RED_UNI,"An, Andrew",10074820,Right,POM_COL,Undefined,7,Bottom,2,0,0,Fastball,Four-Seam,StrikeCalled,Undefined,Undefined,Undefined,0,0,,83.39151,-2.176455,-2.361991,2146.487103,204.251984,12:45,5.82748,0.9701,5.04753,-22.26304,20.00265,8.29217,1.9166,-0.56805,75.06357,-6.351852,-0.898062,0.467913,,,,,,,,,,,,-4.84646,11.05804,-0.75175,50,5.60301,4.60034,-120.54971,-5.29531,-7.01756,26.93545,-16.16227,POM_COL,RED_UNI,PomonaPitzer,D3,Team,20250228-PomonaPitzer-1,4b726d50-f633-11ef-9580-87d9c9be22a3,80.5543,,,8.32795,,,,,,,27c5113f-7cd2-4e59-98da-f9ff0abff72f,2025-03-01,00:22:43.52,2025-02-28T16:22:43.5275776-08:00,2025-03-01T00:22:43.5275776Z,,v3,POM_PIT,,,"Baron, Neal",10288255,Right,RED_UNI,4c87847f-09f6-4910-a626-be4756188879,55.44659,-121.7606,13.46772,5.82473,-4.56872,-8.08114,-0.96565,4.91582,-3.50878,,,,,,,,,,,,,,,,,,,,,,,,,,,,,,,,,,,,,,,,,,,,,,,,,,,High,High,High,,,,,
277,2025-02-28,16:22:58.08,5,2,"Brown, Jack",1000121397,Right,RED_UNI,"An, Andrew",10074820,Right,POM_COL,Undefined,7,Bottom,2,0,1,Slider,Curveball,StrikeSwinging,Undefined,Undefined,Undefined,0,0,,72.95293,1.498209,0.411441,2259.818322,114.575725,9:45,5.64308,1.03329,4.36209,-45.76723,10.74162,-18.98347,3.26058,-0.15565,65.83718,-6.80837,-2.900567,0.54104,,,,,,,,,,,,9.20489,5.33803,-1.05742,50,5.75944,0.04619,-105.4829,1.16961,10.21376,20.48125,-26.25095,POM_COL,RED_UNI,PomonaPitzer,D3,Team,20250228-PomonaPitzer-1,542a2d70-f633-11ef-9580-87d9c9be22a3,69.66659,,,7.11574,,,,,,,27c5113f-7cd2-4e59-98da-f9ff0abff72f,2025-03-01,00:22:58.08,2025-02-28T16:22:58.0875264-08:00,2025-03-01T00:22:58.0875264Z,,v3,POM_PIT,,,"Baron, Neal",10288255,Right,RED_UNI,42621c1b-7dae-4eff-a2a5-8d2c803e4c24,56.13241,-106.66697,10.24063,5.64796,2.68723,-13.12547,-1.04302,-0.54428,5.10688,,,,,,,,,,,,,,,,,,,,,,,,,,,,,,,,,,,,,,,,,,,,,,,,,,,High,High,High,,,,,
278,2025-02-28,16:23:17.85,5,3,"Brown, Jack",1000121397,Right,RED_UNI,"An, Andrew",10074820,Right,POM_COL,Undefined,7,Bottom,2,0,2,Slider,Curveball,FoulBallNotFieldable,Undefined,Undefined,Undefined,0,0,,73.89944,0.420572,-1.173024,2345.610266,120.596828,10:00,5.61571,1.13139,4.42329,-42.97991,11.67942,-16.54166,2.43542,-1.36645,67.19995,-7.36039,-4.060897,0.532113,,,,,,,,,,,,7.70374,6.06115,-0.98938,50,5.61922,2.86755,-106.97334,-0.70071,8.82629,20.39163,-25.22972,POM_COL,RED_UNI,PomonaPitzer,D3,Team,20250228-PomonaPitzer-1,5ff3c170-f633-11ef-9580-87d9c9be22a3,70.83545,,,6.69948,,,,,,,27c5113f-7cd2-4e59-98da-f9ff0abff72f,2025-03-01,00:23:17.85,2025-02-28T16:23:17.8527232-08:00,2025-03-01T00:23:17.8527232Z,,v3,POM_PIT,,,"Baron, Neal",10288255,Right,RED_UNI,b56b3eb5-ae84-478f-8a7e-68854f3da566,56.07469,-108.12512,10.19582,5.61855,0.72434,-12.61486,-1.13727,2.36902,4.41314,,,,,,,,,,,,,,,,,,,,,,,,,,,,,,,,,,,,,,,,,,,,,,,,,,,High,High,High,,,,,
279,2025-02-28,16:23:50.20,5,4,"Brown, Jack",1000121397,Right,RED_UNI,"An, Andrew",10074820,Right,POM_COL,Undefined,7,Bottom,2,0,2,Slider,Curveball,StrikeSwinging,Strikeout,Undefined,Undefined,0,0,,71.71767,1.01874,-0.191386,2262.656002,79.794868,8:45,5.68692,1.17655,4.83072,-59.41066,-1.19071,-19.57788,1.7009,-0.63619,64.34898,-9.759378,-3.642924,0.549171,,,,,,,,,,,,9.45839,-0.20307,-1.14008,50,5.73782,1.12792,-103.69073,-0.15293,9.9799,22.31958,-32.38832,POM_COL,RED_UNI,PomonaPitzer,D3,Team,20250228-PomonaPitzer-1,734261f0-f633-11ef-9580-87d9c9be22a3,68.63519,,,7.36869,,,,,,,27c5113f-7cd2-4e59-98da-f9ff0abff72f,2025-03-01,00:23:50.20,2025-02-28T16:23:50.2060000-08:00,2025-03-01T00:23:50.2060000Z,,v3,POM_PIT,,,"Baron, Neal",10288255,Right,RED_UNI,c4f567d7-7318-431e-bc92-dffbbbe699b8,55.66505,-104.90306,11.15979,5.69835,1.6063,-16.19416,-1.18662,0.58584,4.98995,,,,,,,,,,,,,,,,,,,,,,,,,,,,,,,,,,,,,,,,,,,,,,,,,,,High,High,High,,,,,