PitchNo,Date,Time,PAofInning,PitchofPA,Pitcher,PitcherId,PitcherThrows,PitcherTeam,Batter,BatterId,BatterSide,BatterTeam,PitcherSet,Inning,Top/Bottom,Outs,Balls,Strikes,TaggedPitchType,AutoPitchType,PitchCall,KorBB,TaggedHitType,PlayResult,OutsOnPlay,RunsScored,Notes,RelSpeed,VertRelAngle,HorzRelAngle,SpinRate,SpinAxis,Tilt,RelHeight,RelSide,Extension,VertBreak,InducedVertBreak,HorzBreak,PlateLocHeight,PlateLocSide,ZoneSpeed,VertApprAngle,HorzApprAngle,ZoneTime,ExitSpeed,Angle,Direction,HitSpinRate,PositionAt110X,PositionAt110Y,PositionAt110Z,Distance,LastTrackedDistance,Bearing,HangTime,pfxx,pfxz,x0,y0,z0,vx0,vy0,vz0,ax0,ay0,az0,HomeTeam,AwayTeam,Stadium,Level,League,GameID,PitchUID,EffectiveVelo,MaxHeight,MeasuredDuration,SpeedDrop,PitchLastMeasuredX,PitchLastMeasuredY,PitchLastMeasuredZ,ContactPositionX,ContactPositionY,ContactPositionZ,GameUID,UTCDate,UTCTime,LocalDateTime,UTCDateTime,AutoHitType,System,HomeTeamForeignID,AwayTeamForeignID,GameForeignID,Catcher,CatcherId,CatcherThrows,CatcherTeam,PlayID,PitchTrajectoryXc0,PitchTrajectoryXc1,PitchTrajectoryXc2,PitchTrajectoryYc0,PitchTrajectoryYc1,PitchTrajectoryYc2,PitchTrajectoryZc0,PitchTrajectoryZc1,PitchTrajectoryZc2,HitSpinAxis,HitTrajectoryXc0,HitTrajectoryXc1,HitTrajectoryXc2,HitTrajectoryXc3,HitTrajectoryXc4,HitTrajectoryXc5,HitTrajectoryXc6,HitTrajectoryXc7,HitTrajectoryXc8,HitTrajectoryYc0,HitTrajectoryYc1,HitTrajectoryYc2,HitTrajectoryYc3,HitTrajectoryYc4,HitTrajectoryYc5,HitTrajectoryYc6,HitTrajectoryYc7,HitTrajectoryYc8,HitTrajectoryZc0,HitTrajectoryZc1,HitTrajectoryZc2,HitTrajectoryZc3,HitTrajectoryZc4,HitTrajectoryZc5,HitTrajectoryZc6,HitTrajectoryZc7,HitTrajectoryZc8,ThrowSpeed,PopTime,ExchangeTime,TimeToBase,CatchPositionX,CatchPositionY,CatchPositionZ,ThrowPositionX,ThrowPositionY,ThrowPositionZ,BasePositionX,BasePositionY,BasePositionZ,ThrowTrajectoryXc0,ThrowTrajectoryXc1,ThrowTrajectoryXc2,ThrowTrajectoryYc0,ThrowTrajectoryYc1,ThrowTrajectoryYc2,ThrowTrajectoryZc0,ThrowTrajectoryZc1,ThrowTrajectoryZc2,PitchReleaseConfidence,PitchLocationConfidence,PitchMovementConfidence,HitLaunchConfidence,HitLandingConfidence,CatcherThrowCatchConfidence,CatcherThrowReleaseConfidence,CatcherThrowLocationConfidence
1,2025-03-09,10:02:06.92,1,1,"Collins, Ethan",1000115647,Right,POM_COL,"Ramos, Emiliano",,Right,HOU_KYL1,Undefined,1,Top,0,0,0,Cutter,Slider,StrikeCalled,Undefined,Undefined,Undefined,0,0,,80.49167,0.339116,-1.805879,2530.699121,106.632689,9:30,5.07475,2.58646,5.05359,-41.54876,3.14729,-5.68268,1.93235,0.40917,73.59905,-7.214245,-2.809967,0.481178,,,,,,,,,,,,2.29339,1.90496,-2.40979,50,5.07415,3.9196,-116.70037,-0.80809,3.1498,22.80011,-29.55771,POM_COL,HOU_KYL1,PomonaPitzer,D3,Team,20250309-PomonaPitzer-3,3bb5ca70-fd08-11ef-8396-49d062319fe5,78.33365,,,6.89262,,,,,,,4a7971cc-f0d5-4adf-be21-3c3eee1bd4f8,2025-03-09,17:02:06.92,2025-03-09T10:02:06.9207552-07:00,2025-03-09T17:02:06.9207552Z,,v3,POM_PIT,58339,,"Hattenburg, Xavier",10277269,Right,POM_COL,f387cb4d-9f23-4def-8dc3-f180017129c7,55.44485,-117.75934,11.40005,5.0798,0.56474,-14.77886,-2.58844,3.7733,1.5749,,,,,,,,,,,,,,,,,,,,,,,,,,,,,,,,,,,,,,,,,,,,,,,,,,,High,High,High,,,,,
2,2025-03-09,10:02:22.90,1,2,"Collins, Ethan",1000115647,Right,POM_COL,"Ramos, Emiliano",,Right,HOU_KYL1,Undefined,1,Top,0,0,1,TwoSeamFastBall,Changeup,FoulBallNotFieldable,Undefined,Undefined,Undefined,0,0,,85.66907,0.603867,-3.770758,2257.784578,269.679434,3:00,4.79659,2.56319,5.26977,-37.63136,1.20232,9.70697,2.22914,-0.17508,78.86317,-6.241645,-2.053015,0.448514,117.18618,-56.722627,-94.973466,,,,,2.72119,2.49208,-29.345859,0.016773,-5.87205,0.7489,-2.22559,50,4.82386,7.77293,-124.22434,-0.09237,-9.23712,23.32739,-30.99599,POM_COL,HOU_KYL1,PomonaPitzer,D3,Team,20250309-PomonaPitzer-3,453dd2e0-fd08-11ef-8396-49d062319fe5,84.03858,2.41319,,6.8059,,,,2.50931,2.41319,0.24424,4a7971cc-f0d5-4adf-be21-3c3eee1bd4f8,2025-03-09,17:02:22.90,2025-03-09T10:02:22.9066240-07:00,2025-03-09T17:02:22.9066240Z,GroundBall,v3,POM_PIT,58339,,"Hattenburg, Xavier",10277269,Right,POM_COL,1fd0d260-3627-4b17-b9ca-3a45617e52ad,55.23195,-125.20296,11.66369,4.80045,1.20797,-15.498,-2.55981,8.16045,-4.61856,,2.50933,-8.18598,,,,,,,,2.41367,-143.86971,,,,,,,,0.24456,-94.06791,,,,,,,,,,,,,,,,,,,,,,,,,,,,,,High,High,High,Low,Low,,,
3,2025-03-09,10:02:51.61,1,3,"Collins, Ethan",1000115647,Right,POM_COL,"Ramos, Emiliano",,Right,HOU_KYL1,Undefined,1,Top,0,0,2,Slider,Curveball,BallCalled,Undefined,Undefined,Undefined,0,0,,76.50507,1.875617,0.186707,2796.582076,75.008675,8:30,4.90147,2.45839,4.88373,-52.74117,-3.07811,-17.328,2.28151,1.19104,70.1348,-7.648771,-2.867769,0.507211,,,,,,,,,,,,8.58374,-1.57055,-2.46134,50,5.04099,0.34838,-110.97566,1.74604,10.68059,20.27601,-34.12824,POM_COL,HOU_KYL1,PomonaPitzer,D3,Team,20250309-PomonaPitzer-3,56694540-fd08-11ef-8396-49d062319fe5,74.3132,,,6.37027,,,,,,,4a7971cc-f0d5-4adf-be21-3c3eee1bd4f8,2025-03-09,17:02:51.61,2025-03-09T10:02:51.6153856-07:00,2025-03-09T17:02:51.6153856Z,,v3,POM_PIT,58339,,"Hattenburg, Xavier",10277269,Right,POM_COL,23c256f6-f48a-49b0-b9bf-eb768c1bcab3,55.61757,-111.99733,10.138,4.90969,3.4657,-17.06412,-2.46533,-0.1898,5.3403,,,,,,,,,,,,,,,,,,,,,,,,,,,,,,,,,,,,,,,,,,,,,,,,,,,High,High,High,,,,,
4,2025-03-09,10:03:09.19,1,4,"Collins, Ethan",1000115647,Right,POM_COL,"Ramos, Emiliano",,Right,HOU_KYL1,Undefined,1,Top,0,1,2,TwoSeamFastBall,Changeup,FoulBallNotFieldable,Undefined,Undefined,Undefined,0,0,,85.85402,1.264897,-3.520063,2138.764722,288.577051,3:30,4.8429,2.5217,5.45894,-39.90664,-1.92756,8.67981,2.70378,-0.05408,79.82665,-5.985405,-1.978313,0.443551,,,,,,,,,,,,-5.22457,-1.02059,-2.21749,50,4.92652,7.31299,-124.6936,1.29104,-8.37075,20.93254,-33.80922,POM_COL,HOU_KYL1,PomonaPitzer,D3,Team,20250309-PomonaPitzer-3,60d59330-fd08-11ef-8396-49d062319fe5,84.97881,,,6.02737,,,,,,,4a7971cc-f0d5-4adf-be21-3c3eee1bd4f8,2025-03-09,17:03:09.19,2025-03-09T10:03:09.1987968-07:00,2025-03-09T17:03:09.1987968Z,,v3,POM_PIT,58339,,"Hattenburg, Xavier",10277269,Right,POM_COL,9289547a-cf7a-4d94-b74f-be142ec5e70c,55.04459,-125.53759,10.46627,4.84699,2.65421,-16.90461,-2.51915,7.65049,-4.18538,,,,,,,,,,,,,,,,,,,,,,,,,,,,,,,,,,,,,,,,,,,,,,,,,,,High,High,High,,,,,
5,2025-03-09,10:03:43.63,1,5,"Collins, Ethan",1000115647,Right,POM_COL,"Ramos, Emiliano",,Right,HOU_KYL1,Undefined,1,Top,0,1,2,Curveball,Curveball,BallCalled,Undefined,Undefined,Undefined,0,0,,76.33709,0.228076,-5.00083,2743.295889,39.019822,7:15,5.31888,2.1798,5.5232,-65.05236,-14.79658,-13.50879,0.11191,-3.63325,69.25045,-11.522428,-7.398209,0.510228,,,,,,,,,,,,5.03374,-7.14496,-1.73427,50,5.29516,10.15208,-110.25645,-1.70842,6.00671,25.19196,-40.70004,POM_COL,HOU_KYL1,PomonaPitzer,D3,Team,20250309-PomonaPitzer-3,7563b890-fd08-11ef-8396-49d062319fe5,73.87369,,,7.08665,,,,,,,4a7971cc-f0d5-4adf-be21-3c3eee1bd4f8,2025-03-09,17:03:43.63,2025-03-09T10:03:43.6302848-07:00,2025-03-09T17:03:43.6302848Z,,v3,POM_PIT,58339,,"Hattenburg, Xavier",10277269,Right,POM_COL,6dfd22d4-563e-4d67-b442-900a09072c2b,54.97868,-111.3882,12.59598,5.33084,0.12003,-20.35002,-2.18429,9.88223,3.00335,,,,,,,,,,,,,,,,,,,,,,,,,,,,,,,,,,,,,,,,,,,,,,,,,,,Medium,Medium,Medium,,,,,
6,2025-03-09,10:04:05.21,1,6,"Collins, Ethan",1000115647,Right,POM_COL,"Ramos, Emiliano",,Right,HOU_KYL1,Undefined,1,Top,0,2,2,TwoSeamFastBall,Slider,BallCalled,Undefined,Undefined,Undefined,0,0,,84.7743,0.908726,-5.446292,2358.349192,231.086576,1:45,4.89324,2.39428,5.27704,-36.6788,3.39201,2.65756,2.69412,-2.515,77.6049,-5.772007,-4.978552,0.455602,,,,,,,,,,,,-2.8198,1.83894,-1.89763,50,4.94973,11.56529,-122.51172,0.6047,-4.29215,23.85704,-29.37492,POM_COL,HOU_KYL1,PomonaPitzer,D3,Team,20250309-PomonaPitzer-3,8240df70-fd08-11ef-8396-49d062319fe5,82.7311,,,7.1694,,,,,,,4a7971cc-f0d5-4adf-be21-3c3eee1bd4f8,2025-03-09,17:04:05.21,2025-03-09T10:04:05.2199936-07:00,2025-03-09T17:04:05.2199936Z,,v3,POM_PIT,58339,,"Hattenburg, Xavier",10277269,Right,POM_COL,f9980054-2f41-4e38-aa6b-cd9ede015d1e,55.22174,-123.52438,11.92852,4.8976,1.85158,-14.68746,-2.3924,11.74748,-2.14608,,,,,,,,,,,,,,,,,,,,,,,,,,,,,,,,,,,,,,,,,,,,,,,,,,,Medium,Medium,Medium,,,,,
7,2025-03-09,10:04:22.15,1,7,"Collins, Ethan",1000115647,Right,POM_COL,"Ramos, Emiliano",,Right,HOU_KYL1,Undefined,1,Top,0,3,2,Cutter,Slider,BallCalled,Walk,Undefined,Undefined,0,0,,80.69025,-1.505249,-3.884563,2576.79813,113.242897,9:45,5.0295,2.58057,5.40822,-39.69057,5.11922,-8.02567,0.30806,-1.7334,72.94557,-8.764995,-5.307535,0.48179,,,,,,,,,,,,2.72638,3.54292,-2.22845,50,4.86775,8.24047,-116.60649,-4.40694,3.67003,26.48868,-27.40487,POM_COL,HOU_KYL1,PomonaPitzer,D3,Team,20250309-PomonaPitzer-3,8c5856a0-fd08-11ef-8396-49d062319fe5,78.23415,,,7.74468,,,,,,,4a7971cc-f0d5-4adf-be21-3c3eee1bd4f8,2025-03-09,17:04:22.15,2025-03-09T10:04:22.1528576-07:00,2025-03-09T17:04:22.1528576Z,,v3,POM_PIT,58339,,"Hattenburg, Xavier",10277269,Right,POM_COL,2ee37e5d-9bcf-4053-869b-8e73574a8e60,55.08934,-117.75692,13.24434,5.0333,-3.21672,-13.70243,-2.58288,8.08108,1.83502,,,,,,,,,,,,,,,,,,,,,,,,,,,,,,,,,,,,,,,,,,,,,,,,,,,High,High,High,,,,,
8,2025-03-09,10:04:50.98,2,1,"Collins, Ethan",1000115647,Right,POM_COL,"Vivian, Anthony",,Right,HOU_KYL1,Undefined,1,Top,0,0,0,Cutter,Slider,StrikeCalled,Undefined,Undefined,Undefined,0,0,,81.00805,0.907634,-3.045806,2632.004,66.655979,8:15,5.0356,2.58146,5.38974,-45.97262,-2.57784,-8.9865,2.05651,-1.0248,74.61385,-7.443342,-4.640176,0.474122,,,,,,,,,,,,3.68669,-1.15299,-2.30263,50,5.08428,6.61595,-117.5066,0.24114,5.16113,22.00555,-33.78814,POM_COL,HOU_KYL1,PomonaPitzer,D3,Team,20250309-PomonaPitzer-3,9d7e71d0-fd08-11ef-8396-49d062319fe5,79.49945,,,6.3942,,,,,,,4a7971cc-f0d5-4adf-be21-3c3eee1bd4f8,2025-03-09,17:04:50.98,2025-03-09T10:04:50.9832704-07:00,2025-03-09T17:04:50.9832704Z,,v3,POM_PIT,58339,,"Hattenburg, Xavier",10277269,Right,POM_COL,6899dd99-8f27-4b2b-a624-e214239a0842,55.11126,-118.45992,11.00278,5.04213,1.7049,-16.89407,-2.5844,6.39236,2.58056,,,,,,,,,,,,,,,,,,,,,,,,,,,,,,,,,,,,,,,,,,,,,,,,,,,High,High,High,,,,,
9,2025-03-09,10:05:10.23,2,2,"Collins, Ethan",1000115647,Right,POM_COL,"Vivian, Anthony",,Right,HOU_KYL1,Undefined,1,Top,0,0,1,Cutter,Slider,BallCalled,Undefined,Undefined,Undefined,0,0,,80.97046,0.397232,-3.946243,2639.319982,131.657732,10:30,5.08753,2.51962,5.36237,-36.32246,7.64768,-6.95378,2.43405,-1.76625,73.75288,-6.268199,-5.175973,0.477255,,,,,,,,,,,,2.29764,4.16095,-2.15962,50,5.09776,8.36907,-117.17157,-0.41587,3.16975,23.72234,-26.43368,POM_COL,HOU_KYL1,PomonaPitzer,D3,Team,20250309-PomonaPitzer-3,a8fbba90-fd08-11ef-8396-49d062319fe5,78.97758,,,7.21758,,,,,,,4a7971cc-f0d5-4adf-be21-3c3eee1bd4f8,2025-03-09,17:05:10.23,2025-03-09T10:05:10.2391808-07:00,2025-03-09T17:05:10.2391808Z,,v3,POM_PIT,58339,,"Hattenburg, Xavier",10277269,Right,POM_COL,6802552c-ba5a-46a7-8c70-2d05b06abd3d,55.13502,-118.20662,11.86117,5.09074,0.73749,-13.21684,-2.52177,8.23076,1.58488,,,,,,,,,,,,,,,,,,,,,,,,,,,,,,,,,,,,,,,,,,,,,,,,,,,High,High,High,,,,,
10,2025-03-09,10:05:30.81,2,3,"Collins, Ethan",1000115647,Right,POM_COL,"Vivian, Anthony",,Right,HOU_KYL1,Undefined,1,Top,0,1,1,Curveball,Curveball,StrikeCalled,Undefined,Undefined,Undefined,0,0,,73.14295,1.723355,-0.432321,2573.644844,52.073991,7:45,5.30001,2.35969,5.63606,-64.25358,-10.86186,-16.28965,1.5539,0.59887,66.74731,-10.00125,-3.34857,0.525906,,,,,,,,,,,,8.11162,-5.51311,-2.31234,50,5.40565,1.38963,-106.15535,1.17508,9.11072,20.83649,-38.36619,POM_COL,HOU_KYL1,PomonaPitzer,D3,Team,20250309-PomonaPitzer-3,b54b6e80-fd08-11ef-8396-49d062319fe5,71.67138,,,6.39564,,,,,,,4a7971cc-f0d5-4adf-be21-3c3eee1bd4f8,2025-03-09,17:05:30.81,2025-03-09T10:05:30.8119040-07:00,2025-03-09T17:05:30.8119040Z,,v3,POM_PIT,58339,,"Hattenburg, Xavier",10277269,Right,POM_COL,2f003665-f5cd-4efb-8bc0-038db7d798dc,54.86643,-107.10629,10.41825,5.31207,2.92604,-19.18309,-2.36627,0.97384,4.55536,,,,,,,,,,,,,,,,,,,,,,,,,,,,,,,,,,,,,,,,,,,,,,,,,,,High,High,High,,,,,
11,2025-03-09,10:05:53.60,2,4,"Collins, Ethan",1000115647,Right,POM_COL,"Vivian, Anthony",,Right,HOU_KYL1,Undefined,1,Top,0,1,2,Slider,Curveball,InPlay,Undefined,FlyBall,Double,0,1,,76.59378,1.624522,-1.322586,2677.586448,90.126728,9:00,4.99384,2.47955,5.32592,-46.9388,1.42043,-12.27072,2.60749,0.2157,70.74826,-6.919556,-3.500779,0.500508,105.75699,28.372047,-22.30457,,102.01207,56.91822,-41.15074,368.91344,361.91155,-23.297982,5.144116,5.87126,0.64244,-2.35052,50,5.10653,3.03059,-111.2484,1.60568,7.39998,18.89113,-31.36434,POM_COL,HOU_KYL1,PomonaPitzer,D3,Team,20250309-PomonaPitzer-3,c2d8f9a0-fd08-11ef-8396-49d062319fe5,75.30835,88.08542,,5.84553,,,,3.01511,2.57905,-0.21504,4a7971cc-f0d5-4adf-be21-3c3eee1bd4f8,2025-03-09,17:05:53.60,2025-03-09T10:05:53.6081920-07:00,2025-03-09T17:05:53.6081920Z,FlyBall,v3,POM_PIT,58339,,"Hattenburg, Xavier",10277269,Right,POM_COL,c9eed93f-d046-4c79-82a2-ee354d1bd6f2,55.17627,-112.12394,9.44556,4.99842,3.05931,-15.68217,-2.48303,2.68762,3.69999,,3.01404,126.28675,-27.98587,7.1608,-1.76847,0.39875,-0.06836,0.00709,-0.00032,2.58158,73.65756,-17.80528,0.83983,0.12616,-0.10469,0.02643,-0.00306,0.00013,-0.21481,-51.80126,11.10295,-2.93128,0.72316,-0.15803,0.02599,-0.00261,0.00011,,,,,,,,,,,,,,,,,,,,,,,Medium,Medium,Medium,Medium,Medium,,,
12,2025-03-09,10:06:42.56,3,1,"Collins, Ethan",1000115647,Right,POM_COL,"Olver, Jack",,Left,HOU_KYL1,Undefined,1,Top,0,0,0,TwoSeamFastBall,Changeup,StrikeCalled,Undefined,Undefined,Undefined,0,0,,84.93642,0.081112,-2.681137,2221.056685,263.201133,2:45,4.68262,2.67658,5.72065,-36.14659,2.57217,12.10347,1.74604,1.18595,78.35828,-6.555072,-0.51643,0.44785,,,,,,,,,,,,-6.83603,1.65004,-2.45995,50,4.66702,5.28116,-123.37449,-1.08207,-10.61656,22.79843,-29.61149,POM_COL,HOU_KYL1,PomonaPitzer,D3,Team,20250309-PomonaPitzer-3,e005fff0-fd08-11ef-8396-49d062319fe5,84.16316,,,6.57814,,,,,,,4a7971cc-f0d5-4adf-be21-3c3eee1bd4f8,2025-03-09,17:06:42.56,2025-03-09T10:06:42.5617920-07:00,2025-03-09T17:06:42.5617920Z,,v3,POM_PIT,58339,,"Hattenburg, Xavier",10277269,Right,POM_COL,7ac21e78-ea64-4807-88b7-c922d272ba8a,54.7801,-124.25467,11.39922,4.68673,0.06114,-14.80575,-2.67176,5.69104,-5.30828,,,,,,,,,,,,,,,,,,,,,,,,,,,,,,,,,,,,,,,,,,,,,,,,,,,High,High,High,,,,,
13,2025-03-09,10:07:00.24,3,2,"Collins, Ethan",1000115647,Right,POM_COL,"Olver, Jack",,Left,HOU_KYL1,Undefined,1,Top,0,0,1,TwoSeamFastBall,Changeup,InPlay,Undefined,FlyBall,Out,1,0,,84.45971,0.705419,-3.556665,2230.891758,275.60157,3:15,4.61678,2.78008,5.84622,-38.9773,0.38673,8.77867,2.02551,0.20221,77.25223,-6.472978,-1.985649,0.451566,94.18505,32.901669,-0.901327,,109.64783,66.07591,-8.79443,327.10441,324.94075,-13.573204,5.342257,-5.52591,0.32732,-2.49571,50,4.65119,7.26776,-122.50655,0.1926,-8.38212,24.62106,-31.67753,POM_COL,HOU_KYL1,PomonaPitzer,D3,Team,20250309-PomonaPitzer-3,ea8c8ca0-fd08-11ef-8396-49d062319fe5,83.47049,92.04283,,7.20747,,,,2.53335,2.15067,-0.24125,4a7971cc-f0d5-4adf-be21-3c3eee1bd4f8,2025-03-09,17:07:00.24,2025-03-09T10:07:00.2491392-07:00,2025-03-09T17:07:00.2491392Z,FlyBall,v3,POM_PIT,58339,,"Hattenburg, Xavier",10277269,Right,POM_COL,a617c9e3-e6c4-45ef-826c-2c9232e3752b,54.65479,-123.43851,12.31053,4.6212,1.39166,-15.83876,-2.77681,7.58505,-4.19106,153.256567,2.53655,115.90581,-24.31291,5.38116,-1.01648,0.16433,-0.02361,0.00257,-0.00013,2.1499,75.04828,-17.86981,1.2067,-0.09925,-0.04667,0.02178,-0.0034,0.00018,-0.23942,-1.86447,-6.56292,1.73777,-0.31447,0.03463,-0.00173,1E-05,0,,,,,,,,,,,,,,,,,,,,,,,High,High,High,Low,Medium,,,
14,2025-03-09,10:07:45.25,4,1,"Collins, Ethan",1000115647,Right,POM_COL,"Born, Mac",,Right,HOU_KYL1,Undefined,1,Top,1,0,0,Cutter,Slider,FoulBallNotFieldable,Undefined,Undefined,Undefined,0,0,,81.51397,0.308198,-3.707833,2658.563646,121.059421,10:00,5.03484,2.59278,5.22665,-37.68396,5.81737,-7.30166,2.18486,-1.50631,74.41696,-6.572589,-4.996817,0.474704,,,,,,,,,,,,2.57961,3.19697,-2.24477,50,5.03517,7.94727,-118.02267,-0.67814,3.61515,23.81006,-27.69374,POM_COL,HOU_KYL1,PomonaPitzer,D3,Team,20250309-PomonaPitzer-3,05684ff0-fd09-11ef-8396-49d062319fe5,79.40204,,,7.09701,,,,,,,4a7971cc-f0d5-4adf-be21-3c3eee1bd4f8,2025-03-09,17:07:45.25,2025-03-09T10:07:45.2590080-07:00,2025-03-09T17:07:45.2590080Z,,v3,POM_PIT,58339,,"Hattenburg, Xavier",10277269,Right,POM_COL,843e17e7-5898-48b3-ada2-9f3a3c1e8f9b,55.273,-119.0817,11.90503,5.03794,0.55363,-13.84687,-2.59467,7.78648,1.80758,,,,,,,,,,,,,,,,,,,,,,,,,,,,,,,,,,,,,,,,,,,,,,,,,,,High,High,High,,,,,
15,2025-03-09,10:08:03.72,4,2,"Collins, Ethan",1000115647,Right,POM_COL,"Born, Mac",,Right,HOU_KYL1,Undefined,1,Top,1,0,1,Curveball,Curveball,StrikeCalled,Undefined,Undefined,Undefined,0,0,,75.04676,1.623405,-0.514245,2761.336549,53.624639,7:45,5.32368,2.33778,5.56973,-62.20948,-11.3691,-17.79639,1.65647,0.37437,68.44647,-9.71211,-3.695818,0.513187,,,,,,,,,,,,8.82308,-5.74477,-2.28155,50,5.42291,1.64308,-108.91372,1.05657,10.43187,21.92686,-38.96631,POM_COL,HOU_KYL1,PomonaPitzer,D3,Team,20250309-PomonaPitzer-3,106f0920-fd09-11ef-8396-49d062319fe5,73.44773,,,6.60029,,,,,,,4a7971cc-f0d5-4adf-be21-3c3eee1bd4f8,2025-03-09,17:08:03.72,2025-03-09T10:08:03.7286400-07:00,2025-03-09T17:08:03.7286400Z,,v3,POM_PIT,58339,,"Hattenburg, Xavier",10277269,Right,POM_COL,d5b0afa3-64f5-4444-9232-e90cc1ce9697,54.93288,-109.90233,10.96343,5.33566,2.81344,-19.48315,-2.34503,1.17274,5.21594,,,,,,,,,,,,,,,,,,,,,,,,,,,,,,,,,,,,,,,,,,,,,,,,,,,High,High,High,,,,,
16,2025-03-09,10:08:21.91,4,3,"Collins, Ethan",1000115647,Right,POM_COL,"Born, Mac",,Right,HOU_KYL1,Undefined,1,Top,1,0,2,Curveball,Curveball,InPlay,Undefined,GroundBall,Error,0,1,,77.31287,0.746433,-1.977899,2716.080639,67.681523,8:15,5.4136,2.25645,5.79617,-55.73566,-7.88276,-23.34304,1.46371,-1.52929,70.22519,-9.453605,-6.159551,0.497881,48.78315,-44.449919,-21.658677,,,,,4.98737,4.98737,7.685119,0.035084,11.35103,-3.91441,-2.07921,50,5.44145,4.72246,-112.14642,-0.30594,14.11315,24.76371,-37.04099,POM_COL,HOU_KYL1,PomonaPitzer,D3,Team,20250309-PomonaPitzer-3,1b438ec0-fd09-11ef-8396-49d062319fe5,75.70571,1.76736,,7.08768,,,,3.26814,1.76736,1.33189,4a7971cc-f0d5-4adf-be21-3c3eee1bd4f8,2025-03-09,17:08:21.91,2025-03-09T10:08:21.9101184-07:00,2025-03-09T17:08:21.9101184Z,GroundBall,v3,POM_PIT,58339,,"Hattenburg, Xavier",10277269,Right,POM_COL,f474f7ce-86cb-42f1-83c1-6a8414031243,54.70631,-113.18088,12.38186,5.42191,1.24138,-18.5205,-2.26417,4.13291,7.05658,,3.2667,47.72601,,,,,,,,1.76888,-50.3748,,,,,,,,1.33247,-18.95263,,,,,,,,,,,,,,,,,,,,,,,,,,,,,,High,High,High,Estimated,Estimated,,,
17,2025-03-09,10:09:01.56,5,1,"Collins, Ethan",1000115647,Right,POM_COL,"Seaman, George",,Left,HOU_KYL1,Undefined,1,Top,1,0,0,TwoSeamFastBall,Slider,BallCalled,Undefined,Undefined,Undefined,0,0,,84.00728,2.432813,-1.44132,2405.429336,194.3317,12:30,4.84922,2.60109,5.08869,-35.50837,4.78481,0.94658,4.18524,1.32122,77.67656,-4.02544,-1.274143,0.456864,,,,,,,,,,,,-0.80925,2.14012,-2.46553,50,5.05143,3.02786,-121.96786,3.86043,-1.23765,20.55967,-28.90106,POM_COL,HOU_KYL1,PomonaPitzer,D3,Team,20250309-PomonaPitzer-3,32d900b0-fd09-11ef-8396-49d062319fe5,82.50251,,,6.33072,,,,,,,4a7971cc-f0d5-4adf-be21-3c3eee1bd4f8,2025-03-09,17:09:01.56,2025-03-09T10:09:01.5663104-07:00,2025-03-09T17:09:01.5663104Z,,v3,POM_PIT,58339,,"Hattenburg, Xavier",10277269,Right,POM_COL,bff37bf8-8afa-42f4-bc05-b6407bb8bb37,55.41192,-122.87674,10.27984,4.85254,5.13805,-14.45053,-2.60059,3.08257,-0.61883,,,,,,,,,,,,,,,,,,,,,,,,,,,,,,,,,,,,,,,,,,,,,,,,,,,High,High,High,,,,,
18,2025-03-09,10:09:20.88,5,2,"Collins, Ethan",1000115647,Right,POM_COL,"Seaman, George",,Left,HOU_KYL1,Undefined,1,Top,1,1,0,TwoSeamFastBall,Slider,StrikeCalled,Undefined,Undefined,Undefined,0,0,,82.9138,2.18497,-2.052386,2296.652201,249.70017,2:15,4.77804,2.63776,5.20157,-38.78282,2.56886,3.80646,3.60351,1.02379,76.46059,-4.875224,-1.378863,0.462826,,,,,,,,,,,,-2.40662,1.09784,-2.45063,50,4.95114,4.15128,-120.33918,3.17716,-3.56811,20.9327,-30.54635,POM_COL,HOU_KYL1,PomonaPitzer,D3,Team,20250309-PomonaPitzer-3,3e5d4e50-fd09-11ef-8396-49d062319fe5,81.43973,,,6.45321,,,,,,,4a7971cc-f0d5-4adf-be21-3c3eee1bd4f8,2025-03-09,17:09:20.88,2025-03-09T10:09:20.8855040-07:00,2025-03-09T17:09:20.8855040Z,,v3,POM_PIT,58339,,"Hattenburg, Xavier",10277269,Right,POM_COL,53003dee-3b27-48eb-94cb-bba37fb357b6,55.29902,-121.25743,10.46635,4.78238,4.51712,-15.27318,-2.63617,4.30781,-1.78406,,,,,,,,,,,,,,,,,,,,,,,,,,,,,,,,,,,,,,,,,,,,,,,,,,,High,High,High,,,,,
19,2025-03-09,10:09:38.03,5,3,"Collins, Ethan",1000115647,Right,POM_COL,"Seaman, George",,Left,HOU_KYL1,Undefined,1,Top,1,1,1,Cutter,Slider,StrikeCalled,Undefined,Undefined,Undefined,0,0,,80.17059,1.042224,-0.750478,1329.992259,109.540323,9:45,4.96417,2.7013,5.22117,-39.1964,5.75866,-11.94788,2.6779,1,72.84449,-6.146816,-2.86806,0.48257,,,,,,,,,,,,5.71327,3.02134,-2.6228,50,5.03132,2.02165,-116.22971,0.75496,7.74556,23.60638,-28.07797,POM_COL,HOU_KYL1,PomonaPitzer,D3,Team,20250309-PomonaPitzer-3,489bae70-fd09-11ef-8396-49d062319fe5,78.10765,,,7.3261,,,,,,,4a7971cc-f0d5-4adf-be21-3c3eee1bd4f8,2025-03-09,17:09:38.03,2025-03-09T10:09:38.0353024-07:00,2025-03-09T17:09:38.0353024Z,,v3,POM_PIT,58339,,"Hattenburg, Xavier",10277269,Right,POM_COL,3b0ffafc-287f-4110-8db3-161c121f72c7,55.27634,-117.29644,11.80319,4.96854,2.02376,-14.03898,-2.70625,1.67164,3.87278,,,,,,,,,,,,,,,,,,,,,,,,,,,,,,,,,,,,,,,,,,,,,,,,,,,High,High,High,,,,,
20,2025-03-09,10:09:57.56,5,4,"Collins, Ethan",1000115647,Right,POM_COL,"Seaman, George",,Left,HOU_KYL1,Undefined,1,Top,1,1,2,TwoSeamFastBall,Changeup,InPlay,Undefined,GroundBall,Single,0,0,,84.79114,1.044081,-2.861874,2194.743671,284.670819,3:30,4.7648,2.58411,5.6485,-39.87042,-0.83906,7.58315,2.41744,0.54443,78.07368,-6.254973,-1.508601,0.449654,100.08846,-5.096509,27.96279,,,,,30.7296,30.7296,24.689174,0.195404,-4.62563,-0.39945,-2.34627,50,4.82769,5.84849,-123.11664,0.84208,-7.1407,23.12344,-32.79071,POM_COL,HOU_KYL1,PomonaPitzer,D3,Team,20250309-PomonaPitzer-3,543d4810-fd09-11ef-8396-49d062319fe5,83.82545,2.5512,,6.71745,,,,2.65478,2.5512,-0.57738,4a7971cc-f0d5-4adf-be21-3c3eee1bd4f8,2025-03-09,17:09:57.56,2025-03-09T10:09:57.5676416-07:00,2025-03-09T17:09:57.5676416Z,GroundBall,v3,POM_PIT,58339,,"Hattenburg, Xavier",10277269,Right,POM_COL,1030b7cd-6d1a-44c3-b403-309ffe57f457,54.85342,-124.02485,11.56172,4.76932,2.12998,-16.39535,-2.58149,6.12895,-3.57035,,2.64991,129.30014,,,,,,,,2.55169,-13.05605,,,,,,,,-0.57996,68.64243,,,,,,,,,,,,,,,,,,,,,,,,,,,,,,High,High,High,Estimated,Estimated,,,
21,2025-03-09,10:10:38.14,6,1,"Collins, Ethan",1000115647,Right,POM_COL,"Andrew, Rajkovich",,Right,HOU_KYL1,Undefined,1,Top,1,0,0,Curveball,Curveball,BallCalled,Undefined,Undefined,Undefined,0,0,,73.99485,2.888605,0.887207,2581.836371,65.356264,8:15,5.35391,2.39764,5.51983,-60.15881,-8.14945,-21.38871,3.04409,1.44484,67.70423,-8.086334,-2.927147,0.519053,,,,,,,,,,,,11.01229,-4.42185,-2.46029,50,5.56535,-0.86596,-107.37439,3.47725,12.78314,19.58081,-37.30695,POM_COL,HOU_KYL1,PomonaPitzer,D3,Team,20250309-PomonaPitzer-3,6c742a20-fd09-11ef-8396-49d062319fe5,72.61764,,,6.29062,,,,,,,4a7971cc-f0d5-4adf-be21-3c3eee1bd4f8,2025-03-09,17:10:38.14,2025-03-09T10:10:38.1490688-07:00,2025-03-09T17:10:38.1490688Z,,v3,POM_PIT,58339,,"Hattenburg, Xavier",10277269,Right,POM_COL,40afc5bf-693d-45b2-b2ff-01b25b822c6d,54.98352,-108.27937,9.79041,5.3648,5.20149,-18.65348,-2.40661,-1.45677,6.39157,,,,,,,,,,,,,,,,,,,,,,,,,,,,,,,,,,,,,,,,,,,,,,,,,,,High,High,High,,,,,
22,2025-03-09,10:10:57.99,6,2,"Collins, Ethan",1000115647,Right,POM_COL,"Andrew, Rajkovich",,Right,HOU_KYL1,Undefined,1,Top,1,1,0,Slider,Slider,StrikeCalled,Undefined,Undefined,Undefined,0,0,,79.55519,1.768,-0.921324,2848.713097,90.127329,9:00,5.04884,2.41544,5.2052,-43.9712,1.4726,-20.5817,3.04808,-0.16626,72.78085,-6.247289,-4.56527,0.485187,,,,,,,,,,,,9.99233,0.66039,-2.31407,50,5.17946,2.70184,-115.4207,2.01907,13.42837,22.24359,-31.28655,POM_COL,HOU_KYL1,PomonaPitzer,D3,Team,20250309-PomonaPitzer-3,78414090-fd09-11ef-8396-49d062319fe5,77.68649,,,6.77434,,,,,,,4a7971cc-f0d5-4adf-be21-3c3eee1bd4f8,2025-03-09,17:10:57.99,2025-03-09T10:10:57.9935744-07:00,2025-03-09T17:10:57.9935744Z,,v3,POM_PIT,58339,,"Hattenburg, Xavier",10277269,Right,POM_COL,8f7554e8-3e05-4599-ad27-cbea1304a875,55.29545,-116.43675,11.12179,5.05459,3.44819,-15.64327,-2.42347,2.08845,6.71418,,,,,,,,,,,,,,,,,,,,,,,,,,,,,,,,,,,,,,,,,,,,,,,,,,,High,High,High,,,,,
23,2025-03-09,10:11:17.08,6,3,"Collins, Ethan",1000115647,Right,POM_COL,"Andrew, Rajkovich",,Right,HOU_KYL1,Undefined,1,Top,1,1,1,Slider,Curveball,BallCalled,Undefined,Undefined,Undefined,0,0,,75.49421,0.098696,-4.430442,2831.731097,77.56804,8:30,4.9012,2.79053,5.54871,-52.23727,-2.385,-17.39198,0.6406,-2.80724,70.05984,-9.34689,-7.514322,0.508176,,,,,,,,,,,,7.65311,-0.87634,-2.39428,50,4.87477,9.09975,-109.40431,-1.4649,9.26868,19.43781,-33.2354,POM_COL,HOU_KYL1,PomonaPitzer,D3,Team,20250309-PomonaPitzer-3,83ad2430-fd09-11ef-8396-49d062319fe5,74.17204,,,5.43437,,,,,,,4a7971cc-f0d5-4adf-be21-3c3eee1bd4f8,2025-03-09,17:11:17.08,2025-03-09T10:11:17.0846720-07:00,2025-03-09T17:11:17.0846720Z,,v3,POM_PIT,58339,,"Hattenburg, Xavier",10277269,Right,POM_COL,4cd5b9ad-c455-4ecc-9ea3-98e3fa38f49c,54.95433,-110.28103,9.7189,4.90703,0.03415,-16.6177,-2.79529,8.68169,4.63434,,,,,,,,,,,,,,,,,,,,,,,,,,,,,,,,,,,,,,,,,,,,,,,,,,,High,High,High,,,,,
24,2025-03-09,10:11:38.01,6,4,"Collins, Ethan",1000115647,Right,POM_COL,"Andrew, Rajkovich",,Right,HOU_KYL1,Undefined,1,Top,1,2,1,TwoSeamFastBall,Changeup,FoulBallNotFieldable,Undefined,Undefined,Undefined,0,0,,84.05028,1.334734,-1.942464,2312.028339,272.61784,3:00,4.79156,2.50874,5.31835,-39.1912,0.70114,8.33016,2.77922,1.37922,77.8826,-5.794108,-0.463701,0.454586,,,,,,,,,,,,-4.67477,0.32189,-2.33914,50,4.8837,3.79747,-122.14272,1.41651,-7.15946,20.95121,-31.68108,POM_COL,HOU_KYL1,PomonaPitzer,D3,Team,20250309-PomonaPitzer-3,901d7f80-fd09-11ef-8396-49d062319fe5,82.91594,,,6.16768,,,,,,,4a7971cc-f0d5-4adf-be21-3c3eee1bd4f8,2025-03-09,17:11:38.01,2025-03-09T10:11:38.0165632-07:00,2025-03-09T17:11:38.0165632Z,,v3,POM_PIT,58339,,"Hattenburg, Xavier",10277269,Right,POM_COL,6514101a-861d-416b-995e-c09f8d63cf56,55.18411,-123.02874,10.47561,4.79547,2.75629,-15.84054,-2.50614,4.10024,-3.57973,,,,,,,,,,,,,,,,,,,,,,,,,,,,,,,,,,,,,,,,,,,,,,,,,,,High,High,High,,,,,
25,2025-03-09,10:12:02.25,6,5,"Collins, Ethan",1000115647,Right,POM_COL,"Andrew, Rajkovich",,Right,HOU_KYL1,Undefined,1,Top,1,2,2,Curveball,Curveball,FoulBallNotFieldable,Undefined,Undefined,Undefined,0,0,,75.06453,3.367054,-0.930792,2706.312186,60.294317,8:00,5.38121,2.43167,5.64887,-59.2518,-8.51256,-17.95131,3.58816,0.06747,68.12553,-7.48907,-4.135407,0.512677,75.83155,57.005955,25.436858,,,,,,188.28002,,,8.84918,-4.95752,-2.34082,50,5.62909,2.42399,-108.80174,4.51991,10.45672,21.622,-38.03214,POM_COL,HOU_KYL1,PomonaPitzer,D3,Team,20250309-PomonaPitzer-3,9e973f60-fd09-11ef-8396-49d062319fe5,73.52089,65.91361,,6.93901,,,,,,,4a7971cc-f0d5-4adf-be21-3c3eee1bd4f8,2025-03-09,17:12:02.25,2025-03-09T10:12:02.2543872-07:00,2025-03-09T17:12:02.2543872Z,,v3,POM_PIT,58339,,"Hattenburg, Xavier",10277269,Right,POM_COL,d5031c55-18c9-4e76-ad0a-fcf4bbdcbd61,54.85356,-109.76204,10.811,5.39084,6.20904,-19.01607,-2.43817,1.95958,5.22836,,-2.27389,54.69355,-7.05966,0.9708,-0.07351,-0.01622,0.00426,0.0001,-0.00022,-1.19828,93.28275,-31.90762,4.5907,-0.93091,0.1677,-0.0369,0.0093,-0.00143,3.03764,26.01353,7.23746,-3.71306,1.16511,-0.31541,0.07903,-0.01708,0.00207,,,,,,,,,,,,,,,,,,,,,,,High,High,High,Low,Undefined,,,
26,2025-03-09,10:12:29.18,6,6,"Collins, Ethan",1000115647,Right,POM_COL,"Andrew, Rajkovich",,Right,HOU_KYL1,Undefined,1,Top,1,2,2,TwoSeamFastBall,Slider,FoulBallNotFieldable,Undefined,Undefined,Undefined,0,0,,84.30568,1.932513,-2.713449,2209.815924,266.254536,3:00,4.83741,2.53401,5.45882,-38.01289,1.27661,4.30508,3.48132,0.35094,78.43775,-4.991202,-1.948503,0.451138,,,,,,,,,,,,-2.78103,0.51035,-2.29782,50,4.98144,5.62872,-122.49193,2.77127,-4.30974,19.66395,-31.38319,POM_COL,HOU_KYL1,PomonaPitzer,D3,Team,20250309-PomonaPitzer-3,aea1d870-fd09-11ef-8396-49d062319fe5,83.54961,,,5.86792,,,,,,,4a7971cc-f0d5-4adf-be21-3c3eee1bd4f8,2025-03-09,17:12:29.18,2025-03-09T10:12:29.1810304-07:00,2025-03-09T17:12:29.1810304Z,,v3,POM_PIT,58339,,"Hattenburg, Xavier",10277269,Right,POM_COL,8b243fc9-ac51-420c-9e2a-14c07ccc3dcc,55.04351,-123.29892,9.83198,4.84128,4.0592,-15.69159,-2.53245,5.80559,-2.15487,,,,,,,,,,,,,,,,,,,,,,,,,,,,,,,,,,,,,,,,,,,,,,,,,,,High,High,High,,,,,
27,2025-03-09,10:12:57.08,6,7,"Collins, Ethan",1000115647,Right,POM_COL,"Andrew, Rajkovich",,Right,HOU_KYL1,Undefined,1,Top,1,2,2,Slider,Curveball,BallCalled,Undefined,Undefined,Undefined,0,0,,75.90961,0.152425,-1.360368,2690.419728,79.101075,8:45,4.98192,2.60854,5.12352,-51.56251,-1.66315,-16.55347,0.82865,-0.05249,70.09551,-9.156204,-4.292242,0.508416,,,,,,,,,,,,7.91162,-0.45961,-2.46713,50,4.95593,3.25644,-110.20354,-1.46211,9.71696,19.82213,-32.73855,POM_COL,HOU_KYL1,PomonaPitzer,D3,Team,20250309-PomonaPitzer-3,bf48ffa0-fd09-11ef-8396-49d062319fe5,74.13706,,,5.8141,,,,,,,4a7971cc-f0d5-4adf-be21-3c3eee1bd4f8,2025-03-09,17:12:57.08,2025-03-09T10:12:57.0878464-07:00,2025-03-09T17:12:57.0878464Z,,v3,POM_PIT,58339,,"Hattenburg, Xavier",10277269,Right,POM_COL,85186064-d43f-43bc-aa68-10d7949cb3c7,55.37855,-111.16676,9.91107,4.98832,0.12876,-16.36927,-2.6139,2.78427,4.85848,,,,,,,,,,,,,,,,,,,,,,,,,,,,,,,,,,,,,,,,,,,,,,,,,,,High,High,High,,,,,
28,2025-03-09,10:13:19.14,6,8,"Collins, Ethan",1000115647,Right,POM_COL,"Andrew, Rajkovich",,Right,HOU_KYL1,Undefined,1,Top,1,3,2,Cutter,Slider,InPlay,Undefined,LineDrive,Single,0,1,,80.15371,0.865138,-2.516688,2619.739368,69.838613,8:15,5.07939,2.73368,5.54585,-46.35648,-2.36339,-9.99867,2.0257,-0.45298,73.90408,-7.581461,-4.297429,0.477379,104.0338,12.874582,-9.24746,4305.799894,108.62545,16.55716,-17.33358,225.7496,225.7496,-9.582103,1.929281,4.42032,-1.12244,-2.50861,50,5.12316,5.49816,-116.37454,0.19301,6.06948,21.58259,-33.71524,POM_COL,HOU_KYL1,PomonaPitzer,D3,Team,20250309-PomonaPitzer-3,cc674e30-fd09-11ef-8396-49d062319fe5,78.957,16.65748,,6.24963,,,,2.54112,2.22195,0.26391,4a7971cc-f0d5-4adf-be21-3c3eee1bd4f8,2025-03-09,17:13:19.14,2025-03-09T10:13:19.1470592-07:00,2025-03-09T17:13:19.1470592Z,LineDrive,v3,POM_PIT,58339,,"Hattenburg, Xavier",10277269,Right,POM_COL,98071ba0-c860-4948-a7f1-cffe517cf051,54.95649,-117.29015,10.79129,5.08463,1.62334,-16.85762,-2.7364,5.24066,3.03474,30.493694,2.54112,146.81353,-22.20673,3.97147,-0.93879,0.21014,-0.04333,0.00684,-0.00055,2.22195,33.99809,-22.02741,2.76407,-0.61117,0.14673,-0.02909,0.00444,-0.00036,0.26391,-23.90342,3.14669,-0.67846,0.15076,-0.03466,0.00703,-0.00108,9E-05,,,,,,,,,,,,,,,,,,,,,,,High,High,High,High,High,,,
29,2025-03-09,10:14:02.11,7,1,"Collins, Ethan",1000115647,Right,POM_COL,"Pye, Logan",,Right,HOU_KYL1,Undefined,1,Top,1,0,0,TwoSeamFastBall,Slider,InPlay,Undefined,Bunt,Sacrifice,1,1,,84.24003,1.121052,-2.30518,2256.214376,218.169055,1:15,4.91374,2.69116,5.37981,-33.95581,6.05303,3.81217,3.13598,0.84673,77.29652,-5.109426,-1.628322,0.455249,,,,,,,,,,,,-2.55433,3.06122,-2.48764,50,4.98998,4.76509,-122.26925,1.19755,-3.88129,23.26191,-27.52252,POM_COL,HOU_KYL1,PomonaPitzer,D3,Team,20250309-PomonaPitzer-3,e5fcaed0-fd09-11ef-8396-49d062319fe5,82.79514,,,6.94352,,,,,,,4a7971cc-f0d5-4adf-be21-3c3eee1bd4f8,2025-03-09,17:14:02.11,2025-03-09T10:14:02.1133824-07:00,2025-03-09T17:14:02.1133824Z,,v3,POM_PIT,58339,,"Hattenburg, Xavier",10277269,Right,POM_COL,c74660c2-7332-4d81-8680-414e2b91d21e,55.12129,-123.23973,11.63095,4.91607,2.34578,-13.76126,-2.68981,4.92702,-1.94064,,,,,,,,,,,,,,,,,,,,,,,,,,,,,,,,,,,,,,,,,,,,,,,,,,,High,High,High,,,,,
30,2025-03-09,10:14:38.70,8,1,"Collins, Ethan",1000115647,Right,POM_COL,"Hargrove, Calvin",,Right,HOU_KYL1,Undefined,1,Top,2,0,0,TwoSeamFastBall,Changeup,StrikeCalled,Undefined,Undefined,Undefined,0,0,,84.31787,0.636568,-2.265555,2162.992732,253.016532,2:30,4.80716,2.33843,5.48455,-36.36226,3.55457,7.54162,2.37303,0.84614,77.17722,-6.036965,-0.922834,0.454726,,,,,,,,,,,,-4.41819,2.00957,-2.14494,50,4.83841,4.52119,-122.34947,0.06741,-6.69943,24.06087,-29.12689,POM_COL,HOU_KYL1,PomonaPitzer,D3,Team,20250309-PomonaPitzer-3,fbcbdfb0-fd09-11ef-8396-49d062319fe5,82.89049,,,7.14065,,,,,,,4a7971cc-f0d5-4adf-be21-3c3eee1bd4f8,2025-03-09,17:14:38.70,2025-03-09T10:14:38.7080192-07:00,2025-03-09T17:14:38.7080192Z,,v3,POM_PIT,58339,,"Hattenburg, Xavier",10277269,Right,POM_COL,b8f1457f-3b54-48f4-86b5-ab65873c5f35,55.0144,-123.33164,12.03044,4.81139,1.25638,-14.56345,-2.33508,4.79466,-3.34971,,,,,,,,,,,,,,,,,,,,,,,,,,,,,,,,,,,,,,,,,,,,,,,,,,,High,High,High,,,,,
31,2025-03-09,10:14:53.76,8,2,"Collins, Ethan",1000115647,Right,POM_COL,"Hargrove, Calvin",,Right,HOU_KYL1,Undefined,1,Top,2,0,1,TwoSeamFastBall,Slider,FoulBallNotFieldable,Undefined,Undefined,Undefined,0,0,,82.84438,1.406555,-2.96738,2191.70367,219.247811,1:15,4.7462,2.76,5.50276,-34.04195,7.13937,4.83177,3.22693,0.38483,76.05516,-4.856106,-2.108461,0.461872,,,,,,,,,,,,-3.23075,3.58847,-2.504,50,4.8462,6.03455,-120.18626,1.79734,-4.75085,22.12495,-26.89714,POM_COL,HOU_KYL1,PomonaPitzer,D3,Team,20250309-PomonaPitzer-3,04cd5300-fd0a-11ef-8396-49d062319fe5,81.608,,,6.78922,,,,,,,4a7971cc-f0d5-4adf-be21-3c3eee1bd4f8,2025-03-09,17:14:53.76,2025-03-09T10:14:53.7666560-07:00,2025-03-09T17:14:53.7666560Z,,v3,POM_PIT,58339,,"Hattenburg, Xavier",10277269,Right,POM_COL,c64413d9-bb92-4a5b-a287-104e0fbb1431,54.99745,-121.10274,11.06247,4.74868,2.91149,-13.44857,-2.75804,6.23134,-2.37543,,,,,,,,,,,,,,,,,,,,,,,,,,,,,,,,,,,,,,,,,,,,,,,,,,,High,High,High,,,,,
32,2025-03-09,10:15:12.71,8,3,"Collins, Ethan",1000115647,Right,POM_COL,"Hargrove, Calvin",,Right,HOU_KYL1,Undefined,1,Top,2,0,2,Curveball,Curveball,BallinDirt,Undefined,Undefined,Undefined,0,0,,75.49106,-1.357164,-3.096071,2620.769894,70.139097,8:15,5.33269,2.38946,5.82735,-56.8607,-6.62059,-23.18446,-0.66942,-2.42355,69.14327,-11.67381,-7.251583,0.510149,,,,,,,,,,,,10.93942,-2.54795,-2.12208,50,5.18789,6.72384,-109.39702,-4.33023,12.94007,23.59901,-35.18797,POM_COL,HOU_KYL1,PomonaPitzer,D3,Team,20250309-PomonaPitzer-3,101979a0-fd0a-11ef-8396-49d062319fe5,73.88522,,,6.34779,,,,,,,4a7971cc-f0d5-4adf-be21-3c3eee1bd4f8,2025-03-09,17:15:12.71,2025-03-09T10:15:12.7160832-07:00,2025-03-09T17:15:12.7160832Z,,v3,POM_PIT,58339,,"Hattenburg, Xavier",10277269,Right,POM_COL,9b8ecbd7-db94-4a25-b4a2-5873bfed359d,54.67533,-110.40097,11.7995,5.34026,-2.83326,-17.59398,-2.39642,6.17334,6.47004,,,,,,,,,,,,,,,,,,,,,,,,,,,,,,,,,,,,,,,,,,,,,,,,,,,High,High,High,,,,,
33,2025-03-09,10:15:43.41,8,4,"Collins, Ethan",1000115647,Right,POM_COL,"Hargrove, Calvin",,Right,HOU_KYL1,Undefined,1,Top,2,1,2,TwoSeamFastBall,Slider,InPlay,Undefined,FlyBall,Out,1,0,,84.0119,1.006027,-3.514432,2209.477664,258.001232,2:30,4.81439,2.70862,5.47257,-38.19352,2.22213,4.36331,2.57491,-0.22074,76.70093,-5.993621,-2.739555,0.457558,85.56295,28.761276,5.04336,3830.431792,109.15527,52.94416,13.605,297.51765,293.42223,12.330425,4.575849,-3.21898,1.17953,-2.40255,50,4.87675,7.29725,-121.74922,0.79218,-4.81836,24.51372,-30.40845,POM_COL,HOU_KYL1,PomonaPitzer,D3,Team,20250309-PomonaPitzer-3,2262df20-fd0a-11ef-8396-49d062319fe5,82.37738,65.66362,,7.31097,,,,2.13348,2.68831,0.17828,4a7971cc-f0d5-4adf-be21-3c3eee1bd4f8,2025-03-09,17:15:43.41,2025-03-09T10:15:43.4147840-07:00,2025-03-09T17:15:43.4147840Z,FlyBall,v3,POM_PIT,58339,,"Hattenburg, Xavier",10277269,Right,POM_COL,5fea1993-752b-4b44-b506-de9d7fa54709,55.02761,-122.75733,12.25686,4.81846,2.04271,-15.20423,-2.70672,7.4954,-2.40918,198.174037,2.1329,109.5979,-20.28083,4.44255,-1.02798,0.25962,-0.05734,0.0078,-0.00044,2.68857,60.38106,-16.37132,1.3386,-0.24372,-0.01198,0.02063,-0.00414,0.00027,0.17839,9.66815,1.79774,-0.40404,0.10382,-0.0287,0.00647,-0.00087,5E-05,,,,,,,,,,,,,,,,,,,,,,,High,High,High,High,High,,,
34,2025-03-09,10:18:17.17,1,1,"Anderson, Owen",,Right,HOU_KYL1,"Ng, JC",1000115591,Left,POM_COL,Undefined,1,Bottom,0,0,0,ChangeUp,Changeup,StrikeCalled,Undefined,Undefined,Undefined,0,0,,73.43593,1.736872,-2.302925,1678.015874,254.842901,2:30,5.40273,1.97849,5.42746,-46.7781,6.4,16.98107,3.13312,1.2355,66.78824,-6.868493,0.71659,0.524853,,,,,,,,,,,,-9.15449,3.2715,-1.78611,50,5.52487,3.63615,-106.41543,1.77815,-10.4205,19.51072,-28.45011,POM_COL,HOU_KYL1,PomonaPitzer,D3,Team,20250309-PomonaPitzer-3,7e0ce7d0-fd0a-11ef-8396-49d062319fe5,71.81523,,,6.64769,,,,,,,4a7971cc-f0d5-4adf-be21-3c3eee1bd4f8,2025-03-09,17:18:17.17,2025-03-09T10:18:17.1734528-07:00,2025-03-09T17:18:17.1734528Z,,v3,POM_PIT,58339,,"Hargrove, Calvin",,Undefined,HOU_KYL1,ae466438-1c4b-4472-b222-8ce9d1bcd0fb,55.07019,-107.341,9.75536,5.4085,3.12779,-14.22506,-1.97033,4.13049,-5.21025,,,,,,,,,,,,,,,,,,,,,,,,,,,,,,,,,,,,,,,,,,,,,,,,,,,High,High,High,,,,,
35,2025-03-09,10:18:29.58,1,2,"Anderson, Owen",,Right,HOU_KYL1,"Ng, JC",1000115591,Left,POM_COL,Undefined,1,Bottom,0,0,1,ChangeUp,Changeup,BallCalled,Undefined,Undefined,Undefined,0,0,,74.35645,-0.068694,-2.500359,1672.304488,261.296217,2:45,5.35659,2.05095,5.5153,-47.17774,4.30299,17.05406,1.36082,1.13264,68.16855,-8.706239,0.54194,0.516409,,,,,,,,,,,,-9.33323,2.70276,-1.84472,50,5.31905,4.07976,-107.86787,-1.60043,-10.94809,19.53523,-29.00367,POM_COL,HOU_KYL1,PomonaPitzer,D3,Team,20250309-PomonaPitzer-3,8579d870-fd0a-11ef-8396-49d062319fe5,72.98952,,,6.1879,,,,,,,4a7971cc-f0d5-4adf-be21-3c3eee1bd4f8,2025-03-09,17:18:29.58,2025-03-09T10:18:29.5884288-07:00,2025-03-09T17:18:29.5884288Z,,v3,POM_PIT,58339,,"Hargrove, Calvin",,Undefined,HOU_KYL1,34f142d6-2a7b-43ba-af24-0180dbc53490,54.98456,-108.76685,9.76762,5.36199,-0.26574,-14.50184,-2.04406,4.58357,-5.47405,,,,,,,,,,,,,,,,,,,,,,,,,,,,,,,,,,,,,,,,,,,,,,,,,,,High,High,High,,,,,
36,2025-03-09,10:18:42.63,1,3,"Anderson, Owen",,Right,HOU_KYL1,"Ng, JC",1000115591,Left,POM_COL,Undefined,1,Bottom,0,1,1,Fastball,Four-Seam,BallCalled,Undefined,Undefined,Undefined,0,0,,86.09139,0.491487,-1.628879,2139.937054,209.900875,1:00,5.47054,1.78898,5.58675,-20.04761,18.39355,9.82418,4.25906,1.08618,77.88958,-3.312753,0.123216,0.446241,,,,,,,,,,,,-5.41024,9.51225,-1.65539,50,5.49995,3.11965,-124.83015,0.47074,-8.46947,26.97824,-17.28308,POM_COL,HOU_KYL1,PomonaPitzer,D3,Team,20250309-PomonaPitzer-3,8d3a4040-fd0a-11ef-8396-49d062319fe5,84.46652,,,8.20181,,,,,,,4a7971cc-f0d5-4adf-be21-3c3eee1bd4f8,2025-03-09,17:18:42.63,2025-03-09T10:18:42.6329600-07:00,2025-03-09T17:18:42.6329600Z,,v3,POM_PIT,58339,,"Hargrove, Calvin",,Undefined,HOU_KYL1,3952fdeb-cc8b-409b-a765-49fa01515bf8,54.90875,-125.88656,13.48912,5.46826,1.14751,-8.64154,-1.78404,3.45129,-4.23473,,,,,,,,,,,,,,,,,,,,,,,,,,,,,,,,,,,,,,,,,,,,,,,,,,,High,High,High,,,,,
37,2025-03-09,10:18:55.64,1,4,"Anderson, Owen",,Right,HOU_KYL1,"Ng, JC",1000115591,Left,POM_COL,Undefined,1,Bottom,0,2,1,Curveball,Curveball,BallCalled,Undefined,Undefined,Undefined,0,0,,74.76422,0.341819,-0.779122,1822.458282,52.501384,7:45,5.22823,1.75435,5.23363,-60.27066,-9.00245,-13.78776,0.52701,-0.12703,69.12895,-10.522105,-3.231158,0.515342,,,,,,,,,,,,6.70233,-4.17524,-1.67186,50,5.21427,1.99717,-108.59703,-1.37948,7.97768,19.60217,-37.14375,POM_COL,HOU_KYL1,PomonaPitzer,D3,Team,20250309-PomonaPitzer-3,95022220-fd0a-11ef-8396-49d062319fe5,73.14063,,,5.63527,,,,,,,4a7971cc-f0d5-4adf-be21-3c3eee1bd4f8,2025-03-09,17:18:55.64,2025-03-09T10:18:55.6402688-07:00,2025-03-09T17:18:55.6402688Z,,v3,POM_PIT,58339,,"Hargrove, Calvin",,Undefined,HOU_KYL1,7b5b27a4-b1a7-4b15-8dfd-f0f2e1e3e2bd,55.26979,-109.54412,9.80109,5.23756,0.41513,-18.57188,-1.75904,1.61173,3.98884,,,,,,,,,,,,,,,,,,,,,,,,,,,,,,,,,,,,,,,,,,,,,,,,,,,High,High,High,,,,,
38,2025-03-09,10:19:11.99,1,5,"Anderson, Owen",,Right,HOU_KYL1,"Ng, JC",1000115591,Left,POM_COL,Undefined,1,Bottom,0,3,1,Fastball,Changeup,StrikeCalled,Undefined,Undefined,Undefined,0,0,,83.55937,-1.106691,-2.536229,2035.558926,222.494104,1:30,5.4249,1.77499,5.41239,-22.7393,18.16592,15.40119,2.49199,0.68078,76.14876,-5.366003,0.200985,0.460321,,,,,,,,,,,,-8.40764,9.83489,-1.56018,50,5.31086,4.7054,-121.13241,-3.05268,-12.4644,24.15074,-17.59372,POM_COL,HOU_KYL1,PomonaPitzer,D3,Team,20250309-PomonaPitzer-3,9eb4bd00-fd0a-11ef-8396-49d062319fe5,81.88295,,,7.41062,,,,,,,4a7971cc-f0d5-4adf-be21-3c3eee1bd4f8,2025-03-09,17:19:11.99,2025-03-09T10:19:11.9982080-07:00,2025-03-09T17:19:11.9982080Z,,v3,POM_PIT,58339,,"Hargrove, Calvin",,Undefined,HOU_KYL1,364dee50-415c-487a-a0c8-fb2587f1883b,55.08486,-122.14199,12.07537,5.42309,-2.3172,-8.79686,-1.76778,5.22646,-6.2322,,,,,,,,,,,,,,,,,,,,,,,,,,,,,,,,,,,,,,,,,,,,,,,,,,,High,High,High,,,,,
39,2025-03-09,10:19:25.03,1,6,"Anderson, Owen",,Right,HOU_KYL1,"Ng, JC",1000115591,Left,POM_COL,Undefined,1,Bottom,0,3,2,ChangeUp,Changeup,InPlay,Undefined,Popup,Out,1,0,,75.12588,1.188697,-2.703733,1610.602076,255.84912,2:30,5.26328,1.87677,5.82231,-43.80896,5.77752,16.82839,2.71907,0.76359,68.97895,-6.898362,0.310762,0.506819,89.29029,43.550797,-11.098821,,104.40115,96.11686,-34.64598,266.19322,123.9698,-24.991775,5.536945,-9.35914,3.07106,-1.66575,50,5.33451,4.55214,-109.0634,0.9624,-11.28985,18.91142,-28.46944,POM_COL,HOU_KYL1,PomonaPitzer,D3,Team,20250309-PomonaPitzer-3,a680bd90-fd0a-11ef-8396-49d062319fe5,74.37057,111.13931,,6.14693,,,,0.43687,2.02267,-0.83109,4a7971cc-f0d5-4adf-be21-3c3eee1bd4f8,2025-03-09,17:19:25.03,2025-03-09T10:19:25.0356736-07:00,2025-03-09T17:19:25.0356736Z,FlyBall,v3,POM_PIT,58339,,"Hargrove, Calvin",,Undefined,HOU_KYL1,6549388c-17ea-423d-b42a-0f462e9dbd9a,54.67855,-109.87166,9.45571,5.26738,2.17916,-14.23472,-1.87061,5.03466,-5.64492,155.379947,0.44481,92.97155,-25.32412,6.27637,-0.78678,-0.08338,0.04957,-0.00703,0.00034,2.01347,90.39093,-21.89244,1.80188,-0.34149,0.06124,-0.0022,-0.00092,9E-05,-0.82843,-18.32785,-3.8084,1.77211,-0.37282,0.01934,0.00783,-0.00153,8E-05,,,,,,,,,,,,,,,,,,,,,,,High,High,High,Medium,Low,,,
40,2025-03-09,10:19:58.15,2,1,"Anderson, Owen",,Right,HOU_KYL1,"Gold, Jack",1000108729,Left,POM_COL,Undefined,1,Bottom,1,0,0,ChangeUp,Changeup,BallCalled,Undefined,Undefined,Undefined,0,0,,73.7229,2.458643,-1.821245,1667.244365,272.976436,3:00,5.34288,1.97527,5.86851,-50.43192,0.7702,14.04013,3.42661,1.45295,67.93645,-6.823315,0.696566,0.51501,,,,,,,,,,,,-7.62264,0.25146,-1.8358,50,5.51295,2.90816,-107.06912,3.09688,-8.9012,17.45708,-31.88041,POM_COL,HOU_KYL1,PomonaPitzer,D3,Team,20250309-PomonaPitzer-3,ba3d1400-fd0a-11ef-8396-49d062319fe5,73.18784,,,5.78645,,,,,,,4a7971cc-f0d5-4adf-be21-3c3eee1bd4f8,2025-03-09,17:19:58.15,2025-03-09T10:19:58.1557760-07:00,2025-03-09T17:19:58.1557760Z,,v3,POM_PIT,58339,,"Hargrove, Calvin",,Undefined,HOU_KYL1,0a4eca6a-3727-4d47-bb46-507391b18eea,54.63251,-107.82178,8.72854,5.34979,4.4714,-15.94021,-1.96947,3.29194,-4.4506,,,,,,,,,,,,,,,,,,,,,,,,,,,,,,,,,,,,,,,,,,,,,,,,,,,High,High,High,,,,,
41,2025-03-09,10:20:11.74,2,2,"Anderson, Owen",,Right,HOU_KYL1,"Gold, Jack",1000108729,Left,POM_COL,Undefined,1,Bottom,1,1,0,Fastball,Changeup,StrikeCalled,Undefined,Undefined,Undefined,0,0,,85.92667,-1.741945,-1.643887,2027.547395,214.067427,1:15,5.48052,1.66184,5.42112,-21.11226,17.46517,10.96371,2.0883,1.03522,78.52037,-5.690758,0.306528,0.447031,,,,,,,,,,,,-5.9315,9.63201,-1.52355,50,5.31138,3.09457,-124.61832,-4.46775,-9.32617,25.07629,-17.02945,POM_COL,HOU_KYL1,PomonaPitzer,D3,Team,20250309-PomonaPitzer-3,c252eed0-fd0a-11ef-8396-49d062319fe5,84.31721,,,7.4063,,,,,,,4a7971cc-f0d5-4adf-be21-3c3eee1bd4f8,2025-03-09,17:20:11.74,2025-03-09T10:20:11.7412864-07:00,2025-03-09T17:20:11.7412864Z,,v3,POM_PIT,58339,,"Hargrove, Calvin",,Undefined,HOU_KYL1,75e115d3-1eb4-454d-bc2c-7ff5220190ec,55.07593,-125.63557,12.53814,5.47861,-3.77693,-8.51472,-1.65676,3.47289,-4.66308,,,,,,,,,,,,,,,,,,,,,,,,,,,,,,,,,,,,,,,,,,,,,,,,,,,High,High,High,,,,,
42,2025-03-09,10:20:27.18,2,3,"Anderson, Owen",,Right,HOU_KYL1,"Gold, Jack",1000108729,Left,POM_COL,Undefined,1,Bottom,1,1,1,Fastball,Changeup,BallCalled,Undefined,Undefined,Undefined,0,0,,85.80302,-1.149804,-1.129392,2084.904967,226.141358,1:30,5.44379,1.64201,5.18462,-23.2419,16.06253,15.30021,2.42484,1.85431,77.81904,-5.481468,1.581399,0.451224,,,,,,,,,,,,-7.90804,8.74154,-1.54897,50,5.31987,1.75777,-124.35263,-3.28193,-12.2807,26.85589,-18.59897,POM_COL,HOU_KYL1,PomonaPitzer,D3,Team,20250309-PomonaPitzer-3,cb802d10-fd0a-11ef-8396-49d062319fe5,83.53379,,,7.98397,,,,,,,4a7971cc-f0d5-4adf-be21-3c3eee1bd4f8,2025-03-09,17:20:27.18,2025-03-09T10:20:27.1845376-07:00,2025-03-09T17:20:27.1845376Z,,v3,POM_PIT,58339,,"Hargrove, Calvin",,Undefined,HOU_KYL1,cdf72a5f-b21b-4a53-b886-d8628bb8434d,55.31174,-125.49453,13.42795,5.4426,-2.4911,-9.29949,-1.63481,2.27994,-6.14035,,,,,,,,,,,,,,,,,,,,,,,,,,,,,,,,,,,,,,,,,,,,,,,,,,,High,High,High,,,,,
43,2025-03-09,10:20:43.12,2,4,"Anderson, Owen",,Right,HOU_KYL1,"Gold, Jack",1000108729,Left,POM_COL,Undefined,1,Bottom,1,2,1,Fastball,Changeup,InPlay,Undefined,LineDrive,Triple,0,0,,83.23977,-2.051665,-2.426659,2005.75653,223.637604,1:30,5.40464,1.7647,5.38738,-25.35375,15.78324,13.79032,1.36626,0.63803,76.30103,-6.74981,0.024573,0.461623,97.42543,14.662458,13.065692,846.008646,106.5729,22.25954,27.24038,285.65841,283.93117,17.807759,2.768734,-7.64678,8.90091,-1.55799,50,5.20349,4.54777,-120.70063,-5.15553,-11.28947,23.32153,-19.03297,POM_COL,HOU_KYL1,PomonaPitzer,D3,Team,20250309-PomonaPitzer-3,d50612a0-fd0a-11ef-8396-49d062319fe5,81.65196,24.87558,,6.93874,,,,2.1066,1.45591,-0.61636,4a7971cc-f0d5-4adf-be21-3c3eee1bd4f8,2025-03-09,17:20:43.12,2025-03-09T10:20:43.1248896-07:00,2025-03-09T17:20:43.1248896Z,LineDrive,v3,POM_PIT,58339,,"Hargrove, Calvin",,Undefined,HOU_KYL1,75ba5a44-db05-4cff-9eb5-52a22b8fe11a,55.11257,-121.68447,11.66076,5.40405,-4.35262,-9.51649,-1.75988,5.02402,-5.64474,219.64494,2.1066,134.65861,-21.10928,4.43547,-0.94192,0.18794,-0.03279,0.00411,-0.00025,1.45591,36.16754,-14.76122,0.6987,-0.08215,0.01031,-0.00036,8E-05,-2E-05,-0.61636,31.25002,0.89394,-0.50567,0.15997,-0.03936,0.00728,-0.00091,5E-05,,,,,,,,,,,,,,,,,,,,,,,High,High,High,High,High,,,
44,2025-03-09,10:21:26.36,3,1,"Anderson, Owen",,Right,HOU_KYL1,"Berry, Cooper",1000276381,Left,POM_COL,Undefined,1,Bottom,1,0,0,ChangeUp,Changeup,StrikeSwinging,Undefined,Undefined,Undefined,0,0,,75.14342,0.584225,-2.283365,1661.1766,264.676204,2:45,5.28403,1.84081,5.69296,-46.68672,3.09043,16.63698,1.9384,1.09808,69.15968,-7.984109,0.693531,0.507793,,,,,,,,,,,,-9.06623,1.89461,-1.65935,50,5.30402,3.74232,-109.11848,-0.32834,-10.94585,18.95734,-29.88664,POM_COL,HOU_KYL1,PomonaPitzer,D3,Team,20250309-PomonaPitzer-3,eed37330-fd0a-11ef-8396-49d062319fe5,74.22799,,,5.98374,,,,,,,4a7971cc-f0d5-4adf-be21-3c3eee1bd4f8,2025-03-09,17:21:26.36,2025-03-09T10:21:26.3619584-07:00,2025-03-09T17:21:26.3619584Z,,v3,POM_PIT,58339,,"Hargrove, Calvin",,Undefined,HOU_KYL1,e863f771-3fc4-4bdf-8e74-9388c6b75a2e,54.80764,-109.95055,9.47867,5.28964,0.98343,-14.94332,-1.83415,4.22275,-5.47292,,,,,,,,,,,,,,,,,,,,,,,,,,,,,,,,,,,,,,,,,,,,,,,,,,,Medium,Medium,Medium,,,,,
45,2025-03-09,10:21:41.97,3,2,"Anderson, Owen",,Right,HOU_KYL1,"Berry, Cooper",1000276381,Left,POM_COL,Undefined,1,Bottom,1,0,1,ChangeUp,Changeup,InPlay,Undefined,GroundBall,Out,1,1,,74.46325,-0.076795,-2.960161,1656.369068,253.894857,2:30,5.28219,1.80496,5.87701,-44.16058,6.08548,15.79332,1.53072,0.36937,68.74635,-8.208006,-0.126325,0.510179,68.88452,4.394109,32.481945,3185.161384,,,,51.34549,49.91285,33.297742,0.51723,-8.93922,3.56103,-1.57502,50,5.25011,5.04941,-108.14203,-1.43239,-10.62657,18.18012,-27.94084,POM_COL,HOU_KYL1,PomonaPitzer,D3,Team,20250309-PomonaPitzer-3,f81f0ee0-fd0a-11ef-8396-49d062319fe5,73.88084,2.37719,,5.7169,,,,2.36713,1.69646,-0.26706,4a7971cc-f0d5-4adf-be21-3c3eee1bd4f8,2025-03-09,17:21:41.97,2025-03-09T10:21:41.9722752-07:00,2025-03-09T17:21:41.9722752Z,GroundBall,v3,POM_PIT,58339,,"Hargrove, Calvin",,Undefined,HOU_KYL1,c1ffb8e0-e652-4291-be97-13c5a1754578,54.62459,-108.91671,9.09006,5.28578,-0.24179,-13.97042,-1.79983,5.50222,-5.31329,,2.37289,84.82567,-12.47234,,,,,,,1.70875,7.42304,-20.78268,,,,,,,-0.27568,54.32105,1.40364,,,,,,,,,,,,,,,,,,,,,,,,,,,,,High,High,High,High,High,,,
46,2025-03-09,10:22:18.06,4,1,"Anderson, Owen",,Right,HOU_KYL1,"Wakil, Lateef",1000128267,Left,POM_COL,Undefined,1,Bottom,2,0,0,Curveball,Curveball,BallCalled,Undefined,Undefined,Undefined,0,0,,74.32768,3.515582,-0.183538,1782.840019,47.874679,7:30,5.23576,1.86917,5.21472,-63.44889,-11.68894,-14.60757,3.25827,0.47928,68.49614,-7.955872,-2.772679,0.517807,,,,,,,,,,,,7.2013,-6.23918,-1.84092,50,5.51302,0.91062,-107.8543,4.45959,8.51143,18.16028,-39.54828,POM_COL,HOU_KYL1,PomonaPitzer,D3,Team,20250309-PomonaPitzer-3,0da4dab0-fd0b-11ef-8396-49d062319fe5,72.7924,,,5.83154,,,,,,,4a7971cc-f0d5-4adf-be21-3c3eee1bd4f8,2025-03-09,17:22:18.06,2025-03-09T10:22:18.0608000-07:00,2025-03-09T17:22:18.0608000Z,,v3,POM_PIT,58339,,"Hargrove, Calvin",,Undefined,HOU_KYL1,c1befe84-9afc-4047-a8de-e36ff968620e,55.28973,-108.74133,9.08014,5.24801,6.3913,-19.77414,-1.87525,0.49489,4.25572,,,,,,,,,,,,,,,,,,,,,,,,,,,,,,,,,,,,,,,,,,,,,,,,,,,High,High,High,,,,,
47,2025-03-09,10:22:34.45,4,2,"Anderson, Owen",,Right,HOU_KYL1,"Wakil, Lateef",1000128267,Left,POM_COL,Undefined,1,Bottom,2,1,0,Fastball,Changeup,StrikeCalled,Undefined,Undefined,Undefined,0,0,,85.04105,-1.933326,-3.281337,2017.433592,227.339741,1:30,5.44707,1.63718,5.37486,-24.06824,15.37316,15.31576,1.6252,-0.16618,77.9241,-6.397113,-0.562726,0.452009,,,,,,,,,,,,-8.54741,8.62099,-1.35401,50,5.25677,6.40216,-123.22336,-4.96706,-13.17577,23.89594,-18.88489,POM_COL,HOU_KYL1,PomonaPitzer,D3,Team,20250309-PomonaPitzer-3,175c7ea0-fd0b-11ef-8396-49d062319fe5,83.3886,,,7.11695,,,,,,,4a7971cc-f0d5-4adf-be21-3c3eee1bd4f8,2025-03-09,17:22:34.45,2025-03-09T10:22:34.4587264-07:00,2025-03-09T17:22:34.4587264Z,,v3,POM_PIT,58339,,"Hargrove, Calvin",,Undefined,HOU_KYL1,96ae8868-03dd-4cd0-9771-6940468d0c0a,55.12375,-124.21301,11.94797,5.44628,-4.18494,-9.44244,-1.63045,6.94783,-6.58788,,,,,,,,,,,,,,,,,,,,,,,,,,,,,,,,,,,,,,,,,,,,,,,,,,,High,High,High,,,,,
48,2025-03-09,10:22:49.76,4,3,"Anderson, Owen",,Right,HOU_KYL1,"Wakil, Lateef",1000128267,Left,POM_COL,Undefined,1,Bottom,2,1,1,Fastball,Changeup,InPlay,Undefined,GroundBall,Single,0,0,,83.43,-0.94803,-2.434059,2008.2072,220.465387,1:15,5.46084,1.56546,5.40561,-23.93446,17.06843,13.41371,2.57714,0.40123,76.10563,-5.417088,-0.050133,0.46087,82.36272,-4.899865,23.470985,,,,,25.13563,7.45761,22.103104,0.199752,-7.46764,9.25634,-1.35846,50,5.35999,4.58622,-120.99275,-2.76841,-11.04532,24.09554,-18.48307,POM_COL,HOU_KYL1,PomonaPitzer,D3,Team,20250309-PomonaPitzer-3,20857720-fd0b-11ef-8396-49d062319fe5,81.78538,2.06424,,7.32437,,,,1.20168,2.06424,-0.13237,4a7971cc-f0d5-4adf-be21-3c3eee1bd4f8,2025-03-09,17:22:49.76,2025-03-09T10:22:49.7639424-07:00,2025-03-09T17:22:49.7639424Z,GroundBall,v3,POM_PIT,58339,,"Hargrove, Calvin",,Undefined,HOU_KYL1,b42da3de-93d7-48d2-83ca-5a149695f8cf,55.09357,-122.00291,12.04777,5.45981,-1.99354,-9.24154,-1.56044,5.04927,-5.52266,180,1.19617,110.57029,,,,,,,,2.06475,-10.33397,,,,,,,,-0.13476,48.01077,,,,,,,,,,,,,,,,,,,,,,,,,,,,,,High,High,High,Low,Low,,,
49,2025-03-09,10:23:21.03,5,1,"Anderson, Owen",,Right,HOU_KYL1,"Pierantoni, Greg",1000091552,Right,POM_COL,Undefined,1,Bottom,2,0,0,Fastball,Changeup,BallCalled,Undefined,Undefined,Undefined,0,0,,85.20969,-3.381201,-4.239564,2084.316675,218.702432,1:15,5.41382,1.378,5.51622,-22.92167,16.20084,11.9969,0.32973,-1.59371,78.43158,-7.625647,-2.108255,0.450178,,,,,,,,,,,,-7.18056,9.44745,-1.01634,50,5.10292,8.63698,-123.26411,-8.04503,-11.11101,23.18657,-17.55532,POM_COL,HOU_KYL1,PomonaPitzer,D3,Team,20250309-PomonaPitzer-3,3321b790-fd0b-11ef-8396-49d062319fe5,83.72778,,,6.77811,,,,,,,4a7971cc-f0d5-4adf-be21-3c3eee1bd4f8,2025-03-09,17:23:21.03,2025-03-09T10:23:21.0382848-07:00,2025-03-09T17:23:21.0382848Z,,v3,POM_PIT,58339,,"Hargrove, Calvin",,Undefined,HOU_KYL1,ce74f64d-e198-454e-8117-a5cba403d43f,54.98347,-124.19799,11.59329,5.41271,-7.33796,-8.77766,-1.37322,9.08449,-5.5555,,,,,,,,,,,,,,,,,,,,,,,,,,,,,,,,,,,,,,,,,,,,,,,,,,,High,High,High,,,,,
50,2025-03-09,10:23:39.52,5,2,"Anderson, Owen",,Right,HOU_KYL1,"Pierantoni, Greg",1000091552,Right,POM_COL,Undefined,1,Bottom,2,1,0,Curveball,Curveball,StrikeCalled,Undefined,Undefined,Undefined,0,0,,75.26875,2.560671,-0.007329,1702.905872,45.846464,7:30,5.17342,1.69714,5.24439,-64.40807,-13.9752,-15.94158,2.21419,0.36179,69.46269,-9.070719,-2.838755,0.511126,,,,,,,,,,,,7.95138,-7.20662,-1.6842,50,5.36051,0.63042,-109.31884,2.66928,9.6287,19.14849,-40.90084,POM_COL,HOU_KYL1,PomonaPitzer,D3,Team,20250309-PomonaPitzer-3,3e3ac040-fd0b-11ef-8396-49d062319fe5,73.74388,,,5.80606,,,,,,,4a7971cc-f0d5-4adf-be21-3c3eee1bd4f8,2025-03-09,17:23:39.52,2025-03-09T10:23:39.5293696-07:00,2025-03-09T17:23:39.5293696Z,,v3,POM_PIT,58339,,"Hargrove, Calvin",,Undefined,HOU_KYL1,c58ca994-669f-4387-bd9f-0faa4b99e0b1,55.26094,-110.2365,9.57425,5.18561,4.6294,-20.45042,-1.70336,0.16898,4.81435,,,,,,,,,,,,,,,,,,,,,,,,,,,,,,,,,,,,,,,,,,,,,,,,,,,High,High,High,,,,,
51,2025-03-09,10:24:12.87,5,3,"Anderson, Owen",,Right,HOU_KYL1,"Pierantoni, Greg",1000091552,Right,POM_COL,Undefined,1,Bottom,2,1,1,Fastball,Four-Seam,BallCalled,Undefined,Undefined,Undefined,0,0,,86.0938,-2.637035,-4.202677,2021.266284,221.094499,1:15,5.36937,1.56738,5.40296,-20.6506,17.78147,14.45717,1.16911,-1.17295,79.07503,-6.48341,-1.64004,0.446188,,,,,,,,,,,,-8.363,9.99508,-1.20278,50,5.11945,8.53359,-124.61341,-6.42337,-13.22757,23.66049,-16.36503,POM_COL,HOU_KYL1,PomonaPitzer,D3,Team,20250309-PomonaPitzer-3,521218c0-fd0b-11ef-8396-49d062319fe5,84.47653,,,7.01877,,,,,,,4a7971cc-f0d5-4adf-be21-3c3eee1bd4f8,2025-03-09,17:24:12.87,2025-03-09T10:24:12.8786944-07:00,2025-03-09T17:24:12.8786944Z,,v3,POM_PIT,58339,,"Hargrove, Calvin",,Undefined,HOU_KYL1,9c719b82-ed64-4cf0-b27c-45dbea4a6016,55.09656,-125.57737,11.83025,5.36756,-5.75664,-8.18252,-1.56142,9.0725,-6.61379,,,,,,,,,,,,,,,,,,,,,,,,,,,,,,,,,,,,,,,,,,,,,,,,,,,High,High,High,,,,,
52,2025-03-09,10:24:28.07,5,4,"Anderson, Owen",,Right,HOU_KYL1,"Pierantoni, Greg",1000091552,Right,POM_COL,Undefined,1,Bottom,2,2,1,Curveball,Curveball,BallCalled,Undefined,Undefined,Undefined,0,0,,73.97265,4.133661,0.86357,1773.668549,37.627488,7:15,5.17903,1.72714,5.20426,-71.15752,-18.37158,-15.47143,3.14412,1.2501,67.5997,-8.72499,-1.879028,0.522914,,,,,,,,,,,,7.89268,-9.71556,-1.79513,50,5.50864,-1.00861,-107.20199,5.28304,9.12926,19.57906,-43.41176,POM_COL,HOU_KYL1,PomonaPitzer,D3,Team,20250309-PomonaPitzer-3,5b1d7720-fd0b-11ef-8396-49d062319fe5,72.08149,,,6.37295,,,,,,,4a7971cc-f0d5-4adf-be21-3c3eee1bd4f8,2025-03-09,17:24:28.07,2025-03-09T10:24:28.0774144-07:00,2025-03-09T17:24:28.0774144Z,,v3,POM_PIT,58339,,"Hargrove, Calvin",,Undefined,HOU_KYL1,a679b034-95a1-426f-a4bb-95d4a05d8fbd,55.30159,-108.16592,9.78953,5.19593,7.42032,-21.70588,-1.73441,-1.45806,4.56463,,,,,,,,,,,,,,,,,,,,,,,,,,,,,,,,,,,,,,,,,,,,,,,,,,,High,High,High,,,,,
53,2025-03-09,10:24:44.30,5,5,"Anderson, Owen",,Right,HOU_KYL1,"Pierantoni, Greg",1000091552,Right,POM_COL,Undefined,1,Bottom,2,3,1,Fastball,Changeup,BallCalled,Walk,Undefined,Undefined,0,0,,84.58209,-0.036503,-2.905647,1923.025076,220.17603,1:15,5.34206,1.7316,5.73001,-21.94718,17.3656,13.61123,3.47909,0.15746,77.22925,-4.170867,-0.474191,0.451272,,,,,,,,,,,,-7.68839,9.20859,-1.49746,50,5.32558,5.66401,-122.71059,-0.73713,-11.73573,24.03454,-18.11785,POM_COL,HOU_KYL1,PomonaPitzer,D3,Team,20250309-PomonaPitzer-3,64cf9cd0-fd0b-11ef-8396-49d062319fe5,83.52488,,,7.35284,,,,,,,4a7971cc-f0d5-4adf-be21-3c3eee1bd4f8,2025-03-09,17:24:44.30,2025-03-09T10:24:44.3061248-07:00,2025-03-09T17:24:44.3061248Z,,v3,POM_PIT,58339,,"Hargrove, Calvin",,Undefined,HOU_KYL1,62145641-3c8f-46f7-a0e3-69d775924eea,54.7681,-123.64096,12.01727,5.34054,-0.03579,-9.05892,-1.72551,6.11829,-5.86786,,,,,,,,,,,,,,,,,,,,,,,,,,,,,,,,,,,,,,,,,,,,,,,,,,,High,High,High,,,,,
54,2025-03-09,10:25:18.68,6,1,"Anderson, Owen",,Right,HOU_KYL1,"Hattenburg, Xavier",10277269,Left,POM_COL,Undefined,1,Bottom,2,0,0,Fastball,Four-Seam,BallCalled,Undefined,Undefined,Undefined,0,0,,85.53972,-0.318532,-1.435034,2059.723807,221.38335,1:30,5.37842,1.82609,5.32484,-20.65529,18.21107,14.99308,3.35815,1.72861,78.3515,-4.184,1.226958,0.448702,,,,,,,,,,,,-7.8593,9.56331,-1.70729,50,5.33502,2.45248,-124.17903,-1.35528,-12.32066,23.94531,-17.18204,POM_COL,HOU_KYL1,PomonaPitzer,D3,Team,20250309-PomonaPitzer-3,79404f20-fd0b-11ef-8396-49d062319fe5,84.0032,,,7.18822,,,,,,,4a7971cc-f0d5-4adf-be21-3c3eee1bd4f8,2025-03-09,17:25:18.68,2025-03-09T10:25:18.6882048-07:00,2025-03-09T17:25:18.6882048Z,,v3,POM_PIT,58339,,"Hargrove, Calvin",,Undefined,HOU_KYL1,a18deb4f-fa18-453b-b515-a2965b0e8f39,55.17353,-125.17266,11.97265,5.37646,-0.64229,-8.59102,-1.81967,2.96374,-6.16033,,,,,,,,,,,,,,,,,,,,,,,,,,,,,,,,,,,,,,,,,,,,,,,,,,,High,High,High,,,,,
55,2025-03-09,10:25:42.28,6,2,"Anderson, Owen",,Right,HOU_KYL1,"Hattenburg, Xavier",10277269,Left,POM_COL,Undefined,1,Bottom,2,1,0,Fastball,Four-Seam,BallCalled,Undefined,Undefined,Undefined,0,0,,85.61516,-0.336974,-1.862471,1994.300553,218.192572,1:15,5.44113,1.72608,5.42646,-19.87544,18.93863,13.92107,3.46906,1.14113,78.09422,-4.080559,0.613075,0.448401,,,,,,,,,,,,-7.49146,9.98008,-1.57072,50,5.39777,3.4344,-124.2264,-1.34776,-11.70441,24.93005,-16.58147,POM_COL,HOU_KYL1,PomonaPitzer,D3,Team,20250309-PomonaPitzer-3,87516220-fd0b-11ef-8396-49d062319fe5,84.05974,,,7.52094,,,,,,,4a7971cc-f0d5-4adf-be21-3c3eee1bd4f8,2025-03-09,17:25:42.28,2025-03-09T10:25:42.2804480-07:00,2025-03-09T17:25:42.2804480Z,,v3,POM_PIT,58339,,"Hargrove, Calvin",,Undefined,HOU_KYL1,95da1857-db75-458b-86e1-52af12d60e17,55.07148,-125.24002,12.46502,5.43886,-0.67358,-8.29074,-1.72003,3.91029,-5.8522,,,,,,,,,,,,,,,,,,,,,,,,,,,,,,,,,,,,,,,,,,,,,,,,,,,High,High,High,,,,,
56,2025-03-09,10:26:08.54,6,3,"Anderson, Owen",,Right,HOU_KYL1,"Hattenburg, Xavier",10277269,Left,POM_COL,Undefined,1,Bottom,2,2,0,ChangeUp,Changeup,StrikeCalled,Undefined,Undefined,Undefined,0,0,,74.74986,0.500736,-2.244491,1673.306745,233.83495,1:45,5.21831,1.78821,5.64445,-37.67624,12.38658,14.95316,2.54609,0.93955,69.05477,-6.450891,0.425854,0.509248,,,,,,,,,,,,-8.14926,6.6139,-1.60733,50,5.2368,3.71283,-108.58308,-0.1681,-9.81796,17.39015,-24.20581,POM_COL,HOU_KYL1,PomonaPitzer,D3,Team,20250309-PomonaPitzer-3,97080ed0-fd0b-11ef-8396-49d062319fe5,74.01593,,,5.69508,,,,,,,4a7971cc-f0d5-4adf-be21-3c3eee1bd4f8,2025-03-09,17:26:08.54,2025-03-09T10:26:08.5446144-07:00,2025-03-09T17:26:08.5446144Z,,v3,POM_PIT,58339,,"Hargrove, Calvin",,Undefined,HOU_KYL1,145497b6-ebc6-4197-a7b6-79dde0339475,54.85529,-109.35792,8.69508,5.22026,0.91041,-12.1029,-1.7825,4.15028,-4.90898,,,,,,,,,,,,,,,,,,,,,,,,,,,,,,,,,,,,,,,,,,,,,,,,,,,High,High,High,,,,,
57,2025-03-09,10:26:31.31,6,4,"Anderson, Owen",,Right,HOU_KYL1,"Hattenburg, Xavier",10277269,Left,POM_COL,Undefined,1,Bottom,2,2,1,Fastball,Four-Seam,BallCalled,Undefined,Undefined,Undefined,0,0,,85.6522,-0.01919,-2.374199,2081.867176,221.66055,1:30,5.39966,1.63225,5.50108,-19.66115,19.37918,16.03269,3.74326,0.74641,77.3894,-3.753916,0.479554,0.449706,,,,,,,,,,,,-8.75611,10.14993,-1.43562,50,5.38512,4.44664,-124.13396,-0.62856,-13.53199,27.06512,-16.48795,POM_COL,HOU_KYL1,PomonaPitzer,D3,Team,20250309-PomonaPitzer-3,a4943a60-fd0b-11ef-8396-49d062319fe5,83.81581,,,8.2628,,,,,,,4a7971cc-f0d5-4adf-be21-3c3eee1bd4f8,2025-03-09,17:26:31.31,2025-03-09T10:26:31.3185792-07:00,2025-03-09T17:26:31.3185792Z,,v3,POM_PIT,58339,,"Hargrove, Calvin",,Undefined,HOU_KYL1,ab0bbb5f-fc18-4868-9153-96a7eb0d446b,54.99559,-125.21842,13.53256,5.39707,0.03209,-8.24397,-1.62465,4.98885,-6.766,,,,,,,,,,,,,,,,,,,,,,,,,,,,,,,,,,,,,,,,,,,,,,,,,,,High,High,High,,,,,
58,2025-03-09,10:26:55.17,6,5,"Anderson, Owen",,Right,HOU_KYL1,"Hattenburg, Xavier",10277269,Left,POM_COL,Undefined,1,Bottom,2,3,1,Fastball,Four-Seam,InPlay,Undefined,FlyBall,Double,0,2,,85.13119,-0.933847,-2.937331,2007.646754,220.758162,1:15,5.27504,1.7449,5.82975,-21.00139,17.76761,14.22115,2.65562,0.19713,77.60619,-4.904444,-0.391615,0.44814,96.41941,22.162156,8.982976,2413.041853,108.98273,43.99631,14.92525,357.60931,347.85144,5.530137,4.638243,-8.1667,9.73886,-1.51367,50,5.18647,5.77172,-123.5107,-2.63662,-12.581,25.22293,-17.17109,POM_COL,HOU_KYL1,PomonaPitzer,D3,Team,20250309-PomonaPitzer-3,b2c7f090-fd0b-11ef-8396-49d062319fe5,84.10862,63.42311,,7.525,,,,2.05631,2.88833,-0.18154,4a7971cc-f0d5-4adf-be21-3c3eee1bd4f8,2025-03-09,17:26:55.17,2025-03-09T10:26:55.1768576-07:00,2025-03-09T17:26:55.1768576Z,LineDrive,v3,POM_PIT,58339,,"Hargrove, Calvin",,Undefined,HOU_KYL1,60f16bc0-ef5a-4774-ab82-354a3b507808,54.67042,-124.46082,12.61146,5.27361,-1.9898,-8.58554,-1.74001,6.24563,-6.2905,171.195356,2.05568,129.37357,-25.16478,5.98604,-1.32817,0.2952,-0.056,0.00676,-0.00035,2.89047,53.30237,-10.82652,-1.1189,0.65766,-0.25278,0.06052,-0.00761,0.00038,-0.18166,20.4513,-6.36731,1.58176,-0.35531,0.07688,-0.01397,0.00163,-8E-05,,,,,,,,,,,,,,,,,,,,,,,High,High,High,High,High,,,
59,2025-03-09,10:28:22.20,7,1,"Anderson, Owen",,Right,HOU_KYL1,"Lee, Sammy",1000276388,Right,POM_COL,Undefined,1,Bottom,2,0,0,Fastball,Four-Seam,StrikeCalled,Undefined,Undefined,Undefined,0,0,,86.10106,-0.876139,-3.195926,2131.891151,209.259753,1:00,5.4073,1.63264,5.61583,-17.69343,20.77135,10.89075,3.1138,-0.44569,77.94456,-4.256187,-1.255744,0.446378,,,,,,,,,,,,-6.42571,11.13658,-1.36648,50,5.3212,6.49015,-124.71027,-2.40761,-10.04338,26.84546,-14.76762,POM_COL,HOU_KYL1,PomonaPitzer,D3,Team,20250309-PomonaPitzer-3,e6a5fc40-fd0b-11ef-8396-49d062319fe5,84.44055,,,8.1565,,,,,,,4a7971cc-f0d5-4adf-be21-3c3eee1bd4f8,2025-03-09,17:28:22.20,2025-03-09T10:28:22.2050304-07:00,2025-03-09T17:28:22.2050304Z,,v3,POM_PIT,58339,,"Hargrove, Calvin",,Undefined,HOU_KYL1,f75a7a37-1a65-4f30-89f8-568b40e6810b,54.88014,-125.7564,13.42273,5.40381,-1.83214,-7.38381,-1.62701,6.88153,-5.02169,,,,,,,,,,,,,,,,,,,,,,,,,,,,,,,,,,,,,,,,,,,,,,,,,,,High,High,High,,,,,
60,2025-03-09,10:28:43.50,7,2,"Anderson, Owen",,Right,HOU_KYL1,"Lee, Sammy",1000276388,Right,POM_COL,Undefined,1,Bottom,2,0,1,Curveball,Curveball,FoulBallNotFieldable,Undefined,Undefined,Undefined,0,0,,73.97193,3.176985,-0.746184,1977.89868,34.765282,7:15,5.19626,1.75646,5.18883,-74.20154,-20.76903,-15.73481,2.00491,-0.25679,67.11,-10.231087,-3.538188,0.526107,,,,,,,,,,,,7.60552,-10.93048,-1.67459,50,5.4345,2.00012,-107.17133,3.4088,8.66165,22.11273,-44.62235,POM_COL,HOU_KYL1,PomonaPitzer,D3,Team,20250309-PomonaPitzer-3,f3667360-fd0b-11ef-8396-49d062319fe5,71.64403,,,6.86193,,,,,,,4a7971cc-f0d5-4adf-be21-3c3eee1bd4f8,2025-03-09,17:28:43.50,2025-03-09T10:28:43.5095040-07:00,2025-03-09T17:28:43.5095040Z,,v3,POM_PIT,58339,,"Hargrove, Calvin",,Undefined,HOU_KYL1,c47a3612-94df-450d-91ef-7f899176f322,55.3163,-108.26269,11.05637,5.21192,5.6111,-22.31118,-1.76275,1.57263,4.33082,,,,,,,,,,,,,,,,,,,,,,,,,,,,,,,,,,,,,,,,,,,,,,,,,,,High,High,High,,,,,
61,2025-03-09,10:29:10.60,7,3,"Anderson, Owen",,Right,HOU_KYL1,"Lee, Sammy",1000276388,Right,POM_COL,Undefined,1,Bottom,2,0,2,Curveball,Curveball,BallCalled,Undefined,Undefined,Undefined,0,0,,76.88291,1.635974,-2.189268,1739.166007,35.880687,7:15,5.21522,1.53588,5.21158,-64.45881,-14.89343,-12.08465,1.38361,-1.53089,69.61804,-10.024291,-4.33289,0.506711,,,,,,,,,,,,5.25095,-7.42587,-1.32404,50,5.3182,4.74236,-111.33034,0.89844,6.43591,24.35169,-41.27565,POM_COL,HOU_KYL1,PomonaPitzer,D3,Team,20250309-PomonaPitzer-3,0381ae40-fd0c-11ef-8396-49d062319fe5,74.3864,,,7.26488,,,,,,,4a7971cc-f0d5-4adf-be21-3c3eee1bd4f8,2025-03-09,17:29:10.60,2025-03-09T10:29:10.6001408-07:00,2025-03-09T17:29:10.6001408Z,,v3,POM_PIT,58339,,"Hargrove, Calvin",,Undefined,HOU_KYL1,1acd463f-b81a-4759-82a1-971b116b0d84,55.28973,-112.48144,12.17584,5.22962,2.84952,-20.63783,-1.54101,4.43813,3.21796,,,,,,,,,,,,,,,,,,,,,,,,,,,,,,,,,,,,,,,,,,,,,,,,,,,High,High,High,,,,,
62,2025-03-09,10:29:34.26,7,4,"Anderson, Owen",,Right,HOU_KYL1,"Lee, Sammy",1000276388,Right,POM_COL,Undefined,1,Bottom,2,1,2,Fastball,Four-Seam,BallCalled,Undefined,Undefined,Undefined,0,0,,85.55207,0.023661,-2.606323,2142.565142,214.21232,1:15,5.39548,1.44165,5.62437,-20.67745,18.47233,11.59422,3.69446,-0.02596,76.95771,-3.910725,-0.538809,0.450335,,,,,,,,,,,,-6.64713,9.72819,-1.22675,50,5.38455,5.13613,-123.90586,-0.5586,-10.18683,28.04189,-17.26546,POM_COL,HOU_KYL1,PomonaPitzer,D3,Team,20250309-PomonaPitzer-3,119c3720-fd0c-11ef-8396-49d062319fe5,83.69863,,,8.59437,,,,,,,4a7971cc-f0d5-4adf-be21-3c3eee1bd4f8,2025-03-09,17:29:34.26,2025-03-09T10:29:34.2692864-07:00,2025-03-09T17:29:34.2692864Z,,v3,POM_PIT,58339,,"Hargrove, Calvin",,Undefined,HOU_KYL1,6b1eb6e9-65ef-4953-baa2-1e48765dfe44,54.87055,-125.00328,14.02094,5.39319,0.11709,-8.63273,-1.43556,5.53479,-5.09342,,,,,,,,,,,,,,,,,,,,,,,,,,,,,,,,,,,,,,,,,,,,,,,,,,,High,High,High,,,,,
63,2025-03-09,10:29:57.03,7,5,"Anderson, Owen",,Right,HOU_KYL1,"Lee, Sammy",1000276388,Right,POM_COL,Undefined,1,Bottom,2,2,2,Fastball,Four-Seam,BallCalled,Undefined,Undefined,Undefined,0,0,,86.40856,0.163542,-2.859755,2177.122276,218.313411,1:15,5.34222,1.56302,5.74136,-21.58281,16.47202,11.96682,3.69613,-0.10474,78.05493,-3.924504,-0.721647,0.443993,,,,,,,,,,,,-6.91347,8.69922,-1.33214,50,5.34282,5.7397,-125.21223,-0.29576,-10.8667,27.62444,-18.50049,POM_COL,HOU_KYL1,PomonaPitzer,D3,Team,20250309-PomonaPitzer-3,1f2e7d30-fd0c-11ef-8396-49d062319fe5,84.8942,,,8.35363,,,,,,,4a7971cc-f0d5-4adf-be21-3c3eee1bd4f8,2025-03-09,17:29:57.03,2025-03-09T10:29:57.0312192-07:00,2025-03-09T17:29:57.0312192Z,,v3,POM_PIT,58339,,"Hargrove, Calvin",,Undefined,HOU_KYL1,8499fdd6-ed1d-407a-970b-c50fd94317cb,54.75463,-126.25685,13.81222,5.34078,0.40383,-9.25024,-1.55696,6.15062,-5.43335,,,,,,,,,,,,,,,,,,,,,,,,,,,,,,,,,,,,,,,,,,,,,,,,,,,High,High,High,,,,,
64,2025-03-09,10:30:17.50,7,6,"Anderson, Owen",,Right,HOU_KYL1,"Lee, Sammy",1000276388,Right,POM_COL,Undefined,1,Bottom,2,3,2,Fastball,Changeup,BallCalled,Walk,Undefined,Undefined,0,0,,84.90911,0.14982,-2.655563,2100.154059,220.895902,1:15,5.20644,1.65716,5.69658,-23.28261,16.17631,12.82001,3.40599,0.249,76.74718,-4.245401,-0.366119,0.45211,,,,,,,,,,,,-7.28607,8.56028,-1.442,50,5.20476,5.16608,-123.0604,-0.38883,-11.0622,26.68123,-19.17721,POM_COL,HOU_KYL1,PomonaPitzer,D3,Team,20250309-PomonaPitzer-3,2b648ea0-fd0c-11ef-8396-49d062319fe5,83.37007,,,8.16193,,,,,,,4a7971cc-f0d5-4adf-be21-3c3eee1bd4f8,2025-03-09,17:30:17.50,2025-03-09T10:30:17.5068160-07:00,2025-03-09T17:30:17.5068160Z,,v3,POM_PIT,58339,,"Hargrove, Calvin",,Undefined,HOU_KYL1,821b46dd-c945-4fdd-9738-798f827114bd,54.79989,-124.09672,13.34062,5.2054,0.35603,-9.58861,-1.651,5.59574,-5.5311,,,,,,,,,,,,,,,,,,,,,,,,,,,,,,,,,,,,,,,,,,,,,,,,,,,High,High,High,,,,,
65,2025-03-09,10:30:52.75,8,1,"Anderson, Owen",,Right,HOU_KYL1,"Kinney, William",1000092038,Right,POM_COL,Undefined,1,Bottom,2,0,0,Fastball,Four-Seam,StrikeCalled,Undefined,Undefined,Undefined,0,0,,86.44246,-0.872637,-3.884409,2125.718897,214.557417,1:15,5.25394,1.43437,5.97726,-20.44477,17.12351,10.92434,2.73935,-1.26165,78.54822,-4.75262,-1.927181,0.441146,,,,,,,,,,,,-6.69374,9.40138,-1.13258,50,5.1734,8.04923,-125.23518,-2.49885,-10.58264,26.3591,-17.31073,POM_COL,HOU_KYL1,PomonaPitzer,D3,Team,20250309-PomonaPitzer-3,4061a270-fd0c-11ef-8396-49d062319fe5,85.44217,,,7.89424,,,,,,,4a7971cc-f0d5-4adf-be21-3c3eee1bd4f8,2025-03-09,17:30:52.75,2025-03-09T10:30:52.7542784-07:00,2025-03-09T17:30:52.7542784Z,,v3,POM_PIT,58339,,"Hargrove, Calvin",,Undefined,HOU_KYL1,f7522f0d-1c8f-4c91-8ab7-14c57c25e781,54.51957,-126.18286,13.17955,5.25205,-1.87648,-8.65537,-1.42881,8.4297,-5.29132,,,,,,,,,,,,,,,,,,,,,,,,,,,,,,,,,,,,,,,,,,,,,,,,,,,High,High,High,,,,,
66,2025-03-09,10:31:09.94,8,2,"Anderson, Owen",,Right,HOU_KYL1,"Kinney, William",1000092038,Right,POM_COL,Undefined,1,Bottom,2,0,1,Curveball,Curveball,StrikeCalled,Undefined,Undefined,Undefined,0,0,,75.49104,2.811842,-0.791298,1824.494081,33.833462,7:15,5.1052,1.83326,5.34046,-63.23921,-12.69705,-9.63985,2.47547,0.28756,68.82846,-8.671435,-2.505164,0.51168,,,,,,,,,,,,4.55914,-6.64855,-1.75483,50,5.31374,1.88862,-109.45659,3.21289,5.47405,21.17725,-40.15685,POM_COL,HOU_KYL1,PomonaPitzer,D3,Team,20250309-PomonaPitzer-3,4aa86700-fd0c-11ef-8396-49d062319fe5,73.6641,,,6.66258,,,,,,,4a7971cc-f0d5-4adf-be21-3c3eee1bd4f8,2025-03-09,17:31:09.94,2025-03-09T10:31:09.9416064-07:00,2025-03-09T17:31:09.9416064Z,,v3,POM_PIT,58339,,"Hargrove, Calvin",,Undefined,HOU_KYL1,87bd9fb4-bc94-4552-a78d-4fa5d4d3936f,55.16171,-110.45075,10.58863,5.11867,5.09803,-20.07843,-1.83746,1.63164,2.73702,,,,,,,,,,,,,,,,,,,,,,,,,,,,,,,,,,,,,,,,,,,,,,,,,,,High,High,High,,,,,
67,2025-03-09,10:31:29.63,8,3,"Anderson, Owen",,Right,HOU_KYL1,"Kinney, William",1000092038,Right,POM_COL,Undefined,1,Bottom,2,0,2,Curveball,Curveball,StrikeCalled,Strikeout,Undefined,Undefined,0,0,,76.54346,2.049557,-1.949995,1956.086911,33.709447,7:00,5.11349,1.72819,5.3332,-62.87535,-13.7065,-10.22504,1.7988,-0.95416,69.99341,-9.33773,-3.767185,0.504681,,,,,,,,,,,,4.50288,-6.95973,-1.54451,50,5.2536,4.18178,-110.99974,1.79187,5.55871,21.82219,-40.76571,POM_COL,HOU_KYL1,PomonaPitzer,D3,Team,20250309-PomonaPitzer-3,56610b10-fd0c-11ef-8396-49d062319fe5,74.68574,,,6.55006,,,,,,,4a7971cc-f0d5-4adf-be21-3c3eee1bd4f8,2025-03-09,17:31:29.63,2025-03-09T10:31:29.6312832-07:00,2025-03-09T17:31:29.6312832Z,,v3,POM_PIT,58339,,"Hargrove, Calvin",,Undefined,HOU_KYL1,f0d0c287-c0bf-469b-951f-6aa3738d1f59,55.16945,-112.01143,10.9111,5.12672,3.68179,-20.38285,-1.7324,3.92408,2.77935,,,,,,,,,,,,,,,,,,,,,,,,,,,,,,,,,,,,,,,,,,,,,,,,,,,High,High,High,,,,,
68,2025-03-09,10:33:19.52,1,1,"Collins, Ethan",1000115647,Right,POM_COL,"Witte, Nate",,Right,HOU_KYL1,Undefined,2,Top,0,0,0,TwoSeamFastBall,Slider,BallCalled,Undefined,Undefined,Undefined,0,0,,83.91148,0.988587,-5.326524,2155.327194,267.813693,3:00,4.99966,2.52059,5.42235,-39.39412,1.57528,5.19087,2.64692,-2.05054,76.25346,-6.215069,-4.409665,0.460682,,,,,,,,,,,,-4.18701,0.92685,-2.0502,50,5.06057,11.08023,-121.21785,0.68652,-6.1881,25.17658,-30.80425,POM_COL,HOU_KYL1,PomonaPitzer,D3,Team,20250309-PomonaPitzer-3,97dca770-fd0c-11ef-8396-49d062319fe5,81.81878,,,7.65802,,,,,,,4a7971cc-f0d5-4adf-be21-3c3eee1bd4f8,2025-03-09,17:33:19.52,2025-03-09T10:33:19.5208192-07:00,2025-03-09T17:33:19.5208192Z,,v3,POM_PIT,58339,,"Hattenburg, Xavier",10277269,Right,POM_COL,c6199c6c-3507-4dea-bb43-f62458e96b8c,55.07576,-122.26753,12.58829,5.00518,1.97082,-15.40212,-2.51754,11.33823,-3.09405,,,,,,,,,,,,,,,,,,,,,,,,,,,,,,,,,,,,,,,,,,,,,,,,,,,High,High,High,,,,,
69,2025-03-09,10:33:35.02,1,2,"Collins, Ethan",1000115647,Right,POM_COL,"Witte, Nate",,Right,HOU_KYL1,Undefined,2,Top,0,1,0,Cutter,Slider,InPlay,Undefined,LineDrive,Single,1,0,,81.61827,-0.241713,-2.923481,2656.928279,112.244537,9:45,5.1303,2.4284,5.25296,-39.50542,3.43043,-5.20272,1.61076,-0.75458,75.17038,-7.422782,-3.844753,0.471608,66.52318,16.688686,13.827513,3395.283282,104.06802,9.94542,35.63424,142.66786,127.74657,20.707087,1.797098,1.83016,2.12713,-2.15597,50,5.07863,6.25668,-118.38533,-1.89361,2.60194,22.22229,-29.14992,POM_COL,HOU_KYL1,PomonaPitzer,D3,Team,20250309-PomonaPitzer-3,a11fdeb0-fd0c-11ef-8396-49d062319fe5,79.92317,13.26969,,6.44789,,,,2.8503,1.79681,0.64979,4a7971cc-f0d5-4adf-be21-3c3eee1bd4f8,2025-03-09,17:33:35.02,2025-03-09T10:33:35.0295040-07:00,2025-03-09T17:33:35.0295040Z,LineDrive,v3,POM_PIT,58339,,"Hattenburg, Xavier",10277269,Right,POM_COL,0ecdbd35-8ff3-49fc-af20-3588ff48380e,55.24795,-119.36636,11.11115,5.13382,-0.60674,-14.57496,-2.42965,6.14182,1.30097,256.894865,2.8503,90.74909,-12.05753,1.54343,-0.28194,0.00793,0.02184,-0.0104,0.0017,1.79681,28.01849,-18.12114,1.40449,-0.24087,0.04409,-0.00024,-0.00207,0.00039,0.6498,22.33629,4.29312,-1.03928,0.20883,0.02268,-0.05643,0.02636,-0.00437,,,,,,,,,,,,,,,,,,,,,,,High,High,High,High,High,,,
70,2025-03-09,10:34:07.03,2,1,"Collins, Ethan",1000115647,Right,POM_COL,"Ramos, Emiliano",,Right,HOU_KYL1,Undefined,2,Top,1,0,0,Cutter,Slider,BallCalled,Undefined,Undefined,Undefined,0,0,,81.79211,-1.069435,-2.248141,2458.814805,111.86501,9:45,5.27007,2.38243,5.12683,-40.93384,2.40331,-2.37067,0.85079,0.06639,74.75149,-8.499873,-2.667833,0.473807,,,,,,,,,,,,0.50646,1.94713,-2.16929,50,5.13796,4.75304,-118.51265,-3.70095,0.71488,24.24267,-29.42568,POM_COL,HOU_KYL1,PomonaPitzer,D3,Team,20250309-PomonaPitzer-3,b4391750-fd0c-11ef-8396-49d062319fe5,79.5523,,,7.04061,,,,,,,4a7971cc-f0d5-4adf-be21-3c3eee1bd4f8,2025-03-09,17:34:07.03,2025-03-09T10:34:07.0371840-07:00,2025-03-09T17:34:07.0371840Z,,v3,POM_PIT,58339,,"Hattenburg, Xavier",10277269,Right,POM_COL,323ded9d-b26a-412e-bdc7-ab0bcc9550d2,55.37159,-119.6064,12.12134,5.27498,-2.37336,-14.71284,-2.38301,4.72079,0.35744,,,,,,,,,,,,,,,,,,,,,,,,,,,,,,,,,,,,,,,,,,,,,,,,,,,High,High,High,,,,,
71,2025-03-09,10:34:22.02,2,2,"Collins, Ethan",1000115647,Right,POM_COL,"Ramos, Emiliano",,Right,HOU_KYL1,Undefined,2,Top,1,1,0,TwoSeamFastBall,Changeup,FoulBallNotFieldable,Undefined,Undefined,Undefined,0,0,,84.4001,-0.420024,-3.665249,2188.653367,274.56201,3:15,4.91461,2.5772,5.7772,-38.66994,0.49748,7.90804,1.30047,-0.17894,78.07664,-7.496773,-2.251178,0.450437,,,,,,,,,,,,-5.01618,0.64339,-2.27923,50,4.85605,7.54047,-122.52141,-2.21844,-7.68491,22.42411,-31.18834,POM_COL,HOU_KYL1,PomonaPitzer,D3,Team,20250309-PomonaPitzer-3,bd1d65b0-fd0c-11ef-8396-49d062319fe5,83.67974,,,6.32346,,,,,,,4a7971cc-f0d5-4adf-be21-3c3eee1bd4f8,2025-03-09,17:34:22.02,2025-03-09T10:34:22.0204032-07:00,2025-03-09T17:34:22.0204032Z,,v3,POM_PIT,58339,,"Hattenburg, Xavier",10277269,Right,POM_COL,fb03de0f-64bb-403f-8dde-72bf4eca2124,54.72524,-123.3832,11.21206,4.91827,-1.01982,-15.59417,-2.57469,7.83581,-3.84246,,,,,,,,,,,,,,,,,,,,,,,,,,,,,,,,,,,,,,,,,,,,,,,,,,,High,High,High,,,,,
72,2025-03-09,10:34:39.02,2,3,"Collins, Ethan",1000115647,Right,POM_COL,"Ramos, Emiliano",,Right,HOU_KYL1,Undefined,2,Top,1,1,1,TwoSeamFastBall,Slider,BallCalled,Undefined,Undefined,Undefined,0,0,,85.31331,2.931287,-1.290431,2277.834799,254.045143,2:30,4.9095,2.33078,5.13081,-37.47486,2.11614,3.06882,4.55032,1.37102,77.72881,-3.910154,-0.74805,0.452866,,,,,,,,,,,,-1.87331,0.64205,-2.21213,50,5.156,2.6464,-123.62196,4.90428,-2.90029,24.53712,-31.18004,POM_COL,HOU_KYL1,PomonaPitzer,D3,Team,20250309-PomonaPitzer-3,c73f6430-fd0c-11ef-8396-49d062319fe5,83.2309,,,7.5845,,,,,,,4a7971cc-f0d5-4adf-be21-3c3eee1bd4f8,2025-03-09,17:34:39.02,2025-03-09T10:34:39.0244352-07:00,2025-03-09T17:34:39.0244352Z,,v3,POM_PIT,58339,,"Hattenburg, Xavier",10277269,Right,POM_COL,597aafc7-1a32-4682-bace-4555049133a3,55.36741,-124.68275,12.26856,4.91484,6.25226,-15.59002,-2.32925,2.77178,-1.45014,,,,,,,,,,,,,,,,,,,,,,,,,,,,,,,,,,,,,,,,,,,,,,,,,,,High,High,High,,,,,
73,2025-03-09,10:34:55.98,2,4,"Collins, Ethan",1000115647,Right,POM_COL,"Ramos, Emiliano",,Right,HOU_KYL1,Undefined,2,Top,1,2,1,Curveball,Curveball,BallCalled,Undefined,Undefined,Undefined,0,0,,73.90129,3.313218,-0.272771,2607.259357,64.121324,8:15,5.35421,2.31554,5.3797,-60.28767,-7.7067,-19.40938,3.43965,0.44239,67.42511,-7.668066,-3.721873,0.521898,,,,,,,,,,,,9.60095,-4.28823,-2.27714,50,5.60861,1.24906,-107.1394,4.22104,11.07232,19.86415,-37.11944,POM_COL,HOU_KYL1,PomonaPitzer,D3,Team,20250309-PomonaPitzer-3,d163d3b0-fd0c-11ef-8396-49d062319fe5,72.22184,,,6.47617,,,,,,,4a7971cc-f0d5-4adf-be21-3c3eee1bd4f8,2025-03-09,17:34:55.98,2025-03-09T10:34:55.9835136-07:00,2025-03-09T17:34:55.9835136Z,,v3,POM_PIT,58339,,"Hattenburg, Xavier",10277269,Right,POM_COL,43cca268-7bcc-43b5-ba62-4ff9f3284b68,55.12253,-108.08496,9.93208,5.36562,5.98799,-18.55972,-2.32405,0.722,5.53616,,,,,,,,,,,,,,,,,,,,,,,,,,,,,,,,,,,,,,,,,,,,,,,,,,,High,High,High,,,,,
74,2025-03-09,10:35:11.38,2,5,"Collins, Ethan",1000115647,Right,POM_COL,"Ramos, Emiliano",,Right,HOU_KYL1,Undefined,2,Top,1,3,1,TwoSeamFastBall,Slider,BallCalled,Walk,Undefined,Undefined,0,0,,84.18957,1.03185,-1.730868,2269.661223,261.007811,2:45,4.90517,2.41062,5.20728,-38.5875,1.92764,4.04418,2.66049,1.11937,76.92372,-6.01055,-1.014319,0.458121,,,,,,,,,,,,-2.5,1.07221,-2.25362,50,4.97169,3.51364,-122.11637,0.76544,-3.77023,24.33784,-30.55705,POM_COL,HOU_KYL1,PomonaPitzer,D3,Team,20250309-PomonaPitzer-3,da900080-fd0c-11ef-8396-49d062319fe5,82.27618,,,7.26585,,,,,,,4a7971cc-f0d5-4adf-be21-3c3eee1bd4f8,2025-03-09,17:35:11.38,2025-03-09T10:35:11.3880064-07:00,2025-03-09T17:35:11.3880064Z,,v3,POM_PIT,58339,,"Hattenburg, Xavier",10277269,Right,POM_COL,6a5e5b8e-d1af-44a8-8f67-29de8c503a27,55.29147,-123.16645,12.16892,4.91022,2.08385,-15.27853,-2.40873,3.67631,-1.88511,,,,,,,,,,,,,,,,,,,,,,,,,,,,,,,,,,,,,,,,,,,,,,,,,,,High,High,High,,,,,
75,2025-03-09,10:35:42.58,3,1,"Collins, Ethan",1000115647,Right,POM_COL,"Vivian, Anthony",,Right,HOU_KYL1,Undefined,2,Top,1,0,0,Slider,Slider,StrikeCalled,Undefined,Undefined,Undefined,0,0,,80.43756,0.955691,-0.203475,2727.427584,94.188802,9:15,5.06986,2.44713,5.2796,-42.00876,2.58508,-14.56576,2.46678,1.04221,73.08137,-6.735984,-2.789345,0.480628,,,,,,,,,,,,7.19453,1.4687,-2.41756,50,5.12654,1.02166,-116.64617,0.47354,9.80911,24.07801,-30.17159,POM_COL,HOU_KYL1,PomonaPitzer,D3,Team,20250309-PomonaPitzer-3,ed2bf2d0-fd0c-11ef-8396-49d062319fe5,78.42335,,,7.35618,,,,,,,4a7971cc-f0d5-4adf-be21-3c3eee1bd4f8,2025-03-09,17:35:42.58,2025-03-09T10:35:42.5819136-07:00,2025-03-09T17:35:42.5819136Z,,v3,POM_PIT,58339,,"Hattenburg, Xavier",10277269,Right,POM_COL,62e362c0-67b5-494e-9c2a-419433dd8582,55.21864,-117.71847,12.039,5.07553,1.81721,-15.0858,-2.45333,0.58482,4.90455,,,,,,,,,,,,,,,,,,,,,,,,,,,,,,,,,,,,,,,,,,,,,,,,,,,High,High,High,,,,,
76,2025-03-09,10:35:58.42,3,2,"Collins, Ethan",1000115647,Right,POM_COL,"Vivian, Anthony",,Right,HOU_KYL1,Undefined,2,Top,1,0,1,TwoSeamFastBall,Slider,StrikeCalled,Undefined,Undefined,Undefined,0,0,,84.43822,0.569708,-3.971674,2330.419702,199.791512,12:45,4.85179,2.53034,5.26646,-35.13333,5.4565,1.46961,2.46051,-1.0842,76.68181,-5.870078,-3.712036,0.458543,,,,,,,,,,,,-1.9202,2.98965,-2.16759,50,4.87849,8.41624,-122.15133,-0.05799,-2.87981,25.7203,-27.69036,POM_COL,HOU_KYL1,PomonaPitzer,D3,Team,20250309-PomonaPitzer-3,f68f8350-fd0c-11ef-8396-49d062319fe5,82.20049,,,7.75642,,,,,,,4a7971cc-f0d5-4adf-be21-3c3eee1bd4f8,2025-03-09,17:35:58.42,2025-03-09T10:35:58.4228352-07:00,2025-03-09T17:35:58.4228352Z,,v3,POM_PIT,58339,,"Hattenburg, Xavier",10277269,Right,POM_COL,18a19d90-b4c6-43ed-87ac-a7341cbcd0f0,55.2301,-123.24766,12.86015,4.8558,1.12232,-13.84518,-2.52895,8.53899,-1.4399,,,,,,,,,,,,,,,,,,,,,,,,,,,,,,,,,,,,,,,,,,,,,,,,,,,High,High,High,,,,,
77,2025-03-09,10:36:16.61,3,3,"Collins, Ethan",1000115647,Right,POM_COL,"Vivian, Anthony",,Right,HOU_KYL1,Undefined,2,Top,1,0,2,Curveball,Curveball,BallCalled,Undefined,Undefined,Undefined,0,0,,74.62537,1.58909,0.524088,2695.113803,59.318508,8:00,5.43644,2.43791,5.36761,-61.53743,-9.87973,-19.58218,1.79877,1.29749,68.18292,-9.587553,-2.964601,0.517296,,,,,,,,,,,,9.97965,-4.92504,-2.47058,50,5.53532,-0.24556,-108.29764,0.95669,11.70631,21.08329,-37.95122,POM_COL,HOU_KYL1,PomonaPitzer,D3,Team,20250309-PomonaPitzer-3,017483b0-fd0d-11ef-8396-49d062319fe5,72.86437,,,6.44244,,,,,,,4a7971cc-f0d5-4adf-be21-3c3eee1bd4f8,2025-03-09,17:36:16.61,2025-03-09T10:36:16.6110720-07:00,2025-03-09T17:36:16.6110720Z,,v3,POM_PIT,58339,,"Hattenburg, Xavier",10277269,Right,POM_COL,9fda1341-23c0-4bc1-a1c6-d5b307613d8d,55.1352,-109.29278,10.54164,5.44789,2.74801,-18.97561,-2.44595,-0.79811,5.85315,,,,,,,,,,,,,,,,,,,,,,,,,,,,,,,,,,,,,,,,,,,,,,,,,,,High,High,High,,,,,
78,2025-03-09,10:36:34.37,3,4,"Collins, Ethan",1000115647,Right,POM_COL,"Vivian, Anthony",,Right,HOU_KYL1,Undefined,2,Top,1,1,2,TwoSeamFastBall,Slider,InPlay,Undefined,LineDrive,Out,2,0,,84.25355,0.332402,-1.881332,2175.596329,221.631184,1:30,4.83214,2.594,5.41101,-33.59691,7.08339,4.99154,2.34399,1.24674,75.98817,-5.880585,-0.993647,0.459054,43.00846,30.825806,-23.812326,2500.818632,,,,107.3786,105.07475,-22.769517,2.323695,-3.12823,3.85992,-2.43026,50,4.83853,3.79819,-122.07365,-0.46094,-4.64599,27.56546,-26.44135,POM_COL,HOU_KYL1,PomonaPitzer,D3,Team,20250309-PomonaPitzer-3,0bfeb9e0-fd0d-11ef-8396-49d062319fe5,82.10902,19.98291,,8.26538,,,,2.09156,2.45487,-1.2718,4a7971cc-f0d5-4adf-be21-3c3eee1bd4f8,2025-03-09,17:36:34.37,2025-03-09T10:36:34.3778304-07:00,2025-03-09T17:36:34.3778304Z,LineDrive,v3,POM_PIT,58339,,"Hattenburg, Xavier",10277269,Right,POM_COL,a5b5adca-2d33-4b85-8bd3-5636de1c2b49,55.08654,-123.21688,13.78273,4.83491,0.63567,-13.22067,-2.59178,3.99087,-2.323,188.76298,2.09163,49.55275,-5.35742,1.17175,-0.04444,-0.14365,0.06778,-0.01059,0.00027,2.45482,32.32528,-15.42062,0.55172,-0.09227,-0.01334,0.05613,-0.02634,0.00373,-1.27184,-21.8671,2.99986,-0.58261,-0.00672,0.08578,-0.03776,0.00561,-0.0001,,,,,,,,,,,,,,,,,,,,,,,Medium,Medium,Medium,High,High,,,
79,2025-03-09,10:38:25.93,1,1,"Anderson, Owen",,Right,HOU_KYL1,"Legg, Jimmy",1000115608,Left,POM_COL,Undefined,2,Bottom,0,0,0,ChangeUp,Changeup,BallCalled,Undefined,Undefined,Undefined,0,0,,73.68087,-0.850083,-4.153344,1571.328401,264.274064,2:45,5.30647,1.85717,5.91458,-48.11522,3.49772,18.3743,0.50578,-0.47311,67.89595,-9.683875,-0.85628,0.517072,,,,,,,,,,,,-10.61075,2.51732,-1.53427,50,5.21066,7.12554,-106.82441,-2.98814,-12.2497,18.56295,-29.26789,POM_COL,HOU_KYL1,PomonaPitzer,D3,Team,20250309-PomonaPitzer-3,4e8d4ce0-fd0d-11ef-8396-49d062319fe5,72.89598,,,5.78492,,,,,,,4a7971cc-f0d5-4adf-be21-3c3eee1bd4f8,2025-03-09,17:38:25.93,2025-03-09T10:38:25.9316224-07:00,2025-03-09T17:38:25.9316224Z,,v3,POM_PIT,58339,,"Hargrove, Calvin",,Undefined,HOU_KYL1,08cc47d8-8cbe-4990-b4bf-0e7946103566,54.58673,-107.6185,9.28147,5.3117,-1.73612,-14.63395,-1.85029,7.64955,-6.12485,,,,,,,,,,,,,,,,,,,,,,,,,,,,,,,,,,,,,,,,,,,,,,,,,,,High,High,High,,,,,
80,2025-03-09,10:38:37.57,1,2,"Anderson, Owen",,Right,HOU_KYL1,"Legg, Jimmy",1000115608,Left,POM_COL,Undefined,2,Bottom,0,1,0,Fastball,Four-Seam,InPlay,Undefined,LineDrive,Single,0,0,,83.71378,-1.463591,-3.372944,2002.516166,220.254344,1:15,5.42628,1.80194,5.49708,-21.12887,19.80099,15.54402,2.29386,-0.06137,75.81408,-5.456724,-0.609128,0.46046,76.54885,24.675572,31.907528,1575.633799,90.13121,36.25872,63.05839,253.01433,227.74464,39.975071,3.278095,-8.92201,10.86843,-1.51775,50,5.28433,6.50369,-121.22239,-3.73709,-13.15169,25.76906,-16.15321,POM_COL,HOU_KYL1,PomonaPitzer,D3,Team,20250309-PomonaPitzer-3,55755610-fd0d-11ef-8396-49d062319fe5,81.85829,37.90193,,7.8997,,,,3.12779,2.73495,0.05669,4a7971cc-f0d5-4adf-be21-3c3eee1bd4f8,2025-03-09,17:38:37.57,2025-03-09T10:38:37.5752704-07:00,2025-03-09T17:38:37.5752704Z,LineDrive,v3,POM_PIT,58339,,"Hargrove, Calvin",,Undefined,HOU_KYL1,f241c6b2-b5b0-4b41-afb8-4431c40582f8,55.00188,-122.28104,12.88453,5.42423,-3.07347,-8.0766,-1.79603,7.044,-6.57584,,3.1273,86.62162,-15.4769,3.72817,-0.97741,0.31968,-0.10242,0.02024,-0.00162,2.7355,46.85225,-16.55934,0.53773,0.22328,-0.19951,0.08055,-0.01522,0.00108,0.05668,53.92373,-1.24882,-0.17585,-0.00376,0.06763,-0.03248,0.00687,-0.00056,,,,,,,,,,,,,,,,,,,,,,,Medium,Medium,Medium,High,Medium,,,
81,2025-03-09,10:39:13.99,2,1,"Anderson, Owen",,Right,HOU_KYL1,"Ng, JC",1000115591,Left,POM_COL,Undefined,2,Bottom,0,0,0,ChangeUp,Changeup,BallCalled,Undefined,Undefined,Undefined,0,0,,74.7263,2.490807,-1.909737,1596.230536,243.615776,2:00,5.35364,1.87007,5.76337,-40.67345,9.78099,16.4767,4.28522,1.46502,68.12452,-5.061374,1.037052,0.511236,,,,,,,,,,,,-8.85638,4.78327,-1.72169,50,5.53568,3.00418,-108.36794,3.52103,-10.51391,19.2356,-26.49557,POM_COL,HOU_KYL1,PomonaPitzer,D3,Team,20250309-PomonaPitzer-3,6b2b59a0-fd0d-11ef-8396-49d062319fe5,73.72811,,,6.60178,,,,,,,4a7971cc-f0d5-4adf-be21-3c3eee1bd4f8,2025-03-09,17:39:13.99,2025-03-09T10:39:13.9953664-07:00,2025-03-09T17:39:13.9953664Z,,v3,POM_PIT,58339,,"Hargrove, Calvin",,Undefined,HOU_KYL1,0e986fb4-867f-4a91-aa3c-f9f129de9ff0,54.7344,-109.20507,9.6178,5.35735,4.67412,-13.24778,-1.86239,3.46175,-5.25696,,,,,,,,,,,,,,,,,,,,,,,,,,,,,,,,,,,,,,,,,,,,,,,,,,,High,High,High,,,,,
82,2025-03-09,10:39:28.79,2,2,"Anderson, Owen",,Right,HOU_KYL1,"Ng, JC",1000115591,Left,POM_COL,Undefined,2,Bottom,0,1,0,Fastball,Sinker,InPlay,Undefined,LineDrive,Single,0,0,,85.77687,-1.203951,-2.309792,2068.136614,227.366448,1:30,5.41827,1.71855,5.54849,-22.05871,16.56926,16.60595,2.45389,0.94275,78.13617,-5.341583,0.650122,0.447324,73.39502,17.516344,13.325981,1583.782908,106.79944,23.26095,26.34129,223.00172,223.00172,15.401306,2.742229,-9.10402,9.11008,-1.53005,50,5.29969,4.3217,-124.42236,-3.3182,-14.21499,25.88755,-17.94958,POM_COL,HOU_KYL1,PomonaPitzer,D3,Team,20250309-PomonaPitzer-3,73f78c20-fd0d-11ef-8396-49d062319fe5,84.26201,23.40813,,7.6407,,,,1.6672,2.49722,-0.92245,4a7971cc-f0d5-4adf-be21-3c3eee1bd4f8,2025-03-09,17:39:28.79,2025-03-09T10:39:28.7998464-07:00,2025-03-09T17:39:28.7998464Z,LineDrive,v3,POM_PIT,58339,,"Hargrove, Calvin",,Undefined,HOU_KYL1,e9cafe79-3027-4342-932a-2a0ecea95b4c,54.95117,-125.44828,12.94377,5.41709,-2.60686,-8.97479,-1.71247,4.88503,-7.1075,196.221983,1.66718,99.89119,-12.441,2.4346,-0.43738,0.05346,0.00474,-0.00423,0.00066,2.49723,32.39885,-12.86281,0.24256,-0.03082,0.04985,-0.03147,0.01014,-0.00126,-0.92245,23.66091,-0.83278,0.08367,0.00465,-0.00816,0.00397,-0.00115,0.00014,,,,,,,,,,,,,,,,,,,,,,,High,High,High,High,High,,,
83,2025-03-09,10:40:08.51,3,1,"Anderson, Owen",,Right,HOU_KYL1,"Gold, Jack",1000108729,Left,POM_COL,Undefined,2,Bottom,0,0,0,Fastball,Changeup,StrikeCalled,Undefined,Undefined,Undefined,0,0,,84.88121,-0.788058,-2.919212,2033.446251,232.169022,1:45,5.38784,1.61815,5.68082,-25.59348,13.47418,15.76867,2.51944,0.20863,77.7312,-5.556485,-0.103248,0.449863,,,,,,,,,,,,-8.77398,7.43028,-1.38198,50,5.30538,5.62395,-123.15516,-2.51994,-13.50462,23.9614,-20.73762,POM_COL,HOU_KYL1,PomonaPitzer,D3,Team,20250309-PomonaPitzer-3,8ba3ba60-fd0d-11ef-8396-49d062319fe5,83.78655,,,7.15001,,,,,,,4a7971cc-f0d5-4adf-be21-3c3eee1bd4f8,2025-03-09,17:40:08.51,2025-03-09T10:40:08.5145600-07:00,2025-03-09T17:40:08.5145600Z,,v3,POM_PIT,58339,,"Hargrove, Calvin",,Undefined,HOU_KYL1,414d9c21-c3ed-4cb3-b177-2f486dac9136,54.81819,-124.08906,11.9807,5.38785,-1.71169,-10.36881,-1.61143,6.1503,-6.75231,,,,,,,,,,,,,,,,,,,,,,,,,,,,,,,,,,,,,,,,,,,,,,,,,,,High,High,High,,,,,
84,2025-03-09,10:40:31.51,3,2,"Anderson, Owen",,Right,HOU_KYL1,"Gold, Jack",1000108729,Left,POM_COL,Undefined,2,Bottom,0,0,1,ChangeUp,Changeup,BallCalled,Undefined,Undefined,Undefined,0,0,,75.16358,1.419094,-1.380542,1788.715632,243.75791,2:15,5.27103,1.84614,5.82579,-39.90356,9.53949,16.29296,3.26564,1.92023,69.00158,-5.976546,1.539699,0.506086,,,,,,,,,,,,-8.64461,4.96941,-1.74278,50,5.36356,2.03743,-109.16956,1.53331,-10.46056,18.73418,-26.16072,POM_COL,HOU_KYL1,PomonaPitzer,D3,Team,20250309-PomonaPitzer-3,996a7df0-fd0d-11ef-8396-49d062319fe5,74.47836,,,6.162,,,,,,,4a7971cc-f0d5-4adf-be21-3c3eee1bd4f8,2025-03-09,17:40:31.51,2025-03-09T10:40:31.5163648-07:00,2025-03-09T17:40:31.5163648Z,,v3,POM_PIT,58339,,"Hargrove, Calvin",,Undefined,HOU_KYL1,25cf754f-1687-47c1-8db8-88e5b9596c7e,54.67307,-109.96856,9.36709,5.27437,2.64905,-13.08036,-1.83919,2.48357,-5.23028,,,,,,,,,,,,,,,,,,,,,,,,,,,,,,,,,,,,,,,,,,,,,,,,,,,High,High,High,,,,,
85,2025-03-09,10:40:53.79,3,3,"Anderson, Owen",,Right,HOU_KYL1,"Gold, Jack",1000108729,Left,POM_COL,Undefined,2,Bottom,0,1,1,Curveball,Curveball,BallCalled,Undefined,Undefined,Undefined,0,0,,74.45256,2.377218,0.31134,1989.160622,38.725004,7:15,5.13818,1.8554,5.23981,-71.92098,-19.58198,-17.14036,1.38036,0.71966,67.9263,-10.61465,-2.737453,0.520696,,,,,,,,,,,,8.61906,-9.93804,-1.87089,50,5.30328,0.08089,-108.00368,1.99814,10.01536,21.6601,-43.72206,POM_COL,HOU_KYL1,PomonaPitzer,D3,Team,20250309-PomonaPitzer-3,a6aaac60-fd0d-11ef-8396-49d062319fe5,72.38856,,,6.52626,,,,,,,4a7971cc-f0d5-4adf-be21-3c3eee1bd4f8,2025-03-09,17:40:53.79,2025-03-09T10:40:53.7976832-07:00,2025-03-09T17:40:53.7976832Z,,v3,POM_PIT,58339,,"Hargrove, Calvin",,Undefined,HOU_KYL1,6c1a2a93-35c9-4cf4-b066-639441505401,55.26551,-109.05456,10.83005,5.15488,4.1194,-21.86103,-1.86303,-0.40503,5.00768,,,,,,,,,,,,,,,,,,,,,,,,,,,,,,,,,,,,,,,,,,,,,,,,,,,High,High,High,,,,,
86,2025-03-09,10:41:39.54,3,4,"Anderson, Owen",,Right,HOU_KYL1,"Gold, Jack",1000108729,Left,POM_COL,Undefined,2,Bottom,0,2,1,Fastball,Changeup,StrikeCalled,Undefined,Undefined,Undefined,0,0,,85.5963,-0.91639,-1.379545,2084.253403,226.823834,1:30,5.35827,1.6935,5.43292,-25.40927,13.6293,13.11946,2.38231,1.49459,77.82187,-5.646549,0.955674,0.449695,,,,,,,,,,,,-6.96217,7.51796,-1.58047,50,5.25984,2.41396,-124.1316,-2.83783,-10.79598,26.27895,-20.51626,POM_COL,HOU_KYL1,PomonaPitzer,D3,Team,20250309-PomonaPitzer-3,c1ec3660-fd0d-11ef-8396-49d062319fe5,83.81774,,,7.77443,,,,,,,4a7971cc-f0d5-4adf-be21-3c3eee1bd4f8,2025-03-09,17:41:39.54,2025-03-09T10:41:39.5410944-07:00,2025-03-09T17:41:39.5410944Z,,v3,POM_PIT,58339,,"Hargrove, Calvin",,Undefined,HOU_KYL1,46555010-d15a-430c-b927-79a1f26dfafb,55.06387,-125.19904,13.13948,5.35819,-2.00447,-10.25813,-1.68743,2.85248,-5.39799,,,,,,,,,,,,,,,,,,,,,,,,,,,,,,,,,,,,,,,,,,,,,,,,,,,High,High,High,,,,,
87,2025-03-09,10:42:03.30,3,5,"Anderson, Owen",,Right,HOU_KYL1,"Gold, Jack",1000108729,Left,POM_COL,Undefined,2,Bottom,0,2,2,Fastball,Four-Seam,InPlay,Undefined,Popup,Out,1,0,,86.97252,-0.759426,-2.837789,2187.492641,216.525344,1:15,5.36335,1.67978,5.58895,-23.97171,13.80938,9.24922,2.65566,-0.20149,78.71989,-5.250173,-1.189491,0.442393,81.20867,40.798512,15.866652,,106.35333,79.50525,28.08859,279.23765,277.86675,12.523922,5.310291,-5.5687,7.60701,-1.44224,50,5.28277,5.85098,-126.02001,-2.45853,-8.86184,28.1012,-20.06854,POM_COL,HOU_KYL1,PomonaPitzer,D3,Team,20250309-PomonaPitzer-3,d0116da0-fd0d-11ef-8396-49d062319fe5,85.20116,94.49531,,8.25263,,,,1.85373,2.57846,0.24405,4a7971cc-f0d5-4adf-be21-3c3eee1bd4f8,2025-03-09,17:42:03.30,2025-03-09T10:42:03.3029632-07:00,2025-03-09T17:42:03.3029632Z,FlyBall,v3,POM_PIT,58339,,"Hargrove, Calvin",,Undefined,HOU_KYL1,82dee1f6-0de2-49c6-b40b-95699021027b,54.90897,-127.10995,14.0506,5.36303,-1.68015,-10.03427,-1.67584,6.1947,-4.43092,173.178449,1.85784,86.64195,-13.50923,2.18832,-0.03819,-0.1262,0.03717,-0.00451,0.00021,2.57586,77.87383,-19.60255,2.11589,-0.58719,0.14281,-0.02167,0.00172,-6E-05,0.24586,24.61265,-4.87594,0.73547,0.0252,-0.06176,0.01684,-0.00198,9E-05,,,,,,,,,,,,,,,,,,,,,,,High,High,High,Medium,Medium,,,
88,2025-03-09,10:42:43.66,4,1,"Anderson, Owen",,Right,HOU_KYL1,"Berry, Cooper",1000276381,Left,POM_COL,Undefined,2,Bottom,1,0,0,Fastball,Four-Seam,BallCalled,Undefined,Undefined,Undefined,0,0,,86.91765,-3.951641,-3.165875,2153.559404,215.451345,1:15,5.38774,1.70497,5.4052,-20.11163,17.95426,11.85363,-0.0024,-0.27663,79.29142,-7.703913,-1.06043,0.444057,,,,,,,,,,,,-6.90248,10.57115,-1.43147,50,5.02113,6.4383,-125.66473,-9.34275,-10.99188,26.44917,-15.34,POM_COL,HOU_KYL1,PomonaPitzer,D3,Team,20250309-PomonaPitzer-3,e81f1cd0-fd0d-11ef-8396-49d062319fe5,84.88189,,,7.62623,,,,,,,4a7971cc-f0d5-4adf-be21-3c3eee1bd4f8,2025-03-09,17:42:43.66,2025-03-09T10:42:43.6680192-07:00,2025-03-09T17:42:43.6680192Z,,v3,POM_PIT,58339,,"Hargrove, Calvin",,Undefined,HOU_KYL1,23e9f1ba-5f8f-42e4-a86f-5adece49a227,55.09372,-126.73229,13.22459,5.38573,-8.72358,-7.67,-1.70029,6.88197,-5.49594,,,,,,,,,,,,,,,,,,,,,,,,,,,,,,,,,,,,,,,,,,,,,,,,,,,High,High,High,,,,,
89,2025-03-09,10:43:09.15,4,2,"Anderson, Owen",,Right,HOU_KYL1,"Berry, Cooper",1000276381,Left,POM_COL,Undefined,2,Bottom,1,1,0,Fastball,Four-Seam,InPlay,Undefined,FlyBall,HomeRun,0,3,,86.35102,-1.737731,-2.761687,2170.387864,193.038886,12:30,5.37907,1.62862,5.62681,-17.94694,20.33214,4.39748,2.2596,-0.5839,78.19984,-5.156131,-1.977815,0.445299,102.84819,23.716131,32.787639,2497.610025,88.06881,41.51352,65.90805,347.57016,263.95116,45.065632,3.789986,-3.07595,11.23056,-1.3961,50,5.21971,5.84684,-125.07834,-4.31706,-4.82571,27.50805,-14.55489,POM_COL,HOU_KYL1,PomonaPitzer,D3,Team,20250309-PomonaPitzer-3,f74f5b70-fd0d-11ef-8396-49d062319fe5,84.64517,53.4915,,8.15118,,,,0.9918,2.2211,0.59855,4a7971cc-f0d5-4adf-be21-3c3eee1bd4f8,2025-03-09,17:43:09.15,2025-03-09T10:43:09.1561984-07:00,2025-03-09T17:43:09.1561984Z,FlyBall,v3,POM_PIT,58339,,"Hargrove, Calvin",,Undefined,HOU_KYL1,557fa74d-0d30-445a-a7ad-2ed317be0e26,54.87039,-126.14492,13.75403,5.37616,-3.75272,-7.27744,-1.62643,6.03395,-2.41286,,0.9908,116.12969,-26.29519,6.57176,-1.63611,0.39723,-0.08115,0.01013,-0.00052,2.22169,60.65392,-20.07192,1.46257,-0.11873,-0.02458,0.01092,-0.00103,-1E-05,0.59875,74.78224,-1.87556,-0.85561,0.36185,-0.08582,0.01329,-0.00128,7E-05,,,,,,,,,,,,,,,,,,,,,,,High,High,High,Medium,Medium,,,
90,2025-03-09,10:44:03.69,5,1,"Anderson, Owen",,Right,HOU_KYL1,"Wakil, Lateef",1000128267,Left,POM_COL,Undefined,2,Bottom,1,0,0,Fastball,Four-Seam,InPlay,Undefined,GroundBall,Out,1,0,,85.28871,-1.836308,-2.488811,2169.564337,225.809762,1:30,5.40779,1.74469,5.45026,-22.71056,16.77725,15.82501,1.79388,0.73195,77.29617,-6.093602,0.326746,0.452275,62.38378,-24.452936,-5.888422,,,,,5.66578,5.66578,-11.407288,0.046111,-8.76772,9.42245,-1.53632,50,5.23036,4.6984,-123.55583,-4.69181,-13.4168,26.93673,-17.75535,POM_COL,HOU_KYL1,PomonaPitzer,D3,Team,20250309-PomonaPitzer-3,17d020a0-fd0e-11ef-8396-49d062319fe5,83.33957,1.75199,,7.99254,,,,1.72142,1.75199,-0.72533,4a7971cc-f0d5-4adf-be21-3c3eee1bd4f8,2025-03-09,17:44:03.69,2025-03-09T10:44:03.6967936-07:00,2025-03-09T17:44:03.6967936Z,GroundBall,v3,POM_PIT,58339,,"Hargrove, Calvin",,Undefined,HOU_KYL1,eef19183-a446-490e-8435-764130f4521a,55.04839,-124.65159,13.46837,5.40652,-3.96954,-8.87768,-1.73854,5.24418,-6.7084,180,1.71946,83.11377,,,,,,,,1.75289,-37.99518,,,,,,,,-0.72512,-8.572,,,,,,,,,,,,,,,,,,,,,,,,,,,,,,High,High,High,High,High,,,
91,2025-03-09,10:44:30.60,6,1,"Anderson, Owen",,Right,HOU_KYL1,"Pierantoni, Greg",1000091552,Right,POM_COL,Undefined,2,Bottom,2,0,0,Curveball,Curveball,StrikeCalled,Undefined,Undefined,Undefined,0,0,,75.91301,2.185165,-0.467243,1876.354975,47.141543,7:30,5.14239,1.61124,5.16031,-61.54283,-11.29729,-13.96304,2.07169,0.00785,69.35188,-8.949371,-2.9428,0.510176,,,,,,,,,,,,6.77508,-5.73339,-1.55659,50,5.29927,1.45581,-110.10091,2.04201,8.23646,21.30268,-39.1441,POM_COL,HOU_KYL1,PomonaPitzer,D3,Team,20250309-PomonaPitzer-3,27efc850-fd0e-11ef-8396-49d062319fe5,73.88121,,,6.56113,,,,,,,4a7971cc-f0d5-4adf-be21-3c3eee1bd4f8,2025-03-09,17:44:30.60,2025-03-09T10:44:30.6091008-07:00,2025-03-09T17:44:30.6091008Z,,v3,POM_PIT,58339,,"Hargrove, Calvin",,Undefined,HOU_KYL1,01ce6d09-6395-475d-909e-4eedbd5fefc3,55.3419,-111.12967,10.65134,5.15501,3.93238,-19.57205,-1.6173,1.05805,4.11823,,,,,,,,,,,,,,,,,,,,,,,,,,,,,,,,,,,,,,,,,,,,,,,,,,,High,High,High,,,,,
92,2025-03-09,10:44:41.89,6,2,"Anderson, Owen",,Right,HOU_KYL1,"Pierantoni, Greg",1000091552,Right,POM_COL,Undefined,2,Bottom,2,0,1,Fastball,Sinker,BallCalled,Undefined,Undefined,Undefined,0,0,,86.77151,-2.269227,-3.92275,2171.291327,224.596483,1:30,5.39981,1.50511,5.58997,-23.20045,14.9993,13.41182,1.34144,-1.04589,78.37498,-6.619038,-1.535397,0.444838,,,,,,,,,,,,-7.96485,8.7,-1.17663,50,5.18974,8.01248,-125.44148,-5.72808,-12.53038,28.37408,-18.4871,POM_COL,HOU_KYL1,PomonaPitzer,D3,Team,20250309-PomonaPitzer-3,2e9b16a0-fd0e-11ef-8396-49d062319fe5,84.733,,,8.39653,,,,,,,4a7971cc-f0d5-4adf-be21-3c3eee1bd4f8,2025-03-09,17:44:41.89,2025-03-09T10:44:41.8975744-07:00,2025-03-09T17:44:41.8975744Z,,v3,POM_PIT,58339,,"Hargrove, Calvin",,Undefined,HOU_KYL1,5a877b11-7bf4-4db0-9374-d814f9be71d8,54.90593,-126.54631,14.18704,5.39877,-5.00824,-9.24355,-1.49812,8.50039,-6.26519,,,,,,,,,,,,,,,,,,,,,,,,,,,,,,,,,,,,,,,,,,,,,,,,,,,High,High,High,,,,,
93,2025-03-09,10:44:54.56,6,3,"Anderson, Owen",,Right,HOU_KYL1,"Pierantoni, Greg",1000091552,Right,POM_COL,Undefined,2,Bottom,2,1,1,Curveball,Curveball,InPlay,Undefined,LineDrive,Single,0,0,,76.27756,1.679229,-0.241103,1958.749759,44.818168,7:30,5.15616,1.72115,5.14674,-61.70771,-12.0519,-13.57052,1.59531,0.36327,69.92911,-9.463358,-2.648551,0.507173,95.25749,16.581192,10.479583,2644.619539,107.08412,26.59629,25.1592,289.47912,286.67495,19.366184,3.148171,6.71689,-6.09662,-1.68755,50,5.26516,0.99744,-110.70429,1.08876,8.27019,21.21068,-39.68053,POM_COL,HOU_KYL1,PomonaPitzer,D3,Team,20250309-PomonaPitzer-3,362a5c50-fd0e-11ef-8396-49d062319fe5,74.31867,30.68094,,6.34845,,,,1.44144,1.53012,-0.35618,4a7971cc-f0d5-4adf-be21-3c3eee1bd4f8,2025-03-09,17:44:54.56,2025-03-09T10:44:54.5633792-07:00,2025-03-09T17:44:54.5633792Z,LineDrive,v3,POM_PIT,58339,,"Hargrove, Calvin",,Undefined,HOU_KYL1,1f25e330-f631-4570-9b50-515e51452eec,55.35675,-111.72592,10.60534,5.16669,3,-19.84027,-1.72599,0.5991,4.1351,224.632807,1.44145,131.66734,-23.58135,4.93513,-1.06462,0.21267,-0.03593,0.00423,-0.00024,1.53013,39.86842,-14.53067,0.70518,-0.08088,0.0097,9E-05,-5E-05,-0,-0.35618,24.35356,4.22436,-1.37357,0.37661,-0.08647,0.01546,-0.00183,0.0001,,,,,,,,,,,,,,,,,,,,,,,High,High,High,High,High,,,
94,2025-03-09,10:45:30.16,7,1,"Anderson, Owen",,Right,HOU_KYL1,"Hattenburg, Xavier",10277269,Left,POM_COL,Undefined,2,Bottom,2,0,0,ChangeUp,Changeup,BallCalled,Undefined,Undefined,Undefined,0,0,,76.02441,-0.690981,-4.444851,1644.936653,252.22287,2:30,5.27444,1.78508,6.10714,-41.4762,6.48819,15.6171,1.17715,-1.03207,70.10864,-8.356025,-1.637695,0.498461,,,,,,,,,,,,-9.24906,3.99433,-1.45108,50,5.19947,8.02565,-110.23487,-2.52466,-11.42344,18.90922,-27.24067,POM_COL,HOU_KYL1,PomonaPitzer,D3,Team,20250309-PomonaPitzer-3,4b6a93a0-fd0e-11ef-8396-49d062319fe5,75.61767,,,5.91578,,,,,,,4a7971cc-f0d5-4adf-be21-3c3eee1bd4f8,2025-03-09,17:45:30.16,2025-03-09T10:45:30.1651968-07:00,2025-03-09T17:45:30.1651968Z,,v3,POM_PIT,58339,,"Hargrove, Calvin",,Undefined,HOU_KYL1,856ad266-e2bb-42df-874d-8e7a893e6974,54.39338,-110.98593,9.45461,5.27826,-1.44268,-13.62034,-1.77886,8.47939,-5.71172,,,,,,,,,,,,,,,,,,,,,,,,,,,,,,,,,,,,,,,,,,,,,,,,,,,High,High,High,,,,,
95,2025-03-09,10:45:44.67,7,2,"Anderson, Owen",,Right,HOU_KYL1,"Hattenburg, Xavier",10277269,Left,POM_COL,Undefined,2,Bottom,2,1,0,Fastball,Four-Seam,StrikeCalled,Undefined,Undefined,Undefined,0,0,,85.41402,-1.9874,-3.145563,2044.447045,207.435106,1:00,5.32103,1.58524,5.67814,-21.84733,17.29611,8.25296,1.64418,-0.66233,77.30996,-6.106729,-1.672973,0.450299,,,,,,,,,,,,-5.13611,9.79142,-1.32502,50,5.13975,6.44331,-123.63632,-4.95779,-7.8641,27.13488,-17.18199,POM_COL,HOU_KYL1,PomonaPitzer,D3,Team,20250309-PomonaPitzer-3,5408ff60-fd0e-11ef-8396-49d062319fe5,83.70536,,,8.10406,,,,,,,4a7971cc-f0d5-4adf-be21-3c3eee1bd4f8,2025-03-09,17:45:44.67,2025-03-09T10:45:44.6723584-07:00,2025-03-09T17:45:44.6723584Z,,v3,POM_PIT,58339,,"Hargrove, Calvin",,Undefined,HOU_KYL1,864f8887-48bb-4424-b6f8-9eb8e24f264f,54.8177,-124.68919,13.56744,5.31918,-4.2911,-8.59099,-1.58095,6.74845,-3.93205,,,,,,,,,,,,,,,,,,,,,,,,,,,,,,,,,,,,,,,,,,,,,,,,,,,High,High,High,,,,,
96,2025-03-09,10:46:00.99,7,3,"Anderson, Owen",,Right,HOU_KYL1,"Hattenburg, Xavier",10277269,Left,POM_COL,Undefined,2,Bottom,2,1,1,ChangeUp,Changeup,StrikeSwinging,Undefined,Undefined,Undefined,0,0,,73.83887,-0.464032,-3.073203,1642.133276,254.031224,2:30,5.13818,1.89736,5.79497,-44.9842,6.28701,16.51446,0.95723,0.41218,68.24934,-8.724319,-0.114038,0.515357,,,,,,,,,,,,-9.25327,3.81044,-1.6544,50,5.07292,5.17625,-107.19794,-2.19538,-10.81416,17.77623,-27.72084,POM_COL,HOU_KYL1,PomonaPitzer,D3,Team,20250309-PomonaPitzer-3,5dcc8a30-fd0e-11ef-8396-49d062319fe5,73.13849,,,5.58953,,,,,,,4a7971cc-f0d5-4adf-be21-3c3eee1bd4f8,2025-03-09,17:46:00.99,2025-03-09T10:46:00.9974272-07:00,2025-03-09T17:46:00.9974272Z,,v3,POM_PIT,58339,,"Hargrove, Calvin",,Undefined,HOU_KYL1,21fb39bb-0ce5-4ea1-abe0-ff21ae336633,54.70579,-107.97547,8.88811,5.14243,-0.98289,-13.86042,-1.89115,5.64926,-5.40708,,,,,,,,,,,,,,,,,,,,,,,,,,,,,,,,,,,,,,,,,,,,,,,,,,,High,High,High,,,,,
97,2025-03-09,10:46:20.33,7,4,"Anderson, Owen",,Right,HOU_KYL1,"Hattenburg, Xavier",10277269,Left,POM_COL,Undefined,2,Bottom,2,1,2,Curveball,Curveball,StrikeCalled,Strikeout,Undefined,Undefined,0,0,,75.49716,2.511607,0.055183,2004.634795,39.312021,7:15,5.13033,1.82571,5.08346,-64.19503,-13.25005,-12.23284,2.14971,0.85832,68.95508,-9.081653,-2.111406,0.513715,,,,,,,,,,,,6.03981,-6.72067,-1.82103,50,5.3178,0.38884,-109.47468,2.52052,7.26256,20.98028,-40.25532,POM_COL,HOU_KYL1,PomonaPitzer,D3,Team,20250309-PomonaPitzer-3,694abd50-fd0e-11ef-8396-49d062319fe5,73.3723,,,6.54208,,,,,,,4a7971cc-f0d5-4adf-be21-3c3eee1bd4f8,2025-03-09,17:46:20.33,2025-03-09T10:46:20.3300864-07:00,2025-03-09T17:46:20.3300864Z,,v3,POM_PIT,58339,,"Hargrove, Calvin",,Undefined,HOU_KYL1,3515843e-240e-4400-9eee-6acf785ed017,55.41905,-110.50834,10.49014,5.14477,4.50382,-20.12766,-1.83138,0.03103,3.63128,,,,,,,,,,,,,,,,,,,,,,,,,,,,,,,,,,,,,,,,,,,,,,,,,,,Medium,Medium,Medium,,,,,
98,2025-03-09,10:48:05.56,1,1,"Collins, Ethan",1000115647,Right,POM_COL,"Olver, Jack",,Left,HOU_KYL1,Undefined,3,Top,0,0,0,TwoSeamFastBall,Slider,StrikeCalled,Undefined,Undefined,Undefined,0,0,,83.33676,-0.101039,-2.671253,2278.464948,253.565211,2:30,4.87856,2.40214,5.37193,-37.31628,2.98886,6.63355,1.67404,0.44864,77.80295,-6.876872,-1.492751,0.456932,,,,,,,,,,,,-3.94481,1.83705,-2.16746,50,4.84266,5.38081,-121.13819,-1.55074,-5.97744,19.28514,-29.39042,POM_COL,HOU_KYL1,PomonaPitzer,D3,Team,20250309-PomonaPitzer-3,a801bb70-fd0e-11ef-8396-49d062319fe5,82.49023,,,5.53381,,,,,,,4a7971cc-f0d5-4adf-be21-3c3eee1bd4f8,2025-03-09,17:48:05.56,2025-03-09T10:48:05.5630336-07:00,2025-03-09T17:48:05.5630336Z,,v3,POM_PIT,58339,,"Hattenburg, Xavier",10277269,Right,POM_COL,0b5bb326-65ca-472d-b78f-6d690af8c21b,55.13026,-121.95219,9.64257,4.88193,-0.31021,-14.69521,-2.3999,5.63311,-2.98872,,,,,,,,,,,,,,,,,,,,,,,,,,,,,,,,,,,,,,,,,,,,,,,,,,,High,High,High,,,,,
99,2025-03-09,10:48:20.68,1,2,"Collins, Ethan",1000115647,Right,POM_COL,"Olver, Jack",,Left,HOU_KYL1,Undefined,3,Top,0,0,1,Slider,Slider,StrikeCalled,Undefined,Undefined,Undefined,0,0,,79.70391,1.38127,-0.541239,2724.960383,81.317577,8:45,5.08567,2.48253,5.15073,-45.62853,-0.44925,-12.03658,2.58397,0.96993,73.16161,-6.908376,-2.672853,0.483772,,,,,,,,,,,,5.8287,-0.16307,-2.42234,50,5.17977,1.59237,-115.68502,1.15446,7.90281,21.48012,-32.39515,POM_COL,HOU_KYL1,PomonaPitzer,D3,Team,20250309-PomonaPitzer-3,b1046740-fd0e-11ef-8396-49d062319fe5,77.91358,,,6.54231,,,,,,,4a7971cc-f0d5-4adf-be21-3c3eee1bd4f8,2025-03-09,17:48:20.68,2025-03-09T10:48:20.6879232-07:00,2025-03-09T17:48:20.6879232Z,,v3,POM_PIT,58339,,"Hattenburg, Xavier",10277269,Right,POM_COL,2e5bf99a-71df-4bae-99ca-2c7a3d08527b,55.34938,-116.67405,10.74006,5.09227,2.64607,-16.19758,-2.48728,1.22849,3.95141,,,,,,,,,,,,,,,,,,,,,,,,,,,,,,,,,,,,,,,,,,,,,,,,,,,High,High,High,,,,,
100,2025-03-09,10:48:34.50,1,3,"Collins, Ethan",1000115647,Right,POM_COL,"Olver, Jack",,Left,HOU_KYL1,Undefined,3,Top,0,0,2,TwoSeamFastBall,Changeup,BallCalled,Undefined,Undefined,Undefined,0,0,,83.50909,1.768467,-0.945781,2213.546627,285.172851,3:30,4.80701,2.55087,5.22213,-41.68817,-1.11071,8.17804,2.99643,2.34308,77.31418,-5.797544,0.504151,0.458473,,,,,,,,,,,,-4.31634,-0.63862,-2.47,50,4.93865,1.65615,-121.35124,2.19417,-6.52068,20.83403,-33.13879,POM_COL,HOU_KYL1,PomonaPitzer,D3,Team,20250309-PomonaPitzer-3,b93c4900-fd0e-11ef-8396-49d062319fe5,82.21301,,,6.19491,,,,,,,4a7971cc-f0d5-4adf-be21-3c3eee1bd4f8,2025-03-09,17:48:34.50,2025-03-09T10:48:34.5099264-07:00,2025-03-09T17:48:34.5099264Z,,v3,POM_PIT,58339,,"Hattenburg, Xavier",10277269,Right,POM_COL,26692f9d-af2a-4c71-9299-66050ce64150,55.27965,-122.25431,10.41701,4.81241,3.6306,-16.56939,-2.54792,1.9388,-3.26034,,,,,,,,,,,,,,,,,,,,,,,,,,,,,,,,,,,,,,,,,,,,,,,,,,,High,High,High,,,,,
101,2025-03-09,10:48:50.37,1,4,"Collins, Ethan",1000115647,Right,POM_COL,"Olver, Jack",,Left,HOU_KYL1,Undefined,3,Top,0,1,2,ChangeUp,Changeup,BallCalled,Undefined,Undefined,Undefined,0,0,,81.46,-0.760188,-2.024094,1284.64594,250.441951,2:15,4.89036,2.73313,5.04837,-39.91841,3.52729,6.10091,0.84632,1.33159,74.89844,-7.997106,-0.945192,0.4744,,,,,,,,,,,,-3.6041,2.34106,-2.54536,50,4.78597,3.92026,-118.16364,-3.02066,-5.09956,22.35526,-28.86157,POM_COL,HOU_KYL1,PomonaPitzer,D3,Team,20250309-PomonaPitzer-3,c2b695d0-fd0e-11ef-8396-49d062319fe5,79.45288,,,6.56156,,,,,,,4a7971cc-f0d5-4adf-be21-3c3eee1bd4f8,2025-03-09,17:48:50.37,2025-03-09T10:48:50.3765504-07:00,2025-03-09T17:48:50.3765504Z,,v3,POM_PIT,58339,,"Hattenburg, Xavier",10277269,Right,POM_COL,53bce54f-118a-4556-bbe8-7f49f5060e60,55.45178,-119.19059,11.17763,4.89428,-1.69482,-14.43079,-2.73083,4.15452,-2.54978,,,,,,,,,,,,,,,,,,,,,,,,,,,,,,,,,,,,,,,,,,,,,,,,,,,High,High,High,,,,,
102,2025-03-09,10:49:07.04,1,5,"Collins, Ethan",1000115647,Right,POM_COL,"Olver, Jack",,Left,HOU_KYL1,Undefined,3,Top,0,2,2,Slider,Slider,StrikeSwinging,Strikeout,Undefined,Undefined,0,0,,80.66436,1.460491,0.06321,2799.493586,88.200019,9:00,5.19414,2.32795,5.30966,-43.16896,0.83559,-17.95572,2.96792,0.89097,73.73047,-6.42537,-3.125597,0.477441,,,,,,,,,,,,9.03225,0.39839,-2.32007,50,5.29528,0.60488,-117.08073,1.46976,12.48753,22.92576,-31.62326,POM_COL,HOU_KYL1,PomonaPitzer,D3,Team,20250309-PomonaPitzer-3,cca85c90-fd0e-11ef-8396-49d062319fe5,78.94672,,,6.93389,,,,,,,4a7971cc-f0d5-4adf-be21-3c3eee1bd4f8,2025-03-09,17:49:07.04,2025-03-09T10:49:07.0410000-07:00,2025-03-09T17:49:07.0410000Z,,v3,POM_PIT,58339,,"Hattenburg, Xavier",10277269,Right,POM_COL,222b6133-dc1b-473c-8879-d318f72ab04c,55.19117,-118.09284,11.46288,5.19957,2.86585,-15.81163,-2.3346,0.05358,6.24377,,,,,,,,,,,,,,,,,,,,,,,,,,,,,65.16617,,,1.102026,,,,-1.34898,5.68377,5.02921,72.87465,-0.767,-51.90361,-1.33862,71.61704,-3.88998,5.73269,10.53446,-14.96723,4.95251,-61.15536,8.75977,High,High,High,,,High,High,High
103,2025-03-09,10:49:33.66,2,1,"Collins, Ethan",1000115647,Right,POM_COL,"Born, Mac",,Right,HOU_KYL1,Undefined,3,Top,1,0,0,Slider,Slider,BallCalled,Undefined,Undefined,Undefined,0,0,,80.0137,0.905837,-0.418673,2847.985619,88.016027,9:00,5.13333,2.56117,5.209,-44.03042,1.12323,-11.68851,2.31609,1.1934,72.7919,-7.131103,-2.491617,0.483635,,,,,,,,,,,,5.67355,0.77134,-2.51341,50,5.18427,1.33755,-116.02348,0.27195,7.66069,23.6205,-31.13258,POM_COL,HOU_KYL1,PomonaPitzer,D3,Team,20250309-PomonaPitzer-3,dc81d380-fd0e-11ef-8396-49d062319fe5,77.93569,,,7.2218,,,,,,,4a7971cc-f0d5-4adf-be21-3c3eee1bd4f8,2025-03-09,17:49:33.66,2025-03-09T10:49:33.6674304-07:00,2025-03-09T17:49:33.6674304Z,,v3,POM_PIT,58339,,"Hattenburg, Xavier",10277269,Right,POM_COL,0168b0f6-9f06-4b6d-9a71-7fd0788b17e7,55.28905,-117.0953,11.81025,5.13988,1.68463,-15.56629,-2.56621,0.98993,3.83035,,,,,,,,,,,,,,,,,,,,,,,,,,,,,,,,,,,,,,,,,,,,,,,,,,,High,High,High,,,,,
104,2025-03-09,10:49:47.71,2,2,"Collins, Ethan",1000115647,Right,POM_COL,"Born, Mac",,Right,HOU_KYL1,Undefined,3,Top,1,1,0,TwoSeamFastBall,Changeup,InPlay,Undefined,GroundBall,Out,1,0,,85.01427,0.371705,-3.927825,2327.971333,283.165268,3:30,4.92921,2.45746,5.45806,-39.63667,-0.42764,6.80827,1.97492,-0.65765,78.30162,-6.848958,-2.719019,0.450676,82.97817,-20.660759,8.57634,,,,,7.60055,7.60055,10.909039,0.047732,-4.48496,0.00169,-2.11569,50,4.93451,8.18138,-123.27477,-0.6374,-6.93865,23.27162,-32.1714,POM_COL,HOU_KYL1,PomonaPitzer,D3,Team,20250309-PomonaPitzer-3,e4e1fdc0-fd0e-11ef-8396-49d062319fe5,83.63532,2.05383,,6.71266,,,,2.07753,2.05383,0.62617,4a7971cc-f0d5-4adf-be21-3c3eee1bd4f8,2025-03-09,17:49:47.71,2025-03-09T10:49:47.7113856-07:00,2025-03-09T17:49:47.7113856Z,GroundBall,v3,POM_PIT,58339,,"Hattenburg, Xavier",10277269,Right,POM_COL,1333a046-62b5-4cb5-94cb-dc1177a0a670,55.04348,-124.22323,11.63581,4.93377,0.67377,-16.0857,-2.45489,8.46417,-3.46933,,2.07576,112.83196,,,,,,,,2.0545,-43.0285,,,,,,,,0.62591,17.01658,,,,,,,,,,,,,,,,,,,,,,,,,,,,,,High,High,High,Estimated,Estimated,,,
105,2025-03-09,10:50:18.13,3,1,"Collins, Ethan",1000115647,Right,POM_COL,"Seaman, George",,Left,HOU_KYL1,Undefined,3,Top,2,0,0,TwoSeamFastBall,Changeup,StrikeCalled,Undefined,Undefined,Undefined,0,0,,84.63716,1.909872,-2.52314,2224.748107,308.833699,4:15,4.75503,2.43074,5.37042,-44.49219,-5.08756,7.68193,2.84043,0.70369,78.23848,-6.167115,-1.158974,0.451799,,,,,,,,,,,,-4.47091,-2.66555,-2.20999,50,4.89466,5.08824,-122.90012,2.4313,-6.91573,21.76841,-36.29724,POM_COL,HOU_KYL1,PomonaPitzer,D3,Team,20250309-PomonaPitzer-3,f6ff7140-fd0e-11ef-8396-49d062319fe5,83.42749,,,6.39868,,,,,,,4a7971cc-f0d5-4adf-be21-3c3eee1bd4f8,2025-03-09,17:50:18.13,2025-03-09T10:50:18.1371904-07:00,2025-03-09T17:50:18.1371904Z,,v3,POM_PIT,58339,,"Hattenburg, Xavier",10277269,Right,POM_COL,e2d0711a-9f9a-49a4-8a5e-f851e83f19e2,55.13177,-123.80573,10.8842,4.7621,3.94135,-18.14862,-2.42765,5.37595,-3.45787,,,,,,,,,,,,,,,,,,,,,,,,,,,,,,,,,,,,,,,,,,,,,,,,,,,High,High,High,,,,,
106,2025-03-09,10:50:32.09,3,2,"Collins, Ethan",1000115647,Right,POM_COL,"Seaman, George",,Left,HOU_KYL1,Undefined,3,Top,2,0,1,Cutter,Splitter,BallCalled,Undefined,Undefined,Undefined,0,0,,81.27435,0.402971,-4.748752,,300.905393,4:00,4.99409,2.46091,5.37162,-44.05321,-1.63162,4.45118,1.70211,-1.63068,76.22212,-7.545638,-3.961314,0.468776,,,,,,,,,,,,-3.25709,-0.59811,-2.03758,50,4.9985,9.61959,-117.92391,-0.72797,-4.69384,17.49784,-33.036,POM_COL,HOU_KYL1,PomonaPitzer,D3,Team,20250309-PomonaPitzer-3,ff52f150-fd0e-11ef-8396-49d062319fe5,80.40615,,,5.05223,,,,,,,4a7971cc-f0d5-4adf-be21-3c3eee1bd4f8,2025-03-09,17:50:32.09,2025-03-09T10:50:32.0996864-07:00,2025-03-09T17:50:32.0996864Z,,v3,POM_PIT,58339,,"Hattenburg, Xavier",10277269,Right,POM_COL,cf9ac6f9-3d56-4df6-9fbc-b70cccbe1b74,55.13167,-118.68292,8.74892,4.999,0.70504,-16.518,-2.45927,9.8232,-2.34692,,,,,,,,,,,,,,,,,,,,,,,,,,,,,,,,,,,,,,,,,,,,,,,,,,,High,High,High,,,,,
107,,,3,3,"Collins, Ethan",1000115647,Right,POM_COL,"Seaman, George",,Left,HOU_KYL1,Undefined,3,Top,2,1,1,Cutter,,BallCalled,Undefined,Undefined,Undefined,0,0,,,,,,,,,,,,,,,,,,,,,,,,,,,,,,,,,,,,,,,,,,POM_COL,HOU_KYL1,PomonaPitzer,D3,Team,20250309-PomonaPitzer-3,101e4250-fd0f-11ef-8396-49d062319fe5,,,,,,,,,,,4a7971cc-f0d5-4adf-be21-3c3eee1bd4f8,,,,,,v3,POM_PIT,58339,,"Hattenburg, Xavier",10277269,Right,POM_COL,,,,,,,,,,,,,,,,,,,,,,,,,,,,,,,,,,,,,,,,,,,,,,,,,,,,,,,,,,,,,,,,,,,,
108,2025-03-09,10:51:02.76,3,4,"Collins, Ethan",1000115647,Right,POM_COL,"Seaman, George",,Left,HOU_KYL1,Undefined,3,Top,2,2,1,TwoSeamFastBall,Slider,BallCalled,Undefined,Undefined,Undefined,0,0,,84.61245,1.092387,-0.210637,2279.327357,307.895563,4:15,4.79025,2.71151,5.58535,-43.14282,-3.57866,6.22063,2.21527,3.03319,77.33428,-6.805809,0.900716,0.452712,,,,,,,,,,,,-3.18583,-1.68276,-2.69745,50,4.85625,0.18707,-122.85485,0.77057,-4.85203,25.13448,-34.7369,POM_COL,HOU_KYL1,PomonaPitzer,D3,Team,20250309-PomonaPitzer-3,11a94f20-fd0f-11ef-8396-49d062319fe5,83.25913,,,7.27817,,,,,,,4a7971cc-f0d5-4adf-be21-3c3eee1bd4f8,2025-03-09,17:51:02.76,2025-03-09T10:51:02.7679232-07:00,2025-03-09T17:51:02.7679232Z,,v3,POM_PIT,58339,,"Hattenburg, Xavier",10277269,Right,POM_COL,9d2387ca-4a09-467f-b93a-cc26e1895fe6,54.91389,-123.85609,12.56724,4.79799,2.15432,-17.36845,-2.70875,0.38035,-2.42602,,,,,,,,,,,,,,,,,,,,,,,,,,,,,,,,,,,,,,,,,,,,,,,,,,,High,High,High,,,,,
109,2025-03-09,10:51:22.90,3,5,"Collins, Ethan",1000115647,Right,POM_COL,"Seaman, George",,Left,HOU_KYL1,Undefined,3,Top,2,3,1,TwoSeamFastBall,Changeup,StrikeCalled,Undefined,Undefined,Undefined,0,0,,84.12126,0.942363,-2.294736,2216.142978,259.616832,2:45,4.84295,2.60392,5.80367,-36.78687,2.92827,9.04705,2.65459,1.22252,76.80145,-5.853567,-0.674455,0.453575,,,,,,,,,,,,-5.24406,1.63595,-2.42077,50,4.89861,4.52168,-122.0845,0.76128,-7.8963,24.5534,-29.71071,POM_COL,HOU_KYL1,PomonaPitzer,D3,Team,20250309-PomonaPitzer-3,1d9956e0-fd0f-11ef-8396-49d062319fe5,83.10072,,,7.31981,,,,,,,4a7971cc-f0d5-4adf-be21-3c3eee1bd4f8,2025-03-09,17:51:22.90,2025-03-09T10:51:22.9024768-07:00,2025-03-09T17:51:22.9024768Z,,v3,POM_PIT,58339,,"Hattenburg, Xavier",10277269,Right,POM_COL,bd3d46c3-35ae-433e-a1b2-10878370d47c,54.69501,-123.02513,12.2767,4.84764,1.89948,-14.85535,-2.59978,4.82418,-3.94815,,,,,,,,,,,,,,,,,,,,,,,,,,,,,,,,,,,,,,,,,,,,,,,,,,,Medium,Medium,Medium,,,,,
110,2025-03-09,10:51:37.75,3,6,"Collins, Ethan",1000115647,Right,POM_COL,"Seaman, George",,Left,HOU_KYL1,Undefined,3,Top,2,3,2,Cutter,Slider,FoulBallNotFieldable,Undefined,Undefined,Undefined,0,0,,82.04496,0.066466,-1.862372,2707.686254,97.767339,9:15,5.15214,2.50683,5.57102,-39.36423,2.79386,-10.63166,1.93391,-0.11938,75.14187,-7.149776,-3.758359,0.467317,84.18679,-20.515905,63.17552,,,,,7.20577,7.07323,43.953124,0.049729,4.88481,1.74902,-2.339,50,5.13188,4.29233,-119.08973,-1.19579,6.98147,23.8944,-29.67434,POM_COL,HOU_KYL1,PomonaPitzer,D3,Team,20250309-PomonaPitzer-3,26771590-fd0f-11ef-8396-49d062319fe5,80.65703,2.15645,,6.90309,,,,2.58697,2.15645,-0.14138,4a7971cc-f0d5-4adf-be21-3c3eee1bd4f8,2025-03-09,17:51:37.75,2025-03-09T10:51:37.7596416-07:00,2025-03-09T17:51:37.7596416Z,GroundBall,v3,POM_PIT,58339,,"Hattenburg, Xavier",10277269,Right,POM_COL,8a8a25a7-9a92-44cd-8111-a834dd67217f,54.92961,-120.07474,11.9472,5.15596,0.02749,-14.83717,-2.51001,4.00453,3.49074,,2.5861,52.2938,,,,,,,,2.15718,-43.36402,,,,,,,,-0.14311,103.41432,,,,,,,,,,,,,,,,,,,,,,,,,,,,,,High,High,High,Low,Low,,,
111,2025-03-09,10:52:00.11,3,7,"Collins, Ethan",1000115647,Right,POM_COL,"Seaman, George",,Left,HOU_KYL1,Undefined,3,Top,2,3,2,TwoSeamFastBall,Changeup,FoulBallNotFieldable,Undefined,Undefined,Undefined,0,0,,85.61729,0.287996,-3.787587,2145.09821,254.295927,2:30,4.82427,2.36691,5.5449,-35.72663,4.08937,8.85658,2.11679,-0.43989,76.25362,-6.335061,-2.212469,0.454151,,,,,,,,,,,,-5.88937,2.36421,-2.0446,50,4.82582,7.8153,-123.7296,-0.62623,-8.86143,31.44297,-28.61672,POM_COL,HOU_KYL1,PomonaPitzer,D3,Team,20250309-PomonaPitzer-3,33c74990-fd0f-11ef-8396-49d062319fe5,82.99539,,,9.36367,,,,,,,4a7971cc-f0d5-4adf-be21-3c3eee1bd4f8,2025-03-09,17:52:00.11,2025-03-09T10:52:00.1155584-07:00,2025-03-09T17:52:00.1155584Z,,v3,POM_PIT,58339,,"Hattenburg, Xavier",10277269,Right,POM_COL,60f18668-9a87-4b90-9132-2bd300e61de7,54.95222,-124.98175,15.72149,4.82806,0.51337,-14.30836,-2.36285,8.16819,-4.43072,,,,,,,,,,,,,,,,,,,,,,,,,,,,,,,,,,,,,,,,,,,,,,,,,,,High,High,High,,,,,
112,2025-03-09,10:52:19.36,3,8,"Collins, Ethan",1000115647,Right,POM_COL,"Seaman, George",,Left,HOU_KYL1,Undefined,3,Top,2,3,2,Slider,Slider,StrikeCalled,Strikeout,Undefined,Undefined,0,0,,81.68555,0.383473,-0.873719,2766.770113,90.949702,9:00,5.09267,2.39568,5.21989,-42.27683,1.99339,-11.92217,1.9302,0.58061,72.79511,-7.387997,-2.988383,0.47888,,,,,,,,,,,,5.56429,1.41559,-2.30592,50,5.09717,2.32303,-118.13319,-0.72798,7.61445,29.13027,-30.23687,POM_COL,HOU_KYL1,PomonaPitzer,D3,Team,20250309-PomonaPitzer-3,3f477880-fd0f-11ef-8396-49d062319fe5,78.7095,,,8.89043,,,,,,,4a7971cc-f0d5-4adf-be21-3c3eee1bd4f8,2025-03-09,17:52:19.36,2025-03-09T10:52:19.3674752-07:00,2025-03-09T17:52:19.3674752Z,,v3,POM_PIT,58339,,"Hattenburg, Xavier",10277269,Right,POM_COL,83c9955e-660d-4e39-a752-6840b4fb5131,55.27382,-119.42657,14.56513,5.09969,0.61453,-15.11844,-2.40155,1.98495,3.80722,,,,,,,,,,,,,,,,,,,,,,,,,,,,,,,,,,,,,,,,,,,,,,,,,,,High,High,High,,,,,
113,2025-03-09,10:54:36.70,1,1,"Lash, Brady",,Left,HOU_KYL1,"Lee, Sammy",1000276388,Right,POM_COL,Undefined,3,Bottom,0,0,0,Fastball,Changeup,StrikeCalled,Undefined,Undefined,Undefined,0,0,,84.66203,-0.908042,2.104216,2184.562711,122.753239,10:00,5.88993,-1.4388,4.56578,-27.69832,13.583,-18.91119,2.71696,-1.01138,76.89268,-5.976673,-1.207504,0.462432,,,,,,,,,,,,9.77229,7.29945,1.23916,50,5.77063,-3.60464,-122.56667,-2.9928,14.77547,25.59598,-21.13744,POM_COL,HOU_KYL1,PomonaPitzer,D3,Team,20250309-PomonaPitzer-3,9126a360-fd0f-11ef-8396-49d062319fe5,81.50911,,,7.76935,,,,,,,4a7971cc-f0d5-4adf-be21-3c3eee1bd4f8,2025-03-09,17:54:36.70,2025-03-09T10:54:36.7030272-07:00,2025-03-09T17:54:36.7030272Z,,v3,POM_PIT,58339,,"Hargrove, Calvin",,Undefined,HOU_KYL1,5473d0bd-c2ac-4a78-b75b-2591793bc8d9,55.93132,-123.79913,12.79799,5.89023,-1.97502,-10.56872,1.42986,-4.31609,7.38773,,,,,,,,,,,,,,,,,,,,,,,,,,,,,,,,,,,,,,,,,,,,,,,,,,,High,High,High,,,,,
114,2025-03-09,10:54:49.61,1,2,"Lash, Brady",,Left,HOU_KYL1,"Lee, Sammy",1000276388,Right,POM_COL,Undefined,3,Bottom,0,0,1,Slider,Curveball,BallCalled,Undefined,Undefined,Undefined,0,0,,76.5664,0.561465,0.50002,2557.599541,330.495784,5:00,5.76381,-1.46501,4.07587,-57.79728,-6.538,4.65236,1.48652,-0.59719,70.21878,-9.685388,1.309783,0.515297,,,,,,,,,,,,-2.08232,-2.80477,1.40348,50,5.76373,-1.17343,-110.91676,-1.19912,-2.57971,20.86518,-35.64874,POM_COL,HOU_KYL1,PomonaPitzer,D3,Team,20250309-PomonaPitzer-3,98d86530-fd0f-11ef-8396-49d062319fe5,73.14701,,,6.34762,,,,,,,4a7971cc-f0d5-4adf-be21-3c3eee1bd4f8,2025-03-09,17:54:49.61,2025-03-09T10:54:49.6155648-07:00,2025-03-09T17:54:49.6155648Z,,v3,POM_PIT,58339,,"Hargrove, Calvin",,Undefined,HOU_KYL1,10ef0861-fd2a-4e7e-882f-068a837244ae,56.42463,-112.11882,10.43259,5.77365,0.85463,-17.82437,1.4668,-1.02481,-1.28985,,,,,,,,,,,,,,,,,,,,,,,,,,,,,,,,,,,,,,,,,,,,,,,,,,,High,High,High,,,,,
115,2025-03-09,10:55:03.75,1,3,"Lash, Brady",,Left,HOU_KYL1,"Lee, Sammy",1000276388,Right,POM_COL,Undefined,3,Bottom,0,1,1,Fastball,Changeup,StrikeSwinging,Undefined,Undefined,Undefined,0,0,,85.22954,-1.102275,2.064649,2208.202626,123.488178,10:00,5.89933,-1.49557,4.5553,-26.34403,14.68729,-19.93588,2.65402,-1.19087,76.88629,-5.947343,-1.426013,0.46103,,,,,,,,,,,,10.30229,7.9239,1.30084,50,5.76106,-3.48827,-123.28148,-3.36132,15.64626,27.52123,-20.13986,POM_COL,HOU_KYL1,PomonaPitzer,D3,Team,20250309-PomonaPitzer-3,a13cae20-fd0f-11ef-8396-49d062319fe5,81.75702,,,8.34325,,,,,,,4a7971cc-f0d5-4adf-be21-3c3eee1bd4f8,2025-03-09,17:55:03.75,2025-03-09T10:55:03.7510144-07:00,2025-03-09T17:55:03.7510144Z,,v3,POM_PIT,58339,,"Hargrove, Calvin",,Undefined,HOU_KYL1,482417af-a5b1-47ba-83c6-35c3a30e0810,55.94109,-124.6007,13.76061,5.89905,-2.39592,-10.06993,1.48603,-4.23827,7.82313,,,,,,,,,,,,,,,,,,,,,,,,,,,,,,,,,,,,,,,,,,,,,,,,,,,High,High,High,,,,,
116,2025-03-09,10:55:19.19,1,4,"Lash, Brady",,Left,HOU_KYL1,"Lee, Sammy",1000276388,Right,POM_COL,Undefined,3,Bottom,0,1,2,Fastball,Changeup,FoulBallNotFieldable,Undefined,Undefined,Undefined,0,0,,85.56424,-0.984121,2.911181,2202.122543,129.602924,10:15,5.91573,-1.10103,4.54985,-24.13643,16.48855,-18.17694,2.96626,0.15781,77.32998,-5.438514,-0.267535,0.458742,67.65508,17.734767,160.472681,,,,,,17.62913,,,9.73721,8.74052,0.81639,50,5.79167,-5.42876,-123.74892,-3.02089,14.95147,26.95218,-18.75302,POM_COL,HOU_KYL1,PomonaPitzer,D3,Team,20250309-PomonaPitzer-3,aa7202b0-fd0f-11ef-8396-49d062319fe5,82.16486,8.32355,,8.23427,,,,0.61476,2.82072,-0.08595,4a7971cc-f0d5-4adf-be21-3c3eee1bd4f8,2025-03-09,17:55:19.19,2025-03-09T10:55:19.1969792-07:00,2025-03-09T17:55:19.1969792Z,,v3,POM_PIT,58339,,"Hargrove, Calvin",,Undefined,HOU_KYL1,8f4e9358-bbe3-43be-b462-7f18de8ddb26,55.94768,-125.03761,13.47609,5.91468,-2.12425,-9.37651,1.09304,-6.14364,7.47574,,0.61366,-89.0035,13.87037,,,,,,,2.82078,30.2215,-14.28595,,,,,,,-0.08353,31.43142,-17.28831,,,,,,,,,,,,,,,,,,,,,,,,,,,,,High,High,High,High,Undefined,,,
117,2025-03-09,10:55:37.30,1,5,"Lash, Brady",,Left,HOU_KYL1,"Lee, Sammy",1000276388,Right,POM_COL,Undefined,3,Bottom,0,1,2,Slider,Curveball,FoulBallNotFieldable,Undefined,Undefined,Undefined,0,0,,77.7954,0.277629,1.09786,2487.762568,0.808378,6:00,5.81357,-1.39429,3.89843,-52.99971,-3.5865,-0.0711,1.66441,-0.34254,72.04648,-9.074013,1.085533,0.505933,,,,,,,,,,,,0.31858,-1.42315,1.26773,50,5.7845,-2.15884,-112.81857,-1.603,0.41331,19.25498,-34.0204,POM_COL,HOU_KYL1,PomonaPitzer,D3,Team,20250309-PomonaPitzer-3,b548f950-fd0f-11ef-8396-49d062319fe5,74.50086,,,5.74893,,,,,,,4a7971cc-f0d5-4adf-be21-3c3eee1bd4f8,2025-03-09,17:55:37.30,2025-03-09T10:55:37.3094912-07:00,2025-03-09T17:55:37.3094912Z,,v3,POM_PIT,58339,,"Hargrove, Calvin",,Undefined,HOU_KYL1,ea7c1311-aa28-47cf-8f9c-1fddc27c541b,56.60362,-113.94005,9.62749,5.82016,0.37847,-17.0102,1.39417,-2.18291,0.20665,,,,,,,,,,,,,,,,,,,,,,,,,,,,,,,,,,,,,,,,,,,,,,,,,,,High,High,High,,,,,
118,2025-03-09,10:56:06.11,1,6,"Lash, Brady",,Left,HOU_KYL1,"Lee, Sammy",1000276388,Right,POM_COL,Undefined,3,Bottom,0,1,2,Slider,Curveball,BallCalled,Undefined,Undefined,Undefined,0,0,,77.95763,1.467433,-0.807448,2517.040981,302.400968,4:00,5.77531,-1.20686,3.88391,-51.80617,-2.52134,6.28339,2.8725,-1.4613,71.8798,-7.70457,0.280454,0.505275,,,,,,,,,,,,-3.18729,-1.10787,1.29251,50,5.88538,1.30355,-112.9951,0.76951,-4.14837,19.29803,-33.616,POM_COL,HOU_KYL1,PomonaPitzer,D3,Team,20250309-PomonaPitzer-3,c66be030-fd0f-11ef-8396-49d062319fe5,74.59784,,,6.07783,,,,,,,4a7971cc-f0d5-4adf-be21-3c3eee1bd4f8,2025-03-09,17:56:06.11,2025-03-09T10:56:06.1102592-07:00,2025-03-09T17:56:06.1102592Z,,v3,POM_PIT,58339,,"Hargrove, Calvin",,Undefined,HOU_KYL1,19846010-57e2-44a0-b006-f38d038f4960,56.61642,-114.1195,9.64901,5.78348,2.72815,-16.808,1.20952,1.54525,-2.07418,,,,,,,,,,,,,,,,,,,,,,,,,,,,,,,,,,,,,,,,,,,,,,,,,,,High,High,High,,,,,
119,2025-03-09,10:56:21.35,1,7,"Lash, Brady",,Left,HOU_KYL1,"Lee, Sammy",1000276388,Right,POM_COL,Undefined,3,Bottom,0,2,2,Fastball,Four-Seam,BallCalled,Undefined,Undefined,Undefined,0,0,,85.21754,-1.837885,3.496998,2155.282923,144.651597,10:45,5.88152,-1.41371,4.65695,-21.81745,18.59233,-12.25737,2.31347,0.89129,77.91177,-5.86072,1.351912,0.457525,,,,,,,,,,,,6.91807,9.96993,1.06796,50,5.67448,-6.9604,-123.29705,-4.74378,10.67545,23.95564,-16.7892,POM_COL,HOU_KYL1,PomonaPitzer,D3,Team,20250309-PomonaPitzer-3,cf885590-fd0f-11ef-8396-49d062319fe5,82.38338,,,7.30578,,,,,,,4a7971cc-f0d5-4adf-be21-3c3eee1bd4f8,2025-03-09,17:56:21.35,2025-03-09T10:56:21.3563392-07:00,2025-03-09T17:56:21.3563392Z,,v3,POM_PIT,58339,,"Hargrove, Calvin",,Undefined,HOU_KYL1,e3718e85-adc2-48c9-a85d-dc274d90aaf9,55.84069,-124.42667,11.97782,5.8795,-3.95208,-8.3946,1.40804,-7.4638,5.33773,,,,,,,,,,,,,,,,,,,,,,,,,,,,,,,,,,,,,,,,,,,,,,,,,,,High,High,High,,,,,
120,2025-03-09,10:56:37.31,1,8,"Lash, Brady",,Left,HOU_KYL1,"Lee, Sammy",1000276388,Right,POM_COL,Undefined,3,Bottom,0,3,2,Fastball,Sinker,BallCalled,Walk,Undefined,Undefined,0,0,,84.811,0.132458,0.648976,2129.353843,132.958253,10:30,5.82191,-1.38303,4.52427,-26.61824,14.49367,-14.08367,3.72989,-1.93859,77.02223,-4.750095,-1.815601,0.461483,,,,,,,,,,,,7.00095,7.4126,1.32937,50,5.81143,-0.71999,-122.85829,-0.72139,10.64684,25.48076,-20.90117,POM_COL,HOU_KYL1,PomonaPitzer,D3,Team,20250309-PomonaPitzer-3,d90d29b0-fd0f-11ef-8396-49d062319fe5,81.67685,,,7.78877,,,,,,,4a7971cc-f0d5-4adf-be21-3c3eee1bd4f8,2025-03-09,17:56:37.31,2025-03-09T10:56:37.3150720-07:00,2025-03-09T17:56:37.3150720Z,,v3,POM_PIT,58339,,"Hargrove, Calvin",,Undefined,HOU_KYL1,99b6f6a2-0263-4396-8281-a74236f19ac5,55.97224,-124.09075,12.74038,5.82188,0.28956,-10.45058,1.37665,-1.23496,5.32342,,,,,,,,,,,,,,,,,,,,,,,,,,,,,,,,,,,,,,,,,,,,,,,,,,,High,High,High,,,,,
121,2025-03-09,10:57:09.01,2,1,"Lash, Brady",,Left,HOU_KYL1,"Kinney, William",1000092038,Right,POM_COL,Undefined,3,Bottom,0,0,0,Fastball,Changeup,BallCalled,Undefined,Undefined,Undefined,0,0,,82.95745,-0.11802,3.080333,2079.334194,118.557172,10:00,6.02087,-1.33241,4.3926,-31.60431,11.40508,-18.41344,3.27435,0.07664,75.80596,-5.847264,-0.130345,0.472012,,,,,,,,,,,,9.72355,5.96776,1.0227,50,5.9777,-5.60006,-120.1071,-1.4765,14.2264,22.91476,-23.44273,POM_COL,HOU_KYL1,PomonaPitzer,D3,Team,20250309-PomonaPitzer-3,ebeed790-fd0f-11ef-8396-49d062319fe5,79.85481,,,7.15149,,,,,,,4a7971cc-f0d5-4adf-be21-3c3eee1bd4f8,2025-03-09,17:57:09.01,2025-03-09T10:57:09.0141184-07:00,2025-03-09T17:57:09.0141184Z,,v3,POM_PIT,58339,,"Hargrove, Calvin",,Undefined,HOU_KYL1,e8ad7fa7-495e-440c-86b2-37715d6c37b6,56.10603,-121.26645,11.45738,6.0224,-0.29044,-11.72136,1.32424,-6.31983,7.1132,,,,,,,,,,,,,,,,,,,,,,,,,,,,,,,,,,,,,,,,,,,,,,,,,,,High,High,High,,,,,
122,2025-03-09,10:57:22.71,2,2,"Lash, Brady",,Left,HOU_KYL1,"Kinney, William",1000092038,Right,POM_COL,Undefined,3,Bottom,0,1,0,Fastball,Changeup,InPlay,Undefined,Bunt,Out,1,0,,82.36916,-1.391075,2.661805,2137.129425,128.910864,10:15,5.91463,-1.23563,4.39975,-27.7158,16.0019,-18.02438,2.27546,-0.19504,75.18561,-6.443725,-0.483615,0.475883,26.24039,-41.715344,-50.31934,,,,,5.20304,5.20304,-21.900151,0.093624,9.56024,8.57339,0.9709,50,5.73982,-4.72656,-119.24502,-3.9331,13.74236,23.28809,-19.85026,POM_COL,HOU_KYL1,PomonaPitzer,D3,Team,20250309-PomonaPitzer-3,f41972e0-fd0f-11ef-8396-49d062319fe5,79.20531,2.45924,,7.18355,,,,3.06608,2.45924,0.18249,4a7971cc-f0d5-4adf-be21-3c3eee1bd4f8,2025-03-09,17:57:22.71,2025-03-09T10:57:22.7180032-07:00,2025-03-09T17:57:22.7180032Z,GroundBall,v3,POM_PIT,58339,,"Hargrove, Calvin",,Undefined,HOU_KYL1,59991b5c-bab1-4869-a309-c9a35936f793,56.10009,-120.43046,11.64405,5.91431,-2.92266,-9.92513,1.2293,-5.42609,6.87118,,3.05898,18.81449,,,,,,,,2.46915,-26.2677,,,,,,,,0.19105,-22.67773,,,,,,,,,,,,,,,,,,,,,,,,,,,,,,High,High,High,Estimated,Estimated,,,
123,2025-03-09,10:58:02.64,3,1,"Lash, Brady",,Left,HOU_KYL1,"Legg, Jimmy",1000115608,Right,POM_COL,Undefined,3,Bottom,1,0,0,Fastball,Changeup,InPlay,Undefined,GroundBall,Out,1,0,,82.88251,-1.063895,2.116605,2157.939514,114.056592,9:45,5.92147,-1.37221,4.39958,-33.31478,9.7017,-18.65678,2.1289,-0.90564,75.98661,-7.075347,-1.142506,0.472051,46.79092,-46.103708,26.016007,,,,,3.27399,3.27399,33.122941,0.041591,9.66678,5.38914,1.16623,50,5.77559,-3.58307,-120.09763,-3.53572,14.13483,23.00907,-24.29404,POM_COL,HOU_KYL1,PomonaPitzer,D3,Team,20250309-PomonaPitzer-3,0be4c1e0-fd10-11ef-8396-49d062319fe5,79.84822,2.07088,,6.8959,,,,0.95128,2.07088,0.91504,4a7971cc-f0d5-4adf-be21-3c3eee1bd4f8,2025-03-09,17:58:02.64,2025-03-09T10:58:02.6441216-07:00,2025-03-09T17:58:02.6441216Z,GroundBall,v3,POM_PIT,58339,,"Hargrove, Calvin",,Undefined,HOU_KYL1,fc14ce34-09f0-453a-8283-3c445013f611,56.10064,-121.2608,11.50453,5.92329,-2.3076,-12.14702,1.36542,-4.29762,7.06741,,0.94931,43.05509,,,,,,,,2.07315,-49.792,,,,,,,,0.91407,21.01426,,,,,,,,,,,,,,,,,,,,,,,,,,,,,,High,High,High,Estimated,Estimated,,,
124,2025-03-09,10:58:36.37,4,1,"Lash, Brady",,Left,HOU_KYL1,"Ng, JC",1000115591,Left,POM_COL,Undefined,3,Bottom,2,0,0,Fastball,Changeup,StrikeCalled,Undefined,Undefined,Undefined,0,0,,82.44252,-0.089232,2.995523,2077.241421,110.893903,9:45,5.97197,-1.01127,4.3525,-35.13652,8.44689,-18.48281,2.95856,0.31291,75.45104,-6.426254,-0.226217,0.475151,,,,,,,,,,,,9.71619,4.53236,0.70884,50,5.92772,-5.38267,-119.37901,-1.57588,14.05015,22.54034,-25.62,POM_COL,HOU_KYL1,PomonaPitzer,D3,Team,20250309-PomonaPitzer-3,1ffca5d0-fd10-11ef-8396-49d062319fe5,79.32722,,,6.99148,,,,,,,4a7971cc-f0d5-4adf-be21-3c3eee1bd4f8,2025-03-09,17:58:36.37,2025-03-09T10:58:36.3776000-07:00,2025-03-09T17:58:36.3776000Z,,v3,POM_PIT,58339,,"Hargrove, Calvin",,Undefined,HOU_KYL1,0d20aa98-ff1f-47cb-9fbc-651a4724bd12,56.1465,-120.53396,11.27017,5.97483,-0.26313,-12.81,1.00309,-6.10259,7.02508,,,,,,,,,,,,,,,,,,,,,,,,,,,,,,,,,,,,,,,,,,,,,,,,,,,High,High,High,,,,,
125,2025-03-09,10:58:50.26,4,2,"Lash, Brady",,Left,HOU_KYL1,"Ng, JC",1000115591,Left,POM_COL,Undefined,3,Bottom,2,0,1,Slider,Curveball,BallCalled,Undefined,Undefined,Undefined,0,0,,76.15878,0.123981,2.108703,2404.913531,315.408431,4:30,5.78491,-1.21204,4.03623,-53.63511,-2.30232,3.7478,1.43453,1.1274,70.65226,-9.353296,2.759424,0.515666,,,,,,,,,,,,-1.25583,-0.6987,0.96938,50,5.73967,-4.22838,-110.40564,-1.86367,-1.56118,18.33812,-33.04266,POM_COL,HOU_KYL1,PomonaPitzer,D3,Team,20250309-PomonaPitzer-3,28544490-fd10-11ef-8396-49d062319fe5,73.09464,,,5.50652,,,,,,,4a7971cc-f0d5-4adf-be21-3c3eee1bd4f8,2025-03-09,17:58:50.26,2025-03-09T10:58:50.2648320-07:00,2025-03-09T17:58:50.2648320Z,,v3,POM_PIT,58339,,"Hargrove, Calvin",,Undefined,HOU_KYL1,2d978b24-dd0f-42cf-83e1-0796a449db10,56.465,-111.47429,9.16906,5.79217,0.06188,-16.52133,1.21314,-4.1374,-0.78059,,,,,,,,,,,,,,,,,,,,,,,,,,,,,,,,,,,,,,,,,,,,,,,,,,,High,High,High,,,,,
126,2025-03-09,10:59:04.85,4,3,"Lash, Brady",,Left,HOU_KYL1,"Ng, JC",1000115591,Left,POM_COL,Undefined,3,Bottom,2,1,1,Slider,Curveball,BallCalled,Undefined,Undefined,Undefined,0,0,,75.38553,-0.569024,1.836978,2456.080635,339.616746,5:15,5.76224,-1.22606,3.99264,-56.63038,-4.48406,2.19347,0.49555,0.72385,70.56645,-10.516256,2.218144,0.519737,,,,,,,,,,,,-0.61591,-1.6535,1.01451,50,5.63377,-3.60185,-109.39643,-3.29563,-0.75611,16.9458,-34.20394,POM_COL,HOU_KYL1,PomonaPitzer,D3,Team,20250309-PomonaPitzer-3,31059c10-fd10-11ef-8396-49d062319fe5,72.5222,,,4.81908,,,,,,,4a7971cc-f0d5-4adf-be21-3c3eee1bd4f8,2025-03-09,17:59:04.85,2025-03-09T10:59:04.8582656-07:00,2025-03-09T17:59:04.8582656Z,,v3,POM_PIT,58339,,"Hargrove, Calvin",,Undefined,HOU_KYL1,3eefd61d-71ed-435a-9a4c-32edbaecf40d,56.51056,-110.40033,8.4729,5.76898,-1.26934,-17.10197,1.22656,-3.55705,-0.37806,,,,,,,,,,,,,,,,,,,,,,,,,,,,,,,,,,,,,,,,,,,,,,,,,,,High,High,High,,,,,
127,2025-03-09,10:59:23.69,4,4,"Lash, Brady",,Left,HOU_KYL1,"Ng, JC",1000115591,Left,POM_COL,Undefined,3,Bottom,2,2,1,Fastball,Splitter,StrikeCalled,Undefined,Undefined,Undefined,0,0,,83.62027,-0.441802,3.480514,2110.855928,134.980926,10:30,5.89488,-1.16878,4.52236,-25.57757,16.42548,-15.12686,3.34186,0.88955,76.60867,-5.120764,0.839694,0.466457,,,,,,,,,,,,8.23638,8.49264,0.81995,50,5.82516,-6.65837,-121.07525,-1.88242,12.29715,22.35193,-19.49426,POM_COL,HOU_KYL1,PomonaPitzer,D3,Team,20250309-PomonaPitzer-3,3c3009e0-fd10-11ef-8396-49d062319fe5,80.80577,,,7.01161,,,,,,,4a7971cc-f0d5-4adf-be21-3c3eee1bd4f8,2025-03-09,17:59:23.69,2025-03-09T10:59:23.6995584-07:00,2025-03-09T17:59:23.6995584Z,,v3,POM_PIT,58339,,"Hargrove, Calvin",,Undefined,HOU_KYL1,6f9bd140-4822-43b2-8845-5656265fca84,55.97584,-122.17348,11.17596,5.89412,-0.9246,-9.74713,1.16195,-7.26258,6.14858,,,,,,,,,,,,,,,,,,,,,,,,,,,,,,,,,,,,,,,,,,,,,,,,,,,High,High,High,,,,,
128,2025-03-09,10:59:39.43,4,5,"Lash, Brady",,Left,HOU_KYL1,"Ng, JC",1000115591,Left,POM_COL,Undefined,3,Bottom,2,2,2,Slider,Curveball,InPlay,Undefined,LineDrive,HomeRun,0,2,,76.27943,0.663545,0.448967,2497.245243,306.440451,4:15,5.83946,-1.20073,3.87584,-53.95432,-3.0824,5.96311,1.98276,-0.27114,71.37681,-8.829848,1.48221,0.513346,103.5463,19.147996,26.050233,1646.831409,94.70285,32.70072,55.95855,340.99386,298.81455,40.397206,3.5425,-2.76697,-1.30205,1.14141,50,5.85344,-1.12718,-110.78799,-0.86938,-3.50077,16.45867,-33.8214,POM_COL,HOU_KYL1,PomonaPitzer,D3,Team,20250309-PomonaPitzer-3,459a5120-fd10-11ef-8396-49d062319fe5,73.42498,41.37308,,4.90262,,,,1.68987,2.18808,0.40977,4a7971cc-f0d5-4adf-be21-3c3eee1bd4f8,2025-03-09,17:59:39.43,2025-03-09T10:59:39.4350080-07:00,2025-03-09T17:59:39.4350080Z,LineDrive,v3,POM_PIT,58339,,"Hargrove, Calvin",,Undefined,HOU_KYL1,3aac3512-8e46-49e0-b42c-ddc6fd4b696e,56.62768,-111.76826,8.22933,5.84523,1.145,-16.9107,1.20234,-0.91867,-1.75038,,1.68919,128.91247,-28.48218,6.90572,-1.82308,0.50148,-0.1224,0.01871,-0.00121,2.18857,49.79849,-17.34801,0.85944,0.22545,-0.18269,0.06231,-0.01022,0.00063,0.40953,63.01215,4.34011,-3.28371,1.11301,-0.2551,0.03883,-0.00344,0.00013,,,,,,,,,,,,,,,,,,,,,,,High,High,High,Medium,Medium,,,
129,2025-03-09,11:00:24.00,5,1,"Lash, Brady",,Left,HOU_KYL1,"Gold, Jack",1000108729,Left,POM_COL,Undefined,3,Bottom,2,0,0,Fastball,Changeup,FoulBallNotFieldable,Undefined,Undefined,Undefined,0,0,,85.74044,-0.876025,2.891652,2194.377385,127.621626,10:15,5.9012,-0.9673,4.67993,-23.70269,16.41434,-19.4993,3.09293,0.15614,77.74018,-5.255557,-0.526728,0.455865,,,,,,,,,,,,10.26945,8.6715,0.69122,50,5.79148,-5.32616,-124.0664,-2.7612,15.91687,26.11862,-18.73386,POM_COL,HOU_KYL1,PomonaPitzer,D3,Team,20250309-PomonaPitzer-3,6025d190-fd10-11ef-8396-49d062319fe5,82.68339,,,8.00026,,,,,,,4a7971cc-f0d5-4adf-be21-3c3eee1bd4f8,2025-03-09,18:00:24.00,2025-03-09T11:00:24.0074752-07:00,2025-03-09T18:00:24.0074752Z,,v3,POM_PIT,58339,,"Hargrove, Calvin",,Undefined,HOU_KYL1,4459cb2a-6f32-40af-893a-a66108a53f70,55.81624,-125.28486,13.05931,5.89991,-1.88725,-9.36693,0.95701,-6.0687,7.95844,,,,,,,,,,,,,,,,,,,,,,,,,,,,,,,,,,,,,,,,,,,,,,,,,,,High,High,High,,,,,
130,2025-03-09,11:00:39.47,5,2,"Lash, Brady",,Left,HOU_KYL1,"Gold, Jack",1000108729,Left,POM_COL,Undefined,3,Bottom,2,0,1,Fastball,Sinker,BallCalled,Undefined,Undefined,Undefined,0,0,,84.99003,-0.140778,2.553366,2245.274228,135.099143,10:30,5.89842,-1.26263,4.70502,-27.65242,13.02666,-11.62359,3.46029,0.19401,77.2576,-5.212747,0.514679,0.459047,,,,,,,,,,,,6.38618,6.82048,1.01479,50,5.86011,-4.94039,-123.0541,-1.33879,9.75742,25.22429,-21.75305,POM_COL,HOU_KYL1,PomonaPitzer,D3,Team,20250309-PomonaPitzer-3,69570770-fd10-11ef-8396-49d062319fe5,82.11023,,,7.73242,,,,,,,4a7971cc-f0d5-4adf-be21-3c3eee1bd4f8,2025-03-09,18:00:39.47,2025-03-09T11:00:39.4773504-07:00,2025-03-09T18:00:39.4773504Z,,v3,POM_PIT,58339,,"Hargrove, Calvin",,Undefined,HOU_KYL1,71de3d8b-b4b4-4f0d-ab6b-1df80f9a2d58,55.79139,-124.23558,12.61215,5.89896,-0.3199,-10.87653,1.2569,-5.39742,4.87871,,,,,,,,,,,,,,,,,,,,,,,,,,,,,,,,,,,,,,,,,,,,,,,,,,,High,High,High,,,,,
131,2025-03-09,11:00:52.86,5,3,"Lash, Brady",,Left,HOU_KYL1,"Gold, Jack",1000108729,Left,POM_COL,Undefined,3,Bottom,2,1,1,Fastball,Changeup,FoulBallNotFieldable,Undefined,Undefined,Undefined,0,0,,83.59463,0.1241,2.510404,2182.56345,124.435986,10:15,5.93069,-1.25772,4.89667,-31.68742,9.9952,-12.57658,3.40757,0.07024,76.15909,-5.675115,0.29615,0.464675,,,,,,,,,,,,6.92583,5.29638,1.02293,50,5.91665,-4.75018,-121.1231,-0.90395,10.2589,24.30017,-24.3288,POM_COL,HOU_KYL1,PomonaPitzer,D3,Team,20250309-PomonaPitzer-3,7154c660-fd10-11ef-8396-49d062319fe5,81.11577,,,7.43554,,,,,,,4a7971cc-f0d5-4adf-be21-3c3eee1bd4f8,2025-03-09,18:00:52.86,2025-03-09T11:00:52.8673280-07:00,2025-03-09T18:00:52.8673280Z,,v3,POM_PIT,58339,,"Hargrove, Calvin",,Undefined,HOU_KYL1,60cb3f1f-0125-4f9b-aeb3-9e8b84fd7642,55.60179,-122.24179,12.15009,5.93248,0.21606,-12.1644,1.25248,-5.22246,5.12945,,,,,,,,,,,,,,,,,,,,,,,,,,,,,,,,,,,,,,,,,,,,,,,,,,,High,High,High,,,,,
132,2025-03-09,11:01:12.62,5,4,"Lash, Brady",,Left,HOU_KYL1,"Gold, Jack",1000108729,Left,POM_COL,Undefined,3,Bottom,2,1,2,Fastball,Changeup,InPlay,Undefined,FlyBall,Double,0,0,,84.84951,-1.294698,3.172634,2182.335236,116.705273,10:00,5.90155,-1.13456,4.45217,-31.87494,9.25103,-15.70674,2.00855,0.58512,77.55658,-7.056481,0.429657,0.461561,95.94543,22.262559,-1.252522,2420.978979,109.74112,40.28567,-7.5371,347.48131,347.48131,-8.937136,4.162048,8.54843,5.24048,0.8153,50,5.73403,-6.07188,-122.80311,-4.04667,13.04247,24.52021,-24.17861,POM_COL,HOU_KYL1,PomonaPitzer,D3,Team,20250309-PomonaPitzer-3,7d258650-fd10-11ef-8396-49d062319fe5,81.6629,53.56552,,7.29293,,,,1.45863,2.09344,-0.58701,4a7971cc-f0d5-4adf-be21-3c3eee1bd4f8,2025-03-09,18:01:12.62,2025-03-09T11:01:12.6222848-07:00,2025-03-09T18:01:12.6222848Z,LineDrive,v3,POM_PIT,58339,,"Hargrove, Calvin",,Undefined,HOU_KYL1,4e8b65b7-8027-42ee-adaa-bb895019e7a0,56.04744,-124.00473,12.26011,5.9033,-2.86179,-12.0893,1.12851,-6.71103,6.52124,148.920236,1.45783,130.21945,-22.52864,5.15342,-1.24016,0.31098,-0.06567,0.00867,-0.00049,2.09438,53.28772,-14.39835,0.05875,0.31421,-0.16142,0.04464,-0.00611,0.00032,-0.58692,-2.84897,-5.978,1.89323,-0.49547,0.10637,-0.01764,0.00195,-0.0001,,,,,,,,,,,,,,,,,,,,,,,High,High,High,High,Medium,,,
133,2025-03-09,11:02:00.85,6,1,"Lash, Brady",,Left,HOU_KYL1,"Berry, Cooper",1000276381,Left,POM_COL,Undefined,3,Bottom,2,0,0,Fastball,Changeup,StrikeCalled,Undefined,Undefined,Undefined,0,0,,83.35218,-1.866946,3.323404,2097.439094,136.303063,10:30,5.98357,-1.07045,4.47133,-25.04021,17.74666,-15.54631,2.11352,0.80573,75.79953,-6.461494,0.60992,0.470789,,,,,,,,,,,,8.46485,9.57717,0.73583,50,5.76345,-6.26563,-120.49126,-4.8473,12.39581,24.26298,-18.14935,POM_COL,HOU_KYL1,PomonaPitzer,D3,Team,20250309-PomonaPitzer-3,99db39c0-fd10-11ef-8396-49d062319fe5,80.06221,,,7.55264,,,,,,,4a7971cc-f0d5-4adf-be21-3c3eee1bd4f8,2025-03-09,18:02:00.85,2025-03-09T11:02:00.8550912-07:00,2025-03-09T18:02:00.8550912Z,,v3,POM_PIT,58339,,"Hargrove, Calvin",,Undefined,HOU_KYL1,efd9b0a6-e4f1-4086-af4c-fb55058f98b0,56.02532,-121.69851,12.13149,5.98217,-3.94424,-9.07468,1.06293,-6.88241,6.19791,,,,,,,,,,,,,,,,,,,,,,,,,,,,,,,,,,,,,,,,,,,,,,,,,,,High,High,High,,,,,
134,2025-03-09,11:02:18.97,6,2,"Lash, Brady",,Left,HOU_KYL1,"Berry, Cooper",1000276381,Left,POM_COL,Undefined,3,Bottom,2,0,1,Fastball,Changeup,StrikeCalled,Undefined,Undefined,Undefined,0,0,,84.25847,-1.826085,3.9266,2167.985662,122.841745,10:00,5.91222,-1.06174,4.31235,-28.52635,13.38926,-18.61981,1.78448,1.14656,77.09541,-6.990497,0.687438,0.465971,,,,,,,,,,,,10.05615,7.36709,0.65669,50,5.68616,-7.476,-121.81689,-5.01332,15.14021,23.49254,-21.08237,POM_COL,HOU_KYL1,PomonaPitzer,D3,Team,20250309-PomonaPitzer-3,a4b0a9c0-fd10-11ef-8396-49d062319fe5,80.89002,,,7.16306,,,,,,,4a7971cc-f0d5-4adf-be21-3c3eee1bd4f8,2025-03-09,18:02:18.97,2025-03-09T11:02:18.9774336-07:00,2025-03-09T18:02:18.9774336Z,,v3,POM_PIT,58339,,"Hargrove, Calvin",,Undefined,HOU_KYL1,d10c30ae-ad3b-42bc-81b7-d39c9cb11d1e,56.18677,-123.00423,11.74627,5.91262,-3.94779,-10.54118,1.05387,-8.24121,7.57011,,,,,,,,,,,,,,,,,,,,,,,,,,,,,,,,,,,,,,,,,,,,,,,,,,,High,High,High,,,,,
135,2025-03-09,11:02:37.79,6,3,"Lash, Brady",,Left,HOU_KYL1,"Berry, Cooper",1000276381,Left,POM_COL,Undefined,3,Bottom,2,0,2,Fastball,Changeup,BallCalled,Undefined,Undefined,Undefined,0,0,,84.0232,-0.317603,4.221473,2146.505757,129.337164,10:15,5.92011,-0.8389,4.43968,-26.69214,15.23843,-16.93879,3.39199,1.78344,76.68489,-5.190747,1.272365,0.466055,,,,,,,,,,,,9.3052,7.87008,0.40851,50,5.86125,-8.16318,-121.49643,-1.68622,13.9455,23.21731,-20.37936,POM_COL,HOU_KYL1,PomonaPitzer,D3,Team,20250309-PomonaPitzer-3,afdfd280-fd10-11ef-8396-49d062319fe5,80.8756,,,7.33831,,,,,,,4a7971cc-f0d5-4adf-be21-3c3eee1bd4f8,2025-03-09,18:02:37.79,2025-03-09T11:02:37.7903104-07:00,2025-03-09T18:02:37.7903104Z,,v3,POM_PIT,58339,,"Hargrove, Calvin",,Undefined,HOU_KYL1,d23d870d-28f5-4ad9-95b1-fa402a3944ba,56.05815,-122.64865,11.60865,5.91984,-0.67485,-10.18968,0.8308,-8.85526,6.97275,,,,,,,,,,,,,,,,,,,,,,,,,,,,,,,,,,,,,,,,,,,,,,,,,,,High,High,High,,,,,
136,2025-03-09,11:02:57.04,6,4,"Lash, Brady",,Left,HOU_KYL1,"Berry, Cooper",1000276381,Left,POM_COL,Undefined,3,Bottom,2,1,2,Slider,Curveball,BallCalled,Undefined,Undefined,Undefined,0,0,,76.50905,-0.45652,2.47122,2500.253704,26.542699,7:00,5.72929,-1.17371,4.10514,-57.12987,-5.29331,-3.56973,0.52994,0.90186,69.70474,-10.590332,1.849974,0.51819,,,,,,,,,,,,2.5111,-1.89307,0.90155,50,5.61657,-4.61709,-110.61028,-3.11441,3.06484,22.46059,-34.48456,POM_COL,HOU_KYL1,PomonaPitzer,D3,Team,20250309-PomonaPitzer-3,bb68db10-fd10-11ef-8396-49d062319fe5,72.73858,,,6.80431,,,,,,,4a7971cc-f0d5-4adf-be21-3c3eee1bd4f8,2025-03-09,18:02:57.04,2025-03-09T11:02:57.0415104-07:00,2025-03-09T18:02:57.0415104Z,,v3,POM_PIT,58339,,"Hargrove, Calvin",,Undefined,HOU_KYL1,978e901d-e911-4360-9c0e-1e42523093ae,56.39415,-111.90115,11.2303,5.73861,-1.13249,-17.24228,1.17196,-4.79324,1.53242,,,,,,,,,,,,,,,,,,,,,,,,,,,,,,,,,,,,,,,,,,,,,,,,,,,High,High,High,,,,,
137,2025-03-09,11:03:24.96,6,5,"Lash, Brady",,Left,HOU_KYL1,"Berry, Cooper",1000276381,Left,POM_COL,Undefined,3,Bottom,2,2,2,Slider,Curveball,BallCalled,Undefined,Undefined,Undefined,0,0,,77.18211,-0.54362,2.700312,2362.062539,351.303631,5:45,5.81966,-1.16194,4.07705,-51.81802,-1.95185,0.51783,0.97893,1.47589,71.76865,-9.689425,2.790261,0.508246,,,,,,,,,,,,0.43303,-0.40524,0.85806,50,5.7019,-5.29879,-111.86866,-3.10661,0.55364,18.50735,-32.6921,POM_COL,HOU_KYL1,PomonaPitzer,D3,Team,20250309-PomonaPitzer-3,cc0e7ba0-fd10-11ef-8396-49d062319fe5,74.16173,,,5.41346,,,,,,,4a7971cc-f0d5-4adf-be21-3c3eee1bd4f8,2025-03-09,18:03:24.96,2025-03-09T11:03:24.9626624-07:00,2025-03-09T18:03:24.9626624Z,,v3,POM_PIT,58339,,"Hargrove, Calvin",,Undefined,HOU_KYL1,9fb27155-3432-456c-9f8b-7e1726d02f9a,56.42462,-112.92653,9.25367,5.82607,-1.23794,-16.34605,1.16185,-5.33043,0.27682,,,,,,,,,,,,,,,,,,,,,,,,,,,,,,,,,,,,,,,,,,,,,,,,,,,High,High,High,,,,,
138,2025-03-09,11:03:45.72,6,6,"Lash, Brady",,Left,HOU_KYL1,"Berry, Cooper",1000276381,Left,POM_COL,Undefined,3,Bottom,2,3,2,Fastball,Changeup,StrikeSwinging,Strikeout,Undefined,Undefined,0,0,,83.10774,0.192049,2.083124,2080.886301,132.272638,10:30,5.93369,-1.17038,4.48674,-27.86218,15.14532,-15.02796,3.79499,-0.43658,75.27354,-4.920946,-0.543275,0.472002,,,,,,,,,,,,7.88894,7.72406,0.96673,50,5.9282,-3.67166,-120.2863,-0.63066,11.4767,24.86901,-20.93722,POM_COL,HOU_KYL1,PomonaPitzer,D3,Team,20250309-PomonaPitzer-3,d85e56a0-fd10-11ef-8396-49d062319fe5,79.8566,,,7.8342,,,,,,,4a7971cc-f0d5-4adf-be21-3c3eee1bd4f8,2025-03-09,18:03:45.72,2025-03-09T11:03:45.7269248-07:00,2025-03-09T18:03:45.7269248Z,,v3,POM_PIT,58339,,"Hargrove, Calvin",,Undefined,HOU_KYL1,b4a85c0d-2ba6-415e-9875-47436fe2c4d3,56.0098,-121.52246,12.4345,5.93368,0.41006,-10.46861,1.16341,-4.24213,5.73835,,,,,,,,,,,,,,,,,,,,,,,,,,,,,,,,,,,,,,,,,,,,,,,,,,,High,High,High,,,,,
139,2025-03-09,11:05:27.89,1,1,"Collins, Ethan",1000115647,Right,POM_COL,"Andrew, Rajkovich",,Right,HOU_KYL1,Undefined,4,Top,0,0,0,TwoSeamFastBall,Slider,BallCalled,Undefined,Undefined,Undefined,0,0,,83.67904,2.300794,-3.064756,2396.933509,29.978403,7:00,4.83908,2.4759,5.20789,-40.29242,1.07331,-0.1761,3.64938,-0.42371,75.90583,-5.060811,-3.095865,0.462905,,,,,,,,,,,,-0.8265,0.27331,-2.19203,50,5.02211,6.49171,-121.10366,3.38271,-1.21895,25.17692,-31.77099,POM_COL,HOU_KYL1,PomonaPitzer,D3,Team,20250309-PomonaPitzer-3,154db420-fd11-11ef-8396-49d062319fe5,81.42586,,,7.77321,,,,,,,4a7971cc-f0d5-4adf-be21-3c3eee1bd4f8,2025-03-09,18:05:27.89,2025-03-09T11:05:27.8978048-07:00,2025-03-09T18:05:27.8978048Z,,v3,POM_PIT,58339,,"Hattenburg, Xavier",10277269,Right,POM_COL,11beccc0-b117-4a95-a0a8-9b5d193f9efe,55.29009,-122.1985,12.58846,4.84497,4.76429,-15.8855,-2.47548,6.54472,-0.60948,,,,,,,,,,,,,,,,,,,,,,,,,,,,,,,,,,,,,,,,,,,,,,,,,,,High,High,High,,,,,
140,2025-03-09,11:05:41.77,1,2,"Collins, Ethan",1000115647,Right,POM_COL,"Andrew, Rajkovich",,Right,HOU_KYL1,Undefined,4,Top,0,1,0,Slider,Slider,InPlay,Undefined,GroundBall,Out,1,0,,79.17036,1.236703,-1.91456,2691.126501,69.344133,8:15,5.15723,2.4746,5.01354,-51.92542,-5.79839,-19.09249,1.99818,-0.92411,72.91129,-8.11829,-5.283614,0.48882,68.15082,4.637704,35.744027,2665.247863,,,,54.14424,53.68772,37.739374,0.563912,9.02044,-2.90882,-2.27452,50,5.23338,4.61286,-114.88432,0.60109,12.02918,21.71895,-36.05308,POM_COL,HOU_KYL1,PomonaPitzer,D3,Team,20250309-PomonaPitzer-3,1d8fa800-fd11-11ef-8396-49d062319fe5,77.109,2.74756,,6.25907,,,,2.10414,1.9928,0.83852,4a7971cc-f0d5-4adf-be21-3c3eee1bd4f8,2025-03-09,18:05:41.77,2025-03-09T11:05:41.7715712-07:00,2025-03-09T18:05:41.7715712Z,GroundBall,v3,POM_PIT,58339,,"Hattenburg, Xavier",10277269,Right,POM_COL,63e7db7c-eb42-422b-a2b8-e7db5b5bf62e,55.48987,-115.91754,10.85948,5.16399,2.31621,-18.02654,-2.48035,4.04061,6.01459,,2.12299,80.40911,-14.67559,,,,,,,2.01354,7.58569,-19.84492,,,,,,,0.8309,58.38312,-1.90824,,,,,,,,,,,,,,,,,,,,,,,,,,,,,Medium,Medium,Medium,High,Medium,,,
141,2025-03-09,11:06:15.75,2,1,"Collins, Ethan",1000115647,Right,POM_COL,"Pye, Logan",,Right,HOU_KYL1,Undefined,4,Top,1,0,0,TwoSeamFastBall,Slider,BallCalled,Undefined,Undefined,Undefined,0,0,,83.59765,0.962637,-5.203013,2299.640767,324.610836,4:45,4.91843,2.45167,5.3767,-41.81258,0.05795,1.06681,2.34032,-2.35062,75.14827,-6.691066,-5.014736,0.465721,,,,,,,,,,,,-2.27902,0.22937,-1.98525,50,4.97603,10.93421,-120.58988,0.51372,-3.29007,27.74126,-31.84293,POM_COL,HOU_KYL1,PomonaPitzer,D3,Team,20250309-PomonaPitzer-3,31cacb60-fd11-11ef-8396-49d062319fe5,80.93352,,,8.44937,,,,,,,4a7971cc-f0d5-4adf-be21-3c3eee1bd4f8,2025-03-09,18:06:15.75,2025-03-09T11:06:15.7543424-07:00,2025-03-09T18:06:15.7543424Z,,v3,POM_PIT,58339,,"Hattenburg, Xavier",10277269,Right,POM_COL,3469c000-202a-4d18-8751-3e8828a9dc28,55.11842,-121.76166,13.87063,4.92592,1.85876,-15.92146,-2.45004,11.07318,-1.64503,,,,,,,,,,,,,,,,,,,,,,,,,,,,,,,,,,,,,,,,,,,,,,,,,,,High,High,High,,,,,
142,2025-03-09,11:06:31.91,2,2,"Collins, Ethan",1000115647,Right,POM_COL,"Pye, Logan",,Right,HOU_KYL1,Undefined,4,Top,1,1,0,TwoSeamFastBall,Slider,InPlay,Undefined,GroundBall,Out,1,0,,84.39179,1.288095,-2.274557,2318.277888,185.355707,12:15,4.93687,2.54731,5.24513,-38.15526,3.05744,0.13732,2.96895,0.42005,75.41033,-5.738753,-2.250233,0.462048,60.7777,-46.967245,15.238664,,,,,3.27976,2.94195,4.923591,0.043098,-0.86386,1.54551,-2.33842,50,5.02743,4.84123,-122.03953,1.34884,-1.27104,29.47243,-29.89999,POM_COL,HOU_KYL1,PomonaPitzer,D3,Team,20250309-PomonaPitzer-3,3b6fd1b0-fd11-11ef-8396-49d062319fe5,81.57693,2.82374,,8.98146,,,,0.72415,2.82374,-0.41141,4a7971cc-f0d5-4adf-be21-3c3eee1bd4f8,2025-03-09,18:06:31.91,2025-03-09T11:06:31.9125504-07:00,2025-03-09T18:06:31.9125504Z,GroundBall,v3,POM_PIT,58339,,"Hattenburg, Xavier",10277269,Right,POM_COL,8d47451b-3be7-4149-86da-cfa46a647c8d,55.24993,-123.30087,14.73622,4.94232,2.62847,-14.94999,-2.54677,4.89563,-0.63552,180,0.7219,59.0166,,,,,,,,2.82624,-65.51875,,,,,,,,-0.41202,16.07723,,,,,,,,,,,,,,,,,,,,,,,,,,,,,,High,High,High,Low,Low,,,
143,2025-03-09,11:07:04.10,3,1,"Collins, Ethan",1000115647,Right,POM_COL,"Hargrove, Calvin",,Right,HOU_KYL1,Undefined,4,Top,2,0,0,TwoSeamFastBall,Changeup,StrikeCalled,Undefined,Undefined,Undefined,0,0,,86.37164,-0.469752,-3.141547,2196.206049,257.673257,2:30,5.00333,2.39932,5.71595,-34.28226,3.45839,10.40284,1.70821,0.33674,79.17006,-6.777282,-1.282313,0.442157,,,,,,,,,,,,-6.14859,2.26138,-2.14282,50,4.94283,6.44042,-125.30327,-2.2338,-9.78012,25.20732,-28.57706,POM_COL,HOU_KYL1,PomonaPitzer,D3,Team,20250309-PomonaPitzer-3,4e9ba7f0-fd11-11ef-8396-49d062319fe5,85.2468,,,7.20158,,,,,,,4a7971cc-f0d5-4adf-be21-3c3eee1bd4f8,2025-03-09,18:07:04.10,2025-03-09T11:07:04.1019392-07:00,2025-03-09T18:07:04.1019392Z,,v3,POM_PIT,58339,,"Hattenburg, Xavier",10277269,Right,POM_COL,4b58105d-4231-4701-889c-97ff909a7886,54.78357,-126.26191,12.60366,5.00712,-1.147,-14.28853,-2.39483,6.81236,-4.89006,,,,,,,,,,,,,,,,,,,,,,,,,,,,,,,,,,,,,,,,,,,,,,,,,,,High,High,High,,,,,
144,2025-03-09,11:07:18.75,3,2,"Collins, Ethan",1000115647,Right,POM_COL,"Hargrove, Calvin",,Right,HOU_KYL1,Undefined,4,Top,2,0,1,Curveball,Curveball,StrikeCalled,Undefined,Undefined,Undefined,0,0,,75.89692,2.90197,-0.343597,2784.096095,54.692235,7:45,5.51771,2.23404,5.51862,-61.15003,-11.11642,-18.20056,3.13761,0.39606,68.69045,-8.268673,-3.589187,0.509099,,,,,,,,,,,,8.95985,-5.89422,-2.19206,50,5.73043,1.3745,-109.98966,3.51474,10.77746,22.80016,-39.26399,POM_COL,HOU_KYL1,PomonaPitzer,D3,Team,20250309-PomonaPitzer-3,57693a00-fd11-11ef-8396-49d062319fe5,74.03754,,,7.20648,,,,,,,4a7971cc-f0d5-4adf-be21-3c3eee1bd4f8,2025-03-09,18:07:18.75,2025-03-09T11:07:18.7539456-07:00,2025-03-09T18:07:18.7539456Z,,v3,POM_PIT,58339,,"Hattenburg, Xavier",10277269,Right,POM_COL,6b1a8933-3f1a-4d52-a0d7-f3eb37bd08ac,54.98235,-111.01766,11.40008,5.53205,5.28506,-19.632,-2.24308,0.88857,5.38873,,,,,,,,,,,,,,,,,,,,,,,,,,,,,,,,,,,,,,,,,,,,,,,,,,,High,High,High,,,,,
145,2025-03-09,11:07:34.24,3,3,"Collins, Ethan",1000115647,Right,POM_COL,"Hargrove, Calvin",,Right,HOU_KYL1,Undefined,4,Top,2,0,2,Curveball,Curveball,BallCalled,Undefined,Undefined,Undefined,0,0,,72.24421,0.336837,-3.694038,2680.283603,67.539684,8:15,5.37099,2.2046,5.2227,-61.61826,-5.9689,-18.83044,0.55348,-2.84245,66.51288,-10.751103,-7.023077,0.53691,,,,,,,,,,,,8.29839,-2.60197,-1.84867,50,5.35586,7.44132,-104.62083,-1.36301,9.08049,19.74601,-35.02124,POM_COL,HOU_KYL1,PomonaPitzer,D3,Team,20250309-PomonaPitzer-3,60a2d450-fd11-11ef-8396-49d062319fe5,70.20252,,,5.73133,,,,,,,4a7971cc-f0d5-4adf-be21-3c3eee1bd4f8,2025-03-09,18:07:34.24,2025-03-09T11:07:34.2458368-07:00,2025-03-09T18:07:34.2458368Z,,v3,POM_PIT,58339,,"Hattenburg, Xavier",10277269,Right,POM_COL,f3adf4df-8fea-4272-ad58-8d3d7796c730,55.27956,-105.61259,9.873,5.38014,0.39595,-17.51062,-2.21096,6.98525,4.54025,,,,,,,,,,,,,,,,,,,,,,,,,,,,,,,,,,,,,,,,,,,,,,,,,,,High,High,High,,,,,
146,2025-03-09,11:08:01.33,3,4,"Collins, Ethan",1000115647,Right,POM_COL,"Hargrove, Calvin",,Right,HOU_KYL1,Undefined,4,Top,2,1,2,Slider,Slider,BallCalled,Undefined,Undefined,Undefined,0,0,,79.62363,1.11618,0.592992,2729.137318,93.089633,9:00,5.01125,2.49355,,-42.92845,2.28032,-15.31005,2.48226,1.7746,72.7693,-6.72886,-2.1258,0.48393,,,,,,,,,,,,7.96811,1.13469,-2.53547,50,5.08121,-0.59754,-115.58417,0.78506,10.72711,22.51834,-30.64649,POM_COL,HOU_KYL1,PomonaPitzer,D3,Team,20250309-PomonaPitzer-3,70bb2900-fd11-11ef-8396-49d062319fe5,77.88816,,,6.85432,,,,,,,4a7971cc-f0d5-4adf-be21-3c3eee1bd4f8,2025-03-09,18:08:01.33,2025-03-09T11:08:01.3387264-07:00,2025-03-09T18:08:01.3387264Z,,v3,POM_PIT,58339,,"Hattenburg, Xavier",10277269,Right,POM_COL,39314ca3-aad7-461a-b5e1-ca29cc9da6ec,55.21711,-116.59615,11.25917,5.01499,2.16232,-15.32325,-2.49779,-1.07962,5.36355,,,,,,,,,,,,,,,,,,,,,,,,,,,,,,,,,,,,,,,,,,,,,,,,,,,High,High,High,,,,,
147,2025-03-09,11:08:18.42,3,5,"Collins, Ethan",1000115647,Right,POM_COL,"Hargrove, Calvin",,Right,HOU_KYL1,Undefined,4,Top,2,2,2,Curveball,Curveball,BallCalled,Undefined,Undefined,Undefined,0,0,,73.50953,4.063697,2.924116,2412.325896,52.880514,7:45,5.46037,2.11086,5.51133,-63.00783,-9.50764,-15.09674,4.02116,3.58962,66.27598,-7.459598,0.239603,0.52644,,,,,,,,,,,,8.37532,-5.25355,-2.35638,50,5.77492,-4.8347,-106.25391,5.4834,9.43168,20.74576,-38.09019,POM_COL,HOU_KYL1,PomonaPitzer,D3,Team,20250309-PomonaPitzer-3,7aeda240-fd11-11ef-8396-49d062319fe5,71.5987,,,7.23355,,,,,,,4a7971cc-f0d5-4adf-be21-3c3eee1bd4f8,2025-03-09,18:08:18.42,2025-03-09T11:08:18.4219648-07:00,2025-03-09T18:08:18.4219648Z,,v3,POM_PIT,58339,,"Hattenburg, Xavier",10277269,Right,POM_COL,87fa7fe9-583b-4aaa-9cbf-e6a77caf37ed,54.98796,-107.22337,10.37288,5.47709,7.26337,-19.0451,-2.12016,-5.27545,4.71584,,,,,,,,,,,,,,,,,,,,,,,,,,,,,,,,,,,,,,,,,,,,,,,,,,,High,High,High,,,,,
148,2025-03-09,11:08:44.35,3,6,"Collins, Ethan",1000115647,Right,POM_COL,"Hargrove, Calvin",,Right,HOU_KYL1,Undefined,4,Top,2,3,2,TwoSeamFastBall,Slider,InPlay,Undefined,GroundBall,Out,1,0,,84.99139,0.903011,-2.742872,2299.818586,184.926725,12:15,4.90254,2.47618,5.40099,-33.35746,6.63969,0.44996,2.96997,-0.05852,76.68929,-5.259737,-2.663009,0.455183,88.46828,-20.219288,7.060136,,,,,9.45466,9.45466,6.540545,0.066556,-1.10469,3.44169,-2.23188,50,4.95997,5.87682,-123.06869,0.76728,-1.66991,27.69651,-26.9714,POM_COL,HOU_KYL1,PomonaPitzer,D3,Team,20250309-PomonaPitzer-3,8a5d0cc0-fd11-11ef-8396-49d062319fe5,82.80726,2.99246,,8.3021,,,,1.32989,2.99246,0.07831,4a7971cc-f0d5-4adf-be21-3c3eee1bd4f8,2025-03-09,18:08:44.35,2025-03-09T11:08:44.3536896-07:00,2025-03-09T18:08:44.3536896Z,GroundBall,v3,POM_PIT,58339,,"Hattenburg, Xavier",10277269,Right,POM_COL,81dcf5c9-ce96-417b-b54c-a68e2a49075c,55.09665,-124.21039,13.84825,4.90543,1.87909,-13.4857,-2.47555,5.94566,-0.83496,180,1.32651,121.1498,,,,,,,,2.99372,-44.96167,,,,,,,,0.07789,15.00441,,,,,,,,,,,,,,,,,,,,,,,,,,,,,,High,High,High,High,High,,,
149,2025-03-09,11:10:58.01,1,1,"Lash, Brady",,Left,HOU_KYL1,"Wakil, Lateef",1000128267,Left,POM_COL,Undefined,4,Bottom,0,0,0,Fastball,Changeup,BallCalled,Undefined,Undefined,Undefined,0,0,,84.22776,-2.169015,4.163717,2066.669791,144.237398,10:45,5.84073,-1.17746,4.41573,-23.91686,17.89895,-11.90772,1.7714,1.81049,77.05983,-6.538878,2.091357,0.465416,,,,,,,,,,,,6.91343,9.67115,0.74653,50,5.58697,-8.3039,-121.71556,-5.51263,10.39623,23.34772,-17.6308,POM_COL,HOU_KYL1,PomonaPitzer,D3,Team,20250309-PomonaPitzer-3,da118f70-fd11-11ef-8396-49d062319fe5,80.9865,,,7.16794,,,,,,,4a7971cc-f0d5-4adf-be21-3c3eee1bd4f8,2025-03-09,18:10:58.01,2025-03-09T11:10:58.0136448-07:00,2025-03-09T18:10:58.0136448Z,,v3,POM_PIT,58339,,"Hargrove, Calvin",,Undefined,HOU_KYL1,04c0b887-722b-4bff-b0f0-dec01316f6e5,56.0828,-122.87683,11.67386,5.83935,-4.6357,-8.8154,1.17241,-8.82099,5.19812,,,,,,,,,,,,,,,,,,,,,,,,,,,,,,,,,,,,,,,,,,,,,,,,,,,High,High,High,,,,,
150,2025-03-09,11:11:12.73,1,2,"Lash, Brady",,Left,HOU_KYL1,"Wakil, Lateef",1000128267,Left,POM_COL,Undefined,4,Bottom,0,1,0,Fastball,Changeup,BallCalled,Undefined,Undefined,Undefined,0,0,,84.01407,-0.523963,2.199702,2096.905955,136.883623,10:30,5.8964,-1.33813,4.35175,-25.71486,16.26891,-13.96076,3.25253,-0.39896,76.69069,-5.222641,-0.234107,0.46635,,,,,,,,,,,,7.32847,8.40646,1.11654,50,5.81535,-4.00784,-121.67377,-2.08979,10.99757,23.64155,-19.55878,POM_COL,HOU_KYL1,PomonaPitzer,D3,Team,20250309-PomonaPitzer-3,e2d8b8e0-fd11-11ef-8396-49d062319fe5,80.82434,,,7.32338,,,,,,,4a7971cc-f0d5-4adf-be21-3c3eee1bd4f8,2025-03-09,18:11:12.73,2025-03-09T11:11:12.7301632-07:00,2025-03-09T18:11:12.7301632Z,,v3,POM_PIT,58339,,"Hargrove, Calvin",,Undefined,HOU_KYL1,3301a2eb-05f0-4e43-b56f-b25f632e4904,56.1457,-122.8621,11.82077,5.89569,-1.10668,-9.77939,1.33188,-4.56063,5.49878,,,,,,,,,,,,,,,,,,,,,,,,,,,,,,,,,,,,,,,,,,,,,,,,,,,High,High,High,,,,,
151,2025-03-09,11:11:27.37,1,3,"Lash, Brady",,Left,HOU_KYL1,"Wakil, Lateef",1000128267,Left,POM_COL,Undefined,4,Bottom,0,2,0,Fastball,Changeup,StrikeCalled,Undefined,Undefined,Undefined,0,0,,84.5839,-0.362739,2.056054,2216.905486,100.352315,9:15,5.80501,-1.19765,4.51694,-36.32018,4.95807,-19.70761,2.4326,-0.88074,77.20985,-6.91826,-1.394467,0.462415,,,,,,,,,,,,10.14607,2.93043,1.00245,50,5.73286,-3.4688,-122.54666,-2.24027,15.38094,24.92307,-27.73166,POM_COL,HOU_KYL1,PomonaPitzer,D3,Team,20250309-PomonaPitzer-3,eb8e7d30-fd11-11ef-8396-49d062319fe5,81.51214,,,7.37404,,,,,,,4a7971cc-f0d5-4adf-be21-3c3eee1bd4f8,2025-03-09,18:11:27.37,2025-03-09T11:11:27.3731584-07:00,2025-03-09T18:11:27.3731584Z,,v3,POM_PIT,58339,,"Hargrove, Calvin",,Undefined,HOU_KYL1,6b8156a9-2b79-4b6a-a4df-a7959deb7638,55.98235,-123.75735,12.46154,5.80897,-0.89315,-13.86583,1.1891,-4.21596,7.69047,,,,,,,,,,,,,,,,,,,,,,,,,,,,,,,,,,,,,,,,,,,,,,,,,,,High,High,High,,,,,
152,2025-03-09,11:11:42.79,1,4,"Lash, Brady",,Left,HOU_KYL1,"Wakil, Lateef",1000128267,Left,POM_COL,Undefined,4,Bottom,0,2,1,Slider,Curveball,FoulBallNotFieldable,Undefined,Undefined,Undefined,0,0,,77.03993,1.750149,0.804422,2515.449822,347.256938,5:30,5.74383,-1.23897,4.06386,-53.87129,-3.95579,1.21276,2.93608,-0.36529,71.37594,-7.798409,1.015045,0.508498,52.05033,51.826671,-73.140221,5247.562572,,,,123.63372,114.2651,-69.315795,3.627049,-0.38492,-1.94831,1.14708,50,5.88136,-1.62238,-111.76175,1.27993,-0.49211,18.10119,-34.66495,POM_COL,HOU_KYL1,PomonaPitzer,D3,Team,20250309-PomonaPitzer-3,f4c0c480-fd11-11ef-8396-49d062319fe5,74.12506,52.7082,,5.66399,,,,0.46726,3.02921,0.22027,4a7971cc-f0d5-4adf-be21-3c3eee1bd4f8,2025-03-09,18:11:42.79,2025-03-09T11:11:42.7995136-07:00,2025-03-09T18:11:42.7995136Z,Popup,v3,POM_PIT,58339,,"Hargrove, Calvin",,Undefined,HOU_KYL1,64a82603-5264-42c4-b4d1-57d538fa7594,56.43839,-112.79971,9.05059,5.75097,3.26769,-17.33248,1.2393,-1.59416,-0.24605,,0.46804,13.65966,-0.29674,-0.44461,0.43588,-0.2442,0.07748,-0.01254,0.00079,3.02944,60.00614,-19.98206,1.36959,-0.08886,-0.10493,0.05236,-0.00964,0.00062,0.21982,-45.14147,6.45912,-1.32748,0.22811,-0.06402,0.03811,-0.0112,0.00109,,,,,,,,,,,,,,,,,,,,,,,High,High,High,Low,Medium,,,
153,2025-03-09,11:12:01.76,1,5,"Lash, Brady",,Left,HOU_KYL1,"Wakil, Lateef",1000128267,Left,POM_COL,Undefined,4,Bottom,0,2,2,Fastball,Changeup,HitByPitch,Undefined,Undefined,Undefined,0,0,,84.62174,0.08537,0.324731,2168.170468,128.850588,10:15,5.90201,-1.2432,4.43659,-28.16222,13.2665,-14.74769,3.6366,-2.16241,76.8979,-5.05761,-2.252166,0.463257,,,,,,,,,,,,7.31796,6.8089,1.22434,50,5.88449,-0.00977,-122.61219,-0.90222,11.07197,25.632,-21.87227,POM_COL,HOU_KYL1,PomonaPitzer,D3,Team,20250309-PomonaPitzer-3,00071ec0-fd12-11ef-8396-49d062319fe5,81.36398,,,7.72383,,,,,,,4a7971cc-f0d5-4adf-be21-3c3eee1bd4f8,2025-03-09,18:12:01.76,2025-03-09T11:12:01.7671680-07:00,2025-03-09T18:12:01.7671680Z,,v3,POM_PIT,58339,,"Hargrove, Calvin",,Undefined,HOU_KYL1,2b6d46de-c758-4768-9986-9bf6dd866776,56.06268,-123.8731,12.816,5.90241,0.17374,-10.93613,1.23822,-0.55444,5.53599,,,,,,,,,,,,,,,,,,,,,,,,,,,,,,,,,,,,,,,,,,,,,,,,,,,High,High,High,,,,,
154,2025-03-09,11:12:37.87,2,1,"Lash, Brady",,Left,HOU_KYL1,"Pierantoni, Greg",1000091552,Right,POM_COL,Undefined,4,Bottom,0,0,0,Fastball,Changeup,StrikeCalled,Undefined,Undefined,Undefined,0,0,,82.74671,-0.733594,2.594274,2082.851485,119.428553,10:00,5.941,-1.06259,4.34357,-32.81167,10.53603,-16.17225,2.50498,0.0703,75.64028,-6.66371,-0.225587,0.473865,,,,,,,,,,,,8.51705,5.71941,0.80058,50,5.82975,-4.67044,-119.80682,-2.8229,12.37951,23.14051,-23.86093,POM_COL,HOU_KYL1,PomonaPitzer,D3,Team,20250309-PomonaPitzer-3,158bb210-fd12-11ef-8396-49d062319fe5,79.54262,,,7.10643,,,,,,,4a7971cc-f0d5-4adf-be21-3c3eee1bd4f8,2025-03-09,18:12:37.87,2025-03-09T11:12:37.8798592-07:00,2025-03-09T18:12:37.8798592Z,,v3,POM_PIT,58339,,"Hargrove, Calvin",,Undefined,HOU_KYL1,142fae1f-d61a-4ed2-af75-ad1905cae99a,56.15474,-120.98975,11.57026,5.94288,-1.60314,-11.93047,1.05551,-5.30328,6.18975,,,,,,,,,,,,,,,,,,,,,,,,,,,,,,,,,,,,,,,,,,,,,,,,,,,High,High,High,,,,,
155,2025-03-09,11:12:52.50,2,2,"Lash, Brady",,Left,HOU_KYL1,"Pierantoni, Greg",1000091552,Right,POM_COL,Undefined,4,Bottom,0,0,1,Fastball,Changeup,BallinDirt,Undefined,Undefined,Undefined,0,0,,83.18674,-2.982283,3.6532,2201.944972,112.533367,9:45,5.84975,-1.32564,4.36466,-34.33187,8.69595,-17.54091,0.13187,0.70669,76.35629,-9.13437,0.593522,0.472113,,,,,,,,,,,,9.54784,5.44729,0.95222,50,5.49528,-6.86676,-120.20864,-7.63548,13.96959,23.3195,-24.20402,POM_COL,HOU_KYL1,PomonaPitzer,D3,Team,20250309-PomonaPitzer-3,1e4a9e20-fd12-11ef-8396-49d062319fe5,79.83775,,,6.83045,,,,,,,4a7971cc-f0d5-4adf-be21-3c3eee1bd4f8,2025-03-09,18:12:52.50,2025-03-09T11:12:52.5046272-07:00,2025-03-09T18:12:52.5046272Z,,v3,POM_PIT,58339,,"Hargrove, Calvin",,Undefined,HOU_KYL1,9ce3a215-86c4-4609-9239-f1dac23f0372,56.13538,-121.39302,11.65975,5.85186,-6.40618,-12.10201,1.31899,-7.57627,6.98479,,,,,,,,,,,,,,,,,,,,,,,,,,,,,,,,,,,,,,,,,,,,,,,,,,,High,High,High,,,,,
156,2025-03-09,11:13:19.63,2,3,"Lash, Brady",,Left,HOU_KYL1,"Pierantoni, Greg",1000091552,Right,POM_COL,Undefined,4,Bottom,0,1,1,Fastball,Changeup,BallCalled,Undefined,Undefined,Undefined,0,0,,83.64017,-1.858957,4.36255,2090.6306,113.95583,9:45,5.92406,-0.98718,4.47825,-32.48439,10.19296,-19.55273,1.43936,1.54971,75.9916,-7.743885,0.951747,0.470187,,,,,,,,,,,,11.0326,5.89473,0.54785,50,5.69707,-8.3442,-120.81201,-5.18308,16.16696,25.40563,-23.53602,POM_COL,HOU_KYL1,PomonaPitzer,D3,Team,20250309-PomonaPitzer-3,2e6cdde0-fd12-11ef-8396-49d062319fe5,80.16487,,,7.64857,,,,,,,4a7971cc-f0d5-4adf-be21-3c3eee1bd4f8,2025-03-09,18:13:19.63,2025-03-09T11:13:19.6303872-07:00,2025-03-09T18:13:19.6303872Z,,v3,POM_PIT,58339,,"Hargrove, Calvin",,Undefined,HOU_KYL1,f645659e-9b1d-40ec-ac39-8be40270646b,56.02335,-122.07209,12.70281,5.9252,-4.01573,-11.76801,0.98159,-9.14606,8.08348,,,,,,,,,,,,,,,,,,,,,,,,,,,,,,,,,,,,,,,,,,,,,,,,,,,High,High,High,,,,,
157,2025-03-09,11:13:42.23,2,4,"Lash, Brady",,Left,HOU_KYL1,"Pierantoni, Greg",1000091552,Right,POM_COL,Undefined,4,Bottom,0,2,1,Fastball,Changeup,InPlay,Undefined,LineDrive,Out,1,0,,83.68409,-2.232357,2.19837,2061.058898,119.044821,10:00,5.91922,-1.11401,4.42299,-32.4012,9.99036,-15.43906,1.08652,-0.30204,76.53306,-8.076253,-0.500912,0.46861,86.87122,23.676041,20.710534,3427.302607,99.64836,34.50548,46.58525,270.33348,263.78362,32.766269,3.176686,8.17453,5.88792,0.89671,50,5.6507,-3.9393,-121.11807,-5.99497,12.10358,24.36972,-23.45614,POM_COL,HOU_KYL1,PomonaPitzer,D3,Team,20250309-PomonaPitzer-3,3bef6c80-fd12-11ef-8396-49d062319fe5,80.43463,37.64621,,7.15103,,,,1.63798,1.0186,0.25348,4a7971cc-f0d5-4adf-be21-3c3eee1bd4f8,2025-03-09,18:13:42.23,2025-03-09T11:13:42.2376448-07:00,2025-03-09T18:13:42.2376448Z,LineDrive,v3,POM_PIT,58339,,"Hargrove, Calvin",,Undefined,HOU_KYL1,b6bf9559-efba-4e49-9ce3-9fc5f6d3f241,56.07665,-122.33462,12.18486,5.92074,-4.82403,-11.72807,1.10844,-4.54352,6.05179,246.939708,1.63769,109.15605,-18.09088,3.40006,-0.83363,0.21346,-0.04655,0.00547,-0.00016,1.0187,51.16034,-20.02882,1.86819,-0.33847,0.05782,-0.01,0.00247,-0.00032,0.25356,41.26314,3.75295,-1.42635,0.42817,-0.11446,0.02414,-0.00328,0.00021,,,,,,,,,,,,,,,,,,,,,,,High,High,High,High,High,,,
158,2025-03-09,11:14:20.01,3,1,"Lash, Brady",,Left,HOU_KYL1,"Hattenburg, Xavier",10277269,Left,POM_COL,Undefined,4,Bottom,1,0,0,Fastball,Changeup,BallCalled,Undefined,Undefined,Undefined,0,0,,82.82866,1.593886,1.77955,2038.429583,124.550282,10:15,5.94409,-0.92103,4.36277,-31.24297,12.00434,-15.40887,4.86408,-0.50476,75.37161,-4.090095,-0.90675,0.473316,,,,,,,,,,,,7.90571,5.77162,0.74645,50,6.08481,-2.99828,-119.93029,2.1301,11.5081,23.31128,-23.77251,POM_COL,HOU_KYL1,PomonaPitzer,D3,Team,20250309-PomonaPitzer-3,526d7b00-fd12-11ef-8396-49d062319fe5,79.63489,,,7.45705,,,,,,,4a7971cc-f0d5-4adf-be21-3c3eee1bd4f8,2025-03-09,18:14:20.01,2025-03-09T11:14:20.0103936-07:00,2025-03-09T18:14:20.0103936Z,,v3,POM_PIT,58339,,"Hargrove, Calvin",,Undefined,HOU_KYL1,da98fc83-4827-4009-a9e2-d06d2a166ffe,56.1346,-121.11682,11.65564,5.9456,3.34011,-11.88625,0.91396,-3.58404,5.75405,,,,,,,,,,,,,,,,,,,,,,,,,,,,,,,,,,,,,,,,,,,,,,,,,,,High,High,High,,,,,
159,2025-03-09,11:14:35.24,3,2,"Lash, Brady",,Left,HOU_KYL1,"Hattenburg, Xavier",10277269,Left,POM_COL,Undefined,4,Bottom,1,1,0,Slider,Curveball,FoulBallNotFieldable,Undefined,Undefined,Undefined,0,0,,76.62757,-0.215795,2.274185,2342.352561,32.982822,7:00,5.80225,-1.144,4.13375,-51.61542,-0.84465,-1.56591,1.29382,0.90801,70.73358,-9.371174,2.001807,0.512836,,,,,,,,,,,,1.37882,0.03724,0.89269,50,5.72278,-4.34192,-111.02536,-2.41227,1.72448,19.50649,-32.12748,POM_COL,HOU_KYL1,PomonaPitzer,D3,Team,20250309-PomonaPitzer-3,5b873140-fd12-11ef-8396-49d062319fe5,73.49807,,,5.89398,,,,,,,4a7971cc-f0d5-4adf-be21-3c3eee1bd4f8,2025-03-09,18:14:35.24,2025-03-09T11:14:35.2448512-07:00,2025-03-09T18:14:35.2448512Z,,v3,POM_PIT,58339,,"Hargrove, Calvin",,Undefined,HOU_KYL1,56780390-48b6-453c-b8a4-d9799a644a18,56.3675,-112.13851,9.75325,5.80813,-0.5789,-16.06374,1.14327,-4.44032,0.86224,,,,,,,,,,,,,,,,,,,,,,,,,,,,,,,,,,,,,,,,,,,,,,,,,,,High,High,High,,,,,
160,2025-03-09,11:14:53.71,3,3,"Lash, Brady",,Left,HOU_KYL1,"Hattenburg, Xavier",10277269,Left,POM_COL,Undefined,4,Bottom,1,1,1,Fastball,Changeup,BallCalled,Undefined,Undefined,Undefined,0,0,,82.85004,-1.753681,0.993244,2250.753105,121.69035,10:00,5.95364,-0.79822,4.19404,-29.74037,14.39501,-20.64289,1.79426,-1.56671,74.72913,-7.16246,-2.600625,0.478151,,,,,,,,,,,,10.45922,7.95583,0.71244,50,5.73047,-1.13024,-119.79883,-4.81261,14.92638,27.02972,-20.82028,POM_COL,HOU_KYL1,PomonaPitzer,D3,Team,20250309-PomonaPitzer-3,668537e0-fd12-11ef-8396-49d062319fe5,78.82961,,,8.1209,,,,,,,4a7971cc-f0d5-4adf-be21-3c3eee1bd4f8,2025-03-09,18:14:53.71,2025-03-09T11:14:53.7138176-07:00,2025-03-09T18:14:53.7138176Z,,v3,POM_PIT,58339,,"Hargrove, Calvin",,Undefined,HOU_KYL1,780138f8-21cc-493f-87b7-00bd5586adfb,56.30597,-121.21327,13.51486,5.9538,-3.72311,-10.41014,0.79202,-1.91133,7.46319,,,,,,,,,,,,,,,,,,,,,,,,,,,,,,,,,,,,,,,,,,,,,,,,,,,High,High,High,,,,,
161,2025-03-09,11:15:07.59,3,4,"Lash, Brady",,Left,HOU_KYL1,"Hattenburg, Xavier",10277269,Left,POM_COL,Undefined,4,Bottom,1,2,1,Slider,Curveball,HitByPitch,Undefined,Undefined,Undefined,0,0,,75.82476,2.024933,-0.803585,2499.790356,321.533942,4:45,5.72165,-1.20354,3.75446,-55.74928,-2.32508,3.37288,3.03256,-1.69862,68.56509,-7.883685,-0.221194,0.526066,,,,,,,,,,,,-1.87764,-1.36449,1.29386,50,5.89408,1.38816,-109.58778,1.6709,-2.25002,22.00412,-33.80918,POM_COL,HOU_KYL1,PomonaPitzer,D3,Team,20250309-PomonaPitzer-3,6ed69510-fd12-11ef-8396-49d062319fe5,71.6496,,,7.25967,,,,,,,4a7971cc-f0d5-4adf-be21-3c3eee1bd4f8,2025-03-09,18:15:07.59,2025-03-09T11:15:07.5991552-07:00,2025-03-09T18:15:07.5991552Z,,v3,POM_PIT,58339,,"Hargrove, Calvin",,Undefined,HOU_KYL1,50fcd313-e4ee-466a-8454-d8acda49d485,56.74567,-110.93398,11.00206,5.72858,3.73932,-16.90459,1.20473,1.52582,-1.12501,,,,,,,,,,,,,,,,,,,,,,,,,,,,,,,,,,,,,,,,,,,,,,,,,,,High,High,High,,,,,
162,2025-03-09,11:15:47.52,4,1,"Lash, Brady",,Left,HOU_KYL1,"Lee, Sammy",1000276388,Right,POM_COL,Undefined,4,Bottom,1,0,0,Fastball,Changeup,InPlay,Undefined,FlyBall,Sacrifice,1,1,,82.80075,-1.222878,2.13711,2065.898352,114.322981,9:45,5.93742,-0.95611,4.40233,-34.56962,8.53382,-15.83887,1.88841,-0.23522,75.96548,-7.448632,-0.630306,0.472528,94.28491,27.911143,3.785895,2800.919086,109.15243,51.4292,13.62619,339.64693,332.52314,13.199035,4.57193,8.32516,4.85725,0.7451,50,5.77332,-3.75638,-119.97139,-3.92027,12.14639,22.97929,-25.08732,POM_COL,HOU_KYL1,PomonaPitzer,D3,Team,20250309-PomonaPitzer-3,869b7b70-fd12-11ef-8396-49d062319fe5,79.76763,67.99932,,6.83527,,,,1.61835,1.96966,0.21748,4a7971cc-f0d5-4adf-be21-3c3eee1bd4f8,2025-03-09,18:15:47.52,2025-03-09T11:15:47.5247616-07:00,2025-03-09T18:15:47.5247616Z,FlyBall,v3,POM_PIT,58339,,"Hargrove, Calvin",,Undefined,HOU_KYL1,4ffdce1d-d799-4d3b-828f-94d0f2989743,56.09807,-121.13379,11.48965,5.93952,-2.65124,-12.54366,0.95065,-4.37079,6.0732,217.981129,1.61947,121.90933,-22.19405,4.76464,-0.85098,0.125,-0.02263,0.00392,-0.00029,1.97004,64.7172,-17.34818,0.69343,0.11255,-0.10331,0.03659,-0.00586,0.00034,0.21821,8.05237,6.7763,-2.70498,0.72393,-0.14011,0.0201,-0.00182,7E-05,,,,,,,,,,,,,,,,,,,,,,,High,High,High,High,Medium,,,
163,2025-03-09,11:16:26.87,5,1,"Lash, Brady",,Left,HOU_KYL1,"Kinney, William",1000092038,Right,POM_COL,Undefined,4,Bottom,2,0,0,Fastball,Changeup,StrikeCalled,Undefined,Undefined,Undefined,0,0,,82.8921,-0.662734,2.36485,2053.196913,113.188506,9:45,5.91188,-1.14451,4.54281,-33.46829,9.70111,-19.1495,2.49134,-0.4876,75.27015,-6.745393,-0.987829,0.472889,,,,,,,,,,,,9.99989,5.36378,0.91737,50,5.81195,-4.06802,-119.98026,-2.67293,14.46262,24.90738,-24.4165,POM_COL,HOU_KYL1,PomonaPitzer,D3,Team,20250309-PomonaPitzer-3,9e0a5290-fd12-11ef-8396-49d062319fe5,79.70669,,,7.62196,,,,,,,4a7971cc-f0d5-4adf-be21-3c3eee1bd4f8,2025-03-09,18:16:26.87,2025-03-09T11:16:26.8766208-07:00,2025-03-09T18:16:26.8766208Z,,v3,POM_PIT,58339,,"Hargrove, Calvin",,Undefined,HOU_KYL1,3b18e68d-fa32-48b0-b348-37dff6395a6b,55.95502,-121.21019,12.45369,5.91417,-1.46724,-12.20825,1.13588,-4.78218,7.23131,,,,,,,,,,,,,,,,,,,,,,,,,,,,,,,,,,,,,,,,,,,,,,,,,,,High,High,High,,,,,
164,2025-03-09,11:16:43.37,5,2,"Lash, Brady",,Left,HOU_KYL1,"Kinney, William",1000092038,Right,POM_COL,Undefined,4,Bottom,2,0,1,ChangeUp,Changeup,BallCalled,Undefined,Undefined,Undefined,0,0,,76.80461,1.282994,-0.09263,1510.14248,84.390787,8:45,5.83355,-1.21448,4.27118,-50.64912,0.24354,-15.52698,2.84054,-2.59701,69.75983,-7.800853,-2.799715,0.513451,,,,,,,,,,,,7.41036,0.27791,1.24149,50,5.92169,0.86764,-111.16366,0.54802,9.16966,21.99399,-31.83013,POM_COL,HOU_KYL1,PomonaPitzer,D3,Team,20250309-PomonaPitzer-3,a7e7ce00-fd12-11ef-8396-49d062319fe5,73.41001,,,7.04478,,,,,,,4a7971cc-f0d5-4adf-be21-3c3eee1bd4f8,2025-03-09,18:16:43.37,2025-03-09T11:16:43.3780736-07:00,2025-03-09T18:16:43.3780736Z,,v3,POM_PIT,58339,,"Hargrove, Calvin",,Undefined,HOU_KYL1,8f0d1988-901c-49f7-a110-ad46a99de254,56.2267,-112.38887,10.99699,5.84177,2.32117,-15.91507,1.20738,0.35683,4.58483,,,,,,,,,,,,,,,,,,,,,,,,,,,,,,,,,,,,,,,,,,,,,,,,,,,High,High,High,,,,,
165,2025-03-09,11:16:58.43,5,3,"Lash, Brady",,Left,HOU_KYL1,"Kinney, William",1000092038,Right,POM_COL,Undefined,4,Bottom,2,1,1,Fastball,Changeup,InPlay,Undefined,Popup,Out,1,0,,82.3816,-1.839181,3.076482,2054.40563,115.480179,9:45,5.83091,-1.32127,4.38801,-34.96435,8.63012,-15.20304,1.15813,0.35187,75.72919,-8.119736,0.422981,0.475212,80.90705,42.757996,4.789276,,108.21448,79.96784,19.73724,266.88195,259.91146,17.61331,5.082232,8.26398,5.06508,1.0086,50,5.59984,-5.72321,-119.25942,-5.20379,11.93202,22.39111,-24.86077,POM_COL,HOU_KYL1,PomonaPitzer,D3,Team,20250309-PomonaPitzer-3,b0dee110-fd12-11ef-8396-49d062319fe5,79.31715,91.09801,,6.65241,,,,2.4942,1.26232,-0.43149,4a7971cc-f0d5-4adf-be21-3c3eee1bd4f8,2025-03-09,18:16:58.43,2025-03-09T11:16:58.4369152-07:00,2025-03-09T18:16:58.4369152Z,FlyBall,v3,POM_PIT,58339,,"Hargrove, Calvin",,Undefined,HOU_KYL1,eded5acc-00f3-4830-8dad-d597819175e4,56.11263,-120.4016,11.19555,5.83295,-3.93562,-12.43038,1.31607,-6.33187,5.96601,222.043174,2.48944,86.98298,-15.93343,5.09268,-2.53032,1.11115,-0.30948,0.0455,-0.00265,1.25362,80.73972,-21.89165,3.01496,-1.24886,0.45267,-0.09703,0.01081,-0.00049,-0.43698,7.29605,7.00051,-3.71809,2.09193,-0.98615,0.28944,-0.04399,0.00262,,,,,,,,,,,,,,,,,,,,,,,High,High,High,Low,Medium,,,
166,2025-03-09,11:18:50.28,1,1,"Collins, Ethan",1000115647,Right,POM_COL,"Witte, Nate",,Right,HOU_KYL1,Undefined,5,Top,0,0,0,TwoSeamFastBall,Slider,BallCalled,Undefined,Undefined,Undefined,0,0,,85.13629,0.082718,-5.386391,2238.472473,318.427757,4:30,4.983,2.40628,5.40183,-41.70116,-2.18697,3.02169,1.58576,-2.40413,78.20638,-7.482479,-4.852579,0.452426,,,,,,,,,,,,-2.99354,-0.71413,-1.92705,50,4.96126,11.47798,-123.11248,-1.37306,-4.60046,24.13907,-33.27151,POM_COL,HOU_KYL1,PomonaPitzer,D3,Team,20250309-PomonaPitzer-3,f389d5b0-fd12-11ef-8396-49d062319fe5,83.31175,,,6.9299,,,,,,,4a7971cc-f0d5-4adf-be21-3c3eee1bd4f8,2025-03-09,18:18:50.28,2025-03-09T11:18:50.2835712-07:00,2025-03-09T18:18:50.2835712Z,,v3,POM_PIT,58339,,"Hattenburg, Xavier",10277269,Right,POM_COL,aaa4a507-167a-4a1a-b3d8-b2aa39e86af9,55.09789,-124.10801,12.06953,4.98959,-0.00089,-16.63576,-2.40433,11.66771,-2.30023,,,,,,,,,,,,,,,,,,,,,,,,,,,,,,,,,,,,,,,,,,,,,,,,,,,High,High,High,,,,,
167,2025-03-09,11:19:08.43,1,2,"Collins, Ethan",1000115647,Right,POM_COL,"Witte, Nate",,Right,HOU_KYL1,Undefined,5,Top,0,1,0,TwoSeamFastBall,Slider,StrikeCalled,Undefined,Undefined,Undefined,0,0,,84.54174,1.232185,-2.431565,2305.915256,277.091408,3:15,4.92958,2.57697,5.36777,-39.07179,0.78575,3.56244,2.83016,0.59254,77.44705,-5.905439,-1.79904,0.454388,,,,,,,,,,,,-2.44784,0.4487,-2.36132,50,5.01252,5.05467,-122.63914,1.20537,-3.73401,23.88894,-31.48957,POM_COL,HOU_KYL1,PomonaPitzer,D3,Team,20250309-PomonaPitzer-3,fe58b600-fd12-11ef-8396-49d062319fe5,82.95212,,,7.09469,,,,,,,4a7971cc-f0d5-4adf-be21-3c3eee1bd4f8,2025-03-09,18:19:08.43,2025-03-09T11:19:08.4355072-07:00,2025-03-09T18:19:08.4355072Z,,v3,POM_PIT,58339,,"Hattenburg, Xavier",10277269,Right,POM_COL,ff4b40f5-48f3-4738-9af0-dd5cf3ef7ce8,55.13157,-123.63468,11.94447,4.93494,2.51766,-15.74478,-2.57521,5.21028,-1.867,,,,,,,,,,,,,,,,,,,,,,,,,,,,,,,,,,,,,,,,,,,,,,,,,,,High,High,High,,,,,
168,2025-03-09,11:19:23.76,1,3,"Collins, Ethan",1000115647,Right,POM_COL,"Witte, Nate",,Right,HOU_KYL1,Undefined,5,Top,0,1,1,Slider,Curveball,BallCalled,Undefined,Undefined,Undefined,0,0,,79.99572,-2.271551,-2.871265,2727.475155,70.106596,8:15,5.12313,2.51966,5.21251,-49.68286,-4.64713,-16.6332,-1.15697,-1.56869,74.1992,-11.157614,-5.821478,0.483003,,,,,,,,,,,,7.67874,-1.47114,-2.24063,50,4.8747,6.45507,-115.95792,-6.34322,10.40589,22.63727,-34.16769,POM_COL,HOU_KYL1,PomonaPitzer,D3,Team,20250309-PomonaPitzer-3,07770020-fd13-11ef-8396-49d062319fe5,78.03765,,,5.79652,,,,,,,4a7971cc-f0d5-4adf-be21-3c3eee1bd4f8,2025-03-09,18:19:23.76,2025-03-09T11:19:23.7627392-07:00,2025-03-09T18:19:23.7627392Z,,v3,POM_PIT,58339,,"Hattenburg, Xavier",10277269,Right,POM_COL,31045fa7-6719-443e-93ea-656b9f2bee6e,55.29147,-116.98636,11.31863,5.12762,-4.79094,-17.08384,-2.52315,5.98232,5.20294,,,,,,,,,,,,,,,,,,,,,,,,,,,,,,,,,,,,,,,,,,,,,,,,,,,High,High,High,,,,,
169,2025-03-09,11:19:43.52,1,4,"Collins, Ethan",1000115647,Right,POM_COL,"Witte, Nate",,Right,HOU_KYL1,Undefined,5,Top,0,2,1,TwoSeamFastBall,Slider,InPlay,Undefined,GroundBall,Out,1,0,,83.78588,1.118174,-3.532238,2353.646762,320.260777,4:45,4.92537,2.57297,5.34683,-41.39809,-1.47441,2.04866,2.52651,-0.57377,78.27232,-6.374077,-3.169277,0.454765,76.64136,-27.483201,-25.419528,,,,,6.749,6.749,-13.154305,0.049056,-1.81335,-0.74654,-2.25599,50,4.9959,7.42998,-121.71082,0.87402,-2.77734,19.17236,-33.31744,POM_COL,HOU_KYL1,PomonaPitzer,D3,Team,20250309-PomonaPitzer-3,13454f10-fd13-11ef-8396-49d062319fe5,82.88338,2.55257,,5.51356,,,,2.14001,2.55257,0.57037,4a7971cc-f0d5-4adf-be21-3c3eee1bd4f8,2025-03-09,18:19:43.52,2025-03-09T11:19:43.5289088-07:00,2025-03-09T18:19:43.5289088Z,GroundBall,v3,POM_PIT,58339,,"Hattenburg, Xavier",10277269,Right,POM_COL,1221c967-eb9f-4dc8-bf4e-5e486e595b31,55.15677,-122.52044,9.58618,4.92928,2.28097,-16.65872,-2.57223,7.54727,-1.38867,180,2.13783,90.34328,,,,,,,,2.55382,-52.03348,,,,,,,,0.57141,-42.93588,,,,,,,,,,,,,,,,,,,,,,,,,,,,,,High,High,High,High,High,,,
170,2025-03-09,11:20:17.09,2,1,"Collins, Ethan",1000115647,Right,POM_COL,"Ramos, Emiliano",,Right,HOU_KYL1,Undefined,5,Top,1,0,0,TwoSeamFastBall,Slider,FoulBallNotFieldable,Undefined,Undefined,Undefined,0,0,,85.38738,0.754521,-3.829014,2320.787733,296.883287,4:00,4.88511,2.50427,5.29435,-39.3801,-0.92244,3.66217,2.31349,-0.79105,79.90618,-6.361307,-3.181038,0.446337,,,,,,,,,,,,-2.66579,-0.37744,-2.15821,50,4.92449,8.14807,-124.02223,0.1639,-4.24918,19.36234,-32.77566,POM_COL,HOU_KYL1,PomonaPitzer,D3,Team,20250309-PomonaPitzer-3,27489990-fd13-11ef-8396-49d062319fe5,84.44837,,,5.4812,,,,,,,4a7971cc-f0d5-4adf-be21-3c3eee1bd4f8,2025-03-09,18:20:17.09,2025-03-09T11:20:17.0915328-07:00,2025-03-09T18:20:17.0915328Z,,v3,POM_PIT,58339,,"Hattenburg, Xavier",10277269,Right,POM_COL,cf3287f4-232c-4ba8-86a5-ba931a3a9448,55.20913,-124.83282,9.68117,4.88891,1.53604,-16.38783,-2.50305,8.32596,-2.12459,,,,,,,,,,,,,,,,,,,,,,,,,,,,,,,,,,,,,,,,,,,,,,,,,,,High,High,High,,,,,
171,2025-03-09,11:20:33.75,2,2,"Collins, Ethan",1000115647,Right,POM_COL,"Ramos, Emiliano",,Right,HOU_KYL1,Undefined,5,Top,1,0,1,TwoSeamFastBall,Slider,BallCalled,Undefined,Undefined,Undefined,0,0,,84.90878,0.380794,-1.573297,2201.034885,232.625147,1:45,4.94762,2.38247,5.27943,-35.80592,4.03547,3.56819,2.32157,1.20183,77.37292,-6.178836,-0.940029,0.454296,,,,,,,,,,,,-2.28358,2.20776,-2.24172,50,4.95592,3.23479,-123.19119,-0.47531,-3.48735,25.90052,-28.80249,POM_COL,HOU_KYL1,PomonaPitzer,D3,Team,20250309-PomonaPitzer-3,31302720-fd13-11ef-8396-49d062319fe5,82.96894,,,7.53586,,,,,,,4a7971cc-f0d5-4adf-be21-3c3eee1bd4f8,2025-03-09,18:20:33.75,2025-03-09T11:20:33.7529856-07:00,2025-03-09T18:20:33.7529856Z,,v3,POM_PIT,58339,,"Hattenburg, Xavier",10277269,Right,POM_COL,b8fc4108-77fa-49b3-a77f-bfd2c46df99e,55.22166,-124.28417,12.95026,4.95033,0.74013,-14.40125,-2.38133,3.38195,-1.74368,,,,,,,,,,,,,,,,,,,,,,,,,,,,,,,,,,,,,,,,,,,,,,,,,,,High,High,High,,,,,
172,2025-03-09,11:20:50.92,2,3,"Collins, Ethan",1000115647,Right,POM_COL,"Ramos, Emiliano",,Right,HOU_KYL1,Undefined,5,Top,1,1,1,Cutter,Slider,BallCalled,Undefined,Undefined,Undefined,0,0,,81.3009,-1.280707,-2.980665,2629.779953,105.859909,9:30,4.97373,2.55978,5.18077,-38.99116,4.38378,-10.88237,0.51761,-1.15413,75.18236,-8.33226,-4.90506,0.474014,,,,,,,,,,,,4.63823,2.9324,-2.27385,50,4.82488,6.58833,-117.87882,-4.02834,6.54777,21.71575,-28.03438,POM_COL,HOU_KYL1,PomonaPitzer,D3,Team,20250309-PomonaPitzer-3,3b7bf4c0-fd13-11ef-8396-49d062319fe5,79.51761,,,6.11853,,,,,,,4a7971cc-f0d5-4adf-be21-3c3eee1bd4f8,2025-03-09,18:20:50.92,2025-03-09T11:20:50.9283840-07:00,2025-03-09T18:20:50.9283840Z,,v3,POM_PIT,58339,,"Hattenburg, Xavier",10277269,Right,POM_COL,c356ed45-76f0-437b-8e68-c4481611fba5,55.31919,-118.85469,10.85788,4.9776,-2.76853,-14.01719,-2.5633,6.29409,3.27388,,,,,,,,,,,,,,,,,,,,,,,,,,,,,,,,,,,,,,,,,,,,,,,,,,,High,High,High,,,,,
173,2025-03-09,11:21:08.05,2,4,"Collins, Ethan",1000115647,Right,POM_COL,"Ramos, Emiliano",,Right,HOU_KYL1,Undefined,5,Top,1,2,1,TwoSeamFastBall,Slider,BallCalled,Undefined,Undefined,Undefined,0,0,,84.75893,-0.019841,-4.768839,2206.0172,187.61653,12:15,4.80781,2.45854,5.47875,-32.54069,6.97363,0.77571,2.07746,-1.94936,78.02879,-5.978082,-4.631524,0.452427,,,,,,,,,,,,-1.63264,3.89988,-2.03958,50,4.78402,10.20465,-122.71552,-1.18508,-2.50516,22.8642,-26.19004,POM_COL,HOU_KYL1,PomonaPitzer,D3,Team,20250309-PomonaPitzer-3,45aa7660-fd13-11ef-8396-49d062319fe5,83.31164,,,6.73014,,,,,,,4a7971cc-f0d5-4adf-be21-3c3eee1bd4f8,2025-03-09,18:21:08.05,2025-03-09T11:21:08.0512512-07:00,2025-03-09T18:21:08.0512512Z,,v3,POM_PIT,58339,,"Hattenburg, Xavier",10277269,Right,POM_COL,808e248d-c9dd-44a5-ae1a-5d099654a1fa,55.01988,-123.64728,11.4321,4.81056,-0.11778,-13.09502,-2.45752,10.30674,-1.25258,,,,,,,,,,,,,,,,,,,,,,,,,,,,,,,,,,,,,,,,,,,,,,,,,,,High,High,High,,,,,
174,2025-03-09,11:21:25.69,2,5,"Collins, Ethan",1000115647,Right,POM_COL,"Ramos, Emiliano",,Right,HOU_KYL1,Undefined,5,Top,1,3,1,TwoSeamFastBall,Slider,BallCalled,Walk,Undefined,Undefined,0,0,,84.71347,0.60842,-1.016394,2305.850929,200.58155,12:45,4.84632,2.61301,5.36015,-34.22604,5.51666,1.59878,2.56482,1.793,77.42584,-5.676392,-0.732207,0.453733,,,,,,,,,,,,-1.10803,2.89445,-2.52293,50,4.87642,2.11659,-122.99382,0.09379,-1.69308,24.95893,-27.75128,POM_COL,HOU_KYL1,PomonaPitzer,D3,Team,20250309-PomonaPitzer-3,5026f0f0-fd13-11ef-8396-49d062319fe5,83.07191,,,7.28763,,,,,,,4a7971cc-f0d5-4adf-be21-3c3eee1bd4f8,2025-03-09,18:21:25.69,2025-03-09T11:21:25.6988672-07:00,2025-03-09T18:21:25.6988672Z,,v3,POM_PIT,58339,,"Hattenburg, Xavier",10277269,Right,POM_COL,26f3e647-7415-4158-b72c-3bff1c147324,55.14136,-124.03276,12.47947,4.84847,1.24896,-13.87564,-2.6125,2.18707,-0.84654,,,,,,,,,,,,,,,,,,,,,,,,,,,,,,,,,,,,,,,,,,,,,,,,,,,High,High,High,,,,,
175,2025-03-09,11:21:56.00,3,1,"Collins, Ethan",1000115647,Right,POM_COL,"Vivian, Anthony",,Right,HOU_KYL1,Undefined,5,Top,1,0,0,Slider,Slider,StrikeCalled,Undefined,Undefined,Undefined,0,0,,81.29587,0.364707,-1.727427,2568.439648,90.259886,9:00,4.9698,2.58178,5.34491,-41.69435,1.34256,-12.72072,1.83754,-0.09916,74.92379,-7.223769,-3.986629,0.472163,,,,,,,,,,,,5.91733,0.97295,-2.41671,50,4.97279,4.08044,-118.03969,-0.71872,8.36832,21.97526,-30.79811,POM_COL,HOU_KYL1,PomonaPitzer,D3,Team,20250309-PomonaPitzer-3,623f8270-fd13-11ef-8396-49d062319fe5,79.82929,,,6.37208,,,,,,,4a7971cc-f0d5-4adf-be21-3c3eee1bd4f8,2025-03-09,18:21:56.00,2025-03-09T11:21:56.0013312-07:00,2025-03-09T18:21:56.0013312Z,,v3,POM_PIT,58339,,"Hattenburg, Xavier",10277269,Right,POM_COL,af141582-12b1-48e4-85a6-9ec72b12443e,55.15559,-118.99563,10.98763,4.97492,0.62102,-15.39906,-2.58629,3.71641,4.18416,,,,,,,,,,,,,,,,,,,,,,,,,,,,,,,,,,,,,,,,,,,,,,,,,,,High,High,High,,,,,
176,2025-03-09,11:22:11.26,3,2,"Collins, Ethan",1000115647,Right,POM_COL,"Vivian, Anthony",,Right,HOU_KYL1,Undefined,5,Top,1,0,1,Curveball,Curveball,InPlay,Undefined,GroundBall,FieldersChoice,1,0,,74.76724,1.051105,-2.022234,2696.522593,50.656432,7:45,5.37311,2.46829,5.59238,-62.3694,-11.57871,-16.05627,1.15782,-0.75871,68.95425,-10.262523,-4.891037,0.512936,72.56062,4.515969,-30.19392,2938.834506,,,,58.41535,52.66699,-31.171894,0.556566,7.61638,-5.85221,-2.28377,50,5.42207,4.40658,-108.58181,0.00621,9.02565,20.3253,-39.10908,POM_COL,HOU_KYL1,PomonaPitzer,D3,Team,20250309-PomonaPitzer-3,6b5911a0-fd13-11ef-8396-49d062319fe5,73.48366,2.41097,,5.81299,,,,3.54463,1.56949,0.30664,4a7971cc-f0d5-4adf-be21-3c3eee1bd4f8,2025-03-09,18:22:11.26,2025-03-09T11:22:11.2632832-07:00,2025-03-09T18:22:11.2632832Z,GroundBall,v3,POM_PIT,58339,,"Hattenburg, Xavier",10277269,Right,POM_COL,403c4d71-650c-462c-95ba-fabd72e7f490,54.9121,-109.49744,10.16265,5.38211,1.76803,-19.55454,-2.47312,3.99999,4.51282,,3.55649,91.41223,-14.4091,,,,,,,1.58437,8.02097,-19.57197,,,,,,,0.31942,-53.66626,-2.25573,,,,,,,,,,,,,,,,,,,,,,,,,,,,,High,High,High,High,High,,,
177,2025-03-09,11:22:44.83,4,1,"Collins, Ethan",1000115647,Right,POM_COL,"Olver, Jack",,Left,HOU_KYL1,Undefined,5,Top,2,0,0,TwoSeamFastBall,Slider,BallCalled,Undefined,Undefined,Undefined,0,0,,83.76791,1.482481,-0.887082,2217.809787,199.704027,12:45,4.74795,2.58672,5.31129,-33.03647,7.59351,2.27177,3.38688,1.94333,76.62086,-4.592666,-0.483847,0.45877,,,,,,,,,,,,-1.37232,3.79532,-2.50795,50,4.85869,1.78408,-121.55633,1.97461,-2.05803,23.31292,-26.48233,POM_COL,HOU_KYL1,PomonaPitzer,D3,Team,20250309-PomonaPitzer-3,7f5d94a0-fd13-11ef-8396-49d062319fe5,82.15983,,,7.14705,,,,,,,4a7971cc-f0d5-4adf-be21-3c3eee1bd4f8,2025-03-09,18:22:44.83,2025-03-09T11:22:44.8399360-07:00,2025-03-09T18:22:44.8399360Z,,v3,POM_PIT,58339,,"Hattenburg, Xavier",10277269,Right,POM_COL,eee3f3e6-6da2-4853-ad8d-099f3cde2db2,55.18647,-122.54699,11.65646,4.75088,3.09995,-13.24117,-2.58562,1.87153,-1.02902,,,,,,,,,,,,,,,,,,,,,,,,,,,,,,,,,,,,,,,,,,,,,,,,,,,Medium,Medium,Medium,,,,,
178,2025-03-09,11:22:58.60,4,2,"Collins, Ethan",1000115647,Right,POM_COL,"Olver, Jack",,Left,HOU_KYL1,Undefined,5,Top,2,1,0,Slider,Slider,StrikeSwinging,Undefined,Undefined,Undefined,0,0,,78.01912,-0.227697,-1.705933,2645.559914,85.372203,8:45,4.88876,2.6394,5.41551,-46.42282,0.05673,-15.8367,0.80679,-0.27893,72.3724,-8.646208,-4.524314,0.490685,,,,,,,,,,,,7.5513,0.48602,-2.47632,50,4.83596,3.98435,-113.35144,-2.00917,9.86917,19.8394,-31.53885,POM_COL,HOU_KYL1,PomonaPitzer,D3,Team,20250309-PomonaPitzer-3,878f0dc0-fd13-11ef-8396-49d062319fe5,76.81602,,,5.64672,,,,,,,4a7971cc-f0d5-4adf-be21-3c3eee1bd4f8,2025-03-09,18:22:58.60,2025-03-09T11:22:58.6088960-07:00,2025-03-09T18:22:58.6088960Z,,v3,POM_PIT,58339,,"Hattenburg, Xavier",10277269,Right,POM_COL,e5156733-c52d-47f7-8622-e35db424c69e,55.08649,-114.23824,9.9197,4.89426,-0.59942,-15.76942,-2.64456,3.54321,4.93459,,,,,,,,,,,,,,,,,,,,,,,,,,,,,,,,,,,,,,,,,,,,,,,,,,,High,High,High,,,,,
179,2025-03-09,11:23:14.22,4,3,"Collins, Ethan",1000115647,Right,POM_COL,"Olver, Jack",,Left,HOU_KYL1,Undefined,5,Top,2,1,1,TwoSeamFastBall,Slider,BallCalled,Undefined,Undefined,Undefined,0,0,,83.75218,2.173534,-0.334137,2312.007039,224.986204,1:30,4.75662,2.50707,5.27038,-34.706,5.24209,4.25772,3.90716,2.54801,78.00827,-4.14766,0.420929,0.454904,,,,,,,,,,,,-2.20748,2.46977,-2.4798,50,4.92956,0.5316,-121.77954,3.36433,-3.38947,18.87799,-28.38188,POM_COL,HOU_KYL1,PomonaPitzer,D3,Team,20250309-PomonaPitzer-3,90d6b1d0-fd13-11ef-8396-49d062319fe5,82.85806,,,5.74392,,,,,,,4a7971cc-f0d5-4adf-be21-3c3eee1bd4f8,2025-03-09,18:23:14.22,2025-03-09T11:23:14.2298624-07:00,2025-03-09T18:23:14.2298624Z,,v3,POM_PIT,58339,,"Hattenburg, Xavier",10277269,Right,POM_COL,c0915565-9835-4530-abd3-e40b7005a407,55.23113,-122.58778,9.43899,4.7595,4.57946,-14.19094,-2.50566,0.67671,-1.69473,,,,,,,,,,,,,,,,,,,,,,,,,,,,,,,,,,,,,,,,,,,,,,,,,,,High,High,High,,,,,
180,2025-03-09,11:23:32.55,4,4,"Collins, Ethan",1000115647,Right,POM_COL,"Olver, Jack",,Left,HOU_KYL1,Undefined,5,Top,2,2,1,TwoSeamFastBall,Slider,InPlay,Undefined,LineDrive,Out,1,0,,83.27971,1.637025,-1.913208,2378.870616,250.471707,2:15,4.79131,2.60716,5.31646,-39.64144,1.96965,1.52894,3.02554,0.93829,75.41648,-5.635098,-1.64193,0.464276,80.93112,12.722879,-3.624988,958.066755,109.57702,11.99905,-9.6311,167.99307,148.46895,-5.433161,1.726359,-1.36272,0.85417,-2.43494,50,4.91102,3.96701,-120.68014,2.03104,-1.98789,25.85549,-30.928,POM_COL,HOU_KYL1,PomonaPitzer,D3,Team,20250309-PomonaPitzer-3,9bc416a0-fd13-11ef-8396-49d062319fe5,81.18548,13.10457,,7.86322,,,,1.49165,3.03139,-0.93513,4a7971cc-f0d5-4adf-be21-3c3eee1bd4f8,2025-03-09,18:23:32.55,2025-03-09T11:23:32.5534720-07:00,2025-03-09T18:23:32.5534720Z,LineDrive,v3,POM_PIT,58339,,"Hattenburg, Xavier",10277269,Right,POM_COL,89d73aab-3c52-4c0a-a3a4-1b130755e2c8,55.18264,-121.78545,12.92775,4.79593,3.35319,-15.464,-2.60635,4.05199,-0.99394,132.917382,1.49165,115.55317,-15.71253,3.46333,-0.71202,0.13686,-0.0232,0.00259,-0.00011,3.03139,26.14087,-17.78866,1.231,-0.22238,0.04724,-0.01366,0.00376,-0.00047,-0.93513,-7.32074,-0.96074,0.12124,-0.01156,0.00202,-0.00154,0.00054,-8E-05,,,,,,,,,,,,,,,,,,,,,,,Medium,Medium,Medium,High,High,,,
181,2025-03-09,11:25:49.11,1,1,"Olla, Austin",,Right,HOU_KYL1,"Legg, Jimmy",1000115608,Left,POM_COL,Undefined,5,Bottom,0,0,0,Fastball,Sinker,BallCalled,Undefined,Undefined,Undefined,0,0,,87.25631,-2.799904,-2.077149,1958.418437,218.314312,1:15,5.68512,0.92884,5.64883,-25.11119,11.68985,8.38311,0.97716,-0.31084,80.71407,-7.427504,-0.57878,0.436618,,,,,,,,,,,,-4.79044,6.98111,-0.7581,50,5.43136,4.24206,-126.62893,-7.04874,-7.84998,23.62434,-20.73427,POM_COL,HOU_KYL1,PomonaPitzer,D3,Team,20250309-PomonaPitzer-3,ed29a4b0-fd13-11ef-8396-49d062319fe5,86.32819,,,6.54224,,,,,,,4a7971cc-f0d5-4adf-be21-3c3eee1bd4f8,2025-03-09,18:25:49.11,2025-03-09T11:25:49.1184640-07:00,2025-03-09T18:25:49.1184640Z,,v3,POM_PIT,58339,,"Hargrove, Calvin",,Undefined,HOU_KYL1,c2c9742b-434c-4bd5-a8c3-acc72efe4061,54.85134,-127.5308,11.81217,5.68534,-6.2572,-10.36714,-0.92577,4.54174,-3.92499,,,,,,,,,,,,,,,,,,,,,,,,,,,,,,,,,,,,,,,,,,,,,,,,,,,High,High,High,,,,,
182,2025-03-09,11:25:59.77,1,2,"Olla, Austin",,Right,HOU_KYL1,"Legg, Jimmy",1000115608,Left,POM_COL,Undefined,5,Bottom,0,1,0,Fastball,Sinker,BallCalled,Undefined,Undefined,Undefined,0,0,,87.39837,-2.81602,-2.650327,2025.173418,218.305936,1:15,5.55799,1.35907,5.49138,-24.55545,12.32473,8.88859,0.87242,-0.38131,80.91047,-7.330206,-1.06746,0.437087,,,,,,,,,,,,-5.1513,7.25591,-1.13311,50,5.2944,5.48845,-126.77127,-7.09415,-8.47466,23.26162,-20.23702,POM_COL,HOU_KYL1,PomonaPitzer,D3,Team,20250309-PomonaPitzer-3,f3879650-fd13-11ef-8396-49d062319fe5,86.23558,,,6.4879,,,,,,,4a7971cc-f0d5-4adf-be21-3c3eee1bd4f8,2025-03-09,18:25:59.77,2025-03-09T11:25:59.7795328-07:00,2025-03-09T18:25:59.7795328Z,,v3,POM_PIT,58339,,"Hargrove, Calvin",,Undefined,HOU_KYL1,f09c735a-5af2-4706-9afc-8623f04b90bd,55.00884,-127.68705,11.63081,5.55801,-6.29745,-10.11851,-1.35575,5.82209,-4.23733,,,,,,,,,,,,,,,,,,,,,,,,,,,,,,,,,,,,,,,,,,,,,,,,,,,High,High,High,,,,,
183,2025-03-09,11:26:13.23,1,3,"Olla, Austin",,Right,HOU_KYL1,"Legg, Jimmy",1000115608,Left,POM_COL,Undefined,5,Bottom,0,2,0,Slider,Curveball,BallCalled,Undefined,Undefined,Undefined,0,0,,78.33985,-0.266727,-0.80438,2202.33518,46.975751,7:30,5.44131,1.01829,5.11871,-54.83633,-8.28209,-10.30268,0.62033,-0.59803,72.85015,-10.113003,-2.633088,0.491078,,,,,,,,,,,,4.95075,-3.70441,-0.93421,50,5.37294,2.0074,-113.84971,-2.49199,6.52964,19.94594,-37.05988,POM_COL,HOU_KYL1,PomonaPitzer,D3,Team,20250309-PomonaPitzer-3,fb922680-fd13-11ef-8396-49d062319fe5,76.75442,,,5.4897,,,,,,,4a7971cc-f0d5-4adf-be21-3c3eee1bd4f8,2025-03-09,18:26:13.23,2025-03-09T11:26:13.2389888-07:00,2025-03-09T18:26:13.2389888Z,,v3,POM_PIT,58339,,"Hargrove, Calvin",,Undefined,HOU_KYL1,8e52360a-a945-478a-b42f-96e774d5cad3,55.38492,-114.78924,9.97297,5.44921,-0.74632,-18.52994,-1.02152,1.69983,3.26482,,,,,,,,,,,,,,,,,,,,,,,,,,,,,,,,,,,,,,,,,,,,,,,,,,,High,High,High,,,,,
184,2025-03-09,11:26:24.83,1,4,"Olla, Austin",,Right,HOU_KYL1,"Legg, Jimmy",1000115608,Left,POM_COL,Undefined,5,Bottom,0,3,0,Fastball,Changeup,StrikeCalled,Undefined,Undefined,Undefined,0,0,,87.07783,-1.714485,-2.619714,2103.993392,216.352835,1:15,5.82747,0.9804,5.79029,-22.8921,14.12268,9.52851,2.32273,-0.66429,79.74293,-5.993775,-0.914227,0.437884,,,,,,,,,,,,-5.5715,8.03217,-0.77031,50,5.67244,5.38082,-126.32494,-4.51451,-9.01264,25.47629,-19.18094,POM_COL,HOU_KYL1,PomonaPitzer,D3,Team,20250309-PomonaPitzer-3,0276d450-fd14-11ef-8396-49d062319fe5,86.07863,,,7.3349,,,,,,,4a7971cc-f0d5-4adf-be21-3c3eee1bd4f8,2025-03-09,18:26:24.83,2025-03-09T11:26:24.8398848-07:00,2025-03-09T18:26:24.8398848Z,,v3,POM_PIT,58339,,"Hargrove, Calvin",,Undefined,HOU_KYL1,87fb72e7-ffac-4799-ac39-803c028123ee,54.70827,-127.27092,12.73815,5.82686,-3.80229,-9.59047,-0.97632,5.71548,-4.50632,,,,,,,,,,,,,,,,,,,,,,,,,,,,,,,,,,,,,,,,,,,,,,,,,,,High,High,High,,,,,
185,2025-03-09,11:26:36.50,1,5,"Olla, Austin",,Right,HOU_KYL1,"Legg, Jimmy",1000115608,Left,POM_COL,Undefined,5,Bottom,0,3,1,Fastball,Sinker,BallCalled,Walk,Undefined,Undefined,0,0,,87.065,-1.955634,-1.065779,1964.739066,228.905353,1:45,5.73564,1.05746,5.40864,-25.20501,12.22331,12.68957,1.80191,1.11626,80.03295,-6.604901,1.193114,0.440323,,,,,,,,,,,,-6.64146,7.02855,-0.97162,50,5.54409,1.79215,-126.36119,-5.19546,-10.77899,24.83205,-20.7668,POM_COL,HOU_KYL1,PomonaPitzer,D3,Team,20250309-PomonaPitzer-3,096fcd70-fd14-11ef-8396-49d062319fe5,85.60175,,,7.03205,,,,,,,4a7971cc-f0d5-4adf-be21-3c3eee1bd4f8,2025-03-09,18:26:36.50,2025-03-09T11:26:36.5071360-07:00,2025-03-09T18:26:36.5071360Z,,v3,POM_PIT,58339,,"Hargrove, Calvin",,Undefined,HOU_KYL1,cd9dbc5e-d1f1-492b-9f15-af2d9276633a,55.09003,-127.35753,12.41603,5.73583,-4.36223,-10.3834,-1.0522,2.22464,-5.3895,,,,,,,,,,,,,,,,,,,,,,,,,,,,,,,,,,,,,,,,,,,,,,,,,,,High,High,High,,,,,
186,2025-03-09,11:27:07.48,2,1,"Olla, Austin",,Right,HOU_KYL1,"Ng, JC",1000115591,Left,POM_COL,Undefined,5,Bottom,0,0,0,Fastball,Sinker,BallCalled,Undefined,Undefined,Undefined,0,0,,86.19058,-3.055776,-3.171527,1898.019723,230.469177,1:45,5.90372,1.19111,5.29559,-26.86911,11.74926,12.72623,0.78844,-0.72916,79.09573,-7.984753,-0.913974,0.447268,,,,,,,,,,,,-7.25839,7.10426,-0.91201,50,5.60571,6.36018,-124.77671,-7.62091,-11.45392,24.88611,-20.96336,POM_COL,HOU_KYL1,PomonaPitzer,D3,Team,20250309-PomonaPitzer-3,1be39e50-fd14-11ef-8396-49d062319fe5,84.27252,,,7.09485,,,,,,,4a7971cc-f0d5-4adf-be21-3c3eee1bd4f8,2025-03-09,18:27:07.48,2025-03-09T11:27:07.4843136-07:00,2025-03-09T18:27:07.4843136Z,,v3,POM_PIT,58339,,"Hargrove, Calvin",,Undefined,HOU_KYL1,130c199c-f428-41b3-8850-2cb59fbcecb8,55.20374,-125.81029,12.44305,5.90414,-6.75025,-10.48168,-1.18604,6.83589,-5.72696,,,,,,,,,,,,,,,,,,,,,,,,,,,,,,,,,,,,,,,,,,,,,,,,,,,High,High,High,,,,,
187,2025-03-09,11:27:23.59,2,2,"Olla, Austin",,Right,HOU_KYL1,"Ng, JC",1000115591,Left,POM_COL,Undefined,5,Bottom,0,1,0,Fastball,Changeup,BallCalled,Undefined,Undefined,Undefined,0,0,,86.50749,-1.545246,-1.030799,2074.248074,235.023555,1:45,5.80662,1.48386,5.31479,-25.68604,12.53879,16.15371,2.21522,1.86242,79.09769,-6.290441,1.839498,0.444984,,,,,,,,,,,,-8.34583,7.09493,-1.40236,50,5.64824,1.53923,-125.49838,-4.28516,-13.28874,25.78043,-20.87706,POM_COL,HOU_KYL1,PomonaPitzer,D3,Team,20250309-PomonaPitzer-3,257f2ec0-fd14-11ef-8396-49d062319fe5,84.7052,,,7.4098,,,,,,,4a7971cc-f0d5-4adf-be21-3c3eee1bd4f8,2025-03-09,18:27:23.59,2025-03-09T11:27:23.5952640-07:00,2025-03-09T18:27:23.5952640Z,,v3,POM_PIT,58339,,"Hargrove, Calvin",,Undefined,HOU_KYL1,480462d6-5c6c-4f0d-84e2-429ba9192d6f,55.18344,-126.5587,12.89021,5.80683,-3.42651,-10.43853,-1.47691,2.08578,-6.64437,,,,,,,,,,,,,,,,,,,,,,,,,,,,,,,,,,,,,,,,,,,,,,,,,,,High,High,High,,,,,
188,2025-03-09,11:27:39.43,2,3,"Olla, Austin",,Right,HOU_KYL1,"Ng, JC",1000115591,Left,POM_COL,Undefined,5,Bottom,0,2,0,Fastball,Sinker,BallCalled,Undefined,Undefined,Undefined,0,0,,86.11945,-1.270596,-0.733426,1939.61455,227.543196,1:30,5.90835,1.23396,5.20476,-25.8134,12.84194,12.68997,2.56196,1.60164,78.8363,-6.030887,1.516559,0.447483,,,,,,,,,,,,-6.50032,7.13481,-1.17588,50,5.77162,1.02978,-124.9469,-3.68592,-10.2803,25.07692,-20.89033,POM_COL,HOU_KYL1,PomonaPitzer,D3,Team,20250309-PomonaPitzer-3,2eeb23b0-fd14-11ef-8396-49d062319fe5,84.23219,,,7.28315,,,,,,,4a7971cc-f0d5-4adf-be21-3c3eee1bd4f8,2025-03-09,18:27:39.43,2025-03-09T11:27:39.4321920-07:00,2025-03-09T18:27:39.4321920Z,,v3,POM_PIT,58339,,"Hargrove, Calvin",,Undefined,HOU_KYL1,31289b2b-efb0-4dfc-bd55-e8c545edbe2e,55.29298,-126.00473,12.53846,5.90852,-2.80469,-10.44517,-1.22846,1.46344,-5.14015,,,,,,,,,,,,,,,,,,,,,,,,,,,,,,,,,,,,,,,,,,,,,,,,,,,High,High,High,,,,,
189,2025-03-09,11:27:55.18,2,4,"Olla, Austin",,Right,HOU_KYL1,"Ng, JC",1000115591,Left,POM_COL,Undefined,5,Bottom,0,3,0,Fastball,Four-Seam,InPlay,Undefined,Popup,Out,1,0,,86.79487,-2.294308,-2.30501,2029.735361,211.097555,1:00,5.94958,1.23546,5.07625,-21.77726,16.57225,9.24178,1.96899,-0.16856,79.36251,-6.327281,-0.672141,0.445709,95.19621,45.216132,19.620184,,104.82304,108.4564,33.34778,289.15975,160.03837,15.189854,6.10595,-5.26311,9.25607,-1.02461,50,5.71519,4.64978,-125.75528,-5.80218,-8.42481,25.59638,-17.35756,POM_COL,HOU_KYL1,PomonaPitzer,D3,Team,20250309-PomonaPitzer-3,384f7780-fd14-11ef-8396-49d062319fe5,84.56736,137.40078,,7.43236,,,,1.50248,1.51992,0.71259,4a7971cc-f0d5-4adf-be21-3c3eee1bd4f8,2025-03-09,18:27:55.18,2025-03-09T11:27:55.1859200-07:00,2025-03-09T18:27:55.1859200Z,FlyBall,v3,POM_PIT,58339,,"Hargrove, Calvin",,Undefined,HOU_KYL1,bb1032fa-9cc3-41a4-95d6-f041e36ea103,55.42303,-126.85429,12.79819,5.94831,-5.05692,-8.67878,-1.23202,5.01151,-4.2124,,1.50728,92.55541,-23.58284,6.03395,-1.0198,0.09963,-0.00374,-6E-05,0,1.52257,99.04131,-20.39795,0.65398,0.3148,-0.17197,0.04132,-0.0049,0.00023,0.71426,32.99258,-11.33264,3.17275,-0.58573,0.0643,-0.00279,-0.0001,1E-05,,,,,,,,,,,,,,,,,,,,,,,High,High,High,Medium,Low,,,
190,2025-03-09,11:28:29.23,3,1,"Olla, Austin",,Right,HOU_KYL1,"Gold, Jack",1000108729,Left,POM_COL,Undefined,5,Bottom,1,0,0,Slider,Curveball,StrikeCalled,Undefined,Undefined,Undefined,0,0,,78.09521,1.207817,-0.126838,2074.968337,48.675096,7:30,5.78034,1.18948,4.73641,-50.89211,-3.78504,-5.72095,2.68531,0.59241,72.78755,-7.905952,-1.133299,0.493986,,,,,,,,,,,,2.77524,-1.72756,-1.1714,50,5.85647,0.49143,-113.49633,0.48517,3.67711,17.69965,-34.46303,POM_COL,HOU_KYL1,PomonaPitzer,D3,Team,20250309-PomonaPitzer-3,4c9ff7a0-fd14-11ef-8396-49d062319fe5,76.30269,,,5.30765,,,,,,,4a7971cc-f0d5-4adf-be21-3c3eee1bd4f8,2025-03-09,18:28:29.23,2025-03-09T11:28:29.2334592-07:00,2025-03-09T18:28:29.2334592Z,,v3,POM_PIT,58339,,"Hargrove, Calvin",,Undefined,HOU_KYL1,9b59b990-b53d-49ce-b842-673d4640fc74,55.76593,-114.39199,8.84983,5.7878,2.2291,-17.23151,-1.19156,0.30536,1.83855,,,,,,,,,,,,,,,,,,,,,,,,,,,,,,,,,,,,,,,,,,,,,,,,,,,High,High,High,,,,,
191,2025-03-09,11:28:47.41,3,2,"Olla, Austin",,Right,HOU_KYL1,"Gold, Jack",1000108729,Left,POM_COL,Undefined,5,Bottom,1,0,1,Slider,Curveball,BallCalled,Undefined,Undefined,Undefined,0,0,,78.25387,2.095936,0.426919,2014.309715,46.708031,7:30,5.75469,1.47606,4.84145,-52.7831,-5.9365,-7.6413,3.34153,1.24352,72.68759,-7.38166,-0.919128,0.492618,,,,,,,,,,,,3.86756,-3.03268,-1.51139,50,5.91626,-0.52969,-113.6847,2.19975,5.13103,18.15944,-36.19746,POM_COL,HOU_KYL1,PomonaPitzer,D3,Team,20250309-PomonaPitzer-3,5770acb0-fd14-11ef-8396-49d062319fe5,76.51453,,,5.56628,,,,,,,4a7971cc-f0d5-4adf-be21-3c3eee1bd4f8,2025-03-09,18:28:47.41,2025-03-09T11:28:47.4161152-07:00,2025-03-09T18:28:47.4161152Z,,v3,POM_PIT,58339,,"Hargrove, Calvin",,Undefined,HOU_KYL1,ed5c02a0-d9fc-479f-89f5-b1b6a3b2fa80,55.66161,-114.58549,9.07972,5.76261,3.99531,-18.09873,-1.47881,-0.78422,2.56552,,,,,,,,,,,,,,,,,,,,,,,,,,,,,,,,,,,,,,,,,,,,,,,,,,,High,High,High,,,,,
192,2025-03-09,11:29:12.72,3,3,"Olla, Austin",,Right,HOU_KYL1,"Gold, Jack",1000108729,Left,POM_COL,Undefined,5,Bottom,1,1,1,Fastball,Changeup,BallCalled,Undefined,Undefined,Undefined,0,0,,86.35437,-1.205995,-0.203198,1888.370119,226.379929,1:30,5.87752,0.97206,5.2831,-25.14903,13.06422,12.47359,2.64902,1.82069,79.28417,-5.846843,2.01145,0.444916,,,,,,,,,,,,-6.26973,7.22552,-0.96286,50,5.74938,-0.10946,-125.35805,-3.52049,-10.01008,24.5508,-20.63803,POM_COL,HOU_KYL1,PomonaPitzer,D3,Team,20250309-PomonaPitzer-3,6690e5c0-fd14-11ef-8396-49d062319fe5,84.71801,,,7.0702,,,,,,,4a7971cc-f0d5-4adf-be21-3c3eee1bd4f8,2025-03-09,18:29:12.72,2025-03-09T11:29:12.7227904-07:00,2025-03-09T18:29:12.7227904Z,,v3,POM_PIT,58339,,"Hargrove, Calvin",,Undefined,HOU_KYL1,3994443e-0950-45ec-94fd-0e8df818ecd2,55.21518,-126.37529,12.2754,5.87754,-2.66537,-10.31902,-0.96691,0.3053,-5.00504,,,,,,,,,,,,,,,,,,,,,,,,,,,,,,,,,,,,,,,,,,,,,,,,,,,High,High,High,,,,,
193,2025-03-09,11:29:30.61,3,4,"Olla, Austin",,Right,HOU_KYL1,"Gold, Jack",1000108729,Left,POM_COL,Undefined,5,Bottom,1,2,1,Slider,Curveball,FoulBallNotFieldable,Undefined,Undefined,Undefined,0,0,,78.13313,0.714897,-1.659918,2141.856088,30.396909,7:00,5.77048,1.59928,4.77849,-57.28857,-9.63575,-6.49595,1.67442,-0.51596,72.17563,-9.534671,-2.804009,0.496839,,,,,,,,,,,,2.7674,-4.63146,-1.42718,50,5.79097,3.55198,-113.3948,-0.71139,3.60435,20.67658,-38.20624,POM_COL,HOU_KYL1,PomonaPitzer,D3,Team,20250309-PomonaPitzer-3,71364510-fd14-11ef-8396-49d062319fe5,75.86449,,,5.9575,,,,,,,4a7971cc-f0d5-4adf-be21-3c3eee1bd4f8,2025-03-09,18:29:30.61,2025-03-09T11:29:30.6156544-07:00,2025-03-09T18:29:30.6156544Z,,v3,POM_PIT,58339,,"Hargrove, Calvin",,Undefined,HOU_KYL1,974cfe2e-2eb0-4a54-86f2-83310b33797e,55.72497,-114.43394,10.33829,5.77847,1.20873,-19.10312,-1.60114,3.37084,1.80218,,,,,,,,,,,,,,,,,,,,,,,,,,,,,,,,,,,,,,,,,,,,,,,,,,,High,High,High,,,,,
194,2025-03-09,11:29:50.28,3,5,"Olla, Austin",,Right,HOU_KYL1,"Gold, Jack",1000108729,Left,POM_COL,Undefined,5,Bottom,1,2,2,Cutter,Slider,FoulBallNotFieldable,Undefined,Undefined,Undefined,0,0,,83.15473,-1.264485,-1.14529,2218.862445,191.037372,12:15,5.62144,1.62372,5.23928,-36.19053,5.01961,0.73811,1.41666,0.60865,76.766,-7.845659,-1.014228,0.462033,,,,,,,,,,,,-0.67634,3.18075,-1.51899,50,5.478,2.38342,-120.74376,-3.9632,-1.00301,22.50701,-27.45697,POM_COL,HOU_KYL1,PomonaPitzer,D3,Team,20250309-PomonaPitzer-3,7ce9e010-fd14-11ef-8396-49d062319fe5,81.57945,,,6.38873,,,,,,,4a7971cc-f0d5-4adf-be21-3c3eee1bd4f8,2025-03-09,18:29:50.28,2025-03-09T11:29:50.2867456-07:00,2025-03-09T18:29:50.2867456Z,,v3,POM_PIT,58339,,"Hargrove, Calvin",,Undefined,HOU_KYL1,2e0932db-5a96-4bec-8380-7646ecc95819,55.2617,-121.72061,11.25351,5.62415,-2.77152,-13.72848,-1.62338,2.42695,-0.50151,,,,,,,,,,,,,,,,,,,,,,,,,,,,,,,,,,,,,,,,,,,,,,,,,,,High,High,High,,,,,
195,2025-03-09,11:30:10.67,3,6,"Olla, Austin",,Right,HOU_KYL1,"Gold, Jack",1000108729,Left,POM_COL,Undefined,5,Bottom,1,2,2,Fastball,Changeup,InPlay,Undefined,FlyBall,HomeRun,0,2,,86.32018,-1.053481,-1.670052,2040.67039,213.803629,1:15,5.76338,1.42721,5.34313,-21.75367,16.48182,10.22729,2.9618,0.71242,78.9908,-5.109559,0.146496,0.445046,91.95654,27.464399,27.170577,2787.317721,93.90471,50.67929,57.28776,331.39504,242.41388,41.242607,4.401503,-5.63055,8.93465,-1.28442,50,5.65318,3.21462,-125.27698,-3.02957,-8.95816,25.04274,-17.95908,POM_COL,HOU_KYL1,PomonaPitzer,D3,Team,20250309-PomonaPitzer-3,890f4fb0-fd14-11ef-8396-49d062319fe5,84.69338,63.51117,,7.32938,,,,2.39335,3.53178,-0.56616,4a7971cc-f0d5-4adf-be21-3c3eee1bd4f8,2025-03-09,18:30:10.67,2025-03-09T11:30:10.6734080-07:00,2025-03-09T18:30:10.6734080Z,FlyBall,v3,POM_PIT,58339,,"Hargrove, Calvin",,Undefined,HOU_KYL1,cd9bc14c-0d28-4485-816b-63773b2dbab6,55.15677,-126.30361,12.52137,5.76228,-2.29334,-8.97954,-1.42372,3.58186,-4.47908,,2.39444,106.44161,-24.50771,6.09288,-1.35561,0.27794,-0.05723,0.00879,-0.00058,3.53178,62.19699,-17.63174,0.59355,0.27707,-0.18016,0.05768,-0.00893,0.00052,-0.56566,54.63576,0.99574,-1.82908,0.74533,-0.20109,0.03562,-0.00336,0.00011,,,,,,,,,,,,,,,,,,,,,,,High,High,High,Medium,Medium,,,
196,2025-03-09,11:30:54.39,4,1,"Olla, Austin",,Right,HOU_KYL1,"Berry, Cooper",1000276381,Left,POM_COL,Undefined,5,Bottom,1,0,0,Fastball,Changeup,FoulBallNotFieldable,Undefined,Undefined,Undefined,0,0,,86.06967,-1.51435,-1.679774,1863.024965,239.786033,2:00,5.66736,1.07767,5.26773,-28.70116,9.88587,14.88737,1.8521,0.73987,78.95523,-6.782167,0.963185,0.447087,89.02141,25.99423,-33.181527,4579.452659,87.99684,39.51909,-66.00395,246.04258,125.71503,-42.500057,3.182409,-7.9293,5.72721,-0.93549,50,5.50782,3.01342,-124.88294,-4.33463,-12.53583,24.89265,-23.11964,POM_COL,HOU_KYL1,PomonaPitzer,D3,Team,20250309-PomonaPitzer-3,a325a020-fd14-11ef-8396-49d062319fe5,84.30668,41.83956,,7.11444,,,,0.43368,1.69745,-0.58237,4a7971cc-f0d5-4adf-be21-3c3eee1bd4f8,2025-03-09,18:30:54.39,2025-03-09T11:30:54.3999488-07:00,2025-03-09T18:30:54.3999488Z,LineDrive,v3,POM_PIT,58339,,"Hargrove, Calvin",,Undefined,HOU_KYL1,3b7cfbdf-9396-410a-a091-94c6e4122131,55.23212,-125.92153,12.44633,5.66855,-3.37002,-11.55982,-1.07213,3.53645,-6.26791,,0.43344,98.22987,-23.21933,5.73665,-1.53462,0.44734,-0.10681,0.01549,-0.00097,1.6981,57.19812,-23.66893,2.76431,-0.21566,-0.17356,0.0782,-0.01363,0.0009,-0.58207,-64.24002,7.1101,-1.96653,0.68339,-0.2629,0.07243,-0.01115,0.00072,,,,,,,,,,,,,,,,,,,,,,,High,High,High,High,Medium,,,
197,2025-03-09,11:31:27.40,4,2,"Olla, Austin",,Right,HOU_KYL1,"Berry, Cooper",1000276381,Left,POM_COL,Undefined,5,Bottom,1,0,1,ChangeUp,Splitter,StrikeCalled,Undefined,Undefined,Undefined,0,0,,80.1496,0.313108,-1.103106,1182.37614,246.004614,2:15,5.70994,1.45687,4.98135,-41.13156,4.19658,5.9824,2.57806,0.91352,72.96995,-7.176865,-0.046504,0.484568,,,,,,,,,,,,-3.27043,2.46961,-1.35553,50,5.70697,1.97899,-116.16514,-0.85596,-4.43685,23.21654,-28.82363,POM_COL,HOU_KYL1,PomonaPitzer,D3,Team,20250309-PomonaPitzer-3,b6cfce20-fd14-11ef-8396-49d062319fe5,77.78558,,,7.17965,,,,,,,4a7971cc-f0d5-4adf-be21-3c3eee1bd4f8,2025-03-09,18:31:27.40,2025-03-09T11:31:27.4018816-07:00,2025-03-09T18:31:27.4018816Z,,v3,POM_PIT,58339,,"Hargrove, Calvin",,Undefined,HOU_KYL1,6c001bc7-2a2c-4a3d-9ebc-fa083fe6376b,55.51557,-117.26229,11.60827,5.71524,0.50616,-14.41181,-1.45401,2.18866,-2.21843,,,,,,,,,,,,,,,,,,,,,,,,,,,,,,,,,,,,,,,,,,,,,,,,,,,High,High,High,,,,,
198,2025-03-09,11:31:42.25,4,3,"Olla, Austin",,Right,HOU_KYL1,"Berry, Cooper",1000276381,Left,POM_COL,Undefined,5,Bottom,1,0,2,Slider,Curveball,BallCalled,Undefined,Undefined,Undefined,0,0,,79.01986,0.278124,0.972553,2282.403306,40.030498,7:15,5.58908,1.40914,5.00698,-58.26822,-11.77603,-11.16012,0.99597,1.39725,72.55708,-10.195832,-1.005165,0.490751,,,,,,,,,,,,5.82465,-5.47126,-1.49305,50,5.56827,-1.48323,-114.67353,-1.60548,7.69831,22.67779,-39.40529,POM_COL,HOU_KYL1,PomonaPitzer,D3,Team,20250309-PomonaPitzer-3,bfb1d290-fd14-11ef-8396-49d062319fe5,76.80559,,,6.46278,,,,,,,4a7971cc-f0d5-4adf-be21-3c3eee1bd4f8,2025-03-09,18:31:42.25,2025-03-09T11:31:42.2557184-07:00,2025-03-09T18:31:42.2557184Z,,v3,POM_PIT,58339,,"Hargrove, Calvin",,Undefined,HOU_KYL1,2b2cb840-2ddf-4e99-85d9-6052d3f5e588,55.49561,-115.75523,11.3389,5.60002,0.27411,-19.70264,-1.41355,-1.85043,3.84916,,,,,,,,,,,,,,,,,,,,,,,,,,,,,,,,,,,,,,,,,,,,,,,,,,,High,High,High,,,,,
199,2025-03-09,11:31:53.56,4,4,"Olla, Austin",,Right,HOU_KYL1,"Berry, Cooper",1000276381,Left,POM_COL,Undefined,5,Bottom,1,1,2,Cutter,Slider,FoulBallNotFieldable,Undefined,Undefined,Undefined,0,0,,81.58178,-0.212059,-1.243648,2176.385773,141.354057,10:45,5.75632,1.43644,5.07676,-39.10301,4.07898,-2.20067,2.29778,0.08045,75.03468,-7.314594,-1.63301,0.472958,,,,,,,,,,,,0.76028,2.46441,-1.31671,50,5.70529,2.66287,-118.4081,-1.85546,1.08161,22.17614,-28.66807,POM_COL,HOU_KYL1,PomonaPitzer,D3,Team,20250309-PomonaPitzer-3,c66d2670-fd14-11ef-8396-49d062319fe5,79.69509,,,6.5471,,,,,,,4a7971cc-f0d5-4adf-be21-3c3eee1bd4f8,2025-03-09,18:31:53.56,2025-03-09T11:31:53.5653376-07:00,2025-03-09T18:31:53.5653376Z,,v3,POM_PIT,58339,,"Hargrove, Calvin",,Undefined,HOU_KYL1,cf32a1d5-bd2b-4d0d-8575-396fe4ed2294,55.42314,-119.41946,11.08807,5.7601,-0.54803,-14.33404,-1.43703,2.61354,0.5408,,,,,,,,,,,,,,,,,,,,,,,,,,,,,,,,,,,,,,,,,,,,,,,,,,,High,High,High,,,,,
200,2025-03-09,11:32:13.69,4,5,"Olla, Austin",,Right,HOU_KYL1,"Berry, Cooper",1000276381,Left,POM_COL,Undefined,5,Bottom,1,1,2,Fastball,Sinker,FoulBallNotFieldable,Undefined,Undefined,Undefined,0,0,,86.82665,-0.961434,-2.66591,2098.826656,229.496413,1:45,5.75035,1.06482,5.57058,-22.89056,14.76926,15.83765,2.94367,-0.1074,79.10738,-5.243923,0.157178,0.441683,86.16968,-6.802467,49.307952,,,,,19.40186,19.35558,46.231989,0.152426,-8.80989,8.11808,-0.84579,50,5.65263,5.19121,-125.93147,-2.86346,-14.10091,26.35897,-19.1804,POM_COL,HOU_KYL1,PomonaPitzer,D3,Team,20250309-PomonaPitzer-3,d2643310-fd14-11ef-8396-49d062319fe5,85.3382,2.8149,,7.71928,,,,1.38333,2.8149,-0.02129,4a7971cc-f0d5-4adf-be21-3c3eee1bd4f8,2025-03-09,18:32:13.69,2025-03-09T11:32:13.6951296-07:00,2025-03-09T18:32:13.6951296Z,GroundBall,v3,POM_PIT,58339,,"Hargrove, Calvin",,Undefined,HOU_KYL1,7e84963c-caf9-459c-ab7b-6430b91364d7,54.92901,-126.95898,13.17949,5.74968,-2.11578,-9.5902,-1.05886,5.74088,-7.05046,,1.38401,81.76179,-18.34659,,,,,,,2.81579,-15.04701,-22.51545,,,,,,,-0.0206,95.09141,-19.95011,,,,,,,,,,,,,,,,,,,,,,,,,,,,,High,High,High,Low,Low,,,
201,2025-03-09,11:32:35.82,4,6,"Olla, Austin",,Right,HOU_KYL1,"Berry, Cooper",1000276381,Left,POM_COL,Undefined,5,Bottom,1,1,2,Splitter,Splitter,BallCalled,Undefined,Undefined,Undefined,0,0,,80.10753,-0.102351,-0.14296,766.552828,317.77109,4:30,5.63437,1.16704,4.81686,-51.42263,-6.05449,6.79193,1.2522,1.59761,73.71479,-9.331485,1.0556,0.484782,,,,,,,,,,,,-3.39307,-2.54646,-1.15904,50,5.57945,0.00056,-116.24741,-2.16124,-4.63218,22.26469,-35.65048,POM_COL,HOU_KYL1,PomonaPitzer,D3,Team,20250309-PomonaPitzer-3,df9e4700-fd14-11ef-8396-49d062319fe5,77.75125,,,6.39275,,,,,,,4a7971cc-f0d5-4adf-be21-3c3eee1bd4f8,2025-03-09,18:32:35.82,2025-03-09T11:32:35.8262272-07:00,2025-03-09T18:32:35.8262272Z,,v3,POM_PIT,58339,,"Hargrove, Calvin",,Undefined,HOU_KYL1,6a1b1f79-3503-4814-8205-1562eadc4cfa,55.68445,-117.33109,11.13235,5.64241,-0.42603,-17.82524,-1.16455,0.22602,-2.31609,,,,,,,,,,,,,,,,,,,,,,,,,,,,,,,,,,,,,,,,,,,,,,,,,,,High,High,High,,,,,
202,2025-03-09,11:32:49.29,4,7,"Olla, Austin",,Right,HOU_KYL1,"Berry, Cooper",1000276381,Left,POM_COL,Undefined,5,Bottom,1,2,2,Fastball,Changeup,FoulBallNotFieldable,Undefined,Undefined,Undefined,0,0,,86.23896,-2.12621,-1.160067,1870.613248,208.622149,1:00,5.79704,1.12273,5.38501,-20.58623,18.06418,9.12186,2.08722,0.79536,78.25218,-5.992573,0.462087,0.447454,,,,,,,,,,,,-4.93477,10.11382,-1.02569,50,5.59283,2.13244,-124.97088,-5.29665,-7.73587,27.24185,-16.31937,POM_COL,HOU_KYL1,PomonaPitzer,D3,Team,20250309-PomonaPitzer-3,e79ffd90-fd14-11ef-8396-49d062319fe5,84.23754,,,7.98678,,,,,,,4a7971cc-f0d5-4adf-be21-3c3eee1bd4f8,2025-03-09,18:32:49.29,2025-03-09T11:32:49.2967424-07:00,2025-03-09T18:32:49.2967424Z,,v3,POM_PIT,58339,,"Hargrove, Calvin",,Undefined,HOU_KYL1,b1c8658e-86a5-45cb-b763-44478b223466,55.1123,-126.08036,13.62093,5.79501,-4.63201,-8.15968,-1.11895,2.4475,-3.86794,,,,,,,,,,,,,,,,,,,,,,,,,,,,,,,,,,,,,,,,,,,,,,,,,,,High,High,High,,,,,
203,2025-03-09,11:33:09.20,4,8,"Olla, Austin",,Right,HOU_KYL1,"Berry, Cooper",1000276381,Left,POM_COL,Undefined,5,Bottom,1,2,2,Slider,Curveball,InPlay,Undefined,LineDrive,Single,0,0,,76.17803,1.793215,0.422006,2071.718458,47.051531,7:30,5.63816,1.29691,5.0939,-59.50023,-9.6104,-12.07209,2.37036,0.68862,69.718,-8.96103,-1.716823,0.508367,94.5731,9.961625,28.057215,2873.8108,93.55628,5.67056,57.85493,138.19936,129.48895,33.100194,1.21081,6.1617,-4.91331,-1.32671,50,5.7603,-0.33999,-110.52469,1.38218,7.56537,21.06165,-38.20664,POM_COL,HOU_KYL1,PomonaPitzer,D3,Team,20250309-PomonaPitzer-3,f382bee0-fd14-11ef-8396-49d062319fe5,74.14412,8.56441,,6.46003,,,,1.65298,2.3947,-0.75852,4a7971cc-f0d5-4adf-be21-3c3eee1bd4f8,2025-03-09,18:33:09.20,2025-03-09T11:33:09.2092416-07:00,2025-03-09T18:33:09.2092416Z,LineDrive,v3,POM_PIT,58339,,"Hargrove, Calvin",,Undefined,HOU_KYL1,a52a78cb-ecfe-4324-84d7-9d5c7c47cdd5,55.40885,-111.55064,10.53082,5.64764,3.2433,-19.10332,-1.30117,-0.70851,3.78268,284.546538,1.65298,120.56053,-26.09474,4.41096,-0.52809,-0.44183,0.48016,-0.22365,0.04216,2.3947,23.99478,-25.1299,3.78566,-0.57398,-0.29015,0.38187,-0.18409,0.03507,-0.75852,64.25748,0.91965,-2.11067,0.06899,0.83132,-0.83613,0.39004,-0.07372,,,,,,,,,,,,,,,,,,,,,,,High,High,High,High,High,,,
204,2025-03-09,11:33:46.01,5,1,"Olla, Austin",,Right,HOU_KYL1,"Wakil, Lateef",1000128267,Left,POM_COL,Undefined,5,Bottom,1,0,0,Fastball,Changeup,BallCalled,Undefined,Undefined,Undefined,0,0,,87.26243,-3.123326,-1.718251,2005.970961,217.734018,1:15,5.85543,1.18319,5.18784,-22.10785,15.79241,11.23918,1.07052,0.5028,79.70546,-7.214622,0.273502,0.443091,,,,,,,,,,,,-6.09847,9.15004,-1.03252,50,5.54875,3.28584,-126.36823,-7.66389,-9.83347,26.43049,-17.42004,POM_COL,HOU_KYL1,PomonaPitzer,D3,Team,20250309-PomonaPitzer-3,09699670-fd15-11ef-8396-49d062319fe5,85.06713,,,7.55697,,,,,,,4a7971cc-f0d5-4adf-be21-3c3eee1bd4f8,2025-03-09,18:33:46.01,2025-03-09T11:33:46.0198912-07:00,2025-03-09T18:33:46.0198912Z,,v3,POM_PIT,58339,,"Hargrove, Calvin",,Undefined,HOU_KYL1,b2427971-a845-44e4-ad15-2316fccd4da8,55.31038,-127.47408,13.21525,5.85416,-6.93503,-8.71002,-1.17861,3.69727,-4.91674,,,,,,,,,,,,,,,,,,,,,,,,,,,,,,,,,,,,,,,,,,,,,,,,,,,High,High,High,,,,,
205,2025-03-09,11:34:06.57,5,2,"Olla, Austin",,Right,HOU_KYL1,"Wakil, Lateef",1000128267,Left,POM_COL,Undefined,5,Bottom,1,1,0,Fastball,Changeup,StrikeCalled,Undefined,Undefined,Undefined,0,0,,85.67261,-1.022838,-1.55997,1967.098329,218.959844,1:15,5.7391,1.22619,5.20777,-23.84753,15.15115,11.25961,2.78944,0.69709,78.45866,-5.440396,0.435347,0.449466,,,,,,,,,,,,-6.01737,8.20658,-1.09059,50,5.62686,2.88402,-124.29561,-3.04043,-9.43636,24.35036,-19.30459,POM_COL,HOU_KYL1,PomonaPitzer,D3,Team,20250309-PomonaPitzer-3,15b6d960-fd15-11ef-8396-49d062319fe5,83.86057,,,7.21396,,,,,,,4a7971cc-f0d5-4adf-be21-3c3eee1bd4f8,2025-03-09,18:34:06.57,2025-03-09T11:34:06.5778176-07:00,2025-03-09T18:34:06.5778176Z,,v3,POM_PIT,58339,,"Hargrove, Calvin",,Undefined,HOU_KYL1,6f721e09-bdb3-4365-9ad1-b06657095b35,55.29012,-125.3277,12.17518,5.73839,-2.22221,-9.6523,-1.22131,3.28397,-4.71818,,,,,,,,,,,,,,,,,,,,,,,,,,,,,,,,,,,,,,,,,,,,,,,,,,,High,High,High,,,,,
206,2025-03-09,11:34:27.12,5,3,"Olla, Austin",,Right,HOU_KYL1,"Wakil, Lateef",1000128267,Left,POM_COL,Undefined,5,Bottom,1,1,1,Splitter,Splitter,StrikeSwinging,Undefined,Undefined,Undefined,0,0,,79.94347,-0.90446,-2.911583,731.943581,216.571268,1:15,5.54546,1.35964,5.11008,-35.39132,9.32252,5.94823,1.74289,-0.89015,73.97031,-7.34031,-1.860403,0.481274,,,,,,,,,,,,-3.68921,5.27256,-1.08998,50,5.43262,5.65318,-115.96673,-3.06398,-5.07312,19.69674,-24.92367,POM_COL,HOU_KYL1,PomonaPitzer,D3,Team,20250309-PomonaPitzer-3,21f639a0-fd15-11ef-8396-49d062319fe5,78.31803,,,5.97315,,,,,,,4a7971cc-f0d5-4adf-be21-3c3eee1bd4f8,2025-03-09,18:34:27.12,2025-03-09T11:34:27.1238144-07:00,2025-03-09T18:34:27.1238144Z,,v3,POM_PIT,58339,,"Hargrove, Calvin",,Undefined,HOU_KYL1,00c31017-b8f2-4900-9a96-53b743b94a38,55.38933,-116.87851,9.84837,5.54775,-1.91024,-12.46183,-1.35711,5.88802,-2.53656,,,,,,,,,,,,,,,,,,,,,,,,,,,,,,,,,,,,,,,,,,,,,,,,,,,High,High,High,,,,,
207,2025-03-09,11:34:47.14,5,4,"Olla, Austin",,Right,HOU_KYL1,"Wakil, Lateef",1000128267,Left,POM_COL,Undefined,5,Bottom,1,1,2,Fastball,Sinker,InPlay,Undefined,GroundBall,Out,2,0,,86.20114,-2.620854,-1.974823,1901.427537,226.338696,1:30,5.7925,1.23605,5.34526,-24.98584,13.03028,12.51509,1.24872,0.42579,79.92203,-7.203329,0.249618,0.443767,94.04974,-3.950337,13.73187,,,,,19.67902,19.67902,11.473807,0.132777,-6.81185,7.52347,-1.06751,50,5.53824,3.78509,-125.12707,-6.60432,-10.93178,22.35294,-20.10027,POM_COL,HOU_KYL1,PomonaPitzer,D3,Team,20250309-PomonaPitzer-3,2ddb1dd0-fd15-11ef-8396-49d062319fe5,84.93737,1.26251,,6.27911,,,,1.52583,1.26251,-0.42532,4a7971cc-f0d5-4adf-be21-3c3eee1bd4f8,2025-03-09,18:34:47.14,2025-03-09T11:34:47.1429632-07:00,2025-03-09T18:34:47.1429632Z,GroundBall,v3,POM_PIT,58339,,"Hargrove, Calvin",,Undefined,HOU_KYL1,a1b84a48-3f71-4fbd-8d91-bcdf1aeb2d08,55.15609,-126.0448,11.17647,5.79245,-5.77908,-10.05013,-1.23213,4.2339,-5.46589,,1.52415,133.757,,,,,,,,1.26263,-9.50848,,,,,,,,-0.42573,32.68527,,,,,,,,,,,,,,,,,,,,,,,,,,,,,,High,High,High,Estimated,Estimated,,,
208,2025-03-09,11:37:12.18,1,1,"Lawson, Wade",1000068528,Right,POM_COL,"Born, Mac",,Right,HOU_KYL1,Undefined,6,Top,0,0,0,Fastball,Four-Seam,BallCalled,Undefined,Undefined,Undefined,0,0,,85.92322,-2.731818,-3.772244,2221.248267,215.920487,1:15,5.74388,1.36234,4.9323,-23.96375,15.01985,10.0615,1.15711,-1.37004,79.57218,-7.104236,-2.00272,0.449379,,,,,,,,,,,,-5.89764,8.43902,-1.00359,50,5.45773,7.75443,-124.43106,-6.82449,-9.36921,21.86173,-18.76749,POM_COL,HOU_KYL1,PomonaPitzer,D3,Team,20250309-PomonaPitzer-3,84518410-fd15-11ef-8396-49d062319fe5,83.87678,,,6.35104,,,,,,,4a7971cc-f0d5-4adf-be21-3c3eee1bd4f8,2025-03-09,18:37:12.18,2025-03-09T11:37:12.1845248-07:00,2025-03-09T18:37:12.1845248Z,,v3,POM_PIT,58339,,"Hattenburg, Xavier",10277269,Right,POM_COL,380877d1-7c26-4272-bb76-90ed90552b6e,55.56797,-125.40551,10.93087,5.74327,-5.98797,-9.38375,-1.35854,8.17204,-4.68461,,,,,,,,,,,,,,,,,,,,,,,,,,,,,,,,,,,,,,,,,,,,,,,,,,,High,High,High,,,,,
209,2025-03-09,11:37:29.52,1,2,"Lawson, Wade",1000068528,Right,POM_COL,"Born, Mac",,Right,HOU_KYL1,Undefined,6,Top,0,1,0,Fastball,Four-Seam,InPlay,Undefined,FlyBall,Out,1,0,,87.08943,-1.180473,-1.949036,2308.619794,212.449941,1:00,5.82137,1.2303,4.56018,-20.83269,17.80694,10.55233,2.961,0.25397,79.75137,-5.017633,-0.102226,0.447392,,,,,,,,,,,,-5.71044,9.37571,-1.03858,50,5.68016,3.79987,-126.24376,-3.38133,-9.24822,24.8522,-16.98985,POM_COL,HOU_KYL1,PomonaPitzer,D3,Team,20250309-PomonaPitzer-3,8ea2f700-fd15-11ef-8396-49d062319fe5,84.24933,,,7.33806,,,,,,,4a7971cc-f0d5-4adf-be21-3c3eee1bd4f8,2025-03-09,18:37:29.52,2025-03-09T11:37:29.5292928-07:00,2025-03-09T18:37:29.5292928Z,,v3,POM_PIT,58339,,"Hattenburg, Xavier",10277269,Right,POM_COL,103df747-6821-4029-8f23-7fe510f244e5,55.93972,-127.40768,12.4261,5.81989,-2.58563,-8.49492,-1.22669,4.233,-4.62411,,,,,,,,,,,,,,,,,,,,,,,,,,,,,,,,,,,,,,,,,,,,,,,,,,,High,High,High,,,,,
210,2025-03-09,11:38:02.24,2,1,"Lawson, Wade",1000068528,Right,POM_COL,"Seaman, George",,Left,HOU_KYL1,Undefined,6,Top,1,0,0,Fastball,Four-Seam,StrikeCalled,Undefined,Undefined,Undefined,0,0,,87.4028,-1.73777,-3.054516,2384.003892,210.677151,1:00,5.76535,1.22808,4.77473,-19.48143,18.76962,10.39524,2.49166,-0.80405,79.79388,-5.354319,-1.230434,0.445136,,,,,,,,,,,,-5.92607,10.05477,-0.93175,50,5.57496,6.25804,-126.52631,-4.53186,-9.61733,25.54384,-15.8563,POM_COL,HOU_KYL1,PomonaPitzer,D3,Team,20250309-PomonaPitzer-3,a2221d60-fd15-11ef-8396-49d062319fe5,84.67618,,,7.60892,,,,,,,4a7971cc-f0d5-4adf-be21-3c3eee1bd4f8,2025-03-09,18:38:02.24,2025-03-09T11:38:02.2430720-07:00,2025-03-09T18:38:02.2430720Z,,v3,POM_PIT,58339,,"Hattenburg, Xavier",10277269,Right,POM_COL,d1f487fc-92d4-4af6-8170-8aee816701af,55.72282,-127.67644,12.77192,5.76294,-3.81792,-7.92815,-1.22327,6.69107,-4.80866,,,,,,,,,,,,,,,,,,,,,,,,,,,,,,,,,,,,,,,,,,,,,,,,,,,High,High,High,,,,,
211,2025-03-09,11:38:17.61,2,2,"Lawson, Wade",1000068528,Right,POM_COL,"Seaman, George",,Left,HOU_KYL1,Undefined,6,Top,1,0,1,Curveball,Curveball,StrikeCalled,Undefined,Undefined,Undefined,0,0,,76.78299,0.767617,-0.070691,2209.141248,6.58481,6:15,5.96817,1.00043,4.44051,-59.70078,-9.61945,-1.29217,1.72532,0.82532,70.71681,-9.863114,-0.297178,0.509342,,,,,,,,,,,,0.60768,-4.42406,-0.99161,50,5.99072,0.19254,-111.3688,-0.79854,0.7616,20.39226,-37.71873,POM_COL,HOU_KYL1,PomonaPitzer,D3,Team,20250309-PomonaPitzer-3,ab58aa70-fd15-11ef-8396-49d062319fe5,74.00226,,,6.06619,,,,,,,4a7971cc-f0d5-4adf-be21-3c3eee1bd4f8,2025-03-09,18:38:17.61,2025-03-09T11:38:17.6168960-07:00,2025-03-09T18:38:17.6168960Z,,v3,POM_PIT,58339,,"Hattenburg, Xavier",10277269,Right,POM_COL,bc274c1e-3c36-4781-b5dd-574bc31911a2,56.06152,-112.47322,10.19613,5.97865,1.24426,-18.85936,-1.00092,0.15129,0.3808,,,,,,,,,,,,,,,,,,,,,,,,,,,,,,,,,,,,,,,,,,,,,,,,,,,High,High,High,,,,,
212,2025-03-09,11:38:33.10,2,3,"Lawson, Wade",1000068528,Right,POM_COL,"Seaman, George",,Left,HOU_KYL1,Undefined,6,Top,1,0,2,Fastball,Four-Seam,InPlay,Undefined,Popup,Out,1,0,,86.58072,-1.134667,-3.771418,2489.10457,221.015345,1:15,5.50301,1.89506,4.82248,-23.296,15.57835,12.46922,2.4845,-0.64313,79.17079,-5.423649,-1.583678,0.448748,,,,,,,,,,,,-7.20965,8.35012,-1.53187,50,5.37075,7.6945,-125.3464,-3.34164,-11.49514,24.82373,-18.86049,POM_COL,HOU_KYL1,PomonaPitzer,D3,Team,20250309-PomonaPitzer-3,b48acab0-fd15-11ef-8396-49d062319fe5,83.99461,,,7.40993,,,,,,,4a7971cc-f0d5-4adf-be21-3c3eee1bd4f8,2025-03-09,18:38:33.10,2025-03-09T11:38:33.1022848-07:00,2025-03-09T18:38:33.1022848Z,,v3,POM_PIT,58339,,"Hattenburg, Xavier",10277269,Right,POM_COL,bc8c798b-47e9-43c5-9d26-ba90cacbc142,55.6775,-126.46578,12.41187,5.50226,-2.49117,-9.43025,-1.89052,8.21285,-5.74757,,,,,,,,,,,,,,,,,,,,,,,,,,,,,,,,,,,,,,,,,,,,,,,,,,,High,High,High,,,,,
213,2025-03-09,11:39:08.90,3,1,"Lawson, Wade",1000068528,Right,POM_COL,"Andrew, Rajkovich",,Right,HOU_KYL1,Undefined,6,Top,2,0,0,Fastball,Four-Seam,StrikeCalled,Undefined,Undefined,Undefined,0,0,,87.08517,-0.084615,-3.661398,2360.964839,223.072887,1:30,5.44989,1.58231,4.66098,-26.67537,12.34705,10.27812,3.14639,-1.04416,78.82492,-4.9789,-1.863562,0.449602,,,,,,,,,,,,-6.08937,6.45189,-1.21806,50,5.41778,7.55956,-125.89848,-1.21342,-9.70405,27.25729,-21.89228,POM_COL,HOU_KYL1,PomonaPitzer,D3,Team,20250309-PomonaPitzer-3,c9e62b20-fd15-11ef-8396-49d062319fe5,83.83507,,,8.26025,,,,,,,4a7971cc-f0d5-4adf-be21-3c3eee1bd4f8,2025-03-09,18:39:08.90,2025-03-09T11:39:08.9022464-07:00,2025-03-09T18:39:08.9022464Z,,v3,POM_PIT,58339,,"Hattenburg, Xavier",10277269,Right,POM_COL,470c3358-4967-4684-ac49-162aff482241,55.83527,-127.15555,13.62864,5.45046,-0.20378,-10.94614,-1.57702,8.0071,-4.85202,,,,,,,,,,,,,,,,,,,,,,,,,,,,,,,,,,,,,,,,,,,,,,,,,,,High,High,High,,,,,
214,2025-03-09,11:39:24.97,3,2,"Lawson, Wade",1000068528,Right,POM_COL,"Andrew, Rajkovich",,Right,HOU_KYL1,Undefined,6,Top,2,0,1,Slider,Slider,StrikeCalled,Undefined,Undefined,Undefined,0,0,,81.80305,1.072363,-1.128368,2358.50028,49.605686,7:45,5.45168,1.6938,4.2335,-45.73105,-0.58713,-2.6178,2.6678,0.39517,73.80843,-7.139599,-1.58429,0.483583,,,,,,,,,,,,0.88831,-0.12118,-1.56733,50,5.52208,2.45397,-118.28549,0.33793,1.23922,25.79474,-32.34309,POM_COL,HOU_KYL1,PomonaPitzer,D3,Team,20250309-PomonaPitzer-3,d378bae0-fd15-11ef-8396-49d062319fe5,77.94407,,,7.99461,,,,,,,4a7971cc-f0d5-4adf-be21-3c3eee1bd4f8,2025-03-09,18:39:24.97,2025-03-09T11:39:24.9776640-07:00,2025-03-09T18:39:24.9776640Z,,v3,POM_PIT,58339,,"Hattenburg, Xavier",10277269,Right,POM_COL,a9e964a7-31a7-44b3-9c5b-706aa80529b7,56.26273,-119.64342,12.89737,5.45947,2.04059,-16.17155,-1.6948,2.38873,0.61961,,,,,,,,,,,,,,,,,,,,,,,,,,,,,,,,,,,,,,,,,,,,,,,,,,,High,High,High,,,,,
215,2025-03-09,11:39:40.38,3,3,"Lawson, Wade",1000068528,Right,POM_COL,"Andrew, Rajkovich",,Right,HOU_KYL1,Undefined,6,Top,2,0,2,Slider,Slider,StrikeSwinging,Strikeout,Undefined,Undefined,0,0,,83.63603,-0.523607,-3.169097,2458.270632,50.081246,7:45,5.55992,1.59979,4.13989,-45.75703,-1.85138,-4.27807,1.24388,-1.7992,74.99849,-8.701582,-3.911825,0.476905,,,,,,,,,,,,0.91724,-0.18476,-1.24237,50,5.45334,6.88676,-120.61339,-3.04035,1.31581,29.17959,-32.43909,POM_COL,HOU_KYL1,PomonaPitzer,D3,Team,20250309-PomonaPitzer-3,dca64740-fd15-11ef-8396-49d062319fe5,79.03556,,,8.63754,,,,,,,4a7971cc-f0d5-4adf-be21-3c3eee1bd4f8,2025-03-09,18:39:40.38,2025-03-09T11:39:40.3800576-07:00,2025-03-09T18:39:40.3800576Z,,v3,POM_PIT,58339,,"Hattenburg, Xavier",10277269,Right,POM_COL,90177f64-9b88-40c5-9266-f5fcf3b0188f,56.35512,-122.14119,14.58979,5.56806,-1.34189,-16.21954,-1.60114,6.81787,0.6579,,,,,,,,,,,,,,,,,,,,,,,,,,,,,,,,,,,,,,,,,,,,,,,,,,,High,High,High,,,,,
216,2025-03-09,11:41:35.75,1,1,"Olla, Austin",,Right,HOU_KYL1,"Pierantoni, Greg",1000091552,Right,POM_COL,Undefined,6,Bottom,0,0,0,Slider,Curveball,StrikeCalled,Undefined,Undefined,Undefined,0,0,,75.06602,2.340975,1.373442,2028.174789,50.045673,7:45,5.76949,0.65234,5.12163,-58.90869,-8.26052,-11.57792,3.06734,0.98145,69.51332,-8.287813,-0.676853,0.512216,,,,,,,,,,,,6.09071,-4.21882,-0.77214,50,5.94359,-2.16062,-109.01359,2.41733,7.38993,17.68144,-37.29282,POM_COL,HOU_KYL1,PomonaPitzer,D3,Team,20250309-PomonaPitzer-3,216e7690-fd16-11ef-8396-49d062319fe5,73.58699,,,5.5527,,,,,,,4a7971cc-f0d5-4adf-be21-3c3eee1bd4f8,2025-03-09,18:41:35.75,2025-03-09T11:41:35.7574656-07:00,2025-03-09T18:41:35.7574656Z,,v3,POM_PIT,58339,,"Hargrove, Calvin",,Undefined,HOU_KYL1,2ff85131-c0b9-4102-b700-c0187375777a,55.38189,-109.88304,8.84072,5.77964,4.25113,-18.64641,-0.65696,-2.52401,3.69497,,,,,,,,,,,,,,,,,,,,,,,,,,,,,,,,,,,,,,,,,,,,,,,,,,,High,High,High,,,,,
217,2025-03-09,11:41:46.62,1,2,"Olla, Austin",,Right,HOU_KYL1,"Pierantoni, Greg",1000091552,Right,POM_COL,Undefined,6,Bottom,0,0,1,Fastball,Changeup,StrikeSwinging,Undefined,Undefined,Undefined,0,0,,85.46132,-1.658931,-0.851116,2005.171641,215.800548,1:15,5.83358,0.57784,5.372,-23.22182,15.83162,10.50796,2.34246,0.65547,78.15225,-5.977686,1.017483,0.449781,,,,,,,,,,,,-5.49886,8.79158,-0.50919,50,5.66871,1.38536,-123.98473,-4.36023,-8.554,24.93725,-18.49791,POM_COL,HOU_KYL1,PomonaPitzer,D3,Team,20250309-PomonaPitzer-3,27e59580-fd16-11ef-8396-49d062319fe5,83.80174,,,7.30907,,,,,,,4a7971cc-f0d5-4adf-be21-3c3eee1bd4f8,2025-03-09,18:41:46.62,2025-03-09T11:41:46.6240512-07:00,2025-03-09T18:41:46.6240512Z,,v3,POM_PIT,58339,,"Hargrove, Calvin",,Undefined,HOU_KYL1,15c951a9-cbc6-4a8b-8c50-809cc174e2f8,55.12578,-125.01143,12.46862,5.83255,-3.59864,-9.24896,-0.57347,1.73754,-4.277,,,,,,,,,,,,,,,,,,,,,,,,,,,,,,,,,,,,,,,,,,,,,,,,,,,High,High,High,,,,,
218,2025-03-09,11:41:58.23,1,3,"Olla, Austin",,Right,HOU_KYL1,"Pierantoni, Greg",1000091552,Right,POM_COL,Undefined,6,Bottom,0,0,2,Slider,Curveball,InPlay,Undefined,GroundBall,Error,0,0,,77.23709,1.119972,0.735603,2137.754908,48.957589,7:45,5.47823,0.63947,4.99448,-56.80617,-8.55245,-11.47918,1.80204,0.37743,71.35642,-9.100733,-1.295406,0.499962,94.00444,3.524391,-17.081122,1915.69912,,,,68.88771,62.25118,-18.106549,0.519947,5.93709,-4.21008,-0.70029,50,5.539,-0.98463,-112.1818,0.16265,7.58244,19.87669,-37.55088,POM_COL,HOU_KYL1,PomonaPitzer,D3,Team,20250309-PomonaPitzer-3,2ed60320-fd16-11ef-8396-49d062319fe5,75.39066,2.6707,,5.88066,,,,2.02216,1.94282,-0.35563,4a7971cc-f0d5-4adf-be21-3c3eee1bd4f8,2025-03-09,18:41:58.23,2025-03-09T11:41:58.2303232-07:00,2025-03-09T18:41:58.2303232Z,GroundBall,v3,POM_PIT,58339,,"Hargrove, Calvin",,Undefined,HOU_KYL1,fb3c76da-2b59-4b69-9edf-7e98aadf455c,55.50921,-113.15373,9.93834,5.48615,1.99881,-18.77544,-0.64307,-1.3554,3.79122,39.6857,2.03657,131.17013,-17.66367,,,,,,,1.96302,7.9531,-22.62756,,,,,,,-0.35061,-40.55105,0.07795,,,,,,,,,,,,,,,,,,,,,,,,,,,,,High,High,High,High,High,,,
219,2025-03-09,11:42:29.05,2,1,"Olla, Austin",,Right,HOU_KYL1,"Hattenburg, Xavier",10277269,Left,POM_COL,Undefined,6,Bottom,0,0,0,Fastball,Changeup,FoulBallNotFieldable,Undefined,Undefined,Undefined,0,0,,84.71711,-0.785517,-1.734366,1978.209203,218.089557,1:15,5.84712,1.35284,5.52353,-24.28568,14.92052,10.78068,3.08854,0.62924,77.97911,-5.2975,0.186931,0.45066,,,,,,,,,,,,-5.91437,8.103,-1.20944,50,5.76264,3.2804,-123.054,-2.48127,-9.13273,22.80152,-19.66177,POM_COL,HOU_KYL1,PomonaPitzer,D3,Team,20250309-PomonaPitzer-3,412b2870-fd16-11ef-8396-49d062319fe5,83.63837,,,6.738,,,,,,,4a7971cc-f0d5-4adf-be21-3c3eee1bd4f8,2025-03-09,18:42:29.05,2025-03-09T11:42:29.0554880-07:00,2025-03-09T18:42:29.0554880Z,,v3,POM_PIT,58339,,"Hargrove, Calvin",,Undefined,HOU_KYL1,ac948bf5-5521-4f2d-bd88-e526058ad485,54.97646,-123.97269,11.40076,5.84666,-1.68908,-9.83089,-1.34902,3.64836,-4.56636,,,,,,,,,,,,,,,,,,,,,,,,,,,,,,,,,,,,,,,,,,,,,,,,,,,High,High,High,,,,,
220,2025-03-09,11:42:48.53,2,2,"Olla, Austin",,Right,HOU_KYL1,"Hattenburg, Xavier",10277269,Left,POM_COL,Undefined,6,Bottom,0,0,1,Fastball,Changeup,BallCalled,Undefined,Undefined,Undefined,0,0,,84.65347,-0.930379,-0.973167,1934.7991,222.611566,1:30,5.75155,1.14216,5.29982,-24.83025,14.79867,12.51741,2.8087,1.27156,77.87285,-5.522183,1.249545,0.453083,,,,,,,,,,,,-6.49811,8.02048,-1.06303,50,5.64913,1.5457,-122.92304,-2.83817,-10.00595,22.90938,-19.82395,POM_COL,HOU_KYL1,PomonaPitzer,D3,Team,20250309-PomonaPitzer-3,4cc93fa0-fd16-11ef-8396-49d062319fe5,83.19108,,,6.78062,,,,,,,4a7971cc-f0d5-4adf-be21-3c3eee1bd4f8,2025-03-09,18:42:48.53,2025-03-09T11:42:48.5370880-07:00,2025-03-09T18:42:48.5370880Z,,v3,POM_PIT,58339,,"Hargrove, Calvin",,Undefined,HOU_KYL1,4fa2183d-c7d4-4f36-b026-1b01275fd082,55.19877,-123.88815,11.45469,5.75111,-2.00304,-9.91198,-1.13702,1.96722,-5.00298,,,,,,,,,,,,,,,,,,,,,,,,,,,,,,,,,,,,,,,,,,,,,,,,,,,High,High,High,,,,,
221,2025-03-09,11:43:02.45,2,3,"Olla, Austin",,Right,HOU_KYL1,"Hattenburg, Xavier",10277269,Left,POM_COL,Undefined,6,Bottom,0,1,1,Slider,Curveball,StrikeCalled,Undefined,Undefined,Undefined,0,0,,76.57773,1.42097,0.453736,2181.223809,40.76078,7:15,5.60799,1.18061,5.02191,-59.48405,-10.86347,-10.49662,1.99224,0.73408,71.37062,-9.254308,-1.404457,0.501859,,,,,,,,,,,,5.32886,-5.34618,-1.2152,50,5.69544,-0.46553,-111.34025,0.63325,6.7646,17.882,-38.96064,POM_COL,HOU_KYL1,PomonaPitzer,D3,Team,20250309-PomonaPitzer-3,552439c0-fd16-11ef-8396-49d062319fe5,75.10569,,,5.20711,,,,,,,4a7971cc-f0d5-4adf-be21-3c3eee1bd4f8,2025-03-09,18:43:02.45,2025-03-09T11:43:02.4573952-07:00,2025-03-09T18:43:02.4573952Z,,v3,POM_PIT,58339,,"Hargrove, Calvin",,Undefined,HOU_KYL1,b4eb4663-5160-4e28-8472-1a1abbd26f39,55.48302,-112.21741,8.941,5.61751,2.54436,-19.48032,-1.18423,-0.79736,3.3823,,,,,,,,,,,,,,,,,,,,,,,,,,,,,,,,,,,,,,,,,,,,,,,,,,,High,High,High,,,,,
222,2025-03-09,11:43:30.82,2,4,"Olla, Austin",,Right,HOU_KYL1,"Hattenburg, Xavier",10277269,Left,POM_COL,Undefined,6,Bottom,0,1,2,Fastball,Changeup,BallCalled,Undefined,Undefined,Undefined,0,0,,84.8609,-0.328302,-0.179425,1890.411251,205.431116,12:45,5.78876,1.32159,5.4677,-22.17804,16.76048,7.45107,3.63333,1.77459,78.42588,-4.453757,1.147387,0.449119,,,,,,,,,,,,-3.79811,8.87434,-1.31102,50,5.74483,0.07307,-123.35915,-1.42478,-5.92546,21.67817,-18.32914,POM_COL,HOU_KYL1,PomonaPitzer,D3,Team,20250309-PomonaPitzer-3,660b2910-fd16-11ef-8396-49d062319fe5,83.92534,,,6.43503,,,,,,,4a7971cc-f0d5-4adf-be21-3c3eee1bd4f8,2025-03-09,18:43:30.82,2025-03-09T11:43:30.8259328-07:00,2025-03-09T18:43:30.8259328Z,,v3,POM_PIT,58339,,"Hargrove, Calvin",,Undefined,HOU_KYL1,be0a8d3e-7e55-4e11-ac89-491db92b4ce6,55.03165,-124.24023,10.83908,5.7876,-0.67982,-9.16457,-1.31889,0.3139,-2.96273,,,,,,,,,,,,,,,,,,,,,,,,,,,,,,,,,,,,,,,,,,,,,,,,,,,High,High,High,,,,,
223,2025-03-09,11:43:45.83,2,5,"Olla, Austin",,Right,HOU_KYL1,"Hattenburg, Xavier",10277269,Left,POM_COL,Undefined,6,Bottom,0,2,2,Slider,Curveball,FoulBallNotFieldable,Undefined,Undefined,Undefined,0,0,,76.66213,1.17785,-0.196264,2132.284218,51.244373,7:45,5.61776,1.5246,4.98318,-55.88444,-7.14311,-10.6065,2.07319,0.45538,71.18869,-8.866646,-2.071727,0.502482,,,,,,,,,,,,5.26111,-3.53878,-1.49642,50,5.6848,0.79641,-111.41105,0.31414,6.66427,18.55151,-36.65666,POM_COL,HOU_KYL1,PomonaPitzer,D3,Team,20250309-PomonaPitzer-3,6ef87820-fd16-11ef-8396-49d062319fe5,75.01257,,,5.47344,,,,,,,4a7971cc-f0d5-4adf-be21-3c3eee1bd4f8,2025-03-09,18:43:45.83,2025-03-09T11:43:45.8366464-07:00,2025-03-09T18:43:45.8366464Z,,v3,POM_PIT,58339,,"Hargrove, Calvin",,Undefined,HOU_KYL1,5c0a28b1-e029-49d6-8093-d5d30dabdd0e,55.52088,-112.32659,9.27576,5.62466,2.1232,-18.32833,-1.52761,0.46753,3.33214,,,,,,,,,,,,,,,,,,,,,,,,,,,,,,,,,,,,,,,,,,,,,,,,,,,High,High,High,,,,,
224,2025-03-09,11:44:04.79,2,6,"Olla, Austin",,Right,HOU_KYL1,"Hattenburg, Xavier",10277269,Left,POM_COL,Undefined,6,Bottom,0,2,2,Fastball,Four-Seam,FoulBallNotFieldable,Undefined,Undefined,Undefined,0,0,,85.76611,-0.518323,-1.80445,2169.491348,220.899035,1:15,5.84242,1.0551,5.57817,-21.62773,17.20198,13.72162,3.55576,0.51271,77.54948,-4.603582,0.642977,0.448491,69.87961,27.989085,-172.75237,2192.734633,,,,,18.57721,,,-7.53638,9.26607,-0.9092,50,5.78408,3.34075,-124.36942,-1.79686,-11.67078,27.57146,-17.82473,POM_COL,HOU_KYL1,PomonaPitzer,D3,Team,20250309-PomonaPitzer-3,7a3eab50-fd16-11ef-8396-49d062319fe5,84.04284,13.28035,,8.21663,,,,1.6635,3.72372,-0.51452,4a7971cc-f0d5-4adf-be21-3c3eee1bd4f8,2025-03-09,18:44:04.79,2025-03-09T11:44:04.7968768-07:00,2025-03-09T18:44:04.7968768Z,,v3,POM_PIT,58339,,"Hargrove, Calvin",,Undefined,HOU_KYL1,04d97a9b-7b4d-4975-96bb-c4461e6cd2b0,54.92025,-125.45544,13.78573,5.84103,-1.09476,-8.91237,-1.04984,3.80046,-5.83539,339.319104,1.66363,-89.78679,4.87531,,,,,,,3.72494,48.02704,-24.82369,,,,,,,-0.51418,-11.4378,-1.80412,,,,,,,,,,,,,,,,,,,,,,,,,,,,,High,High,High,High,Undefined,,,
225,2025-03-09,11:44:24.84,2,7,"Olla, Austin",,Right,HOU_KYL1,"Hattenburg, Xavier",10277269,Left,POM_COL,Undefined,6,Bottom,0,2,2,Fastball,Changeup,BallCalled,Undefined,Undefined,Undefined,0,0,,85.86258,-2.504941,-0.65715,1831.18802,216.840779,1:15,5.77577,0.97172,5.38913,-21.69029,17.16867,11.87879,1.6188,1.34566,78.26497,-6.552636,1.456161,0.44866,,,,,,,,,,,,-6.13284,9.74115,-0.92154,50,5.53698,0.9069,-124.45192,-6.14646,-9.57173,26.10839,-16.97069,POM_COL,HOU_KYL1,PomonaPitzer,D3,Team,20250309-PomonaPitzer-3,86325c90-fd16-11ef-8396-49d062319fe5,84.0112,,,7.59761,,,,,,,4a7971cc-f0d5-4adf-be21-3c3eee1bd4f8,2025-03-09,18:44:24.84,2025-03-09T11:44:24.8405504-07:00,2025-03-09T18:44:24.8405504Z,,v3,POM_PIT,58339,,"Hargrove, Calvin",,Undefined,HOU_KYL1,cd98dd4e-f31f-43b0-9ab8-64136cef9b60,55.10798,-125.51894,13.05419,5.774,-5.45289,-8.48535,-0.96659,1.29808,-4.78587,,,,,,,,,,,,,,,,,,,,,,,,,,,,,,,,,,,,,,,,,,,,,,,,,,,High,High,High,,,,,
226,2025-03-09,11:44:43.23,2,8,"Olla, Austin",,Right,HOU_KYL1,"Hattenburg, Xavier",10277269,Left,POM_COL,Undefined,6,Bottom,0,3,2,Slider,Curveball,BallCalled,Walk,Undefined,Undefined,0,0,,77.07574,1.794567,1.181646,1980.97177,36.46202,7:15,5.59367,1.23461,4.91794,-56.03176,-7.54386,-6.61863,2.62202,1.80045,71.23668,-8.283144,0.013509,0.501173,,,,,,,,,,,,3.56457,-3.71587,-1.34414,50,5.72177,-2.03595,-111.8981,1.46246,4.54781,19.00807,-36.9149,POM_COL,HOU_KYL1,PomonaPitzer,D3,Team,20250309-PomonaPitzer-3,913481e0-fd16-11ef-8396-49d062319fe5,75.20837,,,5.83906,,,,,,,4a7971cc-f0d5-4adf-be21-3c3eee1bd4f8,2025-03-09,18:44:43.23,2025-03-09T11:44:43.2377344-07:00,2025-03-09T18:44:43.2377344Z,,v3,POM_PIT,58339,,"Hargrove, Calvin",,Undefined,HOU_KYL1,87922f51-1c4e-4811-96fa-bf7a37b1c1b2,55.58437,-112.84273,9.50404,5.6035,3.29698,-18.45745,-1.23735,-2.26196,2.2739,,,,,,,,,,,,,,,,,,,,,,,,,,,,,,,,,,,,,,,,,,,,,,,,,,,High,High,High,,,,,
227,2025-03-09,11:45:20.48,3,1,"Olla, Austin",,Right,HOU_KYL1,"Lee, Sammy",1000276388,Right,POM_COL,Undefined,6,Bottom,0,0,0,Fastball,Changeup,StrikeSwinging,Undefined,Undefined,Undefined,0,0,,84.33446,-1.113511,-2.51241,1847.146976,209.44018,1:00,5.75687,1.05974,5.80304,-23.77651,15.65619,8.12847,2.73876,-0.60103,77.18019,-5.569323,-1.057438,0.45196,,,,,,,,,,,,-4.82166,8.67217,-0.85814,50,5.6512,5.03758,-122.36973,-3.10564,-7.31787,23.93842,-19.01227,POM_COL,HOU_KYL1,PomonaPitzer,D3,Team,20250309-PomonaPitzer-3,a7588980-fd16-11ef-8396-49d062319fe5,83.39778,,,7.15427,,,,,,,4a7971cc-f0d5-4adf-be21-3c3eee1bd4f8,2025-03-09,18:45:20.48,2025-03-09T11:45:20.4850688-07:00,2025-03-09T18:45:20.4850688Z,,v3,POM_PIT,58339,,"Hargrove, Calvin",,Undefined,HOU_KYL1,1f00c4fb-1766-4988-ade4-e42dd9f9ffff,54.69471,-123.2847,11.96921,5.75602,-2.37895,-9.50613,-1.05603,5.31728,-3.65894,,,,,,,,,,,,,,,,,,,,,,,,,,,,,,,,,,,,,,,,,,,,,,,,,,,High,High,High,,,,,
228,2025-03-09,11:45:42.65,3,2,"Olla, Austin",,Right,HOU_KYL1,"Lee, Sammy",1000276388,Right,POM_COL,Undefined,6,Bottom,0,0,1,Slider,Curveball,StrikeSwinging,Undefined,Undefined,Undefined,0,0,,76.25584,1.091692,-0.968633,2009.185809,24.586424,6:45,5.72917,1.13961,4.94399,-60.89728,-11.31749,-5.84614,1.68636,-0.26305,70.63532,-9.829119,-2.002259,0.506785,,,,,,,,,,,,2.63067,-5.44272,-1.04049,50,5.78431,2.10723,-110.75123,-0.08412,3.27652,19.26223,-38.95303,POM_COL,HOU_KYL1,PomonaPitzer,D3,Team,20250309-PomonaPitzer-3,b4a2a300-fd16-11ef-8396-49d062319fe5,74.3756,,,5.62052,,,,,,,4a7971cc-f0d5-4adf-be21-3c3eee1bd4f8,2025-03-09,18:45:42.65,2025-03-09T11:45:42.6523136-07:00,2025-03-09T18:45:42.6523136Z,,v3,POM_PIT,58339,,"Hargrove, Calvin",,Undefined,HOU_KYL1,0c3eb5a2-e5dc-4cdd-ba2f-427d3ff5bd69,55.55961,-111.71399,9.63112,5.73986,1.86282,-19.47652,-1.14172,1.94346,1.63826,,,,,,,,,,,,,,,,,,,,,,,,,,,,,,,,,,,,,,,,,,,,,,,,,,,High,High,High,,,,,
229,2025-03-09,11:46:07.18,3,3,"Olla, Austin",,Right,HOU_KYL1,"Lee, Sammy",1000276388,Right,POM_COL,Undefined,6,Bottom,0,0,2,Slider,Curveball,FoulBallNotFieldable,Undefined,Undefined,Undefined,0,0,,77.9567,1.529005,0.332615,2038.670991,28.405236,7:00,5.67615,1.04141,4.86113,-57.72499,-10.43851,-6.35473,2.31328,0.82667,72.43113,-8.812889,-0.788767,0.494926,,,,,,,,,,,,3.22988,-5.17319,-1.06846,50,5.77688,-0.39756,-113.28228,0.88422,4.23796,18.80817,-38.9618,POM_COL,HOU_KYL1,PomonaPitzer,D3,Team,20250309-PomonaPitzer-3,c32f9cc0-fd16-11ef-8396-49d062319fe5,76.1578,,,5.52556,,,,,,,4a7971cc-f0d5-4adf-be21-3c3eee1bd4f8,2025-03-09,18:46:07.18,2025-03-09T11:46:07.1844352-07:00,2025-03-09T18:46:07.1844352Z,,v3,POM_PIT,58339,,"Hargrove, Calvin",,Undefined,HOU_KYL1,a4d942b7-2bba-475d-974c-44c34ac3413b,55.64312,-114.21536,9.40409,5.68507,2.81713,-19.4809,-1.04353,-0.60781,2.11898,,,,,,,,,,,,,,,,,,,,,,,,,,,,,,,,,,,,,,,,,,,,,,,,,,,High,High,High,,,,,
230,2025-03-09,11:46:40.63,3,4,"Olla, Austin",,Right,HOU_KYL1,"Lee, Sammy",1000276388,Right,POM_COL,Undefined,6,Bottom,0,0,2,Cutter,Slider,InPlay,Undefined,FlyBall,Out,1,0,,81.25485,-0.74821,-2.33247,2015.163806,187.010602,12:15,5.62879,1.15688,5.41618,-34.30903,8.34634,0.87858,2.06816,-0.95615,75.3466,-7.017163,-2.176243,0.470066,96.49141,20.275972,18.703484,2981.207887,100.82836,34.77735,43.97281,302.91247,297.00552,32.385437,3.465267,-1.02067,4.74071,-0.95016,50,5.53816,4.7726,-118.02268,-2.70137,-1.45566,20.12047,-25.41287,POM_COL,HOU_KYL1,PomonaPitzer,D3,Team,20250309-PomonaPitzer-3,d725c7e0-fd16-11ef-8396-49d062319fe5,80.1855,41.58778,,5.90826,,,,1.03961,2.04425,0.91519,4a7971cc-f0d5-4adf-be21-3c3eee1bd4f8,2025-03-09,18:46:40.63,2025-03-09T11:46:40.6371840-07:00,2025-03-09T18:46:40.6371840Z,LineDrive,v3,POM_PIT,58339,,"Hargrove, Calvin",,Undefined,HOU_KYL1,7f69b33a-2073-452a-bec2-a399ab320e5d,55.0848,-118.88638,10.06023,5.63071,-1.6105,-12.70643,-1.15637,4.83508,-0.72783,229.857838,1.03974,125.73285,-28.0169,6.53535,-1.28741,0.19337,-0.01857,0.00071,2E-05,2.04414,49.05216,-16.35615,1.06457,-0.43214,0.20218,-0.05899,0.0094,-0.00062,0.91511,42.57536,3.21606,-1.07861,0.14224,0.03522,-0.02032,0.00376,-0.00026,,,,,,,,,,,,,,,,,,,,,,,High,High,High,High,High,,,
231,2025-03-09,11:47:20.84,4,1,"Olla, Austin",,Right,HOU_KYL1,"Kinney, William",1000092038,Right,POM_COL,Undefined,6,Bottom,1,0,0,Fastball,Changeup,FoulBallNotFieldable,Undefined,Undefined,Undefined,0,0,,84.95015,-0.50934,-2.727723,1911.992676,208.303225,1:00,5.92363,1.10464,5.37919,-22.86155,16.4658,8.223,3.54047,-0.76912,77.95856,-4.764338,-1.268203,0.451356,31.92738,-47.761802,82.295399,,,,,4.7272,4.72715,57.576663,0.101184,-4.87461,8.77937,-0.86645,50,5.86212,5.52716,-123.26356,-1.84861,-7.53858,23.31445,-18.59675,POM_COL,HOU_KYL1,PomonaPitzer,D3,Team,20250309-PomonaPitzer-3,ef195f60-fd16-11ef-8396-49d062319fe5,83.50941,3.5968,,6.99159,,,,2.09675,3.5968,0.75395,4a7971cc-f0d5-4adf-be21-3c3eee1bd4f8,2025-03-09,18:47:20.84,2025-03-09T11:47:20.8422400-07:00,2025-03-09T18:47:20.8422400Z,GroundBall,v3,POM_PIT,58339,,"Hargrove, Calvin",,Undefined,HOU_KYL1,3e0bb5c5-f523-4343-8254-4841504013ac,55.12065,-124.22832,11.65722,5.92269,-1.07907,-9.29838,-1.10162,5.83911,-3.76929,,2.09501,4.3271,,,,,,,,3.61112,-35.54775,,,,,,,,0.74107,31.98457,,,,,,,,,,,,,,,,,,,,,,,,,,,,,,High,High,High,Estimated,Estimated,,,
232,2025-03-09,11:47:46.27,4,2,"Olla, Austin",,Right,HOU_KYL1,"Kinney, William",1000092038,Right,POM_COL,Undefined,6,Bottom,1,0,1,Slider,Curveball,BallinDirt,Undefined,Undefined,Undefined,0,1,,76.97875,0.79831,-2.344213,2109.706097,37.909653,7:15,5.81027,1.19189,4.97508,-59.36157,-10.7793,-9.47863,1.61816,-1.81333,71.5005,-9.831864,-4.01827,0.501661,,,,,,,,,,,,4.07193,-5.10949,-0.95735,50,5.83844,4.95689,-111.75834,-0.59045,5.17226,19.32252,-38.66424,POM_COL,HOU_KYL1,PomonaPitzer,D3,Team,20250309-PomonaPitzer-3,fe4a6150-fd16-11ef-8396-49d062319fe5,75.13528,,,5.47825,,,,,,,4a7971cc-f0d5-4adf-be21-3c3eee1bd4f8,2025-03-09,18:47:46.27,2025-03-09T11:47:46.2737920-07:00,2025-03-09T18:47:46.2737920Z,,v3,POM_PIT,58339,,"Hargrove, Calvin",,Undefined,HOU_KYL1,f73c13e5-7dc4-4461-9415-4a0c72c4e2dc,55.52871,-112.71018,9.66126,5.82061,1.31417,-19.33212,-1.19525,4.70211,2.58613,,,,,,,,,,,,,,,,,,,,,,,,,,,,,,,,,,,,,,,,,,,,,,,,,,,Medium,Medium,Medium,,,,,
233,2025-03-09,11:48:25.67,4,3,"Olla, Austin",,Right,HOU_KYL1,"Kinney, William",1000092038,Right,POM_COL,Undefined,6,Bottom,1,1,1,Fastball,Changeup,StrikeSwinging,Undefined,Undefined,Undefined,0,0,,85.81426,-1.038131,-1.589221,1841.867782,207.606302,1:00,5.76293,1.08386,5.42389,-19.94867,18.89761,9.195,3.12768,0.36117,77.94661,-4.800858,0.046236,0.448586,,,,,,,,,,,,-5.0578,10.17646,-0.94928,50,5.6573,3.0471,-124.42095,-2.8717,-7.88559,26.22389,-16.308,POM_COL,HOU_KYL1,PomonaPitzer,D3,Team,20250309-PomonaPitzer-3,15bbf790-fd17-11ef-8396-49d062319fe5,84.02492,,,7.86764,,,,,,,4a7971cc-f0d5-4adf-be21-3c3eee1bd4f8,2025-03-09,18:48:25.67,2025-03-09T11:48:25.6765440-07:00,2025-03-09T18:48:25.6765440Z,,v3,POM_PIT,58339,,"Hargrove, Calvin",,Undefined,HOU_KYL1,38238201-7e3e-46fa-8023-98340a4b965d,55.07232,-125.48548,13.11195,5.76044,-2.2097,-8.154,-1.07947,3.3672,-3.9428,,,,,,,,,,,,,,,,,,,,,,,,,,,,,,,,,,,,,,,,,,,,,,,,,,,High,High,High,,,,,
234,2025-03-09,11:48:47.32,4,4,"Olla, Austin",,Right,HOU_KYL1,"Kinney, William",1000092038,Right,POM_COL,Undefined,6,Bottom,1,1,2,Splitter,Splitter,InPlay,Undefined,GroundBall,Single,1,0,,79.20348,0.296595,-2.721974,972.493001,281.045221,3:15,5.6521,1.17146,5.15452,-45.76424,0.27071,6.32748,2.11793,-0.86554,72.45527,-8.016415,-1.601934,0.488332,83.60874,-13.516266,4.698402,,,,,10.38421,10.38421,9.219679,0.075448,-3.97177,0.43496,-0.92215,50,5.64445,5.20371,-114.81303,-1.0121,-5.27593,22.2178,-31.59628,POM_COL,HOU_KYL1,PomonaPitzer,D3,Team,20250309-PomonaPitzer-3,22aa3570-fd17-11ef-8396-49d062319fe5,77.18606,2.19603,,6.74821,,,,1.29389,2.19603,0.93776,4a7971cc-f0d5-4adf-be21-3c3eee1bd4f8,2025-03-09,18:48:47.32,2025-03-09T11:48:47.3227776-07:00,2025-03-09T18:48:47.3227776Z,GroundBall,v3,POM_PIT,58339,,"Hargrove, Calvin",,Undefined,HOU_KYL1,e2a333ba-716b-4624-a4bf-66fc6efc8ad2,55.34595,-115.84292,11.1089,5.65742,0.45253,-15.79814,-1.16903,5.44827,-2.63796,169.698578,1.29389,118.8279,-1.61092,,,,,,,2.19603,-28.6604,-5.91405,,,,,,,0.93776,9.76594,-1.90134,,,,,,,,,,,,,,,,,,,,,,,,,,,,,High,High,High,Medium,High,,,
235,2025-03-09,11:49:17.38,5,1,"Olla, Austin",,Right,HOU_KYL1,"Legg, Jimmy",1000115608,Left,POM_COL,Undefined,6,Bottom,2,0,0,Fastball,Four-Seam,InPlay,Undefined,Popup,Out,1,0,,85.21026,-1.463212,-1.849778,2019.408831,204.562334,12:45,5.83266,1.17586,5.70382,-20.39674,18.28473,7.80335,2.76854,0.10196,78.09132,-5.301074,-0.454743,0.447634,,,,,,,,,,,,-4.49819,10.08154,-1.02579,50,5.6974,3.67946,-123.70906,-3.77824,-6.98532,24.19539,-16.5182,POM_COL,HOU_KYL1,PomonaPitzer,D3,Team,20250309-PomonaPitzer-3,348e7080-fd17-11ef-8396-49d062319fe5,84.20374,,,7.11893,,,,,,,4a7971cc-f0d5-4adf-be21-3c3eee1bd4f8,2025-03-09,18:49:17.38,2025-03-09T11:49:17.3871616-07:00,2025-03-09T18:49:17.3871616Z,,v3,POM_PIT,58339,,"Hargrove, Calvin",,Undefined,HOU_KYL1,9dcaf755-e958-49ba-815e-95bed0cc0d05,54.79593,-124.64353,12.0977,5.831,-3.14028,-8.2591,-1.17311,3.94925,-3.49266,,,,,,,,,,,,,,,,,,,,,,,,,,,,,,,,,,,,,,,,,,,,,,,,,,,High,High,High,,,,,
236,2025-03-09,11:51:11.46,1,1,"Lawson, Wade",1000068528,Right,POM_COL,"Pye, Logan",,Right,HOU_KYL1,Undefined,7,Top,0,0,0,Fastball,Four-Seam,InPlay,Undefined,Popup,Out,1,0,,85.97447,-1.411752,-3.419062,2288.43506,231.851068,1:45,5.81184,1.46023,5.00163,-28.26797,10.9519,12.32532,2.12079,-0.74419,78.63212,-6.586541,-1.246744,0.450738,82.80792,49.757952,22.284309,,94.60179,107.56783,56.12926,219.75302,106.71192,35.487566,5.435105,-7.08142,6.19071,-1.14191,50,5.65333,6.88678,-124.50482,-4.1188,-11.11495,25.0101,-22.45715,POM_COL,HOU_KYL1,PomonaPitzer,D3,Team,20250309-PomonaPitzer-3,7891c930-fd17-11ef-8396-49d062319fe5,83.62377,111.27665,,7.34235,,,,1.1814,1.20331,0.20156,4a7971cc-f0d5-4adf-be21-3c3eee1bd4f8,2025-03-09,18:51:11.46,2025-03-09T11:51:11.4664960-07:00,2025-03-09T18:51:11.4664960Z,FlyBall,v3,POM_PIT,58339,,"Hattenburg, Xavier",10277269,Right,POM_COL,b860f4e7-a910-4b49-808f-58cf1edf4ae9,55.49781,-125.60434,12.50505,5.81271,-3.13151,-11.22857,-1.45541,7.37543,-5.55747,,1.18504,72.50496,-21.9939,5.92591,-0.86284,-0.04135,0.04258,-0.00661,0.00034,1.19655,92.82911,-23.34251,2.21631,-0.41283,0.05832,0.002,-0.00178,0.00014,0.20033,29.77975,-1.08153,-0.28321,0.06893,0.01935,-0.0109,0.00176,-0.0001,,,,,,,,,,,,,,,,,,,,,,,High,High,High,Medium,Low,,,
237,2025-03-09,11:51:43.58,2,1,"Lawson, Wade",1000068528,Right,POM_COL,"Hargrove, Calvin",,Right,HOU_KYL1,Undefined,7,Top,1,0,0,Fastball,Changeup,StrikeCalled,Undefined,Undefined,Undefined,0,0,,85.81987,-1.963996,-2.467901,2221.469036,229.059333,1:45,5.57972,1.44809,4.73461,-27.031,12.7189,13.16166,1.46145,0.20218,78.48205,-6.897464,-0.156183,0.453774,,,,,,,,,,,,-7.14776,7.17406,-1.21167,50,5.35819,4.74595,-124.27723,-5.28884,-11.17331,25.01767,-20.9596,POM_COL,HOU_KYL1,PomonaPitzer,D3,Team,20250309-PomonaPitzer-3,8bb49ec0-fd17-11ef-8396-49d062319fe5,83.06436,,,7.33782,,,,,,,4a7971cc-f0d5-4adf-be21-3c3eee1bd4f8,2025-03-09,18:51:43.58,2025-03-09T11:51:43.5894784-07:00,2025-03-09T18:51:43.5894784Z,,v3,POM_PIT,58339,,"Hattenburg, Xavier",10277269,Right,POM_COL,e6d0323f-4107-4b7a-9f28-58e76a34b664,55.76395,-125.43218,12.50884,5.58001,-4.32123,-10.4798,-1.44268,5.26177,-5.58666,,,,,,,,,,,,,,,,,,,,,,,,,,,,,,,,,,,,,,,,,,,,,,,,,,,High,High,High,,,,,
238,2025-03-09,11:51:57.74,2,2,"Lawson, Wade",1000068528,Right,POM_COL,"Hargrove, Calvin",,Right,HOU_KYL1,Undefined,7,Top,1,0,1,Slider,Slider,FoulBallNotFieldable,Undefined,Undefined,Undefined,0,0,,82.7277,0.35256,-2.660037,2228.21021,46.532562,7:30,5.44328,1.89979,4.24007,-46.77821,-2.72425,-4.50504,1.88298,-1.02397,75.06239,-8.004254,-3.443775,0.477709,50.31291,54.083043,85.196579,,,,,,24.56331,,,1.34217,-1.03571,-1.60359,50,5.43336,5.76761,-119.6233,-1.19586,1.91926,25.90637,-33.6551,POM_COL,HOU_KYL1,PomonaPitzer,D3,Team,20250309-PomonaPitzer-3,942ac200-fd17-11ef-8396-49d062319fe5,78.90243,36.6137,,7.6653,,,,,,,4a7971cc-f0d5-4adf-be21-3c3eee1bd4f8,2025-03-09,18:51:57.74,2025-03-09T11:51:57.7488896-07:00,2025-03-09T18:51:57.7488896Z,,v3,POM_PIT,58339,,"Hattenburg, Xavier",10277269,Right,POM_COL,2974c5c2-ab35-41cb-a6dc-545ea66f4fa2,56.25908,-120.97121,12.95318,5.45002,0.55521,-16.82755,-1.90108,5.66775,0.95963,,2.84925,3.48517,-3.47727,,,,,,,11.99779,59.84539,-13.58921,,,,,,,5.89733,42.8979,-6.29114,,,,,,,,,,,,,,,,,,,,,,,,,,,,,High,High,High,Medium,Undefined,,,
239,2025-03-09,11:52:16.39,2,3,"Lawson, Wade",1000068528,Right,POM_COL,"Hargrove, Calvin",,Right,HOU_KYL1,Undefined,7,Top,1,0,2,Slider,Slider,BallCalled,Undefined,Undefined,Undefined,0,0,,81.80155,2.571852,-0.29702,2305.465053,86.069093,8:45,5.58893,1.72809,4.17603,-43.23786,0.91539,-4.91855,4.45243,1.03353,75.36177,-5.148769,-1.151821,0.478248,,,,,,,,,,,,2.29201,0.17795,-1.68972,50,5.82753,0.84378,-118.59312,3.545,3.29972,20.36683,-31.91783,POM_COL,HOU_KYL1,PomonaPitzer,D3,Team,20250309-PomonaPitzer-3,9f410b90-fd17-11ef-8396-49d062319fe5,78.81363,,,6.43978,,,,,,,4a7971cc-f0d5-4adf-be21-3c3eee1bd4f8,2025-03-09,18:52:16.39,2025-03-09T11:52:16.3903488-07:00,2025-03-09T18:52:16.3903488Z,,v3,POM_PIT,58339,,"Hattenburg, Xavier",10277269,Right,POM_COL,3af4c8c9-398a-4072-9a1e-8abba3d2803b,56.32449,-119.67434,10.18342,5.59436,5.23944,-15.95892,-1.72986,0.66861,1.64986,,,,,,,,,,,,,,,,,,,,,,,,,,,,,,,,,,,,,,,,,,,,,,,,,,,High,High,High,,,,,
240,2025-03-09,11:52:35.81,2,4,"Lawson, Wade",1000068528,Right,POM_COL,"Hargrove, Calvin",,Right,HOU_KYL1,Undefined,7,Top,1,1,2,Curveball,Curveball,BallCalled,Undefined,Undefined,Undefined,0,0,,76.07138,-0.279391,-0.608322,2291.824615,25.237756,6:45,5.99892,0.89,4.62317,-56.96617,-6.30811,-3.71957,0.98612,0.00172,70.25655,-10.444357,-1.26271,0.512266,,,,,,,,,,,,1.65799,-2.59898,-0.82387,50,5.91729,1.32392,-110.36624,-2.63144,2.04115,19.98707,-35.37366,POM_COL,HOU_KYL1,PomonaPitzer,D3,Team,20250309-PomonaPitzer-3,aade8680-fd17-11ef-8396-49d062319fe5,73.57978,,,5.81483,,,,,,,4a7971cc-f0d5-4adf-be21-3c3eee1bd4f8,2025-03-09,18:52:35.81,2025-03-09T11:52:35.8154752-07:00,2025-03-09T18:52:35.8154752Z,,v3,POM_PIT,58339,,"Hattenburg, Xavier",10277269,Right,POM_COL,f2b0e121-2dc4-4b4b-aeb3-22432f63f708,55.87878,-111.42579,9.99354,6.00708,-0.75622,-17.68683,-0.89119,1.21572,1.02057,,,,,,,,,,,,,,,,,,,,,,,,,,,,,,,,,,,,,,,,,,,,,,,,,,,High,High,High,,,,,
241,2025-03-09,11:52:54.06,2,5,"Lawson, Wade",1000068528,Right,POM_COL,"Hargrove, Calvin",,Right,HOU_KYL1,Undefined,7,Top,1,2,2,Slider,Slider,InPlay,Undefined,GroundBall,Out,1,0,,82.44816,0.589648,-3.082819,2341.4218,68.278899,8:15,5.42358,1.88759,4.31323,-43.35341,0.89154,-1.66902,2.37536,-1.20166,74.69961,-7.192153,-3.37323,0.478744,63.98459,-17.031533,-20.752845,,,,,10.21901,9.8866,-9.95482,0.09084,-0.15736,0.62972,-1.55217,50,5.44361,6.49548,-119.18148,-0.52047,-0.22351,25.58732,-31.27969,POM_COL,HOU_KYL1,PomonaPitzer,D3,Team,20250309-PomonaPitzer-3,b5ba8630-fd17-11ef-8396-49d062319fe5,78.73194,2.50745,,7.74855,,,,2.41087,2.50745,1.13381,4a7971cc-f0d5-4adf-be21-3c3eee1bd4f8,2025-03-09,18:52:54.06,2025-03-09T11:52:54.0652032-07:00,2025-03-09T18:52:54.0652032Z,GroundBall,v3,POM_PIT,58339,,"Hattenburg, Xavier",10277269,Right,POM_COL,0b8f3ad6-3fa9-42c3-91c0-e85e167f7532,56.18567,-120.50217,12.79366,5.4288,1.09404,-15.63984,-1.88773,6.50701,-0.11176,180,2.40568,84.26165,,,,,,,,2.50915,-27.60304,,,,,,,,1.13578,-31.92867,,,,,,,,,,,,,,,,,,,,,,,,,,,,,,High,High,High,High,High,,,
242,2025-03-09,11:53:27.28,3,1,"Lawson, Wade",1000068528,Right,POM_COL,"Witte, Nate",,Right,HOU_KYL1,Undefined,7,Top,2,0,0,Fastball,Four-Seam,InPlay,Undefined,FlyBall,Double,0,0,,86.79837,-0.335315,-2.956254,2359.964232,228.039552,1:30,5.72698,1.21615,4.85049,-26.52332,12.2582,12.19733,3.19884,-0.56848,78.95118,-5.209324,-0.812156,0.448212,98.37399,23.991927,10.657069,3465.150501,106.22322,46.69873,28.57665,337.2,322.49721,23.650976,4.389194,-6.89831,6.50662,-0.93518,50,5.67174,5.93186,-125.70913,-1.73177,-10.99662,26.38902,-21.80181,POM_COL,HOU_KYL1,PomonaPitzer,D3,Team,20250309-PomonaPitzer-3,c9873050-fd17-11ef-8396-49d062319fe5,84.09506,62.4471,,7.84719,,,,1.14323,3.32746,0.57362,4a7971cc-f0d5-4adf-be21-3c3eee1bd4f8,2025-03-09,18:53:27.28,2025-03-09T11:53:27.2891904-07:00,2025-03-09T18:53:27.2891904Z,FlyBall,v3,POM_PIT,58339,,"Hattenburg, Xavier",10277269,Right,POM_COL,f8e8e22b-994e-48b0-bbde-27d2e5beb7e3,55.64868,-126.88937,13.19451,5.72739,-0.7567,-10.90091,-1.21148,6.42368,-5.49831,219.397006,1.14177,129.58078,-28.92674,7.19863,-1.71747,0.40093,-0.08081,0.01059,-0.0006,3.32978,58.60608,-14.59838,-0.63955,0.67556,-0.27414,0.06751,-0.00869,0.00044,0.57412,24.36253,6.33243,-2.89563,0.83722,-0.172,0.02473,-0.00218,9E-05,,,,,,,,,,,,,,,,,,,,,,,High,High,High,High,Medium,,,
243,2025-03-09,11:54:10.69,4,1,"Lawson, Wade",1000068528,Right,POM_COL,"Ramos, Emiliano",,Right,HOU_KYL1,Undefined,7,Top,2,0,0,Slider,Slider,StrikeCalled,Undefined,Undefined,Undefined,0,0,,81.69129,0.922464,-2.828101,2411.418421,72.077523,8:30,5.4891,1.82181,4.43284,-43.19337,0.75374,-1.58114,2.77079,-1.01003,75.45609,-6.802686,-3.103883,0.47713,,,,,,,,,,,,0.05492,0.51264,-1.5201,50,5.54468,5.92112,-118.41556,0.18301,0.07868,20.69319,-31.43955,POM_COL,HOU_KYL1,PomonaPitzer,D3,Team,20250309-PomonaPitzer-3,e3650ba0-fd17-11ef-8396-49d062319fe5,78.99826,,,6.2352,,,,,,,4a7971cc-f0d5-4adf-be21-3c3eee1bd4f8,2025-03-09,18:54:10.69,2025-03-09T11:54:10.6966016-07:00,2025-03-09T18:54:10.6966016Z,,v3,POM_PIT,58339,,"Hattenburg, Xavier",10277269,Right,POM_COL,eaec388b-22be-4a14-b742-49055a9d95a5,56.0676,-119.47117,10.34659,5.49444,1.78682,-15.71977,-1.82204,5.9171,0.03934,,,,,,,,,,,,,,,,,,,,,,,,,,,,,,,,,,,,,,,,,,,,,,,,,,,High,High,High,,,,,
244,2025-03-09,11:54:32.09,4,2,"Lawson, Wade",1000068528,Right,POM_COL,"Ramos, Emiliano",,Right,HOU_KYL1,Undefined,7,Top,2,0,1,Curveball,Curveball,HitByPitch,Undefined,Undefined,Undefined,0,0,,74.13114,2.977183,1.053155,2175.383672,34.862895,7:15,5.95747,1.08059,4.27075,-61.99633,-8.58292,-6.98961,3.64269,1.50588,68.84885,-8.028295,-0.164705,0.526013,,,,,,,,,,,,3.65516,-4.52992,-1.18749,50,6.21698,-1.69069,-107.55135,3.27587,4.3392,16.29134,-37.55172,POM_COL,HOU_KYL1,PomonaPitzer,D3,Team,20250309-PomonaPitzer-3,f031b7c0-fd17-11ef-8396-49d062319fe5,71.65684,,,5.28229,,,,,,,4a7971cc-f0d5-4adf-be21-3c3eee1bd4f8,2025-03-09,18:54:32.09,2025-03-09T11:54:32.0993280-07:00,2025-03-09T18:54:32.0993280Z,,v3,POM_PIT,58339,,"Hattenburg, Xavier",10277269,Right,POM_COL,d21fed3f-5d53-400d-a886-a47b04581a6d,56.23381,-108.4915,8.14567,5.9654,5.44294,-18.77586,-1.0827,-1.9411,2.1696,,,,,,,,,,,,,,,,,,,,,,,,,,,,,,,,,,,,,,,,,,,,,,,,,,,High,High,High,,,,,
245,2025-03-09,11:55:04.87,5,1,"Lawson, Wade",1000068528,Right,POM_COL,"Vivian, Anthony",,Right,HOU_KYL1,Undefined,7,Top,2,0,0,Slider,Slider,BallCalled,Undefined,Undefined,Undefined,0,0,,79.58813,2.544682,-0.975208,2148.348205,79.975006,8:45,5.39892,1.85583,4.17474,-47.17538,1.13221,-4.29713,3.90858,0.56295,70.96035,-5.967604,-1.721914,0.500241,,,,,,,,,,,,1.70795,0.21476,-1.74315,50,5.63131,2.15553,-114.83743,3.22829,2.22525,26.09011,-31.89423,POM_COL,HOU_KYL1,PomonaPitzer,D3,Team,20250309-PomonaPitzer-3,03b23db0-fd18-11ef-8396-49d062319fe5,75.34861,,,8.62778,,,,,,,4a7971cc-f0d5-4adf-be21-3c3eee1bd4f8,2025-03-09,18:55:04.87,2025-03-09T11:55:04.8746496-07:00,2025-03-09T18:55:04.8746496Z,,v3,POM_PIT,58339,,"Hattenburg, Xavier",10277269,Right,POM_COL,fb115c19-3b6c-4512-81f1-3bc1d46f97b9,56.31965,-116.26434,13.04506,5.40704,4.97264,-15.94711,-1.85771,2.03383,1.11262,,,,,,,,,,,,,,,,,,,,,,,,,,,,,,,,,,,,,,,,,,,,,,,,,,,High,High,High,,,,,
246,2025-03-09,11:55:27.64,5,2,"Lawson, Wade",1000068528,Right,POM_COL,"Vivian, Anthony",,Right,HOU_KYL1,Undefined,7,Top,2,1,0,Fastball,Cutter,StrikeCalled,Undefined,Undefined,Undefined,0,0,,84.86386,-1.717545,-0.989097,2315.879299,199.999814,12:45,5.78975,1.25985,5.06426,-22.70419,17.47989,5.87453,2.27747,0.81665,77.37032,-5.933492,0.049418,0.456245,,,,,,,,,,,,-3.1939,9.56375,-1.17074,50,5.60915,1.86143,-123.00347,-4.45822,-4.87821,25.09756,-17.56685,POM_COL,HOU_KYL1,PomonaPitzer,D3,Team,20250309-PomonaPitzer-3,114769f0-fd18-11ef-8396-49d062319fe5,82.61443,,,7.49353,,,,,,,4a7971cc-f0d5-4adf-be21-3c3eee1bd4f8,2025-03-09,18:55:27.64,2025-03-09T11:55:27.6402176-07:00,2025-03-09T18:55:27.6402176Z,,v3,POM_PIT,58339,,"Hattenburg, Xavier",10277269,Right,POM_COL,a53f3b15-83d9-433e-8c60-d9cc283c445b,55.43278,-124.10702,12.54878,5.78819,-3.6858,-8.78343,-1.2573,2.07593,-2.4391,,,,,,,,,,,,,,,,,,,,,,,,,,,,,,,,,,,,,,,,,,,,,,,,,,,High,High,High,,,,,
247,2025-03-09,11:55:46.53,5,3,"Lawson, Wade",1000068528,Right,POM_COL,"Vivian, Anthony",,Right,HOU_KYL1,Undefined,7,Top,2,1,1,Fastball,Four-Seam,FoulBallNotFieldable,Undefined,Undefined,Undefined,0,0,,86.27746,0.029877,-3.316953,2338.02685,228.98152,1:45,5.5124,1.5574,5.15551,-25.28088,13.53497,14.07839,3.43383,-0.39529,78.42561,-4.655358,-0.829866,0.448411,,,,,,,,,,,,-8.01461,7.10815,-1.25875,50,5.49624,6.62217,-124.98204,-0.82586,-12.62809,26.09676,-20.97418,POM_COL,HOU_KYL1,PomonaPitzer,D3,Team,20250309-PomonaPitzer-3,1c8315d0-fd18-11ef-8396-49d062319fe5,84.05784,,,7.85185,,,,,,,4a7971cc-f0d5-4adf-be21-3c3eee1bd4f8,2025-03-09,18:55:46.53,2025-03-09T11:55:46.5319424-07:00,2025-03-09T18:55:46.5319424Z,,v3,POM_PIT,58339,,"Hattenburg, Xavier",10277269,Right,POM_COL,994dd731-e6e7-4767-ab16-600e469162cf,55.34396,-126.09294,13.04838,5.51239,0.06698,-10.48709,-1.55208,7.15972,-6.31405,,,,,,,,,,,,,,,,,,,,,,,,,,,,,,,,,,,,,,,,,,,,,,,,,,,High,High,High,,,,,
248,2025-03-09,11:56:07.49,5,4,"Lawson, Wade",1000068528,Right,POM_COL,"Vivian, Anthony",,Right,HOU_KYL1,Undefined,7,Top,2,1,2,Slider,Curveball,HitByPitch,Undefined,Undefined,Undefined,0,0,,77.15531,2.964384,1.385166,1996.824885,15.984647,6:30,5.86272,1.16804,4.60867,-56.34349,-7.12319,-2.47008,3.98957,2.2796,70.80493,-7.138967,0.952359,0.504945,,,,,,,,,,,,1.59595,-3.97614,-1.3082,50,6.1152,-2.60198,-111.82177,3.6957,2.02532,19.73649,-37.21992,POM_COL,HOU_KYL1,PomonaPitzer,D3,Team,20250309-PomonaPitzer-3,29091c00-fd18-11ef-8396-49d062319fe5,74.64669,,,6.35039,,,,,,,4a7971cc-f0d5-4adf-be21-3c3eee1bd4f8,2025-03-09,18:56:07.49,2025-03-09T11:56:07.4950656-07:00,2025-03-09T18:56:07.4950656Z,,v3,POM_PIT,58339,,"Hattenburg, Xavier",10277269,Right,POM_COL,d00499eb-e6be-4cb2-a91a-061848c714d1,55.89427,-112.85731,9.86824,5.87006,5.64857,-18.60996,-1.16889,-2.70824,1.01266,,,,,,,,,,,,,,,,,,,,,,,,,,,,,,,,,,,,,,,,,,,,,,,,,,,Medium,Medium,Medium,,,,,
249,2025-03-09,11:57:38.05,6,1,"Lawson, Wade",1000068528,Right,POM_COL,"Olver, Jack",,Left,HOU_KYL1,Undefined,7,Top,2,0,0,Fastball,Four-Seam,BallCalled,Undefined,Undefined,Undefined,0,0,,85.03417,-2.632796,-1.511348,2325.345698,218.093054,1:15,5.65546,1.18181,5.18753,-25.09978,14.67855,10.49197,1.08431,0.63396,77.89995,-7.256778,0.348496,0.453936,,,,,,,,,,,,-5.65233,8.44721,-1.04974,50,5.39212,2.79201,-123.23448,-6.53682,-8.68991,24.55108,-19.18734,POM_COL,HOU_KYL1,PomonaPitzer,D3,Team,20250309-PomonaPitzer-3,5f02b4b0-fd18-11ef-8396-49d062319fe5,83.03473,,,7.13421,,,,,,,4a7971cc-f0d5-4adf-be21-3c3eee1bd4f8,2025-03-09,18:57:38.05,2025-03-09T11:57:38.0571136-07:00,2025-03-09T18:57:38.0571136Z,,v3,POM_PIT,58339,,"Hattenburg, Xavier",10277269,Right,POM_COL,087f8317-72da-4589-8c21-9dc331cd0c9e,55.31071,-124.28799,12.27554,5.65495,-5.71347,-9.59367,-1.17755,3.1649,-4.34495,,,,,,,,,,,,,,,,,,,,,,,,,,,,,,,,,,,,,,,,,,,,,,,,,,,Medium,Medium,Medium,,,,,
250,2025-03-09,11:57:53.71,6,2,"Lawson, Wade",1000068528,Right,POM_COL,"Olver, Jack",,Left,HOU_KYL1,Undefined,7,Top,2,1,0,Slider,Slider,FoulBallNotFieldable,Undefined,Undefined,Undefined,0,0,,80.72051,-0.98549,-2.627578,2287.961466,118.985093,10:00,5.45585,2.01434,4.33197,-42.83542,3.02957,-2.68028,0.9433,-0.72199,73.77091,-8.647872,-3.094922,0.48743,,,,,,,,,,,,0.52382,2.14181,-1.72803,50,5.3065,5.47917,-116.79847,-3.69,0.71827,23.51648,-29.23725,POM_COL,HOU_KYL1,PomonaPitzer,D3,Team,20250309-PomonaPitzer-3,68561890-fd18-11ef-8396-49d062319fe5,77.32896,,,6.9496,,,,,,,4a7971cc-f0d5-4adf-be21-3c3eee1bd4f8,2025-03-09,18:57:53.71,2025-03-09T11:57:53.7114624-07:00,2025-03-09T18:57:53.7114624Z,,v3,POM_PIT,58339,,"Hattenburg, Xavier",10277269,Right,POM_COL,2111067a-9b77-45f6-8182-ec9a90ad2c4d,56.16777,-118.03377,11.75824,5.46,-2.15419,-14.61863,-2.01486,5.44144,0.35913,,,,,,,,,,,,,,,,,,,,,,,,,,,,,,,,,,,,,,,,,,,,,,,,,,,High,High,High,,,,,
251,2025-03-09,11:58:18.44,6,3,"Lawson, Wade",1000068528,Right,POM_COL,"Olver, Jack",,Left,HOU_KYL1,Undefined,7,Top,2,1,1,Fastball,Cutter,FoulBallNotFieldable,Undefined,Undefined,Undefined,0,0,,86.10434,-0.637727,-2.365173,2379.54903,191.362306,12:30,5.78761,1.07441,5.18085,-23.6743,15.10091,2.78465,3.21418,-0.9202,78.62942,-5.02757,-1.872583,0.448176,,,,,,,,,,,,-2.06165,8.08615,-0.85666,50,5.71072,5.03509,-124.85011,-2.21097,-3.25135,25.3347,-19.42168,POM_COL,HOU_KYL1,PomonaPitzer,D3,Team,20250309-PomonaPitzer-3,770c4530-fd18-11ef-8396-49d062319fe5,84.10187,,,7.47493,,,,,,,4a7971cc-f0d5-4adf-be21-3c3eee1bd4f8,2025-03-09,18:58:18.44,2025-03-09T11:58:18.4453120-07:00,2025-03-09T18:58:18.4453120Z,,v3,POM_PIT,58339,,"Hattenburg, Xavier",10277269,Right,POM_COL,20786900-1dc7-4233-903c-24dc02702243,55.31823,-125.92466,12.66735,5.78702,-1.38721,-9.71084,-1.07314,5.17299,-1.62568,,,,,,,,,,,,,,,,,,,,,,,,,,,,,,,,,,,,,,,,,,,,,,,,,,,High,High,High,,,,,
252,2025-03-09,11:58:42.72,6,4,"Lawson, Wade",1000068528,Right,POM_COL,"Olver, Jack",,Left,HOU_KYL1,Undefined,7,Top,2,1,2,Slider,Slider,InPlay,Undefined,Popup,Out,1,0,,82.04311,0.717123,-1.898276,2162.434245,71.604698,8:30,5.528,1.84269,4.33426,-44.36888,0.12787,-4.24185,2.51634,-0.3256,74.47201,-7.247647,-2.637879,0.480104,68.1836,63.029294,-29.681233,6384.479426,,,,,41.23373,,,1.47169,0.25283,-1.63351,50,5.56074,4.13016,-118.72352,-0.30278,2.0782,24.98748,-31.81701,POM_COL,HOU_KYL1,PomonaPitzer,D3,Team,20250309-PomonaPitzer-3,85959570-fd18-11ef-8396-49d062319fe5,78.50885,72.26067,,7.5711,,,,1.93283,1.76086,0.70336,4a7971cc-f0d5-4adf-be21-3c3eee1bd4f8,2025-03-09,18:58:42.72,2025-03-09T11:58:42.7259392-07:00,2025-03-09T18:58:42.7259392Z,,v3,POM_PIT,58339,,"Hattenburg, Xavier",10277269,Right,POM_COL,69b99f38-e873-4ddd-afb3-cf0e0c5701a9,56.16435,-120.0139,12.49374,5.53395,1.34029,-15.9085,-1.84402,4.02284,1.0391,156.992082,1.93283,39.40378,-15.27902,5.10024,-1.3168,0.27638,-0.0235,-0.01427,0.00459,1.76086,89.12603,-26.49398,2.907,-0.38143,-0.01404,0.04608,-0.0246,0.0052,0.70336,-22.45842,-1.54839,1.43648,-0.53145,0.15787,-0.04216,0.00882,-0.001,,,,,,,,,,,,,,,,,,,,,,,High,High,High,Medium,Undefined,,,
253,2025-03-09,12:01:09.40,1,1,"Fassbender, Mitchell",,Left,HOU_KYL1,"Ng, JC",1000115591,Left,POM_COL,Undefined,7,Bottom,0,0,0,Fastball,Changeup,StrikeCalled,Undefined,Undefined,Undefined,0,0,,86.23945,1.052629,3.368212,2365.662623,119.852944,10:00,4.56022,-2.35136,5.70241,-27.41584,10.63142,-16.35099,3.25821,-0.57182,78.36433,-4.059908,0.450463,0.443949,,,,,,,,,,,,9.20997,5.47465,2.07864,50,4.63176,-6.6553,-124.99558,1.38922,14.52549,25.92864,-23.53973,POM_COL,HOU_KYL1,PomonaPitzer,D3,Team,20250309-PomonaPitzer-3,dcf2b230-fd18-11ef-8396-49d062319fe5,84.90261,,,7.87512,,,,,,,4a7971cc-f0d5-4adf-be21-3c3eee1bd4f8,2025-03-09,19:01:09.40,2025-03-09T12:01:09.4016000-07:00,2025-03-09T19:01:09.4016000Z,,v3,POM_PIT,58339,,"Hargrove, Calvin",,Undefined,HOU_KYL1,97346df8-606d-41e3-9593-1ff7a84f0c2d,54.79562,-125.98644,12.96432,4.56148,2.28879,-11.76987,2.34358,-7.21039,7.26274,,,,,,,,,,,,,,,,,,,,,,,,,,,,,,,,,,,,,,,,,,,,,,,,,,,High,High,High,,,,,
254,2025-03-09,12:01:20.28,1,2,"Fassbender, Mitchell",,Left,HOU_KYL1,"Ng, JC",1000115591,Left,POM_COL,Undefined,7,Bottom,0,0,1,Slider,Curveball,FoulBallNotFieldable,Undefined,Undefined,Undefined,0,0,,72.95396,2.825075,1.542353,2287.955692,288.915167,3:45,4.31263,-2.52377,5.11578,-55.25633,-0.97866,7.86036,2.37239,-0.41544,66.76471,-7.211799,2.931352,0.530252,83.27931,-24.927758,60.012672,,,,,6.83178,6.83178,47.133871,0.047428,-3.48614,-0.83354,2.3721,50,4.53547,-3.14209,-105.7286,3.41405,-3.9355,18.47915,-33.11502,POM_COL,HOU_KYL1,PomonaPitzer,D3,Team,20250309-PomonaPitzer-3,e3808d70-fd18-11ef-8396-49d062319fe5,71.08406,2.44762,,6.18925,,,,2.01545,2.44762,0.44602,4a7971cc-f0d5-4adf-be21-3c3eee1bd4f8,2025-03-09,19:01:20.28,2025-03-09T12:01:20.2859008-07:00,2025-03-09T19:01:20.2859008Z,GroundBall,v3,POM_PIT,58339,,"Hargrove, Calvin",,Undefined,HOU_KYL1,c798523e-9e63-4158-8fff-03d1c0b358ed,55.38496,-106.66563,9.23957,4.31977,5.09322,-16.55751,2.52636,-2.94254,-1.96775,,2.01441,55.49704,,,,,,,,2.44859,-51.60688,,,,,,,,0.44422,96.1728,,,,,,,,,,,,,,,,,,,,,,,,,,,,,,High,High,High,Estimated,Estimated,,,
255,2025-03-09,12:01:37.15,1,3,"Fassbender, Mitchell",,Left,HOU_KYL1,"Ng, JC",1000115591,Left,POM_COL,Undefined,7,Bottom,0,0,2,Fastball,Changeup,FoulBallNotFieldable,Undefined,Undefined,Undefined,0,0,,86.84255,0.949173,3.641026,2500.375883,118.078144,10:00,4.57083,-2.40478,5.9551,-25.56119,11.34016,-19.1445,3.32285,-0.61896,79.45517,-3.833168,0.209491,0.437213,,,,,,,,,,,,10.7954,5.90485,2.12586,50,4.63203,-7.23953,-126.01428,1.27911,17.42634,24.67293,-22.64219,POM_COL,HOU_KYL1,PomonaPitzer,D3,Team,20250309-PomonaPitzer-3,ed81e490-fd18-11ef-8396-49d062319fe5,86.21078,,,7.38738,,,,,,,4a7971cc-f0d5-4adf-be21-3c3eee1bd4f8,2025-03-09,19:01:37.15,2025-03-09T12:01:37.1581952-07:00,2025-03-09T19:01:37.1581952Z,,v3,POM_PIT,58339,,"Hargrove, Calvin",,Undefined,HOU_KYL1,4459f71d-a9c5-4bab-b214-a237dfcadb64,54.54559,-126.90117,12.33647,4.57142,2.093,-11.32109,2.39735,-7.86593,8.71317,,,,,,,,,,,,,,,,,,,,,,,,,,,,,,,,,,,,,,,,,,,,,,,,,,,High,High,High,,,,,
256,2025-03-09,12:01:55.09,1,4,"Fassbender, Mitchell",,Left,HOU_KYL1,"Ng, JC",1000115591,Left,POM_COL,Undefined,7,Bottom,0,0,2,Fastball,Changeup,InPlay,Undefined,GroundBall,Out,1,0,,86.08662,0.006878,4.227021,2228.506545,116.111855,9:45,4.61366,-2.27334,5.98495,-28.21553,9.47067,-16.86847,2.26876,0.24597,78.62075,-5.257076,1.204186,0.441837,98.69086,-1.177568,-10.542748,1697.429214,,,,36.74081,35.01272,-11.809871,0.261483,9.84253,5.2215,1.94843,50,4.59858,-8.54556,-124.80286,-0.88718,15.52555,25.08845,-23.93767,POM_COL,HOU_KYL1,PomonaPitzer,D3,Team,20250309-PomonaPitzer-3,f834b160-fd18-11ef-8396-49d062319fe5,85.30838,2.18772,,7.46587,,,,0.40249,2.18772,-0.28668,4a7971cc-f0d5-4adf-be21-3c3eee1bd4f8,2025-03-09,19:01:55.09,2025-03-09T12:01:55.0973952-07:00,2025-03-09T19:01:55.0973952Z,GroundBall,v3,POM_PIT,58339,,"Hargrove, Calvin",,Undefined,HOU_KYL1,f16bf17e-b79d-44c3-9c91-33e5882e3ebd,54.51519,-125.70725,12.54423,4.61501,-0.02427,-11.96884,2.26657,-9.10522,7.76278,58.6423,0.40584,142.10253,-23.45024,,,,,,,2.19027,-3.10446,-20.19754,,,,,,,-0.28509,-26.56002,-4.25607,,,,,,,,,,,,,,,,,,,,,,,,,,,,,High,High,High,High,High,,,
257,2025-03-09,12:02:27.42,2,1,"Fassbender, Mitchell",,Left,HOU_KYL1,"Gold, Jack",1000108729,Left,POM_COL,Undefined,7,Bottom,1,0,0,Fastball,Changeup,InPlay,Undefined,GroundBall,Single,0,0,,87.94795,-0.889962,4.421753,2449.944004,119.431673,10:00,4.69485,-2.18517,5.92811,-24.93568,11.40115,-18.06521,1.78859,0.42033,80.05655,-5.558623,1.188352,0.433855,90.09448,-8.723206,-18.442144,,,,,11.88095,11.78068,-18.688186,0.083998,10.54906,6.45611,1.84143,50,4.60941,-9.10428,-127.40223,-2.78697,17.27692,27.04068,-21.60045,POM_COL,HOU_KYL1,PomonaPitzer,D3,Team,20250309-PomonaPitzer-3,0b76cec0-fd19-11ef-8396-49d062319fe5,86.87789,1.65457,,7.89141,,,,0.92296,1.65457,-0.37924,4a7971cc-f0d5-4adf-be21-3c3eee1bd4f8,2025-03-09,19:02:27.42,2025-03-09T12:02:27.4255872-07:00,2025-03-09T19:02:27.4255872Z,GroundBall,v3,POM_PIT,58339,,"Hargrove, Calvin",,Undefined,HOU_KYL1,dfe3f0d9-929d-4a9c-9a12-49914ba3ba5e,54.57184,-128.36892,13.52034,4.69524,-2.01476,-10.80022,2.17794,-9.72192,8.63846,187.789224,0.92299,123.89771,-10.71115,,,,,,,1.6545,-20.02902,3.96356,,,,,,,-0.37926,-41.3144,6.05516,,,,,,,,,,,,,,,,,,,,,,,,,,,,,High,High,High,High,High,,,
258,2025-03-09,12:02:56.27,3,1,"Fassbender, Mitchell",,Left,HOU_KYL1,"Berry, Cooper",1000276381,Left,POM_COL,Undefined,7,Bottom,1,0,0,Fastball,Four-Seam,StrikeSwinging,Undefined,Undefined,Undefined,0,0,,87.00827,-0.185927,4.764021,2352.003641,134.025142,10:30,4.84441,-2.17427,5.69641,-20.29068,17.39883,-16.63662,2.97965,0.88922,78.60008,-4.032965,1.803779,0.441857,,,,,,,,,,,,9.81064,9.25012,1.7836,50,4.81627,-9.76212,-125.8337,-1.0198,15.60273,27.46408,-17.46273,POM_COL,HOU_KYL1,PomonaPitzer,D3,Team,20250309-PomonaPitzer-3,1cb09900-fd19-11ef-8396-49d062319fe5,85.30462,,,8.40819,,,,,,,4a7971cc-f0d5-4adf-be21-3c3eee1bd4f8,2025-03-09,19:02:56.27,2025-03-09T12:02:56.2764800-07:00,2025-03-09T19:02:56.2764800Z,,v3,POM_PIT,58339,,"Hargrove, Calvin",,Undefined,HOU_KYL1,eba92cd5-8345-469b-8cb3-d3587ffd5d8d,54.80046,-126.87711,13.73204,4.84241,-0.35636,-8.73137,2.16573,-10.3549,7.80136,,,,,,,,,,,,,,,,,,,,,,,,,,,,,,,,,,,,,,,,,,,,,,,,,,,High,High,High,,,,,
259,2025-03-09,12:03:10.51,3,2,"Fassbender, Mitchell",,Left,HOU_KYL1,"Berry, Cooper",1000276381,Left,POM_COL,Undefined,7,Bottom,1,0,1,Fastball,Changeup,InPlay,Undefined,Popup,Out,1,0,,86.57488,0.15679,3.767301,2299.040373,120.532115,10:00,4.81641,-2.36222,5.70342,-24.68131,13.20851,-20.20107,2.90604,-0.53028,78.43428,-4.472367,0.163206,0.44303,43.9758,59.447508,-2.230023,,,,,77.60896,37.91531,0.014068,3.495507,11.3839,7.03898,2.05875,50,4.81442,-7.40432,-125.43465,-0.45282,18.00843,27.05192,-21.03891,POM_COL,HOU_KYL1,PomonaPitzer,D3,Team,20250309-PomonaPitzer-3,2528df20-fd19-11ef-8396-49d062319fe5,85.07883,47.529,,8.1406,,,,0.77277,3.05512,0.51548,4a7971cc-f0d5-4adf-be21-3c3eee1bd4f8,2025-03-09,19:03:10.51,2025-03-09T12:03:10.5196032-07:00,2025-03-09T19:03:10.5196032Z,Popup,v3,POM_PIT,58339,,"Hargrove, Calvin",,Undefined,HOU_KYL1,fa4a3581-a506-4f6b-a1da-64f5dc7e5467,54.79581,-126.46472,13.52596,4.81641,0.34828,-10.51946,2.35374,-8.09003,9.00422,181.782568,0.77277,32.75591,-7.86776,2.37443,-0.23085,-0.17526,0.09583,-0.01918,0.00137,3.05496,55.54924,-19.17001,1.40601,-0.15536,-0.09412,0.08176,-0.02376,0.00232,0.51544,-1.27396,0.61811,-0.10224,-0.03375,0.03643,-0.01302,0.00207,-0.00012,,,,,,,,,,,,,,,,,,,,,,,High,High,High,High,Medium,,,
260,2025-03-09,12:03:50.55,4,1,"Fassbender, Mitchell",,Left,HOU_KYL1,"Wakil, Lateef",1000128267,Left,POM_COL,Undefined,7,Bottom,2,0,0,Fastball,Changeup,StrikeCalled,Undefined,Undefined,Undefined,0,0,,87.89716,-1.009957,4.505356,2458.772083,124.468573,10:15,4.87114,-1.95692,5.93597,-23.73958,12.82544,-16.82489,1.95288,0.82937,79.60544,-5.476789,1.494567,0.435215,,,,,,,,,,,,9.90587,7.24874,1.60584,50,4.77701,-9.30535,-127.21101,-2.99574,16.10052,28.07483,-20.39228,POM_COL,HOU_KYL1,PomonaPitzer,D3,Team,20250309-PomonaPitzer-3,3d056c30-fd19-11ef-8396-49d062319fe5,86.60639,,,8.29172,,,,,,,4a7971cc-f0d5-4adf-be21-3c3eee1bd4f8,2025-03-09,19:03:50.55,2025-03-09T12:03:50.5503744-07:00,2025-03-09T19:03:50.5503744Z,,v3,POM_PIT,58339,,"Hargrove, Calvin",,Undefined,HOU_KYL1,363c0bf9-9f5e-4ed2-986c-c0e6f0ba56f0,54.56138,-128.21373,14.03742,4.871,-2.26741,-10.19614,1.94845,-9.88039,8.05026,,,,,,,,,,,,,,,,,,,,,,,,,,,,,,,,,,,,,,,,,,,,,,,,,,,High,High,High,,,,,
261,2025-03-09,12:04:08.15,4,2,"Fassbender, Mitchell",,Left,HOU_KYL1,"Wakil, Lateef",1000128267,Left,POM_COL,Undefined,7,Bottom,2,0,1,Fastball,Changeup,BallCalled,Undefined,Undefined,Undefined,0,0,,87.60798,0.716375,2.610764,2428.630114,120.314317,10:00,4.90914,-2.1303,5.874,-25.55879,11.13449,-16.9328,3.44534,-1.1148,79.41314,-4.080044,-0.423984,0.435978,,,,,,,,,,,,9.3443,5.84906,1.92843,50,4.95248,-5.06424,-127.06406,0.76142,15.17415,27.66913,-22.67581,POM_COL,HOU_KYL1,PomonaPitzer,D3,Team,20250309-PomonaPitzer-3,477d52e0-fd19-11ef-8396-49d062319fe5,86.45488,,,8.19484,,,,,,,4a7971cc-f0d5-4adf-be21-3c3eee1bd4f8,2025-03-09,19:04:08.15,2025-03-09T12:04:08.1519104-07:00,2025-03-09T19:04:08.1519104Z,,v3,POM_PIT,58339,,"Hargrove, Calvin",,Undefined,HOU_KYL1,06a69537-839c-4a79-be07-6e1068727b98,54.62328,-128.06685,13.83457,4.90999,1.58325,-11.33791,2.12193,-5.61419,7.58708,,,,,,,,,,,,,,,,,,,,,,,,,,,,,,,,,,,,,,,,,,,,,,,,,,,High,High,High,,,,,
262,2025-03-09,12:04:24.51,4,3,"Fassbender, Mitchell",,Left,HOU_KYL1,"Wakil, Lateef",1000128267,Left,POM_COL,Undefined,7,Bottom,2,1,1,Slider,Curveball,BallCalled,Undefined,Undefined,Undefined,0,0,,72.22266,1.46972,2.516343,2357.92885,282.843765,3:30,4.65333,-2.31537,5.14641,-58.26342,-2.09843,17.96879,1.18344,1.5527,65.59892,-9.107386,5.69135,0.539392,,,,,,,,,,,,-8.09142,-0.94177,2.06537,50,4.7465,-5.27303,-104.53444,0.79935,-8.78008,20.8009,-33.19597,POM_COL,HOU_KYL1,PomonaPitzer,D3,Team,20250309-PomonaPitzer-3,514dd600-fd19-11ef-8396-49d062319fe5,69.87954,,,6.62374,,,,,,,4a7971cc-f0d5-4adf-be21-3c3eee1bd4f8,2025-03-09,19:04:24.51,2025-03-09T12:04:24.5183488-07:00,2025-03-09T19:04:24.5183488Z,,v3,POM_PIT,58339,,"Hargrove, Calvin",,Undefined,HOU_KYL1,4605ac4e-87b8-42e8-b00b-b025e4c58220,55.35277,-105.5942,10.40045,4.66269,2.4906,-16.59799,2.32262,-4.82571,-4.39004,,,,,,,,,,,,,,,,,,,,,,,,,,,,,,,,,,,,,,,,,,,,,,,,,,,High,High,High,,,,,
263,2025-03-09,12:04:43.96,4,4,"Fassbender, Mitchell",,Left,HOU_KYL1,"Wakil, Lateef",1000128267,Left,POM_COL,Undefined,7,Bottom,2,2,1,Fastball,Changeup,StrikeCalled,Undefined,Undefined,Undefined,0,0,,87.00885,-1.210831,3.824372,2437.542077,125.943525,10:15,4.87056,-2.00469,5.88091,-25.60793,11.6491,-14.32087,1.60941,0.35882,79.09401,-6.001674,1.260661,0.439315,,,,,,,,,,,,8.41674,6.69496,1.70355,50,4.75788,-7.82369,-126.04349,-3.49251,13.4594,27.0459,-21.46799,POM_COL,HOU_KYL1,PomonaPitzer,D3,Team,20250309-PomonaPitzer-3,5cde0a80-fd19-11ef-8396-49d062319fe5,85.79829,,,7.91484,,,,,,,4a7971cc-f0d5-4adf-be21-3c3eee1bd4f8,2025-03-09,19:04:43.96,2025-03-09T12:04:43.9639040-07:00,2025-03-09T19:04:43.9639040Z,,v3,POM_PIT,58339,,"Hargrove, Calvin",,Undefined,HOU_KYL1,b4c8a2bd-80a2-4b60-8125-20e2f29ab58c,54.61696,-127.03031,13.52295,4.87102,-2.70921,-10.73399,1.99798,-8.31478,6.7297,,,,,,,,,,,,,,,,,,,,,,,,,,,,,,,,,,,,,,,,,,,,,,,,,,,High,High,High,,,,,
264,2025-03-09,12:05:04.50,4,5,"Fassbender, Mitchell",,Left,HOU_KYL1,"Wakil, Lateef",1000128267,Left,POM_COL,Undefined,7,Bottom,2,2,2,Fastball,Changeup,StrikeCalled,Strikeout,Undefined,Undefined,0,0,,86.96922,-1.196868,4.793912,2493.48657,121.566161,10:00,4.77338,-2.07752,5.85207,-24.51627,12.39827,-18.36828,1.61417,0.85665,79.99654,-5.761912,1.513528,0.43729,,,,,,,,,,,,10.58623,6.98583,1.69783,50,4.66137,-9.80827,-126.02168,-3.4332,17.16556,23.62132,-20.84651,POM_COL,HOU_KYL1,PomonaPitzer,D3,Team,20250309-PomonaPitzer-3,691cf590-fd19-11ef-8396-49d062319fe5,86.19543,,,6.97268,,,,,,,4a7971cc-f0d5-4adf-be21-3c3eee1bd4f8,2025-03-09,19:05:04.50,2025-03-09T12:05:04.5044736-07:00,2025-03-09T19:05:04.5044736Z,,v3,POM_PIT,58339,,"Hargrove, Calvin",,Undefined,HOU_KYL1,2c31fcde-e6bb-48a1-bcbb-6a6c38b892e2,54.64852,-126.89,11.81066,4.77349,-2.66688,-10.42326,2.06998,-10.43928,8.58278,,,,,,,,,,,,,,,,,,,,,,,,,,,,,,,,,,,,,,,,,,,,,,,,,,,High,High,High,,,,,
265,2025-03-09,12:07:26.54,1,1,"Zerger, Justin",10051439,Right,POM_COL,"Born, Mac",,Right,HOU_KYL1,Undefined,8,Top,0,0,0,Slider,Curveball,InPlay,Undefined,FlyBall,Out,1,0,,71.69071,1.493518,0.241197,2533.174444,87.38911,9:00,5.76158,1.71002,4.86151,-55.86684,1.03453,-18.82863,2.51993,0.36926,65.55211,-8.612297,-3.077622,0.542916,90.62761,29.729615,-24.328401,,99.88063,57.11896,-46.08465,323.23153,319.39739,-27.518385,4.846686,9.43268,0.53177,-1.71658,50,5.86113,0.27214,-103.94299,0.8717,10.23334,18.7831,-31.59714,POM_COL,HOU_KYL1,PomonaPitzer,D3,Team,20250309-PomonaPitzer-3,bdcc7e80-fd19-11ef-8396-49d062319fe5,69.42588,75.89631,,6.1386,,,,2.81836,2.77015,-0.45256,4a7971cc-f0d5-4adf-be21-3c3eee1bd4f8,2025-03-09,19:07:26.54,2025-03-09T12:07:26.5487360-07:00,2025-03-09T19:07:26.5487360Z,FlyBall,v3,POM_PIT,58339,,"Hattenburg, Xavier",10277269,Right,POM_COL,623c7ef0-ab20-472b-8460-f77d9103105d,55.63973,-104.95718,9.39155,5.768,2.57777,-15.79857,-1.71636,-0.28041,5.11667,,2.81794,105.18669,-20.99312,4.97309,-1.17759,0.28084,-0.05524,0.00671,-0.00035,2.7724,65.86452,-16.19167,0.46899,0.27762,-0.1786,0.04895,-0.00646,0.00033,-0.45241,-47.55479,7.7899,-1.90757,0.45445,-0.10516,0.01974,-0.00231,0.00012,,,,,,,,,,,,,,,,,,,,,,,High,High,High,High,Medium,,,
266,2025-03-09,12:07:56.92,2,1,"Zerger, Justin",10051439,Right,POM_COL,"Seaman, George",,Left,HOU_KYL1,Undefined,8,Top,1,0,0,Fastball,Four-Seam,BallCalled,Undefined,Undefined,Undefined,0,0,,87.841,-2.72242,-1.967853,1906.898062,198.859746,12:45,6.0984,1.12958,5.50824,-25.50962,11.23402,3.44429,1.42321,-0.42443,80.74482,-7.421025,-1.353904,0.436277,,,,,,,,,,,,-2.2676,6.76634,-0.96018,50,5.84354,4.22568,-127.359,-6.95042,-3.73424,25.51417,-21.03138,POM_COL,HOU_KYL1,PomonaPitzer,D3,Team,20250309-PomonaPitzer-3,cfdde410-fd19-11ef-8396-49d062319fe5,86.3956,,,7.09618,,,,,,,4a7971cc-f0d5-4adf-be21-3c3eee1bd4f8,2025-03-09,19:07:56.92,2025-03-09T12:07:56.9223168-07:00,2025-03-09T19:07:56.9223168Z,,v3,POM_PIT,58339,,"Hattenburg, Xavier",10277269,Right,POM_COL,49cce36b-2757-401f-b95a-272363eec760,54.99008,-128.35478,12.75709,6.09879,-6.1296,-10.51569,-1.12794,4.37142,-1.86712,,,,,,,,,,,,,,,,,,,,,,,,,,,,,,,,,,,,,,,,,,,,,,,,,,,High,High,High,,,,,
267,2025-03-09,12:08:13.35,2,2,"Zerger, Justin",10051439,Right,POM_COL,"Seaman, George",,Left,HOU_KYL1,Undefined,8,Top,1,1,0,Fastball,Four-Seam,FoulBallNotFieldable,Undefined,Undefined,Undefined,0,0,,87.2069,-0.960373,-1.696159,2072.588641,193.881686,12:30,6.14624,1.26415,5.18273,-25.16466,12.7119,2.83343,3.14512,-0.09606,79.49219,-5.611775,-1.194412,0.442952,97.85278,2.068983,43.903316,4549.775574,,,,76.51417,75.24752,45.644753,0.57202,-1.91886,6.98512,-1.10878,50,6.03821,3.62024,-126.46484,-3.02047,-3.09494,26.7689,-20.90766,POM_COL,HOU_KYL1,PomonaPitzer,D3,Team,20250309-PomonaPitzer-3,d9a89ad0-fd19-11ef-8396-49d062319fe5,85.09375,3.87026,,7.71472,,,,2.91927,3.55619,-0.16203,4a7971cc-f0d5-4adf-be21-3c3eee1bd4f8,2025-03-09,19:08:13.35,2025-03-09T12:08:13.3537792-07:00,2025-03-09T19:08:13.3537792Z,GroundBall,v3,POM_PIT,58339,,"Hattenburg, Xavier",10277269,Right,POM_COL,00dcf396-fc15-4603-a1ca-ab722e155e51,55.31671,-127.58527,13.38445,6.14632,-2.14536,-10.45383,-1.26302,3.74978,-1.54747,,2.96606,102.23081,-24.43732,,,,,,,3.58062,4.60279,-19.05869,,,,,,,-0.16799,99.60397,-6.39788,,,,,,,,,,,,,,,,,,,,,,,,,,,,,High,High,High,High,High,,,
268,2025-03-09,12:08:44.16,2,3,"Zerger, Justin",10051439,Right,POM_COL,"Seaman, George",,Left,HOU_KYL1,Undefined,8,Top,1,1,1,Fastball,Changeup,BallCalled,Undefined,Undefined,Undefined,0,0,,87.31363,-2.077388,-1.277082,1806.113799,258.7039,2:30,6.1433,1.29448,5.60145,-33.21006,4.57142,15.82422,1.4351,1.42073,78.78815,-8.199841,1.553366,0.442396,,,,,,,,,,,,-8.44685,3.42236,-1.19562,50,5.94406,2.13434,-126.47523,-5.77166,-13.40275,30.7024,-26.74369,POM_COL,HOU_KYL1,PomonaPitzer,D3,Team,20250309-PomonaPitzer-3,ec02c930-fd19-11ef-8396-49d062319fe5,85.20075,,,8.52549,,,,,,,4a7971cc-f0d5-4adf-be21-3c3eee1bd4f8,2025-03-09,19:08:44.16,2025-03-09T12:08:44.1618432-07:00,2025-03-09T19:08:44.1618432Z,,v3,POM_PIT,58339,,"Hattenburg, Xavier",10277269,Right,POM_COL,0c408329-61c1-4758-b2bf-474927056d6a,54.89627,-127.65829,15.3512,6.14661,-4.74115,-13.37185,-1.28781,2.65079,-6.70137,,,,,,,,,,,,,,,,,,,,,,,,,,,,,,,,,,,,,,,,,,,,,,,,,,,High,High,High,,,,,
269,2025-03-09,12:08:59.65,2,4,"Zerger, Justin",10051439,Right,POM_COL,"Seaman, George",,Left,HOU_KYL1,Undefined,8,Top,1,2,1,Slider,Curveball,BallCalled,Undefined,Undefined,Undefined,0,0,,74.82159,-0.868563,0.305518,2637.955016,83.625719,8:45,5.56236,1.77491,4.77092,-53.51298,-0.82744,-23.8006,0.27943,0.08118,68.44498,-10.478797,-3.89211,0.522417,,,,,,,,,,,,11.84249,0.37244,-1.78335,50,5.42859,0.37494,-108.43801,-3.518,13.89967,21.48679,-31.73691,POM_COL,HOU_KYL1,PomonaPitzer,D3,Team,20250309-PomonaPitzer-3,f54bf3e0-fd19-11ef-8396-49d062319fe5,72.15015,,,6.3766,,,,,,,4a7971cc-f0d5-4adf-be21-3c3eee1bd4f8,2025-03-09,19:08:59.65,2025-03-09T12:08:59.6577280-07:00,2025-03-09T19:08:59.6577280Z,,v3,POM_PIT,58339,,"Hattenburg, Xavier",10277269,Right,POM_COL,dbf75778-00c7-4471-9cf4-2e643661843f,55.73017,-109.56755,10.7434,5.56967,-1.84962,-15.86846,-1.78385,-0.35575,6.94983,,,,,,,,,,,,,,,,,,,,,,,,,,,,,,,,,,,,,,,,,,,,,,,,,,,High,High,High,,,,,
270,2025-03-09,12:09:21.21,2,5,"Zerger, Justin",10051439,Right,POM_COL,"Seaman, George",,Left,HOU_KYL1,Undefined,8,Top,1,3,1,Fastball,Slider,StrikeSwinging,Undefined,Undefined,Undefined,0,0,,86.37978,-1.940795,-1.86812,2018.762873,162.909056,11:30,6.11236,1.30036,5.30266,-29.07876,9.68457,-2.55894,1.86549,-0.66725,78.41615,-7.293878,-2.322447,0.448107,,,,,,,,,,,,0.69681,5.86083,-1.12869,50,5.91517,4.19386,-125.08614,-5.28103,1.09176,27.84904,-22.99152,POM_COL,HOU_KYL1,PomonaPitzer,D3,Team,20250309-PomonaPitzer-3,02212b80-fd1a-11ef-8396-49d062319fe5,84.11477,,,7.96362,,,,,,,4a7971cc-f0d5-4adf-be21-3c3eee1bd4f8,2025-03-09,19:09:21.21,2025-03-09T12:09:21.2191232-07:00,2025-03-09T19:09:21.2191232Z,,v3,POM_PIT,58339,,"Hattenburg, Xavier",10277269,Right,POM_COL,3c960d4b-4635-4331-9f92-5fbe11eba133,55.19359,-126.23714,13.92452,6.1138,-4.33079,-11.49576,-1.30109,4.14874,0.54588,,,,,,,,,,,,,,,,,,,,,,,,,,,,,,,,,,,,,,,,,,,,,,,,,,,High,High,High,,,,,
271,2025-03-09,12:09:45.25,2,6,"Zerger, Justin",10051439,Right,POM_COL,"Seaman, George",,Left,HOU_KYL1,Undefined,8,Top,1,3,2,Fastball,Changeup,FoulBallNotFieldable,Undefined,Undefined,Undefined,0,0,,86.35591,-0.71278,-3.001946,1753.406234,229.761817,1:45,6.11453,1.24069,5.47157,-30.75143,7.55347,7.42532,2.88392,-0.9524,78.7072,-6.380261,-1.681233,0.44545,,,,,,,,,,,,-4.66032,4.36614,-0.98199,50,6.03085,6.25159,-125.18032,-2.64295,-7.35465,26.55093,-25.28365,POM_COL,HOU_KYL1,PomonaPitzer,D3,Team,20250309-PomonaPitzer-3,106adab0-fd1a-11ef-8396-49d062319fe5,84.61659,,,7.64871,,,,,,,4a7971cc-f0d5-4adf-be21-3c3eee1bd4f8,2025-03-09,19:09:45.25,2025-03-09T12:09:45.2538368-07:00,2025-03-09T19:09:45.2538368Z,,v3,POM_PIT,58339,,"Hattenburg, Xavier",10277269,Right,POM_COL,c0b99500-3e6b-4944-bd9a-c3cc35f194dd,55.02829,-126.24232,13.27546,6.11634,-1.63163,-12.64183,-1.23793,6.54577,-3.67732,,,,,,,,,,,,,,,,,,,,,,,,,,,,,,,,,,,,,,,,,,,,,,,,,,,High,High,High,,,,,
272,2025-03-09,12:10:10.69,2,7,"Zerger, Justin",10051439,Right,POM_COL,"Seaman, George",,Left,HOU_KYL1,Undefined,8,Top,1,3,2,ChangeUp,Changeup,InPlay,Undefined,FlyBall,Out,1,0,,79.14564,-1.13371,-2.538912,1630.641296,264.841389,2:45,5.58516,1.80349,5.68008,-42.60093,2.02874,8.23457,0.97708,0.12141,73.48862,-8.903069,-1.065255,0.480821,93.06998,26.841633,11.642821,2663.906112,107.07611,49.52787,25.19338,335.10971,329.60179,17.923348,4.860076,-4.89111,1.63988,-1.59493,50,5.46225,4.79582,-114.98026,-3.6531,-6.59894,19.75928,-29.96156,POM_COL,HOU_KYL1,PomonaPitzer,D3,Team,20250309-PomonaPitzer-3,1f99e0d0-fd1a-11ef-8396-49d062319fe5,78.39188,69.05173,,5.65702,,,,2.81082,1.11704,-0.14825,4a7971cc-f0d5-4adf-be21-3c3eee1bd4f8,2025-03-09,19:10:10.69,2025-03-09T12:10:10.6979840-07:00,2025-03-09T19:10:10.6979840Z,FlyBall,v3,POM_PIT,58339,,"Hattenburg, Xavier",10277269,Right,POM_COL,1a1bb767-ec65-4ac4-bb34-2ee4f24b2da6,54.82243,-115.80602,9.87964,5.58875,-2.40097,-14.98078,-1.80112,5.0716,-3.29947,201.326202,2.81235,119.26349,-22.68868,4.79861,-0.94843,0.168,-0.02835,0.0037,-0.00022,1.11716,61.62169,-15.15745,0.46649,0.1481,-0.11267,0.03727,-0.00573,0.00033,-0.14795,24.57102,0.27914,-0.75421,0.25889,-0.05115,0.00529,-0.0001,-2E-05,,,,,,,,,,,,,,,,,,,,,,,High,High,High,High,Medium,,,
273,2025-03-09,12:10:47.87,3,1,"Zerger, Justin",10051439,Right,POM_COL,"Andrew, Rajkovich",,Right,HOU_KYL1,Undefined,8,Top,2,0,0,Slider,Curveball,BallCalled,Undefined,Undefined,Undefined,0,0,,72.58882,0.897213,-1.327396,2552.930235,70.064641,8:15,5.57708,1.66788,5.11613,-59.24523,-4.91359,-17.86466,1.48548,-1.07151,67.45058,-9.765641,-4.491326,0.530515,,,,,,,,,,,,8.55126,-2.2089,-1.52848,50,5.61513,3.1097,-105.44686,-0.30381,9.66175,17.3419,-34.6698,POM_COL,HOU_KYL1,PomonaPitzer,D3,Team,20250309-PomonaPitzer-3,35ce6330-fd1a-11ef-8396-49d062319fe5,71.04874,,,5.13824,,,,,,,4a7971cc-f0d5-4adf-be21-3c3eee1bd4f8,2025-03-09,19:10:47.87,2025-03-09T12:10:47.8711808-07:00,2025-03-09T19:10:47.8711808Z,,v3,POM_PIT,58339,,"Hattenburg, Xavier",10277269,Right,POM_COL,57bf350f-badc-4e47-8087-ea8feed569ea,55.38725,-106.32916,8.67095,5.58571,1.46009,-17.3349,-1.67418,2.61814,4.83088,,,,,,,,,,,,,,,,,,,,,,,,,,,,,,,,,,,,,,,,,,,,,,,,,,,High,High,High,,,,,
274,2025-03-09,12:11:06.81,3,2,"Zerger, Justin",10051439,Right,POM_COL,"Andrew, Rajkovich",,Right,HOU_KYL1,Undefined,8,Top,2,1,0,Fastball,Four-Seam,StrikeSwinging,Undefined,Undefined,Undefined,0,0,,86.90801,-0.543561,-1.260926,1992.742509,197.078389,12:30,6.10958,1.06552,5.4691,-24.01017,13.10918,3.70988,3.5999,0.19442,80.39459,-4.982316,-0.600327,0.438502,,,,,,,,,,,,-2.17323,7.06969,-0.95722,50,6.04541,2.62073,-126.31269,-2.02354,-3.55706,22.56972,-20.60259,POM_COL,HOU_KYL1,PomonaPitzer,D3,Team,20250309-PomonaPitzer-3,41094bc0-fd1a-11ef-8396-49d062319fe5,85.95729,,,6.51342,,,,,,,4a7971cc-f0d5-4adf-be21-3c3eee1bd4f8,2025-03-09,19:11:06.81,2025-03-09T12:11:06.8150272-07:00,2025-03-09T19:11:06.8150272Z,,v3,POM_PIT,58339,,"Hattenburg, Xavier",10277269,Right,POM_COL,41028221-77fd-45ea-99d2-fc0ae2368628,55.03042,-127.20836,11.28486,6.10949,-1.20594,-10.30129,-1.06402,2.76189,-1.77853,,,,,,,,,,,,,,,,,,,,,,,,,,,,,,,,,,,,,,,,,,,,,,,,,,,High,High,High,,,,,
275,2025-03-09,12:11:23.65,3,3,"Zerger, Justin",10051439,Right,POM_COL,"Andrew, Rajkovich",,Right,HOU_KYL1,Undefined,8,Top,2,1,1,Fastball,Four-Seam,FoulBallNotFieldable,Undefined,Undefined,Undefined,0,0,,87.11383,-1.764989,-2.489874,2042.407455,192.608466,12:30,5.88895,1.22447,5.34255,-23.82336,13.55091,2.78327,2.24589,-0.88076,80.33402,-6.156852,-1.99593,0.440005,,,,,,,,,,,,-2.04358,7.59898,-1.002,50,5.71275,5.37683,-126.40278,-4.73023,-3.33221,23.87397,-19.78327,POM_COL,HOU_KYL1,PomonaPitzer,D3,Team,20250309-PomonaPitzer-3,4b1662b0-fd1a-11ef-8396-49d062319fe5,85.66363,,,6.77981,,,,,,,4a7971cc-f0d5-4adf-be21-3c3eee1bd4f8,2025-03-09,19:11:23.65,2025-03-09T12:11:23.6544512-07:00,2025-03-09T19:11:23.6544512Z,,v3,POM_PIT,58339,,"Hattenburg, Xavier",10277269,Right,POM_COL,57fe2076-c072-420d-956f-471a92210cc2,55.15768,-127.3732,11.93699,5.88867,-3.92609,-9.89163,-1.22331,5.51228,-1.66611,,,,,,,,,,,,,,,,,,,,,,,,,,,,,,,,,,,,,,,,,,,,,,,,,,,High,High,High,,,,,
276,2025-03-09,12:11:46.78,3,4,"Zerger, Justin",10051439,Right,POM_COL,"Andrew, Rajkovich",,Right,HOU_KYL1,Undefined,8,Top,2,1,2,Slider,Curveball,BallCalled,Undefined,Undefined,Undefined,0,0,,74.72948,-0.186705,-1.315243,2761.004808,59.978247,8:00,5.61861,1.58641,4.98509,-61.14023,-9.10229,-18.60934,0.34724,-1.2066,69.01687,-11.137297,-4.609491,0.519196,,,,,,,,,,,,8.89571,-4.04811,-1.44358,50,5.55026,3.20724,-108.45038,-2.46712,10.51119,20.3597,-36.9573,POM_COL,HOU_KYL1,PomonaPitzer,D3,Team,20250309-PomonaPitzer-3,58e7fbb0-fd1a-11ef-8396-49d062319fe5,72.59768,,,5.71261,,,,,,,4a7971cc-f0d5-4adf-be21-3c3eee1bd4f8,2025-03-09,19:11:46.78,2025-03-09T12:11:46.7839488-07:00,2025-03-09T19:11:46.7839488Z,,v3,POM_PIT,58339,,"Hattenburg, Xavier",10277269,Right,POM_COL,dbaaea49-1822-4be1-8369-324cc53dafc1,55.51859,-109.4815,10.17985,5.62781,-0.59542,-18.47865,-1.59253,2.6749,5.2556,,,,,,,,,,,,,,,,,,,,,,,,,,,,,,,,,,,,,,,,,,,,,,,,,,,High,High,High,,,,,
277,2025-03-09,12:12:05.07,3,5,"Zerger, Justin",10051439,Right,POM_COL,"Andrew, Rajkovich",,Right,HOU_KYL1,Undefined,8,Top,2,2,2,Slider,Curveball,StrikeSwinging,Strikeout,Undefined,Undefined,0,0,,72.37873,1.640265,-0.866906,2603.02174,81.174957,8:45,5.65147,1.7436,5.11229,-56.78042,-1.13654,-19.72328,2.46566,-0.71678,65.8886,-8.676751,-4.357279,0.536884,,,,,,,,,,,,9.61249,-0.61795,-1.64555,50,5.76157,2.32009,-104.90723,1.17247,10.5522,20.22367,-32.85241,POM_COL,HOU_KYL1,PomonaPitzer,D3,Team,20250309-PomonaPitzer-3,63ce82b0-fd1a-11ef-8396-49d062319fe5,70.20598,,,6.49013,,,,,,,4a7971cc-f0d5-4adf-be21-3c3eee1bd4f8,2025-03-09,19:12:05.07,2025-03-09T12:12:05.0729984-07:00,2025-03-09T19:12:05.0729984Z,,v3,POM_PIT,58339,,"Hattenburg, Xavier",10277269,Right,POM_COL,227b7a2c-aaf1-47e9-b6ab-535c84005dad,55.38879,-105.94097,10.11184,5.65872,2.85173,-16.4262,-1.75036,1.78071,5.2761,,,,,,,,,,,,,,,,,,,,,,,,,,,,,,,,,,,,,,,,,,,,,,,,,,,High,High,High,,,,,
278,2025-03-09,12:14:38.01,1,1,"Johnson, Daelen",,Right,HOU_KYL1,"Pierantoni, Greg",1000091552,Right,POM_COL,Undefined,8,Bottom,0,0,0,Fastball,Changeup,StrikeCalled,Undefined,Undefined,Undefined,0,0,,83.83014,-1.494882,-2.543602,1788.09075,243.614336,2:00,5.7602,1.12285,5.5924,-30.55128,10.23438,17.6658,1.81677,0.21843,75.87662,-7.165432,0.610092,0.459648,,,,,,,,,,,,-9.69382,6.09221,-0.91606,50,5.6123,4.649,-121.43158,-4.18563,-14.27982,26.7608,-23.19972,POM_COL,HOU_KYL1,PomonaPitzer,D3,Team,20250309-PomonaPitzer-3,bef63c00-fd1a-11ef-8396-49d062319fe5,82.00286,,,7.95351,,,,,,,4a7971cc-f0d5-4adf-be21-3c3eee1bd4f8,2025-03-09,19:14:38.01,2025-03-09T12:14:38.0174848-07:00,2025-03-09T19:14:38.0174848Z,,v3,POM_PIT,58339,,"Hargrove, Calvin",,Undefined,HOU_KYL1,633dd338-8002-479e-8484-33ba023ea2f2,54.90473,-122.5077,13.3804,5.76186,-3.25271,-11.59986,-1.11455,5.22323,-7.13991,,,,,,,,,,,,,,,,,,,,,,,,,,,,,,,,,,,,,,,,,,,,,,,,,,,High,High,High,,,,,
279,2025-03-09,12:14:49.45,1,2,"Johnson, Daelen",,Right,HOU_KYL1,"Pierantoni, Greg",1000091552,Right,POM_COL,Undefined,8,Bottom,0,0,1,Slider,Curveball,FoulBallNotFieldable,Undefined,Undefined,Undefined,0,0,,74.55285,0.39358,-1.129732,1751.300101,84.1073,8:45,5.63814,1.34667,5.23797,-51.60841,0.99618,-9.50674,1.70745,-0.50753,67.33375,-9.032933,-2.817658,0.522015,,,,,,,,,,,,4.37512,0.89748,-1.23531,50,5.63617,2.49382,-107.96872,-0.94036,5.04678,22.79209,-31.13878,POM_COL,HOU_KYL1,PomonaPitzer,D3,Team,20250309-PomonaPitzer-3,c5c93690-fd1a-11ef-8396-49d062319fe5,72.20562,,,7.21909,,,,,,,4a7971cc-f0d5-4adf-be21-3c3eee1bd4f8,2025-03-09,19:14:49.45,2025-03-09T12:14:49.4559744-07:00,2025-03-09T19:14:49.4559744Z,,v3,POM_PIT,58339,,"Hargrove, Calvin",,Undefined,HOU_KYL1,d52e30ef-b0de-4a9c-b998-48596236e099,55.25978,-109.0734,11.39605,5.64517,0.56886,-15.56939,-1.35025,2.24921,2.52339,,,,,,,,,,,,,,,,,,,,,,,,,,,,,,,,,,,,,,,,,,,,,,,,,,,High,High,High,,,,,
280,2025-03-09,12:15:05.21,1,3,"Johnson, Daelen",,Right,HOU_KYL1,"Pierantoni, Greg",1000091552,Right,POM_COL,Undefined,8,Bottom,0,0,2,Fastball,Changeup,FoulBallNotFieldable,Undefined,Undefined,Undefined,0,0,,85.28748,-0.577731,-3.216099,1729.650369,246.364063,2:15,5.79506,1.19749,5.60102,-30.67261,8.83634,16.87119,2.69878,-0.40218,76.84879,-6.281425,-0.207679,0.452396,,,,,,,,,,,,-9.55839,5.08205,-0.93295,50,5.72595,6.21791,-123.48242,-2.28587,-14.51967,28.2966,-24.45413,POM_COL,HOU_KYL1,PomonaPitzer,D3,Team,20250309-PomonaPitzer-3,cf261050-fd1a-11ef-8396-49d062319fe5,83.31728,,,8.4387,,,,,,,4a7971cc-f0d5-4adf-be21-3c3eee1bd4f8,2025-03-09,19:15:05.21,2025-03-09T12:15:05.2108288-07:00,2025-03-09T19:15:05.2108288Z,,v3,POM_PIT,58339,,"Hargrove, Calvin",,Undefined,HOU_KYL1,921b4145-dfc7-481e-9eb8-21ccd1713e5e,54.89632,-124.59938,14.1483,5.79713,-1.32058,-12.22706,-1.1897,6.79105,-7.25983,,,,,,,,,,,,,,,,,,,,,,,,,,,,,,,,,,,,,,,,,,,,,,,,,,,High,High,High,,,,,
281,2025-03-09,12:15:18.22,1,4,"Johnson, Daelen",,Right,HOU_KYL1,"Pierantoni, Greg",1000091552,Right,POM_COL,Undefined,8,Bottom,0,0,2,Slider,Curveball,BallCalled,Undefined,Undefined,Undefined,0,0,,75.77944,-1.356378,-3.893582,1777.266271,93.988995,9:15,5.56971,1.12994,5.46761,-47.54144,2.54874,-12.78001,0.33532,-3.58467,69.63336,-9.97658,-6.162394,0.509387,,,,,,,,,,,,5.25217,2.20874,-0.77802,50,5.41788,7.94509,-109.67711,-4.12569,6.33351,21.20879,-29.51055,POM_COL,HOU_KYL1,PomonaPitzer,D3,Team,20250309-PomonaPitzer-3,d6f1e9d0-fd1a-11ef-8396-49d062319fe5,73.9957,,,6.14608,,,,,,,4a7971cc-f0d5-4adf-be21-3c3eee1bd4f8,2025-03-09,19:15:18.22,2025-03-09T12:15:18.2243328-07:00,2025-03-09T19:15:18.2243328Z,,v3,POM_PIT,58339,,"Hargrove, Calvin",,Undefined,HOU_KYL1,ce0cdbf9-7533-44f4-845b-5026d1846c4e,55.03137,-110.64577,10.60439,5.57553,-2.77786,-14.75528,-1.13429,7.65582,3.16676,,,,,,,,,,,,,,,,,,,,,,,,,,,,,,,,,,,,,,,,,,,,,,,,,,,High,High,High,,,,,
282,2025-03-09,12:15:32.74,1,5,"Johnson, Daelen",,Right,HOU_KYL1,"Pierantoni, Greg",1000091552,Right,POM_COL,Undefined,8,Bottom,0,1,2,Fastball,Changeup,FoulBallNotFieldable,Undefined,Undefined,Undefined,0,0,,84.92281,-1.041221,-4.058513,1710.415501,244.888147,2:15,5.72121,1.29018,5.52503,-30.52565,9.33737,16.88769,2.20142,-1.10315,76.86312,-6.696348,-1.055258,0.454419,,,,,,,,,,,,-9.75315,5.45555,-0.9482,50,5.61033,7.99511,-122.86934,-3.27992,-14.74311,26.88564,-23.9273,POM_COL,HOU_KYL1,PomonaPitzer,D3,Team,20250309-PomonaPitzer-3,df929f80-fd1a-11ef-8396-49d062319fe5,82.94643,,,8.05969,,,,,,,4a7971cc-f0d5-4adf-be21-3c3eee1bd4f8,2025-03-09,19:15:32.74,2025-03-09T12:15:32.7450112-07:00,2025-03-09T19:15:32.7450112Z,,v3,POM_PIT,58339,,"Hargrove, Calvin",,Undefined,HOU_KYL1,e3e977b7-3a6e-4834-bdcd-7e9f61257511,54.97277,-123.95268,13.44282,5.72307,-2.31578,-11.96365,-1.28232,8.58917,-7.37156,,,,,,,,,,,,,,,,,,,,,,,,,,,,,,,,,,,,,,,,,,,,,,,,,,,High,High,High,,,,,
283,2025-03-09,12:15:46.40,1,6,"Johnson, Daelen",,Right,HOU_KYL1,"Pierantoni, Greg",1000091552,Right,POM_COL,Undefined,8,Bottom,0,1,2,Fastball,Changeup,BallCalled,Undefined,Undefined,Undefined,0,0,,84.09126,-0.843129,-0.825109,1699.946942,238.887388,2:00,5.77586,1.36449,5.47281,-29.23309,11.5039,16.60647,2.55063,1.97616,75.90701,-6.279945,2.134238,0.459373,,,,,,,,,,,,-8.77347,6.48016,-1.30416,50,5.68216,1.07751,-121.92815,-2.7653,-12.97526,27.90497,-22.5904,POM_COL,HOU_KYL1,PomonaPitzer,D3,Team,20250309-PomonaPitzer-3,e7aee2f0-fd1a-11ef-8396-49d062319fe5,82.05187,,,8.18425,,,,,,,4a7971cc-f0d5-4adf-be21-3c3eee1bd4f8,2025-03-09,19:15:46.40,2025-03-09T12:15:46.4090112-07:00,2025-03-09T19:15:46.4090112Z,,v3,POM_PIT,58339,,"Hargrove, Calvin",,Undefined,HOU_KYL1,af50892d-08ad-46f1-bcfc-6f9991ea2862,55.02705,-123.07328,13.95249,5.77661,-1.83826,-11.2952,-1.3593,1.60997,-6.48763,,,,,,,,,,,,,,,,,,,,,,,,,,,,,,,,,,,,,,,,,,,,,,,,,,,High,High,High,,,,,
284,2025-03-09,12:15:57.97,1,7,"Johnson, Daelen",,Right,HOU_KYL1,"Pierantoni, Greg",1000091552,Right,POM_COL,Undefined,8,Bottom,0,2,2,Fastball,Changeup,InPlay,Undefined,LineDrive,Out,1,0,,85.80559,-0.871939,-3.468465,1818.364102,239.906922,2:00,5.82124,1.19255,5.5311,-27.37135,11.66292,17.70076,2.72365,-0.57864,77.49714,-5.972833,-0.317931,0.449671,94.705,21.385307,20.621595,3405.231101,98.97171,40.79063,48.00595,290.81431,277.04792,34.915725,3.759963,-10.03394,6.56555,-0.90316,50,5.72744,6.77079,-124.22766,-2.81246,-15.47836,27.87472,-22.04605,POM_COL,HOU_KYL1,PomonaPitzer,D3,Team,20250309-PomonaPitzer-3,ee95b3a0-fd1a-11ef-8396-49d062319fe5,83.82235,48.92567,,8.30846,,,,0.38909,2.92344,0.49146,4a7971cc-f0d5-4adf-be21-3c3eee1bd4f8,2025-03-09,19:15:57.97,2025-03-09T12:15:57.9742208-07:00,2025-03-09T19:15:57.9742208Z,LineDrive,v3,POM_PIT,58339,,"Hargrove, Calvin",,Undefined,HOU_KYL1,4948484d-c158-4935-817b-24ece59e8b3e,54.96712,-125.33725,13.93736,5.82193,-1.9349,-11.02303,-1.18494,7.38693,-7.73918,216.995178,0.38924,121.04496,-32.94809,8.98478,-2.0444,0.38703,-0.05458,0.00464,-0.00015,2.92307,50.66064,-12.75512,-1.63087,0.82283,-0.19801,0.02296,-4E-05,-0.00016,0.49145,45.55245,0.55194,-0.77177,0.32063,-0.09223,0.01871,-0.00238,0.00014,,,,,,,,,,,,,,,,,,,,,,,High,High,High,Medium,Medium,,,
285,2025-03-09,12:16:28.25,2,1,"Johnson, Daelen",,Right,HOU_KYL1,"Hattenburg, Xavier",10277269,Left,POM_COL,Undefined,8,Bottom,1,0,0,ChangeUp,Changeup,BallCalled,Undefined,Undefined,Undefined,0,0,,77.01692,1.797802,-1.485572,1808.885647,257.558803,2:30,5.78347,1.2571,5.89998,-41.63699,5.56217,18.39548,3.98383,1.41061,70.34434,-5.922738,1.816011,0.494468,,,,,,,,,,,,-9.74882,2.83658,-1.14768,50,5.90462,2.20868,-111.80902,2.24614,-12.30932,20.64022,-28.59246,POM_COL,HOU_KYL1,PomonaPitzer,D3,Team,20250309-PomonaPitzer-3,00aa4d80-fd1b-11ef-8396-49d062319fe5,76.22821,,,6.67258,,,,,,,4a7971cc-f0d5-4adf-be21-3c3eee1bd4f8,2025-03-09,19:16:28.25,2025-03-09T12:16:28.2521600-07:00,2025-03-09T19:16:28.2521600Z,,v3,POM_PIT,58339,,"Hargrove, Calvin",,Undefined,HOU_KYL1,f991bc30-c697-4b03-b762-df44bf249247,54.59879,-112.65477,10.32011,5.78858,3.41774,-14.29623,-1.24852,2.71307,-6.15466,,,,,,,,,,,,,,,,,,,,,,,,,,,,,,,,,,,,,,,,,,,,,,,,,,,High,High,High,,,,,
286,2025-03-09,12:16:39.86,2,2,"Johnson, Daelen",,Right,HOU_KYL1,"Hattenburg, Xavier",10277269,Left,POM_COL,Undefined,8,Bottom,1,1,0,Fastball,Changeup,BallCalled,Undefined,Undefined,Undefined,0,0,,84.71788,-2.795493,-2.22149,1779.697791,246.773489,2:15,5.89853,0.90717,5.64431,-30.82793,8.99162,17.66745,0.71782,0.30618,77.04027,-8.485992,0.938974,0.454171,,,,,,,,,,,,-9.65288,5.85099,-0.72999,50,5.64148,4.02503,-122.70045,-7.02937,-14.54359,26.9324,-23.35861,POM_COL,HOU_KYL1,PomonaPitzer,D3,Team,20250309-PomonaPitzer-3,07922fa0-fd1b-11ef-8396-49d062319fe5,82.99169,,,7.67761,,,,,,,4a7971cc-f0d5-4adf-be21-3c3eee1bd4f8,2025-03-09,19:16:39.86,2025-03-09T12:16:39.8632448-07:00,2025-03-09T19:16:39.8632448Z,,v3,POM_PIT,58339,,"Hargrove, Calvin",,Undefined,HOU_KYL1,1ea1113a-95f4-4e01-8f0e-f526d93d5ea2,54.85423,-123.76135,13.4662,5.90026,-6.10924,-11.6793,-0.89983,4.59792,-7.27179,,,,,,,,,,,,,,,,,,,,,,,,,,,,,,,,,,,,,,,,,,,,,,,,,,,High,High,High,,,,,
287,2025-03-09,12:16:51.97,2,3,"Johnson, Daelen",,Right,HOU_KYL1,"Hattenburg, Xavier",10277269,Left,POM_COL,Undefined,8,Bottom,1,2,0,Fastball,Changeup,BallCalled,Undefined,Undefined,Undefined,0,0,,83.51487,0.4687,-2.676331,1734.920032,220.854494,1:15,5.82254,1.15734,5.52459,-26.23076,14.68454,11.50776,4.07532,-0.38761,75.76188,-4.436719,-0.628062,0.460378,,,,,,,,,,,,-6.54304,7.67351,-0.93209,50,5.84614,5.16712,-121.03383,0.15294,-9.65016,24.88774,-20.85656,POM_COL,HOU_KYL1,PomonaPitzer,D3,Team,20250309-PomonaPitzer-3,0ec5e7d0-fd1b-11ef-8396-49d062319fe5,81.87287,,,7.75299,,,,,,,4a7971cc-f0d5-4adf-be21-3c3eee1bd4f8,2025-03-09,19:16:51.97,2025-03-09T12:16:51.9734784-07:00,2025-03-09T19:16:51.9734784Z,,v3,POM_PIT,58339,,"Hargrove, Calvin",,Undefined,HOU_KYL1,96462bb6-2ac1-4c2c-9893-f7019f8f4505,54.97153,-122.05182,12.44387,5.82243,1.00604,-10.42828,-1.15152,5.56184,-4.82508,,,,,,,,,,,,,,,,,,,,,,,,,,,,,,,,,,,,,,,,,,,,,,,,,,,High,High,High,,,,,
288,2025-03-09,12:17:06.41,2,4,"Johnson, Daelen",,Right,HOU_KYL1,"Hattenburg, Xavier",10277269,Left,POM_COL,Undefined,8,Bottom,1,3,0,Fastball,Changeup,StrikeCalled,Undefined,Undefined,Undefined,0,0,,83.95998,-0.734525,-2.279686,1637.126361,241.00636,2:00,5.92281,1.08743,5.58004,-30.62777,9.68064,15.0495,2.68391,0.21135,76.53397,-6.405249,0.405896,0.456951,,,,,,,,,,,,-8.23371,5.52398,-0.90115,50,5.83981,4.21411,-121.77393,-2.59075,-12.30599,24.95231,-23.91796,POM_COL,HOU_KYL1,PomonaPitzer,D3,Team,20250309-PomonaPitzer-3,17611f40-fd1b-11ef-8396-49d062319fe5,82.48691,,,7.42601,,,,,,,4a7971cc-f0d5-4adf-be21-3c3eee1bd4f8,2025-03-09,19:17:06.41,2025-03-09T12:17:06.4158720-07:00,2025-03-09T19:17:06.4158720Z,,v3,POM_PIT,58339,,"Hargrove, Calvin",,Undefined,HOU_KYL1,54d93e83-3b68-4837-8d4f-b9d5449ec5ce,54.91786,-122.7775,12.47615,5.92466,-1.62879,-11.95898,-1.08059,4.70905,-6.153,,,,,,,,,,,,,,,,,,,,,,,,,,,,,,,,,,,,,,,,,,,,,,,,,,,High,High,High,,,,,
289,2025-03-09,12:17:18.68,2,5,"Johnson, Daelen",,Right,HOU_KYL1,"Hattenburg, Xavier",10277269,Left,POM_COL,Undefined,8,Bottom,1,3,1,Fastball,Changeup,BallCalled,Walk,Undefined,Undefined,0,0,,84.29377,-0.586193,-1.051391,1772.348209,225.879071,1:30,5.90834,1.25829,5.60043,-25.49982,14.52572,13.57599,3.23599,1.40796,76.55718,-5.357368,1.372602,0.455345,,,,,,,,,,,,-7.12867,7.9276,-1.17696,50,5.84188,1.6662,-122.28086,-2.06343,-10.71438,25.76369,-20.25887,POM_COL,HOU_KYL1,PomonaPitzer,D3,Team,20250309-PomonaPitzer-3,1eba12b0-fd1b-11ef-8396-49d062319fe5,82.77784,,,7.73658,,,,,,,4a7971cc-f0d5-4adf-be21-3c3eee1bd4f8,2025-03-09,19:17:18.68,2025-03-09T12:17:18.6823168-07:00,2025-03-09T19:17:18.6823168Z,,v3,POM_PIT,58339,,"Hargrove, Calvin",,Undefined,HOU_KYL1,0fcd90b6-6c54-4eac-8944-cec8e713da3c,54.89595,-123.30808,12.88185,5.90804,-1.25568,-10.12944,-1.25191,2.0934,-5.35719,,,,,,,,,,,,,,,,,,,,,,,,,,,,,,,,,,,,,,,,,,,,,,,,,,,High,High,High,,,,,
290,2025-03-09,12:17:49.07,3,1,"Johnson, Daelen",,Right,HOU_KYL1,"Lee, Sammy",1000276388,Right,POM_COL,Undefined,8,Bottom,1,0,0,Fastball,Changeup,StrikeCalled,Undefined,Undefined,Undefined,0,0,,83.41449,-1.464573,-3.894341,1822.075746,231.389888,1:45,5.80649,1.34369,5.53634,-28.69131,12.81883,14.11076,2.04315,-1.12606,75.16723,-6.812513,-1.384439,0.463712,,,,,,,,,,,,-8.31331,7.39792,-1.01465,50,5.6605,7.60496,-120.59077,-4.02199,-12.04906,26.89336,-21.45172,POM_COL,HOU_KYL1,PomonaPitzer,D3,Team,20250309-PomonaPitzer-3,30d11d90-fd1b-11ef-8396-49d062319fe5,81.28415,,,8.24726,,,,,,,4a7971cc-f0d5-4adf-be21-3c3eee1bd4f8,2025-03-09,19:17:49.07,2025-03-09T12:17:49.0738688-07:00,2025-03-09T19:17:49.0738688Z,,v3,POM_PIT,58339,,"Hargrove, Calvin",,Undefined,HOU_KYL1,5cb99754-342a-4042-b977-49f8732b4e3e,54.9588,-121.69162,13.44668,5.80716,-3.14388,-10.72586,-1.33604,8.09818,-6.02453,,,,,,,,,,,,,,,,,,,,,,,,,,,,,,,,,,,,,,,,,,,,,,,,,,,High,High,High,,,,,
291,2025-03-09,12:18:08.94,3,2,"Johnson, Daelen",,Right,HOU_KYL1,"Lee, Sammy",1000276388,Right,POM_COL,Undefined,8,Bottom,1,0,1,Slider,Curveball,InPlay,Undefined,GroundBall,Single,0,0,,75.74418,0.112523,-2.109815,1847.254192,73.266008,8:30,5.67685,1.38787,5.27069,-50.51463,-0.97843,-7.98048,1.57306,-1.25989,70.33855,-9.019719,-3.526339,0.506562,74.30613,-4.313613,-20.097218,,,,,19.67827,19.46499,-14.615816,0.17116,3.48036,-0.14472,-1.18875,50,5.64948,4.35216,-110.01112,-1.46216,4.29153,18.3866,-32.35253,POM_COL,HOU_KYL1,PomonaPitzer,D3,Team,20250309-PomonaPitzer-3,3cae1280-fd1b-11ef-8396-49d062319fe5,74.4083,1.68191,,5.40563,,,,1.96265,1.68191,1.26914,4a7971cc-f0d5-4adf-be21-3c3eee1bd4f8,2025-03-09,19:18:08.94,2025-03-09T12:18:08.9445888-07:00,2025-03-09T19:18:08.9445888Z,GroundBall,v3,POM_PIT,58339,,"Hargrove, Calvin",,Undefined,HOU_KYL1,d52262eb-7a1b-4aad-87dd-7f6a6617d19e,55.23149,-110.88203,9.1933,5.68244,0.07027,-16.17626,-1.39009,4.14889,2.14576,185.331922,1.96323,102.01168,-13.06067,,,,,,,1.68188,-8.19478,-9.53189,,,,,,,1.2689,-37.32318,5.25711,,,,,,,,,,,,,,,,,,,,,,,,,,,,,High,High,High,High,High,,,
292,2025-03-09,12:18:48.24,4,1,"Johnson, Daelen",,Right,HOU_KYL1,"Kinney, William",1000092038,Right,POM_COL,Undefined,8,Bottom,1,0,0,Fastball,Changeup,BallCalled,Undefined,Undefined,Undefined,0,0,,85.15437,-2.649443,-3.831455,1878.521829,232.930082,1:45,5.63703,1.51242,5.56126,-25.51218,14.00957,16.70414,1.02844,-0.6805,77.37899,-7.396719,-0.857293,0.45247,,,,,,,,,,,,-9.57008,8.28808,-1.19238,50,5.39114,7.53821,-123.16792,-6.54308,-14.58478,26.27145,-19.54303,POM_COL,HOU_KYL1,PomonaPitzer,D3,Team,20250309-PomonaPitzer-3,541aedd0-fd1b-11ef-8396-49d062319fe5,83.30381,,,7.77539,,,,,,,4a7971cc-f0d5-4adf-be21-3c3eee1bd4f8,2025-03-09,19:18:48.24,2025-03-09T12:18:48.2435584-07:00,2025-03-09T19:18:48.2435584Z,,v3,POM_PIT,58339,,"Hargrove, Calvin",,Undefined,HOU_KYL1,66b48098-ee67-4c40-a63f-184f9822af68,54.93667,-124.21644,13.13573,5.63672,-5.7631,-9.77152,-1.50486,8.1203,-7.29239,,,,,,,,,,,,,,,,,,,,,,,,,,,,,,,,,,,,,,,,,,,,,,,,,,,High,High,High,,,,,
293,2025-03-09,12:19:05.80,4,2,"Johnson, Daelen",,Right,HOU_KYL1,"Kinney, William",1000092038,Right,POM_COL,Undefined,8,Bottom,1,1,0,Fastball,Changeup,StrikeCalled,Undefined,Undefined,Undefined,0,0,,82.68428,-0.602941,-3.067487,1774.406203,229.2132,1:45,5.69913,1.57876,5.37379,-30.32155,11.48816,11.74075,2.60623,-0.32148,75.54325,-6.199078,-0.98328,0.465382,,,,,,,,,,,,-6.73457,6.34918,-1.31218,50,5.62383,5.9274,-119.84203,-2.28677,-9.78421,23.37965,-22.94973,POM_COL,HOU_KYL1,PomonaPitzer,D3,Team,20250309-PomonaPitzer-3,5e88c260-fd1b-11ef-8396-49d062319fe5,80.9924,,,7.14104,,,,,,,4a7971cc-f0d5-4adf-be21-3c3eee1bd4f8,2025-03-09,19:19:05.80,2025-03-09T12:19:05.8051584-07:00,2025-03-09T19:19:05.8051584Z,,v3,POM_PIT,58339,,"Hargrove, Calvin",,Undefined,HOU_KYL1,7433ae7b-0f21-4fbe-a8b3-f9b104713308,55.12416,-120.83755,11.68982,5.70039,-1.30955,-11.47487,-1.57344,6.34402,-4.89211,,,,,,,,,,,,,,,,,,,,,,,,,,,,,,,,,,,,,,,,,,,,,,,,,,,High,High,High,,,,,
294,2025-03-09,12:19:27.56,4,3,"Johnson, Daelen",,Right,HOU_KYL1,"Kinney, William",1000092038,Right,POM_COL,Undefined,8,Bottom,1,1,1,Fastball,Changeup,BallCalled,Undefined,Undefined,Undefined,0,0,,83.65347,-0.183828,-4.124926,1792.896172,234.53602,1:45,5.72078,1.65204,5.66733,-28.53494,12.01894,14.97926,3.17102,-0.95247,76.13721,-5.495686,-1.456497,0.45834,,,,,,,,,,,,-8.73398,6.55638,-1.31241,50,5.6874,8.11335,-121.14678,-1.31035,-12.93915,24.36293,-22.46097,POM_COL,HOU_KYL1,PomonaPitzer,D3,Team,20250309-PomonaPitzer-3,6b8de3a0-fd1b-11ef-8396-49d062319fe5,82.23687,,,7.51626,,,,,,,4a7971cc-f0d5-4adf-be21-3c3eee1bd4f8,2025-03-09,19:19:27.56,2025-03-09T12:19:27.5636224-07:00,2025-03-09T19:19:27.5636224Z,,v3,POM_PIT,58339,,"Hargrove, Calvin",,Undefined,HOU_KYL1,4c7fee18-7d7e-40b5-b57e-b4e4783f2dbc,54.83042,-122.11432,12.18147,5.72172,-0.41834,-11.23049,-1.64483,8.62721,-6.46957,,,,,,,,,,,,,,,,,,,,,,,,,,,,,,,,,,,,,,,,,,,,,,,,,,,High,High,High,,,,,
295,2025-03-09,12:19:47.00,4,4,"Johnson, Daelen",,Right,HOU_KYL1,"Kinney, William",1000092038,Right,POM_COL,Undefined,8,Bottom,1,2,1,Slider,Curveball,BallCalled,Undefined,Undefined,Undefined,0,0,,76.12408,-0.482845,-3.59668,1933.100878,77.553073,8:30,5.61133,1.40446,5.35315,-49.92952,-0.63449,-9.59721,0.99678,-2.77305,70.47387,-9.506243,-5.298386,0.505328,,,,,,,,,,,,3.82752,0.28059,-1.07346,50,5.53218,7.30195,-110.34985,-2.5876,4.72233,19.52808,-31.82787,POM_COL,HOU_KYL1,PomonaPitzer,D3,Team,20250309-PomonaPitzer-3,7726f1c0-fd1b-11ef-8396-49d062319fe5,74.5901,,,5.65021,,,,,,,4a7971cc-f0d5-4adf-be21-3c3eee1bd4f8,2025-03-09,19:19:47.00,2025-03-09T12:19:47.0014976-07:00,2025-03-09T19:19:47.0014976Z,,v3,POM_PIT,58339,,"Hargrove, Calvin",,Undefined,HOU_KYL1,5abd64ed-0106-48a8-bddc-9bd8351338ea,55.14742,-111.25703,9.76404,5.61804,-1.10903,-15.91394,-1.40758,7.08257,2.36117,,,,,,,,,,,,,,,,,,,,,,,,,,,,,,,,,,,,,,,,,,,,,,,,,,,High,High,High,,,,,
296,2025-03-09,12:20:07.60,4,5,"Johnson, Daelen",,Right,HOU_KYL1,"Kinney, William",1000092038,Right,POM_COL,Undefined,8,Bottom,1,3,1,Fastball,Changeup,InPlay,Undefined,GroundBall,FieldersChoice,1,1,,84.41224,-1.664373,-3.68598,1780.428691,239.285636,2:00,5.62539,1.60243,5.62764,-29.04269,10.85001,16.01292,1.64847,-0.50731,77.01018,-7.044384,-0.830732,0.454588,86.57571,-8.353089,-6.995945,,,,,13.07997,13.07997,-4.550562,0.09143,-9.22623,6.37351,-1.29878,50,5.46478,7.22271,-122.28106,-4.51934,-13.90871,25.0924,-22.56587,POM_COL,HOU_KYL1,PomonaPitzer,D3,Team,20250309-PomonaPitzer-3,8365b5c0-fd1b-11ef-8396-49d062319fe5,82.91556,1.69505,,7.40207,,,,1.65622,1.69505,0.34407,4a7971cc-f0d5-4adf-be21-3c3eee1bd4f8,2025-03-09,19:20:07.60,2025-03-09T12:20:07.6019712-07:00,2025-03-09T19:20:07.6019712Z,GroundBall,v3,POM_PIT,58339,,"Hargrove, Calvin",,Undefined,HOU_KYL1,127c82aa-8b47-4ed7-bbd8-823ec68a33e0,54.87216,-123.27678,12.5462,5.62635,-3.62387,-11.28293,-1.59634,7.77464,-6.95436,186.940763,1.65622,124.69444,-2.18796,,,,,,,1.69504,-18.44474,-1.03184,,,,,,,0.34407,-15.30117,2.05397,,,,,,,,,,,,,,,,,,,,,,,,,,,,,High,High,High,Medium,High,,,
297,2025-03-09,12:21:25.71,5,1,"Johnson, Daelen",,Right,HOU_KYL1,"Legg, Jimmy",1000115608,Left,POM_COL,Undefined,8,Bottom,2,0,0,Fastball,Changeup,StrikeCalled,Undefined,Undefined,Undefined,0,0,,84.11544,-1.349512,-2.528089,1787.651133,247.920437,2:15,5.87085,1.46952,5.45605,-31.81289,9.00134,18.49111,1.95504,0.64237,75.95623,-7.235851,0.764967,0.459809,,,,,,,,,,,,-10.06961,5.418,-1.25936,50,5.73035,4.57984,-121.7961,-3.96332,-14.88535,27.4693,-24.1649,POM_COL,HOU_KYL1,PomonaPitzer,D3,Team,20250309-PomonaPitzer-3,b1f60750-fd1b-11ef-8396-49d062319fe5,81.97419,,,8.15921,,,,,,,4a7971cc-f0d5-4adf-be21-3c3eee1bd4f8,2025-03-09,19:21:25.71,2025-03-09T12:21:25.7135616-07:00,2025-03-09T19:21:25.7135616Z,,v3,POM_PIT,58339,,"Hargrove, Calvin",,Undefined,HOU_KYL1,c299c57d-b929-4c59-bbb0-5bc12144f855,55.04083,-122.92773,13.73465,5.87312,-2.96782,-12.08245,-1.46066,5.19305,-7.44268,,,,,,,,,,,,,,,,,,,,,,,,,,,,,,,,,,,,,,,,,,,,,,,,,,,High,High,High,,,,,
298,2025-03-09,12:21:45.15,5,2,"Johnson, Daelen",,Right,HOU_KYL1,"Legg, Jimmy",1000115608,Left,POM_COL,Undefined,8,Bottom,2,0,1,ChangeUp,Changeup,BallCalled,Undefined,Undefined,Undefined,0,0,,76.92032,2.8904,-0.888186,1959.906299,270.050954,3:00,5.74372,1.53261,5.72634,-46.6879,1.75579,17.41418,4.54773,2.15649,69.11186,-5.762597,2.225776,0.500945,,,,,,,,,,,,-9.02225,0.5315,-1.46884,50,5.95715,1.04407,-111.38711,4.1437,-11.12229,23.51012,-31.51884,POM_COL,HOU_KYL1,PomonaPitzer,D3,Team,20250309-PomonaPitzer-3,bd944590-fd1b-11ef-8396-49d062319fe5,75.24267,,,7.80846,,,,,,,4a7971cc-f0d5-4adf-be21-3c3eee1bd4f8,2025-03-09,19:21:45.15,2025-03-09T12:21:45.1565568-07:00,2025-03-09T19:21:45.1565568Z,,v3,POM_PIT,58339,,"Hargrove, Calvin",,Undefined,HOU_KYL1,be0b8248-c4fc-4d52-a515-0eefe9600e46,54.77002,-112.38939,11.75506,5.75185,5.48741,-15.75942,-1.52345,1.51823,-5.56115,,,,,,,,,,,,,,,,,,,,,,,,,,,,,,,,,,,,,,,,,,,,,,,,,,,High,High,High,,,,,
299,2025-03-09,12:22:04.37,5,3,"Johnson, Daelen",,Right,HOU_KYL1,"Legg, Jimmy",1000115608,Left,POM_COL,Undefined,8,Bottom,2,1,1,Fastball,Changeup,StrikeCalled,Undefined,Undefined,Undefined,0,0,,82.33388,-0.60251,-1.650481,1740.67681,251.105434,2:15,5.99363,1.38079,5.41052,-35.58392,7.64552,17.17993,2.46356,1.2657,73.36188,-7.205757,1.408289,0.473218,,,,,,,,,,,,-9.11548,4.60296,-1.24586,50,5.91601,2.68151,-119.07994,-2.46872,-12.69513,29.27002,-25.76351,POM_COL,HOU_KYL1,PomonaPitzer,D3,Team,20250309-PomonaPitzer-3,c8fb6e40-fd1b-11ef-8396-49d062319fe5,79.65132,,,8.972,,,,,,,4a7971cc-f0d5-4adf-be21-3c3eee1bd4f8,2025-03-09,19:22:04.37,2025-03-09T12:22:04.3787264-07:00,2025-03-09T19:22:04.3787264Z,,v3,POM_PIT,58339,,"Hargrove, Calvin",,Undefined,HOU_KYL1,6d1bb17e-bbe7-4f26-8ff0-733dad43a0a2,55.08252,-120.32274,14.63501,5.99761,-1.3748,-12.88176,-1.37116,3.22054,-6.34757,,,,,,,,,,,,,,,,,,,,,,,,,,,,,,,,,,,,,,,,,,,,,,,,,,,High,High,High,,,,,
300,2025-03-09,12:22:24.20,5,4,"Johnson, Daelen",,Right,HOU_KYL1,"Legg, Jimmy",1000115608,Left,POM_COL,Undefined,8,Bottom,2,1,2,Fastball,Changeup,StrikeCalled,Strikeout,Undefined,Undefined,0,0,,79.21873,0.90058,-2.418646,1883.739313,256.867457,2:30,5.78542,1.4491,6.11294,-39.7538,5.57091,16.21024,3.30612,0.56226,70.74782,-6.557045,0.502115,0.48455,,,,,,,,,,,,-9.09481,3.12996,-1.27111,50,5.83466,4.21528,-114.7215,0.61105,-11.79427,26.54615,-28.11505,POM_COL,HOU_KYL1,PomonaPitzer,D3,Team,20250309-PomonaPitzer-3,d4cfd7b0-fd1b-11ef-8396-49d062319fe5,77.78847,,,8.47091,,,,,,,4a7971cc-f0d5-4adf-be21-3c3eee1bd4f8,2025-03-09,19:22:24.20,2025-03-09T12:22:24.2016256-07:00,2025-03-09T19:22:24.2016256Z,,v3,POM_PIT,58339,,"Hargrove, Calvin",,Undefined,HOU_KYL1,5618ed05-7232-4192-a180-b29fd6324a7e,54.38118,-115.73085,13.27308,5.79111,1.68005,-14.05753,-1.4399,4.66373,-5.89713,,,,,,,,,,,,,,,,,,,,,,,,,,,,,,,,,,,,,,,,,,,,,,,,,,,High,High,High,,,,,
301,2025-03-09,12:24:15.30,1,1,"Zerger, Justin",10051439,Right,POM_COL,"Pye, Logan",,Right,HOU_KYL1,Undefined,9,Top,0,0,0,Slider,Curveball,BallCalled,Undefined,Undefined,Undefined,0,0,,70.76752,0.821778,-0.972895,2536.383196,70.979301,8:15,5.67637,1.59692,4.82164,-63.05598,-5.15811,-19.91596,1.20024,-0.98433,65.75413,-10.459162,-4.483903,0.54765,,,,,,,,,,,,9.57186,-2.26835,-1.48228,50,5.70323,2.49091,-102.75905,-0.62913,10.24951,16.79698,-34.60299,POM_COL,HOU_KYL1,PomonaPitzer,D3,Team,20250309-PomonaPitzer-3,171b2020-fd1c-11ef-8396-49d062319fe5,68.82584,,,5.01339,,,,,,,4a7971cc-f0d5-4adf-be21-3c3eee1bd4f8,2025-03-09,19:24:15.30,2025-03-09T12:24:15.3067008-07:00,2025-03-09T19:24:15.3067008Z,,v3,POM_PIT,58339,,"Hattenburg, Xavier",10277269,Right,POM_COL,912318fc-1f31-4e34-9bf6-faa8666cb8a4,55.68208,-103.68368,8.39849,5.68543,1.27568,-17.3015,-1.60386,1.92669,5.12476,,,,,,,,,,,,,,,,,,,,,,,,,,,,,,,,,,,,,,,,,,,,,,,,,,,High,High,High,,,,,
302,2025-03-09,12:24:32.58,1,2,"Zerger, Justin",10051439,Right,POM_COL,"Pye, Logan",,Right,HOU_KYL1,Undefined,9,Top,0,1,0,Fastball,Slider,StrikeCalled,Undefined,Undefined,Undefined,0,0,,84.71653,-2.223528,-2.367773,1959.794333,168.507326,11:30,6.19451,1.1014,5.19435,-31.97868,7.96638,-1.36957,1.43518,-1.24128,78.07501,-8.040119,-2.610415,0.454886,,,,,,,,,,,,0.04772,4.9563,-0.88065,50,5.964,5.13706,-122.80141,-5.93608,0.07313,23.56143,-24.58049,POM_COL,HOU_KYL1,PomonaPitzer,D3,Team,20250309-PomonaPitzer-3,215820b0-fd1c-11ef-8396-49d062319fe5,82.86123,,,6.64152,,,,,,,4a7971cc-f0d5-4adf-be21-3c3eee1bd4f8,2025-03-09,19:24:32.58,2025-03-09T12:24:32.5824512-07:00,2025-03-09T19:24:32.5824512Z,,v3,POM_PIT,58339,,"Hattenburg, Xavier",10277269,Right,POM_COL,b567ba0f-1129-4415-826e-f44ea9b0387a,55.30442,-123.81497,11.78072,6.19661,-4.87869,-12.29025,-1.10156,5.13391,0.03657,,,,,,,,,,,,,,,,,,,,,,,,,,,,,,,,,,,,,,,,,,,,,,,,,,,High,High,High,,,,,
303,2025-03-09,12:24:49.45,1,3,"Zerger, Justin",10051439,Right,POM_COL,"Pye, Logan",,Right,HOU_KYL1,Undefined,9,Top,0,1,1,Fastball,Slider,InPlay,Undefined,FlyBall,Out,1,0,,84.50556,-0.190982,-1.828413,2020.057137,186.075336,12:15,6.1149,1.06636,5.36908,-31.62151,8.07335,0.73331,3.30061,-0.58747,77.78063,-5.991774,-1.698111,0.453459,88.52903,42.910844,17.432757,,100.27495,91.3445,45.22084,285.80867,140.43805,32.019096,5.442161,-0.85079,4.45386,-0.90288,50,6.0753,3.8865,-122.70759,-1.52332,-1.30417,23.06071,-25.34682,POM_COL,HOU_KYL1,PomonaPitzer,D3,Team,20250309-PomonaPitzer-3,2b62edb0-fd1c-11ef-8396-49d062319fe5,83.12196,107.8289,,6.72493,,,,1.03775,2.71246,0.28773,4a7971cc-f0d5-4adf-be21-3c3eee1bd4f8,2025-03-09,19:24:49.45,2025-03-09T12:24:49.4584320-07:00,2025-03-09T19:24:49.4584320Z,FlyBall,v3,POM_PIT,58339,,"Hattenburg, Xavier",10277269,Right,POM_COL,1c501249-98b3-4d79-9dd7-451ee5958afb,55.13102,-123.66811,11.53035,6.11677,-0.46757,-12.67341,-1.06589,3.94082,-0.65209,,1.04848,90.52023,-22.67851,5.0053,-0.26941,-0.24326,0.07993,-0.01009,0.00047,2.70623,88.50048,-21.6977,1.69289,-0.21298,-0.01259,0.01788,-0.00354,0.00022,0.28492,28.53975,2.40022,-1.36449,0.29093,-0.01606,-0.00466,0.00083,-4E-05,,,,,,,,,,,,,,,,,,,,,,,High,High,High,Medium,Low,,,
304,2025-03-09,12:25:36.56,2,1,"Zerger, Justin",10051439,Right,POM_COL,"Rowan, Charley",,Right,HOU_KYL1,Undefined,9,Top,1,0,0,Slider,Curveball,BallCalled,Undefined,Undefined,Undefined,0,0,,72.37199,1.109766,-0.75405,2573.151353,59.479189,8:00,5.70121,1.68125,4.91604,-65.21035,-9.89146,-19.62048,1.31655,-0.6668,67.03183,-10.573566,-4.221189,0.535314,,,,,,,,,,,,9.5102,-4.72799,-1.59042,50,5.75458,2.12874,-105.09244,-0.18178,10.61362,18.15745,-37.45063,POM_COL,HOU_KYL1,PomonaPitzer,D3,Team,20250309-PomonaPitzer-3,477c3a10-fd1c-11ef-8396-49d062319fe5,70.41189,,,5.34017,,,,,,,4a7971cc-f0d5-4adf-be21-3c3eee1bd4f8,2025-03-09,19:25:36.56,2025-03-09T12:25:36.5650000-07:00,2025-03-09T19:25:36.5650000Z,,v3,POM_PIT,58339,,"Hattenburg, Xavier",10277269,Right,POM_COL,393e7716-d034-4b93-9710-82d89687abb0,55.58862,-106.05363,9.07872,5.71173,1.80071,-18.72532,-1.68824,1.5669,5.30681,,,,,,,,,,,,,,,,,,,,,,,,,,,,,,,,,,,,,,,,,,,,,,,,,,,High,High,High,,,,,
305,2025-03-09,12:25:53.82,2,2,"Zerger, Justin",10051439,Right,POM_COL,"Rowan, Charley",,Right,HOU_KYL1,Undefined,9,Top,1,1,0,Fastball,Slider,BallCalled,Undefined,Undefined,Undefined,0,0,,86.19241,-1.335094,-3.149897,2000.073206,184.311125,12:15,6.10999,1.03645,5.25839,-27.69568,10.84331,0.72705,2.54551,-1.86543,79.11809,-6.417793,-3.021203,0.446809,,,,,,,,,,,,-1.21315,6.15618,-0.74815,50,5.96725,6.84142,-124.90338,-3.90803,-1.92186,24.49453,-22.42148,POM_COL,HOU_KYL1,PomonaPitzer,D3,Team,20250309-PomonaPitzer-3,51bc9600-fd1c-11ef-8396-49d062319fe5,84.35922,,,7.07432,,,,,,,4a7971cc-f0d5-4adf-be21-3c3eee1bd4f8,2025-03-09,19:25:53.82,2025-03-09T12:25:53.8260000-07:00,2025-03-09T19:25:53.8260000Z,,v3,POM_PIT,58339,,"Hattenburg, Xavier",10277269,Right,POM_COL,b76c36a5-1f8f-4670-882a-178835c0261f,55.2394,-125.92668,12.24726,6.11095,-2.97134,-11.21074,-1.03564,6.92171,-0.96093,,,,,,,,,,,,,,,,,,,,,,,,,,,,,,,,,,,,,,,,,,,,,,,,,,,High,High,High,,,,,
306,2025-03-09,12:26:10.70,2,3,"Zerger, Justin",10051439,Right,POM_COL,"Rowan, Charley",,Right,HOU_KYL1,Undefined,9,Top,1,2,0,Fastball,Slider,BallCalled,Undefined,Undefined,Undefined,0,0,,84.20664,0.151039,-1.823992,1869.381337,181.877569,12:00,6.11495,1.22486,5.24136,-32.6101,7.8789,0.21543,3.53948,-0.47204,76.88022,-5.835873,-1.785801,0.457973,,,,,,,,,,,,-0.62591,4.2952,-1.05733,50,6.10485,3.87956,-122.1197,-0.84772,-0.94311,24.5393,-25.70196,POM_COL,HOU_KYL1,PomonaPitzer,D3,Team,20250309-PomonaPitzer-3,5bd8c820-fd1c-11ef-8396-49d062319fe5,82.30275,,,7.32643,,,,,,,4a7971cc-f0d5-4adf-be21-3c3eee1bd4f8,2025-03-09,19:26:10.70,2025-03-09T12:26:10.7090000-07:00,2025-03-09T19:26:10.7090000Z,,v3,POM_PIT,58339,,"Hattenburg, Xavier",10277269,Right,POM_COL,538f3aaa-9e26-439c-96ab-0c7a009e5116,55.25615,-123.17137,12.26965,6.11758,0.25377,-12.85098,-1.22446,3.91998,-0.47156,,,,,,,,,,,,,,,,,,,,,,,,,,,,,,,,,,,,,,,,,,,,,,,,,,,High,High,High,,,,,
307,2025-03-09,12:26:27.09,2,4,"Zerger, Justin",10051439,Right,POM_COL,"Rowan, Charley",,Right,HOU_KYL1,Undefined,9,Top,1,3,0,Fastball,Slider,BallCalled,Walk,Undefined,Undefined,0,0,,82.44679,-2.790802,-2.67327,2034.174497,150.273401,11:00,6.11646,1.13358,5.06419,-35.14537,7.10445,-3.3489,0.55118,-1.66805,76.51907,-9.125388,-3.265177,0.467826,,,,,,,,,,,,0.98504,4.63374,-0.87667,50,5.82303,5.7204,-119.47586,-7.10926,1.43524,21.28769,-25.42244,POM_COL,HOU_KYL1,PomonaPitzer,D3,Team,20250309-PomonaPitzer-3,6593c770-fd1c-11ef-8396-49d062319fe5,80.56944,,,5.92772,,,,,,,4a7971cc-f0d5-4adf-be21-3c3eee1bd4f8,2025-03-09,19:26:27.09,2025-03-09T12:26:27.0950000-07:00,2025-03-09T19:26:27.0950000Z,,v3,POM_PIT,58339,,"Hattenburg, Xavier",10277269,Right,POM_COL,52b3eab2-a67f-4ea2-85a2-482df6a23050,55.43541,-120.44042,10.64385,6.11907,-5.95734,-12.71122,-1.1344,5.65537,0.71762,,,,,,,,,,,,,,,,,,,,,,,,,,,,,,,,,,,,,,,,,,,,,,,,,,,High,High,High,,,,,
308,2025-03-09,12:27:09.47,3,1,"Zerger, Justin",10051439,Right,POM_COL,"Burrill, Brady",,Right,HOU_KYL1,Undefined,9,Top,1,0,0,Fastball,Slider,BallCalled,Undefined,Undefined,Undefined,0,0,,83.48117,2.19661,-2.071509,2244.930842,156.0178,11:15,6.07864,1.27954,5.10014,-31.4712,9.72875,-3.78398,5.52829,-0.98864,76.48029,-3.574795,-2.739274,0.461976,,,,,,,,,,,,1.32799,4.63937,-1.08091,50,6.2618,4.54349,-121.02255,3.51503,1.9804,22.39878,-25.25539,POM_COL,HOU_KYL1,PomonaPitzer,D3,Team,20250309-PomonaPitzer-3,7ed1b940-fd1c-11ef-8396-49d062319fe5,81.58954,,,7.00088,,,,,,,4a7971cc-f0d5-4adf-be21-3c3eee1bd4f8,2025-03-09,19:27:09.47,2025-03-09T12:27:09.4720000-07:00,2025-03-09T19:27:09.4720000Z,,v3,POM_PIT,58339,,"Hattenburg, Xavier",10277269,Right,POM_COL,60847fb9-f769-4ce4-80f7-d0cb108a6db9,55.3977,-122.01746,11.19939,6.08075,4.63682,-12.62769,-1.28077,4.45553,0.9902,,,,,,,,,,,,,,,,,,,,,,,,,,,,,,,,,,,,,,,,,,,,,,,,,,,High,High,High,,,,,
309,2025-03-09,12:27:27.81,3,2,"Zerger, Justin",10051439,Right,POM_COL,"Burrill, Brady",,Right,HOU_KYL1,Undefined,9,Top,1,1,0,Fastball,Slider,InPlay,Undefined,FlyBall,Out,1,0,,84.84996,-1.209985,-2.754968,2174.135561,200.168617,12:45,5.85658,1.31981,5.44579,-27.97974,11.35083,3.73272,2.39058,-0.95053,78.10607,-6.362307,-2.091354,0.451374,87.74196,28.209877,15.07899,3116.000788,103.78509,52.27253,36.44944,306.11414,302.62671,27.643678,4.412702,-2.62803,6.39193,-1.07899,50,5.73031,5.77129,-123.11989,-3.55897,-4.05385,23.31456,-22.31425,POM_COL,HOU_KYL1,PomonaPitzer,D3,Team,20250309-PomonaPitzer-3,89c69820-fd1c-11ef-8396-49d062319fe5,83.50601,64.7468,,6.74389,,,,1.81172,2.60051,0.94526,4a7971cc-f0d5-4adf-be21-3c3eee1bd4f8,2025-03-09,19:27:27.81,2025-03-09T12:27:27.8190000-07:00,2025-03-09T19:27:27.8190000Z,LineDrive,v3,POM_PIT,58339,,"Hattenburg, Xavier",10277269,Right,POM_COL,0805e24e-cff3-49f3-b944-04df630f2a3f,55.05485,-124.07341,11.65728,5.8572,-2.64636,-11.15713,-1.31841,5.93708,-2.02693,211.559847,1.8107,109.51861,-23.2798,5.55014,-1.23948,0.27208,-0.05093,0.0061,-0.00031,2.60186,60.80552,-16.07973,0.72141,-0.06559,-0.01077,0.0063,-0.00084,3E-05,0.94523,29.50404,1.60141,-0.46631,0.07218,0.00091,-0.00285,0.00049,-3E-05,,,,,,,,,,,,,,,,,,,,,,,High,High,High,High,High,,,
310,2025-03-09,12:28:23.59,4,1,"Zerger, Justin",10051439,Right,POM_COL,"Ramos, Emiliano",,Right,HOU_KYL1,Undefined,9,Top,2,0,0,Fastball,Changeup,BallCalled,Undefined,Undefined,Undefined,0,0,,85.28707,-0.874524,-3.64832,1978.768435,234.742437,1:45,6.04718,1.1673,5.5893,-26.23871,13.22776,16.68619,3.04229,-0.85349,76.94985,-5.784341,-0.676597,0.452153,,,,,,,,,,,,-9.51126,7.37961,-0.86453,50,5.95523,7.14532,-123.42376,-2.74163,-14.4831,27.50963,-20.93688,POM_COL,HOU_KYL1,PomonaPitzer,D3,Team,20250309-PomonaPitzer-3,ab02e520-fd1c-11ef-8396-49d062319fe5,83.36211,,,8.33722,,,,,,,4a7971cc-f0d5-4adf-be21-3c3eee1bd4f8,2025-03-09,19:28:23.59,2025-03-09T12:28:23.5900000-07:00,2025-03-09T19:28:23.5900000Z,,v3,POM_PIT,58339,,"Hattenburg, Xavier",10277269,Right,POM_COL,31c791ef-b9df-45ce-bfd3-b7c46620011f,54.90686,-124.51263,13.75481,6.04735,-1.91292,-10.46844,-1.1587,7.71858,-7.24155,,,,,,,,,,,,,,,,,,,,,,,,,,,,,,,,,,,,,,,,,,,,,,,,,,,High,High,High,,,,,
311,,,4,2,"Zerger, Justin",10051439,Right,POM_COL,"Rae, James",,Right,HOU_KYL1,Undefined,9,Top,2,0,0,Fastball,,HitByPitch,Undefined,Undefined,Undefined,0,0,,,,,,,,,,,,,,,,,,,,,,,,,,,,,,,,,,,,,,,,,,POM_COL,HOU_KYL1,PomonaPitzer,D3,Team,20250309-PomonaPitzer-3,baf7ac40-fd1c-11ef-ab76-3df19db942ad,,,,,,,,,,,4a7971cc-f0d5-4adf-be21-3c3eee1bd4f8,,,,,,v3,POM_PIT,58339,,"Hattenburg, Xavier",10277269,Right,POM_COL,,,,,,,,,,,,,,,,,,,,,,,,,,,,,,,,,,,,,,,,,,,,,,,,,,,,,,,,,,,,,,,,,,,,
312,2025-03-09,12:29:30.07,5,1,"Zerger, Justin",10051439,Right,POM_COL,"Peterson, Jack",,Right,HOU_KYL1,Undefined,9,Top,2,0,0,Fastball,Changeup,StrikeSwinging,Undefined,Undefined,Undefined,0,0,,84.79198,-0.906169,-0.876353,1981.851879,227.474243,1:30,6.03102,1.24737,5.64002,-25.60001,14.20572,13.90946,3.05217,1.58889,76.47666,-5.711211,1.609452,0.454092,,,,,,,,,,,,-7.28292,7.91056,-1.18176,50,5.93807,1.28622,-122.91084,-2.75589,-10.96728,27.90604,-20.26162,POM_COL,HOU_KYL1,PomonaPitzer,D3,Team,20250309-PomonaPitzer-3,d2a03100-fd1c-11ef-ab76-3df19db942ad,83.0061,,,8.31532,,,,,,,4a7971cc-f0d5-4adf-be21-3c3eee1bd4f8,2025-03-09,19:29:30.07,2025-03-09T12:29:30.0760000-07:00,2025-03-09T19:29:30.0760000Z,,v3,POM_PIT,58339,,"Hattenburg, Xavier",10277269,Right,POM_COL,bd821898-d5ac-4f19-ad5a-f37b09ba954b,54.85565,-124.00838,13.95302,6.03078,-1.95901,-10.13081,-1.24082,1.71756,-5.48364,,,,,,,,,,,,,,,,,,,,,,,,,,,,,,,,,,,,,,,,,,,,,,,,,,,High,High,High,,,,,
313,2025-03-09,12:29:49.17,5,2,"Zerger, Justin",10051439,Right,POM_COL,"Peterson, Jack",,Right,HOU_KYL1,Undefined,9,Top,2,0,1,Fastball,Four-Seam,StrikeCalled,Undefined,Undefined,Undefined,0,0,,85.5049,-2.368078,-1.740663,2080.697352,206.444523,1:00,6.06233,1.12495,5.21606,-25.88222,13.43079,6.04378,1.67651,-0.00863,78.28766,-7.133312,-0.669053,0.451273,,,,,,,,,,,,-3.50217,7.75666,-0.96886,50,5.82434,3.50014,-123.91866,-6.0324,-5.44175,24.92663,-20.12152,POM_COL,HOU_KYL1,PomonaPitzer,D3,Team,20250309-PomonaPitzer-3,de00a2f0-fd1c-11ef-ab76-3df19db942ad,83.52463,,,7.21725,,,,,,,4a7971cc-f0d5-4adf-be21-3c3eee1bd4f8,2025-03-09,19:29:49.17,2025-03-09T12:29:49.1750000-07:00,2025-03-09T19:29:49.1750000Z,,v3,POM_PIT,58339,,"Hattenburg, Xavier",10277269,Right,POM_COL,3390d844-f1ec-49e5-8a71-c1d750d3c14a,55.28179,-124.97659,12.46331,6.06224,-5.17841,-10.06076,-1.12231,3.7311,-2.72087,,,,,,,,,,,,,,,,,,,,,,,,,,,,,,,,,,,,,,,,,,,,,,,,,,,High,High,High,,,,,
314,2025-03-09,12:30:10.42,5,3,"Zerger, Justin",10051439,Right,POM_COL,"Peterson, Jack",,Right,HOU_KYL1,Undefined,9,Top,2,0,2,Fastball,Four-Seam,FoulBallNotFieldable,Undefined,Undefined,Undefined,0,0,,85.38727,-0.721963,-0.505601,2213.461407,213.552157,1:00,6.14868,1.02742,5.21513,-21.50824,17.89651,11.01355,3.6774,1.46979,77.80472,-4.742631,1.446514,0.451799,,,,,,,,,,,,-5.65591,9.52894,-0.98941,50,6.0664,0.61162,-123.88042,-2.2696,-8.76216,25.45662,-17.41173,POM_COL,HOU_KYL1,PomonaPitzer,D3,Team,20250309-PomonaPitzer-3,eab1b0c0-fd1c-11ef-ab76-3df19db942ad,83.42739,,,7.58256,,,,,,,4a7971cc-f0d5-4adf-be21-3c3eee1bd4f8,2025-03-09,19:30:10.42,2025-03-09T12:30:10.4220000-07:00,2025-03-09T19:30:10.4220000Z,,v3,POM_PIT,58339,,"Hattenburg, Xavier",10277269,Right,POM_COL,af87dd9a-2bdc-450c-aaff-10bf88647038,55.28322,-124.96138,12.72831,6.14708,-1.53026,-8.70587,-1.02328,0.98368,-4.38108,,,,,,,,,,,,,,,,,,,,,,,,,,,,,,,,,,,,,,,,,,,,,,,,,,,High,High,High,,,,,
315,2025-03-09,12:30:36.89,5,4,"Zerger, Justin",10051439,Right,POM_COL,"Peterson, Jack",,Right,HOU_KYL1,Undefined,9,Top,2,0,2,Fastball,Sinker,InPlay,Undefined,LineDrive,Single,0,1,,86.81825,-2.073665,-2.032555,2014.64414,224.705356,1:30,6.04068,1.30188,5.65413,-24.37399,13.60367,12.09477,2.07347,0.41334,78.43365,-6.637979,0.129005,0.443543,102.26028,10.457593,5.95312,6237.529707,109.4734,14.7707,10.74771,229.98922,229.98922,5.385104,2.020012,-6.82906,7.97126,-1.13766,50,5.8497,3.95436,-125.77356,-5.34757,-10.77214,29.14069,-19.60016,POM_COL,HOU_KYL1,PomonaPitzer,D3,Team,20250309-PomonaPitzer-3,fa738100-fd1c-11ef-ab76-3df19db942ad,84.9804,14.97258,,8.3846,,,,2.10099,2.17768,-0.42891,4a7971cc-f0d5-4adf-be21-3c3eee1bd4f8,2025-03-09,19:30:36.89,2025-03-09T12:30:36.8900000-07:00,2025-03-09T19:30:36.8900000Z,LineDrive,v3,POM_PIT,58339,,"Hattenburg, Xavier",10277269,Right,POM_COL,589a7a30-7230-492c-9b36-1c42b70e2644,54.84409,-126.89093,14.57034,6.04034,-4.59602,-9.80008,-1.2972,4.36741,-5.38607,184.987992,2.10099,146.69472,-25.10035,5.83813,-1.30297,0.26846,-0.04568,0.00483,-0.00017,2.17768,27.2229,-14.85867,0.36912,0.05981,-0.02075,-0.00183,0.0027,-0.00045,-0.42891,15.29699,-2.1047,-0.26914,0.19717,-0.05483,0.00671,0.00061,-0.00021,,,,,,,,,,,,,,,,,,,,,,,High,High,High,High,High,,,
316,2025-03-09,12:31:34.81,6,1,"Zerger, Justin",10051439,Right,POM_COL,"Manders, Mark",,Right,HOU_KYL1,Undefined,9,Top,2,0,0,Slider,Curveball,StrikeCalled,Undefined,Undefined,Undefined,0,0,,69.41983,1.724999,0.171423,2469.879307,72.904794,8:30,5.61603,1.6646,5.01431,-64.55082,-3.82418,-19.34151,1.86537,0.2146,63.30037,-9.958352,-3.250159,0.560868,,,,,,,,,,,,9.60016,-1.78658,-1.66474,50,5.72964,0.41592,-100.60347,0.96772,9.69172,18.59842,-33.97766,POM_COL,HOU_KYL1,PomonaPitzer,D3,Team,20250309-PomonaPitzer-3,1d148e20-fd1d-11ef-ab76-3df19db942ad,67.20371,,,6.11946,,,,,,,4a7971cc-f0d5-4adf-be21-3c3eee1bd4f8,2025-03-09,19:31:34.81,2025-03-09T12:31:34.8190000-07:00,2025-03-09T19:31:34.8190000Z,,v3,POM_PIT,58339,,"Hattenburg, Xavier",10277269,Right,POM_COL,55fcf238-b647-4327-baa7-c9c01aece018,55.48612,-101.61262,9.29921,5.62712,2.81135,-16.98883,-1.67304,-0.10995,4.84586,,,,,,,,,,,,,,,,,,,,,,,,,,,,,,,,,,,,,,,,,,,,,,,,,,,High,High,High,,,,,
317,2025-03-09,12:31:53.99,6,2,"Zerger, Justin",10051439,Right,POM_COL,"Manders, Mark",,Right,HOU_KYL1,Undefined,9,Top,2,0,1,Slider,Curveball,BallinDirt,Undefined,Undefined,Undefined,0,0,,74.86006,-1.271726,-3.199453,2735.82584,62.021314,8:00,5.78511,1.48223,4.96468,-62.7561,-9.9267,-22.17954,-0.64801,-3.39165,68.63476,-12.454342,-7.114919,0.52313,,,,,,,,,,,,10.04316,-4.13394,-1.15298,50,5.60992,6.90012,-108.31015,-4.55857,11.6471,23.10175,-36.9682,POM_COL,HOU_KYL1,PomonaPitzer,D3,Team,20250309-PomonaPitzer-3,287686b0-fd1d-11ef-ab76-3df19db942ad,72.05182,,,6.2253,,,,,,,4a7971cc-f0d5-4adf-be21-3c3eee1bd4f8,2025-03-09,19:31:53.99,2025-03-09T12:31:53.9960000-07:00,2025-03-09T19:31:53.9960000Z,,v3,POM_PIT,58339,,"Hattenburg, Xavier",10277269,Right,POM_COL,dd628982-5a52-404e-a8f5-ee5b1ad9a956,55.53846,-109.48509,11.55087,5.79396,-2.6784,-18.4841,-1.48885,6.30776,5.82355,,,,,,,,,,,,,,,,,,,,,,,,,,,,,,,,,,,,,,,,,,,,,,,,,,,High,High,High,,,,,
318,2025-03-09,12:32:31.52,6,3,"Zerger, Justin",10051439,Right,POM_COL,"Manders, Mark",,Right,HOU_KYL1,Undefined,9,Top,2,1,1,Fastball,Changeup,InPlay,Undefined,Popup,Out,1,0,,84.3776,-0.828604,-2.386448,1891.628676,227.842963,1:30,6.1168,0.93187,5.5961,-26.82718,13.23642,13.08446,3.10685,-0.20717,76.51992,-5.836668,-0.05208,0.455561,72.75531,-48.566169,155.36982,,,,,1.71202,1.71202,127.894025,0.038705,-7.35977,7.35867,-0.73596,50,6.02857,4.55326,-122.31913,-2.6383,-11.04548,26.24924,-21.13021,POM_COL,HOU_KYL1,PomonaPitzer,D3,Team,20250309-PomonaPitzer-3,3eca9f00-fd1d-11ef-ab76-3df19db942ad,82.73856,3.10958,,7.85768,,,,1.44348,3.10958,0.20714,4a7971cc-f0d5-4adf-be21-3c3eee1bd4f8,2025-03-09,19:32:31.52,2025-03-09T12:32:31.5290000-07:00,2025-03-09T19:32:31.5290000Z,GroundBall,v3,POM_PIT,58339,,"Hattenburg, Xavier",10277269,Right,POM_COL,291c9e2e-ab52-4a26-92cb-ad5c44d28edf,54.90195,-123.36658,13.12462,6.11702,-1.79512,-10.56511,-0.92645,4.99403,-5.52274,,1.44517,-64.46137,,,,,,,,3.11169,-80.33966,,,,,,,,0.20636,29.5538,,,,,,,,,,,,,,,,,,,,,,,,,,,,,,High,High,High,Estimated,Estimated,,,