PitchNo,Date,Time,PAofInning,PitchofPA,Pitcher,PitcherId,PitcherThrows,PitcherTeam,Batter,BatterId,BatterSide,BatterTeam,PitcherSet,Inning,Top/Bottom,Outs,Balls,Strikes,TaggedPitchType,AutoPitchType,PitchCall,KorBB,TaggedHitType,PlayResult,OutsOnPlay,RunsScored,Notes,RelSpeed,VertRelAngle,HorzRelAngle,SpinRate,SpinAxis,Tilt,RelHeight,RelSide,Extension,VertBreak,InducedVertBreak,HorzBreak,PlateLocHeight,PlateLocSide,ZoneSpeed,VertApprAngle,HorzApprAngle,ZoneTime,ExitSpeed,Angle,Direction,HitSpinRate,PositionAt110X,PositionAt110Y,PositionAt110Z,Distance,LastTrackedDistance,Bearing,HangTime,pfxx,pfxz,x0,y0,z0,vx0,vy0,vz0,ax0,ay0,az0,HomeTeam,AwayTeam,Stadium,Level,League,GameID,PitchUID,EffectiveVelo,MaxHeight,MeasuredDuration,SpeedDrop,PitchLastMeasuredX,PitchLastMeasuredY,PitchLastMeasuredZ,ContactPositionX,ContactPositionY,ContactPositionZ,GameUID,UTCDate,UTCTime,LocalDateTime,UTCDateTime,AutoHitType,System,HomeTeamForeignID,AwayTeamForeignID,GameForeignID,Catcher,CatcherId,CatcherThrows,CatcherTeam,PlayID,PitchTrajectoryXc0,PitchTrajectoryXc1,PitchTrajectoryXc2,PitchTrajectoryYc0,PitchTrajectoryYc1,PitchTrajectoryYc2,PitchTrajectoryZc0,PitchTrajectoryZc1,PitchTrajectoryZc2,HitSpinAxis,HitTrajectoryXc0,HitTrajectoryXc1,HitTrajectoryXc2,HitTrajectoryXc3,HitTrajectoryXc4,HitTrajectoryXc5,HitTrajectoryXc6,HitTrajectoryXc7,HitTrajectoryXc8,HitTrajectoryYc0,HitTrajectoryYc1,HitTrajectoryYc2,HitTrajectoryYc3,HitTrajectoryYc4,HitTrajectoryYc5,HitTrajectoryYc6,HitTrajectoryYc7,HitTrajectoryYc8,HitTrajectoryZc0,HitTrajectoryZc1,HitTrajectoryZc2,HitTrajectoryZc3,HitTrajectoryZc4,HitTrajectoryZc5,HitTrajectoryZc6,HitTrajectoryZc7,HitTrajectoryZc8,ThrowSpeed,PopTime,ExchangeTime,TimeToBase,CatchPositionX,CatchPositionY,CatchPositionZ,ThrowPositionX,ThrowPositionY,ThrowPositionZ,BasePositionX,BasePositionY,BasePositionZ,ThrowTrajectoryXc0,ThrowTrajectoryXc1,ThrowTrajectoryXc2,ThrowTrajectoryYc0,ThrowTrajectoryYc1,ThrowTrajectoryYc2,ThrowTrajectoryZc0,ThrowTrajectoryZc1,ThrowTrajectoryZc2,PitchReleaseConfidence,PitchLocationConfidence,PitchMovementConfidence,HitLaunchConfidence,HitLandingConfidence,CatcherThrowCatchConfidence,CatcherThrowReleaseConfidence,CatcherThrowLocationConfidence
1,2025-04-27,14:32:30.28,1,1,"Woods, Eamonn",1000115603,Right,POM_COL,"Garcia, Alec",1000242068,Right,CLU_KIN,Undefined,1,Top,0,0,0,Fastball,Four-Seam,FoulBallNotFieldable,Undefined,Undefined,Undefined,0,0,,85.81908,-0.831485,-1.480849,2083.529482,201.007606,12:45,5.58489,0.68807,5.94773,-13.46473,24.85852,9.01941,3.69129,0.06587,77.34252,-3.486215,0.138716,0.445556,70.52036,19.632363,169.340427,2292.818919,,,,,20.05569,,,-5.09977,13.41257,-0.57529,50,5.51132,2.85077,-124.48623,-2.10183,-7.89223,28.2069,-11.41719,POM_COL,CLU_KIN,PomonaPitzer,D3,Team,20250427-PomonaPitzer-2,1fee1130-23af-11f0-8e2e-710d118fca12,84.59634,10.01331,,8.47656,,,,1.07334,3.59537,-0.10573,d6dd59cf-f9ac-4159-a241-cd4264778e4a,2025-04-27,21:32:30.28,2025-04-27T14:32:30.2813696-07:00,2025-04-27T21:32:30.2813696Z,,v3,POM_PIT,,,"Lee, Sammy",1000276388,Right,POM_COL,7c24a9ea-7576-4cec-9e8e-c70f95748ee7,54.54959,-125.51287,14.10345,5.58025,-1.68628,-5.7086,-0.68427,3.13803,-3.94612,295.954751,1.07284,-95.70716,13.50921,,,,,,,3.5982,34.58403,-27.25099,,,,,,,-0.10221,17.81089,-16.79431,,,,,,,,,,,,,,,,,,,,,,,,,,,,,High,High,High,High,Undefined,,,
2,2025-04-27,14:32:53.36,1,2,"Woods, Eamonn",1000115603,Right,POM_COL,"Garcia, Alec",1000242068,Right,CLU_KIN,Undefined,1,Top,0,0,1,Slider,Curveball,BallCalled,Undefined,Undefined,Undefined,0,0,,78.73825,-1.845726,-1.412652,1959.683689,123.444759,10:00,5.51131,0.8821,5.75262,-44.25073,3.2313,-1.61902,0.1044,-0.56816,69.53636,-10.053999,-1.70323,0.495948,,,,,,,,,,,,0.22571,3.00658,-0.76384,50,5.3318,2.86795,-113.73995,-5.05949,0.28124,30.30899,-28.42746,POM_COL,CLU_KIN,PomonaPitzer,D3,Team,20250427-PomonaPitzer-2,2db6a980-23af-11f0-8e2e-710d118fca12,76.00079,,,9.20189,,,,,,,d6dd59cf-f9ac-4159-a241-cd4264778e4a,2025-04-27,21:32:53.36,2025-04-27T14:32:53.3698560-07:00,2025-04-27T21:32:53.3698560Z,,v3,POM_PIT,,,"Lee, Sammy",1000276388,Right,POM_COL,1eb7214c-e5fe-49e0-a1ac-6d769907fbce,54.74076,-114.99631,15.1545,5.5171,-3.88113,-14.21373,-0.88248,2.85629,0.14062,,,,,,,,,,,,,,,,,,,,,,,,,,,,,,,,,,,,,,,,,,,,,,,,,,,High,High,High,,,,,
3,2025-04-27,14:33:20.37,1,3,"Woods, Eamonn",1000115603,Right,POM_COL,"Garcia, Alec",1000242068,Right,CLU_KIN,Undefined,1,Top,0,1,1,Fastball,Four-Seam,InPlay,Undefined,LineDrive,Out,1,0,,86.18639,-1.196758,-1.981456,2043.04554,220.845269,1:15,5.20069,1.22349,6.149,-21.22399,16.32891,13.00119,2.32539,0.47531,78.18998,-5.234441,0.36262,0.441056,100.25544,5.582634,-14.338676,1027.53942,107.42809,4.73655,-23.64661,151.07676,149.67627,-11.755145,1.240789,-7.33252,9.18721,-1.07929,50,5.09868,3.81344,-125.08842,-3.21367,-11.51104,27.39857,-17.75136,POM_COL,CLU_KIN,PomonaPitzer,D3,Team,20250427-PomonaPitzer-2,3dc36570-23af-11f0-8e2e-710d118fca12,85.45963,5.91762,,7.99641,,,,1.24819,2.0665,-0.10684,d6dd59cf-f9ac-4159-a241-cd4264778e4a,2025-04-27,21:33:20.37,2025-04-27T14:33:20.3716608-07:00,2025-04-27T21:33:20.3716608Z,GroundBall,v3,POM_PIT,,,"Lee, Sammy",1000276388,Right,POM_COL,2b09e0f4-9b8d-45db-b810-9e0ae5b7a1f3,54.34952,-126.03751,13.69928,5.19935,-2.59876,-8.87568,-1.21829,4.21219,-5.75552,233.130482,1.55465,138.32747,-16.59255,,,,,,,2.11475,13.78124,-12.5101,,,,,,,-0.29537,-34.09438,7.78094,,,,,,,,,,,,,,,,,,,,,,,,,,,,,High,High,High,High,High,,,
4,2025-04-27,14:33:53.65,2,1,"Woods, Eamonn",1000115603,Right,POM_COL,"Dawson, Jona",1000297571,Right,CLU_KIN,Undefined,1,Top,1,0,0,Fastball,Four-Seam,StrikeCalled,Undefined,Undefined,Undefined,0,0,,87.48966,-2.330328,-2.315696,2098.453821,201.554977,12:45,5.45807,0.8024,6.1912,-14.76332,21.97694,8.13922,2.07333,-0.65851,78.6975,-5.218276,-0.848239,0.436257,,,,,,,,,,,,-4.92386,12.47831,-0.6316,50,5.27456,4.78666,-126.7361,-5.49242,-7.87483,29.93233,-12.21728,POM_COL,CLU_KIN,PomonaPitzer,D3,Team,20250427-PomonaPitzer-2,518428b0-23af-11f0-8e2e-710d118fca12,86.39961,,,8.79217,,,,,,,d6dd59cf-f9ac-4159-a241-cd4264778e4a,2025-04-27,21:33:53.65,2025-04-27T14:33:53.6546304-07:00,2025-04-27T21:33:53.6546304Z,,v3,POM_PIT,,,"Lee, Sammy",1000276388,Right,POM_COL,e240489d-4ed0-4db1-836d-235a7bfecd8f,54.30369,-127.74849,14.96617,5.45334,-5.0792,-6.10864,-0.798,5.05301,-3.93741,,,,,,,,,,,,,,,,,,,,,,,,,,,,,,,,,,,,,,,,,,,,,,,,,,,High,High,High,,,,,
5,2025-04-27,14:34:06.72,2,2,"Woods, Eamonn",1000115603,Right,POM_COL,"Dawson, Jona",1000297571,Right,CLU_KIN,Undefined,1,Top,1,0,1,Fastball,Four-Seam,StrikeSwinging,Undefined,Undefined,Undefined,0,0,,86.15318,-0.697056,-2.149503,2150.150938,197.43339,12:30,5.52845,0.58873,6.02381,-14.64993,23.59714,6.95087,3.66153,-0.82382,77.03507,-3.585492,-0.900345,0.445113,,,,,,,,,,,,-4.25595,12.7091,-0.42393,50,5.46573,4.38979,-124.79448,-1.83284,-6.57051,30.03648,-12.55321,POM_COL,CLU_KIN,PomonaPitzer,D3,Team,20250427-PomonaPitzer-2,59507760-23af-11f0-8e2e-710d118fca12,84.68059,,,9.11811,,,,,,,d6dd59cf-f9ac-4159-a241-cd4264778e4a,2025-04-27,21:34:06.72,2025-04-27T14:34:06.7298816-07:00,2025-04-27T21:34:06.7298816Z,,v3,POM_PIT,,,"Lee, Sammy",1000276388,Right,POM_COL,52d8e399-64da-404f-b6c0-86fcb93332fb,54.46949,-125.86563,15.01824,5.52311,-1.38518,-6.2766,-0.58466,4.62411,-3.28525,,,,,,,,,,,,,,,,,,,,,,,,,,,,,,,,,,,,,,,,,,,,,,,,,,,High,High,High,,,,,
6,2025-04-27,14:34:23.33,2,3,"Woods, Eamonn",1000115603,Right,POM_COL,"Dawson, Jona",1000297571,Right,CLU_KIN,Undefined,1,Top,1,0,2,Slider,Slider,StrikeSwinging,Strikeout,Undefined,Undefined,0,0,,79.78371,-1.101958,-1.977676,2353.315273,81.649879,8:45,5.49707,0.79575,5.74167,-43.67928,1.26457,-2.56583,0.83034,-1.26024,72.32119,-9.133423,-2.43755,0.48251,,,,,,,,,,,,0.64429,1.50441,-0.62962,50,5.37896,4.09224,-115.61264,-3.64861,0.85544,25.37439,-30.17654,POM_COL,CLU_KIN,PomonaPitzer,D3,Team,20250427-PomonaPitzer-2,63537c30-23af-11f0-8e2e-710d118fca12,78.11737,,,7.46253,,,,,,,d6dd59cf-f9ac-4159-a241-cd4264778e4a,2025-04-27,21:34:23.33,2025-04-27T14:34:23.3389056-07:00,2025-04-27T21:34:23.3389056Z,,v3,POM_PIT,,,"Lee, Sammy",1000276388,Right,POM_COL,805267a9-a3bd-4b9e-94c9-253438f81de2,54.75563,-116.65172,12.6872,5.50307,-2.41287,-15.08827,-0.79648,4.0572,0.42772,,,,,,,,,,,,,,,,,,,,,,,,,,,,,,,,,,,,,,,,,,,,,,,,,,,High,High,High,,,,,
7,2025-04-27,14:34:51.95,3,1,"Woods, Eamonn",1000115603,Right,POM_COL,"Gardner, Zach",1000236756,Right,CLU_KIN,Undefined,1,Top,2,0,0,Fastball,Four-Seam,BallCalled,Undefined,Undefined,Undefined,0,0,,86.90141,0.083681,-1.818804,2173.034998,190.74287,12:15,5.58105,0.64982,5.98042,-11.16953,26.57281,4.76441,4.72787,-0.63965,77.40827,-2.184802,-0.963157,0.442167,,,,,,,,,,,,-3.0254,13.87284,-0.50841,50,5.58096,3.78705,-125.84028,0.02549,-4.73808,31.09312,-10.44774,POM_COL,CLU_KIN,PomonaPitzer,D3,Team,20250427-PomonaPitzer-2,743fc2b0-23af-11f0-8e2e-710d118fca12,85.24489,,,9.49314,,,,,,,d6dd59cf-f9ac-4159-a241-cd4264778e4a,2025-04-27,21:34:51.95,2025-04-27T14:34:51.9548928-07:00,2025-04-27T21:34:51.9548928Z,,v3,POM_PIT,,,"Lee, Sammy",1000276388,Right,POM_COL,26fc6e59-c762-4270-be06-96f002e6e84c,54.51079,-126.94993,15.54656,5.5734,0.39834,-5.22387,-0.64658,3.95614,-2.36904,,,,,,,,,,,,,,,,,,,,,,,,,,,,,,,,,,,,,,,,,,,,,,,,,,,High,High,High,,,,,
8,2025-04-27,14:35:07.14,3,2,"Woods, Eamonn",1000115603,Right,POM_COL,"Gardner, Zach",1000236756,Right,CLU_KIN,Undefined,1,Top,2,1,0,TwoSeamFastBall,Changeup,StrikeCalled,Undefined,Undefined,Undefined,0,0,,86.11857,-1.282775,-2.221462,2110.285299,236.100416,1:45,5.17545,1.2964,6.2135,-24.7721,12.82489,17.13292,1.92618,0.67297,78.06889,-5.963902,0.872211,0.441314,,,,,,,,,,,,-9.48682,7.42768,-1.13769,50,5.06692,4.15568,-124.95119,-3.52892,-14.83809,27.68666,-20.55657,POM_COL,CLU_KIN,PomonaPitzer,D3,Team,20250427-PomonaPitzer-2,7d4e0740-23af-11f0-8e2e-710d118fca12,85.40954,,,8.04968,,,,,,,d6dd59cf-f9ac-4159-a241-cd4264778e4a,2025-04-27,21:35:07.14,2025-04-27T14:35:07.1411200-07:00,2025-04-27T21:35:07.1411200Z,,v3,POM_PIT,,,"Lee, Sammy",1000276388,Right,POM_COL,5c4e743d-afab-4f10-82a8-810da316765f,54.28385,-125.89682,13.84333,5.17546,-2.82682,-10.27828,-1.28828,4.66247,-7.41905,,,,,,,,,,,,,,,,,,,,,,,,,,,,,,,,,,,,,,,,,,,,,,,,,,,High,High,High,,,,,
9,2025-04-27,14:35:24.71,3,3,"Woods, Eamonn",1000115603,Right,POM_COL,"Gardner, Zach",1000236756,Right,CLU_KIN,Undefined,1,Top,2,1,1,Curveball,Curveball,BallCalled,Undefined,Undefined,Undefined,0,0,,80.12822,-0.519381,-2.726339,2291.710539,28.513228,7:00,5.17853,1.35554,5.82507,-55.30688,-10.35414,-6.57772,0.08622,-1.72909,72.15488,-10.639353,-3.907454,0.482558,,,,,,,,,,,,2.34917,-4.62189,-1.12865,50,5.10369,5.77885,-116.01995,-2.90036,3.09902,28.20553,-38.27124,POM_COL,CLU_KIN,PomonaPitzer,D3,Team,20250427-PomonaPitzer-2,87e70a80-23af-11f0-8e2e-710d118fca12,78.10966,,,7.97334,,,,,,,d6dd59cf-f9ac-4159-a241-cd4264778e4a,2025-04-27,21:35:24.71,2025-04-27T14:35:24.7156736-07:00,2025-04-27T21:35:24.7156736Z,,v3,POM_PIT,,,"Lee, Sammy",1000276388,Right,POM_COL,3c150aef-6a73-4a36-81c9-a6d8838d9574,54.67401,-117.15074,14.10277,5.18921,-1.36603,-19.13562,-1.35783,5.65461,1.54951,,,,,,,,,,,,,,,,,,,,,,,,,,,,,,,,,,,,,,,,,,,,,,,,,,,High,High,High,,,,,
10,2025-04-27,14:35:45.28,3,4,"Woods, Eamonn",1000115603,Right,POM_COL,"Gardner, Zach",1000236756,Right,CLU_KIN,Undefined,1,Top,2,2,1,Fastball,Four-Seam,InPlay,Undefined,GroundBall,Out,1,0,,86.80006,-1.363223,-2.373116,2024.929751,217.06979,1:15,5.33275,1.21587,5.92711,-17.68151,19.85359,13.97642,2.59306,0.17734,78.29935,-4.762799,0.134891,0.440951,94.48034,-15.962239,-24.150448,,,,,10.26583,8.80797,-22.328317,0.068156,-7.91008,10.99386,-1.03397,50,5.21381,4.63535,-125.82712,-3.47563,-12.50902,28.77354,-14.78837,POM_COL,CLU_KIN,PomonaPitzer,D3,Team,20250427-PomonaPitzer-2,94255950-23af-11f0-8e2e-710d118fca12,85.47993,2.60228,,8.50071,,,,1.19456,2.60228,-0.17788,d6dd59cf-f9ac-4159-a241-cd4264778e4a,2025-04-27,21:35:45.28,2025-04-27T14:35:45.2872192-07:00,2025-04-27T21:35:45.2872192Z,GroundBall,v3,POM_PIT,,,"Lee, Sammy",1000276388,Right,POM_COL,0350e68f-fb10-482a-8651-6ecdd6556b03,54.57043,-126.86796,14.38677,5.32986,-2.94068,-7.39418,-1.20983,5.08784,-6.25451,180,1.19198,121.80185,,,,,,,,2.60309,-38.18109,,,,,,,,-0.17673,-54.61335,,,,,,,,,,,,,,,,,,,,,,,,,,,,,,High,High,High,High,High,,,
11,2025-04-27,14:38:35.23,1,1,"Willius, Frank",1000144891,Left,CLU_KIN,"Wakil, Lateef",1000128267,Left,POM_COL,Undefined,1,Bottom,0,0,0,Fastball,Four-Seam,StrikeCalled,Undefined,Undefined,Undefined,0,0,,88.71351,-3.799488,2.211282,2242.665158,166.941723,11:30,6.50705,-0.90243,6.39335,-9.36697,26.38494,-5.79016,2.22418,0.64988,79.33138,-5.725886,1.163742,0.430349,,,,,,,,,,,,3.74083,15.37229,0.74584,50,6.22853,-4.71385,-128.31211,-8.62118,6.0945,32.18675,-7.12982,POM_COL,CLU_KIN,PomonaPitzer,D3,Team,20250427-PomonaPitzer-2,f958ca00-23af-11f0-8e2e-710d118fca12,87.58566,,,9.38213,,,,,,,d6dd59cf-f9ac-4159-a241-cd4264778e4a,2025-04-27,21:38:35.23,2025-04-27T14:38:35.2381440-07:00,2025-04-27T21:38:35.2381440Z,,v3,POM_PIT,,,"Matsumoto, Noah",1000029302,Right,CLU_KIN,56d99f22-ada5-45ec-9849-5e67f8dae1c1,54.10049,-129.33662,16.09338,6.49933,-8.39424,-3.56491,0.89897,-4.90784,3.04725,,,,,,,,,,,,,,,,,,,,,,,,,,,,,,,,,,,,,,,,,,,,,,,,,,,High,High,High,,,,,
12,2025-04-27,14:38:52.08,1,2,"Willius, Frank",1000144891,Left,CLU_KIN,"Wakil, Lateef",1000128267,Left,POM_COL,Undefined,1,Bottom,0,0,1,Fastball,Four-Seam,BallCalled,Undefined,Undefined,Undefined,0,0,,92.47831,-5.315573,3.597082,2340.224367,153.628028,11:00,6.6476,-0.64291,6.4087,-10.30048,22.78419,-10.63583,0.87795,1.78255,82.74257,-7.385783,1.675347,0.413985,,,,,,,,,,,,6.72292,14.03099,0.38945,50,6.26024,-7.92577,-133.34092,-12.59398,11.82967,34.72674,-7.4851,POM_COL,CLU_KIN,PomonaPitzer,D3,Team,20250427-PomonaPitzer-2,037c4f20-23b0-11f0-8e2e-710d118fca12,91.04777,,,9.73573,,,,,,,d6dd59cf-f9ac-4159-a241-cd4264778e4a,2025-04-27,21:38:52.08,2025-04-27T14:38:52.0846848-07:00,2025-04-27T21:38:52.0846848Z,,v3,POM_PIT,,,"Matsumoto, Noah",1000029302,Right,CLU_KIN,aa4c13db-7fd5-4fe9-b7c4-a1994e5656f6,54.08608,-134.40087,17.36337,6.64115,-12.36552,-3.74255,0.63687,-8.28684,5.91484,,,,,,,,,,,,,,,,,,,,,,,,,,,,,,,,,,,,,,,,,,,,,,,,,,,High,High,High,,,,,
13,2025-04-27,14:39:09.91,1,3,"Willius, Frank",1000144891,Left,CLU_KIN,"Wakil, Lateef",1000128267,Left,POM_COL,Undefined,1,Bottom,0,1,1,Fastball,Four-Seam,BallCalled,Undefined,Undefined,Undefined,0,0,,90.11883,-4.452083,0.937688,2206.068602,153.686281,11:00,6.55976,-0.74197,6.29228,-14.29859,20.53623,-9.46902,1.25677,-0.66689,80.70261,-7.242341,-0.775128,0.424794,,,,,,,,,,,,5.1937,12.57198,0.67704,50,6.22438,-1.7312,-130.28998,-10.46927,8.71279,33.51639,-11.08378,POM_COL,CLU_KIN,PomonaPitzer,D3,Team,20250427-PomonaPitzer-2,0e1be210-23b0-11f0-8e2e-710d118fca12,88.73116,,,9.41622,,,,,,,d6dd59cf-f9ac-4159-a241-cd4264778e4a,2025-04-27,21:39:09.91,2025-04-27T14:39:09.9159552-07:00,2025-04-27T21:39:09.9159552Z,,v3,POM_PIT,,,"Matsumoto, Noah",1000029302,Right,CLU_KIN,93febc18-2c1e-45d8-b7cd-5b1c744f832d,54.202,-131.36647,16.7582,6.55492,-10.11327,-5.54189,0.73714,-2.01105,4.35639,,,,,,,,,,,,,,,,,,,,,,,,,,,,,,,,,,,,,,,,,,,,,,,,,,,High,High,High,,,,,
14,2025-04-27,14:39:28.25,1,4,"Willius, Frank",1000144891,Left,CLU_KIN,"Wakil, Lateef",1000128267,Left,POM_COL,Undefined,1,Bottom,0,2,1,Fastball,Four-Seam,StrikeCalled,Undefined,Undefined,Undefined,0,0,,89.31815,-3.295654,2.464424,2192.113913,164.597763,11:30,6.63004,-0.77587,6.40997,-9.75886,25.49131,-6.63622,2.78046,0.93843,79.78182,-5.294942,1.263685,0.427319,,,,,,,,,,,,4.25197,14.70961,0.60197,50,6.38845,-5.27962,-129.21146,-7.55143,7.0212,32.7593,-7.88427,POM_COL,CLU_KIN,PomonaPitzer,D3,Team,20250427-PomonaPitzer-2,18f4d480-23b0-11f0-8e2e-710d118fca12,88.20685,,,9.53633,,,,,,,d6dd59cf-f9ac-4159-a241-cd4264778e4a,2025-04-27,21:39:28.25,2025-04-27T14:39:28.2536960-07:00,2025-04-27T21:39:28.2536960Z,,v3,POM_PIT,,,"Matsumoto, Noah",1000029302,Right,CLU_KIN,dd655711-b79b-4a19-9bd2-648f540c24f0,54.08273,-130.24245,16.37965,6.6222,-7.3033,-3.94213,0.77161,-5.50059,3.5106,,,,,,,,,,,,,,,,,,,,,,,,,,,,,,,,,,,,,,,,,,,,,,,,,,,High,High,High,,,,,
15,2025-04-27,14:39:46.11,1,5,"Willius, Frank",1000144891,Left,CLU_KIN,"Wakil, Lateef",1000128267,Left,POM_COL,Undefined,1,Bottom,0,2,2,Fastball,Four-Seam,BallCalled,Undefined,Undefined,Undefined,0,0,,89.78916,-5.745474,2.711993,2204.624702,180.315638,12:00,6.57821,-0.70691,6.38687,-9.19296,25.97801,0.13524,0.50339,1.80087,80.33844,-7.618956,2.736428,0.426839,,,,,,,,,,,,0.87898,15.91418,0.51167,50,6.15845,-6.13775,-129.45672,-13.14467,1.45527,33.16903,-5.82598,POM_COL,CLU_KIN,PomonaPitzer,D3,Team,20250427-PomonaPitzer-2,23b499a0-23b0-11f0-8e2e-710d118fca12,88.30606,,,9.45072,,,,,,,d6dd59cf-f9ac-4159-a241-cd4264778e4a,2025-04-27,21:39:46.11,2025-04-27T14:39:46.1148672-07:00,2025-04-27T21:39:46.1148672Z,,v3,POM_PIT,,,"Matsumoto, Noah",1000029302,Right,CLU_KIN,afc11480-bde9-49af-82e8-285b5b48c421,54.1081,-130.50504,16.58451,6.57098,-12.96054,-2.91299,0.70638,-6.18375,0.72763,,,,,,,,,,,,,,,,,,,,,,,,,,,,,,,,,,,,,,,,,,,,,,,,,,,High,High,High,,,,,
16,2025-04-27,14:40:09.14,1,6,"Willius, Frank",1000144891,Left,CLU_KIN,"Wakil, Lateef",1000128267,Left,POM_COL,Undefined,1,Bottom,0,3,2,Fastball,Sinker,FoulBallNotFieldable,Undefined,Undefined,Undefined,0,0,,90.02043,-4.251588,2.056753,2046.886763,145.548989,10:45,6.58565,-0.68411,6.4048,-11.91237,22.92265,-14.75308,1.67372,-0.02145,80.34523,-6.631528,-0.615252,0.424795,109.08304,-44.296429,121.348665,,,,,1.42602,0.8054,91.491256,0.014445,8.36292,13.82312,0.54277,50,6.27462,-4.06047,-130.1461,-9.8944,13.96408,34.04884,-9.09272,POM_COL,CLU_KIN,PomonaPitzer,D3,Team,20250427-PomonaPitzer-2,316cde40-23b0-11f0-8e2e-710d118fca12,88.73087,1.61554,,9.6752,,,,0.82427,1.61554,0.01153,d6dd59cf-f9ac-4159-a241-cd4264778e4a,2025-04-27,21:40:09.14,2025-04-27T14:40:09.1432448-07:00,2025-04-27T21:40:09.1432448Z,GroundBall,v3,POM_PIT,,,"Matsumoto, Noah",1000029302,Right,CLU_KIN,c6d966ad-f0a8-40d3-9157-cb2ea2e4ee98,54.09042,-131.21187,17.02442,6.57987,-9.60978,-4.54636,0.67671,-4.49757,6.98204,,0.8244,-59.63021,,,,,,,,1.61579,-111.83859,,,,,,,,0.01131,97.88708,,,,,,,,,,,,,,,,,,,,,,,,,,,,,,High,High,High,Low,Low,,,
17,2025-04-27,14:40:29.66,1,7,"Willius, Frank",1000144891,Left,CLU_KIN,"Wakil, Lateef",1000128267,Left,POM_COL,Undefined,1,Bottom,0,3,2,Fastball,Four-Seam,InPlay,Undefined,GroundBall,Single,0,0,,88.68776,-4.188661,2.485685,2140.144779,157.14418,11:15,6.54898,-0.52963,6.52907,-13.31032,22.41623,-8.8378,1.58674,1.01562,79.21728,-6.829859,0.882184,0.430197,87.93797,-73.083976,5.862654,,,,,1.949,1.949,-29.851666,0.012647,5.50028,13.6317,0.36032,50,6.25128,-5.21529,-128.22159,-9.65485,8.91387,33.06691,-10.08212,POM_COL,CLU_KIN,PomonaPitzer,D3,Team,20250427-PomonaPitzer-2,3da8bc10-23b0-11f0-8e2e-710d118fca12,87.61679,1.56286,,9.47048,,,,1.21758,1.56286,-1.01868,d6dd59cf-f9ac-4159-a241-cd4264778e4a,2025-04-27,21:40:29.66,2025-04-27T14:40:29.6684032-07:00,2025-04-27T21:40:29.6684032Z,GroundBall,v3,POM_PIT,,,"Matsumoto, Noah",1000029302,Right,CLU_KIN,7dd460eb-62f7-4155-bea6-641ee1e42e8f,53.96646,-129.24045,16.53346,6.54398,-9.3442,-5.04106,0.52525,-5.48994,4.45694,,1.21746,37.38632,,,,,,,,1.56323,-123.57561,,,,,,,,-1.01869,3.83887,,,,,,,,,,,,,,,,,,,,,,,,,,,,,,High,High,High,Estimated,Estimated,,,
18,2025-04-27,14:41:06.89,2,1,"Willius, Frank",1000144891,Left,CLU_KIN,"Ng, JC",1000115591,Left,POM_COL,Undefined,1,Bottom,0,0,0,Fastball,Four-Seam,BallinDirt,Undefined,Undefined,Undefined,0,0,,89.26505,-4.855156,1.802215,2220.817388,160.191533,11:15,6.60835,-0.80476,6.48473,-11.09709,24.1536,-8.19347,1.21293,0.1677,79.9683,-7.082018,0.316205,0.427322,,,,,,,,,,,,4.87051,14.66087,0.6813,50,6.26102,-3.72582,-129.00852,-11.13625,8.02085,32.55084,-8.03023,POM_COL,CLU_KIN,PomonaPitzer,D3,Team,20250427-PomonaPitzer-2,53d7e740-23b0-11f0-8e2e-710d118fca12,88.20621,,,9.29676,,,,,,,d6dd59cf-f9ac-4159-a241-cd4264778e4a,2025-04-27,21:41:06.89,2025-04-27T14:41:06.8962304-07:00,2025-04-27T21:41:06.8962304Z,,v3,POM_PIT,,,"Matsumoto, Noah",1000029302,Right,CLU_KIN,c13ec4bc-82c5-4901-996e-521eac01b087,54.01026,-130.01643,16.27542,6.602,-10.8876,-4.01512,0.80052,-3.97419,4.01043,,,,,,,,,,,,,,,,,,,,,,,,,,,,,,,,,,,,,,,,,,,,,,,,,,,High,High,High,,,,,
19,2025-04-27,14:41:32.54,2,2,"Willius, Frank",1000144891,Left,CLU_KIN,"Ng, JC",1000115591,Left,POM_COL,Undefined,1,Bottom,0,1,0,Fastball,Four-Seam,FoulBallNotFieldable,Undefined,Undefined,Undefined,0,0,,89.41742,-2.478884,1.792554,2268.96583,154.330053,11:15,6.61089,-0.97236,6.42412,-11.31796,24.05056,-10.84611,3.38658,-0.22794,79.2166,-4.782005,-0.172456,0.428036,79.44859,50.241163,-43.810868,,,,,,84.94684,,,6.28303,13.83698,0.84888,50,6.42847,-3.60002,-129.43641,-5.77785,10.30844,35.29232,-9.47201,POM_COL,CLU_KIN,PomonaPitzer,D3,Team,20250427-PomonaPitzer-2,632068d0-23b0-11f0-8e2e-710d118fca12,88.05912,89.37993,,10.20081,,,,-0.48961,2.0897,0.81003,d6dd59cf-f9ac-4159-a241-cd4264778e4a,2025-04-27,21:41:32.54,2025-04-27T14:41:32.5441024-07:00,2025-04-27T21:41:32.5441024Z,,v3,POM_PIT,,,"Matsumoto, Noah",1000029302,Right,CLU_KIN,44fd9a64-1b31-48cf-a1cb-e55ebb325565,54.06956,-130.5413,17.64616,6.60471,-5.48131,-4.736,0.96664,-3.92274,5.15422,,-0.48961,53.77869,-19.084,5.9703,-1.53244,0.35618,-0.07759,0.01384,-0.00145,2.0897,89.57735,-23.70433,1.998,-0.15972,-0.03617,0.01928,-0.00422,0.00045,0.81003,-51.59152,5.36693,-0.63611,-0.02738,0.04233,-0.01356,0.00221,-0.0001,,,,,,,,,,,,,,,,,,,,,,,High,High,High,Medium,Undefined,,,
20,2025-04-27,14:42:01.81,2,3,"Willius, Frank",1000144891,Left,CLU_KIN,"Ng, JC",1000115591,Left,POM_COL,Undefined,1,Bottom,0,1,1,Fastball,Four-Seam,InPlay,Undefined,GroundBall,Out,1,0,,90.87529,-3.283442,1.622343,2411.416319,141.869769,10:45,6.56355,-0.73985,6.28181,-14.95926,19.40166,-14.12268,2.28611,-0.42104,80.90167,-6.211497,-0.931058,0.421894,102.32417,-5.97881,23.971293,,,,,22.54525,20.93487,24.331577,0.147444,7.87331,11.63985,0.62645,50,6.31371,-3.12209,-131.48648,-7.90229,13.37573,35.56152,-12.39948,POM_COL,CLU_KIN,PomonaPitzer,D3,Team,20250427-PomonaPitzer-2,7492a830-23b0-11f0-8e2e-710d118fca12,89.34094,2.36007,,9.97362,,,,0.55489,2.36007,0.32843,d6dd59cf-f9ac-4159-a241-cd4264778e4a,2025-04-27,21:42:01.81,2025-04-27T14:42:01.8140672-07:00,2025-04-27T21:42:01.8140672Z,GroundBall,v3,POM_PIT,,,"Matsumoto, Noah",1000029302,Right,CLU_KIN,11f20f89-cbf1-461e-85cc-c61b84ab7f1b,54.21294,-132.62101,17.78076,6.55951,-7.50671,-6.19974,0.73286,-3.54882,6.68786,194.752088,0.55495,136.38025,-5.55633,,,,,,,2.36,-15.62596,-2.57649,,,,,,,0.32842,60.64143,0.89095,,,,,,,,,,,,,,,,,,,,,,,,,,,,,High,High,High,Medium,Medium,,,
21,2025-04-27,14:42:43.32,3,1,"Willius, Frank",1000144891,Left,CLU_KIN,"Gold, Jack",1000108729,Left,POM_COL,Undefined,1,Bottom,1,0,0,Fastball,Four-Seam,BallCalled,Undefined,Undefined,Undefined,0,0,,92.63297,-6.786206,1.253029,2345.269013,178.100082,12:00,6.70227,-0.5096,6.54049,-4.5217,28.32057,-0.89532,0.07057,0.56522,82.94328,-7.810097,1.090601,0.412466,,,,,,,,,,,,0.90492,17.61721,0.42319,50,6.22783,-2.8845,-133.52434,-15.83871,1.59584,34.96032,-1.10588,POM_COL,CLU_KIN,PomonaPitzer,D3,Team,20250427-PomonaPitzer-2,8d4522e0-23b0-11f0-8e2e-710d118fca12,91.38322,,,9.68969,,,,,,,d6dd59cf-f9ac-4159-a241-cd4264778e4a,2025-04-27,21:42:43.32,2025-04-27T14:42:43.3283584-07:00,2025-04-27T21:42:43.3283584Z,,v3,POM_PIT,,,"Matsumoto, Noah",1000029302,Right,CLU_KIN,42dff9f1-80c0-4b2b-8fba-95de29b27489,53.95729,-134.55647,17.48016,6.69496,-15.80606,-0.55294,0.50905,-2.93162,0.79792,,,,,,,,,,,,,,,,,,,,,,,,,,,,,,,,,,,,,,,,,,,,,,,,,,,High,High,High,,,,,
22,2025-04-27,14:43:17.12,3,2,"Willius, Frank",1000144891,Left,CLU_KIN,"Gold, Jack",1000108729,Left,POM_COL,Undefined,1,Bottom,1,1,0,Fastball,Four-Seam,InPlay,Undefined,LineDrive,Sacrifice,1,1,,90.44559,-3.584445,1.902142,2332.524062,161.737532,11:30,6.62014,-0.83302,6.30123,-8.59209,25.88946,-8.09304,2.59548,0.24575,80.85465,-5.362237,0.439918,0.422634,99.15279,18.760648,22.673698,1646.082554,99.5823,33.65138,46.72648,308.38694,300.28448,29.474078,3.479644,4.86075,15.07363,0.69702,50,6.35221,-4.01178,-130.89908,-8.30184,8.23482,33.70224,-6.63701,POM_COL,CLU_KIN,PomonaPitzer,D3,Team,20250427-PomonaPitzer-2,a172ffd0-23b0-11f0-8e2e-710d118fca12,89.18453,40.88336,,9.59094,,,,0.96665,2.51697,-0.1307,d6dd59cf-f9ac-4159-a241-cd4264778e4a,2025-04-27,21:43:17.12,2025-04-27T14:43:17.1235328-07:00,2025-04-27T21:43:17.1235328Z,LineDrive,v3,POM_PIT,,,"Matsumoto, Noah",1000029302,Right,CLU_KIN,24044f94-7c80-49ea-8a9c-619be4570346,54.1952,-131.97478,16.85112,6.61381,-8.09001,-3.31851,0.82927,-4.27462,4.11741,,0.96678,127.05072,-28.41882,7.38686,-1.6355,0.2916,-0.03752,0.00273,-5E-05,2.51673,46.7789,-14.12007,-0.52054,0.36857,-0.06471,-0.00389,0.00366,-0.00042,-0.13069,53.07961,-2.70885,-0.5863,0.42006,-0.14264,0.03225,-0.00441,0.00027,,,,,,,,,,,,,,,,,,,,,,,High,High,High,High,High,,,
23,2025-04-27,14:43:51.55,4,1,"Willius, Frank",1000144891,Left,CLU_KIN,"Pierantoni, Greg",1000091552,Right,POM_COL,Undefined,1,Bottom,2,0,0,Fastball,Four-Seam,StrikeCalled,Undefined,Undefined,Undefined,0,0,,89.65486,-3.83214,2.30807,2371.753848,144.540657,10:45,6.54553,-1.06751,6.28871,-12.41375,23.21115,-15.41891,1.97133,-0.22422,79.17121,-6.328145,-0.477827,0.429584,,,,,,,,,,,,8.77792,13.87678,0.90395,50,6.25637,-4.55227,-129.47349,-8.89589,14.35552,36.22863,-9.47983,POM_COL,CLU_KIN,PomonaPitzer,D3,Team,20250427-PomonaPitzer-2,b5f4f030-23b0-11f0-8e2e-710d118fca12,87.74169,,,10.48365,,,,,,,d6dd59cf-f9ac-4159-a241-cd4264778e4a,2025-04-27,21:43:51.55,2025-04-27T14:43:51.5513344-07:00,2025-04-27T21:43:51.5513344Z,,v3,POM_PIT,,,"Matsumoto, Noah",1000029302,Right,CLU_KIN,25808d99-8546-410a-97c1-f30ffe0d4d9f,54.20353,-130.64441,18.11431,6.53894,-8.5895,-4.73991,1.05858,-5.01624,7.17776,,,,,,,,,,,,,,,,,,,,,,,,,,,,,,,,,,,,,,,,,,,,,,,,,,,High,High,High,,,,,
24,2025-04-27,14:44:03.20,4,2,"Willius, Frank",1000144891,Left,CLU_KIN,"Pierantoni, Greg",1000091552,Right,POM_COL,Undefined,1,Bottom,2,0,1,Curveball,Curveball,StrikeCalled,Undefined,Undefined,Undefined,0,0,,79.40704,1.629094,-0.212705,2788.423769,329.273553,5:00,6.14436,-1.69283,6.04551,-57.75094,-12.49827,8.48063,2.84043,-1.18304,71.16592,-9.036319,1.317487,0.484165,,,,,,,,,,,,-4.36862,-6.29048,1.7053,50,6.24212,0.09282,-115.11136,1.35383,-5.68443,27.38561,-40.35913,POM_COL,CLU_KIN,PomonaPitzer,D3,Team,20250427-PomonaPitzer-2,bcd9ec20-23b0-11f0-8e2e-710d118fca12,77.85038,,,8.24113,,,,,,,d6dd59cf-f9ac-4159-a241-cd4264778e4a,2025-04-27,21:44:03.20,2025-04-27T14:44:03.2018432-07:00,2025-04-27T21:44:03.2018432Z,,v3,POM_PIT,,,"Matsumoto, Noah",1000029302,Right,CLU_KIN,e1578f29-4d89-470e-95e0-2888f7c3e32e,54.45208,-116.16571,13.69281,6.16009,2.90766,-20.17956,1.69752,0.31167,-2.84221,,,,,,,,,,,,,,,,,,,,,,,,,,,,,,,,,,,,,,,,,,,,,,,,,,,High,High,High,,,,,
25,2025-04-27,14:44:17.57,4,3,"Willius, Frank",1000144891,Left,CLU_KIN,"Pierantoni, Greg",1000091552,Right,POM_COL,Undefined,1,Bottom,2,0,2,Curveball,Curveball,BallCalled,Undefined,Undefined,Undefined,0,0,,80.57638,0.580236,-0.603546,2817.806718,321.174269,4:45,6.34206,-1.29798,5.89236,-58.40704,-13.95359,12.68761,2.0136,-0.80108,72.0162,-10.157627,1.682547,0.47987,,,,,,,,,,,,-6.63209,-6.64048,1.3398,50,6.35694,0.71516,-116.75165,-0.83528,-8.81794,29.49213,-41.00315,POM_COL,CLU_KIN,PomonaPitzer,D3,Team,20250427-PomonaPitzer-2,c58bb8d0-23b0-11f0-8e2e-710d118fca12,78.54711,,,8.56018,,,,,,,d6dd59cf-f9ac-4159-a241-cd4264778e4a,2025-04-27,21:44:17.57,2025-04-27T14:44:17.5746048-07:00,2025-04-27T21:44:17.5746048Z,,v3,POM_PIT,,,"Matsumoto, Noah",1000029302,Right,CLU_KIN,a75ac43e-760f-4c6b-b940-9ee455ba0588,54.6052,-117.90921,14.74606,6.35814,0.77409,-20.50158,1.30493,1.06126,-4.40897,,,,,,,,,,,,,,,,,,,,,,,,,,,,,,,,,,,,,,,,,,,,,,,,,,,High,High,High,,,,,
26,2025-04-27,14:44:34.22,4,4,"Willius, Frank",1000144891,Left,CLU_KIN,"Pierantoni, Greg",1000091552,Right,POM_COL,Undefined,1,Bottom,2,1,2,Curveball,Curveball,BallCalled,Undefined,Undefined,Undefined,0,0,,77.78047,1.961008,-1.319994,2717.659701,315.645683,4:30,6.2621,-1.42921,6.04354,-58.71346,-11.60516,13.12772,3.1861,-1.55756,69.78413,-8.886992,1.047214,0.493992,,,,,,,,,,,,-7.11107,-5.91634,1.52573,50,6.38531,2.08932,-112.73511,1.95437,-8.89391,25.86866,-39.57368,POM_COL,CLU_KIN,PomonaPitzer,D3,Team,20250427-PomonaPitzer-2,cf5c14e0-23b0-11f0-8e2e-710d118fca12,76.30168,,,7.99634,,,,,,,d6dd59cf-f9ac-4159-a241-cd4264778e4a,2025-04-27,21:44:34.22,2025-04-27T14:44:34.2247424-07:00,2025-04-27T21:44:34.2247424Z,,v3,POM_PIT,,,"Matsumoto, Noah",1000029302,Right,CLU_KIN,1b1c4cc7-3ee6-4859-b142-fe9e4c9f05bd,54.45467,-113.7527,12.93433,6.27781,3.51108,-19.78684,1.43667,2.43918,-4.44695,,,,,,,,,,,,,,,,,,,,,,,,,,,,,,,,,,,,,,,,,,,,,,,,,,,High,High,High,,,,,
27,2025-04-27,14:44:48.85,4,5,"Willius, Frank",1000144891,Left,CLU_KIN,"Pierantoni, Greg",1000091552,Right,POM_COL,Undefined,1,Bottom,2,2,2,Fastball,Four-Seam,BallCalled,Undefined,Undefined,Undefined,0,0,,93.33182,-2.720494,-0.166543,2409.874297,159.836157,11:15,6.51213,-0.88182,6.41159,-5.04961,27.51938,-9.5939,3.58816,-1.83443,82.37264,-3.876125,-1.904452,0.410746,,,,,,,,,,,,4.8026,15.54005,0.89694,50,6.31352,0.8334,-135.03634,-6.30684,8.55876,38.94455,-4.48004,POM_COL,CLU_KIN,PomonaPitzer,D3,Team,20250427-PomonaPitzer-2,d80a1100-23b0-11f0-8e2e-710d118fca12,91.76576,,,10.95917,,,,,,,d6dd59cf-f9ac-4159-a241-cd4264778e4a,2025-04-27,21:44:48.85,2025-04-27T14:44:48.8509440-07:00,2025-04-27T21:44:48.8509440Z,,v3,POM_PIT,,,"Matsumoto, Noah",1000029302,Right,CLU_KIN,7d60c1a7-3dcb-4917-be6e-2cd8632ffd70,54.07777,-136.20729,19.47228,6.50113,-6.17214,-2.24002,0.87575,0.57606,4.27938,,,,,,,,,,,,,,,,,,,,,,,,,,,,,,,,,,,,,,,,,,,,,,,,,,,High,High,High,,,,,
28,2025-04-27,14:45:02.84,4,6,"Willius, Frank",1000144891,Left,CLU_KIN,"Pierantoni, Greg",1000091552,Right,POM_COL,Undefined,1,Bottom,2,3,2,Fastball,Four-Seam,StrikeSwinging,Strikeout,Undefined,Undefined,0,0,,88.51006,-4.001369,2.22595,2242.583407,172.904167,11:45,6.51252,-0.92611,6.17919,-6.8437,29.86069,-3.51638,2.23822,0.83751,78.10395,-5.502371,1.592626,0.436044,,,,,,,,,,,,2.62847,17.213,0.75939,50,6.20512,-4.80999,-127.73377,-8.89989,4.19034,34.89787,-4.73275,POM_COL,CLU_KIN,PomonaPitzer,D3,Team,20250427-PomonaPitzer-2,e061fde0-23b0-11f0-8e2e-710d118fca12,86.44184,,,10.40611,,,,,,,d6dd59cf-f9ac-4159-a241-cd4264778e4a,2025-04-27,21:45:02.84,2025-04-27T14:45:02.8483072-07:00,2025-04-27T21:45:02.8483072Z,,v3,POM_PIT,,,"Matsumoto, Noah",1000029302,Right,CLU_KIN,bf36b86f-95b1-44e3-8d2f-65864c06e3ab,54.31066,-128.9061,17.44893,6.50142,-8.7409,-2.36638,0.92334,-4.95076,2.09517,,,,,,,,,,,,,,,,,,,,,,,,,,,,,,,,,,,,,,,,,,,,,,,,,,,High,High,High,,,,,
29,2025-04-27,14:47:12.60,1,1,"Woods, Eamonn",1000115603,Right,POM_COL,"Danielewicz, Lucas",1000297575,Right,CLU_KIN,Undefined,2,Top,0,0,0,Fastball,Four-Seam,BallCalled,Undefined,Undefined,Undefined,0,0,,86.01035,0.421366,-1.396123,2126.840968,227.397739,1:30,5.65722,0.75729,5.9011,-21.04899,17.60903,17.51249,4.29444,0.92034,76.66349,-3.621052,1.746513,0.447498,,,,,,,,,,,,-9.24524,9.23134,-0.65395,50,5.67915,2.26339,-124.56662,0.33101,-14.1736,30.68837,-18.02177,POM_COL,CLU_KIN,PomonaPitzer,D3,Team,20250427-PomonaPitzer-2,2db67080-23b1-11f0-8e2e-710d118fca12,84.22928,,,9.34687,,,,,,,d6dd59cf-f9ac-4159-a241-cd4264778e4a,2025-04-27,21:47:12.60,2025-04-27T14:47:12.6046720-07:00,2025-04-27T21:47:12.6046720Z,,v3,POM_PIT,,,"Lee, Sammy",1000276388,Right,POM_COL,bcbce7e9-8cb6-4173-b60b-c5998b1593a8,54.59073,-125.69251,15.34418,5.65488,0.99219,-9.01088,-0.74653,2.78339,-7.0868,,,,,,,,,,,,,,,,,,,,,,,,,,,,,,,,,,,,,,,,,,,,,,,,,,,High,High,High,,,,,
30,2025-04-27,14:47:30.24,1,2,"Woods, Eamonn",1000115603,Right,POM_COL,"Danielewicz, Lucas",1000297575,Right,CLU_KIN,Undefined,2,Top,0,1,0,Fastball,Four-Seam,BallCalled,Undefined,Undefined,Undefined,0,0,,85.7288,-2.934462,-2.166912,2213.938759,191.007959,12:15,5.49859,0.75257,6.02843,-13.4117,25.48931,4.6511,1.65898,-0.8676,76.43133,-5.601553,-1.331061,0.448902,,,,,,,,,,,,-3.12488,14.50013,-0.58542,50,5.26136,4.49376,-123.9601,-6.61081,-4.73652,30.74895,-10.19547,POM_COL,CLU_KIN,PomonaPitzer,D3,Team,20250427-PomonaPitzer-2,383caf10-23b1-11f0-8e2e-710d118fca12,83.9658,,,9.29747,,,,,,,d6dd59cf-f9ac-4159-a241-cd4264778e4a,2025-04-27,21:47:30.24,2025-04-27T14:47:30.2489088-07:00,2025-04-27T21:47:30.2489088Z,,v3,POM_PIT,,,"Lee, Sammy",1000276388,Right,POM_COL,d8d21037-5b9d-4b1e-b9e4-2e67b1b23740,54.46394,-125.0625,15.37448,5.49182,-6.24529,-5.09774,-0.74957,4.66357,-2.36826,,,,,,,,,,,,,,,,,,,,,,,,,,,,,,,,,,,,,,,,,,,,,,,,,,,High,High,High,,,,,
31,2025-04-27,14:47:50.90,1,3,"Woods, Eamonn",1000115603,Right,POM_COL,"Danielewicz, Lucas",1000297575,Right,CLU_KIN,Undefined,2,Top,0,2,0,Fastball,Four-Seam,InPlay,Undefined,Popup,Out,1,0,,85.39165,-1.813384,-1.760837,2102.660914,190.657569,12:15,5.50391,0.82349,6.07563,-13.50631,25.64915,4.52559,2.69913,-0.42917,75.8862,-4.515502,-0.946532,0.450368,78.11908,43.339778,14.614286,,103.13621,85.39385,38.24766,239.80076,232.03303,24.606143,5.009856,-2.96197,14.28639,-0.68957,50,5.35645,3.61465,-123.60957,-4.17187,-4.44813,31.38158,-10.71938,POM_COL,CLU_KIN,PomonaPitzer,D3,Team,20250427-PomonaPitzer-2,44a73e00-23b1-11f0-8e2e-710d118fca12,83.69252,90.62133,,9.50545,,,,0.92201,2.52597,0.30426,d6dd59cf-f9ac-4159-a241-cd4264778e4a,2025-04-27,21:47:50.90,2025-04-27T14:47:50.9079552-07:00,2025-04-27T21:47:50.9079552Z,FlyBall,v3,POM_PIT,,,"Lee, Sammy",1000276388,Right,POM_COL,e8c56c02-b0ad-45ac-94b8-d2cd60b6c456,54.41834,-124.72624,15.69079,5.49811,-3.79043,-5.35969,-0.821,3.77293,-2.22407,201.998434,0.92654,80.53159,-19.29977,4.63855,-0.51401,-0.10083,0.04844,-0.00692,0.00035,2.52231,78.70452,-19.90864,1.33823,-0.18489,0.00575,0.01085,-0.00269,0.00019,0.30389,21.0352,1.14099,-0.8331,0.22291,-0.02604,-0.00126,0.00061,-4E-05,,,,,,,,,,,,,,,,,,,,,,,High,High,High,Medium,Low,,,
32,2025-04-27,14:48:26.73,2,1,"Woods, Eamonn",1000115603,Right,POM_COL,"Quinn, Josh",1000125247,Right,CLU_KIN,Undefined,2,Top,1,0,0,Curveball,Curveball,StrikeSwinging,Undefined,Undefined,Undefined,0,0,,77.11813,2.489062,-0.959345,2267.090257,62.804189,8:00,5.1357,1.39966,5.43081,-52.89133,-3.63575,-10.88957,3.06099,-0.40636,68.76433,-7.238798,-2.896673,0.505125,,,,,,,,,,,,5.02386,-2.01264,-1.30726,50,5.32098,2.31615,-111.50688,3.04699,6.13782,25.58534,-34.63296,POM_COL,CLU_KIN,PomonaPitzer,D3,Team,20250427-PomonaPitzer-2,59f027e0-23b1-11f0-8e2e-710d118fca12,74.62,,,8.3538,,,,,,,d6dd59cf-f9ac-4159-a241-cd4264778e4a,2025-04-27,21:48:26.73,2025-04-27T14:48:26.7308544-07:00,2025-04-27T21:48:26.7308544Z,,v3,POM_PIT,,,"Lee, Sammy",1000276388,Right,POM_COL,a9638a83-e96e-4e9b-968c-0b2ce33e18f5,55.06343,-112.6627,12.79267,5.14799,4.61153,-17.31648,-1.40563,2.03888,3.06891,,,,,,,,,,,,,,,,,,,,,,,,,,,,,,,,,,,,,,,,,,,,,,,,,,,High,High,High,,,,,
33,2025-04-27,14:48:43.44,2,2,"Woods, Eamonn",1000115603,Right,POM_COL,"Quinn, Josh",1000125247,Right,CLU_KIN,Undefined,2,Top,1,0,1,Slider,Slider,BallCalled,Undefined,Undefined,Undefined,0,0,,79.17619,-0.692912,-2.553181,2293.621781,116.801082,10:00,5.41836,0.82386,5.63268,-43.21742,3.6515,-3.20961,1.16973,-1.82736,70.18544,-8.701924,-3.126445,0.492736,,,,,,,,,,,,0.59043,2.7554,-0.60447,50,5.3327,5.2305,-114.36363,-2.79134,0.75042,29.0052,-28.67204,POM_COL,CLU_KIN,PomonaPitzer,D3,Team,20250427-PomonaPitzer-2,64004c10-23b1-11f0-8e2e-710d118fca12,76.49627,,,8.99075,,,,,,,d6dd59cf-f9ac-4159-a241-cd4264778e4a,2025-04-27,21:48:43.44,2025-04-27T14:48:43.4462720-07:00,2025-04-27T21:48:43.4462720Z,,v3,POM_PIT,,,"Lee, Sammy",1000276388,Right,POM_COL,b4fefde4-164e-4b7f-9159-9f7ad18410b7,54.85899,-115.58941,14.5026,5.42506,-1.57964,-14.33602,-0.82484,5.19878,0.37521,,,,,,,,,,,,,,,,,,,,,,,,,,,,,,,,,,,,,,,,,,,,,,,,,,,High,High,High,,,,,
34,2025-04-27,14:49:02.60,2,3,"Woods, Eamonn",1000115603,Right,POM_COL,"Quinn, Josh",1000125247,Right,CLU_KIN,Undefined,2,Top,1,1,1,TwoSeamFastBall,Changeup,StrikeSwinging,Undefined,Undefined,Undefined,0,0,,84.34524,-0.969001,-2.233958,1960.645408,247.575473,2:15,5.12128,1.34258,5.98852,-30.35919,9.39741,19.24729,1.69251,0.87502,76.1158,-6.654037,1.228128,0.453812,,,,,,,,,,,,-10.51229,5.58607,-1.17631,50,5.02839,3.97953,-122.27811,-3.0241,-15.65207,27.84148,-23.85677,POM_COL,CLU_KIN,PomonaPitzer,D3,Team,20250427-PomonaPitzer-2,6f543ae0-23b1-11f0-8e2e-710d118fca12,83.05741,,,8.22944,,,,,,,d6dd59cf-f9ac-4159-a241-cd4264778e4a,2025-04-27,21:49:02.60,2025-04-27T14:49:02.6084352-07:00,2025-04-27T21:49:02.6084352Z,,v3,POM_PIT,,,"Lee, Sammy",1000276388,Right,POM_COL,3d750b93-4452-4dde-9887-076eaf740781,54.50816,-123.30031,13.92074,5.12334,-2.14821,-11.92838,-1.33297,4.5542,-7.82604,,,,,,,,,,,,,,,,,,,,,,,,,,,,,,,,,,,,,,,,,,,,,,,,,,,High,High,High,,,,,
35,2025-04-27,14:49:24.35,2,4,"Woods, Eamonn",1000115603,Right,POM_COL,"Quinn, Josh",1000125247,Right,CLU_KIN,Undefined,2,Top,1,1,2,Slider,Slider,StrikeSwinging,Strikeout,Undefined,Undefined,0,0,,79.37096,-0.149517,-2.393041,2280.865027,67.272497,8:15,5.44167,0.73006,5.60196,-44.62569,1.3474,-1.02728,1.58316,-1.59089,71.32191,-8.370806,-2.576467,0.488004,,,,,,,,,,,,-0.3278,1.31331,-0.5244,50,5.40069,4.842,-114.86642,-1.78575,-0.42694,26.26314,-30.46351,POM_COL,CLU_KIN,PomonaPitzer,D3,Team,20250427-PomonaPitzer-2,7c467060-23b1-11f0-8e2e-710d118fca12,77.23801,,,8.04904,,,,,,,d6dd59cf-f9ac-4159-a241-cd4264778e4a,2025-04-27,21:49:24.35,2025-04-27T14:49:24.3550000-07:00,2025-04-27T21:49:24.3550000Z,,v3,POM_PIT,,,"Lee, Sammy",1000276388,Right,POM_COL,e47e418e-eb3e-4f7a-b5cb-971ba7d1dfc5,54.89275,-115.97971,13.13157,5.44902,-0.49442,-15.23176,-0.73004,4.8601,-0.21347,,,,,,,,,,,,,,,,,,,,,,,,,,,,,61.21671,,,1.137549,,,,-0.10628,3.96847,2.16141,67.51497,5.42407,-57.26829,-0.07364,63.13528,-3.27112,4.02026,17.17128,-14.01202,2.05724,-59.80155,6.72957,High,High,High,,,High,High,High
36,2025-04-27,14:49:54.48,3,1,"Woods, Eamonn",1000115603,Right,POM_COL,"Matsumoto, Noah",1000029302,Right,CLU_KIN,Undefined,2,Top,2,0,0,Fastball,Four-Seam,BallCalled,Undefined,Undefined,Undefined,0,0,,87.08235,-1.478962,-2.641066,2199.940745,193.169022,12:30,5.44558,0.82903,6.14126,-13.76674,23.70344,5.19709,2.92982,-1.18033,77.58575,-4.214355,-1.705679,0.440569,,,,,,,,,,,,-3.67083,13.2645,-0.63041,50,5.32604,5.61235,-126.11581,-3.56121,-5.74738,32.30648,-11.406,POM_COL,CLU_KIN,PomonaPitzer,D3,Team,20250427-PomonaPitzer-2,8e3559d0-23b1-11f0-8e2e-710d118fca12,85.55391,,,9.49661,,,,,,,d6dd59cf-f9ac-4159-a241-cd4264778e4a,2025-04-27,21:49:54.48,2025-04-27T14:49:54.4896512-07:00,2025-04-27T21:49:54.4896512Z,,v3,POM_PIT,,,"Lee, Sammy",1000276388,Right,POM_COL,3317c6fc-1c01-41ff-a037-9560d25dc052,54.35654,-127.22691,16.15324,5.44177,-3.16893,-5.703,-0.82683,5.81001,-2.87369,,,,,,,,,,,,,,,,,,,,,,,,,,,,,,,,,,,,,,,,,,,,,,,,,,,High,High,High,,,,,
37,2025-04-27,14:50:13.12,3,2,"Woods, Eamonn",1000115603,Right,POM_COL,"Matsumoto, Noah",1000029302,Right,CLU_KIN,Undefined,2,Top,2,1,0,Fastball,Four-Seam,BallCalled,Undefined,Undefined,Undefined,0,0,,85.70292,-1.090006,-0.755018,2063.120409,195.509731,12:30,5.13853,1.53838,6.00363,-18.83899,19.28847,4.99244,2.55846,1.25482,77.78488,-4.692298,0.142904,0.444417,,,,,,,,,,,,-2.76126,10.58749,-1.48157,50,5.04236,1.43151,-124.37561,-2.87286,-4.2947,26.59352,-15.70689,POM_COL,CLU_KIN,PomonaPitzer,D3,Team,20250427-PomonaPitzer-2,99573c20-23b1-11f0-8e2e-710d118fca12,84.81326,,,7.91803,,,,,,,d6dd59cf-f9ac-4159-a241-cd4264778e4a,2025-04-27,21:50:13.12,2025-04-27T14:50:13.1289600-07:00,2025-04-27T21:50:13.1289600Z,,v3,POM_PIT,,,"Lee, Sammy",1000276388,Right,POM_COL,c1df5b24-9cbb-45f7-9566-dd0a2d2d208b,54.49165,-125.33231,13.29676,5.13555,-2.3078,-7.85345,-1.53585,1.58601,-2.14735,,,,,,,,,,,,,,,,,,,,,,,,,,,,,,,,,,,,,,,,,,,,,,,,,,,High,High,High,,,,,
38,2025-04-27,14:50:33.71,3,3,"Woods, Eamonn",1000115603,Right,POM_COL,"Matsumoto, Noah",1000029302,Right,CLU_KIN,Undefined,2,Top,2,2,0,Fastball,Four-Seam,StrikeCalled,Undefined,Undefined,Undefined,0,0,,86.1455,-0.973426,-0.484518,2132.992624,195.518962,12:30,5.48617,0.91045,6.10779,-16.34757,21.67147,5.62099,3.2236,0.93081,77.25755,-4.162638,0.528367,0.443784,,,,,,,,,,,,-3.01803,11.84572,-0.87589,50,5.4026,0.82011,-124.8927,-2.50272,-4.67566,29.64546,-13.82225,POM_COL,CLU_KIN,PomonaPitzer,D3,Team,20250427-PomonaPitzer-2,a599f7c0-23b1-11f0-8e2e-710d118fca12,84.93412,,,8.88795,,,,,,,d6dd59cf-f9ac-4159-a241-cd4264778e4a,2025-04-27,21:50:33.71,2025-04-27T14:50:33.7162240-07:00,2025-04-27T21:50:33.7162240Z,,v3,POM_PIT,,,"Lee, Sammy",1000276388,Right,POM_COL,5aea3780-278f-444c-8007-97f3f1a81d32,54.38535,-125.92934,14.82273,5.48167,-2.01938,-6.91113,-0.90742,0.98361,-2.33783,,,,,,,,,,,,,,,,,,,,,,,,,,,,,,,,,,,,,,,,,,,,,,,,,,,High,High,High,,,,,
39,2025-04-27,14:50:52.42,3,4,"Woods, Eamonn",1000115603,Right,POM_COL,"Matsumoto, Noah",1000029302,Right,CLU_KIN,Undefined,2,Top,2,2,1,TwoSeamFastBall,Changeup,StrikeCalled,Undefined,Undefined,Undefined,0,0,,85.48285,-1.233718,-3.448143,2056.191199,230.666473,1:45,5.23704,1.30231,6.09473,-24.33588,14.49446,15.85686,2.06567,-0.56951,76.58009,-5.860134,-0.596341,0.448494,,,,,,,,,,,,-9.22571,8.30713,-1.04398,50,5.1292,6.79151,-123.70934,-3.37326,-13.99409,29.55441,-19.57337,POM_COL,CLU_KIN,PomonaPitzer,D3,Team,20250427-PomonaPitzer-2,b0c3a240-23b1-11f0-8e2e-710d118fca12,84.0422,,,8.90277,,,,,,,d6dd59cf-f9ac-4159-a241-cd4264778e4a,2025-04-27,21:50:52.42,2025-04-27T14:50:52.4286464-07:00,2025-04-27T21:50:52.4286464Z,,v3,POM_PIT,,,"Lee, Sammy",1000276388,Right,POM_COL,6588e02d-fd2a-4a25-a96c-9b432d3a99c7,54.3995,-124.75596,14.77721,5.23638,-2.6801,-9.78668,-1.29327,7.28709,-6.99704,,,,,,,,,,,,,,,,,,,,,,,,,,,,,,,,,,,,,,,,,,,,,,,,,,,High,High,High,,,,,
40,2025-04-27,14:51:08.79,3,5,"Woods, Eamonn",1000115603,Right,POM_COL,"Matsumoto, Noah",1000029302,Right,CLU_KIN,Undefined,2,Top,2,2,2,Slider,Slider,BallCalled,Undefined,Undefined,Undefined,0,0,,79.88892,-2.042462,0.089011,2330.841261,78.512055,8:30,5.44606,0.96059,5.42835,-43.90833,0.96705,-2.61622,-0.12672,0.82594,73.29021,-10.022652,-0.378095,0.482143,,,,,,,,,,,,1.3587,1.47748,-0.96656,50,5.23426,-0.07812,-115.88018,-5.62185,1.83175,23.37509,-30.18217,POM_COL,CLU_KIN,PomonaPitzer,D3,Team,20250427-PomonaPitzer-2,ba9e3780-23b1-11f0-8e2e-710d118fca12,78.17696,,,6.59872,,,,,,,d6dd59cf-f9ac-4159-a241-cd4264778e4a,2025-04-27,21:51:08.79,2025-04-27T14:51:08.7919616-07:00,2025-04-27T21:51:08.7919616Z,,v3,POM_PIT,,,"Lee, Sammy",1000276388,Right,POM_COL,87b36bec-0bd2-4ecd-88ce-b8ecbd7e46ea,55.07218,-116.89886,11.68755,5.45059,-4.30653,-15.09108,-0.96142,-0.15795,0.91588,,,,,,,,,,,,,,,,,,,,,,,,,,,,,,,,,,,,,,,,,,,,,,,,,,,High,High,High,,,,,
41,2025-04-27,14:51:31.35,3,6,"Woods, Eamonn",1000115603,Right,POM_COL,"Matsumoto, Noah",1000029302,Right,CLU_KIN,Undefined,2,Top,2,3,2,Fastball,Four-Seam,BallCalled,Walk,Undefined,Undefined,0,0,,86.05116,0.15314,-1.018019,1960.799922,211.135843,1:00,5.1616,1.36672,6.08783,-17.90162,20.16729,11.33772,3.81149,1.36969,77.21941,-3.317289,1.02383,0.444075,,,,,,,,,,,,-6.08536,10.68485,-1.29354,50,5.16375,1.73929,-124.78134,-0.11166,-9.42616,29.21944,-15.62331,POM_COL,CLU_KIN,PomonaPitzer,D3,Team,20250427-PomonaPitzer-2,c7f80870-23b1-11f0-8e2e-710d118fca12,84.87847,,,8.83175,,,,,,,d6dd59cf-f9ac-4159-a241-cd4264778e4a,2025-04-27,21:51:31.35,2025-04-27T14:51:31.3559040-07:00,2025-04-27T21:51:31.3559040Z,,v3,POM_PIT,,,"Lee, Sammy",1000276388,Right,POM_COL,6cfec72f-50cf-472c-a21f-501998b0b12d,54.40573,-125.80877,14.60972,5.15802,0.4377,-7.81165,-1.36053,2.07074,-4.71308,,,,,,,,,,,,,,,,,,,,,,,,,,,,,,,,,,,,,,,,,,,,,,,,,,,High,High,High,,,,,
42,2025-04-27,14:52:01.14,4,1,"Woods, Eamonn",1000115603,Right,POM_COL,"Orozco, Daniel",1000302991,Left,CLU_KIN,Undefined,2,Top,2,0,0,Fastball,Four-Seam,InPlay,Undefined,LineDrive,Out,1,0,,84.83145,-0.354227,-2.355769,2025.395768,211.746591,1:00,5.11807,1.53742,6.16975,-18.76277,20.2734,11.65855,3.22705,0.33184,76.25088,-3.985025,-0.254663,0.449681,91.5741,17.808879,-18.213256,3061.552682,101.77816,28.30386,-41.72716,285.49481,274.98016,-29.1192,3.049015,-6.81087,11.01363,-1.36482,50,5.08173,4.6045,-123.01697,-1.23428,-10.25649,28.33843,-15.5886,POM_COL,CLU_KIN,PomonaPitzer,D3,Team,20250427-PomonaPitzer-2,d9c81f40-23b1-11f0-8e2e-710d118fca12,83.82032,31.16431,,8.58057,,,,0.97168,3.13452,-0.31899,d6dd59cf-f9ac-4159-a241-cd4264778e4a,2025-04-27,21:52:01.14,2025-04-27T14:52:01.1425280-07:00,2025-04-27T21:52:01.1425280Z,LineDrive,v3,POM_PIT,,,"Lee, Sammy",1000276388,Right,POM_COL,94dcf5b6-3b9e-4a70-af30-e8e09c7f2653,54.32751,-124.00985,14.16922,5.11541,-0.68811,-7.7943,-1.53244,4.96386,-5.12824,118.547105,0.97117,121.48718,-19.65654,3.85117,-1.16143,0.45916,-0.15641,0.03029,-0.00235,3.13483,41.06472,-16.29032,0.89595,0.1385,-0.18003,0.07774,-0.01544,0.00115,-0.31905,-39.96277,-5.21337,2.29948,-0.67871,0.15118,-0.02615,0.00321,-0.0002,,,,,,,,,,,,,,,,,,,,,,,High,High,High,High,High,,,
43,2025-04-27,14:53:56.31,1,1,"Willius, Frank",1000144891,Left,CLU_KIN,"Berry, Cooper",1000276381,Left,POM_COL,Undefined,2,Bottom,0,0,0,Fastball,Four-Seam,BallCalled,Undefined,Undefined,Undefined,0,0,,86.90077,-1.754989,2.795456,2189.408689,161.975619,11:30,6.58081,-1.0046,6.42117,-11.56827,25.42379,-7.81646,4.00108,0.91581,77.90219,-4.090819,1.381338,0.43775,,,,,,,,,,,,4.9204,14.11119,0.80784,50,6.44907,-5.82193,-125.87325,-4.01928,7.74894,29.93443,-9.95094,POM_COL,CLU_KIN,PomonaPitzer,D3,Team,20250427-PomonaPitzer-2,1e598720-23b2-11f0-8e2e-710d118fca12,86.10502,,,8.99858,,,,,,,d6dd59cf-f9ac-4159-a241-cd4264778e4a,2025-04-27,21:53:56.31,2025-04-27T14:53:56.3121152-07:00,2025-04-27T21:53:56.3121152Z,,v3,POM_PIT,,,"Matsumoto, Noah",1000029302,Right,CLU_KIN,92ccde24-cf06-4b66-9d62-ca6575a5942d,54.07131,-126.83777,14.96721,6.57341,-3.69865,-4.97547,0.99945,-6.07161,3.87447,,,,,,,,,,,,,,,,,,,,,,,,,,,,,,,,,,,,,,,,,,,,,,,,,,,High,High,High,,,,,
44,2025-04-27,14:54:07.49,1,2,"Willius, Frank",1000144891,Left,CLU_KIN,"Berry, Cooper",1000276381,Left,POM_COL,Undefined,2,Bottom,0,1,0,Fastball,Four-Seam,BallCalled,Undefined,Undefined,Undefined,0,0,,85.02445,-4.39892,2.274032,2103.669947,158.907207,11:15,6.56225,-1.1087,6.18165,-13.31623,26.04895,-9.42997,1.37923,0.2065,76.02941,-7.043642,0.57422,0.451573,,,,,,,,,,,,5.62611,15.40426,0.94134,50,6.22223,-4.4953,-122.81917,-9.69639,8.38397,29.85717,-9.2187,POM_COL,CLU_KIN,PomonaPitzer,D3,Team,20250427-PomonaPitzer-2,2520c1e0-23b2-11f0-8e2e-710d118fca12,83.46929,,,8.99504,,,,,,,d6dd59cf-f9ac-4159-a241-cd4264778e4a,2025-04-27,21:54:07.49,2025-04-27T14:54:07.4996736-07:00,2025-04-27T21:54:07.4996736Z,,v3,POM_PIT,,,"Matsumoto, Noah",1000029302,Right,CLU_KIN,056c884a-1228-4772-8e6d-24e886167712,54.31253,-123.8631,14.92859,6.55563,-9.37407,-4.60935,1.10364,-4.78844,4.19198,,,,,,,,,,,,,,,,,,,,,,,,,,,,,,,,,,,,,,,,,,,,,,,,,,,High,High,High,,,,,
45,2025-04-27,14:54:19.82,1,3,"Willius, Frank",1000144891,Left,CLU_KIN,"Berry, Cooper",1000276381,Left,POM_COL,Undefined,2,Bottom,0,2,0,Fastball,Four-Seam,StrikeCalled,Undefined,Undefined,Undefined,0,0,,86.29635,-3.643972,1.537365,2161.064382,162.51137,11:30,6.59112,-1.07117,6.31541,-12.86123,25.04879,-7.41355,2.15714,-0.27256,77.15417,-6.209552,0.196831,0.443148,,,,,,,,,,,,4.32815,14.62422,0.96168,50,6.3173,-3.04527,-124.83618,-8.17048,6.66683,30.72796,-9.64776,POM_COL,CLU_KIN,PomonaPitzer,D3,Team,20250427-PomonaPitzer-2,2c5d53b0-23b2-11f0-8e2e-710d118fca12,85.05616,,,9.14217,,,,,,,d6dd59cf-f9ac-4159-a241-cd4264778e4a,2025-04-27,21:54:19.82,2025-04-27T14:54:19.8250496-07:00,2025-04-27T21:54:19.8250496Z,,v3,POM_PIT,,,"Matsumoto, Noah",1000029302,Right,CLU_KIN,e037d435-52a8-4614-945e-6bb4bd9d9209,54.17742,-125.86023,15.36398,6.58424,-7.84895,-4.82388,1.06687,-3.26745,3.33342,,,,,,,,,,,,,,,,,,,,,,,,,,,,,,,,,,,,,,,,,,,,,,,,,,,High,High,High,,,,,
46,2025-04-27,14:54:32.93,1,4,"Willius, Frank",1000144891,Left,CLU_KIN,"Berry, Cooper",1000276381,Left,POM_COL,Undefined,2,Bottom,0,2,1,Fastball,Four-Seam,FoulBallNotFieldable,Undefined,Undefined,Undefined,0,0,,87.46404,-2.298876,2.03332,2176.220806,159.406532,11:15,6.52704,-1.19864,6.20697,-12.93083,23.92828,-8.4576,3.32514,-0.02591,78.35957,-4.868732,0.507762,0.436962,99.73015,13.812005,35.822888,2956.833512,83.85457,23.23493,71.19256,267.13481,190.42443,47.036375,2.61821,5.05437,13.55241,1.04999,50,6.3477,-4.15317,-126.70521,-5.34647,8.04283,30.99483,-10.60857,POM_COL,CLU_KIN,PomonaPitzer,D3,Team,20250427-PomonaPitzer-2,3449d490-23b2-11f0-8e2e-710d118fca12,86.26019,24.86761,,9.10447,,,,0.56466,3.63502,-0.00399,d6dd59cf-f9ac-4159-a241-cd4264778e4a,2025-04-27,21:54:32.93,2025-04-27T14:54:32.9376768-07:00,2025-04-27T21:54:32.9376768Z,LineDrive,v3,POM_PIT,,,"Matsumoto, Noah",1000029302,Right,CLU_KIN,9ea1bb43-d7b9-46cb-b110-d2197efdf809,54.28887,-127.75005,15.49742,6.5219,-4.98885,-5.30429,1.19457,-4.42429,4.02142,,0.5648,115.16169,-29.05685,6.86063,-1.20979,0.07085,0.03155,-0.00936,0.00086,3.63491,34.9281,-14.65097,0.26541,-0.15057,0.17023,-0.07203,0.01507,-0.00126,-0.00409,83.14126,-2.73391,-0.59045,0.11915,0.08818,-0.05328,0.01201,-0.00103,,,,,,,,,,,,,,,,,,,,,,,High,High,High,Medium,Medium,,,
47,2025-04-27,14:55:00.58,1,5,"Willius, Frank",1000144891,Left,CLU_KIN,"Berry, Cooper",1000276381,Left,POM_COL,Undefined,2,Bottom,0,2,2,Curveball,Curveball,InPlay,Undefined,Popup,Out,1,0,,79.41909,0.918786,0.200007,2779.352602,292.110361,3:45,6.3421,-1.44968,5.96612,-48.5392,-3.75902,13.14225,3.14914,-0.16905,72.01021,-8.043904,2.565749,0.481631,,,,,,,,,,,,-6.65304,-1.72811,1.42669,50,6.38838,-0.9025,-115.27564,0.29184,-8.80136,24.79953,-34.46018,POM_COL,CLU_KIN,PomonaPitzer,D3,Team,20250427-PomonaPitzer-2,44ad14f0-23b2-11f0-8e2e-710d118fca12,78.26001,,,7.40888,,,,,,,d6dd59cf-f9ac-4159-a241-cd4264778e4a,2025-04-27,21:55:00.58,2025-04-27T14:55:00.5813760-07:00,2025-04-27T21:55:00.5813760Z,,v3,POM_PIT,,,"Matsumoto, Noah",1000029302,Right,CLU_KIN,ba70965f-3f27-4d21-a655-86b447a08460,54.53309,-116.24677,12.39976,6.35053,1.64126,-17.23009,1.45529,-0.55785,-4.40068,,,,,,,,,,,,,,,,,,,,,,,,,,,,,,,,,,,,,,,,,,,,,,,,,,,High,High,High,,,,,
48,2025-04-27,14:55:33.96,2,1,"Willius, Frank",1000144891,Left,CLU_KIN,"Hattenburg, Xavier",10277269,Left,POM_COL,Undefined,2,Bottom,1,0,0,Fastball,Four-Seam,BallCalled,Undefined,Undefined,Undefined,0,0,,88.00526,-1.775551,1.810424,2274.486942,154.002775,11:15,6.54589,-1.01281,6.28768,-12.43792,23.89454,-10.96402,3.87173,-0.25746,78.65645,-4.264977,-0.170801,0.433829,,,,,,,,,,,,6.20681,13.30465,0.88385,50,6.40829,-3.56369,-127.49911,-4.16734,9.99059,31.63008,-10.7587,POM_COL,CLU_KIN,PomonaPitzer,D3,Team,20250427-PomonaPitzer-2,589165c0-23b2-11f0-8e2e-710d118fca12,86.88308,,,9.34881,,,,,,,d6dd59cf-f9ac-4159-a241-cd4264778e4a,2025-04-27,21:55:33.96,2025-04-27T14:55:33.9699712-07:00,2025-04-27T21:55:33.9699712Z,,v3,POM_PIT,,,"Matsumoto, Noah",1000029302,Right,CLU_KIN,13e9fcd4-55d2-4f6f-9a6a-9db0438ecdfc,54.20506,-128.53807,15.81504,6.53937,-3.81395,-5.37935,1.0063,-3.89186,4.9953,,,,,,,,,,,,,,,,,,,,,,,,,,,,,,,,,,,,,,,,,,,,,,,,,,,High,High,High,,,,,
49,2025-04-27,14:55:48.66,2,2,"Willius, Frank",1000144891,Left,CLU_KIN,"Hattenburg, Xavier",10277269,Left,POM_COL,Undefined,2,Bottom,1,1,0,Fastball,Four-Seam,BallCalled,Undefined,Undefined,Undefined,0,0,,86.47765,-1.621713,2.793866,2268.358517,154.043075,11:15,6.57758,-0.97448,6.39409,-12.87619,24.51198,-11.24197,4.01085,0.66032,77.517,-4.196379,0.760539,0.440087,,,,,,,,,,,,6.67941,13.60863,0.77793,50,6.45416,-5.65103,-125.277,-3.76397,10.417,29.71124,-10.95041,POM_COL,CLU_KIN,PomonaPitzer,D3,Team,20250427-PomonaPitzer-2,614fb590-23b2-11f0-8e2e-710d118fca12,85.64771,,,8.96066,,,,,,,d6dd59cf-f9ac-4159-a241-cd4264778e4a,2025-04-27,21:55:48.66,2025-04-27T14:55:48.6652416-07:00,2025-04-27T21:55:48.6652416Z,,v3,POM_PIT,,,"Matsumoto, Noah",1000029302,Right,CLU_KIN,e70f6947-c6df-45d4-a766-40c586067696,54.09917,-126.24543,14.85562,6.57103,-3.40704,-5.4752,0.96765,-5.99057,5.2085,,,,,,,,,,,,,,,,,,,,,,,,,,,,,,,,,,,,,,,,,,,,,,,,,,,High,High,High,,,,,
50,2025-04-27,14:56:04.97,2,3,"Willius, Frank",1000144891,Left,CLU_KIN,"Hattenburg, Xavier",10277269,Left,POM_COL,Undefined,2,Bottom,1,2,0,Fastball,Four-Seam,FoulBallNotFieldable,Undefined,Undefined,Undefined,0,0,,88.51834,-2.47065,1.625844,2269.699693,152.863772,11:00,6.604,-1.1067,6.43737,-10.80977,24.95509,-12.06796,3.4304,-0.61785,79.06132,-4.667942,-0.561295,0.430427,,,,,,,,,,,,6.83378,14.2558,0.99604,50,6.42299,-3.15269,-128.26924,-5.69459,11.10598,32.59953,-9.0062,POM_COL,CLU_KIN,PomonaPitzer,D3,Team,20250427-PomonaPitzer-2,6b298780-23b2-11f0-8e2e-710d118fca12,87.56987,,,9.45703,,,,,,,d6dd59cf-f9ac-4159-a241-cd4264778e4a,2025-04-27,21:56:04.97,2025-04-27T14:56:04.9703936-07:00,2025-04-27T21:56:04.9703936Z,,v3,POM_PIT,,,"Matsumoto, Noah",1000029302,Right,CLU_KIN,d8858853-3349-46e6-89a4-ea8ae78be376,54.05821,-129.29652,16.29976,6.59796,-5.41078,-4.5031,1.1009,-3.50266,5.55299,,,,,,,,,,,,,,,,,,,,,,,,,,,,,,,,,,,,,,,,,,,,,,,,,,,High,High,High,,,,,
51,2025-04-27,14:56:25.50,2,4,"Willius, Frank",1000144891,Left,CLU_KIN,"Hattenburg, Xavier",10277269,Left,POM_COL,Undefined,2,Bottom,1,2,1,Fastball,Four-Seam,FoulBallNotFieldable,Undefined,Undefined,Undefined,0,0,,87.76792,-3.864623,1.678891,2300.570989,149.343316,11:00,6.54457,-0.691,6.58003,-13.25119,23.20253,-12.85934,1.89154,-0.22349,78.16696,-6.510894,-0.658531,0.434553,88.51764,28.20337,39.175464,3634.913573,81.5777,50.06292,73.79032,281.50524,166.71039,51.393818,4.403938,7.36615,14.02379,0.58076,50,6.27329,-3.2235,-127.00028,-8.82398,11.66677,33.33651,-9.96274,POM_COL,CLU_KIN,PomonaPitzer,D3,Team,20250427-PomonaPitzer-2,775f23c0-23b2-11f0-8e2e-710d118fca12,86.73848,61.59087,,9.60096,,,,2.36448,1.9992,0.21295,d6dd59cf-f9ac-4159-a241-cd4264778e4a,2025-04-27,21:56:25.50,2025-04-27T14:56:25.5025664-07:00,2025-04-27T21:56:25.5025664Z,FlyBall,v3,POM_PIT,,,"Matsumoto, Noah",1000029302,Right,CLU_KIN,fd924225-a453-4e6c-b7ac-febe196c78d2,53.91599,-128.02407,16.66825,6.53958,-8.51802,-4.98137,0.68526,-3.5818,5.83339,,2.36634,88.65082,-19.94622,3.80706,-0.66819,0.09532,-0.01842,0.00339,-0.00026,1.99875,61.36231,-18.12376,1.54715,-0.21344,-0.01986,0.02445,-0.00535,0.00038,0.21337,72.26957,-6.9448,0.66752,-0.1188,0.0474,-0.01824,0.00358,-0.00026,,,,,,,,,,,,,,,,,,,,,,,High,High,High,Medium,Low,,,
52,2025-04-27,14:56:54.54,2,5,"Willius, Frank",1000144891,Left,CLU_KIN,"Hattenburg, Xavier",10277269,Left,POM_COL,Undefined,2,Bottom,1,2,2,Curveball,Curveball,BallCalled,Undefined,Undefined,Undefined,0,0,,79.88859,-0.538958,0.987328,2769.132042,323.840158,4:45,6.50473,-1.06985,5.6838,-54.66282,-9.87512,8.36851,1.44704,0.54793,72.80637,-10.498207,2.489136,0.481671,,,,,,,,,,,,-3.92016,-4.3537,0.98144,50,6.42539,-2.32558,-115.91218,-2.95878,-5.23601,25.35425,-37.98917,POM_COL,CLU_KIN,PomonaPitzer,D3,Team,20250427-PomonaPitzer-2,88b7c0a0-23b2-11f0-8e2e-710d118fca12,78.25346,,,7.08222,,,,,,,d6dd59cf-f9ac-4159-a241-cd4264778e4a,2025-04-27,21:56:54.54,2025-04-27T14:56:54.5498624-07:00,2025-04-27T21:56:54.5498624Z,,v3,POM_PIT,,,"Matsumoto, Noah",1000029302,Right,CLU_KIN,2d66b6c3-999c-4f3b-a0cb-decdf171bb99,54.81666,-116.96101,12.67713,6.51529,-1.38728,-18.99458,1.07317,-2.10898,-2.61801,,,,,,,,,,,,,,,,,,,,,,,,,,,,,,,,,,,,,,,,,,,,,,,,,,,High,High,High,,,,,
53,2025-04-27,14:57:09.07,2,6,"Willius, Frank",1000144891,Left,CLU_KIN,"Hattenburg, Xavier",10277269,Left,POM_COL,Undefined,2,Bottom,1,3,2,Fastball,Four-Seam,FoulBallNotFieldable,Undefined,Undefined,Undefined,0,0,,88.5678,-2.134814,2.64912,2151.273387,170.050702,11:45,6.52316,-0.82264,6.39385,-11.81371,23.76344,-3.93654,3.57222,1.28753,79.63067,-4.49555,1.937291,0.429296,,,,,,,,,,,,2.91689,13.45367,0.63398,50,6.36387,-5.78061,-128.35085,-5.00291,4.78124,30.8752,-10.12148,POM_COL,CLU_KIN,PomonaPitzer,D3,Team,20250427-PomonaPitzer-2,915d7f60-23b2-11f0-8e2e-710d118fca12,87.80055,,,8.93713,,,,,,,d6dd59cf-f9ac-4159-a241-cd4264778e4a,2025-04-27,21:57:09.07,2025-04-27T14:57:09.0713600-07:00,2025-04-27T21:57:09.0713600Z,,v3,POM_PIT,,,"Matsumoto, Noah",1000029302,Right,CLU_KIN,1e00fc2d-09e0-4193-8a53-df13bbac3788,54.10247,-129.33394,15.4376,6.51804,-4.68063,-5.06074,0.82046,-5.93285,2.39062,,,,,,,,,,,,,,,,,,,,,,,,,,,,,,,,,,,,,,,,,,,,,,,,,,,High,High,High,,,,,
54,2025-04-27,14:57:31.93,2,7,"Willius, Frank",1000144891,Left,CLU_KIN,"Hattenburg, Xavier",10277269,Left,POM_COL,Undefined,2,Bottom,1,3,2,Fastball,Four-Seam,InPlay,Undefined,LineDrive,Out,1,0,,87.89639,-4.470858,1.74843,2244.98325,165.522906,11:30,6.60359,-0.76687,6.3003,-11.33414,25.27659,-6.14705,1.52948,0.33232,78.65602,-6.745803,0.637544,0.435487,84.24666,21.264351,17.552882,2532.026333,104.90426,36.94571,33.0919,284.98914,276.80992,17.446356,3.841256,3.80146,15.1054,0.64126,50,6.26892,-3.63154,-127.06588,-10.13148,6.06481,31.90357,-8.07496,POM_COL,CLU_KIN,PomonaPitzer,D3,Team,20250427-PomonaPitzer-2,9efdf640-23b2-11f0-8e2e-710d118fca12,86.55234,43.33712,,9.24037,,,,1.45884,1.63613,-0.30885,d6dd59cf-f9ac-4159-a241-cd4264778e4a,2025-04-27,21:57:31.93,2025-04-27T14:57:31.9364096-07:00,2025-04-27T21:57:31.9364096Z,LineDrive,v3,POM_PIT,,,"Matsumoto, Noah",1000029302,Right,CLU_KIN,4d0d8884-e313-4907-b547-392c20b6f561,54.19578,-128.11502,15.95178,6.59772,-9.86593,-4.03748,0.76396,-3.83097,3.0324,185.149131,1.45838,109.80108,-20.51365,5.05638,-1.20907,0.30195,-0.06716,0.00975,-0.00061,1.63698,44.7875,-11.33273,-1.08366,0.73238,-0.30691,0.08463,-0.01256,0.00074,-0.30907,34.7342,-5.33611,0.8307,-0.13978,0.04541,-0.01469,0.0026,-0.00018,,,,,,,,,,,,,,,,,,,,,,,High,High,High,High,High,,,
55,2025-04-27,14:58:06.47,3,1,"Willius, Frank",1000144891,Left,CLU_KIN,"Lee, Sammy",1000276388,Right,POM_COL,Undefined,2,Bottom,2,0,0,Fastball,Four-Seam,BallCalled,Undefined,Undefined,Undefined,0,0,,88.6492,-4.339471,3.372447,2320.759389,145.569494,10:45,6.5788,-0.86591,6.27527,-14.90788,21.32383,-13.59103,1.32172,1.11383,79.04624,-7.261808,0.920415,0.433227,,,,,,,,,,,,8.17288,12.98587,0.62238,50,6.24961,-6.96671,-127.941,-10.05357,13.18019,33.05012,-11.23204,POM_COL,CLU_KIN,PomonaPitzer,D3,Team,20250427-PomonaPitzer-2,b38d2d10-23b2-11f0-8e2e-710d118fca12,87.00383,,,9.60296,,,,,,,d6dd59cf-f9ac-4159-a241-cd4264778e4a,2025-04-27,21:58:06.47,2025-04-27T14:58:06.4766976-07:00,2025-04-27T21:58:06.4766976Z,,v3,POM_PIT,,,"Matsumoto, Noah",1000029302,Right,CLU_KIN,9a6a890e-1973-475a-9349-f718dd92a030,54.2186,-129.02617,16.52506,6.57366,-9.68478,-5.61602,0.85823,-7.39946,6.59009,,,,,,,,,,,,,,,,,,,,,,,,,,,,,,,,,,,,,,,,,,,,,,,,,,,High,High,High,,,,,
56,2025-04-27,14:58:19.76,3,2,"Willius, Frank",1000144891,Left,CLU_KIN,"Lee, Sammy",1000276388,Right,POM_COL,Undefined,2,Bottom,2,1,0,Fastball,Four-Seam,BallCalled,Undefined,Undefined,Undefined,0,0,,88.3423,-1.607219,2.912773,2288.723643,153.512374,11:00,6.54756,-1.11556,6.39283,-10.99394,25.42068,-11.88953,4.15085,0.57498,77.90858,-3.871772,0.762745,0.43432,,,,,,,,,,,,7.15166,14.1178,0.91041,50,6.42583,-5.98477,-127.74205,-3.70912,11.40627,34.83032,-9.65737,POM_COL,CLU_KIN,PomonaPitzer,D3,Team,20250427-PomonaPitzer-2,bb62a380-23b2-11f0-8e2e-710d118fca12,86.78501,,,10.43372,,,,,,,d6dd59cf-f9ac-4159-a241-cd4264778e4a,2025-04-27,21:58:19.76,2025-04-27T14:58:19.7639168-07:00,2025-04-27T21:58:19.7639168Z,,v3,POM_PIT,,,"Matsumoto, Noah",1000029302,Right,CLU_KIN,bcf5e5ac-db97-4ea6-9cba-88a2efd45c07,54.0968,-128.85425,17.41516,6.53934,-3.40074,-4.82868,1.10733,-6.349,5.70313,,,,,,,,,,,,,,,,,,,,,,,,,,,,,,,,,,,,,,,,,,,,,,,,,,,High,High,High,,,,,
57,2025-04-27,14:58:33.74,3,3,"Willius, Frank",1000144891,Left,CLU_KIN,"Lee, Sammy",1000276388,Right,POM_COL,Undefined,2,Bottom,2,2,0,Fastball,Four-Seam,StrikeCalled,Undefined,Undefined,Undefined,0,0,,87.68461,-2.785409,2.238279,2174.842454,162.729076,11:30,6.63643,-0.91816,6.24175,-11.30757,25.87293,-7.54646,3.12092,0.51858,77.47871,-5.095826,0.87665,0.438863,,,,,,,,,,,,4.6689,14.74765,0.7545,50,6.42238,-4.62501,-126.7213,-6.31292,7.33368,34.09599,-9.00922,POM_COL,CLU_KIN,PomonaPitzer,D3,Team,20250427-PomonaPitzer-2,c3b8bba0-23b2-11f0-8e2e-710d118fca12,85.88657,,,10.2059,,,,,,,d6dd59cf-f9ac-4159-a241-cd4264778e4a,2025-04-27,21:58:33.74,2025-04-27T14:58:33.7415168-07:00,2025-04-27T21:58:33.7415168Z,,v3,POM_PIT,,,"Matsumoto, Noah",1000029302,Right,CLU_KIN,f2a642db-5238-431b-8d88-06dacc331cf3,54.24785,-127.85913,17.048,6.62803,-6.01227,-4.50461,0.91293,-4.86974,3.66684,,,,,,,,,,,,,,,,,,,,,,,,,,,,,,,,,,,,,,,,,,,,,,,,,,,High,High,High,,,,,
58,2025-04-27,14:58:48.12,3,4,"Willius, Frank",1000144891,Left,CLU_KIN,"Lee, Sammy",1000276388,Right,POM_COL,Undefined,2,Bottom,2,2,1,Fastball,Four-Seam,StrikeSwinging,Undefined,Undefined,Undefined,0,0,,86.9,-2.483303,1.848012,2279.256469,145.813,10:45,6.54472,-1.03773,6.26883,-14.64741,23.39344,-14.72784,3.03208,-0.56075,76.32765,-5.416791,-0.81298,0.443912,,,,,,,,,,,,8.19233,13.46213,0.90677,50,6.35314,-3.41352,-125.57313,-5.7152,12.54219,35.16866,-11.56398,POM_COL,CLU_KIN,PomonaPitzer,D3,Team,20250427-PomonaPitzer-2,cc4af260-23b2-11f0-8e2e-710d118fca12,84.90979,,,10.57235,,,,,,,d6dd59cf-f9ac-4159-a241-cd4264778e4a,2025-04-27,21:58:48.12,2025-04-27T14:58:48.1284608-07:00,2025-04-27T21:58:48.1284608Z,,v3,POM_PIT,,,"Matsumoto, Noah",1000029302,Right,CLU_KIN,970fe35a-19b0-46df-bffc-a649e9b7f572,54.21985,-126.74945,17.58433,6.53783,-5.32841,-5.78199,1.02796,-3.83303,6.2711,,,,,,,,,,,,,,,,,,,,,,,,,,,,,,,,,,,,,,,,,,,,,,,,,,,High,High,High,,,,,
59,2025-04-27,14:59:03.46,3,5,"Willius, Frank",1000144891,Left,CLU_KIN,"Lee, Sammy",1000276388,Right,POM_COL,Undefined,2,Bottom,2,2,2,Curveball,Curveball,BallCalled,Undefined,Undefined,Undefined,0,0,,79.49451,-0.525934,-0.086346,2848.882655,306.705071,4:15,6.40826,-1.34942,5.92366,-55.98983,-10.72449,16.70328,1.2544,-0.0376,71.8062,-10.790915,2.926806,0.484233,,,,,,,,,,,,-8.563,-4.75548,1.34709,50,6.33523,-0.46784,-115.30625,-2.90677,-11.1889,27.32202,-38.38783,POM_COL,CLU_KIN,PomonaPitzer,D3,Team,20250427-PomonaPitzer-2,d59359c0-23b2-11f0-8e2e-710d118fca12,77.83948,,,7.68831,,,,,,,d6dd59cf-f9ac-4159-a241-cd4264778e4a,2025-04-27,21:59:03.46,2025-04-27T14:59:03.4617856-07:00,2025-04-27T21:59:03.4617856Z,,v3,POM_PIT,,,"Matsumoto, Noah",1000029302,Right,CLU_KIN,4567b885-b624-4ade-8ad6-276fbbeb3b8a,54.57623,-116.38554,13.66101,6.42011,-1.39034,-19.19392,1.35684,-0.02585,-5.59445,,,,,,,,,,,,,,,,,,,,,,,,,,,,,,,,,,,,,,,,,,,,,,,,,,,High,High,High,,,,,
60,2025-04-27,14:59:20.18,3,6,"Willius, Frank",1000144891,Left,CLU_KIN,"Lee, Sammy",1000276388,Right,POM_COL,Undefined,2,Bottom,2,3,2,Fastball,Four-Seam,StrikeSwinging,Strikeout,Undefined,Undefined,0,0,,88.33997,-3.511219,2.147483,2241.523464,153.026499,11:00,6.46658,-0.93225,6.3365,-10.45938,25.8882,-12.40316,2.35573,0.01234,78.47315,-5.652912,-0.095071,0.43392,,,,,,,,,,,,7.11996,15.04619,0.78076,50,6.20476,-4.26233,-127.71632,-7.9648,11.41448,33.50339,-8.0525,POM_COL,CLU_KIN,PomonaPitzer,D3,Team,20250427-PomonaPitzer-2,df65d8b0-23b2-11f0-8e2e-710d118fca12,86.86503,,,9.86682,,,,,,,d6dd59cf-f9ac-4159-a241-cd4264778e4a,2025-04-27,21:59:20.18,2025-04-27T14:59:20.1896448-07:00,2025-04-27T21:59:20.1896448Z,,v3,POM_PIT,,,"Matsumoto, Noah",1000029302,Right,CLU_KIN,7db3ddfa-d79d-4023-9752-ebaccc0e08f9,54.15587,-128.8019,16.7517,6.45861,-7.70388,-4.02625,0.92486,-4.63218,5.70724,,,,,,,,,,,,,,,,,,,,,,,,,,,,,,,,,,,,,,,,,,,,,,,,,,,High,High,High,,,,,
61,2025-04-27,15:01:23.37,1,1,"Woods, Eamonn",1000115603,Right,POM_COL,"Vega, Carlos",1000297558,Right,CLU_KIN,Undefined,3,Top,0,0,0,Fastball,Four-Seam,FoulBallNotFieldable,Undefined,Undefined,Undefined,0,0,,85.63756,-0.056181,-1.600776,2031.151171,206.120556,12:45,5.53705,0.72706,5.9997,-16.15548,22.56576,10.34276,4.13868,0.10527,76.5471,-3.219978,0.258163,0.447864,,,,,,,,,,,,-5.79477,11.96808,-0.6064,50,5.5237,3.03317,-124.09713,-0.49551,-8.84334,29.78203,-13.90964,POM_COL,CLU_KIN,PomonaPitzer,D3,Team,20250427-PomonaPitzer-2,28d23bb0-23b3-11f0-8e2e-710d118fca12,84.16047,,,9.09046,,,,,,,d6dd59cf-f9ac-4159-a241-cd4264778e4a,2025-04-27,22:01:23.37,2025-04-27T15:01:23.3722368-07:00,2025-04-27T22:01:23.3722368Z,,v3,POM_PIT,,,"Lee, Sammy",1000276388,Right,POM_COL,b22c875e-c41e-4b2f-9f30-84018481d610,54.49407,-125.17101,14.89102,5.53253,0.00605,-6.95482,-0.72153,3.35204,-4.42167,,,,,,,,,,,,,,,,,,,,,,,,,,,,,,,,,,,,,,,,,,,,,,,,,,,High,High,High,,,,,
62,2025-04-27,15:01:45.42,1,2,"Woods, Eamonn",1000115603,Right,POM_COL,"Vega, Carlos",1000297558,Right,CLU_KIN,Undefined,3,Top,0,0,1,Curveball,Curveball,BallCalled,Undefined,Undefined,Undefined,0,0,,72.19244,5.736653,0.769641,2189.156147,15.337062,6:30,5.52585,0.72042,5.69326,-68.6846,-13.29516,-4.2028,5.16689,1.0875,64.73216,-6.862971,0.019884,0.535655,,,,,,,,,,,,2.34185,-7.76315,-0.7826,50,5.96817,-1.2415,-104.22805,8.29312,2.5286,20.53258,-40.55629,POM_COL,CLU_KIN,PomonaPitzer,D3,Team,20250427-PomonaPitzer-2,36001aa0-23b3-11f0-8e2e-710d118fca12,70.36706,,,7.46027,,,,,,,d6dd59cf-f9ac-4159-a241-cd4264778e4a,2025-04-27,22:01:45.42,2025-04-27T15:01:45.4287360-07:00,2025-04-27T22:01:45.4287360Z,,v3,POM_PIT,,,"Lee, Sammy",1000276388,Right,POM_COL,07a67682-bf96-4932-9835-404947def055,54.80655,-105.17066,10.26629,5.54471,10.15498,-20.27814,-0.72294,-1.35758,1.2643,,,,,,,,,,,,,,,,,,,,,,,,,,,,,,,,,,,,,,,,,,,,,,,,,,,High,High,High,,,,,
63,2025-04-27,15:02:10.46,1,3,"Woods, Eamonn",1000115603,Right,POM_COL,"Vega, Carlos",1000297558,Right,CLU_KIN,Undefined,3,Top,0,1,1,Curveball,Curveball,BallCalled,Undefined,Undefined,Undefined,0,0,,76.16307,0.009282,-2.288968,2161.472207,40.118848,7:15,5.13515,1.49804,5.47661,-60.23877,-9.74441,-9.9006,0.12394,-1.47003,68.51803,-10.958185,-4.055849,0.511438,,,,,,,,,,,,4.13233,-4.37229,-1.28999,50,5.09524,4.78584,-110.22266,-1.98373,4.91072,25.79556,-37.3699,POM_COL,CLU_KIN,PomonaPitzer,D3,Team,20250427-PomonaPitzer-2,45037ce0-23b3-11f0-8e2e-710d118fca12,73.69897,,,7.64504,,,,,,,d6dd59cf-f9ac-4159-a241-cd4264778e4a,2025-04-27,22:02:10.46,2025-04-27T15:02:10.4691200-07:00,2025-04-27T22:02:10.4691200Z,,v3,POM_PIT,,,"Lee, Sammy",1000276388,Right,POM_COL,03aed4cf-c7eb-4764-aeb5-f51f8529916f,55.02227,-111.39183,12.89778,5.14677,-0.28997,-18.68495,-1.50186,4.56326,2.45536,,,,,,,,,,,,,,,,,,,,,,,,,,,,,,,,,,,,,,,,,,,,,,,,,,,High,High,High,,,,,
64,2025-04-27,15:02:28.80,1,4,"Woods, Eamonn",1000115603,Right,POM_COL,"Vega, Carlos",1000297558,Right,CLU_KIN,Undefined,3,Top,0,2,1,Fastball,Four-Seam,BallCalled,Undefined,Undefined,Undefined,0,0,,86.21918,-3.067916,-2.360106,2136.316424,182.845911,12:00,5.34866,0.84356,6.18751,-12.29032,25.81769,1.20874,1.48663,-1.23611,77.15098,-5.525966,-2.14234,0.444303,,,,,,,,,,,,-1.43091,14.76343,-0.66607,50,5.11033,5.09086,-124.7302,-6.89873,-2.2033,30.37127,-9.44157,POM_COL,CLU_KIN,PomonaPitzer,D3,Team,20250427-PomonaPitzer-2,4fd08870-23b3-11f0-8e2e-710d118fca12,84.83491,,,9.06821,,,,,,,d6dd59cf-f9ac-4159-a241-cd4264778e4a,2025-04-27,22:02:28.80,2025-04-27T15:02:28.8021504-07:00,2025-04-27T22:02:28.8021504Z,,v3,POM_PIT,,,"Lee, Sammy",1000276388,Right,POM_COL,54a98950-bd05-4e12-ad12-d56b590ca2d9,54.30605,-125.77434,15.18563,5.34193,-6.57414,-4.72078,-0.8424,5.16661,-1.10165,,,,,,,,,,,,,,,,,,,,,,,,,,,,,,,,,,,,,,,,,,,,,,,,,,,High,High,High,,,,,
65,2025-04-27,15:02:45.76,1,5,"Woods, Eamonn",1000115603,Right,POM_COL,"Vega, Carlos",1000297558,Right,CLU_KIN,Undefined,3,Top,0,3,1,Fastball,Four-Seam,BallCalled,Walk,Undefined,Undefined,0,0,,85.56675,-3.333784,-2.978881,2167.962067,223.807417,1:30,5.40782,1.09544,6.14392,-19.66434,19.09288,16.85418,0.68074,-0.2553,76.7677,-7.108383,0.057744,0.448072,,,,,,,,,,,,-9.66327,11.41568,-0.87655,50,5.1432,5.75505,-123.74261,-7.73041,-14.65573,29.72255,-14.86053,POM_COL,CLU_KIN,PomonaPitzer,D3,Team,20250427-PomonaPitzer-2,5a0b3f10-23b3-11f0-8e2e-710d118fca12,84.12139,,,8.79905,,,,,,,d6dd59cf-f9ac-4159-a241-cd4264778e4a,2025-04-27,22:02:45.76,2025-04-27T15:02:45.7677824-07:00,2025-04-27T22:02:45.7677824Z,,v3,POM_PIT,,,"Lee, Sammy",1000276388,Right,POM_COL,8521e864-1f79-4d4e-9b16-8da314924f42,54.35189,-124.78354,14.86128,5.40482,-7.20997,-7.43027,-1.08709,6.26831,-7.32786,,,,,,,,,,,,,,,,,,,,,,,,,,,,,,,,,,,,,,,,,,,,,,,,,,,High,High,High,,,,,
66,2025-04-27,15:03:21.17,2,1,"Woods, Eamonn",1000115603,Right,POM_COL,"Caranto, Kai",1000069292,Right,CLU_KIN,Undefined,3,Top,0,0,0,TwoSeamFastBall,Changeup,StrikeCalled,Undefined,Undefined,Undefined,0,0,,84.4824,-0.38107,-3.228197,2079.740178,229.48067,1:45,5.19978,1.30468,6.10377,-24.39171,14.80402,15.74473,2.81416,-0.37185,76.57936,-4.998166,-0.395963,0.4506,,,,,,,,,,,,-8.98575,8.13697,-1.06381,50,5.15765,6.268,-122.48371,-1.51873,-13.54457,25.9462,-19.90883,POM_COL,CLU_KIN,PomonaPitzer,D3,Team,20250427-PomonaPitzer-2,6f0c98a0-23b3-11f0-8e2e-710d118fca12,83.64951,,,7.90305,,,,,,,d6dd59cf-f9ac-4159-a241-cd4264778e4a,2025-04-27,22:03:21.17,2025-04-27T15:03:21.1716608-07:00,2025-04-27T22:03:21.1716608Z,,v3,POM_PIT,,,"Lee, Sammy",1000276388,Right,POM_COL,93b69f2e-bfd0-4588-9c99-3f65ae5686db,54.39258,-123.4107,12.9731,5.1992,-0.80744,-9.95442,-1.2964,6.75191,-6.77228,,,,,,,,,,,,,,,,,,,,,,,,,,,,,,,,,,,,,,,,,,,,,,,,,,,High,High,High,,,,,
67,2025-04-27,15:03:39.72,2,2,"Woods, Eamonn",1000115603,Right,POM_COL,"Caranto, Kai",1000069292,Right,CLU_KIN,Undefined,3,Top,0,0,1,TwoSeamFastBall,Four-Seam,StrikeCalled,Undefined,Undefined,Undefined,0,0,,85.3685,-1.723567,-3.753698,2195.075315,226.761694,1:30,5.36535,0.95297,5.98944,-20.67655,18.56324,18.07725,2.041,-1.02448,76.20431,-5.695667,-0.510924,0.450853,,,,,,,,,,,,-10.45678,10.53056,-0.66582,50,5.21782,7.33325,-123.42223,-4.27963,-15.74362,30.04389,-16.31937,POM_COL,CLU_KIN,PomonaPitzer,D3,Team,20250427-PomonaPitzer-2,7a1a7dc0-23b3-11f0-8e2e-710d118fca12,83.60254,,,9.16419,,,,,,,d6dd59cf-f9ac-4159-a241-cd4264778e4a,2025-04-27,22:03:39.72,2025-04-27T15:03:39.7201920-07:00,2025-04-27T22:03:39.7201920Z,,v3,POM_PIT,,,"Lee, Sammy",1000276388,Right,POM_COL,6fde81a8-09be-4e61-8788-a7d925bbcab8,54.50467,-124.51394,15.02195,5.36256,-3.68662,-8.15969,-0.94268,7.90533,-7.87181,,,,,,,,,,,,,,,,,,,,,,,,,,,,,,,,,,,,,,,,,,,,,,,,,,,High,High,High,,,,,
68,2025-04-27,15:04:03.14,2,3,"Woods, Eamonn",1000115603,Right,POM_COL,"Caranto, Kai",1000069292,Right,CLU_KIN,Undefined,3,Top,0,0,2,Fastball,Four-Seam,InPlay,Undefined,GroundBall,Out,2,0,,85.54123,-1.485996,-1.291649,2203.717734,213.065932,1:00,5.55156,0.81772,6.01165,-17.21442,21.62076,13.09737,2.73973,0.71238,76.54414,-4.832818,1.064068,0.448522,78.23487,-12.230181,-43.700554,,,,,13.39248,11.54872,-43.401347,0.110626,-7.14233,12.02745,-0.72329,50,5.42563,2.25556,-123.95417,-3.64005,-10.85823,30.05583,-13.88912,POM_COL,CLU_KIN,PomonaPitzer,D3,Team,20250427-PomonaPitzer-2,882a5840-23b3-11f0-8e2e-710d118fca12,84.03695,2.69679,,8.99709,,,,0.73578,2.69679,-0.6064,d6dd59cf-f9ac-4159-a241-cd4264778e4a,2025-04-27,22:04:03.14,2025-04-27T15:04:03.1486976-07:00,2025-04-27T22:04:03.1486976Z,GroundBall,v3,POM_PIT,,,"Lee, Sammy",1000276388,Right,POM_COL,c0aad616-6ef4-4bd4-97ba-e4732b405869,54.48368,-125.03663,15.02791,5.54772,-3.13984,-6.94456,-0.81157,2.64662,-5.42912,180,0.73161,81.30686,,,,,,,,2.69804,-24.37755,,,,,,,,-0.60242,-77.70003,,,,,,,,,,,,,,,,,,,,,,,,,,,,,,High,High,High,Low,Low,,,
69,2025-04-27,15:04:49.74,3,1,"Woods, Eamonn",1000115603,Right,POM_COL,"Garcia, Alec",1000242068,Right,CLU_KIN,Undefined,3,Top,2,0,0,Curveball,Curveball,StrikeCalled,Undefined,Undefined,Undefined,0,0,,74.98964,3.733655,-0.598865,2339.874738,50.972041,7:45,5.12487,1.59454,5.42696,-60.77165,-8.89926,-13.39808,3.56269,-0.08289,67.20701,-7.394139,-2.980918,0.51837,,,,,,,,,,,,6.38713,-4.96284,-1.5324,50,5.41561,1.67283,-108.43185,5.02286,7.42297,23.17344,-37.94174,POM_COL,CLU_KIN,PomonaPitzer,D3,Team,20250427-PomonaPitzer-2,a3deef60-23b3-11f0-8e2e-710d118fca12,72.71344,,,7.78264,,,,,,,d6dd59cf-f9ac-4159-a241-cd4264778e4a,2025-04-27,22:04:49.74,2025-04-27T15:04:49.7409536-07:00,2025-04-27T22:04:49.7409536Z,,v3,POM_PIT,,,"Lee, Sammy",1000276388,Right,POM_COL,39a5c34a-e38d-4b0d-9591-f33809d3fe5f,55.07036,-109.51009,11.58672,5.14082,6.78827,-18.97087,-1.6022,1.32744,3.71148,,,,,,,,,,,,,,,,,,,,,,,,,,,,,,,,,,,,,,,,,,,,,,,,,,,High,High,High,,,,,
70,2025-04-27,15:05:07.38,3,2,"Woods, Eamonn",1000115603,Right,POM_COL,"Garcia, Alec",1000242068,Right,CLU_KIN,Undefined,3,Top,2,0,1,Curveball,Curveball,BallCalled,Undefined,Undefined,Undefined,0,0,,77.0007,-0.178915,-2.165877,2233.857683,47.00967,7:30,5.11802,1.44541,5.30845,-57.04881,-7.82189,-10.33816,0.19589,-1.45013,69.8515,-10.519953,-4.00479,0.504978,,,,,,,,,,,,4.45036,-3.38559,-1.24094,50,5.06033,4.62139,-111.52211,-2.29674,5.47189,24.48825,-36.33673,POM_COL,CLU_KIN,PomonaPitzer,D3,Team,20250427-PomonaPitzer-2,ae770840-23b3-11f0-8e2e-710d118fca12,74.6417,,,7.1492,,,,,,,d6dd59cf-f9ac-4159-a241-cd4264778e4a,2025-04-27,22:05:07.38,2025-04-27T15:05:07.3865216-07:00,2025-04-27T22:05:07.3865216Z,,v3,POM_PIT,,,"Lee, Sammy",1000276388,Right,POM_COL,4dfceb59-f37c-4636-983a-afaffe63fdbf,55.19158,-112.65632,12.24413,5.12774,-0.61375,-18.16837,-1.44911,4.36796,2.73594,,,,,,,,,,,,,,,,,,,,,,,,,,,,,,,,,,,,,,,,,,,,,,,,,,,High,High,High,,,,,
71,2025-04-27,15:05:27.25,3,3,"Woods, Eamonn",1000115603,Right,POM_COL,"Garcia, Alec",1000242068,Right,CLU_KIN,Undefined,3,Top,2,1,1,Curveball,Curveball,StrikeCalled,Undefined,Undefined,Undefined,0,0,,72.23034,3.106307,-0.929513,2341.948563,17.784759,6:30,5.45739,1.09176,5.52745,-73.70575,-17.78473,-6.40744,2.22242,-0.31123,64.84205,-10.347893,-2.07383,0.538219,,,,,,,,,,,,2.8452,-9.26465,-1.00674,50,5.67969,1.93823,-104.53817,3.27893,3.05101,22.70307,-42.10888,POM_COL,CLU_KIN,PomonaPitzer,D3,Team,20250427-PomonaPitzer-2,ba3db610-23b3-11f0-8e2e-710d118fca12,70.0318,,,7.38829,,,,,,,d6dd59cf-f9ac-4159-a241-cd4264778e4a,2025-04-27,22:05:27.25,2025-04-27T15:05:27.2551936-07:00,2025-04-27T22:05:27.2551936Z,,v3,POM_PIT,,,"Lee, Sammy",1000276388,Right,POM_COL,08515ba9-9e03-40ca-bf11-392f8d2c6613,54.9733,-105.61272,11.35153,5.47733,5.27198,-21.05444,-1.09506,1.79382,1.52551,,,,,,,,,,,,,,,,,,,,,,,,,,,,,,,,,,,,,,,,,,,,,,,,,,,High,High,High,,,,,
72,2025-04-27,15:05:51.47,3,4,"Woods, Eamonn",1000115603,Right,POM_COL,"Garcia, Alec",1000242068,Right,CLU_KIN,Undefined,3,Top,2,1,2,TwoSeamFastBall,Sinker,InPlay,Undefined,GroundBall,Out,1,0,,85.43935,-0.889097,-2.274845,2084.007246,231.670807,1:45,5.1408,1.34622,6.1356,-22.33718,16.1143,18.62568,2.45692,0.79476,77.06423,-5.146149,1.082074,0.446301,96.39332,-28.413783,-60.759106,,,,,6.11269,2.89472,-50.307131,0.036187,-10.35056,9.00934,-1.182,50,5.06142,4.18402,-123.93396,-2.55258,-15.85348,28.2853,-18.37483,POM_COL,CLU_KIN,PomonaPitzer,D3,Team,20250427-PomonaPitzer-2,c8ba3510-23b3-11f0-8e2e-710d118fca12,84.45518,2.43879,,8.37512,,,,1.70199,2.43879,-0.77014,d6dd59cf-f9ac-4159-a241-cd4264778e4a,2025-04-27,22:05:51.47,2025-04-27T15:05:51.4782720-07:00,2025-04-27T22:05:51.4782720Z,GroundBall,v3,POM_PIT,,,"Lee, Sammy",1000276388,Right,POM_COL,6c4c3678-c1cd-4a79-8701-9469760160a4,54.36263,-124.92566,14.14265,5.13963,-1.90834,-9.18741,-1.33844,4.73986,-7.92674,,1.70135,60.85173,,,,,,,,2.43951,-67.39509,,,,,,,,-0.76899,-108.6991,,,,,,,,,,,,,,,,,,,,,,,,,,,,,,High,High,High,Low,Low,,,
73,2025-04-27,15:10:42.56,1,1,"Willius, Frank",1000144891,Left,CLU_KIN,"DeGrazia, Tanner",1000214434,Right,POM_COL,Undefined,3,Bottom,0,0,0,Fastball,Sinker,BallCalled,Undefined,Undefined,Undefined,0,0,,85.95284,-0.995198,1.249566,1975.762201,138.958844,10:45,6.6266,-1.14059,6.11861,-20.82418,17.77946,-14.10245,3.97085,-1.16034,76.34356,-5.014831,-1.292584,0.447183,,,,,,,,,,,,7.59776,9.93312,1.05129,50,6.53955,-2.11354,-124.45635,-2.71304,11.55564,32.02786,-17.06655,POM_COL,CLU_KIN,PomonaPitzer,D3,Team,20250427-PomonaPitzer-2,7621d6e0-23b4-11f0-8e2e-710d118fca12,84.28859,,,9.60928,,,,,,,d6dd59cf-f9ac-4159-a241-cd4264778e4a,2025-04-27,22:10:42.56,2025-04-27T15:10:42.5607680-07:00,2025-04-27T22:10:42.5607680Z,,v3,POM_PIT,,,"Matsumoto, Noah",1000029302,Right,CLU_KIN,b901203c-9046-4d5a-91fb-116ea50c706f,54.37287,-125.57663,16.01393,6.62401,-2.11609,-8.53327,1.13229,-2.51774,5.77782,,,,,,,,,,,,,,,,,,,,,,,,,,,,,,,,,,,,,,,,,,,,,,,,,,,High,High,High,,,,,
74,2025-04-27,15:10:53.68,1,2,"Willius, Frank",1000144891,Left,CLU_KIN,"DeGrazia, Tanner",1000214434,Right,POM_COL,Undefined,3,Bottom,0,1,0,Fastball,Four-Seam,BallCalled,Undefined,Undefined,Undefined,0,0,,86.43659,-3.853582,3.053442,2269.105365,155.59739,11:15,6.51154,-1.10716,6.4639,-12.57221,25.42726,-10.79221,1.91392,0.80077,76.5627,-6.396872,1.099556,0.44367,,,,,,,,,,,,6.68615,15.07619,0.89531,50,6.2324,-6.21473,-124.80323,-8.59894,10.19656,32.85409,-9.18241,POM_COL,CLU_KIN,PomonaPitzer,D3,Team,20250427-PomonaPitzer-2,7cdba420-23b4-11f0-8e2e-710d118fca12,84.95599,,,9.87389,,,,,,,d6dd59cf-f9ac-4159-a241-cd4264778e4a,2025-04-27,22:10:53.68,2025-04-27T15:10:53.6800768-07:00,2025-04-27T22:10:53.6800768Z,,v3,POM_PIT,,,"Matsumoto, Noah",1000029302,Right,CLU_KIN,663a5928-26d0-43ca-b40d-b33330f4c91c,54.02755,-125.859,16.42704,6.50398,-8.30386,-4.59121,1.10029,-6.5424,5.09828,,,,,,,,,,,,,,,,,,,,,,,,,,,,,,,,,,,,,,,,,,,,,,,,,,,High,High,High,,,,,
75,2025-04-27,15:11:05.24,1,3,"Willius, Frank",1000144891,Left,CLU_KIN,"DeGrazia, Tanner",1000214434,Right,POM_COL,Undefined,3,Bottom,0,2,0,Fastball,Four-Seam,BallCalled,Undefined,Undefined,Undefined,0,0,,86.71365,-0.969682,1.197348,2268.32528,162.240819,11:30,6.59433,-1.23488,6.42479,-12.43308,24.79234,-7.4778,4.66664,-0.75728,77.40114,-3.476101,-0.157767,0.439128,,,,,,,,,,,,4.23878,13.55757,1.15222,50,6.5186,-2.31774,-125.70743,-2.31527,6.62452,31.0224,-10.98583,POM_COL,CLU_KIN,PomonaPitzer,D3,Team,20250427-PomonaPitzer-2,83a6d680-23b4-11f0-8e2e-710d118fca12,85.83477,,,9.31251,,,,,,,d6dd59cf-f9ac-4159-a241-cd4264778e4a,2025-04-27,22:11:05.24,2025-04-27T15:11:05.2402176-07:00,2025-04-27T22:11:05.2402176Z,,v3,POM_PIT,,,"Matsumoto, Noah",1000029302,Right,CLU_KIN,57847ce3-0a9b-464c-aa0c-1f26697afeb4,54.06708,-126.70714,15.5112,6.5875,-1.96125,-5.49292,1.23035,-2.53121,3.31226,,,,,,,,,,,,,,,,,,,,,,,,,,,,,,,,,,,,,,,,,,,,,,,,,,,High,High,High,,,,,
76,2025-04-27,15:11:18.16,1,4,"Willius, Frank",1000144891,Left,CLU_KIN,"DeGrazia, Tanner",1000214434,Right,POM_COL,Undefined,3,Bottom,0,3,0,Fastball,Four-Seam,StrikeCalled,Undefined,Undefined,Undefined,0,0,,84.14888,-3.002963,2.349467,2171.238162,165.368842,11:30,6.57728,-0.95405,6.27776,-14.37674,25.4034,-6.22768,2.60634,0.69384,75.46769,-5.847525,1.225101,0.453946,,,,,,,,,,,,3.96776,14.53686,0.78307,50,6.34757,-4.7443,-121.77047,-6.65511,5.83799,28.38785,-10.78524,POM_COL,CLU_KIN,PomonaPitzer,D3,Team,20250427-PomonaPitzer-2,8b5f7620-23b4-11f0-8e2e-710d118fca12,83.03279,,,8.68119,,,,,,,d6dd59cf-f9ac-4159-a241-cd4264778e4a,2025-04-27,22:11:18.16,2025-04-27T15:11:18.1692928-07:00,2025-04-27T22:11:18.1692928Z,,v3,POM_PIT,,,"Matsumoto, Noah",1000029302,Right,CLU_KIN,e6803ac4-6b43-4cf1-bb52-4a95a1ccb853,54.21486,-122.74913,14.19392,6.57059,-6.28329,-5.39262,0.9501,-4.94556,2.919,,,,,,,,,,,,,,,,,,,,,,,,,,,,,,,,,,,,,,,,,,,,,,,,,,,High,High,High,,,,,
77,2025-04-27,15:11:30.19,1,5,"Willius, Frank",1000144891,Left,CLU_KIN,"DeGrazia, Tanner",1000214434,Right,POM_COL,Undefined,3,Bottom,0,3,1,Fastball,Four-Seam,BallCalled,Walk,Undefined,Undefined,0,0,,85.83388,-2.852773,3.053244,2140.506073,163.146774,11:30,6.57246,-0.96578,6.51212,-12.75253,25.29564,-7.20296,2.88596,1.2385,76.66388,-5.416534,1.748357,0.443954,,,,,,,,,,,,4.89878,14.75804,0.75574,50,6.36755,-6.36102,-124.2589,-6.42741,7.45725,31.01488,-9.7083,POM_COL,CLU_KIN,PomonaPitzer,D3,Team,20250427-PomonaPitzer-2,92963b90-23b4-11f0-8e2e-710d118fca12,84.90161,,,9.17,,,,,,,d6dd59cf-f9ac-4159-a241-cd4264778e4a,2025-04-27,22:11:30.19,2025-04-27T15:11:30.1996544-07:00,2025-04-27T22:11:30.1996544Z,,v3,POM_PIT,,,"Matsumoto, Noah",1000029302,Right,CLU_KIN,a36281e5-ca2f-4e7c-9249-9efb92dcc3df,53.98581,-125.2498,15.50744,6.56795,-6.11724,-4.85415,0.96278,-6.59927,3.72863,,,,,,,,,,,,,,,,,,,,,,,,,,,,,,,,,,,,,,,,,,,,,,,,,,,High,High,High,,,,,
78,2025-04-27,15:11:56.56,2,1,"Willius, Frank",1000144891,Left,CLU_KIN,"Legg, Jimmy",1000115608,Right,POM_COL,Undefined,3,Bottom,0,0,0,Fastball,Four-Seam,StrikeCalled,Undefined,Undefined,Undefined,0,0,,86.79603,-2.963671,2.599585,2050.171105,152.228315,11:00,6.59774,-0.96829,6.24725,-14.5945,23.00556,-11.31938,2.6429,0.48765,77.48589,-5.843753,0.556918,0.441332,,,,,,,,,,,,6.68197,13.30583,0.77968,50,6.36933,-5.22542,-125.5394,-6.80183,10.40101,31.24767,-11.46248,POM_COL,CLU_KIN,PomonaPitzer,D3,Team,20250427-PomonaPitzer-2,a23b8320-23b4-11f0-8e2e-710d118fca12,85.40606,,,9.31014,,,,,,,d6dd59cf-f9ac-4159-a241-cd4264778e4a,2025-04-27,22:11:56.56,2025-04-27T15:11:56.5631488-07:00,2025-04-27T22:11:56.5631488Z,,v3,POM_PIT,,,"Matsumoto, Noah",1000029302,Right,CLU_KIN,7466ee4a-932a-41d5-94ee-d7e9f69fd18c,54.24555,-126.59173,15.62384,6.5919,-6.41581,-5.73124,0.96155,-5.5757,5.2005,,,,,,,,,,,,,,,,,,,,,,,,,,,,,,,,,,,,,,,,,,,,,,,,,,,High,High,High,,,,,
79,2025-04-27,15:12:19.24,2,2,"Willius, Frank",1000144891,Left,CLU_KIN,"Legg, Jimmy",1000115608,Right,POM_COL,Undefined,3,Bottom,0,0,1,Fastball,Four-Seam,StrikeSwinging,Undefined,Undefined,Undefined,0,0,,87.656,-1.888834,2.373091,2282.496319,147.530762,11:00,6.57807,-1.00956,6.36492,-14.02509,22.61108,-13.46016,3.66902,0.05382,78.16043,-4.675194,-0.061933,0.435639,,,,,,,,,,,,7.69815,12.74024,0.84294,50,6.4341,-4.69144,-126.9262,-4.4551,12.24637,31.99183,-11.90665,POM_COL,CLU_KIN,PomonaPitzer,D3,Team,20250427-PomonaPitzer-2,afbcb230-23b4-11f0-8e2e-710d118fca12,86.52226,,,9.49557,,,,,,,d6dd59cf-f9ac-4159-a241-cd4264778e4a,2025-04-27,22:12:19.24,2025-04-27T15:12:19.2422400-07:00,2025-04-27T22:12:19.2422400Z,,v3,POM_PIT,,,"Matsumoto, Noah",1000029302,Right,CLU_KIN,b808df46-e7dc-47b7-a0ac-9aa591e12b92,54.12737,-127.96228,15.99592,6.57214,-4.06949,-5.95332,1.00129,-5.08805,6.12319,,,,,,,,,,,,,,,,,,,,,,,,,,,,,,,,,,,,,,,,,,,,,,,,,,,High,High,High,,,,,
80,2025-04-27,15:12:36.33,2,3,"Willius, Frank",1000144891,Left,CLU_KIN,"Legg, Jimmy",1000115608,Right,POM_COL,Undefined,3,Bottom,0,0,2,Fastball,Four-Seam,BallCalled,Undefined,Undefined,Undefined,0,0,,87.66862,-3.443224,2.711742,2109.512978,149.815152,11:00,6.14252,-1.67143,6.5148,-14.36954,22.18568,-12.04095,1.77813,-0.18463,78.21478,-6.28884,0.527904,0.435157,,,,,,,,,,,,7.18445,13.19552,1.48661,50,5.89522,-5.51712,-126.79707,-7.91471,11.38742,32.30733,-11.259,POM_COL,CLU_KIN,PomonaPitzer,D3,Team,20250427-PomonaPitzer-2,ba02b370-23b4-11f0-8e2e-710d118fca12,86.61798,,,9.45384,,,,,,,d6dd59cf-f9ac-4159-a241-cd4264778e4a,2025-04-27,22:12:36.33,2025-04-27T15:12:36.3370000-07:00,2025-04-27T22:12:36.3370000Z,,v3,POM_PIT,,,"Matsumoto, Noah",1000029302,Right,CLU_KIN,a7f95c56-1e8a-43f6-800a-f026403819c6,53.97883,-127.80684,16.15367,6.13709,-7.56282,-5.6295,1.66461,-5.87304,5.69371,,,,,,,,,,,,,,,,,,,,,,,,,,,,,73.85774,2.20719,0.813978,1.393213,-0.55707,1.55823,0.16785,-2.55111,6.00517,1.68072,127.27742,-0.2165,-3.77403,-2.38693,105.45776,-8.99428,6.04012,12.3601,-12.12117,1.59214,-8.81626,3.61724,High,High,High,,,High,High,Medium
81,2025-04-27,15:13:02.95,2,4,"Willius, Frank",1000144891,Left,CLU_KIN,"Legg, Jimmy",1000115608,Right,POM_COL,Undefined,3,Bottom,0,1,2,Slider,Slider,HitByPitch,Undefined,Undefined,Undefined,0,0,,79.64915,-0.459713,2.887085,2600.528507,273.047656,3:00,6.22922,-1.55848,6.13379,-43.77498,1.06929,12.22489,2.15586,2.13097,71.67896,-8.581965,5.088281,0.481975,,,,,,,,,,,,-5.37268,1.08032,1.3313,50,6.17136,-6.25274,-115.40139,-2.23314,-7.02785,27.47613,-30.76093,POM_COL,CLU_KIN,PomonaPitzer,D3,Team,20250427-PomonaPitzer-2,c9cf5920-23b4-11f0-8e2e-710d118fca12,78.20406,,,7.97019,,,,,,,d6dd59cf-f9ac-4159-a241-cd4264778e4a,2025-04-27,22:13:02.95,2025-04-27T15:13:02.9542400-07:00,2025-04-27T22:13:02.9542400Z,,v3,POM_PIT,,,"Matsumoto, Noah",1000029302,Right,CLU_KIN,4704ca78-7604-4925-b5d6-606f6ada5d01,54.36613,-116.43629,13.73806,6.23365,-1.07452,-15.38047,1.56182,-5.98803,-3.51393,,,,,,,,,,,,,,,,,,,,,,,,,,,,,,,,,,,,,,,,,,,,,,,,,,,High,High,High,,,,,
82,2025-04-27,15:16:24.99,3,1,"Lopez, Oscar",1000297578,Left,CLU_KIN,"Wakil, Lateef",1000128267,Left,POM_COL,Undefined,3,Bottom,0,0,0,ChangeUp,Slider,BallCalled,Undefined,Undefined,Undefined,0,0,,79.9719,-0.539969,3.428458,2079.887356,177.227857,12:00,6.1965,-1.66736,7.11142,-25.43501,16.50186,-0.73276,3.58615,1.38562,72.97818,-5.428432,3.294294,0.46609,,,,,,,,,,,,1.39087,9.41567,1.46406,50,6.15603,-6.93321,-116.1274,-1.64569,1.8902,22.71832,-19.37798,POM_COL,CLU_KIN,PomonaPitzer,D3,Team,20250427-PomonaPitzer-2,424387a0-23b5-11f0-8e2e-710d118fca12,80.86948,,,6.99372,,,,,,,d6dd59cf-f9ac-4159-a241-cd4264778e4a,2025-04-27,22:16:24.99,2025-04-27T15:16:24.9939968-07:00,2025-04-27T22:16:24.9939968Z,,v3,POM_PIT,,,"Matsumoto, Noah",1000029302,Right,CLU_KIN,1e56d76f-38ac-453b-83df-1f6175d57055,53.38505,-116.78775,11.35916,6.19568,-1.08244,-9.68899,1.66639,-6.98815,0.9451,,,,,,,,,,,,,,,,,,,,,,,,,,,,,,,,,,,,,,,,,,,,,,,,,,,High,High,High,,,,,
83,2025-04-27,15:16:46.16,3,2,"Lopez, Oscar",1000297578,Left,CLU_KIN,"Wakil, Lateef",1000128267,Left,POM_COL,Undefined,3,Bottom,0,1,0,ChangeUp,Changeup,InPlay,Undefined,Bunt,FieldersChoice,1,0,,77.74918,-0.770553,1.157862,1976.552802,177.642042,12:00,6.0553,-1.75189,7.29928,-28.83754,15.23044,-0.56591,2.95546,-0.75228,70.82221,-6.322351,1.053513,0.477786,31.82764,-58.721713,-43.16174,,,,,4.56393,4.56381,-6.570427,0.077063,0.66346,8.91441,1.68718,50,6.00382,-2.26965,-113.116,-2.11838,0.85089,22.59133,-20.74147,POM_COL,CLU_KIN,PomonaPitzer,D3,Team,20250427-PomonaPitzer-2,4ef72d80-23b5-11f0-8e2e-710d118fca12,78.88987,3.14336,,6.92697,,,,3.14106,3.14336,0.78405,d6dd59cf-f9ac-4159-a241-cd4264778e4a,2025-04-27,22:16:46.16,2025-04-27T15:16:46.1613568-07:00,2025-04-27T22:16:46.1613568Z,GroundBall,v3,POM_PIT,,,"Matsumoto, Noah",1000029302,Right,CLU_KIN,fe0c7a47-4f19-41b0-b966-0bb82992474d,53.19956,-113.75322,11.29566,6.05532,-1.53334,-10.37073,1.75153,-2.29365,0.42544,,3.13614,18.0748,,,,,,,,3.15445,-40.78993,,,,,,,,0.78865,-16.95067,,,,,,,,,,,,,,,,,,,,,,,,,,,,,,High,High,High,Estimated,Estimated,,,
84,2025-04-27,15:17:24.90,4,1,"Lopez, Oscar",1000297578,Left,CLU_KIN,"Ng, JC",1000115591,Left,POM_COL,Undefined,3,Bottom,1,0,0,Slider,Curveball,StrikeCalled,Undefined,Undefined,Undefined,0,0,,74.08916,1.002506,0.692889,2120.029775,282.586117,3:30,6.22567,-1.94675,6.81137,-50.01353,-0.51886,9.68678,2.97277,-0.50726,67.70766,-8.37477,2.464092,0.50635,,,,,,,,,,,,-4.8702,0.00697,1.89931,50,6.27319,-1.61249,-107.72577,0.60232,-5.66325,20.53794,-32.16594,POM_COL,CLU_KIN,PomonaPitzer,D3,Team,20250427-PomonaPitzer-2,65f875c0-23b5-11f0-8e2e-710d118fca12,74.43955,,,6.3815,,,,,,,d6dd59cf-f9ac-4159-a241-cd4264778e4a,2025-04-27,22:17:24.90,2025-04-27T15:17:24.9022464-07:00,2025-04-27T22:17:24.9022464Z,,v3,POM_PIT,,,"Matsumoto, Noah",1000029302,Right,CLU_KIN,0fc50e2c-e7b9-43d5-9d89-026e50625066,53.6873,-108.42647,10.26897,6.23392,1.69975,-16.08297,1.95103,-1.41927,-2.83163,,,,,,,,,,,,,,,,,,,,,,,,,,,,,,,,,,,,,,,,,,,,,,,,,,,High,High,High,,,,,
85,2025-04-27,15:17:43.04,4,2,"Lopez, Oscar",1000297578,Left,CLU_KIN,"Ng, JC",1000115591,Left,POM_COL,Undefined,3,Bottom,1,0,1,Slider,Curveball,BallCalled,Undefined,Undefined,Undefined,0,0,,74.80102,-1.614297,1.039662,2243.177072,263.288926,2:45,6.10948,-1.68477,6.8441,-45.31432,3.32543,14.24615,0.86062,0.45055,68.59069,-10.080135,3.64911,0.501958,,,,,,,,,,,,-7.25548,2.76902,1.61381,50,5.99024,-2.40996,-108.72798,-4.19027,-8.56745,21.47932,-28.90433,POM_COL,CLU_KIN,PomonaPitzer,D3,Team,20250427-PomonaPitzer-2,70dade10-23b5-11f0-8e2e-710d118fca12,75.09089,,,6.21032,,,,,,,d6dd59cf-f9ac-4159-a241-cd4264778e4a,2025-04-27,22:17:43.04,2025-04-27T15:17:43.0444032-07:00,2025-04-27T22:17:43.0444032Z,,v3,POM_PIT,,,"Matsumoto, Noah",1000029302,Right,CLU_KIN,bcea1ff3-fd7a-42ec-9ea3-cf82c2dda1eb,53.65576,-109.4478,10.73966,6.11443,-3.22162,-14.45217,1.68976,-2.12285,-4.28372,,,,,,,,,,,,,,,,,,,,,,,,,,,,,,,,,,,,,,,,,,,,,,,,,,,High,High,High,,,,,
86,2025-04-27,15:18:02.07,4,3,"Lopez, Oscar",1000297578,Left,CLU_KIN,"Ng, JC",1000115591,Left,POM_COL,Undefined,3,Bottom,1,1,1,Fastball,Four-Seam,BallCalled,Undefined,Undefined,Undefined,0,0,,87.62342,-0.227485,1.293581,2256.159933,174.228425,11:45,6.30402,-1.57428,7.12134,-17.35875,17.05871,-1.62386,4.65107,-0.53608,80.64721,-3.587994,0.995377,0.422241,,,,,,,,,,,,1.19571,9.50339,1.49816,50,6.28432,-2.82329,-127.57328,-0.88046,1.98497,24.44728,-16.39783,POM_COL,CLU_KIN,PomonaPitzer,D3,Team,20250427-PomonaPitzer-2,7c15c6a0-23b5-11f0-8e2e-710d118fca12,89.26752,,,6.97621,,,,,,,d6dd59cf-f9ac-4159-a241-cd4264778e4a,2025-04-27,22:18:02.07,2025-04-27T15:18:02.0736000-07:00,2025-04-27T22:18:02.0736000Z,,v3,POM_PIT,,,"Matsumoto, Noah",1000029302,Right,CLU_KIN,b9117d02-e854-4011-88b5-3873382b1aaa,53.3768,-128.21876,12.22364,6.30185,-0.44751,-8.19891,1.57339,-2.8757,0.99248,,,,,,,,,,,,,,,,,,,,,,,,,,,,,,,,,,,,,,,,,,,,,,,,,,,High,High,High,,,,,
87,2025-04-27,15:18:18.36,4,4,"Lopez, Oscar",1000297578,Left,CLU_KIN,"Ng, JC",1000115591,Left,POM_COL,Undefined,3,Bottom,1,2,1,Fastball,Four-Seam,InPlay,Undefined,Popup,Out,1,0,,84.14909,-1.535125,2.445465,2152.282019,171.938138,11:45,6.20611,-1.73219,7.30724,-19.00233,18.38466,-2.43681,3.23355,0.27628,77.04946,-5.228169,1.99679,0.44008,,,,,,,,,,,,2.00445,10.73233,1.59599,50,6.11426,-5.14817,-122.37538,-3.65806,3.03591,24.42685,-15.91905,POM_COL,CLU_KIN,PomonaPitzer,D3,Team,20250427-PomonaPitzer-2,85e5d490-23b5-11f0-8e2e-710d118fca12,85.64908,,,7.09964,,,,,,,d6dd59cf-f9ac-4159-a241-cd4264778e4a,2025-04-27,22:18:18.36,2025-04-27T15:18:18.3697920-07:00,2025-04-27T22:18:18.3697920Z,,v3,POM_PIT,,,"Matsumoto, Noah",1000029302,Right,CLU_KIN,28612add-1754-49b5-967f-ae09a10124c6,53.19159,-123.01079,12.21343,6.20403,-3.24397,-7.95952,1.73094,-5.22715,1.51796,,,,,,,,,,,,,,,,,,,,,,,,,,,,,,,,,,,,,,,,,,,,,,,,,,,High,High,High,,,,,
88,2025-04-27,15:18:55.80,5,1,"Lopez, Oscar",1000297578,Left,CLU_KIN,"Gold, Jack",1000108729,Left,POM_COL,Undefined,3,Bottom,2,0,0,Slider,Curveball,StrikeCalled,Undefined,Undefined,Undefined,0,0,,74.97016,1.023751,0.009839,2136.683692,249.475711,2:15,6.14356,-1.70084,6.63304,-43.00219,5.88603,11.16461,3.49744,-0.76145,68.01025,-7.075325,2.043243,0.503238,,,,,,,,,,,,-5.80937,3.33709,1.6965,50,6.19607,-0.39255,-108.90232,0.83212,-6.8766,21.68245,-28.22393,POM_COL,CLU_KIN,PomonaPitzer,D3,Team,20250427-PomonaPitzer-2,9c26b300-23b5-11f0-8e2e-710d118fca12,74.8998,,,6.95991,,,,,,,d6dd59cf-f9ac-4159-a241-cd4264778e4a,2025-04-27,22:18:55.80,2025-04-27T15:18:55.8043648-07:00,2025-04-27T22:18:55.8043648Z,,v3,POM_PIT,,,"Matsumoto, Noah",1000029302,Right,CLU_KIN,2bf79a0b-c703-430d-aa94-700c5696513c,53.86344,-109.66884,10.84123,6.14902,1.82988,-14.11196,1.70608,-0.14945,-3.4383,,,,,,,,,,,,,,,,,,,,,,,,,,,,,,,,,,,,,,,,,,,,,,,,,,,High,High,High,,,,,
89,2025-04-27,15:19:15.85,5,2,"Lopez, Oscar",1000297578,Left,CLU_KIN,"Gold, Jack",1000108729,Left,POM_COL,Undefined,3,Bottom,2,0,1,Slider,Curveball,HitByPitch,Undefined,Undefined,Undefined,0,0,,74.20865,1.570902,-0.885932,2072.908938,271.489182,3:00,6.11366,-1.63614,6.69081,-48.13936,1.35213,10.6443,3.53925,-1.55941,67.74174,-7.45742,1.05501,0.506333,,,,,,,,,,,,-5.90941,0.68819,1.69126,50,6.19956,1.33682,-107.88843,1.72865,-6.90367,20.31862,-31.37009,POM_COL,CLU_KIN,PomonaPitzer,D3,Team,20250427-PomonaPitzer-2,a830d270-23b5-11f0-8e2e-710d118fca12,74.44194,,,6.46692,,,,,,,d6dd59cf-f9ac-4159-a241-cd4264778e4a,2025-04-27,22:19:15.85,2025-04-27T15:19:15.8529024-07:00,2025-04-27T22:19:15.8529024Z,,v3,POM_PIT,,,"Matsumoto, Noah",1000029302,Right,CLU_KIN,31bf1d3c-f7fc-49e5-94b9-1c309a49c407,53.80978,-108.60356,10.15931,6.11929,2.83273,-15.68504,1.63993,1.5798,-3.45183,,,,,,,,,,,,,,,,,,,,,,,,,,,,,,,,,,,,,,,,,,,,,,,,,,,High,High,High,,,,,
90,2025-04-27,15:19:45.64,6,1,"Lopez, Oscar",1000297578,Left,CLU_KIN,"Pierantoni, Greg",1000091552,Right,POM_COL,Undefined,3,Bottom,2,0,0,Fastball,Four-Seam,InPlay,Undefined,GroundBall,FieldersChoice,1,0,,86.31541,-1.86169,1.831569,2185.018676,172.158164,11:45,6.1326,-1.83047,7.31746,-20.56434,14.97985,-1.90725,2.7352,-0.33382,79.01371,-5.831224,1.479961,0.429097,83.96089,-16.242458,-14.715834,,,,,9.59021,9.44933,-12.129265,0.077256,1.55402,8.98241,1.72884,50,6.02271,-3.95235,-125.55202,-4.53011,2.47399,26.04412,-17.87406,POM_COL,CLU_KIN,PomonaPitzer,D3,Team,20250427-PomonaPitzer-2,b9ee72b0-23b5-11f0-8e2e-710d118fca12,87.84124,2.66772,,7.3017,,,,0.51949,2.66772,0.31103,d6dd59cf-f9ac-4159-a241-cd4264778e4a,2025-04-27,22:19:45.64,2025-04-27T15:19:45.6470016-07:00,2025-04-27T22:19:45.6470016Z,GroundBall,v3,POM_PIT,,,"Matsumoto, Noah",1000029302,Right,CLU_KIN,e37e979b-d1a1-4b78-a27c-f101ec0007d0,53.18153,-126.21026,13.02206,6.1315,-4.07836,-8.93703,1.82952,-4.01488,1.23699,180,0.51587,114.64018,,,,,,,,2.66881,-34.53089,,,,,,,,0.31198,-30.10915,,,,,,,,,,,,,,,,,,,,,,,,,,,,,,High,High,High,High,High,,,
91,2025-04-27,15:21:58.52,1,1,"Woods, Eamonn",1000115603,Right,POM_COL,"Dawson, Jona",1000297571,Right,CLU_KIN,Undefined,4,Top,0,0,0,Fastball,Changeup,InPlay,Undefined,FlyBall,Out,1,0,,84.60119,-0.406019,-2.998435,1988.845085,205.245144,12:45,5.42671,1.1773,6.04907,-18.25682,21.02918,9.26225,3.52892,-0.82918,76.37521,-3.927421,-1.334688,0.451118,89.96798,25.316401,20.136905,3881.779258,99.47055,50.45084,46.96372,300.24316,292.82086,33.607583,4.31478,-5.6954,11.34607,-0.94866,50,5.3853,6.0548,-122.63611,-1.33512,-8.57167,26.91399,-15.09804,POM_COL,CLU_KIN,PomonaPitzer,D3,Team,20250427-PomonaPitzer-2,092512d0-23b6-11f0-8e2e-710d118fca12,83.55337,61.84796,,8.22598,,,,-0.23011,3.82841,0.71564,d6dd59cf-f9ac-4159-a241-cd4264778e4a,2025-04-27,22:21:58.52,2025-04-27T15:21:58.5264128-07:00,2025-04-27T22:21:58.5264128Z,LineDrive,v3,POM_PIT,,,"Lee, Sammy",1000276388,Right,POM_COL,84fe7937-29ee-40b9-a925-cd148acb4ff8,54.44794,-123.60841,13.457,5.42368,-0.78968,-7.54902,-1.173,6.36446,-4.28583,210.492071,-0.23071,112.00353,-28.34721,7.53504,-1.79706,0.40314,-0.07515,0.00907,-0.00048,3.82945,56.40066,-12.80818,-1.42727,0.90298,-0.31668,0.06988,-0.00837,0.0004,0.71542,41.06988,-0.14521,-0.45492,0.17547,-0.03572,0.0038,-0.00015,0,,,,,,,,,,,,,,,,,,,,,,,High,High,High,Medium,Medium,,,
92,2025-04-27,15:22:31.49,2,1,"Woods, Eamonn",1000115603,Right,POM_COL,"Gardner, Zach",1000236756,Right,CLU_KIN,Undefined,4,Top,1,0,0,Slider,Curveball,BallCalled,Undefined,Undefined,Undefined,0,0,,76.57761,1.053144,-1.932768,2247.592617,73.987349,8:30,5.05825,1.57216,5.57221,-50.07782,-1.75949,-11.36107,1.86948,-1.18063,70.39403,-8.090112,-3.958956,0.500296,,,,,,,,,,,,5.18528,-0.71189,-1.39807,50,5.11628,4.18143,-111.15628,0.41555,6.47095,20.39969,-33.06247,POM_COL,CLU_KIN,PomonaPitzer,D3,Team,20250427-PomonaPitzer-2,1cb3f0a0-23b6-11f0-8e2e-710d118fca12,75.34024,,,6.18358,,,,,,,d6dd59cf-f9ac-4159-a241-cd4264778e4a,2025-04-27,22:22:31.49,2025-04-27T15:22:31.4900480-07:00,2025-04-27T22:22:31.4900480Z,,v3,POM_PIT,,,"Lee, Sammy",1000276388,Right,POM_COL,3aab2695-fb6c-4e8d-80ee-ef297812bd1b,54.9283,-112.05708,10.19984,5.0657,1.87552,-16.53124,-1.5764,3.89569,3.23548,,,,,,,,,,,,,,,,,,,,,,,,,,,,,,,,,,,,,,,,,,,,,,,,,,,High,High,High,,,,,
93,2025-04-27,15:22:44.98,2,2,"Woods, Eamonn",1000115603,Right,POM_COL,"Gardner, Zach",1000236756,Right,CLU_KIN,Undefined,4,Top,1,1,0,Fastball,Changeup,FoulBallNotFieldable,Undefined,Undefined,Undefined,0,0,,84.23529,-1.101678,-1.16333,1993.604014,223.344924,1:30,5.28507,1.18406,5.93248,-23.56021,15.49733,13.52591,2.29926,1.23176,77.55271,-5.515117,1.266772,0.449805,,,,,,,,,,,,-7.31347,8.61233,-1.09913,50,5.18371,1.96798,-122.45796,-3.06333,-11.16536,22.96097,-19.0257,POM_COL,CLU_KIN,PomonaPitzer,D3,Team,20250427-PomonaPitzer-2,24d3dd90-23b6-11f0-8e2e-710d118fca12,83.79738,,,6.68258,,,,,,,d6dd59cf-f9ac-4159-a241-cd4264778e4a,2025-04-27,22:22:44.98,2025-04-27T15:22:44.9851904-07:00,2025-04-27T22:22:44.9851904Z,,v3,POM_PIT,,,"Lee, Sammy",1000276388,Right,POM_COL,2835e4b6-c27c-481e-9553-60c8aecd88a4,54.56881,-123.31164,11.48049,5.28446,-2.35596,-9.51285,-1.18001,2.38311,-5.58268,,,,,,,,,,,,,,,,,,,,,,,,,,,,,,,,,,,,,,,,,,,,,,,,,,,High,High,High,,,,,
94,2025-04-27,15:23:16.86,2,3,"Woods, Eamonn",1000115603,Right,POM_COL,"Gardner, Zach",1000236756,Right,CLU_KIN,Undefined,4,Top,1,1,1,Fastball,Changeup,BallCalled,Undefined,Undefined,Undefined,0,0,,85.14959,-2.007752,-2.054849,1963.825473,217.100702,1:15,5.38543,1.16791,6.13847,-21.80021,16.80737,11.68032,1.71125,0.24139,77.17371,-6.1501,0.050882,0.447206,,,,,,,,,,,,-6.628,9.69312,-1.01683,50,5.22089,3.9618,-123.47243,-4.93704,-10.12156,27.06161,-17.3717,POM_COL,CLU_KIN,PomonaPitzer,D3,Team,20250427-PomonaPitzer-2,37d9b540-23b6-11f0-8e2e-710d118fca12,84.28427,,,7.97589,,,,,,,d6dd59cf-f9ac-4159-a241-cd4264778e4a,2025-04-27,22:23:16.86,2025-04-27T15:23:16.8681472-07:00,2025-04-27T22:23:16.8681472Z,,v3,POM_PIT,,,"Lee, Sammy",1000276388,Right,POM_COL,cece4319-96ab-4878-a8fc-15ba86f7f381,54.3581,-124.42394,13.53081,5.38374,-4.32624,-8.68585,-1.16239,4.31768,-5.06078,,,,,,,,,,,,,,,,,,,,,,,,,,,,,,,,,,,,,,,,,,,,,,,,,,,High,High,High,,,,,
95,2025-04-27,15:23:33.32,2,4,"Woods, Eamonn",1000115603,Right,POM_COL,"Gardner, Zach",1000236756,Right,CLU_KIN,Undefined,4,Top,1,2,1,TwoSeamFastBall,Changeup,InPlay,Undefined,GroundBall,Out,1,0,,84.25518,-1.614217,-2.594159,1940.195589,229.233706,1:45,5.24125,1.43863,6.07485,-25.5723,13.68796,14.37087,1.61466,0.23418,76.91203,-6.416461,-0.007037,0.45097,,,,,,,,,,,,-8.15847,7.91331,-1.24533,50,5.10262,4.97892,-122.2585,-4.20675,-12.30057,24.97265,-20.24309,POM_COL,CLU_KIN,PomonaPitzer,D3,Team,20250427-PomonaPitzer-2,41a52f50-23b6-11f0-8e2e-710d118fca12,83.58074,,,7.34315,,,,,,,d6dd59cf-f9ac-4159-a241-cd4264778e4a,2025-04-27,22:23:33.32,2025-04-27T15:23:33.3244928-07:00,2025-04-27T22:23:33.3244928Z,,v3,POM_PIT,,,"Lee, Sammy",1000276388,Right,POM_COL,66535e2f-05f2-49e0-a479-68eee1291f35,54.42421,-123.15888,12.48633,5.24114,-3.47689,-10.12155,-1.43284,5.42242,-6.15029,,,,,,,,,,,,,,,,,,,,,,,,,,,,,,,,,,,,,,,,,,,,,,,,,,,High,High,High,,,,,
96,2025-04-27,15:24:09.09,3,1,"Woods, Eamonn",1000115603,Right,POM_COL,"Danielewicz, Lucas",1000297575,Right,CLU_KIN,Undefined,4,Top,2,0,0,Fastball,Four-Seam,InPlay,Undefined,FlyBall,Out,1,0,,84.9583,-0.574558,-2.908277,2055.251453,217.501831,1:15,5.37452,1.10845,6.16125,-18.63434,20.48741,14.57706,3.29019,-0.36574,76.04701,-4.191177,-0.283017,0.450174,,,,,,,,,,,,-8.49327,11.18957,-0.89481,50,5.32138,5.67063,-123.08532,-1.69739,-12.75472,29.23441,-15.37018,POM_COL,CLU_KIN,PomonaPitzer,D3,Team,20250427-PomonaPitzer-2,56f8a080-23b6-11f0-8e2e-710d118fca12,83.72859,,,8.91129,,,,,,,d6dd59cf-f9ac-4159-a241-cd4264778e4a,2025-04-27,22:24:09.09,2025-04-27T15:24:09.0996224-07:00,2025-04-27T22:24:09.0996224Z,,v3,POM_PIT,,,"Lee, Sammy",1000276388,Right,POM_COL,54ee19b0-5ede-4e28-bf71-ff1b4415937e,54.33488,-124.11064,14.6172,5.37146,-1.15832,-7.68509,-1.10154,6.11797,-6.37736,,,,,,,,,,,,,,,,,,,,,,,,,,,,,,,,,,,,,,,,,,,,,,,,,,,High,High,High,,,,,
97,2025-04-27,15:26:11.21,1,1,"Lopez, Oscar",1000297578,Left,CLU_KIN,"Berry, Cooper",1000276381,Left,POM_COL,Undefined,4,Bottom,0,0,0,Slider,Curveball,BallCalled,Undefined,Undefined,Undefined,0,0,,73.18139,0.612925,-0.392641,2094.677525,232.395736,1:45,6.17332,-1.63279,6.83702,-41.55888,9.03764,9.54906,3.2691,-1.19513,66.80528,-7.242837,1.353553,0.511955,,,,,,,,,,,,-5.22788,5.08012,1.65471,50,6.19738,0.44642,-106.43617,0.16504,-5.94044,19.88061,-26.40152,POM_COL,CLU_KIN,PomonaPitzer,D3,Team,20250427-PomonaPitzer-2,9fc82740-23b6-11f0-8e2e-710d118fca12,73.62454,,,6.3761,,,,,,,d6dd59cf-f9ac-4159-a241-cd4264778e4a,2025-04-27,22:26:11.21,2025-04-27T15:26:11.2177152-07:00,2025-04-27T22:26:11.2177152Z,,v3,POM_PIT,,,"Matsumoto, Noah",1000029302,Right,CLU_KIN,c2ec358c-0fdb-4233-9f74-628ff8692fda,53.66276,-107.11813,9.94031,6.17619,1.07068,-13.20076,1.63591,0.6502,-2.97022,,,,,,,,,,,,,,,,,,,,,,,,,,,,,,,,,,,,,,,,,,,,,,,,,,,High,High,High,,,,,
98,2025-04-27,15:26:24.51,1,2,"Lopez, Oscar",1000297578,Left,CLU_KIN,"Berry, Cooper",1000276381,Left,POM_COL,Undefined,4,Bottom,0,1,0,Fastball,Four-Seam,BallCalled,Undefined,Undefined,Undefined,0,0,,83.96597,0.629654,1.378961,2183.179453,149.034964,11:00,6.22434,-1.50392,7.18029,-21.72107,16.34237,-9.02378,4.98491,-1.00632,75.93993,-3.597427,-0.280054,0.444043,,,,,,,,,,,,5.19784,8.94398,1.42526,50,6.25373,-2.62049,-122.05014,0.88393,7.75208,26.5474,-18.83495,POM_COL,CLU_KIN,PomonaPitzer,D3,Team,20250427-PomonaPitzer-2,a78e5b70-23b6-11f0-8e2e-710d118fca12,84.88459,,,8.02604,,,,,,,d6dd59cf-f9ac-4159-a241-cd4264778e4a,2025-04-27,22:26:24.51,2025-04-27T15:26:24.5149184-07:00,2025-04-27T22:26:24.5149184Z,,v3,POM_PIT,,,"Matsumoto, Noah",1000029302,Right,CLU_KIN,ab2c21cd-8653-4afa-b02f-4633cf860eb0,53.31462,-122.769,13.2737,6.22289,1.39395,-9.41748,1.49906,-2.8304,3.87604,,,,,,,,,,,,,,,,,,,,,,,,,,,,,,,,,,,,,,,,,,,,,,,,,,,High,High,High,,,,,
99,2025-04-27,15:26:41.46,1,3,"Lopez, Oscar",1000297578,Left,CLU_KIN,"Berry, Cooper",1000276381,Left,POM_COL,Undefined,4,Bottom,0,2,0,Fastball,Slider,FoulBallNotFieldable,Undefined,Undefined,Undefined,0,0,,81.31585,-0.34554,1.948773,2163.258808,178.758673,12:00,6.08014,-1.60243,7.10337,-22.40218,17.88883,-0.36047,3.89958,0.13643,74.45892,-4.66826,1.882642,0.456852,,,,,,,,,,,,0.74032,10.08375,1.4867,50,6.05202,-4.01393,-118.30377,-1.19211,1.0483,22.74264,-17.89497,POM_COL,CLU_KIN,PomonaPitzer,D3,Team,20250427-PomonaPitzer-2,b1c2a970-23b6-11f0-8e2e-710d118fca12,82.5047,,,6.85693,,,,,,,d6dd59cf-f9ac-4159-a241-cd4264778e4a,2025-04-27,22:26:41.46,2025-04-27T15:26:41.4621696-07:00,2025-04-27T22:26:41.4621696Z,,v3,POM_PIT,,,"Matsumoto, Noah",1000029302,Right,CLU_KIN,32761926-8149-469a-a5cf-ce3908e2b3e9,53.39583,-118.95479,11.37132,6.07882,-0.67986,-8.94748,1.60203,-4.04394,0.52415,,,,,,,,,,,,,,,,,,,,,,,,,,,,,,,,,,,,,,,,,,,,,,,,,,,High,High,High,,,,,
100,2025-04-27,15:26:59.67,1,4,"Lopez, Oscar",1000297578,Left,CLU_KIN,"Berry, Cooper",1000276381,Left,POM_COL,Undefined,4,Bottom,0,2,1,Fastball,Four-Seam,BallCalled,Undefined,Undefined,Undefined,0,0,,86.30532,-1.413703,0.927179,2239.896532,155.42951,11:15,6.12579,-1.67701,7.23654,-15.36292,20.77076,-8.89626,3.56568,-1.57917,77.75587,-4.466997,-0.71076,0.432641,,,,,,,,,,,,5.13347,12.07363,1.62615,50,6.03994,-1.73557,-125.47472,-3.36986,8.03153,29.79867,-13.28439,POM_COL,CLU_KIN,PomonaPitzer,D3,Team,20250427-PomonaPitzer-2,bc9a3c50-23b6-11f0-8e2e-710d118fca12,87.12176,,,8.54945,,,,,,,d6dd59cf-f9ac-4159-a241-cd4264778e4a,2025-04-27,22:26:59.67,2025-04-27T15:26:59.6730368-07:00,2025-04-27T22:26:59.6730368Z,,v3,POM_PIT,,,"Matsumoto, Noah",1000029302,Right,CLU_KIN,d33c51da-e6db-43d7-b8d3-88d5afcdcd72,53.2622,-126.24707,14.89934,6.12282,-3.02553,-6.6422,1.67383,-1.94374,4.01576,,,,,,,,,,,,,,,,,,,,,,,,,,,,,,,,,,,,,,,,,,,,,,,,,,,High,High,High,,,,,
101,2025-04-27,15:27:15.46,1,5,"Lopez, Oscar",1000297578,Left,CLU_KIN,"Berry, Cooper",1000276381,Left,POM_COL,Undefined,4,Bottom,0,3,1,Fastball,Changeup,StrikeSwinging,Undefined,Undefined,Undefined,0,0,,82.03305,-2.670093,2.801018,2135.581823,163.867983,11:30,6.04889,-1.57626,7.34578,-16.80674,23.06501,-6.25213,2.23229,0.4344,74.17628,-6.00033,1.649441,0.454469,,,,,,,,,,,,4.22831,13.68859,1.42237,50,5.89525,-5.61572,-119.02003,-5.81133,5.97937,25.86135,-12.8167,POM_COL,CLU_KIN,PomonaPitzer,D3,Team,20250427-PomonaPitzer-2,c5f2f760-23b6-11f0-8e2e-710d118fca12,82.93736,,,7.85677,,,,,,,d6dd59cf-f9ac-4159-a241-cd4264778e4a,2025-04-27,22:27:15.46,2025-04-27T15:27:15.4610688-07:00,2025-04-27T22:27:15.4610688Z,,v3,POM_PIT,,,"Matsumoto, Noah",1000029302,Right,CLU_KIN,0be6bb7c-e684-4c2e-abf6-8df09208c158,53.14907,-119.70232,12.93067,6.0441,-5.47319,-6.40835,1.5726,-5.77347,2.98969,,,,,,,,,,,,,,,,,,,,,,,,,,,,,,,,,,,,,,,,,,,,,,,,,,,High,High,High,,,,,
102,2025-04-27,15:27:31.95,1,6,"Lopez, Oscar",1000297578,Left,CLU_KIN,"Berry, Cooper",1000276381,Left,POM_COL,Undefined,4,Bottom,0,3,2,Fastball,Changeup,BallCalled,Walk,Undefined,Undefined,0,0,,83.89315,-1.759911,0.669,2122.110245,154.594155,11:15,6.04804,-1.53503,7.38604,-17.48501,20.37966,-9.04823,3.00218,-1.6853,75.98944,-5.208186,-1.002079,0.442882,,,,,,,,,,,,5.16299,12.03953,1.50044,50,5.94686,-1.14545,-122.03457,-4.06287,7.67367,27.24476,-14.2799,POM_COL,CLU_KIN,PomonaPitzer,D3,Team,20250427-PomonaPitzer-2,cfd86210-23b6-11f0-8e2e-710d118fca12,85.1071,,,7.90371,,,,,,,d6dd59cf-f9ac-4159-a241-cd4264778e4a,2025-04-27,22:27:31.95,2025-04-27T15:27:31.9538176-07:00,2025-04-27T22:27:31.9538176Z,,v3,POM_PIT,,,"Matsumoto, Noah",1000029302,Right,CLU_KIN,0103fca3-26c9-4375-b83a-c57e40756980,53.11352,-122.72771,13.62238,6.0456,-3.69957,-7.13995,1.53207,-1.34067,3.83684,,,,,,,,,,,,,,,,,,,,,,,,,,,,,,,,,,,,,,,,,,,,,,,,,,,High,High,High,,,,,
103,2025-04-27,15:27:57.08,2,1,"Lopez, Oscar",1000297578,Left,CLU_KIN,"Hattenburg, Xavier",10277269,Left,POM_COL,Undefined,4,Bottom,0,0,0,Fastball,Changeup,BallCalled,Undefined,Undefined,Undefined,0,0,,79.9169,0.800349,2.221921,2122.957947,156.081225,11:15,6.08188,-1.63552,7.32759,-21.70706,19.80481,-8.19406,4.99662,-0.30999,72.7774,-3.438632,0.712582,0.463722,,,,,,,,,,,,5.03319,10.85193,1.51342,50,6.11943,-4.25103,-116.21904,1.22481,6.85679,22.58407,-17.39035,POM_COL,CLU_KIN,PomonaPitzer,D3,Team,20250427-PomonaPitzer-2,dec492d0-23b6-11f0-8e2e-710d118fca12,81.28243,,,7.1395,,,,,,,d6dd59cf-f9ac-4159-a241-cd4264778e4a,2025-04-27,22:27:57.08,2025-04-27T15:27:57.0843136-07:00,2025-04-27T22:27:57.0843136Z,,v3,POM_PIT,,,"Matsumoto, Noah",1000029302,Right,CLU_KIN,d1ec83f7-2e77-4f1b-bcc0-8514124cae5e,53.16938,-116.8333,11.29203,6.07968,1.69781,-8.69517,1.63158,-4.43753,3.42839,,,,,,,,,,,,,,,,,,,,,,,,,,,,,,,,,,,,,,,,,,,,,,,,,,,High,High,High,,,,,
104,2025-04-27,15:28:42.88,2,2,"Lopez, Oscar",1000297578,Left,CLU_KIN,"Hattenburg, Xavier",10277269,Left,POM_COL,Undefined,4,Bottom,0,1,0,Fastball,Changeup,FoulBallNotFieldable,Undefined,Undefined,Undefined,0,0,,81.59908,-1.61956,2.88801,2116.3748,156.320277,11:15,6.10618,-1.56145,7.33731,-19.21355,20.64013,-8.47811,3.03991,0.3429,74.47651,-5.375188,1.3266,0.454366,78.35476,10.79148,47.119822,3586.383564,,,,126.11193,90.74868,51.705333,1.287789,5.43213,12.04044,1.40318,50,6.01039,-5.72201,-118.60753,-3.70914,7.70351,23.6321,-15.09903,POM_COL,CLU_KIN,PomonaPitzer,D3,Team,20250427-PomonaPitzer-2,fa242c20-23b6-11f0-8e2e-710d118fca12,82.95615,9.02799,,7.12257,,,,1.73338,3.20594,-0.52937,d6dd59cf-f9ac-4159-a241-cd4264778e4a,2025-04-27,22:28:42.88,2025-04-27T15:28:42.8880896-07:00,2025-04-27T22:28:42.8880896Z,GroundBall,v3,POM_PIT,,,"Matsumoto, Noah",1000029302,Right,CLU_KIN,fbdf78d7-91d2-42e1-a25b-c8fc052080cb,53.16171,-119.23582,11.81605,6.10367,-3.30771,-7.54951,1.55802,-5.92682,3.85176,,1.73338,76.81645,-15.87296,2.317,-0.51748,0.10452,-0.0209,0.00377,-0.00038,3.20594,21.5171,-20.95891,2.22124,-0.43057,0.09991,-0.01905,0.00317,-0.00033,-0.52937,82.72172,-5.08762,0.84149,-0.1764,0.03681,-0.00735,0.0013,-0.00013,,,,,,,,,,,,,,,,,,,,,,,High,High,High,High,High,,,
105,2025-04-27,15:29:00.29,2,3,"Lopez, Oscar",1000297578,Left,CLU_KIN,"Hattenburg, Xavier",10277269,Left,POM_COL,Undefined,4,Bottom,0,1,1,Slider,Curveball,BallCalled,Undefined,Undefined,Undefined,0,0,,73.13048,-0.29386,1.39523,2139.690206,249.535277,2:15,6.08345,-1.49447,6.68801,-45.33581,5.57666,10.50851,2.03662,0.65757,67.15297,-8.773948,3.311608,0.513551,,,,,,,,,,,,-5.10488,3.57378,1.39793,50,6.0465,-2.9191,-106.3116,-1.67953,-5.80091,19.43264,-28.11301,POM_COL,CLU_KIN,PomonaPitzer,D3,Team,20250427-PomonaPitzer-2,047529e0-23b7-11f0-8e2e-710d118fca12,73.39572,,,5.97752,,,,,,,d6dd59cf-f9ac-4159-a241-cd4264778e4a,2025-04-27,22:29:00.29,2025-04-27T15:29:00.2979328-07:00,2025-04-27T22:29:00.2979328Z,,v3,POM_PIT,,,"Matsumoto, Noah",1000029302,Right,CLU_KIN,ed42221d-45b6-4f82-b05f-ac2508fe471a,53.81047,-107.00585,9.71632,6.08856,-0.67517,-14.05651,1.49851,-2.71186,-2.90046,,,,,,,,,,,,,,,,,,,,,,,,,,,,,,,,,,,,,,,,,,,,,,,,,,,High,High,High,,,,,
106,2025-04-27,15:29:20.65,2,4,"Lopez, Oscar",1000297578,Left,CLU_KIN,"Hattenburg, Xavier",10277269,Left,POM_COL,Undefined,4,Bottom,0,2,1,Fastball,Four-Seam,BallCalled,Undefined,Undefined,Undefined,0,0,,81.41715,-2.51589,3.156568,2089.871177,171.920717,11:45,6.04569,-1.38936,7.24887,-24.20608,16.22024,-2.1063,1.74719,1.29411,74.22653,-7.170466,2.769405,0.457618,,,,,,,,,,,,2.08173,9.91957,1.21002,50,5.89491,-6.4473,-118.1501,-5.71005,2.91753,24.30319,-18.27192,POM_COL,CLU_KIN,PomonaPitzer,D3,Team,20250427-PomonaPitzer-2,10b2dc70-23b7-11f0-8e2e-710d118fca12,82.36655,,,7.19062,,,,,,,d6dd59cf-f9ac-4159-a241-cd4264778e4a,2025-04-27,22:29:20.65,2025-04-27T15:29:20.6503424-07:00,2025-04-27T22:29:20.6503424Z,,v3,POM_PIT,,,"Matsumoto, Noah",1000029302,Right,CLU_KIN,687b06fb-ac01-4e6a-a181-d099999ead96,53.2475,-118.81622,12.15159,6.04455,-5.20923,-9.13596,1.38783,-6.52727,1.45876,,,,,,,,,,,,,,,,,,,,,,,,,,,,,,,,,,,,,,,,,,,,,,,,,,,High,High,High,,,,,
107,2025-04-27,15:29:35.12,2,5,"Lopez, Oscar",1000297578,Left,CLU_KIN,"Hattenburg, Xavier",10277269,Left,POM_COL,Undefined,4,Bottom,0,3,1,Fastball,Changeup,InPlay,Undefined,GroundBall,Single,0,0,,82.46137,-1.821233,2.178673,1998.253193,154.779145,11:15,6.08205,-1.5502,7.35721,-22.41982,16.81005,-7.27512,2.56756,-0.18835,74.87722,-6.174082,0.836643,0.450796,52.03194,15.827344,-27.993973,6159.337785,,,,92.49018,91.49957,-31.731325,1.394435,4.62469,10.08056,1.43172,50,5.97529,-4.33174,-119.85237,-4.26603,6.64611,25.76014,-17.6873,POM_COL,CLU_KIN,PomonaPitzer,D3,Team,20250427-PomonaPitzer-2,193f94f0-23b7-11f0-8e2e-710d118fca12,83.61312,9.08852,,7.58415,,,,2.04342,2.67485,0.19314,d6dd59cf-f9ac-4159-a241-cd4264778e4a,2025-04-27,22:29:35.12,2025-04-27T15:29:35.1239168-07:00,2025-04-27T22:29:35.1239168Z,GroundBall,v3,POM_PIT,,,"Matsumoto, Noah",1000029302,Right,CLU_KIN,e7a2f8cc-b414-4ef7-b4eb-25939bc7d394,53.14109,-120.5256,12.88007,6.08074,-3.80378,-8.84365,1.54719,-4.50543,3.32305,105.448751,2.04342,64.82989,-9.2296,2.02137,-0.42108,0.06365,-0.01007,0.0017,-5E-05,2.67485,20.8136,-17.42512,0.93433,-0.11688,0.01613,0.00015,0.00097,-0.00024,0.19314,-34.46177,-0.97024,0.63173,-0.2117,0.04676,-0.00874,0.00094,-2E-05,,,,,,,,,,,,,,,,,,,,,,,High,High,High,High,High,,,
108,2025-04-27,15:31:45.51,3,1,"Lopez, Oscar",1000297578,Left,CLU_KIN,"Lee, Sammy",1000276388,Right,POM_COL,Undefined,4,Bottom,0,0,0,ChangeUp,Changeup,StrikeCalled,Undefined,Undefined,Undefined,0,0,,78.30286,-1.273234,1.649703,2009.798987,160.036474,11:15,6.20016,-1.77767,7.27664,-25.01986,18.48556,-6.17737,2.96309,-0.80017,71.28236,-6.118061,0.51155,0.474726,,,,,,,,,,,,3.80666,10.79505,1.68568,50,6.12064,-3.08639,-113.83991,-3.02236,4.952,22.59506,-18.13104,POM_COL,CLU_KIN,PomonaPitzer,D3,Team,20250427-PomonaPitzer-2,6701bd80-23b7-11f0-8e2e-710d118fca12,79.39829,,,7.0205,,,,,,,d6dd59cf-f9ac-4159-a241-cd4264778e4a,2025-04-27,22:31:45.51,2025-04-27T15:31:45.5124992-07:00,2025-04-27T22:31:45.5124992Z,,v3,POM_PIT,,,"Matsumoto, Noah",1000029302,Right,CLU_KIN,9fbfe5e7-0a28-4357-9be9-982130e7a5ee,53.21973,-114.47718,11.29753,6.19867,-2.51099,-9.06552,1.77469,-3.22606,2.476,,,,,,,,,,,,,,,,,,,,,,,,,,,,,,,,,,,,,,,,,,,,,,,,,,,High,High,High,,,,,
109,2025-04-27,15:32:02.45,3,2,"Lopez, Oscar",1000297578,Left,CLU_KIN,"Lee, Sammy",1000276388,Right,POM_COL,Undefined,4,Bottom,0,0,1,Slider,Curveball,BallCalled,Undefined,Undefined,Undefined,0,0,,74.64103,-0.474146,0.491099,2112.506533,268.064379,3:00,6.153,-1.85509,6.60433,-47.2153,2.36382,17.28812,1.78402,0.03548,67.85642,-9.299425,3.642301,0.506782,,,,,,,,,,,,-8.86662,1.98693,1.81562,50,6.10218,-1.50046,-108.42879,-2.14335,-10.34681,22.45778,-29.85541,POM_COL,CLU_KIN,PomonaPitzer,D3,Team,20250427-PomonaPitzer-2,7125b7d0-23b7-11f0-8e2e-710d118fca12,74.37611,,,6.78461,,,,,,,d6dd59cf-f9ac-4159-a241-cd4264778e4a,2025-04-27,22:32:02.45,2025-04-27T15:32:02.4561152-07:00,2025-04-27T22:32:02.4561152Z,,v3,POM_PIT,,,"Matsumoto, Noah",1000029302,Right,CLU_KIN,f68a5467-7492-4bdc-b89f-53d2ba076f0d,53.89375,-109.23229,11.22889,6.15975,-1.07518,-14.92771,1.86268,-1.13027,-5.17341,,,,,,,,,,,,,,,,,,,,,,,,,,,,,,,,,,,,,,,,,,,,,,,,,,,High,High,High,,,,,
110,2025-04-27,15:32:23.04,3,3,"Lopez, Oscar",1000297578,Left,CLU_KIN,"Lee, Sammy",1000276388,Right,POM_COL,Undefined,4,Bottom,0,1,1,Fastball,Four-Seam,BallCalled,Undefined,Undefined,Undefined,0,0,,86.39183,-5.437529,2.062011,2311.66347,162.168493,11:30,6.03455,-1.60606,7.30925,-15.54741,20.47178,-6.175,-0.19327,-0.25629,78.6903,-8.470326,0.923855,0.431955,,,,,,,,,,,,4.01138,13.17804,1.49234,50,5.72504,-4.30869,-125.11505,-12.20544,6.29069,27.75472,-11.50807,POM_COL,CLU_KIN,PomonaPitzer,D3,Team,20250427-PomonaPitzer-2,7d511ae0-23b7-11f0-8e2e-710d118fca12,87.26012,,,7.70153,,,,,,,d6dd59cf-f9ac-4159-a241-cd4264778e4a,2025-04-27,22:32:23.04,2025-04-27T15:32:23.0424064-07:00,2025-04-27T22:32:23.0424064Z,,v3,POM_PIT,,,"Matsumoto, Noah",1000029302,Right,CLU_KIN,05416f78-d5e1-43c9-a732-0934c014b2a9,53.19098,-125.82092,13.87736,6.03174,-11.91276,-5.75404,1.60396,-4.46868,3.14534,,,,,,,,,,,,,,,,,,,,,,,,,,,,,,,,,,,,,,,,,,,,,,,,,,,High,High,High,,,,,
111,2025-04-27,15:32:55.68,3,4,"Lopez, Oscar",1000297578,Left,CLU_KIN,"Lee, Sammy",1000276388,Right,POM_COL,Undefined,4,Bottom,0,2,1,Fastball,Four-Seam,StrikeCalled,Undefined,Undefined,Undefined,0,0,,82.81243,-1.697289,2.587677,2238.201124,175.298785,11:45,6.14543,-1.53552,7.30713,-20.48714,18.16757,-1.3926,2.90215,0.68875,75.81544,-5.667344,2.331319,0.447479,,,,,,,,,,,,1.47528,10.65473,1.3911,50,6.04398,-5.3944,-120.36929,-3.974,2.16127,23.68134,-16.56482,POM_COL,CLU_KIN,PomonaPitzer,D3,Team,20250427-PomonaPitzer-2,90bf2a40-23b7-11f0-8e2e-710d118fca12,84.23288,,,6.99699,,,,,,,d6dd59cf-f9ac-4159-a241-cd4264778e4a,2025-04-27,22:32:55.68,2025-04-27T15:32:55.6864000-07:00,2025-04-27T22:32:55.6864000Z,,v3,POM_PIT,,,"Matsumoto, Noah",1000029302,Right,CLU_KIN,340f0426-85c4-400d-9c7e-a6eea665cf5e,53.18973,-120.99521,11.84067,6.14323,-3.53618,-8.28241,1.53444,-5.45152,1.08064,,,,,,,,,,,,,,,,,,,,,,,,,,,,,,,,,,,,,,,,,,,,,,,,,,,High,High,High,,,,,
112,2025-04-27,15:33:14.29,3,5,"Lopez, Oscar",1000297578,Left,CLU_KIN,"Lee, Sammy",1000276388,Right,POM_COL,Undefined,4,Bottom,0,2,2,Fastball,Four-Seam,InPlay,Undefined,LineDrive,Single,0,0,,85.59483,-2.059139,1.213523,2340.148078,170.920897,11:45,6.14614,-1.55872,7.43015,-18.34757,17.79092,-2.64992,2.75935,-0.68522,77.97779,-5.643526,0.723767,0.43267,82.54567,13.740086,24.987486,3223.580348,95.1816,15.30218,55.14012,187.06371,187.06371,33.208581,1.991203,1.79976,10.63957,1.49396,50,6.03002,-2.55166,-124.49555,-4.82726,2.80323,26.76512,-15.60255,POM_COL,CLU_KIN,PomonaPitzer,D3,Team,20250427-PomonaPitzer-2,9bea5b60-23b7-11f0-8e2e-710d118fca12,87.11599,15.57776,,7.61704,,,,-0.20897,2.55054,0.7254,d6dd59cf-f9ac-4159-a241-cd4264778e4a,2025-04-27,22:33:14.29,2025-04-27T15:33:14.2966784-07:00,2025-04-27T22:33:14.2966784Z,LineDrive,v3,POM_PIT,,,"Matsumoto, Noah",1000029302,Right,CLU_KIN,92e0c72b-dcef-4b98-b178-3a48546fe019,53.06803,-125.1534,13.38256,6.14396,-4.44377,-7.80127,1.55752,-2.62056,1.40161,,-0.20899,106.59583,-19.58044,3.94433,-0.71827,0.06976,0.004,-0.00133,-6E-05,2.55055,28.75452,-16.66734,0.99708,-0.18843,0.08102,-0.0285,0.00571,-0.00041,0.72542,49.6758,2.35066,-1.34598,0.30657,0.01038,-0.02787,0.00652,-0.00039,,,,,,,,,,,,,,,,,,,,,,,High,High,High,High,High,,,
113,2025-04-27,15:33:52.00,4,1,"Lopez, Oscar",1000297578,Left,CLU_KIN,"DeGrazia, Tanner",1000214434,Right,POM_COL,Undefined,4,Bottom,0,0,0,Slider,Curveball,BallCalled,Undefined,Undefined,Undefined,0,0,,74.00075,0.1428,2.287808,2130.820206,271.824585,3:00,6.16579,-1.44817,6.78792,-48.52034,1.52413,7.46319,2.25289,1.26331,67.34044,-8.954662,3.650318,0.509154,,,,,,,,,,,,-3.25158,1.15579,1.29685,50,6.15688,-4.51665,-107.50553,-0.92687,-3.73355,21.91799,-30.84695,POM_COL,CLU_KIN,PomonaPitzer,D3,Team,20250427-PomonaPitzer-2,b26de820-23b7-11f0-8e2e-710d118fca12,74.02949,,,6.66031,,,,,,,d6dd59cf-f9ac-4159-a241-cd4264778e4a,2025-04-27,22:33:52.00,2025-04-27T15:33:52.0092160-07:00,2025-04-27T22:33:52.0092160Z,,v3,POM_PIT,,,"Matsumoto, Noah",1000029302,Right,CLU_KIN,25ebd824-ceaa-49d7-ad36-4ada3c9ca3d6,53.71293,-108.25987,10.95899,6.17051,0.13477,-15.42347,1.45008,-4.38815,-1.86677,,,,,,,,,,,,,,,,,,,,,,,,,,,,,,,,,,,,,,,,,,,,,,,,,,,High,High,High,,,,,
114,2025-04-27,15:34:07.07,4,2,"Lopez, Oscar",1000297578,Left,CLU_KIN,"DeGrazia, Tanner",1000214434,Right,POM_COL,Undefined,4,Bottom,0,1,0,Fastball,Four-Seam,InPlay,Undefined,LineDrive,Double,0,2,,84.69605,-2.909192,2.069578,2256.278577,165.83783,11:30,6.14016,-1.62258,7.28519,-18.67387,18.66257,-4.37957,1.9496,-0.11547,76.93442,-6.549069,1.262852,0.439782,97.06305,23.336722,-32.905715,2736.609264,91.89526,36.3914,-60.45812,294.51275,262.49652,-34.759126,3.146098,3.00882,11.37371,1.50702,50,5.97039,-4.30147,-122.99469,-6.61995,4.55589,27.01885,-14.95217,POM_COL,CLU_KIN,PomonaPitzer,D3,Team,20250427-PomonaPitzer-2,bb5ff220-23b7-11f0-8e2e-710d118fca12,85.70701,41.30793,,7.76163,,,,1.56418,1.99291,0.28591,d6dd59cf-f9ac-4159-a241-cd4264778e4a,2025-04-27,22:34:07.07,2025-04-27T15:34:07.0713856-07:00,2025-04-27T22:34:07.0713856Z,LineDrive,v3,POM_PIT,,,"Matsumoto, Noah",1000029302,Right,CLU_KIN,9c646ab9-10cf-4493-a61b-0af616938518,53.21285,-123.69846,13.50942,6.13775,-6.23049,-7.47609,1.6206,-4.42013,2.27794,,1.56432,109.73649,-17.38393,3.76244,-0.75015,0.0733,0.01375,-0.0062,0.00068,1.99282,56.39657,-23.12439,2.69543,-0.66101,0.18785,-0.05001,0.00928,-0.00077,0.28578,-71.00612,7.46712,-0.79981,-0.02403,0.09382,-0.04212,0.00935,-0.00084,,,,,,,,,,,,,,,,,,,,,,,High,High,High,Medium,Medium,,,
115,2025-04-27,15:37:39.98,5,1,"Frazier, J.J.",1000297569,Left,CLU_KIN,"Legg, Jimmy",1000115608,Right,POM_COL,Undefined,4,Bottom,0,0,0,Fastball,Changeup,HitByPitch,Undefined,Undefined,Undefined,0,0,,77.32335,-2.583889,-6.170283,1878.087364,223.445099,1:30,6.26443,2.67886,5.72844,-29.61714,17.9204,15.47619,1.37417,-1.80045,70.90063,-8.080912,-3.423428,0.496238,,,,,,,,,,,,-9.78965,10.32619,-2.17261,50,6.02938,11.52464,-111.62209,-5.91627,-12.34824,20.13565,-19.14904,POM_COL,CLU_KIN,PomonaPitzer,D3,Team,20250427-PomonaPitzer-2,3a398c50-23b8-11f0-8e2e-710d118fca12,75.9564,,,6.42272,,,,,,,d6dd59cf-f9ac-4159-a241-cd4264778e4a,2025-04-27,22:37:39.98,2025-04-27T15:37:39.9869440-07:00,2025-04-27T22:37:39.9869440Z,,v3,POM_PIT,,,"Matsumoto, Noah",1000029302,Right,CLU_KIN,d82be6f7-742d-4312-82a4-2c0cf7337b3f,54.77389,-112.47996,10.06783,6.26406,-5.10043,-9.57452,-2.67483,12.05073,-6.17412,,,,,,,,,,,,,,,,,,,,,,,,,,,,,,,,,,,,,,,,,,,,,,,,,,,High,High,High,,,,,
116,2025-04-27,15:38:44.82,6,1,"Frazier, J.J.",1000297569,Left,CLU_KIN,"Wakil, Lateef",1000128267,Left,POM_COL,Undefined,4,Bottom,0,0,0,Fastball,Changeup,StrikeCalled,Undefined,Undefined,Undefined,0,0,,77.49632,-1.732659,-5.117299,1928.245605,226.158768,1:30,6.1657,2.89082,5.71696,-30.80781,16.42993,15.46422,1.97738,-0.60021,70.8812,-7.459154,-2.364829,0.494671,,,,,,,,,,,,-9.26902,9.31382,-2.47143,50,6.0013,9.44855,-112.05147,-4.3001,-11.77423,20.40962,-20.3429,POM_COL,CLU_KIN,PomonaPitzer,D3,Team,20250427-PomonaPitzer-2,60da4fc0-23b8-11f0-8e2e-710d118fca12,76.19706,,,6.61513,,,,,,,d6dd59cf-f9ac-4159-a241-cd4264778e4a,2025-04-27,22:38:44.82,2025-04-27T15:38:44.8211456-07:00,2025-04-27T22:38:44.8211456Z,,v3,POM_PIT,,,"Matsumoto, Noah",1000029302,Right,CLU_KIN,6d158c49-203e-45d5-bb6b-824636e09c5d,54.78112,-112.91897,10.20481,6.1657,-3.43544,-10.17145,-2.88367,9.94901,-5.88712,,,,,,,,,,,,,,,,,,,,,,,,,,,,,,,,,,,,,,,,,,,,,,,,,,,High,High,High,,,,,
117,2025-04-27,15:39:02.96,6,2,"Frazier, J.J.",1000297569,Left,CLU_KIN,"Wakil, Lateef",1000128267,Left,POM_COL,Undefined,4,Bottom,0,0,1,Fastball,Changeup,FoulBallNotFieldable,Undefined,Undefined,Undefined,0,0,,78.10021,-1.45545,-4.183803,1880.46014,228.727049,1:30,6.15192,2.91484,5.70829,-30.93084,15.78269,16.10528,2.2144,0.35196,70.96514,-7.225568,-1.311283,0.491918,26.36566,-57.735643,-135.471438,,,,,1.32893,1.32892,-81.356395,0.065328,-9.44465,8.94374,-2.57396,50,6.01072,7.65273,-113.01529,-3.7864,-12.11136,22.23121,-20.70502,POM_COL,CLU_KIN,PomonaPitzer,D3,Team,20250427-PomonaPitzer-2,6bbf7730-23b8-11f0-8e2e-710d118fca12,76.62341,2.1847,,7.13508,,,,1.18298,2.1847,-0.34664,d6dd59cf-f9ac-4159-a241-cd4264778e4a,2025-04-27,22:39:02.96,2025-04-27T15:39:02.9667840-07:00,2025-04-27T22:39:02.9667840Z,GroundBall,v3,POM_PIT,,,"Matsumoto, Noah",1000029302,Right,CLU_KIN,f51ff834-1209-4bfa-bd24-35bd87cd1398,54.78961,-113.95355,11.11561,6.15208,-2.91255,-10.35251,-2.90773,8.16389,-6.05568,,1.18649,-15.05096,,,,,,,,2.19252,-33.44235,,,,,,,,-0.34318,-14.80529,,,,,,,,,,,,,,,,,,,,,,,,,,,,,,High,High,High,Estimated,Estimated,,,
118,2025-04-27,15:39:54.17,6,3,"Frazier, J.J.",1000297569,Left,CLU_KIN,"Wakil, Lateef",1000128267,Left,POM_COL,Undefined,4,Bottom,0,0,2,Fastball,Changeup,InPlay,Undefined,FlyBall,Sacrifice,1,1,,78.52115,-1.375272,-4.811772,1946.660692,244.06869,2:15,6.24044,2.92379,5.67078,-34.71112,11.27304,20.07202,2.06083,0.09962,71.91623,-7.784763,-1.236254,0.488063,91.39321,37.646658,15.787538,,108.12372,75.42193,20.23006,322.51617,255.48287,3.520999,5.321593,-11.55713,6.55579,-2.5297,50,6.10207,8.80435,-113.65061,-3.80917,-15.10696,20.94327,-23.60463,POM_COL,CLU_KIN,PomonaPitzer,D3,Team,20250427-PomonaPitzer-2,8a4d9420-23b8-11f0-8e2e-710d118fca12,77.22871,97.49262,,6.60493,,,,-0.06899,-0.20578,-0.7979,d6dd59cf-f9ac-4159-a241-cd4264778e4a,2025-04-27,22:39:54.17,2025-04-27T15:39:54.1739008-07:00,2025-04-27T22:39:54.1739008Z,FlyBall,v3,POM_PIT,,,"Matsumoto, Noah",1000029302,Right,CLU_KIN,ff90faca-42b3-4761-a544-b54d66af8b7b,54.82959,-114.53714,10.47164,6.24217,-2.80999,-11.80231,-2.91592,9.44383,-7.55348,144.372379,-0.06334,102.0183,-18.32554,3.62322,-0.28836,-0.08726,0.03065,-0.00364,0.00015,-0.20814,81.90737,-19.61267,1.34365,-0.13559,-0.03785,0.02272,-0.00394,0.00023,-0.79336,28.7844,-13.26549,3.30808,-0.4085,-0.03065,0.01864,-0.00235,0.0001,,,,,,,,,,,,,,,,,,,,,,,High,High,High,Low,Low,,,
119,2025-04-27,15:40:39.45,7,1,"Frazier, J.J.",1000297569,Left,CLU_KIN,"Ng, JC",1000115591,Left,POM_COL,Undefined,4,Bottom,1,0,0,Fastball,Changeup,InPlay,Undefined,Popup,Out,1,0,,77.04,-0.800037,-4.202858,1937.989781,215.852368,1:15,6.22501,2.85,5.66603,-26.99135,21.17391,14.0545,3.22768,0.09528,69.71815,-5.891512,-1.700429,0.499503,,,,,,,,,,,,-8.42,11.4839,-2.50332,50,6.14057,7.65745,-111.45615,-2.30103,-10.48208,21.96551,-17.87772,POM_COL,CLU_KIN,PomonaPitzer,D3,Team,20250427-PomonaPitzer-2,a5460730-23b8-11f0-8e2e-710d118fca12,75.45983,,,7.32185,,,,,,,d6dd59cf-f9ac-4159-a241-cd4264778e4a,2025-04-27,22:40:39.45,2025-04-27T15:40:39.4515968-07:00,2025-04-27T22:40:39.4515968Z,,v3,POM_PIT,,,"Matsumoto, Noah",1000029302,Right,CLU_KIN,d87d3b45-e7e0-4fa7-ace7-7c5e8d4b3b49,54.83095,-112.40419,10.98275,6.22323,-1.52942,-8.93886,-2.84358,8.10986,-5.24104,,,,,,,,,,,,,,,,,,,,,,,,,,,,,,,,,,,,,,,,,,,,,,,,,,,High,High,High,,,,,
120,2025-04-27,15:41:21.33,8,1,"Frazier, J.J.",1000297569,Left,CLU_KIN,"Gold, Jack",1000108729,Left,POM_COL,Undefined,4,Bottom,2,0,0,Slider,Curveball,BallCalled,Undefined,Undefined,Undefined,0,0,,70.21069,-0.935491,-4.762685,1701.119841,190.745232,12:15,5.97647,2.96771,5.75299,-45.87739,11.87934,1.87866,1.27939,-1.31965,64.32188,-9.373563,-4.427975,0.546982,,,,,,,,,,,,-2.39008,6.93225,-2.57275,50,5.87087,8.39526,-101.52747,-2.92497,-2.47537,17.82574,-24.99447,POM_COL,CLU_KIN,PomonaPitzer,D3,Team,20250427-PomonaPitzer-2,be4b0eb0-23b8-11f0-8e2e-710d118fca12,68.90989,,,5.8888,,,,,,,d6dd59cf-f9ac-4159-a241-cd4264778e4a,2025-04-27,22:41:21.33,2025-04-27T15:41:21.3363712-07:00,2025-04-27T22:41:21.3363712Z,,v3,POM_PIT,,,"Matsumoto, Noah",1000029302,Right,CLU_KIN,6aa017b9-4b4a-463c-8bfa-660bc1ed2b1e,54.74386,-102.35698,8.91287,5.97992,-1.76186,-12.49723,-2.9661,8.51045,-1.23769,,,,,,,,,,,,,,,,,,,,,,,,,,,,,,,,,,,,,,,,,,,,,,,,,,,High,High,High,,,,,
121,2025-04-27,15:41:40.77,8,2,"Frazier, J.J.",1000297569,Left,CLU_KIN,"Gold, Jack",1000108729,Left,POM_COL,Undefined,4,Bottom,2,1,0,Fastball,Changeup,StrikeSwinging,Undefined,Undefined,Undefined,0,0,,77.45474,-0.734069,-4.362121,1899.606837,218.715372,1:15,6.24392,2.7984,5.6631,-27.59238,19.51336,14.43087,3.25803,-0.07452,70.91165,-5.893348,-1.793518,0.493979,,,,,,,,,,,,-8.46398,10.54646,-2.43802,50,6.16436,8.00454,-112.1706,-2.22525,-10.81222,19.78927,-18.70159,POM_COL,CLU_KIN,PomonaPitzer,D3,Team,20250427-PomonaPitzer-2,c9bc7090-23b8-11f0-8e2e-710d118fca12,76.30374,,,6.54309,,,,,,,d6dd59cf-f9ac-4159-a241-cd4264778e4a,2025-04-27,22:41:40.77,2025-04-27T15:41:40.7797248-07:00,2025-04-27T22:41:40.7797248Z,,v3,POM_PIT,,,"Matsumoto, Noah",1000029302,Right,CLU_KIN,dd0c561c-05c1-418c-a4fe-6791818dfa60,54.83469,-113.02032,9.89464,6.24267,-1.42223,-9.35079,-2.79169,8.46881,-5.40611,,,,,,,,,,,,,,,,,,,,,,,,,,,,,,,,,,,,,,,,,,,,,,,,,,,High,High,High,,,,,
122,2025-04-27,15:41:57.32,8,3,"Frazier, J.J.",1000297569,Left,CLU_KIN,"Gold, Jack",1000108729,Left,POM_COL,Undefined,4,Bottom,2,1,1,Fastball,Changeup,BallCalled,Undefined,Undefined,Undefined,0,0,,78.00759,-0.140577,-3.172434,1936.003168,230.161705,1:45,6.35939,2.65385,5.5874,-29.00218,17.32788,19.05206,3.81107,1.27604,71.58364,-5.541226,0.222235,0.489895,,,,,,,,,,,,-10.40245,9.23611,-2.3935,50,6.32852,5.52707,-113.16443,-1.13879,-13.55683,19.6856,-20.13723,POM_COL,CLU_KIN,PomonaPitzer,D3,Team,20250427-PomonaPitzer-2,d394bbe0-23b8-11f0-8e2e-710d118fca12,76.93987,,,6.42394,,,,,,,d6dd59cf-f9ac-4159-a241-cd4264778e4a,2025-04-27,22:41:57.32,2025-04-27T15:41:57.3241856-07:00,2025-04-27T22:41:57.3241856Z,,v3,POM_PIT,,,"Matsumoto, Noah",1000029302,Right,CLU_KIN,70bb143c-08ee-42e1-9bbd-aca81ebebda1,54.91111,-114.01555,9.8428,6.35893,-0.26815,-10.06862,-2.64514,6.11321,-6.77842,,,,,,,,,,,,,,,,,,,,,,,,,,,,,,,,,,,,,,,,,,,,,,,,,,,High,High,High,,,,,
123,2025-04-27,15:42:15.00,8,4,"Frazier, J.J.",1000297569,Left,CLU_KIN,"Gold, Jack",1000108729,Left,POM_COL,Undefined,4,Bottom,2,2,1,Fastball,Changeup,BallCalled,Undefined,Undefined,Undefined,0,0,,78.3665,-2.309032,-3.239249,1984.802302,234.68005,1:45,6.1599,2.69007,5.52864,-30.9286,15.27052,19.45198,1.41933,1.27968,72.03853,-8.017891,0.226768,0.489202,,,,,,,,,,,,-10.67914,8.79776,-2.42149,50,5.93837,5.66922,-113.56446,-5.53848,-13.97547,20.39086,-20.66073,POM_COL,CLU_KIN,PomonaPitzer,D3,Team,20250427-PomonaPitzer-2,de27f2c0-23b8-11f0-8e2e-710d118fca12,77.04881,,,6.32798,,,,,,,d6dd59cf-f9ac-4159-a241-cd4264778e4a,2025-04-27,22:42:15.00,2025-04-27T15:42:15.0071808-07:00,2025-04-27T22:42:15.0071808Z,,v3,POM_PIT,,,"Matsumoto, Noah",1000029302,Right,CLU_KIN,95a7009f-6f10-4e77-a582-35f5aeb651a3,54.97066,-114.45348,10.19543,6.16021,-4.63769,-10.33036,-2.68195,6.27853,-6.98773,,,,,,,,,,,,,,,,,,,,,,,,,,,,,,,,,,,,,,,,,,,,,,,,,,,High,High,High,,,,,
124,2025-04-27,15:42:34.01,8,5,"Frazier, J.J.",1000297569,Left,CLU_KIN,"Gold, Jack",1000108729,Left,POM_COL,Undefined,4,Bottom,2,3,1,Fastball,Changeup,BallCalled,Walk,Undefined,Undefined,0,0,,78.59943,-0.003717,-2.76589,1874.28154,224.33478,1:30,6.11294,2.69322,5.85857,-27.11088,18.68344,16.67965,3.85024,1.51147,71.10175,-5.131649,0.222151,0.487054,,,,,,,,,,,,-9.27178,9.99804,-2.4779,50,6.09698,4.8534,-113.91664,-0.75145,-12.05974,22.91345,-19.16967,POM_COL,CLU_KIN,PomonaPitzer,D3,Team,20250427-PomonaPitzer-2,e9735610-23b8-11f0-8e2e-710d118fca12,77.38861,,,7.49768,,,,,,,d6dd59cf-f9ac-4159-a241-cd4264778e4a,2025-04-27,22:42:34.01,2025-04-27T15:42:34.0147712-07:00,2025-04-27T22:42:34.0147712Z,,v3,POM_PIT,,,"Matsumoto, Noah",1000029302,Right,CLU_KIN,d051ff84-e8b8-477c-814d-5944884f7382,54.63694,-114.84554,11.45673,6.11169,0.02568,-9.58483,-2.68456,5.3423,-6.02987,,,,,,,,,,,,,,,,,,,,,,,,,,,,,,,,,,,,,,,,,,,,,,,,,,,High,High,High,,,,,
125,2025-04-27,15:43:05.30,9,1,"Frazier, J.J.",1000297569,Left,CLU_KIN,"Pierantoni, Greg",1000091552,Right,POM_COL,Undefined,4,Bottom,2,0,0,Slider,Curveball,BallCalled,Undefined,Undefined,Undefined,0,0,,72.24309,-0.442296,-4.248919,1798.969732,175.874795,11:45,5.9589,2.81022,5.74638,-41.13423,12.90973,-0.80839,2.11812,-1.2203,66.52172,-8.019059,-4.392971,0.529109,,,,,,,,,,,,-0.76126,7.22977,-2.45601,50,5.89704,7.8017,-104.63225,-1.96864,-0.8447,17.50608,-24.15205,POM_COL,CLU_KIN,PomonaPitzer,D3,Team,20250427-PomonaPitzer-2,fc2393b0-23b8-11f0-8e2e-710d118fca12,71.23761,,,5.72136,,,,,,,d6dd59cf-f9ac-4159-a241-cd4264778e4a,2025-04-27,22:43:05.30,2025-04-27T15:43:05.3053952-07:00,2025-04-27T22:43:05.3053952Z,,v3,POM_PIT,,,"Matsumoto, Noah",1000029302,Right,CLU_KIN,6654f222-cf65-45d2-a7ac-1e2de6224b79,54.75105,-105.42416,8.75304,5.96138,-0.87609,-12.07602,-2.80979,7.83991,-0.42235,,,,,,,,,,,,,,,,,,,,,,,,,,,,,,,,,,,,,,,,,,,,,,,,,,,High,High,High,,,,,
126,2025-04-27,15:43:22.41,9,2,"Frazier, J.J.",1000297569,Left,CLU_KIN,"Pierantoni, Greg",1000091552,Right,POM_COL,Undefined,4,Bottom,2,1,0,Fastball,Changeup,InPlay,Undefined,GroundBall,Out,1,0,,79.72357,-2.012684,-3.955652,1966.78671,227.474356,1:30,6.16194,2.5767,5.83365,-28.31072,15.5717,15.53926,1.92666,0.18896,73.64192,-7.267692,-1.176066,0.476779,92.68087,6.743187,-13.195618,1016.301276,,,,97.95926,91.74317,-15.463389,0.794817,-8.96729,8.88004,-2.26288,50,5.98053,7.41304,-115.59702,-4.90914,-12.24002,19.78074,-20.05311,POM_COL,CLU_KIN,PomonaPitzer,D3,Team,20250427-PomonaPitzer-2,066e01c0-23b9-11f0-8e2e-710d118fca12,79.05649,4.39051,,6.08165,,,,0.85922,1.76896,-0.13009,d6dd59cf-f9ac-4159-a241-cd4264778e4a,2025-04-27,22:43:22.41,2025-04-27T15:43:22.4113664-07:00,2025-04-27T22:43:22.4113664Z,GroundBall,v3,POM_PIT,,,"Matsumoto, Noah",1000029302,Right,CLU_KIN,83302624-194b-4ca8-88f3-5e1a2e0de959,54.66695,-116.39288,9.89037,6.16181,-4.10232,-10.02656,-2.57104,7.90551,-6.12001,48.250908,0.90562,130.63452,-16.40814,,,,,,,1.83347,14.85579,-21.68711,,,,,,,-0.10384,-31.26903,-1.87538,,,,,,,,,,,,,,,,,,,,,,,,,,,,,High,High,High,High,High,,,
127,2025-04-27,15:45:20.76,1,1,"Woods, Eamonn",1000115603,Right,POM_COL,"Quinn, Josh",1000125247,Right,CLU_KIN,Undefined,5,Top,0,0,0,Fastball,Changeup,InPlay,Undefined,Popup,Out,1,0,,84.16245,0.408259,-3.1226,1862.646759,242.206717,2:00,5.23721,1.32678,5.99734,-28.02297,11.17201,18.91686,3.28085,0.00676,77.11907,-4.828485,0.274331,0.450595,,,,,,,,,,,,-10.60461,5.99193,-1.09133,50,5.25389,5.93394,-122.21209,0.00741,-16.08825,23.38501,-23.08371,POM_COL,CLU_KIN,PomonaPitzer,D3,Team,20250427-PomonaPitzer-2,4ceae5f0-23b9-11f0-8e2e-710d118fca12,83.65031,,,7.04338,,,,,,,d6dd59cf-f9ac-4159-a241-cd4264778e4a,2025-04-27,22:45:20.76,2025-04-27T15:45:20.7695360-07:00,2025-04-27T22:45:20.7695360Z,,v3,POM_PIT,,,"Lee, Sammy",1000276388,Right,POM_COL,a644b34e-3b6f-4956-8506-5825f33c05d4,54.50388,-123.07088,11.6925,5.23805,0.85514,-11.54186,-1.32009,6.52476,-8.04413,,,,,,,,,,,,,,,,,,,,,,,,,,,,,,,,,,,,,,,,,,,,,,,,,,,High,High,High,,,,,
128,2025-04-27,15:45:49.54,2,1,"Woods, Eamonn",1000115603,Right,POM_COL,"Matsumoto, Noah",1000029302,Right,CLU_KIN,Undefined,5,Top,1,0,0,Fastball,Changeup,StrikeCalled,Undefined,Undefined,Undefined,0,0,,84.51083,-0.34088,-2.575605,1852.790624,239.915238,2:00,5.2076,1.40377,6.05475,-27.06442,11.76564,18.21513,2.63637,0.53598,77.39773,-5.408352,0.701762,0.448493,,,,,,,,,,,,-10.01686,6.52918,-1.21272,50,5.16657,4.79288,-122.73424,-1.55803,-15.30366,23.92746,-22.19884,POM_COL,CLU_KIN,PomonaPitzer,D3,Team,20250427-PomonaPitzer-2,5dfe3c70-23b9-11f0-8e2e-710d118fca12,84.04246,,,7.1131,,,,,,,d6dd59cf-f9ac-4159-a241-cd4264778e4a,2025-04-27,22:45:49.54,2025-04-27T15:45:49.5455744-07:00,2025-04-27T22:45:49.5455744Z,,v3,POM_PIT,,,"Lee, Sammy",1000276388,Right,POM_COL,9d420a1d-2a45-4347-81e4-2606b6b137c2,54.44442,-123.59765,11.96373,5.20833,-0.75699,-11.09942,-1.39564,5.34511,-7.65183,,,,,,,,,,,,,,,,,,,,,,,,,,,,,,,,,,,,,,,,,,,,,,,,,,,High,High,High,,,,,
129,2025-04-27,15:46:02.43,2,2,"Woods, Eamonn",1000115603,Right,POM_COL,"Matsumoto, Noah",1000029302,Right,CLU_KIN,Undefined,5,Top,1,0,1,Curveball,Curveball,BallCalled,Undefined,Undefined,Undefined,0,0,,73.15243,4.726883,-0.220606,2101.460116,21.771131,6:45,5.38123,1.30335,5.63776,-68.82964,-15.55757,-6.91059,4.06534,0.52166,66.57879,-7.835613,-1.453994,0.525317,,,,,,,,,,,,3.38658,-8.57221,-1.28029,50,5.74071,0.66655,-105.94787,6.53668,3.82037,19.37245,-41.84431,POM_COL,CLU_KIN,PomonaPitzer,D3,Team,20250427-PomonaPitzer-2,65b29650-23b9-11f0-8e2e-710d118fca12,71.75184,,,6.57365,,,,,,,d6dd59cf-f9ac-4159-a241-cd4264778e4a,2025-04-27,22:46:02.43,2025-04-27T15:46:02.4395776-07:00,2025-04-27T22:46:02.4395776Z,,v3,POM_PIT,,,"Lee, Sammy",1000276388,Right,POM_COL,77e531bf-8809-4d10-9076-c8c2afc09c6a,54.86572,-106.83386,9.68622,5.398,8.4504,-20.92216,-1.30677,0.49182,1.91018,,,,,,,,,,,,,,,,,,,,,,,,,,,,,,,,,,,,,,,,,,,,,,,,,,,High,High,High,,,,,
130,2025-04-27,15:46:16.76,2,3,"Woods, Eamonn",1000115603,Right,POM_COL,"Matsumoto, Noah",1000029302,Right,CLU_KIN,Undefined,5,Top,1,1,1,Fastball,Changeup,StrikeSwinging,Undefined,Undefined,Undefined,0,0,,83.85197,-0.153251,-1.973413,1948.590724,219.068713,1:15,5.12394,1.56782,6.17673,-20.02434,19.39143,14.69835,3.31364,0.96947,76.33691,-3.98518,0.677078,0.451863,,,,,,,,,,,,-8.09056,10.42898,-1.4254,50,5.1019,3.61413,-121.76196,-0.84292,-12.10918,24.58833,-16.56491,POM_COL,CLU_KIN,PomonaPitzer,D3,Team,20250427-PomonaPitzer-2,6e3a45c0-23b9-11f0-8e2e-710d118fca12,83.4157,,,7.51506,,,,,,,d6dd59cf-f9ac-4159-a241-cd4264778e4a,2025-04-27,22:46:16.76,2025-04-27T15:46:16.7647744-07:00,2025-04-27T22:46:16.7647744Z,,v3,POM_PIT,,,"Lee, Sammy",1000276388,Right,POM_COL,b4e67c23-147f-43f9-a665-a83156c82d27,54.32032,-122.6313,12.29417,5.12135,-0.25726,-8.28245,-1.56074,4.04226,-6.05459,,,,,,,,,,,,,,,,,,,,,,,,,,,,,,,,,,,,,,,,,,,,,,,,,,,High,High,High,,,,,
131,2025-04-27,15:46:36.94,2,4,"Woods, Eamonn",1000115603,Right,POM_COL,"Matsumoto, Noah",1000029302,Right,CLU_KIN,Undefined,5,Top,1,1,2,Fastball,Changeup,InPlay,Undefined,FlyBall,Out,1,0,,84.52119,-0.653716,-2.205865,2006.998406,239.622195,2:00,4.9718,1.65468,6.24161,-25.78068,12.8404,19.79981,2.21996,1.26899,77.26812,-5.509526,1.37095,0.447284,73.67956,33.654209,-29.597964,4402.549663,91.02153,47.32586,-61.76609,223.71959,114.91207,-38.76649,3.42768,-10.87075,7.22067,-1.49966,50,4.91032,3.96852,-122.79875,-2.15081,-16.57179,24.69133,-21.16655,POM_COL,CLU_KIN,PomonaPitzer,D3,Team,20250427-PomonaPitzer-2,7a588970-23b9-11f0-8e2e-710d118fca12,84.26954,47.95424,,7.25307,,,,-0.08853,2.17794,-1.27645,d6dd59cf-f9ac-4159-a241-cd4264778e4a,2025-04-27,22:46:36.94,2025-04-27T15:46:36.9446400-07:00,2025-04-27T22:46:36.9446400Z,FlyBall,v3,POM_PIT,,,"Lee, Sammy",1000276388,Right,POM_COL,75b376d4-4378-4ae7-8f56-67510a2bfbbd,54.2583,-123.65202,12.34567,4.97201,-1.41935,-10.58327,-1.6467,4.54119,-8.2859,,-0.08914,78.23478,-12.62331,2.67982,-0.90677,0.37446,-0.12119,0.02183,-0.00158,2.17827,59.87537,-22.24012,2.14579,-0.28662,-0.03711,0.03189,-0.00634,0.00043,-1.27621,-44.43653,1.58929,-0.32496,0.20334,-0.12022,0.04335,-0.00805,0.00059,,,,,,,,,,,,,,,,,,,,,,,High,High,High,High,Medium,,,
132,2025-04-27,15:47:09.64,3,1,"Woods, Eamonn",1000115603,Right,POM_COL,"Orozco, Daniel",1000302991,Left,CLU_KIN,Undefined,5,Top,2,0,0,Fastball,Four-Seam,BallCalled,Undefined,Undefined,Undefined,0,0,,85.5766,-0.392659,-4.033288,2109.962229,225.505097,1:30,5.31152,1.14674,6.12707,-19.69942,18.4091,17.43091,3.30603,-1.13518,77.66757,-4.158943,-0.90115,0.444306,,,,,,,,,,,,-10.30087,10.03036,-0.8473,50,5.27129,8.08168,-124.07027,-1.39185,-15.95779,26.2471,-16.63529,POM_COL,CLU_KIN,PomonaPitzer,D3,Team,20250427-PomonaPitzer-2,8dccda60-23b9-11f0-8e2e-710d118fca12,84.83435,,,7.90903,,,,,,,d6dd59cf-f9ac-4159-a241-cd4264778e4a,2025-04-27,22:47:09.64,2025-04-27T15:47:09.6499712-07:00,2025-04-27T22:47:09.6499712Z,,v3,POM_PIT,,,"Lee, Sammy",1000276388,Right,POM_COL,8603d729-d470-4327-ae23-7aa786decd0f,54.37383,-124.99213,13.12355,5.30991,-0.80758,-8.31764,-1.14099,8.64216,-7.97889,,,,,,,,,,,,,,,,,,,,,,,,,,,,,,,,,,,,,,,,,,,,,,,,,,,High,High,High,,,,,
133,2025-04-27,15:47:25.47,3,2,"Woods, Eamonn",1000115603,Right,POM_COL,"Orozco, Daniel",1000302991,Left,CLU_KIN,Undefined,5,Top,2,1,0,Fastball,Changeup,FoulBallNotFieldable,Undefined,Undefined,Undefined,0,0,,83.30705,0.088819,-1.992633,1988.417175,239.347179,2:00,5.10112,1.49012,6.44361,-26.8723,12.43434,18.94438,2.94342,1.23712,76.36344,-4.984427,1.442419,0.451236,,,,,,,,,,,,-10.50087,6.84437,-1.35699,50,5.09521,3.53446,-121.14574,-0.5564,-15.62332,23.41516,-21.99091,POM_COL,CLU_KIN,PomonaPitzer,D3,Team,20250427-PomonaPitzer-2,974663e0-23b9-11f0-8e2e-710d118fca12,83.53145,,,6.94361,,,,,,,d6dd59cf-f9ac-4159-a241-cd4264778e4a,2025-04-27,22:47:25.47,2025-04-27T15:47:25.4751232-07:00,2025-04-27T22:47:25.4751232Z,,v3,POM_PIT,,,"Lee, Sammy",1000276388,Right,POM_COL,c92ab86f-5f8b-4191-a279-602a0ddb8ef0,54.0576,-121.92747,11.70758,5.10153,0.17778,-10.99545,-1.48369,4.05606,-7.81166,,,,,,,,,,,,,,,,,,,,,,,,,,,,,,,,,,,,,,,,,,,,,,,,,,,High,High,High,,,,,
134,2025-04-27,15:47:44.69,3,3,"Woods, Eamonn",1000115603,Right,POM_COL,"Orozco, Daniel",1000302991,Left,CLU_KIN,Undefined,5,Top,2,1,1,Curveball,Curveball,StrikeCalled,Undefined,Undefined,Undefined,0,0,,73.30144,3.835862,-0.152479,1987.605865,9.754251,6:15,5.29921,1.48593,5.46014,-64.14295,-10.60296,-2.13756,3.54983,1.16507,66.51169,-7.868975,-0.533036,0.526636,,,,,,,,,,,,1.01268,-5.7941,-1.47105,50,5.59448,0.36458,-106.15462,5.01086,1.14272,20.05605,-38.71215,POM_COL,CLU_KIN,PomonaPitzer,D3,Team,20250427-PomonaPitzer-2,a2ad3e70-23b9-11f0-8e2e-710d118fca12,71.5721,,,6.78975,,,,,,,d6dd59cf-f9ac-4159-a241-cd4264778e4a,2025-04-27,22:47:44.69,2025-04-27T15:47:44.6981120-07:00,2025-04-27T22:47:44.6981120Z,,v3,POM_PIT,,,"Lee, Sammy",1000276388,Right,POM_COL,87e4a9f8-bf0f-4c46-b972-d20bb60f3c94,55.04012,-107.10262,10.02803,5.31438,6.8407,-19.35607,-1.487,0.31057,0.57136,,,,,,,,,,,,,,,,,,,,,,,,,,,,,,,,,,,,,,,,,,,,,,,,,,,High,High,High,,,,,
135,2025-04-27,15:48:02.32,3,4,"Woods, Eamonn",1000115603,Right,POM_COL,"Orozco, Daniel",1000302991,Left,CLU_KIN,Undefined,5,Top,2,1,2,Fastball,Four-Seam,BallCalled,Undefined,Undefined,Undefined,0,0,,85.76849,0.830631,-1.25175,2156.020788,191.372,12:30,5.55431,1.0943,6.03523,-15.1632,23.03076,4.3654,5.06011,0.29879,77.30918,-2.13534,-0.466629,0.444804,,,,,,,,,,,,-2.60099,11.89615,-0.99872,50,5.61059,2.53475,-124.39963,1.46658,-4.02951,27.60205,-13.74425,POM_COL,CLU_KIN,PomonaPitzer,D3,Team,20250427-PomonaPitzer-2,ad1f7fd0-23b9-11f0-8e2e-710d118fca12,84.73942,,,8.45931,,,,,,,d6dd59cf-f9ac-4159-a241-cd4264778e4a,2025-04-27,22:48:02.32,2025-04-27T15:48:02.3253504-07:00,2025-04-27T22:48:02.3253504Z,,v3,POM_PIT,,,"Lee, Sammy",1000276388,Right,POM_COL,841fc229-01c3-476b-9409-3b56303358b9,54.45869,-125.38503,13.80102,5.54947,1.95726,-6.87213,-1.09178,2.67861,-2.01476,,,,,,,,,,,,,,,,,,,,,,,,,,,,,,,,,,,,,,,,,,,,,,,,,,,High,High,High,,,,,
136,2025-04-27,15:48:20.14,3,5,"Woods, Eamonn",1000115603,Right,POM_COL,"Orozco, Daniel",1000302991,Left,CLU_KIN,Undefined,5,Top,2,2,2,Slider,Curveball,BallCalled,Undefined,Undefined,Undefined,0,0,,78.26618,-0.513813,0.712833,2085.090824,28.051931,7:00,5.43739,1.08603,5.58284,-53.17227,-5.30799,-3.90914,0.52647,1.42601,69.74245,-10.276099,0.012699,0.49794,,,,,,,,,,,,2.24646,-1.84764,-1.14474,50,5.35936,-1.2523,-113.23034,-2.80366,2.80164,28.25104,-34.47827,POM_COL,CLU_KIN,PomonaPitzer,D3,Team,20250427-PomonaPitzer-2,b7e2c760-23b9-11f0-8e2e-710d118fca12,75.69671,,,8.52374,,,,,,,d6dd59cf-f9ac-4159-a241-cd4264778e4a,2025-04-27,22:48:20.14,2025-04-27T15:48:20.1404928-07:00,2025-04-27T22:48:20.1404928Z,,v3,POM_PIT,,,"Lee, Sammy",1000276388,Right,POM_COL,34e82f4e-fa2e-43de-b6a0-7aa8434d051f,54.91213,-114.44936,14.12552,5.44824,-1.31594,-17.23913,-1.0881,-1.37319,1.40082,,,,,,,,,,,,,,,,,,,,,,,,,,,,,,,,,,,,,,,,,,,,,,,,,,,High,High,High,,,,,
137,2025-04-27,15:48:41.03,3,6,"Woods, Eamonn",1000115603,Right,POM_COL,"Orozco, Daniel",1000302991,Left,CLU_KIN,Undefined,5,Top,2,3,2,Fastball,Changeup,FoulBallNotFieldable,Undefined,Undefined,Undefined,0,0,,84.34854,0.270973,-2.864502,1782.141087,227.019812,1:30,5.10449,1.62751,6.20974,-22.39139,16.79458,16.56973,3.48896,0.36234,76.28308,-4.004068,0.122767,0.450543,,,,,,,,,,,,-9.48725,9.01264,-1.42066,50,5.11364,5.48767,-122.37821,-0.0306,-14.2371,26.50907,-18.64916,POM_COL,CLU_KIN,PomonaPitzer,D3,Team,20250427-PomonaPitzer-2,c446edb0-23b9-11f0-8e2e-710d118fca12,83.65994,,,8.06546,,,,,,,d6dd59cf-f9ac-4159-a241-cd4264778e4a,2025-04-27,22:48:41.03,2025-04-27T15:48:41.0375168-07:00,2025-04-27T22:48:41.0375168Z,,v3,POM_PIT,,,"Lee, Sammy",1000276388,Right,POM_COL,230e6575-421d-403f-a389-55ad72a0f1d2,54.28919,-123.30381,13.25453,5.10334,0.62057,-9.32458,-1.62095,5.98478,-7.11855,,,,,,,,,,,,,,,,,,,,,,,,,,,,,,,,,,,,,,,,,,,,,,,,,,,High,High,High,,,,,
138,2025-04-27,15:49:04.58,3,7,"Woods, Eamonn",1000115603,Right,POM_COL,"Orozco, Daniel",1000302991,Left,CLU_KIN,Undefined,5,Top,2,3,2,Fastball,Four-Seam,StrikeCalled,Strikeout,Undefined,Undefined,0,0,,85.18055,-0.776172,-2.206142,2003.44995,198.339931,12:30,5.52768,0.95935,6.14333,-16.79623,21.878,6.79024,3.41015,-0.51452,76.74614,-4.041776,-0.983103,0.447592,,,,,,,,,,,,-4.15406,11.88272,-0.79433,50,5.45949,4.47716,-123.48816,-2.06435,-6.32755,27.70047,-14.07396,POM_COL,CLU_KIN,PomonaPitzer,D3,Team,20250427-PomonaPitzer-2,d23f2180-23b9-11f0-8e2e-710d118fca12,84.21162,,,8.43441,,,,,,,d6dd59cf-f9ac-4159-a241-cd4264778e4a,2025-04-27,22:49:04.58,2025-04-27T15:49:04.5860000-07:00,2025-04-27T22:49:04.5860000Z,,v3,POM_PIT,,,"Lee, Sammy",1000276388,Right,POM_COL,37897857-e2f6-4914-b2e6-2bf385a4dea8,54.35051,-124.46022,13.85024,5.52327,-1.57047,-7.03698,-0.95534,4.69921,-3.16378,,,,,,,,,,,,,,,,,,,,,,,,,,,,,61.9454,2.521818,1.39904,1.122778,-2.46537,3.12573,0.5781,-2.83223,3.77474,-0.00525,72.67871,5.2993,-52.10457,-2.82236,70.11029,-2.55417,3.81553,17.54294,-14.45621,-0.08355,-53.86665,6.72655,High,High,High,,,High,High,High
139,2025-04-27,15:51:08.58,1,1,"Frazier, J.J.",1000297569,Left,CLU_KIN,"Berry, Cooper",1000276381,Left,POM_COL,Undefined,5,Bottom,0,0,0,Fastball,Changeup,BallCalled,Undefined,Undefined,Undefined,0,0,,79.40947,-3.085866,-4.510288,1988.181268,235.937756,1:45,6.13633,2.62636,5.6312,-30.57199,14.23095,18.97863,0.69767,-0.0091,73.32141,-8.712126,-1.128898,0.481753,,,,,,,,,,,,-10.81816,8.45075,-2.25424,50,5.85306,8.33858,-114.91703,-7.15897,-14.56106,19.99111,-20.79947,POM_COL,CLU_KIN,PomonaPitzer,D3,Team,20250427-PomonaPitzer-2,1c429460-23ba-11f0-8e2e-710d118fca12,78.24013,,,6.08806,,,,,,,d6dd59cf-f9ac-4159-a241-cd4264778e4a,2025-04-27,22:51:08.58,2025-04-27T15:51:08.5839872-07:00,2025-04-27T22:51:08.5839872Z,,v3,POM_PIT,,,"Matsumoto, Noah",1000029302,Right,CLU_KIN,49bcbc9c-58b1-4539-b252-c4d6a914ec0a,54.86957,-115.76105,9.99555,6.13677,-6.28083,-10.39974,-2.61927,8.95334,-7.28053,,,,,,,,,,,,,,,,,,,,,,,,,,,,,,,,,,,,,,,,,,,,,,,,,,,High,High,High,,,,,
140,2025-04-27,15:51:28.30,1,2,"Frazier, J.J.",1000297569,Left,CLU_KIN,"Berry, Cooper",1000276381,Left,POM_COL,Undefined,5,Bottom,0,1,0,Fastball,Changeup,StrikeCalled,Undefined,Undefined,Undefined,0,0,,79.55306,-1.57403,-5.057928,1940.020296,210.366306,1:00,6.05602,2.74362,5.81625,-19.89895,25.11828,13.76591,2.92813,-0.82441,71.91573,-5.395512,-2.605647,0.482904,,,,,,,,,,,,-8.46587,13.69493,-2.33619,50,5.91476,9.62479,-114.92808,-3.64916,-11.22194,23.07571,-14.02072,POM_COL,CLU_KIN,PomonaPitzer,D3,Team,20250427-PomonaPitzer-2,27ece090-23ba-11f0-8e2e-710d118fca12,78.05366,,,7.63733,,,,,,,d6dd59cf-f9ac-4159-a241-cd4264778e4a,2025-04-27,22:51:28.30,2025-04-27T15:51:28.3035136-07:00,2025-04-27T22:51:28.3035136Z,,v3,POM_PIT,,,"Matsumoto, Noah",1000029302,Right,CLU_KIN,a34e0f48-406e-4946-a02e-39ac511f7e13,54.6786,-115.86366,11.53785,6.05119,-3.08071,-7.01036,-2.73565,10.07977,-5.61097,,,,,,,,,,,,,,,,,,,,,,,,,,,,,,,,,,,,,,,,,,,,,,,,,,,High,High,High,,,,,
141,2025-04-27,15:51:44.46,1,3,"Frazier, J.J.",1000297569,Left,CLU_KIN,"Berry, Cooper",1000276381,Left,POM_COL,Undefined,5,Bottom,0,1,1,Fastball,Changeup,InPlay,Undefined,LineDrive,Out,1,0,,80.58501,-0.971768,-3.023551,1989.235376,223.211031,1:30,6.05677,2.78024,5.69541,-23.23682,20.55037,17.8643,3.2134,1.4486,73.01889,-5.373356,0.166435,0.476261,78.001,10.457036,18.415829,1743.457887,,,,127.43773,125.16621,22.201349,1.280741,-9.99438,11.18024,-2.53748,50,5.96086,5.46419,-116.77933,-2.635,-13.67713,23.84563,-16.87407,POM_COL,CLU_KIN,PomonaPitzer,D3,Team,20250427-PomonaPitzer-2,31aaed20-23ba-11f0-8e2e-710d118fca12,79.14239,8.7964,,7.56613,,,,0.58459,3.14486,-1.4462,d6dd59cf-f9ac-4159-a241-cd4264778e4a,2025-04-27,22:51:44.46,2025-04-27T15:51:44.4626944-07:00,2025-04-27T22:51:44.4626944Z,GroundBall,v3,POM_PIT,,,"Matsumoto, Noah",1000029302,Right,CLU_KIN,a930cf04-bbe4-473e-8f01-77b3e5e89800,54.80275,-117.75594,11.92282,6.05462,-1.94391,-8.43703,-2.77274,6.02434,-6.83856,277.14021,0.58459,106.73942,-14.28173,2.43223,-0.28481,-0.29798,0.34743,-0.16848,0.03154,3.14486,20.76377,-19.92103,1.75827,-0.40852,0.197,-0.13617,0.06184,-0.01154,-1.44621,35.54155,3.595,-1.02988,-0.22328,0.89128,-0.90191,0.43277,-0.08135,,,,,,,,,,,,,,,,,,,,,,,High,High,High,High,High,,,
142,2025-04-27,15:52:12.06,2,1,"Frazier, J.J.",1000297569,Left,CLU_KIN,"Hattenburg, Xavier",10277269,Left,POM_COL,Undefined,5,Bottom,1,0,0,Fastball,Changeup,BallCalled,Undefined,Undefined,Undefined,0,0,,80.9852,-2.772595,-3.853306,1934.441188,229.01259,1:45,6.05775,2.8908,5.74853,-25.9347,17.42544,18.29769,1.30739,0.82278,73.6898,-7.627941,-0.584059,0.473933,,,,,,,,,,,,-10.43997,10.14713,-2.58151,50,5.81114,7.16912,-117.16748,-6.44752,-14.40794,23.632,-18.17023,POM_COL,CLU_KIN,PomonaPitzer,D3,Team,20250427-PomonaPitzer-2,421b9b00-23ba-11f0-8e2e-710d118fca12,79.53119,,,7.2954,,,,,,,d6dd59cf-f9ac-4159-a241-cd4264778e4a,2025-04-27,22:52:12.06,2025-04-27T15:52:12.0670720-07:00,2025-04-27T22:52:12.0670720Z,,v3,POM_PIT,,,"Matsumoto, Noah",1000029302,Right,CLU_KIN,fad8daf3-3da8-4e2f-b7e5-fa65f10d4e22,54.74963,-118.12157,11.816,6.05663,-5.71393,-9.08512,-2.88269,7.75081,-7.20397,,,,,,,,,,,,,,,,,,,,,,,,,,,,,,,,,,,,,,,,,,,,,,,,,,,High,High,High,,,,,
143,2025-04-27,15:52:26.67,2,2,"Frazier, J.J.",1000297569,Left,CLU_KIN,"Hattenburg, Xavier",10277269,Left,POM_COL,Undefined,5,Bottom,1,1,0,Fastball,Changeup,StrikeSwinging,Undefined,Undefined,Undefined,0,0,,79.82039,-0.703062,-3.88152,1985.164767,216.139886,1:15,6.14109,2.7573,5.85097,-21.91111,22.57816,15.33603,3.66034,0.42303,72.16843,-4.88995,-1.139864,0.480064,,,,,,,,,,,,-8.92087,12.15859,-2.44992,50,6.07102,7.23222,-115.54937,-1.98161,-11.94963,23.38595,-15.88742,POM_COL,CLU_KIN,PomonaPitzer,D3,Team,20250427-PomonaPitzer-2,4ab48880-23ba-11f0-8e2e-710d118fca12,78.51544,,,7.65195,,,,,,,d6dd59cf-f9ac-4159-a241-cd4264778e4a,2025-04-27,22:52:26.67,2025-04-27T15:52:26.6782720-07:00,2025-04-27T22:52:26.6782720Z,,v3,POM_PIT,,,"Matsumoto, Noah",1000029302,Right,CLU_KIN,164f176e-2036-4a64-9969-d0359eb3f891,54.64438,-116.48555,11.69298,6.13762,-1.34561,-7.94371,-2.74902,7.71059,-5.97481,,,,,,,,,,,,,,,,,,,,,,,,,,,,,,,,,,,,,,,,,,,,,,,,,,,High,High,High,,,,,
144,2025-04-27,15:52:42.20,2,3,"Frazier, J.J.",1000297569,Left,CLU_KIN,"Hattenburg, Xavier",10277269,Left,POM_COL,Undefined,5,Bottom,1,1,1,Fastball,Changeup,StrikeCalled,Undefined,Undefined,Undefined,0,0,,78.56349,-2.268882,-4.434284,1931.318471,213.708995,1:00,6.2198,2.57141,5.55211,-24.46025,21.99182,13.57761,2.05387,-0.44892,71.4028,-6.868101,-2.02253,0.49054,,,,,,,,,,,,-8.13729,12.24894,-2.19622,50,6.0071,8.26969,-113.55753,-5.19775,-10.55839,22.02216,-16.28068,POM_COL,CLU_KIN,PomonaPitzer,D3,Team,20250427-PomonaPitzer-2,53fe9d90-23ba-11f0-8e2e-710d118fca12,76.83874,,,7.16069,,,,,,,d6dd59cf-f9ac-4159-a241-cd4264778e4a,2025-04-27,22:52:42.20,2025-04-27T15:52:42.2067712-07:00,2025-04-27T22:52:42.2067712Z,,v3,POM_PIT,,,"Matsumoto, Noah",1000029302,Right,CLU_KIN,33c863a6-2a6b-471b-964f-72fb2f405d26,54.94443,-114.51239,11.01108,6.21716,-4.49183,-8.14034,-2.56471,8.72748,-5.27919,,,,,,,,,,,,,,,,,,,,,,,,,,,,,,,,,,,,,,,,,,,,,,,,,,,High,High,High,,,,,
145,2025-04-27,15:52:58.34,2,4,"Frazier, J.J.",1000297569,Left,CLU_KIN,"Hattenburg, Xavier",10277269,Left,POM_COL,Undefined,5,Bottom,1,1,2,Fastball,Changeup,InPlay,Undefined,Popup,Out,1,0,,80.67314,-2.754975,-3.607842,1982.939337,218.957018,1:15,6.12519,2.57194,5.60556,-23.23446,20.53033,15.38871,1.61015,0.48199,73.5947,-7.11583,-0.866247,0.476139,60.78038,36.693568,-0.09544,4061.630106,109.49544,46.95521,-10.52263,192.26444,187.1741,-8.623508,3.655665,-8.87225,11.64989,-2.27326,50,5.87416,6.75935,-116.76877,-6.30295,-12.20215,22.78508,-16.15176,POM_COL,CLU_KIN,PomonaPitzer,D3,Team,20250427-PomonaPitzer-2,5daf8ac0-23ba-11f0-8e2e-710d118fca12,79.16267,47.07228,,7.07845,,,,1.93981,1.80619,-0.49297,d6dd59cf-f9ac-4159-a241-cd4264778e4a,2025-04-27,22:52:58.34,2025-04-27T15:52:58.3413760-07:00,2025-04-27T22:52:58.3413760Z,FlyBall,v3,POM_PIT,,,"Matsumoto, Noah",1000029302,Right,CLU_KIN,ce9f71ca-cf1c-4172-a9ec-b1d415b84ff4,54.89363,-117.71979,11.39254,6.12317,-5.6288,-8.07588,-2.56601,7.26865,-6.10108,148.151011,1.94013,71.4715,-10.38327,2.27691,-0.40611,0.07812,-0.02315,0.00531,-0.00048,1.80632,53.26054,-16.84678,0.73973,0.08452,-0.14497,0.06361,-0.01252,0.00092,-0.49284,-0.12257,-4.28636,1.06367,-0.19893,0.02731,-0.00396,0.00084,-9E-05,,,,,,,,,,,,,,,,,,,,,,,High,High,High,High,Medium,,,
146,2025-04-27,15:53:29.96,3,1,"Frazier, J.J.",1000297569,Left,CLU_KIN,"Lee, Sammy",1000276388,Right,POM_COL,Undefined,5,Bottom,2,0,0,Fastball,Changeup,BallCalled,Undefined,Undefined,Undefined,0,0,,78.7707,-3.311509,-4.591478,1927.429202,215.719754,1:15,6.31655,2.52868,5.5498,-22.55462,23.4019,15.72162,1.32909,-0.46097,72.14991,-7.542171,-1.799286,0.487916,,,,,,,,,,,,-9.18083,13.1865,-2.14116,50,6.01414,8.52784,-113.84104,-7.23446,-12.06631,20.60269,-14.84309,POM_COL,CLU_KIN,PomonaPitzer,D3,Team,20250427-PomonaPitzer-2,7074d700-23ba-11f0-8e2e-710d118fca12,77.25191,,,6.62079,,,,,,,d6dd59cf-f9ac-4159-a241-cd4264778e4a,2025-04-27,22:53:29.96,2025-04-27T15:53:29.9685888-07:00,2025-04-27T22:53:29.9685888Z,,v3,POM_PIT,,,"Matsumoto, Noah",1000029302,Right,CLU_KIN,1ef22762-23ab-4911-8062-11f11a034550,54.94855,-114.73312,10.30135,6.31347,-6.59176,-7.42155,-2.52172,9.0503,-6.03315,,,,,,,,,,,,,,,,,,,,,,,,,,,,,,,,,,,,,,,,,,,,,,,,,,,High,High,High,,,,,
147,2025-04-27,15:53:43.30,3,2,"Frazier, J.J.",1000297569,Left,CLU_KIN,"Lee, Sammy",1000276388,Right,POM_COL,Undefined,5,Bottom,2,1,0,Fastball,Changeup,FoulBallNotFieldable,Undefined,Undefined,Undefined,0,0,,78.75589,-2.168675,-4.619904,1969.237565,218.342778,1:15,6.26105,2.36066,5.74971,-23.31411,22.65824,16.61406,2.29168,-0.56519,71.39117,-6.588646,-1.658661,0.488,,,,,,,,,,,,-9.8469,12.66501,-1.9865,50,6.06636,8.56267,-113.85081,-4.94589,-12.81051,22.62214,-15.69723,POM_COL,CLU_KIN,PomonaPitzer,D3,Team,20250427-PomonaPitzer-2,787c0bd0-23ba-11f0-8e2e-710d118fca12,77.23863,,,7.36472,,,,,,,d6dd59cf-f9ac-4159-a241-cd4264778e4a,2025-04-27,22:53:43.30,2025-04-27T15:53:43.3021440-07:00,2025-04-27T22:53:43.3021440Z,,v3,POM_PIT,,,"Matsumoto, Noah",1000029302,Right,CLU_KIN,c6f8b3ad-1dba-4c3f-a2cf-5f6cadbf22c4,54.74792,-114.79034,11.31107,6.25823,-4.29396,-7.84862,-2.35317,9.09471,-6.40525,,,,,,,,,,,,,,,,,,,,,,,,,,,,,,,,,,,,,,,,,,,,,,,,,,,High,High,High,,,,,
148,2025-04-27,15:54:00.48,3,3,"Frazier, J.J.",1000297569,Left,CLU_KIN,"Lee, Sammy",1000276388,Right,POM_COL,Undefined,5,Bottom,2,1,1,Fastball,Changeup,StrikeCalled,Undefined,Undefined,Undefined,0,0,,79.84397,-1.207523,-3.268555,1943.533252,216.037989,1:15,6.30009,2.48483,5.82169,-20.80399,23.9719,16.21292,3.44178,0.79377,71.7548,-5.211637,-0.368347,0.481608,,,,,,,,,,,,-9.21099,13.0378,-2.22631,50,6.18891,5.94607,-115.54725,-2.94941,-12.25023,24.79617,-14.83432,POM_COL,CLU_KIN,PomonaPitzer,D3,Team,20250427-PomonaPitzer-2,82a3afa0-23ba-11f0-8e2e-710d118fca12,78.26376,,,8.08916,,,,,,,d6dd59cf-f9ac-4159-a241-cd4264778e4a,2025-04-27,22:54:00.48,2025-04-27T15:54:00.4885504-07:00,2025-04-27T22:54:00.4885504Z,,v3,POM_PIT,,,"Matsumoto, Noah",1000029302,Right,CLU_KIN,188ee84e-55cd-4b30-bf89-9e86b236b8a0,54.67221,-116.54558,12.39809,6.29564,-2.35216,-7.41716,-2.47564,6.43928,-6.12511,,,,,,,,,,,,,,,,,,,,,,,,,,,,,,,,,,,,,,,,,,,,,,,,,,,High,High,High,,,,,
149,2025-04-27,15:54:16.29,3,4,"Frazier, J.J.",1000297569,Left,CLU_KIN,"Lee, Sammy",1000276388,Right,POM_COL,Undefined,5,Bottom,2,1,2,Fastball,Changeup,FoulBallNotFieldable,Undefined,Undefined,Undefined,0,0,,74.63124,0.447999,-4.11499,1811.679691,226.570878,1:30,6.14752,2.68498,5.67191,-40.6951,9.79737,8.7439,3.17504,-0.42951,68.78951,-7.039799,-2.557562,0.511428,,,,,,,,,,,,-5.51425,5.32607,-2.34273,50,6.15974,7.46758,-108.18272,-0.36594,-6.57527,17.78211,-25.82318,POM_COL,CLU_KIN,PomonaPitzer,D3,Team,20250427-PomonaPitzer-2,8c0eba30-23ba-11f0-8e2e-710d118fca12,73.70037,,,5.84172,,,,,,,d6dd59cf-f9ac-4159-a241-cd4264778e4a,2025-04-27,22:54:16.29,2025-04-27T15:54:16.2992128-07:00,2025-04-27T22:54:16.2992128Z,,v3,POM_PIT,,,"Matsumoto, Noah",1000029302,Right,CLU_KIN,f662ddc5-61f3-48ed-95fd-80b334360e24,54.82747,-108.97333,8.89105,6.15049,0.78219,-12.91159,-2.68124,7.75992,-3.28763,,,,,,,,,,,,,,,,,,,,,,,,,,,,,,,,,,,,,,,,,,,,,,,,,,,High,High,High,,,,,
150,2025-04-27,15:54:45.41,3,5,"Frazier, J.J.",1000297569,Left,CLU_KIN,"Lee, Sammy",1000276388,Right,POM_COL,Undefined,5,Bottom,2,1,2,Fastball,Changeup,FoulBallNotFieldable,Undefined,Undefined,Undefined,0,0,,80.01129,-2.065145,-3.918546,2018.61417,218.388097,1:15,6.25287,2.50652,5.69688,-25.62868,18.81981,13.68493,2.1873,-0.01046,72.78896,-6.873322,-1.477898,0.479844,55.67459,39.88545,57.841663,4930.582086,43.80204,35.9924,100.90269,158.6067,61.77997,70.452927,3.205683,-8.09906,10.62615,-2.18565,50,6.06326,7.39489,-115.78936,-4.92446,-10.92562,22.90133,-17.83935,POM_COL,CLU_KIN,PomonaPitzer,D3,Team,20250427-PomonaPitzer-2,9d85db90-23ba-11f0-8e2e-710d118fca12,78.55145,40.58457,,7.22234,,,,0.36873,2.151,-0.08292,d6dd59cf-f9ac-4159-a241-cd4264778e4a,2025-04-27,22:54:45.41,2025-04-27T15:54:45.4192640-07:00,2025-04-27T22:54:45.4192640Z,Popup,v3,POM_PIT,,,"Matsumoto, Noah",1000029302,Right,CLU_KIN,0dc43831-39c8-4496-9689-e19d26cc4b55,54.80064,-116.73499,11.45066,6.25139,-4.18784,-8.91968,-2.50031,7.84603,-5.46281,,0.36919,33.33469,-8.53671,1.71312,-0.21385,-0.02624,0.00506,0.0021,-0.00038,2.15099,52.36118,-19.48319,1.3428,-0.1219,-0.085,0.05717,-0.01369,0.00118,-0.08266,53.03464,-2.38927,-0.04556,0.22245,-0.12693,0.03474,-0.00412,0.00015,,,,,,,,,,,,,,,,,,,,,,,High,High,High,High,Low,,,
151,2025-04-27,15:55:10.09,3,6,"Frazier, J.J.",1000297569,Left,CLU_KIN,"Lee, Sammy",1000276388,Right,POM_COL,Undefined,5,Bottom,2,1,2,Fastball,Changeup,FoulBallNotFieldable,Undefined,Undefined,Undefined,0,0,,80.69384,-0.675076,-4.713649,1954.325796,222.38936,1:30,6.2072,2.41849,5.78407,-24.91694,19.02824,15.87997,3.50056,-0.65356,72.61453,-5.398455,-1.882715,0.477119,,,,,,,,,,,,-9.57508,10.36619,-2.03863,50,6.13668,8.9887,-116.64218,-2.07642,-12.99546,24.98158,-18.10489,POM_COL,CLU_KIN,PomonaPitzer,D3,Team,20250427-PomonaPitzer-2,ac1c7240-23ba-11f0-8e2e-710d118fca12,79.00003,,,8.0793,,,,,,,d6dd59cf-f9ac-4159-a241-cd4264778e4a,2025-04-27,22:55:10.09,2025-04-27T15:55:10.0921344-07:00,2025-04-27T22:55:10.0921344Z,,v3,POM_PIT,,,"Matsumoto, Noah",1000029302,Right,CLU_KIN,94f00edd-e01c-4431-9869-bf5d67651377,54.71248,-117.64714,12.49079,6.20556,-1.3481,-9.05244,-2.41074,9.51148,-6.49773,,,,,,,,,,,,,,,,,,,,,,,,,,,,,,,,,,,,,,,,,,,,,,,,,,,High,High,High,,,,,
152,2025-04-27,15:55:28.40,3,7,"Frazier, J.J.",1000297569,Left,CLU_KIN,"Lee, Sammy",1000276388,Right,POM_COL,Undefined,5,Bottom,2,1,2,ChangeUp,Curveball,StrikeSwinging,Strikeout,Undefined,Undefined,0,0,,74.01568,0.688525,-4.35008,1733.29122,182.956715,12:00,6.01994,2.60516,5.76422,-43.96231,7.7891,0.31433,2.99913,-1.42515,67.65157,-7.417768,-4.294069,0.517765,,,,,,,,,,,,-1.4328,4.31307,-2.24455,50,6.05078,8.1378,-107.12856,-0.00394,-1.65682,19.36296,-27.18657,POM_COL,CLU_KIN,PomonaPitzer,D3,Team,20250427-PomonaPitzer-2,b70d8090-23ba-11f0-8e2e-710d118fca12,72.79839,,,6.36411,,,,,,,d6dd59cf-f9ac-4159-a241-cd4264778e4a,2025-04-27,22:55:28.40,2025-04-27T15:55:28.4039168-07:00,2025-04-27T22:55:28.4039168Z,,v3,POM_PIT,,,"Matsumoto, Noah",1000029302,Right,CLU_KIN,2edf1682-cd6d-45df-8328-c803a31bcd2d,54.73256,-107.98055,9.68148,6.02464,1.19231,-13.59328,-2.60423,8.2107,-0.82841,,,,,,,,,,,,,,,,,,,,,,,,,,,,,,,,,,,,,,,,,,,,,,,,,,,High,High,High,,,,,
153,2025-04-27,15:57:25.05,1,1,"Woods, Eamonn",1000115603,Right,POM_COL,"Vega, Carlos",1000297558,Right,CLU_KIN,Undefined,6,Top,0,0,0,Fastball,Changeup,BallCalled,Undefined,Undefined,Undefined,0,0,,84.97707,0.672413,-2.203249,1905.608828,213.360926,1:00,5.49535,1.00423,6.0291,-21.86564,17.02985,10.32595,4.29643,-0.17671,76.75071,-3.496155,-0.347237,0.44887,,,,,,,,,,,,-5.90433,8.91367,-0.837,50,5.53603,4.31025,-123.22176,0.83705,-8.98751,26.76014,-18.60574,POM_COL,CLU_KIN,PomonaPitzer,D3,Team,20250427-PomonaPitzer-2,fc8a59e0-23ba-11f0-8e2e-710d118fca12,83.97175,,,8.22636,,,,,,,d6dd59cf-f9ac-4159-a241-cd4264778e4a,2025-04-27,22:57:25.05,2025-04-27T15:57:25.0514432-07:00,2025-04-27T22:57:25.0514432Z,,v3,POM_PIT,,,"Lee, Sammy",1000276388,Right,POM_COL,242d80e2-5b78-41cc-8bea-c914dc1089e3,54.46543,-124.18773,13.38007,5.49369,1.50867,-9.30287,-0.99844,4.63468,-4.49376,,,,,,,,,,,,,,,,,,,,,,,,,,,,,,,,,,,,,,,,,,,,,,,,,,,High,High,High,,,,,
154,2025-04-27,15:57:41.42,1,2,"Woods, Eamonn",1000115603,Right,POM_COL,"Vega, Carlos",1000297558,Right,CLU_KIN,Undefined,6,Top,0,1,0,Fastball,Changeup,InPlay,Undefined,FlyBall,Out,1,0,,83.56904,-0.764766,-2.969464,1954.899576,213.03608,1:00,5.35053,1.15892,6.04518,-21.41202,19.21068,11.48457,2.85716,-0.63568,74.8793,-4.877102,-0.905917,0.458729,80.57976,29.701541,-4.374129,3291.264583,109.75479,52.28724,-7.3373,306.6507,301.32259,-3.659223,4.36172,-6.8887,10.56989,-0.93345,50,5.2795,5.81916,-121.02238,-2.18431,-10.00511,28.17819,-16.82237,POM_COL,CLU_KIN,PomonaPitzer,D3,Team,20250427-PomonaPitzer-2,06664eb0-23bb-11f0-8e2e-710d118fca12,82.16718,61.73216,,8.68974,,,,0.86053,2.75791,0.62494,d6dd59cf-f9ac-4159-a241-cd4264778e4a,2025-04-27,22:57:41.42,2025-04-27T15:57:41.4230016-07:00,2025-04-27T22:57:41.4230016Z,LineDrive,v3,POM_PIT,,,"Lee, Sammy",1000276388,Right,POM_COL,03e8405b-ef42-44e6-befe-f0c12974fadd,54.45033,-122.05417,14.08909,5.34821,-1.56833,-8.41118,-1.15324,6.18552,-5.00256,181.936609,0.86165,102.33268,-14.59963,2.97288,-0.48664,0.06771,-0.01288,0.00241,-0.00019,2.75766,58.55991,-15.81558,0.76167,-0.02338,-0.06019,0.02797,-0.00512,0.00034,0.62482,-7.82691,1.40747,-0.27521,0.04301,-0.00603,0.00138,-0.00028,2E-05,,,,,,,,,,,,,,,,,,,,,,,High,High,High,High,High,,,
155,2025-04-27,15:58:12.76,2,1,"Woods, Eamonn",1000115603,Right,POM_COL,"Caranto, Kai",1000069292,Right,CLU_KIN,Undefined,6,Top,1,0,0,Fastball,Changeup,StrikeSwinging,Undefined,Undefined,Undefined,0,0,,83.8424,-1.068415,-3.309465,1837.25609,247.072221,2:15,5.0677,1.45668,5.8889,-30.57651,9.73804,19.60462,1.52581,0.01399,75.86607,-6.776693,0.206238,0.456985,,,,,,,,,,,,-10.98335,5.75835,-1.2005,50,4.96411,6.21853,-121.4648,-3.24015,-16.20052,26.60929,-23.68044,POM_COL,CLU_KIN,PomonaPitzer,D3,Team,20250427-PomonaPitzer-2,19004530-23bb-11f0-8e2e-710d118fca12,82.48062,,,7.97633,,,,,,,d6dd59cf-f9ac-4159-a241-cd4264778e4a,2025-04-27,22:58:12.76,2025-04-27T15:58:12.7666688-07:00,2025-04-27T22:58:12.7666688Z,,v3,POM_PIT,,,"Lee, Sammy",1000276388,Right,POM_COL,be32abc2-b6f7-4ea9-9364-2d0e1a6c6b12,54.60853,-122.47023,13.30465,5.06963,-2.34539,-11.84022,-1.44703,6.83067,-8.10026,,,,,,,,,,,,,,,,,,,,,,,,,,,,,,,,,,,,,,,,,,,,,,,,,,,High,High,High,,,,,
156,2025-04-27,15:58:30.25,2,2,"Woods, Eamonn",1000115603,Right,POM_COL,"Caranto, Kai",1000069292,Right,CLU_KIN,Undefined,6,Top,1,0,1,Slider,Slider,BallCalled,Undefined,Undefined,Undefined,0,0,,78.33111,-0.230718,-2.721513,2168.39493,114.638917,9:45,5.23193,1.41945,5.82882,-42.58782,3.77579,-4.64205,1.46823,-1.49919,71.0861,-8.094533,-3.552994,0.490072,,,,,,,,,,,,1.47193,2.54311,-1.19442,50,5.1885,5.57394,-113.49466,-1.79561,1.8906,23.72762,-28.90755,POM_COL,CLU_KIN,PomonaPitzer,D3,Team,20250427-PomonaPitzer-2,2371ea50-23bb-11f0-8e2e-710d118fca12,76.91205,,,7.24501,,,,,,,d6dd59cf-f9ac-4159-a241-cd4264778e4a,2025-04-27,22:58:30.25,2025-04-27T15:58:30.2572032-07:00,2025-04-27T22:58:30.2572032Z,,v3,POM_PIT,,,"Lee, Sammy",1000276388,Right,POM_COL,47be357f-2e3d-4891-bb06-e3713e1b1418,54.66724,-114.46625,11.86381,5.2378,-0.61191,-14.45377,-1.42107,5.49652,0.9453,,,,,,,,,,,,,,,,,,,,,,,,,,,,,,,,,,,,,,,,,,,,,,,,,,,High,High,High,,,,,
157,2025-04-27,15:58:50.33,2,3,"Woods, Eamonn",1000115603,Right,POM_COL,"Caranto, Kai",1000069292,Right,CLU_KIN,Undefined,6,Top,1,1,1,Fastball,Changeup,FoulBallNotFieldable,Undefined,Undefined,Undefined,0,0,,85.41629,-0.208811,-1.894245,2003.896963,217.491564,1:15,5.13404,1.53879,6.02245,-20.58974,17.87584,12.68953,3.22471,0.84114,77.25836,-4.140294,0.387613,0.446383,61.5691,38.123811,163.69537,4143.496005,,,,,14.962,,,-7.10063,9.64323,-1.39726,50,5.10655,3.58792,-123.94308,-1.02527,-10.92854,27.21946,-17.33223,POM_COL,CLU_KIN,PomonaPitzer,D3,Team,20250427-PomonaPitzer-2,2f7468a0-23bb-11f0-8e2e-710d118fca12,84.43968,14.70501,,8.15793,,,,0.75344,3.11336,-0.90605,d6dd59cf-f9ac-4159-a241-cd4264778e4a,2025-04-27,22:58:50.33,2025-04-27T15:58:50.3315456-07:00,2025-04-27T22:58:50.3315456Z,,v3,POM_PIT,,,"Lee, Sammy",1000276388,Right,POM_COL,a47323dc-c51d-456f-bde9-0156f1d4e939,54.47515,-124.92202,13.60973,5.13221,-0.40192,-8.66612,-1.53337,3.98096,-5.46427,284.548715,0.75304,-68.15922,7.5779,,,,,,,3.11545,55.62872,-24.74375,,,,,,,-0.90261,19.74599,-14.02852,,,,,,,,,,,,,,,,,,,,,,,,,,,,,High,High,High,High,Undefined,,,
158,2025-04-27,15:59:18.77,2,4,"Woods, Eamonn",1000115603,Right,POM_COL,"Caranto, Kai",1000069292,Right,CLU_KIN,Undefined,6,Top,1,1,2,Slider,Slider,InPlay,Undefined,GroundBall,Single,0,0,,78.63968,0.917094,-1.126606,2286.207121,329.316435,5:00,5.50665,0.87484,5.7561,-45.37932,0.77287,0.53583,2.57896,-0.12936,71.02805,-7.467822,-1.030612,0.488954,111.50179,-60.830619,-67.860986,,,,,1.96141,1.96141,-36.681417,0.017688,-0.64575,0.57736,-0.78174,50,5.55536,2.22173,-114.02324,0.37002,-0.83468,24.52798,-31.42776,POM_COL,CLU_KIN,PomonaPitzer,D3,Team,20250427-PomonaPitzer-2,40776b70-23bb-11f0-8e2e-710d118fca12,77.08797,2.52946,,7.61162,,,,1.04091,2.52946,0.13612,d6dd59cf-f9ac-4159-a241-cd4264778e4a,2025-04-27,22:59:18.77,2025-04-27T15:59:18.7792896-07:00,2025-04-27T22:59:18.7792896Z,GroundBall,v3,POM_PIT,,,"Lee, Sammy",1000276388,Right,POM_COL,8332beaf-7a0b-4fb5-8c0d-e5d59fba453f,54.74159,-115.0387,12.26399,5.51311,1.67113,-15.71388,-0.87443,2.25629,-0.41734,,1.04078,30.0814,,,,,,,,2.53005,-143.00438,,,,,,,,0.13643,-73.93707,,,,,,,,,,,,,,,,,,,,,,,,,,,,,,High,High,High,Estimated,Estimated,,,
159,2025-04-27,15:59:55.49,3,1,"Woods, Eamonn",1000115603,Right,POM_COL,"Garcia, Alec",1000242068,Right,CLU_KIN,Undefined,6,Top,1,0,0,Curveball,Curveball,StrikeCalled,Undefined,Undefined,Undefined,0,0,,72.5705,3.558152,-1.013706,2191.670332,33.492652,7:00,5.37112,1.10844,5.6411,-68.45543,-13.71036,-10.39922,2.99059,-0.70392,65.47889,-8.972516,-2.871667,0.53253,,,,,,,,,,,,4.84925,-7.37674,-1.01586,50,5.63123,2.24763,-105.07322,4.3525,5.30285,21.42888,-40.24079,POM_COL,CLU_KIN,PomonaPitzer,D3,Team,20250427-PomonaPitzer-2,5643b620-23bb-11f0-8e2e-710d118fca12,70.77996,,,7.09161,,,,,,,d6dd59cf-f9ac-4159-a241-cd4264778e4a,2025-04-27,22:59:55.49,2025-04-27T15:59:55.4986496-07:00,2025-04-27T22:59:55.4986496Z,,v3,POM_PIT,,,"Lee, Sammy",1000276388,Right,POM_COL,9d18653c-f3a6-485f-be73-95aca7cb60d6,54.85964,-106.05967,10.71444,5.38823,6.20494,-20.12039,-1.11371,2.00352,2.65143,,,,,,,,,,,,,,,,,,,,,,,,,,,,,,,,,,,,,,,,,,,,,,,,,,,High,High,High,,,,,
160,2025-04-27,16:00:14.45,3,2,"Woods, Eamonn",1000115603,Right,POM_COL,"Garcia, Alec",1000242068,Right,CLU_KIN,Undefined,6,Top,1,0,1,Slider,Curveball,StrikeSwinging,Undefined,Undefined,Undefined,0,0,,77.75783,-0.278704,-2.155164,2309.506795,3.903598,6:15,5.38348,1.0288,5.70029,-51.64507,-4.12276,-0.40193,0.81984,-1.0139,70.36665,-9.745435,-2.22717,0.496158,,,,,,,,,,,,-0.53744,-1.46492,-0.84765,50,5.32833,4.25532,-112.66616,-2.23259,-0.67529,24.75059,-34.01478,POM_COL,CLU_KIN,PomonaPitzer,D3,Team,20250427-PomonaPitzer-2,61a5aeb0-23bb-11f0-8e2e-710d118fca12,75.96859,,,7.39118,,,,,,,d6dd59cf-f9ac-4159-a241-cd4264778e4a,2025-04-27,23:00:14.45,2025-04-27T16:00:14.4584192-07:00,2025-04-27T23:00:14.4584192Z,,v3,POM_PIT,,,"Lee, Sammy",1000276388,Right,POM_COL,b8d62685-9f5c-423f-9d56-e0fb625b1f99,54.79772,-113.71524,12.3753,5.39241,-0.79083,-17.00739,-1.02862,4.28395,-0.33764,,,,,,,,,,,,,,,,,,,,,,,,,,,,,,,,,,,,,,,,,,,,,,,,,,,High,High,High,,,,,
161,2025-04-27,16:00:37.54,3,3,"Woods, Eamonn",1000115603,Right,POM_COL,"Garcia, Alec",1000242068,Right,CLU_KIN,Undefined,6,Top,1,0,2,Curveball,Curveball,BallCalled,Undefined,Undefined,Undefined,0,0,,79.93303,-0.028658,-1.818871,2249.30745,50.818341,7:45,5.28713,1.14092,5.54102,-52.68471,-7.71737,-11.39209,0.86994,-1.50894,72.79491,-9.619207,-3.853537,0.482636,,,,,,,,,,,,5.16087,-3.42394,-0.97549,50,5.24983,4.13412,-115.91589,-1.88199,6.90253,25.10136,-36.75344,POM_COL,CLU_KIN,PomonaPitzer,D3,Team,20250427-PomonaPitzer-2,6f68c8c0-23bb-11f0-8e2e-710d118fca12,78.09698,,,7.13812,,,,,,,d6dd59cf-f9ac-4159-a241-cd4264778e4a,2025-04-27,23:00:37.54,2025-04-27T16:00:37.5415296-07:00,2025-04-27T23:00:37.5415296Z,,v3,POM_PIT,,,"Lee, Sammy",1000276388,Right,POM_COL,8c2268ea-ae4f-4ed6-9375-9edae5673fda,54.95928,-116.98488,12.55068,5.29665,-0.31677,-18.37672,-1.14529,3.84016,3.45126,,,,,,,,,,,,,,,,,,,,,,,,,,,,,,,,,,,,,,,,,,,,,,,,,,,High,High,High,,,,,
162,2025-04-27,16:01:00.41,3,4,"Woods, Eamonn",1000115603,Right,POM_COL,"Garcia, Alec",1000242068,Right,CLU_KIN,Undefined,6,Top,1,1,2,Fastball,Changeup,InPlay,Undefined,FlyBall,Out,1,0,,85.17995,-0.765702,-3.599295,2017.183942,232.320617,1:45,5.13838,1.49428,6.32195,-23.18041,15.06532,17.8032,2.50004,-0.34139,77.24478,-5.175198,-0.384696,0.445105,85.89804,30.007638,7.83434,,107.41563,57.4865,23.70386,291.06393,284.97306,19.441673,4.508285,-10.33481,8.45213,-1.23904,50,5.07125,7.08512,-123.53084,-2.29409,-15.8358,26.53253,-19.22305,POM_COL,CLU_KIN,PomonaPitzer,D3,Team,20250427-PomonaPitzer-2,7cfdcdf0-23bb-11f0-8e2e-710d118fca12,84.68204,68.8812,,7.93517,,,,0.67377,2.58445,0.32219,d6dd59cf-f9ac-4159-a241-cd4264778e4a,2025-04-27,23:01:00.41,2025-04-27T16:01:00.4105216-07:00,2025-04-27T23:01:00.4105216Z,FlyBall,v3,POM_PIT,,,"Lee, Sammy",1000276388,Right,POM_COL,344b1cf5-0b05-4e8b-a613-d02706dd2a22,54.17695,-124.42475,13.26627,5.13762,-1.64644,-9.61153,-1.48674,7.61865,-7.9179,208.427966,0.67316,108.09317,-23.9739,6.03212,-1.29458,0.25969,-0.04729,0.00602,-0.00034,2.5867,62.95233,-15.19207,-0.3958,0.53133,-0.23156,0.05996,-0.00812,0.00044,0.32232,14.86907,4.60822,-1.57505,0.3555,-0.05201,0.00429,-0.00017,0,,,,,,,,,,,,,,,,,,,,,,,High,High,High,Medium,High,,,
163,2025-04-27,16:01:33.35,4,1,"Woods, Eamonn",1000115603,Right,POM_COL,"Dawson, Jona",1000297571,Right,CLU_KIN,Undefined,6,Top,2,0,0,Fastball,Four-Seam,BallCalled,Undefined,Undefined,Undefined,0,0,,86.1576,-1.649752,-4.359254,2236.866535,200.4181,12:45,5.37072,1.00657,6.27833,-11.61729,26.131,9.2156,2.87712,-2.25137,77.5912,-3.98161,-2.701442,0.442201,,,,,,,,,,,,-6.07882,14.36883,-0.68801,50,5.24208,9.12327,-124.64829,-3.77563,-9.44302,28.00844,-9.85303,POM_COL,CLU_KIN,PomonaPitzer,D3,Team,20250427-PomonaPitzer-2,908afe10-23bb-11f0-8e2e-710d118fca12,85.2382,,,8.5664,,,,,,,d6dd59cf-f9ac-4159-a241-cd4264778e4a,2025-04-27,23:01:33.35,2025-04-27T16:01:33.3545984-07:00,2025-04-27T23:01:33.3545984Z,,v3,POM_PIT,,,"Lee, Sammy",1000276388,Right,POM_COL,0ecdd3c4-c191-4395-a080-c170386d477a,54.21606,-125.59206,14.00422,5.36371,-3.44362,-4.92651,-1.00079,9.44147,-4.72151,,,,,,,,,,,,,,,,,,,,,,,,,,,,,,,,,,,,,,,,,,,,,,,,,,,High,High,High,,,,,
164,2025-04-27,16:02:02.32,4,2,"Woods, Eamonn",1000115603,Right,POM_COL,"Dawson, Jona",1000297571,Right,CLU_KIN,Undefined,6,Top,2,1,0,Fastball,Four-Seam,FoulBallNotFieldable,Undefined,Undefined,Undefined,0,0,,85.24753,-1.33486,-2.755086,2122.068727,204.704925,12:45,5.47613,0.81893,6.12705,-15.65056,22.83938,9.88965,2.93633,-0.90568,77.16582,-4.379795,-0.97529,0.446524,,,,,,,,,,,,-5.93843,12.58383,-0.61313,50,5.36573,5.55677,-123.6185,-3.24974,-9.10221,26.82119,-12.88606,POM_COL,CLU_KIN,PomonaPitzer,D3,Team,20250427-PomonaPitzer-2,a1e23b60-23bb-11f0-8e2e-710d118fca12,84.41295,,,8.0817,,,,,,,d6dd59cf-f9ac-4159-a241-cd4264778e4a,2025-04-27,23:02:02.32,2025-04-27T16:02:02.3285248-07:00,2025-04-27T23:02:02.3285248Z,,v3,POM_PIT,,,"Lee, Sammy",1000276388,Right,POM_COL,29fecd30-4e5c-45d2-b3c3-752efd356fa8,54.37044,-124.56314,13.41059,5.47219,-2.7959,-6.44303,-0.81448,5.87735,-4.5511,,,,,,,,,,,,,,,,,,,,,,,,,,,,,,,,,,,,,,,,,,,,,,,,,,,High,High,High,,,,,
165,2025-04-27,16:02:23.32,4,3,"Woods, Eamonn",1000115603,Right,POM_COL,"Dawson, Jona",1000297571,Right,CLU_KIN,Undefined,6,Top,2,1,1,Slider,Curveball,BallinDirt,Undefined,Undefined,Undefined,0,0,,78.57745,-1.870086,-0.805396,2296.566047,62.812946,8:00,5.38912,1.00592,5.76078,-47.35723,-1.05654,-5.34099,-0.29874,-0.18886,71.46968,-10.538611,-1.765161,0.48974,,,,,,,,,,,,2.48032,0.49331,-0.9358,50,5.20526,1.7993,-113.92414,-5.22925,3.19287,24.92948,-31.539,POM_COL,CLU_KIN,PomonaPitzer,D3,Team,20250427-PomonaPitzer-2,ae6b4ed0-23bb-11f0-8e2e-710d118fca12,76.96424,,,7.10777,,,,,,,d6dd59cf-f9ac-4159-a241-cd4264778e4a,2025-04-27,23:02:23.32,2025-04-27T16:02:23.3289216-07:00,2025-04-27T23:02:23.3289216Z,,v3,POM_PIT,,,"Lee, Sammy",1000276388,Right,POM_COL,50bbb4e9-11d1-45d9-b5ca-2ba400d588eb,54.73902,-114.95649,12.46474,5.39476,-3.92321,-15.7695,-1.00758,1.66708,1.59643,,,,,,,,,,,,,,,,,,,,,,,,,,,,,,,,,,,,,,,,,,,,,,,,,,,High,High,High,,,,,
166,2025-04-27,16:02:51.29,4,4,"Woods, Eamonn",1000115603,Right,POM_COL,"Dawson, Jona",1000297571,Right,CLU_KIN,Undefined,6,Top,2,2,1,Fastball,Four-Seam,InPlay,Undefined,GroundBall,Single,0,0,,84.37209,-0.674587,-2.297543,2149.728305,205.546836,12:45,5.49491,0.93513,6.11675,-18.72056,20.44292,9.13961,3.31064,-0.42861,76.59627,-4.270126,-0.652094,0.450414,90.35256,1.612776,-32.488873,2882.323654,,,,56.73043,54.03834,-32.919627,0.444263,-5.41449,11.15327,-0.76372,50,5.43341,4.55902,-122.45427,-1.92733,-8.16402,25.75563,-15.35701,POM_COL,CLU_KIN,PomonaPitzer,D3,Team,20250427-PomonaPitzer-2,bf1709e0-23bb-11f0-8e2e-710d118fca12,83.68398,3.49808,,7.77582,,,,1.67495,3.3704,0.27633,d6dd59cf-f9ac-4159-a241-cd4264778e4a,2025-04-27,23:02:51.29,2025-04-27T16:02:51.2935424-07:00,2025-04-27T23:02:51.2935424Z,GroundBall,v3,POM_PIT,,,"Lee, Sammy",1000276388,Right,POM_COL,606548bd-3600-4cc6-a995-bab1c51ece1d,54.38164,-123.37241,12.87782,5.49236,-1.37988,-7.67851,-0.93143,4.85005,-4.08201,,1.68343,111.47818,-18.21846,,,,,,,3.38515,3.28483,-24.61625,,,,,,,0.28039,-71.27485,2.78558,,,,,,,,,,,,,,,,,,,,,,,,,,,,,High,High,High,High,High,,,
167,2025-04-27,16:03:25.50,5,1,"Woods, Eamonn",1000115603,Right,POM_COL,"Gardner, Zach",1000236756,Right,CLU_KIN,Undefined,6,Top,2,0,0,Fastball,Changeup,InPlay,Undefined,GroundBall,Single,0,1,,84.845,-0.003893,-2.708405,2009.904535,230.835028,1:45,5.08516,1.29322,6.14295,-23.16056,15.35119,17.32706,3.15151,0.2324,77.37169,-4.388159,0.412674,0.446651,89.40717,-16.319921,-28.843276,,,,,12.29356,5.09682,-25.581337,0.085738,-9.75493,8.30839,-1.09568,50,5.07286,5.16058,-123.20621,-0.67173,-14.96277,24.96064,-19.4301,POM_COL,CLU_KIN,PomonaPitzer,D3,Team,20250427-PomonaPitzer-2,d37322c0-23bb-11f0-8e2e-710d118fca12,84.38907,3.16759,,7.47331,,,,1.61222,3.16759,-0.08933,d6dd59cf-f9ac-4159-a241-cd4264778e4a,2025-04-27,23:03:25.50,2025-04-27T16:03:25.5047168-07:00,2025-04-27T23:03:25.5047168Z,GroundBall,v3,POM_PIT,,,"Lee, Sammy",1000276388,Right,POM_COL,9113ea24-825b-4aec-a7f3-aa5cee40b0c2,54.35722,-124.08581,12.48032,5.08447,0.01298,-9.71505,-1.28683,5.68786,-7.48139,180,1.60819,110.52626,,,,,,,,3.16893,-36.94518,,,,,,,,-0.08711,-60.87108,,,,,,,,,,,,,,,,,,,,,,,,,,,,,,High,High,High,Low,Low,,,
168,2025-04-27,16:05:28.50,6,1,"Woods, Eamonn",1000115603,Right,POM_COL,"Danielewicz, Lucas",1000297575,Right,CLU_KIN,Undefined,6,Top,2,0,0,Fastball,Changeup,InPlay,Undefined,LineDrive,Double,0,1,,84.72749,0.213501,-3.184599,2006.584975,237.281085,2:00,5.05628,1.55871,6.17003,-25.9423,12.68446,17.8006,3.09193,0.09764,77.22579,-4.6747,0.021727,0.447317,93.61682,11.48019,-13.146057,1291.980206,106.86926,19.18504,-26.0543,272.24001,271.06956,-14.202446,2.649449,-10.11229,6.87237,-1.32625,50,5.05921,6.15214,-122.97936,-0.30537,-15.44945,24.93328,-21.67452,POM_COL,CLU_KIN,PomonaPitzer,D3,Team,20250427-PomonaPitzer-2,1ccbafa0-23bc-11f0-8e2e-710d118fca12,84.26338,20.57012,,7.5017,,,,0.53459,3.01019,-0.10001,d6dd59cf-f9ac-4159-a241-cd4264778e4a,2025-04-27,23:05:28.50,2025-04-27T16:05:28.5064704-07:00,2025-04-27T23:05:28.5064704Z,LineDrive,v3,POM_PIT,,,"Lee, Sammy",1000276388,Right,POM_COL,cbf720c8-9702-4f1e-80dc-0819e3cc809f,54.32977,-123.85408,12.46664,5.05658,0.45502,-10.83726,-1.55159,6.69415,-7.72473,168.981909,0.53455,131.03281,-19.16117,4.13809,-0.72952,0.0787,0.00306,-0.00249,0.00027,3.01028,27.32367,-10.05701,-0.6592,0.13804,0.05757,-0.03922,0.00973,-0.00092,-0.10004,-30.60156,2.51767,-0.13982,-0.00711,-0.02135,0.01413,-0.00355,0.00033,,,,,,,,,,,,,,,,,,,,,,,High,High,High,High,High,,,
169,2025-04-27,16:06:07.99,7,1,"Woods, Eamonn",1000115603,Right,POM_COL,"Quinn, Josh",1000125247,Right,CLU_KIN,Undefined,6,Top,2,0,0,Curveball,Curveball,BallCalled,Undefined,Undefined,Undefined,0,0,,77.75913,-0.311771,-1.757879,2252.34405,49.143149,7:45,5.12386,1.55321,5.43194,-55.07412,-7.86237,-10.81501,0.24224,-0.99485,71.67797,-10.275514,-3.686885,0.494534,,,,,,,,,,,,4.97717,-3.52185,-1.38956,50,5.05758,3.8749,-112.89275,-2.47603,6.38239,21.77304,-36.69023,POM_COL,CLU_KIN,PomonaPitzer,D3,Team,20250427-PomonaPitzer-2,345ae000-23bc-11f0-8e2e-710d118fca12,76.21804,,,6.08116,,,,,,,d6dd59cf-f9ac-4159-a241-cd4264778e4a,2025-04-27,23:06:07.99,2025-04-27T16:06:07.9978496-07:00,2025-04-27T23:06:07.9978496Z,,v3,POM_PIT,,,"Lee, Sammy",1000276388,Right,POM_COL,505babee-a265-4bba-a211-f7d105249b3e,55.0709,-113.86655,10.88652,5.13162,-0.83506,-18.34512,-1.55648,3.58945,3.19119,,,,,,,,,,,,,,,,,,,,,,,,,,,,,,,,,,,,,,,,,,,,,,,,,,,High,High,High,,,,,
170,2025-04-27,16:06:30.91,7,2,"Woods, Eamonn",1000115603,Right,POM_COL,"Quinn, Josh",1000125247,Right,CLU_KIN,Undefined,6,Top,2,1,0,Curveball,Curveball,BallCalled,Undefined,Undefined,Undefined,0,0,,73.5374,2.15191,-1.994506,2449.13327,31.002772,7:00,5.43126,1.2142,5.55872,-70.62366,-16.98702,-11.41068,1.55867,-1.60093,66.49954,-10.706803,-4.032621,0.527111,,,,,,,,,,,,4.98768,-8.57851,-1.03447,50,5.57191,4.14216,-106.51865,1.68753,5.5761,22.88825,-41.76465,POM_COL,CLU_KIN,PomonaPitzer,D3,Team,20250427-PomonaPitzer-2,41f45200-23bc-11f0-8e2e-710d118fca12,71.50758,,,7.03787,,,,,,,d6dd59cf-f9ac-4159-a241-cd4264778e4a,2025-04-27,23:06:30.91,2025-04-27T16:06:30.9136384-07:00,2025-04-27T23:06:30.9136384Z,,v3,POM_PIT,,,"Lee, Sammy",1000276388,Right,POM_COL,0505120e-a8d4-497a-a6c7-71404266fc33,54.94285,-107.5755,11.44412,5.44947,3.616,-20.88233,-1.21978,3.88469,2.78805,,,,,,,,,,,,,,,,,,,,,,,,,,,,,,,,,,,,,,,,,,,,,,,,,,,High,High,High,,,,,
171,2025-04-27,16:06:52.08,7,3,"Woods, Eamonn",1000115603,Right,POM_COL,"Quinn, Josh",1000125247,Right,CLU_KIN,Undefined,6,Top,2,2,0,Fastball,Changeup,InPlay,Undefined,LineDrive,Double,1,2,,84.68662,-0.81159,-3.198453,2054.096267,226.510483,1:30,5.15943,1.49995,6.14308,-21.83789,16.92253,16.49099,2.58838,-0.0846,77.12894,-4.958558,-0.229599,0.44809,104.03625,18.799332,-26.03299,1832.104532,97.97216,26.91803,-50.01452,268.77311,268.77311,-28.800504,2.381297,-9.46111,9.36288,-1.26449,50,5.0862,6.22895,-122.88215,-2.35228,-14.41332,25.18357,-17.91034,POM_COL,CLU_KIN,PomonaPitzer,D3,Team,20250427-PomonaPitzer-2,4e97f250-23bc-11f0-8e2e-710d118fca12,84.11793,28.34512,,7.55768,,,,1.24856,2.56653,0.19537,d6dd59cf-f9ac-4159-a241-cd4264778e4a,2025-04-27,23:06:52.08,2025-04-27T16:06:52.0818688-07:00,2025-04-27T23:06:52.0818688Z,LineDrive,v3,POM_PIT,,,"Lee, Sammy",1000276388,Right,POM_COL,29af36a3-118b-4a41-bd66-332d4fc9e6e0,54.3565,-123.77175,12.59179,5.15812,-1.7196,-8.95517,-1.49352,6.7381,-7.20666,,1.24857,129.79074,-20.70064,5.03743,-1.22536,0.27872,-0.05606,0.00783,-0.00053,2.56653,49.17154,-26.43854,3.45261,-0.7754,0.16558,-0.03151,0.00454,-0.00032,0.19537,-63.39585,4.39459,-0.21115,-0.07643,0.0366,-0.00904,0.00146,-0.00011,,,,,,,,,,,,,,,,,,,,,,,High,High,High,Low,Medium,,,
172,2025-04-27,16:09:13.01,1,1,"Frazier, J.J.",1000297569,Left,CLU_KIN,"DeGrazia, Tanner",1000214434,Right,POM_COL,Undefined,6,Bottom,0,0,0,Fastball,Changeup,BallCalled,Undefined,Undefined,Undefined,0,0,,79.97593,-3.260744,-5.257575,1959.739322,222.220039,1:30,6.12363,2.98225,5.67107,-24.53997,19.86001,16.68962,1.02234,-0.54264,73.35385,-7.839598,-2.290566,0.479582,,,,,,,,,,,,-9.90571,11.41217,-2.54801,50,5.83162,9.98513,-115.52678,-7.31918,-13.42011,21.02705,-16.71302,POM_COL,CLU_KIN,PomonaPitzer,D3,Team,20250427-PomonaPitzer-2,a2a743a0-23bc-11f0-8e2e-710d118fca12,78.59437,,,6.62208,,,,,,,d6dd59cf-f9ac-4159-a241-cd4264778e4a,2025-04-27,23:09:13.01,2025-04-27T16:09:13.0122752-07:00,2025-04-27T23:09:13.0122752Z,,v3,POM_PIT,,,"Matsumoto, Noah",1000029302,Right,CLU_KIN,732c8277-b354-4199-a283-2b0ee1809c3d,54.8284,-116.40228,10.51353,6.12188,-6.6233,-8.35651,-2.97539,10.5439,-6.71005,,,,,,,,,,,,,,,,,,,,,,,,,,,,,,,,,,,,,,,,,,,,,,,,,,,High,High,High,,,,,
173,2025-04-27,16:09:25.79,1,2,"Frazier, J.J.",1000297569,Left,CLU_KIN,"DeGrazia, Tanner",1000214434,Right,POM_COL,Undefined,6,Bottom,0,1,0,Fastball,Changeup,BallCalled,Undefined,Undefined,Undefined,0,0,,79.68502,-2.074042,-4.033436,1856.655509,241.016544,2:00,6.20172,2.83664,5.54022,-33.43789,11.7926,18.3791,1.47111,0.59221,72.43951,-8.2529,-0.761491,0.484047,,,,,,,,,,,,-10.46461,7.07556,-2.49871,50,5.99955,7.38809,-115.2507,-5.24658,-13.94014,23.33612,-22.74855,POM_COL,CLU_KIN,PomonaPitzer,D3,Team,20250427-PomonaPitzer-2,aa2ac980-23bc-11f0-8e2e-710d118fca12,77.86944,,,7.24551,,,,,,,d6dd59cf-f9ac-4159-a241-cd4264778e4a,2025-04-27,23:09:25.79,2025-04-27T16:09:25.7992704-07:00,2025-04-27T23:09:25.7992704Z,,v3,POM_PIT,,,"Matsumoto, Noah",1000029302,Right,CLU_KIN,5b51ff8b-1409-4ce9-82b3-7d8908186b64,54.95738,-116.25014,11.66806,6.20339,-4.2723,-11.37428,-2.82791,7.98512,-6.97007,,,,,,,,,,,,,,,,,,,,,,,,,,,,,,,,,,,,,,,,,,,,,,,,,,,High,High,High,,,,,
174,2025-04-27,16:09:42.14,1,3,"Frazier, J.J.",1000297569,Left,CLU_KIN,"DeGrazia, Tanner",1000214434,Right,POM_COL,Undefined,6,Bottom,0,2,0,Fastball,Changeup,InPlay,Undefined,GroundBall,Single,0,0,,80.28159,-2.209945,-4.645776,1952.754194,217.525669,1:15,6.24216,2.76155,5.7331,-24.70407,19.63497,13.84946,2.11763,-0.42029,72.73227,-6.864688,-2.178268,0.479253,97.6119,-8.072354,-8.23511,,,,,15.19596,15.19596,-6.135892,0.10167,-8.46918,11.13138,-2.38224,50,6.04243,8.88643,-116.02543,-5.19001,-11.42637,23.78772,-17.15589,POM_COL,CLU_KIN,PomonaPitzer,D3,Team,20250427-PomonaPitzer-2,b403ff30-23bc-11f0-8e2e-710d118fca12,78.64838,2.04647,,7.54932,,,,0.82854,2.04647,0.44252,d6dd59cf-f9ac-4159-a241-cd4264778e4a,2025-04-27,23:09:42.14,2025-04-27T16:09:42.1430272-07:00,2025-04-27T23:09:42.1430272Z,GroundBall,v3,POM_PIT,,,"Matsumoto, Noah",1000029302,Right,CLU_KIN,13fa3efb-a8ef-484c-90d0-1eef4ccc53fc,54.76424,-116.99812,11.89386,6.24031,-4.48849,-8.57795,-2.75516,9.35366,-5.71319,,0.8257,140.4574,,,,,,,,2.04688,-20.12846,,,,,,,,0.44293,-20.32808,,,,,,,,,,,,,,,,,,,,,,,,,,,,,,High,High,High,Estimated,Estimated,,,
175,2025-04-27,16:10:18.17,2,1,"Frazier, J.J.",1000297569,Left,CLU_KIN,"Legg, Jimmy",1000115608,Right,POM_COL,Undefined,6,Bottom,0,0,0,Fastball,Changeup,HitByPitch,Undefined,Undefined,Undefined,0,0,,79.68152,-3.02102,-5.517433,1948.67173,209.665927,1:00,6.17735,2.67933,5.76663,-24.86986,20.21411,10.58756,1.27755,-1.58927,72.35748,-7.691379,-3.634731,0.483262,,,,,,,,,,,,-7.215,11.75379,-2.22834,50,5.91132,10.72027,-114.98985,-6.79605,-9.55665,23.46061,-16.60556,POM_COL,CLU_KIN,PomonaPitzer,D3,Team,20250427-PomonaPitzer-2,c96e7ad0-23bc-11f0-8e2e-710d118fca12,77.9959,,,7.32404,,,,,,,d6dd59cf-f9ac-4159-a241-cd4264778e4a,2025-04-27,23:10:18.17,2025-04-27T16:10:18.1732864-07:00,2025-04-27T23:10:18.1732864Z,,v3,POM_PIT,,,"Matsumoto, Noah",1000029302,Right,CLU_KIN,d355ba9b-a2ad-43aa-a2dd-8c57c1d13b9a,54.73394,-115.95166,11.73031,6.17598,-6.11528,-8.30278,-2.67587,11.11207,-4.77833,,,,,,,,,,,,,,,,,,,,,,,,,,,,,,,,,,,,,,,,,,,,,,,,,,,High,High,High,,,,,
176,2025-04-27,16:12:23.11,3,1,"Frazier, J.J.",1000297569,Left,CLU_KIN,"Wakil, Lateef",1000128267,Left,POM_COL,Undefined,6,Bottom,0,0,0,Fastball,Changeup,StrikeCalled,Undefined,Undefined,Undefined,0,0,,76.01128,-1.102216,-2.358498,1808.570423,212.839371,1:00,6.26971,2.73172,5.69151,-27.89206,21.06615,12.53615,2.91712,1.57706,69.35378,-6.338663,-0.118455,0.503598,,,,,,,,,,,,-6.99741,11.49402,-2.54111,50,6.15974,4.06582,-110.21482,-2.88504,-8.57883,20.18932,-18.08237,POM_COL,CLU_KIN,PomonaPitzer,D3,Team,20250427-PomonaPitzer-2,13da4c70-23bd-11f0-8e2e-710d118fca12,74.84625,,,6.6575,,,,,,,d6dd59cf-f9ac-4159-a241-cd4264778e4a,2025-04-27,23:12:23.11,2025-04-27T16:12:23.1176192-07:00,2025-04-27T23:12:23.1176192Z,,v3,POM_PIT,,,"Matsumoto, Noah",1000029302,Right,CLU_KIN,61559517-2d27-400a-9b09-24e13f4b2f41,54.8046,-111.09145,10.09466,6.26797,-2.09989,-9.04118,-2.72573,4.43832,-4.28942,,,,,,,,,,,,,,,,,,,,,,,,,,,,,,,,,,,,,,,,,,,,,,,,,,,High,High,High,,,,,
177,2025-04-27,16:12:43.43,3,2,"Frazier, J.J.",1000297569,Left,CLU_KIN,"Wakil, Lateef",1000128267,Left,POM_COL,Undefined,6,Bottom,0,0,1,Fastball,Changeup,BallCalled,Undefined,Undefined,Undefined,0,0,,77.53449,-0.935253,-1.36451,1831.983763,217.749087,1:15,6.06049,2.80986,5.83119,-26.89789,20.42383,14.45631,2.9493,2.74593,69.91115,-6.034962,1.227259,0.49511,,,,,,,,,,,,-7.7352,11.21068,-2.70662,50,5.96851,2.11746,-112.36969,-2.55201,-9.73072,23.42736,-18.07126,POM_COL,CLU_KIN,PomonaPitzer,D3,Team,20250427-PomonaPitzer-2,1ff8b730-23bd-11f0-8e2e-710d118fca12,76.12941,,,7.62334,,,,,,,d6dd59cf-f9ac-4159-a241-cd4264778e4a,2025-04-27,23:12:43.43,2025-04-27T16:12:43.4394112-07:00,2025-04-27T23:12:43.4394112Z,,v3,POM_PIT,,,"Matsumoto, Noah",1000029302,Right,CLU_KIN,a85e3c8a-d728-4cc5-bdfe-1d4612f75c4f,54.66292,-113.33766,11.71368,6.05853,-1.80534,-9.03563,-2.80241,2.51951,-4.86536,,,,,,,,,,,,,,,,,,,,,,,,,,,,,,,,,,,,,,,,,,,,,,,,,,,High,High,High,,,,,
178,2025-04-27,16:13:03.93,3,3,"Frazier, J.J.",1000297569,Left,CLU_KIN,"Wakil, Lateef",1000128267,Left,POM_COL,Undefined,6,Bottom,0,1,1,Fastball,Changeup,InPlay,Undefined,Popup,Out,1,0,,78.63305,-1.52721,-3.156294,1918.445341,219.407927,1:15,6.10258,2.8482,5.91998,-25.32828,20.78989,15.62178,2.57215,1.218,70.62687,-6.353178,-0.355188,0.488773,64.91025,61.786687,-21.86928,,92.61924,66.34595,-59.34356,138.2747,53.28984,-33.080826,4.844286,-9.02827,11.6543,-2.60399,50,5.96598,5.68026,-113.80688,-3.70165,-11.60405,24.78099,-17.19481,POM_COL,CLU_KIN,PomonaPitzer,D3,Team,20250427-PomonaPitzer-2,2c4536d0-23bd-11f0-8e2e-710d118fca12,77.11642,93.79141,,8.00618,,,,0.70167,1.80837,-0.87814,d6dd59cf-f9ac-4159-a241-cd4264778e4a,2025-04-27,23:13:03.93,2025-04-27T16:13:03.9376384-07:00,2025-04-27T23:13:03.9376384Z,Popup,v3,POM_PIT,,,"Matsumoto, Noah",1000029302,Right,CLU_KIN,b6daa4c6-a3a8-4e80-855b-11cf3eaa1d51,54.57565,-114.79888,12.3905,6.10038,-3.01332,-8.59741,-2.84067,6.14478,-5.80202,163.48928,0.70317,41.72434,-10.76272,2.62638,-0.00432,-0.2458,0.08347,-0.01195,0.00064,1.80437,83.96805,-22.55874,2.39078,-0.60309,0.11018,-0.00386,-0.00219,0.00024,-0.87905,-16.75023,-0.34283,0.3822,-0.05362,-0.03477,0.01813,-0.00326,0.00021,,,,,,,,,,,,,,,,,,,,,,,High,High,High,Medium,Low,,,
179,2025-04-27,16:13:45.33,4,1,"Frazier, J.J.",1000297569,Left,CLU_KIN,"Ng, JC",1000115591,Left,POM_COL,Undefined,6,Bottom,1,0,0,Fastball,Changeup,BallCalled,Undefined,Undefined,Undefined,0,0,,80.3204,-0.94628,-2.077863,1883.551669,216.707611,1:15,6.19424,2.72594,5.85886,-24.02867,20.17163,13.78906,3.31203,1.9437,72.12548,-5.528942,0.394242,0.478502,,,,,,,,,,,,-7.64323,11.06575,-2.5649,50,6.10361,3.66661,-116.33529,-2.56508,-10.27667,25.67156,-17.29563,POM_COL,CLU_KIN,PomonaPitzer,D3,Team,20250427-PomonaPitzer-2,44d7cd70-23bd-11f0-8e2e-710d118fca12,78.77169,,,8.19492,,,,,,,d6dd59cf-f9ac-4159-a241-cd4264778e4a,2025-04-27,23:13:45.33,2025-04-27T16:13:45.3382656-07:00,2025-04-27T23:13:45.3382656Z,,v3,POM_PIT,,,"Matsumoto, Noah",1000029302,Right,CLU_KIN,f28d14ef-87dd-41e2-99bb-185fe34c8607,54.63476,-117.35358,12.83578,6.19175,-1.87903,-8.64782,-2.71842,4.07425,-5.13834,,,,,,,,,,,,,,,,,,,,,,,,,,,,,,,,,,,,,,,,,,,,,,,,,,,High,High,High,,,,,
180,2025-04-27,16:14:02.13,4,2,"Frazier, J.J.",1000297569,Left,CLU_KIN,"Ng, JC",1000115591,Left,POM_COL,Undefined,6,Bottom,1,1,0,Fastball,Changeup,InPlay,Undefined,GroundBall,Out,2,0,,80.22162,-1.173373,-2.774411,1950.085887,221.400153,1:30,6.08497,2.6153,5.90565,-25.31879,18.49694,14.9595,2.88446,1.28455,72.79654,-5.958431,-0.091558,0.476416,69.94701,3.562015,11.143764,884.654411,,,,56.8172,54.80305,9.738966,0.584055,-8.51252,10.27823,-2.40093,50,5.97629,5.06664,-116.30761,-3.08857,-11.5538,23.67673,-18.22369,POM_COL,CLU_KIN,PomonaPitzer,D3,Team,20250427-PomonaPitzer-2,4efba0b0-23bd-11f0-8e2e-710d118fca12,79.11661,3.30772,,7.42507,,,,0.64093,2.79543,-1.28702,d6dd59cf-f9ac-4159-a241-cd4264778e4a,2025-04-27,23:14:02.13,2025-04-27T16:14:02.1367296-07:00,2025-04-27T23:14:02.1367296Z,GroundBall,v3,POM_PIT,,,"Matsumoto, Noah",1000029302,Right,CLU_KIN,556e800a-641e-4c35-acaa-c51b62d118f6,54.59246,-117.23877,11.83836,6.08367,-2.37187,-9.11184,-2.60913,5.52103,-5.7769,0.357762,0.64844,100.28618,-9.46793,,,,,,,2.8099,6.04166,-18.62199,,,,,,,-1.2855,19.75415,-1.88274,,,,,,,,,,,,,,,,,,,,,,,,,,,,,High,High,High,High,High,,,
181,2025-04-27,16:16:45.47,1,1,"Lawson, Wade",1000068528,Right,POM_COL,"Matsumoto, Noah",1000029302,Right,CLU_KIN,Undefined,7,Top,0,0,0,Fastball,Four-Seam,FoulBallNotFieldable,Undefined,Undefined,Undefined,0,0,,85.87004,-1.729694,-1.629848,2452.127008,213.87973,1:15,6.14196,1.20611,5.91187,-18.40615,19.92875,12.45788,3.00157,0.73112,77.5867,-5.256512,0.60646,0.445624,,,,,,,,,,,,-6.86339,11.13453,-1.08232,50,5.99274,3.02592,-124.50081,-4.25971,-10.63621,27.95067,-14.91885,POM_COL,CLU_KIN,PomonaPitzer,D3,Team,20250427-PomonaPitzer-2,b04cf530-23bd-11f0-8e2e-710d118fca12,84.58349,,,8.28335,,,,,,,d6dd59cf-f9ac-4159-a241-cd4264778e4a,2025-04-27,23:16:45.47,2025-04-27T16:16:45.4716416-07:00,2025-04-27T23:16:45.4716416Z,,v3,POM_PIT,,,"Lee, Sammy",1000276388,Right,POM_COL,65268ecc-fd28-451e-b3ac-8f2c5e5c5d72,54.58479,-125.52589,13.97534,6.13893,-3.71257,-7.45943,-1.20045,3.41599,-5.3181,,,,,,,,,,,,,,,,,,,,,,,,,,,,,,,,,,,,,,,,,,,,,,,,,,,High,High,High,,,,,
182,2025-04-27,16:17:03.11,1,2,"Lawson, Wade",1000068528,Right,POM_COL,"Matsumoto, Noah",1000029302,Right,CLU_KIN,Undefined,7,Top,0,0,1,Fastball,Four-Seam,BallCalled,Undefined,Undefined,Undefined,0,0,,87.14574,-4.591343,-1.897513,2424.755766,212.869014,1:00,6.17728,1.14411,5.71428,-17.10166,20.22718,12.25808,0.46334,0.39726,79.71101,-7.816101,0.295179,0.439737,,,,,,,,,,,,-6.78882,11.98044,-0.99311,50,5.78178,3.66527,-126.10375,-10.6291,-10.91009,26.12084,-12.92069,POM_COL,CLU_KIN,PomonaPitzer,D3,Team,20250427-PomonaPitzer-2,bad137f0-23bd-11f0-8e2e-710d118fca12,85.71577,,,7.43473,,,,,,,d6dd59cf-f9ac-4159-a241-cd4264778e4a,2025-04-27,23:17:03.11,2025-04-27T16:17:03.1123456-07:00,2025-04-27T23:17:03.1123456Z,,v3,POM_PIT,,,"Lee, Sammy",1000276388,Right,POM_COL,a105abd7-4adb-4aa7-8e20-865027f70685,54.78496,-127.09103,13.06042,6.1743,-10.14075,-6.46034,-1.13944,4.07763,-5.45505,,,,,,,,,,,,,,,,,,,,,,,,,,,,,,,,,,,,,,,,,,,,,,,,,,,High,High,High,,,,,
183,2025-04-27,16:17:24.22,1,3,"Lawson, Wade",1000068528,Right,POM_COL,"Matsumoto, Noah",1000029302,Right,CLU_KIN,Undefined,7,Top,0,1,1,Fastball,Four-Seam,InPlay,Undefined,GroundBall,Single,0,0,,85.68858,-2.264655,-1.963589,2438.01069,212.444523,1:00,6.13093,1.01541,5.94524,-18.49891,19.84899,11.76568,2.48641,0.17382,77.73055,-5.797649,0.149482,0.4457,88.06885,-7.602967,32.742808,,,,,19.63343,19.63343,30.188128,0.144809,-6.64681,11.27304,-0.86568,50,5.94015,3.78544,-124.24564,-5.42281,-10.29249,27.07471,-14.71797,POM_COL,CLU_KIN,PomonaPitzer,D3,Team,20250427-PomonaPitzer-2,c76a02d0-23bd-11f0-8e2e-710d118fca12,84.56917,2.47938,,7.95803,,,,1.34739,2.47938,-0.17401,d6dd59cf-f9ac-4159-a241-cd4264778e4a,2025-04-27,23:17:24.22,2025-04-27T16:17:24.2292224-07:00,2025-04-27T23:17:24.2292224Z,GroundBall,v3,POM_PIT,,,"Lee, Sammy",1000276388,Right,POM_COL,7d515335-2cfb-4125-8991-3eb6bed94a74,54.55306,-125.23388,13.53735,6.12828,-4.8856,-7.35898,-1.01071,4.16112,-5.14625,,1.34271,107.88921,,,,,,,,2.48012,-17.1217,,,,,,,,-0.17701,69.37753,,,,,,,,,,,,,,,,,,,,,,,,,,,,,,High,High,High,Estimated,Estimated,,,
184,2025-04-27,16:18:01.08,2,1,"Lawson, Wade",1000068528,Right,POM_COL,"Orozco, Daniel",1000302991,Left,CLU_KIN,Undefined,7,Top,0,0,0,Curveball,Curveball,StrikeCalled,Undefined,Undefined,Undefined,0,0,,75.91795,2.519554,-1.030279,2518.885016,23.995633,6:45,5.95112,1.28631,5.22667,-60.61826,-10.5828,-5.43618,3.27016,-0.13538,69.37877,-8.466895,-1.994656,0.509109,,,,,,,,,,,,2.38228,-5.42591,-1.18721,50,6.13845,2.1974,-110.0824,2.72733,2.90365,20.7667,-38.78741,POM_COL,CLU_KIN,PomonaPitzer,D3,Team,20250427-PomonaPitzer-2,dd4d57f0-23bd-11f0-8e2e-710d118fca12,74.03616,,,6.53918,,,,,,,d6dd59cf-f9ac-4159-a241-cd4264778e4a,2025-04-27,23:18:01.08,2025-04-27T16:18:01.0889728-07:00,2025-04-27T23:18:01.0889728Z,,v3,POM_PIT,,,"Lee, Sammy",1000276388,Right,POM_COL,ad2c7227-afe8-40f3-a0a6-8d5ceaf1fdd5,55.2746,-111.07298,10.38335,5.96423,4.5775,-19.3937,-1.28872,2.05889,1.45183,,,,,,,,,,,,,,,,,,,,,,,,,,,,,,,,,,,,,,,,,,,,,,,,,,,High,High,High,,,,,
185,2025-04-27,16:18:21.66,2,2,"Lawson, Wade",1000068528,Right,POM_COL,"Orozco, Daniel",1000302991,Left,CLU_KIN,Undefined,7,Top,0,0,1,ChangeUp,Splitter,InPlay,Undefined,GroundBall,Out,2,0,,81.9433,-0.015215,-2.588127,853.617779,214.541441,1:15,5.56493,2.02999,5.52647,-29.4921,12.88977,7.91221,3.09302,0.26813,74.66291,-5.494382,-1.179437,0.468556,90.88215,-11.946552,41.074771,,,,,15.6373,13.85741,35.797334,0.109087,-4.7728,6.92103,-1.81041,50,5.54411,5.05471,-118.83632,-0.98028,-6.79653,23.66444,-22.3184,POM_COL,CLU_KIN,PomonaPitzer,D3,Team,20250427-PomonaPitzer-2,e9a23c00-23bd-11f0-8e2e-710d118fca12,80.44382,3.0169,,7.28039,,,,1.93426,3.0169,-0.22207,d6dd59cf-f9ac-4159-a241-cd4264778e4a,2025-04-27,23:18:21.66,2025-04-27T16:18:21.6602624-07:00,2025-04-27T23:18:21.6602624Z,GroundBall,v3,POM_PIT,,,"Lee, Sammy",1000276388,Right,POM_COL,ad268933-5bb4-480b-835e-673d74ae40f2,54.97268,-119.82246,11.83222,5.56558,-0.05023,-11.1592,-2.02695,5.33794,-3.39826,180,1.93023,98.53663,,,,,,,,3.01803,-27.656,,,,,,,,-0.22557,85.8826,,,,,,,,,,,,,,,,,,,,,,,,,,,,,,High,High,High,Medium,Medium,,,
186,2025-04-27,16:18:58.19,3,1,"Lawson, Wade",1000068528,Right,POM_COL,"Vega, Carlos",1000297558,Right,CLU_KIN,Undefined,7,Top,2,0,0,Fastball,Four-Seam,InPlay,Undefined,FlyBall,Out,1,0,,86.85099,-2.334372,-1.642406,2448.637762,216.367594,1:15,6.20231,0.84252,5.97385,-20.95257,16.21395,11.01375,2.29006,0.2373,79.0985,-6.290739,0.337731,0.438781,81.37249,32.298346,-15.658088,,106.39815,61.36501,-27.91726,295.84675,290.34126,-13.866951,4.890792,-6.14311,9.39296,-0.71863,50,6.00584,3.1635,-125.98854,-5.75794,-9.81344,27.06073,-17.16904,POM_COL,CLU_KIN,PomonaPitzer,D3,Team,20250427-PomonaPitzer-2,ff684520-23bd-11f0-8e2e-710d118fca12,85.90271,74.38354,,7.75249,,,,0.87511,2.24841,-0.23993,d6dd59cf-f9ac-4159-a241-cd4264778e4a,2025-04-27,23:18:58.19,2025-04-27T16:18:58.1984768-07:00,2025-04-27T23:18:58.1984768Z,FlyBall,v3,POM_PIT,,,"Lee, Sammy",1000276388,Right,POM_COL,ed5e38a8-bd58-4b09-9f63-1d85f542e357,54.52456,-126.95664,13.53036,6.20085,-5.14372,-8.58452,-0.83808,3.51458,-4.90672,188.040791,0.87816,97.07115,-17.01454,3.34927,-0.3586,-0.03618,0.01901,-0.00239,0.0001,2.24565,63.82513,-15.28523,0.74369,-0.16879,0.02655,0.00431,-0.00176,0.00014,-0.24116,-27.19927,6.47162,-1.56976,0.24176,-0.00928,-0.00424,0.00073,-4E-05,,,,,,,,,,,,,,,,,,,,,,,High,High,High,Medium,Medium,,,
187,2025-04-27,16:21:07.49,1,1,"Frazier, J.J.",1000297569,Left,CLU_KIN,"Gold, Jack",1000108729,Left,POM_COL,Undefined,7,Bottom,0,0,0,Fastball,Changeup,FoulBallNotFieldable,Undefined,Undefined,Undefined,0,0,,78.79431,-2.040001,-4.554832,1984.469166,230.083535,1:45,6.10416,2.84393,5.79067,-31.2021,15.10343,15.91336,1.59943,-0.07609,70.92818,-7.882339,-1.713395,0.489765,,,,,,,,,,,,-9.66095,8.89174,-2.47796,50,5.91725,8.46196,-113.82655,-4.97415,-12.42365,24.75684,-20.73959,POM_COL,CLU_KIN,PomonaPitzer,D3,Team,20250427-PomonaPitzer-2,4c855410-23be-11f0-8e2e-710d118fca12,76.96022,,,7.86613,,,,,,,d6dd59cf-f9ac-4159-a241-cd4264778e4a,2025-04-27,23:21:07.49,2025-04-27T16:21:07.4959872-07:00,2025-04-27T23:21:07.4959872Z,,v3,POM_PIT,,,"Matsumoto, Noah",1000029302,Right,CLU_KIN,df51f014-7548-4133-a0a5-54231c0582ba,54.70651,-114.84563,12.37842,6.10444,-4.12043,-10.36979,-2.83681,8.97337,-6.21183,,,,,,,,,,,,,,,,,,,,,,,,,,,,,,,,,,,,,,,,,,,,,,,,,,,High,High,High,,,,,
188,2025-04-27,16:21:27.95,1,2,"Frazier, J.J.",1000297569,Left,CLU_KIN,"Gold, Jack",1000108729,Left,POM_COL,Undefined,7,Bottom,0,0,1,Fastball,Changeup,FoulBallNotFieldable,Undefined,Undefined,Undefined,0,0,,78.60758,-0.660394,-3.46783,1911.225253,228.93561,1:45,6.10285,2.83908,5.66016,-28.27773,18.06359,18.78485,3.12937,1.16665,70.92804,-5.981996,-0.11706,0.489954,,,,,,,,,,,,-10.64304,9.85823,-2.55759,50,6.02938,6.16985,-113.80854,-2.12866,-13.7603,23.66186,-19.42842,POM_COL,CLU_KIN,PomonaPitzer,D3,Team,20250427-PomonaPitzer-2,58b1c890-23be-11f0-8e2e-710d118fca12,76.93051,,,7.67954,,,,,,,d6dd59cf-f9ac-4159-a241-cd4264778e4a,2025-04-27,23:21:27.95,2025-04-27T16:21:27.9543296-07:00,2025-04-27T23:21:27.9543296Z,,v3,POM_PIT,,,"Matsumoto, Noah",1000029302,Right,CLU_KIN,92586d2c-2a44-4df1-8d39-1fbe8d596810,54.83755,-114.80991,11.83093,6.10207,-1.30646,-9.71421,-2.83102,6.75219,-6.88015,,,,,,,,,,,,,,,,,,,,,,,,,,,,,,,,,,,,,,,,,,,,,,,,,,,High,High,High,,,,,
189,2025-04-27,16:21:58.04,1,3,"Frazier, J.J.",1000297569,Left,CLU_KIN,"Gold, Jack",1000108729,Left,POM_COL,Undefined,7,Bottom,0,0,2,Fastball,Changeup,StrikeCalled,Strikeout,Undefined,Undefined,0,0,,81.37104,-1.683838,-3.223966,1956.717955,230.598324,1:45,6.16444,2.64873,5.79913,-24.77064,17.82962,19.95816,2.53112,1.31009,74.18374,-6.339716,0.347708,0.469762,,,,,,,,,,,,-11.02839,9.9941,-2.39518,50,6.01109,5.8463,-117.93993,-4.18862,-15.47951,23.16044,-18.14624,POM_COL,CLU_KIN,PomonaPitzer,D3,Team,20250427-PomonaPitzer-2,6a83b420-23be-11f0-8e2e-710d118fca12,80.23739,,,7.1873,,,,,,,d6dd59cf-f9ac-4159-a241-cd4264778e4a,2025-04-27,23:21:58.04,2025-04-27T16:21:58.0420000-07:00,2025-04-27T23:21:58.0420000Z,,v3,POM_PIT,,,"Matsumoto, Noah",1000029302,Right,CLU_KIN,ccb03241-979d-41d0-ba3e-5ad56953d060,54.69894,-118.8591,11.58022,6.16303,-3.46845,-9.07312,-2.6394,6.46064,-7.73976,,,,,,,,,,,,,,,,,,,,,,,,,,,,,70.09157,2.57504,1.62089,0.95415,-2.06019,2.13403,-1.33826,-0.84927,5.16529,-4.74934,73.83444,9.30317,-50.9509,-0.80404,82.92584,-4.90333,5.2137,17.57423,-13.90024,-4.87035,-55.91718,7.92757,High,High,High,,,High,High,High
190,2025-04-27,16:22:24.32,2,1,"Frazier, J.J.",1000297569,Left,CLU_KIN,"Pierantoni, Greg",1000091552,Right,POM_COL,Undefined,7,Bottom,1,0,0,ChangeUp,Curveball,StrikeCalled,Undefined,Undefined,Undefined,0,0,,72.89821,1.079632,-4.763218,1765.858924,216.199973,1:15,5.99692,3.08009,5.72572,-46.95727,6.60949,3.52457,3.09298,-1.07288,66.50724,-7.568172,-4.136159,0.526768,,,,,,,,,,,,-3.18587,3.6337,-2.68378,50,6.05889,8.65614,-105.41747,0.61106,-3.56316,18.94196,-28.11004,POM_COL,CLU_KIN,PomonaPitzer,D3,Team,20250427-PomonaPitzer-2,7a3e0a50-23be-11f0-8e2e-710d118fca12,71.55421,,,6.39097,,,,,,,d6dd59cf-f9ac-4159-a241-cd4264778e4a,2025-04-27,23:22:24.32,2025-04-27T16:22:24.3296768-07:00,2025-04-27T23:22:24.3296768Z,,v3,POM_PIT,,,"Matsumoto, Noah",1000029302,Right,CLU_KIN,9222559b-7409-4613-a88e-34bb64a15b34,54.77063,-106.27122,9.47098,6.0028,1.87804,-14.05502,-3.07755,8.81674,-1.78158,,,,,,,,,,,,,,,,,,,,,,,,,,,,,,,,,,,,,,,,,,,,,,,,,,,High,High,High,,,,,
191,2025-04-27,16:22:35.52,2,2,"Frazier, J.J.",1000297569,Left,CLU_KIN,"Pierantoni, Greg",1000091552,Right,POM_COL,Undefined,7,Bottom,1,0,1,ChangeUp,Curveball,BallCalled,Undefined,Undefined,Undefined,0,0,,72.61198,0.03838,-5.34463,1855.951224,203.890908,12:45,5.92979,2.98312,5.7134,-46.70908,7.28965,2.4387,2.07328,-1.80725,66.54194,-8.531007,-4.911377,0.528887,,,,,,,,,,,,-2.78965,4.27449,-2.53613,50,5.90446,9.73121,-104.95005,-1.29619,-3.09767,18.49262,-27.42758,POM_COL,CLU_KIN,PomonaPitzer,D3,Team,20250427-PomonaPitzer-2,80e3b350-23be-11f0-8e2e-710d118fca12,71.26743,,,6.07005,,,,,,,d6dd59cf-f9ac-4159-a241-cd4264778e4a,2025-04-27,23:22:35.52,2025-04-27T16:22:35.5224576-07:00,2025-04-27T23:22:35.5224576Z,,v3,POM_PIT,,,"Matsumoto, Noah",1000029302,Right,CLU_KIN,8ff62019-9e5f-4625-9c07-55ff94e5b1d5,54.78357,-105.78958,9.24631,5.93504,-0.05103,-13.71379,-2.98109,9.87184,-1.54884,,,,,,,,,,,,,,,,,,,,,,,,,,,,,,,,,,,,,,,,,,,,,,,,,,,High,High,High,,,,,
192,2025-04-27,16:22:50.30,2,3,"Frazier, J.J.",1000297569,Left,CLU_KIN,"Pierantoni, Greg",1000091552,Right,POM_COL,Undefined,7,Bottom,1,1,1,Fastball,Changeup,FoulBallNotFieldable,Undefined,Undefined,Undefined,0,0,,80.63005,-1.818794,-3.50026,1982.223787,202.271236,12:45,6.26755,2.54821,5.74263,-17.05643,27.24037,10.44221,3.14897,0.15524,72.11753,-5.154488,-1.636877,0.479024,65.02203,38.132955,157.239679,,,,,,13.37209,,,-6.50461,14.95969,-2.26326,50,6.10608,6.71579,-116.57328,-4.09369,-8.7537,26.41126,-12.04178,POM_COL,CLU_KIN,PomonaPitzer,D3,Team,20250427-PomonaPitzer-2,89c5b7c0-23be-11f0-8e2e-710d118fca12,78.68587,13.3905,,8.51252,,,,1.12571,3.05449,0.0288,d6dd59cf-f9ac-4159-a241-cd4264778e4a,2025-04-27,23:22:50.30,2025-04-27T16:22:50.3059968-07:00,2025-04-27T23:22:50.3059968Z,,v3,POM_PIT,,,"Matsumoto, Noah",1000029302,Right,CLU_KIN,20ac923d-9a95-4647-8f7f-26c457f1cd92,54.75279,-117.64516,13.20563,6.2623,-3.60498,-6.02089,-2.54303,7.07105,-4.37685,,1.12638,-69.2175,3.81489,,,,,,,3.05668,58.73878,-31.27601,,,,,,,0.03057,28.90074,-13.39894,,,,,,,,,,,,,,,,,,,,,,,,,,,,,High,High,High,High,Undefined,,,
193,2025-04-27,16:23:13.61,2,4,"Frazier, J.J.",1000297569,Left,CLU_KIN,"Pierantoni, Greg",1000091552,Right,POM_COL,Undefined,7,Bottom,1,1,2,ChangeUp,Curveball,FoulBallNotFieldable,Undefined,Undefined,Undefined,0,0,,75.09719,-0.829874,-4.581487,1876.790818,209.730745,1:00,5.9456,2.76937,5.83064,-41.1314,8.9476,4.17229,1.74404,-1.15082,68.88048,-8.407461,-3.836658,0.50933,,,,,,,,,,,,-3.46244,5.29599,-2.39713,50,5.8534,8.56364,-108.71333,-2.78145,-4.12857,19.7083,-25.85913,POM_COL,CLU_KIN,PomonaPitzer,D3,Team,20250427-PomonaPitzer-2,97af93b0-23be-11f0-8e2e-710d118fca12,74.00398,,,6.21671,,,,,,,d6dd59cf-f9ac-4159-a241-cd4264778e4a,2025-04-27,23:23:13.61,2025-04-27T16:23:13.6150016-07:00,2025-04-27T23:23:13.6150016Z,,v3,POM_PIT,,,"Matsumoto, Noah",1000029302,Right,CLU_KIN,355a2f9a-6c3f-4cbb-b50c-8293918eebc0,54.66815,-109.55634,9.85415,5.94871,-1.67535,-12.92957,-2.7672,8.74023,-2.06428,,,,,,,,,,,,,,,,,,,,,,,,,,,,,,,,,,,,,,,,,,,,,,,,,,,High,High,High,,,,,
194,2025-04-27,16:23:37.92,2,5,"Frazier, J.J.",1000297569,Left,CLU_KIN,"Pierantoni, Greg",1000091552,Right,POM_COL,Undefined,7,Bottom,1,1,2,Fastball,Changeup,InPlay,Undefined,LineDrive,Single,0,0,,82.25736,-1.816112,-4.369427,1991.431092,237.485832,2:00,6.12287,2.37008,5.90718,-27.50663,14.25997,20.08222,2.13941,-0.0201,74.74755,-6.969516,-0.774119,0.465142,95.10753,8.633118,-21.933448,1585.897301,99.27274,6.91119,-47.38015,157.36233,157.36233,-27.211373,1.316418,-11.62918,8.27552,-2.03028,50,5.96097,8.31946,-119.06961,-4.60593,-16.56364,24.54428,-20.38711,POM_COL,CLU_KIN,PomonaPitzer,D3,Team,20250427-PomonaPitzer-2,a625d120-23be-11f0-8e2e-710d118fca12,81.03419,8.18016,,7.50981,,,,1.17781,2.04347,0.02122,d6dd59cf-f9ac-4159-a241-cd4264778e4a,2025-04-27,23:23:37.92,2025-04-27T16:23:37.9227136-07:00,2025-04-27T23:23:37.9227136Z,LineDrive,v3,POM_PIT,,,"Matsumoto, Noah",1000029302,Right,CLU_KIN,5696973f-edaa-4275-982d-33870a340253,54.59252,-120.01255,12.27214,6.12287,-3.8227,-10.19355,-2.36212,8.9558,-8.28182,,1.17781,127.92817,-21.88659,4.68802,-1.01618,0.2072,-0.03951,0.00518,-0.00021,2.04347,20.93853,-18.61305,1.39048,-0.21188,0.03445,-0.00707,0.00255,-0.00049,0.02122,-51.51358,-4.07041,1.81549,-0.56376,0.14361,-0.02852,0.00276,0.00016,,,,,,,,,,,,,,,,,,,,,,,High,High,High,High,High,,,
195,2025-04-27,16:24:09.45,3,1,"Frazier, J.J.",1000297569,Left,CLU_KIN,"Berry, Cooper",1000276381,Left,POM_COL,Undefined,7,Bottom,1,0,0,Fastball,Changeup,StrikeCalled,Undefined,Undefined,Undefined,0,0,,80.33344,-0.743545,-2.870289,1875.17057,219.857164,1:15,6.13156,2.77406,5.81987,-24.55682,19.45548,14.91741,3.39294,1.34629,72.53899,-5.401941,-0.200075,0.477483,,,,,,,,,,,,-8.41989,10.5926,-2.54749,50,6.05626,5.2369,-116.37178,-2.18768,-11.40464,24.3382,-17.82647,POM_COL,CLU_KIN,PomonaPitzer,D3,Team,20250427-PomonaPitzer-2,b8dc7760-23be-11f0-8e2e-710d118fca12,78.93978,,,7.79445,,,,,,,d6dd59cf-f9ac-4159-a241-cd4264778e4a,2025-04-27,23:24:09.45,2025-04-27T16:24:09.4504448-07:00,2025-04-27T23:24:09.4504448Z,,v3,POM_PIT,,,"Matsumoto, Noah",1000029302,Right,CLU_KIN,9e2674e0-5d68-4086-8738-6fa5b02e5708,54.67513,-117.34547,12.1691,6.12951,-1.4745,-8.91324,-2.76613,5.69316,-5.70232,,,,,,,,,,,,,,,,,,,,,,,,,,,,,,,,,,,,,,,,,,,,,,,,,,,High,High,High,,,,,
196,2025-04-27,16:24:22.69,3,2,"Frazier, J.J.",1000297569,Left,CLU_KIN,"Berry, Cooper",1000276381,Left,POM_COL,Undefined,7,Bottom,1,0,1,Fastball,Changeup,BallCalled,Undefined,Undefined,Undefined,0,0,,79.38843,0.184989,-2.420857,1916.989056,223.544536,1:30,6.10625,2.73452,5.91809,-26.38883,18.49816,16.05119,4.07901,1.82414,71.61051,-4.823271,0.458651,0.482205,,,,,,,,,,,,-8.85815,9.85438,-2.54896,50,6.10619,4.23002,-115.05919,-0.34567,-11.72188,23.91366,-19.13385,POM_COL,CLU_KIN,PomonaPitzer,D3,Team,20250427-PomonaPitzer-2,c0c093d0-23be-11f0-8e2e-710d118fca12,78.16688,,,7.77792,,,,,,,d6dd59cf-f9ac-4159-a241-cd4264778e4a,2025-04-27,23:24:22.69,2025-04-27T16:24:22.6959872-07:00,2025-04-27T23:24:22.6959872Z,,v3,POM_PIT,,,"Matsumoto, Noah",1000029302,Right,CLU_KIN,31b01164-a990-494c-a32c-cd26e32ef423,54.57636,-116.00643,11.95683,6.10488,0.41224,-9.56693,-2.72571,4.69433,-5.86094,,,,,,,,,,,,,,,,,,,,,,,,,,,,,,,,,,,,,,,,,,,,,,,,,,,High,High,High,,,,,
197,2025-04-27,16:24:37.88,3,3,"Frazier, J.J.",1000297569,Left,CLU_KIN,"Berry, Cooper",1000276381,Left,POM_COL,Undefined,7,Bottom,1,1,1,Fastball,Changeup,FoulBallNotFieldable,Undefined,Undefined,Undefined,0,0,,79.57294,-0.47122,-3.893318,1949.140522,225.059164,1:30,6.08193,2.81917,5.93297,-24.85675,19.67544,18.16237,3.57233,0.715,72.1063,-5.187024,-0.640492,0.480295,,,,,,,,,,,,-10.4567,10.66902,-2.51805,50,6.03029,7.1539,-115.27104,-1.61962,-13.95514,23.05155,-17.93556,POM_COL,CLU_KIN,PomonaPitzer,D3,Team,20250427-PomonaPitzer-2,c9ebd640-23be-11f0-8e2e-710d118fca12,78.47762,,,7.46665,,,,,,,d6dd59cf-f9ac-4159-a241-cd4264778e4a,2025-04-27,23:24:37.88,2025-04-27T16:24:37.8867712-07:00,2025-04-27T23:24:37.8867712Z,,v3,POM_PIT,,,"Matsumoto, Noah",1000029302,Right,CLU_KIN,34ac10fe-3138-49c1-907c-f3053aea1791,54.56501,-116.18035,11.52577,6.08022,-0.91212,-8.96778,-2.81111,7.70438,-6.97757,,,,,,,,,,,,,,,,,,,,,,,,,,,,,,,,,,,,,,,,,,,,,,,,,,,High,High,High,,,,,
198,2025-04-27,16:24:58.02,3,4,"Frazier, J.J.",1000297569,Left,CLU_KIN,"Berry, Cooper",1000276381,Left,POM_COL,Undefined,7,Bottom,1,1,2,Fastball,Changeup,BallCalled,Undefined,Undefined,Undefined,0,0,,81.57482,-2.158427,-2.895627,2009.558073,235.265383,1:45,6.12898,2.62687,5.62421,-28.42919,14.75528,18.95832,1.74219,1.50233,73.66386,-7.468981,0.489237,0.472972,,,,,,,,,,,,-10.4615,8.64012,-2.39197,50,5.92687,5.18928,-118.0487,-5.33289,-14.52943,25.78028,-20.17424,POM_COL,CLU_KIN,PomonaPitzer,D3,Team,20250427-PomonaPitzer-2,d5c98e80-23be-11f0-8e2e-710d118fca12,79.69278,,,7.91096,,,,,,,d6dd59cf-f9ac-4159-a241-cd4264778e4a,2025-04-27,23:24:58.02,2025-04-27T16:24:58.0212736-07:00,2025-04-27T23:24:58.0212736Z,,v3,POM_PIT,,,"Matsumoto, Noah",1000029302,Right,CLU_KIN,0757bb19-21c3-4ec4-85cb-0952d4929c82,54.87199,-119.10793,12.89014,6.12895,-4.50399,-10.08712,-2.61744,5.78624,-7.26471,,,,,,,,,,,,,,,,,,,,,,,,,,,,,,,,,,,,,,,,,,,,,,,,,,,High,High,High,,,,,
199,2025-04-27,16:25:15.03,3,5,"Frazier, J.J.",1000297569,Left,CLU_KIN,"Berry, Cooper",1000276381,Left,POM_COL,Undefined,7,Bottom,1,2,2,Fastball,Changeup,FoulBallNotFieldable,Undefined,Undefined,Undefined,0,0,,79.97201,-0.899176,-3.236541,2014.643412,231.389162,1:45,6.05673,2.75737,5.86701,-28.21706,16.14926,18.20954,2.86863,1.26511,72.27073,-6.213286,0.025792,0.4794,,,,,,,,,,,,-10.30308,9.00217,-2.5055,50,5.96761,5.84584,-115.85126,-2.63067,-13.81594,24.33586,-20.10258,POM_COL,CLU_KIN,PomonaPitzer,D3,Team,20250427-PomonaPitzer-2,e00a86b0-23be-11f0-8e2e-710d118fca12,78.62418,,,7.70128,,,,,,,d6dd59cf-f9ac-4159-a241-cd4264778e4a,2025-04-27,23:25:15.03,2025-04-27T16:25:15.0333440-07:00,2025-04-27T23:25:15.0333440Z,,v3,POM_PIT,,,"Matsumoto, Noah",1000029302,Right,CLU_KIN,bcb916e0-4839-41ba-8986-8ca4a0f82d82,54.63035,-116.81987,12.16793,6.05639,-1.83055,-10.05129,-2.74911,6.39574,-6.90797,,,,,,,,,,,,,,,,,,,,,,,,,,,,,,,,,,,,,,,,,,,,,,,,,,,High,High,High,,,,,
200,2025-04-27,16:25:37.40,3,6,"Frazier, J.J.",1000297569,Left,CLU_KIN,"Berry, Cooper",1000276381,Left,POM_COL,Undefined,7,Bottom,1,2,2,Fastball,Changeup,InPlay,Undefined,Popup,Out,1,0,,80.99397,-2.049493,-4.162261,1950.391424,218.855538,1:15,6.02739,2.69061,5.86471,-23.29663,19.88214,14.79013,2.17624,0.04969,73.51316,-6.457689,-1.517851,0.472941,,,,,,,,,,,,-8.8217,11.22973,-2.36146,50,5.84743,7.95787,-117.20566,-4.84752,-12.17096,23.84468,-16.68084,POM_COL,CLU_KIN,PomonaPitzer,D3,Team,20250427-PomonaPitzer-2,ed647eb0-23be-11f0-8e2e-710d118fca12,79.69803,,,7.48081,,,,,,,d6dd59cf-f9ac-4159-a241-cd4264778e4a,2025-04-27,23:25:37.40,2025-04-27T16:25:37.4044672-07:00,2025-04-27T23:25:37.4044672Z,,v3,POM_PIT,,,"Matsumoto, Noah",1000029302,Right,CLU_KIN,3ce0bfb1-d74f-4bd7-9045-0f052d945c37,54.63341,-118.14453,11.92234,6.02537,-4.19072,-8.34042,-2.68423,8.4371,-6.08548,,,,,,,,,,,,,,,,,,,,,,,,,,,,,,,,,,,,,,,,,,,,,,,,,,,High,High,High,,,,,
201,2025-04-27,16:26:15.77,4,1,"Frazier, J.J.",1000297569,Left,CLU_KIN,"Hattenburg, Xavier",10277269,Left,POM_COL,Undefined,7,Bottom,2,0,0,Fastball,Changeup,InPlay,Undefined,GroundBall,Out,1,0,,78.89044,-1.743441,-2.998813,1880.581213,225.544311,1:30,6.12722,2.72458,5.6788,-27.30179,18.45844,17.16351,2.22408,1.35678,71.63912,-6.864201,0.066518,0.486873,65.20491,6.788886,-32.445451,4969.368983,,,,65.8471,65.8471,-36.016121,0.734195,-9.65036,10.37969,-2.48275,50,5.96322,5.32805,-114.28526,-4.27076,-12.64252,22.92348,-18.57606,POM_COL,CLU_KIN,PomonaPitzer,D3,Team,20250427-PomonaPitzer-2,043f2c20-23bf-11f0-8e2e-710d118fca12,77.41744,3.81345,,7.25132,,,,1.21341,2.24421,-1.51998,d6dd59cf-f9ac-4159-a241-cd4264778e4a,2025-04-27,23:26:15.77,2025-04-27T16:26:15.7789696-07:00,2025-04-27T23:26:15.7789696Z,GroundBall,v3,POM_PIT,,,"Matsumoto, Noah",1000029302,Right,CLU_KIN,02985371-e126-4249-b6cb-89227518f311,54.81956,-115.24792,11.46174,6.12619,-3.49067,-9.28803,-2.71764,5.85897,-6.32126,,1.21341,80.13967,-13.95375,2.1416,-0.43893,0.0544,-0.00743,0.00153,-0.00023,2.24421,11.30499,-20.91877,2.11482,-0.41771,0.08499,-0.01365,0.00231,-0.00029,-1.51998,-50.9474,-0.35189,1.2483,-0.40967,0.11395,-0.02368,0.00439,-0.00044,,,,,,,,,,,,,,,,,,,,,,,High,High,High,High,High,,,
202,2025-04-27,16:28:06.34,1,1,"Lawson, Wade",1000068528,Right,POM_COL,"Caranto, Kai",1000069292,Right,CLU_KIN,Undefined,8,Top,0,0,0,Slider,Slider,BallCalled,Undefined,Undefined,Undefined,0,0,,81.65967,-0.075565,-4.830111,2261.036286,279.391615,3:15,5.61082,2.07236,5.16326,-43.19117,1.66524,1.33799,1.94018,-2.37309,72.52004,-7.984863,-4.59443,0.482041,,,,,,,,,,,,-2.48748,1.51323,-1.62179,50,5.5719,9.87632,-117.5892,-1.73024,-3.36425,29.36639,-30.12746,POM_COL,CLU_KIN,PomonaPitzer,D3,Team,20250427-PomonaPitzer-2,460fed60-23bf-11f0-8e2e-710d118fca12,78.1935,,,9.13962,,,,,,,d6dd59cf-f9ac-4159-a241-cd4264778e4a,2025-04-27,23:28:06.34,2025-04-27T16:28:06.3448576-07:00,2025-04-27T23:28:06.3448576Z,,v3,POM_PIT,,,"Lee, Sammy",1000276388,Right,POM_COL,08b1a329-3c62-4946-b7e2-2b264c85cf23,55.32724,-118.91216,14.6832,5.61928,-0.37299,-15.06373,-2.07014,10.02788,-1.68212,,,,,,,,,,,,,,,,,,,,,,,,,,,,,,,,,,,,,,,,,,,,,,,,,,,High,High,High,,,,,
203,2025-04-27,16:28:22.76,1,2,"Lawson, Wade",1000068528,Right,POM_COL,"Caranto, Kai",1000069292,Right,CLU_KIN,Undefined,8,Top,0,1,0,Slider,Slider,InPlay,Undefined,GroundBall,Out,1,0,,81.93777,0.615772,-2.009092,2360.703721,122.973221,10:00,5.52984,2.23985,5.0743,-40.43199,3.30315,-2.59906,2.74141,0.12839,73.77671,-6.781917,-2.468315,0.475978,86.08104,-13.705008,-17.348683,,,,,10.57209,8.71786,-17.081498,0.084337,0.61736,1.90811,-2.04711,50,5.55674,4.27268,-118.57732,-0.19715,0.86241,26.65814,-29.50849,POM_COL,CLU_KIN,PomonaPitzer,D3,Team,20250427-PomonaPitzer-2,4ff18780-23bf-11f0-8e2e-710d118fca12,79.18951,2.52835,,8.16106,,,,0.20964,2.52835,-0.01384,d6dd59cf-f9ac-4159-a241-cd4264778e4a,2025-04-27,23:28:22.76,2025-04-27T16:28:22.7695616-07:00,2025-04-27T23:28:22.7695616Z,GroundBall,v3,POM_PIT,,,"Lee, Sammy",1000276388,Right,POM_COL,2b0a906c-f48f-4fc6-b492-f03723d9be87,55.42198,-119.79007,13.32907,5.53517,1.14527,-14.75425,-2.24059,4.23345,0.43121,180,0.20607,117.33992,,,,,,,,2.52926,-29.97907,,,,,,,,-0.01273,-36.65672,,,,,,,,,,,,,,,,,,,,,,,,,,,,,,High,High,High,High,High,,,
204,2025-04-27,16:28:59.91,2,1,"Lawson, Wade",1000068528,Right,POM_COL,"Garcia, Alec",1000242068,Right,CLU_KIN,Undefined,8,Top,1,0,0,Slider,Slider,StrikeCalled,Undefined,Undefined,Undefined,0,0,,81.67826,1.669995,-2.987762,2328.403421,173.100658,11:45,5.54734,2.22311,5.188,-40.85254,3.46677,-0.2063,3.71665,-0.60746,72.72858,-5.85169,-3.024217,0.479146,,,,,,,,,,,,-0.9676,1.71854,-1.94532,50,5.67263,6.16421,-117.92629,1.97198,-1.32589,28.0529,-29.81917,POM_COL,CLU_KIN,PomonaPitzer,D3,Team,20250427-PomonaPitzer-2,65fb9e80-23bf-11f0-8e2e-710d118fca12,78.66586,,,8.94968,,,,,,,d6dd59cf-f9ac-4159-a241-cd4264778e4a,2025-04-27,23:28:59.91,2025-04-27T16:28:59.9107072-07:00,2025-04-27T23:28:59.9107072Z,,v3,POM_PIT,,,"Lee, Sammy",1000276388,Right,POM_COL,8a457f79-3f12-4e01-801b-fb183c574331,55.30381,-119.18131,14.02645,5.55457,3.30602,-14.90959,-2.22241,6.22353,-0.66294,,,,,,,,,,,,,,,,,,,,,,,,,,,,,,,,,,,,,,,,,,,,,,,,,,,High,High,High,,,,,
205,2025-04-27,16:29:17.87,2,2,"Lawson, Wade",1000068528,Right,POM_COL,"Garcia, Alec",1000242068,Right,CLU_KIN,Undefined,8,Top,1,0,1,Slider,Curveball,StrikeCalled,Undefined,Undefined,Undefined,0,0,,76.71512,0.473638,-1.956989,2341.531676,59.582939,8:00,6.1172,1.10727,5.57229,-50.51042,-2.1513,-6.36138,2.35068,-1.25152,70.26505,-8.751414,-3.092661,0.500508,,,,,,,,,,,,2.61272,-0.68618,-0.9345,50,6.12532,4.04805,-111.29757,-0.73665,3.25405,21.29291,-33.02867,POM_COL,CLU_KIN,PomonaPitzer,D3,Team,20250427-PomonaPitzer-2,70b28a00-23bf-11f0-8e2e-710d118fca12,75.30843,,,6.45006,,,,,,,d6dd59cf-f9ac-4159-a241-cd4264778e4a,2025-04-27,23:29:17.87,2025-04-27T16:29:17.8741248-07:00,2025-04-27T23:29:17.8741248Z,,v3,POM_PIT,,,"Lee, Sammy",1000276388,Right,POM_COL,ab9c0523-ab34-45ce-96bd-ce91e9f97f2a,54.92662,-112.23615,10.64646,6.12571,0.71924,-16.51434,-1.10977,3.90461,1.62702,,,,,,,,,,,,,,,,,,,,,,,,,,,,,,,,,,,,,,,,,,,,,,,,,,,High,High,High,,,,,
206,2025-04-27,16:29:35.85,2,3,"Lawson, Wade",1000068528,Right,POM_COL,"Garcia, Alec",1000242068,Right,CLU_KIN,Undefined,8,Top,1,0,2,Slider,Slider,BallCalled,Undefined,Undefined,Undefined,0,0,,82.58415,0.946911,-2.610622,2638.056613,104.462986,9:30,5.97651,1.52559,5.17055,-40.22026,3.12016,-5.44012,3.51695,-1.38626,73.67314,-6.4459,-3.572283,0.473825,,,,,,,,,,,,1.72756,1.78575,-1.27809,50,6.03505,5.68485,-119.30862,0.50505,2.42185,28.81475,-29.67063,POM_COL,CLU_KIN,PomonaPitzer,D3,Team,20250427-PomonaPitzer-2,7b641e50-23bf-11f0-8e2e-710d118fca12,79.54931,,,8.91102,,,,,,,d6dd59cf-f9ac-4159-a241-cd4264778e4a,2025-04-27,23:29:35.85,2025-04-27T16:29:35.8503936-07:00,2025-04-27T23:29:35.8503936Z,,v3,POM_PIT,,,"Lee, Sammy",1000276388,Right,POM_COL,ec737d5b-ebd5-41a9-b0a3-a1f88a2f400a,55.3217,-120.58704,14.40738,5.98344,1.82144,-14.83532,-1.52792,5.5774,1.21093,,,,,,,,,,,,,,,,,,,,,,,,,,,,,,,,,,,,,,,,,,,,,,,,,,,High,High,High,,,,,
207,2025-04-27,16:29:54.91,2,4,"Lawson, Wade",1000068528,Right,POM_COL,"Garcia, Alec",1000242068,Right,CLU_KIN,Undefined,8,Top,1,1,2,Fastball,Four-Seam,FoulBallNotFieldable,Undefined,Undefined,Undefined,0,0,,86.58293,-0.454826,-3.43196,2503.718228,211.31266,1:00,6.13484,0.86656,6.00878,-19.78599,17.46584,9.88882,4.06387,-1.49273,78.87637,-4.214058,-1.658,0.439284,,,,,,,,,,,,-5.94689,9.42249,-0.60152,50,6.08797,7.10454,-125.52055,-1.55344,-9.48108,25.57067,-17.15182,POM_COL,CLU_KIN,PomonaPitzer,D3,Team,20250427-PomonaPitzer-2,86be27a0-23bf-11f0-8e2e-710d118fca12,85.80426,,,7.70655,,,,,,,d6dd59cf-f9ac-4159-a241-cd4264778e4a,2025-04-27,23:29:54.91,2025-04-27T16:29:54.9137920-07:00,2025-04-27T23:29:54.9137920Z,,v3,POM_PIT,,,"Lee, Sammy",1000276388,Right,POM_COL,67cc6f1c-1a96-4fd4-8e94-aff3fed29f53,54.48619,-126.43116,12.78533,6.13241,-0.94263,-8.57591,-0.86053,7.44218,-4.74054,,,,,,,,,,,,,,,,,,,,,,,,,,,,,,,,,,,,,,,,,,,,,,,,,,,High,High,High,,,,,
208,2025-04-27,16:30:17.69,2,5,"Lawson, Wade",1000068528,Right,POM_COL,"Garcia, Alec",1000242068,Right,CLU_KIN,Undefined,8,Top,1,1,2,Curveball,Curveball,BallCalled,Undefined,Undefined,Undefined,0,0,,77.82475,0.459017,-1.338555,2428.262217,36.563628,7:15,6.25251,0.91964,5.21141,-56.5557,-8.33654,-7.48933,1.97131,-0.96344,70.53122,-9.796807,-2.668989,0.499783,,,,,,,,,,,,3.25366,-3.69953,-0.79016,50,6.25295,2.94295,-112.74377,-1.11142,4.10211,24.4143,-36.83828,POM_COL,CLU_KIN,PomonaPitzer,D3,Team,20250427-PomonaPitzer-2,945a58c0-23bf-11f0-8e2e-710d118fca12,75.41767,,,7.29352,,,,,,,d6dd59cf-f9ac-4159-a241-cd4264778e4a,2025-04-27,23:30:17.69,2025-04-27T16:30:17.6971776-07:00,2025-04-27T23:30:17.6971776Z,,v3,POM_PIT,,,"Lee, Sammy",1000276388,Right,POM_COL,2a27ef39-6676-4059-bae3-f9c23761ced1,55.287,-113.8829,12.20715,6.26471,0.60739,-18.41914,-0.92301,2.75156,2.05106,,,,,,,,,,,,,,,,,,,,,,,,,,,,,,,,,,,,,,,,,,,,,,,,,,,High,High,High,,,,,
209,2025-04-27,16:30:38.65,2,6,"Lawson, Wade",1000068528,Right,POM_COL,"Garcia, Alec",1000242068,Right,CLU_KIN,Undefined,8,Top,1,2,2,Slider,Slider,InPlay,Undefined,Popup,Double,0,0,,81.10325,1.073455,-2.266396,2530.316554,140.251642,10:45,5.53447,2.183,4.9768,-39.51813,4.6665,-2.68705,3.25604,-0.18257,73.97597,-6.122018,-2.739944,0.478417,62.49539,38.548736,24.988469,,93.91428,52.36717,57.27207,187.92262,142.58283,34.868738,3.811527,0.67736,2.40528,-1.96179,50,5.60599,4.76553,-117.52376,0.76831,0.94358,23.10675,-28.82354,POM_COL,CLU_KIN,PomonaPitzer,D3,Team,20250427-PomonaPitzer-2,a0f08b90-23bf-11f0-8e2e-710d118fca12,78.78569,52.66379,,7.12729,,,,0.58605,3.22288,0.22495,d6dd59cf-f9ac-4159-a241-cd4264778e4a,2025-04-27,23:30:38.65,2025-04-27T16:30:38.6555392-07:00,2025-04-27T23:30:38.6555392Z,Popup,v3,POM_PIT,,,"Lee, Sammy",1000276388,Right,POM_COL,49b29c8a-9a51-4573-b853-701798325ad2,55.52214,-118.60451,11.55338,5.53853,2.11645,-14.41177,-2.18365,4.7214,0.47179,211.713377,0.58716,64.94461,-13.11534,2.9832,-0.35802,-0.05296,0.0254,-0.00237,-1E-05,3.22292,57.11462,-17.83804,0.74123,0.18586,-0.20481,0.08555,-0.01646,0.00118,0.22507,30.27835,-0.0682,-0.49315,0.22475,-0.0702,0.01621,-0.00229,0.00014,,,,,,,,,,,,,,,,,,,,,,,High,High,High,High,Medium,,,
210,2025-04-27,16:31:26.47,3,1,"Lawson, Wade",1000068528,Right,POM_COL,"Dawson, Jona",1000297571,Right,CLU_KIN,Undefined,8,Top,1,0,0,Slider,Slider,BallCalled,Undefined,Undefined,Undefined,0,0,,81.08892,1.696013,-2.339927,2367.178151,139.893809,10:45,5.44023,2.35618,5.33557,-39.80734,4.12823,-2.19894,3.71595,-0.02361,73.3886,-5.620223,-2.729829,0.477067,,,,,,,,,,,,0.36602,2.05024,-2.14327,50,5.56545,4.89135,-117.40639,2.08741,0.50549,24.41699,-29.34254,POM_COL,CLU_KIN,PomonaPitzer,D3,Team,20250427-PomonaPitzer-2,bd5ba170-23bf-11f0-8e2e-710d118fca12,79.00867,,,7.70032,,,,,,,d6dd59cf-f9ac-4159-a241-cd4264778e4a,2025-04-27,23:31:26.47,2025-04-27T16:31:26.4784384-07:00,2025-04-27T23:31:26.4784384Z,,v3,POM_PIT,,,"Lee, Sammy",1000276388,Right,POM_COL,28126584-36d7-44ea-baec-0ebc1ba58f0f,55.15994,-118.47464,12.20849,5.44604,3.37116,-14.67127,-2.35679,4.86924,0.25274,,,,,,,,,,,,,,,,,,,,,,,,,,,,,,,,,,,,,,,,,,,,,,,,,,,High,High,High,,,,,
211,2025-04-27,16:31:43.45,3,2,"Lawson, Wade",1000068528,Right,POM_COL,"Dawson, Jona",1000297571,Right,CLU_KIN,Undefined,8,Top,1,1,0,Slider,Slider,FoulBallNotFieldable,Undefined,Undefined,Undefined,0,0,,80.20596,0.888619,-3.337385,2398.889894,131.794805,10:30,5.46475,2.24939,5.01523,-42.4675,2.3078,-1.09858,2.76596,-0.99553,73.90937,-6.798066,-3.530857,0.481605,73.64213,35.311923,36.651058,5488.329761,80.51505,60.55505,74.94838,234.69512,146.61569,50.01437,4.421213,-0.32949,1.27036,-1.92818,50,5.51557,6.82553,-116.27086,0.27491,-0.45343,20.71993,-30.42584,POM_COL,CLU_KIN,PomonaPitzer,D3,Team,20250427-PomonaPitzer-2,c794f880-23bf-11f0-8e2e-710d118fca12,78.26427,63.58342,,6.29659,,,,0.80178,2.93123,0.88184,d6dd59cf-f9ac-4159-a241-cd4264778e4a,2025-04-27,23:31:43.45,2025-04-27T16:31:43.4507264-07:00,2025-04-27T23:31:43.4507264Z,FlyBall,v3,POM_PIT,,,"Lee, Sammy",1000276388,Right,POM_COL,af4bfe8e-f731-43cb-bf3c-4289c25a148d,55.48575,-117.24437,10.35997,5.46907,1.70444,-15.21292,-2.24937,6.84683,-0.22671,,0.80432,70.64695,-17.64005,3.95941,-0.48549,-0.07332,0.0361,-0.00428,0.00015,2.92994,62.4614,-17.95023,1.18265,-0.18526,0.02525,0.00778,-0.00282,0.00023,0.88342,52.57209,-3.47763,-0.50945,0.59454,-0.2686,0.06903,-0.00904,0.00047,,,,,,,,,,,,,,,,,,,,,,,High,High,High,High,Low,,,
212,2025-04-27,16:32:15.26,3,3,"Lawson, Wade",1000068528,Right,POM_COL,"Dawson, Jona",1000297571,Right,CLU_KIN,Undefined,8,Top,1,1,1,Fastball,Cutter,StrikeSwinging,Undefined,Undefined,Undefined,0,0,,84.07839,-0.361695,-2.170799,2417.52678,201.757673,12:45,5.98657,1.44215,6.19023,-20.20781,18.8204,7.02473,3.96839,0.02232,76.89962,-4.212503,-0.904252,0.449636,,,,,,,,,,,,-4.20453,10.19536,-1.2818,50,5.94882,4.3549,-122.11828,-1.30485,-6.35927,23.68977,-16.75374,POM_COL,CLU_KIN,PomonaPitzer,D3,Team,20250427-PomonaPitzer-2,da67d950-23bf-11f0-8e2e-710d118fca12,83.82884,,,7.17877,,,,,,,d6dd59cf-f9ac-4159-a241-cd4264778e4a,2025-04-27,23:32:15.26,2025-04-27T16:32:15.2678400-07:00,2025-04-27T23:32:15.2678400Z,,v3,POM_PIT,,,"Lee, Sammy",1000276388,Right,POM_COL,b00b6243-73bb-494c-ad99-469b94609539,54.30717,-122.95099,11.84489,5.98433,-0.71594,-8.37687,-1.4388,4.57843,-3.17963,,,,,,,,,,,,,,,,,,,,,,,,,,,,,,,,,,,,,,,,,,,,,,,,,,,High,High,High,,,,,
213,2025-04-27,16:32:36.20,3,4,"Lawson, Wade",1000068528,Right,POM_COL,"Dawson, Jona",1000297571,Right,CLU_KIN,Undefined,8,Top,1,1,2,Fastball,Four-Seam,HitByPitch,Undefined,Undefined,Undefined,0,0,,85.94289,-0.048503,-1.046445,2407.456176,205.134294,12:45,6.00682,1.30856,5.98559,-17.07233,20.94607,9.21296,4.53917,1.10629,77.70807,-3.345257,0.609535,0.443781,,,,,,,,,,,,-5.07508,11.17288,-1.23113,50,5.99373,1.9092,-124.75535,-0.55109,-7.912,27.62718,-14.7556,POM_COL,CLU_KIN,PomonaPitzer,D3,Team,20250427-PomonaPitzer-2,e6fc5e70-23bf-11f0-8e2e-710d118fca12,84.93485,,,8.23482,,,,,,,d6dd59cf-f9ac-4159-a241-cd4264778e4a,2025-04-27,23:32:36.20,2025-04-27T16:32:36.2036736-07:00,2025-04-27T23:32:36.2036736Z,,v3,POM_PIT,,,"Lee, Sammy",1000276388,Right,POM_COL,31d8c9f0-c386-40d5-9b9d-d1c83f4ee76c,54.51265,-125.75071,13.81359,6.00401,-0.01947,-7.3778,-1.30505,2.19426,-3.956,,,,,,,,,,,,,,,,,,,,,,,,,,,,,,,,,,,,,,,,,,,,,,,,,,,High,High,High,,,,,
214,2025-04-27,16:34:35.06,4,1,"Lawson, Wade",1000068528,Right,POM_COL,"Gardner, Zach",1000236756,Right,CLU_KIN,Undefined,8,Top,1,0,0,Slider,Slider,StrikeSwinging,Undefined,Undefined,Undefined,0,0,,79.47963,-0.158288,-3.49894,2424.67419,98.5169,9:15,5.40974,2.24678,5.20899,-43.65471,2.0028,-3.59106,1.62271,-1.34702,72.88966,-8.082984,-4.1339,0.486326,,,,,,,,,,,,0.78106,1.50799,-1.92003,50,5.36238,7.18608,-115.11777,-1.84994,1.04466,22.03099,-30.15714,POM_COL,CLU_KIN,PomonaPitzer,D3,Team,20250427-PomonaPitzer-2,2dbe13d0-23c0-11f0-8e2e-710d118fca12,77.50448,,,6.58997,,,,,,,d6dd59cf-f9ac-4159-a241-cd4264778e4a,2025-04-27,23:34:35.06,2025-04-27T16:34:35.0674944-07:00,2025-04-27T23:34:35.0674944Z,,v3,POM_PIT,,,"Lee, Sammy",1000276388,Right,POM_COL,1ef0a975-ef07-47c0-838c-16e6e13a6f0b,55.28966,-116.12568,11.0155,5.41545,-0.47027,-15.07857,-2.2477,7.13829,0.52233,,,,,,,,,,,,,,,,,,,,,,,,,,,,,,,,,,,,,,,,,,,,,,,,,,,High,High,High,,,,,
215,2025-04-27,16:34:55.90,4,2,"Lawson, Wade",1000068528,Right,POM_COL,"Gardner, Zach",1000236756,Right,CLU_KIN,Undefined,8,Top,1,0,1,Slider,Curveball,BallCalled,Undefined,Undefined,Undefined,0,0,,75.54974,-2.286972,-2.801199,2419.998818,60.152167,8:00,6.06092,1.07253,5.31163,-50.92692,0.11075,-3.03091,-0.33329,-1.81141,68.9796,-11.496158,-3.340395,0.514182,,,,,,,,,,,,0.60595,1.23921,-0.81596,50,5.81611,5.46125,-109.30991,-6.02488,0.71918,22.68617,-30.70323,POM_COL,CLU_KIN,PomonaPitzer,D3,Team,20250427-PomonaPitzer-2,3a470030-23c0-11f0-8e2e-710d118fca12,73.30566,,,6.57014,,,,,,,d6dd59cf-f9ac-4159-a241-cd4264778e4a,2025-04-27,23:34:55.90,2025-04-27T16:34:55.9040512-07:00,2025-04-27T23:34:55.9040512Z,,v3,POM_PIT,,,"Lee, Sammy",1000276388,Right,POM_COL,48a0c60d-de6b-42f0-b57c-f81d694f9930,55.18838,-110.38145,11.34308,6.06643,-4.57466,-15.35162,-1.07311,5.42729,0.35959,,,,,,,,,,,,,,,,,,,,,,,,,,,,,,,,,,,,,,,,,,,,,,,,,,,High,High,High,,,,,
216,2025-04-27,16:35:44.01,4,3,"Lawson, Wade",1000068528,Right,POM_COL,"Gardner, Zach",1000236756,Right,CLU_KIN,Undefined,8,Top,1,1,1,Slider,Slider,BallCalled,Undefined,Undefined,Undefined,0,0,,80.42459,0.836183,-4.714568,2479.58528,146.974229,11:00,5.49195,2.20631,5.1213,-40.88931,4.59296,-1.91193,2.87488,-2.40393,72.55255,-6.634298,-5.0507,0.485392,,,,,,,,,,,,-0.59539,2.54343,-1.7606,50,5.53972,9.65486,-116.06942,0.24885,-0.79913,24.99087,-28.76026,POM_COL,CLU_KIN,PomonaPitzer,D3,Team,20250427-PomonaPitzer-2,56def270-23c0-11f0-8e2e-710d118fca12,77.65365,,,7.87204,,,,,,,d6dd59cf-f9ac-4159-a241-cd4264778e4a,2025-04-27,23:35:44.01,2025-04-27T16:35:44.0167424-07:00,2025-04-27T23:35:44.0167424Z,,v3,POM_PIT,,,"Lee, Sammy",1000276388,Right,POM_COL,14be95d9-3f96-438e-8c85-7809982864bd,55.37342,-117.22066,12.49543,5.49774,1.57373,-14.38013,-2.20621,9.69168,-0.39957,,,,,,,,,,,,,,,,,,,,,,,,,,,,,,,,,,,,,,,,,,,,,,,,,,,High,High,High,,,,,
217,2025-04-27,16:36:02.04,4,4,"Lawson, Wade",1000068528,Right,POM_COL,"Gardner, Zach",1000236756,Right,CLU_KIN,Undefined,8,Top,1,2,1,Slider,Slider,StrikeCalled,Undefined,Undefined,Undefined,0,0,,80.15577,1.073886,-1.580873,2422.301379,131.318763,10:30,5.35691,2.27005,5.09468,-40.96998,4.84823,-3.53095,2.95529,0.48559,71.87545,-6.449952,-2.205016,0.487181,,,,,,,,,,,,1.18898,2.60815,-2.11785,50,5.42713,3.35403,-115.93103,0.71714,1.58339,26.01358,-28.70076,POM_COL,CLU_KIN,PomonaPitzer,D3,Team,20250427-PomonaPitzer-2,61998770-23c0-11f0-8e2e-710d118fca12,77.36842,,,8.28033,,,,,,,d6dd59cf-f9ac-4159-a241-cd4264778e4a,2025-04-27,23:36:02.04,2025-04-27T16:36:02.0432384-07:00,2025-04-27T23:36:02.0432384Z,,v3,POM_PIT,,,"Lee, Sammy",1000276388,Right,POM_COL,ad835a1f-2f21-42d4-bbab-ebd8765f79f5,55.3985,-117.13613,13.00679,5.36311,2.04672,-14.35038,-2.27153,3.28068,0.7917,,,,,,,,,,,,,,,,,,,,,,,,,,,,,,,,,,,,,,,,,,,,,,,,,,,High,High,High,,,,,
218,2025-04-27,16:36:23.95,4,5,"Lawson, Wade",1000068528,Right,POM_COL,"Gardner, Zach",1000236756,Right,CLU_KIN,Undefined,8,Top,1,2,2,Slider,Slider,BallCalled,Undefined,Undefined,Undefined,0,0,,82.27527,-0.789025,-3.748864,2524.178675,162.919641,11:30,5.67053,1.94671,5.26832,-38.08967,5.36276,-1.12807,1.75357,-1.67393,73.82158,-7.781899,-3.94845,0.474437,,,,,,,,,,,,-0.75492,3.48508,-1.60259,50,5.57091,7.83415,-118.81288,-2.98568,-1.05276,27.94972,-27.31408,POM_COL,CLU_KIN,PomonaPitzer,D3,Team,20250427-PomonaPitzer-2,6ea5d4a0-23c0-11f0-8e2e-710d118fca12,79.44668,,,8.45369,,,,,,,d6dd59cf-f9ac-4159-a241-cd4264778e4a,2025-04-27,23:36:23.95,2025-04-27T16:36:23.9548416-07:00,2025-04-27T23:36:23.9548416Z,,v3,POM_PIT,,,"Lee, Sammy",1000276388,Right,POM_COL,5bc79014-b5cc-4a34-83ee-bc7e12926c7d,55.22536,-120.03581,13.97486,5.6754,-1.79056,-13.65704,-1.94638,7.88022,-0.52638,,,,,,,,,,,,,,,,,,,,,,,,,,,,,,,,,,,,,,,,,,,,,,,,,,,High,High,High,,,,,
219,2025-04-27,16:36:43.53,4,6,"Lawson, Wade",1000068528,Right,POM_COL,"Gardner, Zach",1000236756,Right,CLU_KIN,Undefined,8,Top,1,3,2,Slider,Slider,InPlay,Undefined,Popup,Out,1,0,,82.04243,0.521553,-2.814844,2504.96057,158.283866,11:15,5.63145,1.99352,5.21014,-37.99219,5.25114,-1.47933,2.9565,-0.77895,74.18091,-6.446709,-3.076547,0.473294,,,,,,,,,,,,-0.16071,2.88894,-1.7319,50,5.65142,5.90172,-118.75738,-0.26192,-0.22623,25.76616,-28.10708,POM_COL,CLU_KIN,PomonaPitzer,D3,Team,20250427-PomonaPitzer-2,7a707a10-23c0-11f0-8e2e-710d118fca12,79.63853,,,7.86153,,,,,,,d6dd59cf-f9ac-4159-a241-cd4264778e4a,2025-04-27,23:36:43.53,2025-04-27T16:36:43.5347968-07:00,2025-04-27T23:36:43.5347968Z,,v3,POM_PIT,,,"Lee, Sammy",1000276388,Right,POM_COL,426df8eb-5224-4a19-a6e9-a818f6898b60,55.28728,-119.89904,12.88308,5.63544,0.98347,-14.05354,-1.99362,5.91174,-0.11312,,,,,,,,,,,,,,,,,,,,,,,,,,,,,,,,,,,,,,,,,,,,,,,,,,,High,High,High,,,,,
220,2025-04-27,16:37:16.43,5,1,"Lawson, Wade",1000068528,Right,POM_COL,"Danielewicz, Lucas",1000297575,Right,CLU_KIN,Undefined,8,Top,2,0,0,Curveball,Curveball,BallCalled,Undefined,Undefined,Undefined,0,0,,75.16602,0.109316,-1.705697,2289.432088,47.378681,7:30,6.06571,0.96728,5.45784,-54.33905,-3.69886,-5.84154,1.63983,-1.11664,68.93069,-9.773265,-2.747566,0.512176,,,,,,,,,,,,2.41693,-1.35567,-0.81284,50,6.03833,3.46876,-109.04985,-1.56796,2.88508,20.73361,-33.79232,POM_COL,CLU_KIN,PomonaPitzer,D3,Team,20250427-PomonaPitzer-2,8df40d40-23c0-11f0-8e2e-710d118fca12,73.5928,,,6.23533,,,,,,,d6dd59cf-f9ac-4159-a241-cd4264778e4a,2025-04-27,23:37:16.43,2025-04-27T16:37:16.4387840-07:00,2025-04-27T23:37:16.4387840Z,,v3,POM_PIT,,,"Lee, Sammy",1000276388,Right,POM_COL,434ca265-b6e9-4810-829f-da54233a7f39,55.04186,-110.00428,10.36681,6.0747,-0.0124,-16.89616,-0.96946,3.33594,1.44254,,,,,,,,,,,,,,,,,,,,,,,,,,,,,,,,,,,,,,,,,,,,,,,,,,,High,High,High,,,,,
221,2025-04-27,16:37:36.23,5,2,"Lawson, Wade",1000068528,Right,POM_COL,"Danielewicz, Lucas",1000297575,Right,CLU_KIN,Undefined,8,Top,2,1,0,Slider,Slider,StrikeCalled,Undefined,Undefined,Undefined,0,0,,80.45635,0.785639,-2.895478,2496.804101,144.486129,10:45,5.51231,2.20982,5.03372,-38.66644,6.56111,-3.54811,3.03233,-0.81998,72.82167,-6.287531,-3.520747,0.484031,,,,,,,,,,,,0.83264,3.5189,-1.93007,50,5.55715,6.04168,-116.38817,0.21797,1.12867,24.24995,-27.40412,POM_COL,CLU_KIN,PomonaPitzer,D3,Team,20250427-PomonaPitzer-2,99b53cd0-23c0-11f0-8e2e-710d118fca12,77.872,,,7.63468,,,,,,,d6dd59cf-f9ac-4159-a241-cd4264778e4a,2025-04-27,23:37:36.23,2025-04-27T16:37:36.2339840-07:00,2025-04-27T23:37:36.2339840Z,,v3,POM_PIT,,,"Lee, Sammy",1000276388,Right,POM_COL,ba8ce6f9-f6a3-4c66-b8f3-d481a20eff53,55.46099,-117.52048,12.12497,5.5171,1.49756,-13.70206,-2.21095,5.98898,0.56434,,,,,,,,,,,,,,,,,,,,,,,,,,,,,,,,,,,,,,,,,,,,,,,,,,,High,High,High,,,,,
222,2025-04-27,16:37:55.86,5,3,"Lawson, Wade",1000068528,Right,POM_COL,"Danielewicz, Lucas",1000297575,Right,CLU_KIN,Undefined,8,Top,2,1,1,Slider,Slider,FoulBallNotFieldable,Undefined,Undefined,Undefined,0,0,,81.27484,0.7339,-1.545592,2466.039309,118.964211,10:00,5.76023,1.74958,5.09627,-40.45144,3.7478,-3.92929,3.08118,-0.03475,73.48731,-6.664758,-2.240416,0.478497,,,,,,,,,,,,1.42595,2.19327,-1.60053,50,5.79875,3.35047,-117.66552,0.02995,1.97302,25.04839,-29.1393,POM_COL,CLU_KIN,PomonaPitzer,D3,Team,20250427-PomonaPitzer-2,a56a8580-23c0-11f0-8e2e-710d118fca12,78.77265,,,7.78753,,,,,,,d6dd59cf-f9ac-4159-a241-cd4264778e4a,2025-04-27,23:37:55.86,2025-04-27T16:37:55.8679552-07:00,2025-04-27T23:37:55.8679552Z,,v3,POM_PIT,,,"Lee, Sammy",1000276388,Right,POM_COL,ae944aa9-0791-4f1a-a668-226fb1b9af0d,55.39728,-118.80892,12.5242,5.76702,1.3601,-14.56965,-1.75141,3.26041,0.98651,,,,,,,,,,,,,,,,,,,,,,,,,,,,,,,,,,,,,,,,,,,,,,,,,,,High,High,High,,,,,
223,2025-04-27,16:38:16.18,5,4,"Lawson, Wade",1000068528,Right,POM_COL,"Danielewicz, Lucas",1000297575,Right,CLU_KIN,Undefined,8,Top,2,1,2,Fastball,Four-Seam,BallCalled,Undefined,Undefined,Undefined,0,0,,85.60453,1.257921,-1.370522,2487.205026,201.89416,12:45,6.28468,1.14285,5.97539,-17.78072,20.22261,7.65146,5.96961,0.5097,78.01512,-2.148867,0.003926,0.443693,,,,,,,,,,,,-4.26402,10.34965,-1.03839,50,6.37409,2.65657,-124.29048,2.26261,-6.67309,24.8076,-15.97709,POM_COL,CLU_KIN,PomonaPitzer,D3,Team,20250427-PomonaPitzer-2,b18546c0-23c0-11f0-8e2e-710d118fca12,84.95171,,,7.58941,,,,,,,d6dd59cf-f9ac-4159-a241-cd4264778e4a,2025-04-27,23:38:16.18,2025-04-27T16:38:16.1890816-07:00,2025-04-27T23:38:16.1890816Z,,v3,POM_PIT,,,"Lee, Sammy",1000276388,Right,POM_COL,4c06f7d0-7cdc-4025-ab1f-729fc2527672,54.52101,-125.18959,12.4038,6.28159,2.84168,-7.98855,-1.13906,2.89843,-3.33655,,,,,,,,,,,,,,,,,,,,,,,,,,,,,,,,,,,,,,,,,,,,,,,,,,,High,High,High,,,,,
224,2025-04-27,16:38:38.74,5,5,"Lawson, Wade",1000068528,Right,POM_COL,"Danielewicz, Lucas",1000297575,Right,CLU_KIN,Undefined,8,Top,2,2,2,Slider,Slider,StrikeCalled,Strikeout,Undefined,Undefined,0,0,,82.70655,0.232322,-3.243233,2514.084549,124.95587,10:15,5.586,1.76595,5.27661,-40.5016,2.06205,-0.75035,2.42943,-1.34598,74.72535,-7.179336,-3.376103,0.46956,,,,,,,,,,,,-0.68083,1.46331,-1.46899,50,5.57806,6.81241,-119.64362,-0.98156,-0.97123,26.49094,-30.08654,POM_COL,CLU_KIN,PomonaPitzer,D3,Team,20250427-PomonaPitzer-2,bf02a540-23c0-11f0-8e2e-710d118fca12,80.27188,,,7.9812,,,,,,,d6dd59cf-f9ac-4159-a241-cd4264778e4a,2025-04-27,23:38:38.74,2025-04-27T16:38:38.7410000-07:00,2025-04-27T23:38:38.7410000Z,,v3,POM_PIT,,,"Lee, Sammy",1000276388,Right,POM_COL,e767dadd-57e3-4161-b78d-aa5ecaac46c8,55.21892,-120.79364,13.24547,5.59233,0.32455,-15.04327,-1.76565,6.85457,-0.48562,,,,,,,,,,,,,,,,,,,,,,,,,,,,,58.7388,,,1.257568,,,,-3.30816,3.11224,6.47769,69.26098,5.6954,-55.52164,-3.31155,60.05154,-1.86289,3.19241,21.67205,-15.65642,6.38487,-56.63057,5.89434,High,High,High,,,High,High,High
225,2025-04-27,16:40:45.28,1,1,"Frazier, J.J.",1000297569,Left,CLU_KIN,"Lee, Sammy",1000276388,Right,POM_COL,Undefined,8,Bottom,0,0,0,Fastball,Changeup,StrikeCalled,Undefined,Undefined,Undefined,0,0,,76.31071,-2.012328,-4.199527,1796.276185,213.762863,1:15,6.21473,2.56039,5.73746,-27.09037,21.60025,13.32646,2.07753,-0.24664,69.6403,-7.096547,-1.822841,0.50222,,,,,,,,,,,,-7.93308,12.04686,-2.2182,50,6.03022,7.60533,-110.4139,-4.62148,-9.76415,20.20595,-17.34662,POM_COL,CLU_KIN,PomonaPitzer,D3,Team,20250427-PomonaPitzer-2,0a6c37d0-23c1-11f0-8e2e-710d118fca12,75.05164,,,6.67041,,,,,,,d6dd59cf-f9ac-4159-a241-cd4264778e4a,2025-04-27,23:40:45.28,2025-04-27T16:40:45.2880384-07:00,2025-04-27T23:40:45.2880384Z,,v3,POM_PIT,,,"Matsumoto, Noah",1000029302,Right,CLU_KIN,0ba3138c-00e0-4b42-b57d-9cf43577cbad,54.75891,-111.28138,10.10297,6.21264,-3.87675,-8.67331,-2.55371,8.02452,-4.88207,,,,,,,,,,,,,,,,,,,,,,,,,,,,,,,,,,,,,,,,,,,,,,,,,,,High,High,High,,,,,
226,2025-04-27,16:40:58.24,1,2,"Frazier, J.J.",1000297569,Left,CLU_KIN,"Lee, Sammy",1000276388,Right,POM_COL,Undefined,8,Bottom,0,0,1,Slider,Curveball,FoulBallNotFieldable,Undefined,Undefined,Undefined,0,0,,70.87209,-0.917986,-4.241309,1760.275462,190.395072,12:15,6.00747,2.81884,5.76271,-45.28869,10.28879,1.59634,1.37658,-1.00295,66.05257,-9.192973,-3.956442,0.536563,,,,,,,,,,,,-1.86429,5.97567,-2.46797,50,5.90356,7.56774,-102.76309,-2.92266,-2.01546,15.27702,-25.71385,POM_COL,CLU_KIN,PomonaPitzer,D3,Team,20250427-PomonaPitzer-2,1246b750-23c1-11f0-8e2e-710d118fca12,70.24792,,,4.81952,,,,,,,d6dd59cf-f9ac-4159-a241-cd4264778e4a,2025-04-27,23:40:58.24,2025-04-27T16:40:58.2423552-07:00,2025-04-27T23:40:58.2423552Z,,v3,POM_PIT,,,"Matsumoto, Noah",1000029302,Right,CLU_KIN,13e4365f-74f8-46c5-8a69-3cd0f911518f,54.737,-103.46491,7.63851,6.0107,-1.74138,-12.85692,-2.81775,7.66033,-1.00773,,,,,,,,,,,,,,,,,,,,,,,,,,,,,,,,,,,,,,,,,,,,,,,,,,,High,High,High,,,,,
227,2025-04-27,16:41:17.65,1,3,"Frazier, J.J.",1000297569,Left,CLU_KIN,"Lee, Sammy",1000276388,Right,POM_COL,Undefined,8,Bottom,0,0,2,Fastball,Changeup,BallCalled,Undefined,Undefined,Undefined,0,0,,79.88095,-2.019613,-6.851897,1931.509022,224.765704,1:30,6.09796,2.70102,5.8425,-24.97017,19.688,17.97599,2.12589,-2.19936,72.60488,-6.719749,-3.662822,0.480974,,,,,,,,,,,,-11.0556,11.07071,-2.15065,50,5.91766,13.12381,-115.09754,-4.77506,-14.77964,22.04584,-17.3742,POM_COL,CLU_KIN,PomonaPitzer,D3,Team,20250427-PomonaPitzer-2,1db31020-23c1-11f0-8e2e-710d118fca12,78.36686,,,7.27607,,,,,,,d6dd59cf-f9ac-4159-a241-cd4264778e4a,2025-04-27,23:41:17.65,2025-04-27T16:41:17.6540672-07:00,2025-04-27T23:41:17.6540672Z,,v3,POM_PIT,,,"Matsumoto, Noah",1000029302,Right,CLU_KIN,e109c63c-6b70-4ac1-88f2-2504b6411597,54.65451,-115.98564,11.02292,6.09592,-4.07515,-8.6871,-2.69133,13.71919,-7.38982,,,,,,,,,,,,,,,,,,,,,,,,,,,,,,,,,,,,,,,,,,,,,,,,,,,High,High,High,,,,,
228,2025-04-27,16:41:31.83,1,4,"Frazier, J.J.",1000297569,Left,CLU_KIN,"Lee, Sammy",1000276388,Right,POM_COL,Undefined,8,Bottom,0,1,2,Slider,Curveball,BallCalled,Undefined,Undefined,Undefined,0,0,,72.63786,-1.650154,-5.741946,1807.938954,189.336264,12:15,6.00613,2.92636,5.8105,-45.29353,8.93634,1.1552,0.68901,-2.33483,66.40904,-9.955627,-5.536422,0.530018,,,,,,,,,,,,-2.38725,5.65512,-2.45478,50,5.84348,10.50059,-104.82799,-4.32209,-2.62519,19.6617,-25.95521,POM_COL,CLU_KIN,PomonaPitzer,D3,Team,20250427-PomonaPitzer-2,26526640-23c1-11f0-8e2e-710d118fca12,71.11537,,,6.22882,,,,,,,d6dd59cf-f9ac-4159-a241-cd4264778e4a,2025-04-27,23:41:31.83,2025-04-27T16:41:31.8338048-07:00,2025-04-27T23:41:31.8338048Z,,v3,POM_PIT,,,"Matsumoto, Noah",1000029302,Right,CLU_KIN,93f52fce-4b67-4196-b59a-0b5b4e54317a,54.68657,-105.70335,9.83085,6.01018,-3.16653,-12.97761,-2.92488,10.61746,-1.3126,,,,,,,,,,,,,,,,,,,,,,,,,,,,,,,,,,,,,,,,,,,,,,,,,,,High,High,High,,,,,
229,2025-04-27,16:41:50.64,1,5,"Frazier, J.J.",1000297569,Left,CLU_KIN,"Lee, Sammy",1000276388,Right,POM_COL,Undefined,8,Bottom,0,2,2,Fastball,Changeup,InPlay,Undefined,FlyBall,Out,1,0,,79.28939,-2.406406,-4.188671,1939.68085,215.412942,1:15,6.1217,2.73173,5.75677,-23.29702,22.05399,14.51619,1.93295,0.03541,71.87113,-6.818202,-1.59869,0.484691,87.43024,23.300941,-14.783222,1843.75316,105.92749,40.10668,-29.65408,338.41381,325.40221,-18.18142,4.120906,-8.69146,12.44926,-2.39287,50,5.90767,7.842,-114.66219,-5.46023,-11.4551,23.18476,-15.7663,POM_COL,CLU_KIN,PomonaPitzer,D3,Team,20250427-PomonaPitzer-2,317ecfe0-23c1-11f0-8e2e-710d118fca12,77.76594,50.70729,,7.41826,,,,1.44638,1.8875,-0.03145,d6dd59cf-f9ac-4159-a241-cd4264778e4a,2025-04-27,23:41:50.64,2025-04-27T16:41:50.6495488-07:00,2025-04-27T23:41:50.6495488Z,LineDrive,v3,POM_PIT,,,"Matsumoto, Noah",1000029302,Right,CLU_KIN,a2b323c8-94b4-4ffa-9bd9-1cf8b031afd3,54.74109,-115.61687,11.59238,6.11914,-4.81102,-7.88315,-2.72549,8.31368,-5.72755,166.132412,1.44629,113.87943,-16.11142,3.37449,-0.80342,0.22865,-0.0597,0.00958,-0.00064,1.88802,50.70602,-13.90752,0.26269,0.2339,-0.17376,0.06088,-0.0103,0.00067,-0.03144,-30.05182,1.96596,-0.40969,0.09786,-0.02816,0.00742,-0.0012,8E-05,,,,,,,,,,,,,,,,,,,,,,,High,High,High,High,Medium,,,
230,2025-04-27,16:42:26.09,2,1,"Frazier, J.J.",1000297569,Left,CLU_KIN,"DeGrazia, Tanner",1000214434,Right,POM_COL,Undefined,8,Bottom,1,0,0,ChangeUp,Curveball,StrikeCalled,Undefined,Undefined,Undefined,0,0,,72.32502,0.040426,-4.172388,1791.298552,232.553797,1:45,5.97895,3.02245,5.77845,-44.75313,8.67914,9.27575,2.28724,-0.09374,66.98064,-8.176318,-2.516014,0.526106,,,,,,,,,,,,-5.76107,4.94059,-2.68298,50,5.95538,7.32589,-104.86707,-1.21682,-6.47161,16.27753,-26.62412,POM_COL,CLU_KIN,PomonaPitzer,D3,Team,20250427-PomonaPitzer-2,4687ca90-23c1-11f0-8e2e-710d118fca12,71.64419,,,5.34438,,,,,,,d6dd59cf-f9ac-4159-a241-cd4264778e4a,2025-04-27,23:42:26.09,2025-04-27T16:42:26.0987392-07:00,2025-04-27T23:42:26.0987392Z,,v3,POM_PIT,,,"Matsumoto, Noah",1000029302,Right,CLU_KIN,1f31c9ca-cdbc-42ab-bf50-4e86372fcd22,54.72039,-105.59723,8.13877,5.98318,-0.02254,-13.31206,-3.0181,7.61618,-3.23581,,,,,,,,,,,,,,,,,,,,,,,,,,,,,,,,,,,,,,,,,,,,,,,,,,,High,High,High,,,,,
231,2025-04-27,16:42:38.18,2,2,"Frazier, J.J.",1000297569,Left,CLU_KIN,"DeGrazia, Tanner",1000214434,Right,POM_COL,Undefined,8,Bottom,1,0,1,Slider,Curveball,FoulBallNotFieldable,Undefined,Undefined,Undefined,0,0,,71.41553,0.493012,-4.126524,1819.933713,209.879777,1:00,5.92739,2.973,5.7588,-46.04231,8.98312,4.20614,2.55063,-0.52418,65.9457,-7.967579,-3.376273,0.533892,,,,,,,,,,,,-3.23862,4.95284,-2.63302,50,5.94026,7.32557,-103.51889,-0.41109,-3.53135,16.4964,-26.77355,POM_COL,CLU_KIN,PomonaPitzer,D3,Team,20250427-PomonaPitzer-2,4ddc0310-23c1-11f0-8e2e-710d118fca12,70.59942,,,5.46983,,,,,,,d6dd59cf-f9ac-4159-a241-cd4264778e4a,2025-04-27,23:42:38.18,2025-04-27T16:42:38.1843456-07:00,2025-04-27T23:42:38.1843456Z,,v3,POM_PIT,,,"Matsumoto, Noah",1000029302,Right,CLU_KIN,23710b28-4164-41ea-ad3a-cfdc9ba26a5f,54.74052,-104.27158,8.2482,5.93115,0.81052,-13.38678,-2.97094,7.4867,-1.76567,,,,,,,,,,,,,,,,,,,,,,,,,,,,,,,,,,,,,,,,,,,,,,,,,,,High,High,High,,,,,
232,2025-04-27,16:42:57.76,2,3,"Frazier, J.J.",1000297569,Left,CLU_KIN,"DeGrazia, Tanner",1000214434,Right,POM_COL,Undefined,8,Bottom,1,0,2,Slider,Curveball,InPlay,Undefined,FlyBall,Out,1,0,,71.58441,0.1182,-2.827139,1819.382362,191.992976,12:30,5.90337,2.92705,5.82233,-45.78739,8.59394,1.48528,2.19779,0.42027,66.31928,-8.297898,-2.561195,0.530758,86.21517,21.685263,-4.390269,2913.840867,109.96477,36.65679,-2.78345,297.17588,289.61405,4.094566,3.69305,-1.49642,4.83906,-2.69659,50,5.88573,5.08352,-103.94611,-1.07373,-1.64786,16.36438,-26.8452,POM_COL,CLU_KIN,PomonaPitzer,D3,Team,20250427-PomonaPitzer-2,5982f3e0-23c1-11f0-8e2e-710d118fca12,71.0163,42.68314,,5.26513,,,,0.52252,2.12023,-0.37597,d6dd59cf-f9ac-4159-a241-cd4264778e4a,2025-04-27,23:42:57.76,2025-04-27T16:42:57.7614848-07:00,2025-04-27T23:42:57.7614848Z,LineDrive,v3,POM_PIT,,,"Matsumoto, Noah",1000029302,Right,CLU_KIN,5fcc6ef8-32f4-4adb-8c0d-30cbb381b23d,54.6777,-104.67993,8.18219,5.90688,0.13009,-13.4226,-2.92621,5.15741,-0.82393,215.389715,0.52232,117.16019,-18.18462,3.92275,-0.82,0.16572,-0.02816,0.00297,-0.00012,2.12038,46.71925,-13.96044,0.2151,0.08259,-0.03102,0.00403,0.00058,-0.00014,-0.37593,-8.99589,8.03838,-2.07087,0.48861,-0.10353,0.01779,-0.00203,0.0001,,,,,,,,,,,,,,,,,,,,,,,High,High,High,High,Medium,,,
233,2025-04-27,16:43:29.41,3,1,"Frazier, J.J.",1000297569,Left,CLU_KIN,"Legg, Jimmy",1000115608,Right,POM_COL,Undefined,8,Bottom,2,0,0,Fastball,Changeup,StrikeCalled,Undefined,Undefined,Undefined,0,0,,78.89412,-2.027249,-3.871669,1903.916271,220.897699,1:15,6.08541,2.81647,5.81565,-24.58765,21.0345,16.80485,2.14635,0.61141,71.54804,-6.678156,-0.867504,0.486138,,,,,,,,,,,,-9.70056,11.80997,-2.5088,50,5.90453,7.07777,-114.16863,-4.71285,-12.68717,22.80299,-16.72804,POM_COL,CLU_KIN,PomonaPitzer,D3,Team,20250427-PomonaPitzer-2,6c44e4c0-23c1-11f0-8e2e-710d118fca12,77.5345,,,7.34608,,,,,,,d6dd59cf-f9ac-4159-a241-cd4264778e4a,2025-04-27,23:43:29.41,2025-04-27T16:43:29.4123008-07:00,2025-04-27T23:43:29.4123008Z,,v3,POM_PIT,,,"Matsumoto, Noah",1000029302,Right,CLU_KIN,b13e441e-309f-4ded-8282-3867bf5a9d8a,54.68116,-115.09981,11.40149,6.08304,-4.02975,-8.36402,-2.80841,7.59585,-6.34359,,,,,,,,,,,,,,,,,,,,,,,,,,,,,,,,,,,,,,,,,,,,,,,,,,,High,High,High,,,,,
234,2025-04-27,16:43:41.58,3,2,"Frazier, J.J.",1000297569,Left,CLU_KIN,"Legg, Jimmy",1000115608,Right,POM_COL,Undefined,8,Bottom,2,0,1,Fastball,Changeup,BallCalled,Undefined,Undefined,Undefined,0,0,,80.37737,-0.893587,-2.844178,1942.772006,233.176367,1:45,6.0725,2.95261,5.7891,-27.9825,15.84816,19.12997,2.90824,1.8987,72.95515,-6.14446,0.579939,0.476497,,,,,,,,,,,,-10.5067,8.79189,-2.7293,50,5.98223,5.02363,-116.50492,-2.64213,-14.321,23.58517,-20.1904,POM_COL,CLU_KIN,PomonaPitzer,D3,Team,20250427-PomonaPitzer-2,737fa1d0-23c1-11f0-8e2e-710d118fca12,79.10316,,,7.42221,,,,,,,d6dd59cf-f9ac-4159-a241-cd4264778e4a,2025-04-27,23:43:41.58,2025-04-27T16:43:41.5827968-07:00,2025-04-27T23:43:41.5827968Z,,v3,POM_PIT,,,"Matsumoto, Noah",1000029302,Right,CLU_KIN,a7755035-26f7-406a-ad82-b232bead6197,54.70769,-117.45407,11.79259,6.07221,-1.82959,-10.0952,-2.94306,5.59995,-7.1605,,,,,,,,,,,,,,,,,,,,,,,,,,,,,,,,,,,,,,,,,,,,,,,,,,,High,High,High,,,,,
235,2025-04-27,16:43:55.45,3,3,"Frazier, J.J.",1000297569,Left,CLU_KIN,"Legg, Jimmy",1000115608,Right,POM_COL,Undefined,8,Bottom,2,1,1,Fastball,Changeup,FoulBallNotFieldable,Undefined,Undefined,Undefined,0,0,,80.51222,-0.86011,-3.35058,1988.838581,219.809908,1:15,6.02465,2.78491,5.88751,-24.21045,19.56029,14.97489,3.20701,0.91801,72.64,-5.461836,-0.668648,0.476171,,,,,,,,,,,,-8.74067,10.74138,-2.52319,50,5.94148,6.2518,-116.61787,-2.41472,-11.86806,24.80126,-17.58942,POM_COL,CLU_KIN,PomonaPitzer,D3,Team,20250427-PomonaPitzer-2,7bd96370-23c1-11f0-8e2e-710d118fca12,79.15731,,,7.87223,,,,,,,d6dd59cf-f9ac-4159-a241-cd4264778e4a,2025-04-27,23:43:55.45,2025-04-27T16:43:55.4575360-07:00,2025-04-27T23:43:55.4575360Z,,v3,POM_PIT,,,"Matsumoto, Noah",1000029302,Right,CLU_KIN,ede8b956-8ed5-4874-8515-d400b54395b3,54.61006,-117.59421,12.40063,6.02291,-1.72228,-8.79471,-2.7785,6.71901,-5.93403,,,,,,,,,,,,,,,,,,,,,,,,,,,,,,,,,,,,,,,,,,,,,,,,,,,High,High,High,,,,,
236,2025-04-27,16:44:16.11,3,4,"Frazier, J.J.",1000297569,Left,CLU_KIN,"Legg, Jimmy",1000115608,Right,POM_COL,Undefined,8,Bottom,2,1,2,Fastball,Changeup,FoulBallNotFieldable,Undefined,Undefined,Undefined,0,0,,81.92793,-1.519355,-4.430095,2059.310016,219.074107,1:15,6.04005,2.82692,5.86302,-21.09796,21.33324,16.05017,2.86585,0.04067,73.84721,-5.55304,-1.562693,0.468829,48.53551,-53.671792,-113.494751,,,,,2.85295,2.85295,-47.469578,0.051825,-9.66378,11.85327,-2.47677,50,5.90455,8.55739,-118.50006,-3.71674,-13.54608,25.64425,-15.55886,POM_COL,CLU_KIN,PomonaPitzer,D3,Team,20250427-PomonaPitzer-2,88285410-23c1-11f0-8e2e-710d118fca12,80.39706,2.99962,,8.08072,,,,2.80788,2.99962,-0.07953,d6dd59cf-f9ac-4159-a241-cd4264778e4a,2025-04-27,23:44:16.11,2025-04-27T16:44:16.1122304-07:00,2025-04-27T23:44:16.1122304Z,GroundBall,v3,POM_PIT,,,"Matsumoto, Noah",1000029302,Right,CLU_KIN,3d9a4345-3289-447e-8400-6a8db03c387e,54.63543,-119.49899,12.82213,6.03753,-3.11067,-7.77943,-2.82039,9.08505,-6.77304,,2.80918,-16.96752,,,,,,,,3.00404,-57.87981,,,,,,,,-0.07655,-39.0324,,,,,,,,,,,,,,,,,,,,,,,,,,,,,,High,High,High,Estimated,Estimated,,,
237,2025-04-27,16:44:50.14,3,5,"Frazier, J.J.",1000297569,Left,CLU_KIN,"Legg, Jimmy",1000115608,Right,POM_COL,Undefined,8,Bottom,2,1,2,Slider,Curveball,BallCalled,Undefined,Undefined,Undefined,0,0,,72.26327,1.994964,-1.508992,1754.227851,179.841858,12:00,5.98178,3.1524,5.74863,-45.67613,7.62477,-0.01693,4.03413,1.7458,66.86483,-6.413187,-1.512018,0.525459,,,,,,,,,,,,-0.36402,3.88528,-3.02703,50,6.1197,2.76577,-104.96845,2.33177,-0.41059,15.95346,-27.7919,POM_COL,CLU_KIN,PomonaPitzer,D3,Team,20250427-PomonaPitzer-2,9c6217e0-23c1-11f0-8e2e-710d118fca12,71.73244,,,5.39844,,,,,,,d6dd59cf-f9ac-4159-a241-cd4264778e4a,2025-04-27,23:44:50.14,2025-04-27T16:44:50.1498880-07:00,2025-04-27T23:44:50.1498880Z,,v3,POM_PIT,,,"Matsumoto, Noah",1000029302,Right,CLU_KIN,dfbf67fd-0351-4200-99f9-c82d8200a31f,54.75032,-105.68796,7.97673,5.98627,3.58519,-13.89595,-3.15218,2.78429,-0.2053,,,,,,,,,,,,,,,,,,,,,,,,,,,,,,,,,,,,,,,,,,,,,,,,,,,High,High,High,,,,,
238,2025-04-27,16:45:05.27,3,6,"Frazier, J.J.",1000297569,Left,CLU_KIN,"Legg, Jimmy",1000115608,Right,POM_COL,Undefined,8,Bottom,2,2,2,Fastball,Changeup,FoulBallNotFieldable,Undefined,Undefined,Undefined,0,0,,79.0646,-0.556371,-2.595604,1848.245675,227.764848,1:30,6.00735,2.78948,5.88921,-28.50108,16.16166,16.24902,3.1151,1.73179,72.45848,-5.89105,0.318461,0.480999,60.11368,42.275311,-148.495046,,,,,,13.29162,,,-9.07729,8.85623,-2.58975,50,5.94605,4.60511,-114.79443,-1.93371,-12.12503,21.04577,-20.34431,POM_COL,CLU_KIN,PomonaPitzer,D3,Team,20250427-PomonaPitzer-2,a5798430-23c1-11f0-8e2e-710d118fca12,78.36284,13.6834,,6.60612,,,,0.67999,3.06508,-1.89582,d6dd59cf-f9ac-4159-a241-cd4264778e4a,2025-04-27,23:45:05.27,2025-04-27T16:45:05.2736512-07:00,2025-04-27T23:45:05.2736512Z,,v3,POM_PIT,,,"Matsumoto, Noah",1000029302,Right,CLU_KIN,04a79ddc-7a9e-4b86-9be5-b07e6ee4678e,54.61096,-115.63669,10.52288,6.00715,-1.11952,-10.17216,-2.78376,5.09035,-6.06252,,0.68095,-55.68442,0.51369,,,,,,,3.06716,59.17044,-30.02497,,,,,,,-1.89711,-34.00468,10.64854,,,,,,,,,,,,,,,,,,,,,,,,,,,,,High,High,High,Medium,Undefined,,,
239,2025-04-27,16:45:30.68,3,7,"Frazier, J.J.",1000297569,Left,CLU_KIN,"Legg, Jimmy",1000115608,Right,POM_COL,Undefined,8,Bottom,2,2,2,Fastball,Changeup,InPlay,Undefined,LineDrive,Out,1,0,,78.55981,-1.554856,-2.61683,1821.358804,218.135275,1:15,5.98846,2.81792,5.96275,-25.91403,19.59096,14.15119,2.38535,1.56903,71.49604,-6.449659,-0.075572,0.485513,87.46948,6.674152,-3.769405,1122.681516,109.18136,4.85079,-13.39352,144.7335,144.7335,-7.588492,1.314132,-8.05469,10.98508,-2.61816,50,5.85062,4.68486,-113.92409,-3.79245,-10.51038,22.3209,-17.83987,POM_COL,CLU_KIN,PomonaPitzer,D3,Team,20250427-PomonaPitzer-2,b4a35a30-23c1-11f0-8e2e-710d118fca12,77.63427,6.63757,,7.06377,,,,0.78842,2.29567,-1.56752,d6dd59cf-f9ac-4159-a241-cd4264778e4a,2025-04-27,23:45:30.68,2025-04-27T16:45:30.6810368-07:00,2025-04-27T23:45:30.6810368Z,GroundBall,v3,POM_PIT,,,"Matsumoto, Noah",1000029302,Right,CLU_KIN,8fe28709-0ddc-411c-8afb-650e1065f748,54.53546,-114.80928,11.16045,5.98699,-3.08497,-8.91993,-2.81221,5.10167,-5.25519,130.300396,0.78842,127.14333,-18.08864,3.80239,-0.75552,0.14687,-0.02864,0.00478,-0.00045,2.29567,14.91002,-12.85905,0.05576,0.09831,-0.03745,0.01091,-0.00198,0.00019,-1.56752,-8.37666,-5.11798,1.33785,-0.32065,0.07264,-0.01548,0.00271,-0.00027,,,,,,,,,,,,,,,,,,,,,,,High,High,High,High,High,,,
240,2025-04-27,16:47:31.78,1,1,"Lawson, Wade",1000068528,Right,POM_COL,"Quinn, Josh",1000125247,Right,CLU_KIN,Undefined,9,Top,0,0,0,Slider,Slider,BallCalled,Undefined,Undefined,Undefined,0,0,,80.80083,0.944579,-3.990354,2536.456681,158.359415,11:15,5.47469,2.20598,5.15628,-40.74416,3.74343,-0.89575,2.97075,-1.63099,73.53594,-6.485326,-4.148261,0.480055,,,,,,,,,,,,-0.7435,2.06953,-1.83201,50,5.53228,8.19073,-116.86791,0.47601,-1.02163,23.35704,-29.33035,POM_COL,CLU_KIN,PomonaPitzer,D3,Team,20250427-PomonaPitzer-2,fcb53640-23c1-11f0-8e2e-710d118fca12,78.51695,,,7.2649,,,,,,,d6dd59cf-f9ac-4159-a241-cd4264778e4a,2025-04-27,23:47:31.78,2025-04-27T16:47:31.7868544-07:00,2025-04-27T23:47:31.7868544Z,,v3,POM_PIT,,,"Lee, Sammy",1000276388,Right,POM_COL,b5caaa35-ed73-4da7-a375-84463632d136,55.34045,-117.93042,11.67852,5.48028,1.81023,-14.66517,-2.20566,8.2372,-0.51082,,,,,,,,,,,,,,,,,,,,,,,,,,,,,,,,,,,,,,,,,,,,,,,,,,,High,High,High,,,,,
241,2025-04-27,16:47:47.12,1,2,"Lawson, Wade",1000068528,Right,POM_COL,"Quinn, Josh",1000125247,Right,CLU_KIN,Undefined,9,Top,0,1,0,Slider,Slider,StrikeSwinging,Undefined,Undefined,Undefined,0,0,,80.17858,0.557313,-3.307164,2493.398719,130.84436,10:15,5.52606,2.17255,5.3081,-37.62097,7.03134,-6.49166,2.91501,-1.47625,73.36651,-6.32899,-4.455804,0.480943,,,,,,,,,,,,2.28638,3.82748,-1.86737,50,5.54978,6.98125,-116.14461,-0.15524,3.11698,22.15138,-26.95611,POM_COL,CLU_KIN,PomonaPitzer,D3,Team,20250427-PomonaPitzer-2,05e09fc0-23c2-11f0-8e2e-710d118fca12,78.37197,,,6.81207,,,,,,,d6dd59cf-f9ac-4159-a241-cd4264778e4a,2025-04-27,23:47:47.12,2025-04-27T16:47:47.1255040-07:00,2025-04-27T23:47:47.1255040Z,,v3,POM_PIT,,,"Lee, Sammy",1000276388,Right,POM_COL,af00edc0-949b-4c8c-b9bf-a6fce46818a7,55.18889,-117.13006,11.07569,5.53002,1.04396,-13.47805,-2.17486,6.84259,1.55849,,,,,,,,,,,,,,,,,,,,,,,,,,,,,,,,,,,,,,,,,,,,,,,,,,,High,High,High,,,,,
242,2025-04-27,16:48:06.71,1,3,"Lawson, Wade",1000068528,Right,POM_COL,"Quinn, Josh",1000125247,Right,CLU_KIN,Undefined,9,Top,0,1,1,Curveball,Curveball,StrikeCalled,Undefined,Undefined,Undefined,0,0,,74.69191,2.20789,-2.011776,2317.00163,35.57088,7:15,6.12738,1.07485,5.42993,-62.9096,-11.52886,-9.44091,2.95503,-1.59681,68.38899,-9.21448,-3.691977,0.515907,,,,,,,,,,,,4.09047,-5.81414,-0.89,50,6.28029,4.16934,-108.31587,2.06808,4.8183,20.41856,-39.02276,POM_COL,CLU_KIN,PomonaPitzer,D3,Team,20250427-PomonaPitzer-2,11893e40-23c2-11f0-8e2e-710d118fca12,73.06052,,,6.30293,,,,,,,d6dd59cf-f9ac-4159-a241-cd4264778e4a,2025-04-27,23:48:06.71,2025-04-27T16:48:06.7121152-07:00,2025-04-27T23:48:06.7121152Z,,v3,POM_PIT,,,"Lee, Sammy",1000276388,Right,POM_COL,5f87c044-dc4c-40aa-8fb8-f4b106feddcd,55.07188,-109.26778,10.20928,6.14147,3.88732,-19.51138,-1.07914,3.94471,2.40915,,,,,,,,,,,,,,,,,,,,,,,,,,,,,,,,,,,,,,,,,,,,,,,,,,,High,High,High,,,,,
243,2025-04-27,16:48:22.60,1,4,"Lawson, Wade",1000068528,Right,POM_COL,"Quinn, Josh",1000125247,Right,CLU_KIN,Undefined,9,Top,0,1,2,Slider,Slider,StrikeSwinging,Strikeout,Undefined,Undefined,0,0,,83.04379,-0.66143,-2.773683,2578.634336,27.153966,7:00,5.86036,1.65506,5.21658,-42.87888,-0.99717,-1.22114,1.66444,-1.05678,75.94435,-8.440334,-2.990107,0.465783,,,,,,,,,,,,-0.2165,0.12504,-1.39778,50,5.76711,5.88203,-120.33116,-2.97616,-0.3153,24.81536,-31.99192,POM_COL,CLU_KIN,PomonaPitzer,D3,Team,20250427-PomonaPitzer-2,1b1e17f0-23c2-11f0-8e2e-710d118fca12,80.92277,,,7.09944,,,,,,,d6dd59cf-f9ac-4159-a241-cd4264778e4a,2025-04-27,23:48:22.60,2025-04-27T16:48:22.6000000-07:00,2025-04-27T23:48:22.6000000Z,,v3,POM_PIT,,,"Lee, Sammy",1000276388,Right,POM_COL,210bb8f2-c919-4a09-a0f8-30e32332f85a,55.28238,-121.41563,12.40768,5.86662,-1.57806,-15.99596,-1.65514,5.89581,-0.15765,,,,,,,,,,,,,,,,,,,,,,,,,,,,,62.29641,2.853623,1.74935,1.104272,-0.98718,1.29915,1.18256,-0.27999,4.08335,3.65228,66.18269,6.58184,-58.60184,-0.26613,62.4229,-2.03448,4.12536,17.75524,-14.05763,3.56875,-63.13652,6.18047,High,High,High,,,High,High,High
244,2025-04-27,16:48:49.55,2,1,"Lawson, Wade",1000068528,Right,POM_COL,"Matsumoto, Noah",1000029302,Right,CLU_KIN,Undefined,9,Top,1,0,0,Fastball,Four-Seam,FoulBallNotFieldable,Undefined,Undefined,Undefined,0,0,,85.25056,-2.374663,-2.362435,2405.474979,198.367445,12:30,6.09843,1.02407,6.30611,-17.83143,20.3054,6.30973,2.42167,-0.62778,77.55246,-5.802093,-1.22232,0.444471,,,,,,,,,,,,-3.99201,11.66245,-0.85367,50,5.91538,4.86172,-123.66551,-5.57681,-6.13937,26.24979,-14.23824,POM_COL,CLU_KIN,PomonaPitzer,D3,Team,20250427-PomonaPitzer-2,2b26dc40-23c2-11f0-8e2e-710d118fca12,84.80284,,,7.69811,,,,,,,d6dd59cf-f9ac-4159-a241-cd4264778e4a,2025-04-27,23:48:49.55,2025-04-27T16:48:49.5527424-07:00,2025-04-27T23:48:49.5527424Z,,v3,POM_PIT,,,"Lee, Sammy",1000276388,Right,POM_COL,1f1bae51-7dcd-44ee-8efe-4422bf7b95cb,54.19228,-124.5522,13.1249,6.09564,-5.09586,-7.11912,-1.0214,5.0691,-3.06969,,,,,,,,,,,,,,,,,,,,,,,,,,,,,,,,,,,,,,,,,,,,,,,,,,,High,High,High,,,,,
245,2025-04-27,16:49:08.50,2,2,"Lawson, Wade",1000068528,Right,POM_COL,"Matsumoto, Noah",1000029302,Right,CLU_KIN,Undefined,9,Top,1,0,1,ChangeUp,Splitter,BallCalled,Undefined,Undefined,Undefined,0,0,,82.56928,-0.971522,-2.163882,1002.37495,254.919838,2:30,5.60991,1.84398,5.37518,-36.87486,5.50855,14.78871,1.62545,1.04674,74.79217,-7.746815,0.46741,0.468564,,,,,,,,,,,,-8.04229,3.56134,-1.66059,50,5.49722,3.88339,-119.59979,-3.3238,-11.48803,26.03714,-27.08685,POM_COL,CLU_KIN,PomonaPitzer,D3,Team,20250427-PomonaPitzer-2,3658eb30-23c2-11f0-8e2e-710d118fca12,80.44238,,,7.7771,,,,,,,d6dd59cf-f9ac-4159-a241-cd4264778e4a,2025-04-27,23:49:08.50,2025-04-27T16:49:08.5026304-07:00,2025-04-27T23:49:08.5026304Z,,v3,POM_PIT,,,"Lee, Sammy",1000276388,Right,POM_COL,f5b44165-797d-4f3e-ae0d-112afd91403b,55.12133,-120.70956,13.01857,5.61429,-2.16928,-13.54343,-1.83654,4.37304,-5.74402,,,,,,,,,,,,,,,,,,,,,,,,,,,,,,,,,,,,,,,,,,,,,,,,,,,High,High,High,,,,,
246,2025-04-27,16:49:22.99,2,3,"Lawson, Wade",1000068528,Right,POM_COL,"Matsumoto, Noah",1000029302,Right,CLU_KIN,Undefined,9,Top,1,1,1,Fastball,Four-Seam,BallCalled,Undefined,Undefined,Undefined,0,0,,83.98397,0.842156,-0.639378,2465.589115,186.93465,12:15,6.01294,1.39833,6.11705,-16.23308,23.1406,2.66059,5.43891,1.02888,76.33788,-2.308957,-0.16002,0.451621,,,,,,,,,,,,-1.54032,12.02221,-1.3506,50,6.06855,1.25431,-121.95616,1.42307,-2.31277,24.66584,-14.12278,POM_COL,CLU_KIN,PomonaPitzer,D3,Team,20250427-PomonaPitzer-2,3ef9ef00-23c2-11f0-8e2e-710d118fca12,83.46026,,,7.64609,,,,,,,d6dd59cf-f9ac-4159-a241-cd4264778e4a,2025-04-27,23:49:22.99,2025-04-27T16:49:22.9924352-07:00,2025-04-27T23:49:22.9924352Z,,v3,POM_PIT,,,"Lee, Sammy",1000276388,Right,POM_COL,de7b54f9-80d4-4cc9-bc62-fda4c9973351,54.37846,-122.83851,12.33292,6.00861,1.92828,-7.06139,-1.39695,1.33705,-1.15638,,,,,,,,,,,,,,,,,,,,,,,,,,,,,,,,,,,,,,,,,,,,,,,,,,,High,High,High,,,,,
247,2025-04-27,16:49:42.04,2,4,"Lawson, Wade",1000068528,Right,POM_COL,"Matsumoto, Noah",1000029302,Right,CLU_KIN,Undefined,9,Top,1,2,1,Slider,Slider,BallCalled,Undefined,Undefined,Undefined,0,0,,80.43651,0.27436,-3.754578,2511.816513,179.024438,12:00,5.4195,2.38334,4.97591,-41.14892,3.86323,-0.04087,2.25011,-1.17128,73.53729,-7.189392,-3.761768,0.482877,,,,,,,,,,,,-1.05646,2.31213,-2.02031,50,5.41275,7.64048,-116.40175,-0.94216,-1.44528,22.44224,-29.01102,POM_COL,CLU_KIN,PomonaPitzer,D3,Team,20250427-PomonaPitzer-2,4a58da50-23c2-11f0-8e2e-710d118fca12,78.05811,,,6.89922,,,,,,,d6dd59cf-f9ac-4159-a241-cd4264778e4a,2025-04-27,23:49:42.04,2025-04-27T16:49:42.0481024-07:00,2025-04-27T23:49:42.0481024Z,,v3,POM_PIT,,,"Lee, Sammy",1000276388,Right,POM_COL,3757e85a-f00e-4a5a-9173-66614e1fcb5a,55.52137,-117.46144,11.22112,5.4249,0.42771,-14.50551,-2.3827,7.70872,-0.72264,,,,,,,,,,,,,,,,,,,,,,,,,,,,,,,,,,,,,,,,,,,,,,,,,,,High,High,High,,,,,
248,2025-04-27,16:49:58.60,2,5,"Lawson, Wade",1000068528,Right,POM_COL,"Matsumoto, Noah",1000029302,Right,CLU_KIN,Undefined,9,Top,1,3,1,Fastball,Four-Seam,StrikeSwinging,Undefined,Undefined,Undefined,0,0,,85.1868,-2.046434,-2.028145,2481.701923,208.081343,1:00,6.06485,1.38738,6.19204,-18.16009,19.8434,9.95024,2.66014,0.34329,78.11104,-5.510041,-0.233179,0.443693,,,,,,,,,,,,-5.65366,11.16501,-1.23916,50,5.90104,3.98565,-123.68493,-4.89125,-8.78452,23.96796,-14.82608,POM_COL,CLU_KIN,PomonaPitzer,D3,Team,20250427-PomonaPitzer-2,5434f630-23c2-11f0-8e2e-710d118fca12,84.95155,,,7.07576,,,,,,,d6dd59cf-f9ac-4159-a241-cd4264778e4a,2025-04-27,23:49:58.60,2025-04-27T16:49:58.6064896-07:00,2025-04-27T23:49:58.6064896Z,,v3,POM_PIT,,,"Lee, Sammy",1000276388,Right,POM_COL,476707f2-c7f2-4526-9ed5-17d80024b750,54.30559,-124.51648,11.98398,6.06181,-4.37687,-7.41304,-1.38272,4.29042,-4.39226,,,,,,,,,,,,,,,,,,,,,,,,,,,,,,,,,,,,,,,,,,,,,,,,,,,High,High,High,,,,,
249,2025-04-27,16:50:16.65,2,6,"Lawson, Wade",1000068528,Right,POM_COL,"Matsumoto, Noah",1000029302,Right,CLU_KIN,Undefined,9,Top,1,3,2,Slider,Slider,HitByPitch,Walk,Undefined,Undefined,0,0,,80.82808,-0.071082,-4.91209,2525.070699,168.515113,11:30,5.38508,2.37734,5.05589,-38.78478,5.47666,-0.84059,2.08573,-2.3366,74.42942,-7.094256,-5.059699,0.478833,,,,,,,,,,,,-0.90319,3.0563,-1.90811,50,5.3472,10.08492,-116.95139,-1.51773,-1.25449,21.4712,-27.9291,POM_COL,CLU_KIN,PomonaPitzer,D3,Team,20250427-PomonaPitzer-2,5f111cf0-23c2-11f0-8e2e-710d118fca12,78.71728,,,6.39866,,,,,,,d6dd59cf-f9ac-4159-a241-cd4264778e4a,2025-04-27,23:50:16.65,2025-04-27T16:50:16.6515200-07:00,2025-04-27T23:50:16.6515200Z,,v3,POM_PIT,,,"Lee, Sammy",1000276388,Right,POM_COL,bcb50764-a0e1-4d95-a9eb-29fa113e265c,55.44607,-117.947,10.7356,5.38755,-0.22267,-13.96455,-2.37709,10.14309,-0.62724,,,,,,,,,,,,,,,,,,,,,,,,,,,,,,,,,,,,,,,,,,,,,,,,,,,High,High,High,,,,,
250,2025-04-27,16:51:20.78,3,1,"Lawson, Wade",1000068528,Right,POM_COL,"Orozco, Daniel",1000302991,Left,CLU_KIN,Undefined,9,Top,1,0,0,Fastball,Four-Seam,FoulBallNotFieldable,Undefined,Undefined,Undefined,0,0,,83.41417,-1.321597,-2.518473,2459.689331,200.824284,12:45,5.95262,1.53736,5.97461,-19.24261,20.95418,7.46445,3.12248,-0.17685,76.00724,-4.994157,-1.178488,0.456318,,,,,,,,,,,,-4.55894,11.53894,-1.34213,50,5.83728,5.03084,-121.01848,-3.30519,-6.73796,24.36664,-15.11988,POM_COL,CLU_KIN,PomonaPitzer,D3,Team,20250427-PomonaPitzer-2,85482210-23c2-11f0-8e2e-710d118fca12,82.60132,,,7.40693,,,,,,,d6dd59cf-f9ac-4159-a241-cd4264778e4a,2025-04-27,23:51:20.78,2025-04-27T16:51:20.7899136-07:00,2025-04-27T23:51:20.7899136Z,,v3,POM_PIT,,,"Lee, Sammy",1000276388,Right,POM_COL,0dc82b5c-0ecb-472b-828b-ee574c14c035,54.5235,-121.92587,12.18332,5.94988,-2.74214,-7.55994,-1.53415,5.28176,-3.36898,,,,,,,,,,,,,,,,,,,,,,,,,,,,,,,,,,,,,,,,,,,,,,,,,,,High,High,High,,,,,
251,2025-04-27,16:51:41.57,3,2,"Lawson, Wade",1000068528,Right,POM_COL,"Orozco, Daniel",1000302991,Left,CLU_KIN,Undefined,9,Top,1,0,1,ChangeUp,Splitter,InPlay,Undefined,FlyBall,Out,1,0,,80.65568,-0.415503,-2.372029,946.524309,211.60386,1:00,5.55368,1.93871,5.47579,-27.81415,15.81536,8.87902,2.84669,0.45772,73.81878,-5.585724,-0.792231,0.475403,85.22299,29.82066,-16.499863,3975.841783,102.48912,54.88137,-39.94881,314.47787,305.79485,-28.821149,4.453671,-5.15524,8.50611,-1.73663,50,5.49846,4.49548,-117.02335,-1.72209,-7.15322,21.95584,-20.37133,POM_COL,CLU_KIN,PomonaPitzer,D3,Team,20250427-PomonaPitzer-2,91b34d40-23c2-11f0-8e2e-710d118fca12,79.28532,66.42709,,6.8369,,,,1.04455,2.9568,-0.47683,d6dd59cf-f9ac-4159-a241-cd4264778e4a,2025-04-27,23:51:41.57,2025-04-27T16:51:41.5752192-07:00,2025-04-27T23:51:41.5752192Z,LineDrive,v3,POM_PIT,,,"Lee, Sammy",1000276388,Right,POM_COL,c611c5bb-7f52-42bc-a81b-3298df607c16,55.02345,-117.96208,10.97792,5.55347,-0.85111,-10.18566,-1.93538,4.80132,-3.57661,143.199908,1.0457,103.95146,-20.51519,4.702,-0.86168,0.13807,-0.02451,0.00382,-0.00027,2.95711,62.14626,-16.1857,0.31066,0.27387,-0.18625,0.06146,-0.0097,0.00058,-0.47623,-30.81441,-2.90783,1.11419,-0.22935,0.02353,-0.00025,-0.00013,1E-05,,,,,,,,,,,,,,,,,,,,,,,High,High,High,High,Medium,,,
252,2025-04-27,16:52:26.50,4,1,"Lawson, Wade",1000068528,Right,POM_COL,"Vega, Carlos",1000297558,Right,CLU_KIN,Undefined,9,Top,2,0,0,Slider,Slider,BallCalled,Undefined,Undefined,Undefined,0,0,,81.21334,1.421805,-3.227443,2491.992208,153.498432,11:00,5.52871,2.19977,5.21742,-38.99573,4.20134,-1.48165,3.61834,-0.96157,74.94427,-5.675152,-3.489234,0.473041,,,,,,,,,,,,-0.07256,2.15012,-1.90033,50,5.63101,6.7031,-117.76979,1.5382,-0.10288,20.33913,-29.12508,POM_COL,CLU_KIN,PomonaPitzer,D3,Team,20250427-PomonaPitzer-2,ac5e1580-23c2-11f0-8e2e-710d118fca12,79.68118,,,6.26906,,,,,,,d6dd59cf-f9ac-4159-a241-cd4264778e4a,2025-04-27,23:52:26.50,2025-04-27T16:52:26.5071616-07:00,2025-04-27T23:52:26.5071616Z,,v3,POM_PIT,,,"Lee, Sammy",1000276388,Right,POM_COL,a986f16c-ecd9-42b7-a871-636690670122,55.28186,-118.67847,10.16956,5.53322,2.83941,-14.56254,-2.19991,6.70769,-0.05144,,,,,,,,,,,,,,,,,,,,,,,,,,,,,,,,,,,,,,,,,,,,,,,,,,,High,High,High,,,,,
253,2025-04-27,16:52:48.47,4,2,"Lawson, Wade",1000068528,Right,POM_COL,"Vega, Carlos",1000297558,Right,CLU_KIN,Undefined,9,Top,2,1,0,Fastball,Changeup,InPlay,Undefined,FlyBall,Out,1,0,,83.67408,-1.172218,-2.541018,2412.615153,217.355764,1:15,5.93139,1.61609,6.06844,-21.64218,18.07001,12.81229,3.04187,0.33075,76.42136,-5.274983,-0.236,0.453559,84.01472,37.154185,-4.086014,,109.91053,75.76482,-4.43354,307.95262,304.40042,0.973248,5.317625,-7.33567,10.03627,-1.42593,50,5.82891,4.89744,-121.46393,-3.08831,-10.94255,24.1279,-17.20311,POM_COL,CLU_KIN,PomonaPitzer,D3,Team,20250427-PomonaPitzer-2,b98b3120-23c2-11f0-8e2e-710d118fca12,83.1038,94.01099,,7.25272,,,,0.82776,3.26674,-0.33298,d6dd59cf-f9ac-4159-a241-cd4264778e4a,2025-04-27,23:52:48.47,2025-04-27T16:52:48.4712448-07:00,2025-04-27T23:52:48.4712448Z,FlyBall,v3,POM_PIT,,,"Lee, Sammy",1000276388,Right,POM_COL,5a905a87-f645-47fa-a122-9c86b1c0b9dc,54.43085,-122.34092,12.06395,5.92979,-2.46302,-8.60155,-1.61116,5.29517,-5.47127,191.630883,0.83187,97.87832,-18.06492,3.8597,-0.50302,0.00304,0.01073,-0.00146,6E-05,3.26449,74.45976,-16.93413,0.91684,-0.12575,0.00024,0.00708,-0.00147,9E-05,-0.33361,-6.98468,3.98785,-0.98708,0.17096,-0.01637,-9E-05,0.00016,-1E-05,,,,,,,,,,,,,,,,,,,,,,,High,High,High,Medium,Medium,,,
254,2025-04-27,16:55:41.04,1,1,"Kim, Josh",1000202523,Right,CLU_KIN,"Wakil, Lateef",1000128267,Left,POM_COL,Undefined,9,Bottom,0,0,0,ChangeUp,Changeup,StrikeCalled,Undefined,Undefined,Undefined,0,0,,76.46557,1.179388,-4.38481,1372.643017,260.811765,2:45,4.87103,2.77562,5.5722,-44.35002,4.1828,16.36269,2.28022,0.03543,70.04815,-6.956775,-1.475504,0.501406,,,,,,,,,,,,-9.43567,2.28158,-2.40805,50,4.94395,7.86726,-110.74614,0.87296,-11.73461,19.52217,-29.33658,POM_COL,CLU_KIN,PomonaPitzer,D3,Team,20250427-PomonaPitzer-2,2057df70-23c3-11f0-8e2e-710d118fca12,75.17355,,,6.41743,,,,,,,d6dd59cf-f9ac-4159-a241-cd4264778e4a,2025-04-27,23:55:41.04,2025-04-27T16:55:41.0455040-07:00,2025-04-27T23:55:41.0455040Z,,v3,POM_PIT,,,"Adair, Landen",1000368243,Right,CLU_KIN,ed00f430-e7be-4bf7-bdc3-a7f46f86f3fc,54.92772,-111.61141,9.76108,4.87644,2.17323,-14.66829,-2.76827,8.38737,-5.8673,,,,,,,,,,,,,,,,,,,,,,,,,,,,,,,,,,,,,,,,,,,,,,,,,,,High,High,High,,,,,
255,2025-04-27,16:56:01.90,1,2,"Kim, Josh",1000202523,Right,CLU_KIN,"Wakil, Lateef",1000128267,Left,POM_COL,Undefined,9,Bottom,0,0,1,Cutter,Slider,StrikeCalled,Undefined,Undefined,Undefined,0,0,,80.66033,0.706678,-3.359833,2085.309161,193.549639,12:30,5.09107,2.66909,5.30088,-32.63258,10.82367,2.3211,3.0363,-0.29534,74.69859,-5.266914,-2.94908,0.474458,,,,,,,,,,,,-1.95599,5.63906,-2.36517,50,5.13169,6.77579,-117.03342,0.34245,-2.75224,19.08376,-24.23946,POM_COL,CLU_KIN,PomonaPitzer,D3,Team,20250427-PomonaPitzer-2,2cc0e7c0-23c3-11f0-8e2e-710d118fca12,79.44321,,,5.96174,,,,,,,d6dd59cf-f9ac-4159-a241-cd4264778e4a,2025-04-27,23:56:01.90,2025-04-27T16:56:01.9082752-07:00,2025-04-27T23:56:01.9082752Z,,v3,POM_PIT,,,"Adair, Landen",1000368243,Right,CLU_KIN,bf859833-96f6-4138-8c28-8a20a989a3cc,55.19832,-117.87803,9.54188,5.09279,1.41523,-12.11973,-2.66775,6.8976,-1.37612,,,,,,,,,,,,,,,,,,,,,,,,,,,,,,,,,,,,,,,,,,,,,,,,,,,High,High,High,,,,,
256,2025-04-27,16:56:22.09,1,3,"Kim, Josh",1000202523,Right,CLU_KIN,"Wakil, Lateef",1000128267,Left,POM_COL,Undefined,9,Bottom,0,0,2,ChangeUp,Changeup,BallCalled,Undefined,Undefined,Undefined,0,0,,77.00133,-0.199969,-3.354909,1299.617428,273.940937,3:15,4.91236,2.79085,5.31,-47.52818,0.49634,13.79135,0.76365,0.78744,71.17258,-8.820712,-0.906395,0.498773,,,,,,,,,,,,-7.83847,0.70299,-2.49671,50,4.85935,6.01955,-111.70968,-1.98555,-9.95231,19.22297,-31.28147,POM_COL,CLU_KIN,PomonaPitzer,D3,Team,20250427-PomonaPitzer-2,38e768d0-23c3-11f0-8e2e-710d118fca12,75.57032,,,5.82875,,,,,,,d6dd59cf-f9ac-4159-a241-cd4264778e4a,2025-04-27,23:56:22.09,2025-04-27T16:56:22.0944896-07:00,2025-04-27T23:56:22.0944896Z,,v3,POM_PIT,,,"Adair, Landen",1000368243,Right,CLU_KIN,8e0fc08e-4efe-4cf3-b6f6-47855d6989a3,55.19204,-112.59958,9.61149,4.91775,-0.53742,-15.64073,-2.78604,6.48028,-4.97616,,,,,,,,,,,,,,,,,,,,,,,,,,,,,,,,,,,,,,,,,,,,,,,,,,,High,High,High,,,,,
257,2025-04-27,16:56:44.57,1,4,"Kim, Josh",1000202523,Right,CLU_KIN,"Wakil, Lateef",1000128267,Left,POM_COL,Undefined,9,Bottom,0,1,2,Fastball,Changeup,StrikeSwinging,Strikeout,Undefined,Undefined,0,0,,85.49611,0.876507,-4.350255,2156.795998,245.100514,2:15,4.901,2.738,5.63524,-26.53891,12.54646,24.09336,3.50961,0.67929,77.20063,-4.091685,-0.061697,0.449965,,,,,,,,,,,,-13.34619,6.48485,-2.38234,50,4.95907,8.35606,-123.71794,1.03324,-20.51376,26.59383,-22.20653,POM_COL,CLU_KIN,PomonaPitzer,D3,Team,20250427-PomonaPitzer-2,462dd8d0-23c3-11f0-8e2e-710d118fca12,83.7675,,,8.29547,,,,,,,d6dd59cf-f9ac-4159-a241-cd4264778e4a,2025-04-27,23:56:44.57,2025-04-27T16:56:44.5740000-07:00,2025-04-27T23:56:44.5740000Z,,v3,POM_PIT,,,"Adair, Landen",1000368243,Right,CLU_KIN,f4e904c1-2e8e-4b46-9828-a4d591f3ac0c,54.8625,-124.75878,13.29691,4.90162,1.90237,-11.10326,-2.7251,9.15893,-10.25688,,,,,,,,,,,,,,,,,,,,,,,,,,,,,56.23674,2.640865,1.424947,1.215918,-2.21713,3.23727,-0.68461,-3.4764,5.80349,-1.64451,68.49481,8.15461,-56.2907,-3.40064,62.85246,-3.04187,5.858,18.34215,-13.51342,-1.71724,-48.44123,2.90691,High,High,High,,,High,High,High
258,2025-04-27,16:57:15.33,2,1,"Kim, Josh",1000202523,Right,CLU_KIN,"Ng, JC",1000115591,Left,POM_COL,Undefined,9,Bottom,1,0,0,Sinker,Changeup,HitByPitch,Undefined,Undefined,Undefined,0,0,,77.71139,-0.289217,-3.446035,1356.660867,291.136065,3:45,4.8382,2.68135,5.37432,-51.5566,-4.36949,15.06883,0.27017,0.70243,71.73716,-9.626466,-0.765365,0.494405,,,,,,,,,,,,-8.56776,-1.73469,-2.38348,50,4.77524,6.20959,-112.72954,-2.32085,-11.03594,20.303,-34.40845,POM_COL,CLU_KIN,PomonaPitzer,D3,Team,20250427-PomonaPitzer-2,58a79d20-23c3-11f0-8e2e-710d118fca12,76.23794,,,5.97424,,,,,,,d6dd59cf-f9ac-4159-a241-cd4264778e4a,2025-04-27,23:57:15.33,2025-04-27T16:57:15.3389056-07:00,2025-04-27T23:57:15.3389056Z,,v3,POM_PIT,,,"Adair, Landen",1000368243,Right,CLU_KIN,cd0bf24d-5fa5-4ca9-a520-7cc1b1d82f7d,55.12861,-113.64947,10.1515,4.84508,-0.76181,-17.20423,-2.67616,6.70962,-5.51797,,,,,,,,,,,,,,,,,,,,,,,,,,,,,,,,,,,,,,,,,,,,,,,,,,,High,High,High,,,,,
259,2025-04-27,16:57:36.50,3,1,"Kim, Josh",1000202523,Right,CLU_KIN,"Gold, Jack",1000108729,Left,POM_COL,Undefined,9,Bottom,1,0,0,Fastball,Changeup,InPlay,Undefined,FlyBall,HomeRun,0,1,,84.98229,0.200644,-3.949746,2109.485915,244.580122,2:15,4.90437,2.72873,5.62959,-27.54171,12.01583,22.36092,2.7969,0.90089,76.80781,-4.946276,0.033755,0.452674,92.74374,26.251658,3.865511,3271.669595,109.9511,50.6125,3.26132,372.14171,372.08534,-3.179507,4.989912,-12.55103,6.4226,-2.40675,50,4.90408,7.55993,-123.06176,-0.46691,-19.0531,26.71933,-22.4242,POM_COL,CLU_KIN,PomonaPitzer,D3,Team,20250427-PomonaPitzer-2,653bd420-23c3-11f0-8e2e-710d118fca12,83.26612,72.17929,,8.17448,,,,0.58055,2.53795,-0.90191,d6dd59cf-f9ac-4159-a241-cd4264778e4a,2025-04-27,23:57:36.50,2025-04-27T16:57:36.5059072-07:00,2025-04-27T23:57:36.5059072Z,LineDrive,v3,POM_PIT,,,"Adair, Landen",1000368243,Right,CLU_KIN,ee495f30-c417-44cc-926b-3307ec1280e9,54.86994,-124.11462,13.35967,4.90507,0.41671,-11.2121,-2.71944,8.31071,-9.52655,163.120931,0.58248,121.6814,-19.57806,4.04208,-0.74889,0.12439,-0.02022,0.00257,-0.00015,2.5374,60.16866,-13.89953,0.39218,0.06788,-0.06963,0.02461,-0.00387,0.00022,-0.90139,8.21474,-4.89904,0.96981,-0.17392,0.02906,-0.00514,0.00071,-4E-05,,,,,,,,,,,,,,,,,,,,,,,High,High,High,High,Medium,,,