PitchNo,Date,Time,PAofInning,PitchofPA,Pitcher,PitcherId,PitcherThrows,PitcherTeam,Batter,BatterId,BatterSide,BatterTeam,PitcherSet,Inning,Top/Bottom,Outs,Balls,Strikes,TaggedPitchType,AutoPitchType,PitchCall,KorBB,TaggedHitType,PlayResult,OutsOnPlay,RunsScored,Notes,RelSpeed,VertRelAngle,HorzRelAngle,SpinRate,SpinAxis,Tilt,RelHeight,RelSide,Extension,VertBreak,InducedVertBreak,HorzBreak,PlateLocHeight,PlateLocSide,ZoneSpeed,VertApprAngle,HorzApprAngle,ZoneTime,ExitSpeed,Angle,Direction,HitSpinRate,PositionAt110X,PositionAt110Y,PositionAt110Z,Distance,LastTrackedDistance,Bearing,HangTime,pfxx,pfxz,x0,y0,z0,vx0,vy0,vz0,ax0,ay0,az0,HomeTeam,AwayTeam,Stadium,Level,League,GameID,PitchUID,EffectiveVelo,MaxHeight,MeasuredDuration,SpeedDrop,PitchLastMeasuredX,PitchLastMeasuredY,PitchLastMeasuredZ,ContactPositionX,ContactPositionY,ContactPositionZ,GameUID,UTCDate,UTCTime,LocalDateTime,UTCDateTime,AutoHitType,System,HomeTeamForeignID,AwayTeamForeignID,GameForeignID,Catcher,CatcherId,CatcherThrows,CatcherTeam,PlayID,PitchTrajectoryXc0,PitchTrajectoryXc1,PitchTrajectoryXc2,PitchTrajectoryYc0,PitchTrajectoryYc1,PitchTrajectoryYc2,PitchTrajectoryZc0,PitchTrajectoryZc1,PitchTrajectoryZc2,HitSpinAxis,HitTrajectoryXc0,HitTrajectoryXc1,HitTrajectoryXc2,HitTrajectoryXc3,HitTrajectoryXc4,HitTrajectoryXc5,HitTrajectoryXc6,HitTrajectoryXc7,HitTrajectoryXc8,HitTrajectoryYc0,HitTrajectoryYc1,HitTrajectoryYc2,HitTrajectoryYc3,HitTrajectoryYc4,HitTrajectoryYc5,HitTrajectoryYc6,HitTrajectoryYc7,HitTrajectoryYc8,HitTrajectoryZc0,HitTrajectoryZc1,HitTrajectoryZc2,HitTrajectoryZc3,HitTrajectoryZc4,HitTrajectoryZc5,HitTrajectoryZc6,HitTrajectoryZc7,HitTrajectoryZc8,ThrowSpeed,PopTime,ExchangeTime,TimeToBase,CatchPositionX,CatchPositionY,CatchPositionZ,ThrowPositionX,ThrowPositionY,ThrowPositionZ,BasePositionX,BasePositionY,BasePositionZ,ThrowTrajectoryXc0,ThrowTrajectoryXc1,ThrowTrajectoryXc2,ThrowTrajectoryYc0,ThrowTrajectoryYc1,ThrowTrajectoryYc2,ThrowTrajectoryZc0,ThrowTrajectoryZc1,ThrowTrajectoryZc2,PitchReleaseConfidence,PitchLocationConfidence,PitchMovementConfidence,HitLaunchConfidence,HitLandingConfidence,CatcherThrowCatchConfidence,CatcherThrowReleaseConfidence,CatcherThrowLocationConfidence
1,2026-03-28,11:00:14.50,1,1,"Polishuk, Will",1000375103,Right,POM_COL,"Schulze, Jay",10114357,Right,WHI_COL1,Undefined,1,Top,0,0,0,Fastball,Four-Seam,FoulBallNotFieldable,Undefined,Undefined,Undefined,0,0,,89.55728,-3.000879,-2.571168,2338.339746,217.021806,1:15,6.26694,1.23908,5.32932,-15.93469,19.67828,13.98158,2.11791,-0.00993,82.03452,-6.001441,-0.090261,0.429512,,,,,,,,,,,,-7.77457,11.05863,-1.01732,50,5.98433,5.20894,-129.77833,-7.32311,-13.29098,26.55134,-13.26877,POM_COL,WHI_COL1,PomonaPitzer,TeamExclusive,Team,20260328-PomonaPitzer-Private-1,f91277d0-2acf-11f1-8cbf-a1be09b69ae6,87.75642,,,7.52276,,,,,,,afc8f227-0d99-4f26-9ec5-9eb72a8ad494,2026-03-28,18:00:14.50,2026-03-28T11:00:14.5050112-07:00,2026-03-28T18:00:14.5050112Z,,v3,643-145631,643-146222,,"Parker, Will",1000474009,Right,POM_COL,984d395b-0198-45b5-b7f1-72a6fa83da38,55.17077,-130.83194,13.27567,6.26448,-6.79658,-6.63439,-1.23449,5.73636,-6.64549,,,,,,,,,,,,,,,,,,,,,,,,,,,,,,,,,,,,,,,,,,,,,,,,,,,High,High,High,,,,,
2,2026-03-28,11:00:36.62,1,2,"Polishuk, Will",1000375103,Right,POM_COL,"Schulze, Jay",10114357,Right,WHI_COL1,Undefined,1,Top,0,0,1,Fastball,Four-Seam,BallCalled,Undefined,Undefined,Undefined,0,0,,89.29774,0.622266,-1.440648,2199.890499,215.019976,1:15,6.31198,1.23601,5.18403,-18.3556,17.70221,11.59103,5.36801,0.84623,81.20868,-2.829952,0.611445,0.432186,,,,,,,,,,,,-6.11851,8.96154,-1.11105,50,6.3563,2.70642,-129.49592,0.79664,-10.37658,27.3562,-16.97584,POM_COL,WHI_COL1,PomonaPitzer,TeamExclusive,Team,20260328-PomonaPitzer-Private-1,063e8200-2ad0-11f1-8cbf-a1be09b69ae6,87.21339,,,8.08906,,,,,,,afc8f227-0d99-4f26-9ec5-9eb72a8ad494,2026-03-28,18:00:36.62,2026-03-28T11:00:36.6240256-07:00,2026-03-28T18:00:36.6240256Z,,v3,643-145631,643-146222,,"Parker, Will",1000474009,Right,POM_COL,b1bcf14b-56ab-4f26-b7c6-b09170f7f02e,55.3115,-130.61316,13.6781,6.30961,1.48995,-8.48792,-1.23023,3.13021,-5.18829,,,,,,,,,,,,,,,,,,,,,,,,,,,,,,,,,,,,,,,,,,,,,,,,,,,High,High,High,,,,,
3,2026-03-28,11:00:54.39,1,3,"Polishuk, Will",1000375103,Right,POM_COL,"Schulze, Jay",10114357,Right,WHI_COL1,Undefined,1,Top,0,1,1,Fastball,Four-Seam,FoulBallFieldable,Undefined,Undefined,Undefined,0,0,,90.40024,-1.346836,-2.294468,2367.132807,220.246757,1:15,6.2208,1.25661,5.37043,-17.77481,17.3491,13.67079,3.47555,0.24344,82.00599,-4.70172,0.133702,0.426553,,,,,,,,,,,,-7.55933,9.46512,-1.06095,50,6.08784,4.62624,-131.02849,-3.66745,-13.05352,29.42235,-15.82954,POM_COL,WHI_COL1,PomonaPitzer,TeamExclusive,Team,20260328-PomonaPitzer-Private-1,10d9cf30-2ad0-11f1-8cbf-a1be09b69ae6,88.36522,,,8.39425,,,,,,,afc8f227-0d99-4f26-9ec5-9eb72a8ad494,2026-03-28,18:00:54.39,2026-03-28T11:00:54.3972864-07:00,2026-03-28T18:00:54.3972864Z,,v3,643-145631,643-146222,,"Parker, Will",1000474009,Right,POM_COL,f5672bf1-745a-4a6d-8b3b-be88a2dc7310,55.12745,-132.17483,14.71118,6.21872,-3.0507,-7.91477,-1.25111,5.13483,-6.52676,,,,,,,,,,,,,,,,,,,,,,,,,,,,,,,,,,,,,,,,,,,,,,,,,,,High,High,High,,,,,
4,2026-03-28,11:01:31.32,1,4,"Polishuk, Will",1000375103,Right,POM_COL,"Schulze, Jay",10114357,Right,WHI_COL1,Undefined,1,Top,0,1,2,Slider,Slider,InPlay,Undefined,FlyBall,Out,1,0,,83.5472,0.776659,-1.89779,2087.065459,242.777357,2:00,6.09634,1.3915,5.65741,-38.35959,1.97973,1.43126,3.62444,-0.2597,76.61266,-6.272159,-1.642088,0.457126,81.8128,28.016712,-7.892108,2522.250243,109.38255,50.55137,-11.63859,299.00844,293.21129,-3.728553,4.287948,-1.2541,1.14358,-1.23177,50,6.13765,3.9622,-121.3158,0.32739,-1.87004,23.60688,-30.46879,POM_COL,WHI_COL1,PomonaPitzer,TeamExclusive,Team,20260328-PomonaPitzer-Private-1,26e74190-2ad0-11f1-8cbf-a1be09b69ae6,82.45532,59.27834,,6.93454,,,,1.14861,3.7522,0.33136,afc8f227-0d99-4f26-9ec5-9eb72a8ad494,2026-03-28,18:01:31.32,2026-03-28T11:01:31.3234944-07:00,2026-03-28T18:01:31.3234944Z,FlyBall,v3,643-145631,643-146222,,"Parker, Will",1000474009,Right,POM_COL,2d576b2f-bf7f-486a-b431-8e333567ca40,54.84217,-122.25441,11.80344,6.10055,1.53883,-15.23439,-1.39078,4.03655,-0.93502,196.189788,1.14836,104.93635,-16.50564,3.65065,-0.79854,0.18774,-0.04049,0.00569,-0.00034,3.75306,56.33587,-15.21026,0.36296,0.19258,-0.13374,0.04217,-0.00639,0.00037,0.33141,-14.54832,5.07687,-1.27579,0.2819,-0.05602,0.00939,-0.00112,6E-05,,,,,,,,,,,,,,,,,,,,,,,High,High,High,Medium,Medium,,,
5,2026-03-28,11:02:04.97,2,1,"Polishuk, Will",1000375103,Right,POM_COL,"Mecate, Matthew",1000394015,Right,WHI_COL1,Undefined,1,Top,1,0,0,Fastball,Four-Seam,BallCalled,Undefined,Undefined,Undefined,0,0,,89.59753,-0.80499,-2.340965,2136.765163,222.151775,1:30,6.17929,1.52578,5.28108,-21.53726,14.38347,11.90142,3.62784,0.31785,81.18497,-4.828304,-0.230638,0.431364,,,,,,,,,,,,-6.59028,7.785,-1.32097,50,6.09046,4.74511,-129.80426,-2.57633,-11.16327,28.99188,-18.98702,POM_COL,WHI_COL1,PomonaPitzer,TeamExclusive,Team,20260328-PomonaPitzer-Private-1,3aeb0140-2ad0-11f1-8cbf-a1be09b69ae6,87.37967,,,8.41256,,,,,,,afc8f227-0d99-4f26-9ec5-9eb72a8ad494,2026-03-28,18:02:04.97,2026-03-28T11:02:04.9742336-07:00,2026-03-28T18:02:04.9742336Z,,v3,643-145631,643-146222,,"Parker, Will",1000474009,Right,POM_COL,27e018d0-08c4-4b7a-a1d9-39ad7d869546,55.21412,-130.96366,14.49594,6.17831,-1.81703,-9.49351,-1.51966,5.19154,-5.58163,,,,,,,,,,,,,,,,,,,,,,,,,,,,,,,,,,,,,,,,,,,,,,,,,,,High,High,High,,,,,
6,2026-03-28,11:02:23.25,2,2,"Polishuk, Will",1000375103,Right,POM_COL,"Mecate, Matthew",1000394015,Right,WHI_COL1,Undefined,1,Top,1,1,0,Fastball,Sinker,BallCalled,Undefined,Undefined,Undefined,0,0,,90.74556,-2.571933,-3.856949,2108.186623,225.904298,1:30,6.13142,1.54846,5.4429,-21.71281,13.14556,12.34166,1.90679,-1.03986,82.57761,-6.609957,-1.665812,0.424937,,,,,,,,,,,,-7.29406,7.71422,-1.21569,50,5.88876,8.2783,-131.25707,-6.67004,-12.66776,28.94752,-18.77663,POM_COL,WHI_COL1,PomonaPitzer,TeamExclusive,Team,20260328-PomonaPitzer-Private-1,45d72d90-2ad0-11f1-8cbf-a1be09b69ae6,88.70117,,,8.16795,,,,,,,afc8f227-0d99-4f26-9ec5-9eb72a8ad494,2026-03-28,18:02:23.25,2026-03-28T11:02:23.2527872-07:00,2026-03-28T18:02:23.2527872Z,,v3,643-145631,643-146222,,"Parker, Will",1000474009,Right,POM_COL,19a7bff0-13e1-425f-9f2e-938e94a7ee0e,55.05375,-132.36694,14.47376,6.1307,-5.95013,-9.38832,-1.54239,8.76399,-6.33388,,,,,,,,,,,,,,,,,,,,,,,,,,,,,,,,,,,,,,,,,,,,,,,,,,,High,High,High,,,,,
7,2026-03-28,11:02:42.61,2,3,"Polishuk, Will",1000375103,Right,POM_COL,"Mecate, Matthew",1000394015,Right,WHI_COL1,Undefined,1,Top,1,2,0,Fastball,Four-Seam,BallCalled,Undefined,Undefined,Undefined,0,0,,89.91309,-1.879927,-1.202947,2157.355051,225.90964,1:30,6.13854,1.46366,5.23203,-21.28773,14.39272,13.60257,2.59641,1.46627,81.72113,-5.840661,1.209621,0.429919,,,,,,,,,,,,-7.08433,8.09272,-1.36319,50,5.94993,2.09167,-130.30025,-5.03031,-12.10571,28.92721,-18.34521,POM_COL,WHI_COL1,PomonaPitzer,TeamExclusive,Team,20260328-PomonaPitzer-Private-1,515ba240-2ad0-11f1-8cbf-a1be09b69ae6,87.67339,,,8.19196,,,,,,,afc8f227-0d99-4f26-9ec5-9eb72a8ad494,2026-03-28,18:02:42.61,2026-03-28T11:02:42.6134528-07:00,2026-03-28T18:02:42.6134528Z,,v3,643-145631,643-146222,,"Parker, Will",1000474009,Right,POM_COL,3f614250-058c-47e7-b92a-d4971a405229,55.26371,-131.46362,14.46361,6.1374,-4.29252,-9.17261,-1.4571,2.57853,-6.05285,,,,,,,,,,,,,,,,,,,,,,,,,,,,,,,,,,,,,,,,,,,,,,,,,,,High,High,High,,,,,
8,2026-03-28,11:03:01.55,2,4,"Polishuk, Will",1000375103,Right,POM_COL,"Mecate, Matthew",1000394015,Right,WHI_COL1,Undefined,1,Top,1,3,0,Fastball,Sinker,BallCalled,Walk,Undefined,Undefined,0,0,,90.53115,-2.023655,-1.347254,2136.96467,223.247176,1:30,6.22154,1.52297,5.26193,-20.04466,15.16032,13.11796,2.64866,1.35018,82.16625,-5.766857,0.980472,0.427045,,,,,,,,,,,,-6.88599,8.52386,-1.40935,50,6.02181,2.45761,-131.15982,-5.33268,-11.90996,29.58237,-17.43123,POM_COL,WHI_COL1,PomonaPitzer,TeamExclusive,Team,20260328-PomonaPitzer-Private-1,5cd604d0-2ad0-11f1-8cbf-a1be09b69ae6,88.26346,,,8.36491,,,,,,,afc8f227-0d99-4f26-9ec5-9eb72a8ad494,2026-03-28,18:03:01.55,2026-03-28T11:03:01.5549440-07:00,2026-03-28T18:03:01.5549440Z,,v3,643-145631,643-146222,,"Parker, Will",1000474009,Right,POM_COL,e7575ab9-7fe9-40df-888e-7b57122ad605,55.23323,-132.33488,14.79118,6.21988,-4.64029,-8.71561,-1.51637,2.93069,-5.95498,,,,,,,,,,,,,,,,,,,,,,,,,,,,,,,,,,,,,,,,,,,,,,,,,,,High,High,High,,,,,
9,2026-03-28,11:03:33.09,3,1,"Polishuk, Will",1000375103,Right,POM_COL,"Jasso, Alexander",1000218885,Right,WHI_COL1,Undefined,1,Top,1,0,0,Slider,Slider,StrikeCalled,Undefined,Undefined,Undefined,0,0,,80.42987,0.852627,-2.06334,1933.695794,47.6022,7:30,6.06209,1.38004,5.3361,-43.86471,1.68807,-0.19921,3.20719,-0.57318,71.52623,-7.233618,-2.098719,0.485768,,,,,,,,,,,,-0.66894,1.17689,-1.19362,50,6.10875,4.19595,-116.22391,0.18835,-0.88607,28.19313,-30.61513,POM_COL,WHI_COL1,PomonaPitzer,TeamExclusive,Team,20260328-PomonaPitzer-Private-1,6f770030-2ad0-11f1-8cbf-a1be09b69ae6,77.59349,,,8.90364,,,,,,,afc8f227-0d99-4f26-9ec5-9eb72a8ad494,2026-03-28,18:03:33.09,2026-03-28T11:03:33.0902528-07:00,2026-03-28T18:03:33.0902528Z,,v3,643-145631,643-146222,,"Parker, Will",1000474009,Right,POM_COL,d8519b58-50b1-41c2-ab05-522dd5841698,55.15445,-117.4676,14.09657,6.07065,1.53888,-15.30757,-1.37958,4.23504,-0.44303,,,,,,,,,,,,,,,,,,,,,,,,,,,,,,,,,,,,,,,,,,,,,,,,,,,High,High,High,,,,,
10,2026-03-28,11:03:49.37,3,2,"Polishuk, Will",1000375103,Right,POM_COL,"Jasso, Alexander",1000218885,Right,WHI_COL1,Undefined,1,Top,1,0,1,Fastball,Four-Seam,StrikeCalled,Undefined,Undefined,Undefined,0,0,,88.9201,-2.572459,-4.12113,2146.210851,211.54665,1:00,6.36658,1.30599,5.41019,-17.66162,18.7143,10.72221,2.4768,-1.6682,80.81264,-5.90371,-2.22098,0.434089,,,,,,,,,,,,-6.5487,10.50079,-0.94637,50,6.12504,8.77375,-128.55509,-6.3446,-10.91174,27.72521,-14.67721,POM_COL,WHI_COL1,PomonaPitzer,TeamExclusive,Team,20260328-PomonaPitzer-Private-1,7928b0b0-2ad0-11f1-8cbf-a1be09b69ae6,86.83118,,,8.10746,,,,,,,afc8f227-0d99-4f26-9ec5-9eb72a8ad494,2026-03-28,18:03:49.37,2026-03-28T11:03:49.3722112-07:00,2026-03-28T18:03:49.3722112Z,,v3,643-145631,643-146222,,"Parker, Will",1000474009,Right,POM_COL,667a0955-5287-46b6-8cfe-d525154ed73a,55.0859,-129.64732,13.86261,6.3636,-5.76639,-7.33861,-1.30048,9.20361,-5.45587,,,,,,,,,,,,,,,,,,,,,,,,,,,,,,,,,,,,,,,,,,,,,,,,,,,High,High,High,,,,,
11,2026-03-28,11:04:07.74,3,3,"Polishuk, Will",1000375103,Right,POM_COL,"Jasso, Alexander",1000218885,Right,WHI_COL1,Undefined,1,Top,1,0,2,Fastball,Four-Seam,FoulBallNotFieldable,Undefined,Undefined,Undefined,0,0,,90.16624,-2.027931,-3.881338,2154.62881,219.85807,1:15,6.28596,1.27722,5.22909,-18.54918,17.09525,13.23568,2.82867,-1.27404,81.7313,-5.510355,-1.541967,0.429702,,,,,,,,,,,,-7.70099,9.47623,-0.92927,50,6.08531,8.21795,-130.38114,-5.25086,-13.17292,29.01847,-15.96448,POM_COL,WHI_COL1,PomonaPitzer,TeamExclusive,Team,20260328-PomonaPitzer-Private-1,84179c20-2ad0-11f1-8cbf-a1be09b69ae6,87.71768,,,8.43494,,,,,,,afc8f227-0d99-4f26-9ec5-9eb72a8ad494,2026-03-28,18:04:07.74,2026-03-28T11:04:07.7428736-07:00,2026-03-28T18:04:07.7428736Z,,v3,643-145631,643-146222,,"Parker, Will",1000474009,Right,POM_COL,f6fed2ee-b92f-4cb2-9014-907065cc9bfc,55.26674,-131.54812,14.50924,6.28356,-4.60885,-7.98224,-1.2704,8.7477,-6.58646,,,,,,,,,,,,,,,,,,,,,,,,,,,,,,,,,,,,,,,,,,,,,,,,,,,High,High,High,,,,,
12,2026-03-28,11:04:29.47,3,4,"Polishuk, Will",1000375103,Right,POM_COL,"Jasso, Alexander",1000218885,Right,WHI_COL1,Undefined,1,Top,1,0,2,Slider,Slider,BallCalled,Undefined,Undefined,Undefined,0,0,,81.11649,-0.48626,-3.010803,2074.253421,17.470228,6:30,6.07791,1.24446,5.39619,-44.22097,-0.25992,-0.57343,1.9365,-1.62744,73.6313,-8.558121,-3.112731,0.477206,,,,,,,,,,,,-0.68118,0.54323,-0.97527,50,6.00392,6.20047,-117.4306,-2.55834,-0.93714,25.29811,-31.42667,POM_COL,WHI_COL1,PomonaPitzer,TeamExclusive,Team,20260328-PomonaPitzer-Private-1,91154350-2ad0-11f1-8cbf-a1be09b69ae6,78.98575,,,7.48519,,,,,,,afc8f227-0d99-4f26-9ec5-9eb72a8ad494,2026-03-28,18:04:29.47,2026-03-28T11:04:29.4750208-07:00,2026-03-28T18:04:29.4750208Z,,v3,643-145631,643-146222,,"Parker, Will",1000474009,Right,POM_COL,50340dd3-e0ca-468c-a6e3-0b5ac6be44db,55.09981,-118.52417,12.64906,6.08515,-1.19986,-15.71333,-1.24417,6.24098,-0.46857,,,,,,,,,,,,,,,,,,,,,,,,,,,,,,,,,,,,,,,,,,,,,,,,,,,High,High,High,,,,,
13,2026-03-28,11:04:47.23,3,5,"Polishuk, Will",1000375103,Right,POM_COL,"Jasso, Alexander",1000218885,Right,WHI_COL1,Undefined,1,Top,1,1,2,Slider,Slider,FoulBallNotFieldable,Undefined,Undefined,Undefined,0,0,,82.84119,0.423385,-1.92119,2006.949061,192.526997,12:30,6.08133,1.37236,5.41585,-39.98837,2.22819,0.14909,3.14582,-0.41564,74.62581,-6.932232,-1.894663,0.467641,,,,,,,,,,,,-0.71795,1.41579,-1.20171,50,6.09134,4.01851,-119.98602,-0.52001,-1.02643,27.40123,-30.15,POM_COL,WHI_COL1,PomonaPitzer,TeamExclusive,Team,20260328-PomonaPitzer-Private-1,9baf5800-2ad0-11f1-8cbf-a1be09b69ae6,80.60118,,,8.21537,,,,,,,afc8f227-0d99-4f26-9ec5-9eb72a8ad494,2026-03-28,18:04:47.23,2026-03-28T11:04:47.2338432-07:00,2026-03-28T18:04:47.2338432Z,,v3,643-145631,643-146222,,"Parker, Will",1000474009,Right,POM_COL,fc21da93-190e-4aa3-97f7-f10a36f4f5e7,55.08066,-121.14074,13.70062,6.08648,0.75054,-15.075,-1.37196,4.06177,-0.51322,,,,,,,,,,,,,,,,,,,,,,,,,,,,,,,,,,,,,,,,,,,,,,,,,,,High,High,High,,,,,
14,2026-03-28,11:05:11.99,3,6,"Polishuk, Will",1000375103,Right,POM_COL,"Jasso, Alexander",1000218885,Right,WHI_COL1,Undefined,1,Top,1,1,2,Fastball,Four-Seam,FoulBallNotFieldable,Undefined,Undefined,Undefined,0,0,,89.80515,-1.390448,-3.494517,2003.57065,222.818165,1:30,6.33314,1.25856,5.24684,-21.69781,14.05225,11.90902,3.21564,-1.03704,81.68105,-5.425716,-1.38735,0.430338,,,,,,,,,,,,-6.85953,7.76012,-0.94613,50,6.1895,7.36743,-129.98421,-3.92921,-11.7031,27.95562,-18.93441,POM_COL,WHI_COL1,PomonaPitzer,TeamExclusive,Team,20260328-PomonaPitzer-Private-1,aa63fe00-2ad0-11f1-8cbf-a1be09b69ae6,87.58797,,,8.1241,,,,,,,afc8f227-0d99-4f26-9ec5-9eb72a8ad494,2026-03-28,18:05:11.99,2026-03-28T11:05:11.9965184-07:00,2026-03-28T18:05:11.9965184Z,,v3,643-145631,643-146222,,"Parker, Will",1000474009,Right,POM_COL,7b7547ab-cdc9-463c-a2df-72a00f26a407,55.24799,-131.10803,13.97781,6.33216,-3.16804,-9.4672,-1.25176,7.8379,-5.85155,,,,,,,,,,,,,,,,,,,,,,,,,,,,,,,,,,,,,,,,,,,,,,,,,,,High,High,High,,,,,
15,2026-03-28,11:05:41.82,3,7,"Polishuk, Will",1000375103,Right,POM_COL,"Jasso, Alexander",1000218885,Right,WHI_COL1,Undefined,1,Top,1,1,2,Fastball,Four-Seam,FoulBallNotFieldable,Undefined,Undefined,Undefined,0,0,,89.76241,-1.587148,-4.052275,2205.908138,218.327274,1:15,6.3129,1.09833,5.34207,-20.08875,15.60717,11.38934,3.14586,-1.76026,81.63414,-5.342874,-2.035933,0.430012,74.63781,-2.149375,52.418773,5582.528612,,,,29.14389,27.86813,55.212757,0.272292,-6.86981,8.63386,-0.74091,50,6.15545,8.6808,-129.88658,-4.29303,-11.69501,28.08852,-17.47597,POM_COL,WHI_COL1,PomonaPitzer,TeamExclusive,Team,20260328-PomonaPitzer-Private-1,bc324010-2ad0-11f1-8cbf-a1be09b69ae6,87.65438,2.66427,,8.12827,,,,-0.56509,2.66427,1.62723,afc8f227-0d99-4f26-9ec5-9eb72a8ad494,2026-03-28,18:05:41.82,2026-03-28T11:05:41.8248704-07:00,2026-03-28T18:05:41.8248704Z,GroundBall,v3,643-145631,643-146222,,"Parker, Will",1000474009,Right,POM_COL,0687906f-5d92-4fbe-9709-e413a5da5eed,55.15529,-130.99668,14.04426,6.31147,-3.60234,-8.73798,-1.09313,9.14301,-5.8475,,-0.56254,66.59124,-12.7415,,,,,,,2.66803,-4.29065,-20.27588,,,,,,,1.63069,86.52169,-16.96723,,,,,,,,,,,,,,,,,,,,,,,,,,,,,High,High,High,High,High,,,
16,2026-03-28,11:06:14.72,3,8,"Polishuk, Will",1000375103,Right,POM_COL,"Jasso, Alexander",1000218885,Right,WHI_COL1,Undefined,1,Top,1,1,2,Slider,Slider,StrikeSwinging,Strikeout,Undefined,Undefined,0,0,,80.68132,-1.089482,-3.64375,2173.858959,308.323673,4:15,6.13034,1.28807,5.50982,-42.61136,1.33264,0.14996,1.55839,-2.11148,73.89836,-8.857218,-3.617066,0.477113,,,,,,,,,,,,-1.15595,1.45925,-0.96998,50,6.00673,7.43473,-116.84403,-3.68479,-1.58798,23.30827,-30.16938,POM_COL,WHI_COL1,PomonaPitzer,TeamExclusive,Team,20260328-PomonaPitzer-Private-1,d044a5c0-2ad0-11f1-8cbf-a1be09b69ae6,79.00108,,,6.78295,,,,,,,afc8f227-0d99-4f26-9ec5-9eb72a8ad494,2026-03-28,18:06:14.72,2026-03-28T11:06:14.7237888-07:00,2026-03-28T18:06:14.7237888Z,,v3,643-145631,643-146222,,"Parker, Will",1000474009,Right,POM_COL,06931cd1-0c91-4af9-8d24-72a3e89afaf6,54.98781,-117.8348,11.65414,6.1361,-2.40237,-15.08469,-1.28744,7.50223,-0.79399,,,,,,,,,,,,,,,,,,,,,,,,,,,,,,,,,,,,,,,,,,,,,,,,,,,High,High,High,,,,,
17,2026-03-28,11:06:43.79,4,1,"Polishuk, Will",1000375103,Right,POM_COL,"Plaskett, Joe",1000237974,Right,WHI_COL1,Undefined,1,Top,2,0,0,Fastball,Four-Seam,BallCalled,Undefined,Undefined,Undefined,0,0,,89.38205,0.70585,-1.037418,2347.390907,217.491336,1:15,6.19848,1.39548,5.51674,-18.76584,16.65883,11.93339,5.29479,1.4198,81.55817,-2.830623,1.08875,0.428375,,,,,,,,,,,,-6.24414,8.52241,-1.313,50,6.24752,1.80512,-129.75028,0.99643,-10.65964,26.78872,-17.62513,POM_COL,WHI_COL1,PomonaPitzer,TeamExclusive,Team,20260328-PomonaPitzer-Private-1,e12887d0-2ad0-11f1-8cbf-a1be09b69ae6,87.98932,,,7.82388,,,,,,,afc8f227-0d99-4f26-9ec5-9eb72a8ad494,2026-03-28,18:06:43.79,2026-03-28T11:06:43.7953536-07:00,2026-03-28T18:06:43.7953536Z,,v3,643-145631,643-146222,,"Parker, Will",1000474009,Right,POM_COL,fbd55b3e-e05d-4001-8e90-4ea2a50ae021,54.97958,-130.77434,13.39436,6.19656,1.6702,-8.81257,-1.3898,2.21261,-5.32982,,,,,,,,,,,,,,,,,,,,,,,,,,,,,,,,,,,,,,,,,,,,,,,,,,,High,High,High,,,,,
18,2026-03-28,11:07:24.81,4,2,"Polishuk, Will",1000375103,Right,POM_COL,"Plaskett, Joe",1000237974,Right,WHI_COL1,Undefined,1,Top,2,1,0,Slider,Slider,FoulBallNotFieldable,Undefined,Undefined,Undefined,0,0,,79.17665,0.873059,-1.132645,2197.357043,262.215895,2:45,6.05698,1.51541,5.28941,-44.50754,1.83555,1.06768,3.16803,0.5407,71.46397,-7.288531,-0.943029,0.489964,,,,,,,,,,,,-0.90154,1.16736,-1.41306,50,6.10447,2.2231,-114.68525,0.20721,-1.18022,24.5873,-30.64586,POM_COL,WHI_COL1,PomonaPitzer,TeamExclusive,Team,20260328-PomonaPitzer-Private-1,f9971bb0-2ad0-11f1-8cbf-a1be09b69ae6,76.92905,,,7.71268,,,,,,,afc8f227-0d99-4f26-9ec5-9eb72a8ad494,2026-03-28,18:07:24.81,2026-03-28T11:07:24.8138752-07:00,2026-03-28T18:07:24.8138752Z,,v3,643-145631,643-146222,,"Parker, Will",1000474009,Right,POM_COL,dd17ce3f-0d78-4279-b33b-0386e8f73ab5,55.20585,-115.79596,12.29365,6.06384,1.5916,-15.32293,-1.51469,2.27641,-0.59011,,,,,,,,,,,,,,,,,,,,,,,,,,,,,,,,,,,,,,,,,,,,,,,,,,,High,High,High,,,,,
19,2026-03-28,11:08:05.68,4,3,"Polishuk, Will",1000375103,Right,POM_COL,"Plaskett, Joe",1000237974,Right,WHI_COL1,Undefined,1,Top,2,1,1,Fastball,Sinker,InPlay,Undefined,LineDrive,Single,0,0,,88.9367,-2.438021,-2.772077,2161.312906,230.081592,1:45,6.22407,1.40989,5.34591,-23.1658,13.33146,14.39572,2.00264,0.00727,80.65642,-6.743514,-0.215747,0.434812,100.80112,2.891398,-3.944799,2007.358765,,,,65.12793,58.5827,-4.808833,0.466454,-8.06969,7.80713,-1.17073,50,5.98792,5.58241,-128.73316,-6.29778,-13.4126,29.10489,-19.19782,POM_COL,WHI_COL1,PomonaPitzer,TeamExclusive,Team,20260328-PomonaPitzer-Private-1,11f311f0-2ad1-11f1-8cbf-a1be09b69ae6,86.68671,2.39747,,8.28028,,,,0.31109,1.85615,-0.00476,afc8f227-0d99-4f26-9ec5-9eb72a8ad494,2026-03-28,18:08:05.68,2026-03-28T11:08:05.6863232-07:00,2026-03-28T18:08:05.6863232Z,GroundBall,v3,643-145631,643-146222,,"Parker, Will",1000474009,Right,POM_COL,c622ad3a-690e-467d-90a1-aa6015ddffe2,55.15147,-129.89262,14.55244,6.22358,-5.533,-9.59891,-1.40377,6.11673,-6.7063,29.576677,0.32105,147.01779,-18.42493,,,,,,,1.87194,7.00345,-23.68653,,,,,,,-1E-05,-10.29501,-3.04299,,,,,,,,,,,,,,,,,,,,,,,,,,,,,High,High,High,High,High,,,
20,2026-03-28,11:08:53.48,5,1,"Polishuk, Will",1000375103,Right,POM_COL,"Cardoza, Aidan",1000339820,Right,WHI_COL1,Undefined,1,Top,2,0,0,Fastball,Sinker,StrikeCalled,Undefined,Undefined,Undefined,0,0,,87.9468,-1.415391,-3.353968,2045.2,237.599527,2:00,6.08076,1.52456,5.33928,-26.99403,10.2206,14.10375,2.5009,-0.45016,79.95325,-6.401767,-0.851912,0.439064,,,,,,,,,,,,-7.9915,5.92811,-1.23193,50,5.93387,6.8162,-127.32757,-4.12473,-13.04461,27.53448,-22.49752,POM_COL,WHI_COL1,PomonaPitzer,TeamExclusive,Team,20260328-PomonaPitzer-Private-1,2e71fdf0-2ad1-11f1-8cbf-a1be09b69ae6,85.84718,,,7.99355,,,,,,,afc8f227-0d99-4f26-9ec5-9eb72a8ad494,2026-03-28,18:08:53.48,2026-03-28T11:08:53.4813696-07:00,2026-03-28T18:08:53.4813696Z,,v3,643-145631,643-146222,,"Parker, Will",1000474009,Right,POM_COL,669afec0-09b8-4fb2-89fe-f80ae1a243ee,55.1569,-128.43791,13.76724,6.08191,-3.21751,-11.24876,-1.5174,7.34223,-6.5223,,,,,,,,,,,,,,,,,,,,,,,,,,,,,,,,,,,,,,,,,,,,,,,,,,,High,High,High,,,,,
21,2026-03-28,11:09:13.85,5,2,"Polishuk, Will",1000375103,Right,POM_COL,"Cardoza, Aidan",1000339820,Right,WHI_COL1,Undefined,1,Top,2,0,1,Fastball,Four-Seam,StrikeSwinging,Undefined,Undefined,Undefined,0,0,,89.63372,-1.889337,-1.835879,2239.738921,215.220159,1:15,6.13662,1.70133,5.34048,-17.71367,18.26099,11.9769,2.88654,0.97656,80.92131,-5.243388,0.291139,0.431688,,,,,,,,,,,,-6.49268,10.07603,-1.54427,50,5.95386,3.59257,-129.77835,-4.84314,-10.94635,30.06173,-15.18638,POM_COL,WHI_COL1,PomonaPitzer,TeamExclusive,Team,20260328-PomonaPitzer-Private-1,3a8badc0-2ad1-11f1-8cbf-a1be09b69ae6,87.3141,,,8.71241,,,,,,,afc8f227-0d99-4f26-9ec5-9eb72a8ad494,2026-03-28,18:09:13.85,2026-03-28T11:09:13.8565632-07:00,2026-03-28T18:09:13.8565632Z,,v3,643-145631,643-146222,,"Parker, Will",1000474009,Right,POM_COL,c197fe69-9f76-4054-a369-7622a6d0d195,55.15339,-130.96664,15.03086,6.13344,-4.24285,-7.59319,-1.69483,4.02526,-5.47317,,,,,,,,,,,,,,,,,,,,,,,,,,,,,,,,,,,,,,,,,,,,,,,,,,,High,High,High,,,,,
22,2026-03-28,11:09:37.25,5,3,"Polishuk, Will",1000375103,Right,POM_COL,"Cardoza, Aidan",1000339820,Right,WHI_COL1,Undefined,1,Top,2,0,2,Fastball,Four-Seam,BallCalled,Undefined,Undefined,Undefined,0,0,,91.05192,0.559958,-0.80334,2162.485758,221.065063,1:15,6.23157,1.75352,5.32723,-17.73879,17.19032,13.88052,5.27883,2.15638,81.79784,-2.811275,1.661274,0.425368,,,,,,,,,,,,-7.08268,8.7417,-1.69068,50,6.26984,1.17065,-131.89147,0.7192,-12.29484,31.84897,-16.99927,POM_COL,WHI_COL1,PomonaPitzer,TeamExclusive,Team,20260328-PomonaPitzer-Private-1,487d78f0-2ad1-11f1-8cbf-a1be09b69ae6,88.61127,,,9.25408,,,,,,,afc8f227-0d99-4f26-9ec5-9eb72a8ad494,2026-03-28,18:09:37.25,2026-03-28T11:09:37.2500000-07:00,2026-03-28T18:09:37.2500000Z,,v3,643-145631,643-146222,,"Parker, Will",1000474009,Right,POM_COL,a4e56860-640b-4d9b-892d-652b1af5e069,55.16541,-133.13296,15.92449,6.22889,1.38184,-8.49964,-1.74566,1.64991,-6.14742,,,,,,,,,,,,,,,,,,,,,,,,,,,,,78.63321,,0.751718,,-3.84178,5.00203,-2.31995,-1.85742,6.20383,-1.61592,,,,-1.74589,113.66581,-10.82491,6.21466,6.87099,-11.27705,-1.66169,-3.2478,3.24147,High,High,High,,,High,High,High
23,2026-03-28,11:10:06.96,5,4,"Polishuk, Will",1000375103,Right,POM_COL,"Cardoza, Aidan",1000339820,Right,WHI_COL1,Undefined,1,Top,2,1,2,Fastball,Sinker,StrikeSwinging,Strikeout,Undefined,Undefined,0,0,,90.73495,-0.917429,-2.249264,2154.113113,235.269051,1:45,6.20161,1.57302,5.66397,-22.99131,11.7602,15.14017,3.42948,0.73628,81.73027,-5.233424,0.455829,0.424286,,,,,,,,,,,,-8.28788,6.62532,-1.392,50,6.1098,4.4591,-131.44617,-2.89066,-14.28853,31.66047,-20.75181,POM_COL,WHI_COL1,PomonaPitzer,TeamExclusive,Team,20260328-PomonaPitzer-Private-1,5a343b60-2ad1-11f1-8cbf-a1be09b69ae6,88.83743,,,9.00468,,,,,,,afc8f227-0d99-4f26-9ec5-9eb72a8ad494,2026-03-28,18:10:06.96,2026-03-28T11:10:06.9645312-07:00,2026-03-28T18:10:06.9645312Z,,v3,643-145631,643-146222,,"Parker, Will",1000474009,Right,POM_COL,c2f82d80-396a-44de-ad8c-2cfe54d279fe,54.83026,-132.6045,15.83024,6.20167,-2.13144,-10.3759,-1.5647,4.98186,-7.14427,,,,,,,,,,,,,,,,,,,,,,,,,,,,,,,,,,,,,,,,,,,,,,,,,,,High,High,High,,,,,
24,2026-03-28,11:12:35.78,1,1,"Calkin, Carter",1000415859,Right,WHI_COL1,"Gonzaga, Kai",10138924,Left,POM_COL,Undefined,1,Bottom,0,0,0,Fastball,Changeup,StrikeCalled,Undefined,Undefined,Undefined,0,0,,81.13995,-1.751333,-1.192002,2150.918988,199.890696,12:45,6.52812,1.26229,6.22831,-24.73761,17.31261,5.76028,2.85,0.6424,74.11101,-6.429493,-0.151191,0.466719,,,,,,,,,,,,-3.30229,9.89205,-1.17585,50,6.38488,2.23329,-117.79444,-4.2628,-4.62341,23.11619,-18.32459,POM_COL,WHI_COL1,PomonaPitzer,TeamExclusive,Team,20260328-PomonaPitzer-Private-1,b2fad330-2ad1-11f1-8cbf-a1be09b69ae6,80.76044,,,7.02895,,,,,,,afc8f227-0d99-4f26-9ec5-9eb72a8ad494,2026-03-28,18:12:35.78,2026-03-28T11:12:35.7868032-07:00,2026-03-28T18:12:35.7868032Z,,v3,643-145631,643-146222,,"Brummett, Jackson",10114400,Right,WHI_COL1,6ab87db3-bcbd-4f29-acba-805a45cd87f9,54.26702,-118.62885,11.55809,6.52681,-3.60135,-9.16229,-1.25948,2.40017,-2.3117,,,,,,,,,,,,,,,,,,,,,,,,,,,,,,,,,,,,,,,,,,,,,,,,,,,High,High,High,,,,,
25,2026-03-28,11:12:53.19,1,2,"Calkin, Carter",1000415859,Right,WHI_COL1,"Gonzaga, Kai",10138924,Left,POM_COL,Undefined,1,Bottom,0,0,1,Fastball,Four-Seam,BallCalled,Undefined,Undefined,Undefined,0,0,,82.40576,-0.72664,-0.537201,2214.752746,197.617761,12:30,6.49401,1.59882,6.01278,-22.05178,19.16001,5.64028,3.98316,1.57118,74.83693,-4.923367,0.477527,0.462043,,,,,,,,,,,,-3.01921,10.44808,-1.55949,50,6.42485,0.89469,-119.59755,-2.10814,-4.34332,24.52723,-17.14387,POM_COL,WHI_COL1,PomonaPitzer,TeamExclusive,Team,20260328-PomonaPitzer-Private-1,bd5064d0-2ad1-11f1-8cbf-a1be09b69ae6,81.57783,,,7.56883,,,,,,,afc8f227-0d99-4f26-9ec5-9eb72a8ad494,2026-03-28,18:12:53.19,2026-03-28T11:12:53.1964416-07:00,2026-03-28T18:12:53.1964416Z,,v3,643-145631,643-146222,,"Brummett, Jackson",10114400,Right,WHI_COL1,60a2c8a3-9011-40d7-aab0-bc5a5043800f,54.48097,-120.51301,12.26361,6.49159,-1.46826,-8.57194,-1.59591,1.0568,-2.17166,,,,,,,,,,,,,,,,,,,,,,,,,,,,,,,,,,,,,,,,,,,,,,,,,,,High,High,High,,,,,
26,2026-03-28,11:13:11.13,1,3,"Calkin, Carter",1000415859,Right,WHI_COL1,"Gonzaga, Kai",10138924,Left,POM_COL,Undefined,1,Bottom,0,1,1,Curveball,Curveball,BallCalled,Undefined,Undefined,Undefined,0,0,,64.76885,6.249671,2.738278,1772.057055,49.198924,7:45,6.20297,1.31462,5.47722,-78.74339,-9.46729,-13.79509,5.51896,2.72924,58.43022,-8.126575,0.292224,0.59905,,,,,,,,,,,,7.62792,-5.67744,-1.54613,50,6.70241,-3.98288,-93.3501,7.95817,6.64588,15.70968,-37.12056,POM_COL,WHI_COL1,PomonaPitzer,TeamExclusive,Team,20260328-PomonaPitzer-Private-1,c8153300-2ad1-11f1-8cbf-a1be09b69ae6,62.92035,,,6.33863,,,,,,,afc8f227-0d99-4f26-9ec5-9eb72a8ad494,2026-03-28,18:13:11.13,2026-03-28T11:13:11.1354368-07:00,2026-03-28T18:13:11.1354368Z,,v3,643-145631,643-146222,,"Brummett, Jackson",10114400,Right,WHI_COL1,99696baa-3898-4a46-bb4f-561acd8b0eab,55.02284,-94.19159,7.85484,6.22288,9.94653,-18.56028,-1.32325,-4.33887,3.32294,,,,,,,,,,,,,,,,,,,,,,,,,,,,,,,,,,,,,,,,,,,,,,,,,,,High,High,High,,,,,
27,2026-03-28,11:13:28.79,1,4,"Calkin, Carter",1000415859,Right,WHI_COL1,"Gonzaga, Kai",10138924,Left,POM_COL,Undefined,1,Bottom,0,2,1,Fastball,Four-Seam,FoulBallNotFieldable,Undefined,Undefined,Undefined,0,0,,81.60692,-1.110863,-1.148202,2099.657533,196.090942,12:30,6.34303,1.45307,6.45472,-23.74194,17.22202,4.59929,3.34369,0.7814,74.85645,-5.61888,-0.313836,0.460651,,,,,,,,,,,,-2.7241,9.71107,-1.37379,50,6.25362,2.21461,-118.64019,-2.91039,-3.88705,22.45648,-18.31724,POM_COL,WHI_COL1,PomonaPitzer,TeamExclusive,Team,20260328-PomonaPitzer-Private-1,d2879b70-2ad1-11f1-8cbf-a1be09b69ae6,81.82422,,,6.75046,,,,,,,afc8f227-0d99-4f26-9ec5-9eb72a8ad494,2026-03-28,18:13:28.79,2026-03-28T11:13:28.7950336-07:00,2026-03-28T18:13:28.7950336Z,,v3,643-145631,643-146222,,"Brummett, Jackson",10114400,Right,WHI_COL1,16cf16c3-9379-4369-9125-51f4cbb6071c,54.04334,-119.40307,11.22824,6.34192,-2.28812,-9.15862,-1.45127,2.34666,-1.94353,,,,,,,,,,,,,,,,,,,,,,,,,,,,,,,,,,,,,,,,,,,,,,,,,,,High,High,High,,,,,
28,2026-03-28,11:13:52.72,1,5,"Calkin, Carter",1000415859,Right,WHI_COL1,"Gonzaga, Kai",10138924,Left,POM_COL,Undefined,1,Bottom,0,2,2,Sweeper,Slider,StrikeSwinging,Strikeout,Undefined,Undefined,0,0,,72.2365,0.691503,-0.169541,2925.60612,150.792092,11:00,5.95367,1.77778,6.09254,-44.00073,9.6689,-4.36343,2.92661,1.25733,65.68031,-7.521156,-0.956262,0.527273,,,,,,,,,,,,2.16677,5.38607,-1.76264,50,5.98442,0.46254,-104.82355,0.07142,2.38411,19.55503,-26.24778,POM_COL,WHI_COL1,PomonaPitzer,TeamExclusive,Team,20260328-PomonaPitzer-Private-1,e0d457e0-2ad1-11f1-8cbf-a1be09b69ae6,71.48558,,,6.5562,,,,,,,afc8f227-0d99-4f26-9ec5-9eb72a8ad494,2026-03-28,18:13:52.72,2026-03-28T11:13:52.7230000-07:00,2026-03-28T18:13:52.7230000Z,,v3,643-145631,643-146222,,"Brummett, Jackson",10114400,Right,WHI_COL1,d2c76068-44fe-4ed4-9192-9e452ac25f90,54.40117,-105.64141,9.77752,5.95847,1.16919,-13.12389,-1.7799,0.36282,1.19205,,,,,,,,,,,,,,,,,,,,,,,,,,,,,69.79556,2.740528,1.802906,0.937622,-3.06027,2.30466,-1.18,-1.10751,5.30677,-4.66386,71.55687,3.18285,-53.22652,-1.06369,82.96131,-5.87287,5.33412,10.18642,-13.30852,-4.71738,-57.53724,6.18305,High,High,High,,,High,High,High
29,2026-03-28,11:14:16.90,2,1,"Calkin, Carter",1000415859,Right,WHI_COL1,"Pierantoni, Greg",1000091552,Right,POM_COL,Undefined,1,Bottom,1,0,0,Slider,Curveball,StrikeCalled,Undefined,Undefined,Undefined,0,0,,70.29056,1.077152,0.178561,2175.266296,73.760127,8:30,5.85625,1.61933,6.00478,-59.13987,-2.50146,-14.9782,1.92604,0.53658,64.52582,-9.807384,-2.521437,0.54166,,,,,,,,,,,,7.70508,-0.97441,-1.62553,50,5.9092,0.18381,-102.11576,0.2552,8.06485,18.18531,-33.19396,POM_COL,WHI_COL1,PomonaPitzer,TeamExclusive,Team,20260328-PomonaPitzer-Private-1,ef3f98d0-2ad1-11f1-8cbf-a1be09b69ae6,69.58687,,,5.76474,,,,,,,afc8f227-0d99-4f26-9ec5-9eb72a8ad494,2026-03-28,18:14:16.90,2026-03-28T11:14:16.9078784-07:00,2026-03-28T18:14:16.9078784Z,,v3,643-145631,643-146222,,"Brummett, Jackson",10114400,Right,WHI_COL1,91e71de6-2c64-4568-8e17-63578dc03c2e,54.49484,-102.91311,9.09266,5.86611,1.71062,-16.59698,-1.62584,-0.1698,4.03242,,,,,,,,,,,,,,,,,,,,,,,,,,,,,,,,,,,,,,,,,,,,,,,,,,,High,High,High,,,,,
30,2026-03-28,11:14:34.29,2,2,"Calkin, Carter",1000415859,Right,WHI_COL1,"Pierantoni, Greg",1000091552,Right,POM_COL,Undefined,1,Bottom,1,0,1,Slider,Curveball,BallCalled,Undefined,Undefined,Undefined,0,0,,69.60137,1.316034,0.836283,2055.589394,69.775031,8:15,6.02012,1.47021,6.01282,-60.44984,-3.13902,-13.27438,2.20212,1.13878,64.34546,-9.787811,-1.556885,0.544866,,,,,,,,,,,,7.01996,-1.36457,-1.52889,50,6.09094,-1.0398,-101.18054,0.63732,7.27474,16.56208,-33.58815,POM_COL,WHI_COL1,PomonaPitzer,TeamExclusive,Team,20260328-PomonaPitzer-Private-1,f99cf2a0-2ad1-11f1-8cbf-a1be09b69ae6,69.17745,,,5.25591,,,,,,,afc8f227-0d99-4f26-9ec5-9eb72a8ad494,2026-03-28,18:14:34.29,2026-03-28T11:14:34.2965248-07:00,2026-03-28T18:14:34.2965248Z,,v3,643-145631,643-146222,,"Brummett, Jackson",10114400,Right,WHI_COL1,1a92aa85-8202-4927-a942-40dba980f0f0,54.48796,-101.91252,8.28104,6.02997,2.12178,-16.79407,-1.47583,-1.36132,3.63737,,,,,,,,,,,,,,,,,,,,,,,,,,,,,,,,,,,,,,,,,,,,,,,,,,,High,High,High,,,,,
31,2026-03-28,11:14:48.96,2,3,"Calkin, Carter",1000415859,Right,WHI_COL1,"Pierantoni, Greg",1000091552,Right,POM_COL,Undefined,1,Bottom,1,1,1,Fastball,Changeup,BallCalled,Undefined,Undefined,Undefined,0,0,,82.42662,0.187116,-2.668359,2170.532184,210.863268,1:00,6.47854,1.15939,6.22141,-25.09383,14.98528,8.30489,4.56024,-0.61249,76.33906,-4.521936,-1.170639,0.455649,,,,,,,,,,,,-4.91626,8.07674,-0.96355,50,6.47978,5.27498,-119.83915,-0.31572,-7.25611,19.9211,-20.25328,POM_COL,WHI_COL1,PomonaPitzer,TeamExclusive,Team,20260328-PomonaPitzer-Private-1,0251cc90-2ad2-11f1-8cbf-a1be09b69ae6,82.72252,,,6.08756,,,,,,,afc8f227-0d99-4f26-9ec5-9eb72a8ad494,2026-03-28,18:14:48.96,2026-03-28T11:14:48.9694720-07:00,2026-03-28T18:14:48.9694720Z,,v3,643-145631,643-146222,,"Brummett, Jackson",10114400,Right,WHI_COL1,0bdb537c-073d-46a7-99f5-ab1ea2264925,54.27719,-120.54806,9.96055,6.4782,0.40501,-10.12664,-1.15586,5.53319,-3.62806,,,,,,,,,,,,,,,,,,,,,,,,,,,,,,,,,,,,,,,,,,,,,,,,,,,High,High,High,,,,,
32,2026-03-28,11:15:03.65,2,4,"Calkin, Carter",1000415859,Right,WHI_COL1,"Pierantoni, Greg",1000091552,Right,POM_COL,Undefined,1,Bottom,1,2,1,Fastball,Changeup,InPlay,Undefined,FlyBall,Out,1,0,,81.63626,-1.871793,-2.043366,2135.813624,203.975501,12:45,6.44311,1.01741,6.30252,-25.10222,15.60942,6.445,2.62504,-0.32888,75.91156,-6.569411,-0.877845,0.45923,90.79539,50.983826,12.885525,,105.0291,121.69134,32.69386,275.61587,107.73991,21.325621,6.099502,-3.86099,8.93658,-0.87052,50,6.29331,4.00973,-118.72621,-4.57478,-5.59259,19.57757,-19.22954,POM_COL,WHI_COL1,PomonaPitzer,TeamExclusive,Team,20260328-PomonaPitzer-Private-1,0b143b10-2ad2-11f1-8cbf-a1be09b69ae6,82.0774,141.20679,,5.72471,,,,1.4979,2.63439,0.32763,afc8f227-0d99-4f26-9ec5-9eb72a8ad494,2026-03-28,18:15:03.65,2026-03-28T11:15:03.6511744-07:00,2026-03-28T18:15:03.6511744Z,FlyBall,v3,643-145631,643-146222,,"Brummett, Jackson",10114400,Right,WHI_COL1,b346cb71-29f7-4c4c-8356-ce736c09ac04,54.19793,-119.41643,9.78879,6.44265,-3.89683,-9.61477,-1.01535,4.20691,-2.79629,,1.50735,81.54948,-19.15023,4.34415,-0.53442,-0.00139,0.01085,-0.00134,5E-05,2.63075,103.51424,-23.70522,2.32646,-0.28557,-0.02956,0.01962,-0.003,0.00015,0.32678,18.71295,-0.00607,-0.20548,0.03613,0.0053,-0.0034,0.00053,-3E-05,,,,,,,,,,,,,,,,,,,,,,,High,High,High,High,Low,,,
33,2026-03-28,11:15:41.19,3,1,"Calkin, Carter",1000415859,Right,WHI_COL1,"Gold, Jack",1000108729,Left,POM_COL,Undefined,1,Bottom,2,0,0,Curveball,Curveball,BallCalled,Undefined,Undefined,Undefined,0,0,,65.7358,3.842255,2.405638,1904.319805,51.892241,7:45,6.25286,1.03402,5.09573,-76.36571,-9.37516,-14.65595,3.51853,2.08104,60.43568,-9.944702,-0.185146,0.589085,,,,,,,,,,,,7.88044,-4.95469,-1.24954,50,6.5569,-3.48174,-95.19237,4.06696,7.2167,14.88111,-36.7114,POM_COL,WHI_COL1,PomonaPitzer,TeamExclusive,Team,20260328-PomonaPitzer-Private-1,218b44b0-2ad2-11f1-8cbf-a1be09b69ae6,63.98469,,,5.30012,,,,,,,afc8f227-0d99-4f26-9ec5-9eb72a8ad494,2026-03-28,18:15:41.19,2026-03-28T11:15:41.1964416-07:00,2026-03-28T18:15:41.1964416Z,,v3,643-145631,643-146222,,"Brummett, Jackson",10114400,Right,WHI_COL1,084356ac-2a60-491a-85a0-fdcb684045b1,55.40716,-96.03393,7.44055,6.2682,6.14308,-18.3557,-1.0411,-3.88986,3.60835,,,,,,,,,,,,,,,,,,,,,,,,,,,,,,,,,,,,,,,,,,,,,,,,,,,High,High,High,,,,,
34,2026-03-28,11:15:57.13,3,2,"Calkin, Carter",1000415859,Right,WHI_COL1,"Gold, Jack",1000108729,Left,POM_COL,Undefined,1,Bottom,2,1,0,Fastball,Changeup,StrikeCalled,Undefined,Undefined,Undefined,0,0,,81.72911,-2.158986,-0.629009,2196.082633,202.141944,12:45,6.4258,1.28097,6.25412,-23.42592,17.58997,6.65406,2.48166,1.25541,75.37639,-6.570809,0.574173,0.460943,,,,,,,,,,,,-3.59914,10.07701,-1.2373,50,6.25374,1.05665,-118.76879,-5.10637,-5.17386,21.38386,-17.6881,POM_COL,WHI_COL1,PomonaPitzer,TeamExclusive,Team,20260328-PomonaPitzer-Private-1,2af19450-2ad2-11f1-8cbf-a1be09b69ae6,81.77242,,,6.35272,,,,,,,afc8f227-0d99-4f26-9ec5-9eb72a8ad494,2026-03-28,18:15:57.13,2026-03-28T11:15:57.1389440-07:00,2026-03-28T18:15:57.1389440Z,,v3,643-145631,643-146222,,"Brummett, Jackson",10114400,Right,WHI_COL1,3fcec317-e9be-4479-b14a-1d8c17bc3a64,54.24317,-119.53031,10.69193,6.42437,-4.47646,-8.84405,-1.27821,1.2409,-2.58693,,,,,,,,,,,,,,,,,,,,,,,,,,,,,,,,,,,,,,,,,,,,,,,,,,,High,High,High,,,,,
35,2026-03-28,11:16:15.17,3,3,"Calkin, Carter",1000415859,Right,WHI_COL1,"Gold, Jack",1000108729,Left,POM_COL,Undefined,1,Bottom,2,1,1,Slider,Curveball,InPlay,Undefined,GroundBall,Out,1,0,,69.61623,1.421393,-0.727307,2062.183205,52.108938,7:45,5.87213,1.53381,6.3552,-62.55507,-5.73701,-9.68812,1.96782,0.05702,64.15316,-10.138326,-2.48535,0.542519,91.63982,5.269297,39.212167,2833.499223,,,,95.19386,95.19386,41.62004,0.763985,4.8728,-2.96536,-1.47661,50,5.94587,1.57791,-101.23349,0.88554,5.02243,17.57168,-35.23046,POM_COL,WHI_COL1,PomonaPitzer,TeamExclusive,Team,20260328-PomonaPitzer-Private-1,35c1ad20-2ad2-11f1-8cbf-a1be09b69ae6,69.47678,4.05842,,5.46307,,,,2.49997,2.25605,-0.19273,afc8f227-0d99-4f26-9ec5-9eb72a8ad494,2026-03-28,18:16:15.17,2026-03-28T11:16:15.1770624-07:00,2026-03-28T18:16:15.1770624Z,GroundBall,v3,643-145631,643-146222,,"Brummett, Jackson",10114400,Right,WHI_COL1,bed5dc4a-5e27-4911-bd93-b60df957b4c0,54.14691,-101.95075,8.78584,5.88037,2.32362,-17.61523,-1.53683,1.3729,2.51122,,2.49997,103.69818,-20.69856,3.96934,-0.81898,0.12889,-0.01949,0.00261,-0.00015,2.25605,12.34334,-21.91735,2.87638,-0.60865,0.13815,-0.02822,0.00564,-0.00075,-0.19273,84.61084,-1.03308,-1.83032,0.71795,-0.21842,0.05534,-0.01249,0.00177,,,,,,,,,,,,,,,,,,,,,,,High,High,High,High,High,,,
36,2026-03-28,11:18:13.37,1,1,"Polishuk, Will",1000375103,Right,POM_COL,"Eastwood Lilles, Parker",10269960,Right,WHI_COL1,Undefined,2,Top,0,0,0,Fastball,Four-Seam,BallCalled,Undefined,Undefined,Undefined,0,0,,87.77829,-1.808652,-1.369668,2263.401968,219.348349,1:15,6.28642,1.38815,5.27363,-18.97367,18.49198,14.08831,3.00542,1.27545,79.54273,-5.381547,1.130101,0.440543,,,,,,,,,,,,-7.55213,10.21894,-1.27414,50,6.10791,2.42412,-127.22971,-4.63867,-12.25508,28.54283,-15.59139,POM_COL,WHI_COL1,PomonaPitzer,TeamExclusive,Team,20260328-PomonaPitzer-Private-1,7c25d930-2ad2-11f1-8cbf-a1be09b69ae6,85.5591,,,8.23556,,,,,,,afc8f227-0d99-4f26-9ec5-9eb72a8ad494,2026-03-28,18:18:13.37,2026-03-28T11:18:13.3789184-07:00,2026-03-28T18:18:13.3789184Z,,v3,643-145631,643-146222,,"Parker, Will",1000474009,Right,POM_COL,a92a9cf5-a9a9-4e12-8e0f-e539e4bb0746,55.22532,-128.39662,14.27141,6.28452,-4.00125,-7.7957,-1.38349,2.92514,-6.12754,,,,,,,,,,,,,,,,,,,,,,,,,,,,,,,,,,,,,,,,,,,,,,,,,,,High,High,High,,,,,
37,2026-03-28,11:18:26.57,1,2,"Polishuk, Will",1000375103,Right,POM_COL,"Eastwood Lilles, Parker",10269960,Right,WHI_COL1,Undefined,2,Top,0,1,0,Fastball,Four-Seam,InPlay,Undefined,FlyBall,HomeRun,0,1,,89.79229,-2.316531,-2.791239,2384.72036,211.21306,1:00,6.25304,1.1989,5.31429,-15.97631,19.60737,11.16548,2.74371,-0.49246,81.83168,-5.337783,-0.811605,0.429335,98.15316,25.760342,4.118798,2580.486864,109.00132,51.37567,14.7889,366.69195,363.19703,13.852902,4.840939,-6.40465,10.84264,-0.95425,50,6.03174,5.83621,-130.07647,-5.77587,-10.95202,27.77523,-13.63297,POM_COL,WHI_COL1,PomonaPitzer,TeamExclusive,Team,20260328-PomonaPitzer-Private-1,84070f70-2ad2-11f1-8cbf-a1be09b69ae6,87.79251,71.84843,,7.96061,,,,0.41999,2.93008,0.49247,afc8f227-0d99-4f26-9ec5-9eb72a8ad494,2026-03-28,18:18:26.57,2026-03-28T11:18:26.5772544-07:00,2026-03-28T18:18:26.5772544Z,FlyBall,v3,643-145631,643-146222,,"Parker, Will",1000474009,Right,POM_COL,2f367779-6b98-406c-ae87-60c397440a64,55.18407,-131.17875,13.88761,6.25022,-5.23483,-6.81649,-1.19449,6.27085,-5.47601,210.719849,0.42222,129.26791,-26.91373,6.36958,-1.12972,0.12678,-0.00648,0.00016,-2E-05,2.93006,62.56034,-14.09869,-0.84394,0.72261,-0.27528,0.06819,-0.00916,0.00049,0.49159,9.33259,6.90518,-2.69553,0.70311,-0.12827,0.01603,-0.00131,6E-05,,,,,,,,,,,,,,,,,,,,,,,High,High,High,Medium,High,,,
38,2026-03-28,11:19:10.56,2,1,"Polishuk, Will",1000375103,Right,POM_COL,"O'Driscoll, Collin",1000259196,Right,WHI_COL1,Undefined,2,Top,0,0,0,Fastball,Four-Seam,InPlay,Undefined,Popup,Out,1,0,,88.76629,-1.990433,-1.625414,2199.465269,212.046604,1:00,6.18848,1.48349,5.37938,-17.6021,18.66048,10.93371,2.85426,0.87052,80.94114,-5.306813,0.317924,0.433412,,,,,,,,,,,,-5.97441,10.30619,-1.3461,50,5.99826,3.16713,-128.72524,-5.03986,-10.00071,27.31219,-14.92227,POM_COL,WHI_COL1,PomonaPitzer,TeamExclusive,Team,20260328-PomonaPitzer-Private-1,9e3c3280-2ad2-11f1-8cbf-a1be09b69ae6,86.96682,,,7.82515,,,,,,,afc8f227-0d99-4f26-9ec5-9eb72a8ad494,2026-03-28,18:19:10.56,2026-03-28T11:19:10.5620992-07:00,2026-03-28T18:19:10.5620992Z,,v3,643-145631,643-146222,,"Parker, Will",1000474009,Right,POM_COL,52e1026a-0029-4d00-938a-334b78ba8ea3,55.11891,-129.8068,13.65609,6.18614,-4.44894,-7.46113,-1.47936,3.56316,-5.00035,,,,,,,,,,,,,,,,,,,,,,,,,,,,,,,,,,,,,,,,,,,,,,,,,,,High,High,High,,,,,
39,2026-03-28,11:19:43.95,3,1,"Polishuk, Will",1000375103,Right,POM_COL,"Brummett, Jackson",10114400,Right,WHI_COL1,Undefined,2,Top,1,0,0,Slider,Slider,BallCalled,Undefined,Undefined,Undefined,0,0,,81.30303,2.07357,-1.879937,2073.733057,146.264748,11:00,6.04967,1.4684,5.41492,-40.31656,3.42047,-1.23953,4.63438,-0.39666,73.23934,-5.358288,-2.100161,0.475988,,,,,,,,,,,,0.01035,1.60347,-1.30043,50,6.20681,3.916,-117.67662,2.85537,0.01432,25.32346,-29.9579,POM_COL,WHI_COL1,PomonaPitzer,TeamExclusive,Team,20260328-PomonaPitzer-Private-1,b224a200-2ad2-11f1-8cbf-a1be09b69ae6,79.18779,,,8.06369,,,,,,,afc8f227-0d99-4f26-9ec5-9eb72a8ad494,2026-03-28,18:19:43.95,2026-03-28T11:19:43.9586304-07:00,2026-03-28T18:19:43.9586304Z,,v3,643-145631,643-146222,,"Parker, Will",1000474009,Right,POM_COL,ce1d587f-056e-4cbc-bb26-89772e0489d8,55.07827,-118.76442,12.66173,6.05652,4.14224,-14.97895,-1.46864,3.91539,0.00716,,,,,,,,,,,,,,,,,,,,,,,,,,,,,,,,,,,,,,,,,,,,,,,,,,,High,High,High,,,,,
40,2026-03-28,11:19:57.55,3,2,"Polishuk, Will",1000375103,Right,POM_COL,"Brummett, Jackson",10114400,Right,WHI_COL1,Undefined,2,Top,1,1,0,Slider,Slider,StrikeCalled,Undefined,Undefined,Undefined,0,0,,80.59954,-0.019357,-1.044855,2075.134294,195.786936,12:30,6.00046,1.4659,5.36797,-40.7966,3.19705,0.50063,2.58259,0.52783,73.74906,-7.479629,-0.955777,0.477382,,,,,,,,,,,,-0.54972,2.09075,-1.37254,50,5.97013,2.11203,-116.94463,-1.461,-0.75873,22.73564,-29.28828,POM_COL,WHI_COL1,PomonaPitzer,TeamExclusive,Team,20260328-PomonaPitzer-Private-1,ba3e2650-2ad2-11f1-8cbf-a1be09b69ae6,78.9565,,,6.85048,,,,,,,afc8f227-0d99-4f26-9ec5-9eb72a8ad494,2026-03-28,18:19:57.55,2026-03-28T11:19:57.5511040-07:00,2026-03-28T18:19:57.5511040Z,,v3,643-145631,643-146222,,"Parker, Will",1000474009,Right,POM_COL,fa25abee-4c9e-46d5-9336-7c6785fdf97d,55.12866,-117.93749,11.36782,6.00601,-0.18198,-14.64414,-1.4655,2.14517,-0.37937,,,,,,,,,,,,,,,,,,,,,,,,,,,,,,,,,,,,,,,,,,,,,,,,,,,High,High,High,,,,,
41,2026-03-28,11:20:13.08,3,3,"Polishuk, Will",1000375103,Right,POM_COL,"Brummett, Jackson",10114400,Right,WHI_COL1,Undefined,2,Top,1,1,1,Fastball,Four-Seam,BallCalled,Undefined,Undefined,Undefined,0,0,,90.23703,-3.722009,-2.845201,2174.710986,217.769236,1:15,6.30635,1.34143,5.27041,-17.64123,17.76166,12.83757,1.33081,-0.26355,82.33747,-7.020371,-0.569952,0.428244,,,,,,,,,,,,-7.18902,10.27949,-1.09086,50,5.95273,5.88655,-130.51179,-9.08798,-12.37751,27.92498,-14.47563,POM_COL,WHI_COL1,PomonaPitzer,TeamExclusive,Team,20260328-PomonaPitzer-Private-1,c3794740-2ad2-11f1-8cbf-a1be09b69ae6,88.01637,,,7.89955,,,,,,,afc8f227-0d99-4f26-9ec5-9eb72a8ad494,2026-03-28,18:20:13.08,2026-03-28T11:20:13.0829824-07:00,2026-03-28T18:20:13.0829824Z,,v3,643-145631,643-146222,,"Parker, Will",1000474009,Right,POM_COL,f9b626e6-b2f8-4bc5-91e3-b3aba324224b,55.22651,-131.62533,13.96249,6.30362,-8.51075,-7.23782,-1.33544,6.38012,-6.18876,,,,,,,,,,,,,,,,,,,,,,,,,,,,,,,,,,,,,,,,,,,,,,,,,,,High,High,High,,,,,
42,2026-03-28,11:20:29.53,3,4,"Polishuk, Will",1000375103,Right,POM_COL,"Brummett, Jackson",10114400,Right,WHI_COL1,Undefined,2,Top,1,2,1,Fastball,Four-Seam,BallCalled,Undefined,Undefined,Undefined,0,0,,89.56239,-4.45518,-3.015529,2062.223436,221.017994,1:15,6.21553,1.30136,5.36233,-21.26273,14.64135,11.68056,0.25168,-0.55561,81.87709,-8.384276,-0.940988,0.431264,,,,,,,,,,,,-6.74528,8.99552,-1.03904,50,5.79939,6.2954,-129.43243,-10.83727,-11.40963,27.74551,-16.95815,POM_COL,WHI_COL1,PomonaPitzer,TeamExclusive,Team,20260328-PomonaPitzer-Private-1,cd519290-2ad2-11f1-8cbf-a1be09b69ae6,87.39992,,,7.6853,,,,,,,afc8f227-0d99-4f26-9ec5-9eb72a8ad494,2026-03-28,18:20:29.53,2026-03-28T11:20:29.5333376-07:00,2026-03-28T18:20:29.5333376Z,,v3,643-145631,643-146222,,"Parker, Will",1000474009,Right,POM_COL,29bf76fe-c5f6-402b-b467-4ce76aa12f99,55.13602,-130.52875,13.87276,6.21437,-10.16719,-8.47908,-1.2967,6.74624,-5.70481,,,,,,,,,,,,,,,,,,,,,,,,,,,,,,,,,,,,,,,,,,,,,,,,,,,High,High,High,,,,,
43,2026-03-28,11:20:47.17,3,5,"Polishuk, Will",1000375103,Right,POM_COL,"Brummett, Jackson",10114400,Right,WHI_COL1,Undefined,2,Top,1,3,1,Fastball,Sinker,FoulBallNotFieldable,Undefined,Undefined,Undefined,0,0,,89.62529,-0.944756,-2.753075,2075.733159,228.781826,1:45,6.21081,1.38666,5.28412,-21.16623,14.71517,15.39493,3.55865,0.0822,81.26375,-4.900539,-0.023923,0.431128,,,,,,,,,,,,-8.52993,8.00292,-1.14733,50,6.10956,5.5384,-129.85505,-2.88076,-14.46194,28.98415,-18.60565,POM_COL,WHI_COL1,PomonaPitzer,TeamExclusive,Team,20260328-PomonaPitzer-Private-1,d7d2c810-2ad2-11f1-8cbf-a1be09b69ae6,87.42753,,,8.36154,,,,,,,afc8f227-0d99-4f26-9ec5-9eb72a8ad494,2026-03-28,18:20:47.17,2026-03-28T11:20:47.1755264-07:00,2026-03-28T18:20:47.1755264Z,,v3,643-145631,643-146222,,"Parker, Will",1000474009,Right,POM_COL,de90085b-dbf9-4901-a0e4-93d4747eccb1,55.21367,-131.0136,14.49208,6.20985,-2.13706,-9.30283,-1.38026,6.11646,-7.23097,,,,,,,,,,,,,,,,,,,,,,,,,,,,,,,,,,,,,,,,,,,,,,,,,,,High,High,High,,,,,
44,2026-03-28,11:21:06.94,3,6,"Polishuk, Will",1000375103,Right,POM_COL,"Brummett, Jackson",10114400,Right,WHI_COL1,Undefined,2,Top,1,3,2,Slider,Slider,FoulBallNotFieldable,Undefined,Undefined,Undefined,0,0,,82.57851,0.935452,-0.820597,2035.91506,257.710848,2:30,6.02573,1.41208,5.35434,-40.18494,1.81335,1.99721,3.55448,0.80886,75.26507,-6.423869,-0.465504,0.466431,,,,,,,,,,,,-1.24146,1.05252,-1.33976,50,6.0813,1.63199,-119.80694,0.52234,-1.79467,24.31078,-30.6525,POM_COL,WHI_COL1,PomonaPitzer,TeamExclusive,Team,20260328-PomonaPitzer-Private-1,e3a7a6b0-2ad2-11f1-8cbf-a1be09b69ae6,80.81035,,,7.31345,,,,,,,afc8f227-0d99-4f26-9ec5-9eb72a8ad494,2026-03-28,18:21:06.94,2026-03-28T11:21:06.9463040-07:00,2026-03-28T18:21:06.9463040Z,,v3,643-145631,643-146222,,"Parker, Will",1000474009,Right,POM_COL,f5ad5ebd-832a-44eb-ba29-fbd764cefd76,55.14353,-120.84614,12.15539,6.03097,1.83262,-15.32625,-1.41116,1.70871,-0.89734,,,,,,,,,,,,,,,,,,,,,,,,,,,,,,,,,,,,,,,,,,,,,,,,,,,High,High,High,,,,,
45,2026-03-28,11:21:27.00,3,7,"Polishuk, Will",1000375103,Right,POM_COL,"Brummett, Jackson",10114400,Right,WHI_COL1,Undefined,2,Top,1,3,2,Fastball,Four-Seam,FoulBallNotFieldable,Undefined,Undefined,Undefined,0,0,,90.89898,-1.583879,-2.604695,2167.043247,220.711953,1:15,6.25245,1.20653,5.44981,-18.70135,15.88725,12.67198,3.20928,-0.17766,82.64977,-5.09868,-0.351255,0.42329,,,,,,,,,,,,-7.14886,8.80595,-0.98555,50,6.09998,5.41785,-131.75056,-4.27353,-12.50737,29.20158,-16.76748,POM_COL,WHI_COL1,PomonaPitzer,TeamExclusive,Team,20260328-PomonaPitzer-Private-1,eff007a0-2ad2-11f1-8cbf-a1be09b69ae6,89.0464,,,8.24922,,,,,,,afc8f227-0d99-4f26-9ec5-9eb72a8ad494,2026-03-28,18:21:27.00,2026-03-28T11:21:27.0059520-07:00,2026-03-28T18:21:27.0059520Z,,v3,643-145631,643-146222,,"Parker, Will",1000474009,Right,POM_COL,cddc0d9d-02cf-4999-8772-f4c0b752606b,55.04822,-132.86475,14.60079,6.25084,-3.63376,-8.38374,-1.20137,5.89507,-6.25369,,,,,,,,,,,,,,,,,,,,,,,,,,,,,,,,,,,,,,,,,,,,,,,,,,,High,High,High,,,,,
46,2026-03-28,11:21:48.49,3,8,"Polishuk, Will",1000375103,Right,POM_COL,"Brummett, Jackson",10114400,Right,WHI_COL1,Undefined,2,Top,1,3,2,Fastball,Four-Seam,StrikeSwinging,Strikeout,Undefined,Undefined,0,0,,91.06911,-1.123685,-2.667961,2217.452607,217.339702,1:15,6.31931,1.27953,5.43307,-17.26284,17.63918,12.46288,3.82715,-0.18221,81.73492,-4.41317,-0.453002,0.425203,,,,,,,,,,,,-7.02729,9.5563,-1.05155,50,6.20812,5.53953,-131.77281,-3.12565,-12.15719,32.20459,-15.64164,POM_COL,WHI_COL1,PomonaPitzer,TeamExclusive,Team,20260328-PomonaPitzer-Private-1,fc589ac0-2ad2-11f1-8cbf-a1be09b69ae6,88.64567,,,9.33418,,,,,,,afc8f227-0d99-4f26-9ec5-9eb72a8ad494,2026-03-28,18:21:48.49,2026-03-28T11:21:48.4910000-07:00,2026-03-28T18:21:48.4910000Z,,v3,643-145631,643-146222,,"Parker, Will",1000474009,Right,POM_COL,284a7bb3-ecc5-445c-a934-ac8b3c6f7355,55.05963,-133.00361,16.10229,6.31615,-2.52785,-7.82082,-1.27213,6.00416,-6.0786,,,,,,,,,,,,,,,,,,,,,,,,,,,,,68.79891,,,0.984595,,,,1.49674,5.92146,2.02344,71.86908,7.32043,-52.92397,1.5339,76.55718,-5.20921,5.95887,15.57356,-14.42031,1.96295,-62.38168,6.75208,High,High,High,,,High,High,High
47,2026-03-28,11:22:18.60,4,1,"Polishuk, Will",1000375103,Right,POM_COL,"Nakasone, Coehn",1000306287,Right,WHI_COL1,Undefined,2,Top,2,0,0,Fastball,Four-Seam,InPlay,Undefined,Popup,Out,1,0,,90.47944,-1.784616,-2.116927,2153.538697,220.044373,1:15,6.20277,1.55176,5.4152,-19.17773,15.95186,12.36662,2.93111,0.59827,81.88585,-5.392927,0.082091,0.426587,66.56597,51.015184,-1.160835,,109.83078,91.50719,-6.09862,195.06093,159.78112,-4.199786,5.072055,-6.90138,8.93941,-1.37262,50,6.03115,4.28667,-131.096,-4.73009,-11.88388,30.43711,-16.78074,POM_COL,WHI_COL1,PomonaPitzer,TeamExclusive,Team,20260328-PomonaPitzer-Private-1,0e4d2980-2ad3-11f1-8cbf-a1be09b69ae6,88.35809,91.52385,,8.59359,,,,2.54207,3.43564,-0.51098,afc8f227-0d99-4f26-9ec5-9eb72a8ad494,2026-03-28,18:22:18.60,2026-03-28T11:22:18.6025984-07:00,2026-03-28T18:22:18.6025984Z,Popup,v3,643-145631,643-146222,,"Parker, Will",1000474009,Right,POM_COL,cc454ca8-07d5-4183-911e-54a2ff3a34ec,55.08262,-132.27079,15.21855,6.20121,-4.0824,-8.39037,-1.54693,4.74535,-5.94194,,2.54448,61.35351,-11.04991,2.23415,-0.11581,-0.09871,0.03273,-0.00422,0.0002,3.43321,75.93605,-18.52375,1.47034,-0.39379,0.08994,-0.0111,0.00047,1E-05,-0.5109,-1.24625,-0.76003,0.18571,-0.02664,-0.00051,0.00107,-0.00018,1E-05,,,,,,,,,,,,,,,,,,,,,,,High,High,High,High,Medium,,,
48,2026-03-28,11:24:25.46,1,1,"Calkin, Carter",1000415859,Right,WHI_COL1,"DeGrazia, Tanner",1000214434,Right,POM_COL,Undefined,2,Bottom,0,0,0,Curveball,Curveball,BallCalled,Undefined,Undefined,Undefined,0,0,,65.28566,1.765217,-0.907926,1811.637058,37.646242,7:15,6.37564,0.53073,6.11986,-77.37284,-11.59512,-10.66843,1.56057,-1.19776,60.06307,-12.42775,-2.838016,0.583728,,,,,,,,,,,,5.19713,-5.83658,-0.45589,50,6.47153,1.8279,-94.83844,0.90772,4.65672,16.69573,-37.40373,POM_COL,WHI_COL1,PomonaPitzer,TeamExclusive,Team,20260328-PomonaPitzer-Private-1,5a0ec720-2ad3-11f1-8cbf-a1be09b69ae6,64.57187,,,5.22259,,,,,,,afc8f227-0d99-4f26-9ec5-9eb72a8ad494,2026-03-28,18:24:25.46,2026-03-28T11:24:25.4633984-07:00,2026-03-28T18:24:25.4633984Z,,v3,643-145631,643-146222,,"Brummett, Jackson",10114400,Right,WHI_COL1,5e8dcf71-54bc-4430-abd2-67b2cd03450e,54.38278,-95.60689,8.34787,6.39012,2.62929,-18.70186,-0.53509,1.61357,2.32836,,,,,,,,,,,,,,,,,,,,,,,,,,,,,,,,,,,,,,,,,,,,,,,,,,,High,High,High,,,,,
49,2026-03-28,11:24:39.83,1,2,"Calkin, Carter",1000415859,Right,WHI_COL1,"DeGrazia, Tanner",1000214434,Right,POM_COL,Undefined,2,Bottom,0,1,0,Fastball,Changeup,FoulBallNotFieldable,Undefined,Undefined,Undefined,0,0,,80.39423,-1.225941,-2.997756,2042.772791,202.903657,12:45,6.63785,1.03206,6.28315,-24.27954,18.36194,7.183,3.48295,-1.13477,73.62192,-5.825228,-1.701349,0.469989,64.06397,37.002059,164.132089,3344.034312,,,,,14.90608,,,-4.58437,10.30678,-0.81431,50,6.53547,5.85601,-116.69998,-3.13299,-6.32093,21.9983,-17.96306,POM_COL,WHI_COL1,PomonaPitzer,TeamExclusive,Team,20260328-PomonaPitzer-Private-1,62825250-2ad3-11f1-8cbf-a1be09b69ae6,80.19856,14.34762,,6.7723,,,,1.80877,3.47108,1.22581,afc8f227-0d99-4f26-9ec5-9eb72a8ad494,2026-03-28,18:24:39.83,2026-03-28T11:24:39.8305280-07:00,2026-03-28T18:24:39.8305280Z,,v3,643-145631,643-146222,,"Brummett, Jackson",10114400,Right,WHI_COL1,443158bf-a130-43dd-a85e-efafb5718070,54.21528,-117.49189,10.99915,6.63661,-2.48635,-8.98153,-1.02922,6.08355,-3.16047,,1.80966,-72.2331,4.7202,,,,,,,3.47451,56.34301,-32.64905,,,,,,,1.22761,20.40831,-9.72517,,,,,,,,,,,,,,,,,,,,,,,,,,,,,High,High,High,High,Undefined,,,
50,2026-03-28,11:24:56.15,1,3,"Calkin, Carter",1000415859,Right,WHI_COL1,"DeGrazia, Tanner",1000214434,Right,POM_COL,Undefined,2,Bottom,0,1,1,Slider,Curveball,BallCalled,Undefined,Undefined,Undefined,0,0,,70.57018,-1.331465,-3.915025,2184.951458,55.260875,7:45,6.0397,1.35354,6.07288,-63.76078,-6.86201,-12.74485,-0.50883,-3.33683,64.95814,-12.930233,-6.210567,0.542904,,,,,,,,,,,,5.32607,-2.64941,-1.04321,50,5.90247,7.39765,-102.23075,-4.13259,5.5181,20.15438,-34.91899,POM_COL,WHI_COL1,PomonaPitzer,TeamExclusive,Team,20260328-PomonaPitzer-Private-1,6c44a4a0-2ad3-11f1-8cbf-a1be09b69ae6,69.42748,,,5.61204,,,,,,,afc8f227-0d99-4f26-9ec5-9eb72a8ad494,2026-03-28,18:24:56.15,2026-03-28T11:24:56.1593344-07:00,2026-03-28T18:24:56.1593344Z,,v3,643-145631,643-146222,,"Brummett, Jackson",10114400,Right,WHI_COL1,24d517b4-d371-4dfb-8431-5570eb5d4dee,54.42855,-103.10012,10.07719,6.04824,-2.62634,-17.4595,-1.35717,7.15962,2.75905,,,,,,,,,,,,,,,,,,,,,,,,,,,,,,,,,,,,,,,,,,,,,,,,,,,High,High,High,,,,,
51,2026-03-28,11:25:14.35,1,4,"Calkin, Carter",1000415859,Right,WHI_COL1,"DeGrazia, Tanner",1000214434,Right,POM_COL,Undefined,2,Bottom,0,2,1,Fastball,Changeup,InPlay,Undefined,LineDrive,Single,0,0,,81.24569,-2.490411,-2.463948,2167.245457,198.897343,12:45,6.54651,0.92966,6.26985,-23.33879,18.80647,5.93599,2.30217,-0.84855,73.92093,-6.922799,-1.391786,0.467246,87.87162,12.529529,3.75579,1473.858249,109.60977,15.63056,9.25452,209.81778,209.81778,5.15702,2.094968,-3.83874,10.96508,-0.75016,50,6.35067,4.85266,-117.80152,-5.73209,-5.34621,24.23895,-16.903,POM_COL,WHI_COL1,PomonaPitzer,TeamExclusive,Team,20260328-PomonaPitzer-Private-1,77192a40-2ad3-11f1-8cbf-a1be09b69ae6,80.66932,15.6294,,7.32476,,,,0.89849,2.26321,0.85042,afc8f227-0d99-4f26-9ec5-9eb72a8ad494,2026-03-28,18:25:14.35,2026-03-28T11:25:14.3532544-07:00,2026-03-28T18:25:14.3532544Z,LineDrive,v3,643-145631,643-146222,,"Brummett, Jackson",10114400,Right,WHI_COL1,c27e1436-b2a1-4aa1-8fc6-5314d2a4e394,54.22728,-118.66814,12.11948,6.5448,-5.12775,-8.4515,-0.92708,5.0438,-2.6731,201.635635,0.89849,125.53863,-17.21661,3.21218,-0.65063,0.12503,-0.02252,0.00326,-0.00024,2.26321,27.95918,-15.42389,0.94334,-0.13992,0.02687,-0.00307,0.00039,-4E-05,0.85042,8.24099,0.6871,-0.43154,0.13655,-0.03375,0.00686,-0.001,7E-05,,,,,,,,,,,,,,,,,,,,,,,High,High,High,High,High,,,
52,2026-03-28,11:25:51.56,2,1,"Calkin, Carter",1000415859,Right,WHI_COL1,"Berry, Cooper",1000276381,Left,POM_COL,Undefined,2,Bottom,0,0,0,Fastball,Changeup,BallCalled,Undefined,Undefined,Undefined,0,0,,80.29301,-3.040453,-1.593037,2131.572702,206.466218,1:00,6.51221,1.79752,6.06875,-26.65312,16.68465,7.57662,1.47377,0.95434,73.44539,-8.033445,-0.227673,0.473811,,,,,,,,,,,,-4.34941,9.9289,-1.67796,50,6.26222,2.95206,-116.41039,-6.92734,-5.94079,22.79501,-18.61237,POM_COL,WHI_COL1,PomonaPitzer,TeamExclusive,Team,20260328-PomonaPitzer-Private-1,8d410270-2ad3-11f1-8cbf-a1be09b69ae6,79.5517,,,6.84762,,,,,,,afc8f227-0d99-4f26-9ec5-9eb72a8ad494,2026-03-28,18:25:51.56,2026-03-28T11:25:51.5600384-07:00,2026-03-28T18:25:51.5600384Z,,v3,643-145631,643-146222,,"Brummett, Jackson",10114400,Right,WHI_COL1,006c778d-af78-41ff-aee6-0f215be28d85,54.42735,-117.27413,11.39751,6.51135,-6.22208,-9.30618,-1.79408,3.17717,-2.9704,,,,,,,,,,,,,,,,,,,,,,,,,,,,,,,,,,,,,,,,,,,,,,,,,,,High,High,High,,,,,
53,2026-03-28,11:26:07.68,2,2,"Calkin, Carter",1000415859,Right,WHI_COL1,"Berry, Cooper",1000276381,Left,POM_COL,Undefined,2,Bottom,0,1,0,Fastball,Changeup,FoulBallNotFieldable,Undefined,Undefined,Undefined,0,0,,79.98149,-1.414841,-1.241507,2184.539754,204.24231,12:45,6.52514,1.68443,6.0828,-27.16226,16.18769,6.6663,2.95211,1.0912,73.32891,-6.5142,-0.040264,0.473877,,,,,,,,,,,,-3.77339,9.16556,-1.59197,50,6.40143,2.26977,-116.16266,-3.62668,-5.1557,21.76644,-19.65084,POM_COL,WHI_COL1,PomonaPitzer,TeamExclusive,Team,20260328-PomonaPitzer-Private-1,96dae530-2ad3-11f1-8cbf-a1be09b69ae6,79.54052,,,6.65257,,,,,,,afc8f227-0d99-4f26-9ec5-9eb72a8ad494,2026-03-28,18:26:07.68,2026-03-28T11:26:07.6829184-07:00,2026-03-28T18:26:07.6829184Z,,v3,643-145631,643-146222,,"Brummett, Jackson",10114400,Right,WHI_COL1,737f96f4-75f5-42b7-8253-0a994b0f2004,54.41419,-116.98686,10.88322,6.52467,-2.88258,-9.82542,-1.68161,2.46499,-2.57785,,,,,,,,,,,,,,,,,,,,,,,,,,,,,,,,,,,,,,,,,,,,,,,,,,,High,High,High,,,,,
54,2026-03-28,11:26:31.28,2,3,"Calkin, Carter",1000415859,Right,WHI_COL1,"Berry, Cooper",1000276381,Left,POM_COL,Undefined,2,Bottom,0,1,1,Fastball,Four-Seam,FoulBallNotFieldable,Undefined,Undefined,Undefined,0,0,,81.43317,-1.91411,-1.284801,2148.252956,198.19235,12:30,6.57193,1.55332,6.06587,-23.363,18.4582,5.62961,2.85251,0.83325,74.69552,-6.318921,-0.270869,0.465446,,,,,,,,,,,,-3.25166,10.44697,-1.45667,50,6.41093,2.44002,-118.25258,-4.59313,-4.60925,22.32461,-17.36549,POM_COL,WHI_COL1,PomonaPitzer,TeamExclusive,Team,20260328-PomonaPitzer-Private-1,a4f65870-2ad3-11f1-8cbf-a1be09b69ae6,80.98129,,,6.73765,,,,,,,afc8f227-0d99-4f26-9ec5-9eb72a8ad494,2026-03-28,18:26:31.28,2026-03-28T11:26:31.2814080-07:00,2026-03-28T18:26:31.2814080Z,,v3,643-145631,643-146222,,"Brummett, Jackson",10114400,Right,WHI_COL1,571ec725-037d-4442-a3cd-60373903c51f,54.43151,-119.08625,11.1623,6.57034,-3.94464,-8.68275,-1.551,2.61215,-2.30462,,,,,,,,,,,,,,,,,,,,,,,,,,,,,,,,,,,,,,,,,,,,,,,,,,,High,High,High,,,,,
55,2026-03-28,11:27:07.98,2,4,"Calkin, Carter",1000415859,Right,WHI_COL1,"Berry, Cooper",1000276381,Left,POM_COL,Undefined,2,Bottom,0,1,2,Fastball,Changeup,BallCalled,Undefined,Undefined,Undefined,0,0,,80.31466,0.347457,-2.438284,2135.646144,191.6043,12:30,6.55295,1.70301,6.11394,-23.54911,19.63659,3.73957,4.91208,-0.24117,73.01357,-4.136995,-1.765467,0.472978,,,,,,,,,,,,-2.61819,10.4302,-1.51775,50,6.56714,4.81832,-116.51822,0.09829,-3.58311,22.81936,-17.89998,POM_COL,WHI_COL1,PomonaPitzer,TeamExclusive,Team,20260328-PomonaPitzer-Private-1,bad25a90-2ad3-11f1-8cbf-a1be09b69ae6,79.69166,,,7.30109,,,,,,,afc8f227-0d99-4f26-9ec5-9eb72a8ad494,2026-03-28,18:27:07.98,2026-03-28T11:27:07.9845376-07:00,2026-03-28T18:27:07.9845376Z,,v3,643-145631,643-146222,,"Brummett, Jackson",10114400,Right,WHI_COL1,de40e944-bb41-4164-a6f1-bac43134c128,54.38049,-117.37298,11.40968,6.5509,0.76878,-8.94999,-1.70074,4.95254,-1.79156,,,,,,,,,,,,,,,,,,,,,,,,,,,,,,,,,,,,,,,,,,,,,,,,,,,High,High,High,,,,,
56,2026-03-28,11:27:25.70,2,5,"Calkin, Carter",1000415859,Right,WHI_COL1,"Berry, Cooper",1000276381,Left,POM_COL,Undefined,2,Bottom,0,2,2,Slider,Curveball,BallCalled,Undefined,Undefined,Undefined,0,0,,71.67083,-1.004762,-2.513823,2084.103251,188.340992,12:15,5.88891,1.79738,6.23599,-42.43195,12.06316,1.48,1.42506,-0.39971,65.19411,-8.930787,-2.246502,0.531313,,,,,,,,,,,,-1.57083,7.18449,-1.61057,50,5.7934,4.51235,-103.90106,-2.91624,-1.69166,19.81929,-24.43688,POM_COL,WHI_COL1,PomonaPitzer,TeamExclusive,Team,20260328-PomonaPitzer-Private-1,c56f5570-2ad3-11f1-8cbf-a1be09b69ae6,70.94212,,,6.47671,,,,,,,afc8f227-0d99-4f26-9ec5-9eb72a8ad494,2026-03-28,18:27:25.70,2026-03-28T11:27:25.7041920-07:00,2026-03-28T18:27:25.7041920Z,,v3,643-145631,643-146222,,"Brummett, Jackson",10114400,Right,WHI_COL1,1646ffb2-f496-49a4-817d-bfa83a976341,54.25854,-104.71024,9.90965,5.89209,-1.91854,-12.21844,-1.79621,4.58141,-0.84583,,,,,,,,,,,,,,,,,,,,,,,,,,,,,,,,,,,,,,,,,,,,,,,,,,,High,High,High,,,,,
57,2026-03-28,11:27:47.10,2,6,"Calkin, Carter",1000415859,Right,WHI_COL1,"Berry, Cooper",1000276381,Left,POM_COL,Undefined,2,Bottom,0,3,2,Fastball,Changeup,FoulBallNotFieldable,Undefined,Undefined,Undefined,0,0,,80.3092,-1.576276,-2.521627,2201.188622,215.544418,1:15,6.48392,1.68408,6.33889,-27.55462,15.09646,9.80615,2.73469,0.17815,73.60535,-6.76559,-0.747648,0.470042,48.75685,-47.037726,116.626423,,,,,2.41437,2.41437,63.925101,0.053655,-5.85292,8.72682,-1.50512,50,6.35602,4.7928,-116.6218,-3.95219,-8.04948,22.21677,-20.17216,POM_COL,WHI_COL1,PomonaPitzer,TeamExclusive,Team,20260328-PomonaPitzer-Private-1,d223e5b0-2ad3-11f1-8cbf-a1be09b69ae6,80.18955,2.83209,,6.70385,,,,2.24327,2.83209,-0.18914,afc8f227-0d99-4f26-9ec5-9eb72a8ad494,2026-03-28,18:27:47.10,2026-03-28T11:27:47.1082496-07:00,2026-03-28T18:27:47.1082496Z,GroundBall,v3,643-145631,643-146222,,"Brummett, Jackson",10114400,Right,WHI_COL1,d6cc9089-77a3-4d8d-a22a-c3ab2c5fd31c,54.16018,-117.41165,11.10838,6.48378,-3.23503,-10.08608,-1.6806,5.07897,-4.02474,,2.2449,-22.0304,,,,,,,,2.836,-52.7832,,,,,,,,-0.19239,43.94307,,,,,,,,,,,,,,,,,,,,,,,,,,,,,,High,High,High,Estimated,Estimated,,,
58,2026-03-28,11:28:36.38,2,7,"Calkin, Carter",1000415859,Right,WHI_COL1,"Berry, Cooper",1000276381,Left,POM_COL,Undefined,2,Bottom,0,3,2,Fastball,Changeup,BallCalled,Walk,Undefined,Undefined,0,0,,81.05769,-3.131223,-2.863544,2155.213317,195.95538,12:30,6.40356,1.46872,6.24791,-22.79529,19.63351,5.19012,1.60964,-0.74192,73.82997,-7.454942,-1.926991,0.468815,,,,,,,,,,,,-3.53307,11.55402,-1.25805,50,6.15894,5.67812,-117.4005,-7.01138,-4.89385,23.78825,-16.16994,POM_COL,WHI_COL1,PomonaPitzer,TeamExclusive,Team,20260328-PomonaPitzer-Private-1,ef89af40-2ad3-11f1-8cbf-a1be09b69ae6,80.39932,,,7.22772,,,,,,,afc8f227-0d99-4f26-9ec5-9eb72a8ad494,2026-03-28,18:28:36.38,2026-03-28T11:28:36.3800576-07:00,2026-03-28T18:28:36.3800576Z,,v3,643-145631,643-146222,,"Brummett, Jackson",10114400,Right,WHI_COL1,6f157a01-31b9-4c24-9d74-7ae156fa8bfa,54.24742,-118.258,11.89412,6.40118,-6.4285,-8.08497,-1.46591,5.85453,-2.44692,,,,,,,,,,,,,,,,,,,,,,,,,,,,,,,,,,,,,,,,,,,,,,,,,,,High,High,High,,,,,
59,2026-03-28,11:29:08.09,3,1,"Calkin, Carter",1000415859,Right,WHI_COL1,"Parker, Will",1000474009,Left,POM_COL,Undefined,2,Bottom,0,0,0,Fastball,Changeup,StrikeCalled,Undefined,Undefined,Undefined,0,0,,80.67776,-1.842956,-1.765595,2145.074181,205.595202,12:45,6.38876,1.85313,6.11402,-27.79226,14.6058,6.37575,2.36734,0.75146,74.34953,-7.035012,-0.616118,0.468645,,,,,,,,,,,,-3.73898,8.43808,-1.72087,50,6.23276,3.37303,-117.17499,-4.5645,-5.22433,21.10223,-20.38379,POM_COL,WHI_COL1,PomonaPitzer,TeamExclusive,Team,20260328-PomonaPitzer-Private-1,026542a0-2ad4-11f1-8cbf-a1be09b69ae6,80.42849,,,6.32822,,,,,,,afc8f227-0d99-4f26-9ec5-9eb72a8ad494,2026-03-28,18:29:08.09,2026-03-28T11:29:08.0983552-07:00,2026-03-28T18:29:08.0983552Z,,v3,643-145631,643-146222,,"Brummett, Jackson",10114400,Right,WHI_COL1,53f8fbbd-ba60-4d19-b8dd-51b5ceedf851,54.38306,-117.96171,10.55112,6.38877,-3.80457,-10.19189,-1.85025,3.5678,-2.61217,,,,,,,,,,,,,,,,,,,,,,,,,,,,,,,,,,,,,,,,,,,,,,,,,,,High,High,High,,,,,
60,2026-03-28,11:29:26.65,3,2,"Calkin, Carter",1000415859,Right,WHI_COL1,"Parker, Will",1000474009,Left,POM_COL,Undefined,2,Bottom,0,0,1,Curveball,Curveball,InPlay,Undefined,FlyBall,Out,1,0,,65.72412,2.45403,-0.641753,1814.408405,43.065884,7:30,6.24373,1.62953,5.54411,-76.1878,-10.12886,-11.51083,2.18972,0.07052,60.50714,-11.394334,-2.700906,0.584975,86.98609,26.314869,-17.049097,4475.486606,102.6875,45.44616,-39.4366,297.63893,289.16947,-28.459303,3.97046,5.63359,-5.25284,-1.56607,50,6.40573,1.44125,-95.38654,1.929,5.13836,16.0451,-36.96511,POM_COL,WHI_COL1,PomonaPitzer,TeamExclusive,Team,20260328-PomonaPitzer-Private-1,0dddd070-2ad4-11f1-8cbf-a1be09b69ae6,64.43429,53.3536,,5.21698,,,,0.48386,2.0403,0.13475,afc8f227-0d99-4f26-9ec5-9eb72a8ad494,2026-03-28,18:29:26.65,2026-03-28T11:29:26.6563584-07:00,2026-03-28T18:29:26.6563584Z,FlyBall,v3,643-145631,643-146222,,"Brummett, Jackson",10114400,Right,WHI_COL1,8830e49a-2f39-499d-af65-4c176792167e,54.95878,-96.21705,8.02255,6.25636,3.84234,-18.48256,-1.63378,1.17529,2.56918,,0.48354,109.34384,-21.14279,4.83496,-1.06586,0.22457,-0.04023,0.00472,-0.00024,2.04067,56.54284,-16.9391,0.83598,-0.03598,-0.01884,0.00544,-0.00017,-5E-05,0.1347,-33.52452,-2.05384,0.91105,-0.27264,0.06138,-0.01028,0.00113,-6E-05,,,,,,,,,,,,,,,,,,,,,,,High,High,High,High,High,,,
61,2026-03-28,11:30:04.25,4,1,"Calkin, Carter",1000415859,Right,WHI_COL1,"Loui, Shawn",1000474008,Right,POM_COL,Undefined,2,Bottom,1,0,0,Fastball,Changeup,BallCalled,Undefined,Undefined,Undefined,0,0,,81.36937,-3.434509,-2.684273,2160.440453,215.446248,1:15,6.47617,1.91145,6.22682,-28.52439,13.00528,8.37142,0.92306,0.13065,75.38705,-8.728242,-1.171992,0.463821,,,,,,,,,,,,-5.03965,8.02874,-1.71484,50,6.20474,5.23155,-118.0374,-7.90814,-7.16371,20.88252,-20.76138,POM_COL,WHI_COL1,PomonaPitzer,TeamExclusive,Team,20260328-PomonaPitzer-Private-1,23e639c0-2ad4-11f1-8cbf-a1be09b69ae6,81.26502,,,5.98232,,,,,,,afc8f227-0d99-4f26-9ec5-9eb72a8ad494,2026-03-28,18:30:04.25,2026-03-28T11:30:04.2592256-07:00,2026-03-28T18:30:04.2592256Z,,v3,643-145631,643-146222,,"Brummett, Jackson",10114400,Right,WHI_COL1,a422160e-f756-4c5a-8383-ca8fc9bb0e30,54.2723,-118.79083,10.44126,6.47655,-7.15909,-10.38069,-1.90825,5.49001,-3.58185,,,,,,,,,,,,,,,,,,,,,,,,,,,,,,,,,,,,,,,,,,,,,,,,,,,High,High,High,,,,,
62,2026-03-28,11:30:22.56,4,2,"Calkin, Carter",1000415859,Right,WHI_COL1,"Loui, Shawn",1000474008,Right,POM_COL,Undefined,2,Bottom,1,1,0,Fastball,Changeup,InPlay,Undefined,GroundBall,FieldersChoice,1,0,,80.26739,-3.170256,-2.596897,2138.126418,203.132045,12:45,6.43346,1.63213,6.24696,-28.55179,13.96304,5.4354,1.12427,-0.31163,74.53925,-8.472076,-1.614858,0.46929,68.62655,-0.753787,-21.541083,,,,,30.00511,24.56487,-22.543617,0.290198,-3.49177,8.44233,-1.44161,50,6.18303,5.09487,-116.51331,-7.25886,-4.84728,19.87083,-20.45445,POM_COL,WHI_COL1,PomonaPitzer,TeamExclusive,Team,20260328-PomonaPitzer-Private-1,2ece2050-2ad4-11f1-8cbf-a1be09b69ae6,80.31796,1.15383,,5.72813,,,,1.24108,1.15383,0.29916,afc8f227-0d99-4f26-9ec5-9eb72a8ad494,2026-03-28,18:30:22.56,2026-03-28T11:30:22.5660416-07:00,2026-03-28T18:30:22.5660416Z,GroundBall,v3,643-145631,643-146222,,"Brummett, Jackson",10114400,Right,WHI_COL1,acb51ba9-b5b4-4271-b7d9-9dd1d0a07dfc,54.25296,-117.23639,9.93542,6.43363,-6.51454,-10.22722,-1.63022,5.27125,-2.42364,112.716101,1.2404,93.64506,-8.34698,,,,,,,1.15381,-1.32326,-9.14086,,,,,,,0.30033,-37.006,-12.65804,,,,,,,,,,,,,,,,,,,,,,,,,,,,,High,High,High,Medium,Medium,,,
63,2026-03-28,11:30:58.99,5,1,"Calkin, Carter",1000415859,Right,WHI_COL1,"Quintero, James",10138921,Left,POM_COL,Undefined,2,Bottom,2,0,0,Fastball,Changeup,BallCalled,Undefined,Undefined,Undefined,0,0,,81.27675,-3.184119,-1.923804,2191.346597,205.658444,12:45,6.40919,1.6668,6.18894,-26.06757,15.7178,6.92307,1.29232,0.46681,74.93206,-8.054273,-0.673693,0.465247,,,,,,,,,,,,-4.09032,9.40319,-1.5251,50,6.15558,3.70507,-117.92549,-7.29139,-5.78134,21.64159,-18.88333,POM_COL,WHI_COL1,PomonaPitzer,TeamExclusive,Team,20260328-PomonaPitzer-Private-1,44884290-2ad4-11f1-8cbf-a1be09b69ae6,81.01597,,,6.34469,,,,,,,afc8f227-0d99-4f26-9ec5-9eb72a8ad494,2026-03-28,18:30:58.99,2026-03-28T11:30:58.9935616-07:00,2026-03-28T18:30:58.9935616Z,,v3,643-145631,643-146222,,"Brummett, Jackson",10114400,Right,WHI_COL1,ff7bf505-3623-4da4-9839-9d45675a6a57,54.30869,-118.71359,10.82079,6.40858,-6.60374,-9.44166,-1.66385,3.9156,-2.89067,,,,,,,,,,,,,,,,,,,,,,,,,,,,,,,,,,,,,,,,,,,,,,,,,,,High,High,High,,,,,
64,2026-03-28,11:31:17.01,5,2,"Calkin, Carter",1000415859,Right,WHI_COL1,"Quintero, James",10138921,Left,POM_COL,Undefined,2,Bottom,2,1,0,Fastball,Changeup,StrikeCalled,Undefined,Undefined,Undefined,0,0,,78.10349,-0.662356,-1.378658,2065.589255,191.268791,12:30,6.48031,1.72959,6.14877,-30.56395,14.57489,2.63122,3.32109,0.67474,71.91387,-6.381329,-0.904053,0.483556,,,,,,,,,,,,-1.7161,8.14469,-1.62597,50,6.41414,2.63626,-113.50039,-2.15738,-2.24924,19.84779,-21.49897,POM_COL,WHI_COL1,PomonaPitzer,TeamExclusive,Team,20260328-PomonaPitzer-Private-1,4f4129e0-2ad4-11f1-8cbf-a1be09b69ae6,77.94848,,,6.18962,,,,,,,afc8f227-0d99-4f26-9ec5-9eb72a8ad494,2026-03-28,18:31:17.01,2026-03-28T11:31:17.0137088-07:00,2026-03-28T18:31:17.0137088Z,,v3,643-145631,643-146222,,"Brummett, Jackson",10114400,Right,WHI_COL1,52e2150e-91c5-450d-9dcc-5c434fdd7d2f,54.34782,-114.25817,9.92389,6.48084,-1.33657,-10.74949,-1.72826,2.72213,-1.12462,,,,,,,,,,,,,,,,,,,,,,,,,,,,,,,,,,,,,,,,,,,,,,,,,,,High,High,High,,,,,
65,2026-03-28,11:31:36.56,5,3,"Calkin, Carter",1000415859,Right,WHI_COL1,"Quintero, James",10138921,Left,POM_COL,Undefined,2,Bottom,2,1,1,Fastball,Changeup,InPlay,Undefined,LineDrive,Single,0,1,,81.4018,-2.777266,-2.426134,2157.071534,213.343736,1:00,6.49468,1.63278,6.23866,-27.8819,13.42603,8.04359,1.60505,0.06381,75.51275,-7.963885,-0.972862,0.462581,95.77904,8.934992,21.324903,2073.149369,100.17043,5.99373,45.4516,150.04144,149.55813,25.732361,1.244544,-4.79992,8.04811,-1.45588,50,6.27349,4.72127,-118.21672,-6.53305,-6.86052,20.42287,-20.67087,POM_COL,WHI_COL1,PomonaPitzer,TeamExclusive,Team,20260328-PomonaPitzer-Private-1,5aeab2c0-2ad4-11f1-8cbf-a1be09b69ae6,81.48283,7.58798,,5.88905,,,,0.56851,1.52297,-0.08965,afc8f227-0d99-4f26-9ec5-9eb72a8ad494,2026-03-28,18:31:36.56,2026-03-28T11:31:36.5611520-07:00,2026-03-28T18:31:36.5611520Z,LineDrive,v3,643-145631,643-146222,,"Brummett, Jackson",10114400,Right,WHI_COL1,2fdadb38-f8ac-46bf-9937-cd775e11ec8b,54.26113,-118.95058,10.21144,6.4949,-5.79028,-10.33544,-1.62996,4.9678,-3.43026,276.943016,0.56851,129.26962,-20.30728,3.43916,-0.79228,0.27316,-0.23481,0.15756,-0.04082,1.52297,21.81761,-20.74413,2.24538,-0.47406,0.14839,-0.11962,0.08665,-0.02367,-0.08966,50.4658,2.15903,-0.53771,0.03244,-0.08834,0.31304,-0.29219,0.08556,,,,,,,,,,,,,,,,,,,,,,,High,High,High,High,High,,,
66,2026-03-28,11:32:13.40,6,1,"Calkin, Carter",1000415859,Right,WHI_COL1,"Savas, Peter",1000276389,Right,POM_COL,Undefined,2,Bottom,2,0,0,Slider,Curveball,BallCalled,Undefined,Undefined,Undefined,0,0,,68.97104,-0.011897,-1.203639,2133.925126,63.962869,8:15,5.94399,2.16351,6.17413,-62.8494,-4.00831,-12.36327,0.69555,0.02145,63.30992,-11.570252,-3.441826,0.552092,,,,,,,,,,,,6.01024,-1.45866,-2.06643,50,5.91177,2.49471,-100.17332,-1.70002,6.00686,18.65959,-33.6319,POM_COL,WHI_COL1,PomonaPitzer,TeamExclusive,Team,20260328-PomonaPitzer-Private-1,70e7aa60-2ad4-11f1-8cbf-a1be09b69ae6,68.27197,,,5.66112,,,,,,,afc8f227-0d99-4f26-9ec5-9eb72a8ad494,2026-03-28,18:32:13.40,2026-03-28T11:32:13.4045184-07:00,2026-03-28T18:32:13.4045184Z,,v3,643-145631,643-146222,,"Brummett, Jackson",10114400,Right,WHI_COL1,a83e9a9e-6d22-44ac-910c-c82a78aeb798,54.32576,-100.97587,9.3298,5.95378,-0.2535,-16.81595,-2.16817,2.23636,3.00343,,,,,,,,,,,,,,,,,,,,,,,,,,,,,,,,,,,,,,,,,,,,,,,,,,,High,High,High,,,,,
67,2026-03-28,11:32:33.91,6,2,"Calkin, Carter",1000415859,Right,WHI_COL1,"Savas, Peter",1000276389,Right,POM_COL,Undefined,2,Bottom,2,1,0,Fastball,Changeup,FoulBallNotFieldable,Undefined,Undefined,Undefined,0,0,,80.53006,-2.198386,-2.09706,2184.758651,211.426283,1:00,6.48518,1.61646,6.19153,-27.221,15.13969,8.47414,2.18474,0.38567,74.39922,-7.28531,-0.567339,0.468439,87.5389,-8.773831,-70.639446,,,,,13.08829,8.63947,-60.11148,0.124419,-4.96689,8.81701,-1.46278,50,6.30552,3.9831,-116.98856,-5.25401,-6.92817,20.7309,-19.8755,POM_COL,WHI_COL1,PomonaPitzer,TeamExclusive,Team,20260328-PomonaPitzer-Private-1,7d135b90-2ad4-11f1-8cbf-a1be09b69ae6,80.46394,2.97506,,6.13085,,,,,,,afc8f227-0d99-4f26-9ec5-9eb72a8ad494,2026-03-28,18:32:33.91,2026-03-28T11:32:33.9190784-07:00,2026-03-28T18:32:33.9190784Z,GroundBall,v3,643-145631,643-146222,,"Brummett, Jackson",10114400,Right,WHI_COL1,66f4cc05-6212-43a2-b6bb-d51f1dd3e37e,54.30824,-117.74952,10.36545,6.48499,-4.52444,-9.93775,-1.61365,4.23741,-3.46408,,1.33534,42.08265,-3.1645,,,,,,,2.97615,-19.70039,-33.9875,,,,,,,2.99753,-119.65157,35.04248,,,,,,,,,,,,,,,,,,,,,,,,,,,,,High,High,High,Low,Low,,,
68,2026-03-28,11:32:54.95,6,3,"Calkin, Carter",1000415859,Right,WHI_COL1,"Savas, Peter",1000276389,Right,POM_COL,Undefined,2,Bottom,2,1,1,Fastball,Four-Seam,FoulBallNotFieldable,Undefined,Undefined,Undefined,0,0,,81.98913,-1.564105,-2.866841,2210.070509,202.282738,12:45,6.51257,1.50316,6.28381,-22.50816,18.4532,7.03,3.19319,-0.55541,75.14397,-5.832463,-1.597776,0.460637,,,,,,,,,,,,-4.46055,10.4289,-1.29504,50,6.38609,5.70595,-119.02542,-3.845,-6.40394,22.67821,-17.20151,POM_COL,WHI_COL1,PomonaPitzer,TeamExclusive,Team,20260328-PomonaPitzer-Private-1,89a102e0-2ad4-11f1-8cbf-a1be09b69ae6,81.82682,,,6.84516,,,,,,,afc8f227-0d99-4f26-9ec5-9eb72a8ad494,2026-03-28,18:32:54.95,2026-03-28T11:32:54.9566464-07:00,2026-03-28T18:32:54.9566464Z,,v3,643-145631,643-146222,,"Brummett, Jackson",10114400,Right,WHI_COL1,86561ea6-b456-4114-8cf0-6b25dfbf36a0,54.21483,-119.82579,11.3391,6.51108,-3.23791,-8.60075,-1.50041,5.93196,-3.20197,,,,,,,,,,,,,,,,,,,,,,,,,,,,,,,,,,,,,,,,,,,,,,,,,,,High,High,High,,,,,
69,2026-03-28,11:33:18.89,6,4,"Calkin, Carter",1000415859,Right,WHI_COL1,"Savas, Peter",1000276389,Right,POM_COL,Undefined,2,Bottom,2,1,2,Sweeper,Slider,BallinDirt,Undefined,Undefined,Undefined,0,0,,71.30764,-1.785212,-3.579699,2922.032413,155.159346,11:15,5.89863,1.87147,6.28339,-48.71869,6.66882,-2.13004,0.18966,-1.60955,64.88983,-10.810683,-3.964572,0.535645,,,,,,,,,,,,-0.11307,4.67626,-1.60629,50,5.74365,6.52653,-103.23311,-4.48949,-0.11938,20.62855,-27.23615,POM_COL,WHI_COL1,PomonaPitzer,TeamExclusive,Team,20260328-PomonaPitzer-Private-1,97f2ef70-2ad4-11f1-8cbf-a1be09b69ae6,70.36828,,,6.41781,,,,,,,afc8f227-0d99-4f26-9ec5-9eb72a8ad494,2026-03-28,18:33:18.89,2026-03-28T11:33:18.8963840-07:00,2026-03-28T18:33:18.8963840Z,,v3,643-145631,643-146222,,"Brummett, Jackson",10114400,Right,WHI_COL1,98dcfe99-7596-4249-b47a-a1bb91aefc78,54.21288,-104.07155,10.31428,5.90363,-3.38249,-13.61807,-1.87165,6.53138,-0.05969,,,,,,,,,,,,,,,,,,,,,,,,,,,,,,,,,,,,,,,,,,,,,,,,,,,High,High,High,,,,,
70,2026-03-28,11:34:02.84,6,5,"Calkin, Carter",1000415859,Right,WHI_COL1,"Savas, Peter",1000276389,Right,POM_COL,Undefined,2,Bottom,2,2,2,Slider,Curveball,InPlay,Undefined,FlyBall,Out,1,0,,69.37899,1.128469,-1.543932,2128.56006,60.165942,8:00,5.82713,1.96405,6.28617,-63.18456,-4.89579,-12.23079,1.60226,-0.47841,63.09517,-10.568491,-3.75913,0.549495,80.01651,33.988472,-10.866397,,108.49688,62.70959,-18.12005,280.10932,276.1243,-7.695627,4.738277,5.85359,-2.38189,-1.84451,50,5.88023,3.09469,-100.70266,0.32671,5.87149,19.88971,-34.56323,POM_COL,WHI_COL1,PomonaPitzer,TeamExclusive,Team,20260328-PomonaPitzer-Private-1,b2255360-2ad4-11f1-8cbf-a1be09b69ae6,68.59466,73.5192,,6.28382,,,,2.26329,1.80906,0.41356,afc8f227-0d99-4f26-9ec5-9eb72a8ad494,2026-03-28,18:34:02.84,2026-03-28T11:34:02.8432384-07:00,2026-03-28T18:34:02.8432384Z,FlyBall,v3,643-145631,643-146222,,"Brummett, Jackson",10114400,Right,WHI_COL1,9dc35aaa-bce1-47ae-ba66-3cf707a3158c,54.21371,-101.5315,9.94486,5.8366,1.76701,-17.28161,-1.96837,2.85002,2.93574,186.136686,2.26389,95.5508,-17.50072,4.01616,-0.80316,0.15541,-0.02802,0.00353,-0.0002,1.80968,65.58875,-16.24883,0.52439,0.15377,-0.11919,0.03576,-0.00504,0.00027,0.41342,-18.34177,4.62465,-1.03379,0.21332,-0.04406,0.00852,-0.00111,6E-05,,,,,,,,,,,,,,,,,,,,,,,High,High,High,High,Medium,,,
71,2026-03-28,11:36:14.62,1,1,"Polishuk, Will",1000375103,Right,POM_COL,"Schulze, Jay",10114357,Right,WHI_COL1,Undefined,3,Top,0,0,0,Fastball,Four-Seam,InPlay,Undefined,GroundBall,Out,1,0,,87.36825,-2.184253,-2.865327,2265.331579,211.849761,1:00,6.32172,1.2374,5.33132,-18.66103,19.47064,11.19902,2.71367,-0.52002,78.50762,-5.726062,-0.879075,0.444441,58.23942,-18.247214,-5.939437,,,,,10.0814,9.81657,-1.765191,0.097841,-6.57733,10.89682,-0.98688,50,6.11144,5.82642,-126.35397,-5.40571,-10.44473,30.00406,-14.87005,POM_COL,WHI_COL1,PomonaPitzer,TeamExclusive,Team,20260328-PomonaPitzer-Private-1,00a2dcb0-2ad5-11f1-8cbf-a1be09b69ae6,84.80861,2.8093,,8.86062,,,,2.27916,2.8093,0.49256,afc8f227-0d99-4f26-9ec5-9eb72a8ad494,2026-03-28,18:36:14.62,2026-03-28T11:36:14.6236416-07:00,2026-03-28T18:36:14.6236416Z,GroundBall,v3,643-145631,643-146222,,"Parker, Will",1000474009,Right,POM_COL,53fefadd-edb8-49b4-8ce7-6915321226b8,55.16501,-127.57456,15.00203,6.31905,-4.80078,-7.43503,-1.23254,6.25132,-5.22237,353.545683,2.27915,80.68818,-10.14922,,,,,,,2.80939,-26.75702,-20.00717,,,,,,,0.49255,-8.39389,1.89867,,,,,,,,,,,,,,,,,,,,,,,,,,,,,High,High,High,High,High,,,
72,2026-03-28,11:36:47.79,2,1,"Polishuk, Will",1000375103,Right,POM_COL,"Mecate, Matthew",1000394015,Right,WHI_COL1,Undefined,3,Top,1,0,0,Fastball,Four-Seam,StrikeCalled,Undefined,Undefined,Undefined,0,0,,88.65041,-2.218828,-1.43487,2170.450727,208.476581,1:00,6.27641,1.52209,5.34614,-16.24442,20.76383,10.49764,2.83975,1.0507,79.54522,-5.33088,0.429852,0.437845,,,,,,,,,,,,-5.64142,11.46946,-1.4002,50,6.06526,2.71399,-128.24141,-5.43737,-9.22856,30.89588,-13.41167,POM_COL,WHI_COL1,PomonaPitzer,TeamExclusive,Team,20260328-PomonaPitzer-Private-1,146ca0a0-2ad5-11f1-8cbf-a1be09b69ae6,86.08619,,,9.10519,,,,,,,afc8f227-0d99-4f26-9ec5-9eb72a8ad494,2026-03-28,18:36:47.79,2026-03-28T11:36:47.7944832-07:00,2026-03-28T18:36:47.7944832Z,,v3,643-145631,643-146222,,"Parker, Will",1000474009,Right,POM_COL,7b2a7bcb-0867-4fd3-8063-e06fd5737d32,55.14563,-129.47516,15.44794,6.27169,-4.9018,-6.70584,-1.51594,3.08251,-4.61428,,,,,,,,,,,,,,,,,,,,,,,,,,,,,,,,,,,,,,,,,,,,,,,,,,,High,High,High,,,,,
73,2026-03-28,11:37:05.20,2,2,"Polishuk, Will",1000375103,Right,POM_COL,"Mecate, Matthew",1000394015,Right,WHI_COL1,Undefined,3,Top,1,0,1,ChangeUp,Splitter,FoulBallNotFieldable,Undefined,Undefined,Undefined,0,0,,82.70022,-0.46172,-2.702193,1074.591464,282.961782,3:30,6.0674,1.659,5.06853,-44.21762,-1.47843,13.02918,1.94677,0.19511,75.02644,-8.488018,-0.397097,0.470527,,,,,,,,,,,,-7.3302,-0.1485,-1.41319,50,5.98858,5.08549,-119.7452,-2.6246,-10.49549,26.11747,-32.38668,POM_COL,WHI_COL1,PomonaPitzer,TeamExclusive,Team,20260328-PomonaPitzer-Private-1,1ecba820-2ad5-11f1-8cbf-a1be09b69ae6,80.10685,,,7.67378,,,,,,,afc8f227-0d99-4f26-9ec5-9eb72a8ad494,2026-03-28,18:37:05.20,2026-03-28T11:37:05.2043776-07:00,2026-03-28T18:37:05.2043776Z,,v3,643-145631,643-146222,,"Parker, Will",1000474009,Right,POM_COL,577112b5-7665-442f-819c-f48ac1a0d33d,55.42977,-120.92368,13.05874,6.07404,-1.16323,-16.19334,-1.65334,5.55907,-5.24775,,,,,,,,,,,,,,,,,,,,,,,,,,,,,,,,,,,,,,,,,,,,,,,,,,,High,High,High,,,,,
74,2026-03-28,11:37:34.04,2,3,"Polishuk, Will",1000375103,Right,POM_COL,"Mecate, Matthew",1000394015,Right,WHI_COL1,Undefined,3,Top,1,0,2,Fastball,Sinker,BallCalled,Undefined,Undefined,Undefined,0,0,,90.2134,-0.755571,-1.325957,2151.130416,231.883021,1:45,6.20454,1.75987,5.38468,-22.71671,12.79646,14.66206,3.60303,1.73863,81.23282,-5.006909,1.281296,0.42891,,,,,,,,,,,,-7.6576,7.03237,-1.6514,50,6.12143,2.32083,-130.67557,-2.52005,-13.04752,31.29162,-20.19182,POM_COL,WHI_COL1,PomonaPitzer,TeamExclusive,Team,20260328-PomonaPitzer-Private-1,2feedd20-2ad5-11f1-8cbf-a1be09b69ae6,87.87961,,,8.98058,,,,,,,afc8f227-0d99-4f26-9ec5-9eb72a8ad494,2026-03-28,18:37:34.04,2026-03-28T11:37:34.0467712-07:00,2026-03-28T18:37:34.0467712Z,,v3,643-145631,643-146222,,"Parker, Will",1000474009,Right,POM_COL,1d392b38-3feb-4697-985b-16cc7421bd21,55.10853,-131.89318,15.64581,6.2042,-1.73434,-10.09591,-1.75159,2.82854,-6.52376,,,,,,,,,,,,,,,,,,,,,,,,,,,,,,,,,,,,,,,,,,,,,,,,,,,High,High,High,,,,,
75,2026-03-28,11:37:53.95,2,4,"Polishuk, Will",1000375103,Right,POM_COL,"Mecate, Matthew",1000394015,Right,WHI_COL1,Undefined,3,Top,1,1,2,Fastball,Four-Seam,BallCalled,Undefined,Undefined,Undefined,0,0,,90.00143,-0.521897,-2.305716,2116.818389,219.327213,1:15,6.37066,1.48179,5.49607,-19.47438,15.90438,12.01682,4.25921,0.32529,81.33082,-4.199003,-0.166705,0.428097,,,,,,,,,,,,-6.67418,8.50867,-1.28798,50,6.31211,4.68787,-130.40367,-1.82149,-11.3854,29.80919,-17.65919,POM_COL,WHI_COL1,PomonaPitzer,TeamExclusive,Team,20260328-PomonaPitzer-Private-1,3bcdcde0-2ad5-11f1-8cbf-a1be09b69ae6,88.04641,,,8.67061,,,,,,,afc8f227-0d99-4f26-9ec5-9eb72a8ad494,2026-03-28,18:37:53.95,2026-03-28T11:37:53.9524608-07:00,2026-03-28T18:37:53.9524608Z,,v3,643-145631,643-146222,,"Parker, Will",1000474009,Right,POM_COL,ec458048-eb9e-4808-8deb-4fd92b21b233,54.99814,-131.54124,14.90459,6.36877,-1.14759,-8.82959,-1.47517,5.12236,-5.6927,,,,,,,,,,,,,,,,,,,,,,,,,,,,,,,,,,,,,,,,,,,,,,,,,,,High,High,High,,,,,
76,2026-03-28,11:38:15.92,2,5,"Polishuk, Will",1000375103,Right,POM_COL,"Mecate, Matthew",1000394015,Right,WHI_COL1,Undefined,3,Top,1,2,2,ChangeUp,Splitter,BallCalled,Undefined,Undefined,Undefined,0,0,,83.82041,0.558412,-0.607399,963.877751,241.605484,2:00,6.02313,1.74911,5.10037,-35.95927,5.43374,7.38552,3.55276,1.7922,75.9013,-6.032991,0.699559,0.463057,,,,,,,,,,,,-3.80205,3.01063,-1.69761,50,6.04832,0.95121,-121.44706,-0.15196,-5.62046,26.05389,-27.72353,POM_COL,WHI_COL1,PomonaPitzer,TeamExclusive,Team,20260328-PomonaPitzer-Private-1,48eda310-2ad5-11f1-8cbf-a1be09b69ae6,81.39905,,,7.91911,,,,,,,afc8f227-0d99-4f26-9ec5-9eb72a8ad494,2026-03-28,18:38:15.92,2026-03-28T11:38:15.9204864-07:00,2026-03-28T18:38:15.9204864Z,,v3,643-145631,643-146222,,"Parker, Will",1000474009,Right,POM_COL,5fada958-8d14-4657-8525-db01e8b331a8,55.39368,-122.5987,13.02695,6.02796,1.07348,-13.86177,-1.74514,1.19965,-2.81023,,,,,,,,,,,,,,,,,,,,,,,,,,,,,,,,,,,,,,,,,,,,,,,,,,,High,High,High,,,,,
77,2026-03-28,11:38:38.68,2,6,"Polishuk, Will",1000375103,Right,POM_COL,"Mecate, Matthew",1000394015,Right,WHI_COL1,Undefined,3,Top,1,3,2,Fastball,Four-Seam,InPlay,Undefined,Popup,Out,1,0,,90.5411,-2.512246,-2.465917,2064.520483,218.038156,1:15,6.27202,1.52208,5.54117,-18.33265,16.57422,12.01233,2.39266,0.21703,82.10682,-5.968919,-0.325497,0.425233,78.72135,53.219788,-13.760046,,100.68214,109.63856,-44.30673,216.98937,198.44556,-28.053028,5.366232,-6.81496,9.49095,-1.31646,50,6.04215,5.10629,-131.12937,-6.35154,-11.76429,29.94689,-15.79039,POM_COL,WHI_COL1,PomonaPitzer,TeamExclusive,Team,20260328-PomonaPitzer-Private-1,56801030-2ad5-11f1-8cbf-a1be09b69ae6,88.63951,110.99399,,8.43428,,,,0.20571,2.44503,-0.16043,afc8f227-0d99-4f26-9ec5-9eb72a8ad494,2026-03-28,18:38:38.68,2026-03-28T11:38:38.6854400-07:00,2026-03-28T18:38:38.6854400Z,FlyBall,v3,643-145631,643-146222,,"Parker, Will",1000474009,Right,POM_COL,4b6b9980-da9e-47da-a716-1c52fcb54790,54.95608,-132.25638,14.97345,6.27,-5.75729,-7.8952,-1.51696,5.54902,-5.88215,153.738242,0.20975,67.04107,-16.06176,3.36344,0.11272,-0.34096,0.10318,-0.01342,0.00066,2.4354,92.6444,-23.9737,2.95428,-0.8849,0.21969,-0.02958,0.00153,0,-0.15677,-16.52317,-3.25837,0.89474,0.21224,-0.21225,0.06025,-0.00768,0.00037,,,,,,,,,,,,,,,,,,,,,,,High,High,High,High,Low,,,
78,2026-03-28,11:39:12.44,3,1,"Polishuk, Will",1000375103,Right,POM_COL,"Jasso, Alexander",1000218885,Right,WHI_COL1,Undefined,3,Top,2,0,0,Fastball,Four-Seam,StrikeSwinging,Undefined,Undefined,Undefined,0,0,,90.80407,-2.545892,-2.591727,2238.175975,202.934823,12:45,6.37261,1.23249,5.56108,-15.55044,18.71611,7.46784,2.69423,-0.56817,83.29145,-5.482983,-1.261408,0.421315,,,,,,,,,,,,-4.42937,10.43642,-1.01351,50,6.14232,5.61829,-131.64102,-6.33642,-7.81181,26.62314,-13.76793,POM_COL,WHI_COL1,PomonaPitzer,TeamExclusive,Team,20260328-PomonaPitzer-Private-1,6aa1df30-2ad5-11f1-8cbf-a1be09b69ae6,89.46385,,,7.51263,,,,,,,afc8f227-0d99-4f26-9ec5-9eb72a8ad494,2026-03-28,18:39:12.44,2026-03-28T11:39:12.4414464-07:00,2026-03-28T18:39:12.4414464Z,,v3,643-145631,643-146222,,"Parker, Will",1000474009,Right,POM_COL,94ea2452-9f45-4d65-aab6-10aa00922493,54.93587,-132.6355,13.31157,6.3694,-5.82213,-6.88397,-1.22883,5.91009,-3.90591,,,,,,,,,,,,,,,,,,,,,,,,,,,,,,,,,,,,,,,,,,,,,,,,,,,High,High,High,,,,,
79,2026-03-28,11:39:31.74,3,2,"Polishuk, Will",1000375103,Right,POM_COL,"Jasso, Alexander",1000218885,Right,WHI_COL1,Undefined,3,Top,2,0,1,Fastball,Four-Seam,FoulBallNotFieldable,Undefined,Undefined,Undefined,0,0,,91.29249,-2.127955,-3.133888,2128.520065,208.684721,1:00,6.33388,0.99675,5.67051,-18.10918,15.72737,8.02059,2.83691,-1.25965,83.5933,-5.528655,-1.703032,0.418663,,,,,,,,,,,,-4.93481,8.895,-0.73717,50,6.14264,6.89318,-132.35072,-5.51547,-8.77179,27.68216,-16.36283,POM_COL,WHI_COL1,PomonaPitzer,TeamExclusive,Team,20260328-PomonaPitzer-Private-1,76220e20-2ad5-11f1-8cbf-a1be09b69ae6,90.03055,,,7.69919,,,,,,,afc8f227-0d99-4f26-9ec5-9eb72a8ad494,2026-03-28,18:39:31.74,2026-03-28T11:39:31.7490688-07:00,2026-03-28T18:39:31.7490688Z,,v3,643-145631,643-146222,,"Parker, Will",1000474009,Right,POM_COL,2b6197de-57da-4c18-9d47-debca93317cd,54.82816,-133.35674,13.84108,6.33228,-4.92082,-8.18142,-0.99347,7.21196,-4.3859,,,,,,,,,,,,,,,,,,,,,,,,,,,,,,,,,,,,,,,,,,,,,,,,,,,High,High,High,,,,,
80,2026-03-28,11:40:14.88,3,3,"Polishuk, Will",1000375103,Right,POM_COL,"Jasso, Alexander",1000218885,Right,WHI_COL1,Undefined,3,Top,2,0,2,Fastball,Sinker,BallCalled,Undefined,Undefined,Undefined,0,0,,90.81612,0.382957,-2.21239,1959.923982,220.324926,1:15,6.44023,1.1509,5.50692,-19.31253,15.31434,12.0056,5.18927,0.08131,82.21872,-3.26028,-0.075138,0.423524,,,,,,,,,,,,-6.62666,7.92741,-0.96564,50,6.46092,4.52055,-131.64204,0.24399,-11.55419,29.61294,-18.35189,POM_COL,WHI_COL1,PomonaPitzer,TeamExclusive,Team,20260328-PomonaPitzer-Private-1,8fcf6390-2ad5-11f1-8cbf-a1be09b69ae6,88.99719,,,8.5974,,,,,,,afc8f227-0d99-4f26-9ec5-9eb72a8ad494,2026-03-28,18:40:14.88,2026-03-28T11:40:14.8859904-07:00,2026-03-28T18:40:14.8859904Z,,v3,643-145631,643-146222,,"Parker, Will",1000474009,Right,POM_COL,ddc84416-9f1d-453a-872c-8a4508c20d18,54.98784,-132.75932,14.80647,6.43865,0.9364,-9.17595,-1.14442,4.95648,-5.77709,,,,,,,,,,,,,,,,,,,,,,,,,,,,,,,,,,,,,,,,,,,,,,,,,,,High,High,High,,,,,
81,2026-03-28,11:40:34.74,3,4,"Polishuk, Will",1000375103,Right,POM_COL,"Jasso, Alexander",1000218885,Right,WHI_COL1,Undefined,3,Top,2,1,2,Fastball,Sinker,StrikeCalled,Strikeout,Undefined,Undefined,0,0,,91.00005,-2.94242,-3.800692,2364.531606,227.583287,1:30,6.30166,1.3595,5.44398,-20.43304,13.95698,14.0852,1.83542,-1.03054,83.47678,-6.734144,-1.299394,0.422073,,,,,,,,,,,,-8.06256,8.13752,-1.033,50,6.02696,8.10251,-131.72255,-7.4995,-14.22483,26.88272,-17.81697,POM_COL,WHI_COL1,PomonaPitzer,TeamExclusive,Team,20260328-PomonaPitzer-Private-1,9bc07cc0-2ad5-11f1-8cbf-a1be09b69ae6,89.30314,,,7.52327,,,,,,,afc8f227-0d99-4f26-9ec5-9eb72a8ad494,2026-03-28,18:40:34.74,2026-03-28T11:40:34.7470000-07:00,2026-03-28T18:40:34.7470000Z,,v3,643-145631,643-146222,,"Parker, Will",1000474009,Right,POM_COL,1b031cc5-b983-4600-85b8-52edbddf6c35,55.0541,-132.75002,13.44136,6.30057,-6.81853,-8.90848,-1.35307,8.64618,-7.11241,,,,,,,,,,,,,,,,,,,,,,,,,,,,,68.95402,,,0.998608,,,,0.90857,5.08532,4.29006,71.23571,4.99081,-53.55309,0.92774,75.02154,-4.63192,5.13598,16.07829,-16.27334,4.2419,-64.79048,6.94949,High,High,High,,,High,High,High
82,2026-03-28,11:42:33.49,1,1,"Calkin, Carter",1000415859,Right,WHI_COL1,"Gonzaga, Kai",10138924,Left,POM_COL,Undefined,3,Bottom,0,0,0,Curveball,Curveball,StrikeCalled,Undefined,Undefined,Undefined,0,0,,65.08973,3.047673,0.495894,1840.314589,49.586394,7:45,6.41804,1.01586,6.0691,-74.46866,-8.70339,-12.66012,3.03537,0.41976,60.01648,-10.635301,-1.787966,0.583673,,,,,,,,,,,,6.58918,-4.55524,-1.04808,50,6.61608,-0.42207,-94.53233,3.06946,5.9322,15.09502,-36.27512,POM_COL,WHI_COL1,PomonaPitzer,TeamExclusive,Team,20260328-PomonaPitzer-Private-1,e2882590-2ad5-11f1-8cbf-a1be09b69ae6,64.57799,,,5.07326,,,,,,,afc8f227-0d99-4f26-9ec5-9eb72a8ad494,2026-03-28,18:42:33.49,2026-03-28T11:42:33.4936576-07:00,2026-03-28T18:42:33.4936576Z,,v3,643-145631,643-146222,,"Brummett, Jackson",10114400,Right,WHI_COL1,ee219373-8108-4f62-8014-4d93b10ded12,54.43324,-95.23761,7.54751,6.43308,4.76431,-18.13756,-1.02189,-0.69924,2.9661,,,,,,,,,,,,,,,,,,,,,,,,,,,,,,,,,,,,,,,,,,,,,,,,,,,High,High,High,,,,,
83,2026-03-28,11:42:50.74,1,2,"Calkin, Carter",1000415859,Right,WHI_COL1,"Gonzaga, Kai",10138924,Left,POM_COL,Undefined,3,Bottom,0,0,1,ChangeUp,Changeup,BallCalled,Undefined,Undefined,Undefined,0,0,,70.52298,0.611022,1.131548,1549.00679,179.845047,12:00,5.79074,1.77446,5.9528,-47.23034,9.08642,-0.01953,2.42168,2.82238,64.55857,-8.145246,1.128036,0.54012,,,,,,,,,,,,0.34315,5.07256,-1.86439,50,5.81318,-2.0214,-102.37355,-0.19186,0.36208,17.79886,-26.82146,POM_COL,WHI_COL1,PomonaPitzer,TeamExclusive,Team,20260328-PomonaPitzer-Private-1,ecd6b250-2ad5-11f1-8cbf-a1be09b69ae6,69.7853,,,5.9644,,,,,,,afc8f227-0d99-4f26-9ec5-9eb72a8ad494,2026-03-28,18:42:50.74,2026-03-28T11:42:50.7432960-07:00,2026-03-28T18:42:50.7432960Z,,v3,643-145631,643-146222,,"Brummett, Jackson",10114400,Right,WHI_COL1,5711f9dd-9a78-4381-9a43-87750b1da0b1,54.54321,-103.16041,8.89943,5.79545,0.99388,-13.41073,-1.77467,-2.03741,0.18104,,,,,,,,,,,,,,,,,,,,,,,,,,,,,,,,,,,,,,,,,,,,,,,,,,,High,High,High,,,,,
84,2026-03-28,11:43:07.99,1,3,"Calkin, Carter",1000415859,Right,WHI_COL1,"Gonzaga, Kai",10138924,Left,POM_COL,Undefined,3,Bottom,0,1,1,Curveball,Curveball,StrikeCalled,Undefined,Undefined,Undefined,0,0,,64.51337,3.613801,1.196365,1815.157689,51.256437,7:45,6.39434,1.05005,5.167,-76.75299,-7.24552,-11.85107,3.40458,1.18856,59.23048,-10.280779,-0.90378,0.60005,,,,,,,,,,,,6.17315,-3.80197,-1.1524,50,6.67366,-1.54118,-93.45581,3.62919,5.42958,14.80729,-35.51806,POM_COL,WHI_COL1,PomonaPitzer,TeamExclusive,Team,20260328-PomonaPitzer-Private-1,f7197f40-2ad5-11f1-8cbf-a1be09b69ae6,62.81554,,,5.2829,,,,,,,afc8f227-0d99-4f26-9ec5-9eb72a8ad494,2026-03-28,18:43:07.99,2026-03-28T11:43:07.9900672-07:00,2026-03-28T18:43:07.9900672Z,,v3,643-145631,643-146222,,"Brummett, Jackson",10114400,Right,WHI_COL1,9527a54f-3b8f-4267-82fe-996940027dba,55.33397,-94.29714,7.40365,6.41012,5.6473,-17.75903,-1.05607,-1.84969,2.71479,,,,,,,,,,,,,,,,,,,,,,,,,,,,,,,,,,,,,,,,,,,,,,,,,,,High,High,High,,,,,
85,2026-03-28,11:43:26.34,1,4,"Calkin, Carter",1000415859,Right,WHI_COL1,"Gonzaga, Kai",10138924,Left,POM_COL,Undefined,3,Bottom,0,1,2,Fastball,Changeup,BallCalled,Undefined,Undefined,Undefined,0,0,,81.88292,0.583958,-1.739717,2180.16597,212.540445,1:00,6.56058,1.43144,6.20895,-26.21411,14.66477,8.59331,4.9153,0.54138,75.30878,-4.349988,-0.189118,0.460173,,,,,,,,,,,,-4.85563,7.81996,-1.30479,50,6.59111,3.28796,-119.01891,0.47791,-7.0171,21.2408,-20.87306,POM_COL,WHI_COL1,PomonaPitzer,TeamExclusive,Team,20260328-PomonaPitzer-Private-1,01f530d0-2ad6-11f1-8cbf-a1be09b69ae6,81.9093,,,6.57413,,,,,,,afc8f227-0d99-4f26-9ec5-9eb72a8ad494,2026-03-28,18:43:26.34,2026-03-28T11:43:26.3422464-07:00,2026-03-28T18:43:26.3422464Z,,v3,643-145631,643-146222,,"Brummett, Jackson",10114400,Right,WHI_COL1,208257d6-b2f9-447c-b35a-32796cc2527d,54.28793,-119.78172,10.6204,6.56049,1.22751,-10.43653,-1.42739,3.53996,-3.50855,,,,,,,,,,,,,,,,,,,,,,,,,,,,,,,,,,,,,,,,,,,,,,,,,,,High,High,High,,,,,
86,2026-03-28,11:43:46.62,1,5,"Calkin, Carter",1000415859,Right,WHI_COL1,"Gonzaga, Kai",10138924,Left,POM_COL,Undefined,3,Bottom,0,2,2,Curveball,Curveball,BallCalled,Undefined,Undefined,Undefined,0,0,,64.2389,5.06443,2.30926,1693.072784,57.302767,8:00,6.32807,0.9579,5.91791,-74.3363,-5.865,-12.63646,4.84942,2.04908,58.58498,-8.611903,0.045599,0.59556,,,,,,,,,,,,7.01874,-3.56772,-1.13639,50,6.69443,-3.33819,-92.92052,6.26403,6.10086,14.6789,-35.27519,POM_COL,WHI_COL1,PomonaPitzer,TeamExclusive,Team,20260328-PomonaPitzer-Private-1,0e235300-2ad6-11f1-8cbf-a1be09b69ae6,63.28905,,,5.65392,,,,,,,afc8f227-0d99-4f26-9ec5-9eb72a8ad494,2026-03-28,18:43:46.62,2026-03-28T11:43:46.6280448-07:00,2026-03-28T18:43:46.6280448Z,,v3,643-145631,643-146222,,"Brummett, Jackson",10114400,Right,WHI_COL1,cfbd0e01-eca2-44a5-9d2b-5a357984a6e9,54.58213,-93.64157,7.33945,6.34417,7.99681,-17.6376,-0.96505,-3.63787,3.05043,,,,,,,,,,,,,,,,,,,,,,,,,,,,,,,,,,,,,,,,,,,,,,,,,,,High,High,High,,,,,
87,2026-03-28,11:44:04.13,1,6,"Calkin, Carter",1000415859,Right,WHI_COL1,"Gonzaga, Kai",10138924,Left,POM_COL,Undefined,3,Bottom,0,3,2,Fastball,Changeup,BallCalled,Walk,Undefined,Undefined,0,0,,81.69855,-3.799996,-2.95538,2252.294,211.724736,1:00,6.3413,1.24836,6.42134,-27.08305,13.64867,7.71957,0.58148,-0.82745,76.07114,-8.833588,-1.556452,0.459344,,,,,,,,,,,,-4.76925,8.43693,-1.04084,50,6.05707,5.85154,-118.53457,-8.62891,-6.87189,19.95362,-20.01745,POM_COL,WHI_COL1,PomonaPitzer,TeamExclusive,Team,20260328-PomonaPitzer-Private-1,187e62e0-2ad6-11f1-8cbf-a1be09b69ae6,82.05716,,,5.62741,,,,,,,afc8f227-0d99-4f26-9ec5-9eb72a8ad494,2026-03-28,18:44:04.13,2026-03-28T11:44:04.1331200-07:00,2026-03-28T18:44:04.1331200Z,,v3,643-145631,643-146222,,"Brummett, Jackson",10114400,Right,WHI_COL1,b070161b-e1c7-4e5a-9064-0af9b9830d42,54.07876,-119.21919,9.97681,6.34136,-7.94209,-10.00873,-1.24566,6.08732,-3.43594,,,,,,,,,,,,,,,,,,,,,,,,,,,,,,,,,,,,,,,,,,,,,,,,,,,High,High,High,,,,,
88,2026-03-28,11:44:46.95,2,1,"Calkin, Carter",1000415859,Right,WHI_COL1,"Pierantoni, Greg",1000091552,Right,POM_COL,Undefined,3,Bottom,0,0,0,Fastball,Changeup,FoulBallNotFieldable,Undefined,Undefined,Undefined,0,0,,79.84639,-0.674117,-1.79219,2137.512553,199.473743,12:45,6.53276,1.63834,6.09953,-26.80348,16.70068,5.41319,3.67534,0.43138,73.05226,-5.722761,-0.817181,0.474719,,,,,,,,,,,,-3.30343,9.233,-1.50327,50,6.46675,3.43077,-115.96819,-2.10247,-4.49318,21.93368,-19.61578,POM_COL,WHI_COL1,PomonaPitzer,TeamExclusive,Team,20260328-PomonaPitzer-Private-1,3208c700-2ad6-11f1-8cbf-a1be09b69ae6,79.39943,,,6.79413,,,,,,,afc8f227-0d99-4f26-9ec5-9eb72a8ad494,2026-03-28,18:44:46.95,2026-03-28T11:44:46.9518336-07:00,2026-03-28T18:44:46.9518336Z,,v3,643-145631,643-146222,,"Brummett, Jackson",10114400,Right,WHI_COL1,3b81e506-f58c-410d-b716-7349bdb55b82,54.39816,-116.79707,10.96684,6.5322,-1.36118,-9.80789,-1.63613,3.60057,-2.24659,,,,,,,,,,,,,,,,,,,,,,,,,,,,,,,,,,,,,,,,,,,,,,,,,,,High,High,High,,,,,
89,2026-03-28,11:45:20.87,2,2,"Calkin, Carter",1000415859,Right,WHI_COL1,"Pierantoni, Greg",1000091552,Right,POM_COL,Undefined,3,Bottom,0,0,1,Fastball,Changeup,BallCalled,Undefined,Undefined,Undefined,0,0,,80.21415,-2.613799,-3.697874,2141.769807,219.926021,1:15,6.50713,1.74374,5.8709,-30.16533,13.4541,10.08603,1.55878,-0.85529,73.74095,-8.202668,-1.89139,0.475348,,,,,,,,,,,,-6.16162,8.0376,-1.44992,50,6.27761,7.12435,-116.18851,-6.21965,-8.43403,21.49901,-21.17212,POM_COL,WHI_COL1,PomonaPitzer,TeamExclusive,Team,20260328-PomonaPitzer-Private-1,463d0c90-2ad6-11f1-8cbf-a1be09b69ae6,79.29446,,,6.4732,,,,,,,afc8f227-0d99-4f26-9ec5-9eb72a8ad494,2026-03-28,18:45:20.87,2026-03-28T11:45:20.8750592-07:00,2026-03-28T18:45:20.8750592Z,,v3,643-145631,643-146222,,"Brummett, Jackson",10114400,Right,WHI_COL1,bb2a19c4-e86a-430c-a90c-97982febe22d,54.62667,-117.04148,10.7495,6.50771,-5.37965,-10.58606,-1.73922,7.45897,-4.21701,,,,,,,,,,,,,,,,,,,,,,,,,,,,,,,,,,,,,,,,,,,,,,,,,,,High,High,High,,,,,
90,2026-03-28,11:45:38.41,2,3,"Calkin, Carter",1000415859,Right,WHI_COL1,"Pierantoni, Greg",1000091552,Right,POM_COL,Undefined,3,Bottom,0,1,1,Fastball,Changeup,BallCalled,Undefined,Undefined,Undefined,0,0,,81.48516,-2.275304,-3.965482,2135.945029,200.177488,12:45,6.58409,1.54512,6.26324,-23.18285,18.48552,6.29898,2.54823,-1.59198,74.68183,-6.656718,-2.830996,0.464595,,,,,,,,,,,,-4.33292,10.62044,-1.25374,50,6.40352,7.94717,-118.05739,-5.30715,-6.12101,22.27211,-17.17073,POM_COL,WHI_COL1,PomonaPitzer,TeamExclusive,Team,20260328-PomonaPitzer-Private-1,50acdcf0-2ad6-11f1-8cbf-a1be09b69ae6,81.12964,,,6.80333,,,,,,,afc8f227-0d99-4f26-9ec5-9eb72a8ad494,2026-03-28,18:45:38.41,2026-03-28T11:45:38.4173056-07:00,2026-03-28T18:45:38.4173056Z,,v3,643-145631,643-146222,,"Brummett, Jackson",10114400,Right,WHI_COL1,43a58fb2-d2e6-4489-bd68-6db6ab88222a,54.2327,-118.85323,11.13606,6.5822,-4.6936,-8.58536,-1.54162,8.16589,-3.06051,,,,,,,,,,,,,,,,,,,,,,,,,,,,,,,,,,,,,,,,,,,,,,,,,,,High,High,High,,,,,
91,2026-03-28,11:45:57.08,2,4,"Calkin, Carter",1000415859,Right,WHI_COL1,"Pierantoni, Greg",1000091552,Right,POM_COL,Undefined,3,Bottom,0,2,1,Fastball,Changeup,BallCalled,Undefined,Undefined,Undefined,0,0,,81.03925,-1.669731,-4.243954,2087.65862,196.807731,12:30,6.55206,1.61195,6.32816,-22.79548,19.46194,5.44705,3.11017,-1.8494,73.81041,-6.0093,-3.262648,0.467867,,,,,,,,,,,,-4.04685,11.01969,-1.30416,50,6.41884,8.5049,-117.35469,-3.9989,-5.61577,23.23132,-16.88208,POM_COL,WHI_COL1,PomonaPitzer,TeamExclusive,Team,20260328-PomonaPitzer-Private-1,5bd798e0-2ad6-11f1-8cbf-a1be09b69ae6,80.56222,,,7.22884,,,,,,,afc8f227-0d99-4f26-9ec5-9eb72a8ad494,2026-03-28,18:45:57.08,2026-03-28T11:45:57.0896896-07:00,2026-03-28T18:45:57.0896896Z,,v3,643-145631,643-146222,,"Brummett, Jackson",10114400,Right,WHI_COL1,af2dc5a7-b572-4d94-ba41-ae6ba72d9eff,54.16679,-118.17666,11.61566,6.54976,-3.40158,-8.44104,-1.6086,8.7036,-2.80789,,,,,,,,,,,,,,,,,,,,,,,,,,,,,,,,,,,,,,,,,,,,,,,,,,,High,High,High,,,,,
92,2026-03-28,11:46:15.46,2,5,"Calkin, Carter",1000415859,Right,WHI_COL1,"Pierantoni, Greg",1000091552,Right,POM_COL,Undefined,3,Bottom,0,3,1,Fastball,Changeup,FoulBallNotFieldable,Undefined,Undefined,Undefined,0,0,,80.40308,-1.727213,-1.78052,2142.965738,213.912,1:15,6.48314,1.46014,6.33378,-26.5932,16.23206,9.92548,2.67543,0.64729,73.2067,-6.760479,0.016247,0.471001,78.43695,20.336267,-44.011923,2559.865143,76.47824,21.2724,-79.06296,195.56478,118.98115,-49.753443,2.191755,-5.73571,9.41658,-1.33503,50,6.34465,3.27656,-116.722,-4.22329,-7.84314,23.77651,-19.29758,POM_COL,WHI_COL1,PomonaPitzer,TeamExclusive,Team,20260328-PomonaPitzer-Private-1,66c328f0-2ad6-11f1-8cbf-a1be09b69ae6,80.02632,21.51409,,7.19639,,,,2.40777,2.93719,-0.71825,afc8f227-0d99-4f26-9ec5-9eb72a8ad494,2026-03-28,18:46:15.46,2026-03-28T11:46:15.4637312-07:00,2026-03-28T18:46:15.4637312Z,LineDrive,v3,643-145631,643-146222,,"Brummett, Jackson",10114400,Right,WHI_COL1,b2ad6dbb-3ec1-47aa-9752-b112a2ace992,54.16424,-117.5672,11.88826,6.48259,-3.5373,-9.64879,-1.45646,3.55536,-3.92157,,2.40775,77.58151,-10.41822,0.42106,-0.15435,0.32352,-0.27231,0.0975,-0.01273,2.93722,39.97807,-24.42685,3.61821,-0.6134,-0.04166,0.10011,-0.03377,0.00386,-0.71826,-74.94878,5.68412,-1.7538,0.42241,-0.08828,0.03284,-0.01249,0.00186,,,,,,,,,,,,,,,,,,,,,,,High,High,High,Medium,Medium,,,
93,2026-03-28,11:46:49.35,2,6,"Calkin, Carter",1000415859,Right,WHI_COL1,"Pierantoni, Greg",1000091552,Right,POM_COL,Undefined,3,Bottom,0,3,2,Fastball,Changeup,FoulBallNotFieldable,Undefined,Undefined,Undefined,0,0,,80.90377,-1.718383,-2.420341,2092.348082,207.892411,1:00,6.55908,1.33751,6.23418,-23.89426,18.88725,9.1689,2.98078,-0.13252,73.08305,-6.277905,-0.765291,0.47076,51.0041,-55.826514,145.951881,,,,,1.35847,1.35846,112.189975,0.047292,-5.53111,10.79942,-1.16129,50,6.41899,4.61741,-117.28344,-4.13616,-7.58643,25.34609,-17.36171,POM_COL,WHI_COL1,PomonaPitzer,TeamExclusive,Team,20260328-PomonaPitzer-Private-1,7af91c30-2ad6-11f1-8cbf-a1be09b69ae6,80.06723,2.95103,,7.82072,,,,1.14699,2.95103,0.1361,afc8f227-0d99-4f26-9ec5-9eb72a8ad494,2026-03-28,18:46:49.35,2026-03-28T11:46:49.3526528-07:00,2026-03-28T18:46:49.3526528Z,GroundBall,v3,643-145631,643-146222,,"Brummett, Jackson",10114400,Right,WHI_COL1,f8bb4bb2-8731-417f-8f20-a8a1863c2aff,54.26177,-118.20086,12.67305,6.55733,-3.50774,-8.68085,-1.33339,4.892,-3.79322,,1.14918,-35.10214,,,,,,,,2.95491,-62.40008,,,,,,,,0.13463,23.71961,,,,,,,,,,,,,,,,,,,,,,,,,,,,,,High,High,High,Estimated,Estimated,,,
94,2026-03-28,11:47:17.52,2,7,"Calkin, Carter",1000415859,Right,WHI_COL1,"Pierantoni, Greg",1000091552,Right,POM_COL,Undefined,3,Bottom,0,3,2,Fastball,Four-Seam,StrikeSwinging,Strikeout,Undefined,Undefined,1,0,,82.06385,-2.343343,-3.632402,2216.017506,197.197454,12:30,6.53121,1.4508,6.3634,-20.77324,20.51867,5.89981,2.6381,-1.40476,74.4698,-6.323826,-2.567282,0.462492,,,,,,,,,,,,-4.14925,11.80375,-1.19018,50,6.35131,7.32093,-118.83883,-5.37196,-5.87871,24.74435,-15.45032,POM_COL,WHI_COL1,PomonaPitzer,TeamExclusive,Team,20260328-PomonaPitzer-Private-1,8bc18700-2ad6-11f1-8cbf-a1be09b69ae6,81.49865,,,7.59405,,,,,,,afc8f227-0d99-4f26-9ec5-9eb72a8ad494,2026-03-28,18:47:17.52,2026-03-28T11:47:17.5210000-07:00,2026-03-28T18:47:17.5210000Z,,v3,643-145631,643-146222,,"Brummett, Jackson",10114400,Right,WHI_COL1,ddff19b6-c7cb-4c19-afc5-fe77423be279,54.13111,-119.69591,12.37218,6.52811,-4.8368,-7.72516,-1.44728,7.52455,-2.93936,,,,,,,,,,,,,,,,,,,,,,,,,,,,,70.17425,2.180868,0.721664,1.459204,-1.83802,2.26865,1.54882,-1.29488,5.28211,2.66462,127.28087,5.78577,2.90048,-1.10714,99.30344,-7.83568,5.3302,18.81094,-12.70115,2.6424,-0.87075,0.72714,High,High,High,,,High,High,High
95,2026-03-28,11:47:59.82,3,1,"Calkin, Carter",1000415859,Right,WHI_COL1,"Gold, Jack",1000108729,Left,POM_COL,Undefined,3,Bottom,2,0,0,Curveball,Curveball,StrikeCalled,Undefined,Undefined,Undefined,0,0,,65.9266,2.538217,0.666012,1810.754272,45.53331,7:30,6.33467,0.92954,6.34024,-73.6461,-9.90225,-12.24158,2.536,0.52261,60.55983,-11.065864,-1.555455,0.574633,,,,,,,,,,,,6.50323,-5.1137,-0.97297,50,6.48669,-0.73786,-95.78266,2.35683,5.97257,16.36918,-36.87047,POM_COL,WHI_COL1,PomonaPitzer,TeamExclusive,Team,20260328-PomonaPitzer-Private-1,a58dfd30-2ad6-11f1-8cbf-a1be09b69ae6,65.59394,,,5.36677,,,,,,,afc8f227-0d99-4f26-9ec5-9eb72a8ad494,2026-03-28,18:47:59.82,2026-03-28T11:47:59.8259200-07:00,2026-03-28T18:47:59.8259200Z,,v3,643-145631,643-146222,,"Brummett, Jackson",10114400,Right,WHI_COL1,32f7809c-042d-4849-96e8-6ef8386d7e44,54.1617,-96.49127,8.18459,6.35012,3.95293,-18.43523,-0.93543,-0.9964,2.98628,,,,,,,,,,,,,,,,,,,,,,,,,,,,,,,,,,,,,,,,,,,,,,,,,,,High,High,High,,,,,
96,2026-03-28,11:48:16.18,3,2,"Calkin, Carter",1000415859,Right,WHI_COL1,"Gold, Jack",1000108729,Left,POM_COL,Undefined,3,Bottom,2,0,1,Fastball,Changeup,FoulBallNotFieldable,Undefined,Undefined,Undefined,0,0,,82.31347,-2.45368,-2.254007,2164.692739,215.318466,1:15,6.42765,1.20349,6.23076,-24.71261,15.88934,10.36981,2.10145,-0.0129,75.81181,-7.092636,-0.381087,0.458612,,,,,,,,,,,,-5.98638,9.28859,-1.04019,50,6.23189,4.32258,-119.51602,-5.81178,-8.69546,22.12041,-18.68202,POM_COL,WHI_COL1,PomonaPitzer,TeamExclusive,Team,20260328-PomonaPitzer-Private-1,aeb9b4d0-2ad6-11f1-8cbf-a1be09b69ae6,82.18817,,,6.50166,,,,,,,afc8f227-0d99-4f26-9ec5-9eb72a8ad494,2026-03-28,18:48:16.18,2026-03-28T11:48:16.1889792-07:00,2026-03-28T18:48:16.1889792Z,,v3,643-145631,643-146222,,"Brummett, Jackson",10114400,Right,WHI_COL1,82f43e45-70b6-45bf-abc6-4d2d148cef90,54.26804,-120.30337,11.0602,6.42692,-5.14681,-9.34101,-1.19956,4.63209,-4.34773,,,,,,,,,,,,,,,,,,,,,,,,,,,,,,,,,,,,,,,,,,,,,,,,,,,High,High,High,,,,,
97,2026-03-28,11:48:37.79,3,3,"Calkin, Carter",1000415859,Right,WHI_COL1,"Gold, Jack",1000108729,Left,POM_COL,Undefined,3,Bottom,2,0,2,Fastball,Changeup,InPlay,Undefined,LineDrive,Single,0,0,,81.76919,-1.606971,-2.05248,2092.656646,220.397418,1:15,6.321,1.40851,6.09139,-29.91958,11.47953,8.67374,2.33992,0.23197,75.20596,-7.179778,-0.489272,0.463091,95.23544,13.335428,-1.486267,1425.924038,109.67811,17.92539,-8.40897,232.7831,232.7831,-7.331756,2.160735,-5.04638,6.75725,-1.25482,50,6.18121,3.93317,-118.759,-4.22195,-7.22117,22.32402,-22.50471,POM_COL,WHI_COL1,PomonaPitzer,TeamExclusive,Team,20260328-PomonaPitzer-Private-1,bb9ecaf0-2ad6-11f1-8cbf-a1be09b69ae6,81.39308,18.12106,,6.56323,,,,0.76489,2.30146,-0.23633,afc8f227-0d99-4f26-9ec5-9eb72a8ad494,2026-03-28,18:48:37.79,2026-03-28T11:48:37.7999872-07:00,2026-03-28T18:48:37.7999872Z,LineDrive,v3,643-145631,643-146222,,"Brummett, Jackson",10114400,Right,WHI_COL1,1a28f0b4-4ca6-401e-9787-002f5f323a10,54.40741,-119.58462,11.16201,6.32197,-3.38965,-11.25235,-1.40523,4.20023,-3.61058,109.387414,0.76491,135.86515,-18.51937,3.237,-0.61154,0.13929,-0.05139,0.01438,-0.0017,2.30144,32.21864,-17.5172,1.32613,-0.25472,0.04573,0.00698,-0.00566,0.00089,-0.23627,-3.52992,-7.9457,2.27884,-0.48706,0.13458,-0.0738,0.02588,-0.00344,,,,,,,,,,,,,,,,,,,,,,,High,High,High,High,High,,,
98,2026-03-28,11:49:15.87,4,1,"Calkin, Carter",1000415859,Right,WHI_COL1,"DeGrazia, Tanner",1000214434,Right,POM_COL,Undefined,3,Bottom,2,0,0,Fastball,Changeup,InPlay,Undefined,FlyBall,Out,1,0,,81.98838,-2.573846,-3.189578,2169.757512,205.136191,12:45,6.58434,1.30549,6.35628,-22.67694,18.72973,8.09638,2.32042,-0.95846,74.37142,-6.896974,-1.725984,0.463134,82.60921,39.614274,11.506482,,104.86806,80.12299,33.20654,262.81868,240.37619,24.378713,4.996906,-5.21575,10.99733,-1.07781,50,6.38681,6.32318,-118.78502,-5.92304,-7.36576,25.21437,-16.64342,POM_COL,WHI_COL1,PomonaPitzer,TeamExclusive,Team,20260328-PomonaPitzer-Private-1,d258f810-2ad6-11f1-8cbf-a1be09b69ae6,81.3856,89.67047,,7.61695,,,,0.46925,2.48102,0.82071,afc8f227-0d99-4f26-9ec5-9eb72a8ad494,2026-03-28,18:49:15.87,2026-03-28T11:49:15.8754816-07:00,2026-03-28T18:49:15.8754816Z,FlyBall,v3,643-145631,643-146222,,"Brummett, Jackson",10114400,Right,WHI_COL1,bf486aa7-4339-45a6-b802-b98f6a0dff3f,54.14046,-119.66069,12.60719,6.58247,-5.34504,-8.32171,-1.30185,6.57898,-3.68288,203.021959,0.47244,91.3942,-22.58689,5.78253,-1.03389,0.11833,-0.00838,0.00061,-4E-05,2.48129,77.24071,-18.5025,0.24778,0.44907,-0.22781,0.05918,-0.00777,0.0004,0.82037,18.62664,2.43684,-1.00864,0.27724,-0.05272,0.00661,-0.0005,2E-05,,,,,,,,,,,,,,,,,,,,,,,High,High,High,Low,Medium,,,
99,2026-03-28,11:51:20.47,1,1,"Polishuk, Will",1000375103,Right,POM_COL,"Plaskett, Joe",1000237974,Right,WHI_COL1,Undefined,4,Top,0,0,0,ChangeUp,Slider,InPlay,Undefined,GroundBall,Out,1,0,,80.37958,-0.354646,-2.405247,2131.438028,289.233248,3:45,6.07398,1.34119,5.38615,-43.52424,0.76705,1.93358,2.11425,-0.75345,73.62489,-8.288103,-2.061326,0.478994,56.21274,-61.530879,-43.670497,,,,,1.67023,1.67023,0.386476,0.02794,-1.67827,0.895,-1.12754,50,6.0115,4.81909,-116.575,-2.22728,-2.29823,22.9137,-30.94843,POM_COL,WHI_COL1,PomonaPitzer,TeamExclusive,Team,20260328-PomonaPitzer-Private-1,1c9a3740-2ad7-11f1-8cbf-a1be09b69ae6,78.69076,2.03446,,6.75469,,,,0.87222,2.03446,0.77304,afc8f227-0d99-4f26-9ec5-9eb72a8ad494,2026-03-28,18:51:20.47,2026-03-28T11:51:20.4777984-07:00,2026-03-28T18:51:20.4777984Z,GroundBall,v3,643-145631,643-146222,,"Parker, Will",1000474009,Right,POM_COL,7f167a19-1388-4d5b-bbc1-aaa93de58a3c,55.11291,-117.57569,11.45685,6.07926,-0.8757,-15.47421,-1.34019,4.91946,-1.14911,,0.87162,28.56024,,,,,,,,2.03598,-72.81547,,,,,,,,0.77361,-27.26464,,,,,,,,,,,,,,,,,,,,,,,,,,,,,,High,High,High,Estimated,Estimated,,,
100,2026-03-28,11:51:53.65,2,1,"Polishuk, Will",1000375103,Right,POM_COL,"Cardoza, Aidan",1000339820,Right,WHI_COL1,Undefined,4,Top,1,0,0,Fastball,Four-Seam,BallCalled,Undefined,Undefined,Undefined,0,0,,88.19385,-2.353963,-4.537511,2414.84716,221.42242,1:30,6.21854,1.48072,5.66083,-20.01056,16.73946,13.62824,2.34776,-1.62375,79.94957,-6.126691,-2.112239,0.436315,,,,,,,,,,,,-8.17485,9.54646,-1.10448,50,6.00621,9.50543,-127.46262,-5.87544,-13.35454,27.9147,-16.57885,POM_COL,WHI_COL1,PomonaPitzer,TeamExclusive,Team,20260328-PomonaPitzer-Private-1,305ad370-2ad7-11f1-8cbf-a1be09b69ae6,86.38813,,,8.24427,,,,,,,afc8f227-0d99-4f26-9ec5-9eb72a8ad494,2026-03-28,18:51:53.65,2026-03-28T11:51:53.6563712-07:00,2026-03-28T18:51:53.6563712Z,,v3,643-145631,643-146222,,"Parker, Will",1000474009,Right,POM_COL,1fde2238-1d58-4aa7-9834-35ce744c59ed,54.8342,-128.51697,13.95735,6.21631,-5.24926,-8.28942,-1.47303,10.00984,-6.67727,,,,,,,,,,,,,,,,,,,,,,,,,,,,,,,,,,,,,,,,,,,,,,,,,,,High,High,High,,,,,
101,2026-03-28,11:52:10.07,2,2,"Polishuk, Will",1000375103,Right,POM_COL,"Cardoza, Aidan",1000339820,Right,WHI_COL1,Undefined,4,Top,1,1,0,Fastball,Four-Seam,BallCalled,Undefined,Undefined,Undefined,0,0,,90.24133,-0.992673,-1.269932,2437.603905,219.137339,1:15,6.21769,1.44748,5.35529,-17.61095,17.53143,13.31914,3.81881,1.36621,82.06673,-4.313967,1.096567,0.426665,,,,,,,,,,,,-6.95469,9.38776,-1.34265,50,6.11613,2.26953,-130.87195,-2.83807,-12.02289,28.45013,-15.94495,POM_COL,WHI_COL1,PomonaPitzer,TeamExclusive,Team,20260328-PomonaPitzer-Private-1,3a16e430-2ad7-11f1-8cbf-a1be09b69ae6,88.34202,,,8.1746,,,,,,,afc8f227-0d99-4f26-9ec5-9eb72a8ad494,2026-03-28,18:52:10.07,2026-03-28T11:52:10.0754432-07:00,2026-03-28T18:52:10.0754432Z,,v3,643-145631,643-146222,,"Parker, Will",1000474009,Right,POM_COL,ac3c35c6-9c44-4ead-bca1-d7a44ae7cf83,55.13991,-131.98458,14.22507,6.21493,-2.21449,-7.97247,-1.44061,2.73972,-6.01144,,,,,,,,,,,,,,,,,,,,,,,,,,,,,,,,,,,,,,,,,,,,,,,,,,,High,High,High,,,,,
102,2026-03-28,11:52:27.24,2,3,"Polishuk, Will",1000375103,Right,POM_COL,"Cardoza, Aidan",1000339820,Right,WHI_COL1,Undefined,4,Top,1,2,0,Fastball,Sinker,BallCalled,Undefined,Undefined,Undefined,0,0,,89.32543,-3.240627,-1.207775,2365.885468,221.58286,1:30,6.15184,1.31975,5.37699,-18.87576,17.1045,14.08894,1.53697,1.36141,81.36796,-6.771133,1.297936,0.431721,,,,,,,,,,,,-7.40272,9.89591,-1.2218,50,5.84839,2.08595,-129.37762,-7.94914,-12.48218,28.29942,-15.48791,POM_COL,WHI_COL1,PomonaPitzer,TeamExclusive,Team,20260328-PomonaPitzer-Private-1,445cbe60-2ad7-11f1-8cbf-a1be09b69ae6,87.30731,,,7.95747,,,,,,,afc8f227-0d99-4f26-9ec5-9eb72a8ad494,2026-03-28,18:52:27.24,2026-03-28T11:52:27.2497664-07:00,2026-03-28T18:52:27.2497664Z,,v3,643-145631,643-146222,,"Parker, Will",1000474009,Right,POM_COL,467bbba9-acc7-42a2-b4ff-ab104d4881d3,55.12005,-130.49275,14.14971,6.1496,-7.33885,-7.74396,-1.31369,2.57781,-6.24109,,,,,,,,,,,,,,,,,,,,,,,,,,,,,,,,,,,,,,,,,,,,,,,,,,,High,High,High,,,,,
103,2026-03-28,11:52:47.51,2,4,"Polishuk, Will",1000375103,Right,POM_COL,"Cardoza, Aidan",1000339820,Right,WHI_COL1,Undefined,4,Top,1,3,0,Fastball,Four-Seam,BallCalled,Walk,Undefined,Undefined,0,0,,88.32754,-3.73169,-3.571173,2360.937,211.182624,1:00,6.18152,1.39528,5.55574,-17.41454,19.4019,10.94792,1.23189,-1.03344,80.13604,-7.026636,-1.623239,0.436709,,,,,,,,,,,,-6.57256,11.29418,-1.09356,50,5.8468,7.47786,-127.6258,-8.86111,-10.75424,28.21846,-13.6941,POM_COL,WHI_COL1,PomonaPitzer,TeamExclusive,Team,20260328-PomonaPitzer-Private-1,50747260-2ad7-11f1-8cbf-a1be09b69ae6,86.31018,,,8.19149,,,,,,,afc8f227-0d99-4f26-9ec5-9eb72a8ad494,2026-03-28,18:52:47.51,2026-03-28T11:52:47.5196416-07:00,2026-03-28T18:52:47.5196416Z,,v3,643-145631,643-146222,,"Parker, Will",1000474009,Right,POM_COL,7d789abb-e220-43ad-a56a-d25f1a27d04c,54.94014,-128.71345,14.10923,6.17817,-8.33328,-6.84705,-1.38977,7.89237,-5.37712,,,,,,,,,,,,,,,,,,,,,,,,,,,,,,,,,,,,,,,,,,,,,,,,,,,High,High,High,,,,,
104,2026-03-28,11:53:17.02,3,1,"Polishuk, Will",1000375103,Right,POM_COL,"Eastwood Lilles, Parker",10269960,Right,WHI_COL1,Undefined,4,Top,1,0,0,ChangeUp,Slider,BallCalled,Undefined,Undefined,Undefined,0,0,,80.47524,-1.133615,-3.038807,2091.860166,241.067944,2:00,5.97072,1.34319,5.43311,-42.00695,1.96473,1.07311,1.40689,-1.41586,74.13316,-8.774162,-2.847895,0.477263,,,,,,,,,,,,-1.385,1.72504,-1.07462,50,5.84111,6.15157,-116.68643,-3.75669,-1.90981,21.93025,-29.7954,POM_COL,WHI_COL1,PomonaPitzer,TeamExclusive,Team,20260328-PomonaPitzer-Private-1,6210a7f0-2ad7-11f1-8cbf-a1be09b69ae6,78.97622,,,6.34207,,,,,,,afc8f227-0d99-4f26-9ec5-9eb72a8ad494,2026-03-28,18:53:17.02,2026-03-28T11:53:17.0214400-07:00,2026-03-28T18:53:17.0214400Z,,v3,643-145631,643-146222,,"Parker, Will",1000474009,Right,POM_COL,62f197da-3229-46a7-b813-ed8841a78473,55.06577,-117.63465,10.96513,5.97569,-2.4684,-14.8977,-1.34239,6.23415,-0.9549,,,,,,,,,,,,,,,,,,,,,,,,,,,,,,,,,,,,,,,,,,,,,,,,,,,High,High,High,,,,,
105,2026-03-28,11:53:34.88,3,2,"Polishuk, Will",1000375103,Right,POM_COL,"Eastwood Lilles, Parker",10269960,Right,WHI_COL1,Undefined,4,Top,1,1,0,Slider,Slider,FoulBallNotFieldable,Undefined,Undefined,Undefined,0,0,,80.7984,0.013647,-1.940634,2040.334413,255.41368,2:30,6.00878,1.42375,5.31999,-42.43927,1.73776,0.83736,2.48499,-0.32838,73.49241,-7.74335,-1.791871,0.478376,,,,,,,,,,,,-1.02126,1.2989,-1.24865,50,5.97944,3.93412,-117.12141,-1.45555,-1.40319,24.36207,-30.38944,POM_COL,WHI_COL1,PomonaPitzer,TeamExclusive,Team,20260328-PomonaPitzer-Private-1,6cb3bd50-2ad7-11f1-8cbf-a1be09b69ae6,78.79241,,,7.30599,,,,,,,afc8f227-0d99-4f26-9ec5-9eb72a8ad494,2026-03-28,18:53:34.88,2026-03-28T11:53:34.8893184-07:00,2026-03-28T18:53:34.8893184Z,,v3,643-145631,643-146222,,"Parker, Will",1000474009,Right,POM_COL,b587e0b7-32e6-485f-87b7-867dcdf0c983,55.17782,-118.19353,12.18104,6.01407,-0.11819,-15.19472,-1.42313,3.99587,-0.70159,,,,,,,,,,,,,,,,,,,,,,,,,,,,,,,,,,,,,,,,,,,,,,,,,,,High,High,High,,,,,
106,2026-03-28,11:54:01.27,3,3,"Polishuk, Will",1000375103,Right,POM_COL,"Eastwood Lilles, Parker",10269960,Right,WHI_COL1,Undefined,4,Top,1,1,1,Fastball,Four-Seam,FoulBallNotFieldable,Undefined,Undefined,Undefined,0,0,,88.12631,-2.491649,-2.822556,2203.970696,215.852208,1:15,6.22156,1.32109,5.50147,-20.35785,16.24749,10.8856,2.19035,-0.41384,80.63639,-6.293676,-0.885056,0.435455,,,,,,,,,,,,-6.29807,9.25351,-1.08198,50,5.99005,5.82589,-127.71446,-6.23303,-10.40594,26.21505,-16.88503,POM_COL,WHI_COL1,PomonaPitzer,TeamExclusive,Team,20260328-PomonaPitzer-Private-1,7c6a42f0-2ad7-11f1-8cbf-a1be09b69ae6,86.55869,,,7.48993,,,,,,,afc8f227-0d99-4f26-9ec5-9eb72a8ad494,2026-03-28,18:54:01.27,2026-03-28T11:54:01.2794880-07:00,2026-03-28T18:54:01.2794880Z,,v3,643-145631,643-146222,,"Parker, Will",1000474009,Right,POM_COL,a9126fec-4590-445b-87bd-a4e4be6ef960,54.99731,-128.73613,13.10753,6.22014,-5.57498,-8.44251,-1.31694,6.23144,-5.20297,,,,,,,,,,,,,,,,,,,,,,,,,,,,,,,,,,,,,,,,,,,,,,,,,,,High,High,High,,,,,
107,2026-03-28,11:54:23.97,3,4,"Polishuk, Will",1000375103,Right,POM_COL,"Eastwood Lilles, Parker",10269960,Right,WHI_COL1,Undefined,4,Top,1,1,2,Slider,Slider,BallCalled,Undefined,Undefined,Undefined,0,0,,80.50867,1.930487,-0.373274,2156.617956,270.916749,3:00,6.08249,1.53739,5.54035,-42.57589,1.46221,1.30626,4.33948,1.29737,73.07077,-5.906217,-0.140335,0.477623,,,,,,,,,,,,-0.76642,0.64972,-1.5059,50,6.22201,0.70695,-116.74335,2.48203,-1.04898,23.67563,-31.28481,POM_COL,WHI_COL1,PomonaPitzer,TeamExclusive,Team,20260328-PomonaPitzer-Private-1,89f50ef0-2ad7-11f1-8cbf-a1be09b69ae6,78.91665,,,7.4379,,,,,,,afc8f227-0d99-4f26-9ec5-9eb72a8ad494,2026-03-28,18:54:23.97,2026-03-28T11:54:23.9792640-07:00,2026-03-28T18:54:23.9792640Z,,v3,643-145631,643-146222,,"Parker, Will",1000474009,Right,POM_COL,94fe3903-3100-42d9-8d44-ecd80308bd0a,54.95603,-117.74415,11.83782,6.08914,3.80448,-15.64241,-1.53672,0.75129,-0.52449,,,,,,,,,,,,,,,,,,,,,,,,,,,,,,,,,,,,,,,,,,,,,,,,,,,High,High,High,,,,,
108,2026-03-28,11:54:48.71,3,5,"Polishuk, Will",1000375103,Right,POM_COL,"Eastwood Lilles, Parker",10269960,Right,WHI_COL1,Undefined,4,Top,1,2,2,Slider,Slider,InPlay,Undefined,LineDrive,Single,0,0,,81.52971,-0.129735,-3.346007,2071.736373,230.570545,1:45,6.0552,1.41393,5.50117,-41.0036,2.51488,1.11173,2.51669,-1.62651,73.59557,-7.665286,-3.148277,0.474797,88.01446,10.995756,24.117173,2717.800963,96.41926,11.35669,52.94643,179.14083,179.14083,31.007081,1.700844,-1.67591,1.77177,-1.12207,50,6.01647,6.85207,-117.97701,-1.66969,-2.31766,26.37892,-29.72385,POM_COL,WHI_COL1,PomonaPitzer,TeamExclusive,Team,20260328-PomonaPitzer-Private-1,98b4ff90-2ad7-11f1-8cbf-a1be09b69ae6,79.38638,11.83826,,7.93414,,,,0.32836,2.38794,1.72994,afc8f227-0d99-4f26-9ec5-9eb72a8ad494,2026-03-28,18:54:48.71,2026-03-28T11:54:48.7174656-07:00,2026-03-28T18:54:48.7174656Z,LineDrive,v3,643-145631,643-146222,,"Parker, Will",1000474009,Right,POM_COL,d1268b2e-9461-4581-bf94-fd8c3123fa9c,54.99524,-119.08868,13.18946,6.06045,-0.41707,-14.86192,-1.41288,6.94974,-1.15883,,0.32836,115.65691,-20.09139,4.05536,-0.84963,0.16731,-0.03227,0.005,-0.00041,2.38794,24.62159,-16.78334,1.07227,-0.1552,0.02527,-0.00266,0.00043,-5E-05,1.72994,51.77724,2.04452,-1.12292,0.36748,-0.09677,0.02183,-0.00362,0.00031,,,,,,,,,,,,,,,,,,,,,,,High,High,High,High,High,,,
109,2026-03-28,11:55:31.64,4,1,"Polishuk, Will",1000375103,Right,POM_COL,"O'Driscoll, Collin",1000259196,Right,WHI_COL1,Undefined,4,Top,1,0,0,Fastball,Four-Seam,StrikeSwinging,Undefined,Undefined,Undefined,0,0,,89.28956,-0.527964,-2.715634,2215.957414,216.440382,1:15,6.21443,1.46397,5.48595,-18.81737,17.21418,11.76611,4.1518,-0.09808,80.54868,-4.094696,-0.622768,0.432029,,,,,,,,,,,,-6.68311,9.17087,-1.23365,50,6.15566,5.58565,-129.30655,-1.78458,-11.19394,29.65808,-16.81317,POM_COL,WHI_COL1,PomonaPitzer,TeamExclusive,Team,20260328-PomonaPitzer-Private-1,b23ca490-2ad7-11f1-8cbf-a1be09b69ae6,87.24514,,,8.74088,,,,,,,afc8f227-0d99-4f26-9ec5-9eb72a8ad494,2026-03-28,18:55:31.64,2026-03-28T11:55:31.6423168-07:00,2026-03-28T18:55:31.6423168Z,,v3,643-145631,643-146222,,"Parker, Will",1000474009,Right,POM_COL,db0a7eb1-9703-43ea-afbe-0739d7110356,55.00794,-130.45012,14.82904,6.21198,-1.13629,-8.40658,-1.45734,6.01727,-5.59697,,,,,,,,,,,,,,,,,,,,,,,,,,,,,,,,,,,,,,,,,,,,,,,,,,,High,High,High,,,,,
110,2026-03-28,11:55:49.88,4,2,"Polishuk, Will",1000375103,Right,POM_COL,"O'Driscoll, Collin",1000259196,Right,WHI_COL1,Undefined,4,Top,1,0,1,Fastball,Sinker,StrikeSwinging,Undefined,Undefined,Undefined,0,0,,88.69162,-0.568402,-2.439677,2238.700024,224.552227,1:30,6.10486,1.85126,5.47329,-21.78544,14.59111,13.13957,3.75701,0.66183,80.38662,-4.653307,-0.101725,0.434092,,,,,,,,,,,,-7.25201,7.8691,-1.64558,50,6.04033,4.86994,-128.5291,-2.00386,-12.04986,28.30574,-19.09883,POM_COL,WHI_COL1,PomonaPitzer,TeamExclusive,Team,20260328-PomonaPitzer-Private-1,bd64c870-2ad7-11f1-8cbf-a1be09b69ae6,86.83045,,,8.30501,,,,,,,afc8f227-0d99-4f26-9ec5-9eb72a8ad494,2026-03-28,18:55:49.88,2026-03-28T11:55:49.8889216-07:00,2026-03-28T18:55:49.8889216Z,,v3,643-145631,643-146222,,"Parker, Will",1000474009,Right,POM_COL,4aae1242-1928-4bdf-82d0-30fe6fb5cb00,55.02148,-129.63026,14.15287,6.10384,-1.26088,-9.54942,-1.84415,5.33871,-6.02493,,,,,,,,,,,,,,,,,,,,,,,,,,,,,,,,,,,,,,,,,,,,,,,,,,,High,High,High,,,,,
111,2026-03-28,11:56:11.71,4,3,"Polishuk, Will",1000375103,Right,POM_COL,"O'Driscoll, Collin",1000259196,Right,WHI_COL1,Undefined,4,Top,1,0,2,Fastball,Sinker,InPlay,Undefined,GroundBall,FieldersChoice,1,0,,91.02345,-1.56109,-3.352822,2175.388304,227.248675,1:30,6.24289,1.53858,5.55174,-20.54934,13.73359,13.64977,3.06888,-0.46046,83.05195,-5.401072,-0.922904,0.421415,61.34718,14.407212,-12.571102,3184.105543,,,,134.98291,132.30863,-18.548432,1.81814,-7.845,7.71374,-1.2576,50,6.09425,7.11542,-131.91874,-4.30518,-13.81144,28.30808,-18.59371,POM_COL,WHI_COL1,PomonaPitzer,TeamExclusive,Team,20260328-PomonaPitzer-Private-1,ca21e430-2ad7-11f1-8cbf-a1be09b69ae6,89.44248,12.15521,,7.9715,,,,-0.20429,2.91425,0.48574,afc8f227-0d99-4f26-9ec5-9eb72a8ad494,2026-03-28,18:56:11.71,2026-03-28T11:56:11.7113856-07:00,2026-03-28T18:56:11.7113856Z,GroundBall,v3,643-145631,643-146222,,"Parker, Will",1000474009,Right,POM_COL,38f22bec-90e1-4179-b8f1-bfb1a115a853,54.94682,-132.97603,14.15404,6.24207,-3.61072,-9.29686,-1.53299,7.63127,-6.90572,128.73204,-0.20429,85.057,-10.81208,2.08245,-0.38064,0.05607,-0.00754,0.00137,-0.00015,2.91425,22.38692,-13.81077,0.27217,0.04532,-0.01216,0.00565,-0.00093,4E-05,0.48574,-18.96737,-3.94494,1.02865,-0.26095,0.05276,-0.01019,0.0016,-0.00012,,,,,,,,,,,,,,,,,,,,,,,High,High,High,High,High,,,
112,2026-03-28,11:56:51.42,5,1,"Polishuk, Will",1000375103,Right,POM_COL,"Brummett, Jackson",10114400,Right,WHI_COL1,Undefined,4,Top,2,0,0,Slider,Slider,StrikeCalled,Undefined,Undefined,Undefined,0,0,,79.69266,1.303595,-1.646665,2045.405921,214.618236,1:15,6.06491,1.42661,5.3183,-43.75128,2.06055,0.25224,3.6431,-0.09817,71.71164,-6.73549,-1.60188,0.487147,,,,,,,,,,,,-0.67185,1.16784,-1.27764,50,6.15211,3.30556,-115.35686,1.10339,-0.88852,25.17242,-30.62958,POM_COL,WHI_COL1,PomonaPitzer,TeamExclusive,Team,20260328-PomonaPitzer-Private-1,e1d95d10-2ad7-11f1-8cbf-a1be09b69ae6,77.3738,,,7.98102,,,,,,,afc8f227-0d99-4f26-9ec5-9eb72a8ad494,2026-03-28,18:56:51.42,2026-03-28T11:56:51.4239488-07:00,2026-03-28T18:56:51.4239488Z,,v3,643-145631,643-146222,,"Parker, Will",1000474009,Right,POM_COL,be435c88-fde4-4021-b899-4a5800ae2b06,55.17558,-116.48076,12.58621,6.07232,2.47094,-15.31479,-1.42612,3.34524,-0.44426,,,,,,,,,,,,,,,,,,,,,,,,,,,,,,,,,,,,,,,,,,,,,,,,,,,High,High,High,,,,,
113,2026-03-28,11:57:07.12,5,2,"Polishuk, Will",1000375103,Right,POM_COL,"Brummett, Jackson",10114400,Right,WHI_COL1,Undefined,4,Top,2,0,1,Fastball,Four-Seam,StrikeSwinging,Undefined,Undefined,Undefined,0,0,,90.15308,-0.991346,-2.929398,2206.334345,221.888758,1:30,6.35074,1.11842,5.445,-18.60828,16.57674,13.80631,3.87057,-0.47619,81.86857,-4.497883,-0.475687,0.426924,,,,,,,,,,,,-7.72685,8.9552,-0.8689,50,6.2505,6.04251,-130.62825,-2.87048,-13.29533,28.58968,-16.76517,POM_COL,WHI_COL1,PomonaPitzer,TeamExclusive,Team,20260328-PomonaPitzer-Private-1,eb26f490-2ad7-11f1-8cbf-a1be09b69ae6,88.28846,,,8.28451,,,,,,,afc8f227-0d99-4f26-9ec5-9eb72a8ad494,2026-03-28,18:57:07.12,2026-03-28T11:57:07.1206912-07:00,2026-03-28T18:57:07.1206912Z,,v3,643-145631,643-146222,,"Parker, Will",1000474009,Right,POM_COL,3220e363-1d34-4b2d-b0f4-1d3ff6a85f2e,55.05099,-131.72908,14.29484,6.3486,-2.22494,-8.38259,-1.11142,6.55445,-6.64766,,,,,,,,,,,,,,,,,,,,,,,,,,,,,,,,,,,,,,,,,,,,,,,,,,,High,High,High,,,,,
114,2026-03-28,11:57:26.48,5,3,"Polishuk, Will",1000375103,Right,POM_COL,"Brummett, Jackson",10114400,Right,WHI_COL1,Undefined,4,Top,2,0,2,Slider,Slider,FoulBallNotFieldable,Undefined,Undefined,Undefined,0,0,,81.51344,-0.552215,-1.890805,2018.805707,218.146343,1:15,6.08775,1.26738,5.59598,-40.39427,2.6552,0.89925,2.20569,-0.42366,74.03749,-7.977627,-1.730159,0.472232,,,,,,,,,,,,-1.05882,1.9298,-1.10588,50,6.0142,3.86594,-118.18767,-2.4979,-1.47718,25.39934,-29.48176,POM_COL,WHI_COL1,PomonaPitzer,TeamExclusive,Team,20260328-PomonaPitzer-Private-1,f6b86190-2ad7-11f1-8cbf-a1be09b69ae6,79.81765,,,7.47595,,,,,,,afc8f227-0d99-4f26-9ec5-9eb72a8ad494,2026-03-28,18:57:26.48,2026-03-28T11:57:26.4806912-07:00,2026-03-28T18:57:26.4806912Z,,v3,643-145631,643-146222,,"Parker, Will",1000474009,Right,POM_COL,1475570e-6c4a-4cff-b019-7ad4c8d239f6,54.90204,-119.2365,12.69967,6.09221,-1.28049,-14.74088,-1.26678,3.92694,-0.73859,,,,,,,,,,,,,,,,,,,,,,,,,,,,,,,,,,,,,,,,,,,,,,,,,,,High,High,High,,,,,
115,2026-03-28,11:57:50.38,5,4,"Polishuk, Will",1000375103,Right,POM_COL,"Brummett, Jackson",10114400,Right,WHI_COL1,Undefined,4,Top,2,0,2,Fastball,Sinker,StrikeCalled,Strikeout,Undefined,Undefined,0,0,,89.10907,-2.272652,-4.106475,2146.488208,224.567293,1:30,6.41133,1.0686,5.51299,-19.54592,16.61603,15.11312,2.65078,-1.5185,80.74784,-5.952494,-1.421589,0.43281,,,,,,,,,,,,-8.75784,9.40827,-0.72009,50,6.1998,8.55656,-128.84175,-5.75241,-14.61565,28.56573,-16.47297,POM_COL,WHI_COL1,PomonaPitzer,TeamExclusive,Team,20260328-PomonaPitzer-Private-1,04f20b30-2ad8-11f1-8cbf-a1be09b69ae6,87.0877,,,8.36123,,,,,,,afc8f227-0d99-4f26-9ec5-9eb72a8ad494,2026-03-28,18:57:50.38,2026-03-28T11:57:50.3800000-07:00,2026-03-28T18:57:50.3800000Z,,v3,643-145631,643-146222,,"Parker, Will",1000474009,Right,POM_COL,a137bc9c-3d56-4551-a5fd-1d85d3ce896b,54.98243,-129.94172,14.28287,6.40909,-5.1181,-8.23649,-1.06041,9.11936,-7.30783,,,,,,,,,,,,,,,,,,,,,,,,,,,,,68.05858,,,1.009888,,,,0.66736,5.36879,4.41365,74.07312,3.598,-50.7119,0.67727,76.45837,-3.75359,5.40523,13.91528,-15.58805,4.36937,-61.76319,7.19315,High,High,High,,,High,High,High
116,2026-03-28,12:00:02.94,1,1,"Calkin, Carter",1000415859,Right,WHI_COL1,"Berry, Cooper",1000276381,Left,POM_COL,Undefined,4,Bottom,0,0,0,Curveball,Curveball,StrikeCalled,Undefined,Undefined,Undefined,0,0,,65.70712,4.030584,1.089467,1905.462546,54.554028,7:45,6.33496,1.00341,5.42677,-74.19658,-7.8789,-14.05725,3.93388,0.85248,60.24939,-9.472638,-1.411734,0.586119,,,,,,,,,,,,7.27276,-4.27658,-1.09041,50,6.64242,-1.32525,-95.2013,4.53663,6.6449,15.22222,-36.08143,POM_COL,WHI_COL1,PomonaPitzer,TeamExclusive,Team,20260328-PomonaPitzer-Private-1,540803f0-2ad8-11f1-8cbf-a1be09b69ae6,64.30847,,,5.45773,,,,,,,afc8f227-0d99-4f26-9ec5-9eb72a8ad494,2026-03-28,19:00:02.94,2026-03-28T12:00:02.9496320-07:00,2026-03-28T19:00:02.9496320Z,,v3,643-145631,643-146222,,"Brummett, Jackson",10114400,Right,WHI_COL1,1cb695ea-526a-4a28-8c57-f605bd9de28d,55.07469,-96.00929,7.61111,6.35079,6.45181,-18.04072,-1.01071,-1.67796,3.32245,,,,,,,,,,,,,,,,,,,,,,,,,,,,,,,,,,,,,,,,,,,,,,,,,,,High,High,High,,,,,
117,2026-03-28,12:00:16.43,1,2,"Calkin, Carter",1000415859,Right,WHI_COL1,"Berry, Cooper",1000276381,Left,POM_COL,Undefined,4,Bottom,0,0,1,ChangeUp,Changeup,StrikeCalled,Undefined,Undefined,Undefined,0,0,,71.59808,-0.125936,-1.255973,1352.235062,181.639895,12:00,5.90051,1.77165,6.02137,-42.66302,12.19383,0.29358,2.22859,0.63262,65.12157,-8.082553,-1.203122,0.533073,,,,,,,,,,,,-0.5437,6.91615,-1.67346,50,5.86791,2.26692,-103.85815,-1.36963,-0.58656,19.3894,-24.71273,POM_COL,WHI_COL1,PomonaPitzer,TeamExclusive,Team,20260328-PomonaPitzer-Private-1,5c0d6400-2ad8-11f1-8cbf-a1be09b69ae6,70.70781,,,6.47651,,,,,,,afc8f227-0d99-4f26-9ec5-9eb72a8ad494,2026-03-28,19:00:16.43,2026-03-28T12:00:16.4338176-07:00,2026-03-28T19:00:16.4338176Z,,v3,643-145631,643-146222,,"Brummett, Jackson",10114400,Right,WHI_COL1,64daf3c1-e639-4cd8-9722-e1fcb9ebaeeb,54.47266,-104.68982,9.6947,5.90392,-0.30962,-12.35637,-1.77124,2.29208,-0.29328,,,,,,,,,,,,,,,,,,,,,,,,,,,,,,,,,,,,,,,,,,,,,,,,,,,High,High,High,,,,,
118,2026-03-28,12:00:29.37,1,3,"Calkin, Carter",1000415859,Right,WHI_COL1,"Berry, Cooper",1000276381,Left,POM_COL,Undefined,4,Bottom,0,0,2,Sweeper,Changeup,BallCalled,Undefined,Undefined,Undefined,0,0,,71.17553,-0.86532,0.340827,3487.694845,207.782072,1:00,5.85698,1.55175,5.8367,-50.0207,5.95174,2.08453,0.88425,2.04224,64.96341,-10.08085,0.715573,0.538466,,,,,,,,,,,,-0.95406,3.92418,-1.58075,50,5.75741,-0.68569,-103.2496,-2.97232,-1.01481,19.54108,-28.00004,POM_COL,WHI_COL1,PomonaPitzer,TeamExclusive,Team,20260328-PomonaPitzer-Private-1,63cdcbd0-2ad8-11f1-8cbf-a1be09b69ae6,69.99961,,,6.21212,,,,,,,afc8f227-0d99-4f26-9ec5-9eb72a8ad494,2026-03-28,19:00:29.37,2026-03-28T12:00:29.3779968-07:00,2026-03-28T19:00:29.3779968Z,,v3,643-145631,643-146222,,"Brummett, Jackson",10114400,Right,WHI_COL1,20728f0a-137a-4746-8c9e-edca66012d24,54.65958,-104.12774,9.77054,5.86271,-1.71405,-14.00002,-1.55096,-0.64009,-0.5074,,,,,,,,,,,,,,,,,,,,,,,,,,,,,,,,,,,,,,,,,,,,,,,,,,,High,High,High,,,,,
119,2026-03-28,12:00:45.66,1,4,"Calkin, Carter",1000415859,Right,WHI_COL1,"Berry, Cooper",1000276381,Left,POM_COL,Undefined,4,Bottom,0,1,2,Fastball,Changeup,BallCalled,Undefined,Undefined,Undefined,0,0,,81.30487,-0.303156,-0.211523,2134.938734,206.891911,1:00,6.46949,1.49932,5.9788,-26.60777,15.63666,7.2287,3.97116,1.90564,74.12971,-5.31109,1.088344,0.467795,,,,,,,,,,,,-3.72941,8.52843,-1.48632,50,6.43083,0.1505,-118.05544,-1.38853,-5.24444,23.22327,-20.18101,POM_COL,WHI_COL1,PomonaPitzer,TeamExclusive,Team,20260328-PomonaPitzer-Private-1,6d7e91f0-2ad8-11f1-8cbf-a1be09b69ae6,80.57461,,,7.17516,,,,,,,afc8f227-0d99-4f26-9ec5-9eb72a8ad494,2026-03-28,19:00:45.66,2026-03-28T12:00:45.6623104-07:00,2026-03-28T19:00:45.6623104Z,,v3,643-145631,643-146222,,"Brummett, Jackson",10114400,Right,WHI_COL1,6c1d7f29-baba-438c-81e9-9512597f0592,54.51599,-118.94048,11.61164,6.46909,-0.61943,-10.09051,-1.49586,0.35036,-2.62222,,,,,,,,,,,,,,,,,,,,,,,,,,,,,,,,,,,,,,,,,,,,,,,,,,,High,High,High,,,,,
120,2026-03-28,12:00:58.29,1,5,"Calkin, Carter",1000415859,Right,WHI_COL1,"Berry, Cooper",1000276381,Left,POM_COL,Undefined,4,Bottom,0,2,2,Curveball,Curveball,InPlay,Undefined,FlyBall,Out,1,0,,65.07813,2.849931,0.414625,1864.532591,38.200384,7:15,6.34623,0.81405,5.8446,-76.01244,-9.55693,-9.20123,2.66257,0.4326,59.9643,-11.053213,-1.238968,0.586728,90.38469,28.646653,-2.918215,3084.393274,109.29218,53.72873,-12.45617,346.62003,339.28576,-13.698167,4.65946,4.83154,-5.12087,-0.84229,50,6.53362,-0.39848,-94.49129,2.66514,4.33689,15.36527,-36.77066,POM_COL,WHI_COL1,PomonaPitzer,TeamExclusive,Team,20260328-PomonaPitzer-Private-1,750f8550-2ad8-11f1-8cbf-a1be09b69ae6,64.24174,70.10296,,5.11383,,,,0.40366,2.55101,-0.39483,afc8f227-0d99-4f26-9ec5-9eb72a8ad494,2026-03-28,19:00:58.29,2026-03-28T12:00:58.2970880-07:00,2026-03-28T19:00:58.2970880Z,FlyBall,v3,643-145631,643-146222,,"Brummett, Jackson",10114400,Right,WHI_COL1,159f3fcc-3261-4dd2-ae15-266e086d8eca,54.65839,-95.24578,7.68264,6.35843,4.47071,-18.38533,-0.8175,-0.61144,2.16844,146.585791,0.4033,116.19928,-19.85195,4.49882,-0.9826,0.21398,-0.04077,0.00509,-0.00028,2.55254,63.50823,-16.14497,0.47367,0.1936,-0.13182,0.03851,-0.00535,0.00029,-0.39497,-5.91549,-5.9775,1.64242,-0.38609,0.0751,-0.01144,0.00118,-6E-05,,,,,,,,,,,,,,,,,,,,,,,High,High,High,Medium,Medium,,,
121,2026-03-28,12:01:34.15,2,1,"Calkin, Carter",1000415859,Right,WHI_COL1,"Parker, Will",1000474009,Left,POM_COL,Undefined,4,Bottom,1,0,0,Slider,Curveball,StrikeCalled,Undefined,Undefined,Undefined,0,0,,69.66192,1.496291,0.228112,2052.392132,100.186497,9:15,5.77074,1.73161,6.38114,-53.19204,3.30634,-8.60248,2.7149,1.22459,64.1113,-8.396531,-1.331836,0.54099,,,,,,,,,,,,4.50272,1.93677,-1.7446,50,5.85483,-0.12902,-101.2561,1.27392,4.66931,16.71195,-30.16563,POM_COL,WHI_COL1,PomonaPitzer,TeamExclusive,Team,20260328-PomonaPitzer-Private-1,8a658e90-2ad8-11f1-8cbf-a1be09b69ae6,69.67306,,,5.55062,,,,,,,afc8f227-0d99-4f26-9ec5-9eb72a8ad494,2026-03-28,19:01:34.15,2026-03-28T12:01:34.1571072-07:00,2026-03-28T19:01:34.1571072Z,,v3,643-145631,643-146222,,"Brummett, Jackson",10114400,Right,WHI_COL1,c186e0b5-9aa8-4839-bb0c-735dca862ffe,54.11643,-101.93324,8.35597,5.77845,2.49618,-15.08282,-1.73553,-0.31822,2.33466,,,,,,,,,,,,,,,,,,,,,,,,,,,,,,,,,,,,,,,,,,,,,,,,,,,High,High,High,,,,,
122,2026-03-28,12:01:47.74,2,2,"Calkin, Carter",1000415859,Right,WHI_COL1,"Parker, Will",1000474009,Left,POM_COL,Undefined,4,Bottom,1,0,1,ChangeUp,Curveball,InPlay,Undefined,FlyBall,HomeRun,0,1,,71.881,0.01362,-1.158273,1674.668174,138.572721,10:30,5.85039,1.50083,6.08574,-49.59475,5.16981,-2.74118,1.7301,0.20074,64.99468,-9.208641,-1.652856,0.532624,93.72957,30.037845,8.783947,,108.98126,57.68567,14.93586,371.40888,369.39607,4.833438,5.197628,1.01323,3.26036,-1.41003,50,5.82571,2.19994,-104.23964,-1.33026,1.08943,21.24593,-28.6685,POM_COL,WHI_COL1,PomonaPitzer,TeamExclusive,Team,20260328-PomonaPitzer-Private-1,927e76a0-2ad8-11f1-8cbf-a1be09b69ae6,70.76738,82.8487,,6.88632,,,,1.44809,1.78962,-0.22512,afc8f227-0d99-4f26-9ec5-9eb72a8ad494,2026-03-28,19:01:47.74,2026-03-28T12:01:47.7499392-07:00,2026-03-28T19:01:47.7499392Z,FlyBall,v3,643-145631,643-146222,,"Brummett, Jackson",10114400,Right,WHI_COL1,130223d9-0837-4b37-857f-6339e2812cde,54.4101,-105.13466,10.62296,5.85631,-0.12255,-14.33425,-1.50174,2.15405,0.54471,172.510739,1.44949,117.58536,-19.66709,4.25963,-0.82794,0.14417,-0.02182,0.00234,-0.00011,1.78982,68.80521,-16.33722,0.88671,-0.02347,-0.0496,0.01828,-0.00267,0.00014,-0.22477,18.16753,-4.48925,0.85653,-0.16387,0.03104,-0.00582,0.00074,-4E-05,,,,,,,,,,,,,,,,,,,,,,,High,High,High,Medium,Medium,,,
123,2026-03-28,12:02:34.31,3,1,"Calkin, Carter",1000415859,Right,WHI_COL1,"Loui, Shawn",1000474008,Right,POM_COL,Undefined,4,Bottom,1,0,0,Slider,Curveball,BallCalled,Undefined,Undefined,Undefined,0,0,,68.82979,0.844174,-0.432078,2057.172526,86.83522,9:00,5.79135,1.44833,5.99639,-58.26976,1.08343,-17.123,1.71787,-0.37898,62.9908,-9.899587,-3.516895,0.55449,,,,,,,,,,,,8.60544,0.96665,-1.40535,50,5.82653,1.31782,-99.93614,-0.11543,8.5878,18.09087,-31.20939,POM_COL,WHI_COL1,PomonaPitzer,TeamExclusive,Team,20260328-PomonaPitzer-Private-1,ae402d20-2ad8-11f1-8cbf-a1be09b69ae6,67.97681,,,5.83899,,,,,,,afc8f227-0d99-4f26-9ec5-9eb72a8ad494,2026-03-28,19:02:34.31,2026-03-28T12:02:34.3180288-07:00,2026-03-28T19:02:34.3180288Z,,v3,643-145631,643-146222,,"Brummett, Jackson",10114400,Right,WHI_COL1,c6216ed2-8879-4ec8-83c7-4c156395929c,54.50189,-100.74779,9.04544,5.8003,1.2848,-15.6047,-1.45583,0.93252,4.2939,,,,,,,,,,,,,,,,,,,,,,,,,,,,,,,,,,,,,,,,,,,,,,,,,,,High,High,High,,,,,
124,2026-03-28,12:02:50.81,3,2,"Calkin, Carter",1000415859,Right,WHI_COL1,"Loui, Shawn",1000474008,Right,POM_COL,Undefined,4,Bottom,1,1,0,Fastball,Changeup,BallCalled,Undefined,Undefined,Undefined,0,0,,80.92509,-0.210389,-3.116461,2084.816656,216.723563,1:15,6.38943,1.17347,6.53952,-29.88458,11.48713,7.66516,3.70579,-1.04893,74.62438,-5.827177,-1.726321,0.462938,,,,,,,,,,,,-4.79315,6.47634,-0.96031,50,6.36199,6.13035,-117.58947,-1.24086,-6.7627,20.69479,-23.03653,POM_COL,WHI_COL1,PomonaPitzer,TeamExclusive,Team,20260328-PomonaPitzer-Private-1,b813bd80-2ad8-11f1-8cbf-a1be09b69ae6,81.42002,,,6.30071,,,,,,,afc8f227-0d99-4f26-9ec5-9eb72a8ad494,2026-03-28,19:02:50.81,2026-03-28T12:02:50.8170752-07:00,2026-03-28T19:02:50.8170752Z,,v3,643-145631,643-146222,,"Brummett, Jackson",10114400,Right,WHI_COL1,4f0684e0-8f4d-45b3-8a8c-5fdec7fa5b32,53.95832,-118.28405,10.3474,6.39067,-0.46768,-11.51826,-1.16988,6.35733,-3.38135,,,,,,,,,,,,,,,,,,,,,,,,,,,,,,,,,,,,,,,,,,,,,,,,,,,High,High,High,,,,,
125,2026-03-28,12:03:05.09,3,3,"Calkin, Carter",1000415859,Right,WHI_COL1,"Loui, Shawn",1000474008,Right,POM_COL,Undefined,4,Bottom,1,2,0,Fastball,Changeup,InPlay,Undefined,FlyBall,Out,1,0,,79.90141,-1.013357,-2.026848,2121.42793,184.023983,12:15,6.40894,1.13184,6.44676,-26.88671,15.99363,1.02894,3.23664,-0.64545,73.19337,-6.099107,-1.840356,0.471303,87.66085,43.837442,-0.811343,3086.613467,109.98758,92.18779,1.6533,311.6114,302.83259,4.027915,5.625477,-1.11276,9.07166,-0.98861,50,6.3249,4.07287,-116.09099,-2.74957,-1.51619,22.05054,-19.81334,POM_COL,WHI_COL1,PomonaPitzer,TeamExclusive,Team,20260328-PomonaPitzer-Private-1,c093f2e0-2ad8-11f1-8cbf-a1be09b69ae6,79.9749,113.84527,,6.70803,,,,1.43654,3.23876,0.64481,afc8f227-0d99-4f26-9ec5-9eb72a8ad494,2026-03-28,19:03:05.09,2026-03-28T12:03:05.0957312-07:00,2026-03-28T19:03:05.0957312Z,FlyBall,v3,643-145631,643-146222,,"Brummett, Jackson",10114400,Right,WHI_COL1,ef5ee893-b8ec-4f60-a3fc-588a2a807b54,54.05134,-116.85798,11.02527,6.40855,-2.0604,-9.90667,-1.13119,4.1256,-0.75809,,1.44089,92.65318,-16.46233,3.56896,-0.53571,0.04422,-0.00094,-3E-05,-0,3.2386,89.04048,-21.41662,1.96863,-0.26956,-0.00506,0.01084,-0.00176,9E-05,0.64399,-1.29863,1.71546,-0.26765,0.01887,0.00375,-0.00069,0,0,,,,,,,,,,,,,,,,,,,,,,,High,High,High,Medium,Medium,,,
126,2026-03-28,12:03:37.07,4,1,"Calkin, Carter",1000415859,Right,WHI_COL1,"Quintero, James",10138921,Left,POM_COL,Undefined,4,Bottom,2,0,0,Fastball,Changeup,InPlay,Undefined,FlyBall,Out,1,0,,81.25625,-2.532909,-2.092582,2027.658623,196.600164,12:30,6.39592,1.23684,6.04189,-26.29923,15.90619,4.33213,1.85611,-0.34045,74.50169,-7.454252,-1.312891,0.46758,,,,,,,,,,,,-2.83099,9.33146,-1.07605,50,6.1841,4.14592,-117.88052,-5.96781,-3.97686,22.75601,-19.06558,POM_COL,WHI_COL1,PomonaPitzer,TeamExclusive,Team,20260328-PomonaPitzer-Private-1,d39eac90-2ad8-11f1-8cbf-a1be09b69ae6,80.61182,,,6.75456,,,,,,,afc8f227-0d99-4f26-9ec5-9eb72a8ad494,2026-03-28,19:03:37.07,2026-03-28T12:03:37.0777088-07:00,2026-03-28T19:03:37.0777088Z,,v3,643-145631,643-146222,,"Brummett, Jackson",10114400,Right,WHI_COL1,54ac0441-b2f8-4405-ac45-711141a2d1cf,54.45612,-118.73763,11.37801,6.39536,-5.2497,-9.53279,-1.23503,4.29571,-1.98843,,,,,,,,,,,,,,,,,,,,,,,,,,,,,,,,,,,,,,,,,,,,,,,,,,,High,High,High,,,,,
127,2026-03-28,12:05:40.26,1,1,"Polishuk, Will",1000375103,Right,POM_COL,"Nakasone, Coehn",1000306287,Right,WHI_COL1,Undefined,5,Top,0,0,0,Fastball,Four-Seam,StrikeCalled,Undefined,Undefined,Undefined,0,0,,88.19081,-3.015382,-2.581159,2317.761088,213.715246,1:00,6.17909,1.43742,5.26234,-17.88178,18.7867,11.78686,1.85059,-0.0069,81.17133,-6.349008,-0.492174,0.435831,,,,,,,,,,,,-6.54662,10.51111,-1.21,50,5.8897,5.23146,-127.80777,-7.32856,-10.91233,24.43362,-14.65349,POM_COL,WHI_COL1,PomonaPitzer,TeamExclusive,Team,20260328-PomonaPitzer-Private-1,1d0f5550-2ad9-11f1-8cbf-a1be09b69ae6,86.4841,,,7.01948,,,,,,,afc8f227-0d99-4f26-9ec5-9eb72a8ad494,2026-03-28,19:05:40.26,2026-03-28T12:05:40.2670592-07:00,2026-03-28T19:05:40.2670592Z,,v3,643-145631,643-146222,,"Parker, Will",1000474009,Right,POM_COL,e8774918-076f-4802-b07d-bf5fc7a5cb5a,55.23618,-128.80491,12.21681,6.17658,-6.73055,-7.32675,-1.43258,5.67679,-5.45616,,,,,,,,,,,,,,,,,,,,,,,,,,,,,,,,,,,,,,,,,,,,,,,,,,,High,High,High,,,,,
128,2026-03-28,12:05:53.78,1,2,"Polishuk, Will",1000375103,Right,POM_COL,"Nakasone, Coehn",1000306287,Right,WHI_COL1,Undefined,5,Top,0,0,1,Fastball,Four-Seam,InPlay,Undefined,LineDrive,Single,0,0,,88.94382,-2.63404,-1.764195,2330.732923,215.899129,1:15,6.20784,1.41658,5.27736,-18.54454,17.59166,11.90292,2.18564,0.75103,81.51531,-6.09429,0.347698,0.432656,87.12551,15.581218,9.881872,1506.324307,108.8077,23.80799,16.14952,258.16167,258.16167,7.761886,2.788404,-6.47863,9.8856,-1.26477,50,5.95401,3.44276,-128.96883,-6.56157,-10.93483,26.28881,-15.4888,POM_COL,WHI_COL1,PomonaPitzer,TeamExclusive,Team,20260328-PomonaPitzer-Private-1,2517c2a0-2ad9-11f1-8cbf-a1be09b69ae6,87.11878,25.31135,,7.4285,,,,2.33002,2.32917,-0.75445,afc8f227-0d99-4f26-9ec5-9eb72a8ad494,2026-03-28,19:05:53.78,2026-03-28T12:05:53.7889280-07:00,2026-03-28T19:05:53.7889280Z,LineDrive,v3,643-145631,643-146222,,"Parker, Will",1000474009,Right,POM_COL,75813730-18f7-4bfb-8c4a-93d73f3b1e70,55.22204,-130.02892,13.14441,6.20601,-5.93699,-7.7444,-1.41249,3.8837,-5.46741,165.436613,2.32996,121.26565,-18.05787,4.02037,-0.84871,0.21768,-0.05951,0.01096,-0.00088,2.32935,34.31074,-12.74853,-0.35007,0.50258,-0.33763,0.13315,-0.02716,0.00226,-0.75451,21.12788,-5.33796,1.41601,-0.39925,0.1467,-0.04796,0.00936,-0.00077,,,,,,,,,,,,,,,,,,,,,,,High,High,High,High,High,,,
129,2026-03-28,12:06:29.51,2,1,"Polishuk, Will",1000375103,Right,POM_COL,"Schulze, Jay",10114357,Right,WHI_COL1,Undefined,5,Top,0,0,0,Slider,Slider,FoulBallNotFieldable,Undefined,Undefined,Undefined,0,0,,78.75655,0.495391,-1.807178,2157.889715,205.775059,12:45,6.03471,1.48574,5.12736,-43.97924,2.70347,0.55134,2.83659,-0.17092,71.82136,-7.516565,-1.709589,0.491756,,,,,,,,,,,,-0.8224,1.56504,-1.31648,50,6.04697,3.58099,-114.19086,-0.53285,-1.07722,22.59558,-30.12411,POM_COL,WHI_COL1,PomonaPitzer,TeamExclusive,Team,20260328-PomonaPitzer-Private-1,3a64f240-2ad9-11f1-8cbf-a1be09b69ae6,76.64872,,,6.93519,,,,,,,afc8f227-0d99-4f26-9ec5-9eb72a8ad494,2026-03-28,19:06:29.51,2026-03-28T12:06:29.5159808-07:00,2026-03-28T19:06:29.5159808Z,,v3,643-145631,643-146222,,"Parker, Will",1000474009,Right,POM_COL,80a4910a-bd74-4898-91dd-387ff0d113aa,55.37235,-115.24902,11.29779,6.03889,0.87787,-15.06206,-1.48536,3.63144,-0.53861,,,,,,,,,,,,,,,,,,,,,,,,,,,,,,,,,,,,,,,,,,,,,,,,,,,High,High,High,,,,,
130,2026-03-28,12:06:58.26,2,2,"Polishuk, Will",1000375103,Right,POM_COL,"Schulze, Jay",10114357,Right,WHI_COL1,Undefined,5,Top,0,0,1,Fastball,Four-Seam,BallCalled,Undefined,Undefined,Undefined,0,0,,88.77031,-1.655079,-3.855211,2360.546385,214.310349,1:15,6.26923,1.24333,5.59508,-19.22615,16.65615,10.59792,3.11783,-1.47841,81.31057,-5.261254,-1.969661,0.431133,,,,,,,,,,,,-6.37241,9.20796,-0.9193,50,6.11462,8.20122,-128.61691,-4.34004,-10.71594,25.7006,-16.68973,POM_COL,WHI_COL1,PomonaPitzer,TeamExclusive,Team,20260328-PomonaPitzer-Private-1,4b82d010-2ad9-11f1-8cbf-a1be09b69ae6,87.4264,,,7.45974,,,,,,,afc8f227-0d99-4f26-9ec5-9eb72a8ad494,2026-03-28,19:06:58.26,2026-03-28T12:06:58.2651904-07:00,2026-03-28T19:06:58.2651904Z,,v3,643-145631,643-146222,,"Parker, Will",1000474009,Right,POM_COL,36425a6b-cc6e-41d6-bfd8-e16b55231c34,54.90269,-129.59287,12.8503,6.2674,-3.70625,-8.34487,-1.23846,8.60815,-5.35797,,,,,,,,,,,,,,,,,,,,,,,,,,,,,,,,,,,,,,,,,,,,,,,,,,,High,High,High,,,,,
131,2026-03-28,12:07:17.07,2,3,"Polishuk, Will",1000375103,Right,POM_COL,"Schulze, Jay",10114357,Right,WHI_COL1,Undefined,5,Top,0,1,1,Fastball,Four-Seam,StrikeCalled,Undefined,Undefined,Undefined,0,0,,88.57685,-2.255452,-3.181458,2304.641242,207.231998,1:00,6.1482,1.40481,5.53954,-18.05182,18.07836,8.71268,2.53152,-0.84568,81.11115,-5.648732,-1.631176,0.43262,,,,,,,,,,,,-5.24335,10.08111,-1.13458,50,5.94046,6.74956,-128.35264,-5.63006,-8.77177,25.86177,-15.30909,POM_COL,WHI_COL1,PomonaPitzer,TeamExclusive,Team,20260328-PomonaPitzer-Private-1,56ca14b0-2ad9-11f1-8cbf-a1be09b69ae6,87.12603,,,7.4657,,,,,,,afc8f227-0d99-4f26-9ec5-9eb72a8ad494,2026-03-28,19:07:17.07,2026-03-28T12:07:17.0729984-07:00,2026-03-28T19:07:17.0729984Z,,v3,643-145631,643-146222,,"Parker, Will",1000474009,Right,POM_COL,2328c010-8dcf-441d-98e2-31dc4c261c84,54.95788,-129.34774,12.93089,6.14576,-5.041,-7.65454,-1.40078,7.08708,-4.38588,,,,,,,,,,,,,,,,,,,,,,,,,,,,,,,,,,,,,,,,,,,,,,,,,,,High,High,High,,,,,
132,2026-03-28,12:07:39.88,2,4,"Polishuk, Will",1000375103,Right,POM_COL,"Schulze, Jay",10114357,Right,WHI_COL1,Undefined,5,Top,0,1,2,Fastball,Four-Seam,StrikeSwinging,Strikeout,Undefined,Undefined,0,0,,90.26961,-0.821594,-2.269024,2429.643428,221.533294,1:30,6.23495,1.34979,5.22597,-20.31123,14.73308,12.09575,3.76931,0.22354,82.71703,-4.596182,-0.126334,0.426069,,,,,,,,,,,,-6.59067,7.89126,-1.14975,50,6.14426,4.61827,-130.95593,-2.60142,-11.50231,26.36076,-18.40191,POM_COL,WHI_COL1,PomonaPitzer,TeamExclusive,Team,20260328-PomonaPitzer-Private-1,644e29f0-2ad9-11f1-8cbf-a1be09b69ae6,88.46556,,,7.55258,,,,,,,afc8f227-0d99-4f26-9ec5-9eb72a8ad494,2026-03-28,19:07:39.88,2026-03-28T12:07:39.8832128-07:00,2026-03-28T19:07:39.8832128Z,,v3,643-145631,643-146222,,"Parker, Will",1000474009,Right,POM_COL,d6603578-e774-429f-8810-894d2e40f53a,55.27125,-132.01274,13.18038,6.23377,-1.86368,-9.20096,-1.34414,5.0794,-5.75116,,,,,,,,,,,,,,,,,,,,,,,,,,,,,,,,,,,,,,,,,,,,,,,,,,,High,High,High,,,,,
133,2026-03-28,12:08:11.72,3,1,"Polishuk, Will",1000375103,Right,POM_COL,"Mecate, Matthew",1000394015,Right,WHI_COL1,Undefined,5,Top,1,0,0,ChangeUp,Splitter,BallCalled,Undefined,Undefined,Undefined,0,0,,82.03331,-2.128924,-3.930921,1066.033695,268.195516,3:00,5.93692,1.61693,5.24,-40.84053,1.68988,12.79981,0.52702,-1.01674,75.91,-9.506271,-1.662267,0.469376,,,,,,,,,,,,-7.46307,1.7798,-1.26502,50,5.71007,7.63831,-118.83199,-5.89742,-10.72742,21.65373,-29.61578,POM_COL,WHI_COL1,PomonaPitzer,TeamExclusive,Team,20260328-PomonaPitzer-Private-1,77558840-2ad9-11f1-8cbf-a1be09b69ae6,80.30322,,,6.1233,,,,,,,afc8f227-0d99-4f26-9ec5-9eb72a8ad494,2026-03-28,19:08:11.72,2026-03-28T12:08:11.7282304-07:00,2026-03-28T19:08:11.7282304Z,,v3,643-145631,643-146222,,"Parker, Will",1000474009,Right,POM_COL,4e5de3d1-d81b-4231-98f5-3ace71dcf358,55.26071,-119.78677,10.82687,5.94132,-4.59157,-14.80789,-1.61224,8.11131,-5.36371,,,,,,,,,,,,,,,,,,,,,,,,,,,,,,,,,,,,,,,,,,,,,,,,,,,High,High,High,,,,,
134,2026-03-28,12:08:34.83,3,2,"Polishuk, Will",1000375103,Right,POM_COL,"Mecate, Matthew",1000394015,Right,WHI_COL1,Undefined,5,Top,1,1,0,ChangeUp,Splitter,StrikeSwinging,Undefined,Undefined,Undefined,0,0,,83.19191,-1.63968,-1.652327,879.712178,194.716123,12:30,5.97234,1.58452,5.22747,-28.81246,12.38883,2.92622,2.02882,0.27463,76.67631,-6.921808,-1.133421,0.461984,,,,,,,,,,,,-1.88551,7.00788,-1.43448,50,5.79986,3.35657,-120.70539,-4.45619,-2.79969,22.08089,-21.76857,POM_COL,WHI_COL1,PomonaPitzer,TeamExclusive,Team,20260328-PomonaPitzer-Private-1,85180610-2ad9-11f1-8cbf-a1be09b69ae6,81.58821,,,6.5156,,,,,,,afc8f227-0d99-4f26-9ec5-9eb72a8ad494,2026-03-28,19:08:34.83,2026-03-28T12:08:34.8309504-07:00,2026-03-28T19:08:34.8309504Z,,v3,643-145631,643-146222,,"Parker, Will",1000474009,Right,POM_COL,daf8c81b-833d-460d-9abf-00734bb47ba4,55.2698,-121.66558,11.04044,5.97306,-3.50958,-10.88429,-1.58309,3.47832,-1.39984,,,,,,,,,,,,,,,,,,,,,,,,,,,,,,,,,,,,,,,,,,,,,,,,,,,High,High,High,,,,,
135,2026-03-28,12:08:58.23,3,3,"Polishuk, Will",1000375103,Right,POM_COL,"Mecate, Matthew",1000394015,Right,WHI_COL1,Undefined,5,Top,1,1,1,Fastball,Four-Seam,HitByPitch,Undefined,Undefined,Undefined,0,0,,86.74933,-1.779703,-4.619987,2219.716963,220.649214,1:15,6.00828,1.67899,5.26868,-22.44411,15.49379,12.31993,2.46017,-1.64359,79.85214,-5.928157,-2.444247,0.443311,,,,,,,,,,,,-7.34611,8.55563,-1.26523,50,5.82873,9.60921,-125.58079,-4.68723,-11.83559,23.31276,-18.38975,POM_COL,WHI_COL1,PomonaPitzer,TeamExclusive,Team,20260328-PomonaPitzer-Private-1,930ba600-2ad9-11f1-8cbf-a1be09b69ae6,85.02488,,,6.89718,,,,,,,afc8f227-0d99-4f26-9ec5-9eb72a8ad494,2026-03-28,19:08:58.23,2026-03-28T12:08:58.2379008-07:00,2026-03-28T19:08:58.2379008Z,,v3,643-145631,643-146222,,"Parker, Will",1000474009,Right,POM_COL,bd0135e7-bed5-4654-8afd-8cf1b1da3e47,55.23068,-126.54809,11.65638,6.00738,-3.9242,-9.19488,-1.67412,10.1003,-5.9178,,,,,,,,,,,,,,,,,,,,,,,,,,,,,,,,,,,,,,,,,,,,,,,,,,,High,High,High,,,,,
136,2026-03-28,12:09:30.06,4,1,"Polishuk, Will",1000375103,Right,POM_COL,"Jasso, Alexander",1000218885,Right,WHI_COL1,Undefined,5,Top,1,0,0,Slider,Slider,BallCalled,Undefined,Undefined,Undefined,0,0,,80.697,1.313408,-1.920427,2192.044986,201.191743,12:45,6.03985,1.51981,5.41633,-41.88199,2.02473,0.22945,3.78097,-0.26076,73.57509,-6.362849,-1.879632,0.47691,,,,,,,,,,,,-0.6711,1.14398,-1.34929,50,6.12795,3.91341,-116.99972,1.22215,-0.92635,22.93718,-30.59494,POM_COL,WHI_COL1,PomonaPitzer,TeamExclusive,Team,20260328-PomonaPitzer-Private-1,a6008dc0-2ad9-11f1-8cbf-a1be09b69ae6,79.03464,,,7.12191,,,,,,,afc8f227-0d99-4f26-9ec5-9eb72a8ad494,2026-03-28,19:09:30.06,2026-03-28T12:09:30.0615168-07:00,2026-03-28T19:09:30.0615168Z,,v3,643-145631,643-146222,,"Parker, Will",1000474009,Right,POM_COL,29d8f7a4-a225-43bf-b5ff-1411ffb8308d,55.07969,-117.99136,11.46859,6.04652,2.54486,-15.29747,-1.51935,3.95346,-0.46318,,,,,,,,,,,,,,,,,,,,,,,,,,,,,,,,,,,,,,,,,,,,,,,,,,,High,High,High,,,,,
137,2026-03-28,12:09:47.98,4,2,"Polishuk, Will",1000375103,Right,POM_COL,"Jasso, Alexander",1000218885,Right,WHI_COL1,Undefined,5,Top,1,1,0,Fastball,Sinker,BallCalled,Undefined,Undefined,Undefined,0,0,,87.22163,-1.704134,-5.791534,2202.267769,228.556584,1:30,6.15226,1.40492,5.62782,-24.86722,12.57757,12.85875,2.48126,-2.94601,79.67774,-6.319368,-3.512227,0.44042,,,,,,,,,,,,-8.05831,7.21363,-0.91824,50,5.99057,12.21671,-125.97392,-4.59743,-12.96117,25.37023,-20.57151,POM_COL,WHI_COL1,PomonaPitzer,TeamExclusive,Team,20260328-PomonaPitzer-Private-1,b0b444f0-2ad9-11f1-8cbf-a1be09b69ae6,85.58294,,,7.54389,,,,,,,afc8f227-0d99-4f26-9ec5-9eb72a8ad494,2026-03-28,19:09:47.98,2026-03-28T12:09:47.9864832-07:00,2026-03-28T19:09:47.9864832Z,,v3,643-145631,643-146222,,"Parker, Will",1000474009,Right,POM_COL,3340ec2c-870b-4392-89af-3c56975d39ac,54.86921,-126.95076,12.68512,6.15234,-3.80536,-10.28575,-1.39823,12.71576,-6.48059,,,,,,,,,,,,,,,,,,,,,,,,,,,,,,,,,,,,,,,,,,,,,,,,,,,High,High,High,,,,,
138,2026-03-28,12:10:07.52,4,3,"Polishuk, Will",1000375103,Right,POM_COL,"Jasso, Alexander",1000218885,Right,WHI_COL1,Undefined,5,Top,1,2,0,Slider,Slider,StrikeCalled,Undefined,Undefined,Undefined,0,0,,80.99071,0.303221,-0.563278,2205.404197,62.53088,8:00,5.96837,1.59893,5.49008,-42.65361,0.58595,-1.48583,2.69758,0.94815,74.30998,-7.495876,-0.828355,0.473273,,,,,,,,,,,,0.58614,0.67866,-1.54861,50,5.96633,1.21712,-117.597,-0.86189,0.8201,22.47302,-31.22448,POM_COL,WHI_COL1,PomonaPitzer,TeamExclusive,Team,20260328-PomonaPitzer-Private-1,bc799330-2ad9-11f1-8cbf-a1be09b69ae6,79.64201,,,6.68074,,,,,,,afc8f227-0d99-4f26-9ec5-9eb72a8ad494,2026-03-28,19:10:07.52,2026-03-28T12:10:07.5250688-07:00,2026-03-28T19:10:07.5250688Z,,v3,643-145631,643-146222,,"Parker, Will",1000474009,Right,POM_COL,695034a4-1d3f-4613-926c-23dbcb38d4c3,55.00766,-118.55011,11.23651,5.9748,0.46238,-15.61224,-1.59949,1.18234,0.41005,,,,,,,,,,,,,,,,,,,,,,,,,,,,,,,,,,,,,,,,,,,,,,,,,,,High,High,High,,,,,
139,2026-03-28,12:10:29.05,4,4,"Polishuk, Will",1000375103,Right,POM_COL,"Jasso, Alexander",1000218885,Right,WHI_COL1,Undefined,5,Top,1,2,1,Fastball,Four-Seam,StrikeSwinging,Undefined,Undefined,Undefined,0,0,,90.0405,-1.322791,-2.85006,2265.296213,206.175232,12:45,6.22509,1.11497,5.73508,-16.48402,18.24741,8.42063,3.61787,-0.83953,82.17387,-4.454538,-1.345801,0.424163,,,,,,,,,,,,-5.0315,9.95682,-0.88244,50,6.10463,6.12417,-130.57067,-3.50698,-8.69059,27.36085,-14.97625,POM_COL,WHI_COL1,PomonaPitzer,TeamExclusive,Team,20260328-PomonaPitzer-Private-1,c92e4a80-2ad9-11f1-8cbf-a1be09b69ae6,88.86309,,,7.86663,,,,,,,afc8f227-0d99-4f26-9ec5-9eb72a8ad494,2026-03-28,19:10:29.05,2026-03-28T12:10:29.0501120-07:00,2026-03-28T19:10:29.0501120Z,,v3,643-145631,643-146222,,"Parker, Will",1000474009,Right,POM_COL,c84eeec1-0867-4171-ab16-efa4edf14ee3,54.76113,-131.56457,13.68042,6.22215,-2.96295,-7.48813,-1.11064,6.43987,-4.3453,,,,,,,,,,,,,,,,,,,,,,,,,,,,,,,,,,,,,,,,,,,,,,,,,,,High,High,High,,,,,
140,2026-03-28,12:10:48.61,4,5,"Polishuk, Will",1000375103,Right,POM_COL,"Jasso, Alexander",1000218885,Right,WHI_COL1,Undefined,5,Top,1,2,2,Slider,Slider,BallCalled,Undefined,Undefined,Undefined,0,0,,83.40563,0.777445,-0.243362,2217.473159,170.948901,11:45,6.06084,1.41682,5.30016,-38.9862,1.98555,-0.11559,3.54191,1.17872,76.50997,-6.341107,-0.263894,0.460695,,,,,,,,,,,,-0.0085,1.09197,-1.39462,50,6.1028,0.51926,-121.12806,0.24207,-0.01265,23.48119,-30.55044,POM_COL,WHI_COL1,PomonaPitzer,TeamExclusive,Team,20260328-PomonaPitzer-Private-1,d4d450f0-2ad9-11f1-8cbf-a1be09b69ae6,81.81645,,,6.89566,,,,,,,afc8f227-0d99-4f26-9ec5-9eb72a8ad494,2026-03-28,19:10:48.61,2026-03-28T12:10:48.6102528-07:00,2026-03-28T19:10:48.6102528Z,,v3,643-145631,643-146222,,"Parker, Will",1000474009,Right,POM_COL,c66c5695-6619-4860-9037-fece0d95faee,55.20033,-122.13201,11.74059,6.06452,1.54826,-15.27522,-1.41683,0.51979,-0.00633,,,,,,,,,,,,,,,,,,,,,,,,,,,,,,,,,,,,,,,,,,,,,,,,,,,High,High,High,,,,,
141,2026-03-28,12:11:09.14,4,6,"Polishuk, Will",1000375103,Right,POM_COL,"Jasso, Alexander",1000218885,Right,WHI_COL1,Undefined,5,Top,1,3,2,Slider,Slider,InPlay,Undefined,Popup,Single,0,0,,82.64194,-0.203101,-1.29816,2188.956387,115.710677,9:45,5.97274,1.40902,5.43713,-39.4138,1.86425,-1.40201,2.49802,0.07636,76.45109,-7.385224,-1.547931,0.462414,62.30337,29.598386,-11.202114,2502.471457,108.80509,36.52554,-16.16661,196.18482,196.18482,-6.293226,3.252388,0.37736,1.32988,-1.29313,50,5.92724,2.77814,-120.0939,-1.81327,0.55525,21.62272,-30.21726,POM_COL,WHI_COL1,PomonaPitzer,TeamExclusive,Team,20260328-PomonaPitzer-Private-1,e113b130-2ad9-11f1-8cbf-a1be09b69ae6,81.51231,36.58247,,6.19086,,,,0.94419,2.49015,-0.07506,afc8f227-0d99-4f26-9ec5-9eb72a8ad494,2026-03-28,19:11:09.14,2026-03-28T12:11:09.1437056-07:00,2026-03-28T19:11:09.1437056Z,Popup,v3,643-145631,643-146222,,"Parker, Will",1000474009,Right,POM_COL,0b2b0a21-f0d7-4257-af88-5bab61a0cc31,55.06333,-121.00211,10.81136,5.97675,-0.54407,-15.10863,-1.40933,2.75482,0.27762,205.264133,0.94409,77.94467,-9.55253,2.04723,-0.5088,0.18565,-0.06523,0.01338,-0.0011,2.49037,45.12308,-15.88623,0.59428,0.22119,-0.24949,0.10511,-0.02071,0.00157,-0.07501,-15.43811,4.55856,-0.98946,0.28262,-0.11564,0.04058,-0.00806,0.00065,,,,,,,,,,,,,,,,,,,,,,,High,High,High,High,High,,,
142,2026-03-28,12:11:51.09,5,1,"Polishuk, Will",1000375103,Right,POM_COL,"Plaskett, Joe",1000237974,Right,WHI_COL1,Undefined,5,Top,1,0,0,Slider,Slider,BallCalled,Undefined,Undefined,Undefined,0,0,,79.36411,1.542033,-1.927867,2157.2527,50.481073,7:45,6.01267,1.30852,5.2602,-44.55121,0.71012,-0.77386,3.74999,-0.56789,73.02347,-6.566966,-2.065081,0.484211,,,,,,,,,,,,-0.12398,0.40587,-1.13135,50,6.12118,3.90825,-115.16533,1.53587,-0.16734,20.39853,-31.62625,POM_COL,WHI_COL1,PomonaPitzer,TeamExclusive,Team,20260328-PomonaPitzer-Private-1,fa6b4580-2ad9-11f1-8cbf-a1be09b69ae6,77.84294,,,6.34064,,,,,,,afc8f227-0d99-4f26-9ec5-9eb72a8ad494,2026-03-28,19:11:51.09,2026-03-28T12:11:51.0986752-07:00,2026-03-28T19:11:51.0986752Z,,v3,643-145631,643-146222,,"Parker, Will",1000474009,Right,POM_COL,c7aa0452-692f-402a-86ee-da49823c5e07,55.23835,-116.08946,10.19927,6.01915,2.96865,-15.81313,-1.30858,3.91584,-0.08367,,,,,,,,,,,,,,,,,,,,,,,,,,,,,,,,,,,,,,,,,,,,,,,,,,,High,High,High,,,,,
143,2026-03-28,12:12:18.58,5,2,"Polishuk, Will",1000375103,Right,POM_COL,"Plaskett, Joe",1000237974,Right,WHI_COL1,Undefined,5,Top,1,1,0,Fastball,Four-Seam,StrikeCalled,Undefined,Undefined,Undefined,0,0,,89.3095,-2.869568,-3.20106,2299.649242,214.429521,1:15,6.14956,1.13456,5.84102,-19.22714,15.91647,10.14871,1.87401,-0.99777,81.92428,-6.478432,-1.384303,0.426673,,,,,,,,,,,,-6.02315,9.2391,-0.8795,50,5.90401,6.80282,-129.42316,-7.09533,-10.2491,26.1956,-16.45265,POM_COL,WHI_COL1,PomonaPitzer,TeamExclusive,Team,20260328-PomonaPitzer-Private-1,0a6c41a0-2ada-11f1-8cbf-a1be09b69ae6,88.34044,,,7.38522,,,,,,,afc8f227-0d99-4f26-9ec5-9eb72a8ad494,2026-03-28,19:12:18.58,2026-03-28T12:12:18.5852928-07:00,2026-03-28T19:12:18.5852928Z,,v3,643-145631,643-146222,,"Parker, Will",1000474009,Right,POM_COL,e2f28254-6b72-49b9-b74a-f495c8eb5410,54.65674,-130.36229,13.0978,6.14781,-6.50549,-8.22633,-1.12997,7.17026,-5.12455,,,,,,,,,,,,,,,,,,,,,,,,,,,,,,,,,,,,,,,,,,,,,,,,,,,High,High,High,,,,,
144,2026-03-28,12:12:35.85,5,3,"Polishuk, Will",1000375103,Right,POM_COL,"Plaskett, Joe",1000237974,Right,WHI_COL1,Undefined,5,Top,1,1,1,Slider,Slider,BallCalled,Undefined,Undefined,Undefined,0,0,,83.22452,-1.087874,-3.700328,2192.454679,203.055026,12:45,6.00158,1.36861,5.53627,-38.46073,2.74579,0.59528,1.77746,-2.04525,76.18799,-8.116374,-3.594406,0.462013,,,,,,,,,,,,-1.37906,2.14197,-1.04757,50,5.88168,7.77039,-120.53224,-3.63901,-2.01934,24.4449,-29.0376,POM_COL,WHI_COL1,PomonaPitzer,TeamExclusive,Team,20260328-PomonaPitzer-Private-1,14bf6240-2ada-11f1-8cbf-a1be09b69ae6,81.58301,,,7.03653,,,,,,,afc8f227-0d99-4f26-9ec5-9eb72a8ad494,2026-03-28,19:12:35.85,2026-03-28T12:12:35.8569472-07:00,2026-03-28T19:12:35.8569472Z,,v3,643-145631,643-146222,,"Parker, Will",1000474009,Right,POM_COL,1db4e0cf-098a-4bbf-bf70-14e9d7ed7fae,54.96101,-121.53421,12.22245,6.00644,-2.44879,-14.5188,-1.36776,7.85316,-1.00967,,,,,,,,,,,,,,,,,,,,,,,,,,,,,,,,,,,,,,,,,,,,,,,,,,,High,High,High,,,,,
145,2026-03-28,12:12:53.55,5,4,"Polishuk, Will",1000375103,Right,POM_COL,"Plaskett, Joe",1000237974,Right,WHI_COL1,Undefined,5,Top,1,2,1,Slider,Slider,InPlay,Undefined,GroundBall,Out,2,0,,81.10264,-0.833963,-1.828342,2169.881767,86.353381,9:00,5.92756,1.434,5.73231,-41.26313,1.15319,-1.05146,1.71188,-0.35687,75.19809,-8.37248,-2.016741,0.468746,90.06146,-9.539561,-11.494867,,,,,10.17481,9.57189,-8.398326,0.071844,0.06724,1.15323,-1.28093,50,5.8324,3.80263,-117.86783,-3.08382,0.09524,20.92576,-30.54025,POM_COL,WHI_COL1,PomonaPitzer,TeamExclusive,Team,20260328-PomonaPitzer-Private-1,1f5160a0-2ada-11f1-8cbf-a1be09b69ae6,80.41118,1.57461,,5.90455,,,,0.88386,1.57461,0.38114,afc8f227-0d99-4f26-9ec5-9eb72a8ad494,2026-03-28,19:12:53.55,2026-03-28T12:12:53.5505408-07:00,2026-03-28T19:12:53.5505408Z,GroundBall,v3,643-145631,643-146222,,"Parker, Will",1000474009,Right,POM_COL,97162fc2-2854-413f-a05b-f7503826ff5b,54.76835,-118.71137,10.46288,5.93189,-1.85272,-15.27013,-1.43414,3.79879,0.04762,180,0.88211,127.80261,,,,,,,,1.57491,-21.91715,,,,,,,,0.38149,-25.98981,,,,,,,,,,,,,,,,,,,,,,,,,,,,,,High,High,High,High,High,,,
146,2026-03-28,12:14:56.12,1,1,"Calkin, Carter",1000415859,Right,WHI_COL1,"Savas, Peter",1000276389,Right,POM_COL,Undefined,5,Bottom,0,0,0,Curveball,Curveball,StrikeCalled,Undefined,Undefined,Undefined,0,0,,65.66746,1.91341,-0.820008,1789.671072,43.387063,7:30,6.42102,0.79301,6.10454,-73.16736,-8.9513,-10.28981,2.09405,-0.82284,61.00773,-11.489765,-2.679276,0.576758,,,,,,,,,,,,5.05205,-4.4711,-0.7249,50,6.53058,1.68146,-95.48737,1.27103,4.6558,14.95773,-36.29446,POM_COL,WHI_COL1,PomonaPitzer,TeamExclusive,Team,20260328-PomonaPitzer-Private-1,686d59b0-2ada-11f1-8cbf-a1be09b69ae6,65.35231,,,4.65973,,,,,,,afc8f227-0d99-4f26-9ec5-9eb72a8ad494,2026-03-28,19:14:56.12,2026-03-28T12:14:56.1254400-07:00,2026-03-28T19:14:56.1254400Z,,v3,643-145631,643-146222,,"Brummett, Jackson",10114400,Right,WHI_COL1,2c2ecd2f-0391-4c2d-97bf-474596ec4f91,54.3986,-96.17392,7.47887,6.43401,2.93693,-18.14723,-0.79717,1.46776,2.3279,,,,,,,,,,,,,,,,,,,,,,,,,,,,,,,,,,,,,,,,,,,,,,,,,,,High,High,High,,,,,
147,2026-03-28,12:15:08.92,1,2,"Calkin, Carter",1000415859,Right,WHI_COL1,"Savas, Peter",1000276389,Right,POM_COL,Undefined,5,Bottom,0,0,1,Slider,Curveball,InPlay,Undefined,Popup,Out,1,0,,69.18216,0.500576,-1.390218,2044.95936,92.521805,9:00,5.8958,1.56676,6.57656,-54.4779,2.21902,-11.92394,1.81492,-0.70133,64.15376,-9.612424,-3.560363,0.54194,79.42125,35.714035,3.634097,,109.03575,68.52016,14.53134,261.75913,258.13691,12.179034,4.811844,5.93055,1.49776,-1.46657,50,5.90729,2.78652,-100.66283,-0.44158,6.08635,16.31079,-30.63695,POM_COL,WHI_COL1,PomonaPitzer,TeamExclusive,Team,20260328-PomonaPitzer-Private-1,7005ee30-2ada-11f1-8cbf-a1be09b69ae6,69.55093,77.6241,,5.0284,,,,2.0713,2.23491,0.62902,afc8f227-0d99-4f26-9ec5-9eb72a8ad494,2026-03-28,19:15:08.92,2026-03-28T12:15:08.9217536-07:00,2026-03-28T19:15:08.9217536Z,FlyBall,v3,643-145631,643-146222,,"Brummett, Jackson",10114400,Right,WHI_COL1,f6ae73ca-9163-49fc-b051-6429aef045c2,53.92456,-101.29675,8.15539,5.90131,0.74911,-15.31847,-1.57027,2.54998,3.04318,198.481937,2.0731,94.35195,-20.52918,4.9309,-0.86709,0.10323,-0.00882,0.00085,-6E-05,2.235,67.98639,-16.00156,-0.076,0.40745,-0.19057,0.05104,-0.00704,0.00038,0.62868,6.00167,3.6371,-1.23888,0.28983,-0.04573,0.00432,-0.00021,0,,,,,,,,,,,,,,,,,,,,,,,High,High,High,High,Medium,,,
148,2026-03-28,12:15:45.00,2,1,"Calkin, Carter",1000415859,Right,WHI_COL1,"Gonzaga, Kai",10138924,Left,POM_COL,Undefined,5,Bottom,1,0,0,Fastball,Changeup,BallCalled,Undefined,Undefined,Undefined,0,0,,80.78993,-0.680245,-1.410895,2110.976571,202.054147,12:45,6.48185,1.30939,6.24094,-24.83466,17.37678,6.4978,3.78463,0.54922,73.94697,-5.381368,-0.237133,0.467613,,,,,,,,,,,,-3.72398,9.59686,-1.20718,50,6.41874,2.64576,-117.3633,-2.05261,-5.1968,22.10286,-18.7816,POM_COL,WHI_COL1,PomonaPitzer,TeamExclusive,Team,20260328-PomonaPitzer-Private-1,857c50b0-2ada-11f1-8cbf-a1be09b69ae6,80.60608,,,6.84296,,,,,,,afc8f227-0d99-4f26-9ec5-9eb72a8ad494,2026-03-28,19:15:45.00,2026-03-28T12:15:45.0012672-07:00,2026-03-28T19:15:45.0012672Z,,v3,643-145631,643-146222,,"Brummett, Jackson",10114400,Right,WHI_COL1,db2b96f1-8480-4a18-9a48-66ff518ea757,54.25454,-118.16184,11.05143,6.48064,-1.37407,-9.3908,-1.30616,2.83351,-2.5984,,,,,,,,,,,,,,,,,,,,,,,,,,,,,,,,,,,,,,,,,,,,,,,,,,,High,High,High,,,,,
149,2026-03-28,12:16:16.97,2,2,"Calkin, Carter",1000415859,Right,WHI_COL1,"Gonzaga, Kai",10138924,Left,POM_COL,Undefined,5,Bottom,1,1,0,Fastball,Four-Seam,InPlay,Undefined,Popup,Out,1,0,,81.70375,-2.578672,-2.365621,2172.911374,196.651326,12:30,6.32039,1.24908,6.30216,-23.47493,17.63158,4.89422,1.98474,-0.5238,75.27142,-7.000574,-1.480969,0.461452,65.32745,58.93339,6.228319,,109.99084,80.58649,1.41833,150.78332,147.45525,-0.080269,5.02562,-3.17929,10.25749,-1.07767,50,6.11943,4.72378,-118.61514,-5.97137,-4.54964,21.74451,-17.49541,POM_COL,WHI_COL1,PomonaPitzer,TeamExclusive,Team,20260328-PomonaPitzer-Private-1,989450d0-2ada-11f1-8cbf-a1be09b69ae6,81.68223,95.4154,,6.43233,,,,0.48074,1.91629,0.52904,afc8f227-0d99-4f26-9ec5-9eb72a8ad494,2026-03-28,19:16:16.97,2026-03-28T12:16:16.9762304-07:00,2026-03-28T19:16:16.9762304Z,Popup,v3,643-145631,643-146222,,"Brummett, Jackson",10114400,Right,WHI_COL1,fab40f05-add2-4cbf-bc05-64414ae65558,54.19637,-119.38193,10.87226,6.31912,-5.35441,-8.74771,-1.24708,4.88422,-2.27482,171.228937,0.48073,49.13221,-11.8123,3.22917,-0.29711,-0.15994,0.07348,-0.01219,0.00073,1.89867,82.43987,-22.43385,4.17137,-2.29415,0.92397,-0.2092,0.02369,-0.00104,0.5286,5.36811,-3.64924,1.14966,-0.20278,-0.00255,0.01126,-0.00231,0.00015,,,,,,,,,,,,,,,,,,,,,,,High,High,High,High,Medium,,,
150,2026-03-28,12:16:43.93,3,1,"Calkin, Carter",1000415859,Right,WHI_COL1,"Pierantoni, Greg",1000091552,Right,POM_COL,Undefined,5,Bottom,2,0,0,Slider,Curveball,BallCalled,Undefined,Undefined,Undefined,0,0,,70.6705,0.389052,-0.857556,2131.600366,61.983134,8:00,5.96086,1.54645,6.32957,-61.54822,-5.70197,-14.41477,1.19015,-0.44451,64.57206,-10.984343,-3.474258,0.537859,,,,,,,,,,,,7.16752,-2.41996,-1.47781,50,5.96147,2.00411,-102.65387,-0.96998,7.50102,20.04318,-34.7066,POM_COL,WHI_COL1,PomonaPitzer,TeamExclusive,Team,20260328-PomonaPitzer-Private-1,a8a9e660-2ada-11f1-8cbf-a1be09b69ae6,70.07866,,,6.09844,,,,,,,afc8f227-0d99-4f26-9ec5-9eb72a8ad494,2026-03-28,19:16:43.93,2026-03-28T12:16:43.9382528-07:00,2026-03-28T19:16:43.9382528Z,,v3,643-145631,643-146222,,"Brummett, Jackson",10114400,Right,WHI_COL1,11c1c562-c004-4f5b-839b-31e624e48230,54.16975,-103.46482,10.02159,5.97231,0.43424,-17.3533,-1.55275,1.70062,3.75051,,,,,,,,,,,,,,,,,,,,,,,,,,,,,,,,,,,,,,,,,,,,,,,,,,,High,High,High,,,,,
151,2026-03-28,12:16:56.54,3,2,"Calkin, Carter",1000415859,Right,WHI_COL1,"Pierantoni, Greg",1000091552,Right,POM_COL,Undefined,5,Bottom,2,1,0,Fastball,Four-Seam,BallCalled,Undefined,Undefined,Undefined,0,0,,82.22368,-0.902623,-2.593233,2203.485359,197.596883,12:30,6.45753,1.17091,6.15136,-21.82293,19.23501,5.6754,3.80405,-0.7538,75.00296,-5.05418,-1.571158,0.46118,,,,,,,,,,,,-3.64288,10.57969,-0.97633,50,6.37742,5.18402,-119.31107,-2.45324,-5.23983,23.41271,-16.95645,POM_COL,WHI_COL1,PomonaPitzer,TeamExclusive,Team,20260328-PomonaPitzer-Private-1,b020c210-2ada-11f1-8cbf-a1be09b69ae6,81.73049,,,7.22072,,,,,,,afc8f227-0d99-4f26-9ec5-9eb72a8ad494,2026-03-28,19:16:56.54,2026-03-28T12:16:56.5467648-07:00,2026-03-28T19:16:56.5467648Z,,v3,643-145631,643-146222,,"Brummett, Jackson",10114400,Right,WHI_COL1,fdd4d9a5-04ba-49d5-a605-82de6d3bc4aa,54.34407,-120.16049,11.70636,6.45526,-1.83805,-8.47823,-1.16786,5.37412,-2.61991,,,,,,,,,,,,,,,,,,,,,,,,,,,,,,,,,,,,,,,,,,,,,,,,,,,High,High,High,,,,,
152,2026-03-28,12:17:12.24,3,3,"Calkin, Carter",1000415859,Right,WHI_COL1,"Pierantoni, Greg",1000091552,Right,POM_COL,Undefined,5,Bottom,2,2,0,Fastball,Changeup,BallCalled,Undefined,Undefined,Undefined,0,0,,80.33314,-0.726945,-0.586613,2133.891154,188.451139,12:15,6.43435,1.08531,6.41353,-23.46856,18.88662,2.60886,3.81024,0.76337,73.59698,-5.195258,-0.113696,0.468408,,,,,,,,,,,,-1.50953,10.44989,-1.04442,50,6.37137,1.10039,-116.7646,-2.06357,-2.08665,21.72674,-17.72899,POM_COL,WHI_COL1,PomonaPitzer,TeamExclusive,Team,20260328-PomonaPitzer-Private-1,b97d26a0-2ada-11f1-8cbf-a1be09b69ae6,80.46918,,,6.73617,,,,,,,afc8f227-0d99-4f26-9ec5-9eb72a8ad494,2026-03-28,19:17:12.24,2026-03-28T12:17:12.2452480-07:00,2026-03-28T19:17:12.2452480Z,,v3,643-145631,643-146222,,"Brummett, Jackson",10114400,Right,WHI_COL1,63012f3b-5343-444b-b84e-6afd0614ec06,54.08202,-117.5217,10.86337,6.43251,-1.44578,-8.8645,-1.08403,1.1731,-1.04333,,,,,,,,,,,,,,,,,,,,,,,,,,,,,,,,,,,,,,,,,,,,,,,,,,,High,High,High,,,,,
153,2026-03-28,12:17:28.84,3,4,"Calkin, Carter",1000415859,Right,WHI_COL1,"Pierantoni, Greg",1000091552,Right,POM_COL,Undefined,5,Bottom,2,3,0,Fastball,Changeup,StrikeCalled,Undefined,Undefined,Undefined,0,0,,78.69822,-1.653857,-2.373517,2078.123301,212.402176,1:00,6.4434,1.20252,6.30143,-27.17265,17.12934,9.998,2.65353,-0.15236,72.41019,-6.768488,-0.565995,0.479052,,,,,,,,,,,,-5.79614,9.77327,-1.03257,50,6.30865,4.37911,-114.28727,-4.01368,-7.69625,20.28733,-19.19687,POM_COL,WHI_COL1,PomonaPitzer,TeamExclusive,Team,20260328-PomonaPitzer-Private-1,c36db4e0-2ada-11f1-8cbf-a1be09b69ae6,78.68127,,,6.28804,,,,,,,afc8f227-0d99-4f26-9ec5-9eb72a8ad494,2026-03-28,19:17:28.84,2026-03-28T12:17:28.8451072-07:00,2026-03-28T19:17:28.8451072Z,,v3,643-145631,643-146222,,"Brummett, Jackson",10114400,Right,WHI_COL1,9628ee18-8575-410f-9ad7-f0ddf58c7c8a,54.19546,-115.0296,10.14367,6.44267,-3.31125,-9.59844,-1.19796,4.66072,-3.84813,,,,,,,,,,,,,,,,,,,,,,,,,,,,,,,,,,,,,,,,,,,,,,,,,,,High,High,High,,,,,
154,2026-03-28,12:17:41.16,3,5,"Calkin, Carter",1000415859,Right,WHI_COL1,"Pierantoni, Greg",1000091552,Right,POM_COL,Undefined,5,Bottom,2,3,1,Fastball,Changeup,FoulBallNotFieldable,Undefined,Undefined,Undefined,0,0,,81.1617,-2.905759,-1.704396,2131.670287,193.734717,12:30,6.51764,0.92102,6.15545,-23.23722,18.72422,4.25307,1.89314,-0.29968,74.6674,-7.277569,-0.937201,0.466226,,,,,,,,,,,,-2.66921,10.89174,-0.79372,50,6.28466,3.34999,-117.79701,-6.60778,-3.75989,21.85476,-16.83175,POM_COL,WHI_COL1,PomonaPitzer,TeamExclusive,Team,20260328-PomonaPitzer-Private-1,cabc4810-2ada-11f1-8cbf-a1be09b69ae6,80.84582,,,6.49429,,,,,,,afc8f227-0d99-4f26-9ec5-9eb72a8ad494,2026-03-28,19:17:41.16,2026-03-28T12:17:41.1645440-07:00,2026-03-28T19:17:41.1645440Z,,v3,643-145631,643-146222,,"Brummett, Jackson",10114400,Right,WHI_COL1,fa7c2902-b7ef-4e70-98bb-4910dcc5585e,54.34291,-118.6,10.92738,6.51608,-5.98933,-8.41588,-0.91934,3.48814,-1.87994,,,,,,,,,,,,,,,,,,,,,,,,,,,,,,,,,,,,,,,,,,,,,,,,,,,High,High,High,,,,,
155,2026-03-28,12:17:58.72,3,6,"Calkin, Carter",1000415859,Right,WHI_COL1,"Pierantoni, Greg",1000091552,Right,POM_COL,Undefined,5,Bottom,2,3,2,Fastball,Changeup,InPlay,Undefined,GroundBall,Single,0,0,,80.63934,-2.461605,-2.139511,2058.203521,212.415867,1:00,6.50362,0.89759,6.26141,-28.59529,13.69953,7.86611,1.84802,-0.42052,74.32518,-7.802977,-0.717282,0.468074,97.62545,3.698293,-10.846829,1718.334533,,,,75.05498,74.5842,-11.126647,0.560084,-4.68792,8.18831,-0.74281,50,6.30689,4.09604,-117.0943,-5.83498,-6.52684,21.53223,-20.77374,POM_COL,WHI_COL1,PomonaPitzer,TeamExclusive,Team,20260328-PomonaPitzer-Private-1,d5369fc0-2ada-11f1-8cbf-a1be09b69ae6,80.52659,2.76071,,6.31416,,,,1.35456,1.8599,0.39172,afc8f227-0d99-4f26-9ec5-9eb72a8ad494,2026-03-28,19:17:58.72,2026-03-28T12:17:58.7200000-07:00,2026-03-28T19:17:58.7200000Z,GroundBall,v3,643-145631,643-146222,,"Brummett, Jackson",10114400,Right,WHI_COL1,9f7e7e78-5fab-4ded-8ffe-fe042b30da91,54.23786,-117.87102,10.76612,6.50386,-5.08563,-10.38687,-0.89481,4.33148,-3.26342,29.198487,1.37909,139.74207,-19.2072,,,,,,,1.88534,8.62194,-21.48066,,,,,,,0.39441,-26.95467,0.68875,,,,,,,,,,,,,,,,,,,,,,,,,,,,,High,High,High,High,High,,,
156,2026-03-28,12:18:34.74,4,1,"Calkin, Carter",1000415859,Right,WHI_COL1,"Gold, Jack",1000108729,Left,POM_COL,Undefined,5,Bottom,2,0,0,Curveball,Curveball,BallCalled,Undefined,Undefined,Undefined,0,0,,64.11653,2.859193,1.40801,1738.238075,42.946887,7:30,6.39536,1.27591,6.0287,-75.83343,-7.86197,-9.35548,2.72679,1.80049,59.113,-11.062331,-0.279105,0.593382,,,,,,,,,,,,5.1804,-4.06441,-1.38122,50,6.57918,-1.99991,-93.08434,2.67738,4.5179,14.75723,-35.71868,POM_COL,WHI_COL1,PomonaPitzer,TeamExclusive,Team,20260328-PomonaPitzer-Private-1,eb1a9120-2ada-11f1-8cbf-a1be09b69ae6,63.52133,,,5.00353,,,,,,,afc8f227-0d99-4f26-9ec5-9eb72a8ad494,2026-03-28,19:18:34.74,2026-03-28T12:18:34.7476480-07:00,2026-03-28T19:18:34.7476480Z,,v3,643-145631,643-146222,,"Brummett, Jackson",10114400,Right,WHI_COL1,fcaac3f9-0c12-490b-bca7-384906e4aca7,54.47302,-93.79079,7.37862,6.41008,4.38729,-17.85934,-1.28031,-2.21619,2.25895,,,,,,,,,,,,,,,,,,,,,,,,,,,,,,,,,,,,,,,,,,,,,,,,,,,High,High,High,,,,,
157,2026-03-28,12:19:12.27,4,2,"Calkin, Carter",1000415859,Right,WHI_COL1,"Gold, Jack",1000108729,Left,POM_COL,Undefined,5,Bottom,2,1,0,Fastball,Changeup,FoulBallNotFieldable,Undefined,Undefined,Undefined,0,0,,80.41793,-1.265463,-1.708578,2081.849083,197.564932,12:30,6.451,1.58983,6.30305,-24.0134,18.32001,5.39107,3.2833,0.4645,73.98111,-5.807241,-0.733739,0.468288,,,,,,,,,,,,-3.27421,10.27843,-1.467,50,6.3464,3.297,-116.89049,-3.20989,-4.54891,21.17489,-17.89406,POM_COL,WHI_COL1,PomonaPitzer,TeamExclusive,Team,20260328-PomonaPitzer-Private-1,010a6960-2adb-11f1-8cbf-a1be09b69ae6,80.48986,,,6.43682,,,,,,,afc8f227-0d99-4f26-9ec5-9eb72a8ad494,2026-03-28,19:19:12.27,2026-03-28T12:19:12.2750976-07:00,2026-03-28T19:19:12.2750976Z,,v3,643-145631,643-146222,,"Brummett, Jackson",10114400,Right,WHI_COL1,43fea073-6b18-4dd1-86b2-d231fb55eeed,54.1959,-117.64812,10.58744,6.4498,-2.56964,-8.94703,-1.58788,3.45976,-2.27446,,,,,,,,,,,,,,,,,,,,,,,,,,,,,,,,,,,,,,,,,,,,,,,,,,,High,High,High,,,,,
158,2026-03-28,12:19:36.48,4,3,"Calkin, Carter",1000415859,Right,WHI_COL1,"Gold, Jack",1000108729,Left,POM_COL,Undefined,5,Bottom,2,1,1,Fastball,Changeup,BallCalled,Undefined,Undefined,Undefined,0,0,,81.61658,-3.142269,-2.564912,2185.763587,205.090787,12:45,6.39987,1.47161,6.25478,-24.72765,16.893,7.2613,1.43578,-0.29009,74.73258,-7.795562,-1.253268,0.464329,,,,,,,,,,,,-4.48044,10.08567,-1.28443,50,6.15399,5.02829,-118.30394,-7.16759,-6.33276,23.13426,-17.91871,POM_COL,WHI_COL1,PomonaPitzer,TeamExclusive,Team,20260328-PomonaPitzer-Private-1,0f80a6d0-2adb-11f1-8cbf-a1be09b69ae6,81.17613,,,6.884,,,,,,,afc8f227-0d99-4f26-9ec5-9eb72a8ad494,2026-03-28,19:19:36.48,2026-03-28T12:19:36.4811264-07:00,2026-03-28T19:19:36.4811264Z,,v3,643-145631,643-146222,,"Brummett, Jackson",10114400,Right,WHI_COL1,96cc7c73-4852-4f53-b802-8636f4331128,54.24161,-119.1305,11.56713,6.39864,-6.52738,-8.95935,-1.46813,5.25455,-3.16638,,,,,,,,,,,,,,,,,,,,,,,,,,,,,,,,,,,,,,,,,,,,,,,,,,,High,High,High,,,,,
159,2026-03-28,12:19:58.26,4,4,"Calkin, Carter",1000415859,Right,WHI_COL1,"Gold, Jack",1000108729,Left,POM_COL,Undefined,5,Bottom,2,2,1,Fastball,Changeup,InPlay,Undefined,FlyBall,Out,1,0,,79.6552,-1.830973,-1.531987,2063.037181,205.32052,12:45,6.42502,1.50867,6.16247,-26.3862,17.17678,7.4713,2.53362,0.71576,73.11406,-6.792707,-0.183762,0.47504,84.90975,51.992861,-2.019829,,108.53036,118.80261,-17.92066,243.49476,95.95215,-13.658921,5.764177,-4.3028,9.8241,-1.39628,50,6.27253,2.82591,-115.691,-4.41463,-5.83352,21.51778,-18.85498,POM_COL,WHI_COL1,PomonaPitzer,TeamExclusive,Team,20260328-PomonaPitzer-Private-1,1c7637b0-2adb-11f1-8cbf-a1be09b69ae6,79.34582,126.96759,,6.54114,,,,1.02022,2.65781,-0.72164,afc8f227-0d99-4f26-9ec5-9eb72a8ad494,2026-03-28,19:19:58.26,2026-03-28T12:19:58.2665728-07:00,2026-03-28T19:19:58.2665728Z,FlyBall,v3,643-145631,643-146222,,"Brummett, Jackson",10114400,Right,WHI_COL1,05c6df5f-8905-41da-9fbe-ae525ea2e5ba,54.33576,-116.49464,10.75889,6.42426,-3.71045,-9.42749,-1.50589,3.04377,-2.91676,159.4087,1.0232,76.55932,-17.64449,3.92866,-0.31619,-0.10373,0.03653,-0.00446,0.0002,2.65386,98.18886,-23.46532,2.45851,-0.51975,0.07596,-0.00147,-0.00106,9E-05,-0.72048,-2.7371,-5.15571,1.40284,-0.06153,-0.08086,0.02585,-0.00327,0.00015,,,,,,,,,,,,,,,,,,,,,,,High,High,High,High,Low,,,
160,2026-03-28,12:22:03.56,1,1,"Polishuk, Will",1000375103,Right,POM_COL,"Cardoza, Aidan",1000339820,Right,WHI_COL1,Undefined,6,Top,0,0,0,Fastball,Four-Seam,BallCalled,Undefined,Undefined,Undefined,0,0,,87.66223,-0.414089,-0.067267,2337.20624,209.720396,1:00,6.21058,1.53384,5.53382,-19.61718,17.50056,9.26875,4.18875,2.24336,79.44217,-4.123625,1.585197,0.438492,,,,,,,,,,,,-4.62744,9.2956,-1.53395,50,6.16179,-0.27236,-127.13464,-1.52576,-7.51786,27.86012,-17.07222,POM_COL,WHI_COL1,PomonaPitzer,TeamExclusive,Team,20260328-PomonaPitzer-Private-1,671cc860-2adb-11f1-8cbf-a1be09b69ae6,85.95917,,,8.22007,,,,,,,afc8f227-0d99-4f26-9ec5-9eb72a8ad494,2026-03-28,19:22:03.56,2026-03-28T12:22:03.5650560-07:00,2026-03-28T19:22:03.5650560Z,,v3,643-145631,643-146222,,"Parker, Will",1000474009,Right,POM_COL,64cbdec1-e2df-407d-b257-de3094524a58,54.95981,-128.21692,13.93006,6.20818,-0.86255,-8.53611,-1.52904,0.01969,-3.75893,,,,,,,,,,,,,,,,,,,,,,,,,,,,,,,,,,,,,,,,,,,,,,,,,,,High,High,High,,,,,
161,2026-03-28,12:22:20.42,1,2,"Polishuk, Will",1000375103,Right,POM_COL,"Cardoza, Aidan",1000339820,Right,WHI_COL1,Undefined,6,Top,0,1,0,Fastball,Four-Seam,StrikeCalled,Undefined,Undefined,Undefined,0,0,,87.36132,-2.76818,-3.095256,2257.60401,206.224402,12:45,6.10712,1.39662,5.64558,-18.62088,18.66509,8.56591,1.96749,-0.77956,79.50016,-6.285016,-1.567693,0.439485,,,,,,,,,,,,-5.21429,10.6313,-1.13917,50,5.86006,6.46491,-126.46229,-6.68111,-8.40471,26.91581,-15.03792,POM_COL,WHI_COL1,PomonaPitzer,TeamExclusive,Team,20260328-PomonaPitzer-Private-1,712bb410-2adb-11f1-8cbf-a1be09b69ae6,85.76504,,,7.86116,,,,,,,afc8f227-0d99-4f26-9ec5-9eb72a8ad494,2026-03-28,19:22:20.42,2026-03-28T12:22:20.4214784-07:00,2026-03-28T19:22:20.4214784Z,,v3,643-145631,643-146222,,"Parker, Will",1000474009,Right,POM_COL,37ea9ed9-e7f3-44fa-b06c-73f215f34482,54.85027,-127.49043,13.45791,6.10429,-6.10669,-7.51896,-1.39225,6.78595,-4.20236,,,,,,,,,,,,,,,,,,,,,,,,,,,,,,,,,,,,,,,,,,,,,,,,,,,High,High,High,,,,,
162,2026-03-28,12:22:37.12,1,3,"Polishuk, Will",1000375103,Right,POM_COL,"Cardoza, Aidan",1000339820,Right,WHI_COL1,Undefined,6,Top,0,1,1,Fastball,Four-Seam,FoulBallFieldable,Undefined,Undefined,Undefined,0,0,,89.50664,-2.30255,-2.714881,2239.866655,222.083884,1:30,6.14552,1.43896,5.6644,-19.65501,15.73584,13.13985,2.35702,0.00056,81.54169,-5.99662,-0.368589,0.428171,62.85072,-38.064069,-146.395141,,,,,1.90578,1.90578,-117.887617,0.041704,-7.46945,9.01063,-1.21789,50,5.9384,5.58027,-129.72424,-5.85428,-12.67691,28.1635,-16.88156,POM_COL,WHI_COL1,PomonaPitzer,TeamExclusive,Team,20260328-PomonaPitzer-Private-1,7b1febd0-2adb-11f1-8cbf-a1be09b69ae6,88.03138,2.38047,,7.96495,,,,1.64041,2.38047,-0.00201,afc8f227-0d99-4f26-9ec5-9eb72a8ad494,2026-03-28,19:22:37.12,2026-03-28T12:22:37.1280384-07:00,2026-03-28T19:22:37.1280384Z,GroundBall,v3,643-145631,643-146222,,"Parker, Will",1000474009,Right,POM_COL,cdc4f7d9-d7e9-4c8d-a0b9-7e633250bc6f,54.83392,-130.76948,14.08175,6.14405,-5.22775,-8.44078,-1.43372,6.05075,-6.33845,,1.64217,-60.70884,,,,,,,,2.38213,-57.07988,,,,,,,,-0.00085,-40.34228,,,,,,,,,,,,,,,,,,,,,,,,,,,,,,High,High,High,Estimated,Estimated,,,
163,2026-03-28,12:23:26.11,1,4,"Polishuk, Will",1000375103,Right,POM_COL,"Cardoza, Aidan",1000339820,Right,WHI_COL1,Undefined,6,Top,0,1,2,ChangeUp,Splitter,BallCalled,Undefined,Undefined,Undefined,0,0,,85.07867,0.467878,-0.692084,793.850886,273.093832,3:00,6.01244,1.68102,5.27881,-39.07376,0.52378,13.90083,3.19575,2.1894,77.72978,-6.662988,1.777204,0.452903,,,,,,,,,,,,-7.09807,0.56299,-1.62819,50,6.02675,0.87451,-123.47063,-0.46251,-10.9195,25.37718,-31.30797,POM_COL,WHI_COL1,PomonaPitzer,TeamExclusive,Team,20260328-PomonaPitzer-Private-1,98c94e10-2adb-11f1-8cbf-a1be09b69ae6,83.22401,,,7.34889,,,,,,,afc8f227-0d99-4f26-9ec5-9eb72a8ad494,2026-03-28,19:23:26.11,2026-03-28T12:23:26.1151744-07:00,2026-03-28T19:23:26.1151744Z,,v3,643-145631,643-146222,,"Parker, Will",1000474009,Right,POM_COL,7c6e4e54-5c23-46d1-81f2-a9b59b310ef6,55.21926,-124.53874,12.68859,6.01849,0.85522,-15.65399,-1.67467,1.33411,-5.45975,,,,,,,,,,,,,,,,,,,,,,,,,,,,,,,,,,,,,,,,,,,,,,,,,,,High,High,High,,,,,
164,2026-03-28,12:23:44.96,1,5,"Polishuk, Will",1000375103,Right,POM_COL,"Cardoza, Aidan",1000339820,Right,WHI_COL1,Undefined,6,Top,0,2,2,Fastball,Four-Seam,BallCalled,Undefined,Undefined,Undefined,0,0,,90.77676,0.0613,-1.414001,2165.411063,219.205054,1:15,6.28412,1.42652,5.52634,-17.58623,17.1145,12.98052,4.87593,1.18606,81.9947,-3.281465,0.899112,0.423976,,,,,,,,,,,,-6.8767,8.92512,-1.31195,50,6.27792,2.63436,-131.60236,-0.40839,-11.94748,30.36068,-16.66761,POM_COL,WHI_COL1,PomonaPitzer,TeamExclusive,Team,20260328-PomonaPitzer-Private-1,a38bd250-2adb-11f1-8cbf-a1be09b69ae6,88.90239,,,8.78206,,,,,,,afc8f227-0d99-4f26-9ec5-9eb72a8ad494,2026-03-28,19:23:44.96,2026-03-28T12:23:44.9640960-07:00,2026-03-28T19:23:44.9640960Z,,v3,643-145631,643-146222,,"Parker, Will",1000474009,Right,POM_COL,343eda30-19d0-4f3e-b8c8-c50cfdcf1012,54.96761,-132.74344,15.18034,6.2815,0.21805,-8.33381,-1.4194,3.0834,-5.97374,,,,,,,,,,,,,,,,,,,,,,,,,,,,,,,,,,,,,,,,,,,,,,,,,,,High,High,High,,,,,
165,2026-03-28,12:24:06.25,1,6,"Polishuk, Will",1000375103,Right,POM_COL,"Cardoza, Aidan",1000339820,Right,WHI_COL1,Undefined,6,Top,0,3,2,Fastball,Four-Seam,BallCalled,Walk,Undefined,Undefined,0,0,,90.22531,-3.243968,-3.162791,2147.963831,219.930307,1:15,6.13437,1.39983,5.69265,-18.16804,16.63017,12.95359,1.58927,-0.47129,82.39206,-6.660977,-0.849864,0.42457,,,,,,,,,,,,-7.42087,9.69323,-1.1418,50,5.84984,6.63907,-130.62137,-7.98574,-12.80731,27.78779,-15.44492,POM_COL,WHI_COL1,PomonaPitzer,TeamExclusive,Team,20260328-PomonaPitzer-Private-1,b03f5120-2adb-11f1-8cbf-a1be09b69ae6,88.77781,,,7.83325,,,,,,,afc8f227-0d99-4f26-9ec5-9eb72a8ad494,2026-03-28,19:24:06.25,2026-03-28T12:24:06.2515200-07:00,2026-03-28T19:24:06.2515200Z,,v3,643-145631,643-146222,,"Parker, Will",1000474009,Right,POM_COL,d4923a6e-3ce4-4b48-ab84-f371478e7925,54.80435,-131.63946,13.89389,6.13206,-7.41987,-7.72246,-1.39364,7.10831,-6.40366,,,,,,,,,,,,,,,,,,,,,,,,,,,,,,,,,,,,,,,,,,,,,,,,,,,High,High,High,,,,,
166,2026-03-28,12:24:37.41,2,1,"Polishuk, Will",1000375103,Right,POM_COL,"Eastwood Lilles, Parker",10269960,Right,WHI_COL1,Undefined,6,Top,0,0,0,Slider,Slider,StrikeCalled,Undefined,Undefined,Undefined,0,0,,79.63499,1.243483,-2.614385,2104.431767,72.964212,8:30,6.10551,1.42244,5.37983,-44.35652,1.28303,-1.12327,3.57619,-1.12364,71.98588,-6.892487,-2.813801,0.48623,,,,,,,,,,,,-0.2811,0.80496,-1.18756,50,6.18624,5.31058,-115.27514,0.96885,-0.37275,24.3318,-31.10664,POM_COL,WHI_COL1,PomonaPitzer,TeamExclusive,Team,20260328-PomonaPitzer-Private-1,c2d92090-2adb-11f1-8cbf-a1be09b69ae6,77.51971,,,7.64911,,,,,,,afc8f227-0d99-4f26-9ec5-9eb72a8ad494,2026-03-28,19:24:37.41,2026-03-28T12:24:37.4199296-07:00,2026-03-28T19:24:37.4199296Z,,v3,643-145631,643-146222,,"Parker, Will",1000474009,Right,POM_COL,84f68915-bda9-42bc-932d-1829cf4e69a6,55.11493,-116.34977,12.1659,6.11311,2.34269,-15.55332,-1.42246,5.32704,-0.18637,,,,,,,,,,,,,,,,,,,,,,,,,,,,,,,,,,,,,,,,,,,,,,,,,,,High,High,High,,,,,
167,2026-03-28,12:24:55.08,2,2,"Polishuk, Will",1000375103,Right,POM_COL,"Eastwood Lilles, Parker",10269960,Right,WHI_COL1,Undefined,6,Top,0,0,1,Fastball,Four-Seam,BallCalled,Undefined,Undefined,Undefined,0,0,,90.50285,-0.636707,-3.374692,2359.915172,205.369283,12:45,6.30422,1.26778,5.45442,-14.83942,20.1832,8.99985,4.47051,-1.14499,81.88397,-3.481304,-1.776979,0.425937,,,,,,,,,,,,-5.46744,10.6393,-0.97593,50,6.238,7.30127,-131.02538,-1.88477,-9.44234,29.37792,-13.79983,POM_COL,WHI_COL1,PomonaPitzer,TeamExclusive,Team,20260328-PomonaPitzer-Private-1,cd65eed0-2adb-11f1-8cbf-a1be09b69ae6,88.49293,,,8.61889,,,,,,,afc8f227-0d99-4f26-9ec5-9eb72a8ad494,2026-03-28,19:24:55.08,2026-03-28T12:24:55.0885888-07:00,2026-03-28T19:24:55.0885888Z,,v3,643-145631,643-146222,,"Parker, Will",1000474009,Right,POM_COL,6b5c6976-896f-4a29-9bfc-b933a5707694,55.03978,-132.15055,14.68896,6.30007,-1.35624,-6.89991,-1.26249,7.66291,-4.72117,,,,,,,,,,,,,,,,,,,,,,,,,,,,,,,,,,,,,,,,,,,,,,,,,,,High,High,High,,,,,
168,2026-03-28,12:25:16.77,2,3,"Polishuk, Will",1000375103,Right,POM_COL,"Eastwood Lilles, Parker",10269960,Right,WHI_COL1,Undefined,6,Top,0,1,1,Fastball,Sinker,StrikeCalled,Undefined,Undefined,Undefined,0,0,,88.77121,-2.755964,-3.986805,2079.147233,220.615771,1:15,6.15801,1.29382,5.63828,-19.72241,16.51946,13.08355,1.93519,-1.34122,80.60902,-6.46742,-1.656471,0.433288,,,,,,,,,,,,-7.75063,9.54489,-0.96275,50,5.91069,8.36245,-128.36759,-6.81453,-12.85135,28.13259,-16.34767,POM_COL,WHI_COL1,PomonaPitzer,TeamExclusive,Team,20260328-PomonaPitzer-Private-1,dade9260-2adb-11f1-8cbf-a1be09b69ae6,86.99163,,,8.16218,,,,,,,afc8f227-0d99-4f26-9ec5-9eb72a8ad494,2026-03-28,19:25:16.77,2026-03-28T12:25:16.7794176-07:00,2026-03-28T19:25:16.7794176Z,,v3,643-145631,643-146222,,"Parker, Will",1000474009,Right,POM_COL,12d9ef92-b16d-483a-bba3-1d6b5268493d,54.85759,-129.42779,14.0663,6.15589,-6.19846,-8.17384,-1.28702,8.84676,-6.42568,,,,,,,,,,,,,,,,,,,,,,,,,,,,,,,,,,,,,,,,,,,,,,,,,,,High,High,High,,,,,
169,2026-03-28,12:25:38.92,2,4,"Polishuk, Will",1000375103,Right,POM_COL,"Eastwood Lilles, Parker",10269960,Right,WHI_COL1,Undefined,6,Top,0,1,2,ChangeUp,Splitter,StrikeSwinging,Strikeout,Undefined,Undefined,0,0,,83.65913,-1.646404,-3.346678,933.948199,266.910547,3:00,6.07233,1.37125,5.28822,-39.07104,1.7576,9.38044,1.26735,-0.99322,77.17269,-8.729906,-1.682026,0.45989,,,,,,,,,,,,-5.60154,1.70583,-1.07321,50,5.89345,6.69496,-121.26451,-4.91886,-8.36876,22.97231,-29.6255,POM_COL,WHI_COL1,PomonaPitzer,TeamExclusive,Team,20260328-PomonaPitzer-Private-1,e77c6650-2adb-11f1-8cbf-a1be09b69ae6,81.95969,,,6.48644,,,,,,,afc8f227-0d99-4f26-9ec5-9eb72a8ad494,2026-03-28,19:25:38.92,2026-03-28T12:25:38.9243392-07:00,2026-03-28T19:25:38.9243392Z,,v3,643-145631,643-146222,,"Parker, Will",1000474009,Right,POM_COL,0533ceb1-e5ab-4959-9a12-aef5afe329f8,55.21143,-122.24778,11.48616,6.07685,-3.65083,-14.81275,-1.36743,7.05316,-4.18438,,,,,,,,,,,,,,,,,,,,,,,,,,,,,,,,,,,,,,,,,,,,,,,,,,,High,High,High,,,,,
170,2026-03-28,12:26:12.23,3,1,"Polishuk, Will",1000375103,Right,POM_COL,"O'Driscoll, Collin",1000259196,Right,WHI_COL1,Undefined,6,Top,1,0,0,Fastball,Sinker,FoulBallNotFieldable,Undefined,Undefined,Undefined,0,0,,88.62554,-1.024332,-3.061707,2165.108184,222.111416,1:30,6.16415,1.51591,5.60784,-19.59036,16.35749,13.76127,3.574,-0.19796,81.04715,-4.705199,-0.608994,0.431527,,,,,,,,,,,,-7.83481,8.91504,-1.26314,50,6.06397,6.28517,-128.56202,-2.93224,-13.13711,26.18923,-17.22567,POM_COL,WHI_COL1,PomonaPitzer,TeamExclusive,Team,20260328-PomonaPitzer-Private-1,fb576850-2adb-11f1-8cbf-a1be09b69ae6,87.34667,,,7.57839,,,,,,,afc8f227-0d99-4f26-9ec5-9eb72a8ad494,2026-03-28,19:26:12.23,2026-03-28T12:26:12.2330624-07:00,2026-03-28T19:26:12.2330624Z,,v3,643-145631,643-146222,,"Parker, Will",1000474009,Right,POM_COL,b3636426-e56e-4e20-ba9a-7950fe598812,54.89146,-129.55462,13.09461,6.16273,-2.27937,-8.61283,-1.51079,6.78308,-6.56855,,,,,,,,,,,,,,,,,,,,,,,,,,,,,,,,,,,,,,,,,,,,,,,,,,,High,High,High,,,,,
171,2026-03-28,12:26:38.41,3,2,"Polishuk, Will",1000375103,Right,POM_COL,"O'Driscoll, Collin",1000259196,Right,WHI_COL1,Undefined,6,Top,1,0,1,ChangeUp,Splitter,FoulBallNotFieldable,Undefined,Undefined,Undefined,0,0,,82.43077,-1.026017,-3.160902,913.797659,254.248865,2:30,6.04455,1.57199,5.13787,-37.52443,5.18331,13.19406,1.9498,-0.30796,75.09215,-7.870094,-0.826544,0.470354,,,,,,,,,,,,-7.55146,3.29418,-1.28631,50,5.91939,6.03314,-119.3685,-3.49098,-10.80992,24.66394,-27.45845,POM_COL,WHI_COL1,PomonaPitzer,TeamExclusive,Team,20260328-PomonaPitzer-Private-1,0af8b840-2adc-11f1-8cbf-a1be09b69ae6,80.13633,,,7.33862,,,,,,,afc8f227-0d99-4f26-9ec5-9eb72a8ad494,2026-03-28,19:26:38.41,2026-03-28T12:26:38.4180224-07:00,2026-03-28T19:26:38.4180224Z,,v3,643-145631,643-146222,,"Parker, Will",1000474009,Right,POM_COL,d02dd58a-459d-46df-a1b8-800df9f0e00c,55.36086,-120.47107,12.33197,6.04801,-2.26348,-13.72923,-1.56682,6.51639,-5.40496,,,,,,,,,,,,,,,,,,,,,,,,,,,,,,,,,,,,,,,,,,,,,,,,,,,High,High,High,,,,,
172,2026-03-28,12:27:30.85,3,3,"Polishuk, Will",1000375103,Right,POM_COL,"O'Driscoll, Collin",1000259196,Right,WHI_COL1,Undefined,6,Top,1,0,2,Fastball,Sinker,BallCalled,Undefined,Undefined,Undefined,0,0,,89.14687,-3.193365,-2.350995,2391.831641,225.931668,1:30,6.07841,1.771,5.27652,-19.74533,16.83761,16.00615,1.42805,0.89551,80.54143,-6.893517,0.488582,0.435322,,,,,,,,,,,,-8.68016,9.79953,-1.56826,50,5.77242,4.54415,-128.90466,-7.85596,-14.41775,30.00294,-15.89702,POM_COL,WHI_COL1,PomonaPitzer,TeamExclusive,Team,20260328-PomonaPitzer-Private-1,2a3871f0-2adc-11f1-8cbf-a1be09b69ae6,86.58519,,,8.60544,,,,,,,afc8f227-0d99-4f26-9ec5-9eb72a8ad494,2026-03-28,19:27:30.85,2026-03-28T12:27:30.8593664-07:00,2026-03-28T19:27:30.8593664Z,,v3,643-145631,643-146222,,"Parker, Will",1000474009,Right,POM_COL,514ecc73-f24d-432f-ac12-8a9245b5335a,55.21886,-130.1137,15.00147,6.07609,-7.21535,-7.94851,-1.76308,5.12515,-7.20887,,,,,,,,,,,,,,,,,,,,,,,,,,,,,,,,,,,,,,,,,,,,,,,,,,,High,High,High,,,,,
173,2026-03-28,12:27:55.45,3,4,"Polishuk, Will",1000375103,Right,POM_COL,"O'Driscoll, Collin",1000259196,Right,WHI_COL1,Undefined,6,Top,1,1,2,Fastball,Four-Seam,BallCalled,Undefined,Undefined,Undefined,0,0,,88.64644,-0.607125,-1.746554,2256.879497,215.824939,1:15,6.29687,1.56405,5.33554,-17.78832,18.95966,12.74115,4.24462,0.9867,79.93431,-3.987657,0.515541,0.436303,,,,,,,,,,,,-6.8343,10.01993,-1.41545,50,6.22971,3.31644,-128.41337,-1.91046,-11.2821,29.41304,-15.63315,POM_COL,WHI_COL1,PomonaPitzer,TeamExclusive,Team,20260328-PomonaPitzer-Private-1,38d5bf60-2adc-11f1-8cbf-a1be09b69ae6,86.39051,,,8.71213,,,,,,,afc8f227-0d99-4f26-9ec5-9eb72a8ad494,2026-03-28,19:27:55.45,2026-03-28T12:27:55.4540032-07:00,2026-03-28T19:27:55.4540032Z,,v3,643-145631,643-146222,,"Parker, Will",1000474009,Right,POM_COL,fa8fe1ca-6432-4974-babd-333d6700efec,55.15812,-129.58945,14.70652,6.2936,-1.28536,-7.81658,-1.55707,3.76756,-5.64105,,,,,,,,,,,,,,,,,,,,,,,,,,,,,,,,,,,,,,,,,,,,,,,,,,,High,High,High,,,,,
174,2026-03-28,12:28:18.92,3,5,"Polishuk, Will",1000375103,Right,POM_COL,"O'Driscoll, Collin",1000259196,Right,WHI_COL1,Undefined,6,Top,1,2,2,ChangeUp,Splitter,FoulBallNotFieldable,Undefined,Undefined,Undefined,0,0,,82.46199,0.262799,-1.101004,832.375625,211.437303,1:00,6.00542,1.50495,5.3962,-31.98266,9.87745,5.22744,3.58653,0.90865,75.41339,-5.636639,-0.171252,0.465663,,,,,,,,,,,,-2.9352,5.28945,-1.41053,50,6.00659,2.08339,-119.69003,-0.5358,-4.25614,23.18918,-24.50418,POM_COL,WHI_COL1,PomonaPitzer,TeamExclusive,Team,20260328-PomonaPitzer-Private-1,46e41340-2adc-11f1-8cbf-a1be09b69ae6,80.94364,,,7.0486,,,,,,,afc8f227-0d99-4f26-9ec5-9eb72a8ad494,2026-03-28,19:28:18.92,2026-03-28T12:28:18.9243392-07:00,2026-03-28T19:28:18.9243392Z,,v3,643-145631,643-146222,,"Parker, Will",1000474009,Right,POM_COL,ca388607-7964-4a6d-91f9-4c0b29f7fdcc,55.10149,-120.67436,11.59459,6.00726,0.50435,-12.25209,-1.50281,2.26406,-2.12807,,,,,,,,,,,,,,,,,,,,,,,,,,,,,,,,,,,,,,,,,,,,,,,,,,,High,High,High,,,,,
175,2026-03-28,12:28:43.04,3,6,"Polishuk, Will",1000375103,Right,POM_COL,"O'Driscoll, Collin",1000259196,Right,WHI_COL1,Undefined,6,Top,1,2,2,Fastball,Four-Seam,BallCalled,Undefined,Undefined,Undefined,0,0,,88.09092,-0.214699,-3.126542,2015.053511,216.082372,1:15,6.20824,1.5637,5.90832,-19.46458,16.77399,11.33733,4.38661,-0.39644,79.91713,-3.914607,-1.095309,0.433268,,,,,,,,,,,,-6.6354,8.978,-1.31853,50,6.17979,6.48108,-127.69801,-1.04827,-10.90132,27.53505,-17.42409,POM_COL,WHI_COL1,PomonaPitzer,TeamExclusive,Team,20260328-PomonaPitzer-Private-1,55369c10-2adc-11f1-8cbf-a1be09b69ae6,86.99559,,,8.17379,,,,,,,afc8f227-0d99-4f26-9ec5-9eb72a8ad494,2026-03-28,19:28:43.04,2026-03-28T12:28:43.0417920-07:00,2026-03-28T19:28:43.0417920Z,,v3,643-145631,643-146222,,"Parker, Will",1000474009,Right,POM_COL,3108c151-102e-4cf7-9ba9-498466da1a26,54.58654,-128.68319,13.76752,6.20615,-0.42486,-8.71205,-1.55739,6.87112,-5.45066,,,,,,,,,,,,,,,,,,,,,,,,,,,,,,,,,,,,,,,,,,,,,,,,,,,High,High,High,,,,,
176,2026-03-28,12:29:05.16,3,7,"Polishuk, Will",1000375103,Right,POM_COL,"O'Driscoll, Collin",1000259196,Right,WHI_COL1,Undefined,6,Top,1,3,2,Fastball,Four-Seam,InPlay,Undefined,FlyBall,Double,1,0,,88.5777,-1.62165,-2.244129,2073.16662,221.828841,1:30,6.11952,1.53491,5.64013,-19.7182,16.70761,13.78241,2.96198,0.58888,79.98956,-5.354504,0.216735,0.434386,93.71322,25.934516,-11.735746,3392.28788,106.04549,51.10315,-29.22928,358.49122,347.96845,-21.906643,4.681056,-7.68189,9.35528,-1.35317,50,5.9694,4.42452,-128.34205,-4.25141,-12.64962,29.72004,-16.76888,POM_COL,WHI_COL1,PomonaPitzer,TeamExclusive,Team,20260328-PomonaPitzer-Private-1,626edb40-2adc-11f1-8cbf-a1be09b69ae6,86.77174,68.49814,,8.58814,,,,0.11498,3.16847,-0.6332,afc8f227-0d99-4f26-9ec5-9eb72a8ad494,2026-03-28,19:29:05.16,2026-03-28T12:29:05.1689984-07:00,2026-03-28T19:29:05.1689984Z,FlyBall,v3,643-145631,643-146222,,"Parker, Will",1000474009,Right,POM_COL,843e1fbb-dbab-409d-bf79-d46580ac8e14,54.85644,-129.46176,14.86002,6.11767,-3.61964,-8.38444,-1.52884,4.9011,-6.32481,151.757987,0.11626,120.99285,-24.9391,6.13143,-1.18797,0.18323,-0.0239,0.0026,-0.00015,3.16888,60.09745,-13.48682,-0.95596,0.7388,-0.28422,0.07042,-0.00944,0.00051,-0.63299,-25.14622,-2.78276,1.21427,-0.36247,0.07798,-0.01165,0.00107,-5E-05,,,,,,,,,,,,,,,,,,,,,,,High,High,High,High,High,,,
177,2026-03-28,12:30:56.21,4,1,"Polishuk, Will",1000375103,Right,POM_COL,"Brummett, Jackson",10114400,Right,WHI_COL1,Undefined,6,Top,2,0,0,Slider,Slider,StrikeCalled,Undefined,Undefined,Undefined,0,0,,78.08015,1.062802,-3.336795,2007.70626,239.202762,2:00,5.97817,1.57282,5.39867,-44.66254,2.82169,1.88587,3.25404,-1.40044,70.61464,-7.134003,-3.002197,0.495959,,,,,,,,,,,,-2.00028,1.65685,-1.27632,50,6.04247,6.50864,-112.95716,0.5962,-2.54801,23.27896,-30.06351,POM_COL,WHI_COL1,PomonaPitzer,TeamExclusive,Team,20260328-PomonaPitzer-Private-1,a4abcbd0-2adc-11f1-8cbf-a1be09b69ae6,75.99904,,,7.46551,,,,,,,afc8f227-0d99-4f26-9ec5-9eb72a8ad494,2026-03-28,19:30:56.21,2026-03-28T12:30:56.2185216-07:00,2026-03-28T19:30:56.2185216Z,,v3,643-145631,643-146222,,"Parker, Will",1000474009,Right,POM_COL,823b6f4e-c3c3-4370-acbe-818ad5ebb8c4,55.09572,-114.00249,11.63948,5.98539,1.94618,-15.03176,-1.57115,6.62305,-1.274,,,,,,,,,,,,,,,,,,,,,,,,,,,,,,,,,,,,,,,,,,,,,,,,,,,High,High,High,,,,,
178,2026-03-28,12:31:15.46,4,2,"Polishuk, Will",1000375103,Right,POM_COL,"Brummett, Jackson",10114400,Right,WHI_COL1,Undefined,6,Top,2,0,1,Fastball,Sinker,StrikeCalled,Undefined,Undefined,Undefined,0,0,,89.69904,-2.156985,-3.511417,2011.080759,224.046648,1:30,6.26474,1.10841,5.59036,-19.26631,16.32328,14.56682,2.6404,-0.96056,81.17394,-5.793225,-0.917031,0.429371,,,,,,,,,,,,-8.3506,9.25918,-0.81603,50,6.06692,7.29682,-129.78667,-5.5095,-14.11422,29.466,-16.52419,POM_COL,WHI_COL1,PomonaPitzer,TeamExclusive,Team,20260328-PomonaPitzer-Private-1,b00d9d50-2adc-11f1-8cbf-a1be09b69ae6,87.78522,,,8.5251,,,,,,,afc8f227-0d99-4f26-9ec5-9eb72a8ad494,2026-03-28,19:31:15.46,2026-03-28T12:31:15.4689536-07:00,2026-03-28T19:31:15.4689536Z,,v3,643-145631,643-146222,,"Parker, Will",1000474009,Right,POM_COL,b67aebc0-9483-4b1f-8890-c153137c6e31,54.90487,-130.89551,14.733,6.26255,-4.88768,-8.26209,-1.10061,7.82795,-7.05711,,,,,,,,,,,,,,,,,,,,,,,,,,,,,,,,,,,,,,,,,,,,,,,,,,,High,High,High,,,,,
179,2026-03-28,12:31:34.76,4,3,"Polishuk, Will",1000375103,Right,POM_COL,"Brummett, Jackson",10114400,Right,WHI_COL1,Undefined,6,Top,2,0,2,Fastball,Four-Seam,BallCalled,Undefined,Undefined,Undefined,0,0,,90.28305,-2.648094,-4.815231,2302.610428,214.958744,1:15,6.40699,0.97744,5.57567,-15.2578,20.02115,13.11198,2.65166,-2.43793,81.60958,-5.569782,-2.488112,0.427493,,,,,,,,,,,,-7.99804,11.23847,-0.57045,50,6.16831,10.37407,-130.36154,-6.48366,-13.64653,29.57445,-12.99853,POM_COL,WHI_COL1,PomonaPitzer,TeamExclusive,Team,20260328-PomonaPitzer-Private-1,bb9d3590-2adc-11f1-8cbf-a1be09b69ae6,88.17083,,,8.67347,,,,,,,afc8f227-0d99-4f26-9ec5-9eb72a8ad494,2026-03-28,19:31:34.76,2026-03-28T12:31:34.7698688-07:00,2026-03-28T19:31:34.7698688Z,,v3,643-145631,643-146222,,"Parker, Will",1000474009,Right,POM_COL,ff7bfae4-321f-4dab-beed-5d9521cf7839,54.91914,-131.47278,14.78722,6.40275,-5.99524,-6.49927,-0.96989,10.88683,-6.82326,,,,,,,,,,,,,,,,,,,,,,,,,,,,,,,,,,,,,,,,,,,,,,,,,,,High,High,High,,,,,
180,2026-03-28,12:31:53.81,4,4,"Polishuk, Will",1000375103,Right,POM_COL,"Brummett, Jackson",10114400,Right,WHI_COL1,Undefined,6,Top,2,1,2,Slider,Slider,StrikeCalled,Strikeout,Undefined,Undefined,0,0,,84.17861,-1.017785,-2.664203,2062.833385,300.990819,4:00,6.07237,1.17143,5.52908,-39.24774,1.3826,0.12295,1.84916,-1.31065,76.28891,-8.213021,-2.642284,0.458772,,,,,,,,,,,,-0.92327,1.50224,-0.9399,50,5.95814,5.66686,-121.89548,-3.56736,-1.36758,27.42785,-29.94886,POM_COL,WHI_COL1,PomonaPitzer,TeamExclusive,Team,20260328-PomonaPitzer-Private-1,c6f36e50-2adc-11f1-8cbf-a1be09b69ae6,82.15948,,,7.88971,,,,,,,afc8f227-0d99-4f26-9ec5-9eb72a8ad494,2026-03-28,19:31:53.81,2026-03-28T12:31:53.8120000-07:00,2026-03-28T19:31:53.8120000Z,,v3,643-145631,643-146222,,"Parker, Will",1000474009,Right,POM_COL,f66a5f71-d121-4e2b-afd7-21fc3ff39477,54.96652,-123.00792,13.71393,6.0782,-2.35266,-14.97443,-1.17086,5.72233,-0.68379,,,,,,,,,,,,,,,,,,,,,,,,,,,,,65.21211,,,0.991089,,,,2.14047,5.90452,-0.66222,70.7295,3.22546,-54.0548,2.13804,72.02508,-2.84049,5.94715,13.64033,-16.5617,-0.70032,-60.82849,7.08099,High,High,High,,,High,Low,High
181,2026-03-28,12:33:52.54,1,1,"Calkin, Carter",1000415859,Right,WHI_COL1,"DeGrazia, Tanner",1000214434,Right,POM_COL,Undefined,6,Bottom,0,0,0,Slider,Curveball,StrikeCalled,Undefined,Undefined,Undefined,0,0,,68.90666,2.547872,-1.471689,2037.440502,73.159168,8:30,5.8506,1.57151,5.85245,-60.71232,-1.75126,-11.69674,3.16099,-0.77096,63.51936,-8.594402,-3.568353,0.552655,,,,,,,,,,,,5.52914,-0.98158,-1.44529,50,6.02271,2.96029,-100.03377,2.7427,5.60168,16.16059,-33.16852,POM_COL,WHI_COL1,PomonaPitzer,TeamExclusive,Team,20260328-PomonaPitzer-Private-1,0dc1cde0-2add-11f1-8cbf-a1be09b69ae6,68.20247,,,5.3873,,,,,,,afc8f227-0d99-4f26-9ec5-9eb72a8ad494,2026-03-28,19:33:52.54,2026-03-28T12:33:52.5475840-07:00,2026-03-28T19:33:52.5475840Z,,v3,643-145631,643-146222,,"Brummett, Jackson",10114400,Right,WHI_COL1,ed3ed324-601c-4ea5-be36-20679720a343,54.64752,-100.78178,8.0803,5.86023,4.27796,-16.58426,-1.57631,2.70101,2.80084,,,,,,,,,,,,,,,,,,,,,,,,,,,,,,,,,,,,,,,,,,,,,,,,,,,High,High,High,,,,,
182,2026-03-28,12:34:04.76,1,2,"Calkin, Carter",1000415859,Right,WHI_COL1,"DeGrazia, Tanner",1000214434,Right,POM_COL,Undefined,6,Bottom,0,0,1,Slider,Curveball,BallCalled,Undefined,Undefined,Undefined,0,0,,70.50548,0.008545,-2.593027,2090.691229,79.910623,8:45,5.85811,1.47144,5.04396,-59.31987,-0.99949,-15.93576,0.92285,-2.30416,65.21132,-10.652597,-5.408452,0.549644,,,,,,,,,,,,7.1626,0.06169,-1.21081,50,5.81165,5.21299,-102.21796,-1.88358,7.54105,17.62038,-32.10908,POM_COL,WHI_COL1,PomonaPitzer,TeamExclusive,Team,20260328-PomonaPitzer-Private-1,1516a2a0-2add-11f1-8cbf-a1be09b69ae6,68.57607,,,5.29415,,,,,,,afc8f227-0d99-4f26-9ec5-9eb72a8ad494,2026-03-28,19:34:04.76,2026-03-28T12:34:04.7687680-07:00,2026-03-28T19:34:04.7687680Z,,v3,643-145631,643-146222,,"Brummett, Jackson",10114400,Right,WHI_COL1,4ec6a0ff-5ec9-4aff-9765-372e64c6d8b2,55.45627,-103.15423,8.81019,5.8664,-0.17745,-16.05454,-1.47716,4.81229,3.77052,,,,,,,,,,,,,,,,,,,,,,,,,,,,,,,,,,,,,,,,,,,,,,,,,,,High,High,High,,,,,
183,2026-03-28,12:34:17.17,1,3,"Calkin, Carter",1000415859,Right,WHI_COL1,"DeGrazia, Tanner",1000214434,Right,POM_COL,Undefined,6,Bottom,0,1,1,Curveball,Curveball,BallCalled,Undefined,Undefined,Undefined,0,0,,65.30451,2.424191,0.586607,1811.064493,32.116283,7:00,6.28997,0.82109,5.72788,-77.70496,-11.71646,-8.62965,2.07378,0.6483,60.53812,-11.715616,-0.962399,0.584663,,,,,,,,,,,,4.53721,-5.9454,-0.86474,50,6.44484,-0.69526,-94.88343,1.85814,4.12326,14.94382,-37.57702,POM_COL,WHI_COL1,PomonaPitzer,TeamExclusive,Team,20260328-PomonaPitzer-Private-1,1c7bcb10-2add-11f1-8cbf-a1be09b69ae6,64.46867,,,4.76639,,,,,,,afc8f227-0d99-4f26-9ec5-9eb72a8ad494,2026-03-28,19:34:17.17,2026-03-28T12:34:17.1746304-07:00,2026-03-28T19:34:17.1746304Z,,v3,643-145631,643-146222,,"Brummett, Jackson",10114400,Right,WHI_COL1,f863c309-abba-4176-ab72-f29699b33745,54.77609,-95.63269,7.47191,6.30445,3.7422,-18.78851,-0.8247,-0.90199,2.06163,,,,,,,,,,,,,,,,,,,,,,,,,,,,,,,,,,,,,,,,,,,,,,,,,,,High,High,High,,,,,
184,2026-03-28,12:34:33.14,1,4,"Calkin, Carter",1000415859,Right,WHI_COL1,"DeGrazia, Tanner",1000214434,Right,POM_COL,Undefined,6,Bottom,0,2,1,Fastball,Changeup,BallCalled,Undefined,Undefined,Undefined,0,0,,80.31742,-1.396845,-3.462585,2086.350541,188.1009,12:15,6.43165,1.04654,6.36548,-24.40328,17.99001,2.37969,3.11004,-1.94535,74.02465,-6.002399,-3.032929,0.468619,,,,,,,,,,,,-2.12658,10.13024,-0.79696,50,6.3188,6.96706,-116.56751,-3.4754,-2.94606,20.50473,-18.14001,POM_COL,WHI_COL1,PomonaPitzer,TeamExclusive,Team,20260328-PomonaPitzer-Private-1,25f7c590-2add-11f1-8cbf-a1be09b69ae6,80.433,,,6.29278,,,,,,,afc8f227-0d99-4f26-9ec5-9eb72a8ad494,2026-03-28,19:34:33.14,2026-03-28T12:34:33.1442688-07:00,2026-03-28T19:34:33.1442688Z,,v3,643-145631,643-146222,,"Brummett, Jackson",10114400,Right,WHI_COL1,494eeaa2-8d12-4e27-af9e-e27d247b3432,54.13113,-117.29195,10.25236,6.43027,-2.83451,-9.07001,-1.04495,7.07115,-1.47303,,,,,,,,,,,,,,,,,,,,,,,,,,,,,,,,,,,,,,,,,,,,,,,,,,,High,High,High,,,,,
185,2026-03-28,12:34:49.40,1,5,"Calkin, Carter",1000415859,Right,WHI_COL1,"DeGrazia, Tanner",1000214434,Right,POM_COL,Undefined,6,Bottom,0,3,1,Fastball,Changeup,BallCalled,Walk,Undefined,Undefined,0,0,,81.18038,-3.757718,-2.538503,2098.319099,208.240663,1:00,6.48469,0.92441,6.23974,-22.95474,18.85781,9.42843,1.09725,-0.63296,74.90839,-8.068194,-0.835817,0.465398,,,,,,,,,,,,-5.54847,11.17977,-0.73967,50,6.19262,4.87364,-117.69824,-8.34491,-7.82624,21.17896,-16.40468,POM_COL,WHI_COL1,PomonaPitzer,TeamExclusive,Team,20260328-PomonaPitzer-Private-1,2fa61ab0-2add-11f1-8cbf-a1be09b69ae6,80.98966,,,6.27199,,,,,,,afc8f227-0d99-4f26-9ec5-9eb72a8ad494,2026-03-28,19:34:49.40,2026-03-28T12:34:49.4059520-07:00,2026-03-28T19:34:49.4059520Z,,v3,643-145631,643-146222,,"Brummett, Jackson",10114400,Right,WHI_COL1,5ca88174-8b27-4332-ac08-338e96df2ffc,54.25833,-118.46201,10.58948,6.48289,-7.75331,-8.20234,-0.92052,5.15587,-3.91312,,,,,,,,,,,,,,,,,,,,,,,,,,,,,,,,,,,,,,,,,,,,,,,,,,,High,High,High,,,,,
186,2026-03-28,12:36:29.31,2,1,"Calkin, Carter",1000415859,Right,WHI_COL1,"Berry, Cooper",1000276381,Left,POM_COL,Undefined,6,Bottom,0,0,0,Curveball,Curveball,BallCalled,Undefined,Undefined,Undefined,0,0,,65.5721,1.280113,-0.056406,1731.681924,49.595479,7:45,6.2075,1.51572,5.24949,-76.02768,-9.30213,-13.38824,1.07498,0.34703,60.87096,-12.412201,-2.44077,0.587919,,,,,,,,,,,,6.68941,-4.40748,-1.50021,50,6.26833,0.54051,-95.23545,-0.11051,6.11164,15.33666,-36.20088,POM_COL,WHI_COL1,PomonaPitzer,TeamExclusive,Team,20260328-PomonaPitzer-Private-1,6b429260-2add-11f1-8cbf-a1be09b69ae6,64.11162,,,4.70114,,,,,,,afc8f227-0d99-4f26-9ec5-9eb72a8ad494,2026-03-28,19:36:29.31,2026-03-28T12:36:29.3181440-07:00,2026-03-28T19:36:29.3181440Z,,v3,643-145631,643-146222,,"Brummett, Jackson",10114400,Right,WHI_COL1,705c779e-79d5-4130-b52f-d8de3dcbde0f,55.25392,-96.07781,7.66833,6.21979,1.87782,-18.10044,-1.52068,0.20482,3.05582,,,,,,,,,,,,,,,,,,,,,,,,,,,,,,,,,,,,,,,,,,,,,,,,,,,High,High,High,,,,,
187,2026-03-28,12:36:48.60,2,2,"Calkin, Carter",1000415859,Right,WHI_COL1,"Berry, Cooper",1000276381,Left,POM_COL,Undefined,6,Bottom,0,1,0,Fastball,Changeup,StrikeSwinging,Undefined,Undefined,Undefined,0,0,,80.94689,-1.079079,-1.758199,2076.090008,209.558637,1:00,6.47117,1.4417,6.34086,-23.24639,18.62922,9.81382,3.53994,0.64033,74.14175,-5.496929,0.017707,0.465749,,,,,,,,,,,,-5.54146,10.38323,-1.31788,50,6.38139,3.24523,-117.59455,-2.80689,-7.76808,22.0698,-17.61866,POM_COL,WHI_COL1,PomonaPitzer,TeamExclusive,Team,20260328-PomonaPitzer-Private-1,76aa7e60-2add-11f1-8cbf-a1be09b69ae6,80.92866,,,6.80513,,,,,,,afc8f227-0d99-4f26-9ec5-9eb72a8ad494,2026-03-28,19:36:48.60,2026-03-28T12:36:48.6016512-07:00,2026-03-28T19:36:48.6016512Z,,v3,643-145631,643-146222,,"Brummett, Jackson",10114400,Right,WHI_COL1,769abe5e-1afd-4d56-918d-fa2ace03d7d9,54.15518,-118.37181,11.0349,6.46932,-2.18639,-8.80933,-1.43699,3.51881,-3.88404,,,,,,,,,,,,,,,,,,,,,,,,,,,,,,,,,,,,,,,,,,,,,,,,,,,High,High,High,,,,,
188,2026-03-28,12:37:18.47,2,3,"Calkin, Carter",1000415859,Right,WHI_COL1,"Berry, Cooper",1000276381,Left,POM_COL,Undefined,6,Bottom,0,1,1,Fastball,Changeup,BallCalled,Undefined,Undefined,Undefined,0,0,,79.96685,-1.657688,0.375463,2068.134023,205.82468,12:45,6.46063,1.57998,6.12724,-24.07175,19.26182,8.64615,2.92187,2.64756,73.2391,-6.206548,1.934549,0.473787,,,,,,,,,,,,-4.3167,10.823,-1.61278,50,6.3212,-1.08732,-116.12776,-3.99375,-5.89024,21.90008,-17.40574,POM_COL,WHI_COL1,PomonaPitzer,TeamExclusive,Team,20260328-PomonaPitzer-Private-1,88758c20-2add-11f1-8cbf-a1be09b69ae6,79.55559,,,6.72776,,,,,,,afc8f227-0d99-4f26-9ec5-9eb72a8ad494,2026-03-28,19:37:18.47,2026-03-28T12:37:18.4768000-07:00,2026-03-28T19:37:18.4768000Z,,v3,643-145631,643-146222,,"Brummett, Jackson",10114400,Right,WHI_COL1,30ec968e-0a2f-4862-a5c8-ef98e68ddc32,54.36818,-116.94864,10.95004,6.45867,-3.34134,-8.70287,-1.57616,-0.86654,-2.94512,,,,,,,,,,,,,,,,,,,,,,,,,,,,,,,,,,,,,,,,,,,,,,,,,,,High,High,High,,,,,
189,2026-03-28,12:37:37.77,2,4,"Calkin, Carter",1000415859,Right,WHI_COL1,"Berry, Cooper",1000276381,Left,POM_COL,Undefined,6,Bottom,0,2,1,Fastball,Changeup,BallCalled,Undefined,Undefined,Undefined,0,0,,79.84256,0.386951,-0.039423,2118.577419,178.495048,12:00,6.50103,1.46952,6.10397,-22.46371,21.12497,-0.51776,4.98691,1.38992,72.6751,-3.903871,-0.132705,0.47518,,,,,,,,,,,,0.25232,11.17178,-1.46625,50,6.51869,0.09962,-115.93919,0.22024,0.34236,22.31031,-17.01542,POM_COL,WHI_COL1,PomonaPitzer,TeamExclusive,Team,20260328-PomonaPitzer-Private-1,94030180-2add-11f1-8cbf-a1be09b69ae6,79.32241,,,7.16746,,,,,,,afc8f227-0d99-4f26-9ec5-9eb72a8ad494,2026-03-28,19:37:37.77,2026-03-28T12:37:37.7778688-07:00,2026-03-28T19:37:37.7778688Z,,v3,643-145631,643-146222,,"Brummett, Jackson",10114400,Right,WHI_COL1,51115880-582e-4652-b618-74bd53213a29,54.38998,-116.7809,11.15515,6.49828,0.86219,-8.50771,-1.46976,0.0867,0.17118,,,,,,,,,,,,,,,,,,,,,,,,,,,,,,,,,,,,,,,,,,,,,,,,,,,High,High,High,,,,,
190,2026-03-28,12:37:58.33,2,5,"Calkin, Carter",1000415859,Right,WHI_COL1,"Berry, Cooper",1000276381,Left,POM_COL,Undefined,6,Bottom,0,3,1,Fastball,Slider,FoulBallNotFieldable,Undefined,Undefined,Undefined,0,0,,80.21776,-1.133318,-0.963017,2055.543057,175.974212,11:45,6.33327,1.42052,6.25613,-21.77359,21.01765,-1.38339,3.47346,0.41713,73.43357,-5.284182,-1.212967,0.470813,,,,,,,,,,,,0.45146,11.65627,-1.3484,50,6.23836,2.0089,-116.5705,-2.85038,0.6208,22.03459,-16.14468,POM_COL,WHI_COL1,PomonaPitzer,TeamExclusive,Team,20260328-PomonaPitzer-Private-1,a03ac0a0-2add-11f1-8cbf-a1be09b69ae6,80.05814,,,6.78419,,,,,,,afc8f227-0d99-4f26-9ec5-9eb72a8ad494,2026-03-28,19:37:58.33,2026-03-28T12:37:58.3328768-07:00,2026-03-28T19:37:58.3328768Z,,v3,643-145631,643-146222,,"Brummett, Jackson",10114400,Right,WHI_COL1,995ce254-0b3f-4718-8d7a-0b2ca461183d,54.2418,-117.36956,11.0173,6.33112,-2.2649,-8.07234,-1.42084,1.98639,0.3104,,,,,,,,,,,,,,,,,,,,,,,,,,,,,,,,,,,,,,,,,,,,,,,,,,,High,High,High,,,,,
191,2026-03-28,12:38:22.93,2,6,"Calkin, Carter",1000415859,Right,WHI_COL1,"Berry, Cooper",1000276381,Left,POM_COL,Undefined,6,Bottom,0,3,2,Fastball,Changeup,BallCalled,Walk,Undefined,Undefined,0,0,,80.205,-3.199921,-2.813915,2047.982516,198.821179,12:45,6.27308,1.26099,6.44173,-25.48163,17.29265,5.41256,1.20265,-0.8757,73.55454,-8.00416,-1.833192,0.47072,,,,,,,,,,,,-3.62398,10.38497,-1.06343,50,6.03395,5.52415,-116.2775,-7.15999,-4.95081,22.24346,-17.9869,POM_COL,WHI_COL1,PomonaPitzer,TeamExclusive,Team,20260328-PomonaPitzer-Private-1,aee9e860-2add-11f1-8cbf-a1be09b69ae6,80.074,,,6.65045,,,,,,,afc8f227-0d99-4f26-9ec5-9eb72a8ad494,2026-03-28,19:38:22.93,2026-03-28T12:38:22.9378048-07:00,2026-03-28T19:38:22.9378048Z,,v3,643-145631,643-146222,,"Brummett, Jackson",10114400,Right,WHI_COL1,d4744975-895a-4d84-8d60-1a2065f0e214,54.05533,-117.0507,11.12173,6.27197,-6.53475,-8.99345,-1.25844,5.69624,-2.4754,,,,,,,,,,,,,,,,,,,,,,,,,,,,,,,,,,,,,,,,,,,,,,,,,,,High,High,High,,,,,
192,2026-03-28,12:41:46.53,3,1,"Moore, Owen",10307008,Left,WHI_COL1,"Parker, Will",1000474009,Left,POM_COL,Undefined,6,Bottom,0,0,0,Fastball,Changeup,BallCalled,Undefined,Undefined,Undefined,0,0,,84.87325,-0.176976,0.814899,1812.141022,142.603813,10:45,5.98392,-0.24784,4.89874,-22.36131,17.95155,-12.72654,3.95308,-0.53759,77.36245,-4.331205,-1.427293,0.456976,,,,,,,,,,,,6.44638,9.27249,0.17908,50,5.94853,-1.1616,-123.0633,-1.14856,9.87906,24.57686,-17.96396,POM_COL,WHI_COL1,PomonaPitzer,TeamExclusive,Team,20260328-PomonaPitzer-Private-1,283f2810-2ade-11f1-8cbf-a1be09b69ae6,82.48234,,,7.51081,,,,,,,afc8f227-0d99-4f26-9ec5-9eb72a8ad494,2026-03-28,19:41:46.53,2026-03-28T12:41:46.5378816-07:00,2026-03-28T19:41:46.5378816Z,,v3,643-145631,643-146222,,"Brummett, Jackson",10114400,Right,WHI_COL1,587cb24a-54bf-446e-934f-43a8437d6238,55.59684,-124.17601,12.28843,5.98212,-0.33525,-8.98198,0.24179,-1.60887,4.93953,,,,,,,,,,,,,,,,,,,,,,,,,,,,,,,,,,,,,,,,,,,,,,,,,,,High,High,High,,,,,
193,2026-03-28,12:42:04.61,3,2,"Moore, Owen",10307008,Left,WHI_COL1,"Parker, Will",1000474009,Left,POM_COL,Undefined,6,Bottom,0,1,0,Fastball,Changeup,InPlay,Undefined,GroundBall,Out,1,0,,85.23198,-0.281331,0.691954,1832.627524,129.886602,10:15,5.96072,-0.31603,5.04914,-25.35537,14.428,-15.71721,3.5824,-0.97312,77.70949,-4.969718,-2.085619,0.453965,44.98629,-26.280836,14.524761,,,,,6.75991,6.25059,22.966996,0.10833,8.00457,7.623,0.26331,50,5.91425,-0.79253,-123.64224,-1.50155,12.35637,25.29842,-20.40674,POM_COL,WHI_COL1,PomonaPitzer,TeamExclusive,Team,20260328-PomonaPitzer-Private-1,330507b0-2ade-11f1-8cbf-a1be09b69ae6,83.0294,3.37355,,7.52248,,,,0.07593,3.37355,1.02611,afc8f227-0d99-4f26-9ec5-9eb72a8ad494,2026-03-28,19:42:04.61,2026-03-28T12:42:04.6183424-07:00,2026-03-28T19:42:04.6183424Z,GroundBall,v3,643-145631,643-146222,,"Brummett, Jackson",10114400,Right,WHI_COL1,ef4c6fbb-99f3-4128-a3cb-ad445bbae7da,55.4489,-124.75216,12.64921,5.96048,-0.60624,-10.20337,0.30997,-1.33465,6.17819,339.160782,0.07588,57.27386,-4.79589,,,,,,,3.37359,-29.21866,-17.75494,,,,,,,1.02611,14.83789,0.36059,,,,,,,,,,,,,,,,,,,,,,,,,,,,,High,High,High,High,High,,,
194,2026-03-28,12:42:51.14,4,1,"Moore, Owen",10307008,Left,WHI_COL1,"Loui, Shawn",1000474008,Right,POM_COL,Undefined,6,Bottom,1,0,0,Fastball,Changeup,BallCalled,Undefined,Undefined,Undefined,0,0,,85.79644,0.523294,0.116077,1756.339256,139.306797,10:45,6.05118,-0.23207,4.84015,-24.59879,15.31772,-11.97016,4.49678,-1.11968,77.45686,-4.042029,-1.990354,0.454724,,,,,,,,,,,,5.83662,7.76516,0.23107,50,6.08273,0.3218,-124.23809,0.25421,9.02908,27.26801,-20.16157,POM_COL,WHI_COL1,PomonaPitzer,TeamExclusive,Team,20260328-PomonaPitzer-Private-1,4ebc36e0-2ade-11f1-8cbf-a1be09b69ae6,82.89084,,,8.33958,,,,,,,afc8f227-0d99-4f26-9ec5-9eb72a8ad494,2026-03-28,19:42:51.14,2026-03-28T12:42:51.1408128-07:00,2026-03-28T19:42:51.1408128Z,,v3,643-145631,643-146222,,"Brummett, Jackson",10114400,Right,WHI_COL1,95b25b03-22ca-477e-91c1-0bf764b9c0fb,55.6529,-125.47267,13.63401,6.05056,1.16703,-10.08078,0.22575,-0.08699,4.51454,,,,,,,,,,,,,,,,,,,,,,,,,,,,,,,,,,,,,,,,,,,,,,,,,,,High,High,High,,,,,
195,2026-03-28,12:43:10.09,4,2,"Moore, Owen",10307008,Left,WHI_COL1,"Loui, Shawn",1000474008,Right,POM_COL,Undefined,6,Bottom,1,1,0,Fastball,Changeup,FoulBallNotFieldable,Undefined,Undefined,Undefined,0,0,,86.01601,-1.378134,1.725167,1772.882817,154.361602,11:15,5.96756,-0.24257,5.06803,-20.43663,18.77005,-8.368,2.96428,0.68718,78.13777,-5.201646,0.246643,0.450662,51.06382,18.863246,135.808269,3277.466087,,,,,15.38874,,,4.65406,10.10902,0.0857,50,5.82121,-3.37484,-124.62933,-3.679,7.27958,26.33857,-16.36211,POM_COL,WHI_COL1,PomonaPitzer,TeamExclusive,Team,20260328-PomonaPitzer-Private-1,5a0db4b0-2ade-11f1-8cbf-a1be09b69ae6,83.63787,7.30552,,7.87825,,,,-0.03297,2.37969,-0.64208,afc8f227-0d99-4f26-9ec5-9eb72a8ad494,2026-03-28,19:43:10.09,2026-03-28T12:43:10.0902912-07:00,2026-03-28T19:43:10.0902912Z,,v3,643-145631,643-146222,,"Brummett, Jackson",10114400,Right,WHI_COL1,80cb0fb3-0eda-439b-9a6d-8c44ec1bfbea,55.42832,-125.77129,13.16928,5.96534,-2.96959,-8.18106,0.23886,-3.69046,3.63979,,-0.03445,-50.73061,8.63634,,,,,,,2.37971,24.21305,-12.81295,,,,,,,-0.64088,49.3325,-7.29426,,,,,,,,,,,,,,,,,,,,,,,,,,,,,High,High,High,Medium,Undefined,,,
196,2026-03-28,12:43:30.20,4,3,"Moore, Owen",10307008,Left,WHI_COL1,"Loui, Shawn",1000474008,Right,POM_COL,Undefined,6,Bottom,1,1,1,Fastball,Changeup,BallCalled,Undefined,Undefined,Undefined,0,0,,85.69935,1.24857,1.459814,1680.007325,138.409655,10:30,5.98883,-0.33217,4.91794,-24.96856,14.90457,-12.00284,5.08918,0.04812,77.3475,-3.390298,-0.6545,0.454477,,,,,,,,,,,,6.29103,7.36103,0.20003,50,6.09063,-2.5953,-124.07883,1.81797,9.71898,26.9182,-20.80206,POM_COL,WHI_COL1,PomonaPitzer,TeamExclusive,Team,20260328-PomonaPitzer-Private-1,6609a350-2ade-11f1-8cbf-a1be09b69ae6,82.9359,,,8.35186,,,,,,,afc8f227-0d99-4f26-9ec5-9eb72a8ad494,2026-03-28,19:43:30.20,2026-03-28T12:43:30.2001664-07:00,2026-03-28T19:43:30.2001664Z,,v3,643-145631,643-146222,,"Brummett, Jackson",10114400,Right,WHI_COL1,bd586e64-15a2-47cf-9ed7-cef90943c962,55.57597,-125.28266,13.4591,5.98852,2.74827,-10.40103,0.32582,-3.02995,4.85949,,,,,,,,,,,,,,,,,,,,,,,,,,,,,,,,,,,,,,,,,,,,,,,,,,,High,High,High,,,,,
197,2026-03-28,12:43:51.47,4,4,"Moore, Owen",10307008,Left,WHI_COL1,"Loui, Shawn",1000474008,Right,POM_COL,Undefined,6,Bottom,1,2,1,Fastball,Changeup,FoulBallNotFieldable,Undefined,Undefined,Undefined,0,0,,85.55132,-0.79049,0.347596,1755.314398,136.577939,10:30,5.81207,-0.39623,5.01262,-26.34273,13.18398,-11.26312,2.8707,-1.00675,78.10561,-5.641316,-1.64204,0.452498,,,,,,,,,,,,5.68902,7.13977,0.37249,50,5.7155,-0.24787,-124.09272,-2.66199,8.85159,25.33738,-21.06521,POM_COL,WHI_COL1,PomonaPitzer,TeamExclusive,Team,20260328-PomonaPitzer-Private-1,72bcfb10-2ade-11f1-8cbf-a1be09b69ae6,83.29854,,,7.44571,,,,,,,afc8f227-0d99-4f26-9ec5-9eb72a8ad494,2026-03-28,19:43:51.47,2026-03-28T12:43:51.4798592-07:00,2026-03-28T19:43:51.4798592Z,,v3,643-145631,643-146222,,"Brummett, Jackson",10114400,Right,WHI_COL1,aaa4cac9-bd1c-49ef-9ec3-9279b7b4593a,55.48515,-125.20767,12.66869,5.81224,-1.73503,-10.53261,0.39196,-0.63738,4.42579,,,,,,,,,,,,,,,,,,,,,,,,,,,,,,,,,,,,,,,,,,,,,,,,,,,High,High,High,,,,,
198,2026-03-28,12:44:34.72,4,5,"Moore, Owen",10307008,Left,WHI_COL1,"Loui, Shawn",1000474008,Right,POM_COL,Undefined,6,Bottom,1,2,2,ChangeUp,Changeup,StrikeSwinging,Strikeout,Undefined,Undefined,0,0,,79.81177,-0.926427,1.101423,1501.830302,90.890744,9:00,5.8299,-0.4615,5.23731,-43.37325,1.73457,-17.30048,1.34447,-0.86784,73.23165,-8.806258,-1.97332,0.48339,,,,,,,,,,,,8.95099,1.59425,0.37349,50,5.71251,-1.51602,-115.80965,-3.39858,12.10228,22.52485,-30.01851,POM_COL,WHI_COL1,PomonaPitzer,TeamExclusive,Team,20260328-PomonaPitzer-Private-1,8c7aa430-2ade-11f1-8cbf-a1be09b69ae6,77.97527,,,6.58012,,,,,,,afc8f227-0d99-4f26-9ec5-9eb72a8ad494,2026-03-28,19:44:34.72,2026-03-28T12:44:34.7204096-07:00,2026-03-28T19:44:34.7204096Z,,v3,643-145631,643-146222,,"Brummett, Jackson",10114400,Right,WHI_COL1,ff264d65-bb20-4c22-af12-f24b8dc631c9,55.26196,-116.82862,11.26242,5.83554,-2.04062,-15.00926,0.45446,-2.0635,6.05114,,,,,,,,,,,,,,,,,,,,,,,,,,,,,,,,,,,,,,,,,,,,,,,,,,,High,High,High,,,,,
199,2026-03-28,12:45:08.17,5,1,"Moore, Owen",10307008,Left,WHI_COL1,"Quintero, James",10138921,Left,POM_COL,Undefined,6,Bottom,2,0,0,Fastball,Changeup,StrikeCalled,Undefined,Undefined,Undefined,0,0,,86.06467,-1.677152,0.633085,1792.227343,147.312346,11:00,5.9405,-0.37862,4.9519,-21.44442,17.68619,-10.53268,2.5682,-0.65813,78.62528,-5.653347,-1.225198,0.450225,,,,,,,,,,,,5.34319,9.57575,0.32619,50,5.7608,-0.89021,-124.76534,-4.39557,8.42115,25.13215,-17.08214,POM_COL,WHI_COL1,PomonaPitzer,TeamExclusive,Team,20260328-PomonaPitzer-Private-1,a0690720-2ade-11f1-8cbf-a1be09b69ae6,83.71908,,,7.43939,,,,,,,afc8f227-0d99-4f26-9ec5-9eb72a8ad494,2026-03-28,19:45:08.17,2026-03-28T12:45:08.1775104-07:00,2026-03-28T19:45:08.1775104Z,,v3,643-145631,643-146222,,"Brummett, Jackson",10114400,Right,WHI_COL1,cb03f332-be07-4ec9-9d30-618edb997b00,55.54401,-125.87714,12.56608,5.93854,-3.63989,-8.54107,0.37382,-1.26275,4.21057,,,,,,,,,,,,,,,,,,,,,,,,,,,,,,,,,,,,,,,,,,,,,,,,,,,High,High,High,,,,,
200,2026-03-28,12:45:28.70,5,2,"Moore, Owen",10307008,Left,WHI_COL1,"Quintero, James",10138921,Left,POM_COL,Undefined,6,Bottom,2,0,1,Fastball,Four-Seam,BallCalled,Undefined,Undefined,Undefined,0,0,,86.32296,-2.333364,-0.267759,1905.30183,144.980093,10:45,5.95159,-0.27653,4.96303,-24.36702,14.44245,-9.26008,1.71545,-1.30115,79.22594,-6.802171,-1.902483,0.448374,,,,,,,,,,,,4.49756,8.15319,0.31035,50,5.70618,1.00823,-125.1504,-5.98431,7.14825,24.75603,-19.21565,POM_COL,WHI_COL1,PomonaPitzer,TeamExclusive,Team,20260328-PomonaPitzer-Private-1,acaf6c40-2ade-11f1-8cbf-a1be09b69ae6,84.06476,,,7.09702,,,,,,,afc8f227-0d99-4f26-9ec5-9eb72a8ad494,2026-03-28,19:45:28.70,2026-03-28T12:45:28.7035904-07:00,2026-03-28T19:45:28.7035904Z,,v3,643-145631,643-146222,,"Brummett, Jackson",10114400,Right,WHI_COL1,19b5cdbe-1947-4d03-8bc6-609a010c4f57,55.53423,-126.24038,12.37802,5.95104,-5.13827,-9.60783,0.27289,0.6935,3.57412,,,,,,,,,,,,,,,,,,,,,,,,,,,,,,,,,,,,,,,,,,,,,,,,,,,High,High,High,,,,,
201,2026-03-28,12:46:24.10,5,3,"Moore, Owen",10307008,Left,WHI_COL1,"Quintero, James",10138921,Left,POM_COL,Undefined,6,Bottom,2,1,1,Fastball,Sinker,HitByPitch,Undefined,Undefined,Undefined,0,0,,86.50106,-0.848212,0.081052,1970.135864,136.373402,10:30,5.92511,-0.28965,5.07441,-24.30667,14.27544,-12.41331,3.09985,-1.24768,78.93763,-5.341419,-2.113924,0.447059,,,,,,,,,,,,6.13835,7.70044,0.29201,50,5.82598,0.39455,-125.45702,-2.72223,9.76532,25.81413,-19.92367,POM_COL,WHI_COL1,PomonaPitzer,TeamExclusive,Team,20260328-PomonaPitzer-Private-1,cdb7b0f0-2ade-11f1-8cbf-a1be09b69ae6,84.31209,,,7.56343,,,,,,,afc8f227-0d99-4f26-9ec5-9eb72a8ad494,2026-03-28,19:46:24.10,2026-03-28T12:46:24.1093632-07:00,2026-03-28T19:46:24.1093632Z,,v3,643-145631,643-146222,,"Brummett, Jackson",10114400,Right,WHI_COL1,a22ea5b7-38be-41a5-8d71-c40c9d04fc12,55.42169,-126.56767,12.90706,5.92467,-1.86501,-9.96183,0.28407,-0.0256,4.88266,,,,,,,,,,,,,,,,,,,,,,,,,,,,,,,,,,,,,,,,,,,,,,,,,,,High,High,High,,,,,
202,2026-03-28,12:47:23.48,6,1,"Moore, Owen",10307008,Left,WHI_COL1,"Savas, Peter",1000276389,Right,POM_COL,Undefined,6,Bottom,2,0,0,Fastball,Four-Seam,StrikeCalled,Undefined,Undefined,Undefined,0,0,,87.36253,-1.800042,1.38313,1902.813314,140.528606,10:45,5.95796,-0.3215,5.01679,-22.73119,15.11792,-11.44949,2.36385,0.02996,79.93762,-5.99625,-0.639302,0.442791,,,,,,,,,,,,6.02595,8.34804,0.19851,50,5.76756,-2.52688,-126.65816,-4.79778,9.79929,25.61003,-18.59861,POM_COL,WHI_COL1,PomonaPitzer,TeamExclusive,Team,20260328-PomonaPitzer-Private-1,f1161aa0-2ade-11f1-8cbf-a1be09b69ae6,85.12458,,,7.42491,,,,,,,afc8f227-0d99-4f26-9ec5-9eb72a8ad494,2026-03-28,19:47:23.48,2026-03-28T12:47:23.4864640-07:00,2026-03-28T19:47:23.4864640Z,,v3,643-145631,643-146222,,"Brummett, Jackson",10114400,Right,WHI_COL1,3c0ff8f0-96f1-41d5-82c7-e29ea9017a5b,55.48014,-127.76143,12.80502,5.95699,-3.99656,-9.2993,0.31646,-2.94903,4.89965,,,,,,,,,,,,,,,,,,,,,,,,,,,,,,,,,,,,,,,,,,,,,,,,,,,High,High,High,,,,,
203,2026-03-28,12:47:42.87,6,2,"Moore, Owen",10307008,Left,WHI_COL1,"Savas, Peter",1000276389,Right,POM_COL,Undefined,6,Bottom,2,0,1,Fastball,Four-Seam,InPlay,Undefined,LineDrive,Single,0,2,,87.01585,-1.992125,1.239949,1877.6892,144.668071,10:45,6.01615,-0.21231,4.9262,-22.42222,15.88536,-10.38264,2.26321,0.09482,79.58953,-6.128712,-0.591068,0.445465,88.71223,9.848304,-3.388337,2650.337288,109.95192,10.62531,-3.25141,185.16177,185.16177,-0.542772,1.725624,5.50744,8.78103,0.10073,50,5.80398,-2.25852,-126.1478,-5.19774,8.87284,25.70831,-18.02724,POM_COL,WHI_COL1,PomonaPitzer,TeamExclusive,Team,20260328-PomonaPitzer-Private-1,fc9d9c90-2ade-11f1-8cbf-a1be09b69ae6,84.61363,10.91612,,7.42633,,,,1.1466,2.27487,-0.12741,afc8f227-0d99-4f26-9ec5-9eb72a8ad494,2026-03-28,19:47:42.87,2026-03-28T12:47:42.8785152-07:00,2026-03-28T19:47:42.8785152Z,LineDrive,v3,643-145631,643-146222,,"Brummett, Jackson",10114400,Right,WHI_COL1,5cee7c74-6924-42d1-829d-68d1d76a45db,55.57246,-127.27837,12.85415,6.01513,-4.40495,-9.01362,0.20864,-2.64872,4.43642,231.593961,1.1466,127.96968,-15.23038,2.22627,-0.4087,0.05822,-0.00836,0.00119,-0.00011,2.27487,22.25418,-14.94132,0.85093,-0.09034,0.01815,-0.00123,-3E-05,-1E-05,-0.12741,-7.57678,5.75578,-1.64351,0.42728,-0.09051,0.01708,-0.00256,0.0002,,,,,,,,,,,,,,,,,,,,,,,High,High,High,High,High,,,
204,2026-03-28,12:48:32.45,7,1,"Moore, Owen",10307008,Left,WHI_COL1,"Gonzaga, Kai",10138924,Left,POM_COL,Undefined,6,Bottom,2,0,0,Fastball,Changeup,BallCalled,Undefined,Undefined,Undefined,0,0,,85.19877,-0.027667,-0.024581,1739.262707,136.762981,10:30,5.99352,-0.47883,4.85142,-27.73328,12.37906,-10.41595,3.65622,-1.37009,77.68159,-5.11899,-1.858632,0.455838,,,,,,,,,,,,5.0765,6.49725,0.49043,50,5.96774,0.53843,-123.52611,-1.08768,7.82926,25.02917,-22.15365,POM_COL,WHI_COL1,PomonaPitzer,TeamExclusive,Team,20260328-PomonaPitzer-Private-1,1a2e46b0-2adf-11f1-8cbf-a1be09b69ae6,82.68827,,,7.51718,,,,,,,afc8f227-0d99-4f26-9ec5-9eb72a8ad494,2026-03-28,19:48:32.45,2026-03-28T12:48:32.4521984-07:00,2026-03-28T19:48:32.4521984Z,,v3,643-145631,643-146222,,"Brummett, Jackson",10114400,Right,WHI_COL1,aa76ebe9-b62c-46e7-a86c-e6b0352f450a,55.64416,-124.6645,12.51459,5.99429,-0.08008,-11.07683,0.47404,0.18234,3.91463,,,,,,,,,,,,,,,,,,,,,,,,,,,,,,,,,,,,,,,,,,,,,,,,,,,High,High,High,,,,,
205,2026-03-28,12:48:51.16,7,2,"Moore, Owen",10307008,Left,WHI_COL1,"Gonzaga, Kai",10138924,Left,POM_COL,Undefined,6,Bottom,2,1,0,Fastball,Changeup,StrikeCalled,Undefined,Undefined,Undefined,0,0,,85.53112,-2.188928,-0.232141,1825.124793,149.848918,11:00,5.91119,-0.1903,4.92769,-23.53383,16.34792,-8.70599,1.87981,-1.13525,77.86985,-6.534985,-1.767807,0.454526,,,,,,,,,,,,4.19768,9.11008,0.22038,50,5.6791,0.90503,-123.87654,-5.56313,6.48744,25.99376,-18.09454,POM_COL,WHI_COL1,PomonaPitzer,TeamExclusive,Team,20260328-PomonaPitzer-Private-1,255d2150-2adf-11f1-8cbf-a1be09b69ae6,82.92697,,,7.66127,,,,,,,afc8f227-0d99-4f26-9ec5-9eb72a8ad494,2026-03-28,19:48:51.16,2026-03-28T12:48:51.1635456-07:00,2026-03-28T19:48:51.1635456Z,,v3,643-145631,643-146222,,"Brummett, Jackson",10114400,Right,WHI_COL1,e68a3731-0a02-405b-92f1-33bebb97606f,55.5673,-125.0393,12.99688,5.90985,-4.75372,-9.04727,0.18638,0.61483,3.24372,,,,,,,,,,,,,,,,,,,,,,,,,,,,,,,,,,,,,,,,,,,,,,,,,,,High,High,High,,,,,
206,2026-03-28,12:49:29.28,7,3,"Moore, Owen",10307008,Left,WHI_COL1,"Gonzaga, Kai",10138924,Left,POM_COL,Undefined,6,Bottom,2,1,1,Curveball,Curveball,BallCalled,Undefined,Undefined,Undefined,0,0,,73.37433,0.056561,0.828207,2373.338758,333.151956,5:00,6.04465,-0.19893,4.89193,-72.53988,-17.61336,9.92386,0.05317,1.41154,67.05692,-12.912179,2.587902,0.533412,,,,,,,,,,,,-4.63634,-8.21717,0.10893,50,5.98863,-1.92231,-106.34304,-2.42499,-5.18615,22.17805,-41.36567,POM_COL,WHI_COL1,PomonaPitzer,TeamExclusive,Team,20260328-PomonaPitzer-Private-1,3c1ec880-2adf-11f1-8cbf-a1be09b69ae6,70.66295,,,6.31741,,,,,,,afc8f227-0d99-4f26-9ec5-9eb72a8ad494,2026-03-28,19:49:29.28,2026-03-28T12:49:29.2889088-07:00,2026-03-28T19:49:29.2889088Z,,v3,643-145631,643-146222,,"Brummett, Jackson",10114400,Right,WHI_COL1,e68fdb41-d0d2-4625-acef-fbed68bac254,55.61078,-107.50681,11.08903,6.05893,-0.25437,-20.68284,0.20266,-1.65017,-2.59308,,,,,,,,,,,,,,,,,,,,,,,,,,,,,,,,,,,,,,,,,,,,,,,,,,,High,High,High,,,,,
207,2026-03-28,12:49:55.72,7,4,"Moore, Owen",10307008,Left,WHI_COL1,"Gonzaga, Kai",10138924,Left,POM_COL,Undefined,6,Bottom,2,2,1,Fastball,Changeup,InPlay,Undefined,LineDrive,Double,0,1,,85.54327,-1.329521,1.469479,1722.883365,135.617052,10:30,5.98995,-0.2815,4.90538,-25.10367,14.77028,-13.13009,2.64001,0.01431,77.80052,-5.960848,-0.84494,0.454481,101.36641,18.281119,18.292996,1201.472868,102.72373,32.06106,39.34079,331.01206,324.93397,25.737676,3.330921,6.94221,8.0802,0.14953,50,5.83957,-2.58658,-123.95717,-3.78114,10.73619,26.17524,-19.67797,POM_COL,WHI_COL1,PomonaPitzer,TeamExclusive,Team,20260328-PomonaPitzer-Private-1,4bcdad00-2adf-11f1-8cbf-a1be09b69ae6,82.93506,39.06905,,7.74275,,,,0.26019,2.74233,-0.07356,afc8f227-0d99-4f26-9ec5-9eb72a8ad494,2026-03-28,19:49:55.72,2026-03-28T12:49:55.7267456-07:00,2026-03-28T19:49:55.7267456Z,LineDrive,v3,643-145631,643-146222,,"Brummett, Jackson",10114400,Right,WHI_COL1,ea5f514b-cc30-47a5-aba4-bd6e74c52a8d,55.59248,-125.13252,13.08762,5.98952,-2.89753,-9.83899,0.2765,-3.06867,5.36809,225.181007,0.26052,134.0178,-24.57137,5.57515,-0.91735,0.0674,0.00989,-0.00309,0.00026,2.74194,46.65283,-15.58798,0.54489,-0.25758,0.16728,-0.05589,0.00989,-0.00072,-0.07377,44.31928,1.02204,-0.87371,0.15781,0.02258,-0.01663,0.00321,-0.00023,,,,,,,,,,,,,,,,,,,,,,,High,High,High,Medium,Medium,,,
208,2026-03-28,12:50:47.09,8,1,"Moore, Owen",10307008,Left,WHI_COL1,"Pierantoni, Greg",1000091552,Right,POM_COL,Undefined,6,Bottom,2,0,0,Fastball,Four-Seam,StrikeCalled,Undefined,Undefined,Undefined,0,0,,87.30206,-1.833602,2.240915,1852.860242,150.925633,11:00,5.91791,-0.38498,4.99631,-22.13052,15.54572,-8.0193,2.34066,1.0635,80.45117,-5.905525,0.826175,0.441779,,,,,,,,,,,,4.51067,8.50182,0.17606,50,5.72379,-4.58244,-126.60724,-4.85417,7.39064,23.56126,-18.24403,POM_COL,WHI_COL1,PomonaPitzer,TeamExclusive,Team,20260328-PomonaPitzer-Private-1,6a732280-2adf-11f1-8cbf-a1be09b69ae6,85.31962,,,6.85089,,,,,,,afc8f227-0d99-4f26-9ec5-9eb72a8ad494,2026-03-28,19:50:47.09,2026-03-28T12:50:47.0979584-07:00,2026-03-28T19:50:47.0979584Z,,v3,643-145631,643-146222,,"Brummett, Jackson",10114400,Right,WHI_COL1,b31245b5-0da1-44c1-8a4d-11ae32af4e8b,55.50102,-127.62686,11.78063,5.91677,-4.06466,-9.12201,0.38128,-4.90227,3.69532,,,,,,,,,,,,,,,,,,,,,,,,,,,,,,,,,,,,,,,,,,,,,,,,,,,High,High,High,,,,,
209,2026-03-28,12:51:06.79,8,2,"Moore, Owen",10307008,Left,WHI_COL1,"Pierantoni, Greg",1000091552,Right,POM_COL,Undefined,6,Bottom,2,0,1,ChangeUp,Changeup,StrikeCalled,Undefined,Undefined,Undefined,0,0,,79.70854,-0.361637,0.521879,1627.87325,102.54959,9:30,5.77269,-0.62235,5.49204,-39.36345,5.14933,-17.00997,2.15409,-1.55164,73.39937,-7.566469,-2.512585,0.480191,,,,,,,,,,,,8.66741,3.15433,0.58816,50,5.71464,-0.37033,-115.7845,-2.05231,11.78799,21.24013,-27.88403,POM_COL,WHI_COL1,PomonaPitzer,TeamExclusive,Team,20260328-PomonaPitzer-Private-1,762c62d0-2adf-11f1-8cbf-a1be09b69ae6,78.49474,,,6.30917,,,,,,,afc8f227-0d99-4f26-9ec5-9eb72a8ad494,2026-03-28,19:51:06.79,2026-03-28T12:51:06.7912704-07:00,2026-03-28T19:51:06.7912704Z,,v3,643-145631,643-146222,,"Brummett, Jackson",10114400,Right,WHI_COL1,5f46a285-9c95-49ec-b293-73c16e225ff5,55.00667,-116.69934,10.62007,5.77717,-0.85131,-13.94201,0.61504,-0.87805,5.894,,,,,,,,,,,,,,,,,,,,,,,,,,,,,,,,,,,,,,,,,,,,,,,,,,,High,High,High,,,,,
210,2026-03-28,12:51:30.22,8,3,"Moore, Owen",10307008,Left,WHI_COL1,"Pierantoni, Greg",1000091552,Right,POM_COL,Undefined,6,Bottom,2,0,2,ChangeUp,Changeup,InPlay,Undefined,LineDrive,Out,1,0,,80.22154,-1.513707,1.028596,1503.805541,99.429746,9:15,5.79488,-0.36942,5.36154,-40.16738,3.90882,-15.5921,1.02758,-0.7041,74.23444,-8.811606,-1.748881,0.47783,78.05085,12.227964,15.958762,2418.609458,103.71397,10.82918,36.65257,171.26435,143.18994,21.265873,1.813093,8.15469,2.74461,0.28866,50,5.63015,-1.47466,-116.51675,-4.45722,11.25864,21.01279,-28.38476,POM_COL,WHI_COL1,PomonaPitzer,TeamExclusive,Team,20260328-PomonaPitzer-Private-1,842e5aa0-2adf-11f1-8cbf-a1be09b69ae6,78.88251,11.46248,,5.98711,,,,1.05782,1.00637,0.71373,afc8f227-0d99-4f26-9ec5-9eb72a8ad494,2026-03-28,19:51:30.22,2026-03-28T12:51:30.2264832-07:00,2026-03-28T19:51:30.2264832Z,LineDrive,v3,643-145631,643-146222,,"Brummett, Jackson",10114400,Right,WHI_COL1,c1bd1644-4b02-4020-a379-385ced566b2b,55.1393,-117.43992,10.50639,5.79858,-3.21017,-14.19238,0.36432,-1.96929,5.62932,234.107032,1.05782,107.56565,-15.25363,3.1151,-0.60178,0.10823,-0.01897,0.0027,-0.0002,1.00637,24.24556,-14.42873,0.45032,-0.0209,-0.00271,0.00171,9E-05,-5E-05,0.71373,30.75996,2.51825,-0.67208,0.17942,-0.04061,0.00777,-0.00104,7E-05,,,,,,,,,,,,,,,,,,,,,,,High,High,High,High,High,,,
211,2026-03-28,12:53:45.89,1,1,"Lawson, Wade",1000068528,Right,POM_COL,"Nakasone, Coehn",1000306287,Right,WHI_COL1,Undefined,7,Top,0,0,0,Fastball,Four-Seam,BallCalled,Undefined,Undefined,Undefined,0,0,,88.39101,-0.890859,-1.108352,2457.143015,215.430362,1:15,5.93108,1.44484,5.44131,-20.80304,15.52335,10.22993,3.36312,1.25941,80.8346,-4.778424,0.712546,0.433793,,,,,,,,,,,,-5.39315,8.38748,-1.3538,50,5.83814,2.01569,-128.28353,-2.68829,-9.00352,26.08623,-18.17172,POM_COL,WHI_COL1,PomonaPitzer,TeamExclusive,Team,20260328-PomonaPitzer-Private-1,d4fe5f70-2adf-11f1-8cbf-a1be09b69ae6,86.89039,,,7.55641,,,,,,,afc8f227-0d99-4f26-9ec5-9eb72a8ad494,2026-03-28,19:53:45.89,2026-03-28T12:53:45.8986496-07:00,2026-03-28T19:53:45.8986496Z,,v3,643-145631,643-146222,,"Parker, Will",1000474009,Right,POM_COL,bfccf642-e811-45e5-a935-41bd7eeb6b6a,55.05459,-129.30729,13.04311,5.92965,-1.97513,-9.08586,-1.43984,2.36904,-4.50176,,,,,,,,,,,,,,,,,,,,,,,,,,,,,,,,,,,,,,,,,,,,,,,,,,,High,High,High,,,,,
212,2026-03-28,12:53:58.00,1,2,"Lawson, Wade",1000068528,Right,POM_COL,"Nakasone, Coehn",1000306287,Right,WHI_COL1,Undefined,7,Top,0,1,0,Slider,Slider,StrikeCalled,Undefined,Undefined,Undefined,0,0,,82.83649,0.555354,-1.136092,2601.969881,106.324055,9:30,5.82473,1.71066,4.60411,-39.74538,2.40228,-4.30311,3.04086,0.27156,76.91269,-6.577168,-1.890488,0.467259,,,,,,,,,,,,1.83008,1.41626,-1.58944,50,5.8451,2.58046,-120.30327,-0.41223,2.72188,20.08978,-30.06767,POM_COL,WHI_COL1,PomonaPitzer,TeamExclusive,Team,20260328-PomonaPitzer-Private-1,dc3cc600-2adf-11f1-8cbf-a1be09b69ae6,80.66707,,,5.9238,,,,,,,afc8f227-0d99-4f26-9ec5-9eb72a8ad494,2026-03-28,19:53:58.00,2026-03-28T12:53:58.0006400-07:00,2026-03-28T19:53:58.0006400Z,,v3,643-145631,643-146222,,"Parker, Will",1000474009,Right,POM_COL,a52975ff-23f3-467d-b597-2933c60f9da5,55.89558,-121.28379,10.04489,5.82941,1.05529,-15.03384,-1.71214,2.44761,1.36094,,,,,,,,,,,,,,,,,,,,,,,,,,,,,,,,,,,,,,,,,,,,,,,,,,,High,High,High,,,,,
213,2026-03-28,12:54:11.53,1,3,"Lawson, Wade",1000068528,Right,POM_COL,"Nakasone, Coehn",1000306287,Right,WHI_COL1,Undefined,7,Top,0,1,1,Slider,Slider,FoulBallNotFieldable,Undefined,Undefined,Undefined,0,0,,83.79783,-0.000192,-1.205768,2622.105236,26.418393,7:00,5.94355,1.69332,4.6235,-44.30876,-2.79925,-2.00244,2.25097,0.38006,77.34135,-7.936307,-1.557354,0.463708,,,,,,,,,,,,0.66709,-1.04575,-1.56753,50,5.90234,2.64979,-121.61677,-1.78555,1.00398,22.76089,-33.74791,POM_COL,WHI_COL1,PomonaPitzer,TeamExclusive,Team,20260328-PomonaPitzer-Private-1,e44d70b0-2adf-11f1-8cbf-a1be09b69ae6,81.28477,,,6.45649,,,,,,,afc8f227-0d99-4f26-9ec5-9eb72a8ad494,2026-03-28,19:54:11.53,2026-03-28T12:54:11.5385856-07:00,2026-03-28T19:54:11.5385856Z,,v3,643-145631,643-146222,,"Parker, Will",1000474009,Right,POM_COL,5ececaee-470f-4c46-8280-3e0e018ac51a,55.87732,-122.71179,11.38044,5.94919,-0.16195,-16.87395,-1.69385,2.60149,0.50199,,,,,,,,,,,,,,,,,,,,,,,,,,,,,,,,,,,,,,,,,,,,,,,,,,,High,High,High,,,,,
214,2026-03-28,12:54:30.59,1,4,"Lawson, Wade",1000068528,Right,POM_COL,"Nakasone, Coehn",1000306287,Right,WHI_COL1,Undefined,7,Top,0,1,2,Fastball,Four-Seam,BallCalled,Undefined,Undefined,Undefined,0,0,,89.89826,0.306009,-1.530416,2457.089974,215.127878,1:15,6.01977,1.21365,5.38044,-19.15332,16.3245,10.64371,4.71062,0.66566,81.42766,-3.304907,0.36086,0.428696,,,,,,,,,,,,-5.72709,8.42697,-1.08415,50,6.03397,2.98065,-130.33406,0.06531,-9.79052,28.96947,-17.76808,POM_COL,WHI_COL1,PomonaPitzer,TeamExclusive,Team,20260328-PomonaPitzer-Private-1,eff265b0-2adf-11f1-8cbf-a1be09b69ae6,87.9234,,,8.4706,,,,,,,afc8f227-0d99-4f26-9ec5-9eb72a8ad494,2026-03-28,19:54:30.59,2026-03-28T12:54:30.5915904-07:00,2026-03-28T19:54:30.5915904Z,,v3,643-145631,643-146222,,"Parker, Will",1000474009,Right,POM_COL,4d0c187a-1f39-4630-a843-0316504959b5,55.1142,-131.46588,14.48473,6.01785,0.75949,-8.88404,-1.20807,3.36317,-4.89526,,,,,,,,,,,,,,,,,,,,,,,,,,,,,,,,,,,,,,,,,,,,,,,,,,,High,High,High,,,,,
215,2026-03-28,12:54:47.68,1,5,"Lawson, Wade",1000068528,Right,POM_COL,"Nakasone, Coehn",1000306287,Right,WHI_COL1,Undefined,7,Top,0,2,2,Slider,Slider,InPlay,Undefined,GroundBall,Out,1,0,,82.54441,0.187595,-1.041305,2491.358396,40.685163,7:15,5.85158,1.56022,4.5439,-43.9055,-0.1513,-1.48106,2.37142,0.44536,74.69135,-7.729861,-1.300914,0.476081,76.06966,-4.214145,-15.050813,2147.429521,,,,23.87508,23.28959,-15.875411,0.205304,0.38882,0.28449,-1.45034,50,5.82981,2.23913,-119.48517,-1.34804,0.55362,26.26889,-31.76899,POM_COL,WHI_COL1,PomonaPitzer,TeamExclusive,Team,20260328-PomonaPitzer-Private-1,f9d95700-2adf-11f1-8cbf-a1be09b69ae6,79.17226,2.33898,,7.85306,,,,1.44754,2.33898,-0.43374,afc8f227-0d99-4f26-9ec5-9eb72a8ad494,2026-03-28,19:54:47.68,2026-03-28T12:54:47.6899840-07:00,2026-03-28T19:54:47.6899840Z,GroundBall,v3,643-145631,643-146222,,"Parker, Will",1000474009,Right,POM_COL,c4609ff6-6b4a-4d5e-9644-c399147b38db,55.95355,-120.78697,13.13445,5.85761,0.22633,-15.8845,-1.56062,2.21169,0.27681,84.671854,1.44808,107.41509,-12.73903,,,,,,,2.3394,-8.22571,-15.44596,,,,,,,-0.43335,-28.9187,-3.81599,,,,,,,,,,,,,,,,,,,,,,,,,,,,,High,High,High,High,High,,,
216,2026-03-28,12:55:19.02,2,1,"Lawson, Wade",1000068528,Right,POM_COL,"Schulze, Jay",10114357,Right,WHI_COL1,Undefined,7,Top,1,0,0,Fastball,Four-Seam,BallCalled,Undefined,Undefined,Undefined,0,0,,89.09989,-3.086116,-3.621754,2410.128284,222.769131,1:30,5.98263,1.23097,5.65659,-23.16096,12.4317,10.46284,1.16593,-1.27923,81.85898,-7.374561,-1.755548,0.42939,,,,,,,,,,,,-6.27363,7.48449,-0.9307,50,5.70601,7.71241,-129.01742,-7.75659,-10.61112,25.96918,-19.51493,POM_COL,WHI_COL1,PomonaPitzer,TeamExclusive,Team,20260328-PomonaPitzer-Private-1,0c817e50-2ae0-11f1-8cbf-a1be09b69ae6,87.78142,,,7.24091,,,,,,,afc8f227-0d99-4f26-9ec5-9eb72a8ad494,2026-03-28,19:55:19.02,2026-03-28T12:55:19.0238208-07:00,2026-03-28T19:55:19.0238208Z,,v3,643-145631,643-146222,,"Parker, Will",1000474009,Right,POM_COL,1fb612be-f024-40ed-8002-f789bafbb246,54.84179,-129.98834,12.98459,5.98237,-7.02698,-9.75746,-1.22646,8.10913,-5.30556,,,,,,,,,,,,,,,,,,,,,,,,,,,,,,,,,,,,,,,,,,,,,,,,,,,High,High,High,,,,,
217,2026-03-28,12:55:31.06,2,2,"Lawson, Wade",1000068528,Right,POM_COL,"Schulze, Jay",10114357,Right,WHI_COL1,Undefined,7,Top,1,1,0,Slider,Slider,StrikeCalled,Undefined,Undefined,Undefined,0,0,,83.29055,-0.181329,-2.636675,2607.814844,324.349826,4:45,5.78017,1.84674,4.77973,-41.01577,0.95547,0.24181,2.19013,-0.63416,76.58821,-7.5691,-2.59418,0.466281,,,,,,,,,,,,-0.83252,0.94732,-1.58323,50,5.72632,5.54845,-120.72187,-1.99067,-1.23169,22.948,-30.77252,POM_COL,WHI_COL1,PomonaPitzer,TeamExclusive,Team,20260328-PomonaPitzer-Private-1,13b4c150-2ae0-11f1-8cbf-a1be09b69ae6,80.83639,,,6.70235,,,,,,,afc8f227-0d99-4f26-9ec5-9eb72a8ad494,2026-03-28,19:55:31.06,2026-03-28T12:55:31.0682624-07:00,2026-03-28T19:55:31.0682624Z,,v3,643-145631,643-146222,,"Parker, Will",1000474009,Right,POM_COL,a863dcad-30cb-4783-b124-4425ca76cbac,55.71829,-121.80401,11.474,5.78598,-0.53956,-15.38626,-1.84624,5.60653,-0.61585,,,,,,,,,,,,,,,,,,,,,,,,,,,,,,,,,,,,,,,,,,,,,,,,,,,High,High,High,,,,,
218,2026-03-28,12:55:43.72,2,3,"Lawson, Wade",1000068528,Right,POM_COL,"Schulze, Jay",10114357,Right,WHI_COL1,Undefined,7,Top,1,1,1,Slider,Slider,StrikeCalled,Undefined,Undefined,Undefined,0,0,,83.80269,0.218415,-2.261927,2729.553853,42.175691,7:30,5.87798,1.58675,4.70257,-44.86869,-2.57795,-3.71358,2.34641,-0.87094,75.81075,-7.876207,-2.913987,0.468052,,,,,,,,,,,,1.07067,-0.82095,-1.35403,50,5.8603,4.96199,-121.23321,-1.34327,1.56859,27.14777,-33.3768,POM_COL,WHI_COL1,PomonaPitzer,TeamExclusive,Team,20260328-PomonaPitzer-Private-1,1b3fe850-2ae0-11f1-8cbf-a1be09b69ae6,80.53048,,,7.99194,,,,,,,afc8f227-0d99-4f26-9ec5-9eb72a8ad494,2026-03-28,19:55:43.72,2026-03-28T12:55:43.7299712-07:00,2026-03-28T19:55:43.7299712Z,,v3,643-145631,643-146222,,"Parker, Will",1000474009,Right,POM_COL,8dd895e7-f227-4bb7-a567-91d3faaee24e,55.79311,-122.52359,13.57389,5.88644,0.24319,-16.6884,-1.5881,4.88743,0.7843,,,,,,,,,,,,,,,,,,,,,,,,,,,,,,,,,,,,,,,,,,,,,,,,,,,High,High,High,,,,,
219,2026-03-28,12:55:57.20,2,4,"Lawson, Wade",1000068528,Right,POM_COL,"Schulze, Jay",10114357,Right,WHI_COL1,Undefined,7,Top,1,1,2,Curveball,Slider,BallCalled,Undefined,Undefined,Undefined,0,0,,81.71096,-1.780363,-1.245824,2253.301084,31.300223,7:00,6.19303,0.95667,4.97787,-46.2751,-2.98166,-2.62063,0.6544,-0.4385,75.54673,-10.082505,-1.709765,0.473568,,,,,,,,,,,,0.96374,-0.64465,-0.83416,50,5.98293,2.68794,-118.54439,-5.41986,1.37173,22.60967,-33.09162,POM_COL,WHI_COL1,PomonaPitzer,TeamExclusive,Team,20260328-PomonaPitzer-Private-1,234918f0-2ae0-11f1-8cbf-a1be09b69ae6,79.59243,,,6.16423,,,,,,,afc8f227-0d99-4f26-9ec5-9eb72a8ad494,2026-03-28,19:55:57.20,2026-03-28T12:55:57.2080640-07:00,2026-03-28T19:55:57.2080640Z,,v3,643-145631,643-146222,,"Parker, Will",1000474009,Right,POM_COL,42f21f80-97e3-4d2c-aa45-0dcd6ada688e,55.52293,-119.59313,11.30484,6.19873,-3.88493,-16.54581,-0.95737,2.62431,0.68587,,,,,,,,,,,,,,,,,,,,,,,,,,,,,,,,,,,,,,,,,,,,,,,,,,,High,High,High,,,,,
220,2026-03-28,12:56:13.50,2,5,"Lawson, Wade",1000068528,Right,POM_COL,"Schulze, Jay",10114357,Right,WHI_COL1,Undefined,7,Top,1,2,2,Slider,Slider,FoulBallNotFieldable,Undefined,Undefined,Undefined,0,0,,83.82685,0.129881,-2.741004,2649.666223,47.028646,7:30,5.91491,1.64323,4.78416,-44.51061,-2.2089,-4.04591,2.32894,-1.29388,75.62136,-7.916696,-3.451899,0.468112,,,,,,,,,,,,1.07547,-0.72583,-1.36548,50,5.88907,5.98597,-121.2255,-1.47084,1.56863,28.0879,-33.23269,POM_COL,WHI_COL1,PomonaPitzer,TeamExclusive,Team,20260328-PomonaPitzer-Private-1,2d00bce0-2ae0-11f1-8cbf-a1be09b69ae6,80.52005,,,8.20549,,,,,,,afc8f227-0d99-4f26-9ec5-9eb72a8ad494,2026-03-28,19:56:13.50,2026-03-28T12:56:13.5081984-07:00,2026-03-28T19:56:13.5081984Z,,v3,643-145631,643-146222,,"Parker, Will",1000474009,Right,POM_COL,96c926ee-623e-4252-bae8-86b0272fbed7,55.71335,-122.54213,14.04395,5.92151,0.08695,-16.61635,-1.64435,5.91244,0.78431,,,,,,,,,,,,,,,,,,,,,,,,,,,,,,,,,,,,,,,,,,,,,,,,,,,High,High,High,,,,,
221,2026-03-28,12:56:30.21,2,6,"Lawson, Wade",1000068528,Right,POM_COL,"Schulze, Jay",10114357,Right,WHI_COL1,Undefined,7,Top,1,2,2,Fastball,Four-Seam,BallCalled,Undefined,Undefined,Undefined,0,0,,89.53479,-0.007313,-1.682792,2382.962798,194.222332,12:30,6.03639,1.24557,5.29415,-24.81025,10.89083,2.47047,3.962,-0.12901,81.65582,-4.598645,-1.244523,0.430043,,,,,,,,,,,,-1.69748,5.80225,-1.09426,50,6.01794,3.69993,-129.86387,-0.9247,-2.89656,27.39576,-22.27329,POM_COL,WHI_COL1,PomonaPitzer,TeamExclusive,Team,20260328-PomonaPitzer-Private-1,36ecde50-2ae0-11f1-8cbf-a1be09b69ae6,87.64803,,,7.87897,,,,,,,afc8f227-0d99-4f26-9ec5-9eb72a8ad494,2026-03-28,19:56:30.21,2026-03-28T12:56:30.2178304-07:00,2026-03-28T19:56:30.2178304Z,,v3,643-145631,643-146222,,"Parker, Will",1000474009,Right,POM_COL,2e8597dd-a990-4ee0-baa4-ff8476755c7e,55.20169,-130.95661,13.69788,6.0371,-0.03629,-11.13664,-1.24414,3.81547,-1.44828,,,,,,,,,,,,,,,,,,,,,,,,,,,,,,,,,,,,,,,,,,,,,,,,,,,High,High,High,,,,,
222,2026-03-28,12:56:44.62,2,7,"Lawson, Wade",1000068528,Right,POM_COL,"Schulze, Jay",10114357,Right,WHI_COL1,Undefined,7,Top,1,3,2,Slider,Slider,HitByPitch,Undefined,Undefined,Undefined,0,0,,82.46149,2.562594,-0.074304,2281.788605,6.62072,6:15,5.76452,1.70322,4.69733,-44.99475,-2.07264,-0.39311,4.44933,1.59992,75.474,-5.550366,-0.1433,0.471533,,,,,,,,,,,,0.17378,-1.38469,-1.69531,50,5.98367,0.17238,-119.55723,3.59151,0.2521,22.58073,-34.18261,POM_COL,WHI_COL1,PomonaPitzer,TeamExclusive,Team,20260328-PomonaPitzer-Private-1,3f8fb6e0-2ae0-11f1-8cbf-a1be09b69ae6,79.93596,,,6.98749,,,,,,,afc8f227-0d99-4f26-9ec5-9eb72a8ad494,2026-03-28,19:56:44.62,2026-03-28T12:56:44.6253568-07:00,2026-03-28T19:56:44.6253568Z,,v3,643-145631,643-146222,,"Parker, Will",1000474009,Right,POM_COL,8e898f9e-71a2-4455-997d-f56dba6025bd,55.80318,-120.6483,11.29036,5.77023,5.24316,-17.0913,-1.70334,0.16019,0.12605,,,,,,,,,,,,,,,,,,,,,,,,,,,,,,,,,,,,,,,,,,,,,,,,,,,High,High,High,,,,,
223,2026-03-28,12:57:43.65,3,1,"Lawson, Wade",1000068528,Right,POM_COL,"Mecate, Matthew",1000394015,Right,WHI_COL1,Undefined,7,Top,1,0,0,Slider,Curveball,HitByPitch,Undefined,Undefined,Undefined,0,0,,78.41244,-0.036097,-2.489966,1910.036532,39.507078,7:15,6.12562,1.32144,5.03513,-53.79424,-6.29697,-6.5252,1.60868,-1.57292,71.63964,-9.733608,-3.643588,0.496027,,,,,,,,,,,,2.49874,-2.80587,-1.07789,50,6.07846,5.20063,-113.61848,-1.98577,3.22342,23.36932,-35.79366,POM_COL,WHI_COL1,PomonaPitzer,TeamExclusive,Team,20260328-PomonaPitzer-Private-1,62b92de0-2ae0-11f1-8cbf-a1be09b69ae6,75.98862,,,6.7728,,,,,,,afc8f227-0d99-4f26-9ec5-9eb72a8ad494,2026-03-28,19:57:43.65,2026-03-28T12:57:43.6572160-07:00,2026-03-28T19:57:43.6572160Z,,v3,643-145631,643-146222,,"Parker, Will",1000474009,Right,POM_COL,3234041e-462b-47a1-8a1b-efe1869cd716,55.46593,-114.73721,11.68466,6.13251,-0.27226,-17.89683,-1.32316,5.04632,1.61171,,,,,,,,,,,,,,,,,,,,,,,,,,,,,,,,,,,,,,,,,,,,,,,,,,,High,High,High,,,,,
224,2026-03-28,12:58:12.55,4,1,"Lawson, Wade",1000068528,Right,POM_COL,"Jasso, Alexander",1000218885,Right,WHI_COL1,Undefined,7,Top,1,0,0,Slider,Slider,StrikeSwinging,Undefined,Undefined,Undefined,0,0,,82.51567,-0.012144,-2.541491,2368.293463,269.775647,3:00,5.78426,2.07188,4.59543,-41.68057,1.30961,0.59205,2.29932,-0.2976,75.96062,-7.495195,-2.437791,0.471907,,,,,,,,,,,,-0.9641,1.07032,-1.81009,50,5.74444,5.2815,-119.5967,-1.67918,-1.40221,22.1622,-30.61738,POM_COL,WHI_COL1,PomonaPitzer,TeamExclusive,Team,20260328-PomonaPitzer-Private-1,73f0ae30-2ae0-11f1-8cbf-a1be09b69ae6,79.87268,,,6.55504,,,,,,,afc8f227-0d99-4f26-9ec5-9eb72a8ad494,2026-03-28,19:58:12.55,2026-03-28T12:58:12.5545984-07:00,2026-03-28T19:58:12.5545984Z,,v3,643-145631,643-146222,,"Parker, Will",1000474009,Right,POM_COL,b0d022a3-2a54-4d84-9913-50060e4afdcb,55.90278,-120.68557,11.0811,5.78999,-0.17489,-15.30869,-2.07127,5.3504,-0.7011,,,,,,,,,,,,,,,,,,,,,,,,,,,,,,,,,,,,,,,,,,,,,,,,,,,High,High,High,,,,,
225,2026-03-28,12:58:30.39,4,2,"Lawson, Wade",1000068528,Right,POM_COL,"Jasso, Alexander",1000218885,Right,WHI_COL1,Undefined,7,Top,1,0,1,Curveball,Curveball,StrikeSwinging,Undefined,Undefined,Undefined,0,0,,75.8862,-1.027896,-1.833175,2125.385606,24.318956,6:45,6.1437,1.38314,4.98828,-54.81979,-4.96815,-2.88784,0.60419,-0.58908,70.78614,-10.832497,-2.344441,0.508172,,,,,,,,,,,,0.96843,-1.82591,-1.20404,50,5.9994,3.63886,-110.19522,-3.89312,1.19875,18.35185,-34.43426,POM_COL,WHI_COL1,PomonaPitzer,TeamExclusive,Team,20260328-PomonaPitzer-Private-1,7e9e23d0-2ae0-11f1-8cbf-a1be09b69ae6,74.17253,,,5.10006,,,,,,,afc8f227-0d99-4f26-9ec5-9eb72a8ad494,2026-03-28,19:58:30.39,2026-03-28T12:58:30.3979008-07:00,2026-03-28T19:58:30.3979008Z,,v3,643-145631,643-146222,,"Parker, Will",1000474009,Right,POM_COL,4b7eb0f3-a34d-4580-a3ed-742416fe47e4,55.51387,-111.1097,9.17593,6.15065,-2.17724,-17.21713,-1.38388,3.57913,0.59938,,,,,,,,,,,,,,,,,,,,,,,,,,,,,,,,,,,,,,,,,,,,,,,,,,,High,High,High,,,,,
226,2026-03-28,12:58:51.52,4,3,"Lawson, Wade",1000068528,Right,POM_COL,"Jasso, Alexander",1000218885,Right,WHI_COL1,Undefined,7,Top,1,0,2,Slider,Curveball,StrikeSwinging,Strikeout,Undefined,Undefined,0,0,,78.53265,-0.484835,-1.762247,2100.443867,31.567269,7:00,6.19571,1.18627,5.1325,-51.2966,-4.87603,-3.83646,1.46418,-0.79352,72.81001,-9.717007,-2.442599,0.490373,,,,,,,,,,,,1.44087,-1.86906,-1.01785,50,6.11032,3.66317,-114.02679,-2.80093,1.90425,20.21947,-34.64419,POM_COL,WHI_COL1,PomonaPitzer,TeamExclusive,Team,20260328-PomonaPitzer-Private-1,8b389c60-2ae0-11f1-8cbf-a1be09b69ae6,76.86479,,,5.72264,,,,,,,afc8f227-0d99-4f26-9ec5-9eb72a8ad494,2026-03-28,19:58:51.52,2026-03-28T12:58:51.5295232-07:00,2026-03-28T19:58:51.5295232Z,,v3,643-145631,643-146222,,"Parker, Will",1000474009,Right,POM_COL,2642589b-7f3a-48e6-aa73-2e730eac957d,55.36832,-114.97477,10.10973,6.20356,-1.17665,-17.32209,-1.18751,3.57389,0.95212,,,,,,,,,,,,,,,,,,,,,,,,,,,,,,,,,,,,,,,,,,,,,,,,,,,High,High,High,,,,,
227,2026-03-28,12:59:17.06,5,1,"Lawson, Wade",1000068528,Right,POM_COL,"Plaskett, Joe",1000237974,Right,WHI_COL1,Undefined,7,Top,2,0,0,Slider,Slider,InPlay,Undefined,GroundBall,Single,0,1,,82.60805,0.327496,-2.13283,2407.830947,107.585573,9:30,5.66371,2.07508,4.67398,-40.83168,2.16055,-2.4626,2.57233,-0.1567,75.57309,-7.038451,-2.564788,0.471918,82.09577,1.206315,-24.812341,4723.217495,,,,51.3429,46.30662,-26.135916,0.443167,0.60287,1.34484,-1.85548,50,5.66014,4.56788,-119.71,-0.90089,0.87269,23.6401,-30.22733,POM_COL,WHI_COL1,PomonaPitzer,TeamExclusive,Team,20260328-PomonaPitzer-Private-1,9a6e8050-2ae0-11f1-8cbf-a1be09b69ae6,79.87075,2.58655,,7.03497,,,,0.98305,2.50335,0.20232,afc8f227-0d99-4f26-9ec5-9eb72a8ad494,2026-03-28,19:59:17.06,2026-03-28T12:59:17.0689536-07:00,2026-03-28T19:59:17.0689536Z,GroundBall,v3,643-145631,643-146222,,"Parker, Will",1000474009,Right,POM_COL,1796247d-6d40-4c5c-b87b-955420460fd7,55.82485,-120.8548,11.82005,5.66832,0.56292,-15.11367,-2.07567,4.52562,0.43635,75.681045,0.99179,109.00399,-16.36455,,,,,,,2.51052,2.31885,-18.0503,,,,,,,0.20753,-50.67554,-1.89091,,,,,,,,,,,,,,,,,,,,,,,,,,,,,High,High,High,High,High,,,
228,2026-03-28,12:59:55.66,6,1,"Lawson, Wade",1000068528,Right,POM_COL,"Cardoza, Aidan",1000339820,Right,WHI_COL1,Undefined,7,Top,2,0,0,Fastball,Four-Seam,BallCalled,Undefined,Undefined,Undefined,0,0,,87.23237,0.021337,-2.219835,2409.008563,203.982306,12:45,5.8484,1.69206,5.94845,-22.66812,13.89398,5.67969,3.9792,0.10546,79.84377,-4.239125,-1.200454,0.435198,,,,,,,,,,,,-3.48335,7.46012,-1.51838,50,5.83732,4.6705,-126.65995,-0.65381,-5.6751,25.16718,-20.01994,POM_COL,WHI_COL1,PomonaPitzer,TeamExclusive,Team,20260328-PomonaPitzer-Private-1,b1fa2e40-2ae0-11f1-8cbf-a1be09b69ae6,86.60981,,,7.38861,,,,,,,afc8f227-0d99-4f26-9ec5-9eb72a8ad494,2026-03-28,19:59:55.66,2026-03-28T12:59:55.6657664-07:00,2026-03-28T19:59:55.6657664Z,,v3,643-145631,643-146222,,"Parker, Will",1000474009,Right,POM_COL,92898579-375d-43ae-aceb-d90ad65afa15,54.54785,-127.56041,12.58359,5.8479,0.06248,-10.00997,-1.68911,4.87355,-2.83755,,,,,,,,,,,,,,,,,,,,,,,,,,,,,,,,,,,,,,,,,,,,,,,,,,,High,High,High,,,,,
229,2026-03-28,13:00:11.43,6,2,"Lawson, Wade",1000068528,Right,POM_COL,"Cardoza, Aidan",1000339820,Right,WHI_COL1,Undefined,7,Top,2,1,0,Fastball,Slider,InPlay,Undefined,FlyBall,Out,1,0,,87.33788,-0.478919,-1.857669,2438.517747,206.668759,1:00,5.80697,1.38961,5.81558,-27.03454,9.73839,4.30252,3.10854,0.02027,79.81516,-5.510743,-1.086726,0.436451,89.89078,24.621529,0.976206,2974.246775,109.98621,45.85162,-1.73964,339.24637,332.94604,-4.56611,4.414426,-2.73394,5.45512,-1.2401,50,5.7517,3.9357,-126.81188,-1.95871,-4.44373,26.37844,-23.30732,POM_COL,WHI_COL1,PomonaPitzer,TeamExclusive,Team,20260328-PomonaPitzer-Private-1,bacbdf00-2ae0-11f1-8cbf-a1be09b69ae6,86.36121,59.04264,,7.52271,,,,0.57694,3.0931,-0.01036,afc8f227-0d99-4f26-9ec5-9eb72a8ad494,2026-03-28,20:00:11.43,2026-03-28T13:00:11.4360832-07:00,2026-03-28T20:00:11.4360832Z,LineDrive,v3,643-145631,643-146222,,"Parker, Will",1000474009,Right,POM_COL,4862a856-eef2-4963-b66c-ff68ff758b13,54.68311,-127.78231,13.18922,5.80798,-1.10126,-11.65366,-1.38789,4.09918,-2.22186,158.861285,0.57657,119.84498,-19.72048,4.34743,-0.95675,0.21801,-0.04336,0.0056,-0.00031,3.09397,54.90554,-14.1087,0.09973,0.26949,-0.14496,0.04166,-0.00595,0.00033,-0.01022,2.03822,-4.52594,1.27281,-0.28949,0.05207,-0.00692,0.00065,-3E-05,,,,,,,,,,,,,,,,,,,,,,,High,High,High,High,Medium,,,
230,2026-03-28,13:02:02.54,1,1,"Moore, Owen",10307008,Left,WHI_COL1,"Gold, Jack",1000108729,Left,POM_COL,Undefined,7,Bottom,0,0,0,Fastball,Slider,BallCalled,Undefined,Undefined,Undefined,0,0,,85.13941,-0.058027,1.762298,1762.327935,143.307981,10:45,6.02866,-0.04187,4.76852,-23.56269,16.75887,-11.50347,4.01007,0.67085,77.49312,-4.416517,-0.258739,0.457025,,,,,,,,,,,,6.06906,8.61292,-0.12431,50,6.00296,-3.24953,-123.35454,-0.96505,9.34061,24.79918,-18.9183,POM_COL,WHI_COL1,PomonaPitzer,TeamExclusive,Team,20260328-PomonaPitzer-Private-1,fd152ba0-2ae0-11f1-8cbf-a1be09b69ae6,82.47347,,,7.64628,,,,,,,afc8f227-0d99-4f26-9ec5-9eb72a8ad494,2026-03-28,20:02:02.54,2026-03-28T13:02:02.5422848-07:00,2026-03-28T20:02:02.5422848Z,,v3,643-145631,643-146222,,"Brummett, Jackson",10114400,Right,WHI_COL1,5dc19874-d334-460f-922b-9b4430f19363,55.72609,-124.50039,12.39959,6.02735,-0.09093,-9.45915,0.03581,-3.68112,4.67031,,,,,,,,,,,,,,,,,,,,,,,,,,,,,,,,,,,,,,,,,,,,,,,,,,,High,High,High,,,,,
231,2026-03-28,13:02:16.62,1,2,"Moore, Owen",10307008,Left,WHI_COL1,"Gold, Jack",1000108729,Left,POM_COL,Undefined,7,Bottom,0,1,0,Fastball,Slider,FoulBallNotFieldable,Undefined,Undefined,Undefined,0,0,,83.2056,-0.395784,1.055985,1708.380644,123.477591,10:00,5.95915,0.15025,4.90414,-30.77317,11.26737,-14.93674,3.02035,-0.09571,75.85434,-6.033609,-1.577428,0.466665,,,,,,,,,,,,7.69693,6.08091,-0.24023,50,5.89514,-1.56529,-120.64694,-1.95061,11.29661,24.3994,-23.24925,POM_COL,WHI_COL1,PomonaPitzer,TeamExclusive,Team,20260328-PomonaPitzer-Private-1,05722190-2ae1-11f1-8cbf-a1be09b69ae6,80.76975,,,7.35126,,,,,,,afc8f227-0d99-4f26-9ec5-9eb72a8ad494,2026-03-28,20:02:16.62,2026-03-28T13:02:16.6254080-07:00,2026-03-28T20:02:16.6254080Z,,v3,643-145631,643-146222,,"Brummett, Jackson",10114400,Right,WHI_COL1,88985049-b172-45a9-bcfa-47f24491aebd,55.59398,-121.773,12.1997,5.9604,-0.87763,-11.62462,-0.15596,-2.08664,5.6483,,,,,,,,,,,,,,,,,,,,,,,,,,,,,,,,,,,,,,,,,,,,,,,,,,,High,High,High,,,,,
232,2026-03-28,13:02:38.51,1,3,"Moore, Owen",10307008,Left,WHI_COL1,"Gold, Jack",1000108729,Left,POM_COL,Undefined,7,Bottom,0,1,1,Cutter,Changeup,StrikeCalled,Undefined,Undefined,Undefined,0,0,,71.95765,2.586936,-0.064103,2161.845602,333.608767,5:00,6.05329,-0.02685,4.66788,-71.96811,-14.76591,8.30339,2.51481,0.60421,65.62998,-10.307143,1.396236,0.544349,,,,,,,,,,,,-4.03795,-7.29678,0.02553,50,6.25189,-0.2191,-104.22336,2.14334,-4.3831,19.66617,-40.09457,POM_COL,WHI_COL1,PomonaPitzer,TeamExclusive,Team,20260328-PomonaPitzer-Private-1,128377d0-2ae1-11f1-8cbf-a1be09b69ae6,69.24309,,,6.32767,,,,,,,afc8f227-0d99-4f26-9ec5-9eb72a8ad494,2026-03-28,20:02:38.51,2026-03-28T13:02:38.5165824-07:00,2026-03-28T20:02:38.5165824Z,,v3,643-145631,643-146222,,"Brummett, Jackson",10114400,Right,WHI_COL1,dbc7cff7-d7b8-4bb1-80db-53c77d0e4e8d,55.83378,-105.3184,9.83308,6.07039,4.37586,-20.04728,0.03093,0.02496,-2.19155,,,,,,,,,,,,,,,,,,,,,,,,,,,,,,,,,,,,,,,,,,,,,,,,,,,High,High,High,,,,,
233,2026-03-28,13:02:54.80,1,4,"Moore, Owen",10307008,Left,WHI_COL1,"Gold, Jack",1000108729,Left,POM_COL,Undefined,7,Bottom,0,1,2,ChangeUp,Changeup,FoulBallNotFieldable,Undefined,Undefined,Undefined,0,0,,79.35303,-1.1307,1.177538,1506.425031,131.8887,10:30,5.84068,-0.19814,5.55012,-33.08305,12.13072,-11.82292,2.02682,-0.08288,72.39361,-7.252854,-0.932916,0.483957,,,,,,,,,,,,6.363,6.91304,0.10444,50,5.72115,-1.90828,-115.12854,-3.3129,8.48017,22.77622,-22.96082,POM_COL,WHI_COL1,PomonaPitzer,TeamExclusive,Team,20260328-PomonaPitzer-Private-1,1c330570-2ae1-11f1-8cbf-a1be09b69ae6,77.88388,,,6.95942,,,,,,,afc8f227-0d99-4f26-9ec5-9eb72a8ad494,2026-03-28,20:02:54.80,2026-03-28T13:02:54.8056576-07:00,2026-03-28T20:02:54.8056576Z,,v3,643-145631,643-146222,,"Brummett, Jackson",10114400,Right,WHI_COL1,48014e8d-c233-45ef-973a-e2f77dec8f2e,54.94808,-116.1033,11.38811,5.84191,-2.33024,-11.48041,0.19387,-2.27121,4.24009,,,,,,,,,,,,,,,,,,,,,,,,,,,,,,,,,,,,,,,,,,,,,,,,,,,High,High,High,,,,,
234,2026-03-28,13:03:16.74,1,5,"Moore, Owen",10307008,Left,WHI_COL1,"Gold, Jack",1000108729,Left,POM_COL,Undefined,7,Bottom,0,1,2,ChangeUp,Changeup,BallCalled,Undefined,Undefined,Undefined,0,0,,79.27104,-2.098437,1.734863,1429.013505,103.584401,9:30,5.79736,-0.28928,5.49637,-40.49825,5.30799,-15.14635,0.45789,0.07178,72.11369,-9.5157,-0.970205,0.487118,,,,,,,,,,,,8.19548,3.84059,0.14802,50,5.58665,-2.8773,-114.83668,-5.54649,10.78157,24.21096,-27.12157,POM_COL,WHI_COL1,PomonaPitzer,TeamExclusive,Team,20260328-PomonaPitzer-Private-1,294c7200-2ae1-11f1-8cbf-a1be09b69ae6,77.37853,,,7.15735,,,,,,,afc8f227-0d99-4f26-9ec5-9eb72a8ad494,2026-03-28,20:03:16.74,2026-03-28T13:03:16.7425024-07:00,2026-03-28T20:03:16.7425024Z,,v3,643-145631,643-146222,,"Brummett, Jackson",10114400,Right,WHI_COL1,dee02a0b-f7b0-4b90-969d-b71a6f0e7239,55.00102,-115.88625,12.10548,5.80161,-4.37075,-13.56079,0.28289,-3.34469,5.39078,,,,,,,,,,,,,,,,,,,,,,,,,,,,,,,,,,,,,,,,,,,,,,,,,,,High,High,High,,,,,
235,2026-03-28,13:03:35.91,1,6,"Moore, Owen",10307008,Left,WHI_COL1,"Gold, Jack",1000108729,Left,POM_COL,Undefined,7,Bottom,0,2,2,Fastball,Slider,InPlay,Undefined,LineDrive,Out,1,0,,85.79899,-1.993626,0.875986,1824.722354,140.905543,10:45,5.99262,0.01142,5.00438,-24.25639,15.00395,-11.16666,2.08835,-0.09216,78.58006,-6.45895,-1.096658,0.450971,100.4215,8.163084,22.657552,1207.484943,100.19647,6.69452,45.39254,157.55553,143.46526,25.276974,1.26645,5.80126,8.36906,-0.08597,50,5.78195,-1.40457,-124.4166,-5.19668,9.09575,24.89735,-19.05229,POM_COL,WHI_COL1,PomonaPitzer,TeamExclusive,Team,20260328-PomonaPitzer-Private-1,34ae6a90-2ae1-11f1-8cbf-a1be09b69ae6,83.58065,7.90029,,7.21893,,,,1.12786,2.10709,0.06153,afc8f227-0d99-4f26-9ec5-9eb72a8ad494,2026-03-28,20:03:35.91,2026-03-28T13:03:35.9101952-07:00,2026-03-28T20:03:35.9101952Z,GroundBall,v3,643-145631,643-146222,,"Brummett, Jackson",10114400,Right,WHI_COL1,17de1310-93e9-4709-b5b6-ea8b87680611,55.49412,-125.51122,12.44867,5.99201,-4.35904,-9.52614,-0.01542,-1.80447,4.54788,272.730567,1.12786,134.54062,-22.54612,4.52752,-1.03388,0.22877,-0.05081,0.00933,-0.00095,2.10709,20.91312,-19.92333,2.09315,-0.44881,0.10307,-0.02142,0.00395,-0.00042,0.06153,56.16248,-2.26878,-0.28082,0.16907,-0.05782,0.01543,-0.00314,0.00034,,,,,,,,,,,,,,,,,,,,,,,High,High,High,High,High,,,
236,2026-03-28,13:04:01.32,2,1,"Moore, Owen",10307008,Left,WHI_COL1,"DeGrazia, Tanner",1000214434,Right,POM_COL,Undefined,7,Bottom,1,0,0,Slider,Curveball,BallCalled,Undefined,Undefined,Undefined,0,0,,72.32357,1.009179,-0.96082,2212.907515,338.453431,5:15,6.01404,0.1303,4.82264,-68.9859,-12.95942,5.85158,1.22129,-0.29218,66.46628,-11.345914,0.073065,0.538726,,,,,,,,,,,,-3.16992,-6.10772,-0.04027,50,6.05443,1.53099,-104.89351,-0.54873,-3.49708,19.36623,-38.91218,POM_COL,WHI_COL1,PomonaPitzer,TeamExclusive,Team,20260328-PomonaPitzer-Private-1,43df4570-2ae1-11f1-8cbf-a1be09b69ae6,69.96587,,,5.85729,,,,,,,afc8f227-0d99-4f26-9ec5-9eb72a8ad494,2026-03-28,20:04:01.32,2026-03-28T13:04:01.3219328-07:00,2026-03-28T20:04:01.3219328Z,,v3,643-145631,643-146222,,"Brummett, Jackson",10114400,Right,WHI_COL1,a82cdeb3-43fc-497e-8e59-2ed24204bd85,55.67948,-105.93691,9.68311,6.02752,1.54774,-19.45609,-0.12783,1.7194,-1.74854,,,,,,,,,,,,,,,,,,,,,,,,,,,,,,,,,,,,,,,,,,,,,,,,,,,High,High,High,,,,,
237,2026-03-28,13:04:16.81,2,2,"Moore, Owen",10307008,Left,WHI_COL1,"DeGrazia, Tanner",1000214434,Right,POM_COL,Undefined,7,Bottom,1,1,0,Fastball,Changeup,StrikeCalled,Undefined,Undefined,Undefined,0,0,,85.86613,-0.753995,2.243035,1693.78347,142.439365,10:45,5.91814,-0.24948,5.11119,-23.50911,15.55292,-10.9954,3.24812,0.9485,78.42043,-5.111963,0.299385,0.44983,,,,,,,,,,,,6.02252,8.30434,0.04683,50,5.8292,-4.37058,-124.47202,-2.4544,9.45837,24.73873,-19.13211,POM_COL,WHI_COL1,PomonaPitzer,TeamExclusive,Team,20260328-PomonaPitzer-Private-1,4d1e36f0-2ae1-11f1-8cbf-a1be09b69ae6,83.79254,,,7.4457,,,,,,,afc8f227-0d99-4f26-9ec5-9eb72a8ad494,2026-03-28,20:04:16.81,2026-03-28T13:04:16.8183808-07:00,2026-03-28T20:04:16.8183808Z,,v3,643-145631,643-146222,,"Brummett, Jackson",10114400,Right,WHI_COL1,52b077cb-be86-4efc-8c5d-963993c75356,55.38441,-125.53761,12.36937,5.91718,-1.63031,-9.56606,0.24386,-4.77798,4.72918,,,,,,,,,,,,,,,,,,,,,,,,,,,,,,,,,,,,,,,,,,,,,,,,,,,High,High,High,,,,,
238,2026-03-28,13:04:31.36,2,3,"Moore, Owen",10307008,Left,WHI_COL1,"DeGrazia, Tanner",1000214434,Right,POM_COL,Undefined,7,Bottom,1,1,1,ChangeUp,Slider,FoulBallNotFieldable,Undefined,Undefined,Undefined,0,0,,78.85017,-0.035044,0.807778,1496.099784,94.314226,9:15,5.85797,-0.09402,5.2867,-43.52502,2.64732,-14.97028,2.19797,-0.58296,72.12471,-7.97617,-1.853296,0.48906,47.61671,-50.617677,88.264126,,,,,3.66124,3.66124,42.757283,0.043499,7.77847,1.7491,0.03198,50,5.82287,-1.01927,-114.43366,-1.55493,10.25038,22.34004,-29.86913,POM_COL,WHI_COL1,PomonaPitzer,TeamExclusive,Team,20260328-PomonaPitzer-Private-1,55c09a50-2ae1-11f1-8cbf-a1be09b69ae6,77.07114,2.36588,,6.72546,,,,2.62939,2.36588,0.54436,afc8f227-0d99-4f26-9ec5-9eb72a8ad494,2026-03-28,20:04:31.36,2026-03-28T13:04:31.3618944-07:00,2026-03-28T20:04:31.3618944Z,GroundBall,v3,643-145631,643-146222,,"Brummett, Jackson",10114400,Right,WHI_COL1,cc9000ba-f292-47d2-8de2-7771887fa1ee,55.21303,-115.44687,11.17002,5.86267,-0.20024,-14.93457,0.08875,-1.48417,5.12519,,2.62932,1.35247,,,,,,,,2.36874,-54.38917,,,,,,,,0.542,44.62718,,,,,,,,,,,,,,,,,,,,,,,,,,,,,,High,High,High,Estimated,Estimated,,,
239,2026-03-28,13:05:00.09,2,4,"Moore, Owen",10307008,Left,WHI_COL1,"DeGrazia, Tanner",1000214434,Right,POM_COL,Undefined,7,Bottom,1,1,2,ChangeUp,Slider,InPlay,Undefined,GroundBall,Out,1,0,,78.46056,-0.090078,0.13927,1388.644177,98.029567,9:15,5.84318,-0.0698,5.21259,-42.70357,3.65693,-16.03355,2.19985,-1.27496,72.3944,-7.850899,-2.706169,0.490056,73.35753,-5.079808,-17.930518,,,,,20.21804,19.46815,-13.190439,0.181684,8.09032,2.2478,0.06962,50,5.80261,0.35789,-113.97225,-1.6434,10.67177,20.3905,-29.20901,POM_COL,WHI_COL1,PomonaPitzer,TeamExclusive,Team,20260328-PomonaPitzer-Private-1,66e507d0-2ae1-11f1-8cbf-a1be09b69ae6,76.91459,2.20616,,6.06616,,,,1.49463,2.20616,1.24109,afc8f227-0d99-4f26-9ec5-9eb72a8ad494,2026-03-28,20:05:00.09,2026-03-28T13:05:00.0903680-07:00,2026-03-28T20:05:00.0903680Z,GroundBall,v3,643-145631,643-146222,,"Brummett, Jackson",10114400,Right,WHI_COL1,d94fcad2-7875-491d-9d91-6c7e896c5272,55.28802,-114.91442,10.19525,5.84736,-0.29375,-14.60451,0.06448,-0.13522,5.33588,241.031518,1.49498,101.93764,-10.03068,,,,,,,2.20639,-9.54323,-14.32445,,,,,,,1.24093,-32.98147,4.1777,,,,,,,,,,,,,,,,,,,,,,,,,,,,,High,High,High,High,High,,,
240,2026-03-28,13:05:34.27,3,1,"Moore, Owen",10307008,Left,WHI_COL1,"Berry, Cooper",1000276381,Left,POM_COL,Undefined,7,Bottom,2,0,0,Fastball,Slider,InPlay,Undefined,FlyBall,HomeRun,0,1,,85.18287,-1.482775,0.690234,1678.058701,142.147892,10:45,5.93939,0.14832,5.1984,-22.65466,16.65591,-12.01701,2.65641,-0.20384,78.34857,-5.676975,-1.439644,0.451259,,,,,,,,,,,,6.21607,9.07784,-0.20267,50,5.78525,-0.97317,-123.67441,-3.97096,9.68024,23.40098,-18.03722,POM_COL,WHI_COL1,PomonaPitzer,TeamExclusive,Team,20260328-PomonaPitzer-Private-1,7b397f90-2ae1-11f1-8cbf-a1be09b69ae6,83.52723,,,6.8343,,,,,,,afc8f227-0d99-4f26-9ec5-9eb72a8ad494,2026-03-28,20:05:34.27,2026-03-28T13:05:34.2758400-07:00,2026-03-28T20:05:34.2758400Z,,v3,643-145631,643-146222,,"Brummett, Jackson",10114400,Right,WHI_COL1,85511909-b986-4026-9abe-04e7cda148b4,55.30101,-124.67341,11.70049,5.93834,-3.20095,-9.01861,-0.15231,-1.38642,4.84012,,,,,,,,,,,,,,,,,,,,,,,,,,,,,,,,,,,,,,,,,,,,,,,,,,,High,High,High,,,,,
241,2026-03-28,13:06:23.20,4,1,"Moore, Owen",10307008,Left,WHI_COL1,"Parker, Will",1000474009,Left,POM_COL,Undefined,7,Bottom,2,0,0,Curveball,Curveball,BallCalled,Undefined,Undefined,Undefined,0,0,,72.76511,1.561489,-1.275847,2228.423163,337.748198,5:15,6.03984,0.04053,4.73261,-69.4461,-13.52044,6.33926,1.7348,-0.64181,66.32192,-10.88943,-0.158662,0.538241,,,,,,,,,,,,-3.5,-6.45,0.08217,50,6.13564,2.09183,-105.39812,0.40336,-3.87388,20.59674,-39.31303,POM_COL,WHI_COL1,PomonaPitzer,TeamExclusive,Team,20260328-PomonaPitzer-Private-1,9878ae50-2ae1-11f1-8cbf-a1be09b69ae6,70.02889,,,6.44319,,,,,,,afc8f227-0d99-4f26-9ec5-9eb72a8ad494,2026-03-28,20:06:23.20,2026-03-28T13:06:23.2016896-07:00,2026-03-28T20:06:23.2016896Z,,v3,643-145631,643-146222,,"Brummett, Jackson",10114400,Right,WHI_COL1,faddca0e-a544-4d88-a6f3-e8068eb978e9,55.76813,-106.51935,10.29837,6.05543,2.54346,-19.65652,-0.03744,2.30271,-1.93694,,,,,,,,,,,,,,,,,,,,,,,,,,,,,,,,,,,,,,,,,,,,,,,,,,,High,High,High,,,,,
242,2026-03-28,13:06:36.70,4,2,"Moore, Owen",10307008,Left,WHI_COL1,"Parker, Will",1000474009,Left,POM_COL,Undefined,7,Bottom,2,1,0,Fastball,Slider,InPlay,Undefined,GroundBall,Out,1,0,,85.90497,-1.715259,0.643306,1818.658325,130.800781,10:15,6.01649,-0.08737,5.01954,-24.62891,14.54828,-15.38682,2.3448,-0.76249,78.58134,-6.250901,-2.075672,0.450493,74.45647,-9.737453,-9.749437,,,,,12.77983,12.16632,-6.039055,0.122232,7.81091,8.07434,0.03876,50,5.83284,-0.70573,-124.58142,-4.61067,12.26281,25.2737,-19.49767,POM_COL,WHI_COL1,PomonaPitzer,TeamExclusive,Team,20260328-PomonaPitzer-Private-1,a070ef00-2ae1-11f1-8cbf-a1be09b69ae6,83.66934,2.1744,,7.32363,,,,-0.06973,2.1744,0.84654,afc8f227-0d99-4f26-9ec5-9eb72a8ad494,2026-03-28,20:06:36.70,2026-03-28T13:06:36.7017472-07:00,2026-03-28T20:06:36.7017472Z,GroundBall,v3,643-145631,643-146222,,"Brummett, Jackson",10114400,Right,WHI_COL1,c9839b32-4e02-4e67-8a88-14e292cc5764,55.47856,-125.68794,12.63685,6.01602,-3.75703,-9.74884,0.08141,-1.24261,6.13141,180.911924,-0.06959,106.06053,-12.42561,,,,,,,2.17408,-18.4359,5.33999,,,,,,,0.84651,-18.22274,2.43682,,,,,,,,,,,,,,,,,,,,,,,,,,,,,High,High,High,High,High,,,
243,2026-03-28,13:08:58.32,1,1,"Lawson, Wade",1000068528,Right,POM_COL,"Eastwood Lilles, Parker",10269960,Right,WHI_COL1,Undefined,8,Top,0,0,0,Slider,Slider,InPlay,Undefined,GroundBall,Single,0,0,,81.41569,-0.059498,-2.006365,2588.828187,52.429172,7:45,5.98143,1.90998,4.78728,-44.01892,0.04126,-1.77937,2.25676,-0.14063,74.63994,-7.993142,-2.319427,0.477743,91.71955,-5.632275,-29.226591,,,,,25.09573,22.53907,-27.257636,0.178599,0.30606,0.42122,-1.70797,50,5.93698,4.21165,-118.02571,-1.79569,0.43056,23.02035,-31.58144,POM_COL,WHI_COL1,PomonaPitzer,TeamExclusive,Team,20260328-PomonaPitzer-Private-1,f4dd7b80-2ae1-11f1-8cbf-a1be09b69ae6,78.89684,2.36137,,6.77574,,,,1.41297,2.36137,0.19747,afc8f227-0d99-4f26-9ec5-9eb72a8ad494,2026-03-28,20:08:58.32,2026-03-28T13:08:58.3216640-07:00,2026-03-28T20:08:58.3216640Z,GroundBall,v3,643-145631,643-146222,,"Parker, Will",1000474009,Right,POM_COL,8c94fb97-4110-4db9-b9ca-b5a05d338d48,55.71204,-119.1346,11.51018,5.98683,-0.2744,-15.79072,-1.91035,4.19091,0.21528,180,1.40809,116.9995,,,,,,,,2.36192,-13.22161,,,,,,,,0.2002,-65.46008,,,,,,,,,,,,,,,,,,,,,,,,,,,,,,High,High,High,High,High,,,
244,2026-03-28,13:09:32.88,2,1,"Lawson, Wade",1000068528,Right,POM_COL,"O'Driscoll, Collin",1000259196,Right,WHI_COL1,Undefined,8,Top,0,0,0,Fastball,Four-Seam,StrikeCalled,Undefined,Undefined,Undefined,0,0,,86.36555,-1.954489,-2.666794,2542.881321,198.93442,12:45,6.0006,1.57141,5.66765,-17.23375,20.74682,6.68209,2.73942,-0.36004,78.6605,-5.234043,-1.474409,0.44356,,,,,,,,,,,,-4.11823,11.42796,-1.35014,50,5.82449,5.54001,-125.15505,-4.75861,-6.51512,25.86981,-14.09488,POM_COL,WHI_COL1,PomonaPitzer,TeamExclusive,Team,20260328-PomonaPitzer-Private-1,097bf490-2ae2-11f1-8cbf-a1be09b69ae6,84.97714,,,7.70505,,,,,,,afc8f227-0d99-4f26-9ec5-9eb72a8ad494,2026-03-28,20:09:32.88,2026-03-28T13:09:32.8891392-07:00,2026-03-28T20:09:32.8891392Z,,v3,643-145631,643-146222,,"Parker, Will",1000474009,Right,POM_COL,b7c9eabe-89f3-4dda-b7f4-5643a67f11b2,54.82763,-126.14898,12.9349,5.99691,-4.21707,-7.04744,-1.5678,5.79032,-3.25756,,,,,,,,,,,,,,,,,,,,,,,,,,,,,,,,,,,,,,,,,,,,,,,,,,,High,High,High,,,,,
245,2026-03-28,13:09:53.85,2,2,"Lawson, Wade",1000068528,Right,POM_COL,"O'Driscoll, Collin",1000259196,Right,WHI_COL1,Undefined,8,Top,0,0,1,Fastball,Four-Seam,StrikeCalled,Undefined,Undefined,Undefined,0,0,,87.80484,-2.299147,-1.479112,2541.247011,213.471174,1:00,6.01204,1.48975,5.44746,-20.29474,16.54013,10.16312,2.1664,0.95157,80.46809,-6.085533,0.33026,0.436818,,,,,,,,,,,,-5.48122,9.29583,-1.36613,50,5.7951,2.83444,-127.35055,-5.78054,-9.02334,25.56106,-16.87097,POM_COL,WHI_COL1,PomonaPitzer,TeamExclusive,Team,20260328-PomonaPitzer-Private-1,15f02070-2ae2-11f1-8cbf-a1be09b69ae6,86.28858,,,7.33675,,,,,,,afc8f227-0d99-4f26-9ec5-9eb72a8ad494,2026-03-28,20:09:53.85,2026-03-28T13:09:53.8537984-07:00,2026-03-28T20:09:53.8537984Z,,v3,643-145631,643-146222,,"Parker, Will",1000474009,Right,POM_COL,0721d253-d77c-4728-8685-c3560dc2861d,55.0493,-128.36001,12.78053,6.01023,-5.11427,-8.43549,-1.48511,3.19079,-4.51167,,,,,,,,,,,,,,,,,,,,,,,,,,,,,,,,,,,,,,,,,,,,,,,,,,,High,High,High,,,,,
246,2026-03-28,13:10:13.74,2,3,"Lawson, Wade",1000068528,Right,POM_COL,"O'Driscoll, Collin",1000259196,Right,WHI_COL1,Undefined,8,Top,0,0,2,Curveball,Curveball,StrikeSwinging,Strikeout,Undefined,Undefined,0,0,,80.77944,-1.335319,-1.012818,2354.124933,37.319357,7:15,6.13366,1.21231,4.9832,-51.3266,-7.16024,-6.45611,0.59502,-0.28224,74.95809,-10.519993,-2.156529,0.478318,,,,,,,,,,,,2.94898,-2.8576,-1.10909,50,5.96245,2.3409,-117.28165,-4.6541,4.11609,21.74249,-36.16264,POM_COL,WHI_COL1,PomonaPitzer,TeamExclusive,Team,20260328-PomonaPitzer-Private-1,21d049b0-2ae2-11f1-8cbf-a1be09b69ae6,78.80199,,,5.82135,,,,,,,afc8f227-0d99-4f26-9ec5-9eb72a8ad494,2026-03-28,20:10:13.74,2026-03-28T13:10:13.7454592-07:00,2026-03-28T20:10:13.7454592Z,,v3,643-145631,643-146222,,"Parker, Will",1000474009,Right,POM_COL,54a97750-aa90-47da-bae9-45b04fa690c2,55.51885,-118.30035,10.87125,6.14081,-2.95978,-18.08132,-1.21426,2.14805,2.05804,,,,,,,,,,,,,,,,,,,,,,,,,,,,,,,,,,,,,,,,,,,,,,,,,,,High,High,High,,,,,
247,2026-03-28,13:10:59.40,3,1,"Lawson, Wade",1000068528,Right,POM_COL,"Azevedo, Joseph",1000393985,Right,WHI_COL1,Undefined,8,Top,1,0,0,Slider,Slider,StrikeCalled,Undefined,Undefined,Undefined,0,0,,83.2261,0.330107,-2.457054,2542.670361,103.249016,9:30,5.7748,1.98505,4.64935,-39.58313,2.4811,-5.29,2.79015,-0.79183,76.76054,-6.787412,-3.383801,0.466797,,,,,,,,,,,,1.94457,1.52524,-1.72865,50,5.77256,5.4189,-120.67952,-0.86924,2.88695,22.00737,-29.90964,POM_COL,WHI_COL1,PomonaPitzer,TeamExclusive,Team,20260328-PomonaPitzer-Private-1,3d0f1490-2ae2-11f1-8cbf-a1be09b69ae6,80.74699,,,6.46557,,,,,,,afc8f227-0d99-4f26-9ec5-9eb72a8ad494,2026-03-28,20:10:59.40,2026-03-28T13:10:59.4010000-07:00,2026-03-28T20:10:59.4010000Z,,v3,643-145631,643-146222,,"Parker, Will",1000474009,Right,POM_COL,71a43ab8-aec0-426a-983e-d1c5210e40e7,55.84934,-121.74155,11.00369,5.77968,0.57412,-14.95482,-1.98679,5.27958,1.44347,,,,,,,,,,,,,,,,,,,,,,,,,,,,,,,,,,,,,,,,,,,,,,,,,,,High,High,High,,,,,
248,2026-03-28,13:11:13.76,3,2,"Lawson, Wade",1000068528,Right,POM_COL,"Azevedo, Joseph",1000393985,Right,WHI_COL1,Undefined,8,Top,1,0,1,Fastball,Four-Seam,StrikeCalled,Undefined,Undefined,Undefined,0,0,,88.19763,-2.307233,-3.057202,2556.331126,218.094283,1:15,5.86927,1.28707,5.79207,-23.7523,12.11934,8.6689,1.73945,-0.8371,81.41126,-6.710763,-1.506017,0.431069,,,,,,,,,,,,-5.19481,7.10445,-1.04049,50,5.66476,6.47009,-127.95592,-5.95036,-8.68713,24.2599,-20.29346,POM_COL,WHI_COL1,PomonaPitzer,TeamExclusive,Team,20260328-PomonaPitzer-Private-1,45cffc70-2ae2-11f1-8cbf-a1be09b69ae6,87.4394,,,6.78637,,,,,,,afc8f227-0d99-4f26-9ec5-9eb72a8ad494,2026-03-28,20:11:13.76,2026-03-28T13:11:13.7650000-07:00,2026-03-28T20:11:13.7650000Z,,v3,643-145631,643-146222,,"Parker, Will",1000474009,Right,POM_COL,f0c1d8e5-5766-47e0-8023-dee67a3e6ca5,54.70688,-128.84523,12.12995,5.86925,-5.20644,-10.14673,-1.28351,6.78854,-4.34357,,,,,,,,,,,,,,,,,,,,,,,,,,,,,,,,,,,,,,,,,,,,,,,,,,,High,High,High,,,,,
249,2026-03-28,13:11:29.47,3,3,"Lawson, Wade",1000068528,Right,POM_COL,"Azevedo, Joseph",1000393985,Right,WHI_COL1,Undefined,8,Top,1,0,2,Curveball,Curveball,BallCalled,Undefined,Undefined,Undefined,0,0,,78.95591,-0.194514,-1.727601,2290.498296,32.886778,7:00,6.14642,0.98062,5.10623,-51.69849,-6.08048,-4.72953,1.65487,-1.04174,73.70295,-9.476371,-2.565848,0.486116,,,,,,,,,,,,1.93941,-2.61378,-0.81388,50,6.08719,3.65122,-114.75298,-2.25695,2.61601,18.92994,-35.69971,POM_COL,WHI_COL1,PomonaPitzer,TeamExclusive,Team,20260328-PomonaPitzer-Private-1,4efc0230-2ae2-11f1-8cbf-a1be09b69ae6,77.53802,,,5.25297,,,,,,,afc8f227-0d99-4f26-9ec5-9eb72a8ad494,2026-03-28,20:11:29.47,2026-03-28T13:11:29.4750000-07:00,2026-03-28T20:11:29.4750000Z,,v3,643-145631,643-146222,,"Parker, Will",1000474009,Right,POM_COL,0bd1349c-eff6-4830-9788-f49b01dbda76,55.39617,-115.63972,9.46497,6.15375,-0.58466,-17.84986,-0.98204,3.52868,1.30801,,,,,,,,,,,,,,,,,,,,,,,,,,,,,,,,,,,,,,,,,,,,,,,,,,,High,High,High,,,,,
250,2026-03-28,13:11:48.02,3,4,"Lawson, Wade",1000068528,Right,POM_COL,"Azevedo, Joseph",1000393985,Right,WHI_COL1,Undefined,8,Top,1,1,2,Curveball,Slider,BallCalled,Undefined,Undefined,Undefined,0,0,,83.75203,-0.300531,-2.415882,2679.433615,20.613829,6:45,5.89905,1.64836,4.82415,-47.9727,-6.62587,-2.9537,1.61643,-0.88726,77.40534,-8.889466,-2.936067,0.462799,,,,,,,,,,,,0.80835,-2.81508,-1.40595,50,5.82752,5.25739,-121.49878,-2.54928,1.21243,23.04775,-36.39635,POM_COL,WHI_COL1,PomonaPitzer,TeamExclusive,Team,20260328-PomonaPitzer-Private-1,5a0bbc10-2ae2-11f1-8cbf-a1be09b69ae6,81.44449,,,6.34669,,,,,,,afc8f227-0d99-4f26-9ec5-9eb72a8ad494,2026-03-28,20:11:48.02,2026-03-28T13:11:48.0260000-07:00,2026-03-28T20:11:48.0260000Z,,v3,643-145631,643-146222,,"Parker, Will",1000474009,Right,POM_COL,162e636c-56e2-4c83-bac5-1d036926be26,55.67681,-122.57091,11.52388,5.90673,-0.8562,-18.19817,-1.6492,5.20098,0.60622,,,,,,,,,,,,,,,,,,,,,,,,,,,,,73.75295,2.095587,0.732672,1.362915,-0.69551,1.27887,0.99597,-2.52446,5.76674,2.19354,127.27932,1.35139,-2.89029,-2.39689,105.71071,-7.82764,5.80009,13.64734,-12.43168,2.14909,-6.67425,2.21028,High,High,High,,,High,Medium,Medium
251,2026-03-28,13:12:17.11,3,5,"Lawson, Wade",1000068528,Right,POM_COL,"Azevedo, Joseph",1000393985,Right,WHI_COL1,Undefined,8,Top,1,2,2,Fastball,Cutter,BallCalled,Undefined,Undefined,Undefined,0,0,,88.17691,-3.166858,-3.296095,2649.491288,217.173379,1:15,5.97152,1.48546,5.7768,-22.23119,13.69229,9.58032,1.1643,-0.78655,81.53863,-7.287358,-1.582814,0.431381,,,,,,,,,,,,-5.71225,8.10989,-1.21892,50,5.69592,6.96166,-127.82625,-7.81129,-9.54737,23.83751,-18.61927,POM_COL,WHI_COL1,PomonaPitzer,TeamExclusive,Team,20260328-PomonaPitzer-Private-1,6b5a1fc0-2ae2-11f1-8cbf-a1be09b69ae6,87.37628,,,6.63829,,,,,,,afc8f227-0d99-4f26-9ec5-9eb72a8ad494,2026-03-28,20:12:17.11,2026-03-28T13:12:17.1120000-07:00,2026-03-28T20:12:17.1120000Z,,v3,643-145631,643-146222,,"Parker, Will",1000474009,Right,POM_COL,1418b5c6-8407-45e6-b60e-b09eb174778f,54.7226,-128.70392,11.91876,5.97091,-7.12574,-9.30964,-1.48171,7.31319,-4.77368,,,,,,,,,,,,,,,,,,,,,,,,,,,,,,,,,,,,,,,,,,,,,,,,,,,High,High,High,,,,,
252,2026-03-28,13:12:32.78,3,6,"Lawson, Wade",1000068528,Right,POM_COL,"Azevedo, Joseph",1000393985,Right,WHI_COL1,Undefined,8,Top,1,3,2,Slider,Slider,BallCalled,Walk,Undefined,Undefined,0,0,,83.62074,-1.951429,-4.012333,2537.193795,34.125526,7:15,5.7323,1.79382,4.95982,-46.95999,-4.67461,-4.19091,-0.02989,-2.35227,76.10927,-10.376846,-4.75072,0.468022,,,,,,,,,,,,0.73996,-1.13563,-1.40124,50,5.50477,8.65954,-120.75669,-5.96254,1.07425,27.20553,-33.82272,POM_COL,WHI_COL1,PomonaPitzer,TeamExclusive,Team,20260328-PomonaPitzer-Private-1,74b0df00-2ae2-11f1-8cbf-a1be09b69ae6,80.53555,,,7.51147,,,,,,,afc8f227-0d99-4f26-9ec5-9eb72a8ad494,2026-03-28,20:12:32.78,2026-03-28T13:12:32.7880000-07:00,2026-03-28T20:12:32.7880000Z,,v3,643-145631,643-146222,,"Parker, Will",1000474009,Right,POM_COL,50b57755-045c-42df-87be-2ae5f444172a,55.53632,-121.9976,13.60277,5.74156,-4.4198,-16.91136,-1.79511,8.61054,0.53712,,,,,,,,,,,,,,,,,,,,,,,,,,,,,,,,,,,,,,,,,,,,,,,,,,,High,High,High,,,,,
253,2026-03-28,13:13:23.37,4,1,"Lawson, Wade",1000068528,Right,POM_COL,"Nakasone, Coehn",1000306287,Right,WHI_COL1,Undefined,8,Top,1,0,0,Fastball,Four-Seam,InPlay,Undefined,LineDrive,Out,1,0,,86.56391,-2.102926,-2.872084,2463.432473,200.119863,12:45,5.95873,1.68034,5.88252,-18.74757,18.59844,6.37697,2.44023,-0.45762,79.25138,-5.64912,-1.729716,0.439839,89.62165,16.83423,26.314137,1327.355369,95.73126,24.7517,54.17895,271.91154,264.32223,34.726271,2.77604,-4.07776,10.48115,-1.45216,50,5.778,6.04277,-125.55838,-5.16191,-6.51463,25.23702,-15.42937,POM_COL,WHI_COL1,PomonaPitzer,TeamExclusive,Team,20260328-PomonaPitzer-Private-1,92d53da0-2ae2-11f1-8cbf-a1be09b69ae6,85.69603,26.35079,,7.31252,,,,2.1107,2.68688,0.57946,afc8f227-0d99-4f26-9ec5-9eb72a8ad494,2026-03-28,20:13:23.37,2026-03-28T13:13:23.3707008-07:00,2026-03-28T20:13:23.3707008Z,LineDrive,v3,643-145631,643-146222,,"Parker, Will",1000474009,Right,POM_COL,99918c17-3d2e-4f02-a9ad-0c5e4bd12b6d,54.61646,-126.48287,12.61851,5.95674,-4.59669,-7.71468,-1.67789,6.28142,-3.25732,,2.11053,112.78302,-17.28318,3.33173,-0.92722,0.33753,-0.12046,0.02558,-0.0022,2.68699,38.06207,-16.52564,1.00252,0.05058,-0.11997,0.05957,-0.01313,0.00106,0.57944,55.77265,1.88752,-1.46197,0.45131,-0.08861,0.00984,-0.00025,-5E-05,,,,,,,,,,,,,,,,,,,,,,,High,High,High,High,Medium,,,
254,2026-03-28,13:14:01.47,5,1,"Lawson, Wade",1000068528,Right,POM_COL,"Schulze, Jay",10114357,Right,WHI_COL1,Undefined,8,Top,2,0,0,Slider,Slider,InPlay,Undefined,Popup,Out,1,0,,83.46807,0.385975,-2.350798,2482.000688,109.645252,9:45,5.75927,1.92402,4.73353,-39.47278,2.56288,-3.40142,2.83636,-0.59088,76.32044,-6.746369,-2.947817,0.466638,69.66973,51.775815,17.26361,,102.09718,91.50194,40.94083,182.27585,174.4106,22.861464,4.929072,1.00492,1.52008,-1.68381,50,5.7632,5.11708,-120.94568,-0.7188,1.48456,24.1703,-29.9284,POM_COL,WHI_COL1,PomonaPitzer,TeamExclusive,Team,20260328-PomonaPitzer-Private-1,a992ed30-2ae2-11f1-8cbf-a1be09b69ae6,80.77441,92.22532,,7.14763,,,,0.34446,2.9809,0.56568,afc8f227-0d99-4f26-9ec5-9eb72a8ad494,2026-03-28,20:14:01.47,2026-03-28T13:14:01.4751744-07:00,2026-03-28T20:14:01.4751744Z,Popup,v3,643-145631,643-146222,,"Parker, Will",1000474009,Right,POM_COL,7d9aa097-ffca-46fe-9482-a211ceebd6b3,55.76525,-122.0924,12.08515,5.76362,0.7011,-14.9642,-1.9249,5.04665,0.74228,190.6248,0.34744,60.30627,-14.68006,3.71542,-0.4281,-0.0684,0.03466,-0.00495,0.00025,2.97888,80.31052,-20.56343,1.42698,-0.13465,-0.03696,0.02168,-0.00396,0.00025,0.5664,18.74782,-1.67335,0.15611,0.06191,-0.03289,0.00652,-0.00057,2E-05,,,,,,,,,,,,,,,,,,,,,,,High,High,High,High,Low,,,
255,2026-03-28,13:15:55.58,1,1,"Moore, Owen",10307008,Left,WHI_COL1,"Loui, Shawn",1000474008,Right,POM_COL,Undefined,8,Bottom,0,0,0,Curveball,Curveball,StrikeCalled,Undefined,Undefined,Undefined,0,0,,70.56492,2.095805,-1.065033,2203.819725,346.297066,5:30,5.98685,0.16384,4.55692,-75.23201,-15.97489,4.3574,1.7135,-0.48684,65.03463,-11.303901,-0.29947,0.554041,,,,,,,,,,,,-2.43669,-7.83528,-0.05758,50,6.13312,1.73245,-102.32079,1.10877,-2.56836,17.79223,-40.4327,POM_COL,WHI_COL1,PomonaPitzer,TeamExclusive,Team,20260328-PomonaPitzer-Private-1,eda205b0-2ae2-11f1-8cbf-a1be09b69ae6,68.03189,,,5.5303,,,,,,,afc8f227-0d99-4f26-9ec5-9eb72a8ad494,2026-03-28,20:15:55.58,2026-03-28T13:15:55.5850752-07:00,2026-03-28T20:15:55.5850752Z,,v3,643-145631,643-146222,,"Brummett, Jackson",10114400,Right,WHI_COL1,993c18e9-4886-4a2e-a5cb-8bb6329f4caf,55.94716,-103.34975,8.89611,6.00138,3.44707,-20.21635,-0.16206,1.88098,-1.28418,,,,,,,,,,,,,,,,,,,,,,,,,,,,,,,,,,,,,,,,,,,,,,,,,,,High,High,High,,,,,
256,2026-03-28,13:16:08.88,1,2,"Moore, Owen",10307008,Left,WHI_COL1,"Loui, Shawn",1000474008,Right,POM_COL,Undefined,8,Bottom,0,0,1,Fastball,Slider,FoulBallNotFieldable,Undefined,Undefined,Undefined,0,0,,85.05072,-1.453011,-0.078777,1913.314823,130.195964,10:15,5.90899,0.04649,4.93234,-24.91076,15.00871,-16.30698,2.45937,-1.38689,78.14351,-6.0246,-2.954704,0.454741,,,,,,,,,,,,8.07748,8.18745,-0.02448,50,5.74743,0.89415,-123.41985,-4.02495,12.49719,23.86359,-19.50679,POM_COL,WHI_COL1,PomonaPitzer,TeamExclusive,Team,20260328-PomonaPitzer-Private-1,f57e32e0-2ae2-11f1-8cbf-a1be09b69ae6,82.88777,,,6.90721,,,,,,,afc8f227-0d99-4f26-9ec5-9eb72a8ad494,2026-03-28,20:16:08.88,2026-03-28T13:16:08.8869376-07:00,2026-03-28T20:16:08.8869376Z,,v3,643-145631,643-146222,,"Brummett, Jackson",10114400,Right,WHI_COL1,41a59344-335e-4c63-8b8c-cd708fb7257b,55.56699,-124.49159,11.9318,5.90853,-3.14888,-9.75339,-0.05203,0.33289,6.24859,,,,,,,,,,,,,,,,,,,,,,,,,,,,,,,,,,,,,,,,,,,,,,,,,,,High,High,High,,,,,
257,2026-03-28,13:16:23.67,1,3,"Moore, Owen",10307008,Left,WHI_COL1,"Loui, Shawn",1000474008,Right,POM_COL,Undefined,8,Bottom,0,0,2,ChangeUp,Changeup,BallCalled,Undefined,Undefined,Undefined,0,0,,78.31642,-1.065044,-0.086221,1627.528931,92.76131,9:00,5.77575,-0.16352,5.59754,-44.08455,2.39579,-16.90808,1.10758,-1.65302,71.58569,-9.13355,-3.111213,0.490689,,,,,,,,,,,,8.54678,2.01244,0.18212,50,5.65604,0.82153,-113.64955,-3.54703,11.05163,23.03236,-29.57182,POM_COL,WHI_COL1,PomonaPitzer,TeamExclusive,Team,20260328-PomonaPitzer-Private-1,fe5588f0-2ae2-11f1-8cbf-a1be09b69ae6,76.81541,,,6.73073,,,,,,,afc8f227-0d99-4f26-9ec5-9eb72a8ad494,2026-03-28,20:16:23.67,2026-03-28T13:16:23.6772864-07:00,2026-03-28T20:16:23.6772864Z,,v3,643-145631,643-146222,,"Brummett, Jackson",10114400,Right,WHI_COL1,b9381fb7-8573-4738-90d9-ba9dce29cf4a,54.90132,-114.63856,11.51618,5.78109,-2.27722,-14.78591,0.15703,0.34697,5.52581,,,,,,,,,,,,,,,,,,,,,,,,,,,,,,,,,,,,,,,,,,,,,,,,,,,High,High,High,,,,,
258,2026-03-28,13:16:37.94,1,4,"Moore, Owen",10307008,Left,WHI_COL1,"Loui, Shawn",1000474008,Right,POM_COL,Undefined,8,Bottom,0,1,2,Fastball,Slider,BallCalled,Undefined,Undefined,Undefined,0,0,,85.19176,-1.181107,2.029156,1785.227813,138.481702,10:30,5.93112,-0.08945,5.09623,-24.43808,15.25391,-12.37568,2.78073,0.79225,77.8988,-5.699358,-0.158865,0.453443,,,,,,,,,,,,6.66579,8.28331,-0.09227,50,5.80081,-3.8178,-123.51234,-3.39847,10.30756,24.36482,-19.36526,POM_COL,WHI_COL1,PomonaPitzer,TeamExclusive,Team,20260328-PomonaPitzer-Private-1,06ce1d30-2ae3-11f1-8cbf-a1be09b69ae6,83.12495,,,7.29296,,,,,,,afc8f227-0d99-4f26-9ec5-9eb72a8ad494,2026-03-28,20:16:37.94,2026-03-28T13:16:37.9496960-07:00,2026-03-28T20:16:37.9496960Z,,v3,643-145631,643-146222,,"Brummett, Jackson",10114400,Right,WHI_COL1,30beaff8-798e-46a1-8b44-9993332e5d9e,55.40037,-124.5731,12.18241,5.93042,-2.55538,-9.68263,0.08371,-4.26655,5.15378,,,,,,,,,,,,,,,,,,,,,,,,,,,,,,,,,,,,,,,,,,,,,,,,,,,High,High,High,,,,,
259,2026-03-28,13:16:53.18,1,5,"Moore, Owen",10307008,Left,WHI_COL1,"Loui, Shawn",1000474008,Right,POM_COL,Undefined,8,Bottom,0,2,2,ChangeUp,Changeup,FoulBallNotFieldable,Undefined,Undefined,Undefined,0,0,,78.9535,-0.592562,1.156359,1533.961459,90.022262,9:00,5.77539,-0.2856,5.24591,-44.439,1.43536,-16.1041,1.51514,-0.54077,72.72325,-8.659946,-1.705767,0.48748,73.43681,-6.4946,-54.725751,,,,,14.65145,13.21332,-47.30195,0.130807,8.42591,1.27583,0.19202,50,5.68776,-1.67497,-114.64034,-2.72211,11.20982,21.2527,-30.47668,POM_COL,WHI_COL1,PomonaPitzer,TeamExclusive,Team,20260328-PomonaPitzer-Private-1,0fec8e60-2ae3-11f1-8cbf-a1be09b69ae6,77.32107,1.59636,,6.23025,,,,1.83763,1.59636,0.68025,afc8f227-0d99-4f26-9ec5-9eb72a8ad494,2026-03-28,20:16:53.18,2026-03-28T13:16:53.1849216-07:00,2026-03-28T20:16:53.1849216Z,GroundBall,v3,643-145631,643-146222,,"Brummett, Jackson",10114400,Right,WHI_COL1,ce2e08ed-e3d9-4b52-9b0f-f8284c7543f1,55.25487,-115.61042,10.62635,5.78027,-1.33101,-15.23834,0.28016,-2.18664,5.60491,180,1.83537,61.90813,,,,,,,,1.5968,-12.20388,,,,,,,,0.68344,-87.51937,,,,,,,,,,,,,,,,,,,,,,,,,,,,,,High,High,High,Low,Low,,,
260,2026-03-28,13:17:11.40,1,6,"Moore, Owen",10307008,Left,WHI_COL1,"Loui, Shawn",1000474008,Right,POM_COL,Undefined,8,Bottom,0,2,2,Fastball,Slider,InPlay,Undefined,LineDrive,Single,0,0,,85.62088,-0.743821,1.122644,1858.048181,144.046484,10:45,5.91222,-0.08749,5.02224,-24.14395,15.203,-10.1213,3.19814,0.1286,78.30422,-5.20519,-0.665038,0.451468,75.95315,17.402312,-18.653204,2281.17718,103.51707,19.33251,-37.20357,190.94865,190.94865,-20.509369,2.194247,5.34378,8.11835,-0.01136,50,5.8221,-1.98298,-124.21623,-2.46726,8.35596,24.69234,-19.47955,POM_COL,WHI_COL1,PomonaPitzer,TeamExclusive,Team,20260328-PomonaPitzer-Private-1,1ac3ac10-2ae3-11f1-8cbf-a1be09b69ae6,83.4886,19.58987,,7.31666,,,,0.30391,3.16082,-0.14321,afc8f227-0d99-4f26-9ec5-9eb72a8ad494,2026-03-28,20:17:11.40,2026-03-28T13:17:11.4036736-07:00,2026-03-28T20:17:11.4036736Z,LineDrive,v3,643-145631,643-146222,,"Brummett, Jackson",10114400,Right,WHI_COL1,ac59908c-764c-4de5-80c7-72f3741817d9,55.47599,-125.30004,12.34617,5.91163,-1.61224,-9.73977,0.08372,-2.34975,4.17798,126.740671,0.30388,100.71732,-10.5539,1.34372,-0.55921,0.39142,-0.23564,0.07622,-0.0096,3.16084,33.31529,-17.97625,1.19021,-0.04261,-0.139,0.10802,-0.03487,0.0042,-0.1432,-33.99955,1.36257,0.10276,0.0867,-0.13266,0.092,-0.02993,0.00372,,,,,,,,,,,,,,,,,,,,,,,High,High,High,High,High,,,
261,2026-03-28,13:17:49.06,2,1,"Moore, Owen",10307008,Left,WHI_COL1,"Quintero, James",10138921,Left,POM_COL,Undefined,8,Bottom,0,0,0,Fastball,Changeup,InPlay,Undefined,LineDrive,Single,0,0,,84.90399,-2.102766,1.224748,1783.356636,144.29129,10:45,5.85461,-0.47508,4.91018,-25.73494,14.25056,-9.37835,1.72028,-0.09829,78.2943,-6.805689,-0.429299,0.455116,91.77744,17.414989,-8.374035,2436.856177,107.63186,27.70754,-22.70178,296.77919,292.61323,-17.45423,3.173206,4.96166,7.95071,0.36372,50,5.62797,-2.21606,-123.16648,-5.45977,7.67878,22.74773,-19.86939,POM_COL,WHI_COL1,PomonaPitzer,TeamExclusive,Team,20260328-PomonaPitzer-Private-1,315394e0-2ae3-11f1-8cbf-a1be09b69ae6,82.81933,31.43219,,6.60969,,,,-0.16307,1.59778,0.08913,afc8f227-0d99-4f26-9ec5-9eb72a8ad494,2026-03-28,20:17:49.06,2026-03-28T13:17:49.0630144-07:00,2026-03-28T20:17:49.0630144Z,LineDrive,v3,643-145631,643-146222,,"Canciller, Warren",1000194565,Right,WHI_COL1,e3e60504-bee7-48f5-85b5-9521fe2e0d59,55.58867,-124.19436,11.37387,5.85439,-4.56195,-9.93469,0.4717,-2.56303,3.83939,130.685026,-0.16305,127.06632,-19.64649,3.97658,-0.72246,0.09295,-0.00398,-0.00116,0.0002,1.59773,40.28874,-14.00841,0.1532,0.08926,0.00578,-0.01353,0.00461,-0.00052,0.08915,-18.70541,-6.7905,2.43562,-0.67663,0.14704,-0.02468,0.00262,-0.00012,,,,,,,,,,,,,,,,,,,,,,,High,High,High,High,High,,,
262,2026-03-28,13:18:31.64,3,1,"Moore, Owen",10307008,Left,WHI_COL1,"Savas, Peter",1000276389,Right,POM_COL,Undefined,8,Bottom,0,0,0,Fastball,Changeup,BallCalled,Undefined,Undefined,Undefined,0,0,,84.75009,-2.387574,0.254963,1934.633081,137.875194,10:30,5.89967,-0.74361,4.96303,-27.83301,12.34493,-10.04048,1.32341,-1.33945,78.0399,-7.461178,-1.518447,0.45621,,,,,,,,,,,,5.03697,7.12709,0.72757,50,5.64604,-0.09988,-122.90666,-6.14262,7.73711,23.40311,-21.22644,POM_COL,WHI_COL1,PomonaPitzer,TeamExclusive,Team,20260328-PomonaPitzer-Private-1,4a9e09d0-2ae3-11f1-8cbf-a1be09b69ae6,82.62074,,,6.71019,,,,,,,afc8f227-0d99-4f26-9ec5-9eb72a8ad494,2026-03-28,20:18:31.64,2026-03-28T13:18:31.6494336-07:00,2026-03-28T20:18:31.6494336Z,,v3,643-145631,643-146222,,"Canciller, Warren",1000194565,Right,WHI_COL1,310617f8-36d7-435e-9e3b-578b3ee51daf,55.53509,-123.95613,11.70156,5.90015,-5.19075,-10.61322,0.73983,-0.44683,3.86856,,,,,,,,,,,,,,,,,,,,,,,,,,,,,,,,,,,,,,,,,,,,,,,,,,,High,High,High,,,,,
263,2026-03-28,13:18:48.44,3,2,"Moore, Owen",10307008,Left,WHI_COL1,"Savas, Peter",1000276389,Right,POM_COL,Undefined,8,Bottom,0,1,0,Fastball,Changeup,InPlay,Undefined,Bunt,FieldersChoice,1,0,,83.06866,-0.685802,1.809418,1852.780787,132.320726,10:30,5.83158,-0.98175,4.95991,-29.10139,12.86241,-12.64442,2.75821,-0.32545,75.97036,-6.025665,-0.421181,0.466239,23.70078,-10.760487,11.291429,5534.537794,,,,12.29803,11.89537,9.835087,0.272684,6.8239,6.94717,0.81769,50,5.74166,-3.26316,-120.47463,-2.47871,10.02213,23.55733,-21.9709,POM_COL,WHI_COL1,PomonaPitzer,TeamExclusive,Team,20260328-PomonaPitzer-Private-1,54959cf0-2ae3-11f1-8cbf-a1be09b69ae6,80.84356,2.90379,,7.09831,,,,3.10433,2.90379,0.30842,afc8f227-0d99-4f26-9ec5-9eb72a8ad494,2026-03-28,20:18:48.44,2026-03-28T13:18:48.4468224-07:00,2026-03-28T20:18:48.4468224Z,GroundBall,v3,643-145631,643-146222,,"Canciller, Warren",1000194565,Right,WHI_COL1,f9227556-c45d-44ef-8e08-67a649848f72,55.5395,-121.55299,11.77867,5.8321,-1.47298,-10.98545,0.97757,-3.72193,5.01106,164.819072,3.1044,33.48527,-1.58772,,,,,,,2.90429,-6.51445,-15.17605,,,,,,,0.30843,6.68598,-0.41601,,,,,,,,,,,,,,,,,,,,,,,,,,,,,High,High,High,High,High,,,
264,2026-03-28,13:19:29.57,4,1,"Moore, Owen",10307008,Left,WHI_COL1,"Gonzaga, Kai",10138924,Left,POM_COL,Undefined,8,Bottom,1,0,0,Fastball,Four-Seam,StrikeCalled,Undefined,Undefined,Undefined,0,0,,85.61698,-2.289397,2.403479,1848.818777,142.364627,10:45,5.86824,-0.43572,5.02201,-24.59399,14.94095,-10.518,1.65527,0.95719,78.27452,-6.818155,0.546563,0.452545,,,,,,,,,,,,5.87083,8.43489,0.21433,50,5.62952,-4.72872,-123.99574,-5.83419,9.13359,24.95804,-19.0514,POM_COL,WHI_COL1,PomonaPitzer,TeamExclusive,Team,20260328-PomonaPitzer-Private-1,6d20e090-2ae3-11f1-8cbf-a1be09b69ae6,83.28987,,,7.34246,,,,,,,afc8f227-0d99-4f26-9ec5-9eb72a8ad494,2026-03-28,20:19:29.57,2026-03-28T13:19:29.5733248-07:00,2026-03-28T20:19:29.5733248Z,,v3,643-145631,643-146222,,"Canciller, Warren",1000194565,Right,WHI_COL1,5d2d1286-4537-4934-ac51-0effdadb980c,55.47494,-125.09288,12.47902,5.86758,-4.9967,-9.5257,0.43103,-5.13024,4.56679,,,,,,,,,,,,,,,,,,,,,,,,,,,,,,,,,,,,,,,,,,,,,,,,,,,High,High,High,,,,,
265,2026-03-28,13:19:49.53,4,2,"Moore, Owen",10307008,Left,WHI_COL1,"Gonzaga, Kai",10138924,Left,POM_COL,Undefined,8,Bottom,1,0,1,Curveball,Curveball,BallCalled,Undefined,Undefined,Undefined,0,0,,73.48215,0.60247,0.765581,2356.405132,336.66283,5:15,5.93334,-0.3409,4.81546,-70.72366,-16.45769,7.86402,0.61048,1.03969,67.72575,-12.022683,2.156032,0.530194,,,,,,,,,,,,-3.65599,-7.84705,0.25765,50,5.9313,-1.73103,-106.62217,-1.36955,-4.16477,20.11588,-41.11309,POM_COL,WHI_COL1,PomonaPitzer,TeamExclusive,Team,20260328-PomonaPitzer-Private-1,79129600-2ae3-11f1-8cbf-a1be09b69ae6,71.09172,,,5.7564,,,,,,,afc8f227-0d99-4f26-9ec5-9eb72a8ad494,2026-03-28,20:19:49.53,2026-03-28T13:19:49.5357952-07:00,2026-03-28T20:19:49.5357952Z,,v3,643-145631,643-146222,,"Canciller, Warren",1000194565,Right,WHI_COL1,42d0f3d6-9041-4bb1-b830-546bd3df8e07,55.6884,-107.69003,10.05794,5.94607,0.81294,-20.55654,0.34367,-1.50994,-2.08239,,,,,,,,,,,,,,,,,,,,,,,,,,,,,,,,,,,,,,,,,,,,,,,,,,,High,High,High,,,,,
266,2026-03-28,13:20:11.85,4,3,"Moore, Owen",10307008,Left,WHI_COL1,"Gonzaga, Kai",10138924,Left,POM_COL,Undefined,8,Bottom,1,1,1,Fastball,Four-Seam,StrikeCalled,Undefined,Undefined,Undefined,0,0,,85.94324,-1.047114,1.665722,1937.74612,139.750946,10:45,5.94816,-0.37351,5.05028,-24.47836,14.66591,-11.3304,2.92017,0.25379,78.39971,-5.572256,-0.336338,0.450304,,,,,,,,,,,,6.04658,7.94839,0.22411,50,5.82941,-3.10294,-124.58506,-3.14496,9.49022,25.35448,-19.6989,POM_COL,WHI_COL1,PomonaPitzer,TeamExclusive,Team,20260328-PomonaPitzer-Private-1,865a1770-2ae3-11f1-8cbf-a1be09b69ae6,83.70446,,,7.54353,,,,,,,afc8f227-0d99-4f26-9ec5-9eb72a8ad494,2026-03-28,20:20:11.85,2026-03-28T13:20:11.8502912-07:00,2026-03-28T20:20:11.8502912Z,,v3,643-145631,643-146222,,"Canciller, Warren",1000194565,Right,WHI_COL1,bf2022b1-42c7-40b0-950d-805a854f6432,55.44574,-125.68844,12.67724,5.94762,-2.28769,-9.84945,0.36813,-3.51594,4.74511,,,,,,,,,,,,,,,,,,,,,,,,,,,,,,,,,,,,,,,,,,,,,,,,,,,High,High,High,,,,,
267,2026-03-28,13:20:34.87,4,4,"Moore, Owen",10307008,Left,WHI_COL1,"Gonzaga, Kai",10138924,Left,POM_COL,Undefined,8,Bottom,1,1,2,ChangeUp,Changeup,InPlay,Undefined,GroundBall,Out,1,0,,78.67861,0.109906,2.476223,1445.365304,96.280852,9:15,5.83864,-0.48985,5.27706,-42.98845,3.0578,-15.03587,2.35959,0.5843,72.4789,-7.716107,-0.192929,0.488392,85.49375,-22.68989,31.331932,,,,,6.28353,6.28353,19.489682,0.046402,8.22717,1.89756,0.27533,50,5.81691,-4.34466,-114.20031,-1.24924,10.90319,20.33663,-29.6593,POM_COL,WHI_COL1,PomonaPitzer,TeamExclusive,Team,20260328-PomonaPitzer-Private-1,940c8fb0-2ae3-11f1-8cbf-a1be09b69ae6,77.17661,2.24919,,6.19972,,,,1.32847,2.24919,-0.70091,afc8f227-0d99-4f26-9ec5-9eb72a8ad494,2026-03-28,20:20:34.87,2026-03-28T13:20:34.8769280-07:00,2026-03-28T20:20:34.8769280Z,GroundBall,v3,643-145631,643-146222,,"Canciller, Warren",1000194565,Right,WHI_COL1,f5b65f63-f520-43da-ab61-7d107bacd8fb,55.22359,-115.12676,10.16832,5.84304,0.10191,-14.82965,0.48456,-4.84136,5.45159,180,1.3269,99.02594,,,,,,,,2.24996,-48.47157,,,,,,,,-0.70187,60.28433,,,,,,,,,,,,,,,,,,,,,,,,,,,,,,High,High,High,Low,Low,,,
268,2026-03-28,13:21:08.99,5,1,"Moore, Owen",10307008,Left,WHI_COL1,"Pierantoni, Greg",1000091552,Right,POM_COL,Undefined,8,Bottom,2,0,0,Fastball,Changeup,FoulBallNotFieldable,Undefined,Undefined,Undefined,0,0,,86.48847,-1.662046,0.773358,1756.356078,144.114777,10:45,5.88638,-0.34583,5.02623,-22.14985,16.4978,-11.02701,2.4717,-0.53497,79.01285,-5.765208,-1.174978,0.447438,,,,,,,,,,,,5.68008,9.02036,0.28114,50,5.71014,-1.19151,-125.41028,-4.41417,9.03756,25.584,-17.82174,POM_COL,WHI_COL1,PomonaPitzer,TeamExclusive,Team,20260328-PomonaPitzer-Private-1,a85e2140-2ae3-11f1-8cbf-a1be09b69ae6,84.24057,,,7.47561,,,,,,,afc8f227-0d99-4f26-9ec5-9eb72a8ad494,2026-03-28,20:21:08.99,2026-03-28T13:21:08.9935360-07:00,2026-03-28T20:21:08.9935360Z,,v3,643-145631,643-146222,,"Canciller, Warren",1000194565,Right,WHI_COL1,542b79e2-d9fb-4bcc-b59b-ccfcd9b05c0c,55.47113,-126.52148,12.792,5.88506,-3.64011,-8.91087,0.34141,-1.58404,4.51878,,,,,,,,,,,,,,,,,,,,,,,,,,,,,,,,,,,,,,,,,,,,,,,,,,,High,High,High,,,,,
269,2026-03-28,13:21:31.10,5,2,"Moore, Owen",10307008,Left,WHI_COL1,"Pierantoni, Greg",1000091552,Right,POM_COL,Undefined,8,Bottom,2,0,1,ChangeUp,Changeup,BallCalled,Undefined,Undefined,Undefined,0,0,,77.92949,1.702861,-0.398296,1447.046601,77.896688,8:30,5.74872,-0.59917,4.99083,-48.22503,-0.77579,-10.28839,3.33833,-1.83261,71.67213,-7.026943,-2.215035,0.495776,,,,,,,,,,,,4.96433,-0.36996,0.64619,50,5.8735,1.21232,-113.09274,1.63103,6.44969,20.01482,-32.65469,POM_COL,WHI_COL1,PomonaPitzer,TeamExclusive,Team,20260328-PomonaPitzer-Private-1,b58e2310-2ae3-11f1-8cbf-a1be09b69ae6,76.02708,,,6.25737,,,,,,,afc8f227-0d99-4f26-9ec5-9eb72a8ad494,2026-03-28,20:21:31.10,2026-03-28T13:21:31.1033856-07:00,2026-03-28T20:21:31.1033856Z,,v3,643-145631,643-146222,,"Canciller, Warren",1000194565,Right,WHI_COL1,64967010-05cf-464e-88ca-3a689614e111,55.50855,-114.06346,10.00741,5.75598,3.21479,-16.32735,0.59498,0.89951,3.22485,,,,,,,,,,,,,,,,,,,,,,,,,,,,,,,,,,,,,,,,,,,,,,,,,,,High,High,High,,,,,
270,2026-03-28,13:21:55.31,5,3,"Moore, Owen",10307008,Left,WHI_COL1,"Pierantoni, Greg",1000091552,Right,POM_COL,Undefined,8,Bottom,2,1,1,Fastball,Changeup,FoulBallNotFieldable,Undefined,Undefined,Undefined,0,0,,85.61165,-0.815335,1.753497,1827.874693,116.821109,10:00,5.80981,-0.54167,5.02668,-30.44265,9.12087,-15.43985,2.50318,-0.17324,78.0378,-6.391593,-0.974801,0.452709,,,,,,,,,,,,8.19134,5.13965,0.38705,50,5.70765,-3.10996,-124.12114,-2.8965,12.71844,25.9382,-24.19385,POM_COL,WHI_COL1,PomonaPitzer,TeamExclusive,Team,20260328-PomonaPitzer-Private-1,c3fa2750-2ae3-11f1-8cbf-a1be09b69ae6,83.2598,,,7.57384,,,,,,,afc8f227-0d99-4f26-9ec5-9eb72a8ad494,2026-03-28,20:21:55.31,2026-03-28T13:21:55.3167872-07:00,2026-03-28T20:21:55.3167872Z,,v3,643-145631,643-146222,,"Canciller, Warren",1000194565,Right,WHI_COL1,5eaf0aa0-e301-41cc-b353-1bb1992095fb,55.47192,-125.25942,12.9691,5.81147,-1.83477,-12.09693,0.53577,-3.6681,6.35922,,,,,,,,,,,,,,,,,,,,,,,,,,,,,,,,,,,,,,,,,,,,,,,,,,,High,High,High,,,,,
271,2026-03-28,13:22:22.29,5,4,"Moore, Owen",10307008,Left,WHI_COL1,"Pierantoni, Greg",1000091552,Right,POM_COL,Undefined,8,Bottom,2,1,2,ChangeUp,Changeup,StrikeSwinging,Strikeout,Undefined,Undefined,0,0,,78.86427,-0.515357,0.013723,1411.295278,98.217286,9:15,5.79137,-0.69886,5.1812,-42.86231,3.05634,-11.62575,1.73461,-1.65476,72.85871,-8.28916,-2.049133,0.487715,,,,,,,,,,,,5.7902,2.10697,0.70669,50,5.71095,0.44563,-114.53312,-2.52857,7.72288,20.33889,-29.36383,POM_COL,WHI_COL1,PomonaPitzer,TeamExclusive,Team,20260328-PomonaPitzer-Private-1,d4133f50-2ae3-11f1-8cbf-a1be09b69ae6,77.28375,,,6.00556,,,,,,,afc8f227-0d99-4f26-9ec5-9eb72a8ad494,2026-03-28,20:22:22.29,2026-03-28T13:22:22.2935040-07:00,2026-03-28T20:22:22.2935040Z,,v3,643-145631,643-146222,,"Canciller, Warren",1000194565,Right,WHI_COL1,9848d613-1030-4144-81a0-7c4345049e2d,55.31796,-115.47362,10.16945,5.79649,-1.17073,-14.68191,0.69434,0.08851,3.86144,,,,,,,,,,,,,,,,,,,,,,,,,,,,,,,,,,,,,,,,,,,,,,,,,,,High,High,High,,,,,
272,2026-03-28,13:24:14.38,1,1,"Lawson, Wade",1000068528,Right,POM_COL,"Mecate, Matthew",1000394015,Right,WHI_COL1,Undefined,9,Top,0,0,0,Fastball,Slider,StrikeCalled,Undefined,Undefined,Undefined,0,0,,86.85012,-0.442351,-1.333045,2299.558549,199.137987,12:45,6.0352,1.27831,5.50301,-27.30383,10.20233,3.13681,3.34604,0.29273,79.58957,-5.491339,-0.774058,0.440781,,,,,,,,,,,,-1.92536,5.63898,-1.16395,50,5.97839,2.79444,-126.06824,-1.9287,-3.10703,24.97501,-23.07419,POM_COL,WHI_COL1,PomonaPitzer,TeamExclusive,Team,20260328-PomonaPitzer-Private-1,16db31d0-2ae4-11f1-8cbf-a1be09b69ae6,85.51286,,,7.26055,,,,,,,afc8f227-0d99-4f26-9ec5-9eb72a8ad494,2026-03-28,20:24:14.38,2026-03-28T13:24:14.3875584-07:00,2026-03-28T20:24:14.3875584Z,,v3,643-145631,643-146222,,"Parker, Will",1000474009,Right,POM_COL,91321588-904c-4dde-b3cf-55228d3fbfe2,54.99289,-127.05351,12.48751,6.03652,-1.01841,-11.5371,-1.27661,2.91701,-1.55351,,,,,,,,,,,,,,,,,,,,,,,,,,,,,,,,,,,,,,,,,,,,,,,,,,,High,High,High,,,,,
273,2026-03-28,13:24:29.56,1,2,"Lawson, Wade",1000068528,Right,POM_COL,"Mecate, Matthew",1000394015,Right,WHI_COL1,Undefined,9,Top,0,0,1,Curveball,Curveball,BallCalled,Undefined,Undefined,Undefined,0,0,,76.9847,1.274671,0.656246,2336.699581,30.802585,7:00,6.30255,1.33805,4.71478,-55.21109,-5.96296,-4.46744,2.9116,1.58858,70.80082,-8.635708,-0.129659,0.505087,,,,,,,,,,,,2.35575,-2.73351,-1.40024,50,6.38214,-1.08953,-111.67331,0.42392,2.97551,20.0693,-35.62671,POM_COL,WHI_COL1,PomonaPitzer,TeamExclusive,Team,20260328-PomonaPitzer-Private-1,1ff66eb0-2ae4-11f1-8cbf-a1be09b69ae6,74.62562,,,6.18388,,,,,,,afc8f227-0d99-4f26-9ec5-9eb72a8ad494,2026-03-28,20:24:29.56,2026-03-28T13:24:29.5684608-07:00,2026-03-28T20:24:29.5684608Z,,v3,643-145631,643-146222,,"Parker, Will",1000474009,Right,POM_COL,4bdb6cee-bfde-4e77-9592-c8ecaeece414,55.78488,-112.70814,10.03465,6.31292,2.26094,-17.81335,-1.3401,-1.24296,1.48776,,,,,,,,,,,,,,,,,,,,,,,,,,,,,,,,,,,,,,,,,,,,,,,,,,,High,High,High,,,,,
274,2026-03-28,13:24:46.74,1,3,"Lawson, Wade",1000068528,Right,POM_COL,"Mecate, Matthew",1000394015,Right,WHI_COL1,Undefined,9,Top,0,1,1,Fastball,Slider,BallCalled,Undefined,Undefined,Undefined,0,0,,87.71714,-0.165665,-1.345861,2385.784462,206.129833,12:45,6.06303,1.32826,5.59169,-27.6171,8.81587,3.8039,3.60687,0.38837,80.81097,-5.263647,-0.666908,0.434429,,,,,,,,,,,,-2.2515,4.85477,-1.21522,50,6.03094,2.82713,-127.43743,-1.34299,-3.73395,24.11068,-24.12275,POM_COL,WHI_COL1,PomonaPitzer,TeamExclusive,Team,20260328-PomonaPitzer-Private-1,2a25b3a0-2ae4-11f1-8cbf-a1be09b69ae6,86.76316,,,6.90617,,,,,,,afc8f227-0d99-4f26-9ec5-9eb72a8ad494,2026-03-28,20:24:46.74,2026-03-28T13:24:46.7454464-07:00,2026-03-28T20:24:46.7454464Z,,v3,643-145631,643-146222,,"Parker, Will",1000474009,Right,POM_COL,9a4e7070-36b3-45d1-9259-9b81596e401f,54.90567,-128.36221,12.05534,6.06471,-0.41775,-12.06138,-1.3264,2.97035,-1.86698,,,,,,,,,,,,,,,,,,,,,,,,,,,,,,,,,,,,,,,,,,,,,,,,,,,High,High,High,,,,,
275,2026-03-28,13:25:03.82,1,4,"Lawson, Wade",1000068528,Right,POM_COL,"Mecate, Matthew",1000394015,Right,WHI_COL1,Undefined,9,Top,0,2,1,Fastball,Cutter,InPlay,Undefined,FlyBall,Single,0,0,,88.07246,-0.973366,-1.536855,2356.693381,198.824611,12:45,5.99466,1.46153,5.46716,-26.02616,10.54355,3.20276,2.91443,0.28975,80.6641,-5.784989,-0.966511,0.435243,73.27738,32.996729,-4.748575,3435.241886,109.00432,55.27209,-14.76585,264.15999,263.39962,-11.614467,4.166256,-2.04221,5.92878,-1.3286,50,5.89137,3.29018,-127.83488,-3.09128,-3.38211,26.15408,-22.35539,POM_COL,WHI_COL1,PomonaPitzer,TeamExclusive,Team,20260328-PomonaPitzer-Private-1,3456cd50-2ae4-11f1-8cbf-a1be09b69ae6,86.60083,59.24068,,7.40837,,,,-0.00927,2.86487,-0.28015,afc8f227-0d99-4f26-9ec5-9eb72a8ad494,2026-03-28,20:25:03.82,2026-03-28T13:25:03.8220288-07:00,2026-03-28T20:25:03.8220288Z,FlyBall,v3,643-145631,643-146222,,"Parker, Will",1000474009,Right,POM_COL,be64b46a-8d0c-467d-9d17-305283f04c4c,55.03117,-128.86011,13.07704,5.99537,-2.21496,-11.1777,-1.46017,3.42276,-1.69105,158.355155,-0.009,89.82377,-13.73981,3.13026,-0.62539,0.13713,-0.03198,0.00511,-0.00034,2.86563,58.50591,-16.31276,0.50295,0.23347,-0.18789,0.06186,-0.00969,0.00059,-0.28017,-7.46096,-2.23293,0.47796,-0.12499,0.03725,-0.00985,0.00155,-0.0001,,,,,,,,,,,,,,,,,,,,,,,High,High,High,High,High,,,
276,2026-03-28,13:25:41.40,2,1,"Lawson, Wade",1000068528,Right,POM_COL,"Jasso, Alexander",1000218885,Right,WHI_COL1,Undefined,9,Top,0,0,0,Slider,Slider,StrikeCalled,Undefined,Undefined,Undefined,0,0,,82.27039,1.247217,-2.153707,2505.438378,74.086491,8:30,5.85799,2.06788,4.68243,-42.98431,0.31929,-3.6854,3.46133,-0.28533,75.25313,-6.504305,-2.799878,0.473624,,,,,,,,,,,,1.18492,0.28047,-1.8454,50,5.94638,4.65085,-119.18858,0.9051,1.70358,23.027,-31.77083,POM_COL,WHI_COL1,PomonaPitzer,TeamExclusive,Team,20260328-PomonaPitzer-Private-1,4ab96490-2ae4-11f1-8cbf-a1be09b69ae6,79.58309,,,7.01726,,,,,,,afc8f227-0d99-4f26-9ec5-9eb72a8ad494,2026-03-28,20:25:41.40,2026-03-28T13:25:41.4023680-07:00,2026-03-28T20:25:41.4023680Z,,v3,643-145631,643-146222,,"Parker, Will",1000474009,Right,POM_COL,ba3047e9-229a-4275-bef5-eba4b7876dfd,55.81467,-120.30671,11.5135,5.86497,2.44782,-15.88541,-2.06923,4.56812,0.85179,,,,,,,,,,,,,,,,,,,,,,,,,,,,,,,,,,,,,,,,,,,,,,,,,,,High,High,High,,,,,
277,2026-03-28,13:25:56.82,2,2,"Lawson, Wade",1000068528,Right,POM_COL,"Jasso, Alexander",1000218885,Right,WHI_COL1,Undefined,9,Top,0,0,1,Fastball,Cutter,InPlay,Undefined,FlyBall,Out,1,0,,88.19403,-1.604396,-3.008201,2477.684064,193.519037,12:30,6.05811,1.25677,5.54086,-24.49462,11.87422,2.5854,2.51495,-1.34185,80.99775,-6.135087,-2.548015,0.434046,79.17985,31.236408,15.295556,3700.400666,103.95881,51.6127,35.9522,285.30657,276.14228,24.09884,4.146331,-2.1248,6.77634,-0.99761,50,5.90266,6.61117,-127.90498,-4.43282,-3.53101,25.60469,-20.91313,POM_COL,WHI_COL1,PomonaPitzer,TeamExclusive,Team,20260328-PomonaPitzer-Private-1,53eb5dc0-2ae4-11f1-8cbf-a1be09b69ae6,86.83967,57.96606,,7.19628,,,,0.94066,2.38372,1.35885,afc8f227-0d99-4f26-9ec5-9eb72a8ad494,2026-03-28,20:25:56.82,2026-03-28T13:25:56.8274944-07:00,2026-03-28T20:25:56.8274944Z,FlyBall,v3,643-145631,643-146222,,"Parker, Will",1000474009,Right,POM_COL,21ebc16c-9e39-4ea2-b370-d27d5120eaf9,54.95828,-128.89373,12.80235,6.05825,-3.62523,-10.45657,-1.25554,6.74753,-1.76551,218.564487,0.94135,95.76319,-13.99648,2.54557,-0.37191,0.02062,-0.00174,0.00143,-0.00017,2.38366,60.21947,-18.20112,1.2814,-0.17913,-0.00104,0.01451,-0.00335,0.00024,1.35936,26.17818,1.60387,-0.76191,0.22906,-0.05221,0.00899,-0.00087,3E-05,,,,,,,,,,,,,,,,,,,,,,,High,High,High,High,High,,,
278,2026-03-28,13:26:29.22,3,1,"Lawson, Wade",1000068528,Right,POM_COL,"Plaskett, Joe",1000237974,Right,WHI_COL1,Undefined,9,Top,1,0,0,Curveball,Curveball,BallCalled,Undefined,Undefined,Undefined,0,0,,76.84142,2.984855,-1.064666,2133.365595,30.582954,7:00,6.18581,1.34022,4.97602,-54.6942,-5.23418,-4.07528,4.45009,-0.00504,69.80352,-6.92823,-1.783444,0.506172,,,,,,,,,,,,1.67287,-2.89288,-1.23401,50,6.42982,2.23815,-111.25685,3.83176,2.08006,21.44808,-35.77106,POM_COL,WHI_COL1,PomonaPitzer,TeamExclusive,Team,20260328-PomonaPitzer-Private-1,67468160-2ae4-11f1-8cbf-a1be09b69ae6,74.46561,,,7.0379,,,,,,,afc8f227-0d99-4f26-9ec5-9eb72a8ad494,2026-03-28,20:26:29.22,2026-03-28T13:26:29.2254720-07:00,2026-03-28T20:26:29.2254720Z,,v3,643-145631,643-146222,,"Parker, Will",1000474009,Right,POM_COL,48f763bf-02cb-4bb4-96a9-ea42773bd773,55.52184,-112.31631,10.72404,6.1969,5.59871,-17.88553,-1.34203,2.13541,1.04003,,,,,,,,,,,,,,,,,,,,,,,,,,,,,,,,,,,,,,,,,,,,,,,,,,,High,High,High,,,,,
279,2026-03-28,13:26:45.45,3,2,"Lawson, Wade",1000068528,Right,POM_COL,"Plaskett, Joe",1000237974,Right,WHI_COL1,Undefined,9,Top,1,1,0,Fastball,Slider,BallCalled,Undefined,Undefined,Undefined,0,0,,87.53202,-2.118556,-3.784539,2567.898951,222.921943,1:30,5.97541,1.21854,5.50793,-28.28722,8.77308,7.08496,1.63167,-1.73544,80.45407,-7.312469,-2.524846,0.438153,,,,,,,,,,,,-4.58839,5.35902,-0.89274,50,5.77117,8.07912,-126.78545,-5.70532,-7.49266,25.13864,-23.42297,POM_COL,WHI_COL1,PomonaPitzer,TeamExclusive,Team,20260328-PomonaPitzer-Private-1,70f15410-2ae4-11f1-8cbf-a1be09b69ae6,86.02573,,,7.07795,,,,,,,afc8f227-0d99-4f26-9ec5-9eb72a8ad494,2026-03-28,20:26:45.45,2026-03-28T13:26:45.4562816-07:00,2026-03-28T20:26:45.4562816Z,,v3,643-145631,643-146222,,"Parker, Will",1000474009,Right,POM_COL,140b6507-56b8-4013-926d-88069cdeeeba,54.99024,-127.77107,12.56932,5.97686,-4.78696,-11.71148,-1.21526,8.37289,-3.74633,,,,,,,,,,,,,,,,,,,,,,,,,,,,,,,,,,,,,,,,,,,,,,,,,,,High,High,High,,,,,
280,2026-03-28,13:27:01.29,3,3,"Lawson, Wade",1000068528,Right,POM_COL,"Plaskett, Joe",1000237974,Right,WHI_COL1,Undefined,9,Top,1,2,0,Slider,Slider,StrikeCalled,Undefined,Undefined,Undefined,0,0,,82.64535,0.043044,-3.523549,2475.946021,127.424385,10:15,5.88551,1.9702,4.90631,-40.92093,2.06193,-0.76866,2.51622,-1.43021,75.14075,-7.374074,-3.658683,0.471866,,,,,,,,,,,,-0.69791,1.4865,-1.6247,50,5.85588,7.39504,-119.53767,-1.46595,-1.0006,25.01182,-30.04289,POM_COL,WHI_COL1,PomonaPitzer,TeamExclusive,Team,20260328-PomonaPitzer-Private-1,7a64c310-2ae4-11f1-8cbf-a1be09b69ae6,79.87946,,,7.5046,,,,,,,afc8f227-0d99-4f26-9ec5-9eb72a8ad494,2026-03-28,20:27:01.29,2026-03-28T13:27:01.2906496-07:00,2026-03-28T20:27:01.2906496Z,,v3,643-145631,643-146222,,"Parker, Will",1000474009,Right,POM_COL,519fffab-e4d8-4f4e-923a-93109b5d059b,55.58954,-120.70154,12.50591,5.89157,-0.06796,-15.02144,-1.9699,7.4416,-0.5003,,,,,,,,,,,,,,,,,,,,,,,,,,,,,,,,,,,,,,,,,,,,,,,,,,,High,High,High,,,,,
281,2026-03-28,13:27:18.02,3,4,"Lawson, Wade",1000068528,Right,POM_COL,"Plaskett, Joe",1000237974,Right,WHI_COL1,Undefined,9,Top,1,2,1,Slider,Slider,FoulBallNotFieldable,Undefined,Undefined,Undefined,0,0,,83.57046,0.440054,-1.409044,2571.420136,53.086895,7:45,5.83035,1.75346,4.70385,-43.3968,-1.81047,-4.03689,2.63179,0.0793,77.11241,-7.353369,-2.118313,0.464137,,,,,,,,,,,,1.61874,-0.65807,-1.60689,50,5.83572,3.16405,-121.29097,-0.79442,2.42556,22.42228,-33.16014,POM_COL,WHI_COL1,PomonaPitzer,TeamExclusive,Team,20260328-PomonaPitzer-Private-1,845466f0-2ae4-11f1-8cbf-a1be09b69ae6,81.20964,,,6.45805,,,,,,,afc8f227-0d99-4f26-9ec5-9eb72a8ad494,2026-03-28,20:27:18.02,2026-03-28T13:27:18.0248576-07:00,2026-03-28T20:27:18.0248576Z,,v3,643-145631,643-146222,,"Parker, Will",1000474009,Right,POM_COL,8a68b905-49a2-4f69-a356-7bd9739a5f45,55.7966,-122.35786,11.21114,5.83598,0.7834,-16.58007,-1.75469,3.04863,1.21278,,,,,,,,,,,,,,,,,,,,,,,,,,,,,,,,,,,,,,,,,,,,,,,,,,,High,High,High,,,,,
282,2026-03-28,13:27:41.55,3,5,"Lawson, Wade",1000068528,Right,POM_COL,"Plaskett, Joe",1000237974,Right,WHI_COL1,Undefined,9,Top,1,2,2,Slider,Curveball,StrikeCalled,Strikeout,Undefined,Undefined,0,0,,80.08906,0.03134,-1.882207,2350.231505,40.528427,7:15,6.12834,1.12018,5.02578,-51.86904,-6.98827,-7.11709,1.83551,-1.24959,74.07568,-9.289467,-3.141171,0.482171,,,,,,,,,,,,3.02516,-3.07721,-0.93409,50,6.08931,4.11657,-116.26095,-1.86155,4.14909,21.37457,-36.3945,POM_COL,WHI_COL1,PomonaPitzer,TeamExclusive,Team,20260328-PomonaPitzer-Private-1,926097f0-2ae4-11f1-8cbf-a1be09b69ae6,78.17228,,,6.01337,,,,,,,afc8f227-0d99-4f26-9ec5-9eb72a8ad494,2026-03-28,20:27:41.55,2026-03-28T13:27:41.5559680-07:00,2026-03-28T20:27:41.5559680Z,,v3,643-145631,643-146222,,"Parker, Will",1000474009,Right,POM_COL,5e4b3311-8c49-4b6e-8814-e2f1ff906a6b,55.47562,-117.26331,10.68728,6.13659,-0.15481,-18.19725,-1.12258,3.922,2.07454,,,,,,,,,,,,,,,,,,,,,,,,,,,,,,,,,,,,,,,,,,,,,,,,,,,High,High,High,,,,,
283,2026-03-28,13:28:10.35,4,1,"Lawson, Wade",1000068528,Right,POM_COL,"Cardoza, Aidan",1000339820,Right,WHI_COL1,Undefined,9,Top,2,0,0,Fastball,Four-Seam,BallCalled,Undefined,Undefined,Undefined,0,0,,88.24341,-3.284231,-4.440257,2573.743664,205.455549,12:45,5.92656,1.3675,5.83856,-19.20383,17.0928,7.56154,1.2613,-2.13747,80.6112,-6.89586,-3.090506,0.433615,,,,,,,,,,,,-5.07922,10.00414,-1.0093,50,5.64658,9.58051,-127.5644,-7.91857,-8.36003,26.51469,-15.7079,POM_COL,WHI_COL1,PomonaPitzer,TeamExclusive,Team,20260328-PomonaPitzer-Private-1,a38af8e0-2ae4-11f1-8cbf-a1be09b69ae6,86.92601,,,7.63221,,,,,,,afc8f227-0d99-4f26-9ec5-9eb72a8ad494,2026-03-28,20:28:10.35,2026-03-28T13:28:10.3592448-07:00,2026-03-28T20:28:10.3592448Z,,v3,643-145631,643-146222,,"Parker, Will",1000474009,Right,POM_COL,97b25a92-eb58-43b7-847d-bfc351f76cbd,54.65757,-128.52884,13.25735,5.92422,-7.34721,-7.85395,-1.36332,9.8846,-4.18001,,,,,,,,,,,,,,,,,,,,,,,,,,,,,,,,,,,,,,,,,,,,,,,,,,,High,High,High,,,,,
284,2026-03-28,13:28:48.59,4,2,"Lawson, Wade",1000068528,Right,POM_COL,"Cardoza, Aidan",1000339820,Right,WHI_COL1,Undefined,9,Top,2,1,0,Fastball,Four-Seam,FoulBallNotFieldable,Undefined,Undefined,Undefined,0,0,,84.99851,-0.683246,-2.534556,2485.401726,209.667962,1:00,5.90794,1.49948,5.91308,-22.00804,16.66446,8.79016,3.43915,-0.12189,77.65805,-4.834987,-0.958205,0.447582,,,,,,,,,,,,-5.23256,9.10961,-1.30126,50,5.84061,5.11302,-123.38209,-2.12303,-8.06146,24.67728,-18.13949,POM_COL,WHI_COL1,PomonaPitzer,TeamExclusive,Team,20260328-PomonaPitzer-Private-1,ba49e0f0-2ae4-11f1-8cbf-a1be09b69ae6,84.21351,,,7.34046,,,,,,,afc8f227-0d99-4f26-9ec5-9eb72a8ad494,2026-03-28,20:28:48.59,2026-03-28T13:28:48.5907456-07:00,2026-03-28T20:28:48.5907456Z,,v3,643-145631,643-146222,,"Parker, Will",1000474009,Right,POM_COL,08f8e33f-7147-4484-9fe4-f0891c1d3777,54.58551,-124.29584,12.33864,5.90679,-1.45136,-9.06975,-1.49611,5.41152,-4.03073,,,,,,,,,,,,,,,,,,,,,,,,,,,,,,,,,,,,,,,,,,,,,,,,,,,High,High,High,,,,,
285,2026-03-28,13:29:25.30,4,3,"Lawson, Wade",1000068528,Right,POM_COL,"Cardoza, Aidan",1000339820,Right,WHI_COL1,Undefined,9,Top,2,1,1,Slider,Slider,BallCalled,Undefined,Undefined,Undefined,0,0,,81.06412,-0.015121,-0.554979,2347.357487,305.218382,4:15,5.88701,1.97057,4.78146,-44.20806,0.66016,1.31098,2.18868,1.55376,73.54735,-8.017914,-0.324089,0.482104,,,,,,,,,,,,-0.81039,0.87528,-1.91629,50,5.84749,1.07799,-117.39357,-1.72323,-1.11699,24.76921,-30.96759,POM_COL,WHI_COL1,PomonaPitzer,TeamExclusive,Team,20260328-PomonaPitzer-Private-1,d034d730-2ae4-11f1-8cbf-a1be09b69ae6,78.18319,,,7.51677,,,,,,,afc8f227-0d99-4f26-9ec5-9eb72a8ad494,2026-03-28,20:29:25.30,2026-03-28T13:29:25.3068800-07:00,2026-03-28T20:29:25.3068800Z,,v3,643-145631,643-146222,,"Parker, Will",1000474009,Right,POM_COL,250b704f-4cb7-4892-9c21-99dbc56c8656,55.71345,-118.59294,12.3846,5.89463,-0.22372,-15.48379,-1.9698,1.13208,-0.5585,,,,,,,,,,,,,,,,,,,,,,,,,,,,,,,,,,,,,,,,,,,,,,,,,,,High,High,High,,,,,
286,2026-03-28,13:29:44.02,4,4,"Lawson, Wade",1000068528,Right,POM_COL,"Cardoza, Aidan",1000339820,Right,WHI_COL1,Undefined,9,Top,2,2,1,Slider,Slider,BallCalled,Undefined,Undefined,Undefined,0,0,,82.56856,1.338711,-1.105319,2554.038446,59.934313,8:00,5.86382,1.87162,4.62145,-43.11683,0.02559,-2.37256,3.54387,0.623,75.32287,-6.438608,-1.521327,0.472741,,,,,,,,,,,,0.83047,0.11752,-1.7558,50,5.96204,2.41826,-119.63216,1.07702,1.20028,23.65916,-32.0042,POM_COL,WHI_COL1,PomonaPitzer,TeamExclusive,Team,20260328-PomonaPitzer-Private-1,db5755c0-2ae4-11f1-8cbf-a1be09b69ae6,79.73162,,,7.24569,,,,,,,afc8f227-0d99-4f26-9ec5-9eb72a8ad494,2026-03-28,20:29:44.02,2026-03-28T13:29:44.0274944-07:00,2026-03-28T20:29:44.0274944Z,,v3,643-145631,643-146222,,"Parker, Will",1000474009,Right,POM_COL,3db65f87-01c9-4633-88ec-88a8633412b1,55.8751,-120.78846,11.82958,5.87118,2.64118,-16.0021,-1.87256,2.3596,0.60014,,,,,,,,,,,,,,,,,,,,,,,,,,,,,,,,,,,,,,,,,,,,,,,,,,,High,High,High,,,,,
287,2026-03-28,13:30:04.38,4,5,"Lawson, Wade",1000068528,Right,POM_COL,"Cardoza, Aidan",1000339820,Right,WHI_COL1,Undefined,9,Top,2,3,1,Fastball,Cutter,InPlay,Undefined,LineDrive,Single,0,0,,87.35811,-1.739968,-1.68294,2414.140614,199.80739,12:45,5.92635,1.57325,5.81845,-22.54241,14.04847,4.65555,2.42887,0.39603,80.26917,-5.949607,-0.84852,0.435369,101.47915,10.160875,14.660485,2380.222188,106.05993,9.75383,29.17685,175.62058,149.00993,16.248746,1.397193,-2.84362,7.99276,-1.43836,50,5.77053,3.53734,-126.86383,-4.57502,-4.65082,25.08924,-19.10168,POM_COL,WHI_COL1,PomonaPitzer,TeamExclusive,Team,20260328-PomonaPitzer-Private-1,e77a5460-2ae4-11f1-8cbf-a1be09b69ae6,86.57576,10.41708,,7.08894,,,,1.50821,2.47508,-0.40186,afc8f227-0d99-4f26-9ec5-9eb72a8ad494,2026-03-28,20:30:04.38,2026-03-28T13:30:04.3855872-07:00,2026-03-28T20:30:04.3855872Z,LineDrive,v3,643-145631,643-146222,,"Parker, Will",1000474009,Right,POM_COL,84c47539-b630-4cce-9601-ea58af2db2fd,54.68081,-127.78617,12.54462,5.92581,-3.8728,-9.55084,-1.57154,3.70831,-2.32541,313.813999,1.50821,141.73183,-18.29654,2.30817,-0.50062,0.09397,-0.017,0.00296,-0.00029,2.47508,26.25652,-23.3242,2.96052,-0.60725,0.14778,-0.02946,0.00484,-0.00048,-0.40186,37.07819,-0.79241,-0.33638,0.07885,-0.02539,0.00601,-0.00101,0.0001,,,,,,,,,,,,,,,,,,,,,,,High,High,High,High,High,,,
288,2026-03-28,13:31:39.35,5,1,"Lawson, Wade",1000068528,Right,POM_COL,"Eastwood Lilles, Parker",10269960,Right,WHI_COL1,Undefined,9,Top,2,0,0,Slider,Slider,BallCalled,Undefined,Undefined,Undefined,0,0,,82.08219,-0.765857,-4.004622,2380.533754,5.063895,6:15,5.76216,1.87496,4.80041,-43.9912,-0.22157,-0.1515,1.36874,-1.93836,74.89215,-8.683255,-4.031201,0.476165,,,,,,,,,,,,-1.14331,0.57654,-1.47534,50,5.64768,8.31407,-118.66319,-3.27908,-1.61579,24.58145,-31.35928,POM_COL,WHI_COL1,PomonaPitzer,TeamExclusive,Team,20260328-PomonaPitzer-Private-1,202180e0-2ae5-11f1-8cbf-a1be09b69ae6,79.1583,,,7.19004,,,,,,,afc8f227-0d99-4f26-9ec5-9eb72a8ad494,2026-03-28,20:31:39.35,2026-03-28T13:31:39.3525248-07:00,2026-03-28T20:31:39.3525248Z,,v3,643-145631,643-146222,,"Parker, Will",1000474009,Right,POM_COL,563d16d1-559d-4ed2-9299-8419b0f02f5d,55.69707,-119.83754,12.29073,5.76855,-1.78092,-15.67964,-1.87438,8.39126,-0.80789,,,,,,,,,,,,,,,,,,,,,,,,,,,,,,,,,,,,,,,,,,,,,,,,,,,High,High,High,,,,,
289,2026-03-28,13:31:54.32,5,2,"Lawson, Wade",1000068528,Right,POM_COL,"Eastwood Lilles, Parker",10269960,Right,WHI_COL1,Undefined,9,Top,2,1,0,Slider,Slider,InPlay,Undefined,FlyBall,Single,0,1,,83.44043,-0.445125,-2.006317,2573.303171,92.489798,9:00,5.82887,2.02297,4.5831,-40.5912,1.52764,-5.26327,2.02254,-0.32508,76.75261,-7.729707,-2.92857,0.4671,78.41245,25.739814,-15.67274,1575.491698,105.92488,40.41794,-29.66292,285.44089,280.69327,-16.186292,3.6582,2.03181,1.23114,-1.81024,50,5.74494,4.4755,-120.96715,-2.55629,3.01506,23.2735,-30.34716,POM_COL,WHI_COL1,PomonaPitzer,TeamExclusive,Team,20260328-PomonaPitzer-Private-1,2908b570-2ae5-11f1-8cbf-a1be09b69ae6,80.69463,44.66125,,6.68783,,,,1.32582,2.06518,0.32682,afc8f227-0d99-4f26-9ec5-9eb72a8ad494,2026-03-28,20:31:54.32,2026-03-28T13:31:54.3214080-07:00,2026-03-28T20:31:54.3214080Z,LineDrive,v3,643-145631,643-146222,,"Parker, Will",1000474009,Right,POM_COL,8771ba3e-fa2b-457b-8aa9-c15be93d7050,55.91634,-122.10012,11.63675,5.83343,-1.07897,-15.17358,-2.02453,4.32872,1.50753,174.727517,1.32556,99.75221,-12.76229,2.88844,-0.68815,0.20191,-0.05581,0.00954,-0.00068,2.06565,49.92704,-15.51492,0.46878,0.16087,-0.14808,0.05495,-0.00959,0.00064,0.3269,-27.98757,2.94818,-0.61988,0.1549,-0.05257,0.01606,-0.00284,0.0002,,,,,,,,,,,,,,,,,,,,,,,High,High,High,High,High,,,
290,2026-03-28,13:32:37.71,6,1,"Lawson, Wade",1000068528,Right,POM_COL,"O'Driscoll, Collin",1000259196,Right,WHI_COL1,Undefined,9,Top,2,0,0,Fastball,Four-Seam,FoulBallNotFieldable,Undefined,Undefined,Undefined,0,0,,88.5484,-1.412374,-2.712749,2526.773717,216.724072,1:15,5.99053,1.43471,5.67646,-22.81954,13.18572,8.97221,2.77049,-0.34843,80.9135,-5.671135,-1.110536,0.431871,,,,,,,,,,,,-5.3352,7.44441,-1.21167,50,5.85709,5.70282,-128.43688,-3.92827,-8.90304,26.84715,-19.75125,POM_COL,WHI_COL1,PomonaPitzer,TeamExclusive,Team,20260328-PomonaPitzer-Private-1,42e38380-2ae5-11f1-8cbf-a1be09b69ae6,87.27702,,,7.6349,,,,,,,afc8f227-0d99-4f26-9ec5-9eb72a8ad494,2026-03-28,20:32:37.71,2026-03-28T13:32:37.7136128-07:00,2026-03-28T20:32:37.7136128Z,,v3,643-145631,643-146222,,"Parker, Will",1000474009,Right,POM_COL,9ffc7199-6bee-49a2-844e-0ab55d07b365,54.82211,-129.44093,13.42358,5.99019,-3.18961,-9.87562,-1.43118,6.03578,-4.45152,,,,,,,,,,,,,,,,,,,,,,,,,,,,,,,,,,,,,,,,,,,,,,,,,,,High,High,High,,,,,
291,2026-03-28,13:33:02.32,6,2,"Lawson, Wade",1000068528,Right,POM_COL,"O'Driscoll, Collin",1000259196,Right,WHI_COL1,Undefined,9,Top,2,0,1,Fastball,Four-Seam,BallCalled,Undefined,Undefined,Undefined,0,0,,88.74956,-3.033187,-1.354261,2451.655249,206.921916,1:00,6.13592,1.22733,5.46509,-19.79391,16.26843,7.67894,1.64413,0.59952,81.41019,-6.719669,0.013522,0.432214,,,,,,,,,,,,-4.2261,9.36784,-1.11349,50,5.85539,2.70033,-128.66628,-7.47597,-7.10122,26.106,-16.43305,POM_COL,WHI_COL1,PomonaPitzer,TeamExclusive,Team,20260328-PomonaPitzer-Private-1,5184a180-2ae5-11f1-8cbf-a1be09b69ae6,87.20791,,,7.33937,,,,,,,afc8f227-0d99-4f26-9ec5-9eb72a8ad494,2026-03-28,20:33:02.32,2026-03-28T13:33:02.3298560-07:00,2026-03-28T20:33:02.3298560Z,,v3,643-145631,643-146222,,"Parker, Will",1000474009,Right,POM_COL,5793f526-4562-429b-9892-068706e22996,55.03239,-129.68332,13.053,6.13417,-6.83577,-8.21653,-1.22408,2.97698,-3.55061,,,,,,,,,,,,,,,,,,,,,,,,,,,,,,,,,,,,,,,,,,,,,,,,,,,High,High,High,,,,,
292,2026-03-28,13:33:19.60,6,3,"Lawson, Wade",1000068528,Right,POM_COL,"O'Driscoll, Collin",1000259196,Right,WHI_COL1,Undefined,9,Top,2,1,1,Fastball,Slider,StrikeSwinging,Undefined,Undefined,Undefined,0,0,,87.57651,-1.561346,-2.16781,2520.700436,215.656579,1:15,6.02943,1.33324,5.52537,-28.13639,8.75323,5.45859,2.22366,-0.23948,80.43293,-6.741491,-1.194733,0.437143,,,,,,,,,,,,-3.32591,5.20815,-1.14834,50,5.87493,4.5699,-127.05733,-4.46552,-5.45253,25.33002,-23.6357,POM_COL,WHI_COL1,PomonaPitzer,TeamExclusive,Team,20260328-PomonaPitzer-Private-1,5bd418a0-2ae5-11f1-8cbf-a1be09b69ae6,86.22447,,,7.14357,,,,,,,afc8f227-0d99-4f26-9ec5-9eb72a8ad494,2026-03-28,20:33:19.60,2026-03-28T13:33:19.6005376-07:00,2026-03-28T20:33:19.6005376Z,,v3,643-145631,643-146222,,"Parker, Will",1000474009,Right,POM_COL,100ff9ca-5953-4fc3-a806-caa88b7d7e3b,54.9719,-128.04469,12.66501,6.03104,-3.54421,-11.81785,-1.33061,4.78244,-2.72626,,,,,,,,,,,,,,,,,,,,,,,,,,,,,,,,,,,,,,,,,,,,,,,,,,,High,High,High,,,,,
293,2026-03-28,13:33:39.88,6,4,"Lawson, Wade",1000068528,Right,POM_COL,"O'Driscoll, Collin",1000259196,Right,WHI_COL1,Undefined,9,Top,2,1,2,Slider,Curveball,BallCalled,Undefined,Undefined,Undefined,0,0,,80.27135,2.583565,0.155216,1848.108755,25.762584,6:45,6.27069,1.19093,4.92447,-49.25329,-4.41335,-2.78028,4.61032,1.10597,73.68307,-6.313749,-0.334979,0.481952,,,,,,,,,,,,1.39913,-2.35536,-1.20368,50,6.48173,-0.19392,-116.42426,3.38274,1.92878,20.96198,-35.42105,POM_COL,WHI_COL1,PomonaPitzer,TeamExclusive,Team,20260328-PomonaPitzer-Private-1,67f51b70-2ae5-11f1-8cbf-a1be09b69ae6,78.20782,,,6.58828,,,,,,,afc8f227-0d99-4f26-9ec5-9eb72a8ad494,2026-03-28,20:33:39.88,2026-03-28T13:33:39.8871552-07:00,2026-03-28T20:33:39.8871552Z,,v3,643-145631,643-146222,,"Parker, Will",1000474009,Right,POM_COL,f6e9e690-48cf-4814-9584-fb27ad57e697,55.57453,-117.42366,10.48099,6.28019,5.0715,-17.71053,-1.19224,-0.28588,0.96439,,,,,,,,,,,,,,,,,,,,,,,,,,,,,,,,,,,,,,,,,,,,,,,,,,,High,High,High,,,,,
294,2026-03-28,13:33:58.58,6,5,"Lawson, Wade",1000068528,Right,POM_COL,"O'Driscoll, Collin",1000259196,Right,WHI_COL1,Undefined,9,Top,2,2,2,Slider,Curveball,StrikeCalled,Strikeout,Undefined,Undefined,0,0,,79.76733,1.52279,0.02377,2073.453986,44.203815,7:30,6.00222,1.27036,5.07184,-50.42144,-5.46555,-6.57811,3.23645,0.7446,73.70027,-7.582237,-1.140461,0.482575,,,,,,,,,,,,3.25032,-2.63051,-1.2673,50,6.10684,0.22961,-115.85633,1.21176,4.44919,20.20411,-35.77483,POM_COL,WHI_COL1,PomonaPitzer,TeamExclusive,Team,20260328-PomonaPitzer-Private-1,73141790-2ae5-11f1-8cbf-a1be09b69ae6,78.10693,,,6.06706,,,,,,,afc8f227-0d99-4f26-9ec5-9eb72a8ad494,2026-03-28,20:33:58.58,2026-03-28T13:33:58.5855488-07:00,2026-03-28T20:33:58.5855488Z,,v3,643-145631,643-146222,,"Parker, Will",1000474009,Right,POM_COL,c9d33fc9-fbd4-4808-934e-f4ccb363e3cf,55.42866,-116.79919,10.10205,6.01134,2.88127,-17.88742,-1.27317,0.02198,2.2246,,,,,,,,,,,,,,,,,,,,,,,,,,,,,,,,,,,,,,,,,,,,,,,,,,,High,High,High,,,,,