PitchNo,Date,Time,PAofInning,PitchofPA,Pitcher,PitcherId,PitcherThrows,PitcherTeam,Batter,BatterId,BatterSide,BatterTeam,PitcherSet,Inning,Top/Bottom,Outs,Balls,Strikes,TaggedPitchType,AutoPitchType,PitchCall,KorBB,TaggedHitType,PlayResult,OutsOnPlay,RunsScored,Notes,RelSpeed,VertRelAngle,HorzRelAngle,SpinRate,SpinAxis,Tilt,RelHeight,RelSide,Extension,VertBreak,InducedVertBreak,HorzBreak,PlateLocHeight,PlateLocSide,ZoneSpeed,VertApprAngle,HorzApprAngle,ZoneTime,ExitSpeed,Angle,Direction,HitSpinRate,PositionAt110X,PositionAt110Y,PositionAt110Z,Distance,LastTrackedDistance,Bearing,HangTime,pfxx,pfxz,x0,y0,z0,vx0,vy0,vz0,ax0,ay0,az0,HomeTeam,AwayTeam,Stadium,Level,League,GameID,PitchUID,EffectiveVelo,MaxHeight,MeasuredDuration,SpeedDrop,PitchLastMeasuredX,PitchLastMeasuredY,PitchLastMeasuredZ,ContactPositionX,ContactPositionY,ContactPositionZ,GameUID,UTCDate,UTCTime,LocalDateTime,UTCDateTime,AutoHitType,System,HomeTeamForeignID,AwayTeamForeignID,GameForeignID,Catcher,CatcherId,CatcherThrows,CatcherTeam,PlayID,PitchTrajectoryXc0,PitchTrajectoryXc1,PitchTrajectoryXc2,PitchTrajectoryYc0,PitchTrajectoryYc1,PitchTrajectoryYc2,PitchTrajectoryZc0,PitchTrajectoryZc1,PitchTrajectoryZc2,HitSpinAxis,HitTrajectoryXc0,HitTrajectoryXc1,HitTrajectoryXc2,HitTrajectoryXc3,HitTrajectoryXc4,HitTrajectoryXc5,HitTrajectoryXc6,HitTrajectoryXc7,HitTrajectoryXc8,HitTrajectoryYc0,HitTrajectoryYc1,HitTrajectoryYc2,HitTrajectoryYc3,HitTrajectoryYc4,HitTrajectoryYc5,HitTrajectoryYc6,HitTrajectoryYc7,HitTrajectoryYc8,HitTrajectoryZc0,HitTrajectoryZc1,HitTrajectoryZc2,HitTrajectoryZc3,HitTrajectoryZc4,HitTrajectoryZc5,HitTrajectoryZc6,HitTrajectoryZc7,HitTrajectoryZc8,ThrowSpeed,PopTime,ExchangeTime,TimeToBase,CatchPositionX,CatchPositionY,CatchPositionZ,ThrowPositionX,ThrowPositionY,ThrowPositionZ,BasePositionX,BasePositionY,BasePositionZ,ThrowTrajectoryXc0,ThrowTrajectoryXc1,ThrowTrajectoryXc2,ThrowTrajectoryYc0,ThrowTrajectoryYc1,ThrowTrajectoryYc2,ThrowTrajectoryZc0,ThrowTrajectoryZc1,ThrowTrajectoryZc2,PitchReleaseConfidence,PitchLocationConfidence,PitchMovementConfidence,HitLaunchConfidence,HitLandingConfidence,CatcherThrowCatchConfidence,CatcherThrowReleaseConfidence,CatcherThrowLocationConfidence
1,2026-02-07,13:50:22.78,1,1,"Dennis, Lucas",10274891,Right,POM_COL,"Hamura, Javin",1000397352,Right,PAC_BOX,Undefined,1,Top,0,0,0,Fastball,Four-Seam,StrikeCalled,Undefined,Undefined,Undefined,0,0,,89.51717,-1.87307,-2.095344,2190.002286,213.134171,1:00,5.45097,2.17011,5.99791,-22.35856,12.68119,7.49178,1.85033,0.85195,81.29867,-6.079892,-0.748275,0.426041,,,,,,,,,,,,-4.45173,7.43823,-2.00906,50,5.29122,4.42741,-129.80702,-4.95369,-7.53321,29.25769,-19.5871,POM_COL,PAC_BOX,PomonaPitzer,D3,Team,20260207-PomonaPitzer-2,01330d80-046f-11f1-87a1-bbe4b648e251,88.47131,,,8.21851,,,,,,,5ab81c87-aa0e-4d85-b863-dca276aed003,2026-02-07,21:50:22.78,2026-02-07T13:50:22.7875328-08:00,2026-02-07T21:50:22.7875328Z,,v3,POM_PIT,,,"Savas, Peter",1000276389,Right,POM_COL,59783475-a181-44ca-8f25-62a0612ee38f,54.49783,-130.81687,14.62885,5.45053,-4.27762,-9.79355,-2.16636,4.68742,-3.7666,,,,,,,,,,,,,,,,,,,,,,,,,,,,,,,,,,,,,,,,,,,,,,,,,,,High,High,High,,,,,
2,2026-02-07,13:50:39.93,1,2,"Dennis, Lucas",10274891,Right,POM_COL,"Hamura, Javin",1000397352,Right,PAC_BOX,Undefined,1,Top,0,0,1,Fastball,Sinker,BallCalled,Undefined,Undefined,Undefined,0,0,,87.57135,-1.307687,-1.163087,2143.487486,233.979348,1:45,5.40317,2.16756,6.20584,-28.24635,7.96705,9.29154,1.84185,1.86818,79.78277,-6.592193,0.516097,0.433118,,,,,,,,,,,,-5.14528,4.89173,-2.08465,50,5.29095,2.20746,-127.16773,-3.79754,-8.36351,27.8731,-24.22266,POM_COL,PAC_BOX,PomonaPitzer,D3,Team,20260207-PomonaPitzer-2,0b739080-046f-11f1-87a1-bbe4b648e251,87.02584,,,7.78858,,,,,,,5ab81c87-aa0e-4d85-b863-dca276aed003,2026-02-07,21:50:39.93,2026-02-07T13:50:39.9314944-08:00,2026-02-07T21:50:39.9314944Z,,v3,POM_PIT,,,"Savas, Peter",1000276389,Right,POM_COL,5e3e6432-a306-4c41-bacb-dc48c6c8a484,54.29147,-128.1049,13.93655,5.40494,-2.98311,-12.11133,-2.1636,2.48867,-4.18176,,,,,,,,,,,,,,,,,,,,,,,,,,,,,,,,,,,,,,,,,,,,,,,,,,,High,High,High,,,,,
3,2026-02-07,13:50:58.26,1,3,"Dennis, Lucas",10274891,Right,POM_COL,"Hamura, Javin",1000397352,Right,PAC_BOX,Undefined,1,Top,0,1,1,ChangeUp,Changeup,BallCalled,Undefined,Undefined,Undefined,0,0,,79.63393,-1.437938,-2.86036,1314.808487,253.908187,2:30,5.28803,2.27139,6.04812,-38.59266,5.93028,14.93678,0.73886,0.86594,72.18707,-8.607017,-0.169831,0.480246,,,,,,,,,,,,-8.6043,4.00795,-2.05645,50,5.15555,5.20557,-115.40691,-4.06884,-11.41464,24.75201,-26.857,POM_COL,PAC_BOX,PomonaPitzer,D3,Team,20260207-PomonaPitzer-2,1669cef0-046f-11f1-87a1-bbe4b648e251,78.48576,,,7.44686,,,,,,,5ab81c87-aa0e-4d85-b863-dca276aed003,2026-02-07,21:50:58.26,2026-02-07T13:50:58.2602752-08:00,2026-02-07T21:50:58.2602752Z,,v3,POM_PIT,,,"Savas, Peter",1000276389,Right,POM_COL,77c7ca0f-b188-4801-b326-458601e96fd2,54.449,-116.3572,12.37601,5.29197,-3.03773,-13.4285,-2.26472,5.6438,-5.70732,,,,,,,,,,,,,,,,,,,,,,,,,,,,,,,,,,,,,,,,,,,,,,,,,,,High,High,High,,,,,
4,2026-02-07,13:51:20.37,1,4,"Dennis, Lucas",10274891,Right,POM_COL,"Hamura, Javin",1000397352,Right,PAC_BOX,Undefined,1,Top,0,2,1,Fastball,Four-Seam,StrikeCalled,Undefined,Undefined,Undefined,0,0,,87.74205,-1.718267,-1.745597,2043.562538,214.417139,1:15,5.44042,2.1047,6.10354,-21.58226,14.69646,9.21985,2.05165,1.25822,79.72287,-5.802245,-0.084213,0.433508,,,,,,,,,,,,-5.22733,8.45469,-1.97495,50,5.29692,3.49298,-127.29175,-4.4573,-8.51322,27.93381,-18.40471,POM_COL,PAC_BOX,PomonaPitzer,D3,Team,20260207-PomonaPitzer-2,238f4970-046f-11f1-87a1-bbe4b648e251,86.94748,,,8.01918,,,,,,,5ab81c87-aa0e-4d85-b863-dca276aed003,2026-02-07,21:51:20.37,2026-02-07T13:51:20.3730432-08:00,2026-02-07T21:51:20.3730432Z,,v3,POM_PIT,,,"Savas, Peter",1000276389,Right,POM_COL,96fc16ba-8de8-42a3-b7aa-fbe6d8c65518,54.39174,-128.25188,13.9669,5.43926,-3.8247,-9.20235,-2.10004,3.78559,-4.25661,,,,,,,,,,,,,,,,,,,,,,,,,,,,,,,,,,,,,,,,,,,,,,,,,,,High,High,High,,,,,
5,2026-02-07,13:51:41.10,1,5,"Dennis, Lucas",10274891,Right,POM_COL,"Hamura, Javin",1000397352,Right,PAC_BOX,Undefined,1,Top,0,2,2,Slider,Curveball,BallCalled,Undefined,Undefined,Undefined,0,0,,76.70491,2.514889,1.576576,2435.315783,49.638404,7:45,5.21893,2.40526,5.28594,-59.2555,-9.66032,-13.53335,2.64501,2.75834,69.07576,-8.284843,-0.827143,0.506864,,,,,,,,,,,,7.1913,-4.95146,-2.53907,50,5.40587,-2.49752,-111.03009,2.7919,8.79209,23.69654,-38.22771,POM_COL,PAC_BOX,PomonaPitzer,D3,Team,20260207-PomonaPitzer-2,2ff1c210-046f-11f1-87a1-bbe4b648e251,74.36405,,,7.62915,,,,,,,5ab81c87-aa0e-4d85-b863-dca276aed003,2026-02-07,21:51:41.10,2026-02-07T13:51:41.1075584-08:00,2026-02-07T21:51:41.1075584Z,,v3,POM_PIT,,,"Savas, Peter",1000276389,Right,POM_COL,e6b0f2f0-a523-4853-9f0e-9d6de4c80b11,55.21184,-112.13691,11.84827,5.23376,4.57744,-19.11385,-2.41282,-2.90818,4.39604,,,,,,,,,,,,,,,,,,,,,,,,,,,,,,,,,,,,,,,,,,,,,,,,,,,High,High,High,,,,,
6,2026-02-07,13:52:02.22,1,6,"Dennis, Lucas",10274891,Right,POM_COL,"Hamura, Javin",1000397352,Right,PAC_BOX,Undefined,1,Top,0,3,2,Fastball,Four-Seam,InPlay,Undefined,GroundBall,Out,1,0,,88.60033,-1.693954,-2.082769,2156.316886,220.074642,1:15,5.37857,1.95554,6.15772,-22.81218,12.77257,9.70697,1.91112,0.83946,80.36783,-6.002255,-0.331969,0.429342,,,,,,,,,,,,-5.6552,7.49028,-1.8022,50,5.23823,4.27772,-128.53415,-4.49543,-9.36351,29.19793,-19.77214,POM_COL,PAC_BOX,PomonaPitzer,D3,Team,20260207-PomonaPitzer-2,3c7fb780-046f-11f1-87a1-bbe4b648e251,87.79116,,,8.2325,,,,,,,5ab81c87-aa0e-4d85-b863-dca276aed003,2026-02-07,21:52:02.22,2026-02-07T13:52:02.2240256-08:00,2026-02-07T21:52:02.2240256Z,,v3,POM_PIT,,,"Savas, Peter",1000276389,Right,POM_COL,d3b46f2b-3c88-4010-b4c6-b29dd910f832,54.33938,-129.51614,14.59897,5.37824,-3.83045,-9.88607,-1.95137,4.59263,-4.68176,,,,,,,,,,,,,,,,,,,,,,,,,,,,,,,,,,,,,,,,,,,,,,,,,,,High,High,High,,,,,
7,2026-02-07,13:52:40.58,2,1,"Dennis, Lucas",10274891,Right,POM_COL,"Kazahaya, Trevor",1000154011,Right,PAC_BOX,Undefined,1,Top,1,0,0,Fastball,Sinker,BallCalled,Undefined,Undefined,Undefined,0,0,,88.35262,-2.346591,-1.420428,2094.075444,220.7818,1:15,5.45925,2.18549,6.05947,-23.53285,12.28737,9.55363,1.3244,1.66667,80.47824,-6.762211,0.300876,0.43076,,,,,,,,,,,,-5.31859,7.39394,-2.0801,50,5.26443,2.78027,-128.17291,-5.98833,-8.78761,28.17104,-19.95745,POM_COL,PAC_BOX,PomonaPitzer,D3,Team,20260207-PomonaPitzer-2,53600a40-046f-11f1-87a1-bbe4b648e251,87.50214,,,7.87438,,,,,,,5ab81c87-aa0e-4d85-b863-dca276aed003,2026-02-07,21:52:40.58,2026-02-07T13:52:40.5837824-08:00,2026-02-07T21:52:40.5837824Z,,v3,POM_PIT,,,"Savas, Peter",1000276389,Right,POM_COL,0c0b3032-0d9b-42cd-abb7-ba73504ebc9e,54.43717,-129.14447,14.08552,5.45909,-5.30004,-9.97873,-2.18121,3.08334,-4.39381,,,,,,,,,,,,,,,,,,,,,,,,,,,,,,,,,,,,,,,,,,,,,,,,,,,High,High,High,,,,,
8,2026-02-07,13:52:59.02,2,2,"Dennis, Lucas",10274891,Right,POM_COL,"Kazahaya, Trevor",1000154011,Right,PAC_BOX,Undefined,1,Top,1,1,0,ChangeUp,Changeup,StrikeSwinging,Undefined,Undefined,Undefined,0,0,,80.40018,-0.636459,-2.564676,1276.911249,257.629787,2:30,5.26022,2.19306,5.96601,-38.12282,5.1676,17.07962,1.49259,1.23684,73.53876,-7.693078,0.506733,0.473552,,,,,,,,,,,,-9.46878,3.29449,-1.99888,50,5.18874,4.57232,-116.69468,-2.49071,-12.99698,22.89864,-27.652,POM_COL,PAC_BOX,PomonaPitzer,D3,Team,20260207-PomonaPitzer-2,5e5ead20-046f-11f1-87a1-bbe4b648e251,79.5952,,,6.86142,,,,,,,5ab81c87-aa0e-4d85-b863-dca276aed003,2026-02-07,21:52:59.02,2026-02-07T13:52:59.0291968-08:00,2026-02-07T21:52:59.0291968Z,,v3,POM_PIT,,,"Savas, Peter",1000276389,Right,POM_COL,8d343d89-ab47-42b0-a616-0d7c321b5f85,54.53249,-117.58071,11.44932,5.26441,-1.42075,-13.826,-2.18553,5.07522,-6.49849,,,,,,,,,,,,,,,,,,,,,,,,,,,,,,,,,,,,,,,,,,,,,,,,,,,High,High,High,,,,,
9,2026-02-07,13:53:19.02,2,3,"Dennis, Lucas",10274891,Right,POM_COL,"Kazahaya, Trevor",1000154011,Right,PAC_BOX,Undefined,1,Top,1,1,1,Fastball,Sinker,BallCalled,Undefined,Undefined,Undefined,0,0,,87.25454,-1.352792,-1.51634,2106.001667,229.059353,1:45,5.46926,2.01081,6.06412,-25.28946,11.48099,11.77709,2.10916,1.58857,79.22839,-6.104353,0.605263,0.436436,,,,,,,,,,,,-6.47178,6.70823,-1.89907,50,5.35095,2.86001,-126.60945,-3.77946,-10.40933,28.04765,-21.38441,POM_COL,PAC_BOX,PomonaPitzer,D3,Team,20260207-PomonaPitzer-2,6a4713c0-046f-11f1-87a1-bbe4b648e251,86.36413,,,8.02615,,,,,,,5ab81c87-aa0e-4d85-b863-dca276aed003,2026-02-07,21:53:19.02,2026-02-07T13:53:19.0220288-08:00,2026-02-07T21:53:19.0220288Z,,v3,POM_PIT,,,"Savas, Peter",1000276389,Right,POM_COL,b9d99d32-2bc8-49a6-853d-efa93091e3ce,54.43169,-127.58742,14.02383,5.46974,-3.03382,-10.6922,-2.00512,3.22297,-5.20467,,,,,,,,,,,,,,,,,,,,,,,,,,,,,,,,,,,,,,,,,,,,,,,,,,,High,High,High,,,,,
10,2026-02-07,13:53:37.88,2,4,"Dennis, Lucas",10274891,Right,POM_COL,"Kazahaya, Trevor",1000154011,Right,PAC_BOX,Undefined,1,Top,1,2,1,Fastball,Four-Seam,InPlay,Undefined,LineDrive,Double,0,0,,89.11493,-1.961316,-2.794075,2036.320851,218.46969,1:15,5.43928,2.0189,6.05104,-20.64438,14.55891,10.6293,1.90045,0.31614,81.13226,-5.861136,-0.882669,0.427035,101.08911,10.040708,-10.444512,1769.79913,107.1282,13.23087,-24.96814,228.9443,226.04625,-15.86317,1.919812,-6.30563,8.42934,-1.80715,50,5.27545,5.86945,-129.23877,-5.05715,-10.60669,28.30666,-17.99512,POM_COL,PAC_BOX,PomonaPitzer,D3,Team,20260207-PomonaPitzer-2,758382f0-046f-11f1-87a1-bbe4b648e251,88.26552,13.31231,,7.98266,,,,1.25696,1.90629,-0.31589,5ab81c87-aa0e-4d85-b863-dca276aed003,2026-02-07,21:53:37.88,2026-02-07T13:53:37.8817536-08:00,2026-02-07T21:53:37.8817536Z,LineDrive,v3,POM_PIT,,,"Savas, Peter",1000276389,Right,POM_COL,33a3dd35-8a27-4526-9e24-116e49e86c2b,54.4471,-130.20916,14.15333,5.43824,-4.44026,-8.99756,-2.01459,6.23305,-5.30335,115.379778,1.25696,143.57343,-20.62976,3.68074,-0.45524,-0.18482,0.16452,-0.05331,0.00659,1.90629,25.84969,-15.31143,0.90904,-0.34295,0.3116,-0.18145,0.0556,-0.00682,-0.31588,-26.46663,-5.66595,1.87906,-0.02184,-0.50815,0.3618,-0.11512,0.01427,,,,,,,,,,,,,,,,,,,,,,,High,High,High,High,High,,,
11,2026-02-07,13:54:21.58,3,1,"Dennis, Lucas",10274891,Right,POM_COL,"Chapman, Nathan",1000039351,Left,PAC_BOX,Undefined,1,Top,1,0,0,Slider,Slider,StrikeCalled,Undefined,Undefined,Undefined,0,0,,77.76455,1.733793,-1.951634,2427.973355,74.275769,8:30,5.30115,2.24942,5.2714,-50.21574,-2.00705,-13.3241,2.74652,-0.69482,70.21377,-7.439561,-4.312933,0.499729,,,,,,,,,,,,5.94803,-0.99543,-2.06108,50,5.42338,4.3827,-112.56848,1.67175,7.48709,24.05635,-33.42703,POM_COL,PAC_BOX,PomonaPitzer,D3,Team,20260207-PomonaPitzer-2,8f989ae0-046f-11f1-87a1-bbe4b648e251,75.42582,,,7.55078,,,,,,,5ab81c87-aa0e-4d85-b863-dca276aed003,2026-02-07,21:54:21.58,2026-02-07T13:54:21.5888896-08:00,2026-02-07T21:54:21.5888896Z,,v3,POM_PIT,,,"Savas, Peter",1000276389,Right,POM_COL,faf1b559-c089-4961-bf66-0d9afbc73b24,55.22496,-113.67959,12.02817,5.31051,3.21567,-16.71352,-2.25553,4.03688,3.74355,,,,,,,,,,,,,,,,,,,,,,,,,,,,,,,,,,,,,,,,,,,,,,,,,,,High,High,High,,,,,
12,2026-02-07,13:54:40.40,3,2,"Dennis, Lucas",10274891,Right,POM_COL,"Chapman, Nathan",1000039351,Left,PAC_BOX,Undefined,1,Top,1,0,1,Fastball,Sinker,BallCalled,Undefined,Undefined,Undefined,0,0,,87.07458,-2.084255,-3.324983,2048.832695,223.234844,1:30,5.38114,1.9699,6.20703,-24.09722,12.47725,10.6126,1.44521,-0.21806,79.61896,-6.610104,-1.411631,0.435272,,,,,,,,,,,,-6.4215,7.41835,-1.72514,50,5.21229,6.9128,-126.26741,-5.3266,-10.34882,26.13449,-20.21876,POM_COL,PAC_BOX,PomonaPitzer,D3,Team,20260207-PomonaPitzer-2,9ad5f470-046f-11f1-87a1-bbe4b648e251,86.59517,,,7.45562,,,,,,,5ab81c87-aa0e-4d85-b863-dca276aed003,2026-02-07,21:54:40.40,2026-02-07T13:54:40.4008960-08:00,2026-02-07T21:54:40.4008960Z,,v3,POM_PIT,,,"Savas, Peter",1000276389,Right,POM_COL,e0efc841-9351-486d-b5ff-08e778006786,54.29069,-127.15239,13.06724,5.38107,-4.64194,-10.10938,-1.96516,7.26324,-5.17441,,,,,,,,,,,,,,,,,,,,,,,,,,,,,,,,,,,,,,,,,,,,,,,,,,,High,High,High,,,,,
13,2026-02-07,13:55:07.27,3,3,"Dennis, Lucas",10274891,Right,POM_COL,"Chapman, Nathan",1000039351,Left,PAC_BOX,Undefined,1,Top,1,1,1,Slider,Curveball,BallCalled,Undefined,Undefined,Undefined,0,0,,77.80329,1.352788,-2.670183,2339.502564,69.667631,8:15,5.27616,2.20421,5.20049,-51.64357,-3.33898,-13.68371,2.24651,-1.44935,70.41377,-8.042705,-5.090168,0.500225,,,,,,,,,,,,5.88674,-1.54547,-1.94618,50,5.36311,5.81287,-112.59139,0.85375,7.41405,24.03829,-34.12048,POM_COL,PAC_BOX,PomonaPitzer,D3,Team,20260207-PomonaPitzer-2,aadbd290-046f-11f1-87a1-bbe4b648e251,75.35094,,,7.38952,,,,,,,5ab81c87-aa0e-4d85-b863-dca276aed003,2026-02-07,21:55:07.27,2026-02-07T13:55:07.2713728-08:00,2026-02-07T21:55:07.2713728Z,,v3,POM_PIT,,,"Savas, Peter",1000276389,Right,POM_COL,a1028144-d3f2-4332-b360-254d4c87a760,55.29664,-113.7166,12.01915,5.28576,2.4509,-17.06024,-2.21015,5.46583,3.70702,,,,,,,,,,,,,,,,,,,,,,,,,,,,,,,,,,,,,,,,,,,,,,,,,,,High,High,High,,,,,
14,2026-02-07,13:55:27.24,3,4,"Dennis, Lucas",10274891,Right,POM_COL,"Chapman, Nathan",1000039351,Left,PAC_BOX,Undefined,1,Top,1,2,1,Fastball,Sinker,BallCalled,Undefined,Undefined,Undefined,0,0,,86.86851,-2.36148,-1.925565,1895.099576,220.78432,1:15,5.28271,1.95742,6.04877,-25.1121,11.76379,9.12721,1.00144,0.93478,79.60589,-7.050205,-0.281826,0.437062,,,,,,,,,,,,-5.24918,7.08646,-1.81241,50,5.08527,3.8733,-126.07408,-5.98604,-8.43939,25.8913,-20.7808,POM_COL,PAC_BOX,PomonaPitzer,D3,Team,20260207-PomonaPitzer-2,b6b34940-046f-11f1-87a1-bbe4b648e251,86.24054,,,7.26262,,,,,,,5ab81c87-aa0e-4d85-b863-dca276aed003,2026-02-07,21:55:27.24,2026-02-07T13:55:27.2435200-08:00,2026-02-07T21:55:27.2435200Z,,v3,POM_PIT,,,"Savas, Peter",1000276389,Right,POM_COL,144921a6-9ae5-4d5c-89eb-a12359bfd19e,54.44966,-126.9846,12.94565,5.28293,-5.25524,-10.3904,-1.95385,4.17009,-4.2197,,,,,,,,,,,,,,,,,,,,,,,,,,,,,,,,,,,,,,,,,,,,,,,,,,,High,High,High,,,,,
15,2026-02-07,13:55:49.72,3,5,"Dennis, Lucas",10274891,Right,POM_COL,"Chapman, Nathan",1000039351,Left,PAC_BOX,Undefined,1,Top,1,3,1,Fastball,Changeup,BallinDirt,Walk,Undefined,Undefined,0,0,,88.25783,-3.944412,-4.578838,1899.267675,220.404391,1:15,5.42392,1.92458,6.08166,-26.53273,9.31607,6.97284,-0.45386,-1.73958,81.31419,-8.843588,-3.327238,0.430932,,,,,,,,,,,,-4.9065,6.21197,-1.57409,50,5.1036,9.95364,-127.6473,-9.67991,-8.10888,25.86262,-21.90761,POM_COL,PAC_BOX,PomonaPitzer,D3,Team,20260207-PomonaPitzer-2,c414e260-046f-11f1-87a1-bbe4b648e251,87.46729,,,6.94365,,,,,,,5ab81c87-aa0e-4d85-b863-dca276aed003,2026-02-07,21:55:49.72,2026-02-07T13:55:49.7212928-08:00,2026-02-07T21:55:49.7212928Z,,v3,POM_PIT,,,"Savas, Peter",1000276389,Right,POM_COL,c0fb7298-dd23-47ee-b2d7-3a404c2c114a,54.4193,-128.53957,12.93131,5.42453,-8.92408,-10.95381,-1.92232,10.2334,-4.05444,,,,,,,,,,,,,,,,,,,,,,,,,,,,,,,,,,,,,,,,,,,,,,,,,,,High,High,High,,,,,
16,2026-02-07,13:56:27.62,4,1,"Dennis, Lucas",10274891,Right,POM_COL,"Lewis, Ben",1000327268,Right,PAC_BOX,Undefined,1,Top,1,0,0,Fastball,Four-Seam,StrikeCalled,Undefined,Undefined,Undefined,0,0,,86.377,0.298708,-2.830641,2090.300505,211.606701,1:00,5.36916,1.99968,5.86683,-22.84919,14.83556,8.3652,3.74288,0.06521,78.49879,-4.00939,-1.332771,0.441829,,,,,,,,,,,,-5.07189,7.86059,-1.77503,50,5.38017,5.84338,-125.27025,-0.0454,-8.02575,26.29423,-19.7355,POM_COL,PAC_BOX,PomonaPitzer,D3,Team,20260207-PomonaPitzer-2,dafde7b0-046f-11f1-87a1-bbe4b648e251,85.30999,,,7.87821,,,,,,,5ab81c87-aa0e-4d85-b863-dca276aed003,2026-02-07,21:56:27.62,2026-02-07T13:56:27.6257792-08:00,2026-02-07T21:56:27.6257792Z,,v3,POM_PIT,,,"Savas, Peter",1000276389,Right,POM_COL,ae6313fc-b0c1-4721-a8c0-0908be1de3b7,54.62948,-126.23824,13.14712,5.36847,0.68114,-9.86775,-1.99558,6.13884,-4.01287,,,,,,,,,,,,,,,,,,,,,,,,,,,,,,,,,,,,,,,,,,,,,,,,,,,High,High,High,,,,,
17,2026-02-07,13:56:46.06,4,2,"Dennis, Lucas",10274891,Right,POM_COL,"Lewis, Ben",1000327268,Right,PAC_BOX,Undefined,1,Top,1,0,1,Slider,Curveball,BallCalled,Undefined,Undefined,Undefined,0,0,,76.01685,2.116758,-3.77607,2350.552414,77.134227,8:30,5.17139,2.22873,5.29258,-50.34782,-0.43835,-8.9,2.96848,-2.06358,69.50419,-7.044661,-5.347953,0.508467,,,,,,,,,,,,3.335,-0.33425,-1.87793,50,5.32794,7.60815,-110.00981,2.39467,4.06667,20.41985,-32.58163,POM_COL,PAC_BOX,PomonaPitzer,D3,Team,20260207-PomonaPitzer-2,e5bff6c0-046f-11f1-87a1-bbe4b648e251,74.12953,,,6.51267,,,,,,,5ab81c87-aa0e-4d85-b863-dca276aed003,2026-02-07,21:56:46.06,2026-02-07T13:56:46.0638720-08:00,2026-02-07T21:56:46.0638720Z,,v3,POM_PIT,,,"Savas, Peter",1000276389,Right,POM_COL,b73b93b4-067a-4177-bfad-ef8af06567b3,55.20593,-110.97192,10.20992,5.17894,3.9298,-16.29082,-2.23188,7.41654,2.03334,,,,,,,,,,,,,,,,,,,,,,,,,,,,,,,,,,,,,,,,,,,,,,,,,,,High,High,High,,,,,
18,2026-02-07,13:57:02.71,4,3,"Dennis, Lucas",10274891,Right,POM_COL,"Lewis, Ben",1000327268,Right,PAC_BOX,Undefined,1,Top,1,1,1,Slider,Curveball,BallCalled,Undefined,Undefined,Undefined,0,0,,75.12423,-0.617957,-3.83092,2478.049073,87.389035,9:00,5.08636,2.31293,5.70725,-50.12735,1.06102,-18.05926,0.33202,-2.76661,68.16625,-9.784375,-7.049273,0.51494,,,,,,,,,,,,7.89658,1.25221,-1.97999,50,5.00359,7.92687,-108.67586,-2.70101,9.20019,23.62242,-30.71511,POM_COL,PAC_BOX,PomonaPitzer,D3,Team,20260207-PomonaPitzer-2,efa401e0-046f-11f1-87a1-bbe4b648e251,73.19766,,,6.95798,,,,,,,5ab81c87-aa0e-4d85-b863-dca276aed003,2026-02-07,21:57:02.71,2026-02-07T13:57:02.7182080-08:00,2026-02-07T21:57:02.7182080Z,,v3,POM_PIT,,,"Savas, Peter",1000276389,Right,POM_COL,54a0c8e5-2d78-4a0f-bd6e-de9671e3b510,54.7912,-109.71236,11.81121,5.09254,-1.3533,-15.35756,-2.31895,7.52319,4.6001,,,,,,,,,,,,,,,,,,,,,,,,,,,,,,,,,,,,,,,,,,,,,,,,,,,High,High,High,,,,,
19,2026-02-07,13:57:25.98,4,4,"Dennis, Lucas",10274891,Right,POM_COL,"Lewis, Ben",1000327268,Right,PAC_BOX,Undefined,1,Top,1,2,1,Fastball,Changeup,InPlay,Undefined,LineDrive,Single,0,1,,86.25902,-0.678521,-3.1566,2174.189024,230.276507,1:45,5.33343,2.08515,5.99169,-26.65175,11.14709,11.84178,2.48265,0.14366,78.20122,-5.679447,-1.030499,0.442497,102.39921,11.890398,4.879992,2086.498918,109.11283,18.03633,13.94004,263.06247,263.06247,10.975093,2.306221,-7.07815,6.31426,-1.84278,50,5.26527,6.42177,-125.06567,-2.31748,-11.09906,27.56916,-22.27281,POM_COL,PAC_BOX,PomonaPitzer,D3,Team,20260207-PomonaPitzer-2,fd7a07b0-046f-11f1-87a1-bbe4b648e251,85.18116,18.976,,8.0578,,,,1.44377,2.48553,-0.16987,5ab81c87-aa0e-4d85-b863-dca276aed003,2026-02-07,21:57:25.98,2026-02-07T13:57:25.9852288-08:00,2026-02-07T21:57:25.9852288Z,LineDrive,v3,POM_PIT,,,"Savas, Peter",1000276389,Right,POM_COL,d7dd4838-5bd4-45a2-a8e5-47a58936dedb,54.50646,-126.05515,13.78458,5.3341,-1.51809,-11.1364,-2.08041,6.82012,-5.54953,237.689093,1.44377,146.43017,-22.47732,4.69512,-0.98201,0.19769,-0.0371,0.00527,-0.00037,2.48553,30.94387,-15.12534,0.58928,-0.00893,-0.01821,0.00859,-0.00177,0.00016,-0.16987,12.50166,7.08499,-2.22365,0.62038,-0.15537,0.03432,-0.00553,0.00044,,,,,,,,,,,,,,,,,,,,,,,High,High,High,High,High,,,
20,2026-02-07,13:58:07.64,5,1,"Dennis, Lucas",10274891,Right,POM_COL,"Laureano, Alex",1000242072,Right,PAC_BOX,Undefined,1,Top,1,0,0,Fastball,Sinker,StrikeCalled,Undefined,Undefined,Undefined,0,0,,86.27363,-1.650403,-4.400887,1994.190514,221.091585,1:15,5.31355,2.04681,5.90784,-25.20308,12.61961,9.91095,1.67643,-1.22024,78.6946,-6.359583,-2.628535,0.442637,,,,,,,,,,,,-6.32532,7.31508,-1.69848,50,5.16633,9.20488,-124.89695,-4.40214,-9.9607,25.87694,-20.65475,POM_COL,PAC_BOX,PomonaPitzer,D3,Team,20260207-PomonaPitzer-2,1652a800-0470-11f1-87a1-bbe4b648e251,85.15434,,,7.57903,,,,,,,5ab81c87-aa0e-4d85-b863-dca276aed003,2026-02-07,21:58:07.64,2026-02-07T13:58:07.6436480-08:00,2026-02-07T21:58:07.6436480Z,,v3,POM_PIT,,,"Savas, Peter",1000276389,Right,POM_COL,144b375f-87fe-4d1a-b54c-308bdca15262,54.58954,-125.84424,12.93847,5.31364,-3.64602,-10.32737,-2.04213,9.56951,-4.98035,,,,,,,,,,,,,,,,,,,,,,,,,,,,,,,,,,,,,,,,,,,,,,,,,,,High,High,High,,,,,
21,2026-02-07,13:58:25.96,5,2,"Dennis, Lucas",10274891,Right,POM_COL,"Laureano, Alex",1000242072,Right,PAC_BOX,Undefined,1,Top,1,0,1,Fastball,Sinker,FoulBallNotFieldable,Undefined,Undefined,Undefined,0,0,,86.9699,-0.879637,-2.812899,2105.701918,230.794632,1:45,5.28153,1.82514,6.21269,-27.6949,8.85193,9.42638,2.16078,0.01261,79.57658,-6.060029,-1.112341,0.435107,,,,,,,,,,,,-5.69882,5.18193,-1.61883,50,5.20163,5.83763,-126.27978,-2.80223,-9.18927,26.0533,-23.81826,POM_COL,PAC_BOX,PomonaPitzer,D3,Team,20260207-PomonaPitzer-2,21392f00-0470-11f1-87a1-bbe4b648e251,86.62795,,,7.39332,,,,,,,5ab81c87-aa0e-4d85-b863-dca276aed003,2026-02-07,21:58:25.96,2026-02-07T13:58:25.9609600-08:00,2026-02-07T21:58:25.9609600Z,,v3,POM_PIT,,,"Savas, Peter",1000276389,Right,POM_COL,8d15d345-097c-4795-851a-ea455f768256,54.2865,-127.16107,13.02665,5.28279,-1.99655,-11.90913,-1.82156,6.14847,-4.59463,,,,,,,,,,,,,,,,,,,,,,,,,,,,,,,,,,,,,,,,,,,,,,,,,,,High,High,High,,,,,
22,2026-02-07,13:58:48.42,5,3,"Dennis, Lucas",10274891,Right,POM_COL,"Laureano, Alex",1000242072,Right,PAC_BOX,Undefined,1,Top,1,0,2,Slider,Curveball,StrikeSwinging,Strikeout,Undefined,Undefined,0,0,,77.58133,1.004558,-2.405713,2567.93715,60.982683,8:00,5.15686,2.19555,5.44069,-53.22097,-5.15528,-12.37631,1.66333,-1.08973,70.36905,-8.701833,-4.607082,0.498987,,,,,,,,,,,,5.41012,-2.39642,-1.97401,50,5.20937,5.2098,-112.38355,0.1699,6.79024,23.90514,-35.18179,POM_COL,PAC_BOX,PomonaPitzer,D3,Team,20260207-PomonaPitzer-2,2ea7e780-0470-11f1-87a1-bbe4b648e251,75.53794,,,7.21228,,,,,,,5ab81c87-aa0e-4d85-b863-dca276aed003,2026-02-07,21:58:48.42,2026-02-07T13:58:48.4247552-08:00,2026-02-07T21:58:48.4247552Z,,v3,POM_PIT,,,"Savas, Peter",1000276389,Right,POM_COL,f3a5d56f-6da8-40c1-913a-c7fc3ba9c3f3,55.05764,-113.45426,11.95257,5.16647,1.7457,-17.5909,-2.20054,4.90566,3.39512,,,,,,,,,,,,,,,,,,,,,,,,,,,,,,,,,,,,,,,,,,,,,,,,,,,High,High,High,,,,,
23,2026-02-07,13:59:16.49,6,1,"Dennis, Lucas",10274891,Right,POM_COL,"Shelor, Will",1000237125,Right,PAC_BOX,Undefined,1,Top,2,0,0,Slider,Curveball,FoulBallNotFieldable,Undefined,Undefined,Undefined,0,0,,74.49651,2.559125,-1.376318,2395.221875,61.683019,8:00,5.20694,2.30156,5.4112,-58.26606,-5.82177,-14.42335,2.7513,-0.19007,67.08607,-8.102652,-3.940767,0.521219,,,,,,,,,,,,6.7441,-3.21949,-2.16878,50,5.39442,3.14356,-107.83818,2.91823,7.75619,22.83366,-35.87672,POM_COL,PAC_BOX,PomonaPitzer,D3,Team,20260207-PomonaPitzer-2,3f64b990-0470-11f1-87a1-bbe4b648e251,72.3159,,,7.41044,,,,,,,5ab81c87-aa0e-4d85-b863-dca276aed003,2026-02-07,21:59:16.49,2026-02-07T13:59:16.4955648-08:00,2026-02-07T21:59:16.4955648Z,,v3,POM_PIT,,,"Savas, Peter",1000276389,Right,POM_COL,c5fdf686-f68b-4381-b6e3-919fa8e12684,55.08698,-108.90997,11.41683,5.21792,4.60225,-17.93836,-2.30779,2.77949,3.87809,,,,,,,,,,,,,,,,,,,,,,,,,,,,,,,,,,,,,,,,,,,,,,,,,,,High,High,High,,,,,
24,2026-02-07,13:59:38.49,6,2,"Dennis, Lucas",10274891,Right,POM_COL,"Shelor, Will",1000237125,Right,PAC_BOX,Undefined,1,Top,2,0,1,Fastball,Four-Seam,BallCalled,Undefined,Undefined,Undefined,0,0,,86.8671,0.957916,-2.776696,2140.960244,219.439496,1:15,5.37562,2.00045,5.87193,-24.9232,12.65213,9.31241,4.18955,0.19539,78.24896,-3.742493,-1.108961,0.441187,,,,,,,,,,,,-5.57587,6.54969,-1.78079,50,5.43897,5.70199,-125.84677,1.32281,-8.82869,28.5608,-21.80344,POM_COL,PAC_BOX,PomonaPitzer,D3,Team,20260207-PomonaPitzer-2,4c7e9b50-0470-11f1-87a1-bbe4b648e251,85.43415,,,8.61815,,,,,,,5ab81c87-aa0e-4d85-b863-dca276aed003,2026-02-07,21:59:38.49,2026-02-07T13:59:38.4974336-08:00,2026-02-07T21:59:38.4974336Z,,v3,POM_PIT,,,"Savas, Peter",1000276389,Right,POM_COL,d1341838-772c-4610-a5c7-57d07a88dfaf,54.62227,-126.89145,14.2804,5.376,2.12032,-10.90172,-1.99526,6.02492,-4.41435,,,,,,,,,,,,,,,,,,,,,,,,,,,,,,,,,,,,,,,,,,,,,,,,,,,High,High,High,,,,,
25,2026-02-07,14:00:07.35,6,3,"Dennis, Lucas",10274891,Right,POM_COL,"Shelor, Will",1000237125,Right,PAC_BOX,Undefined,1,Top,2,1,1,Fastball,Four-Seam,BallCalled,Undefined,Undefined,Undefined,0,0,,87.23058,-2.158635,-4.285424,2132.178927,222.372337,1:30,5.34545,1.97631,5.99801,-25.30891,12.1091,9.75993,1.22956,-1.18878,78.51655,-6.917995,-2.536221,0.440263,,,,,,,,,,,,-6.40107,7.34524,-1.64362,50,5.16136,9.03856,-126.08548,-5.55278,-10.11728,29.97811,-20.56447,POM_COL,PAC_BOX,PomonaPitzer,D3,Team,20260207-PomonaPitzer-2,5dae7a80-0470-11f1-87a1-bbe4b648e251,85.61355,,,8.71402,,,,,,,5ab81c87-aa0e-4d85-b863-dca276aed003,2026-02-07,22:00:07.35,2026-02-07T14:00:07.3598464-08:00,2026-02-07T22:00:07.3598464Z,,v3,POM_PIT,,,"Savas, Peter",1000276389,Right,POM_COL,2eaa3ac6-53d5-4598-8ebe-2337995fcb1d,54.4969,-127.15017,14.98906,5.3456,-4.82242,-10.28223,-1.97101,9.39788,-5.05864,,,,,,,,,,,,,,,,,,,,,,,,,,,,,,,,,,,,,,,,,,,,,,,,,,,High,High,High,,,,,
26,2026-02-07,14:00:32.61,6,4,"Dennis, Lucas",10274891,Right,POM_COL,"Shelor, Will",1000237125,Right,PAC_BOX,Undefined,1,Top,2,2,1,Slider,Slider,BallCalled,Undefined,Undefined,Undefined,0,0,,78.65391,2.828525,-0.50866,2384.376286,84.524742,8:45,5.26843,2.17448,5.49782,-45.80459,0.44059,-11.44257,4.09932,0.74514,71.39484,-5.58825,-2.545729,0.489446,,,,,,,,,,,,5.54217,-0.08217,-2.1224,50,5.48555,1.47776,-113.9878,4.08407,7.23593,22.45228,-32.28133,POM_COL,PAC_BOX,PomonaPitzer,D3,Team,20260207-PomonaPitzer-2,6cbbeee0-0470-11f1-87a1-bbe4b648e251,77.01044,,,7.25907,,,,,,,5ab81c87-aa0e-4d85-b863-dca276aed003,2026-02-07,22:00:32.61,2026-02-07T14:00:32.6171648-08:00,2026-02-07T22:00:32.6171648Z,,v3,POM_PIT,,,"Savas, Peter",1000276389,Right,POM_COL,b75ba880-79f4-4a4b-90de-c147677b4a76,54.99888,-114.96822,11.22614,5.27644,5.49368,-16.14067,-2.18003,1.16179,3.61797,,,,,,,,,,,,,,,,,,,,,,,,,,,,,,,,,,,,,,,,,,,,,,,,,,,High,High,High,,,,,
27,2026-02-07,14:00:51.98,6,5,"Dennis, Lucas",10274891,Right,POM_COL,"Shelor, Will",1000237125,Right,PAC_BOX,Undefined,1,Top,2,3,1,Fastball,Four-Seam,BallCalled,Walk,Undefined,Undefined,0,0,,87.86313,0.37947,-1.31007,2123.186644,226.421002,1:30,5.48009,1.81313,6.06287,-27.80356,8.50339,7.61729,3.51442,1.23523,79.49495,-4.839082,0.061496,0.433677,,,,,,,,,,,,-4.27421,4.6578,-1.7152,50,5.49498,2.59061,-127.49558,-0.05744,-6.9602,28.82608,-24.58917,POM_COL,PAC_BOX,PomonaPitzer,D3,Team,20260207-PomonaPitzer-2,7848c800-0470-11f1-87a1-bbe4b648e251,86.91362,,,8.36818,,,,,,,5ab81c87-aa0e-4d85-b863-dca276aed003,2026-02-07,22:00:51.98,2026-02-07T14:00:51.9812096-08:00,2026-02-07T22:00:51.9812096Z,,v3,POM_PIT,,,"Savas, Peter",1000276389,Right,POM_COL,306efdb2-a070-45d2-a484-375751bc2f94,54.43174,-128.49367,14.41304,5.48223,0.79395,-12.29458,-1.80907,2.8316,-3.4801,,,,,,,,,,,,,,,,,,,,,,,,,,,,,,,,,,,,,,,,,,,,,,,,,,,High,High,High,,,,,
28,2026-02-07,14:01:22.24,7,1,"Dennis, Lucas",10274891,Right,POM_COL,"Collado, Riz",1000397379,Right,PAC_BOX,Undefined,1,Top,2,0,0,Slider,Slider,BallCalled,Undefined,Undefined,Undefined,0,0,,78.48555,2.477532,-1.929213,2388.448594,70.470637,8:15,5.21141,2.14537,5.58885,-48.5603,-2.15831,-10.48591,3.48092,-0.53057,71.26498,-6.436514,-3.797557,0.490275,,,,,,,,,,,,4.66272,-1.31819,-1.97295,50,5.39317,4.24798,-113.72731,3.2978,6.04324,22.88081,-33.88251,POM_COL,PAC_BOX,PomonaPitzer,D3,Team,20260207-PomonaPitzer-2,8a4d0e30-0470-11f1-87a1-bbe4b648e251,76.88021,,,7.22056,,,,,,,5ab81c87-aa0e-4d85-b863-dca276aed003,2026-02-07,22:01:22.24,2026-02-07T14:01:22.2433280-08:00,2026-02-07T22:01:22.2433280Z,,v3,POM_PIT,,,"Savas, Peter",1000276389,Right,POM_COL,5da08407-9d52-4dd0-a4fc-0db75cd5904d,54.90873,-114.71065,11.4404,5.22015,4.75394,-16.94125,-2.14993,3.98826,3.02162,,,,,,,,,,,,,,,,,,,,,,,,,,,,,,,,,,,,,,,,,,,,,,,,,,,High,High,High,,,,,
29,2026-02-07,14:01:42.58,7,2,"Dennis, Lucas",10274891,Right,POM_COL,"Collado, Riz",1000397379,Right,PAC_BOX,Undefined,1,Top,2,1,0,Fastball,Sinker,BallCalled,Undefined,Undefined,Undefined,0,0,,88.05508,-2.443263,-3.836824,2008.441118,222.90488,1:30,5.41694,1.84599,6.2786,-24.6356,11.23351,9.31237,1.10551,-0.91979,80.24194,-7.069912,-2.157197,0.431054,,,,,,,,,,,,-5.97559,6.92626,-1.56677,50,5.22419,8.18564,-127.55924,-6.19929,-9.78241,27.81337,-20.83538,POM_COL,PAC_BOX,PomonaPitzer,D3,Team,20260207-PomonaPitzer-2,966e8630-0470-11f1-87a1-bbe4b648e251,87.44249,,,7.81313,,,,,,,5ab81c87-aa0e-4d85-b863-dca276aed003,2026-02-07,22:01:42.58,2026-02-07T14:01:42.5877504-08:00,2026-02-07T22:01:42.5877504Z,,v3,POM_PIT,,,"Savas, Peter",1000276389,Right,POM_COL,84a67c98-2e57-4dd3-bc65-edbd7da06508,54.21923,-128.47592,13.90669,5.41719,-5.51259,-10.41769,-1.84187,8.50805,-4.89121,,,,,,,,,,,,,,,,,,,,,,,,,,,,,,,,,,,,,,,,,,,,,,,,,,,High,High,High,,,,,
30,2026-02-07,14:02:01.44,7,3,"Dennis, Lucas",10274891,Right,POM_COL,"Collado, Riz",1000397379,Right,PAC_BOX,Undefined,1,Top,2,2,0,Fastball,Four-Seam,FoulBallNotFieldable,Undefined,Undefined,Undefined,0,0,,87.50012,-0.759397,-3.035233,2161.855621,216.630591,1:15,5.41726,1.94127,6.157,-24.27478,12.31796,8.19835,2.69177,-0.18227,79.11649,-5.347043,-1.558919,0.43538,65.4588,53.005758,42.034675,,,,,,59.88678,,,-5.21114,6.98339,-1.71482,50,5.34716,6.39952,-126.86964,-2.41616,-8.38455,29.06363,-20.93801,POM_COL,PAC_BOX,PomonaPitzer,D3,Team,20260207-PomonaPitzer-2,a1a96ec0-0470-11f1-87a1-bbe4b648e251,86.57361,64.45737,,8.38364,,,,2.27191,2.7712,0.15882,5ab81c87-aa0e-4d85-b863-dca276aed003,2026-02-07,22:02:01.44,2026-02-07T14:02:01.4496256-08:00,2026-02-07T22:02:01.4496256Z,,v3,POM_PIT,,,"Savas, Peter",1000276389,Right,POM_COL,fcb825f7-9c8c-443f-9160-fd824cc75679,54.34049,-127.8601,14.53182,5.41734,-1.70261,-10.469,-1.93778,6.68526,-4.19228,,2.27191,42.9085,-3.16048,0.62031,-0.26431,0.37722,-0.39097,0.2063,-0.04316,2.7712,76.68026,-21.4687,2.03138,-0.76112,0.83517,-0.83387,0.43827,-0.09153,0.15882,38.68044,-7.77549,1.6962,0.49265,-1.70349,1.88814,-1.01142,0.21294,,,,,,,,,,,,,,,,,,,,,,,High,High,High,Low,Undefined,,,
31,2026-02-07,14:02:38.40,7,4,"Dennis, Lucas",10274891,Right,POM_COL,"Collado, Riz",1000397379,Right,PAC_BOX,Undefined,1,Top,2,2,1,ChangeUp,Changeup,StrikeSwinging,Undefined,Undefined,Undefined,0,0,,78.34879,1.420432,-3.701211,1250.958895,255.043431,2:30,5.2452,2.10632,6.47119,-40.09699,5.46646,14.00442,3.21126,-0.13046,70.25155,-6.136294,-1.166581,0.485825,,,,,,,,,,,,-8.48107,2.9337,-1.85044,50,5.32861,6.82827,-113.44679,1.70085,-10.81557,24.90874,-28.43284,POM_COL,PAC_BOX,PomonaPitzer,D3,Team,20260207-PomonaPitzer-2,b7bc8670-0470-11f1-87a1-bbe4b648e251,77.58441,,,8.09724,,,,,,,5ab81c87-aa0e-4d85-b863-dca276aed003,2026-02-07,22:02:38.40,2026-02-07T14:02:38.4096768-08:00,2026-02-07T22:02:38.4096768Z,,v3,POM_PIT,,,"Savas, Peter",1000276389,Right,POM_COL,4446fed1-c091-4da9-8000-c57a446e6091,54.02336,-114.32677,12.45437,5.25077,2.70532,-14.21642,-2.09841,7.21036,-5.40779,,,,,,,,,,,,,,,,,,,,,,,,,,,,,,,,,,,,,,,,,,,,,,,,,,,High,High,High,,,,,
32,2026-02-07,14:03:01.17,7,5,"Dennis, Lucas",10274891,Right,POM_COL,"Collado, Riz",1000397379,Right,PAC_BOX,Undefined,1,Top,2,2,2,Slider,Slider,HitByPitch,Undefined,Undefined,Undefined,0,1,,79.05061,2.94565,0.937216,2713.14584,76.465359,8:30,5.35648,2.0094,5.10414,-48.32081,-1.59665,-13.46032,4.10804,1.77086,71.33601,-5.872822,-1.442396,0.491974,,,,,,,,,,,,7.01595,-1.30721,-2.08654,50,5.5966,-1.31837,-114.44612,4.17609,9.17664,23.84607,-33.88385,POM_COL,PAC_BOX,PomonaPitzer,D3,Team,20260207-PomonaPitzer-2,c5492730-0470-11f1-87a1-bbe4b648e251,76.61469,,,7.7146,,,,,,,5ab81c87-aa0e-4d85-b863-dca276aed003,2026-02-07,22:03:01.17,2026-02-07T14:03:01.1712512-08:00,2026-02-07T22:03:01.1712512Z,,v3,POM_PIT,,,"Savas, Peter",1000276389,Right,POM_COL,f7f91c44-b757-4112-972e-74f558651713,55.39495,-115.56474,11.92304,5.36342,5.76559,-16.94192,-2.01459,-1.74885,4.58832,,,,,,,,,,,,,,,,,,,,,,,,,,,,,,,,,,,,,,,,,,,,,,,,,,,High,High,High,,,,,
33,2026-02-07,14:04:40.58,8,1,"Dennis, Lucas",10274891,Right,POM_COL,"Ditona, Zander",1000072695,Right,PAC_BOX,Undefined,1,Top,2,0,0,Fastball,Four-Seam,InPlay,Undefined,FlyBall,Out,1,0,,87.94086,-1.466758,-2.593174,2179.231211,215.594488,1:15,5.52407,1.93033,6.13339,-23.55072,12.64914,8.14851,2.20416,0.21095,79.69411,-5.911702,-1.125235,0.433037,92.92891,20.858909,-3.067551,2784.275056,109.97741,37.24768,-2.20239,342.34705,334.47455,3.05003,3.891756,-5.01504,7.36122,-1.7364,50,5.39985,5.44519,-127.52999,-3.98352,-8.16766,28.94237,-20.18532,POM_COL,PAC_BOX,PomonaPitzer,D3,Team,20260207-PomonaPitzer-2,007ec6c0-0471-11f1-87a1-bbe4b648e251,87.04209,47.49046,,8.24675,,,,0.95184,2.326,-0.21398,5ab81c87-aa0e-4d85-b863-dca276aed003,2026-02-07,22:04:40.58,2026-02-07T14:04:40.5815808-08:00,2026-02-07T22:04:40.5815808Z,LineDrive,v3,POM_PIT,,,"Savas, Peter",1000276389,Right,POM_COL,9990c049-02f0-40bc-8065-58f9410d10e6,54.36371,-128.5165,14.47118,5.52391,-3.2955,-10.09266,-1.92675,5.72359,-4.08383,205.911191,0.95155,127.1879,-19.85032,4.45454,-0.89935,0.18891,-0.03803,0.00514,-0.0003,2.32658,48.51336,-13.12897,-0.1471,0.23934,-0.1204,0.03486,-0.0048,0.00024,-0.21384,-6.81972,6.13487,-1.56214,0.36858,-0.08928,0.0192,-0.00262,0.00015,,,,,,,,,,,,,,,,,,,,,,,High,High,High,High,Medium,,,
34,2026-02-07,14:07:44.61,1,1,"Durvasula, Miles",832141,Right,PAC_BOX,"Gonzaga, Kai",10138924,Left,POM_COL,Undefined,1,Bottom,0,0,0,Fastball,Four-Seam,StrikeCalled,Undefined,Undefined,Undefined,0,0,,88.75193,-1.329827,-1.742889,1994.738171,201.077793,12:45,6.08851,1.4157,5.317,-18.07721,18.93497,6.75032,3.33322,0.342,79.45036,-4.773887,-0.544859,0.437869,,,,,,,,,,,,-3.92292,10.28863,-1.2627,50,5.95555,3.58892,-128.4031,-3.54005,-6.41889,31.52579,-15.33918,POM_COL,PAC_BOX,PomonaPitzer,D3,Team,20260207-PomonaPitzer-2,6e2ec350-0471-11f1-87a1-bbe4b648e251,86.08164,,,9.30157,,,,,,,5ab81c87-aa0e-4d85-b863-dca276aed003,2026-02-07,22:07:44.61,2026-02-07T14:07:44.6159360-08:00,2026-02-07T22:07:44.6159360Z,,v3,POM_PIT,,,"Laureano, Alex",1000242072,Right,PAC_BOX,267c0ecd-a2a4-459d-8d5b-fe5a620f7145,55.17525,-129.66751,15.7629,6.08519,-2.92484,-7.66959,-1.4118,3.84636,-3.20945,,,,,,,,,,,,,,,,,,,,,,,,,,,,,,,,,,,,,,,,,,,,,,,,,,,High,High,High,,,,,
35,2026-02-07,14:08:04.03,1,2,"Durvasula, Miles",832141,Right,PAC_BOX,"Gonzaga, Kai",10138924,Left,POM_COL,Undefined,1,Bottom,0,0,1,Fastball,Four-Seam,FoulBallNotFieldable,Undefined,Undefined,Undefined,0,0,,89.28896,-1.772963,-1.54328,1984.469259,201.523998,12:45,6.14641,1.27787,5.36589,-18.57761,17.50828,6.40941,2.9347,0.36457,80.90283,-5.274392,-0.404354,0.432354,,,,,,,,,,,,-3.67819,9.68682,-1.14407,50,5.97453,3.19357,-129.38212,-4.61081,-6.17991,29.21184,-15.89869,POM_COL,PAC_BOX,PomonaPitzer,D3,Team,20260207-PomonaPitzer-2,79c38bb0-0471-11f1-87a1-bbe4b648e251,87.17948,,,8.38613,,,,,,,5ab81c87-aa0e-4d85-b863-dca276aed003,2026-02-07,22:08:04.03,2026-02-07T14:08:04.0370176-08:00,2026-02-07T22:08:04.0370176Z,,v3,POM_PIT,,,"Laureano, Alex",1000242072,Right,PAC_BOX,303a9467-a2de-4ed8-a384-0f3d4884d914,55.13024,-130.53529,14.60592,6.14416,-3.98319,-7.94934,-1.27496,3.43753,-3.08996,,,,,,,,,,,,,,,,,,,,,,,,,,,,,,,,,,,,,,,,,,,,,,,,,,,High,High,High,,,,,
36,2026-02-07,14:08:30.11,1,3,"Durvasula, Miles",832141,Right,PAC_BOX,"Gonzaga, Kai",10138924,Left,POM_COL,Undefined,1,Bottom,0,0,2,Splitter,Splitter,BallCalled,Undefined,Undefined,Undefined,0,0,,82.09768,0.200675,-0.795553,835.714385,265.380794,2:45,5.5262,2.18359,5.58113,-40.52994,2.23441,7.77933,2.33614,2.08885,73.85803,-7.281874,0.594431,0.470666,,,,,,,,,,,,-4.15445,1.60051,-2.12016,50,5.51769,1.32248,-118.94619,-0.98202,-5.82797,27.24344,-29.92881,POM_COL,PAC_BOX,PomonaPitzer,D3,Team,20260207-PomonaPitzer-2,89557250-0471-11f1-87a1-bbe4b648e251,80.08328,,,8.23965,,,,,,,5ab81c87-aa0e-4d85-b863-dca276aed003,2026-02-07,22:08:30.11,2026-02-07T14:08:30.1111296-08:00,2026-02-07T22:08:30.1111296Z,,v3,POM_PIT,,,"Laureano, Alex",1000242072,Right,PAC_BOX,74ea78c8-bccb-4de6-926e-bb7e8c91d909,54.91291,-120.06617,13.62172,5.53278,0.24836,-14.96441,-2.17946,1.56207,-2.91399,,,,,,,,,,,,,,,,,,,,,,,,,,,,,,,,,,,,,,,,,,,,,,,,,,,High,High,High,,,,,
37,2026-02-07,14:08:50.90,1,4,"Durvasula, Miles",832141,Right,PAC_BOX,"Gonzaga, Kai",10138924,Left,POM_COL,Undefined,1,Bottom,0,1,2,Fastball,Four-Seam,InPlay,Undefined,Popup,Out,1,0,,89.89694,-1.240846,-2.007835,2088.511716,215.675715,1:15,6.13683,1.45183,5.44403,-17.65214,18.25721,12.11705,3.50313,0.58089,80.43804,-4.612584,0.147668,0.431296,116.22619,-47.385969,-155.627695,,,,,2.8382,2.8382,-138.167221,0.027461,-6.76922,9.98989,-1.28299,50,6.01559,4.00603,-130.12276,-3.36742,-11.35985,32.70634,-15.40936,POM_COL,PAC_BOX,PomonaPitzer,D3,Team,20260207-PomonaPitzer-2,95b8fc60-0471-11f1-87a1-bbe4b648e251,87.39349,3.45128,,9.4589,,,,0.77749,3.45128,-0.58268,5ab81c87-aa0e-4d85-b863-dca276aed003,2026-02-07,22:08:50.90,2026-02-07T14:08:50.9027840-08:00,2026-02-07T22:08:50.9027840Z,GroundBall,v3,POM_PIT,,,"Laureano, Alex",1000242072,Right,PAC_BOX,58a3e964-6eae-4bb2-a07f-c9b9ea556788,55.05111,-131.38622,16.35317,6.13418,-2.77216,-7.70468,-1.44622,4.44486,-5.67992,,0.77833,-105.319,,,,,,,,3.45228,-125.67722,,,,,,,,-0.5823,-47.71345,,,,,,,,,,,,,,,,,,,,,,,,,,,,,,High,High,High,Estimated,Estimated,,,
38,2026-02-07,14:09:28.79,2,1,"Durvasula, Miles",832141,Right,PAC_BOX,"Pierantoni, Greg",1000091552,Right,POM_COL,Undefined,1,Bottom,1,0,0,Fastball,Four-Seam,BallCalled,Undefined,Undefined,Undefined,0,0,,89.3833,-0.73048,-4.25056,2094.757162,213.058013,1:00,6.1709,1.08734,5.34216,-15.99883,20.81926,12.57859,4.15049,-1.85911,79.34297,-3.82542,-2.025482,0.436719,,,,,,,,,,,,-7.71331,11.03501,-0.71255,50,6.0941,8.9845,-128.97225,-2.10038,-12.65642,33.27766,-14.0672,POM_COL,PAC_BOX,PomonaPitzer,D3,Team,20260207-PomonaPitzer-2,ac453bb0-0471-11f1-87a1-bbe4b648e251,86.30823,,,10.04033,,,,,,,5ab81c87-aa0e-4d85-b863-dca276aed003,2026-02-07,22:09:28.79,2026-02-07T14:09:28.7922176-08:00,2026-02-07T22:09:28.7922176Z,,v3,POM_PIT,,,"Laureano, Alex",1000242072,Right,PAC_BOX,a65af88e-85b9-40c8-a0c1-4ebcdf58668e,55.14937,-130.29413,16.63883,6.16644,-1.54159,-7.0336,-1.07942,9.48724,-6.32821,,,,,,,,,,,,,,,,,,,,,,,,,,,,,,,,,,,,,,,,,,,,,,,,,,,High,High,High,,,,,
39,2026-02-07,14:09:46.58,2,2,"Durvasula, Miles",832141,Right,PAC_BOX,"Pierantoni, Greg",1000091552,Right,POM_COL,Undefined,1,Bottom,1,1,0,Fastball,Sinker,BallCalled,Undefined,Undefined,Undefined,0,0,,88.41293,-0.107208,-1.53038,2066.288283,231.968699,1:45,6.15027,1.29077,5.43795,-22.00273,15.24213,17.62017,4.21628,1.32573,78.81452,-4.272262,1.604973,0.439243,,,,,,,,,,,,-9.27764,8.09174,-1.16746,50,6.12618,2.5977,-127.96026,-0.95768,-15.0037,32.46469,-19.08818,POM_COL,PAC_BOX,PomonaPitzer,D3,Team,20260207-PomonaPitzer-2,b6e0aff0-0471-11f1-87a1-bbe4b648e251,85.81233,,,9.59841,,,,,,,5ab81c87-aa0e-4d85-b863-dca276aed003,2026-02-07,22:09:46.58,2026-02-07T14:09:46.5805312-08:00,2026-02-07T22:09:46.5805312Z,,v3,POM_PIT,,,"Laureano, Alex",1000242072,Right,PAC_BOX,b4a716f4-1591-43ce-b4ab-4a3c84650a6f,55.05493,-129.23638,16.23235,6.14907,-0.20737,-9.54409,-1.28116,3.18746,-7.50185,,,,,,,,,,,,,,,,,,,,,,,,,,,,,,,,,,,,,,,,,,,,,,,,,,,High,High,High,,,,,
40,2026-02-07,14:10:09.47,2,3,"Durvasula, Miles",832141,Right,PAC_BOX,"Pierantoni, Greg",1000091552,Right,POM_COL,Undefined,1,Bottom,1,2,0,Curveball,Curveball,HitByPitch,Undefined,Undefined,Undefined,0,0,,75.03483,3.566115,1.873499,2186.802263,66.817439,8:15,5.81223,1.59789,4.98856,-58.20889,-5.43819,-17.48855,4.33494,1.91018,67.01243,-7.036973,-1.210558,0.522839,,,,,,,,,,,,9.25241,-3.31996,-1.76335,50,6.10915,-2.83141,-108.37281,4.73242,10.72795,23.36108,-36.02345,POM_COL,PAC_BOX,PomonaPitzer,D3,Team,20260207-PomonaPitzer-2,c49c7700-0471-11f1-87a1-bbe4b648e251,72.09189,,,8.0224,,,,,,,5ab81c87-aa0e-4d85-b863-dca276aed003,2026-02-07,22:10:09.47,2026-02-07T14:10:09.4707200-08:00,2026-02-07T22:10:09.4707200Z,,v3,POM_PIT,,,"Laureano, Alex",1000242072,Right,PAC_BOX,947e98e9-b970-48ed-b9b2-6180952e33f0,55.50902,-109.55391,11.68054,5.82384,6.55371,-18.01173,-1.60649,-3.3738,5.36398,,,,,,,,,,,,,,,,,,,,,,,,,,,,,,,,,,,,,,,,,,,,,,,,,,,High,High,High,,,,,
41,2026-02-07,14:10:45.52,3,1,"Durvasula, Miles",832141,Right,PAC_BOX,"Gold, Jack",1000108729,Left,POM_COL,Undefined,1,Bottom,1,0,0,Fastball,Four-Seam,StrikeCalled,Undefined,Undefined,Undefined,0,0,,89.72599,-1.402158,-2.360907,2127.68798,216.06572,1:15,6.07618,1.54677,5.36189,-20.55828,15.04087,10.08776,3.04677,0.17227,81.62882,-5.244487,-0.56947,0.429429,,,,,,,,,,,,-5.70162,8.29355,-1.34191,50,5.93587,4.89281,-130.03266,-3.8889,-9.72607,28.20566,-18.02653,POM_COL,PAC_BOX,PomonaPitzer,D3,Team,20260207-PomonaPitzer-2,da04f6d0-0471-11f1-87a1-bbe4b648e251,87.77342,,,8.09717,,,,,,,5ab81c87-aa0e-4d85-b863-dca276aed003,2026-02-07,22:10:45.52,2026-02-07T14:10:45.5207936-08:00,2026-02-07T22:10:45.5207936Z,,v3,POM_PIT,,,"Laureano, Alex",1000242072,Right,PAC_BOX,f8e01191-4b38-45d3-bf59-e6f4efad07a4,55.13404,-131.14157,14.10283,6.07483,-3.18019,-9.01326,-1.54178,5.27518,-4.86303,,,,,,,,,,,,,,,,,,,,,,,,,,,,,,,,,,,,,,,,,,,,,,,,,,,High,High,High,,,,,
42,2026-02-07,14:11:08.51,3,2,"Durvasula, Miles",832141,Right,PAC_BOX,"Gold, Jack",1000108729,Left,POM_COL,Undefined,1,Bottom,1,0,1,Fastball,Four-Seam,BallCalled,Undefined,Undefined,Undefined,0,0,,88.94631,0.189596,-0.968458,2094.103477,214.146005,1:15,6.05858,1.58664,5.38126,-18.31407,18.23391,11.46453,4.71016,1.6341,79.893,-3.296833,1.069227,0.435114,,,,,,,,,,,,-6.00811,9.43969,-1.50814,50,6.06314,1.64456,-128.85981,-0.14427,-9.94461,30.6719,-16.54946,POM_COL,PAC_BOX,PomonaPitzer,D3,Team,20260207-PomonaPitzer-2,e7c0e4f0-0471-11f1-87a1-bbe4b648e251,86.62654,,,9.05331,,,,,,,5ab81c87-aa0e-4d85-b863-dca276aed003,2026-02-07,22:11:08.51,2026-02-07T14:11:08.5169152-08:00,2026-02-07T22:11:08.5169152Z,,v3,POM_PIT,,,"Laureano, Alex",1000242072,Right,PAC_BOX,ebde5a03-f096-4cf3-8469-7217098451f1,55.11262,-130.07105,15.33595,6.05594,0.50927,-8.27473,-1.58084,2.03728,-4.97231,,,,,,,,,,,,,,,,,,,,,,,,,,,,,,,,,,,,,,,,,,,,,,,,,,,High,High,High,,,,,
43,2026-02-07,14:11:46.41,3,3,"Durvasula, Miles",832141,Right,PAC_BOX,"Gold, Jack",1000108729,Left,POM_COL,Undefined,1,Bottom,1,1,1,Fastball,Four-Seam,BallCalled,Undefined,Undefined,Undefined,0,0,,88.13127,-0.854148,-2.460161,2042.703162,197.613707,12:30,6.18554,1.40407,5.40053,-17.86749,19.41084,5.72504,3.8954,-0.42557,79.17869,-4.261356,-1.443501,0.43944,,,,,,,,,,,,-3.64792,10.38957,-1.18875,50,6.09737,5.21799,-127.55819,-2.44303,-5.91502,30.12284,-15.32761,POM_COL,PAC_BOX,PomonaPitzer,D3,Team,20260207-PomonaPitzer-2,fe4d7260-0471-11f1-87a1-bbe4b648e251,85.77377,,,8.95258,,,,,,,5ab81c87-aa0e-4d85-b863-dca276aed003,2026-02-07,22:11:46.41,2026-02-07T14:11:46.4174592-08:00,2026-02-07T22:11:46.4174592Z,,v3,POM_PIT,,,"Laureano, Alex",1000242072,Right,PAC_BOX,bd65583e-ebeb-4b02-8899-8c7603538bb8,55.09312,-128.75532,15.06142,6.18235,-1.83389,-7.66381,-1.40079,5.45306,-2.95751,,,,,,,,,,,,,,,,,,,,,,,,,,,,,,,,,,,,,,,,,,,,,,,,,,,High,High,High,,,,,
44,2026-02-07,14:12:09.30,3,4,"Durvasula, Miles",832141,Right,PAC_BOX,"Gold, Jack",1000108729,Left,POM_COL,Undefined,1,Bottom,1,2,1,Fastball,Four-Seam,BallCalled,Undefined,Undefined,Undefined,0,0,,87.59992,3.076817,-0.318959,2044.567564,210.033539,1:00,6.41319,1.17102,5.28487,-19.14206,18.60588,10.01327,7.71021,1.70594,78.81678,-0.553479,1.45664,0.442199,,,,,,,,,,,,-4.99059,8.66107,-1.149,50,6.68021,0.22807,-126.73928,6.22198,-8.03856,28.25015,-18.22333,POM_COL,PAC_BOX,PomonaPitzer,D3,Team,20260207-PomonaPitzer-2,0bf5ff90-0472-11f1-87a1-bbe4b648e251,85.23858,,,8.78314,,,,,,,5ab81c87-aa0e-4d85-b863-dca276aed003,2026-02-07,22:12:09.30,2026-02-07T14:12:09.3016576-08:00,2026-02-07T22:12:09.3016576Z,,v3,POM_PIT,,,"Laureano, Alex",1000242072,Right,PAC_BOX,3d4d442f-72e1-4917-bfc1-573a4121e326,55.20645,-127.89453,14.12508,6.41054,6.96719,-9.11166,-1.16504,0.5568,-4.01928,,,,,,,,,,,,,,,,,,,,,,,,,,,,,,,,,,,,,,,,,,,,,,,,,,,High,High,High,,,,,
45,2026-02-07,14:12:42.76,3,5,"Durvasula, Miles",832141,Right,PAC_BOX,"Gold, Jack",1000108729,Left,POM_COL,Undefined,1,Bottom,1,3,1,Fastball,Four-Seam,BallCalled,Walk,Undefined,Undefined,0,0,,88.11861,-0.672466,-1.856598,2036.624621,204.042667,12:45,6.27175,1.13914,5.38876,-17.11918,19.99273,8.33004,4.21451,0.09259,79.47898,-3.938649,-0.376594,0.438458,,,,,,,,,,,,-4.72319,10.59607,-0.97917,50,6.20009,3.75662,-127.65995,-2.01079,-7.70528,29.08699,-14.88798,POM_COL,PAC_BOX,PomonaPitzer,D3,Team,20260207-PomonaPitzer-2,1feb1940-0472-11f1-87a1-bbe4b648e251,85.96586,,,8.63963,,,,,,,5ab81c87-aa0e-4d85-b863-dca276aed003,2026-02-07,22:12:42.76,2026-02-07T14:12:42.7679232-08:00,2026-02-07T22:12:42.7679232Z,,v3,POM_PIT,,,"Laureano, Alex",1000242072,Right,PAC_BOX,fe055f07-24e1-4fcb-9c0e-72b56655d8c7,55.10567,-128.81801,14.5435,6.26834,-1.41804,-7.44399,-1.13484,4.0634,-3.85264,,,,,,,,,,,,,,,,,,,,,,,,,,,,,,,,,,,,,,,,,,,,,,,,,,,High,High,High,,,,,
46,2026-02-07,14:13:14.78,4,1,"Durvasula, Miles",832141,Right,PAC_BOX,"DeGrazia, Tanner",1000214434,Right,POM_COL,Undefined,1,Bottom,1,0,0,Fastball,Four-Seam,StrikeCalled,Undefined,Undefined,Undefined,0,0,,86.43848,-2.57426,-2.700342,1962.862748,197.117354,12:30,6.3558,0.92518,5.3416,-18.72111,19.89655,5.70941,2.37653,-1.13406,78.4131,-6.10404,-1.6876,0.447264,,,,,,,,,,,,-3.64563,11.11599,-0.6857,50,6.11038,5.64194,-125.06878,-6.20366,-5.73096,26.99667,-14.69953,POM_COL,PAC_BOX,PomonaPitzer,D3,Team,20260207-PomonaPitzer-2,330897a0-0472-11f1-87a1-bbe4b648e251,84.27327,,,8.02538,,,,,,,5ab81c87-aa0e-4d85-b863-dca276aed003,2026-02-07,22:13:14.78,2026-02-07T14:13:14.7866112-08:00,2026-02-07T22:13:14.7866112Z,,v3,POM_PIT,,,"Laureano, Alex",1000242072,Right,PAC_BOX,726a30f5-dfb6-41a3-a4ba-3e0dd83e30bf,55.15295,-126.17617,13.49834,6.35248,-5.60069,-7.34977,-0.92195,5.87702,-2.86548,,,,,,,,,,,,,,,,,,,,,,,,,,,,,,,,,,,,,,,,,,,,,,,,,,,High,High,High,,,,,
47,2026-02-07,14:13:34.55,4,2,"Durvasula, Miles",832141,Right,PAC_BOX,"DeGrazia, Tanner",1000214434,Right,POM_COL,Undefined,1,Bottom,1,0,1,Fastball,Changeup,FoulBallNotFieldable,Undefined,Undefined,Undefined,0,0,,83.40065,-0.821503,-2.4906,1936.975339,212.142187,1:00,6.35146,0.85552,5.15713,-25.67706,15.9378,9.12095,3.43764,-0.73029,75.7545,-5.59045,-0.877384,0.464297,,,,,,,,,,,,-5.2713,8.59453,-0.63014,50,6.25558,4.85805,-120.81163,-2.59508,-7.74207,24.90792,-19.55109,POM_COL,PAC_BOX,PomonaPitzer,D3,Team,20260207-PomonaPitzer-2,3ed36420-0472-11f1-87a1-bbe4b648e251,81.1818,,,7.64615,,,,,,,5ab81c87-aa0e-4d85-b863-dca276aed003,2026-02-07,22:13:34.55,2026-02-07T14:13:34.5534464-08:00,2026-02-07T22:13:34.5534464Z,,v3,POM_PIT,,,"Laureano, Alex",1000242072,Right,PAC_BOX,60d044ec-8825-45c1-9533-581b811377df,55.33916,-121.90744,12.45396,6.35083,-1.73494,-9.77554,-0.85136,5.19866,-3.87103,,,,,,,,,,,,,,,,,,,,,,,,,,,,,,,,,,,,,,,,,,,,,,,,,,,High,High,High,,,,,
48,2026-02-07,14:13:58.22,4,3,"Durvasula, Miles",832141,Right,PAC_BOX,"DeGrazia, Tanner",1000214434,Right,POM_COL,Undefined,1,Bottom,1,0,2,Curveball,Curveball,BallCalled,Undefined,Undefined,Undefined,0,0,,75.17574,0.791558,-2.472588,2322.894409,66.30667,8:15,5.90095,1.55023,4.56038,-56.34735,-4.12756,-13.16662,1.95943,-1.90166,69.17006,-9.275094,-4.777041,0.520103,,,,,,,,,,,,5.6939,-1.72547,-1.28044,50,5.93028,5.24858,-108.90895,-0.5571,6.81149,19.8389,-34.23821,POM_COL,PAC_BOX,PomonaPitzer,D3,Team,20260207-PomonaPitzer-2,4cee1410-0472-11f1-87a1-bbe4b648e251,72.47115,,,6.00568,,,,,,,5ab81c87-aa0e-4d85-b863-dca276aed003,2026-02-07,22:13:58.22,2026-02-07T14:13:58.2260736-08:00,2026-02-07T22:13:58.2260736Z,,v3,POM_PIT,,,"Laureano, Alex",1000242072,Right,PAC_BOX,51e54251-6292-4e64-8be8-a7dd162849fd,55.93966,-109.98559,9.91945,5.9101,1.30099,-17.1191,-1.55525,4.87893,3.40574,,,,,,,,,,,,,,,,,,,,,,,,,,,,,,,,,,,,,,,,,,,,,,,,,,,High,High,High,,,,,
49,2026-02-07,14:14:20.42,4,4,"Durvasula, Miles",832141,Right,PAC_BOX,"DeGrazia, Tanner",1000214434,Right,POM_COL,Undefined,1,Bottom,1,1,2,Curveball,Curveball,FoulBallNotFieldable,Undefined,Undefined,Undefined,0,0,,73.6621,3.083556,-0.620365,2329.986133,57.586563,8:00,5.73606,1.73247,5.13813,-61.71425,-8.22772,-15.7504,3.49977,-0.16424,67.14298,-8.105887,-3.407604,0.526373,61.21532,26.76037,58.292755,,47.54151,30.56871,99.19577,179.98244,90.54488,67.056234,3.009387,7.63359,-4.49981,-1.66161,50,5.97743,1.7634,-106.74376,3.6722,8.7242,19.99703,-37.31672,POM_COL,PAC_BOX,PomonaPitzer,D3,Team,20260207-PomonaPitzer-2,5a27b2d0-0472-11f1-87a1-bbe4b648e251,71.60785,30.90006,,6.51912,,,,-0.0475,3.28658,0.2524,5ab81c87-aa0e-4d85-b863-dca276aed003,2026-02-07,22:14:20.42,2026-02-07T14:14:20.4225024-08:00,2026-02-07T22:14:20.4225024Z,LineDrive,v3,POM_PIT,,,"Laureano, Alex",1000242072,Right,PAC_BOX,5b7420a6-404f-4b45-a5bb-889ace433448,55.36313,-107.74379,9.99852,5.74713,5.53837,-18.65836,-1.73888,1.32711,4.3621,,-0.04582,42.0606,-8.18167,-0.50494,1.91493,-1.70467,0.76153,-0.15853,0.01247,3.28738,40.39125,-15.88275,0.43263,0.87509,-0.71122,0.24267,-0.03659,0.00186,0.25295,68.18568,-2.90319,-0.24694,-0.32186,0.52763,-0.38557,0.11388,-0.0117,,,,,,,,,,,,,,,,,,,,,,,High,High,High,Medium,Low,,,
50,2026-02-07,14:14:43.06,4,5,"Durvasula, Miles",832141,Right,PAC_BOX,"DeGrazia, Tanner",1000214434,Right,POM_COL,Undefined,1,Bottom,1,1,2,Fastball,Four-Seam,StrikeSwinging,Strikeout,Undefined,Undefined,0,0,,89.97092,-3.821756,-3.09387,2062.826105,207.351007,1:00,6.24842,1.03039,5.35455,-19.74316,16.03623,7.63386,1.00833,-1.23788,81.62681,-7.504807,-1.739352,0.430515,,,,,,,,,,,,-4.7687,9.58607,-0.75755,50,5.89014,6.67644,-129.99507,-9.36339,-8.08264,29.66444,-15.92626,POM_COL,PAC_BOX,PomonaPitzer,D3,Team,20260207-PomonaPitzer-2,67a18ee0-0472-11f1-87a1-bbe4b648e251,87.55205,,,8.34411,,,,,,,5ab81c87-aa0e-4d85-b863-dca276aed003,2026-02-07,22:14:43.06,2026-02-07T14:14:43.0662656-08:00,2026-02-07T22:14:43.0662656Z,,v3,POM_PIT,,,"Laureano, Alex",1000242072,Right,PAC_BOX,cfabe152-041d-4117-bd0f-1a39c190acc0,55.14174,-131.16315,14.83222,6.2465,-8.73627,-7.96313,-1.02671,6.9947,-4.04132,,,,,,,,,,,,,,,,,,,,,,,,,,,,,,,,,,,,,,,,,,,,,,,,,,,High,High,High,,,,,
51,2026-02-07,14:15:13.27,5,1,"Durvasula, Miles",832141,Right,PAC_BOX,"Parker, Will",1000474009,Left,POM_COL,Undefined,1,Bottom,2,0,0,Fastball,Four-Seam,BallCalled,Undefined,Undefined,Undefined,0,0,,91.22919,-3.69189,-3.54116,2174.657364,204.036215,12:45,6.25138,1.13113,5.34242,-14.28528,20.6884,8.64556,1.58626,-1.4745,82.2466,-6.425933,-2.009623,0.42564,,,,,,,,,,,,-5.42465,11.88461,-0.81788,50,5.90787,7.74073,-131.69894,-8.93253,-9.40144,31.42115,-11.57682,POM_COL,PAC_BOX,PomonaPitzer,D3,Team,20260207-PomonaPitzer-2,799bea00-0472-11f1-87a1-bbe4b648e251,88.55482,,,8.98259,,,,,,,5ab81c87-aa0e-4d85-b863-dca276aed003,2026-02-07,22:15:13.27,2026-02-07T14:15:13.2799488-08:00,2026-02-07T22:15:13.2799488Z,,v3,POM_PIT,,,"Laureano, Alex",1000242072,Right,PAC_BOX,34387827-1b7c-43dd-8a4e-c89eabb7616a,55.15247,-132.92255,15.71057,6.24695,-8.48171,-5.78841,-1.12645,8.10684,-4.70072,,,,,,,,,,,,,,,,,,,,,,,,,,,,,,,,,,,,,,,,,,,,,,,,,,,High,High,High,,,,,
52,2026-02-07,14:15:35.11,5,2,"Durvasula, Miles",832141,Right,PAC_BOX,"Parker, Will",1000474009,Left,POM_COL,Undefined,1,Bottom,2,1,0,Fastball,Four-Seam,InPlay,Undefined,GroundBall,Out,1,0,,87.40993,-2.38092,-2.679466,2026.095926,215.865527,1:15,6.15653,1.51239,5.49177,-21.62041,15.93131,10.5639,2.12385,-0.11566,79.29328,-6.430144,-0.799118,0.441048,87.95384,-14.203666,29.023363,,,,,9.17644,7.77964,25.421907,0.063754,-6.15989,9.14997,-1.28514,50,5.93356,5.46489,-126.56778,-5.97317,-9.89948,28.06995,-17.46927,POM_COL,PAC_BOX,PomonaPitzer,D3,Team,20260207-PomonaPitzer-2,86a5c630-0472-11f1-87a1-bbe4b648e251,85.461,2.02144,,8.11665,,,,1.30431,2.02144,0.06448,5ab81c87-aa0e-4d85-b863-dca276aed003,2026-02-07,22:15:35.11,2026-02-07T14:15:35.1192064-08:00,2026-02-07T22:15:35.1192064Z,GroundBall,v3,POM_PIT,,,"Laureano, Alex",1000242072,Right,PAC_BOX,a8076617-da65-40bf-818b-0e9cd0ec6ba2,55.00563,-127.67309,14.03498,6.15522,-5.28528,-8.73464,-1.50801,5.8547,-4.94974,180,1.30239,109.53921,,,,,,,,2.022,-31.70682,,,,,,,,0.06341,60.77698,,,,,,,,,,,,,,,,,,,,,,,,,,,,,,High,High,High,Low,Low,,,
53,2026-02-07,14:17:30.12,1,1,"Dennis, Lucas",10274891,Right,POM_COL,"Bergman, Miles",10273449,Right,PAC_BOX,Undefined,2,Top,0,0,0,Fastball,Sinker,BallCalled,Undefined,Undefined,Undefined,0,0,,84.73769,0.5446,-2.892801,1939.941198,226.379781,1:30,5.42119,2.1976,5.80393,-27.46911,12.1339,11.24804,3.63925,0.4423,76.37868,-4.61486,-0.880748,0.452934,,,,,,,,,,,,-6.5589,6.43307,-1.96629,50,5.44988,5.72114,-122.73798,0.30024,-9.87759,27.18639,-22.48599,POM_COL,PAC_BOX,PomonaPitzer,D3,Team,20260207-PomonaPitzer-2,cb322500-0472-11f1-87a1-bbe4b648e251,83.2183,,,8.35902,,,,,,,5ab81c87-aa0e-4d85-b863-dca276aed003,2026-02-07,22:17:30.12,2026-02-07T14:17:30.1284864-08:00,2026-02-07T22:17:30.1284864Z,,v3,POM_PIT,,,"Savas, Peter",1000276389,Right,POM_COL,0496186e-ad84-4282-b71f-0845ba371c98,54.68976,-123.7724,13.5932,5.42218,1.15581,-11.243,-2.19112,6.09697,-4.93879,,,,,,,,,,,,,,,,,,,,,,,,,,,,,,,,,,,,,,,,,,,,,,,,,,,High,High,High,,,,,
54,2026-02-07,14:17:46.97,1,2,"Dennis, Lucas",10274891,Right,POM_COL,"Bergman, Miles",10273449,Right,PAC_BOX,Undefined,2,Top,0,1,0,Fastball,Changeup,InPlay,Undefined,GroundBall,Single,0,0,,84.20071,-1.661031,-3.102275,1997.196989,225.644679,1:30,5.35461,1.9539,6.00922,-28.01565,11.46776,10.3843,1.47845,-0.0576,76.85021,-6.892531,-1.236281,0.45225,63.99289,-16.360673,-42.108925,,,,,7.38475,6.23864,-31.529075,0.065001,-6.27863,6.77213,-1.71594,50,5.20869,6.21595,-122.10503,-4.40498,-9.43099,25.18483,-22.00179,POM_COL,PAC_BOX,PomonaPitzer,D3,Team,20260207-PomonaPitzer-2,d540c290-0472-11f1-87a1-bbe4b648e251,83.34423,1.72347,,7.3505,,,,1.93926,1.72347,0.07485,5ab81c87-aa0e-4d85-b863-dca276aed003,2026-02-07,22:17:46.97,2026-02-07T14:17:46.9754880-08:00,2026-02-07T22:17:46.9754880Z,GroundBall,v3,POM_PIT,,,"Savas, Peter",1000276389,Right,POM_COL,b195de25-06d7-4cd9-8f38-d1f00d228722,54.48952,-123.02753,12.59241,5.35528,-3.59907,-11.0009,-1.94995,6.56141,-4.7155,,1.93723,67.00369,,,,,,,,1.72427,-26.51443,,,,,,,,0.07668,-60.56145,,,,,,,,,,,,,,,,,,,,,,,,,,,,,,High,High,High,Low,Low,,,
55,2026-02-07,14:18:27.55,2,1,"Dennis, Lucas",10274891,Right,POM_COL,"Hamura, Javin",1000397352,Right,PAC_BOX,Undefined,2,Top,0,0,0,ChangeUp,Changeup,StrikeCalled,Undefined,Undefined,Undefined,0,0,,76.7523,0.403693,-3.531414,1191.662364,270.198857,3:00,5.23523,2.17404,5.97693,-45.95664,1.47386,10.23162,1.78046,-0.25109,70.43423,-8.067697,-1.694504,0.495679,,,,,,,,,,,,-6.22737,1.13945,-1.9,50,5.24201,6.49838,-111.33601,-0.61091,-7.8045,20.2767,-30.74604,POM_COL,PAC_BOX,PomonaPitzer,D3,Team,20260207-PomonaPitzer-2,ed7c3880-0472-11f1-87a1-bbe4b648e251,76.04208,,,6.31807,,,,,,,5ab81c87-aa0e-4d85-b863-dca276aed003,2026-02-07,22:18:27.55,2026-02-07T14:18:27.5552768-08:00,2026-02-07T22:18:27.5552768Z,,v3,POM_PIT,,,"Savas, Peter",1000276389,Right,POM_COL,1be828c8-0849-4a49-b1b7-23ebee1ddfd8,54.52188,-112.15652,10.13835,5.24156,0.63325,-15.37302,-2.16935,6.81419,-3.90225,,,,,,,,,,,,,,,,,,,,,,,,,,,,,,,,,,,,,,,,,,,,,,,,,,,High,High,High,,,,,
56,2026-02-07,14:19:06.24,2,2,"Dennis, Lucas",10274891,Right,POM_COL,"Hamura, Javin",1000397352,Right,PAC_BOX,Undefined,2,Top,0,0,1,Fastball,Changeup,StrikeCalled,Undefined,Undefined,Undefined,0,0,,85.2025,-0.593033,-3.770386,1940.087234,229.606797,1:45,5.46875,2.08085,6.02593,-29.57565,8.83804,8.94808,2.45367,-0.67044,77.94593,-6.099866,-2.164569,0.446082,,,,,,,,,,,,-5.623,5.10095,-1.79019,50,5.40633,7.78004,-123.53922,-2.22222,-8.68841,24.65038,-24.29228,POM_COL,PAC_BOX,PomonaPitzer,D3,Team,20260207-PomonaPitzer-2,047da7d0-0473-11f1-87a1-bbe4b648e251,84.49672,,,7.25657,,,,,,,5ab81c87-aa0e-4d85-b863-dca276aed003,2026-02-07,22:19:06.24,2026-02-07T14:19:06.2477824-08:00,2026-02-07T22:19:06.2477824Z,,v3,POM_PIT,,,"Savas, Peter",1000276389,Right,POM_COL,7e52d74a-778f-4fc7-9a8f-acf7c39e19c5,54.47133,-124.42821,12.32519,5.47068,-1.34615,-12.14614,-2.07642,8.09338,-4.34421,,,,,,,,,,,,,,,,,,,,,,,,,,,,,,,,,,,,,,,,,,,,,,,,,,,High,High,High,,,,,
57,2026-02-07,14:19:30.16,2,3,"Dennis, Lucas",10274891,Right,POM_COL,"Hamura, Javin",1000397352,Right,PAC_BOX,Undefined,2,Top,0,0,2,Fastball,Sinker,BallCalled,Undefined,Undefined,Undefined,0,0,,86.36689,0.668442,-0.112882,2054.804772,232.518012,1:45,5.38897,2.12386,5.98957,-26.43797,10.91906,12.69268,3.80533,3.07697,78.77926,-4.287222,2.169367,0.439904,,,,,,,,,,,,-6.48414,5.78866,-2.12149,50,5.42719,-0.28205,-125.45627,0.62746,-10.31105,25.91222,-22.96895,POM_COL,PAC_BOX,PomonaPitzer,D3,Team,20260207-PomonaPitzer-2,12bef290-0473-11f1-87a1-bbe4b648e251,85.68338,,,7.58764,,,,,,,5ab81c87-aa0e-4d85-b863-dca276aed003,2026-02-07,22:19:30.16,2026-02-07T14:19:30.1646336-08:00,2026-02-07T22:19:30.1646336Z,,v3,POM_PIT,,,"Savas, Peter",1000276389,Right,POM_COL,07224fd0-2d50-43d2-a376-dd537b0400a0,54.50687,-126.38371,12.95611,5.39002,1.44955,-11.48447,-2.118,0.08699,-5.15552,,,,,,,,,,,,,,,,,,,,,,,,,,,,,,,,,,,,,,,,,,,,,,,,,,,High,High,High,,,,,
58,2026-02-07,14:19:52.18,2,4,"Dennis, Lucas",10274891,Right,POM_COL,"Hamura, Javin",1000397352,Right,PAC_BOX,Undefined,2,Top,0,1,2,ChangeUp,Changeup,InPlay,Undefined,Popup,Out,1,0,,77.33982,0.643607,-2.851432,1300.907962,248.112684,2:15,5.24059,2.04346,6.15123,-39.97963,6.66552,12.65678,2.50438,0.46142,70.36492,-6.812773,-0.570483,0.491558,46.09991,-54.322884,-168.884213,,,,,0.81791,0.81791,-92.548823,0.045934,-7.4152,3.71012,-1.83294,50,5.26915,5.14016,-112.21319,0.11341,-9.37231,21.95929,-27.48474,POM_COL,PAC_BOX,PomonaPitzer,D3,Team,20260207-PomonaPitzer-2,1ff31310-0473-11f1-87a1-bbe4b648e251,76.67956,2.54481,,6.9749,,,,1.75644,2.54481,-0.46485,5ab81c87-aa0e-4d85-b863-dca276aed003,2026-02-07,22:19:52.18,2026-02-07T14:19:52.1864192-08:00,2026-02-07T22:19:52.1864192Z,GroundBall,v3,POM_PIT,,,"Savas, Peter",1000276389,Right,POM_COL,a741c811-e4df-45b4-aae3-e914f82988e9,54.34707,-113.06068,10.97965,5.2443,1.17414,-13.74237,-2.0383,5.50188,-4.68616,,1.75893,-39.03037,,,,,,,,2.54835,-55.40167,,,,,,,,-0.46436,-7.66862,,,,,,,,,,,,,,,,,,,,,,,,,,,,,,High,High,High,Estimated,Estimated,,,
59,2026-02-07,14:20:29.90,3,1,"Dennis, Lucas",10274891,Right,POM_COL,"Kazahaya, Trevor",1000154011,Right,PAC_BOX,Undefined,2,Top,1,0,0,ChangeUp,Changeup,BallCalled,Undefined,Undefined,Undefined,0,0,,78.24526,1.510452,-2.416598,1257.697675,250.80496,2:15,5.32597,2.32457,6.00924,-39.28569,6.26323,13.81257,3.45307,1.23548,71.44906,-5.792764,0.0657,0.485747,,,,,,,,,,,,-7.72882,3.26402,-2.14197,50,5.42345,4.27573,-113.5584,1.81465,-10.07367,21.15374,-27.91975,POM_COL,PAC_BOX,PomonaPitzer,D3,Team,20260207-PomonaPitzer-2,365c12f0-0473-11f1-87a1-bbe4b648e251,77.59681,,,6.79621,,,,,,,5ab81c87-aa0e-4d85-b863-dca276aed003,2026-02-07,22:20:29.90,2026-02-07T14:20:29.9008512-08:00,2026-02-07T22:20:29.9008512Z,,v3,POM_PIT,,,"Savas, Peter",1000276389,Right,POM_COL,8a27493e-45b5-46c9-963c-6050cfdc4f85,54.48847,-114.39146,10.57687,5.33033,2.91416,-13.95987,-2.31817,4.67244,-5.03683,,,,,,,,,,,,,,,,,,,,,,,,,,,,,,,,,,,,,,,,,,,,,,,,,,,High,High,High,,,,,
60,2026-02-07,14:20:54.03,3,2,"Dennis, Lucas",10274891,Right,POM_COL,"Kazahaya, Trevor",1000154011,Right,PAC_BOX,Undefined,2,Top,1,1,0,Slider,Curveball,StrikeCalled,Undefined,Undefined,Undefined,0,0,,74.83772,2.37653,-0.905025,2394.058818,100.395755,9:15,5.25254,2.27902,5.16988,-47.47235,3.97339,-12.76473,3.53458,0.36352,68.39095,-6.289625,-3.163436,0.516233,,,,,,,,,,,,6.05221,1.83917,-2.18474,50,5.43817,2.21776,-108.48618,2.93136,7.19576,19.39694,-29.98735,POM_COL,PAC_BOX,PomonaPitzer,D3,Team,20260207-PomonaPitzer-2,44c446a0-0473-11f1-87a1-bbe4b648e251,73.01432,,,6.44677,,,,,,,5ab81c87-aa0e-4d85-b863-dca276aed003,2026-02-07,22:20:54.03,2026-02-07T14:20:54.0365312-08:00,2026-02-07T22:20:54.0365312Z,,v3,POM_PIT,,,"Savas, Peter",1000276389,Right,POM_COL,02896646-94bc-4c04-8eda-8f7f57fe7b96,55.32752,-109.43458,9.69847,5.259,4.39757,-14.99368,-2.28458,1.86593,3.59788,,,,,,,,,,,,,,,,,,,,,,,,,,,,,,,,,,,,,,,,,,,,,,,,,,,High,High,High,,,,,
61,2026-02-07,14:21:16.35,3,3,"Dennis, Lucas",10274891,Right,POM_COL,"Kazahaya, Trevor",1000154011,Right,PAC_BOX,Undefined,2,Top,1,1,1,ChangeUp,Changeup,FoulBallNotFieldable,Undefined,Undefined,Undefined,0,0,,77.75011,-0.027063,-2.604226,1285.618746,257.398154,2:30,5.31269,1.9505,6.16392,-41.17368,4.85933,14.86221,1.85653,0.78176,70.9854,-7.681278,0.077715,0.488322,68.56519,-9.439728,49.987722,,,,,13.27506,9.51179,37.507337,0.118076,-8.53075,2.93488,-1.76069,50,5.28953,4.61643,-112.88543,-1.2459,-10.92302,22.02779,-28.41612,POM_COL,PAC_BOX,PomonaPitzer,D3,Team,20260207-PomonaPitzer-2,520e6020-0473-11f1-87a1-bbe4b648e251,77.18771,1.95266,,6.76471,,,,2.97962,1.95266,-0.91251,5ab81c87-aa0e-4d85-b863-dca276aed003,2026-02-07,22:21:16.35,2026-02-07T14:21:16.3554816-08:00,2026-02-07T22:21:16.3554816Z,GroundBall,v3,POM_PIT,,,"Savas, Peter",1000276389,Right,POM_COL,cf6a3b3a-5eaa-415f-82d0-d39184edc77e,54.33602,-113.72839,11.01389,5.3164,-0.15847,-14.20806,-1.94535,5.03443,-5.46151,180,2.97638,63.95148,,,,,,,,1.9535,-16.53726,,,,,,,,-0.91637,76.18125,,,,,,,,,,,,,,,,,,,,,,,,,,,,,,High,High,High,Low,Low,,,
62,2026-02-07,14:22:09.54,3,4,"Dennis, Lucas",10274891,Right,POM_COL,"Kazahaya, Trevor",1000154011,Right,PAC_BOX,Undefined,2,Top,1,1,2,Fastball,Sinker,BallCalled,Undefined,Undefined,Undefined,0,0,,87.33005,1.247464,-0.144142,2079.845803,220.424747,1:15,5.50228,2.11729,6.09463,-23.07438,13.53383,10.48721,4.73343,2.8579,79.09899,-3.126284,1.744742,0.435472,,,,,,,,,,,,-5.37988,6.95685,-2.11118,50,5.58621,-0.12279,-126.7643,2.07094,-8.68464,27.82943,-20.94372,POM_COL,PAC_BOX,PomonaPitzer,D3,Team,20260207-PomonaPitzer-2,71c56cb0-0473-11f1-87a1-bbe4b648e251,86.55532,,,8.23106,,,,,,,5ab81c87-aa0e-4d85-b863-dca276aed003,2026-02-07,22:22:09.54,2026-02-07T14:22:09.5464960-08:00,2026-02-07T22:22:09.5464960Z,,v3,POM_PIT,,,"Savas, Peter",1000276389,Right,POM_COL,697e8266-8cf7-4cf5-a89b-4c20dc1e7bd3,54.40021,-127.72665,13.91472,5.50207,2.79519,-10.47186,-2.11213,0.17753,-4.34232,,,,,,,,,,,,,,,,,,,,,,,,,,,,,,,,,,,,,,,,,,,,,,,,,,,High,High,High,,,,,
63,2026-02-07,14:22:33.59,3,5,"Dennis, Lucas",10274891,Right,POM_COL,"Kazahaya, Trevor",1000154011,Right,PAC_BOX,Undefined,2,Top,1,2,2,Fastball,Changeup,StrikeSwinging,Strikeout,Undefined,Undefined,0,0,,86.29984,-0.83036,-2.447282,2150.98203,235.360458,1:45,5.32211,2.07134,6.23825,-25.34025,11.86764,15.39001,2.44372,1.09501,78.58677,-5.606615,0.331922,0.439025,,,,,,,,,,,,-8.62969,6.77185,-1.89585,50,5.24771,4.73652,-125.27855,-2.57251,-13.64511,26.50908,-21.46652,POM_COL,PAC_BOX,PomonaPitzer,D3,Team,20260207-PomonaPitzer-2,8015f9b0-0473-11f1-87a1-bbe4b648e251,85.85497,,,7.71307,,,,,,,5ab81c87-aa0e-4d85-b863-dca276aed003,2026-02-07,22:22:33.59,2026-02-07T14:22:33.5943168-08:00,2026-02-07T22:22:33.5943168Z,,v3,POM_PIT,,,"Savas, Peter",1000276389,Right,POM_COL,124e5cff-7043-495d-a66d-4bd104dacb5a,54.25882,-126.17651,13.25454,5.32253,-1.84536,-10.73326,-2.06411,5.19872,-6.82255,,,,,,,,,,,,,,,,,,,,,,,,,,,,,,,,,,,,,,,,,,,,,,,,,,,High,High,High,,,,,
64,2026-02-07,14:23:02.94,4,1,"Dennis, Lucas",10274891,Right,POM_COL,"Chapman, Nathan",1000039351,Left,PAC_BOX,Undefined,2,Top,2,0,0,ChangeUp,Changeup,BallCalled,Undefined,Undefined,Undefined,0,0,,78.55083,-0.477904,-4.257897,1222.386127,259.840139,2:45,5.16629,2.1146,6.16117,-41.30246,4.13311,14.20017,1.28171,-0.64267,71.4341,-8.148908,-1.70151,0.485143,,,,,,,,,,,,-8.63209,2.77977,-1.798,50,5.10919,7.9523,-113.77908,-2.17754,-11.19179,23.0092,-28.57,POM_COL,PAC_BOX,PomonaPitzer,D3,Team,20260207-PomonaPitzer-2,919d20a0-0473-11f1-87a1-bbe4b648e251,77.69352,,,7.11674,,,,,,,5ab81c87-aa0e-4d85-b863-dca276aed003,2026-02-07,22:23:02.94,2026-02-07T14:23:02.9409280-08:00,2026-02-07T22:23:02.9409280Z,,v3,POM_PIT,,,"Savas, Peter",1000276389,Right,POM_COL,36ce12b8-0aab-4372-8efd-0d84ae03e889,54.3366,-114.6527,11.5046,5.17127,-1.09279,-14.285,-2.108,8.37723,-5.5959,,,,,,,,,,,,,,,,,,,,,,,,,,,,,,,,,,,,,,,,,,,,,,,,,,,High,High,High,,,,,
65,2026-02-07,14:23:29.14,4,2,"Dennis, Lucas",10274891,Right,POM_COL,"Chapman, Nathan",1000039351,Left,PAC_BOX,Undefined,2,Top,2,1,0,Fastball,Changeup,BallCalled,Undefined,Undefined,Undefined,0,0,,87.20775,-2.479401,-2.766606,2140.919253,224.310472,1:30,5.48212,2.12131,5.7317,-23.06131,14.01532,12.50804,1.2472,0.58517,79.82026,-6.779576,-0.529688,0.43825,,,,,,,,,,,,-7.13697,8.19059,-1.89836,50,5.26104,5.58272,-126.42054,-6.2251,-11.54529,25.8741,-18.92433,POM_COL,PAC_BOX,PomonaPitzer,D3,Team,20260207-PomonaPitzer-2,a12f2e50-0473-11f1-87a1-bbe4b648e251,86.00679,,,7.38749,,,,,,,5ab81c87-aa0e-4d85-b863-dca276aed003,2026-02-07,22:23:29.14,2026-02-07T14:23:29.1480576-08:00,2026-02-07T22:23:29.1480576Z,,v3,POM_PIT,,,"Savas, Peter",1000276389,Right,POM_COL,fe8fce03-8ca5-4b07-8b40-c18db63831c8,54.76658,-127.39237,12.93705,5.48151,-5.51431,-9.46216,-2.11619,6.01636,-5.77264,,,,,,,,,,,,,,,,,,,,,,,,,,,,,,,,,,,,,,,,,,,,,,,,,,,High,High,High,,,,,
66,2026-02-07,14:23:51.05,4,3,"Dennis, Lucas",10274891,Right,POM_COL,"Chapman, Nathan",1000039351,Left,PAC_BOX,Undefined,2,Top,2,2,0,ChangeUp,Changeup,StrikeCalled,Undefined,Undefined,Undefined,0,0,,78.76025,0.062615,-4.036389,1376.084427,254.277451,2:30,5.32481,1.97184,6.14951,-39.29419,5.73075,14.94513,2.10829,-0.51847,71.7417,-7.248733,-1.347079,0.482945,,,,,,,,,,,,-8.86024,3.43831,-1.67152,50,5.30978,7.50006,-114.14324,-1.041,-11.60968,22.34441,-27.66878,POM_COL,PAC_BOX,PomonaPitzer,D3,Team,20260207-PomonaPitzer-2,ae4ba820-0473-11f1-87a1-bbe4b648e251,78.04699,,,7.01855,,,,,,,5ab81c87-aa0e-4d85-b863-dca276aed003,2026-02-07,22:23:51.05,2026-02-07T14:23:51.0547968-08:00,2026-02-07T22:23:51.0547968Z,,v3,POM_PIT,,,"Savas, Peter",1000276389,Right,POM_COL,56e7f2c9-55b1-40c0-8116-a5fa62ea0914,54.34787,-114.99122,11.17221,5.32937,0.00904,-13.83439,-1.96451,7.94065,-5.80484,,,,,,,,,,,,,,,,,,,,,,,,,,,,,,,,,,,,,,,,,,,,,,,,,,,High,High,High,,,,,
67,2026-02-07,14:24:12.52,4,4,"Dennis, Lucas",10274891,Right,POM_COL,"Chapman, Nathan",1000039351,Left,PAC_BOX,Undefined,2,Top,2,2,1,Slider,Slider,BallCalled,Undefined,Undefined,Undefined,0,0,,76.9395,0.083257,-3.857258,2337.259382,111.141056,9:45,5.12213,2.24285,5.41688,-43.70668,5.41351,-9.3717,1.55808,-2.15696,69.61253,-7.931108,-5.517542,0.504431,,,,,,,,,,,,3.40366,3.2378,-1.89304,50,5.09965,7.86783,-111.23247,-1.25174,4.1825,23.52236,-28.19536,POM_COL,PAC_BOX,PomonaPitzer,D3,Team,20260207-PomonaPitzer-2,bb1742d0-0473-11f1-87a1-bbe4b648e251,74.72275,,,7.32697,,,,,,,5ab81c87-aa0e-4d85-b863-dca276aed003,2026-02-07,22:24:12.52,2026-02-07T14:24:12.5205504-08:00,2026-02-07T22:24:12.5205504Z,,v3,POM_PIT,,,"Savas, Peter",1000276389,Right,POM_COL,f0e0317e-e46d-4f75-94a6-996b339e87a6,55.07846,-112.30128,11.76118,5.12742,0.0294,-14.09768,-2.24622,7.67779,2.09125,,,,,,,,,,,,,,,,,,,,,,,,,,,,,,,,,,,,,,,,,,,,,,,,,,,High,High,High,,,,,
68,2026-02-07,14:24:34.31,4,5,"Dennis, Lucas",10274891,Right,POM_COL,"Chapman, Nathan",1000039351,Left,PAC_BOX,Undefined,2,Top,2,3,1,Fastball,Four-Seam,BallCalled,Walk,Undefined,Undefined,0,0,,86.53467,-2.583254,-3.781544,2184.885109,215.157674,1:15,5.33979,1.96475,5.90039,-24.24458,13.34666,8.52036,0.91443,-0.84085,79.05138,-7.10959,-2.255811,0.44128,,,,,,,,,,,,-5.45595,7.95611,-1.66522,50,5.11768,7.93474,-125.30279,-6.42545,-8.64601,26.08833,-19.56608,POM_COL,PAC_BOX,PomonaPitzer,D3,Team,20260207-PomonaPitzer-2,c8061cf0-0473-11f1-87a1-bbe4b648e251,85.41607,,,7.48329,,,,,,,5ab81c87-aa0e-4d85-b863-dca276aed003,2026-02-07,22:24:34.31,2026-02-07T14:24:34.3103488-08:00,2026-02-07T22:24:34.3103488Z,,v3,POM_PIT,,,"Savas, Peter",1000276389,Right,POM_COL,447fe856-272c-4a5d-8f66-c043d12f085c,54.59752,-126.25638,13.04416,5.33948,-5.71027,-9.78304,-1.96102,8.25077,-4.32301,,,,,,,,,,,,,,,,,,,,,,,,,,,,,,,,,,,,,,,,,,,,,,,,,,,High,High,High,,,,,
69,2026-02-07,14:25:03.91,5,1,"Dennis, Lucas",10274891,Right,POM_COL,"Lewis, Ben",1000327268,Right,PAC_BOX,Undefined,2,Top,2,0,0,Slider,Curveball,BallCalled,Undefined,Undefined,Undefined,0,0,,74.55071,3.868716,-1.692553,2359.173723,69.171831,8:15,5.1531,2.32236,5.67299,-55.95661,-4.02236,-15.5871,4.10392,-0.55499,66.9439,-6.442832,-4.471292,0.518679,,,,,,,,,,,,7.23847,-2.71028,-2.16988,50,5.44569,3.77724,-107.80679,5.52854,8.33281,22.55711,-35.29408,POM_COL,PAC_BOX,PomonaPitzer,D3,Team,20260207-PomonaPitzer-2,d9b73a10-0473-11f1-87a1-bbe4b648e251,72.67013,,,7.60681,,,,,,,5ab81c87-aa0e-4d85-b863-dca276aed003,2026-02-07,22:25:03.91,2026-02-07T14:25:03.9142400-08:00,2026-02-07T22:25:03.9142400Z,,v3,POM_PIT,,,"Savas, Peter",1000276389,Right,POM_COL,35db20db-c9cf-4bb5-91d6-a43f938701db,54.82405,-108.81148,11.27856,5.16444,7.10053,-17.64704,-2.32985,3.4061,4.16641,,,,,,,,,,,,,,,,,,,,,,,,,,,,,,,,,,,,,,,,,,,,,,,,,,,High,High,High,,,,,
70,2026-02-07,14:25:50.08,5,2,"Dennis, Lucas",10274891,Right,POM_COL,"Lewis, Ben",1000327268,Right,PAC_BOX,Undefined,2,Top,2,1,0,Fastball,Four-Seam,InPlay,Undefined,GroundBall,Out,1,0,,86.39036,-0.364176,-1.962489,2131.256142,213.176802,1:00,5.48518,2.12107,5.84967,-23.65541,13.9354,8.31319,3.17529,0.98954,78.74499,-4.807149,-0.472369,0.441278,58.9083,-9.796352,8.878111,,,,,15.45592,14.86553,4.893152,0.176602,-4.81859,7.59363,-1.96643,50,5.44179,3.95597,-125.40794,-1.53724,-7.65014,26.09055,-20.11813,POM_COL,PAC_BOX,PomonaPitzer,D3,Team,20260207-PomonaPitzer-2,f534bba0-0473-11f1-87a1-bbe4b648e251,85.41653,3.1035,,7.64538,,,,0.76502,3.1035,-1.02002,5ab81c87-aa0e-4d85-b863-dca276aed003,2026-02-07,22:25:50.08,2026-02-07T14:25:50.0889600-08:00,2026-02-07T22:25:50.0889600Z,GroundBall,v3,POM_PIT,,,"Savas, Peter",1000276389,Right,POM_COL,648c6d1d-96d5-4624-a5fd-1ec0f5ce764f,54.64824,-126.37128,13.04528,5.48484,-0.79442,-10.05906,-2.11771,4.23844,-3.82507,313.220778,0.76511,84.11214,-7.05389,,,,,,,3.10373,-14.71772,-16.18529,,,,,,,-1.02005,13.14208,0.56168,,,,,,,,,,,,,,,,,,,,,,,,,,,,,High,High,High,High,High,,,
71,2026-02-07,14:28:35.19,1,1,"Durvasula, Miles",832141,Right,PAC_BOX,"Berry, Cooper",1000276381,Left,POM_COL,Undefined,2,Bottom,0,0,0,Fastball,Four-Seam,BallCalled,Undefined,Undefined,Undefined,0,0,,87.26248,-0.794062,-0.980178,2067.58074,207.886068,1:00,6.24333,1.32169,5.50948,-17.55725,20.42911,10.04083,4.0375,1.24171,78.06958,-4.168844,0.808874,0.443594,,,,,,,,,,,,-5.32725,10.93068,-1.24284,50,6.16272,1.70484,-126.35069,-2.24782,-8.43429,30.69399,-14.8682,POM_COL,PAC_BOX,PomonaPitzer,D3,Team,20260207-PomonaPitzer-2,57962090-0474-11f1-87a1-bbe4b648e251,84.97064,,,9.1929,,,,,,,5ab81c87-aa0e-4d85-b863-dca276aed003,2026-02-07,22:28:35.19,2026-02-07T14:28:35.1971328-08:00,2026-02-07T22:28:35.1971328Z,,v3,POM_PIT,,,"Laureano, Alex",1000242072,Right,PAC_BOX,9334ac91-2fb8-47f9-b7cf-fc4b06747a98,54.98285,-127.55541,15.347,6.23949,-1.66426,-7.4341,-1.31625,2.03588,-4.21715,,,,,,,,,,,,,,,,,,,,,,,,,,,,,,,,,,,,,,,,,,,,,,,,,,,High,High,High,,,,,
72,2026-02-07,14:28:51.66,1,2,"Durvasula, Miles",832141,Right,PAC_BOX,"Berry, Cooper",1000276381,Left,POM_COL,Undefined,2,Bottom,0,1,0,Fastball,Four-Seam,FoulBallNotFieldable,Undefined,Undefined,Undefined,0,0,,86.96836,-1.621181,-2.471477,2099.197633,204.290588,12:45,6.11204,1.28808,5.67237,-17.1378,20.78202,8.73997,3.17064,-0.28921,78.15927,-4.91634,-0.911173,0.443205,,,,,,,,,,,,-5.26457,11.49737,-1.08513,50,5.96481,5.06391,-125.93556,-4.04661,-8.30626,29.7646,-14.03395,POM_COL,PAC_BOX,PomonaPitzer,D3,Team,20260207-PomonaPitzer-2,616f5640-0474-11f1-87a1-bbe4b648e251,85.04517,,,8.80909,,,,,,,5ab81c87-aa0e-4d85-b863-dca276aed003,2026-02-07,22:28:51.66,2026-02-07T14:28:51.6656128-08:00,2026-02-07T22:28:51.6656128Z,,v3,POM_PIT,,,"Laureano, Alex",1000242072,Right,PAC_BOX,c052768e-d1ba-4d28-b087-3696a8dcab2a,54.82396,-127.07058,14.8823,6.10892,-3.51146,-7.01697,-1.28427,5.38065,-4.15313,,,,,,,,,,,,,,,,,,,,,,,,,,,,,,,,,,,,,,,,,,,,,,,,,,,High,High,High,,,,,
73,2026-02-07,14:29:15.88,1,3,"Durvasula, Miles",832141,Right,PAC_BOX,"Berry, Cooper",1000276381,Left,POM_COL,Undefined,2,Bottom,0,1,1,Slider,Slider,StrikeCalled,Undefined,Undefined,Undefined,0,0,,75.36714,1.459759,0.056209,2341.524853,86.696208,9:00,5.62222,1.75819,4.7267,-51.22424,1.04854,-14.90808,2.73888,0.56918,68.07381,-7.826869,-2.564496,0.520366,,,,,,,,,,,,7.23981,0.67095,-1.75006,50,5.7247,0.52326,-109.06551,0.952,8.57062,22.25785,-31.37977,POM_COL,PAC_BOX,PomonaPitzer,D3,Team,20260207-PomonaPitzer-2,6fe6f340-0474-11f1-87a1-bbe4b648e251,72.43443,,,7.29333,,,,,,,5ab81c87-aa0e-4d85-b863-dca276aed003,2026-02-07,22:29:15.88,2026-02-07T14:29:15.8888448-08:00,2026-02-07T22:29:15.8888448Z,,v3,POM_PIT,,,"Laureano, Alex",1000242072,Right,PAC_BOX,6b0fe1da-6444-4e62-9fa7-7b2bce8c0979,55.76871,-110.23649,11.12893,5.63119,2.60288,-15.68989,-1.76573,0.07237,4.28531,,,,,,,,,,,,,,,,,,,,,,,,,,,,,,,,,,,,,,,,,,,,,,,,,,,High,High,High,,,,,
74,2026-02-07,14:29:36.11,1,4,"Durvasula, Miles",832141,Right,PAC_BOX,"Berry, Cooper",1000276381,Left,POM_COL,Undefined,2,Bottom,0,1,2,Curveball,Curveball,BallCalled,Undefined,Undefined,Undefined,0,0,,76.60098,-1.769467,-1.920578,2340.329868,62.695554,8:00,5.68664,1.80503,5.78822,-53.95716,-5.52988,-13.87713,-0.45735,-1.13876,70.40978,-11.570923,-4.414315,0.50086,,,,,,,,,,,,6.5676,-1.91728,-1.63807,50,5.508,4.21672,-111.12868,-5.1163,8.0874,22.75558,-34.535,POM_COL,PAC_BOX,PomonaPitzer,D3,Team,20260207-PomonaPitzer-2,7bea34e0-0474-11f1-87a1-bbe4b648e251,75.25542,,,6.1912,,,,,,,5ab81c87-aa0e-4d85-b863-dca276aed003,2026-02-07,22:29:36.11,2026-02-07T14:29:36.1142272-08:00,2026-02-07T22:29:36.1142272Z,,v3,POM_PIT,,,"Laureano, Alex",1000242072,Right,PAC_BOX,9a678f58-e937-4c68-8575-8c5db6689110,54.71336,-112.08967,11.37779,5.69327,-3.65785,-17.2675,-1.80894,3.87518,4.0437,,,,,,,,,,,,,,,,,,,,,,,,,,,,,,,,,,,,,,,,,,,,,,,,,,,High,High,High,,,,,
75,2026-02-07,14:30:02.13,1,5,"Durvasula, Miles",832141,Right,PAC_BOX,"Berry, Cooper",1000276381,Left,POM_COL,Undefined,2,Bottom,0,2,2,Fastball,Sinker,BallCalled,Undefined,Undefined,Undefined,0,0,,90.10248,-2.870838,-3.613089,2139.729843,226.8253,1:30,6.11022,1.39745,5.28027,-21.39552,14.49087,14.03135,1.62347,-0.83102,81.30504,-6.862789,-1.128034,0.431158,,,,,,,,,,,,-8.12308,8.5343,-1.07802,50,5.83246,7.56048,-130.1711,-7.28709,-13.74947,30.76761,-17.72857,POM_COL,PAC_BOX,PomonaPitzer,D3,Team,20260207-PomonaPitzer-2,8b7034a0-0474-11f1-87a1-bbe4b648e251,87.42145,,,8.79744,,,,,,,5ab81c87-aa0e-4d85-b863-dca276aed003,2026-02-07,22:30:02.13,2026-02-07T14:30:02.1302784-08:00,2026-02-07T22:30:02.1302784Z,,v3,POM_PIT,,,"Laureano, Alex",1000242072,Right,PAC_BOX,b96ba843-ceca-4091-8557-664bfebaaf13,55.21533,-131.39803,15.38381,6.10896,-6.58012,-8.86429,-1.39045,8.10877,-6.87473,,,,,,,,,,,,,,,,,,,,,,,,,,,,,,,,,,,,,,,,,,,,,,,,,,,High,High,High,,,,,
76,2026-02-07,14:30:24.06,1,6,"Durvasula, Miles",832141,Right,PAC_BOX,"Berry, Cooper",1000276381,Left,POM_COL,Undefined,2,Bottom,0,3,2,Fastball,Sinker,InPlay,Undefined,LineDrive,Double,0,0,,88.22034,-1.348569,-2.079144,2114.993137,225.189863,1:30,6.23637,1.26223,5.45301,-21.78556,15.22056,13.9752,3.15739,0.4796,79.6028,-5.44139,0.407993,0.437833,94.05005,12.884154,34.991878,2772.277581,86.78813,17.366,67.58539,219.70819,165.11155,42.066819,2.054776,-7.7026,8.47701,-1.08874,50,6.10282,4.01866,-127.80471,-3.73205,-12.56394,29.73836,-18.34699,POM_COL,PAC_BOX,PomonaPitzer,D3,Team,20260207-PomonaPitzer-2,9880a080-0474-11f1-87a1-bbe4b648e251,86.08868,17.37701,,8.61755,,,,1.49729,3.40057,-0.55694,5ab81c87-aa0e-4d85-b863-dca276aed003,2026-02-07,22:30:24.06,2026-02-07T14:30:24.0677376-08:00,2026-02-07T22:30:24.0677376Z,LineDrive,v3,POM_PIT,,,"Laureano, Alex",1000242072,Right,PAC_BOX,a0206cce-26e6-4f82-a733-49c19cd723d8,55.04379,-128.97298,14.86918,6.23528,-3.01128,-9.17349,-1.25631,4.51223,-6.28197,,1.49729,110.15976,-21.03383,4.07032,-0.88622,0.17431,-0.03268,0.00473,-0.00035,3.40057,30.75789,-18.15691,1.56084,-0.2847,0.05791,-0.00919,0.00128,-0.0001,-0.55694,77.11147,-1.99388,-0.57982,0.26195,-0.078,0.01719,-0.00263,0.0002,,,,,,,,,,,,,,,,,,,,,,,High,High,High,Medium,Medium,,,
77,2026-02-07,14:31:13.08,2,1,"Durvasula, Miles",832141,Right,PAC_BOX,"Savas, Peter",1000276389,Right,POM_COL,Undefined,2,Bottom,0,0,0,Curveball,Curveball,BallCalled,Undefined,Undefined,Undefined,0,0,,73.68919,0.230873,-3.168208,2248.384748,68.020303,8:15,5.64994,1.82651,5.69602,-56.90995,-4.03603,-14.64973,1.12293,-2.34976,67.14063,-10.158381,-5.784761,0.52335,,,,,,,,,,,,6.33319,-1.49748,-1.55126,50,5.63464,6.44319,-106.72836,-1.33184,7.15889,21.79601,-33.86675,POM_COL,PAC_BOX,PomonaPitzer,D3,Team,20260207-PomonaPitzer-2,b5c65ef0-0474-11f1-87a1-bbe4b648e251,72.02148,,,6.54856,,,,,,,5ab81c87-aa0e-4d85-b863-dca276aed003,2026-02-07,22:31:13.08,2026-02-07T14:31:13.0841600-08:00,2026-02-07T22:31:13.0841600Z,,v3,POM_PIT,,,"Laureano, Alex",1000242072,Right,PAC_BOX,6a02f7e4-4adf-439f-9680-291a1fa5656b,54.802,-107.70456,10.89801,5.66032,0.18498,-16.93337,-1.83266,6.12256,3.57945,,,,,,,,,,,,,,,,,,,,,,,,,,,,,,,,,,,,,,,,,,,,,,,,,,,High,High,High,,,,,
78,2026-02-07,14:31:35.78,2,2,"Durvasula, Miles",832141,Right,PAC_BOX,"Savas, Peter",1000276389,Right,POM_COL,Undefined,2,Bottom,0,1,0,Fastball,Four-Seam,FoulBallNotFieldable,Undefined,Undefined,Undefined,0,0,,86.86045,-2.297778,-2.273884,2032.087689,207.880043,1:00,6.28452,1.05815,5.42355,-20.34639,17.64906,8.64831,2.43391,-0.35212,78.98977,-6.114497,-0.736139,0.443647,,,,,,,,,,,,-5.03843,9.94989,-0.8626,50,6.06672,4.62178,-125.83706,-5.70656,-8.02824,27.02965,-16.31986,POM_COL,PAC_BOX,PomonaPitzer,D3,Team,20260207-PomonaPitzer-2,c33e3f30-0474-11f1-87a1-bbe4b648e251,84.96048,,,7.87067,,,,,,,5ab81c87-aa0e-4d85-b863-dca276aed003,2026-02-07,22:31:35.78,2026-02-07T14:31:35.7831168-08:00,2026-02-07T22:31:35.7831168Z,,v3,POM_PIT,,,"Laureano, Alex",1000242072,Right,PAC_BOX,c6727c4a-8341-45f8-a4a5-5fe7d6db279f,55.074,-126.92227,13.51482,6.28268,-5.05134,-8.15993,-1.05463,4.94411,-4.01412,,,,,,,,,,,,,,,,,,,,,,,,,,,,,,,,,,,,,,,,,,,,,,,,,,,High,High,High,,,,,
79,2026-02-07,14:31:58.17,2,3,"Durvasula, Miles",832141,Right,PAC_BOX,"Savas, Peter",1000276389,Right,POM_COL,Undefined,2,Bottom,0,1,1,Fastball,Four-Seam,BallCalled,Undefined,Undefined,Undefined,0,0,,87.86227,-2.276001,-3.072361,2019.345946,199.017497,12:45,6.27098,1.0099,5.40584,-18.62962,18.75446,6.00319,2.58179,-1.37129,79.47604,-5.794973,-2.00682,0.440063,,,,,,,,,,,,-3.94331,10.4952,-0.74038,50,6.0554,6.55084,-127.10416,-5.63884,-6.3839,28.57708,-15.18308,POM_COL,PAC_BOX,PomonaPitzer,D3,Team,20260207-PomonaPitzer-2,d09f1500-0474-11f1-87a1-bbe4b648e251,85.65239,,,8.38624,,,,,,,5ab81c87-aa0e-4d85-b863-dca276aed003,2026-02-07,22:31:58.17,2026-02-07T14:31:58.1700096-08:00,2026-02-07T22:31:58.1700096Z,,v3,POM_PIT,,,"Laureano, Alex",1000242072,Right,PAC_BOX,0dab03ba-7a33-4723-9d0d-0b2e1d827360,55.08904,-128.24323,14.28854,6.2681,-5.03364,-7.59154,-1.00657,6.8053,-3.19195,,,,,,,,,,,,,,,,,,,,,,,,,,,,,,,,,,,,,,,,,,,,,,,,,,,High,High,High,,,,,
80,2026-02-07,14:32:18.03,2,4,"Durvasula, Miles",832141,Right,PAC_BOX,"Savas, Peter",1000276389,Right,POM_COL,Undefined,2,Bottom,0,2,1,Fastball,Four-Seam,BallCalled,Undefined,Undefined,Undefined,0,0,,88.21108,-4.141943,-2.998351,2061.637625,197.472624,12:30,6.17908,1.19173,5.51852,-19.33115,17.56462,5.12453,0.68338,-1.18724,80.33444,-7.756616,-2.086369,0.43718,,,,,,,,,,,,-3.46784,10.47138,-0.93396,50,5.80476,6.45178,-127.48536,-9.85844,-5.67181,27.72376,-15.04762,POM_COL,PAC_BOX,PomonaPitzer,D3,Team,20260207-PomonaPitzer-2,dc6eea90-0474-11f1-87a1-bbe4b648e251,86.2173,,,7.87664,,,,,,,5ab81c87-aa0e-4d85-b863-dca276aed003,2026-02-07,22:32:18.03,2026-02-07T14:32:18.0372480-08:00,2026-02-07T22:32:18.0372480Z,,v3,POM_PIT,,,"Laureano, Alex",1000242072,Right,PAC_BOX,b5a12545-dd93-4bcd-8c63-cd7542a390ff,54.97785,-128.56331,13.86188,6.1767,-9.27335,-7.52381,-1.1891,6.67231,-2.83591,,,,,,,,,,,,,,,,,,,,,,,,,,,,,,,,,,,,,,,,,,,,,,,,,,,High,High,High,,,,,
81,2026-02-07,14:32:42.51,2,5,"Durvasula, Miles",832141,Right,PAC_BOX,"Savas, Peter",1000276389,Right,POM_COL,Undefined,2,Bottom,0,3,1,Fastball,Changeup,BallCalled,Walk,Undefined,Undefined,0,0,,85.94932,-0.184572,-3.529245,1942.589232,224.842691,1:30,6.02088,1.59401,5.45403,-24.06903,14.94946,13.47568,3.84202,-0.59101,77.49443,-4.699445,-1.136359,0.44958,,,,,,,,,,,,-7.84772,7.97725,-1.29182,50,5.98849,7.07833,-124.38752,-1.18757,-12.14649,27.7677,-19.82708,POM_COL,PAC_BOX,PomonaPitzer,D3,Team,20260207-PomonaPitzer-2,eb0421b0-0474-11f1-87a1-bbe4b648e251,83.8393,,,8.45489,,,,,,,5ab81c87-aa0e-4d85-b863-dca276aed003,2026-02-07,22:32:42.51,2026-02-07T14:32:42.5116160-08:00,2026-02-07T22:32:42.5116160Z,,v3,POM_PIT,,,"Laureano, Alex",1000242072,Right,PAC_BOX,6a7a854c-f11d-4f9c-896a-a94e6447def4,55.04158,-125.50793,13.88385,6.02027,-0.38756,-9.91354,-1.58732,7.56844,-6.07324,,,,,,,,,,,,,,,,,,,,,,,,,,,,,,,,,,,,,,,,,,,,,,,,,,,High,High,High,,,,,
82,2026-02-07,14:33:17.56,3,1,"Durvasula, Miles",832141,Right,PAC_BOX,"Hu, Landon",1000261921,Left,POM_COL,Undefined,2,Bottom,0,0,0,Fastball,Four-Seam,StrikeCalled,Undefined,Undefined,Undefined,0,0,,88.90219,-1.938236,-2.109479,2077.869552,204.045746,12:45,6.19712,1.2838,5.58404,-16.69891,19.4491,8.11079,2.9936,-0.01114,80.47341,-5.12202,-0.663199,0.432727,,,,,,,,,,,,-4.71725,10.7765,-1.10778,50,6.01981,4.38035,-128.79724,-4.85251,-7.85067,29.0608,-14.23931,POM_COL,PAC_BOX,PomonaPitzer,D3,Team,20260207-PomonaPitzer-2,ffe45eb0-0474-11f1-87a1-bbe4b648e251,87.1045,,,8.42878,,,,,,,5ab81c87-aa0e-4d85-b863-dca276aed003,2026-02-07,22:33:17.56,2026-02-07T14:33:17.5687168-08:00,2026-02-07T22:33:17.5687168Z,,v3,POM_PIT,,,"Laureano, Alex",1000242072,Right,PAC_BOX,f7898fcc-5cc8-4fee-a0b5-3c354e98481f,54.9113,-129.90066,14.5304,6.1938,-4.31186,-7.11966,-1.27976,4.67843,-3.92533,,,,,,,,,,,,,,,,,,,,,,,,,,,,,,,,,,,,,,,,,,,,,,,,,,,High,High,High,,,,,
83,2026-02-07,14:33:37.46,3,2,"Durvasula, Miles",832141,Right,PAC_BOX,"Hu, Landon",1000261921,Left,POM_COL,Undefined,2,Bottom,0,0,1,Fastball,Four-Seam,BallCalled,Undefined,Undefined,Undefined,0,0,,88.00881,-0.410157,-3.078243,1996.257276,215.825364,1:15,6.0581,1.55281,5.38988,-21.88466,15.07316,9.99863,3.8494,-0.50181,80.03575,-4.501132,-1.303951,0.437547,,,,,,,,,,,,-5.86902,8.04095,-1.28478,50,6.00635,6.40523,-127.52073,-1.65085,-9.63559,26.94773,-18.9726,POM_COL,PAC_BOX,PomonaPitzer,D3,Team,20260207-PomonaPitzer-2,0bc80a60-0475-11f1-87a1-bbe4b648e251,86.14495,,,7.97306,,,,,,,5ab81c87-aa0e-4d85-b863-dca276aed003,2026-02-07,22:33:37.46,2026-02-07T14:33:37.4693376-08:00,2026-02-07T22:33:37.4693376Z,,v3,POM_PIT,,,"Laureano, Alex",1000242072,Right,PAC_BOX,472f9974-f0fa-4c92-abf9-819a9649bc18,55.10632,-128.59527,13.47387,6.05709,-0.89432,-9.4863,-1.54785,6.78945,-4.8178,,,,,,,,,,,,,,,,,,,,,,,,,,,,,,,,,,,,,,,,,,,,,,,,,,,High,High,High,,,,,
84,2026-02-07,14:33:56.64,3,3,"Durvasula, Miles",832141,Right,PAC_BOX,"Hu, Landon",1000261921,Left,POM_COL,Undefined,2,Bottom,0,1,1,Slider,Slider,BallCalled,Undefined,Undefined,Undefined,0,0,,75.67152,3.444501,0.450516,2330.052683,90.214943,9:00,5.70673,1.71871,4.72085,-49.52869,1.67642,-14.19284,4.85193,0.96349,68.9799,-5.51981,-2.039455,0.515025,,,,,,,,,,,,7.02142,0.38626,-1.75096,50,6.01112,-0.26626,-109.55109,4.82313,8.52439,19.53355,-31.7051,POM_COL,PAC_BOX,PomonaPitzer,D3,Team,20260207-PomonaPitzer-2,173e2730-0475-11f1-87a1-bbe4b648e251,73.1857,,,6.69162,,,,,,,5ab81c87-aa0e-4d85-b863-dca276aed003,2026-02-07,22:33:56.64,2026-02-07T14:33:56.6409216-08:00,2026-02-07T22:33:56.6409216Z,,v3,POM_PIT,,,"Laureano, Alex",1000242072,Right,PAC_BOX,ed14092d-83fd-40b6-8dd2-fcb75e22a03a,55.77719,-110.57639,9.76678,5.71428,6.48732,-15.85255,-1.72524,-0.7137,4.2622,,,,,,,,,,,,,,,,,,,,,,,,,,,,,,,,,,,,,,,,,,,,,,,,,,,High,High,High,,,,,
85,2026-02-07,14:34:16.84,3,4,"Durvasula, Miles",832141,Right,PAC_BOX,"Hu, Landon",1000261921,Left,POM_COL,Undefined,2,Bottom,0,2,1,Fastball,Four-Seam,BallCalled,Undefined,Undefined,Undefined,0,0,,87.05168,0.710277,-0.699347,1968.790636,212.935651,1:00,6.28172,1.32312,5.29032,-21.40096,16.21182,9.75347,5.16532,1.4792,79.57079,-3.286235,1.031262,0.441407,,,,,,,,,,,,-5.03422,8.25989,-1.26667,50,6.33107,1.10172,-126.35297,0.84847,-8.16269,25.02773,-18.78115,POM_COL,PAC_BOX,PomonaPitzer,D3,Team,20260207-PomonaPitzer-2,233fbb20-0475-11f1-87a1-bbe4b648e251,85.39158,,,7.48089,,,,,,,5ab81c87-aa0e-4d85-b863-dca276aed003,2026-02-07,22:34:16.84,2026-02-07T14:34:16.8484864-08:00,2026-02-07T22:34:16.8484864Z,,v3,POM_PIT,,,"Laureano, Alex",1000242072,Right,PAC_BOX,acd46c84-52e6-4486-b734-1a4dd6eea3d2,55.20626,-127.38004,12.51387,6.28044,1.6192,-9.39058,-1.31875,1.4367,-4.08135,,,,,,,,,,,,,,,,,,,,,,,,,,,,,,,,,,,,,,,,,,,,,,,,,,,High,High,High,,,,,
86,2026-02-07,14:34:37.67,3,5,"Durvasula, Miles",832141,Right,PAC_BOX,"Hu, Landon",1000261921,Left,POM_COL,Undefined,2,Bottom,0,3,1,Fastball,Four-Seam,FoulBallNotFieldable,Undefined,Undefined,Undefined,0,0,,88.07509,-1.542697,-1.88689,2003.809163,215.621567,1:15,6.25722,1.30825,5.46807,-19.69237,17.07139,11.3541,3.17128,0.48789,80.1828,-5.243712,0.134286,0.436397,,,,,,,,,,,,-6.23654,9.3991,-1.15013,50,6.10831,3.70066,-127.70857,-4.0749,-10.26261,27.18415,-16.70726,POM_COL,PAC_BOX,PomonaPitzer,D3,Team,20260207-PomonaPitzer-2,2fa31e20-0475-11f1-87a1-bbe4b648e251,86.37197,,,7.89229,,,,,,,5ab81c87-aa0e-4d85-b863-dca276aed003,2026-02-07,22:34:37.67,2026-02-07T14:34:37.6710144-08:00,2026-02-07T22:34:37.6710144Z,,v3,POM_PIT,,,"Laureano, Alex",1000242072,Right,PAC_BOX,958b15d7-869e-403a-8ec6-719370a7121a,55.0286,-128.77451,13.59207,6.25525,-3.41978,-8.35363,-1.30313,4.10307,-5.1313,,,,,,,,,,,,,,,,,,,,,,,,,,,,,,,,,,,,,,,,,,,,,,,,,,,High,High,High,,,,,
87,2026-02-07,14:35:04.33,3,6,"Durvasula, Miles",832141,Right,PAC_BOX,"Hu, Landon",1000261921,Left,POM_COL,Undefined,2,Bottom,0,3,2,Fastball,Four-Seam,FoulBallNotFieldable,Undefined,Undefined,Undefined,0,0,,87.93286,-1.70971,-2.464195,2092.432881,216.227151,1:15,6.12282,1.38487,5.57029,-18.5569,18.14729,12.40981,2.97743,0.11581,80.16571,-5.212006,-0.252211,0.436043,,,,,,,,,,,,-6.96996,10.02158,-1.18077,50,5.96343,4.94703,-127.50315,-4.38482,-11.45048,26.71551,-15.71028,POM_COL,PAC_BOX,PomonaPitzer,D3,Team,20260207-PomonaPitzer-2,3f893f40-0475-11f1-87a1-bbe4b648e251,86.44202,,,7.76715,,,,,,,5ab81c87-aa0e-4d85-b863-dca276aed003,2026-02-07,22:35:04.33,2026-02-07T14:35:04.3319296-08:00,2026-02-07T22:35:04.3319296Z,,v3,POM_PIT,,,"Laureano, Alex",1000242072,Right,PAC_BOX,54565f0e-1bf5-4ec0-8900-f55757a6d5a4,54.92747,-128.53144,13.35775,6.12057,-3.78012,-7.85514,-1.37967,5.38777,-5.72524,,,,,,,,,,,,,,,,,,,,,,,,,,,,,,,,,,,,,,,,,,,,,,,,,,,High,High,High,,,,,
88,2026-02-07,14:35:26.96,3,7,"Durvasula, Miles",832141,Right,PAC_BOX,"Hu, Landon",1000261921,Left,POM_COL,Undefined,2,Bottom,0,3,2,Fastball,Four-Seam,FoulBallNotFieldable,Undefined,Undefined,Undefined,0,0,,89.57162,-2.11677,-1.877079,2133.979289,208.154066,1:00,6.18661,1.3092,5.39685,-15.39883,20.06308,10.13382,2.91774,0.39401,81.94806,-5.032691,-0.075928,0.4286,,,,,,,,,,,,-5.62012,11.01288,-1.14917,50,5.98728,3.80534,-129.92457,-5.28228,-9.62509,26.72875,-13.31322,POM_COL,PAC_BOX,PomonaPitzer,D3,Team,20260207-PomonaPitzer-2,4d0b7fc0-0475-11f1-87a1-bbe4b648e251,87.94312,,,7.62356,,,,,,,5ab81c87-aa0e-4d85-b863-dca276aed003,2026-02-07,22:35:26.96,2026-02-07T14:35:26.9667840-08:00,2026-02-07T22:35:26.9667840Z,,v3,POM_PIT,,,"Laureano, Alex",1000242072,Right,PAC_BOX,10a6eebe-b529-4a6c-8230-5ff83d1327db,55.10181,-130.96994,13.36437,6.18369,-4.7616,-6.65661,-1.30536,4.18178,-4.81254,,,,,,,,,,,,,,,,,,,,,,,,,,,,,,,,,,,,,,,,,,,,,,,,,,,High,High,High,,,,,
89,2026-02-07,14:35:55.37,3,8,"Durvasula, Miles",832141,Right,PAC_BOX,"Hu, Landon",1000261921,Left,POM_COL,Undefined,2,Bottom,0,3,2,Fastball,Sinker,BallCalled,Walk,Undefined,Undefined,0,0,,86.26933,-0.087794,-2.692698,1962.601367,227.938666,1:30,6.2831,1.21635,5.30868,-26.43116,12.17142,12.06056,3.99801,-0.30799,78.41021,-4.989567,-0.553978,0.447177,,,,,,,,,,,,-6.77559,6.50315,-0.98079,50,6.25633,5.33852,-125.01744,-1.11516,-10.67725,26.21426,-21.9261,POM_COL,PAC_BOX,PomonaPitzer,D3,Team,20260207-PomonaPitzer-2,5e018a40-0475-11f1-87a1-bbe4b648e251,84.28975,,,7.85912,,,,,,,5ab81c87-aa0e-4d85-b863-dca276aed003,2026-02-07,22:35:55.37,2026-02-07T14:35:55.3756672-08:00,2026-02-07T22:35:55.3756672Z,,v3,POM_PIT,,,"Laureano, Alex",1000242072,Right,PAC_BOX,07db125f-139a-4e66-a4a6-cc5f12ea6bce,55.18752,-126.1005,13.10713,6.28368,-0.20927,-10.96305,-1.21047,5.77966,-5.33863,,,,,,,,,,,,,,,,,,,,,,,,,,,,,,,,,,,,,,,,,,,,,,,,,,,High,High,High,,,,,
90,2026-02-07,14:37:00.84,4,1,"Durvasula, Miles",832141,Right,PAC_BOX,"Dillehay, Drew",1000091533,Right,POM_COL,Undefined,2,Bottom,0,0,0,Fastball,Changeup,BallCalled,Undefined,Undefined,Undefined,0,0,,86.82507,-4.19973,-3.57857,1965.070547,223.875876,1:30,6.20092,1.15069,5.53027,-22.93403,15.03737,13.22229,0.34915,-1.09703,79.39944,-8.448221,-1.224672,0.443506,,,,,,,,,,,,-7.72619,9.19032,-0.84863,50,5.81975,7.28536,-125.48546,-9.98823,-12.28356,26.08487,-17.56271,POM_COL,PAC_BOX,PomonaPitzer,D3,Team,20260207-PomonaPitzer-2,84fc5490-0475-11f1-87a1-bbe4b648e251,84.98737,,,7.42562,,,,,,,5ab81c87-aa0e-4d85-b863-dca276aed003,2026-02-07,22:37:00.84,2026-02-07T14:37:00.8430592-08:00,2026-02-07T22:37:00.8430592Z,,v3,POM_PIT,,,"Laureano, Alex",1000242072,Right,PAC_BOX,d745f9ab-fdb5-4d30-8145-43c070ac2231,54.96824,-126.51401,13.04243,6.19994,-9.29572,-8.78136,-1.14544,7.76971,-6.14178,,,,,,,,,,,,,,,,,,,,,,,,,,,,,,,,,,,,,,,,,,,,,,,,,,,High,High,High,,,,,
91,2026-02-07,14:37:24.50,4,2,"Durvasula, Miles",832141,Right,PAC_BOX,"Dillehay, Drew",1000091533,Right,POM_COL,Undefined,2,Bottom,0,1,0,Fastball,Four-Seam,BallCalled,Undefined,Undefined,Undefined,0,0,,88.92358,-1.290869,-3.338257,2098.738108,208.350182,1:00,6.17769,1.26038,5.68466,-17.69859,18.47174,9.25985,3.49735,-1.08307,80.13727,-4.670139,-1.686816,0.43286,,,,,,,,,,,,-5.70071,10.12745,-0.98478,50,6.05796,7.09075,-128.69985,-3.42269,-9.43937,29.89336,-15.40474,POM_COL,PAC_BOX,PomonaPitzer,D3,Team,20260207-PomonaPitzer-2,931270a0-0475-11f1-87a1-bbe4b648e251,87.07763,,,8.78631,,,,,,,5ab81c87-aa0e-4d85-b863-dca276aed003,2026-02-07,22:37:24.50,2026-02-07T14:37:24.5008384-08:00,2026-02-07T22:37:24.5008384Z,,v3,POM_PIT,,,"Laureano, Alex",1000242072,Right,PAC_BOX,82d25e58-8a5f-453c-8e45-58204bc15d71,54.80952,-129.81216,14.94668,6.17465,-2.84949,-7.70237,-1.25516,7.44199,-4.71969,,,,,,,,,,,,,,,,,,,,,,,,,,,,,,,,,,,,,,,,,,,,,,,,,,,High,High,High,,,,,
92,2026-02-07,14:37:42.05,4,3,"Durvasula, Miles",832141,Right,PAC_BOX,"Dillehay, Drew",1000091533,Right,POM_COL,Undefined,2,Bottom,0,2,0,Fastball,Four-Seam,BallCalled,Undefined,Undefined,Undefined,0,0,,88.80689,-4.370436,-3.309877,2174.489529,194.388842,12:30,6.28487,1.18339,5.35171,-16.6693,20.13178,4.82378,0.78186,-1.52244,80.52847,-7.513292,-2.454841,0.436618,,,,,,,,,,,,-3.40508,11.78713,-0.88875,50,5.8788,7.19007,-128.16725,-10.31927,-5.61283,28.722,-12.74444,POM_COL,PAC_BOX,PomonaPitzer,D3,Team,20260207-PomonaPitzer-2,9d8fd590-0475-11f1-87a1-bbe4b648e251,86.32814,,,8.27842,,,,,,,5ab81c87-aa0e-4d85-b863-dca276aed003,2026-02-07,22:37:42.05,2026-02-07T14:37:42.0532224-08:00,2026-02-07T22:37:42.0532224Z,,v3,POM_PIT,,,"Laureano, Alex",1000242072,Right,PAC_BOX,57602031-ce0e-4280-ab7c-fdbb626a7024,55.14288,-129.31462,14.361,6.28086,-9.81016,-6.37222,-1.18046,7.41429,-2.80641,,,,,,,,,,,,,,,,,,,,,,,,,,,,,,,,,,,,,,,,,,,,,,,,,,,High,High,High,,,,,
93,2026-02-07,14:38:05.43,4,4,"Durvasula, Miles",832141,Right,PAC_BOX,"Dillehay, Drew",1000091533,Right,POM_COL,Undefined,2,Bottom,0,3,0,Fastball,Four-Seam,BallCalled,Walk,Undefined,Undefined,0,1,,87.98555,-0.214538,-1.937763,2132.032803,205.517865,12:45,6.17557,1.4733,5.56615,-18.95115,17.94568,7.95461,4.39578,0.32531,79.52117,-3.812983,-0.519875,0.437186,,,,,,,,,,,,-4.57831,9.4863,-1.31136,50,6.14491,3.95921,-127.53745,-1.05653,-7.46913,28.55922,-16.69795,POM_COL,PAC_BOX,PomonaPitzer,D3,Team,20260207-PomonaPitzer-2,ab791540-0475-11f1-87a1-bbe4b648e251,86.21612,,,8.46438,,,,,,,5ab81c87-aa0e-4d85-b863-dca276aed003,2026-02-07,22:38:05.43,2026-02-07T14:38:05.4338560-08:00,2026-02-07T22:38:05.4338560Z,,v3,POM_PIT,,,"Laureano, Alex",1000242072,Right,PAC_BOX,58b2c4ff-4c1b-4bf6-a17d-e85c1068dbee,54.92871,-128.63639,14.27961,6.1732,-0.41401,-8.34898,-1.46924,4.24662,-3.73457,,,,,,,,,,,,,,,,,,,,,,,,,,,,,,,,,,,,,,,,,,,,,,,,,,,High,High,High,,,,,
94,2026-02-07,14:38:43.76,5,1,"Durvasula, Miles",832141,Right,PAC_BOX,"Gonzaga, Kai",10138924,Left,POM_COL,Undefined,2,Bottom,0,0,0,ChangeUp,Splitter,StrikeCalled,Undefined,Undefined,Undefined,0,0,,81.66855,-0.946847,-2.842294,1138.370328,258.40088,2:30,5.69859,1.91637,5.51422,-40.10797,3.1837,7.73012,1.46972,-0.09938,73.81958,-8.3175,-1.464378,0.473559,,,,,,,,,,,,-4.80087,2.43599,-1.67368,50,5.58964,5.54521,-118.20997,-3.33674,-6.67409,26.21522,-28.78757,POM_COL,PAC_BOX,PomonaPitzer,D3,Team,20260207-PomonaPitzer-2,c25dd4d0-0475-11f1-87a1-bbe4b648e251,79.59403,,,7.84897,,,,,,,5ab81c87-aa0e-4d85-b863-dca276aed003,2026-02-07,22:38:43.76,2026-02-07T14:38:43.7698048-08:00,2026-02-07T22:38:43.7698048Z,,v3,POM_PIT,,,"Laureano, Alex",1000242072,Right,PAC_BOX,74acd76b-24cc-4422-acdb-09fbc3a7865c,54.98076,-119.30943,13.10761,5.70427,-2.1294,-14.39379,-1.91211,5.82512,-3.33705,,,,,,,,,,,,,,,,,,,,,,,,,,,,,,,,,,,,,,,,,,,,,,,,,,,High,High,High,,,,,
95,2026-02-07,14:39:04.26,5,2,"Durvasula, Miles",832141,Right,PAC_BOX,"Gonzaga, Kai",10138924,Left,POM_COL,Undefined,2,Bottom,0,0,1,Fastball,Four-Seam,StrikeCalled,Undefined,Undefined,Undefined,0,0,,88.20332,-1.693554,-1.836422,2113.736497,192.767112,12:30,6.28988,1.35111,5.45994,-15.3495,21.65856,4.60406,3.42428,0.01527,79.53318,-4.645196,-1.017385,0.437844,,,,,,,,,,,,-2.87221,11.77855,-1.19246,50,6.13049,3.88541,-127.72948,-4.20349,-4.68563,29.38137,-12.9588,POM_COL,PAC_BOX,PomonaPitzer,D3,Team,20260207-PomonaPitzer-2,ced69490-0475-11f1-87a1-bbe4b648e251,86.08644,,,8.67013,,,,,,,5ab81c87-aa0e-4d85-b863-dca276aed003,2026-02-07,22:39:04.26,2026-02-07T14:39:04.2616832-08:00,2026-02-07T22:39:04.2616832Z,,v3,POM_PIT,,,"Laureano, Alex",1000242072,Right,PAC_BOX,21c2f3e8-27ab-455f-9668-216d8607c065,55.03397,-128.88224,14.69069,6.28543,-3.69506,-6.4794,-1.34851,4.06924,-2.34281,,,,,,,,,,,,,,,,,,,,,,,,,,,,,,,,,,,,,,,,,,,,,,,,,,,High,High,High,,,,,
96,2026-02-07,14:39:26.11,5,3,"Durvasula, Miles",832141,Right,PAC_BOX,"Gonzaga, Kai",10138924,Left,POM_COL,Undefined,2,Bottom,0,0,2,Fastball,Sinker,InPlay,Undefined,FlyBall,Double,0,2,,89.68959,-1.192171,-2.143957,2164.533847,226.110073,1:30,6.20867,1.47048,5.20043,-20.30434,15.97568,15.1993,3.3944,0.71965,80.56576,-5.011056,0.547987,0.433516,94.78141,23.49928,-14.329608,2487.674633,104.91296,41.60252,-33.064,357.047,352.72588,-23.702676,4.06992,-8.26741,8.73662,-1.28383,50,6.08356,4.14669,-129.81955,-3.39878,-13.86623,31.53468,-17.52084,POM_COL,PAC_BOX,PomonaPitzer,D3,Team,20260207-PomonaPitzer-2,db9732c0-0475-11f1-87a1-bbe4b648e251,86.94589,53.24986,,9.12384,,,,0.41336,3.1877,-0.72449,5ab81c87-aa0e-4d85-b863-dca276aed003,2026-02-07,22:39:26.11,2026-02-07T14:39:26.1180928-08:00,2026-02-07T22:39:26.1180928Z,LineDrive,v3,POM_PIT,,,"Laureano, Alex",1000242072,Right,PAC_BOX,7cc01a2a-c114-41ae-8ced-4470d30bf3e2,55.2954,-131.09955,15.76734,6.20708,-2.68761,-8.76042,-1.46357,4.70952,-6.93311,132.35692,0.41432,123.49633,-17.82431,3.21029,-0.54558,0.07529,-0.01594,0.0033,-0.00027,3.18741,55.43307,-16.9362,1.00891,-0.05721,-0.04732,0.02821,-0.00582,0.00042,-0.7242,-31.55567,-3.34104,1.46321,-0.41062,0.09644,-0.01942,0.00249,-0.00014,,,,,,,,,,,,,,,,,,,,,,,High,High,High,High,High,,,
97,2026-02-07,14:40:20.97,6,1,"Durvasula, Miles",832141,Right,PAC_BOX,"Pierantoni, Greg",1000091552,Right,POM_COL,Undefined,2,Bottom,0,0,0,Curveball,Curveball,InPlay,Undefined,GroundBall,Single,0,2,,75.40393,1.393181,-1.010779,2296.894628,48.030987,7:30,5.73753,1.79291,5.24511,-60.85338,-9.81312,-12.88327,1.97614,-0.2307,68.66833,-9.63848,-3.299724,0.514195,93.47184,0.897841,15.369162,2012.761759,,,,60.10211,53.7049,17.33628,0.460645,6.10882,-4.83485,-1.69011,50,5.82024,2.43017,-109.3312,0.58432,7.27605,22.14712,-37.93268,POM_COL,PAC_BOX,PomonaPitzer,D3,Team,20260207-PomonaPitzer-2,fc5a3110-0475-11f1-87a1-bbe4b648e251,73.30378,1.94048,,6.73559,,,,0.39717,1.85614,0.28046,5ab81c87-aa0e-4d85-b863-dca276aed003,2026-02-07,22:40:20.97,2026-02-07T14:40:20.9747968-08:00,2026-02-07T22:40:20.9747968Z,GroundBall,v3,POM_PIT,,,"Laureano, Alex",1000242072,Right,PAC_BOX,4b0915cf-175f-4a5f-935c-6714306dad21,55.2555,-110.39067,11.07356,5.74888,2.39894,-18.96634,-1.79804,2.0821,3.63802,255.637404,0.40991,131.80297,-17.74186,,,,,,,1.85908,2.06327,-13.2547,,,,,,,0.27408,36.51622,3.86467,,,,,,,,,,,,,,,,,,,,,,,,,,,,,High,High,High,High,High,,,
98,2026-02-07,14:44:18.11,7,1,"Hirsh, Isaiah",1000397350,Left,PAC_BOX,"Gold, Jack",1000108729,Left,POM_COL,Undefined,2,Bottom,0,0,0,Fastball,Changeup,BallinDirt,Undefined,Undefined,Undefined,0,0,,83.05804,-1.86993,0.009586,1938.408622,143.305824,10:45,5.99567,-0.60151,5.87901,-25.22139,16.04938,-10.80485,2.15666,-1.49302,74.80876,-6.630917,-1.930501,0.462373,,,,,,,,,,,,5.47292,9.27182,0.6067,50,5.83029,0.42297,-120.35001,-4.665,7.87485,27.48519,-18.8331,POM_COL,PAC_BOX,PomonaPitzer,D3,Team,20260207-PomonaPitzer-2,89ac2b90-0476-11f1-87a1-bbe4b648e251,81.5195,,,8.24928,,,,,,,5ab81c87-aa0e-4d85-b863-dca276aed003,2026-02-07,22:44:18.11,2026-02-07T14:44:18.1109760-08:00,2026-02-07T22:44:18.1109760Z,,v3,POM_PIT,,,"Laureano, Alex",1000242072,Right,PAC_BOX,b99d1bab-e2a5-408c-aef1-27f94303e9f0,54.6145,-121.39929,13.7426,5.99466,-3.94602,-9.41655,0.59629,0.12234,3.93743,,,,,,,,,,,,,,,,,,,,,,,,,,,,,,,,,,,,,,,,,,,,,,,,,,,High,High,High,,,,,
99,2026-02-07,14:44:45.49,7,2,"Hirsh, Isaiah",1000397350,Left,PAC_BOX,"Gold, Jack",1000108729,Left,POM_COL,Undefined,2,Bottom,0,1,0,Fastball,Changeup,StrikeSwinging,Undefined,Undefined,Undefined,0,0,,83.21237,-1.12656,1.819702,1858.427533,139.622496,10:45,5.93665,-0.70479,6.17457,-27.3997,12.69682,-9.66725,2.61225,0.17075,75.90155,-6.275848,0.075031,0.455748,,,,,,,,,,,,5.53906,7.30048,0.57195,50,5.8375,-3.47157,-120.82465,-3.1748,8.1442,24.72226,-21.44,POM_COL,PAC_BOX,PomonaPitzer,D3,Team,20260207-PomonaPitzer-2,9a1b52d0-0476-11f1-87a1-bbe4b648e251,82.70456,,,7.31082,,,,,,,5ab81c87-aa0e-4d85-b863-dca276aed003,2026-02-07,22:44:45.49,2026-02-07T14:44:45.4945280-08:00,2026-02-07T22:44:45.4945280Z,,v3,POM_PIT,,,"Laureano, Alex",1000242072,Right,PAC_BOX,16f340b5-8005-4b1c-b0c0-7a1a5b06ba6a,54.32317,-121.70601,12.36113,5.93705,-2.41045,-10.72,0.70089,-3.76192,4.0721,,,,,,,,,,,,,,,,,,,,,,,,,,,,,,,,,,,,,,,,,,,,,,,,,,,High,High,High,,,,,
100,2026-02-07,14:45:08.27,7,3,"Hirsh, Isaiah",1000397350,Left,PAC_BOX,"Gold, Jack",1000108729,Left,POM_COL,Undefined,2,Bottom,0,1,1,Fastball,Changeup,BallCalled,Undefined,Undefined,Undefined,0,0,,85.2587,-3.338211,0.782237,1688.987101,127.208676,10:15,6.01087,-0.55883,5.92123,-28.15813,10.63571,-12.24843,0.56281,-0.8536,77.79858,-8.560865,-1.421394,0.448283,,,,,,,,,,,,6.54485,6.868,0.50328,50,5.72749,-1.19981,-123.58493,-8.1023,10.02674,26.79584,-21.65223,POM_COL,PAC_BOX,PomonaPitzer,D3,Team,20260207-PomonaPitzer-2,a784b420-0476-11f1-87a1-bbe4b648e251,84.08171,,,7.46011,,,,,,,5ab81c87-aa0e-4d85-b863-dca276aed003,2026-02-07,22:45:08.27,2026-02-07T14:45:08.2761216-08:00,2026-02-07T22:45:08.2761216Z,,v3,POM_PIT,,,"Laureano, Alex",1000242072,Right,PAC_BOX,2c229e81-4ab4-4a62-97d3-a29621a2f39b,54.577,-124.57337,13.39792,6.01163,-7.3036,-10.82612,0.55436,-1.56967,5.01337,,,,,,,,,,,,,,,,,,,,,,,,,,,,,,,,,,,,,,,,,,,,,,,,,,,High,High,High,,,,,
101,2026-02-07,14:45:34.15,7,4,"Hirsh, Isaiah",1000397350,Left,PAC_BOX,"Gold, Jack",1000108729,Left,POM_COL,Undefined,2,Bottom,0,2,1,Curveball,Curveball,BallCalled,Undefined,Undefined,Undefined,0,0,,70.21808,1.137747,0.772,2529.830278,308.47206,4:15,5.90762,-0.9139,5.97257,-67.78078,-10.60193,15.79647,1.31424,1.11822,64.37189,-11.276387,3.620913,0.544238,,,,,,,,,,,,-7.84185,-5.1902,0.84425,50,5.96071,-1.90068,-101.99308,0.08107,-8.12517,19.33642,-37.55177,POM_COL,PAC_BOX,PomonaPitzer,D3,Team,20260207-PomonaPitzer-2,b706e350-0476-11f1-87a1-bbe4b648e251,69.25724,,,5.84619,,,,,,,5ab81c87-aa0e-4d85-b863-dca276aed003,2026-02-07,22:45:34.15,2026-02-07T14:45:34.1566464-08:00,2026-02-07T22:45:34.1566464Z,,v3,POM_PIT,,,"Laureano, Alex",1000242072,Right,PAC_BOX,5197a997-7c90-4ccc-8609-bb9abe126c29,54.52943,-102.84821,9.66821,5.9204,1.74176,-18.77588,0.92036,-1.54136,-4.06259,,,,,,,,,,,,,,,,,,,,,,,,,,,,,,,,,,,,,,,,,,,,,,,,,,,High,High,High,,,,,
102,2026-02-07,14:45:56.44,7,5,"Hirsh, Isaiah",1000397350,Left,PAC_BOX,"Gold, Jack",1000108729,Left,POM_COL,Undefined,2,Bottom,0,3,1,Fastball,Four-Seam,BallCalled,Walk,Undefined,Undefined,0,0,,84.53211,-3.76025,2.308761,1969.469914,186.413909,12:15,5.98665,-0.6056,6.1551,-19.69639,19.62151,2.04697,0.86342,1.69916,76.73147,-7.504609,2.677579,0.451301,,,,,,,,,,,,-0.33354,11.72827,0.42916,50,5.69028,-5.01326,-122.35319,-8.5629,-0.49968,26.78554,-14.60382,POM_COL,PAC_BOX,PomonaPitzer,D3,Team,20260207-PomonaPitzer-2,c472dcb0-0476-11f1-87a1-bbe4b648e251,83.51947,,,7.80063,,,,,,,5ab81c87-aa0e-4d85-b863-dca276aed003,2026-02-07,22:45:56.44,2026-02-07T14:45:56.4416000-08:00,2026-02-07T22:45:56.4416000Z,,v3,POM_PIT,,,"Laureano, Alex",1000242072,Right,PAC_BOX,f1eb4aac-701c-43aa-90e4-e25cd33dd4e2,54.34048,-123.29974,13.39277,5.98376,-8.04682,-7.30191,0.60601,-4.9956,-0.24984,,,,,,,,,,,,,,,,,,,,,,,,,,,,,,,,,,,,,,,,,,,,,,,,,,,High,High,High,,,,,
103,2026-02-07,14:46:29.18,8,1,"Hirsh, Isaiah",1000397350,Left,PAC_BOX,"DeGrazia, Tanner",1000214434,Right,POM_COL,Undefined,2,Bottom,0,0,0,Fastball,Changeup,StrikeCalled,Undefined,Undefined,Undefined,0,0,,84.28785,-3.012179,2.149723,1910.647785,150.33787,11:00,6.05475,-0.67974,6.00083,-18.94387,21.0119,-11.10064,1.68053,0.38803,75.87435,-6.649473,0.15419,0.454947,,,,,,,,,,,,6.34492,12.18347,0.5163,50,5.80708,-4.1224,-121.98461,-6.90627,9.39251,27.92679,-14.13865,POM_COL,PAC_BOX,PomonaPitzer,D3,Team,20260207-PomonaPitzer-2,d7c99380-0476-11f1-87a1-bbe4b648e251,82.8501,,,8.4135,,,,,,,5ab81c87-aa0e-4d85-b863-dca276aed003,2026-02-07,22:46:29.18,2026-02-07T14:46:29.1805696-08:00,2026-02-07T22:46:29.1805696Z,,v3,POM_PIT,,,"Laureano, Alex",1000242072,Right,PAC_BOX,f3ba1203-f59f-4d39-8b85-105e3fc0c072,54.49277,-123.00888,13.9634,6.05087,-6.38771,-7.06933,0.67381,-4.46689,4.69625,,,,,,,,,,,,,,,,,,,,,,,,,,,,,,,,,,,,,,,,,,,,,,,,,,,High,High,High,,,,,
104,2026-02-07,14:46:48.13,8,2,"Hirsh, Isaiah",1000397350,Left,PAC_BOX,"DeGrazia, Tanner",1000214434,Right,POM_COL,Undefined,2,Bottom,0,0,1,Fastball,Cutter,InPlay,Undefined,FlyBall,HomeRun,0,3,,83.34318,-1.286297,0.73056,1736.918987,180.751789,12:00,5.98488,-0.70792,5.85289,-24.74096,16.33525,0.19386,2.72766,-0.01292,74.85185,-5.972145,0.76534,0.461282,97.42739,29.726579,-32.791182,2757.659594,91.75895,52.7023,-60.66426,363.49949,213.91904,-36.55008,4.269434,0.14961,9.23367,0.64846,50,5.86626,-1.54796,-120.78754,-3.43568,0.21627,28.22113,-18.82457,POM_COL,PAC_BOX,PomonaPitzer,D3,Team,20260207-PomonaPitzer-2,e30e8e30-0476-11f1-87a1-bbe4b648e251,81.71235,68.32245,,8.49133,,,,1.40675,2.78481,0.07051,5ab81c87-aa0e-4d85-b863-dca276aed003,2026-02-07,22:46:48.13,2026-02-07T14:46:48.1377280-08:00,2026-02-07T22:46:48.1377280Z,FlyBall,v3,POM_PIT,,,"Laureano, Alex",1000242072,Right,PAC_BOX,f08457f7-073b-45e4-81fb-40ca0e996b22,54.64251,-121.8674,14.11056,5.98395,-2.71537,-9.41229,0.70785,-1.55624,0.10813,,1.40622,104.32908,-15.84912,3.45698,-0.86068,0.22674,-0.05013,0.00681,-0.00039,2.78548,70.83759,-22.72603,2.55865,-0.42941,0.02522,0.00927,-0.00204,0.00012,0.07092,-67.21476,7.08475,-1.56898,0.42691,-0.1258,0.02984,-0.00413,0.00024,,,,,,,,,,,,,,,,,,,,,,,High,High,High,High,Low,,,
105,2026-02-07,14:47:35.88,9,1,"Hirsh, Isaiah",1000397350,Left,PAC_BOX,"Parker, Will",1000474009,Left,POM_COL,Undefined,2,Bottom,0,0,0,Fastball,Changeup,StrikeCalled,Undefined,Undefined,Undefined,0,0,,83.77995,-2.432557,0.889518,1925.447507,165.378293,11:30,6.01166,-0.68464,5.95231,-22.25659,17.48777,-4.2287,1.8993,-0.212,76.7828,-6.617314,0.129314,0.453742,,,,,,,,,,,,2.40414,10.03158,0.61621,50,5.80564,-1.7191,-121.58961,-5.80595,3.60019,23.77094,-17.15179,POM_COL,PAC_BOX,PomonaPitzer,D3,Team,20260207-PomonaPitzer-2,ff8abb10-0476-11f1-87a1-bbe4b648e251,83.07017,,,6.99715,,,,,,,5ab81c87-aa0e-4d85-b863-dca276aed003,2026-02-07,22:47:35.88,2026-02-07T14:47:35.8825984-08:00,2026-02-07T22:47:35.8825984Z,,v3,POM_PIT,,,"Laureano, Alex",1000242072,Right,PAC_BOX,30d12206-ddfd-4a34-81b5-4089209ca22e,54.54413,-122.47477,11.88547,6.00995,-5.16727,-8.5759,0.68273,-1.85316,1.8001,,,,,,,,,,,,,,,,,,,,,,,,,,,,,,,,,,,,,,,,,,,,,,,,,,,High,High,High,,,,,
106,2026-02-07,14:47:52.73,9,2,"Hirsh, Isaiah",1000397350,Left,PAC_BOX,"Parker, Will",1000474009,Left,POM_COL,Undefined,2,Bottom,0,0,1,Curveball,Curveball,StrikeCalled,Undefined,Undefined,Undefined,0,0,,70.86939,3.898349,-0.99098,2582.212394,309.748171,4:15,6.04634,-0.47679,5.45034,-68.14838,-10.65627,15.24316,4.02308,-0.13437,64.20603,-8.539842,1.722713,0.545727,,,,,,,,,,,,-7.8863,-5.84768,0.5538,50,6.34482,1.20956,-102.60349,4.83604,-8.28223,19.32594,-38.31529,POM_COL,PAC_BOX,PomonaPitzer,D3,Team,20260207-PomonaPitzer-2,099a4300-0477-11f1-87a1-bbe4b648e251,69.06827,,,6.66336,,,,,,,5ab81c87-aa0e-4d85-b863-dca276aed003,2026-02-07,22:47:52.73,2026-02-07T14:47:52.7302656-08:00,2026-02-07T22:47:52.7302656Z,,v3,POM_PIT,,,"Laureano, Alex",1000242072,Right,PAC_BOX,15e9439c-6a2a-4032-8f13-9accff65c3b1,55.05028,-103.55037,9.66297,6.06189,6.7133,-19.15764,0.48459,1.61535,-4.14112,,,,,,,,,,,,,,,,,,,,,,,,,,,,,,,,,,,,,,,,,,,,,,,,,,,High,High,High,,,,,
107,2026-02-07,14:48:08.81,9,3,"Hirsh, Isaiah",1000397350,Left,PAC_BOX,"Parker, Will",1000474009,Left,POM_COL,Undefined,2,Bottom,0,0,2,Curveball,Curveball,BallCalled,Undefined,Undefined,Undefined,0,0,,70.4958,2.76868,-2.134756,2606.112212,319.39961,4:45,6.01435,-0.63514,5.57166,-75.27756,-17.05288,16.48178,2.33117,-1.2566,63.77998,-10.95603,0.812675,0.549193,,,,,,,,,,,,-8.9715,-8.7393,0.80844,50,6.20492,3.20522,-102.11506,2.57709,-9.24176,20.63964,-41.17661,POM_COL,PAC_BOX,PomonaPitzer,D3,Team,20260207-PomonaPitzer-2,133cd850-0477-11f1-87a1-bbe4b648e251,68.63241,,,6.71582,,,,,,,5ab81c87-aa0e-4d85-b863-dca276aed003,2026-02-07,22:48:08.81,2026-02-07T14:48:08.8126464-08:00,2026-02-07T22:48:08.8126464Z,,v3,POM_PIT,,,"Laureano, Alex",1000242072,Right,PAC_BOX,dc0a7b0a-57cc-4a8d-8f2a-08f9d522d970,54.93078,-103.10685,10.31982,6.03354,4.55576,-20.58831,0.64375,3.64931,-4.62088,,,,,,,,,,,,,,,,,,,,,,,,,,,,,,,,,,,,,,,,,,,,,,,,,,,High,High,High,,,,,
108,2026-02-07,14:48:26.05,9,4,"Hirsh, Isaiah",1000397350,Left,PAC_BOX,"Parker, Will",1000474009,Left,POM_COL,Undefined,2,Bottom,0,1,2,Fastball,Four-Seam,FoulBallNotFieldable,Undefined,Undefined,Undefined,0,0,,86.10692,-2.326051,0.994036,2022.411038,176.356237,12:00,6.05686,-0.61942,6.12525,-19.72832,18.03265,-1.06354,2.26111,0.21094,78.05618,-6.08745,0.802269,0.442275,,,,,,,,,,,,0.85642,10.42134,0.54393,50,5.86861,-2.12431,-124.88835,-5.61249,1.33753,27.77114,-15.89853,POM_COL,PAC_BOX,PomonaPitzer,D3,Team,20260207-PomonaPitzer-2,1d6bcf20-0477-11f1-87a1-bbe4b648e251,85.22392,,,8.05073,,,,,,,5ab81c87-aa0e-4d85-b863-dca276aed003,2026-02-07,22:48:26.05,2026-02-07T14:48:26.0544512-08:00,2026-02-07T22:48:26.0544512Z,,v3,POM_PIT,,,"Laureano, Alex",1000242072,Right,PAC_BOX,7261a052-4f4a-48da-bda2-6a0dd5b293ee,54.37073,-125.85651,13.88557,6.05461,-5.05824,-7.94927,0.6188,-2.17094,0.66877,,,,,,,,,,,,,,,,,,,,,,,,,,,,,,,,,,,,,,,,,,,,,,,,,,,High,High,High,,,,,
109,2026-02-07,14:48:49.98,9,5,"Hirsh, Isaiah",1000397350,Left,PAC_BOX,"Parker, Will",1000474009,Left,POM_COL,Undefined,2,Bottom,0,1,2,Fastball,Four-Seam,BallCalled,Undefined,Undefined,Undefined,0,0,,86.0287,-4.202945,2.500223,2056.199625,160.494922,11:15,5.95803,-0.60416,6.22635,-21.59328,16.3704,-5.30776,0.2701,1.2618,78.01176,-8.283784,1.541927,0.443461,,,,,,,,,,,,3.54795,10.23575,0.41981,50,5.63249,-5.22637,-124.45099,-9.75421,5.48763,28.1904,-16.34236,POM_COL,PAC_BOX,PomonaPitzer,D3,Team,20260207-PomonaPitzer-2,2baeeea0-0477-11f1-87a1-bbe4b648e251,84.99605,,,8.01694,,,,,,,5ab81c87-aa0e-4d85-b863-dca276aed003,2026-02-07,22:48:49.98,2026-02-07T14:48:49.9822080-08:00,2026-02-07T22:48:49.9822080Z,,v3,POM_PIT,,,"Laureano, Alex",1000242072,Right,PAC_BOX,99a86e48-2d68-4e41-ad6c-0dbc6be2c46f,54.27011,-125.41452,14.0952,5.95634,-9.19564,-8.17118,0.60165,-5.41394,2.74382,,,,,,,,,,,,,,,,,,,,,,,,,,,,,,,,,,,,,,,,,,,,,,,,,,,High,High,High,,,,,
110,2026-02-07,14:49:16.50,9,6,"Hirsh, Isaiah",1000397350,Left,PAC_BOX,"Parker, Will",1000474009,Left,POM_COL,Undefined,2,Bottom,0,2,2,Curveball,Curveball,BallCalled,Undefined,Undefined,Undefined,0,0,,71.71495,-0.421701,1.111128,2581.095601,298.951927,4:00,6.03276,-0.5246,5.06408,-66.08004,-8.63902,19.53103,0.12837,2.15083,65.23473,-12.311301,4.577615,0.545484,,,,,,,,,,,,-9.34103,-3.56851,0.40275,50,5.94041,-2.74484,-103.8611,-2.93153,-9.91682,21.9445,-35.96251,POM_COL,PAC_BOX,PomonaPitzer,D3,Team,20260207-PomonaPitzer-2,3b89ec30-0477-11f1-87a1-bbe4b648e251,69.09901,,,6.48023,,,,,,,5ab81c87-aa0e-4d85-b863-dca276aed003,2026-02-07,22:49:16.50,2026-02-07T14:49:16.5004800-08:00,2026-02-07T22:49:16.5004800Z,,v3,POM_PIT,,,"Laureano, Alex",1000242072,Right,PAC_BOX,88a890c4-2522-4667-b2dd-e4ad2121c074,55.43619,-105.00342,10.97225,6.04428,-1.05951,-17.98126,0.5322,-2.22863,-4.95841,,,,,,,,,,,,,,,,,,,,,,,,,,,,,,,,,,,,,,,,,,,,,,,,,,,High,High,High,,,,,
111,2026-02-07,14:49:43.85,9,7,"Hirsh, Isaiah",1000397350,Left,PAC_BOX,"Parker, Will",1000474009,Left,POM_COL,Undefined,2,Bottom,0,3,2,Fastball,Four-Seam,BallCalled,Walk,Undefined,Undefined,0,0,,86.36459,-4.022424,1.598114,2136.237731,161.836529,11:30,5.97599,-0.48879,6.12526,-16.84044,20.85753,-6.39465,0.84669,0.45602,78.27593,-7.252996,0.445435,0.441906,,,,,,,,,,,,3.78693,12.41268,0.36973,50,5.65894,-3.22995,-125.0203,-9.21935,5.92348,27.95709,-12.75821,POM_COL,PAC_BOX,PomonaPitzer,D3,Team,20260207-PomonaPitzer-2,4bcb25a0-0477-11f1-87a1-bbe4b648e251,85.29507,,,8.08866,,,,,,,5ab81c87-aa0e-4d85-b863-dca276aed003,2026-02-07,22:49:43.85,2026-02-07T14:49:43.8578176-08:00,2026-02-07T22:49:43.8578176Z,,v3,POM_PIT,,,"Laureano, Alex",1000242072,Right,PAC_BOX,3b934403-92a6-45f2-a250-b2afb768b541,54.37056,-125.99386,13.97854,5.97226,-8.77507,-6.3791,0.4858,-3.43622,2.96174,,,,,,,,,,,,,,,,,,,,,,,,,,,,,,,,,,,,,,,,,,,,,,,,,,,High,High,High,,,,,
112,2026-02-07,14:50:13.95,10,1,"Hirsh, Isaiah",1000397350,Left,PAC_BOX,"Berry, Cooper",1000276381,Left,POM_COL,Undefined,2,Bottom,0,0,0,Fastball,Changeup,BallCalled,Undefined,Undefined,Undefined,0,0,,84.78295,-4.294043,2.093243,2020.711525,157.252269,11:15,5.97413,-0.5163,6.02734,-15.21288,24.37391,-9.57453,0.71948,0.62528,76.2667,-7.256278,0.371646,0.452842,,,,,,,,,,,,5.59315,14.37721,0.35759,50,5.62934,-4.09078,-122.54525,-9.54651,8.34549,28.45999,-10.72193,POM_COL,PAC_BOX,PomonaPitzer,D3,Team,20260207-PomonaPitzer-2,5dbcf540-0477-11f1-87a1-bbe4b648e251,83.23532,,,8.51625,,,,,,,5ab81c87-aa0e-4d85-b863-dca276aed003,2026-02-07,22:50:13.95,2026-02-07T14:50:13.9512320-08:00,2026-02-07T22:50:13.9512320Z,,v3,POM_PIT,,,"Laureano, Alex",1000242072,Right,PAC_BOX,79b52d86-7860-4c68-ba62-a73eccacb8fe,54.46739,-123.57841,14.22999,5.96884,-9.15728,-5.36097,0.51159,-4.39374,4.17274,,,,,,,,,,,,,,,,,,,,,,,,,,,,,,,,,,,,,,,,,,,,,,,,,,,High,High,High,,,,,
113,2026-02-07,14:50:33.46,10,2,"Hirsh, Isaiah",1000397350,Left,PAC_BOX,"Berry, Cooper",1000276381,Left,POM_COL,Undefined,2,Bottom,0,1,0,Fastball,Four-Seam,InPlay,Undefined,LineDrive,Single,0,0,,86.18799,-2.152281,1.45857,2105.427456,153.512533,11:00,6.06086,-0.65034,6.14639,-17.8719,19.88025,-9.22646,2.58117,-0.07115,77.86134,-5.592729,-0.205177,0.442224,72.16237,15.779932,11.387051,1165.961028,108.14849,18.695,20.09692,201.14486,200.37587,9.810052,2.42535,5.22548,11.35087,0.54393,50,5.88774,-2.81321,-124.98559,-5.15904,8.1508,28.46158,-14.46875,POM_COL,PAC_BOX,PomonaPitzer,D3,Team,20260207-PomonaPitzer-2,695f2b20-0477-11f1-87a1-bbe4b648e251,85.23385,18.73468,,8.32665,,,,0.73215,2.56317,0.07773,5ab81c87-aa0e-4d85-b863-dca276aed003,2026-02-07,22:50:33.46,2026-02-07T14:50:33.4607872-08:00,2026-02-07T22:50:33.4607872Z,LineDrive,v3,POM_PIT,,,"Laureano, Alex",1000242072,Right,PAC_BOX,a4c82e73-e414-4b45-9b74-b253e249a544,54.34986,-125.97224,14.23079,6.05789,-4.65746,-7.23437,0.64635,-3.09577,4.0754,167.069915,0.73217,99.84343,-10.71513,1.82845,-0.25354,-0.02861,0.03796,-0.01235,0.00151,2.56316,28.78152,-13.29515,0.51613,-0.14372,0.10577,-0.05272,0.01501,-0.00176,0.07774,20.1087,-3.5096,0.61084,-0.09102,-0.0052,0.01071,-0.00357,0.00044,,,,,,,,,,,,,,,,,,,,,,,High,High,High,High,High,,,
114,2026-02-07,14:51:12.81,11,1,"Hirsh, Isaiah",1000397350,Left,PAC_BOX,"Savas, Peter",1000276389,Right,POM_COL,Undefined,2,Bottom,0,0,0,Fastball,Four-Seam,StrikeCalled,Undefined,Undefined,Undefined,0,0,,85.49297,-2.23136,2.193908,2091.659288,162.790605,11:30,5.955,-0.66425,6.20476,-18.75292,19.57111,-5.63189,2.33011,0.89244,77.2447,-5.8351,1.177931,0.445561,,,,,,,,,,,,3.67213,11.31327,0.50239,50,5.77804,-4.53749,-123.9709,-5.32559,5.62638,28.3583,-14.83999,POM_COL,PAC_BOX,PomonaPitzer,D3,Team,20260207-PomonaPitzer-2,80c99570-0477-11f1-87a1-bbe4b648e251,84.59551,,,8.24828,,,,,,,5ab81c87-aa0e-4d85-b863-dca276aed003,2026-02-07,22:51:12.81,2026-02-07T14:51:12.8122880-08:00,2026-02-07T22:51:12.8122880Z,,v3,POM_PIT,,,"Laureano, Alex",1000242072,Right,PAC_BOX,a62858a8-4326-48a0-92ff-69061ff19760,54.2941,-124.94931,14.17915,5.95295,-4.81359,-7.41999,0.66229,-4.73161,2.81319,,,,,,,,,,,,,,,,,,,,,,,,,,,,,,,,,,,,,,,,,,,,,,,,,,,High,High,High,,,,,
115,2026-02-07,14:51:32.51,11,2,"Hirsh, Isaiah",1000397350,Left,PAC_BOX,"Savas, Peter",1000276389,Right,POM_COL,Undefined,2,Bottom,0,0,1,Fastball,Four-Seam,BallCalled,Undefined,Undefined,Undefined,0,0,,86.58106,-4.313595,1.410044,2078.217976,154.263759,11:15,6.00659,-0.62455,5.9996,-13.59135,24.3943,-11.04819,0.86822,-0.23842,77.83296,-6.976721,-0.576445,0.443589,,,,,,,,,,,,6.11441,14.36477,0.51948,50,5.6591,-2.62187,-125.18293,-9.73713,9.51644,29.78959,-9.81674,POM_COL,PAC_BOX,PomonaPitzer,D3,Team,20260207-PomonaPitzer-2,8c8f58e0-0477-11f1-87a1-bbe4b648e251,84.97146,,,8.7481,,,,,,,5ab81c87-aa0e-4d85-b863-dca276aed003,2026-02-07,22:51:32.51,2026-02-07T14:51:32.5127168-08:00,2026-02-07T22:51:32.5127168Z,,v3,POM_PIT,,,"Laureano, Alex",1000242072,Right,PAC_BOX,fe1d98b3-13a3-49c2-b21e-9279ce4c4b0f,54.49532,-126.24814,14.8948,6.001,-9.38611,-4.90837,0.61932,-2.96216,4.75822,,,,,,,,,,,,,,,,,,,,,,,,,,,,,,,,,,,,,,,,,,,,,,,,,,,High,High,High,,,,,
116,2026-02-07,14:51:51.19,11,3,"Hirsh, Isaiah",1000397350,Left,PAC_BOX,"Savas, Peter",1000276389,Right,POM_COL,Undefined,2,Bottom,0,1,1,Fastball,Changeup,InPlay,Undefined,FlyBall,Out,1,0,,85.62144,-2.749729,1.038718,1828.371672,150.743417,11:00,5.99506,-0.75135,5.98729,-20.41493,17.90277,-9.28453,1.74295,-0.56226,77.8515,-6.616792,-0.631456,0.445524,80.40654,36.822717,3.248514,,109.43318,70.54028,11.14898,291.86585,287.84538,7.918213,5.022399,5.10414,10.4369,0.67459,50,5.76681,-1.88194,-124.17176,-6.54587,7.89869,26.91481,-16.02291,POM_COL,PAC_BOX,PomonaPitzer,D3,Team,20260207-PomonaPitzer-2,97b46f80-0477-11f1-87a1-bbe4b648e251,84.60248,83.31585,,7.76995,,,,1.82531,2.08836,0.61225,5ab81c87-aa0e-4d85-b863-dca276aed003,2026-02-07,22:51:51.19,2026-02-07T14:51:51.1903744-08:00,2026-02-07T22:51:51.1903744Z,FlyBall,v3,POM_PIT,,,"Laureano, Alex",1000242072,Right,PAC_BOX,cc743c30-e04f-4b82-a4e0-ef7a1bc6f8a9,54.5104,-125.14559,13.45741,5.99317,-5.96613,-8.01146,0.74785,-2.16773,3.94935,194.900625,1.82772,94.19367,-17.40005,3.67866,-0.35868,-0.07217,0.03116,-0.00415,0.0002,2.08658,70.71709,-16.83739,0.91091,-0.22908,0.05518,-0.00364,-0.00061,7E-05,0.61233,5.35151,2.34045,-0.79747,0.12329,0.0058,-0.00656,0.00108,-6E-05,,,,,,,,,,,,,,,,,,,,,,,High,High,High,Medium,Medium,,,
117,2026-02-07,14:52:31.28,12,1,"Hirsh, Isaiah",1000397350,Left,PAC_BOX,"Hu, Landon",1000261921,Right,POM_COL,Undefined,2,Bottom,1,0,0,Fastball,Four-Seam,BallCalled,Undefined,Undefined,Undefined,0,0,,85.92192,-3.361449,-0.018573,2100.694618,150.419856,11:00,6.01799,-0.47125,5.9461,-17.17761,21.54572,-11.36119,1.46508,-1.43524,76.98682,-6.676441,-2.060243,0.447876,,,,,,,,,,,,5.76252,12.61087,0.4788,50,5.74058,0.51883,-124.31683,-7.7315,8.80508,30.40796,-12.90476,POM_COL,PAC_BOX,PomonaPitzer,D3,Team,20260207-PomonaPitzer-2,af9a2450-0477-11f1-87a1-bbe4b648e251,84.15819,,,8.9351,,,,,,,5ab81c87-aa0e-4d85-b863-dca276aed003,2026-02-07,22:52:31.28,2026-02-07T14:52:31.2878592-08:00,2026-02-07T22:52:31.2878592Z,,v3,POM_PIT,,,"Laureano, Alex",1000242072,Right,PAC_BOX,884164a4-fc92-4972-b84d-5271d158ab40,54.54716,-125.42414,15.20398,6.01357,-7.26158,-6.45238,0.46574,0.19819,4.40254,,,,,,,,,,,,,,,,,,,,,,,,,,,,,,,,,,,,,,,,,,,,,,,,,,,High,High,High,,,,,
118,2026-02-07,14:52:54.75,12,2,"Hirsh, Isaiah",1000397350,Left,PAC_BOX,"Hu, Landon",1000261921,Right,POM_COL,Undefined,2,Bottom,1,1,0,Fastball,Changeup,BallCalled,Undefined,Undefined,Undefined,0,0,,85.04628,-4.104292,2.138469,2051.277863,151.58439,11:00,6.00121,-0.55209,6.19381,-18.36454,20.37289,-10.27162,0.67257,0.56712,77.24131,-7.612044,0.284873,0.447957,,,,,,,,,,,,5.96697,12.21749,0.39602,50,5.6822,-4.19599,-123.10961,-9.30798,9.06388,26.77283,-13.61555,POM_COL,PAC_BOX,PomonaPitzer,D3,Team,20260207-PomonaPitzer-2,bd9872a0-0477-11f1-87a1-bbe4b648e251,84.14291,,,7.80497,,,,,,,5ab81c87-aa0e-4d85-b863-dca276aed003,2026-02-07,22:52:54.75,2026-02-07T14:52:54.7588608-08:00,2026-02-07T22:52:54.7588608Z,,v3,POM_PIT,,,"Laureano, Alex",1000242072,Right,PAC_BOX,7be51fd7-f116-4fcd-a668-844f48ba7289,54.30291,-124.04184,13.38641,5.99804,-8.83389,-6.80778,0.54762,-4.51159,4.53194,,,,,,,,,,,,,,,,,,,,,,,,,,,,,,,,,,,,,,,,,,,,,,,,,,,High,High,High,,,,,
119,2026-02-07,14:53:16.45,12,3,"Hirsh, Isaiah",1000397350,Left,PAC_BOX,"Hu, Landon",1000261921,Right,POM_COL,Undefined,2,Bottom,1,2,0,Fastball,Changeup,StrikeCalled,Undefined,Undefined,Undefined,0,0,,85.6179,-2.801182,1.004364,1834.756255,146.756788,11:00,5.99882,-0.55782,6.05666,-20.69426,17.71666,-10.70158,1.67905,-0.51988,77.49163,-6.733419,-0.92338,0.446066,,,,,,,,,,,,5.773,10.39579,0.48514,50,5.76997,-1.73486,-124.07824,-6.64528,8.88203,27.85774,-16.17961,POM_COL,PAC_BOX,PomonaPitzer,D3,Team,20260207-PomonaPitzer-2,ca810b30-0477-11f1-87a1-bbe4b648e251,84.49975,,,8.12627,,,,,,,5ab81c87-aa0e-4d85-b863-dca276aed003,2026-02-07,22:53:16.45,2026-02-07T14:53:16.4544000-08:00,2026-02-07T22:53:16.4544000Z,,v3,POM_PIT,,,"Laureano, Alex",1000242072,Right,PAC_BOX,33a3f987-432e-4048-b8c5-7106f0febc26,54.43797,-125.07067,13.92887,5.99644,-6.06888,-8.08981,0.55258,-2.05129,4.44101,,,,,,,,,,,,,,,,,,,,,,,,,,,,,,,,,,,,,,,,,,,,,,,,,,,High,High,High,,,,,
120,2026-02-07,14:53:35.66,12,4,"Hirsh, Isaiah",1000397350,Left,PAC_BOX,"Hu, Landon",1000261921,Right,POM_COL,Undefined,2,Bottom,1,2,1,Fastball,Four-Seam,BallCalled,Undefined,Undefined,Undefined,0,0,,85.83196,-3.428637,1.571589,2045.739796,157.342194,11:15,5.93249,-0.6896,6.0986,-18.93659,19.20694,-7.44634,1.1784,0.14375,77.8268,-7.038799,0.229749,0.44451,,,,,,,,,,,,4.31965,11.37162,0.57245,50,5.65833,-3.11263,-124.33645,-7.95858,6.68449,27.60228,-14.57689,POM_COL,PAC_BOX,PomonaPitzer,D3,Team,20260207-PomonaPitzer-2,d64bb0a0-0477-11f1-87a1-bbe4b648e251,84.79542,,,8.00516,,,,,,,5ab81c87-aa0e-4d85-b863-dca276aed003,2026-02-07,22:53:35.66,2026-02-07T14:53:35.6622848-08:00,2026-02-07T22:53:35.6622848Z,,v3,POM_PIT,,,"Laureano, Alex",1000242072,Right,PAC_BOX,257f456b-2765-4d62-82cb-1285ec45a6b6,54.39748,-125.30888,13.80114,5.92967,-7.44504,-7.28845,0.68625,-3.34813,3.34225,,,,,,,,,,,,,,,,,,,,,,,,,,,,,,,,,,,,,,,,,,,,,,,,,,,High,High,High,,,,,
121,2026-02-07,14:53:57.37,12,5,"Hirsh, Isaiah",1000397350,Left,PAC_BOX,"Hu, Landon",1000261921,Right,POM_COL,Undefined,2,Bottom,1,3,1,Fastball,Four-Seam,FoulBallNotFieldable,Undefined,Undefined,Undefined,0,0,,85.61747,-2.499024,1.798079,1976.095055,159.545387,11:15,5.99385,-0.70758,6.19141,-17.89765,19.98068,-6.97969,2.19255,0.37141,78.06045,-5.924078,0.538724,0.442962,,,,,,,,,,,,4.08996,11.40753,0.57527,50,5.79606,-3.61713,-124.19494,-5.87745,6.36562,25.68846,-14.41944,POM_COL,PAC_BOX,PomonaPitzer,D3,Team,20260207-PomonaPitzer-2,e2e517c0-0477-11f1-87a1-bbe4b648e251,85.09177,,,7.55703,,,,,,,5ab81c87-aa0e-4d85-b863-dca276aed003,2026-02-07,22:53:57.37,2026-02-07T14:53:57.3799936-08:00,2026-02-07T22:53:57.3799936Z,,v3,POM_PIT,,,"Laureano, Alex",1000242072,Right,PAC_BOX,055750f4-13c6-41c0-86b7-4b0096415d0f,54.30385,-125.08199,12.84423,5.99041,-5.37954,-7.20972,0.70397,-3.83694,3.18281,,,,,,,,,,,,,,,,,,,,,,,,,,,,,,,,,,,,,,,,,,,,,,,,,,,High,High,High,,,,,
122,2026-02-07,14:54:24.09,12,6,"Hirsh, Isaiah",1000397350,Left,PAC_BOX,"Hu, Landon",1000261921,Right,POM_COL,Undefined,2,Bottom,1,3,2,Fastball,Four-Seam,InPlay,Undefined,LineDrive,Single,0,0,,86.94491,-3.272689,1.186344,1813.104372,162.655012,11:30,6.04002,-0.54591,6.02784,-20.80111,16.27568,-4.68803,1.27178,0.16226,79.24812,-7.193658,0.342281,0.43825,77.1318,14.822557,-16.040443,2604.38523,103.55598,15.17922,-37.09602,191.02831,189.27352,-22.25826,2.100139,2.76453,9.72914,0.45567,50,5.77261,-2.42014,-126.04023,-7.81788,4.41762,27.20395,-16.62718,POM_COL,PAC_BOX,PomonaPitzer,D3,Team,20260207-PomonaPitzer-2,f2d71fc0-0477-11f1-87a1-bbe4b648e251,86.00663,15.34805,,7.69679,,,,0.19502,1.15166,-0.18343,5ab81c87-aa0e-4d85-b863-dca276aed003,2026-02-07,22:54:24.09,2026-02-07T14:54:24.0999424-08:00,2026-02-07T22:54:24.0999424Z,LineDrive,v3,POM_PIT,,,"Laureano, Alex",1000242072,Right,PAC_BOX,62add136-284e-49ad-a1be-f8adcd876c5e,54.46921,-127.00118,13.60198,6.0384,-7.23055,-8.31359,0.54391,-2.57618,2.20881,120.547382,0.19502,105.1037,-13.47625,2.27298,-0.28581,-0.06951,0.05583,-0.0155,0.00172,1.15167,28.94106,-15.4487,0.83807,-0.23543,0.16308,-0.07336,0.01917,-0.00211,-0.18344,-30.21894,-3.49925,1.05687,-0.0303,-0.19764,0.11619,-0.03148,0.00344,,,,,,,,,,,,,,,,,,,,,,,High,High,High,High,High,,,
123,2026-02-07,14:55:11.96,13,1,"Hirsh, Isaiah",1000397350,Left,PAC_BOX,"Dillehay, Drew",1000091533,Right,POM_COL,Undefined,2,Bottom,1,0,0,Curveball,Curveball,StrikeCalled,Undefined,Undefined,Undefined,0,0,,71.3177,2.722858,0.354192,2417.160903,312.492621,4:30,5.98666,-0.55583,5.09745,-67.42283,-10.5302,13.48469,2.93595,0.90167,65.44681,-9.453935,2.742102,0.542874,,,,,,,,,,,,-6.55764,-5.40796,0.51147,50,6.19107,-1.14874,-103.43346,2.68681,-7.06357,18.17115,-37.99925,POM_COL,PAC_BOX,PomonaPitzer,D3,Team,20260207-PomonaPitzer-2,0f663860-0478-11f1-87a1-bbe4b648e251,69.43122,,,5.87089,,,,,,,5ab81c87-aa0e-4d85-b863-dca276aed003,2026-02-07,22:55:11.96,2026-02-07T14:55:11.9622656-08:00,2026-02-07T22:55:11.9622656Z,,v3,POM_PIT,,,"Laureano, Alex",1000242072,Right,PAC_BOX,8235a575-e0f6-4a7d-a23c-67c149472089,55.40478,-104.37865,9.08557,5.99991,4.66338,-18.99962,0.56167,-0.78132,-3.53179,,,,,,,,,,,,,,,,,,,,,,,,,,,,,,,,,,,,,,,,,,,,,,,,,,,High,High,High,,,,,
124,2026-02-07,14:55:30.49,13,2,"Hirsh, Isaiah",1000397350,Left,PAC_BOX,"Dillehay, Drew",1000091533,Right,POM_COL,Undefined,2,Bottom,1,0,1,Curveball,Curveball,HitByPitch,Undefined,Undefined,Undefined,0,1,,72.07017,1.777215,1.053961,2574.633288,312.541535,4:30,6.01307,-0.46044,5.46821,-66.06421,-10.66662,13.70768,2.17179,1.66835,65.77419,-10.238143,3.499669,0.535694,,,,,,,,,,,,-6.66615,-5.61882,0.35772,50,6.12348,-2.40286,-104.55339,1.19418,-7.25601,20.36574,-38.29008,POM_COL,PAC_BOX,PomonaPitzer,D3,Team,20260207-PomonaPitzer-2,1a6b1cd0-0478-11f1-87a1-bbe4b648e251,70.36186,,,6.29598,,,,,,,5ab81c87-aa0e-4d85-b863-dca276aed003,2026-02-07,22:55:30.49,2026-02-07T14:55:30.4905216-08:00,2026-02-07T22:55:30.4905216Z,,v3,POM_PIT,,,"Laureano, Alex",1000242072,Right,PAC_BOX,c8135b8c-c7dd-413e-9b39-b2c836c940c8,55.03448,-105.52949,10.18287,6.02227,3.02936,-19.14504,0.46455,-2.05509,-3.62801,,,,,,,,,,,,,,,,,,,,,,,,,,,,,,,,,,,,,,,,,,,,,,,,,,,High,High,High,,,,,
125,2026-02-07,14:56:16.54,14,1,"Hirsh, Isaiah",1000397350,Left,PAC_BOX,"Gonzaga, Kai",10138924,Left,POM_COL,Undefined,2,Bottom,1,0,0,Fastball,Changeup,BallCalled,Undefined,Undefined,Undefined,0,0,,85.20403,-1.134612,1.299894,1933.62031,157.523609,11:15,6.00191,-0.5445,6.05801,-18.90296,19.66694,-7.58402,3.37608,0.02686,77.2028,-4.758327,-0.06527,0.446988,,,,,,,,,,,,4.25768,10.83115,0.44732,50,5.90351,-2.49409,-123.62478,-2.94471,6.53011,26.70421,-15.56206,POM_COL,PAC_BOX,PomonaPitzer,D3,Team,20260207-PomonaPitzer-2,35e4f4e0-0478-11f1-87a1-bbe4b648e251,84.32541,,,8.00123,,,,,,,5ab81c87-aa0e-4d85-b863-dca276aed003,2026-02-07,22:56:16.54,2026-02-07T14:56:16.5493248-08:00,2026-02-07T22:56:16.5493248Z,,v3,POM_PIT,,,"Laureano, Alex",1000242072,Right,PAC_BOX,c80bde79-943e-4a65-9aea-61e9419769a2,54.43658,-124.57945,13.3521,5.99884,-2.38837,-7.78103,0.54065,-2.72754,3.26506,,,,,,,,,,,,,,,,,,,,,,,,,,,,,,,,,,,,,,,,,,,,,,,,,,,High,High,High,,,,,
126,2026-02-07,14:56:35.75,14,2,"Hirsh, Isaiah",1000397350,Left,PAC_BOX,"Gonzaga, Kai",10138924,Left,POM_COL,Undefined,2,Bottom,1,1,0,Fastball,Four-Seam,HitByPitch,Undefined,Undefined,Undefined,0,1,,85.24919,-0.638534,-0.359086,2027.546638,154.913836,11:15,6.0606,-0.55239,6.05221,-20.70407,17.82092,-7.72292,3.74415,-1.52837,77.25567,-4.585905,-1.749302,0.446727,,,,,,,,,,,,3.88339,9.77532,0.58448,50,5.99995,1.07968,-123.77424,-1.95664,5.96047,27.15175,-17.17035,POM_COL,PAC_BOX,PomonaPitzer,D3,Team,20260207-PomonaPitzer-2,414b3330-0478-11f1-87a1-bbe4b648e251,84.37459,,,7.99351,,,,,,,5ab81c87-aa0e-4d85-b863-dca276aed003,2026-02-07,22:56:35.75,2026-02-07T14:56:35.7537792-08:00,2026-02-07T22:56:35.7537792Z,,v3,POM_PIT,,,"Laureano, Alex",1000242072,Right,PAC_BOX,900f4d36-f798-43ea-b478-1c3388ebe337,54.44522,-124.74555,13.57587,6.05896,-1.3424,-8.58517,0.54967,0.86645,2.98024,,,,,,,,,,,,,,,,,,,,,,,,,,,,,,,,,,,,,,,,,,,,,,,,,,,High,High,High,,,,,
127,2026-02-07,14:57:39.86,15,1,"Hirsh, Isaiah",1000397350,Left,PAC_BOX,"Pierantoni, Greg",1000091552,Right,POM_COL,Undefined,2,Bottom,1,0,0,Curveball,Curveball,BallCalled,Undefined,Undefined,Undefined,0,0,,68.81581,6.488656,-1.835992,2361.82167,330.827243,5:00,6.11644,-0.65138,5.92508,-75.43914,-14.84332,9.52508,5.87965,-1.56183,61.68615,-7.392034,-0.131692,0.560264,,,,,,,,,,,,-5.37819,-8.78729,0.79327,50,6.59695,2.84696,-99.25113,9.08798,-5.26437,18.6565,-40.77537,POM_COL,PAC_BOX,PomonaPitzer,D3,Team,20260207-PomonaPitzer-2,67983150-0478-11f1-87a1-bbe4b648e251,67.27621,,,7.12966,,,,,,,5ab81c87-aa0e-4d85-b863-dca276aed003,2026-02-07,22:57:39.86,2026-02-07T14:57:39.8631936-08:00,2026-02-07T22:57:39.8631936Z,,v3,POM_PIT,,,"Laureano, Alex",1000242072,Right,PAC_BOX,b8aac4d0-5304-40a1-ab9e-70818d129ba6,54.57583,-100.10756,9.32825,6.1368,10.95979,-20.38768,0.65703,3.08863,-2.63219,,,,,,,,,,,,,,,,,,,,,,,,,,,,,,,,,,,,,,,,,,,,,,,,,,,High,High,High,,,,,
128,2026-02-07,14:58:01.96,15,2,"Hirsh, Isaiah",1000397350,Left,PAC_BOX,"Pierantoni, Greg",1000091552,Right,POM_COL,Undefined,2,Bottom,1,1,0,Fastball,Changeup,BallCalled,Undefined,Undefined,Undefined,0,0,,83.37935,-3.590015,1.509066,1930.029677,153.818636,11:15,5.97351,-0.69319,6.1679,-23.05253,17.08473,-7.72138,0.73101,0.05756,76.09803,-7.932347,0.115084,0.455979,,,,,,,,,,,,4.4387,10.3226,0.58268,50,5.68943,-2.88837,-120.83994,-8.22028,6.51909,25.02562,-17.01331,POM_COL,PAC_BOX,PomonaPitzer,D3,Team,20260207-PomonaPitzer-2,74b2fd70-0478-11f1-87a1-bbe4b648e251,82.66259,,,7.28132,,,,,,,5ab81c87-aa0e-4d85-b863-dca276aed003,2026-02-07,22:58:01.96,2026-02-07T14:58:01.9654656-08:00,2026-02-07T22:58:01.9654656Z,,v3,POM_PIT,,,"Laureano, Alex",1000242072,Right,PAC_BOX,b02979dd-109c-4188-92a6-66e5603d6e22,54.32901,-121.73317,12.51281,5.97199,-7.61303,-8.50665,0.68993,-3.12105,3.25954,,,,,,,,,,,,,,,,,,,,,,,,,,,,,,,,,,,,,,,,,,,,,,,,,,,High,High,High,,,,,
129,2026-02-07,14:58:21.79,15,3,"Hirsh, Isaiah",1000397350,Left,PAC_BOX,"Pierantoni, Greg",1000091552,Right,POM_COL,Undefined,2,Bottom,1,2,0,Fastball,Four-Seam,StrikeCalled,Undefined,Undefined,Undefined,0,0,,85.29647,-2.717032,0.152199,1975.175993,178.109649,12:00,6.01715,-0.59909,6.02295,-20.41029,18.38363,-0.55988,1.7979,-0.50478,77.08366,-6.602591,0.051409,0.448284,,,,,,,,,,,,0.33386,10.71634,0.58746,50,5.7933,-0.30528,-123.5998,-6.42544,0.50902,27.9533,-15.83572,POM_COL,PAC_BOX,PomonaPitzer,D3,Team,20260207-PomonaPitzer-2,8087dc10-0478-11f1-87a1-bbe4b648e251,84.08158,,,8.21281,,,,,,,5ab81c87-aa0e-4d85-b863-dca276aed003,2026-02-07,22:58:21.79,2026-02-07T14:58:21.7934848-08:00,2026-02-07T22:58:21.7934848Z,,v3,POM_PIT,,,"Laureano, Alex",1000242072,Right,PAC_BOX,b35d294b-cb15-45b8-90c4-38c89cb9902f,54.47095,-124.60684,13.97665,6.0145,-5.85494,-7.91786,0.59879,-0.32362,0.25451,,,,,,,,,,,,,,,,,,,,,,,,,,,,,,,,,,,,,,,,,,,,,,,,,,,High,High,High,,,,,
130,2026-02-07,14:58:38.79,15,4,"Hirsh, Isaiah",1000397350,Left,PAC_BOX,"Pierantoni, Greg",1000091552,Right,POM_COL,Undefined,2,Bottom,1,2,1,Fastball,Cutter,StrikeSwinging,Undefined,Undefined,Undefined,0,0,,85.18719,-3.086643,1.411417,1825.836783,176.654636,12:00,5.96262,-0.75378,6.09417,-24.1158,14.20965,-0.75807,1.09435,0.4888,78.12981,-7.596585,1.274754,0.445569,,,,,,,,,,,,0.78996,8.58756,0.64546,50,5.71188,-3.01534,-123.5807,-7.38197,1.21988,24.9605,-18.91291,POM_COL,PAC_BOX,PomonaPitzer,D3,Team,20260207-PomonaPitzer-2,8aa43540-0478-11f1-87a1-bbe4b648e251,84.59392,,,7.05738,,,,,,,5ab81c87-aa0e-4d85-b863-dca276aed003,2026-02-07,22:58:38.79,2026-02-07T14:58:38.7998208-08:00,2026-02-07T22:58:38.7998208Z,,v3,POM_PIT,,,"Laureano, Alex",1000242072,Right,PAC_BOX,6150cf2e-5e1c-44f5-b3db-b8fa3f6bb743,54.40366,-124.46696,12.48025,5.96206,-6.71044,-9.45645,0.75329,-3.05866,0.60994,,,,,,,,,,,,,,,,,,,,,,,,,,,,,,,,,,,,,,,,,,,,,,,,,,,High,High,High,,,,,
131,2026-02-07,14:58:57.57,15,5,"Hirsh, Isaiah",1000397350,Left,PAC_BOX,"Pierantoni, Greg",1000091552,Right,POM_COL,Undefined,2,Bottom,1,2,2,Fastball,Four-Seam,BallCalled,Undefined,Undefined,Undefined,0,0,,87.21429,0.604634,0.05306,2100.737476,164.900456,11:30,6.06421,-0.6948,5.97032,-17.59796,19.19989,-4.85276,5.1583,-1.05,79.11177,-2.772557,-0.819007,0.436599,,,,,,,,,,,,2.48276,10.00489,0.69315,50,6.10218,0.0876,-126.61415,0.86095,4.00699,27.25026,-16.027,POM_COL,PAC_BOX,PomonaPitzer,D3,Team,20260207-PomonaPitzer-2,95cf6660-0478-11f1-87a1-bbe4b648e251,86.33199,,,8.10252,,,,,,,5ab81c87-aa0e-4d85-b863-dca276aed003,2026-02-07,22:58:57.57,2026-02-07T14:58:57.5702016-08:00,2026-02-07T22:58:57.5702016Z,,v3,POM_PIT,,,"Laureano, Alex",1000242072,Right,PAC_BOX,d13f418b-6e3e-4188-be07-e3bf972d2b98,54.52481,-127.58428,13.62513,6.06137,1.43153,-8.0135,0.69257,-0.05506,2.00349,,,,,,,,,,,,,,,,,,,,,,,,,,,,,,,,,,,,,,,,,,,,,,,,,,,High,High,High,,,,,
132,2026-02-07,14:59:20.05,15,6,"Hirsh, Isaiah",1000397350,Left,PAC_BOX,"Pierantoni, Greg",1000091552,Right,POM_COL,Undefined,2,Bottom,1,3,2,Fastball,Four-Seam,BallCalled,Walk,Undefined,Undefined,0,1,,86.18892,-1.768699,-0.770311,1886.495607,166.471757,11:30,6.02245,-0.7705,5.9296,-20.84025,16.85025,-3.7552,2.64406,-1.79819,78.62604,-5.703964,-1.444881,0.441863,,,,,,,,,,,,1.69087,9.51225,0.83409,50,5.86931,1.83733,-125.09204,-4.47436,2.6696,26.07832,-17.15568,POM_COL,PAC_BOX,PomonaPitzer,D3,Team,20260207-PomonaPitzer-2,a33ac380-0478-11f1-87a1-bbe4b648e251,85.30351,,,7.56288,,,,,,,5ab81c87-aa0e-4d85-b863-dca276aed003,2026-02-07,22:59:20.05,2026-02-07T14:59:20.0522240-08:00,2026-02-07T22:59:20.0522240Z,,v3,POM_PIT,,,"Laureano, Alex",1000242072,Right,PAC_BOX,53f4f548-6e20-498e-b63e-bf22f3e7bd89,54.56639,-126.04042,13.03916,6.02068,-3.85047,-8.57784,0.76904,1.74025,1.3348,,,,,,,,,,,,,,,,,,,,,,,,,,,,,,,,,,,,,,,,,,,,,,,,,,,High,High,High,,,,,
133,2026-02-07,14:59:52.55,16,1,"Hirsh, Isaiah",1000397350,Left,PAC_BOX,"Gold, Jack",1000108729,Left,POM_COL,Undefined,2,Bottom,1,0,0,Fastball,Four-Seam,FoulBallNotFieldable,Undefined,Undefined,Undefined,0,0,,85.41768,-1.312786,1.066493,1837.773588,168.223202,11:30,6.01794,-0.48654,6.09479,-21.48844,16.67753,-3.21217,3.01257,0.23233,77.79116,-5.387191,0.487715,0.444641,,,,,,,,,,,,1.97752,9.37808,0.4061,50,5.90552,-2.18345,-124.03477,-3.45374,3.06285,26.14852,-17.64887,POM_COL,PAC_BOX,PomonaPitzer,D3,Team,20260207-PomonaPitzer-2,b69cc4f0-0478-11f1-87a1-bbe4b648e251,84.77051,,,7.62652,,,,,,,5ab81c87-aa0e-4d85-b863-dca276aed003,2026-02-07,22:59:52.55,2026-02-07T14:59:52.5570048-08:00,2026-02-07T22:59:52.5570048Z,,v3,POM_PIT,,,"Laureano, Alex",1000242072,Right,PAC_BOX,cf590c6a-42f0-4742-afe1-00ff151394ba,54.40296,-124.95953,13.07426,6.01662,-2.82957,-8.82444,0.48524,-2.29178,1.53142,,,,,,,,,,,,,,,,,,,,,,,,,,,,,,,,,,,,,,,,,,,,,,,,,,,High,High,High,,,,,
134,2026-02-07,15:00:19.14,16,2,"Hirsh, Isaiah",1000397350,Left,PAC_BOX,"Gold, Jack",1000108729,Left,POM_COL,Undefined,2,Bottom,1,0,1,Fastball,Four-Seam,InPlay,Undefined,Popup,Out,1,0,,85.182,-0.662617,0.726994,1948.41672,157.964758,11:15,6.01519,-0.41355,6.12909,-22.62989,15.55839,-5.80095,3.51681,-0.22494,77.77393,-4.943328,-0.319042,0.444771,74.63274,59.773287,-4.576832,,108.72287,118.8091,-16.71275,182.1126,68.15853,-9.714301,5.497867,3.21169,8.60119,0.36099,50,5.95278,-1.34532,-123.77218,-2.08198,4.96963,25.28732,-18.86499,POM_COL,PAC_BOX,PomonaPitzer,D3,Team,20260207-PomonaPitzer-2,c6746720-0478-11f1-87a1-bbe4b648e251,84.74567,120.18869,,7.40806,,,,1.07268,3.48695,0.22687,5ab81c87-aa0e-4d85-b863-dca276aed003,2026-02-07,23:00:19.14,2026-02-07T15:00:19.1496704-08:00,2026-02-07T23:00:19.1496704Z,Popup,v3,POM_PIT,,,"Laureano, Alex",1000242072,Right,PAC_BOX,ad3d1a85-f322-417d-a6cd-f9b0206fb528,54.36893,-124.66158,12.64366,6.01434,-1.41846,-9.43249,0.41138,-1.52011,2.48481,,1.08069,54.7778,-11.55002,2.40453,-0.06038,-0.10897,0.02915,-0.00316,0.00012,3.48283,94.6362,-23.0815,2.27972,-0.30906,-0.03446,0.02496,-0.00427,0.00025,0.2269,-4.39931,-1.15746,0.41381,-0.08998,0.01179,-0.00015,-0.00016,1E-05,,,,,,,,,,,,,,,,,,,,,,,High,High,High,Medium,Low,,,
135,2026-02-07,15:00:56.45,17,1,"Hirsh, Isaiah",1000397350,Left,PAC_BOX,"DeGrazia, Tanner",1000214434,Right,POM_COL,Undefined,2,Bottom,2,0,0,Curveball,Curveball,HitByPitch,Undefined,Undefined,Undefined,0,1,,72.17877,1.164176,1.273304,2689.307267,304.932085,4:15,5.97936,-0.65994,5.55112,-65.35665,-10.27174,17.42485,1.62123,1.98214,65.99296,-10.721438,4.387915,0.53418,,,,,,,,,,,,-8.5552,-5.29524,0.53742,50,6.03599,-2.92575,-104.74801,0.13323,-9.33448,20.65755,-37.95163,POM_COL,PAC_BOX,PomonaPitzer,D3,Team,20260207-PomonaPitzer-2,dcb91620-0478-11f1-87a1-bbe4b648e251,70.56127,,,6.18581,,,,,,,5ab81c87-aa0e-4d85-b863-dca276aed003,2026-02-07,23:00:56.45,2026-02-07T15:00:56.4500992-08:00,2026-02-07T23:00:56.4500992Z,,v3,POM_PIT,,,"Laureano, Alex",1000242072,Right,PAC_BOX,11542f10-b782-4a90-bd18-2c8a77ba6725,54.95205,-105.7201,10.32878,5.9877,1.91914,-18.97581,0.66476,-2.4865,-4.66724,,,,,,,,,,,,,,,,,,,,,,,,,,,,,,,,,,,,,,,,,,,,,,,,,,,High,High,High,,,,,
136,2026-02-07,15:01:30.02,18,1,"Hirsh, Isaiah",1000397350,Left,PAC_BOX,"Parker, Will",1000474009,Left,POM_COL,Undefined,2,Bottom,2,0,0,Fastball,Four-Seam,StrikeCalled,Undefined,Undefined,Undefined,0,0,,85.84204,-2.09381,0.973258,1955.077025,157.849117,11:15,6.02615,-0.49921,6.12013,-18.54296,19.26265,-7.32146,2.54404,-0.20947,78.1264,-5.636429,-0.34666,0.442537,,,,,,,,,,,,4.04055,10.92363,0.42827,50,5.85594,-1.82076,-124.57591,-5.04613,6.31314,26.36855,-15.10646,POM_COL,PAC_BOX,PomonaPitzer,D3,Team,20260207-PomonaPitzer-2,f0b2c3b0-0478-11f1-87a1-bbe4b648e251,85.17356,,,7.71564,,,,,,,5ab81c87-aa0e-4d85-b863-dca276aed003,2026-02-07,23:01:30.02,2026-02-07T15:01:30.0296192-08:00,2026-02-07T23:01:30.0296192Z,,v3,POM_PIT,,,"Laureano, Alex",1000242072,Right,PAC_BOX,58f1081d-77db-4479-863b-c047d25b6ffd,54.37579,-125.49869,13.18428,6.02328,-4.51747,-7.55323,0.49586,-2.0417,3.15657,,,,,,,,,,,,,,,,,,,,,,,,,,,,,,,,,,,,,,,,,,,,,,,,,,,High,High,High,,,,,
137,2026-02-07,15:01:46.34,18,2,"Hirsh, Isaiah",1000397350,Left,PAC_BOX,"Parker, Will",1000474009,Left,POM_COL,Undefined,2,Bottom,2,0,1,Fastball,Four-Seam,BallCalled,Undefined,Undefined,Undefined,0,0,,84.92762,-0.669514,0.232434,1992.04787,172.829792,11:45,6.01083,-0.6741,6.04424,-18.61607,20.20954,-2.37402,3.83961,-0.65675,76.90918,-4.245919,-0.194881,0.448467,,,,,,,,,,,,1.28063,10.96579,0.65719,50,5.94852,-0.40305,-123.25907,-1.92221,1.95195,26.61084,-15.45965,POM_COL,PAC_BOX,PomonaPitzer,D3,Team,20260207-PomonaPitzer-2,fa6fbed0-0478-11f1-87a1-bbe4b648e251,84.04729,,,8.01844,,,,,,,5ab81c87-aa0e-4d85-b863-dca276aed003,2026-02-07,23:01:46.34,2026-02-07T15:01:46.3455232-08:00,2026-02-07T23:01:46.3455232Z,,v3,POM_PIT,,,"Laureano, Alex",1000242072,Right,PAC_BOX,5f10e988-c958-4e59-af65-33adcab5c9c6,54.4502,-124.21612,13.30542,6.00766,-1.3662,-7.72982,0.67295,-0.47325,0.97597,,,,,,,,,,,,,,,,,,,,,,,,,,,,,,,,,,,,,,,,,,,,,,,,,,,High,High,High,,,,,
138,2026-02-07,15:02:03.75,18,3,"Hirsh, Isaiah",1000397350,Left,PAC_BOX,"Parker, Will",1000474009,Left,POM_COL,Undefined,2,Bottom,2,1,1,Fastball,Changeup,InPlay,Undefined,GroundBall,Single,0,2,,84.5646,-1.211316,0.681265,1908.312881,158.190265,11:15,6.06765,-0.54887,6.14596,-19.60836,19.17804,-7.16571,3.31407,-0.51647,77.10372,-4.953901,-0.611128,0.44824,86.95066,4.199698,2.424733,897.910949,,,,93.3713,93.30681,1.707078,0.796249,3.90831,10.65237,0.50067,50,5.96529,-1.18432,-122.8417,-3.1205,5.94857,25.22803,-15.96083,POM_COL,PAC_BOX,PomonaPitzer,D3,Team,20260207-PomonaPitzer-2,04d04cf0-0479-11f1-87a1-bbe4b648e251,84.08978,4.48883,,7.46088,,,,0.5512,3.24824,0.59483,5ab81c87-aa0e-4d85-b863-dca276aed003,2026-02-07,23:02:03.75,2026-02-07T15:02:03.7520896-08:00,2026-02-07T23:02:03.7520896Z,GroundBall,v3,POM_PIT,,,"Laureano, Alex",1000242072,Right,PAC_BOX,b174c6d7-27eb-4e2e-8868-933581037cd4,54.35179,-123.7322,12.61402,6.0655,-2.55712,-7.98042,0.54617,-1.39429,2.97428,76.002959,0.59029,126.40468,-12.53295,,,,,,,3.27731,8.84638,-16.32215,,,,,,,0.61001,5.121,-3.02827,,,,,,,,,,,,,,,,,,,,,,,,,,,,,High,High,High,High,High,,,
139,2026-02-07,15:05:52.28,19,1,"Gomez, Tavian",10869154,Right,PAC_BOX,"Berry, Cooper",1000276381,Left,POM_COL,Undefined,2,Bottom,2,0,0,Fastball,Changeup,StrikeCalled,Undefined,Undefined,Undefined,0,0,,82.48732,-0.442442,-4.419373,2139.220346,224.413904,1:30,5.38393,2.94896,5.56631,-25.99824,15.70072,14.07843,2.80286,-0.01446,75.40542,-5.287203,-1.918344,0.464766,,,,,,,,,,,,-8.27233,8.45311,-2.57643,50,5.32875,8.64918,-119.44369,-1.73955,-11.97801,22.51385,-19.93424,POM_COL,PAC_BOX,PomonaPitzer,D3,Team,20260207-PomonaPitzer-2,8d0b06a0-0479-11f1-87a1-bbe4b648e251,81.09988,,,7.0819,,,,,,,5ab81c87-aa0e-4d85-b863-dca276aed003,2026-02-07,23:05:52.28,2026-02-07T15:05:52.2815488-08:00,2026-02-07T23:05:52.2815488Z,,v3,POM_PIT,,,"Laureano, Alex",1000242072,Right,PAC_BOX,12a762ec-e401-4771-af97-3d2a79c65c4c,54.93093,-120.36953,11.25692,5.38343,-0.9198,-9.96712,-2.94224,9.14175,-5.989,,,,,,,,,,,,,,,,,,,,,,,,,,,,,,,,,,,,,,,,,,,,,,,,,,,High,High,High,,,,,
140,2026-02-07,15:06:08.80,19,2,"Gomez, Tavian",10869154,Right,PAC_BOX,"Berry, Cooper",1000276381,Left,POM_COL,Undefined,2,Bottom,2,0,1,Slider,Curveball,StrikeCalled,Undefined,Undefined,Undefined,0,0,,72.0982,2.432189,-1.691341,2767.875486,78.943956,8:45,4.70044,3.50396,5.19363,-57.87283,-2.08894,-20.14466,2.16795,0.23379,65.80881,-8.087434,-5.255019,0.537559,,,,,,,,,,,,9.46008,-1.1802,-3.33146,50,4.8828,3.84757,-104.46006,2.56789,10.34318,19.31994,-33.46441,POM_COL,PAC_BOX,PomonaPitzer,D3,Team,20260207-PomonaPitzer-2,96e48a70-0479-11f1-87a1-bbe4b648e251,70.11783,,,6.28939,,,,,,,5ab81c87-aa0e-4d85-b863-dca276aed003,2026-02-07,23:06:08.80,2026-02-07T15:06:08.8023040-08:00,2026-02-07T23:06:08.8023040Z,,v3,POM_PIT,,,"Laureano, Alex",1000242072,Right,PAC_BOX,148899f1-d650-4095-9e05-cf226185e521,55.30583,-105.4368,9.65997,4.71021,4.25973,-16.7322,-3.51276,3.32466,5.17159,,,,,,,,,,,,,,,,,,,,,,,,,,,,,,,,,,,,,,,,,,,,,,,,,,,High,High,High,,,,,
141,2026-02-07,15:06:24.71,19,3,"Gomez, Tavian",10869154,Right,PAC_BOX,"Berry, Cooper",1000276381,Left,POM_COL,Undefined,2,Bottom,2,0,2,Fastball,Changeup,InPlay,Undefined,LineDrive,Double,0,1,,83.14427,0.037437,-3.202581,2098.479886,222.876316,1:30,5.31065,2.93531,5.78997,-25.55934,14.75603,12.60127,3.21558,1.00308,76.5176,-4.731904,-0.949754,0.45699,84.39002,14.376002,33.500926,2813.232334,88.30681,14.95305,65.58853,182.3306,181.7106,39.504543,1.816902,-7.29485,7.88784,-2.67929,50,5.29835,6.26582,-120.72262,-0.70796,-10.85211,21.73028,-20.43975,POM_COL,PAC_BOX,PomonaPitzer,D3,Team,20260207-PomonaPitzer-2,a0bf46c0-0479-11f1-87a1-bbe4b648e251,82.4798,15.5423,,6.62667,,,,1.53631,3.2636,-1.06782,5ab81c87-aa0e-4d85-b863-dca276aed003,2026-02-07,23:06:24.71,2026-02-07T15:06:24.7123456-08:00,2026-02-07T23:06:24.7123456Z,LineDrive,v3,POM_PIT,,,"Laureano, Alex",1000242072,Right,PAC_BOX,ce485740-52f3-4200-876a-7dc5894d3aac,54.71026,-121.56751,10.86514,5.31043,0.08677,-10.21988,-2.93112,6.68776,-5.42605,,1.53634,99.97676,-16.7524,2.94396,-0.63673,0.26073,-0.16723,0.06057,-0.00863,3.2636,30.73053,-20.63626,1.99748,-0.38638,0.0935,-0.0258,0.00656,-0.00082,-1.06785,66.17934,0.44442,-1.19401,0.38086,-0.22047,0.15452,-0.05931,0.00876,,,,,,,,,,,,,,,,,,,,,,,High,High,High,High,High,,,
142,2026-02-07,15:07:10.16,20,1,"Gomez, Tavian",10869154,Right,PAC_BOX,"Savas, Peter",1000276389,Right,POM_COL,Undefined,2,Bottom,2,0,0,Fastball,Changeup,BallCalled,Undefined,Undefined,Undefined,0,0,,82.43572,0.462672,-3.569497,1908.36195,215.194083,1:15,5.49095,2.47875,5.61267,-26.67498,14.84706,9.56981,3.70072,-0.05969,75.48404,-4.506684,-1.866036,0.463779,,,,,,,,,,,,-5.76823,7.78304,-2.17964,50,5.51345,7.06293,-119.51259,0.1299,-8.37786,22.12609,-20.86989,POM_COL,PAC_BOX,PomonaPitzer,D3,Team,20260207-PomonaPitzer-2,bb6ef100-0479-11f1-87a1-bbe4b648e251,81.27249,,,6.95169,,,,,,,5ab81c87-aa0e-4d85-b863-dca276aed003,2026-02-07,23:07:10.16,2026-02-07T15:07:10.1617664-08:00,2026-02-07T23:07:10.1617664Z,,v3,POM_PIT,,,"Laureano, Alex",1000242072,Right,PAC_BOX,51cc5b04-beb5-4e2f-b860-fb18fa55db27,54.88438,-120.41346,11.06304,5.49086,0.97963,-10.43494,-2.47415,7.40404,-4.18893,,,,,,,,,,,,,,,,,,,,,,,,,,,,,,,,,,,,,,,,,,,,,,,,,,,High,High,High,,,,,
143,2026-02-07,15:07:29.60,20,2,"Gomez, Tavian",10869154,Right,PAC_BOX,"Savas, Peter",1000276389,Right,POM_COL,Undefined,2,Bottom,2,1,0,Fastball,Changeup,InPlay,Undefined,GroundBall,Out,1,0,,82.02037,-0.840045,-4.643771,2102.17473,217.770294,1:15,5.38081,2.68472,5.60568,-25.05045,16.99028,12.14749,2.50648,-0.64735,75.19842,-5.510923,-2.485667,0.466666,75.37718,-20.548779,-17.272802,,,,,9.48656,9.48656,-11.463025,0.072043,-7.42622,9.23375,-2.29487,50,5.29267,9.16848,-118.78211,-2.51638,-10.65378,21.87002,-18.92713,POM_COL,PAC_BOX,PomonaPitzer,D3,Team,20260207-PomonaPitzer-2,c70ce120-0479-11f1-87a1-bbe4b648e251,80.76955,2.80517,,6.82195,,,,2.15148,2.80517,0.33665,5ab81c87-aa0e-4d85-b863-dca276aed003,2026-02-07,23:07:29.60,2026-02-07T15:07:29.6061440-08:00,2026-02-07T23:07:29.6061440Z,GroundBall,v3,POM_PIT,,,"Laureano, Alex",1000242072,Right,PAC_BOX,890ff6f9-b1c6-497f-8c05-61bfa413341f,54.8936,-119.67972,10.93501,5.38001,-1.73956,-9.46357,-2.68014,9.60574,-5.32689,180,2.14756,99.18842,,,,,,,,2.80671,-38.93731,,,,,,,,0.33787,-30.84211,,,,,,,,,,,,,,,,,,,,,,,,,,,,,,High,High,High,Medium,High,,,
144,2026-02-07,15:09:53.19,1,1,"Dennis, Lucas",10274891,Right,POM_COL,"Laureano, Alex",1000242072,Right,PAC_BOX,Undefined,3,Top,0,0,0,Fastball,Changeup,BallCalled,Undefined,Undefined,Undefined,0,0,,84.71778,0.189219,-3.906652,2068.642864,216.027506,1:15,5.45997,2.03104,6.03095,-24.69273,14.11619,9.37764,3.57788,-0.81087,77.39822,-4.452866,-2.225224,0.448371,,,,,,,,,,,,-5.85965,7.5776,-1.73022,50,5.46137,8.0105,-122.82562,-0.32846,-8.96353,24.01811,-20.58257,POM_COL,PAC_BOX,PomonaPitzer,D3,Team,20260207-PomonaPitzer-2,1ca4f550-047a-11f1-87a1-bbe4b648e251,84.06537,,,7.31956,,,,,,,5ab81c87-aa0e-4d85-b863-dca276aed003,2026-02-07,23:09:53.19,2026-02-07T15:09:53.1901952-08:00,2026-02-07T23:09:53.1901952Z,,v3,POM_PIT,,,"Savas, Peter",1000276389,Right,POM_COL,f021563e-1c1e-459e-84d7-e55a78d4bdff,54.46588,-123.69582,12.00906,5.45976,0.41727,-10.29129,-2.02634,8.33526,-4.48177,,,,,,,,,,,,,,,,,,,,,,,,,,,,,,,,,,,,,,,,,,,,,,,,,,,High,High,High,,,,,
145,2026-02-07,15:10:08.91,1,2,"Dennis, Lucas",10274891,Right,POM_COL,"Laureano, Alex",1000242072,Right,PAC_BOX,Undefined,3,Top,0,1,0,Fastball,Changeup,StrikeCalled,Undefined,Undefined,Undefined,0,0,,85.00781,-0.131173,-2.153114,2152.962124,216.803757,1:15,5.38877,1.95434,6.06386,-23.18045,15.17513,10.45894,3.33558,0.83232,77.76692,-4.50379,-0.271312,0.445744,,,,,,,,,,,,-5.92768,8.21032,-1.79252,50,5.36611,4.2195,-123.45592,-0.95976,-9.16511,24.15803,-19.47955,POM_COL,PAC_BOX,PomonaPitzer,D3,Team,20260207-PomonaPitzer-2,25faa320-047a-11f1-87a1-bbe4b648e251,84.56072,,,7.24089,,,,,,,5ab81c87-aa0e-4d85-b863-dca276aed003,2026-02-07,23:10:08.91,2026-02-07T15:10:08.9103360-08:00,2026-02-07T23:10:08.9103360Z,,v3,POM_PIT,,,"Savas, Peter",1000276389,Right,POM_COL,752fcdc6-f3a5-4ab2-9b13-83ec8d8fc179,54.43284,-124.32032,12.07902,5.38798,-0.26276,-9.73978,-1.94937,4.54744,-4.58256,,,,,,,,,,,,,,,,,,,,,,,,,,,,,,,,,,,,,,,,,,,,,,,,,,,High,High,High,,,,,
146,2026-02-07,15:10:27.35,1,3,"Dennis, Lucas",10274891,Right,POM_COL,"Laureano, Alex",1000242072,Right,PAC_BOX,Undefined,3,Top,0,1,1,ChangeUp,Changeup,FoulBallNotFieldable,Undefined,Undefined,Undefined,0,0,,76.50075,0.748998,-2.192056,1416.783983,247.687722,2:15,5.35963,2.16135,5.95117,-40.36384,7.38961,14.25406,2.69118,1.31518,69.95926,-6.742997,0.368698,0.497363,,,,,,,,,,,,-7.9963,4.00449,-1.99521,50,5.39648,3.74811,-111.08218,0.2722,-9.95587,20.55481,-27.18822,POM_COL,PAC_BOX,PomonaPitzer,D3,Team,20260207-PomonaPitzer-2,30fe4f10-047a-11f1-87a1-bbe4b648e251,75.78452,,,6.54149,,,,,,,5ab81c87-aa0e-4d85-b863-dca276aed003,2026-02-07,23:10:27.35,2026-02-07T15:10:27.3550336-08:00,2026-02-07T23:10:27.3550336Z,,v3,POM_PIT,,,"Savas, Peter",1000276389,Right,POM_COL,d93ffe0f-3329-42b4-94fb-0ba7c9ffe359,54.54853,-111.92068,10.27741,5.36275,1.38131,-13.59411,-2.1564,4.15424,-4.97794,,,,,,,,,,,,,,,,,,,,,,,,,,,,,,,,,,,,,,,,,,,,,,,,,,,High,High,High,,,,,
147,2026-02-07,15:10:49.92,1,4,"Dennis, Lucas",10274891,Right,POM_COL,"Laureano, Alex",1000242072,Right,PAC_BOX,Undefined,3,Top,0,1,2,Slider,Curveball,BallCalled,Undefined,Undefined,Undefined,0,0,,75.18213,0.568495,-3.413868,2211.355901,89.518616,9:00,5.26578,1.74506,5.52846,-49.22172,1.61618,-13.07249,1.69638,-2.53946,68.59028,-8.427942,-5.736683,0.513175,,,,,,,,,,,,5.51339,1.16524,-1.43923,50,5.28275,6.98476,-108.87188,-0.47435,6.53136,21.43506,-30.79368,POM_COL,PAC_BOX,PomonaPitzer,D3,Team,20260207-PomonaPitzer-2,3e76cb90-047a-11f1-87a1-bbe4b648e251,73.44954,,,6.59186,,,,,,,5ab81c87-aa0e-4d85-b863-dca276aed003,2026-02-07,23:10:49.92,2026-02-07T15:10:49.9274752-08:00,2026-02-07T23:10:49.9274752Z,,v3,POM_PIT,,,"Savas, Peter",1000276389,Right,POM_COL,ae6539d6-80fb-4579-9009-6f8790f4ef23,54.96937,-109.84591,10.71753,5.27252,0.92494,-15.39684,-1.74988,6.68797,3.26568,,,,,,,,,,,,,,,,,,,,,,,,,,,,,,,,,,,,,,,,,,,,,,,,,,,High,High,High,,,,,
148,2026-02-07,15:11:09.52,1,5,"Dennis, Lucas",10274891,Right,POM_COL,"Laureano, Alex",1000242072,Right,PAC_BOX,Undefined,3,Top,0,2,2,ChangeUp,Changeup,BallCalled,Undefined,Undefined,Undefined,0,0,,77.16566,-1.834955,-4.86948,1350.331179,249.717254,2:15,5.27206,1.9123,5.95222,-40.08494,7.19638,15.19052,0.22311,-1.34881,70.7475,-9.224381,-2.147888,0.494899,,,,,,,,,,,,-9.26989,4.6711,-1.53306,50,5.10305,8.97487,-111.67381,-4.77502,-11.65391,20.94942,-26.30161,POM_COL,PAC_BOX,PomonaPitzer,D3,Team,20260207-PomonaPitzer-2,4a2117c0-047a-11f1-87a1-bbe4b648e251,76.16195,,,6.41816,,,,,,,5ab81c87-aa0e-4d85-b863-dca276aed003,2026-02-07,23:11:09.52,2026-02-07T15:11:09.5247872-08:00,2026-02-07T23:11:09.5247872Z,,v3,POM_PIT,,,"Savas, Peter",1000276389,Right,POM_COL,30740907-4f6e-4349-99a8-19b0177ec1f6,54.54758,-112.52368,10.47471,5.27512,-3.70802,-13.1508,-1.90674,9.44763,-5.82696,,,,,,,,,,,,,,,,,,,,,,,,,,,,,,,,,,,,,,,,,,,,,,,,,,,High,High,High,,,,,
149,2026-02-07,15:11:33.84,1,6,"Dennis, Lucas",10274891,Right,POM_COL,"Laureano, Alex",1000242072,Right,PAC_BOX,Undefined,3,Top,0,3,2,Fastball,Changeup,InPlay,Undefined,GroundBall,Out,1,0,,84.80847,-1.217019,-4.367241,2082.925564,236.215737,1:45,5.4796,1.93717,6.08245,-28.91431,10.11095,13.10312,1.9407,-1.01911,77.05887,-6.625215,-2.014853,0.449619,65.39881,-33.531505,-20.047918,,,,,4.56663,4.56663,-0.21894,0.037253,-8.10248,5.97091,-1.60627,50,5.37006,8.86927,-122.81499,-3.50502,-12.27116,26.23736,-23.13114,POM_COL,PAC_BOX,PomonaPitzer,D3,Team,20260207-PomonaPitzer-2,58975530-047a-11f1-87a1-bbe4b648e251,83.83204,1.98039,,7.7496,,,,1.75921,1.98039,1.00701,5ab81c87-aa0e-4d85-b863-dca276aed003,2026-02-07,23:11:33.84,2026-02-07T15:11:33.8452992-08:00,2026-02-07T23:11:33.8452992Z,GroundBall,v3,POM_PIT,,,"Savas, Peter",1000276389,Right,POM_COL,4a4b4f9a-4141-4b5b-bb2f-e3b662600db5,54.41604,-123.75481,13.11868,5.48077,-2.67647,-11.56557,-1.93184,9.30882,-6.13558,,1.75772,75.35994,,,,,,,,1.98144,-53.16046,,,,,,,,1.00756,-27.50017,,,,,,,,,,,,,,,,,,,,,,,,,,,,,,High,High,High,Estimated,Estimated,,,
150,2026-02-07,15:12:06.20,2,1,"Dennis, Lucas",10274891,Right,POM_COL,"Shelor, Will",1000237125,Right,PAC_BOX,Undefined,3,Top,1,0,0,Fastball,Changeup,FoulBallNotFieldable,Undefined,Undefined,Undefined,0,0,,85.62635,-0.912186,-1.929701,2058.28933,227.926457,1:30,5.3934,1.87558,6.05419,-26.10757,11.82745,11.74705,2.37286,1.0676,78.2391,-5.805053,0.185161,0.443294,94.46905,-8.047138,-45.228486,,,,,18.73098,16.76884,-44.055705,0.123296,-6.62863,6.72044,-1.73192,50,5.30845,3.72914,-124.3586,-2.7831,-10.35315,25.55038,-21.6775,POM_COL,PAC_BOX,PomonaPitzer,D3,Team,20260207-PomonaPitzer-2,6be8b4d0-047a-11f1-87a1-bbe4b648e251,85.02815,2.39516,,7.38725,,,,1.52982,2.39516,-0.99772,5ab81c87-aa0e-4d85-b863-dca276aed003,2026-02-07,23:12:06.20,2026-02-07T15:12:06.2077952-08:00,2026-02-07T23:12:06.2077952Z,GroundBall,v3,POM_PIT,,,"Savas, Peter",1000276389,Right,POM_COL,28b094b2-88f3-4d0c-914f-272d118edfdb,54.44476,-125.26848,12.77519,5.39382,-2.01115,-10.83875,-1.87128,4.09783,-5.17657,180,1.52683,96.7711,,,,,,,,2.39576,-19.42617,,,,,,,,-0.9947,-97.54601,,,,,,,,,,,,,,,,,,,,,,,,,,,,,,High,High,High,Low,Low,,,
151,2026-02-07,15:12:58.24,2,2,"Dennis, Lucas",10274891,Right,POM_COL,"Shelor, Will",1000237125,Right,PAC_BOX,Undefined,3,Top,1,0,1,ChangeUp,Changeup,BallCalled,Undefined,Undefined,Undefined,0,0,,75.93537,-0.460973,-3.766471,1373.526416,269.842164,3:00,5.4275,1.96973,6.4778,-46.73006,1.95291,15.32103,1.10911,-0.21708,68.27044,-9.206363,-0.987119,0.502181,,,,,,,,,,,,-9.28256,1.80547,-1.71032,50,5.37553,6.70567,-109.96205,-2.17541,-11.06228,24.34739,-30.02242,POM_COL,PAC_BOX,PomonaPitzer,D3,Team,20260207-PomonaPitzer-2,8af72550-047a-11f1-87a1-bbe4b648e251,75.05752,,,7.66493,,,,,,,5ab81c87-aa0e-4d85-b863-dca276aed003,2026-02-07,23:12:58.24,2026-02-07T15:12:58.2482944-08:00,2026-02-07T23:12:58.2482944Z,,v3,POM_PIT,,,"Savas, Peter",1000276389,Right,POM_COL,c99469b5-1791-43bc-8b07-703273563d8f,54.01784,-110.84809,12.17369,5.43482,-1.08284,-15.01121,-1.96167,7.10824,-5.53114,,,,,,,,,,,,,,,,,,,,,,,,,,,,,,,,,,,,,,,,,,,,,,,,,,,High,High,High,,,,,
152,2026-02-07,15:13:18.37,2,3,"Dennis, Lucas",10274891,Right,POM_COL,"Shelor, Will",1000237125,Right,PAC_BOX,Undefined,3,Top,1,1,1,Fastball,Changeup,InPlay,Undefined,LineDrive,Single,0,0,,85.65251,-1.392679,-1.963917,2048.820314,219.975239,1:15,5.43975,1.71756,5.89981,-26.24576,12.51099,9.27851,1.95871,0.66687,77.12037,-6.329965,-0.298239,0.448069,89.94802,16.041735,-33.134316,2026.990857,90.71786,16.97417,-62.21135,193.69824,193.69824,-35.990432,1.874967,-5.41933,7.28185,-1.565,50,5.31288,3.87861,-124.1305,-3.83482,-8.29583,29.22552,-21.02715,POM_COL,PAC_BOX,PomonaPitzer,D3,Team,20260207-PomonaPitzer-2,96ea6160-047a-11f1-87a1-bbe4b648e251,84.1219,17.12868,,8.53215,,,,1.96471,1.96124,-0.47753,5ab81c87-aa0e-4d85-b863-dca276aed003,2026-02-07,23:13:18.37,2026-02-07T15:13:18.3790080-08:00,2026-02-07T23:13:18.3790080Z,LineDrive,v3,POM_PIT,,,"Savas, Peter",1000276389,Right,POM_COL,acd51917-c700-451b-8b79-e6290f2470c5,54.5967,-125.20807,14.61276,5.43999,-3.05952,-10.51358,-1.71365,4.18449,-4.14792,,1.9647,106.17104,-18.10407,4.20816,-1.12675,0.49152,-0.25092,0.08434,-0.01201,1.96126,36.45269,-24.17348,3.071,-0.2978,-0.45799,0.4244,-0.16515,0.02448,-0.47753,-69.30227,6.88395,-1.63574,0.4133,-0.16473,0.07948,-0.02637,0.00377,,,,,,,,,,,,,,,,,,,,,,,High,High,High,Medium,High,,,
153,2026-02-07,15:13:56.43,3,1,"Dennis, Lucas",10274891,Right,POM_COL,"Collado, Riz",1000397379,Right,PAC_BOX,Undefined,3,Top,1,0,0,ChangeUp,Changeup,BallCalled,Undefined,Undefined,Undefined,0,0,,78.36945,-1.022313,-4.063291,1124.125384,261.050199,2:45,5.24123,1.99011,6.13546,-42.88565,3.40339,10.20666,0.7201,-0.92106,70.5368,-8.995836,-2.22569,0.489678,,,,,,,,,,,,-6.69055,2.64173,-1.68471,50,5.14135,7.67939,-113.37265,-3.30124,-8.49179,25.52414,-28.82111,POM_COL,PAC_BOX,PomonaPitzer,D3,Team,20260207-PomonaPitzer-2,ada24490-047a-11f1-87a1-bbe4b648e251,76.97396,,,7.83265,,,,,,,5ab81c87-aa0e-4d85-b863-dca276aed003,2026-02-07,23:13:56.43,2026-02-07T15:13:56.4383744-08:00,2026-02-07T23:13:56.4383744Z,,v3,POM_PIT,,,"Savas, Peter",1000276389,Right,POM_COL,d2c79285-5ab7-43c0-b62e-2593a74b297f,54.36064,-114.35017,12.76207,5.24664,-2.19745,-14.41055,-1.98504,8.0046,-4.2459,,,,,,,,,,,,,,,,,,,,,,,,,,,,,,,,,,,,,,,,,,,,,,,,,,,High,High,High,,,,,
154,2026-02-07,15:14:14.73,3,2,"Dennis, Lucas",10274891,Right,POM_COL,"Collado, Riz",1000397379,Right,PAC_BOX,Undefined,3,Top,1,1,0,Fastball,Changeup,InPlay,Undefined,Popup,Out,1,0,,83.18601,0.377517,-1.694362,1991.607486,211.309508,1:00,5.32159,1.99785,5.92957,-27.20974,13.85253,7.49504,3.40454,1.04991,74.6497,-4.769157,-0.348824,0.461204,,,,,,,,,,,,-4.40717,7.40579,-1.8667,50,5.33664,3.26769,-120.57776,-0.01293,-6.3594,27.78993,-21.48773,POM_COL,PAC_BOX,PomonaPitzer,D3,Team,20260207-PomonaPitzer-2,b87e6b50-047a-11f1-87a1-bbe4b648e251,81.7262,,,8.53632,,,,,,,5ab81c87-aa0e-4d85-b863-dca276aed003,2026-02-07,23:14:14.73,2026-02-07T15:14:14.7315712-08:00,2026-02-07T23:14:14.7315712Z,,v3,POM_PIT,,,"Savas, Peter",1000276389,Right,POM_COL,c8204f61-f117-4f0d-8962-06306a7fd6ca,54.56578,-121.6255,13.89497,5.32186,0.7972,-10.74386,-1.99442,3.50745,-3.1797,,,,,,,,,,,,,,,,,,,,,,,,,,,,,,,,,,,,,,,,,,,,,,,,,,,High,High,High,,,,,
155,2026-02-07,15:14:51.48,4,1,"Dennis, Lucas",10274891,Right,POM_COL,"Ditona, Zander",1000072695,Right,PAC_BOX,Undefined,3,Top,2,0,0,Slider,Curveball,BallCalled,Undefined,Undefined,Undefined,0,0,,72.49876,0.693466,-2.787701,2242.560604,72.367445,8:30,4.97373,1.88514,5.27626,-59.45035,-3.2113,-17.14119,0.67166,-2.16364,65.16253,-10.13365,-5.826024,0.539747,,,,,,,,,,,,7.48847,-1.19291,-1.61751,50,4.99422,5.7518,-104.79422,-0.63356,8.04686,23.26158,-33.4559,POM_COL,PAC_BOX,PomonaPitzer,D3,Team,20260207-PomonaPitzer-2,ce78cae0-047a-11f1-87a1-bbe4b648e251,69.8335,,,7.33624,,,,,,,5ab81c87-aa0e-4d85-b863-dca276aed003,2026-02-07,23:14:51.48,2026-02-07T15:14:51.4834432-08:00,2026-02-07T23:14:51.4834432Z,,v3,POM_PIT,,,"Savas, Peter",1000276389,Right,POM_COL,95696c32-155d-4d2b-9000-32ff5450e123,55.21999,-105.94658,11.63079,4.98455,1.02382,-16.72795,-1.89257,5.35316,4.02343,,,,,,,,,,,,,,,,,,,,,,,,,,,,,,,,,,,,,,,,,,,,,,,,,,,High,High,High,,,,,
156,2026-02-07,15:15:07.60,4,2,"Dennis, Lucas",10274891,Right,POM_COL,"Ditona, Zander",1000072695,Right,PAC_BOX,Undefined,3,Top,2,1,0,Fastball,Changeup,InPlay,Undefined,LineDrive,Single,0,0,,84.82583,-1.897733,-3.089699,2092.836164,225.118583,1:30,5.4569,1.80264,5.3492,-25.47962,14.71083,13.32205,1.55037,0.01201,76.78205,-6.640712,-0.725432,0.456282,94.991,13.295835,-15.455306,1105.2256,105.22857,20.21636,-32.04394,269.51986,265.93621,-19.251651,2.606516,-7.64855,8.38682,-1.5342,50,5.26805,6.05131,-122.7568,-4.92073,-11.53657,26.91584,-19.52389,POM_COL,PAC_BOX,PomonaPitzer,D3,Team,20260207-PomonaPitzer-2,d807d830-047a-11f1-87a1-bbe4b648e251,82.60785,21.88393,,8.04378,,,,1.26771,1.58346,-0.0241,5ab81c87-aa0e-4d85-b863-dca276aed003,2026-02-07,23:15:07.60,2026-02-07T15:15:07.6014080-08:00,2026-02-07T23:15:07.6014080Z,LineDrive,v3,POM_PIT,,,"Savas, Peter",1000276389,Right,POM_COL,e45b0e4c-a9b4-4bd9-935d-89dd1da3e0ad,55.14763,-123.88034,13.45792,5.45644,-4.10576,-9.76195,-1.79684,6.53287,-5.76829,149.479364,1.26776,130.6815,-20.86979,4.7324,-1.04999,0.30847,-0.10012,0.0213,-0.00193,1.58337,32.04248,-12.49942,-0.38752,0.46528,-0.34302,0.15661,-0.03675,0.00347,-0.02407,-36.13234,0.64756,0.2419,-0.20481,0.12886,-0.05479,0.01261,-0.00118,,,,,,,,,,,,,,,,,,,,,,,High,High,High,High,High,,,
157,2026-02-07,15:15:57.76,5,1,"Dennis, Lucas",10274891,Right,POM_COL,"Bergman, Miles",10273449,Right,PAC_BOX,Undefined,3,Top,2,0,0,Fastball,Changeup,InPlay,Undefined,GroundBall,Out,1,0,,83.17905,0.20841,-1.787153,1948.141628,221.334588,1:30,5.19513,2.00898,5.87412,-30.35738,10.9406,8.2302,2.85902,1.0344,74.4675,-5.501869,-0.310877,0.462526,55.4868,-20.441944,-21.659468,,,,,8.49256,5.88127,-29.838221,0.094279,-4.83095,5.96662,-1.86926,50,5.19473,3.42999,-120.5189,-0.49976,-6.93814,28.55948,-23.6049,POM_COL,PAC_BOX,PomonaPitzer,D3,Team,20260207-PomonaPitzer-2,f5ebab60-047a-11f1-87a1-bbe4b648e251,81.49262,2.69619,,8.71155,,,,0.64385,2.69619,-1.55564,5ab81c87-aa0e-4d85-b863-dca276aed003,2026-02-07,23:15:57.76,2026-02-07T15:15:57.7643008-08:00,2026-02-07T23:15:57.7643008Z,GroundBall,v3,POM_PIT,,,"Savas, Peter",1000276389,Right,POM_COL,662fd1e3-4251-4fcb-9345-2a226fd36354,54.62125,-121.60907,14.27974,5.19661,0.40128,-11.80245,-2.00525,3.69484,-3.46907,180,0.63722,71.30873,,,,,,,,2.69885,-28.59812,,,,,,,,-1.55301,-28.31877,,,,,,,,,,,,,,,,,,,,,,,,,,,,,,High,High,High,Low,Low,,,
158,2026-02-07,15:18:04.57,1,1,"Gomez, Tavian",10869154,Right,PAC_BOX,"Hu, Landon",1000261921,Left,POM_COL,Undefined,3,Bottom,0,0,0,Slider,Curveball,BallCalled,Undefined,Undefined,Undefined,0,0,,72.97991,1.019803,-2.244296,2630.270039,83.447155,8:45,4.89132,3.21089,4.8765,-55.50062,0.0365,-17.05312,1.23205,-0.33485,66.23795,-9.019599,-5.24475,0.536368,,,,,,,,,,,,7.62937,0.28925,-2.97514,50,4.94519,4.81169,-105.59689,0.0087,8.45272,21.13139,-31.85357,POM_COL,PAC_BOX,PomonaPitzer,D3,Team,20260207-PomonaPitzer-2,41915c90-047b-11f1-87a1-bbe4b648e251,70.27343,,,6.74196,,,,,,,5ab81c87-aa0e-4d85-b863-dca276aed003,2026-02-07,23:18:04.57,2026-02-07T15:18:04.5737472-08:00,2026-02-07T23:18:04.5737472Z,,v3,POM_PIT,,,"Podratz, Colby",10033713,Right,PAC_BOX,efc25330-5e68-40bb-baad-0668ebbb6907,55.62081,-106.71577,10.5657,4.90008,1.6953,-15.92679,-3.21806,4.36413,4.22636,,,,,,,,,,,,,,,,,,,,,,,,,,,,,,,,,,,,,,,,,,,,,,,,,,,High,High,High,,,,,
159,2026-02-07,15:18:18.13,1,2,"Gomez, Tavian",10869154,Right,PAC_BOX,"Hu, Landon",1000261921,Left,POM_COL,Undefined,3,Bottom,0,1,0,Fastball,Changeup,FoulBallNotFieldable,Undefined,Undefined,Undefined,0,0,,82.97662,-0.698591,-3.86684,2081.272594,228.287696,1:30,5.35212,2.66989,5.64743,-26.79718,14.79576,14.91485,2.4659,0.30052,74.91501,-5.723785,-1.209351,0.464174,,,,,,,,,,,,-8.79934,8.15327,-2.35126,50,5.27602,7.51036,-120.0945,-2.29914,-12.68479,26.06474,-20.42061,POM_COL,PAC_BOX,PomonaPitzer,D3,Team,20260207-PomonaPitzer-2,4997ce10-047b-11f1-87a1-bbe4b648e251,81.20318,,,8.06161,,,,,,,5ab81c87-aa0e-4d85-b863-dca276aed003,2026-02-07,23:18:18.13,2026-02-07T15:18:18.1302784-08:00,2026-02-07T23:18:18.1302784Z,,v3,POM_PIT,,,"Podratz, Colby",10033713,Right,PAC_BOX,c9c80c2a-0dc0-4270-a06f-cc35a503cf53,54.84977,-121.1425,13.03237,5.35196,-1.47807,-10.21031,-2.66349,8.02038,-6.3424,,,,,,,,,,,,,,,,,,,,,,,,,,,,,,,,,,,,,,,,,,,,,,,,,,,High,High,High,,,,,
160,2026-02-07,15:18:36.88,1,3,"Gomez, Tavian",10869154,Right,PAC_BOX,"Hu, Landon",1000261921,Left,POM_COL,Undefined,3,Bottom,0,1,1,Slider,Curveball,FoulBallNotFieldable,Undefined,Undefined,Undefined,0,0,,73.03982,2.065096,-2.4905,2682.854762,65.669103,8:15,4.78371,3.13331,5.33025,-58.79909,-4.3261,-13.82469,1.8241,-0.35701,66.28013,-8.647969,-4.941916,0.531205,93.34067,16.268928,47.412959,2568.028207,73.83685,20.90655,81.53568,224.24258,173.55147,48.911042,2.208825,6.11985,-2.31945,-2.89776,50,4.92826,5.11317,-105.74625,1.93359,6.80479,21.06295,-34.7531,POM_COL,PAC_BOX,PomonaPitzer,D3,Team,20260207-PomonaPitzer-2,54d1cc40-047b-11f1-87a1-bbe4b648e251,70.95652,21.06504,,6.75969,,,,1.48089,1.8339,0.35146,5ab81c87-aa0e-4d85-b863-dca276aed003,2026-02-07,23:18:36.88,2026-02-07T15:18:36.8842240-08:00,2026-02-07T23:18:36.8842240Z,LineDrive,v3,POM_PIT,,,"Podratz, Colby",10033713,Right,PAC_BOX,465cf174-f7d9-4bdb-b107-d6590d6a5fb7,55.16904,-106.77087,10.53147,4.79308,3.62418,-17.37655,-3.13844,4.78215,3.4024,,1.48088,88.9346,-16.14199,3.98322,-0.91987,0.19342,-0.03258,0.00342,-0.00014,1.83391,38.34841,-20.8116,1.99944,-0.40656,0.09373,-0.02406,0.0049,-0.00046,0.35146,96.75658,-13.88973,3.1109,-0.66936,0.14176,-0.02701,0.00365,-0.00024,,,,,,,,,,,,,,,,,,,,,,,High,High,High,Medium,Medium,,,
161,2026-02-07,15:18:57.96,1,4,"Gomez, Tavian",10869154,Right,PAC_BOX,"Hu, Landon",1000261921,Left,POM_COL,Undefined,3,Bottom,0,1,2,Curveball,Curveball,StrikeCalled,Strikeout,Undefined,Undefined,0,0,,67.56892,4.150638,-1.411682,2430.439205,58.60525,8:00,5.09965,2.86735,5.23511,-72.11323,-8.00126,-16.87686,2.99961,0.13378,61.13472,-8.97116,-4.398818,0.57629,,,,,,,,,,,,7.8439,-4.5487,-2.72467,50,5.42935,3.01779,-97.68505,4.87924,7.43501,18.11933,-36.48563,POM_COL,PAC_BOX,PomonaPitzer,D3,Team,20260207-PomonaPitzer-2,61634420-047b-11f1-87a1-bbe4b648e251,65.40534,,,6.4342,,,,,,,5ab81c87-aa0e-4d85-b863-dca276aed003,2026-02-07,23:18:57.96,2026-02-07T15:18:57.9650000-08:00,2026-02-07T23:18:57.9650000Z,,v3,POM_PIT,,,"Podratz, Colby",10033713,Right,PAC_BOX,2c7eaf59-e264-4350-a623-51be59effe8a,55.26435,-98.65668,9.05967,5.11524,6.83575,-18.24282,-2.87581,2.61909,3.71751,,,,,,,,,,,,,,,,,,,,,,,,,,,,,67.72441,2.648162,1.664666,0.983496,-1.95418,2.43874,0.13109,-0.49562,4.93239,-1.82837,72.59396,7.47943,-52.20009,-0.48299,77.88756,-3.63947,5.00086,18.33771,-16.05251,-1.89941,-57.61824,6.55263,High,High,High,,,High,High,High
162,2026-02-07,15:19:48.56,2,1,"Gomez, Tavian",10869154,Right,PAC_BOX,"Dillehay, Drew",1000091533,Right,POM_COL,Undefined,3,Bottom,1,0,0,Fastball,Changeup,StrikeCalled,Undefined,Undefined,Undefined,0,0,,82.51095,0.062876,-4.438113,2131.551414,223.146548,1:30,5.429,2.53821,5.6394,-26.80041,14.71556,12.57186,3.25447,-0.5627,75.48267,-4.929337,-2.202401,0.463745,,,,,,,,,,,,-7.53162,7.83457,-2.16848,50,5.41736,8.7616,-119.50437,-0.70702,-10.92764,22.3178,-20.80684,POM_COL,PAC_BOX,PomonaPitzer,D3,Team,20260207-PomonaPitzer-2,7f8558d0-047b-11f1-87a1-bbe4b648e251,81.2784,,,7.02828,,,,,,,5ab81c87-aa0e-4d85-b863-dca276aed003,2026-02-07,23:19:48.56,2026-02-07T15:19:48.5643776-08:00,2026-02-07T23:19:48.5643776Z,,v3,POM_PIT,,,"Podratz, Colby",10033713,Right,PAC_BOX,665de2cf-f1e7-42a4-b93c-666454e27866,54.85804,-120.4082,11.1589,5.42893,0.13562,-10.40342,-2.53227,9.20415,-5.46382,,,,,,,,,,,,,,,,,,,,,,,,,,,,,,,,,,,,,,,,,,,,,,,,,,,High,High,High,,,,,
163,2026-02-07,15:20:04.42,2,2,"Gomez, Tavian",10869154,Right,PAC_BOX,"Dillehay, Drew",1000091533,Right,POM_COL,Undefined,3,Bottom,1,0,1,Fastball,Changeup,StrikeCalled,Undefined,Undefined,Undefined,0,0,,84.06051,-0.185323,-2.761005,2080.041928,213.242955,1:00,5.43582,2.46389,5.60114,-22.73674,17.20174,10.45674,3.36788,0.75574,76.89299,-4.448378,-0.89736,0.454849,,,,,,,,,,,,-6.00859,9.12721,-2.2341,50,5.40533,5.44291,-121.94881,-1.0956,-9.07339,23.35849,-18.39129,POM_COL,PAC_BOX,PomonaPitzer,D3,Team,20260207-PomonaPitzer-2,88ed5620-047b-11f1-87a1-bbe4b648e251,82.86806,,,7.16752,,,,,,,5ab81c87-aa0e-4d85-b863-dca276aed003,2026-02-07,23:20:04.42,2026-02-07T15:20:04.4201472-08:00,2026-02-07T23:20:04.4201472Z,,v3,POM_PIT,,,"Podratz, Colby",10033713,Right,PAC_BOX,744a3c0e-92e4-46f6-95b6-fc31b6038403,54.8958,-122.88299,11.67925,5.43444,-0.36008,-9.19564,-2.45904,5.80578,-4.5367,,,,,,,,,,,,,,,,,,,,,,,,,,,,,,,,,,,,,,,,,,,,,,,,,,,High,High,High,,,,,
164,2026-02-07,15:20:20.06,2,3,"Gomez, Tavian",10869154,Right,PAC_BOX,"Dillehay, Drew",1000091533,Right,POM_COL,Undefined,3,Bottom,1,0,2,Slider,Curveball,BallCalled,Undefined,Undefined,Undefined,0,0,,74.35629,0.111997,-3.709405,2768.973495,73.78279,8:30,4.75746,3.04737,5.67042,-55.17779,-3.33138,-17.5078,0.26395,-1.8749,68.04177,-9.93448,-6.828893,0.51824,,,,,,,,,,,,7.72591,-1.25224,-2.7225,50,4.73223,7.60801,-107.69572,-1.49123,8.92083,21.64365,-33.61997,POM_COL,PAC_BOX,PomonaPitzer,D3,Team,20260207-PomonaPitzer-2,924cef00-047b-11f1-87a1-bbe4b648e251,72.73166,,,6.31453,,,,,,,5ab81c87-aa0e-4d85-b863-dca276aed003,2026-02-07,23:20:20.06,2026-02-07T15:20:20.0654848-08:00,2026-02-07T23:20:20.0654848Z,,v3,POM_PIT,,,"Podratz, Colby",10033713,Right,PAC_BOX,7dd7846a-1a59-44b4-b774-ddfb18cad7c2,54.82979,-108.66203,10.82183,4.7653,0.00978,-16.80999,-3.05328,7.20973,4.46042,,,,,,,,,,,,,,,,,,,,,,,,,,,,,,,,,,,,,,,,,,,,,,,,,,,High,High,High,,,,,
165,2026-02-07,15:20:39.08,2,4,"Gomez, Tavian",10869154,Right,PAC_BOX,"Dillehay, Drew",1000091533,Right,POM_COL,Undefined,3,Bottom,1,1,2,Slider,Curveball,BallCalled,Undefined,Undefined,Undefined,0,0,,73.52514,3.245314,-3.562723,2655.48937,79.464844,8:45,4.88552,2.89309,5.65886,-54.98542,-1.79685,-19.38151,3.33892,-2.04872,66.70531,-6.846254,-7.004145,0.524905,,,,,,,,,,,,8.57615,-1.33331,-2.57929,50,5.1269,7.33741,-106.30761,4.34261,9.66059,20.88767,-33.67594,POM_COL,PAC_BOX,PomonaPitzer,D3,Team,20260207-PomonaPitzer-2,9da0b6c0-047b-11f1-87a1-bbe4b648e251,71.80816,,,6.81982,,,,,,,5ab81c87-aa0e-4d85-b863-dca276aed003,2026-02-07,23:20:39.08,2026-02-07T15:20:39.0852608-08:00,2026-02-07T23:20:39.0852608Z,,v3,POM_PIT,,,"Podratz, Colby",10033713,Right,PAC_BOX,2c314103-708e-4ce3-9eb8-d22faa7a681d,54.83919,-107.25421,10.44384,4.89551,5.86877,-16.83797,-2.90189,6.89961,4.8303,,,,,,,,,,,,,,,,,,,,,,,,,,,,,,,,,,,,,,,,,,,,,,,,,,,High,High,High,,,,,
166,2026-02-07,15:20:57.36,2,5,"Gomez, Tavian",10869154,Right,PAC_BOX,"Dillehay, Drew",1000091533,Right,POM_COL,Undefined,3,Bottom,1,2,2,Fastball,Changeup,FoulBallNotFieldable,Undefined,Undefined,Undefined,0,0,,82.89205,-0.081008,-3.152132,2248.774288,221.9682,1:30,5.25634,2.47475,5.88487,-25.86722,14.53457,12.00784,3.0254,0.54537,76.33253,-4.912342,-1.001398,0.45748,,,,,,,,,,,,-6.99067,7.83158,-2.22739,50,5.23479,6.16948,-120.37793,-0.95358,-10.34268,21.55587,-20.58725,POM_COL,PAC_BOX,PomonaPitzer,D3,Team,20260207-PomonaPitzer-2,a87d79c0-047b-11f1-87a1-bbe4b648e251,82.39151,,,6.55952,,,,,,,5ab81c87-aa0e-4d85-b863-dca276aed003,2026-02-07,23:20:57.36,2026-02-07T15:20:57.3666816-08:00,2026-02-07T23:20:57.3666816Z,,v3,POM_PIT,,,"Podratz, Colby",10033713,Right,PAC_BOX,3472ed80-bb7b-4a33-9cc8-ca9b9f516b5a,54.61522,-121.20155,10.77794,5.2562,-0.16696,-10.29363,-2.47067,6.56466,-5.17134,,,,,,,,,,,,,,,,,,,,,,,,,,,,,,,,,,,,,,,,,,,,,,,,,,,High,High,High,,,,,
167,2026-02-07,15:21:31.85,2,6,"Gomez, Tavian",10869154,Right,PAC_BOX,"Dillehay, Drew",1000091533,Right,POM_COL,Undefined,3,Bottom,1,2,2,Curveball,Curveball,StrikeSwinging,Strikeout,Undefined,Undefined,0,0,,67.81036,3.11671,-2.214662,2308.74962,48.268162,7:30,5.05456,2.6767,5.07691,-76.90299,-12.84406,-16.97465,1.58922,-0.82667,61.644,-10.769485,-5.213227,0.576051,,,,,,,,,,,,7.62233,-6.69272,-2.45279,50,5.28999,4.40841,-98.10062,2.92558,7.26658,18.66316,-38.55441,POM_COL,PAC_BOX,PomonaPitzer,D3,Team,20260207-PomonaPitzer-2,bd245740-047b-11f1-87a1-bbe4b648e251,65.43241,,,6.16636,,,,,,,5ab81c87-aa0e-4d85-b863-dca276aed003,2026-02-07,23:21:31.85,2026-02-07T15:21:31.8560000-08:00,2026-02-07T23:21:31.8560000Z,,v3,POM_PIT,,,"Podratz, Colby",10033713,Right,PAC_BOX,c4accc26-3f31-4348-bdbc-a09b3bb647f5,55.42492,-99.12731,9.33158,5.07072,5.04652,-19.27721,-2.68431,4.00866,3.63329,,,,,,,,,,,,,,,,,,,,,,,,,,,,,68.16076,2.663305,1.690624,0.972681,0.06471,1.32638,0.95093,-0.65316,4.76803,-2.91157,67.28184,8.56512,-57.51293,-0.62021,73.62504,-3.90923,4.80986,17.28896,-13.78639,-3.01706,-63.61645,7.76003,High,High,High,,,High,High,High
168,2026-02-07,15:22:06.04,3,1,"Gomez, Tavian",10869154,Right,PAC_BOX,"Gonzaga, Kai",10138924,Left,POM_COL,Undefined,3,Bottom,2,0,0,Fastball,Changeup,BallCalled,Undefined,Undefined,Undefined,0,0,,83.42326,0.37657,-2.860246,1989.291132,235.497987,1:45,5.37011,2.67423,5.75957,-26.63824,13.83969,18.22103,3.50121,1.52815,75.9865,-4.611327,0.397879,0.457911,,,,,,,,,,,,-10.02426,7.33142,-2.44796,50,5.38528,5.2973,-121.01445,-0.03098,-14.83339,24.08451,-21.32534,POM_COL,PAC_BOX,PomonaPitzer,D3,Team,20260207-PomonaPitzer-2,d16cc110-047b-11f1-87a1-bbe4b648e251,82.31398,,,7.43677,,,,,,,5ab81c87-aa0e-4d85-b863-dca276aed003,2026-02-07,23:22:06.04,2026-02-07T15:22:06.0467200-08:00,2026-02-07T23:22:06.0467200Z,,v3,POM_PIT,,,"Podratz, Colby",10033713,Right,PAC_BOX,6f380025-a078-4ec2-ba48-e7a93a9c2cf4,54.73795,-121.95376,12.04226,5.37027,0.80072,-10.66267,-2.66584,5.87581,-7.4167,,,,,,,,,,,,,,,,,,,,,,,,,,,,,,,,,,,,,,,,,,,,,,,,,,,High,High,High,,,,,
169,2026-02-07,15:22:25.82,3,2,"Gomez, Tavian",10869154,Right,PAC_BOX,"Gonzaga, Kai",10138924,Left,POM_COL,Undefined,3,Bottom,2,1,0,Fastball,Changeup,StrikeSwinging,Undefined,Undefined,Undefined,0,0,,83.32144,-1.044964,-3.109312,2211.4934,227.427969,1:30,5.40743,2.63754,5.65844,-22.908,18.19229,18.21119,2.5224,1.25268,75.34154,-5.374254,0.140465,0.461417,,,,,,,,,,,,-10.11953,9.95591,-2.38562,50,5.30465,5.79324,-120.68711,-2.88078,-14.76901,25.7837,-17.64389,POM_COL,PAC_BOX,PomonaPitzer,D3,Team,20260207-PomonaPitzer-2,dd3877f0-047b-11f1-87a1-bbe4b648e251,81.68838,,,7.9799,,,,,,,5ab81c87-aa0e-4d85-b863-dca276aed003,2026-02-07,23:22:25.82,2026-02-07T15:22:25.8219008-08:00,2026-02-07T23:22:25.8219008Z,,v3,POM_PIT,,,"Podratz, Colby",10033713,Right,PAC_BOX,b906376c-4564-47b4-b77d-b2df1228c7ee,54.83752,-121.71621,12.89185,5.40557,-2.17656,-8.82195,-2.62861,6.38271,-7.3845,,,,,,,,,,,,,,,,,,,,,,,,,,,,,,,,,,,,,,,,,,,,,,,,,,,High,High,High,,,,,
170,2026-02-07,15:22:49.63,3,3,"Gomez, Tavian",10869154,Right,PAC_BOX,"Gonzaga, Kai",10138924,Left,POM_COL,Undefined,3,Bottom,2,1,1,ChangeUp,Changeup,StrikeCalled,Undefined,Undefined,Undefined,0,0,,74.34262,1.671892,-1.892997,1085.78476,251.248041,2:15,5.30871,2.58712,5.70943,-48.29188,2.55433,2.93288,2.84332,1.06724,68.31843,-7.202562,-1.368615,0.513217,,,,,,,,,,,,-1.99847,1.3626,-2.43037,50,5.41905,3.45931,-107.9105,1.67239,-2.36084,18.45117,-30.56434,POM_COL,PAC_BOX,PomonaPitzer,D3,Team,20260207-PomonaPitzer-2,eb7b2240-047b-11f1-87a1-bbe4b648e251,73.44354,,,6.02418,,,,,,,5ab81c87-aa0e-4d85-b863-dca276aed003,2026-02-07,23:22:49.63,2026-02-07T15:22:49.6394240-08:00,2026-02-07T23:22:49.6394240Z,,v3,POM_PIT,,,"Podratz, Colby",10033713,Right,PAC_BOX,e61aea6e-6899-4d35-9c75-c18cc7c87034,54.78872,-108.72622,9.22558,5.31525,3.02363,-15.28217,-2.58561,3.56369,-1.18042,,,,,,,,,,,,,,,,,,,,,,,,,,,,,,,,,,,,,,,,,,,,,,,,,,,High,High,High,,,,,
171,2026-02-07,15:23:12.27,3,4,"Gomez, Tavian",10869154,Right,PAC_BOX,"Gonzaga, Kai",10138924,Left,POM_COL,Undefined,3,Bottom,2,1,2,Curveball,Curveball,InPlay,Undefined,FlyBall,Out,1,0,,66.91792,2.825638,-0.305558,2273.169284,50.809347,7:45,5.08482,2.83701,5.57144,-76.12654,-12.038,-17.48564,1.38248,1.09446,61.14934,-11.043771,-3.431571,0.576184,86.02279,28.140626,5.763444,3006.956415,109.7589,53.40619,7.27319,317.25751,311.97639,0.800075,4.652944,8.76079,-6.40851,-2.79881,50,5.27832,1.09683,-97.05627,2.59674,8.21371,17.61334,-38.18236,POM_COL,PAC_BOX,PomonaPitzer,D3,Team,20260207-PomonaPitzer-2,f8fa5580-047b-11f1-87a1-bbe4b648e251,65.41732,67.35765,,5.76857,,,,1.01461,1.85006,-1.0571,5ab81c87-aa0e-4d85-b863-dca276aed003,2026-02-07,23:23:12.27,2026-02-07T15:23:12.2750464-08:00,2026-02-07T23:23:12.2750464Z,LineDrive,v3,POM_PIT,,,"Podratz, Colby",10033713,Right,PAC_BOX,5d1c71c9-0803-4d2a-85d8-47feeba0c811,54.93178,-97.94718,8.80667,5.09813,4.52806,-19.09118,-2.84378,0.68137,4.10686,170.595434,1.01543,110.67329,-21.14098,5.10819,-0.99409,0.16662,-0.02543,0.00303,-0.00017,1.85058,59.48905,-13.22116,-0.78599,0.61562,-0.24447,0.06153,-0.00829,0.00045,-1.05695,11.16956,-4.46403,1.00982,-0.21309,0.04383,-0.00852,0.00114,-7E-05,,,,,,,,,,,,,,,,,,,,,,,High,High,High,Medium,High,,,
172,2026-02-07,15:25:53.04,1,1,"Hoshide, Dean",1000202521,Left,POM_COL,"Hamura, Javin",1000397352,Right,PAC_BOX,Undefined,4,Top,0,0,0,Fastball,Four-Seam,BallCalled,Undefined,Undefined,Undefined,0,0,,85.33096,0.123543,1.743515,2401.965945,154.765898,11:15,5.69683,-1.45763,5.3254,-24.1556,15.35969,-6.60241,3.79985,-0.37127,77.30144,-4.391744,0.571698,0.452433,,,,,,,,,,,,3.79524,8.04304,1.30471,50,5.69105,-3.46919,-123.66707,-0.53412,5.83437,26.34884,-19.80958,POM_COL,PAC_BOX,PomonaPitzer,D3,Team,20260207-PomonaPitzer-2,58c11260-047c-11f1-87a1-bbe4b648e251,83.31059,,,8.02952,,,,,,,5ab81c87-aa0e-4d85-b863-dca276aed003,2026-02-07,23:25:53.04,2026-02-07T15:25:53.0428928-08:00,2026-02-07T23:25:53.0428928Z,,v3,POM_PIT,,,"Savas, Peter",1000276389,Right,POM_COL,cf3a8d61-33af-446a-9180-0285906c715a,55.16901,-124.76354,13.17442,5.69613,0.29023,-9.90479,1.45412,-3.71198,2.91719,,,,,,,,,,,,,,,,,,,,,,,,,,,,,,,,,,,,,,,,,,,,,,,,,,,High,High,High,,,,,
173,2026-02-07,15:26:10.12,1,2,"Hoshide, Dean",1000202521,Left,POM_COL,"Hamura, Javin",1000397352,Right,PAC_BOX,Undefined,4,Top,0,1,0,Fastball,Four-Seam,FoulBallNotFieldable,Undefined,Undefined,Undefined,0,0,,85.24604,-0.853198,2.009106,2399.934288,156.964459,11:15,5.54936,-1.48987,5.69523,-21.40296,17.47107,-6.88496,2.97012,-0.19053,77.64894,-4.887907,0.77876,0.448747,,,,,,,,,,,,4.07044,9.5015,1.32543,50,5.46449,-4.05166,-123.67588,-2.49098,6.28344,25.43571,-17.50682,POM_COL,PAC_BOX,PomonaPitzer,D3,Team,20260207-PomonaPitzer-2,63019560-047c-11f1-87a1-bbe4b648e251,83.99492,,,7.5971,,,,,,,5ab81c87-aa0e-4d85-b863-dca276aed003,2026-02-07,23:26:10.12,2026-02-07T15:26:10.1253632-08:00,2026-02-07T23:26:10.1253632Z,,v3,POM_PIT,,,"Savas, Peter",1000276389,Right,POM_COL,e92100eb-34ba-464a-8ec0-c4a8279b92f7,54.80165,-124.6595,12.71785,5.54773,-1.81398,-8.75341,1.48681,-4.29465,3.14172,,,,,,,,,,,,,,,,,,,,,,,,,,,,,,,,,,,,,,,,,,,,,,,,,,,High,High,High,,,,,
174,2026-02-07,15:26:28.82,1,3,"Hoshide, Dean",1000202521,Left,POM_COL,"Hamura, Javin",1000397352,Right,PAC_BOX,Undefined,4,Top,0,1,1,Curveball,Curveball,HitByPitch,Undefined,Undefined,Undefined,0,0,,72.71048,4.230795,-0.151386,2621.06653,318.553486,4:30,5.72225,-1.65257,5.44759,-67.87283,-12.71658,13.07324,4.03443,-0.70486,65.21425,-8.17793,2.174888,0.534526,,,,,,,,,,,,-6.50807,-7.01784,1.65708,50,6.051,-0.22886,-105.12746,5.54646,-7.10776,21.82357,-39.83856,POM_COL,PAC_BOX,PomonaPitzer,D3,Team,20260207-PomonaPitzer-2,6e1c24b0-047c-11f1-87a1-bbe4b648e251,70.51565,,,7.49624,,,,,,,5ab81c87-aa0e-4d85-b863-dca276aed003,2026-02-07,23:26:28.82,2026-02-07T15:26:28.8274944-08:00,2026-02-07T23:26:28.8274944Z,,v3,POM_PIT,,,"Savas, Peter",1000276389,Right,POM_COL,6038b7e1-d207-4cec-a094-16bfe2829dab,55.05118,-106.17086,10.91179,5.74029,7.45117,-19.91928,1.6599,0.11096,-3.55388,,,,,,,,,,,,,,,,,,,,,,,,,,,,,,,,,,,,,,,,,,,,,,,,,,,High,High,High,,,,,
175,2026-02-07,15:27:03.01,2,1,"Hoshide, Dean",1000202521,Left,POM_COL,"Kazahaya, Trevor",1000154011,Right,PAC_BOX,Undefined,4,Top,0,0,0,Curveball,Curveball,BallCalled,Undefined,Undefined,Undefined,0,0,,72.30662,4.489558,0.115087,2581.602039,304.707621,4:15,5.67727,-1.84198,5.23253,-64.44007,-8.51099,15.18898,4.53607,-0.46805,65.1282,-7.254274,2.804278,0.538258,,,,,,,,,,,,-7.41693,-4.94677,1.81996,50,6.04409,-0.80383,-104.51719,6.07151,-8.06344,20.43569,-37.55202,POM_COL,PAC_BOX,PomonaPitzer,D3,Team,20260207-PomonaPitzer-2,827c8350-047c-11f1-87a1-bbe4b648e251,70.02674,,,7.17841,,,,,,,5ab81c87-aa0e-4d85-b863-dca276aed003,2026-02-07,23:27:03.01,2026-02-07T15:27:03.0180352-08:00,2026-02-07T23:27:03.0180352Z,,v3,POM_PIT,,,"Savas, Peter",1000276389,Right,POM_COL,bd399d1f-f861-4f74-bb07-b71c578bf9ff,55.26606,-105.54181,10.21784,5.69247,7.95432,-18.77601,1.85013,-0.39953,-4.03172,,,,,,,,,,,,,,,,,,,,,,,,,,,,,,,,,,,,,,,,,,,,,,,,,,,High,High,High,,,,,
176,2026-02-07,15:27:22.64,2,2,"Hoshide, Dean",1000202521,Left,POM_COL,"Kazahaya, Trevor",1000154011,Right,PAC_BOX,Undefined,4,Top,0,1,0,Fastball,Cutter,BallCalled,Undefined,Undefined,Undefined,0,0,,84.53856,0.572336,1.63749,2320.620715,180.361897,12:00,5.60069,-1.44273,5.60297,-23.80076,15.81847,0.09189,4.15181,0.09398,76.99897,-3.891842,1.653876,0.453027,,,,,,,,,,,,0.41906,8.22146,1.30249,50,5.63449,-3.51031,-122.65653,0.47912,0.63705,24.74454,-19.67605,POM_COL,PAC_BOX,PomonaPitzer,D3,Team,20260207-PomonaPitzer-2,8e219f60-047c-11f1-87a1-bbe4b648e251,83.20123,,,7.53959,,,,,,,5ab81c87-aa0e-4d85-b863-dca276aed003,2026-02-07,23:27:22.64,2026-02-07T15:27:22.6457088-08:00,2026-02-07T23:27:22.6457088Z,,v3,POM_PIT,,,"Savas, Peter",1000276389,Right,POM_COL,d4b046fc-db88-4771-a745-5aa84eb385fd,54.89298,-123.63969,12.37227,5.59992,1.2609,-9.83803,1.44247,-3.53562,0.31853,,,,,,,,,,,,,,,,,,,,,,,,,,,,,,,,,,,,,,,,,,,,,,,,,,,High,High,High,,,,,
177,2026-02-07,15:27:43.23,2,3,"Hoshide, Dean",1000202521,Left,POM_COL,"Kazahaya, Trevor",1000154011,Right,PAC_BOX,Undefined,4,Top,0,2,0,Fastball,Cutter,FoulBallNotFieldable,Undefined,Undefined,Undefined,0,0,,82.54265,-1.368085,2.190293,2386.365585,189.003541,12:15,5.73196,-1.52314,5.27168,-26.4934,15.80158,2.27669,2.23794,0.72494,75.15793,-6.28085,2.593856,0.468075,80.42013,45.006451,-39.577259,4621.278097,76.79023,87.11015,-78.76079,269.31765,97.88575,-51.719141,5.106036,-0.49158,8.73654,1.32117,50,5.58786,-4.66988,-119.59851,-3.72795,-0.7074,24.45549,-19.60138,POM_COL,PAC_BOX,PomonaPitzer,D3,Team,20260207-PomonaPitzer-2,9a6fa5a0-047c-11f1-87a1-bbe4b648e251,80.52643,95.89322,,7.38472,,,,0.85172,2.17537,-0.75056,5ab81c87-aa0e-4d85-b863-dca276aed003,2026-02-07,23:27:43.23,2026-02-07T15:27:43.2373248-08:00,2026-02-07T23:27:43.2373248Z,FlyBall,v3,POM_PIT,,,"Savas, Peter",1000276389,Right,POM_COL,451d27a5-378b-4fea-9057-59332e7e4383,55.22503,-120.6622,12.22775,5.73146,-2.8754,-9.80069,1.52362,-4.63911,-0.3537,,0.86153,64.06904,-14.88208,2.53183,0.32539,-0.34058,0.08917,-0.01044,0.00047,2.17273,83.45279,-21.83162,1.96573,-0.22673,-0.06517,0.03862,-0.00677,0.00041,-0.7513,-53.11392,4.10882,-0.41004,-0.11059,0.0819,-0.0225,0.00297,-0.00015,,,,,,,,,,,,,,,,,,,,,,,High,High,High,Medium,Low,,,
178,2026-02-07,15:28:18.77,2,4,"Hoshide, Dean",1000202521,Left,POM_COL,"Kazahaya, Trevor",1000154011,Right,PAC_BOX,Undefined,4,Top,0,2,1,Slider,Curveball,BallCalled,Undefined,Undefined,Undefined,0,0,,76.97801,0.023181,4.026996,2705.948146,289.646656,3:45,5.30375,-2.45337,5.17581,-54.13861,-4.12351,16.91182,0.81407,2.75151,69.43175,-9.778187,7.01031,0.509005,,,,,,,,,,,,-6.95158,-1.51287,2.06469,50,5.26513,-8.5039,-111.16483,-1.81811,-8.43709,25.51268,-34.01024,POM_COL,PAC_BOX,PomonaPitzer,D3,Team,20260207-PomonaPitzer-2,afa618f0-047c-11f1-87a1-bbe4b648e251,74.05122,,,7.54626,,,,,,,5ab81c87-aa0e-4d85-b863-dca276aed003,2026-02-07,23:28:18.77,2026-02-07T15:28:18.7702272-08:00,2026-02-07T23:28:18.7702272Z,,v3,POM_PIT,,,"Savas, Peter",1000276389,Right,POM_COL,23e3a0a3-1d9b-41c9-b97a-c019d4b4305f,55.32143,-112.37948,12.75634,5.31314,-0.1989,-17.00512,2.45999,-8.10222,-4.21855,,,,,,,,,,,,,,,,,,,,,,,,,,,,,,,,,,,,,,,,,,,,,,,,,,,High,High,High,,,,,
179,2026-02-07,15:28:38.58,2,5,"Hoshide, Dean",1000202521,Left,POM_COL,"Kazahaya, Trevor",1000154011,Right,PAC_BOX,Undefined,4,Top,0,3,1,Fastball,Four-Seam,BallCalled,Walk,Undefined,Undefined,0,0,,85.55353,-2.68219,1.312946,2419.701277,162.758019,11:30,5.6861,-1.58652,5.6127,-20.99544,17.79017,-5.11784,1.43056,-0.78735,78.06769,-6.619988,0.398928,0.448236,,,,,,,,,,,,2.96788,10.17536,1.47771,50,5.44348,-2.62664,-124.01938,-6.45762,4.60496,25.67626,-16.38604,POM_COL,PAC_BOX,PomonaPitzer,D3,Team,20260207-PomonaPitzer-2,bb6859f0-047c-11f1-87a1-bbe4b648e251,84.09057,,,7.48583,,,,,,,5ab81c87-aa0e-4d85-b863-dca276aed003,2026-02-07,23:28:38.58,2026-02-07T15:28:38.5817600-08:00,2026-02-07T23:28:38.5817600Z,,v3,POM_PIT,,,"Savas, Peter",1000276389,Right,POM_COL,cbdfbb98-dbbe-48e2-bf2f-8898f28d3f5a,54.88402,-125.02645,12.83813,5.68416,-5.81493,-8.19302,1.58428,-2.80725,2.30248,,,,,,,,,,,,,,,,,,,,,,,,,,,,,,,,,,,,,,,,,,,,,,,,,,,High,High,High,,,,,
180,2026-02-07,15:29:08.62,3,1,"Hoshide, Dean",1000202521,Left,POM_COL,"Chapman, Nathan",1000039351,Left,PAC_BOX,Undefined,4,Top,0,0,0,Fastball,Cutter,HitByPitch,Undefined,Undefined,Undefined,0,0,,86.17347,-4.949053,4.349315,2520.069557,170.112488,11:45,5.67974,-1.64018,5.40935,-20.92489,18.30615,-2.93973,-0.72577,2.19757,78.20788,-8.838573,3.828656,0.450803,,,,,,,,,,,,2.90914,11.27174,1.25476,50,5.22314,-9.32592,-124.19174,-11.45709,4.47998,28.11733,-14.81602,POM_COL,PAC_BOX,PomonaPitzer,D3,Team,20260207-PomonaPitzer-2,cd459020-047c-11f1-87a1-bbe4b648e251,83.61185,,,7.96559,,,,,,,5ab81c87-aa0e-4d85-b863-dca276aed003,2026-02-07,23:29:08.62,2026-02-07T15:29:08.6230528-08:00,2026-02-07T23:29:08.6230528Z,,v3,POM_PIT,,,"Savas, Peter",1000276389,Right,POM_COL,669497d0-cd1c-422b-a4e9-ed7f6e6c4712,55.09109,-125.33908,14.05867,5.67831,-10.85252,-7.40801,1.63904,-9.50873,2.23999,,,,,,,,,,,,,,,,,,,,,,,,,,,,,,,,,,,,,,,,,,,,,,,,,,,High,High,High,,,,,
181,2026-02-07,15:30:19.39,4,1,"Hoshide, Dean",1000202521,Left,POM_COL,"Lewis, Ben",1000327268,Right,PAC_BOX,Undefined,4,Top,0,0,0,Fastball,Four-Seam,StrikeCalled,Undefined,Undefined,Undefined,0,0,,85.38375,-1.859237,2.415841,2405.045294,160.91887,11:15,5.65467,-1.70114,5.48015,-22.06639,17.33426,-5.51272,2.07402,0.10123,77.32831,-6.003652,1.434943,0.451776,,,,,,,,,,,,3.49862,9.70079,1.49284,50,5.47676,-4.97518,-123.63173,-4.70911,5.36047,26.96366,-17.31077,POM_COL,PAC_BOX,PomonaPitzer,D3,Team,20260207-PomonaPitzer-2,f786abd0-047c-11f1-87a1-bbe4b648e251,83.43171,,,8.05544,,,,,,,5ab81c87-aa0e-4d85-b863-dca276aed003,2026-02-07,23:30:19.39,2026-02-07T15:30:19.3992192-08:00,2026-02-07T23:30:19.3992192Z,,v3,POM_PIT,,,"Savas, Peter",1000276389,Right,POM_COL,6ab64859-be15-4521-9c5e-b967f660b84f,55.01444,-124.72057,13.48183,5.65281,-4.01007,-8.65538,1.69811,-5.19164,2.68024,,,,,,,,,,,,,,,,,,,,,,,,,,,,,,,,,,,,,,,,,,,,,,,,,,,High,High,High,,,,,
182,2026-02-07,15:30:38.91,4,2,"Hoshide, Dean",1000202521,Left,POM_COL,"Lewis, Ben",1000327268,Right,PAC_BOX,Undefined,4,Top,0,0,1,ChangeUp,Changeup,StrikeCalled,Undefined,Undefined,Undefined,0,0,,79.02652,1.324961,1.742763,1177.300735,51.232212,7:45,5.40531,-2.17386,5.06652,-52.54916,-5.77166,-9.24536,2.27631,-1.30057,71.63919,-8.209138,0.106763,0.492255,,,,,,,,,,,,5.11339,-2.74012,2.01592,50,5.48977,-3.0922,-114.47404,0.7274,6.69042,23.88621,-35.75927,POM_COL,PAC_BOX,PomonaPitzer,D3,Team,20260207-PomonaPitzer-2,03236370-047d-11f1-87a1-bbe4b648e251,76.57101,,,7.38734,,,,,,,5ab81c87-aa0e-4d85-b863-dca276aed003,2026-02-07,23:30:38.91,2026-02-07T15:30:38.9154304-08:00,2026-02-07T23:30:38.9154304Z,,v3,POM_PIT,,,"Savas, Peter",1000276389,Right,POM_COL,487f033a-7832-412c-9ba4-1deddba37e61,55.43155,-115.60183,11.94311,5.41557,2.41578,-17.87963,2.16938,-3.40809,3.34521,,,,,,,,,,,,,,,,,,,,,,,,,,,,,,,,,,,,,,,,,,,,,,,,,,,High,High,High,,,,,
183,2026-02-07,15:31:00.26,4,3,"Hoshide, Dean",1000202521,Left,POM_COL,"Lewis, Ben",1000327268,Right,PAC_BOX,Undefined,4,Top,0,0,2,Fastball,Cutter,BallCalled,Undefined,Undefined,Undefined,0,0,,86.66536,-0.162725,0.41795,2462.227799,175.287988,11:45,5.70801,-1.58306,5.23152,-21.98135,16.49776,-1.24988,3.72327,-1.29434,78.39174,-4.282942,0.19637,0.446461,,,,,,,,,,,,0.74658,8.66166,1.54554,50,5.67719,-0.85932,-125.61415,-1.09011,1.18188,27.63003,-18.46194,POM_COL,PAC_BOX,PomonaPitzer,D3,Team,20260207-PomonaPitzer-2,0fe78410-047d-11f1-87a1-bbe4b648e251,84.42484,,,8.27362,,,,,,,5ab81c87-aa0e-4d85-b863-dca276aed003,2026-02-07,23:31:00.26,2026-02-07T15:31:00.2654720-08:00,2026-02-07T23:31:00.2654720Z,,v3,POM_PIT,,,"Savas, Peter",1000276389,Right,POM_COL,3074e6f5-b9ef-4ee3-9298-3a0d649b394e,55.26296,-126.76651,13.81501,5.7066,-0.32013,-9.23097,1.5824,-0.90861,0.59094,,,,,,,,,,,,,,,,,,,,,,,,,,,,,,,,,,,,,,,,,,,,,,,,,,,High,High,High,,,,,
184,2026-02-07,15:31:21.36,4,4,"Hoshide, Dean",1000202521,Left,POM_COL,"Lewis, Ben",1000327268,Right,PAC_BOX,Undefined,4,Top,0,1,2,Curveball,Curveball,BallCalled,Undefined,Undefined,Undefined,0,0,,75.00748,0.811923,1.698766,2819.148712,322.161493,4:45,5.71073,-1.7258,4.92161,-67.96803,-15.27599,13.38154,0.81472,0.99584,68.07406,-11.393818,4.064981,0.522449,,,,,,,,,,,,-6.0337,-7.33229,1.54835,50,5.73291,-3.75395,-108.61456,-0.87039,-7.02284,23.57151,-40.70838,POM_COL,PAC_BOX,PomonaPitzer,D3,Team,20260207-PomonaPitzer-2,1c78add0-047d-11f1-87a1-bbe4b648e251,72.14566,,,6.93343,,,,,,,5ab81c87-aa0e-4d85-b863-dca276aed003,2026-02-07,23:31:21.36,2026-02-07T15:31:21.3624832-08:00,2026-02-07T23:31:21.3624832Z,,v3,POM_PIT,,,"Savas, Peter",1000276389,Right,POM_COL,fd7fa4c1-d69d-451b-b839-70dcd00ac005,55.57981,-109.81881,11.78575,5.72426,1.20937,-20.35419,1.73097,-3.39516,-3.51142,,,,,,,,,,,,,,,,,,,,,,,,,,,,,,,,,,,,,,,,,,,,,,,,,,,High,High,High,,,,,
185,2026-02-07,15:31:48.44,4,5,"Hoshide, Dean",1000202521,Left,POM_COL,"Lewis, Ben",1000327268,Right,PAC_BOX,Undefined,4,Top,0,2,2,Fastball,Cutter,BallCalled,Undefined,Undefined,Undefined,0,0,,86.07607,-2.829282,2.979506,2534.248686,176.183447,11:45,5.60866,-1.68763,5.34182,-23.76112,14.99241,-0.9148,0.96872,1.03367,78.73215,-7.221392,2.817257,0.448051,,,,,,,,,,,,1.30925,8.71583,1.41949,50,5.3364,-6.44589,-124.60184,-6.96991,2.05347,25.58729,-18.50395,POM_COL,PAC_BOX,PomonaPitzer,D3,Team,20260207-PomonaPitzer-2,2cf4cd60-047d-11f1-87a1-bbe4b648e251,84.12539,,,7.34392,,,,,,,5ab81c87-aa0e-4d85-b863-dca276aed003,2026-02-07,23:31:48.44,2026-02-07T15:31:48.4424192-08:00,2026-02-07T23:31:48.4424192Z,,v3,POM_PIT,,,"Savas, Peter",1000276389,Right,POM_COL,7db30c2c-1942-4140-9fe0-d4e85e6301c5,55.15571,-125.65612,12.79365,5.60788,-6.20748,-9.25197,1.68683,-6.5305,1.02674,,,,,,,,,,,,,,,,,,,,,,,,,,,,,,,,,,,,,,,,,,,,,,,,,,,High,High,High,,,,,
186,2026-02-07,15:32:09.64,4,6,"Hoshide, Dean",1000202521,Left,POM_COL,"Lewis, Ben",1000327268,Right,PAC_BOX,Undefined,4,Top,0,3,2,Fastball,Cutter,BallCalled,Walk,Undefined,Undefined,0,1,,86.52072,-4.223192,2.259675,2554.25162,162.178952,11:30,5.60122,-1.4765,5.33929,-24.57041,13.69024,-4.00823,-0.41847,0.31044,79.63063,-8.725498,1.547439,0.445192,,,,,,,,,,,,2.66382,8.40689,1.27569,50,5.20195,-4.77359,-125.22731,-10.10492,4.23545,24.98369,-18.80715,POM_COL,PAC_BOX,PomonaPitzer,D3,Team,20260207-PomonaPitzer-2,392eaf60-047d-11f1-87a1-bbe4b648e251,84.66554,,,6.89008,,,,,,,5ab81c87-aa0e-4d85-b863-dca276aed003,2026-02-07,23:32:09.64,2026-02-07T15:32:09.6446464-08:00,2026-02-07T23:32:09.6446464Z,,v3,POM_PIT,,,"Savas, Peter",1000276389,Right,POM_COL,94569fd8-35e7-408f-a22a-82330f587e74,55.16102,-126.25277,12.49185,5.60087,-9.33298,-9.40358,1.47519,-4.94743,2.11773,,,,,,,,,,,,,,,,,,,,,,,,,,,,,,,,,,,,,,,,,,,,,,,,,,,High,High,High,,,,,
187,2026-02-07,15:33:28.80,5,1,"Hoshide, Dean",1000202521,Left,POM_COL,"Podratz, Colby",10033713,Right,PAC_BOX,Undefined,4,Top,0,0,0,Fastball,Cutter,InPlay,Undefined,LineDrive,Double,0,2,,84.56581,-1.848311,3.031135,2428.178899,179.317014,12:00,5.60598,-1.76318,5.31978,-23.18399,16.73548,-0.18469,1.93637,1.0687,77.65202,-6.143522,2.998417,0.454741,91.66896,7.85092,-39.913852,2736.468875,,,,126.35876,126.35876,-43.575813,1.047373,0.90906,9.27607,1.48867,50,5.42196,-6.48241,-122.56597,-4.72651,1.38717,23.51427,-18.01932,POM_COL,PAC_BOX,PomonaPitzer,D3,Team,20260207-PomonaPitzer-2,68635740-047d-11f1-87a1-bbe4b648e251,82.88779,6.23098,,6.91378,,,,1.53181,2.12304,-1.21499,5ab81c87-aa0e-4d85-b863-dca276aed003,2026-02-07,23:33:28.80,2026-02-07T15:33:28.8041984-08:00,2026-02-07T23:33:28.8041984Z,LineDrive,v3,POM_PIT,,,"Savas, Peter",1000276389,Right,POM_COL,4b9ac28f-3a20-4328-80c6-9608427c4a5d,55.17868,-123.5555,11.75714,5.60491,-3.96821,-9.00966,1.76269,-6.54079,0.69358,,1.53181,102.15607,-18.15252,3.1651,-0.71971,0.1543,-0.03409,0.00661,-0.00074,2.12304,18.36501,-21.47904,2.34108,-0.50507,0.11836,-0.02486,0.00481,-0.00056,-1.21499,-85.45771,3.76769,-0.56828,0.14027,-0.0283,0.00633,-0.00114,0.00011,,,,,,,,,,,,,,,,,,,,,,,High,High,High,Medium,High,,,
188,2026-02-07,15:34:27.56,6,1,"Hoshide, Dean",1000202521,Left,POM_COL,"Shelor, Will",1000237125,Right,PAC_BOX,Undefined,4,Top,0,0,0,Curveball,Curveball,BallCalled,Undefined,Undefined,Undefined,0,0,,73.08867,1.301443,0.793892,2462.90511,317.317802,4:30,5.57464,-1.77286,5.52667,-67.95586,-13.99481,14.68442,1.12864,0.19306,66.56126,-11.051807,3.420486,0.528703,,,,,,,,,,,,-7.14996,-6.95741,1.69379,50,5.6425,-2.00527,-106.02864,0.23344,-7.96504,21.75117,-39.92454,POM_COL,PAC_BOX,PomonaPitzer,D3,Team,20260207-PomonaPitzer-2,8b791f30-047d-11f1-87a1-bbe4b648e251,71.29231,,,6.52741,,,,,,,5ab81c87-aa0e-4d85-b863-dca276aed003,2026-02-07,23:34:27.56,2026-02-07T15:34:27.5670016-08:00,2026-02-07T23:34:27.5670016Z,,v3,POM_PIT,,,"Savas, Peter",1000276389,Right,POM_COL,bd542b48-f918-45fb-909d-2e1550e32f31,54.97534,-107.04444,10.87559,5.58806,2.09795,-19.96227,1.77875,-1.63329,-3.98252,,,,,,,,,,,,,,,,,,,,,,,,,,,,,,,,,,,,,,,,,,,,,,,,,,,High,High,High,,,,,
189,2026-02-07,15:34:46.76,6,2,"Hoshide, Dean",1000202521,Left,POM_COL,"Shelor, Will",1000237125,Right,PAC_BOX,Undefined,4,Top,0,1,0,Fastball,Cutter,InPlay,Undefined,LineDrive,Double,0,2,,85.15298,-0.800188,1.975562,2418.962811,172.558523,11:45,5.60115,-1.5603,5.59624,-19.59383,19.27737,-2.36055,3.22075,0.08819,78.00231,-4.492248,1.554655,0.44873,102.29867,15.436661,-12.911078,889.307895,106.33625,22.28353,-28.15275,255.88072,252.74828,-17.208056,2.241604,1.73236,10.35473,1.39251,50,5.52005,-4.16611,-123.61184,-2.31895,2.68801,23.98736,-16.10741,POM_COL,PAC_BOX,PomonaPitzer,D3,Team,20260207-PomonaPitzer-2,96dcc570-047d-11f1-87a1-bbe4b648e251,83.99802,22.99029,,7.15067,,,,1.05426,3.23181,-0.11116,5ab81c87-aa0e-4d85-b863-dca276aed003,2026-02-07,23:34:46.76,2026-02-07T15:34:46.7695104-08:00,2026-02-07T23:34:46.7695104Z,LineDrive,v3,POM_PIT,,,"Savas, Peter",1000276389,Right,POM_COL,0c6760a9-6cc8-459d-9018-e0bd7b39d742,54.90194,-124.55945,11.99368,5.59908,-1.68263,-8.05371,1.55919,-4.2723,1.344,86.678959,1.05426,140.96883,-20.1327,3.81929,-0.81637,0.15826,-0.03101,0.00471,-0.00036,3.23181,39.93597,-22.2099,2.43229,-0.50551,0.10448,-0.01824,0.00262,-0.0002,-0.11116,-32.31487,-2.71328,1.64353,-0.51971,0.13769,-0.03029,0.00489,-0.00039,,,,,,,,,,,,,,,,,,,,,,,High,High,High,High,High,,,
190,2026-02-07,15:37:53.83,7,1,"Della Bitta, Eli",1000323431,Right,POM_COL,"Collado, Riz",1000397379,Right,PAC_BOX,Undefined,4,Top,0,0,0,Curveball,Curveball,BallCalled,Undefined,Undefined,Undefined,0,0,,68.48333,2.355993,-2.860658,2105.511465,81.474594,8:45,6.62663,1.02383,4.30727,-62.96011,0.3476,-10.44497,3.63669,-2.58404,63.22646,-8.862188,-4.676491,0.572664,,,,,,,,,,,,4.25914,0.12602,-0.70279,50,6.8182,5.35691,-99.11302,1.94216,4.24737,15.46561,-32.04839,POM_COL,PAC_BOX,PomonaPitzer,D3,Team,20260207-PomonaPitzer-2,066aa9c0-047e-11f1-87a1-bbe4b648e251,65.8195,,,5.25688,,,,,,,5ab81c87-aa0e-4d85-b863-dca276aed003,2026-02-07,23:37:53.83,2026-02-07T15:37:53.8327040-08:00,2026-02-07T23:37:53.8327040Z,,v3,POM_PIT,,,"Savas, Peter",1000276389,Right,POM_COL,02213a03-48c8-482a-984f-ba54d3bfb773,56.19215,-100.07458,7.73281,6.63551,3.93473,-16.0242,-1.02764,5.09283,2.12369,,,,,,,,,,,,,,,,,,,,,,,,,,,,,,,,,,,,,,,,,,,,,,,,,,,High,High,High,,,,,
191,2026-02-07,15:38:11.15,7,2,"Della Bitta, Eli",1000323431,Right,POM_COL,"Collado, Riz",1000397379,Right,PAC_BOX,Undefined,4,Top,0,1,0,Fastball,Changeup,FoulBallNotFieldable,Undefined,Undefined,Undefined,0,0,,81.16718,-2.016943,-1.948106,1757.312699,210.020606,1:00,6.73061,1.00966,4.0929,-23.35423,22.07982,11.89591,2.84648,0.13032,74.23115,-6.28775,0.116579,0.485134,,,,,,,,,,,,-6.2965,11.60418,-0.80543,50,6.48105,3.45121,-117.48129,-4.99401,-8.8077,22.07042,-15.94184,POM_COL,PAC_BOX,PomonaPitzer,D3,Team,20260207-PomonaPitzer-2,10b565f0-047e-11f1-87a1-bbe4b648e251,77.69484,,,6.93602,,,,,,,5ab81c87-aa0e-4d85-b863-dca276aed003,2026-02-07,23:38:11.15,2026-02-07T15:38:11.1539712-08:00,2026-02-07T23:38:11.1539712Z,,v3,POM_PIT,,,"Savas, Peter",1000276389,Right,POM_COL,d504f00d-7210-4199-a95c-28b20e2fd43c,56.40574,-118.67859,11.03521,6.72851,-4.12918,-7.97092,-1.00562,3.92902,-4.40385,,,,,,,,,,,,,,,,,,,,,,,,,,,,,,,,,,,,,,,,,,,,,,,,,,,High,High,High,,,,,
192,2026-02-07,15:38:31.80,7,3,"Della Bitta, Eli",1000323431,Right,POM_COL,"Collado, Riz",1000397379,Right,PAC_BOX,Undefined,4,Top,0,1,1,Curveball,Curveball,BallCalled,Undefined,Undefined,Undefined,0,0,,68.13861,1.035136,-2.314116,2216.45428,22.625008,6:45,6.59987,1.04769,4.25246,-70.96838,-6.70205,-3.64799,1.67747,-1.47234,63.00947,-11.534383,-2.950468,0.576983,,,,,,,,,,,,1.09311,-2.93571,-0.79094,50,6.63942,4.12856,-98.69242,-0.65631,1.0741,16.25433,-35.05874,POM_COL,PAC_BOX,PomonaPitzer,D3,Team,20260207-PomonaPitzer-2,1d49eb10-047e-11f1-87a1-bbe4b648e251,65.32675,,,5.12914,,,,,,,5ab81c87-aa0e-4d85-b863-dca276aed003,2026-02-07,23:38:31.80,2026-02-07T15:38:31.8080512-08:00,2026-02-07T23:38:31.8080512Z,,v3,POM_PIT,,,"Savas, Peter",1000276389,Right,POM_COL,9bbe89ba-2f1d-4b20-98cb-57f9277b4f59,56.24866,-99.71624,8.12717,6.61121,1.55197,-17.52937,-1.04886,4.0609,0.53705,,,,,,,,,,,,,,,,,,,,,,,,,,,,,,,,,,,,,,,,,,,,,,,,,,,High,High,High,,,,,
193,2026-02-07,15:38:49.44,7,4,"Della Bitta, Eli",1000323431,Right,POM_COL,"Collado, Riz",1000397379,Right,PAC_BOX,Undefined,4,Top,0,2,1,Fastball,Four-Seam,BallCalled,Undefined,Undefined,Undefined,0,0,,84.72129,-2.867235,-3.463286,2088.765545,206.406971,1:00,6.72806,1.03687,4.35094,-20.7221,20.9667,9.68851,2.25463,-1.46852,77.02695,-6.68894,-1.77729,0.464709,,,,,,,,,,,,-5.6663,11.37564,-0.67466,50,6.39987,6.93655,-122.32443,-6.88036,-8.55113,25.03102,-15.00679,POM_COL,PAC_BOX,PomonaPitzer,D3,Team,20260207-PomonaPitzer-2,277addb0-047e-11f1-87a1-bbe4b648e251,81.10976,,,7.69435,,,,,,,5ab81c87-aa0e-4d85-b863-dca276aed003,2026-02-07,23:38:49.44,2026-02-07T15:38:49.4418944-08:00,2026-02-07T23:38:49.4418944Z,,v3,POM_PIT,,,"Savas, Peter",1000276389,Right,POM_COL,c3014a5d-44c2-4ee2-b249-42247c8baadd,56.14454,-123.57538,12.51551,6.72498,-6.13038,-7.5034,-1.032,7.3639,-4.27557,,,,,,,,,,,,,,,,,,,,,,,,,,,,,,,,,,,,,,,,,,,,,,,,,,,High,High,High,,,,,
194,2026-02-07,15:39:06.86,7,5,"Della Bitta, Eli",1000323431,Right,POM_COL,"Collado, Riz",1000397379,Right,PAC_BOX,Undefined,4,Top,0,3,1,Fastball,Four-Seam,BallCalled,Walk,Undefined,Undefined,0,0,,84.51557,-2.249848,-3.747189,2043.344613,202.629423,12:45,6.7689,0.89891,4.31244,-21.64194,20.22887,7.8367,2.80873,-2.03563,76.93619,-6.229138,-2.385433,0.465722,,,,,,,,,,,,-4.82177,10.80351,-0.50165,50,6.50446,7.6144,-122.05495,-5.59315,-7.25892,24.48024,-15.90999,POM_COL,PAC_BOX,PomonaPitzer,D3,Team,20260207-PomonaPitzer-2,31e4baa0-047e-11f1-87a1-bbe4b648e251,80.93329,,,7.57938,,,,,,,5ab81c87-aa0e-4d85-b863-dca276aed003,2026-02-07,23:39:06.86,2026-02-07T15:39:06.8650496-08:00,2026-02-07T23:39:06.8650496Z,,v3,POM_PIT,,,"Savas, Peter",1000276389,Right,POM_COL,d682475a-7937-4651-9873-c38421e697e3,56.18255,-123.28873,12.24012,6.76614,-4.7913,-7.95499,-0.89463,7.98024,-3.62946,,,,,,,,,,,,,,,,,,,,,,,,,,,,,,,,,,,,,,,,,,,,,,,,,,,High,High,High,,,,,
195,2026-02-07,15:39:38.46,8,1,"Della Bitta, Eli",1000323431,Right,POM_COL,"Ditona, Zander",1000072695,Right,PAC_BOX,Undefined,4,Top,0,0,0,Fastball,Four-Seam,InPlay,Undefined,LineDrive,Single,0,0,,84.1324,-2.847024,-2.392586,2094.798268,217.749631,1:15,6.66475,1.0299,4.20209,-24.31415,18.37304,13.01599,1.90658,-0.1788,76.14951,-7.295112,-0.128759,0.470241,91.25918,11.395697,-21.728937,1279.533226,101.09363,9.82679,-43.35796,171.80475,171.80475,-24.446088,1.49659,-7.01878,10.16615,-0.78119,50,6.32705,4.45307,-121.49421,-6.96444,-10.37696,26.21679,-17.14387,POM_COL,PAC_BOX,PomonaPitzer,D3,Team,20260207-PomonaPitzer-2,44bd19b0-047e-11f1-87a1-bbe4b648e251,80.15564,10.60391,,7.98289,,,,1.50559,1.83523,0.18216,5ab81c87-aa0e-4d85-b863-dca276aed003,2026-02-07,23:39:38.46,2026-02-07T15:39:38.4681472-08:00,2026-02-07T23:39:38.4681472Z,LineDrive,v3,POM_PIT,,,"Savas, Peter",1000276389,Right,POM_COL,6e850f23-be77-43a5-a06c-358100f525ad,56.29423,-122.84491,13.10839,6.66311,-6.08118,-8.57194,-1.02438,4.98769,-5.18848,68.073786,1.50557,121.88789,-13.04045,0.94115,-0.92684,1.18531,-0.97321,0.41316,-0.06858,1.83524,26.44553,-21.29744,2.19212,-0.24403,-0.04363,0.08678,-0.03603,0.00486,0.18216,-48.57581,-0.46199,0.83454,-0.00845,-0.16458,0.16186,-0.0694,0.01113,,,,,,,,,,,,,,,,,,,,,,,High,High,High,Medium,High,,,
196,2026-02-07,15:40:17.73,9,1,"Della Bitta, Eli",1000323431,Right,POM_COL,"Bergman, Miles",10273449,Right,PAC_BOX,Undefined,4,Top,0,0,0,Fastball,Changeup,StrikeCalled,Undefined,Undefined,Undefined,0,0,,83.72594,-1.632213,-2.615216,1957.51633,214.03835,1:15,6.78758,0.95306,4.25419,-25.79356,17.15871,10.54229,3.07394,-0.67308,75.71788,-6.355001,-0.781041,0.471698,,,,,,,,,,,,-5.8474,9.20063,-0.67906,50,6.58406,5.01544,-120.97148,-4.42343,-8.57983,25.76428,-18.67407,POM_COL,PAC_BOX,PomonaPitzer,D3,Team,20260207-PomonaPitzer-2,5c289570-047e-11f1-87a1-bbe4b648e251,79.90794,,,8.00806,,,,,,,5ab81c87-aa0e-4d85-b863-dca276aed003,2026-02-07,23:40:17.73,2026-02-07T15:40:17.7359360-08:00,2026-02-07T23:40:17.7359360Z,,v3,POM_PIT,,,"Savas, Peter",1000276389,Right,POM_COL,03655d09-14a0-48e8-81a2-a9495f7084d5,56.24011,-122.29327,12.88214,6.78642,-3.46539,-9.33704,-0.94766,5.45561,-4.28992,,,,,,,,,,,,,,,,,,,,,,,,,,,,,,,,,,,,,,,,,,,,,,,,,,,High,High,High,,,,,
197,2026-02-07,15:40:33.69,9,2,"Della Bitta, Eli",1000323431,Right,POM_COL,"Bergman, Miles",10273449,Right,PAC_BOX,Undefined,4,Top,0,0,1,Curveball,Curveball,BallCalled,Undefined,Undefined,Undefined,0,0,,68.19034,2.93021,-1.149245,2218.810671,55.814799,7:45,6.69235,1.07785,4.04543,-65.76031,-0.77453,-4.3539,4.03042,-0.38921,62.23868,-8.787827,-1.904398,0.580204,,,,,,,,,,,,1.72662,-0.54071,-0.94313,50,6.95143,2.15254,-98.58299,2.74639,1.68858,16.58651,-32.70286,POM_COL,PAC_BOX,PomonaPitzer,D3,Team,20260207-PomonaPitzer-2,65b0ec00-047e-11f1-87a1-bbe4b648e251,64.96413,,,5.95166,,,,,,,5ab81c87-aa0e-4d85-b863-dca276aed003,2026-02-07,23:40:33.69,2026-02-07T15:40:33.6953344-08:00,2026-02-07T23:40:33.6953344Z,,v3,POM_PIT,,,"Savas, Peter",1000276389,Right,POM_COL,361a0ba9-5734-456c-b5ff-411674ef0b48,56.45195,-99.66262,8.29325,6.70339,4.87504,-16.35143,-1.07967,2.04263,0.84429,,,,,,,,,,,,,,,,,,,,,,,,,,,,,,,,,,,,,,,,,,,,,,,,,,,High,High,High,,,,,
198,2026-02-07,15:40:50.77,9,3,"Della Bitta, Eli",1000323431,Right,POM_COL,"Bergman, Miles",10273449,Right,PAC_BOX,Undefined,4,Top,0,1,1,Fastball,Changeup,InPlay,Undefined,GroundBall,Out,2,1,,83.19798,-2.942904,-2.373845,2131.110322,222.75633,1:30,6.66491,1.05774,4.19793,-26.14446,17.59426,14.76509,1.66187,0.01261,75.23905,-7.712456,0.194769,0.475997,96.12858,-5.671146,-15.342085,,,,,16.47926,16.47926,-14.392887,0.11122,-7.87796,9.85233,-0.81294,50,6.31444,4.28128,-120.11615,-7.16713,-11.36251,26.03916,-17.96387,POM_COL,PAC_BOX,PomonaPitzer,D3,Team,20260207-PomonaPitzer-2,6fd645e0-047e-11f1-87a1-bbe4b648e251,79.18625,1.54131,,7.95893,,,,0.95327,1.54131,-0.00254,5ab81c87-aa0e-4d85-b863-dca276aed003,2026-02-07,23:40:50.77,2026-02-07T15:40:50.7738624-08:00,2026-02-07T23:40:50.7738624Z,GroundBall,v3,POM_PIT,,,"Savas, Peter",1000276389,Right,POM_COL,845c8965-abf0-42d2-b45e-6300c15e011c,56.29855,-121.47389,13.01958,6.66373,-6.23045,-8.98194,-1.05163,4.87375,-5.68125,186.782693,0.95328,135.29805,-3.16368,,,,,,,1.54128,-13.9278,0.63202,,,,,,,-0.00255,-37.11931,2.80819,,,,,,,,,,,,,,,,,,,,,,,,,,,,,High,High,High,Medium,High,,,
199,2026-02-07,15:41:22.97,10,1,"Della Bitta, Eli",1000323431,Right,POM_COL,"Hamura, Javin",1000397352,Right,PAC_BOX,Undefined,4,Top,2,0,0,Fastball,Changeup,FoulBallNotFieldable,Undefined,Undefined,Undefined,0,0,,84.58896,-2.276114,-2.341152,1985.550404,221.972391,1:30,6.67395,1.23173,4.11812,-25.94879,16.53717,13.43875,2.32479,0.10419,76.24753,-7.01393,-0.007229,0.469131,,,,,,,,,,,,-7.19044,9.10477,-0.9861,50,6.39356,4.33514,-122.12709,-5.86552,-10.70119,27.32827,-18.62386,POM_COL,PAC_BOX,PomonaPitzer,D3,Team,20260207-PomonaPitzer-2,83009580-047e-11f1-87a1-bbe4b648e251,80.34523,,,8.34143,,,,,,,5ab81c87-aa0e-4d85-b863-dca276aed003,2026-02-07,23:41:22.97,2026-02-07T15:41:22.9708800-08:00,2026-02-07T23:41:22.9708800Z,,v3,POM_PIT,,,"Savas, Peter",1000276389,Right,POM_COL,a91d76f2-217d-423e-b382-59298879825c,56.37711,-123.54585,13.66414,6.67297,-4.89866,-9.31193,-1.22558,4.8907,-5.35059,,,,,,,,,,,,,,,,,,,,,,,,,,,,,,,,,,,,,,,,,,,,,,,,,,,High,High,High,,,,,
200,2026-02-07,15:41:40.94,10,2,"Della Bitta, Eli",1000323431,Right,POM_COL,"Hamura, Javin",1000397352,Right,PAC_BOX,Undefined,4,Top,2,0,1,ChangeUp,Changeup,BallCalled,Undefined,Undefined,Undefined,0,0,,76.41672,-0.37413,-1.127995,1998.356883,221.758579,1:30,6.55736,1.22439,4.39292,-33.26596,17.85737,14.33032,3.42796,1.34161,69.29187,-6.45555,1.374367,0.514613,,,,,,,,,,,,-7.22528,9.27784,-1.11899,50,6.48594,1.55028,-110.57822,-1.87328,-8.86694,21.34649,-20.78817,POM_COL,PAC_BOX,PomonaPitzer,D3,Team,20260207-PomonaPitzer-2,8dc6ea50-047e-11f1-87a1-bbe4b648e251,73.24422,,,7.12486,,,,,,,5ab81c87-aa0e-4d85-b863-dca276aed003,2026-02-07,23:41:40.94,2026-02-07T15:41:40.9485312-08:00,2026-02-07T23:41:40.9485312Z,,v3,POM_PIT,,,"Savas, Peter",1000276389,Right,POM_COL,9a430d20-892e-44c2-8f59-fccf589b3b84,56.10107,-111.74979,10.67325,6.55744,-0.73235,-10.39408,-1.21743,2.03693,-4.43347,,,,,,,,,,,,,,,,,,,,,,,,,,,,,,,,,,,,,,,,,,,,,,,,,,,High,High,High,,,,,
201,2026-02-07,15:41:55.79,10,3,"Della Bitta, Eli",1000323431,Right,POM_COL,"Hamura, Javin",1000397352,Right,PAC_BOX,Undefined,4,Top,2,1,1,Curveball,Curveball,StrikeCalled,Undefined,Undefined,Undefined,0,0,,68.48281,1.303384,0.965968,2272.287425,72.506962,8:30,6.58755,1.13951,4.04451,-65.60059,-1.42327,-11.26308,2.37342,1.12904,62.92653,-10.340931,-0.992352,0.576583,,,,,,,,,,,,5.64772,-0.39248,-1.23529,50,6.66291,-1.22136,-99.15691,-0.05345,5.59535,16.57976,-32.56287,POM_COL,PAC_BOX,PomonaPitzer,D3,Team,20260207-PomonaPitzer-2,96a2ad30-047e-11f1-87a1-bbe4b648e251,65.37204,,,5.55627,,,,,,,5ab81c87-aa0e-4d85-b863-dca276aed003,2026-02-07,23:41:55.79,2026-02-07T15:41:55.7933568-08:00,2026-02-07T23:41:55.7933568Z,,v3,POM_PIT,,,"Savas, Peter",1000276389,Right,POM_COL,b32396cf-2a24-4a53-93d2-f32856e8a883,56.45425,-100.2303,8.28988,6.59813,2.0547,-16.28144,-1.14449,-1.58361,2.79768,,,,,,,,,,,,,,,,,,,,,,,,,,,,,,,,,,,,,,,,,,,,,,,,,,,High,High,High,,,,,
202,2026-02-07,15:42:10.99,10,4,"Della Bitta, Eli",1000323431,Right,POM_COL,"Hamura, Javin",1000397352,Right,PAC_BOX,Undefined,4,Top,2,1,2,Fastball,Four-Seam,StrikeSwinging,Strikeout,Undefined,Undefined,0,0,,84.99124,-2.541887,-1.095616,2237.039394,207.381188,1:00,6.76571,1.09412,4.11498,-18.07521,24.0521,11.62241,2.81847,1.01129,76.3649,-5.925743,0.922981,0.467147,,,,,,,,,,,,-5.8602,12.74591,-0.98516,50,6.46463,1.76126,-122.69702,-6.06381,-8.79568,27.77008,-13.04344,POM_COL,PAC_BOX,PomonaPitzer,D3,Team,20260207-PomonaPitzer-2,9faa6210-047e-11f1-87a1-bbe4b648e251,80.6865,,,8.62633,,,,,,,5ab81c87-aa0e-4d85-b863-dca276aed003,2026-02-07,23:42:10.99,2026-02-07T15:42:10.9945344-08:00,2026-02-07T23:42:10.9945344Z,,v3,POM_PIT,,,"Savas, Peter",1000276389,Right,POM_COL,e81eece9-0b8f-4b86-9741-663cb43b0881,56.37736,-124.13202,13.88504,6.76056,-5.38979,-6.52172,-1.08792,2.21577,-4.39784,,,,,,,,,,,,,,,,,,,,,,,,,,,,,,,,,,,,,,,,,,,,,,,,,,,High,High,High,,,,,
203,2026-02-07,15:44:17.54,1,1,"Gomez, Tavian",10869154,Right,PAC_BOX,"Pierantoni, Greg",1000091552,Right,POM_COL,Undefined,4,Bottom,0,0,0,Fastball,Changeup,BallCalled,Undefined,Undefined,Undefined,0,0,,81.75404,-1.127966,-6.25531,2001.407756,220.281955,1:15,5.32079,2.49601,5.80941,-25.6132,16.99347,13.15568,2.13102,-2.24783,74.24753,-5.933665,-3.919826,0.469797,,,,,,,,,,,,-8.49619,9.42083,-1.98886,50,5.21263,12.40472,-117.96451,-3.08274,-11.91365,23.46151,-18.96382,POM_COL,PAC_BOX,PomonaPitzer,D3,Team,20260207-PomonaPitzer-2,eb14df00-047e-11f1-87a1-bbe4b648e251,80.23133,,,7.50651,,,,,,,5ab81c87-aa0e-4d85-b863-dca276aed003,2026-02-07,23:44:17.54,2026-02-07T15:44:17.5411200-08:00,2026-02-07T23:44:17.5411200Z,,v3,POM_PIT,,,"Podratz, Colby",10033713,Right,PAC_BOX,7fb9e1b5-a7aa-40be-8a14-3b39ce5d1190,54.68686,-118.893,11.73076,5.31978,-2.33224,-9.48191,-2.48912,12.87621,-5.95682,,,,,,,,,,,,,,,,,,,,,,,,,,,,,,,,,,,,,,,,,,,,,,,,,,,High,High,High,,,,,
204,2026-02-07,15:44:31.80,1,2,"Gomez, Tavian",10869154,Right,PAC_BOX,"Pierantoni, Greg",1000091552,Right,POM_COL,Undefined,4,Bottom,0,1,0,Fastball,Changeup,InPlay,Undefined,GroundBall,Out,1,0,,80.85273,0.338068,-3.144784,2037.95111,228.179664,1:30,5.31061,2.43725,5.59713,-29.33218,14.24725,14.26733,3.18237,0.6872,73.3701,-5.138607,-0.602888,0.47513,,,,,,,,,,,,-8.17189,7.54126,-2.17711,50,5.32084,5.86983,-117.17199,-0.21722,-11.28096,23.59303,-21.76365,POM_COL,PAC_BOX,PomonaPitzer,D3,Team,20260207-PomonaPitzer-2,f3925540-047e-11f1-87a1-bbe4b648e251,79.33084,,,7.48263,,,,,,,5ab81c87-aa0e-4d85-b863-dca276aed003,2026-02-07,23:44:31.80,2026-02-07T15:44:31.8048768-08:00,2026-02-07T23:44:31.8048768Z,,v3,POM_PIT,,,"Podratz, Colby",10033713,Right,PAC_BOX,56c62f27-772b-4247-9b61-268f93856ad3,54.90053,-118.15461,11.79652,5.31101,0.6892,-10.88182,-2.43136,6.33967,-5.64048,,,,,,,,,,,,,,,,,,,,,,,,,,,,,,,,,,,,,,,,,,,,,,,,,,,High,High,High,,,,,
205,2026-02-07,15:45:06.05,2,1,"Gomez, Tavian",10869154,Right,PAC_BOX,"Gold, Jack",1000108729,Left,POM_COL,Undefined,4,Bottom,1,0,0,Fastball,Changeup,BallCalled,Undefined,Undefined,Undefined,0,0,,82.16964,0.755386,-2.362136,2094.395472,210.781327,1:00,5.23149,2.81698,5.66032,-24.3093,17.71202,9.71398,3.91077,1.42248,74.53398,-3.828005,-0.628614,0.466559,,,,,,,,,,,,-5.56256,9.15575,-2.62305,50,5.28025,4.51004,-119.11938,0.85373,-7.95048,24.00346,-19.08787,POM_COL,PAC_BOX,PomonaPitzer,D3,Team,20260207-PomonaPitzer-2,07faf140-047f-11f1-87a1-bbe4b648e251,80.78819,,,7.63566,,,,,,,5ab81c87-aa0e-4d85-b863-dca276aed003,2026-02-07,23:45:06.05,2026-02-07T15:45:06.0509184-08:00,2026-02-07T23:45:06.0509184Z,,v3,POM_PIT,,,"Podratz, Colby",10033713,Right,PAC_BOX,1bd74e05-9508-404c-9e61-57850afe566b,54.83426,-120.08957,12.00173,5.23015,1.62524,-9.54394,-2.81183,4.83138,-3.97524,,,,,,,,,,,,,,,,,,,,,,,,,,,,,,,,,,,,,,,,,,,,,,,,,,,High,High,High,,,,,
206,2026-02-07,15:45:23.11,2,2,"Gomez, Tavian",10869154,Right,PAC_BOX,"Gold, Jack",1000108729,Left,POM_COL,Undefined,4,Bottom,1,1,0,Fastball,Changeup,StrikeSwinging,Undefined,Undefined,Undefined,0,0,,81.14558,0.040649,-2.63289,1874.912655,237.758996,2:00,5.22193,2.64965,5.55439,-32.27454,10.63784,14.74812,2.57041,1.41683,74.39709,-5.923975,-0.004458,0.471479,,,,,,,,,,,,-8.11126,5.78737,-2.43164,50,5.20431,4.81275,-117.74551,-0.9694,-11.41972,21.75877,-24.02611,POM_COL,PAC_BOX,PomonaPitzer,D3,Team,20260207-PomonaPitzer-2,12257b40-047f-11f1-87a1-bbe4b648e251,79.94505,,,6.74849,,,,,,,5ab81c87-aa0e-4d85-b863-dca276aed003,2026-02-07,23:45:23.11,2026-02-07T15:45:23.1156736-08:00,2026-02-07T23:45:23.1156736Z,,v3,POM_PIT,,,"Podratz, Colby",10033713,Right,PAC_BOX,263daa64-8af8-4e22-a723-a21762909771,54.94324,-118.65547,10.87938,5.22385,0.03539,-12.01305,-2.6429,5.29033,-5.70986,,,,,,,,,,,,,,,,,,,,,,,,,,,,,,,,,,,,,,,,,,,,,,,,,,,High,High,High,,,,,
207,2026-02-07,15:45:41.56,2,3,"Gomez, Tavian",10869154,Right,PAC_BOX,"Gold, Jack",1000108729,Left,POM_COL,Undefined,4,Bottom,1,1,1,Slider,Curveball,StrikeCalled,Undefined,Undefined,Undefined,0,0,,72.21865,2.458519,-0.773624,2535.501509,95.851782,9:15,4.75302,3.10833,5.16203,-51.68889,4.21252,-22.06856,2.76125,0.54109,65.4312,-6.999164,-4.67658,0.538124,,,,,,,,,,,,10.6139,1.95504,-3.01901,50,4.94372,2.2664,-104.56793,2.83944,11.57993,20.04196,-30.04107,POM_COL,PAC_BOX,PomonaPitzer,D3,Team,20260207-PomonaPitzer-2,1d2fb6e0-047f-11f1-87a1-bbe4b648e251,70.0441,,,6.78745,,,,,,,5ab81c87-aa0e-4d85-b863-dca276aed003,2026-02-07,23:45:41.56,2026-02-07T15:45:41.5698432-08:00,2026-02-07T23:45:41.5698432Z,,v3,POM_PIT,,,"Podratz, Colby",10033713,Right,PAC_BOX,2b51f68a-83cd-470e-98f1-61d8a1920551,55.33459,-105.58543,10.02098,4.76085,4.36458,-15.02054,-3.11915,1.67851,5.78996,,,,,,,,,,,,,,,,,,,,,,,,,,,,,,,,,,,,,,,,,,,,,,,,,,,High,High,High,,,,,
208,2026-02-07,15:46:00.57,2,4,"Gomez, Tavian",10869154,Right,PAC_BOX,"Gold, Jack",1000108729,Left,POM_COL,Undefined,4,Bottom,1,1,2,ChangeUp,Changeup,BallCalled,Undefined,Undefined,Undefined,0,0,,76.47816,0.375186,-4.408275,1149.885295,218.030622,1:15,5.31876,2.61512,5.70918,-40.84199,7.80977,4.82453,2.26585,-1.09801,69.68541,-7.16294,-3.549136,0.50202,,,,,,,,,,,,-3.74784,4.37626,-2.24825,50,5.32527,8.34873,-110.66499,-0.52321,-4.6169,20.9718,-26.78297,POM_COL,PAC_BOX,PomonaPitzer,D3,Team,20260207-PomonaPitzer-2,2882e260-047f-11f1-87a1-bbe4b648e251,75.08162,,,6.79275,,,,,,,5ab81c87-aa0e-4d85-b863-dca276aed003,2026-02-07,23:46:00.57,2026-02-07T15:46:00.5746176-08:00,2026-02-07T23:46:00.5746176Z,,v3,POM_PIT,,,"Podratz, Colby",10033713,Right,PAC_BOX,6884c6ca-c1bb-4059-a8ee-f8ccf8c51e74,54.78678,-111.56844,10.4859,5.32295,0.63057,-13.39149,-2.61219,8.54762,-2.30845,,,,,,,,,,,,,,,,,,,,,,,,,,,,,,,,,,,,,,,,,,,,,,,,,,,High,High,High,,,,,
209,2026-02-07,15:46:22.17,2,5,"Gomez, Tavian",10869154,Right,PAC_BOX,"Gold, Jack",1000108729,Left,POM_COL,Undefined,4,Bottom,1,2,2,Curveball,Curveball,BallCalled,Undefined,Undefined,Undefined,0,0,,67.19961,4.882403,0.169891,2222.795584,50.143764,7:45,4.99364,2.81365,5.43151,-78.26079,-13.56544,-19.15765,3.05547,1.37629,60.45427,-9.404946,-3.236713,0.578906,,,,,,,,,,,,9.53461,-7.59205,-2.81545,50,5.37404,0.39561,-97.11765,5.9317,8.88252,18.69212,-39.24685,POM_COL,PAC_BOX,PomonaPitzer,D3,Team,20260207-PomonaPitzer-2,356a4270-047f-11f1-87a1-bbe4b648e251,65.10978,,,6.74534,,,,,,,5ab81c87-aa0e-4d85-b863-dca276aed003,2026-02-07,23:46:22.17,2026-02-07T15:46:22.1733376-08:00,2026-02-07T23:46:22.1733376Z,,v3,POM_PIT,,,"Podratz, Colby",10033713,Right,PAC_BOX,aff4f74f-8bfb-4c9b-85dc-d53842c52348,55.06986,-98.08859,9.34606,5.01298,7.97033,-19.62343,-2.82402,-0.06578,4.44126,,,,,,,,,,,,,,,,,,,,,,,,,,,,,,,,,,,,,,,,,,,,,,,,,,,High,High,High,,,,,
210,2026-02-07,15:46:43.57,2,6,"Gomez, Tavian",10869154,Right,PAC_BOX,"Gold, Jack",1000108729,Left,POM_COL,Undefined,4,Bottom,1,3,2,Fastball,Changeup,FoulBallNotFieldable,Undefined,Undefined,Undefined,0,0,,82.33396,-1.362841,-3.56617,2058.918976,222.681535,1:30,5.26191,2.67705,5.81696,-26.02553,15.27934,12.90198,1.82326,0.43215,75.5923,-6.219364,-1.258644,0.462564,75.27265,-8.473125,52.221995,,,,,13.65128,9.31161,44.410829,0.156649,-7.59469,8.56504,-2.39276,50,5.13469,6.94666,-119.41803,-3.63345,-11.00361,22.27841,-19.76456,POM_COL,PAC_BOX,PomonaPitzer,D3,Team,20260207-PomonaPitzer-2,4219a290-047f-11f1-87a1-bbe4b648e251,81.48585,2.6299,,6.74165,,,,,,,5ab81c87-aa0e-4d85-b863-dca276aed003,2026-02-07,23:46:43.57,2026-02-07T15:46:43.5742208-08:00,2026-02-07T23:46:43.5742208Z,GroundBall,v3,POM_PIT,,,"Podratz, Colby",10033713,Right,PAC_BOX,89f16cb9-9ce3-4041-8824-e891ef0de292,54.68277,-120.28846,11.13921,5.26157,-2.86123,-9.88228,-2.67257,7.37658,-5.5018,,-0.39729,66.89772,-13.46579,,,,,,,2.62992,-16.26848,-3.32471,,,,,,,-4.17064,86.32451,8.20665,,,,,,,,,,,,,,,,,,,,,,,,,,,,,High,High,High,Low,Low,,,
211,2026-02-07,15:47:13.05,2,7,"Gomez, Tavian",10869154,Right,PAC_BOX,"Gold, Jack",1000108729,Left,POM_COL,Undefined,4,Bottom,1,3,2,Curveball,Curveball,BallCalled,Walk,Undefined,Undefined,0,0,,65.79367,5.367994,-1.382859,2277.731248,53.872123,7:45,5.05605,2.8183,5.25279,-78.55032,-10.65134,-17.97288,3.57042,0.02092,59.32553,-8.924827,-4.560852,0.593066,,,,,,,,,,,,8.36863,-6.22355,-2.67795,50,5.49254,2.9291,-94.96382,6.57308,7.482,17.38215,-37.73824,POM_COL,PAC_BOX,PomonaPitzer,D3,Team,20260207-PomonaPitzer-2,53bc19b0-047f-11f1-87a1-bbe4b648e251,63.55523,,,6.46815,,,,,,,5ab81c87-aa0e-4d85-b863-dca276aed003,2026-02-07,23:47:13.05,2026-02-07T15:47:13.0515456-08:00,2026-02-07T23:47:13.0515456Z,,v3,POM_PIT,,,"Podratz, Colby",10033713,Right,PAC_BOX,9321649d-652d-460c-b401-8cba0691fe9b,55.2478,-95.91956,8.69107,5.07408,8.64809,-18.86912,-2.8277,2.51771,3.741,,,,,,,,,,,,,,,,,,,,,,,,,,,,,,,,,,,,,,,,,,,,,,,,,,,High,High,High,,,,,
212,2026-02-07,15:47:42.70,3,1,"Gomez, Tavian",10869154,Right,PAC_BOX,"DeGrazia, Tanner",1000214434,Right,POM_COL,Undefined,4,Bottom,1,0,0,Fastball,Changeup,StrikeCalled,Undefined,Undefined,Undefined,0,0,,81.74753,-0.143659,-3.856492,2047.173878,228.905079,1:45,5.32557,2.79147,5.65725,-29.78883,12.56705,12.83477,2.70889,0.25912,74.63391,-5.679925,-1.569646,0.468412,,,,,,,,,,,,-7.52965,6.83532,-2.47258,50,5.2947,7.45938,-118.43877,-1.24106,-10.69177,22.69447,-22.46819,POM_COL,PAC_BOX,PomonaPitzer,D3,Team,20260207-PomonaPitzer-2,656399e0-047f-11f1-87a1-bbe4b648e251,80.46849,,,7.11362,,,,,,,5ab81c87-aa0e-4d85-b863-dca276aed003,2026-02-07,23:47:42.70,2026-02-07T15:47:42.7048448-08:00,2026-02-07T23:47:42.7048448Z,,v3,POM_PIT,,,"Podratz, Colby",10033713,Right,PAC_BOX,320c20d8-b82f-4d43-b33b-c693882ef0e2,54.83929,-119.36244,11.34724,5.3266,-0.32659,-11.23409,-2.78504,7.89454,-5.34589,,,,,,,,,,,,,,,,,,,,,,,,,,,,,,,,,,,,,,,,,,,,,,,,,,,High,High,High,,,,,
213,2026-02-07,15:47:59.27,3,2,"Gomez, Tavian",10869154,Right,PAC_BOX,"DeGrazia, Tanner",1000214434,Right,POM_COL,Undefined,4,Bottom,1,0,1,Fastball,Changeup,InPlay,Undefined,GroundBall,Out,1,0,,80.89945,1.080841,-3.118701,2205.434898,226.760605,1:30,5.21982,2.81852,5.9192,-27.79104,14.87776,14.40241,3.90853,1.12169,73.89011,-4.133603,-0.537967,0.470139,24.98044,-8.669581,-45.496224,1624.447918,,,,14.19179,13.27076,-48.071931,0.358572,-8.29532,7.72634,-2.57706,50,5.29069,5.85715,-117.39416,1.40594,-11.58379,22.08604,-21.38475,POM_COL,PAC_BOX,PomonaPitzer,D3,Team,20260207-PomonaPitzer-2,6f3be530-047f-11f1-87a1-bbe4b648e251,80.1729,3.82624,,7.00934,,,,0.42031,3.82624,-1.24969,5ab81c87-aa0e-4d85-b863-dca276aed003,2026-02-07,23:47:59.27,2026-02-07T15:47:59.2796160-08:00,2026-02-07T23:47:59.2796160Z,GroundBall,v3,POM_PIT,,,"Podratz, Colby",10033713,Right,PAC_BOX,46b3262c-c341-4324-954e-d640aded8b66,54.58038,-118.25275,11.04302,5.21987,2.23727,-10.69238,-2.81351,6.30747,-5.7919,,0.42086,25.36811,-0.27059,,,,,,,3.8267,-5.53896,-14.32036,,,,,,,-1.25042,-25.80534,-0.42181,,,,,,,,,,,,,,,,,,,,,,,,,,,,,High,High,High,High,High,,,
214,2026-02-07,15:48:34.55,4,1,"Gomez, Tavian",10869154,Right,PAC_BOX,"Parker, Will",1000474009,Left,POM_COL,Undefined,4,Bottom,2,0,0,Fastball,Changeup,BallCalled,Undefined,Undefined,Undefined,0,0,,82.82725,2.103668,-4.285978,2003.566936,228.975785,1:45,5.36166,2.79758,5.62426,-28.33013,13.0795,13.50784,4.97025,-0.08371,75.28851,-3.176124,-1.885261,0.463151,,,,,,,,,,,,-7.94363,6.43323,-2.44011,50,5.52351,8.41232,-119.84209,3.51321,-11.55217,23.16574,-22.81838,POM_COL,PAC_BOX,PomonaPitzer,D3,Team,20260207-PomonaPitzer-2,843c2d50-047f-11f1-87a1-bbe4b648e251,81.38268,,,7.53874,,,,,,,5ab81c87-aa0e-4d85-b863-dca276aed003,2026-02-07,23:48:34.55,2026-02-07T15:48:34.5505792-08:00,2026-02-07T23:48:34.5505792Z,,v3,POM_PIT,,,"Podratz, Colby",10033713,Right,PAC_BOX,5db35962-d838-493e-8a01-7e4ced8cff71,54.87158,-120.78011,11.58287,5.36255,4.43716,-11.40919,-2.7902,8.88009,-5.77609,,,,,,,,,,,,,,,,,,,,,,,,,,,,,,,,,,,,,,,,,,,,,,,,,,,High,High,High,,,,,
215,2026-02-07,15:48:50.47,4,2,"Gomez, Tavian",10869154,Right,PAC_BOX,"Parker, Will",1000474009,Left,POM_COL,Undefined,4,Bottom,2,1,0,Slider,Curveball,BallCalled,Undefined,Undefined,Undefined,0,0,,71.63875,1.563205,-0.157514,2658.090175,81.504464,8:45,4.69907,3.29108,5.03908,-58.45413,-1.18752,-21.94395,1.30294,1.31383,64.88235,-9.060275,-4.038143,0.544656,,,,,,,,,,,,10.78142,-0.47681,-3.25774,50,4.802,1.12557,-103.75637,0.92636,11.51447,20.64419,-32.68328,POM_COL,PAC_BOX,PomonaPitzer,D3,Team,20260207-PomonaPitzer-2,8dcbfdf0-047f-11f1-87a1-bbe4b648e251,69.20417,,,6.7564,,,,,,,5ab81c87-aa0e-4d85-b863-dca276aed003,2026-02-07,23:48:50.47,2026-02-07T15:48:50.4762880-08:00,2026-02-07T23:48:50.4762880Z,,v3,POM_PIT,,,"Podratz, Colby",10033713,Right,PAC_BOX,61983d32-00d5-42c5-9d2a-17fe1a0dc537,55.45933,-104.83698,10.3221,4.70873,2.63715,-16.34164,-3.30088,0.52286,5.75723,,,,,,,,,,,,,,,,,,,,,,,,,,,,,,,,,,,,,,,,,,,,,,,,,,,High,High,High,,,,,
216,2026-02-07,15:49:07.58,4,3,"Gomez, Tavian",10869154,Right,PAC_BOX,"Parker, Will",1000474009,Left,POM_COL,Undefined,4,Bottom,2,2,0,Fastball,Changeup,BallCalled,Undefined,Undefined,Undefined,0,0,,81.18475,0.392549,-1.982296,1863.999971,212.370264,1:00,5.32837,2.57905,5.72369,-25.64911,17.2519,10.02847,3.5568,1.56767,73.74435,-4.436592,-0.189509,0.471417,,,,,,,,,,,,-5.62441,9.06693,-2.4195,50,5.34551,3.66792,-117.74791,0.0554,-7.8567,23.40483,-19.50851,POM_COL,PAC_BOX,PomonaPitzer,D3,Team,20260207-PomonaPitzer-2,97f17ee0-047f-11f1-87a1-bbe4b648e251,79.95567,,,7.4404,,,,,,,5ab81c87-aa0e-4d85-b863-dca276aed003,2026-02-07,23:49:07.58,2026-02-07T15:49:07.5814912-08:00,2026-02-07T23:49:07.5814912Z,,v3,POM_PIT,,,"Podratz, Colby",10033713,Right,PAC_BOX,ed7af2f7-1aab-4bf2-8861-63fc4f9e1f4a,54.77115,-118.69248,11.70242,5.32739,0.84273,-9.75425,-2.57393,3.985,-3.92835,,,,,,,,,,,,,,,,,,,,,,,,,,,,,,,,,,,,,,,,,,,,,,,,,,,High,High,High,,,,,
217,2026-02-07,15:49:27.52,4,4,"Gomez, Tavian",10869154,Right,PAC_BOX,"Parker, Will",1000474009,Left,POM_COL,Undefined,4,Bottom,2,3,0,Fastball,Changeup,StrikeCalled,Undefined,Undefined,Undefined,0,0,,81.13608,0.704114,-3.195994,2094.875363,211.425605,1:00,5.2915,2.62252,5.98189,-25.11966,17.20324,9.70323,3.85189,0.46565,74.12756,-4.033093,-1.455893,0.46823,,,,,,,,,,,,-5.81563,9.03123,-2.37499,50,5.33321,6.19545,-117.69924,0.74436,-8.17277,21.95984,-19.48235,POM_COL,PAC_BOX,PomonaPitzer,D3,Team,20260207-PomonaPitzer-2,a3d837d0-047f-11f1-87a1-bbe4b648e251,80.49987,,,7.00852,,,,,,,5ab81c87-aa0e-4d85-b863-dca276aed003,2026-02-07,23:49:27.52,2026-02-07T15:49:27.5201024-08:00,2026-02-07T23:49:27.5201024Z,,v3,POM_PIT,,,"Podratz, Colby",10033713,Right,PAC_BOX,5fdd5320-6f28-4e22-a129-e0c0e90e4704,54.51451,-118.53854,10.97992,5.29053,1.48898,-9.74117,-2.61775,6.50781,-4.08638,,,,,,,,,,,,,,,,,,,,,,,,,,,,,,,,,,,,,,,,,,,,,,,,,,,High,High,High,,,,,
218,2026-02-07,15:49:51.06,4,5,"Gomez, Tavian",10869154,Right,PAC_BOX,"Parker, Will",1000474009,Left,POM_COL,Undefined,4,Bottom,2,3,1,Fastball,Changeup,StrikeCalled,Undefined,Undefined,Undefined,0,0,,81.19621,-1.386468,-2.840668,2033.316549,216.119537,1:15,5.30892,2.65675,5.67175,-26.05076,16.65166,11.16985,1.84355,0.93698,74.4992,-6.243652,-0.846375,0.470325,,,,,,,,,,,,-6.41866,9.23745,-2.42392,50,5.17545,5.39988,-117.77575,-3.64226,-9.04271,21.73932,-19.16021,POM_COL,PAC_BOX,PomonaPitzer,D3,Team,20260207-PomonaPitzer-2,b1dfade0-047f-11f1-87a1-bbe4b648e251,80.14132,,,6.69701,,,,,,,5ab81c87-aa0e-4d85-b863-dca276aed003,2026-02-07,23:49:51.06,2026-02-07T15:49:51.0613504-08:00,2026-02-07T23:49:51.0613504Z,,v3,POM_PIT,,,"Podratz, Colby",10033713,Right,PAC_BOX,a0269b3d-46f8-4eea-82ff-6c1528b2ce00,54.8257,-118.66314,10.86966,5.30817,-2.86014,-9.58011,-2.65187,5.769,-4.52136,,,,,,,,,,,,,,,,,,,,,,,,,,,,,,,,,,,,,,,,,,,,,,,,,,,High,High,High,,,,,
219,2026-02-07,15:50:08.67,4,6,"Gomez, Tavian",10869154,Right,PAC_BOX,"Parker, Will",1000474009,Left,POM_COL,Undefined,4,Bottom,2,3,2,Slider,Curveball,BallCalled,Walk,Undefined,Undefined,0,0,,73.71781,2.032814,-3.162899,2647.74458,94.756283,9:15,4.76897,3.02965,5.21992,-50.36483,3.06744,-15.48619,2.48689,-1.23767,67.16381,-7.150603,-5.896135,0.526106,,,,,,,,,,,,6.70315,1.48232,-2.72566,50,4.91967,6.49244,-106.6707,2.16242,7.64395,20.11094,-30.48367,POM_COL,PAC_BOX,PomonaPitzer,D3,Team,20260207-PomonaPitzer-2,bc61f4d0-047f-11f1-87a1-bbe4b648e251,71.6442,,,6.554,,,,,,,5ab81c87-aa0e-4d85-b863-dca276aed003,2026-02-07,23:50:08.67,2026-02-07T15:50:08.6721024-08:00,2026-02-07T23:50:08.6721024Z,,v3,POM_PIT,,,"Podratz, Colby",10033713,Right,PAC_BOX,792785c8-b88f-401b-a6e1-1f63d8892df0,55.27716,-107.66102,10.05547,4.77622,3.66353,-15.24183,-3.0361,6.11603,3.82198,,,,,,,,,,,,,,,,,,,,,,,,,,,,,,,,,,,,,,,,,,,,,,,,,,,High,High,High,,,,,
220,2026-02-07,15:50:39.47,5,1,"Gomez, Tavian",10869154,Right,PAC_BOX,"Berry, Cooper",1000276381,Left,POM_COL,Undefined,4,Bottom,2,0,0,Slider,Curveball,StrikeCalled,Undefined,Undefined,Undefined,0,0,,73.73527,2.084451,-1.902074,2716.566047,85.025349,8:45,4.68945,3.30925,5.22907,-52.51692,0.28295,-15.38249,2.27447,0.23868,67.75054,-7.461701,-4.62479,0.522983,,,,,,,,,,,,7.11166,0.08957,-3.12221,50,4.84259,4.13918,-106.92825,2.17592,8.22438,18.6327,-32.07049,POM_COL,PAC_BOX,PomonaPitzer,D3,Team,20260207-PomonaPitzer-2,cebbfc20-047f-11f1-87a1-bbe4b648e251,72.07197,,,5.98473,,,,,,,5ab81c87-aa0e-4d85-b863-dca276aed003,2026-02-07,23:50:39.47,2026-02-07T15:50:39.4760000-08:00,2026-02-07T23:50:39.4760000Z,,v3,POM_PIT,,,"Podratz, Colby",10033713,Right,PAC_BOX,79a0a134-6bb4-4afa-9fa0-d625749aa079,55.27031,-107.84271,9.31635,4.69718,3.74989,-16.03524,-3.31545,3.73554,4.11219,,,,,,,,,,,,,,,,,,,,,,,,,,,,,71.47861,1.610035,0.706202,0.903833,-1.39933,1.89082,-0.00734,-1.55239,5.71854,-2.80352,65.49192,2.66866,-59.29013,-1.53343,78.42406,-4.75462,5.72853,8.02627,-12.6452,-2.8325,-68.30049,6.50731,High,High,High,,,High,High,High
221,2026-02-07,15:51:07.93,5,2,"Gomez, Tavian",10869154,Right,PAC_BOX,"Berry, Cooper",1000276381,Left,POM_COL,Undefined,4,Bottom,2,0,1,Fastball,Changeup,BallCalled,Undefined,Undefined,Undefined,0,0,,80.32181,0.264538,-2.147956,2195.972137,215.062083,1:15,5.23534,2.95325,5.75439,-25.35017,18.2806,11.83926,3.36926,1.93943,73.21311,-4.508622,-0.030322,0.47541,,,,,,,,,,,,-6.57355,9.63871,-2.782,50,5.24194,3.89888,-116.53896,-0.18803,-9.0273,22.19394,-18.93744,POM_COL,PAC_BOX,PomonaPitzer,D3,Team,20260207-PomonaPitzer-2,dfabec20-047f-11f1-87a1-bbe4b648e251,79.28414,,,7.1087,,,,,,,5ab81c87-aa0e-4d85-b863-dca276aed003,2026-02-07,23:51:07.93,2026-02-07T15:51:07.9331840-08:00,2026-02-07T23:51:07.9331840Z,,v3,POM_PIT,,,"Podratz, Colby",10033713,Right,PAC_BOX,d662ed95-f223-4db0-8e28-6bb2c866e7ed,54.74114,-117.4384,11.09697,5.23401,0.57944,-9.46872,-2.94742,4.26473,-4.51365,,,,,,,,,,,,,,,,,,,,,,,,,,,,,,,,,,,,,,,,,,,,,,,,,,,High,High,High,,,,,
222,2026-02-07,15:51:25.27,5,3,"Gomez, Tavian",10869154,Right,PAC_BOX,"Berry, Cooper",1000276381,Left,POM_COL,Undefined,4,Bottom,2,1,1,Slider,Curveball,BallCalled,Undefined,Undefined,Undefined,0,0,,72.5712,1.139422,-1.164042,2648.498333,85.22026,8:45,4.66182,3.20537,5.1293,-54.70326,0.2315,-18.58946,1.17668,0.55981,66.54485,-8.781438,-4.454432,0.533451,,,,,,,,,,,,8.89213,0.32181,-3.08113,50,4.72659,2.84173,-105.25776,0.31501,9.90238,19.09652,-31.81566,POM_COL,PAC_BOX,PomonaPitzer,D3,Team,20260207-PomonaPitzer-2,ea0af3a0-047f-11f1-87a1-bbe4b648e251,70.65767,,,6.02635,,,,,,,5ab81c87-aa0e-4d85-b863-dca276aed003,2026-02-07,23:51:25.27,2026-02-07T15:51:25.2792320-08:00,2026-02-07T23:51:25.2792320Z,,v3,POM_PIT,,,"Podratz, Colby",10033713,Right,PAC_BOX,032c2328-4716-4a1c-8f87-39510006224d,55.37032,-106.22761,9.54826,4.66956,1.93082,-15.90783,-3.21268,2.33882,4.95119,,,,,,,,,,,,,,,,,,,,,,,,,,,,,,,,,,,,,,,,,,,,,,,,,,,High,High,High,,,,,
223,2026-02-07,15:51:46.33,5,4,"Gomez, Tavian",10869154,Right,PAC_BOX,"Berry, Cooper",1000276381,Left,POM_COL,Undefined,4,Bottom,2,2,1,Fastball,Changeup,BallCalled,Undefined,Undefined,Undefined,0,0,,79.10709,1.669499,-2.658116,1912.358375,234.036747,1:45,5.21214,2.83132,5.92247,-32.15482,12.42296,15.22363,4.08388,1.6316,72.31717,-4.337099,0.071412,0.480541,,,,,,,,,,,,-8.44193,6.34087,-2.62671,50,5.32772,4.74443,-114.78463,2.40068,-11.2899,20.76876,-23.69403,POM_COL,PAC_BOX,PomonaPitzer,D3,Team,20260207-PomonaPitzer-2,f68e88d0-047f-11f1-87a1-bbe4b648e251,78.43746,,,6.78992,,,,,,,5ab81c87-aa0e-4d85-b863-dca276aed003,2026-02-07,23:51:46.33,2026-02-07T15:51:46.3303680-08:00,2026-02-07T23:51:46.3303680Z,,v3,POM_PIT,,,"Podratz, Colby",10033713,Right,PAC_BOX,fd30de86-6d30-400a-84c5-83f2472fa65c,54.57458,-115.60938,10.38438,5.2137,3.34159,-11.84701,-2.82402,5.19277,-5.64495,,,,,,,,,,,,,,,,,,,,,,,,,,,,,,,,,,,,,,,,,,,,,,,,,,,High,High,High,,,,,
224,2026-02-07,15:53:54.35,5,5,"Gomez, Tavian",10869154,Right,PAC_BOX,"Berry, Cooper",1000276381,Left,POM_COL,Undefined,4,Bottom,2,3,1,Fastball,Changeup,BallCalled,Walk,Undefined,Undefined,0,0,,81.841,-1.54956,-3.873912,1975.408717,229.597711,1:45,5.17617,2.67048,5.90548,-30.39726,11.29977,11.75363,1.20105,0.04852,75.27514,-7.186363,-1.768538,0.464755,,,,,,,,,,,,-7.04863,6.6063,-2.36559,50,5.03402,7.58087,-118.65206,-4.15362,-10.08687,21.88715,-22.72016,POM_COL,PAC_BOX,PomonaPitzer,D3,Team,20260207-PomonaPitzer-2,42df2000-0480-11f1-87a1-bbe4b648e251,81.10175,,,6.56586,,,,,,,5ab81c87-aa0e-4d85-b863-dca276aed003,2026-02-07,23:53:54.35,2026-02-07T15:53:54.3597056-08:00,2026-02-07T23:53:54.3597056Z,,v3,POM_PIT,,,"Podratz, Colby",10033713,Right,PAC_BOX,4300d723-b6c9-4dda-a7d8-bfc48d9892d0,54.59308,-119.49632,10.94357,5.17734,-3.27723,-11.36008,-2.66551,7.96995,-5.04344,,,,,,,,,,,,,,,,,,,,,,,,,,,,,,,,,,,,,,,,,,,,,,,,,,,High,High,High,,,,,
225,2026-02-07,15:54:36.60,6,1,"Gomez, Tavian",10869154,Right,PAC_BOX,"Savas, Peter",1000276389,Right,POM_COL,Undefined,4,Bottom,2,0,0,Slider,Curveball,StrikeCalled,Undefined,Undefined,Undefined,0,0,,73.32004,2.386808,-1.692523,2636.681809,87.240412,9:00,4.76527,3.12351,4.92256,-53.56625,1.11287,-16.08115,2.5602,0.18284,66.53583,-7.341671,-4.522735,0.532209,,,,,,,,,,,,7.34268,0.40547,-2.9446,50,4.95406,3.77631,-106.10695,2.61778,8.26254,20.35256,-31.71778,POM_COL,PAC_BOX,PomonaPitzer,D3,Team,20260207-PomonaPitzer-2,5c1c9ca0-0480-11f1-87a1-bbe4b648e251,70.82264,,,6.7842,,,,,,,5ab81c87-aa0e-4d85-b863-dca276aed003,2026-02-07,23:54:36.60,2026-02-07T15:54:36.6096896-08:00,2026-02-07T23:54:36.6096896Z,,v3,POM_PIT,,,"Podratz, Colby",10033713,Right,PAC_BOX,0bf489c8-9f60-4ff1-bea9-8d54674d7152,55.57448,-107.17087,10.17628,4.77388,4.27581,-15.85889,-3.13071,3.34439,4.13127,,,,,,,,,,,,,,,,,,,,,,,,,,,,,,,,,,,,,,,,,,,,,,,,,,,High,High,High,,,,,
226,2026-02-07,15:54:54.29,6,2,"Gomez, Tavian",10869154,Right,PAC_BOX,"Savas, Peter",1000276389,Right,POM_COL,Undefined,4,Bottom,2,0,1,Slider,Curveball,BallCalled,Undefined,Undefined,Undefined,0,0,,73.39993,0.995779,-2.705192,2713.745086,82.227716,8:45,4.71536,3.02362,5.43366,-54.41782,-0.84083,-19.58505,1.1142,-1.1437,66.96608,-8.921432,-6.183262,0.526818,,,,,,,,,,,,8.99115,-0.20909,-2.76997,50,4.76622,5.74596,-106.34508,0.13843,10.13397,20.92311,-32.40973,POM_COL,PAC_BOX,PomonaPitzer,D3,Team,20260207-PomonaPitzer-2,66a461d0-0480-11f1-87a1-bbe4b648e251,71.54737,,,6.43385,,,,,,,5ab81c87-aa0e-4d85-b863-dca276aed003,2026-02-07,23:54:54.29,2026-02-07T15:54:54.2950912-08:00,2026-02-07T23:54:54.2950912Z,,v3,POM_PIT,,,"Podratz, Colby",10033713,Right,PAC_BOX,4e35176a-c030-4c84-a7f1-6ebbb1e8ab4f,55.06569,-107.33711,10.46156,4.72323,1.67508,-16.20487,-3.03101,5.26548,5.06698,,,,,,,,,,,,,,,,,,,,,,,,,,,,,,,,,,,,,,,,,,,,,,,,,,,High,High,High,,,,,
227,2026-02-07,15:55:11.70,6,3,"Gomez, Tavian",10869154,Right,PAC_BOX,"Savas, Peter",1000276389,Right,POM_COL,Undefined,4,Bottom,2,1,1,Fastball,Changeup,BallCalled,Undefined,Undefined,Undefined,0,0,,79.56038,1.136966,-3.392899,2193.813938,219.184211,1:15,5.24359,2.52578,6.08041,-28.48872,15.4178,11.4417,3.92343,0.33651,72.63251,-4.224704,-1.337797,0.47691,,,,,,,,,,,,-6.78154,8.04678,-2.26907,50,5.31643,6.40998,-115.38946,1.5013,-9.15199,21.2779,-21.31454,POM_COL,PAC_BOX,PomonaPitzer,D3,Team,20260207-PomonaPitzer-2,71053e10-0480-11f1-87a1-bbe4b648e251,79.03477,,,6.92787,,,,,,,5ab81c87-aa0e-4d85-b863-dca276aed003,2026-02-07,23:55:11.70,2026-02-07T15:55:11.7063168-08:00,2026-02-07T23:55:11.7063168Z,,v3,POM_PIT,,,"Podratz, Colby",10033713,Right,PAC_BOX,7f071556-0aa9-4182-8dd5-e9eb015ad8d0,54.41607,-116.20094,10.63895,5.24368,2.31417,-10.65727,-2.52018,6.75901,-4.576,,,,,,,,,,,,,,,,,,,,,,,,,,,,,,,,,,,,,,,,,,,,,,,,,,,High,High,High,,,,,
228,2026-02-07,15:55:31.93,6,4,"Gomez, Tavian",10869154,Right,PAC_BOX,"Savas, Peter",1000276389,Right,POM_COL,Undefined,4,Bottom,2,2,1,Fastball,Changeup,BallCalled,Undefined,Undefined,Undefined,0,0,,80.24287,0.015657,-2.161313,2090.377512,209.338034,1:00,5.26086,2.56588,5.89533,-23.79576,20.02383,10.3969,3.29243,1.42472,72.59998,-4.511344,-0.296981,0.476437,,,,,,,,,,,,-6.04693,10.71434,-2.39809,50,5.24875,4.0048,-116.40467,-0.61559,-8.20314,24.15579,-17.63923,POM_COL,PAC_BOX,PomonaPitzer,D3,Team,20260207-PomonaPitzer-2,7d0af0b0-0480-11f1-87a1-bbe4b648e251,79.11314,,,7.64289,,,,,,,5ab81c87-aa0e-4d85-b863-dca276aed003,2026-02-07,23:55:31.93,2026-02-07T15:55:31.9349760-08:00,2026-02-07T23:55:31.9349760Z,,v3,POM_PIT,,,"Podratz, Colby",10033713,Right,PAC_BOX,8af98ec6-fc4f-4620-b911-c7f0e30e29bc,54.60277,-117.35593,12.07789,5.25931,0.07905,-8.81961,-2.56216,4.32784,-4.10157,,,,,,,,,,,,,,,,,,,,,,,,,,,,,,,,,,,,,,,,,,,,,,,,,,,High,High,High,,,,,
229,2026-02-07,15:55:51.91,6,5,"Gomez, Tavian",10869154,Right,PAC_BOX,"Savas, Peter",1000276389,Right,POM_COL,Undefined,4,Bottom,2,3,1,Fastball,Changeup,FoulBallNotFieldable,Undefined,Undefined,Undefined,0,0,,79.69032,-0.356521,-4.066458,2032.684678,221.406936,1:30,5.22384,2.58314,6.0867,-28.65639,14.75028,11.89249,2.50516,-0.19394,73.54743,-5.709753,-1.931537,0.474187,91.08926,-31.801421,-70.047002,,,,,5.70921,3.43604,-41.003762,0.038982,-7.19898,8.09374,-2.27535,50,5.18092,7.79803,-115.65612,-1.53283,-9.84459,19.6304,-21.10586,POM_COL,PAC_BOX,PomonaPitzer,D3,Team,20260207-PomonaPitzer-2,88f88770-0480-11f1-87a1-bbe4b648e251,79.48856,2.75086,,6.14288,,,,2.79462,2.75086,0.42427,5ab81c87-aa0e-4d85-b863-dca276aed003,2026-02-07,23:55:51.91,2026-02-07T15:55:51.9124480-08:00,2026-02-07T23:55:51.9124480Z,GroundBall,v3,POM_PIT,,,"Podratz, Colby",10033713,Right,PAC_BOX,5f33d3a8-760f-4a9d-ad7e-17d1d5b01280,54.41353,-116.40282,9.8152,5.22396,-0.73001,-10.55293,-2.57909,8.1725,-4.92229,,2.79405,38.8364,,,,,,,,2.75189,-70.56697,,,,,,,,0.42583,-106.97509,,,,,,,,,,,,,,,,,,,,,,,,,,,,,,High,High,High,Low,Low,,,
230,2026-02-07,15:56:22.12,6,6,"Gomez, Tavian",10869154,Right,PAC_BOX,"Savas, Peter",1000276389,Right,POM_COL,Undefined,4,Bottom,2,3,2,Fastball,Changeup,BallCalled,Walk,Undefined,Undefined,0,1,,80.53051,-1.169741,-2.081873,1944.280782,212.360622,1:00,5.2262,2.52141,5.80659,-25.84147,17.39891,10.14646,1.98406,1.43002,73.72633,-6.012927,-0.264342,0.473278,,,,,,,,,,,,-5.73193,9.61953,-2.35654,50,5.11483,3.85303,-116.87296,-3.13787,-7.93095,21.95162,-18.86405,POM_COL,PAC_BOX,PomonaPitzer,D3,Team,20260207-PomonaPitzer-2,9af52c80-0480-11f1-87a1-bbe4b648e251,79.64124,,,6.80417,,,,,,,5ab81c87-aa0e-4d85-b863-dca276aed003,2026-02-07,23:56:22.12,2026-02-07T15:56:22.1275648-08:00,2026-02-07T23:56:22.1275648Z,,v3,POM_PIT,,,"Podratz, Colby",10033713,Right,PAC_BOX,e0107040-cc3f-4c6c-b957-d0d2c8055bcb,54.69023,-117.75061,10.97581,5.22521,-2.38367,-9.43202,-2.51693,4.17012,-3.96548,,,,,,,,,,,,,,,,,,,,,,,,,,,,,,,,,,,,,,,,,,,,,,,,,,,High,High,High,,,,,
231,2026-02-07,15:59:40.81,7,1,"McGeen, Gannon",10327649,Left,PAC_BOX,"Hu, Landon",1000261921,Right,POM_COL,Undefined,4,Bottom,2,0,0,Fastball,Four-Seam,StrikeCalled,Undefined,Undefined,Undefined,0,0,,87.3879,-2.875872,2.721838,2094.123254,153.112668,11:00,6.12436,-1.65519,5.53332,-17.44343,19.61411,-9.35619,1.97726,0.11125,80.23389,-6.15647,1.055943,0.438137,,,,,,,,,,,,5.43307,11.01658,1.42509,50,5.86282,-5.61553,-126.65146,-6.90167,8.86837,24.67207,-14.1918,POM_COL,PAC_BOX,PomonaPitzer,D3,Team,20260207-PomonaPitzer-2,119e5f00-0481-11f1-87a1-bbe4b648e251,86.02892,,,7.15402,,,,,,,5ab81c87-aa0e-4d85-b863-dca276aed003,2026-02-07,23:59:40.81,2026-02-07T15:59:40.8138240-08:00,2026-02-07T23:59:40.8138240Z,,v3,POM_PIT,,,"Podratz, Colby",10033713,Right,PAC_BOX,4f1b4b78-0ad5-4499-8132-981b38f83810,54.96459,-127.61491,12.33603,6.12151,-6.34747,-7.0959,1.65114,-5.96184,4.43418,,,,,,,,,,,,,,,,,,,,,,,,,,,,,,,,,,,,,,,,,,,,,,,,,,,High,High,High,,,,,
232,2026-02-07,15:59:56.17,7,2,"McGeen, Gannon",10327649,Left,PAC_BOX,"Hu, Landon",1000261921,Right,POM_COL,Undefined,4,Bottom,2,0,1,Fastball,Four-Seam,StrikeCalled,Undefined,Undefined,Undefined,0,0,,86.55691,-2.556864,2.889688,2041.955737,146.638249,11:00,6.09449,-1.39697,5.52909,-19.95088,17.78383,-10.93957,2.0371,0.39501,79.56565,-6.28392,0.941998,0.442122,,,,,,,,,,,,6.25571,10.00107,1.15308,50,5.85877,-5.86151,-125.47192,-6.24102,10.03243,23.96136,-16.1351,POM_COL,PAC_BOX,PomonaPitzer,D3,Team,20260207-PomonaPitzer-2,1a893d10-0481-11f1-87a1-bbe4b648e251,85.25356,,,6.99127,,,,,,,5ab81c87-aa0e-4d85-b863-dca276aed003,2026-02-07,23:59:56.17,2026-02-07T15:59:56.1790976-08:00,2026-02-07T23:59:56.1790976Z,,v3,POM_PIT,,,"Podratz, Colby",10033713,Right,PAC_BOX,22757375-55e6-4c30-b4e4-3c9cc7b7733b,54.96871,-126.41723,11.98068,6.09243,-5.60447,-8.06755,1.39213,-6.25731,5.01622,,,,,,,,,,,,,,,,,,,,,,,,,,,,,,,,,,,,,,,,,,,,,,,,,,,High,High,High,,,,,
233,2026-02-07,16:00:12.91,7,3,"McGeen, Gannon",10327649,Left,PAC_BOX,"Hu, Landon",1000261921,Right,POM_COL,Undefined,4,Bottom,2,0,2,Slider,Slider,InPlay,Undefined,GroundBall,Out,1,0,,75.22803,-1.044307,1.352844,2077.845407,232.850727,1:45,5.77943,-1.96163,5.08223,-39.92963,11.25599,12.61489,1.4672,0.36505,68.93767,-8.32271,3.583883,0.514927,67.75947,7.843022,39.750332,3702.319535,,,,74.61128,73.30199,41.595742,0.811905,-5.91843,6.38717,1.82298,50,5.64942,-3.06157,-109.0665,-3.28187,-7.0856,20.27268,-24.52724,POM_COL,PAC_BOX,PomonaPitzer,D3,Team,20260207-PomonaPitzer-2,24875fe0-0481-11f1-87a1-bbe4b648e251,73.19962,3.91112,,6.29036,,,,2.17363,1.59559,-0.26081,5ab81c87-aa0e-4d85-b863-dca276aed003,2026-02-08,00:00:12.91,2026-02-07T16:00:12.9107968-08:00,2026-02-08T00:00:12.9107968Z,GroundBall,v3,POM_PIT,,,"Podratz, Colby",10033713,Right,PAC_BOX,360c86a0-8d70-4dd0-9614-2206e118db6b,55.41612,-110.06862,10.13634,5.78168,-2.06945,-12.26362,1.96566,-2.71132,-3.5428,,2.17363,75.69269,-12.84694,1.41434,-0.3098,0.04832,-0.008,0.00203,-0.00031,1.59559,13.56139,-20.43172,1.8287,-0.32058,0.0731,-0.01191,0.00211,-0.0003,-0.26081,62.95369,-1.73952,-0.3559,0.05764,-0.0236,0.00403,-0.00047,3E-05,,,,,,,,,,,,,,,,,,,,,,,High,High,High,High,High,,,
234,2026-02-07,16:02:22.34,1,1,"Della Bitta, Eli",1000323431,Right,POM_COL,"Kazahaya, Trevor",1000154011,Right,PAC_BOX,Undefined,5,Top,0,0,0,Curveball,Curveball,BallCalled,Undefined,Undefined,Undefined,0,0,,66.06478,1.698795,1.042444,2139.548253,51.340978,7:45,6.5433,1.36533,3.98865,-73.85764,-5.20579,-9.15453,2.02298,1.60508,61.27794,-11.336086,-0.548489,0.596345,,,,,,,,,,,,4.64642,-2.28221,-1.47305,50,6.65412,-1.38957,-95.74051,0.29889,4.31994,14.54908,-34.2959,POM_COL,PAC_BOX,PomonaPitzer,D3,Team,20260207-PomonaPitzer-2,71b70c70-0481-11f1-87a1-bbe4b648e251,63.20579,,,4.78684,,,,,,,5ab81c87-aa0e-4d85-b863-dca276aed003,2026-02-08,00:02:22.34,2026-02-07T16:02:22.3420416-08:00,2026-02-08T00:02:22.3420416Z,,v3,POM_PIT,,,"Savas, Peter",1000276389,Right,POM_COL,8404fb12-e2a9-407d-b15a-5aca05a39a0e,56.51267,-96.72513,7.27454,6.55536,2.6199,-17.14795,-1.36911,-1.68193,2.15997,,,,,,,,,,,,,,,,,,,,,,,,,,,,,,,,,,,,,,,,,,,,,,,,,,,High,High,High,,,,,
235,2026-02-07,16:02:35.60,1,2,"Della Bitta, Eli",1000323431,Right,POM_COL,"Kazahaya, Trevor",1000154011,Right,PAC_BOX,Undefined,5,Top,0,1,0,Fastball,Changeup,FoulBallNotFieldable,Undefined,Undefined,Undefined,0,0,,82.88439,-3.424589,-2.970187,2133.876446,217.651361,1:15,6.60156,1.2247,4.13257,-22.67147,21.35178,15.25021,1.41911,-0.35597,75.26054,-7.578475,-0.3232,0.477543,43.06739,-48.317096,-99.3521,,,,,3.4171,3.4171,-19.502149,0.035555,-8.2802,11.75103,-0.91168,50,6.19718,5.49399,-119.63078,-8.00201,-11.9089,24.70731,-15.2733,POM_COL,PAC_BOX,PomonaPitzer,D3,Team,20260207-PomonaPitzer-2,7997cd80-0481-11f1-87a1-bbe4b648e251,78.92993,1.6884,,7.62384,,,,3.46536,1.6884,0.34265,5ab81c87-aa0e-4d85-b863-dca276aed003,2026-02-08,00:02:35.60,2026-02-07T16:02:35.6084736-08:00,2026-02-08T00:02:35.6084736Z,GroundBall,v3,POM_PIT,,,"Savas, Peter",1000276389,Right,POM_COL,8e454c02-8c57-4888-aa25-af85fa079398,56.36552,-120.9383,12.35366,6.59927,-7.19374,-7.63665,-1.2191,6.12422,-5.95445,,3.46562,-6.87122,,,,,,,,1.69019,-47.48718,,,,,,,,0.34422,-41.7221,,,,,,,,,,,,,,,,,,,,,,,,,,,,,,High,High,High,Estimated,Estimated,,,
236,2026-02-07,16:02:53.13,1,3,"Della Bitta, Eli",1000323431,Right,POM_COL,"Kazahaya, Trevor",1000154011,Right,PAC_BOX,Undefined,5,Top,0,1,1,ChangeUp,Changeup,BallCalled,Undefined,Undefined,Undefined,0,0,,74.84985,-0.40697,-0.664523,1469.783916,233.602194,1:45,6.43022,1.0704,4.11544,-41.52609,11.8202,13.68918,2.57921,1.57354,68.67294,-7.85664,1.715801,0.525682,,,,,,,,,,,,-6.71225,6.31402,-1.01187,50,6.3412,0.66181,-108.41612,-2.29563,-7.9912,18.9059,-24.65693,POM_COL,PAC_BOX,PomonaPitzer,D3,Team,20260207-PomonaPitzer-2,84092480-0481-11f1-87a1-bbe4b648e251,71.70194,,,6.17691,,,,,,,5ab81c87-aa0e-4d85-b863-dca276aed003,2026-02-08,00:02:53.13,2026-02-07T16:02:53.1305472-08:00,2026-02-08T00:02:53.1305472Z,,v3,POM_PIT,,,"Savas, Peter",1000276389,Right,POM_COL,cf2c2c63-ef6c-4859-822b-bf15abae90a0,56.38061,-109.52313,9.45295,6.43335,-0.85186,-12.32846,-1.06432,1.12973,-3.9956,,,,,,,,,,,,,,,,,,,,,,,,,,,,,,,,,,,,,,,,,,,,,,,,,,,High,High,High,,,,,
237,2026-02-07,16:03:07.30,1,4,"Della Bitta, Eli",1000323431,Right,POM_COL,"Kazahaya, Trevor",1000154011,Right,PAC_BOX,Undefined,5,Top,0,2,1,Fastball,Changeup,FoulBallNotFieldable,Undefined,Undefined,Undefined,0,0,,82.6164,-2.121361,-3.037623,2047.556618,225.0384,1:30,6.5628,1.14537,4.12845,-27.56982,16.97273,15.31658,2.22659,-0.49485,74.4917,-7.151775,-0.378972,0.480351,67.91697,2.256489,-46.63776,2555.749877,,,,57.04186,57.04186,-48.479234,0.600397,-8.32902,9.28796,-0.82462,50,6.29832,5.59898,-119.23969,-5.47089,-11.81969,25.99426,-18.99353,POM_COL,PAC_BOX,PomonaPitzer,D3,Team,20260207-PomonaPitzer-2,8c78b810-0481-11f1-87a1-bbe4b648e251,78.4685,2.59553,,8.1247,,,,0.404,2.302,0.07466,5ab81c87-aa0e-4d85-b863-dca276aed003,2026-02-08,00:03:07.30,2026-02-07T16:03:07.3050624-08:00,2026-02-08T00:03:07.3050624Z,GroundBall,v3,POM_PIT,,,"Savas, Peter",1000276389,Right,POM_COL,16e9d6b6-e73b-4c5b-8778-3b34288a8167,56.36734,-120.61978,12.99713,6.56201,-4.46248,-9.49677,-1.13854,6.22651,-5.90985,,0.41699,68.05056,-9.63752,,,,,,,2.30559,3.84338,-12.8073,,,,,,,0.075,-72.37229,1.85519,,,,,,,,,,,,,,,,,,,,,,,,,,,,,High,High,High,High,High,,,
238,2026-02-07,16:03:28.13,1,5,"Della Bitta, Eli",1000323431,Right,POM_COL,"Kazahaya, Trevor",1000154011,Right,PAC_BOX,Undefined,5,Top,0,2,2,Fastball,Four-Seam,FoulBallNotFieldable,Undefined,Undefined,Undefined,0,0,,84.95045,-2.585894,-2.537158,2116.423802,207.263385,1:00,6.62641,1.12152,4.09934,-20.02922,22.54879,10.72571,2.47134,-0.42135,75.76513,-6.326493,-0.67668,0.469639,,,,,,,,,,,,-6.02209,12.17284,-0.85016,50,6.31753,4.89565,-122.44317,-6.2463,-8.9241,29.5549,-14.1352,POM_COL,PAC_BOX,PomonaPitzer,D3,Team,20260207-PomonaPitzer-2,98dfeba0-0481-11f1-87a1-bbe4b648e251,80.25835,,,9.18532,,,,,,,5ab81c87-aa0e-4d85-b863-dca276aed003,2026-02-08,00:03:28.13,2026-02-07T16:03:28.1306624-08:00,2026-02-08T00:03:28.1306624Z,,v3,POM_PIT,,,"Savas, Peter",1000276389,Right,POM_COL,2b449ce9-85fb-4706-b605-cdd5f201e664,56.39429,-123.97699,14.77745,6.62266,-5.51272,-7.0676,-1.11625,5.35879,-4.46205,,,,,,,,,,,,,,,,,,,,,,,,,,,,,,,,,,,,,,,,,,,,,,,,,,,High,High,High,,,,,
239,2026-02-07,16:03:46.75,1,6,"Della Bitta, Eli",1000323431,Right,POM_COL,"Kazahaya, Trevor",1000154011,Right,PAC_BOX,Undefined,5,Top,0,2,2,ChangeUp,Changeup,InPlay,Undefined,FlyBall,Out,1,0,,75.98066,-2.482965,-1.710261,1501.920748,226.223731,1:30,6.43848,1.00803,4.09509,-36.06581,15.09839,14.23564,1.04719,0.55227,70.83573,-8.902579,0.764584,0.514819,84.89772,33.663471,-26.515503,,95.97154,57.72663,-53.75357,314.2385,281.98698,-31.018373,4.527561,-7.30052,8.2706,-0.8331,50,6.12197,2.68499,-110.14999,-6.11452,-9.10483,16.79685,-21.85941,POM_COL,PAC_BOX,PomonaPitzer,D3,Team,20260207-PomonaPitzer-2,a401f500-0481-11f1-87a1-bbe4b648e251,73.21495,67.6774,,5.14493,,,,1.50056,1.44055,-0.73107,5ab81c87-aa0e-4d85-b863-dca276aed003,2026-02-08,00:03:46.75,2026-02-07T16:03:46.7507200-08:00,2026-02-08T00:03:46.7507200Z,FlyBall,v3,POM_PIT,,,"Savas, Peter",1000276389,Right,POM_COL,9f173bf0-9889-40a8-8a4e-7e17905fe3d7,56.40525,-111.12244,8.39843,6.43933,-4.84897,-10.92971,-1.0038,3.21211,-4.55241,,1.53901,91.83907,-13.19674,-2.98894,5.75252,-3.07057,0.80864,-0.10434,0.00526,1.44349,68.91923,-20.14274,0.23842,1.45766,-0.9655,0.31674,-0.05088,0.00316,-0.72869,-46.28357,2.02984,1.21959,-1.16163,0.67217,-0.22403,0.03749,-0.00243,,,,,,,,,,,,,,,,,,,,,,,High,High,High,Medium,Medium,,,
240,2026-02-07,16:04:17.96,2,1,"Della Bitta, Eli",1000323431,Right,POM_COL,"Chapman, Nathan",1000039351,Left,PAC_BOX,Undefined,5,Top,1,0,0,Fastball,Four-Seam,BallCalled,Undefined,Undefined,Undefined,0,0,,85.08178,-0.496824,-2.969141,2016.32605,213.556685,1:00,6.64266,1.12335,4.2326,-18.44481,22.99281,14.29894,4.62927,-0.53039,76.98193,-3.942683,-0.484948,0.463307,,,,,,,,,,,,-7.68548,11.57886,-0.81367,50,6.57075,5.67091,-123.00426,-1.7058,-11.7136,25.58089,-14.52645,POM_COL,PAC_BOX,PomonaPitzer,D3,Team,20260207-PomonaPitzer-2,b6c48220-0481-11f1-87a1-bbe4b648e251,81.35521,,,8.09986,,,,,,,5ab81c87-aa0e-4d85-b863-dca276aed003,2026-02-08,00:04:17.96,2026-02-07T16:04:17.9634688-08:00,2026-02-08T00:04:17.9634688Z,,v3,POM_PIT,,,"Savas, Peter",1000276389,Right,POM_COL,2121b0ba-5ffe-410e-b3d7-6d66629feeb2,56.26208,-124.29975,12.79044,6.63851,-0.97014,-7.26323,-1.11589,6.26411,-5.8568,,,,,,,,,,,,,,,,,,,,,,,,,,,,,,,,,,,,,,,,,,,,,,,,,,,High,High,High,,,,,
241,2026-02-07,16:04:30.65,2,2,"Della Bitta, Eli",1000323431,Right,POM_COL,"Chapman, Nathan",1000039351,Left,PAC_BOX,Undefined,5,Top,1,1,0,Curveball,Curveball,StrikeCalled,Undefined,Undefined,Undefined,0,0,,68.47759,1.953848,-1.334029,2160.092808,68.957024,8:15,6.58578,1.02812,4.16928,-65.95901,-2.59953,-11.65926,2.96328,-1.22245,63.45266,-9.74739,-3.362494,0.572898,,,,,,,,,,,,5.23122,-1.15571,-0.86746,50,6.73222,2.76955,-99.25027,1.08727,5.2406,15.24115,-33.33184,POM_COL,PAC_BOX,PomonaPitzer,D3,Team,20260207-PomonaPitzer-2,be3a7370-0481-11f1-87a1-bbe4b648e251,65.79259,,,5.02493,,,,,,,5ab81c87-aa0e-4d85-b863-dca276aed003,2026-02-08,00:04:30.65,2026-02-07T16:04:30.6526208-08:00,2026-02-08T00:04:30.6526208Z,,v3,POM_PIT,,,"Savas, Peter",1000276389,Right,POM_COL,ac2a631e-8e0c-4020-a25d-873d91bb33fa,56.33128,-100.2178,7.62058,6.59604,3.20323,-16.66592,-1.03272,2.43687,2.6203,,,,,,,,,,,,,,,,,,,,,,,,,,,,,,,,,,,,,,,,,,,,,,,,,,,High,High,High,,,,,
242,2026-02-07,16:04:46.60,2,3,"Della Bitta, Eli",1000323431,Right,POM_COL,"Chapman, Nathan",1000039351,Left,PAC_BOX,Undefined,5,Top,1,1,1,Fastball,Four-Seam,InPlay,Undefined,LineDrive,Single,0,0,,84.53292,-2.866966,-2.40164,2199.489898,221.518218,1:30,6.64656,0.89266,4.21966,-21.48726,20.6167,16.92316,2.10565,0.00161,76.69915,-6.820827,0.542104,0.467017,70.35747,13.549251,-3.577366,1621.450078,109.97642,11.24841,-2.27686,163.71012,163.71012,-0.016398,1.898084,-8.88394,11.21552,-0.64798,50,6.31069,4.31008,-122.13968,-6.91255,-13.32231,25.69627,-15.35529,POM_COL,PAC_BOX,PomonaPitzer,D3,Team,20260207-PomonaPitzer-2,c7a7ef00-0481-11f1-87a1-bbe4b648e251,80.70887,12.57807,,7.83376,,,,0.26714,1.99649,-0.0184,5ab81c87-aa0e-4d85-b863-dca276aed003,2026-02-08,00:04:46.60,2026-02-07T16:04:46.6079744-08:00,2026-02-08T00:04:46.6079744Z,LineDrive,v3,POM_PIT,,,"Savas, Peter",1000276389,Right,POM_COL,c9b36ba8-853c-4a7b-abc3-d6010c35dff7,56.27755,-123.45331,12.84814,6.644,-6.12756,-7.67764,-0.88573,4.99114,-6.66116,223.206402,0.26714,100.1234,-9.62987,1.59502,-0.28301,0.04333,-0.00593,0.00098,-0.0001,1.99649,24.17559,-14.27132,0.56099,-0.04388,0.01056,0.00069,-0.00033,2E-05,-0.0184,-6.25958,4.49356,-0.91773,0.20327,-0.03728,0.00626,-0.00098,8E-05,,,,,,,,,,,,,,,,,,,,,,,High,High,High,High,High,,,
243,2026-02-07,16:05:12.62,3,1,"Della Bitta, Eli",1000323431,Right,POM_COL,"Lewis, Ben",1000327268,Right,PAC_BOX,Undefined,5,Top,1,0,0,Fastball,Four-Seam,BallCalled,Undefined,Undefined,Undefined,0,0,,84.22886,-1.545626,-3.721358,1972.866937,208.1216,1:00,6.75321,1.01002,4.28825,-18.17946,24.30753,12.15902,3.75643,-1.5411,75.91571,-4.958822,-1.609561,0.469137,,,,,,,,,,,,-6.97024,12.60308,-0.61883,50,6.56842,7.3168,-121.5766,-3.89243,-10.32583,26.10966,-13.50363,POM_COL,PAC_BOX,PomonaPitzer,D3,Team,20260207-PomonaPitzer-2,d7256340-0481-11f1-87a1-bbe4b648e251,80.34426,,,8.31315,,,,,,,5ab81c87-aa0e-4d85-b863-dca276aed003,2026-02-08,00:05:12.62,2026-02-07T16:05:12.6243840-08:00,2026-02-08T00:05:12.6243840Z,,v3,POM_PIT,,,"Savas, Peter",1000276389,Right,POM_COL,a0ff8904-c0cd-4d2b-865e-d0fa33723149,56.20612,-122.90219,13.05483,6.74863,-3.20684,-6.75181,-1.00361,7.84105,-5.16292,,,,,,,,,,,,,,,,,,,,,,,,,,,,,,,,,,,,,,,,,,,,,,,,,,,High,High,High,,,,,
244,2026-02-07,16:05:28.92,3,2,"Della Bitta, Eli",1000323431,Right,POM_COL,"Lewis, Ben",1000327268,Right,PAC_BOX,Undefined,5,Top,1,1,0,Curveball,Curveball,BallCalled,Undefined,Undefined,Undefined,0,0,,67.8431,1.05796,-1.523226,2108.495151,81.367861,8:45,6.56491,1.07505,4.32118,-64.04456,0.235,-11.33839,2.23964,-1.3262,62.90054,-10.330236,-3.502331,0.577043,,,,,,,,,,,,5.06851,0.42374,-0.8984,50,6.61449,3.04689,-98.34876,-0.3395,4.97525,15.27482,-31.75812,POM_COL,PAC_BOX,PomonaPitzer,D3,Team,20260207-PomonaPitzer-2,e0ed5ae0-0481-11f1-87a1-bbe4b648e251,65.32002,,,4.94256,,,,,,,5ab81c87-aa0e-4d85-b863-dca276aed003,2026-02-08,00:05:28.92,2026-02-07T16:05:28.9263616-08:00,2026-02-08T00:05:28.9263616Z,,v3,POM_PIT,,,"Savas, Peter",1000276389,Right,POM_COL,a0593405-7d84-4784-be30-ae9486f068a1,56.17871,-99.30376,7.63741,6.57365,1.64605,-15.87906,-1.07917,2.73584,2.48762,,,,,,,,,,,,,,,,,,,,,,,,,,,,,,,,,,,,,,,,,,,,,,,,,,,High,High,High,,,,,
245,2026-02-07,16:05:44.95,3,3,"Della Bitta, Eli",1000323431,Right,POM_COL,"Lewis, Ben",1000327268,Right,PAC_BOX,Undefined,5,Top,1,2,0,Fastball,Four-Seam,StrikeSwinging,Undefined,Undefined,Undefined,0,0,,83.07821,-2.033224,-2.63216,2062.313413,216.150784,1:15,6.71166,0.9522,4.24745,-21.43407,22.16663,15.04284,2.97646,-0.31546,75.1446,-6.003245,-0.01577,0.475245,,,,,,,,,,,,-7.99351,11.71591,-0.68101,50,6.46881,4.79511,-120.03211,-5.01954,-11.56102,25.11109,-15.22929,POM_COL,PAC_BOX,PomonaPitzer,D3,Team,20260207-PomonaPitzer-2,ea6d7410-0481-11f1-87a1-bbe4b648e251,79.31152,,,7.93361,,,,,,,5ab81c87-aa0e-4d85-b863-dca276aed003,2026-02-08,00:05:44.95,2026-02-07T16:05:44.9522688-08:00,2026-02-08T00:05:44.9522688Z,,v3,POM_PIT,,,"Savas, Peter",1000276389,Right,POM_COL,a53f612d-9f02-49dd-bb02-112f061d9d6b,56.24734,-121.33204,12.55555,6.70825,-4.23117,-7.61465,-0.94473,5.39359,-5.78051,,,,,,,,,,,,,,,,,,,,,,,,,,,,,,,,,,,,,,,,,,,,,,,,,,,High,High,High,,,,,
246,2026-02-07,16:06:03.53,3,4,"Della Bitta, Eli",1000323431,Right,POM_COL,"Lewis, Ben",1000327268,Right,PAC_BOX,Undefined,5,Top,1,2,1,Curveball,Curveball,BallinDirt,Undefined,Undefined,Undefined,0,0,,68.04545,1.679005,-1.77479,2263.35492,68.343972,8:15,6.56314,1.02976,4.18894,-67.54492,-3.31921,-13.21666,2.54446,-1.77277,63.09873,-10.290512,-4.07469,0.576801,,,,,,,,,,,,5.87926,-1.46878,-0.81921,50,6.67721,3.56659,-98.61466,0.56383,5.80325,15.33458,-33.62384,POM_COL,PAC_BOX,PomonaPitzer,D3,Team,20260207-PomonaPitzer-2,f58bfb00-0481-11f1-87a1-bbe4b648e251,65.34743,,,4.94673,,,,,,,5ab81c87-aa0e-4d85-b863-dca276aed003,2026-02-08,00:06:03.53,2026-02-07T16:06:03.5328000-08:00,2026-02-08T00:06:03.5328000Z,,v3,POM_PIT,,,"Savas, Peter",1000276389,Right,POM_COL,9e9d0d85-a490-4136-ae99-80290046c22e,56.3123,-99.59139,7.66729,6.5731,2.70548,-16.81192,-1.03461,3.19696,2.90162,,,,,,,,,,,,,,,,,,,,,,,,,,,,,,,,,,,,,,,,,,,,,,,,,,,High,High,High,,,,,
247,2026-02-07,16:06:27.23,3,5,"Della Bitta, Eli",1000323431,Right,POM_COL,"Lewis, Ben",1000327268,Right,PAC_BOX,Undefined,5,Top,1,3,1,Fastball,Four-Seam,FoulBallNotFieldable,Undefined,Undefined,Undefined,0,0,,85.11667,-1.988618,-2.864565,2223.08033,216.067489,1:15,6.64818,1.22637,4.12878,-19.663,21.63702,14.76946,3.09886,-0.29297,77.70959,-5.609673,-0.302235,0.462537,,,,,,,,,,,,-7.89004,11.33012,-0.92426,50,6.40702,5.44343,-123.12607,-5.01002,-12.13036,24.10088,-14.75483,POM_COL,PAC_BOX,PomonaPitzer,D3,Team,20260207-PomonaPitzer-2,039fcd20-0482-11f1-87a1-bbe4b648e251,81.49064,,,7.40707,,,,,,,5ab81c87-aa0e-4d85-b863-dca276aed003,2026-02-08,00:06:27.23,2026-02-07T16:06:27.2333824-08:00,2026-02-08T00:06:27.2333824Z,,v3,POM_PIT,,,"Savas, Peter",1000276389,Right,POM_COL,674716c0-da6b-4348-a4a3-f9fb8236770f,56.36928,-124.36656,12.05044,6.64535,-4.25058,-7.37741,-1.2205,6.06778,-6.06518,,,,,,,,,,,,,,,,,,,,,,,,,,,,,,,,,,,,,,,,,,,,,,,,,,,High,High,High,,,,,
248,2026-02-07,16:06:45.86,3,6,"Della Bitta, Eli",1000323431,Right,POM_COL,"Lewis, Ben",1000327268,Right,PAC_BOX,Undefined,5,Top,1,3,2,Fastball,Four-Seam,InPlay,Undefined,FlyBall,Double,0,1,,83.18391,-3.393689,-1.797898,2145.838348,213.347143,1:00,6.68825,1.1518,4.07758,-18.97029,25.23773,15.46276,1.84354,0.71356,74.67533,-6.937111,0.885386,0.478544,95.64247,24.315981,-17.348536,2220.299356,104.77573,44.96325,-33.49482,381.95353,365.9949,-17.730424,4.456026,-8.04524,13.71796,-0.96826,50,6.28875,3.02683,-119.97667,-7.76804,-11.50801,27.24803,-12.55176,POM_COL,PAC_BOX,PomonaPitzer,D3,Team,20260207-PomonaPitzer-2,0ebd1b90-0482-11f1-87a1-bbe4b648e251,78.76481,62.64263,,8.50858,,,,1.95664,2.00052,-0.67331,5ab81c87-aa0e-4d85-b863-dca276aed003,2026-02-08,00:06:45.86,2026-02-07T16:06:45.8684928-08:00,2026-02-08T00:06:45.8684928Z,LineDrive,v3,POM_PIT,,,"Savas, Peter",1000276389,Right,POM_COL,57e8b1eb-5182-4fc5-9d8c-fee5a628fc74,56.41838,-121.4256,13.62402,6.68407,-7.1006,-6.27588,-1.14549,3.63878,-5.75401,174.444939,1.95699,122.00911,-20.63919,5.09475,-1.05426,0.19768,-0.03353,0.00418,-0.00024,2.0013,57.73953,-13.59967,-0.69561,0.61971,-0.25806,0.06711,-0.00929,0.00052,-0.67329,-38.11841,5.28185,-1.04065,0.19445,-0.04313,0.01014,-0.00155,0.0001,,,,,,,,,,,,,,,,,,,,,,,High,High,High,High,High,,,
249,2026-02-07,16:07:24.62,4,1,"Della Bitta, Eli",1000323431,Right,POM_COL,"Podratz, Colby",10033713,Right,PAC_BOX,Undefined,5,Top,1,0,0,Curveball,Curveball,BallCalled,Undefined,Undefined,Undefined,0,0,,68.85326,0.876856,-2.189039,2224.047469,84.472373,8:45,6.52878,1.18902,4.27695,-61.71503,1.29358,-7.99662,2.2254,-1.57256,63.33332,-10.118546,-3.582596,0.571309,,,,,,,,,,,,3.21012,1.00465,-0.9422,50,6.56136,4.12263,-99.66708,-0.586,3.21315,16.75264,-31.16845,POM_COL,PAC_BOX,PomonaPitzer,D3,Team,20260207-PomonaPitzer-2,25e5e900-0482-11f1-87a1-bbe4b648e251,65.97553,,,5.51994,,,,,,,5ab81c87-aa0e-4d85-b863-dca276aed003,2026-02-08,00:07:24.62,2026-02-07T16:07:24.6287360-08:00,2026-02-08T00:07:24.6287360Z,,v3,POM_PIT,,,"Savas, Peter",1000276389,Right,POM_COL,08532316-0442-4b3e-bbef-ed44606aac80,56.22099,-100.70732,8.37632,6.53766,1.34936,-15.58422,-1.19199,3.92311,1.60657,,,,,,,,,,,,,,,,,,,,,,,,,,,,,,,,,,,,,,,,,,,,,,,,,,,High,High,High,,,,,
250,2026-02-07,16:07:37.70,4,2,"Della Bitta, Eli",1000323431,Right,POM_COL,"Podratz, Colby",10033713,Right,PAC_BOX,Undefined,5,Top,1,1,0,Curveball,Curveball,BallCalled,Undefined,Undefined,Undefined,0,0,,68.46023,0.53883,-1.061089,2293.794547,69.314674,8:15,6.47823,1.18135,4.14096,-65.63472,-1.7589,-10.12142,1.52553,-0.67985,63.22996,-11.089837,-2.824648,0.575228,,,,,,,,,,,,4.56394,-0.40398,-1.05192,50,6.46816,2.23198,-99.18574,-1.34447,4.529,16.43444,-32.57495,POM_COL,PAC_BOX,PomonaPitzer,D3,Team,20260207-PomonaPitzer-2,2dae8e30-0482-11f1-87a1-bbe4b648e251,65.52614,,,5.23027,,,,,,,5ab81c87-aa0e-4d85-b863-dca276aed003,2026-02-08,00:07:37.70,2026-02-07T16:07:37.7049600-08:00,2026-02-08T00:07:37.7049600Z,,v3,POM_PIT,,,"Savas, Peter",1000276389,Right,POM_COL,58f22ba0-3158-4232-834c-8a46147e86fc,56.35884,-100.23382,8.21722,6.48766,0.73295,-16.28747,-1.18506,1.94315,2.2645,,,,,,,,,,,,,,,,,,,,,,,,,,,,,,,,,,,,,,,,,,,,,,,,,,,High,High,High,,,,,
251,2026-02-07,16:07:51.43,4,3,"Della Bitta, Eli",1000323431,Right,POM_COL,"Podratz, Colby",10033713,Right,PAC_BOX,Undefined,5,Top,1,2,0,Fastball,Four-Seam,FoulBallNotFieldable,Undefined,Undefined,Undefined,0,0,,84.86295,-2.414929,-2.855543,2293.778093,205.150156,12:45,6.7447,1.1073,4.18982,-17.22036,25.10482,11.00536,2.99146,-0.714,75.96168,-5.667947,-0.944753,0.468243,,,,,,,,,,,,-6.24922,13.33339,-0.80475,50,6.46226,5.56864,-122.40358,-5.74023,-9.2998,28.46694,-12.3319,POM_COL,PAC_BOX,PomonaPitzer,D3,Team,20260207-PomonaPitzer-2,35cf1760-0482-11f1-87a1-bbe4b648e251,80.49768,,,8.90127,,,,,,,5ab81c87-aa0e-4d85-b863-dca276aed003,2026-02-08,00:07:51.43,2026-02-07T16:07:51.4354688-08:00,2026-02-08T00:07:51.4354688Z,,v3,POM_PIT,,,"Savas, Peter",1000276389,Right,POM_COL,033ba446-86ed-4c9d-adfc-ab9d1ae986ab,56.30485,-123.8612,14.23347,6.74001,-5.10879,-6.16595,-1.10207,6.04482,-4.6499,,,,,,,,,,,,,,,,,,,,,,,,,,,,,,,,,,,,,,,,,,,,,,,,,,,High,High,High,,,,,
252,2026-02-07,16:08:08.11,4,4,"Della Bitta, Eli",1000323431,Right,POM_COL,"Podratz, Colby",10033713,Right,PAC_BOX,Undefined,5,Top,1,2,1,Curveball,Curveball,BallCalled,Undefined,Undefined,Undefined,0,0,,69.20356,0.942663,-1.515415,2266.844493,79.851107,8:45,6.60085,0.94561,4.06148,-62.99767,-0.1013,-12.17981,2.2568,-1.52515,63.60958,-10.235982,-3.631323,0.5708,,,,,,,,,,,,5.36776,0.31484,-0.76094,50,6.63858,3.13953,-100.17479,-0.5775,5.42116,17.10425,-31.85609,POM_COL,PAC_BOX,PomonaPitzer,D3,Team,20260207-PomonaPitzer-2,3fd8abe0-0482-11f1-87a1-bbe4b648e251,66.03438,,,5.59399,,,,,,,5ab81c87-aa0e-4d85-b863-dca276aed003,2026-02-08,00:08:08.11,2026-02-07T16:08:08.1126400-08:00,2026-02-08T00:08:08.1126400Z,,v3,POM_PIT,,,"Savas, Peter",1000276389,Right,POM_COL,bd9388ac-cdac-4367-925e-423ef49c2885,56.43693,-101.26789,8.55213,6.61044,1.45836,-15.92804,-0.95052,2.79308,2.71058,,,,,,,,,,,,,,,,,,,,,,,,,,,,,,,,,,,,,,,,,,,,,,,,,,,High,High,High,,,,,
253,2026-02-07,16:08:22.79,4,5,"Della Bitta, Eli",1000323431,Right,POM_COL,"Podratz, Colby",10033713,Right,PAC_BOX,Undefined,5,Top,1,3,1,Fastball,Four-Seam,StrikeCalled,Undefined,Undefined,Undefined,0,0,,84.50876,-2.55424,-3.184891,2328.171419,212.603065,1:00,6.643,1.06038,4.29484,-17.94536,24.6982,14.70032,2.6994,-0.76362,75.47688,-5.946437,-0.628249,0.47,,,,,,,,,,,,-8.09599,13.19642,-0.73071,50,6.34934,6.05358,-121.80803,-6.02221,-11.91179,28.54457,-12.75792,POM_COL,PAC_BOX,PomonaPitzer,D3,Team,20260207-PomonaPitzer-2,48879260-0482-11f1-87a1-bbe4b648e251,80.19662,,,9.03188,,,,,,,5ab81c87-aa0e-4d85-b863-dca276aed003,2026-02-08,00:08:22.79,2026-02-07T16:08:22.7988480-08:00,2026-02-08T00:08:22.7988480Z,,v3,POM_PIT,,,"Savas, Peter",1000276389,Right,POM_COL,32c97d57-27da-48d6-8066-d05e721a4234,56.19757,-123.25181,14.27228,6.63763,-5.37692,-6.37896,-1.05213,6.65608,-5.95589,,,,,,,,,,,,,,,,,,,,,,,,,,,,,,,,,,,,,,,,,,,,,,,,,,,High,High,High,,,,,
254,2026-02-07,16:08:37.41,4,6,"Della Bitta, Eli",1000323431,Right,POM_COL,"Podratz, Colby",10033713,Right,PAC_BOX,Undefined,5,Top,1,3,2,Curveball,Curveball,BallCalled,Walk,Undefined,Undefined,0,0,,70.35226,0.724979,-1.315271,2137.094995,59.276377,8:00,6.54128,1.10021,4.24367,-64.11299,-3.62666,-9.48906,1.89274,-0.94981,64.65476,-10.670624,-2.970955,0.559758,,,,,,,,,,,,4.17752,-1.36744,-0.94595,50,6.55428,2.71872,-101.88788,-0.98035,4.35775,17.93856,-33.60048,POM_COL,PAC_BOX,PomonaPitzer,D3,Team,20260207-PomonaPitzer-2,514ebbd0-0482-11f1-87a1-bbe4b648e251,67.33706,,,5.6975,,,,,,,5ab81c87-aa0e-4d85-b863-dca276aed003,2026-02-08,00:08:37.41,2026-02-07T16:08:37.4186496-08:00,2026-02-08T00:08:37.4186496Z,,v3,POM_PIT,,,"Savas, Peter",1000276389,Right,POM_COL,0e3c7646-1808-487a-8631-87b961a7f8c8,56.25576,-102.98339,8.96928,6.55149,1.07163,-16.80024,-1.10386,2.4526,2.17887,,,,,,,,,,,,,,,,,,,,,,,,,,,,,,,,,,,,,,,,,,,,,,,,,,,High,High,High,,,,,
255,2026-02-07,16:09:06.34,5,1,"Della Bitta, Eli",1000323431,Right,POM_COL,"Shelor, Will",1000237125,Right,PAC_BOX,Undefined,5,Top,1,0,0,Fastball,Four-Seam,InPlay,Undefined,GroundBall,Single,0,0,,85.13475,-2.869649,-2.627037,2112.403427,224.776947,1:30,6.71488,1.21233,4.25635,-22.95474,18.658,16.99938,2.05046,0.11304,77.00894,-7.083934,0.331858,0.464285,99.06442,4.428156,-25.910069,3143.782087,,,,77.94979,74.18314,-27.558002,0.570012,-9.02552,10.31638,-0.94444,50,6.37913,4.82029,-122.94244,-7.03093,-13.66292,26.86066,-16.55702,POM_COL,PAC_BOX,PomonaPitzer,D3,Team,20260207-PomonaPitzer-2,62704320-0482-11f1-87a1-bbe4b648e251,81.18386,3.13864,,8.12581,,,,1.75232,1.98786,-0.14683,5ab81c87-aa0e-4d85-b863-dca276aed003,2026-02-08,00:09:06.34,2026-02-07T16:09:06.3466496-08:00,2026-02-08T00:09:06.3466496Z,GroundBall,v3,POM_PIT,,,"Savas, Peter",1000276389,Right,POM_COL,13929943-16e2-4c44-88bc-d8740f426864,56.24048,-124.29839,13.43033,6.71296,-6.19512,-8.27851,-1.20519,5.51001,-6.83146,,1.77591,129.74295,-20.45889,,,,,,,2.02073,10.4393,-24.62805,,,,,,,-0.13559,-63.56719,0.91175,,,,,,,,,,,,,,,,,,,,,,,,,,,,,High,High,High,High,High,,,
256,2026-02-07,16:09:42.26,6,1,"Della Bitta, Eli",1000323431,Right,POM_COL,"Collado, Riz",1000397379,Right,PAC_BOX,Undefined,5,Top,1,0,0,Curveball,Curveball,StrikeCalled,Undefined,Undefined,Undefined,0,0,,69.54969,1.860037,-1.120325,2107.91752,76.710745,8:30,6.57427,1.1706,4.0607,-63.27889,-1.11937,-13.25327,3.08845,-1.00998,63.87367,-9.384535,-3.421226,0.567447,,,,,,,,,,,,5.99465,-0.44189,-1.02912,50,6.71483,2.50614,-100.68685,1.01554,6.13025,16.93422,-32.62593,POM_COL,PAC_BOX,PomonaPitzer,D3,Team,20260207-PomonaPitzer-2,77ea0100-0482-11f1-87a1-bbe4b648e251,66.42461,,,5.67602,,,,,,,5ab81c87-aa0e-4d85-b863-dca276aed003,2026-02-08,00:09:42.26,2026-02-07T16:09:42.2617600-08:00,2026-02-08T00:09:42.2617600Z,,v3,POM_PIT,,,"Savas, Peter",1000276389,Right,POM_COL,5a54e37b-ae7f-4ad1-9aeb-eca1d9a05582,56.43826,-101.76392,8.46711,6.58424,3.09065,-16.31297,-1.17612,2.11624,3.06512,,,,,,,,,,,,,,,,,,,,,,,,,,,,,,,,,,,,,,,,,,,,,,,,,,,High,High,High,,,,,
257,2026-02-07,16:09:59.39,6,2,"Della Bitta, Eli",1000323431,Right,POM_COL,"Collado, Riz",1000397379,Right,PAC_BOX,Undefined,5,Top,1,0,1,Curveball,Curveball,StrikeCalled,Undefined,Undefined,Undefined,0,0,,68.98461,2.16344,-1.025335,2105.00514,70.780316,8:15,6.52543,1.14686,4.13165,-65.73468,-2.75189,-13.68044,3.12404,-0.97678,63.41184,-9.522848,-3.403415,0.571192,,,,,,,,,,,,6.24961,-1.31614,-1.01716,50,6.69608,2.33316,-99.88722,1.46266,6.29295,16.59283,-33.49933,POM_COL,PAC_BOX,PomonaPitzer,D3,Team,20260207-PomonaPitzer-2,82233100-0482-11f1-87a1-bbe4b648e251,65.98905,,,5.57277,,,,,,,5ab81c87-aa0e-4d85-b863-dca276aed003,2026-02-08,00:09:59.39,2026-02-07T16:09:59.3923584-08:00,2026-02-08T00:09:59.3923584Z,,v3,POM_PIT,,,"Savas, Peter",1000276389,Right,POM_COL,2343cebe-e360-4552-8605-35e46813a801,56.36818,-100.93953,8.29641,6.53595,3.58718,-16.74967,-1.15247,1.93406,3.14647,,,,,,,,,,,,,,,,,,,,,,,,,,,,,,,,,,,,,,,,,,,,,,,,,,,High,High,High,,,,,
258,2026-02-07,16:10:18.62,6,3,"Della Bitta, Eli",1000323431,Right,POM_COL,"Collado, Riz",1000397379,Right,PAC_BOX,Undefined,5,Top,1,0,2,Curveball,Curveball,BallCalled,Undefined,Undefined,Undefined,0,0,,70.53468,0.537761,-0.191731,2363.374765,59.259109,8:00,6.55316,1.06927,3.95367,-66.81649,-6.00784,-13.51442,1.50263,-0.24144,64.8842,-11.257935,-2.540628,0.561247,,,,,,,,,,,,6.40229,-2.45827,-1.03104,50,6.53932,0.89553,-102.15365,-1.49365,6.70923,18.1291,-34.75018,POM_COL,PAC_BOX,PomonaPitzer,D3,Team,20260207-PomonaPitzer-2,8d9667a0-0482-11f1-87a1-bbe4b648e251,67.15836,,,5.65048,,,,,,,5ab81c87-aa0e-4d85-b863-dca276aed003,2026-02-08,00:10:18.62,2026-02-07T16:10:18.6280448-08:00,2026-02-08T00:10:18.6280448Z,,v3,POM_PIT,,,"Savas, Peter",1000276389,Right,POM_COL,76c91f6f-0333-4bad-8286-4a324c4edce4,56.54703,-103.30901,9.06455,6.56394,0.72097,-17.37509,-1.07448,0.46795,3.35461,,,,,,,,,,,,,,,,,,,,,,,,,,,,,,,,,,,,,,,,,,,,,,,,,,,High,High,High,,,,,
259,2026-02-07,16:10:34.85,6,4,"Della Bitta, Eli",1000323431,Right,POM_COL,"Collado, Riz",1000397379,Right,PAC_BOX,Undefined,5,Top,1,1,2,Fastball,Four-Seam,BallCalled,Undefined,Undefined,Undefined,0,0,,85.63058,-3.812875,-4.626017,2209.683843,213.427698,1:00,6.56365,1.17061,4.29881,-15.77485,25.61679,15.86237,1.58556,-1.94095,77.10007,-6.795878,-1.874729,0.46305,,,,,,,,,,,,-9.04327,13.95339,-0.68556,50,6.13452,9.18828,-123.2251,-8.74146,-13.74061,27.18432,-10.97286,POM_COL,PAC_BOX,PomonaPitzer,D3,Team,20260207-PomonaPitzer-2,97349020-0482-11f1-87a1-bbe4b648e251,81.4004,,,8.53051,,,,,,,5ab81c87-aa0e-4d85-b863-dca276aed003,2026-02-08,00:10:34.85,2026-02-07T16:10:34.8587520-08:00,2026-02-08T00:10:34.8587520Z,,v3,POM_PIT,,,"Savas, Peter",1000276389,Right,POM_COL,fd7eb128-da28-4b91-a9b3-b700ffcf9cb9,56.19601,-124.58449,13.59216,6.55792,-8.19275,-5.48643,-1.16221,9.8754,-6.87031,,,,,,,,,,,,,,,,,,,,,,,,,,,,,,,,,,,,,,,,,,,,,,,,,,,High,High,High,,,,,
260,2026-02-07,16:10:54.09,6,5,"Della Bitta, Eli",1000323431,Right,POM_COL,"Collado, Riz",1000397379,Right,PAC_BOX,Undefined,5,Top,1,2,2,ChangeUp,Changeup,FoulBallNotFieldable,Undefined,Undefined,Undefined,0,0,,76.6248,-2.008354,-3.069609,1624.20135,221.652221,1:30,6.50166,1.00545,4.50938,-32.37226,17.80162,14.39206,1.88726,-0.72216,70.42773,-7.88282,-0.553829,0.509812,,,,,,,,,,,,-7.80583,9.68469,-0.69837,50,6.26109,5.33442,-110.88687,-5.01334,-9.75445,19.1496,-20.0717,POM_COL,PAC_BOX,PomonaPitzer,D3,Team,20260207-PomonaPitzer-2,a2b645b0-0482-11f1-87a1-bbe4b648e251,73.93395,,,6.19707,,,,,,,5ab81c87-aa0e-4d85-b863-dca276aed003,2026-02-08,00:10:54.09,2026-02-07T16:10:54.0964864-08:00,2026-02-08T00:10:54.0964864Z,,v3,POM_PIT,,,"Savas, Peter",1000276389,Right,POM_COL,552fc74e-3b2b-4b01-8b73-b461b55ecb27,55.98757,-111.91612,9.5748,6.50155,-3.93453,-10.03585,-0.99917,5.8587,-4.87722,,,,,,,,,,,,,,,,,,,,,,,,,,,,,,,,,,,,,,,,,,,,,,,,,,,High,High,High,,,,,
261,2026-02-07,16:11:17.72,6,6,"Della Bitta, Eli",1000323431,Right,POM_COL,"Collado, Riz",1000397379,Right,PAC_BOX,Undefined,5,Top,1,2,2,Fastball,Four-Seam,InPlay,Undefined,FlyBall,Sacrifice,1,1,,85.63943,-1.114913,-2.878459,2123.949467,212.686716,1:00,6.60396,1.13741,4.15721,-20.51277,20.61489,12.28883,3.82415,-0.60059,77.38658,-4.912509,-0.745846,0.461571,92.21889,19.270401,7.505918,1686.226949,108.3072,34.7801,19.22333,324.75309,312.75294,14.171905,3.663026,-6.79237,10.65784,-0.83226,50,6.46027,5.62167,-123.77406,-3.17305,-10.44538,26.71235,-15.78435,POM_COL,PAC_BOX,PomonaPitzer,D3,Team,20260207-PomonaPitzer-2,b0ca65f0-0482-11f1-87a1-bbe4b648e251,81.6612,42.10269,,8.25285,,,,1.69406,3.94419,0.59404,5ab81c87-aa0e-4d85-b863-dca276aed003,2026-02-08,00:11:17.72,2026-02-07T16:11:17.7296384-08:00,2026-02-08T00:11:17.7296384Z,LineDrive,v3,POM_PIT,,,"Savas, Peter",1000276389,Right,POM_COL,4adfcba6-e986-4996-8ed0-e95df1119248,56.33939,-125.13472,13.35617,6.60142,-2.36904,-7.89218,-1.13216,6.15373,-5.22269,212.471509,1.69417,126.57942,-20.50574,4.37588,-0.83852,0.15594,-0.02883,0.00398,-0.00024,3.94386,44.64598,-13.3289,0.08393,0.06352,-0.02323,0.00793,-0.00093,1E-05,0.59372,16.6866,3.64153,-1.25657,0.2917,-0.05873,0.01231,-0.00196,0.00014,,,,,,,,,,,,,,,,,,,,,,,High,High,High,High,High,,,
262,2026-02-07,16:12:02.33,7,1,"Della Bitta, Eli",1000323431,Right,POM_COL,"Ditona, Zander",1000072695,Right,PAC_BOX,Undefined,5,Top,2,0,0,Curveball,Curveball,StrikeCalled,Undefined,Undefined,Undefined,0,0,,69.01645,1.197758,-1.156698,2141.786443,63.980063,8:15,6.51121,1.14695,4.29619,-64.07858,-1.64874,-7.46146,2.31718,-0.58118,63.63011,-10.211442,-2.459175,0.568679,,,,,,,,,,,,3.26567,-0.5163,-1.01348,50,6.57592,2.31122,-100.00075,-0.11978,3.29942,16.46624,-32.69567,POM_COL,PAC_BOX,PomonaPitzer,D3,Team,20260207-PomonaPitzer-2,cb7184b0-0482-11f1-87a1-bbe4b648e251,66.28064,,,5.38633,,,,,,,5ab81c87-aa0e-4d85-b863-dca276aed003,2026-02-08,00:12:02.33,2026-02-07T16:12:02.3330304-08:00,2026-02-08T00:12:02.3330304Z,,v3,POM_PIT,,,"Savas, Peter",1000276389,Right,POM_COL,4f5d714b-31b8-493c-9827-2b811ae1c1ed,56.20301,-101.01698,8.23312,6.52105,1.89807,-16.34784,-1.14984,2.10759,1.64971,,,,,,,,,,,,,,,,,,,,,,,,,,,,,,,,,,,,,,,,,,,,,,,,,,,High,High,High,,,,,
263,2026-02-07,16:12:20.32,7,2,"Della Bitta, Eli",1000323431,Right,POM_COL,"Ditona, Zander",1000072695,Right,PAC_BOX,Undefined,5,Top,2,0,1,Curveball,Curveball,InPlay,Undefined,LineDrive,Single,0,2,,69.83985,1.033548,-1.163905,2146.140841,63.828354,8:15,6.51048,1.13939,4.26434,-61.91082,-1.24524,-6.25174,2.34055,-0.49547,64.72382,-9.968166,-2.254622,0.560586,86.56437,16.276763,-22.360023,887.43706,100.4262,19.47276,-44.88398,214.70538,206.93655,-26.402427,2.122492,2.73209,-0.42055,-1.00566,50,6.55906,2.29959,-101.28278,-0.32364,2.84802,15.99391,-32.61245,POM_COL,PAC_BOX,PomonaPitzer,D3,Team,20260207-PomonaPitzer-2,d622a3d0-0482-11f1-87a1-bbe4b648e251,67.23752,19.47189,,5.11603,,,,1.60135,2.33986,0.58372,5ab81c87-aa0e-4d85-b863-dca276aed003,2026-02-08,00:12:20.32,2026-02-07T16:12:20.3203072-08:00,2026-02-08T00:12:20.3203072Z,LineDrive,v3,POM_PIT,,,"Savas, Peter",1000276389,Right,POM_COL,110906d2-c1bd-4c38-aec2-e6ed010e4899,56.23681,-102.26291,7.99696,6.51765,1.6749,-16.30623,-1.14123,2.12506,1.42401,,1.60135,112.70882,-15.08523,2.99518,-0.626,0.11656,-0.02308,0.00372,-0.0003,2.33986,35.58425,-19.85713,1.66124,-0.30148,0.05387,-0.00724,0.00103,-9E-05,0.58372,-46.36322,-0.24009,0.68759,-0.24896,0.06761,-0.0157,0.00275,-0.00025,,,,,,,,,,,,,,,,,,,,,,,High,High,High,High,High,,,
264,2026-02-07,16:15:29.54,8,1,"Brunngraber, Max",1000276385,Right,POM_COL,"Bergman, Miles",10273449,Right,PAC_BOX,Undefined,5,Top,2,0,0,Fastball,Changeup,BallCalled,Undefined,Undefined,Undefined,0,0,,85.08624,1.369153,-3.208242,2213.236364,234.24224,1:45,5.26912,2.16172,6.12247,-26.2184,11.99516,15.03568,4.3522,0.44571,77.79239,-3.556056,-0.504017,0.444918,,,,,,,,,,,,-8.57603,6.18138,-1.92339,50,5.36036,6.32421,-123.48818,2.16638,-13.28576,23.84236,-22.59803,POM_COL,PAC_BOX,PomonaPitzer,D3,Team,20260207-PomonaPitzer-2,46d8b470-0483-11f1-87a1-bbe4b648e251,84.71768,,,7.29385,,,,,,,5ab81c87-aa0e-4d85-b863-dca276aed003,2026-02-08,00:15:29.54,2026-02-07T16:15:29.5445504-08:00,2026-02-08T00:15:29.5445504Z,,v3,POM_PIT,,,"Savas, Peter",1000276389,Right,POM_COL,d412354c-1c1e-4c74-a827-989422443120,54.37578,-124.33015,11.92118,5.26977,2.96442,-11.29902,-2.15501,6.79339,-6.64288,,,,,,,,,,,,,,,,,,,,,,,,,,,,,,,,,,,,,,,,,,,,,,,,,,,High,High,High,,,,,
265,2026-02-07,16:15:46.97,8,2,"Brunngraber, Max",1000276385,Right,POM_COL,"Bergman, Miles",10273449,Right,PAC_BOX,Undefined,5,Top,2,1,0,Fastball,Changeup,FoulBallNotFieldable,Undefined,Undefined,Undefined,0,0,,84.89823,0.073973,-3.439945,2093.250954,239.917421,2:00,5.03936,2.17089,5.97609,-28.58399,9.92012,15.1215,2.72606,0.23831,77.97109,-5.249343,-0.727004,0.446606,73.02646,33.45075,39.805073,5301.131554,,,,,106.59115,,,-8.6817,5.42949,-1.90699,50,5.02928,6.81234,-123.2465,-0.74452,-13.42497,23.26633,-23.77816,POM_COL,PAC_BOX,PomonaPitzer,D3,Team,20260207-PomonaPitzer-2,51432da0-0483-11f1-87a1-bbe4b648e251,84.39744,60.5604,,6.92714,,,,0.03355,3.12741,-0.27333,5ab81c87-aa0e-4d85-b863-dca276aed003,2026-02-08,00:15:46.97,2026-02-07T16:15:46.9770240-08:00,2026-02-08T00:15:46.9770240Z,,v3,POM_PIT,,,"Savas, Peter",1000276389,Right,POM_COL,544ea098-f132-41b7-9f23-93268e805c67,54.52375,-124.09755,11.63316,5.0406,0.12525,-11.88908,-2.16515,7.30341,-6.71248,,0.03355,68.65211,-15.1236,3.04522,-0.67569,0.11658,-0.02017,0.00361,-0.00043,3.12741,59.03858,-14.6921,0.83411,-0.00599,-0.00736,0.00534,-0.00115,1E-05,-0.27333,57.20908,-3.47191,-0.25088,0.20085,-0.05966,0.01337,-0.00198,9E-05,,,,,,,,,,,,,,,,,,,,,,,High,High,High,Medium,Undefined,,,
266,2026-02-07,16:16:14.01,8,3,"Brunngraber, Max",1000276385,Right,POM_COL,"Bergman, Miles",10273449,Right,PAC_BOX,Undefined,5,Top,2,1,1,Cutter,Slider,BallCalled,Undefined,Undefined,Undefined,0,0,,79.52223,1.40197,-3.64857,2255.917802,155.799989,11:15,5.02587,2.07104,5.5984,-33.04663,11.83371,-4.6878,3.58379,-1.73053,72.67188,-4.718544,-4.481336,0.482169,,,,,,,,,,,,1.34268,6.02807,-1.755,50,5.12499,7.52971,-115.19013,1.78964,1.80279,21.53361,-24.08029,POM_COL,PAC_BOX,PomonaPitzer,D3,Team,20260207-PomonaPitzer-2,615fef20-0483-11f1-87a1-bbe4b648e251,78.17266,,,6.85035,,,,,,,5ab81c87-aa0e-4d85-b863-dca276aed003,2026-02-08,00:16:14.01,2026-02-07T16:16:14.0155904-08:00,2026-02-08T00:16:14.0155904Z,,v3,POM_PIT,,,"Savas, Peter",1000276389,Right,POM_COL,7a0ed908-4db6-43e2-992e-dc9b9e00ae9c,54.89829,-116.10221,10.7668,5.02759,2.80958,-12.04014,-2.07231,7.45335,0.90139,,,,,,,,,,,,,,,,,,,,,,,,,,,,,,,,,,,,,,,,,,,,,,,,,,,High,High,High,,,,,
267,2026-02-07,16:16:32.39,8,4,"Brunngraber, Max",1000276385,Right,POM_COL,"Bergman, Miles",10273449,Right,PAC_BOX,Undefined,5,Top,2,2,1,Fastball,Changeup,FoulBallNotFieldable,Undefined,Undefined,Undefined,0,0,,84.22675,0.791314,-3.432804,2152.510949,217.44887,1:15,5.11032,2.19193,5.57239,-30.50293,9.49052,6.29445,3.30891,-0.49381,76.86723,-4.855083,-2.313104,0.455162,,,,,,,,,,,,-4.15677,4.95197,-1.90023,50,5.15867,7.06396,-122.08677,0.66514,-6.26826,24.23621,-24.70666,POM_COL,PAC_BOX,PomonaPitzer,D3,Team,20260207-PomonaPitzer-2,6c562d90-0483-11f1-87a1-bbe4b648e251,82.81105,,,7.35953,,,,,,,5ab81c87-aa0e-4d85-b863-dca276aed003,2026-02-08,00:16:32.39,2026-02-07T16:16:32.3920896-08:00,2026-02-08T00:16:32.3920896Z,,v3,POM_PIT,,,"Savas, Peter",1000276389,Right,POM_COL,dcb258ee-0c40-4971-ba43-e2cb92fe8618,54.92597,-123.06077,12.11811,5.11199,1.65804,-12.35333,-2.18918,7.31586,-3.13413,,,,,,,,,,,,,,,,,,,,,,,,,,,,,,,,,,,,,,,,,,,,,,,,,,,High,High,High,,,,,
268,2026-02-07,16:16:55.44,8,5,"Brunngraber, Max",1000276385,Right,POM_COL,"Bergman, Miles",10273449,Right,PAC_BOX,Undefined,5,Top,2,2,2,Slider,Curveball,FoulBallNotFieldable,Undefined,Undefined,Undefined,0,0,,74.6204,1.780403,-1.242645,2298.855263,129.796436,10:15,4.81173,2.19167,5.40307,-40.0951,11.71957,-11.88977,3.13966,0.03631,67.47594,-5.647676,-3.354479,0.518081,,,,,,,,,,,,5.58764,5.8404,-2.07229,50,4.94279,2.79361,-108.1024,2.14182,6.52052,21.28014,-25.35858,POM_COL,PAC_BOX,PomonaPitzer,D3,Team,20260207-PomonaPitzer-2,7a61c250-0483-11f1-87a1-bbe4b648e251,72.75393,,,7.14446,,,,,,,5ab81c87-aa0e-4d85-b863-dca276aed003,2026-02-08,00:16:55.44,2026-02-07T16:16:55.4438144-08:00,2026-02-08T00:16:55.4438144Z,,v3,POM_PIT,,,"Savas, Peter",1000276389,Right,POM_COL,95f1b23f-8351-417c-9ddc-8588621dd1ba,55.09324,-109.10041,10.64007,4.81445,3.3311,-12.67929,-2.19613,2.48781,3.26026,,,,,,,,,,,,,,,,,,,,,,,,,,,,,,,,,,,,,,,,,,,,,,,,,,,High,High,High,,,,,
269,2026-02-07,16:17:26.12,8,6,"Brunngraber, Max",1000276385,Right,POM_COL,"Bergman, Miles",10273449,Right,PAC_BOX,Undefined,5,Top,2,2,2,Slider,Curveball,InPlay,Undefined,FlyBall,Out,1,0,,74.03028,2.210393,-1.554047,2477.759114,125.695842,10:15,4.80605,2.25561,5.32844,-42.15223,10.30473,-11.95662,3.3692,-0.19931,67.39508,-5.554597,-3.673637,0.521282,,,,,,,,,,,,5.56445,4.99083,-2.10603,50,4.97586,3.35552,-107.2897,2.84447,6.44308,19.71032,-26.39519,POM_COL,PAC_BOX,PomonaPitzer,D3,Team,20260207-PomonaPitzer-2,8c6719f0-0483-11f1-87a1-bbe4b648e251,72.30716,,,6.6352,,,,,,,5ab81c87-aa0e-4d85-b863-dca276aed003,2026-02-08,00:17:26.12,2026-02-07T16:17:26.1291008-08:00,2026-02-08T00:17:26.1291008Z,,v3,POM_PIT,,,"Savas, Peter",1000276389,Right,POM_COL,658be694-450d-4f44-8033-fa2aa812314f,55.16959,-108.23525,9.85516,4.80904,4.1107,-13.19759,-2.25959,3.04643,3.22154,,,,,,,,,,,,,,,,,,,,,,,,,,,,,,,,,,,,,,,,,,,,,,,,,,,High,High,High,,,,,
270,2026-02-07,16:19:57.07,1,1,"McGeen, Gannon",10327649,Left,PAC_BOX,"Lee, Sammy",1000276388,Right,POM_COL,Undefined,5,Bottom,0,0,0,Fastball,Sinker,BallCalled,Undefined,Undefined,Undefined,0,0,,86.55066,-3.727835,2.007585,2071.864295,130.496427,10:15,6.15491,-1.63793,5.15269,-22.06174,16.63863,-17.92969,0.8,-1.24139,78.96525,-7.808074,-1.168001,0.447743,,,,,,,,,,,,9.48717,9.76367,1.46454,50,5.78946,-3.58024,-125.21844,-8.91773,14.99374,26.37094,-16.7433,POM_COL,PAC_BOX,PomonaPitzer,D3,Team,20260207-PomonaPitzer-2,e6582800-0483-11f1-87a1-bbe4b648e251,84.18314,,,7.58541,,,,,,,5ab81c87-aa0e-4d85-b863-dca276aed003,2026-02-08,00:19:57.07,2026-02-07T16:19:57.0729472-08:00,2026-02-08T00:19:57.0729472Z,,v3,POM_PIT,,,"Podratz, Colby",10033713,Right,PAC_BOX,c35fe9c6-f133-4194-8345-7da9afd4bbc0,55.34485,-126.33905,13.18547,6.15329,-8.20624,-8.37165,1.63022,-4.21738,7.49687,,,,,,,,,,,,,,,,,,,,,,,,,,,,,,,,,,,,,,,,,,,,,,,,,,,High,High,High,,,,,
271,2026-02-07,16:20:14.93,1,2,"McGeen, Gannon",10327649,Left,PAC_BOX,"Lee, Sammy",1000276388,Right,POM_COL,Undefined,5,Bottom,0,1,0,Fastball,Four-Seam,HitByPitch,Undefined,Undefined,Undefined,0,0,,85.27687,-3.23598,4.271974,2038.49088,158.618625,11:15,6.03006,-1.37264,5.78889,-18.62603,20.41497,-7.46666,1.45593,1.98664,77.65435,-6.764335,2.940138,0.449709,,,,,,,,,,,,5.07189,11.76922,1.02484,50,5.75162,-8.90593,-123.28538,-7.51523,7.76553,25.69907,-14.15428,POM_COL,PAC_BOX,PomonaPitzer,D3,Team,20260207-PomonaPitzer-2,f0faa120-0483-11f1-87a1-bbe4b648e251,83.81515,,,7.62252,,,,,,,5ab81c87-aa0e-4d85-b863-dca276aed003,2026-02-08,00:20:14.93,2026-02-07T16:20:14.9367808-08:00,2026-02-08T00:20:14.9367808Z,,v3,POM_PIT,,,"Podratz, Colby",10033713,Right,PAC_BOX,c209180c-8bd3-40e5-87a4-06dc666b5678,54.70877,-124.26306,12.84953,6.02728,-6.97676,-7.07714,1.36927,-9.20135,3.88277,,,,,,,,,,,,,,,,,,,,,,,,,,,,,,,,,,,,,,,,,,,,,,,,,,,High,High,High,,,,,
272,2026-02-07,16:21:11.57,2,1,"McGeen, Gannon",10327649,Left,PAC_BOX,"Gonzaga, Kai",10138924,Left,POM_COL,Undefined,5,Bottom,0,0,0,Fastball,Changeup,BallCalled,Undefined,Undefined,Undefined,0,0,,84.90464,-3.123839,3.103608,1953.628084,146.406747,11:00,6.01933,-1.49283,5.35771,-22.04989,17.70253,-10.88697,1.24508,0.51335,77.70863,-7.222713,1.171584,0.453788,,,,,,,,,,,,6.32603,10.14914,1.22169,50,5.72259,-6.19675,-122.89195,-7.42988,9.67345,24.37277,-16.65456,POM_COL,PAC_BOX,PomonaPitzer,D3,Team,20260207-PomonaPitzer-2,12c09080-0484-11f1-87a1-bbe4b648e251,83.06177,,,7.19601,,,,,,,5ab81c87-aa0e-4d85-b863-dca276aed003,2026-02-08,00:21:11.57,2026-02-07T16:21:11.5745280-08:00,2026-02-08T00:21:11.5745280Z,,v3,POM_PIT,,,"Podratz, Colby",10033713,Right,PAC_BOX,59803364-036f-459a-a825-06c2e7a94b45,55.13995,-123.90714,12.18638,6.01761,-6.73617,-8.32728,1.48819,-6.59968,4.83672,,,,,,,,,,,,,,,,,,,,,,,,,,,,,,,,,,,,,,,,,,,,,,,,,,,High,High,High,,,,,
273,2026-02-07,16:21:47.21,2,2,"McGeen, Gannon",10327649,Left,PAC_BOX,"Gonzaga, Kai",10138924,Left,POM_COL,Undefined,5,Bottom,0,1,0,Slider,Slider,BallCalled,Undefined,Undefined,Undefined,0,0,,73.50358,0.736469,3.316639,2020.997652,214.006422,1:15,6.04299,-1.89155,5.03405,-38.00597,16.20257,9.65918,3.57185,2.04597,66.68085,-6.257819,5.015678,0.529914,,,,,,,,,,,,-3.71642,8.36437,1.56646,50,6.08392,-6.54037,-106.27596,0.19023,-4.2033,20.09907,-22.71386,POM_COL,PAC_BOX,PomonaPitzer,D3,Team,20260207-PomonaPitzer-2,280311c0-0484-11f1-87a1-bbe4b648e251,71.12937,,,6.82273,,,,,,,5ab81c87-aa0e-4d85-b863-dca276aed003,2026-02-08,00:21:47.21,2026-02-07T16:21:47.2119808-08:00,2026-02-08T00:21:47.2119808Z,,v3,POM_PIT,,,"Podratz, Colby",10033713,Right,PAC_BOX,4b8f1732-6978-4905-86c0-f4d272ac4e67,55.4592,-107.30345,10.04954,6.04451,1.35139,-11.35693,1.89532,-6.3255,-2.10165,,,,,,,,,,,,,,,,,,,,,,,,,,,,,,,,,,,,,,,,,,,,,,,,,,,High,High,High,,,,,
274,2026-02-07,16:22:06.59,2,3,"McGeen, Gannon",10327649,Left,PAC_BOX,"Gonzaga, Kai",10138924,Left,POM_COL,Undefined,5,Bottom,0,2,0,Fastball,Changeup,StrikeCalled,Undefined,Undefined,Undefined,0,0,,84.12893,-1.604323,3.06789,2009.678173,159.746767,11:15,6.1522,-1.35344,5.45875,-21.96131,18.10934,-6.223,2.81783,1.00239,77.22713,-5.701246,1.962216,0.455601,,,,,,,,,,,,3.92823,9.91725,1.08721,50,5.99577,-6.27244,-121.95931,-4.11027,5.94574,22.87612,-17.16332,POM_COL,PAC_BOX,PomonaPitzer,D3,Team,20260207-PomonaPitzer-2,33e250a0-0484-11f1-87a1-bbe4b648e251,82.73128,,,6.9018,,,,,,,5ab81c87-aa0e-4d85-b863-dca276aed003,2026-02-08,00:22:06.59,2026-02-07T16:22:06.5930752-08:00,2026-02-08T00:22:06.5930752Z,,v3,POM_PIT,,,"Podratz, Colby",10033713,Right,PAC_BOX,86304db8-afc4-4c79-9313-b94b63f335f4,55.03808,-122.90068,11.43806,6.15037,-3.40399,-8.58166,1.35036,-6.51711,2.97287,,,,,,,,,,,,,,,,,,,,,,,,,,,,,,,,,,,,,,,,,,,,,,,,,,,High,High,High,,,,,
275,2026-02-07,16:22:26.85,2,4,"McGeen, Gannon",10327649,Left,PAC_BOX,"Gonzaga, Kai",10138924,Left,POM_COL,Undefined,5,Bottom,0,2,1,Fastball,Four-Seam,StrikeCalled,Undefined,Undefined,Undefined,0,0,,84.19018,-2.175171,3.394355,2090.757045,160.539752,11:15,6.1811,-1.40691,5.5654,-20.71312,19.28781,-6.36185,2.41846,1.23759,77.11569,-6.059005,2.262401,0.455204,,,,,,,,,,,,4.11666,10.71713,1.11801,50,5.97963,-6.96491,-121.95147,-5.26285,6.21396,23.45909,-15.99683,POM_COL,PAC_BOX,PomonaPitzer,D3,Team,20260207-PomonaPitzer-2,3f9aa690-0484-11f1-87a1-bbe4b648e251,82.80334,,,7.07449,,,,,,,5ab81c87-aa0e-4d85-b863-dca276aed003,2026-02-08,00:22:26.85,2026-02-07T16:22:26.8591616-08:00,2026-02-08T00:22:26.8591616Z,,v3,POM_PIT,,,"Podratz, Colby",10033713,Right,PAC_BOX,84e5a785-677a-4704-a9a2-1b40349407c7,54.93089,-122.89633,11.72955,6.17863,-4.61854,-7.99842,1.40358,-7.21519,3.10698,,,,,,,,,,,,,,,,,,,,,,,,,,,,,,,,,,,,,,,,,,,,,,,,,,,High,High,High,,,,,
276,2026-02-07,16:22:50.06,2,5,"McGeen, Gannon",10327649,Left,PAC_BOX,"Gonzaga, Kai",10138924,Left,POM_COL,Undefined,5,Bottom,0,2,2,Slider,Curveball,InPlay,Undefined,Popup,Out,1,0,,74.93635,0.456966,1.55278,2082.739685,235.62147,1:45,5.94031,-1.53039,4.99846,-41.49337,10.30914,12.55288,2.9141,0.98198,68.41144,-7.119042,3.767192,0.51802,48.41848,51.775288,-4.552734,,,,,,432.68095,,,-5.79406,5.45524,1.37024,50,5.95099,-3.43322,-108.61727,-0.49158,-6.87251,20.29019,-25.70343,POM_COL,PAC_BOX,PomonaPitzer,D3,Team,20260207-PomonaPitzer-2,4dc50df0-0484-11f1-87a1-bbe4b648e251,72.76249,44.14721,,6.5249,,,,2.14241,3.00422,-0.93438,5ab81c87-aa0e-4d85-b863-dca276aed003,2026-02-08,00:22:50.06,2026-02-07T16:22:50.0696064-08:00,2026-02-08T00:22:50.0696064Z,,v3,POM_PIT,,,"Podratz, Colby",10033713,Right,PAC_BOX,74a0675b-c13c-486f-afa1-60ff7c108501,55.49957,-109.6398,10.1451,5.94312,0.80375,-12.85172,1.53453,-3.08688,-3.43625,,2.14241,43.80087,21.83575,-4.26271,0.97403,-0.23928,0.06,-0.01388,0.0021,3.00422,55.78763,11.52968,-3.56117,0.86146,-0.20904,0.05263,-0.01244,0.00196,-0.93438,-3.48777,-2.77166,0.50469,-0.1151,0.02801,-0.00697,0.00157,-0.00023,,,,,,,,,,,,,,,,,,,,,,,High,High,High,Low,Undefined,,,
277,2026-02-07,16:23:24.42,3,1,"McGeen, Gannon",10327649,Left,PAC_BOX,"Pierantoni, Greg",1000091552,Right,POM_COL,Undefined,5,Bottom,1,0,0,Fastball,Four-Seam,BallinDirt,Undefined,Undefined,Undefined,0,0,,86.1465,-5.445788,3.314478,2059.687482,158.624094,11:15,6.0284,-1.62255,5.59191,-19.99942,18.49308,-6.7365,-0.74694,0.91431,79.08581,-9.156686,2.114146,0.446539,,,,,,,,,,,,4.40898,11.33449,1.34265,50,5.54642,-6.93345,-124.38376,-12.50466,6.90097,25.15962,-14.43318,POM_COL,PAC_BOX,PomonaPitzer,D3,Team,20260207-PomonaPitzer-2,61e38190-0484-11f1-87a1-bbe4b648e251,84.41018,,,7.06069,,,,,,,5ab81c87-aa0e-4d85-b863-dca276aed003,2026-02-08,00:23:24.42,2026-02-07T16:23:24.4283392-08:00,2026-02-08T00:23:24.4283392Z,,v3,POM_PIT,,,"Podratz, Colby",10033713,Right,PAC_BOX,4730ada5-3f0a-4ab7-bc3f-fe9419fa7012,54.90877,-125.37274,12.57981,6.02681,-11.93732,-7.21659,1.62053,-7.20471,3.45049,,,,,,,,,,,,,,,,,,,,,,,,,,,,,,,,,,,,,,,,,,,,,,,,,,,High,High,High,,,,,
278,2026-02-07,16:23:52.16,3,2,"McGeen, Gannon",10327649,Left,PAC_BOX,"Pierantoni, Greg",1000091552,Right,POM_COL,Undefined,5,Bottom,1,1,0,Fastball,Four-Seam,InPlay,Undefined,LineDrive,Double,0,1,,85.1294,-1.514769,2.176334,2065.84704,156.78874,11:15,6.10525,-1.45886,5.65032,-17.89143,21.24509,-8.54378,3.20013,-0.14001,77.39289,-4.924199,0.651239,0.450259,94.0295,7.416188,-6.242655,925.069203,,,,133.09811,133.09811,-7.532517,1.090811,4.97866,11.61757,1.2799,50,5.96571,-4.33619,-123.44446,-3.77206,7.64198,25.78403,-14.34177,POM_COL,PAC_BOX,PomonaPitzer,D3,Team,20260207-PomonaPitzer-2,727461a0-0484-11f1-87a1-bbe4b648e251,83.71277,7.06632,,7.73651,,,,0.60074,3.11302,0.13599,5ab81c87-aa0e-4d85-b863-dca276aed003,2026-02-08,00:23:52.16,2026-02-07T16:23:52.1695744-08:00,2026-02-08T00:23:52.1695744Z,LineDrive,v3,POM_PIT,,,"Podratz, Colby",10033713,Right,PAC_BOX,e85c5feb-97a2-46db-bd5c-df83141d2e8f,54.84701,-124.45274,12.89201,6.10225,-3.21122,-7.17089,1.45531,-4.63504,3.82099,49.324665,0.60074,135.94513,-16.05339,2.07349,-0.45664,0.09055,-0.01784,0.00329,-0.00035,3.11302,17.8008,-20.94783,2.18863,-0.39696,0.09085,-0.01716,0.00295,-0.00033,0.13599,-14.87077,-1.18068,0.0697,-0.04035,0.00706,-0.00135,0.00024,-2E-05,,,,,,,,,,,,,,,,,,,,,,,High,High,High,High,High,,,
279,2026-02-07,16:24:37.37,4,1,"McGeen, Gannon",10327649,Left,PAC_BOX,"Gold, Jack",1000108729,Left,POM_COL,Undefined,5,Bottom,1,0,0,Slider,Slider,StrikeCalled,Undefined,Undefined,Undefined,0,0,,75.17913,-0.07002,2.551863,2079.756067,200.95265,12:45,5.90163,-1.62563,4.92168,-36.17679,15.70686,5.32134,2.82064,1.23198,68.2745,-6.713707,3.488121,0.518426,,,,,,,,,,,,-1.82331,8.31508,1.37216,50,5.86559,-5.06579,-108.77667,-1.30116,-2.16413,20.75072,-22.30475,POM_COL,PAC_BOX,PomonaPitzer,D3,Team,20260207-PomonaPitzer-2,8d75ae50-0484-11f1-87a1-bbe4b648e251,72.70554,,,6.90463,,,,,,,5ab81c87-aa0e-4d85-b863-dca276aed003,2026-02-08,00:24:37.37,2026-02-07T16:24:37.3717504-08:00,2026-02-08T00:24:37.3717504Z,,v3,POM_PIT,,,"Podratz, Colby",10033713,Right,PAC_BOX,101d11cd-aefb-4868-9f8e-e30032462e89,55.5715,-109.83438,10.37536,5.90294,-0.16425,-11.15237,1.62756,-4.95549,-1.08207,,,,,,,,,,,,,,,,,,,,,,,,,,,,,,,,,,,,,,,,,,,,,,,,,,,High,High,High,,,,,
280,2026-02-07,16:24:55.54,4,2,"McGeen, Gannon",10327649,Left,PAC_BOX,"Gold, Jack",1000108729,Left,POM_COL,Undefined,5,Bottom,1,0,1,Slider,Slider,StrikeSwinging,Undefined,Undefined,Undefined,0,0,,75.79033,-0.108212,2.63965,2070.021458,208.478842,1:00,5.82211,-1.81144,5.13286,-36.72904,14.02973,6.63697,2.65934,1.22923,68.73222,-6.870968,3.811842,0.512775,,,,,,,,,,,,-2.44843,7.55315,1.55844,50,5.7843,-5.32387,-109.67513,-1.37688,-2.94644,21.57241,-23.08466,POM_COL,PAC_BOX,PomonaPitzer,D3,Team,20260207-PomonaPitzer-2,984a5b00-0484-11f1-87a1-bbe4b648e251,73.50677,,,7.05811,,,,,,,5ab81c87-aa0e-4d85-b863-dca276aed003,2026-02-08,00:24:55.54,2026-02-07T16:24:55.5451904-08:00,2026-02-08T00:24:55.5451904Z,,v3,POM_PIT,,,"Podratz, Colby",10033713,Right,PAC_BOX,6d879a4a-b003-4f1a-b77f-8246b40a72a8,55.36071,-110.72453,10.7862,5.82397,-0.25392,-11.54233,1.81394,-5.18054,-1.47322,,,,,,,,,,,,,,,,,,,,,,,,,,,,,,,,,,,,,,,,,,,,,,,,,,,High,High,High,,,,,
281,2026-02-07,16:25:14.89,4,3,"McGeen, Gannon",10327649,Left,PAC_BOX,"Gold, Jack",1000108729,Left,POM_COL,Undefined,5,Bottom,1,0,2,Slider,Slider,BallCalled,Undefined,Undefined,Undefined,0,0,,75.85084,-1.500878,2.990233,1995.299406,236.499962,2:00,5.80624,-1.52978,5.14121,-38.75982,12.87154,16.29922,1.16081,2.64659,68.01239,-8.623753,5.867868,0.517164,,,,,,,,,,,,-6.95666,7.56949,1.23659,50,5.63669,-6.37761,-109.49663,-4.10434,-8.18615,24.86967,-23.26677,POM_COL,PAC_BOX,PomonaPitzer,D3,Team,20260207-PomonaPitzer-2,a3d6bef0-0484-11f1-87a1-bbe4b648e251,72.88296,,,7.83845,,,,,,,5ab81c87-aa0e-4d85-b863-dca276aed003,2026-02-08,00:25:14.89,2026-02-07T16:25:14.8983808-08:00,2026-02-08T00:25:14.8983808Z,,v3,POM_PIT,,,"Podratz, Colby",10033713,Right,PAC_BOX,fab6d94e-04a7-400e-ac19-87a8812998b9,55.3512,-110.70536,12.43484,5.80868,-2.97351,-11.63338,1.53689,-5.97974,-4.09307,,,,,,,,,,,,,,,,,,,,,,,,,,,,,,,,,,,,,,,,,,,,,,,,,,,High,High,High,,,,,
282,2026-02-07,16:25:35.30,4,4,"McGeen, Gannon",10327649,Left,PAC_BOX,"Gold, Jack",1000108729,Left,POM_COL,Undefined,5,Bottom,1,1,2,Fastball,Four-Seam,BallCalled,Undefined,Undefined,Undefined,0,0,,87.57907,-2.282319,3.863661,2093.706106,154.543925,11:15,6.05982,-1.30609,6.00529,-15.20757,21.46926,-9.61497,2.67201,1.47778,79.45013,-5.220034,2.140345,0.43588,,,,,,,,,,,,6.03571,12.03875,1.00704,50,5.87147,-8.15522,-126.77249,-5.43944,9.75979,27.45993,-12.70739,POM_COL,PAC_BOX,PomonaPitzer,D3,Team,20260207-PomonaPitzer-2,afef5d50-0484-11f1-87a1-bbe4b648e251,86.47426,,,8.12894,,,,,,,5ab81c87-aa0e-4d85-b863-dca276aed003,2026-02-08,00:25:35.30,2026-02-07T16:25:35.3052160-08:00,2026-02-08T00:25:35.3052160Z,,v3,POM_PIT,,,"Podratz, Colby",10033713,Right,PAC_BOX,ddfe4958-95cc-4d44-91a0-e73769c225b7,54.49014,-127.74139,13.72997,6.05549,-4.99107,-6.35369,1.30086,-8.49958,4.8799,,,,,,,,,,,,,,,,,,,,,,,,,,,,,,,,,,,,,,,,,,,,,,,,,,,High,High,High,,,,,
283,2026-02-07,16:25:58.05,4,5,"McGeen, Gannon",10327649,Left,PAC_BOX,"Gold, Jack",1000108729,Left,POM_COL,Undefined,5,Bottom,1,2,2,Fastball,Four-Seam,FoulBallNotFieldable,Undefined,Undefined,Undefined,0,0,,86.54481,-2.167001,2.782464,2099.218873,167.836183,11:30,6.09288,-1.29218,5.6059,-16.46273,21.14615,-4.30894,2.6948,0.94813,79.49617,-5.282689,2.014682,0.441384,,,,,,,,,,,,2.88433,11.59347,1.05673,50,5.89656,-5.91208,-125.48836,-5.22267,4.62909,23.85342,-13.56757,POM_COL,PAC_BOX,PomonaPitzer,D3,Team,20260207-PomonaPitzer-2,bd87e4f0-0484-11f1-87a1-bbe4b648e251,85.39605,,,7.04864,,,,,,,5ab81c87-aa0e-4d85-b863-dca276aed003,2026-02-08,00:25:58.05,2026-02-07T16:25:58.0514816-08:00,2026-02-08T00:25:58.0514816Z,,v3,POM_PIT,,,"Podratz, Colby",10033713,Right,PAC_BOX,fa2c090c-8837-4c14-ba1c-8dd030fb0e8a,54.89042,-126.41453,11.92671,6.08911,-4.69587,-6.78379,1.28977,-6.09182,2.31455,,,,,,,,,,,,,,,,,,,,,,,,,,,,,,,,,,,,,,,,,,,,,,,,,,,High,High,High,,,,,
284,2026-02-07,16:26:19.96,4,6,"McGeen, Gannon",10327649,Left,PAC_BOX,"Gold, Jack",1000108729,Left,POM_COL,Undefined,5,Bottom,1,2,2,Slider,Slider,FoulBallNotFieldable,Undefined,Undefined,Undefined,0,0,,76.99844,-1.262229,1.704518,2090.175582,213.127593,1:00,5.80927,-1.6718,5.27144,-38.64207,10.33158,5.58752,1.40276,0.39536,69.88482,-8.356031,2.696396,0.503678,67.30437,29.713393,41.11192,3092.668995,78.15218,38.49218,77.40953,216.0063,150.57536,49.908332,3.294356,-2.26665,6.0654,1.51166,50,5.66583,-3.53555,-111.5222,-3.70096,-2.80992,22.98517,-24.65486,POM_COL,PAC_BOX,PomonaPitzer,D3,Team,20260207-PomonaPitzer-2,ca9320b0-0484-11f1-87a1-bbe4b648e251,74.83445,38.64188,,7.11362,,,,2.71955,1.79209,-0.37162,5ab81c87-aa0e-4d85-b863-dca276aed003,2026-02-08,00:26:19.96,2026-02-07T16:26:19.9614976-08:00,2026-02-08T00:26:19.9614976Z,FlyBall,v3,POM_PIT,,,"Podratz, Colby",10033713,Right,PAC_BOX,c1689a6f-dac0-4fe9-9f0e-a32cb894ef20,55.22567,-112.59408,11.49258,5.81161,-2.55122,-12.32743,1.67347,-3.40452,-1.40496,,2.71942,64.60134,-11.53852,2.45301,-0.65031,0.22132,-0.07442,0.01531,-0.00126,1.79231,48.91858,-17.57235,0.94947,0.04543,-0.13241,0.06262,-0.01271,0.00096,-0.37165,56.37324,-2.45826,0.22789,-0.06469,0.05523,-0.02609,0.00598,-0.00052,,,,,,,,,,,,,,,,,,,,,,,High,High,High,High,Medium,,,
285,2026-02-07,16:26:51.18,4,7,"McGeen, Gannon",10327649,Left,PAC_BOX,"Gold, Jack",1000108729,Left,POM_COL,Undefined,5,Bottom,1,2,2,Slider,Curveball,InPlay,Undefined,FlyBall,HomeRun,0,2,,75.39828,1.020893,1.507316,2096.094007,274.943215,3:15,5.92911,-1.40194,5.40358,-48.95518,1.44417,2.67791,2.80653,0.23391,68.84549,-7.931792,1.983825,0.510956,,,,,,,,,,,,-0.90177,0.86114,1.26568,50,5.98567,-2.97812,-109.36844,0.37461,-1.08359,20.71193,-31.13924,POM_COL,PAC_BOX,PomonaPitzer,D3,Team,20260207-PomonaPitzer-2,dd2ec4e0-0484-11f1-87a1-bbe4b648e251,73.7684,,,6.55278,,,,,,,5ab81c87-aa0e-4d85-b863-dca276aed003,2026-02-08,00:26:51.18,2026-02-07T16:26:51.1840256-08:00,2026-02-08T00:26:51.1840256Z,,v3,POM_PIT,,,"Podratz, Colby",10033713,Right,PAC_BOX,f57af8a7-781e-4515-abae-cae8ad535aa5,55.09553,-110.3292,10.35596,5.93479,1.81906,-15.56962,1.40266,-2.92785,-0.54179,,,,,,,,,,,,,,,,,,,,,,,,,,,,,,,,,,,,,,,,,,,,,,,,,,,High,High,High,,,,,
286,2026-02-07,16:27:37.28,5,1,"McGeen, Gannon",10327649,Left,PAC_BOX,"DeGrazia, Tanner",1000214434,Right,POM_COL,Undefined,5,Bottom,1,0,0,Fastball,Four-Seam,FoulBallNotFieldable,Undefined,Undefined,Undefined,0,0,,86.79919,-1.541386,1.498732,2035.417486,151.277683,11:00,6.12826,-1.46932,5.55751,-17.50706,20.36316,-10.43993,3.22836,-0.9387,78.67278,-4.876679,-0.362913,0.442915,,,,,,,,,,,,5.735,11.14631,1.34694,50,5.98394,-2.84357,-125.85384,-3.90008,9.11979,27.58122,-14.44928,POM_COL,PAC_BOX,PomonaPitzer,D3,Team,20260207-PomonaPitzer-2,f8a122e0-0484-11f1-87a1-bbe4b648e251,85.10086,,,8.1264,,,,,,,5ab81c87-aa0e-4d85-b863-dca276aed003,2026-02-08,00:27:37.28,2026-02-07T16:27:37.2823040-08:00,2026-02-08T00:27:37.2823040Z,,v3,POM_PIT,,,"Podratz, Colby",10033713,Right,PAC_BOX,fb2e828f-65f4-442f-9ac3-510468a90c6a,54.93949,-126.93173,13.79061,6.12532,-3.33539,-7.22464,1.46503,-3.19998,4.5599,,,,,,,,,,,,,,,,,,,,,,,,,,,,,,,,,,,,,,,,,,,,,,,,,,,High,High,High,,,,,
287,2026-02-07,16:27:59.93,5,2,"McGeen, Gannon",10327649,Left,PAC_BOX,"DeGrazia, Tanner",1000214434,Right,POM_COL,Undefined,5,Bottom,1,0,1,Fastball,Four-Seam,FoulBallNotFieldable,Undefined,Undefined,Undefined,0,0,,87.75067,-1.723873,2.612648,2095.75662,169.527191,11:45,6.02766,-1.47658,5.66218,-13.89379,23.04265,-4.02394,3.2602,0.62605,79.53699,-4.414741,1.894869,0.43742,,,,,,,,,,,,2.82788,12.58654,1.25814,50,5.8733,-5.6295,-127.15802,-4.18933,4.59432,27.95465,-11.72531,POM_COL,PAC_BOX,PomonaPitzer,D3,Team,20260207-PomonaPitzer-2,06202f10-0485-11f1-87a1-bbe4b648e251,86.16985,,,8.21369,,,,,,,5ab81c87-aa0e-4d85-b863-dca276aed003,2026-02-08,00:27:59.93,2026-02-07T16:27:59.9372288-08:00,2026-02-08T00:27:59.9372288Z,,v3,POM_PIT,,,"Podratz, Colby",10033713,Right,PAC_BOX,806b9cdd-ed2a-4d1c-bb60-8307dc09a088,54.83464,-128.21647,13.97733,6.02351,-3.74538,-5.86265,1.47458,-5.80346,2.29716,,,,,,,,,,,,,,,,,,,,,,,,,,,,,,,,,,,,,,,,,,,,,,,,,,,High,High,High,,,,,
288,2026-02-07,16:28:37.09,5,3,"McGeen, Gannon",10327649,Left,PAC_BOX,"DeGrazia, Tanner",1000214434,Right,POM_COL,Undefined,5,Bottom,1,0,2,Fastball,Four-Seam,BallCalled,Undefined,Undefined,Undefined,0,0,,87.34738,-0.005251,1.531502,2062.843873,161.499793,11:30,6.15112,-1.38873,5.63812,-17.92139,19.16351,-6.00717,4.65277,-0.46023,79.42493,-3.4136,0.459088,0.438298,,,,,,,,,,,,3.44528,10.03658,1.26228,50,6.13929,-3.12222,-126.72735,-0.53481,5.58807,26.53373,-15.89525,POM_COL,PAC_BOX,PomonaPitzer,D3,Team,20260207-PomonaPitzer-2,1c415080-0485-11f1-87a1-bbe4b648e251,85.99721,,,7.92245,,,,,,,5ab81c87-aa0e-4d85-b863-dca276aed003,2026-02-08,00:28:37.09,2026-02-07T16:28:37.0926080-08:00,2026-02-08T00:28:37.0926080Z,,v3,POM_PIT,,,"Podratz, Colby",10033713,Right,PAC_BOX,ff950189-dd1a-42bc-ba12-30b04887e3bd,54.85666,-127.74017,13.26687,6.14812,0.07193,-7.94762,1.38553,-3.33552,2.79403,,,,,,,,,,,,,,,,,,,,,,,,,,,,,,,,,,,,,,,,,,,,,,,,,,,High,High,High,,,,,
289,2026-02-07,16:28:52.97,5,4,"McGeen, Gannon",10327649,Left,PAC_BOX,"DeGrazia, Tanner",1000214434,Right,POM_COL,Undefined,5,Bottom,1,1,2,Slider,Slider,BallCalled,Undefined,Undefined,Undefined,0,0,,75.02599,-1.344568,0.899622,2011.171938,212.675885,1:00,5.76804,-1.62341,5.00802,-42.40605,10.37654,5.28398,0.96468,-0.33385,67.29368,-9.119385,1.834075,0.522898,,,,,,,,,,,,-2.2776,6.24591,1.53261,50,5.60573,-1.91665,-108.43689,-3.93046,-2.63556,23.93193,-24.94646,POM_COL,PAC_BOX,PomonaPitzer,D3,Team,20260207-PomonaPitzer-2,25c58860-0485-11f1-87a1-bbe4b648e251,72.08378,,,7.73231,,,,,,,5ab81c87-aa0e-4d85-b863-dca276aed003,2026-02-08,00:28:52.97,2026-02-07T16:28:52.9720320-08:00,2026-02-08T00:28:52.9720320Z,,v3,POM_PIT,,,"Podratz, Colby",10033713,Right,PAC_BOX,1c976889-75f9-42e0-af46-e1f0593bf4d4,55.48434,-109.64059,11.96596,5.77186,-2.67572,-12.47323,1.62568,-1.78409,-1.31778,,,,,,,,,,,,,,,,,,,,,,,,,,,,,,,,,,,,,,,,,,,,,,,,,,,High,High,High,,,,,
290,2026-02-07,16:29:14.43,5,5,"McGeen, Gannon",10327649,Left,PAC_BOX,"DeGrazia, Tanner",1000214434,Right,POM_COL,Undefined,5,Bottom,1,2,2,Fastball,Four-Seam,InPlay,Undefined,LineDrive,Single,0,0,,86.30679,-1.970415,1.717894,2056.911416,151.952231,11:00,6.0707,-1.47374,5.56642,-18.70836,20.01493,-9.87804,2.66944,-0.69164,77.47574,-5.543652,-0.043818,0.447876,98.32248,9.344305,-8.199356,6165.016781,108.95406,12.90489,-15.13189,221.01227,221.01227,-7.986555,1.955924,5.55933,11.18898,1.33223,50,5.88892,-3.31934,-124.94596,-4.84359,8.61836,29.71912,-14.8283,POM_COL,PAC_BOX,PomonaPitzer,D3,Team,20260207-PomonaPitzer-2,328cb640-0485-11f1-87a1-bbe4b648e251,84.15827,12.91643,,8.83105,,,,0.41661,2.59699,0.67046,5ab81c87-aa0e-4d85-b863-dca276aed003,2026-02-08,00:29:14.43,2026-02-07T16:29:14.4388608-08:00,2026-02-08T00:29:14.4388608Z,LineDrive,v3,POM_PIT,,,"Podratz, Colby",10033713,Right,PAC_BOX,bf549c69-3a19-4b8d-bac8-24a88564e9df,54.92865,-126.11282,14.85956,6.06766,-4.26138,-7.41415,1.4692,-3.65773,4.30918,175.925666,0.41661,140.83796,-20.08635,3.7514,-0.78844,0.1592,-0.02992,0.00444,-0.00034,2.59699,23.41429,-13.88454,0.75999,-0.09786,0.01977,-0.00207,0.00022,-2E-05,0.67046,-20.29345,2.32636,-0.01401,-0.06061,0.02184,-0.00529,0.00083,-7E-05,,,,,,,,,,,,,,,,,,,,,,,High,High,High,High,Medium,,,
291,2026-02-07,16:29:47.34,6,1,"McGeen, Gannon",10327649,Left,PAC_BOX,"Parker, Will",1000474009,Left,POM_COL,Undefined,5,Bottom,1,0,0,Fastball,Four-Seam,StrikeCalled,Undefined,Undefined,Undefined,0,0,,86.10031,-1.198809,3.294412,2046.0035,155.726958,11:15,6.14903,-1.39475,5.73977,-18.87135,19.41773,-8.16067,3.45816,0.99612,78.03752,-4.790335,1.837473,0.445358,,,,,,,,,,,,5.09248,10.59268,1.12522,50,6.03765,-6.82708,-124.70223,-3.15029,7.96155,26.75368,-15.61358,POM_COL,PAC_BOX,PomonaPitzer,D3,Team,20260207-PomonaPitzer-2,462c5cf0-0485-11f1-87a1-bbe4b648e251,84.63411,,,8.06279,,,,,,,5ab81c87-aa0e-4d85-b863-dca276aed003,2026-02-08,00:29:47.34,2026-02-07T16:29:47.3445376-08:00,2026-02-08T00:29:47.3445376Z,,v3,POM_PIT,,,"Podratz, Colby",10033713,Right,PAC_BOX,d9e45bfe-335f-40c4-a440-ec9e4152e5cd,54.75498,-125.71822,13.37684,6.14602,-2.55735,-7.80679,1.39022,-7.12943,3.98077,,,,,,,,,,,,,,,,,,,,,,,,,,,,,,,,,,,,,,,,,,,,,,,,,,,High,High,High,,,,,
292,2026-02-07,16:30:07.82,6,2,"McGeen, Gannon",10327649,Left,PAC_BOX,"Parker, Will",1000474009,Left,POM_COL,Undefined,5,Bottom,1,0,1,Fastball,Changeup,BallCalled,Undefined,Undefined,Undefined,0,0,,83.76443,-2.971637,2.974045,1926.583769,155.918071,11:15,6.20958,-1.31632,5.41543,-22.7197,18.0582,-7.46646,1.5262,0.85006,76.62312,-7.199256,1.647563,0.459604,,,,,,,,,,,,4.58492,10.32319,1.05716,50,5.92946,-5.98485,-121.25667,-7.02096,6.81891,23.94752,-16.82087,POM_COL,PAC_BOX,PomonaPitzer,D3,Team,20260207-PomonaPitzer-2,526331b0-0485-11f1-87a1-bbe4b648e251,82.0107,,,7.14131,,,,,,,5ab81c87-aa0e-4d85-b863-dca276aed003,2026-02-08,00:30:07.82,2026-02-07T16:30:07.8256128-08:00,2026-02-08T00:30:07.8256128Z,,v3,POM_PIT,,,"Podratz, Colby",10033713,Right,PAC_BOX,d4ff86b0-4171-404f-88ba-162456951b63,55.08147,-122.25612,11.97376,6.20783,-6.31895,-8.41044,1.31287,-6.26944,3.40946,,,,,,,,,,,,,,,,,,,,,,,,,,,,,,,,,,,,,,,,,,,,,,,,,,,High,High,High,,,,,
293,2026-02-07,16:30:27.69,6,3,"McGeen, Gannon",10327649,Left,PAC_BOX,"Parker, Will",1000474009,Left,POM_COL,Undefined,5,Bottom,1,1,1,Fastball,Changeup,BallCalled,Undefined,Undefined,Undefined,0,0,,83.63362,-0.175741,2.52815,1952.051948,157.308321,11:15,6.17707,-1.22294,5.56226,-20.6343,20.06576,-7.81989,4.2932,0.48882,75.92323,-4.084272,1.135358,0.459165,,,,,,,,,,,,4.65512,10.56808,1.00974,50,6.14856,-5.02071,-121.22813,-0.97193,6.8941,24.76629,-16.52303,POM_COL,PAC_BOX,PomonaPitzer,D3,Team,20260207-PomonaPitzer-2,5e3466d0-0485-11f1-87a1-bbe4b648e251,82.08908,,,7.71039,,,,,,,5ab81c87-aa0e-4d85-b863-dca276aed003,2026-02-08,00:30:27.69,2026-02-07T16:30:27.6994048-08:00,2026-02-08T00:30:27.6994048Z,,v3,POM_PIT,,,"Podratz, Colby",10033713,Right,PAC_BOX,0c7c9fc3-0bce-4cdf-be2b-c7a052cad858,54.93273,-122.23171,12.38314,6.17438,-0.30239,-8.26151,1.21886,-5.30007,3.44705,,,,,,,,,,,,,,,,,,,,,,,,,,,,,,,,,,,,,,,,,,,,,,,,,,,High,High,High,,,,,
294,2026-02-07,16:30:44.52,6,4,"McGeen, Gannon",10327649,Left,PAC_BOX,"Parker, Will",1000474009,Left,POM_COL,Undefined,5,Bottom,1,2,1,Slider,Slider,BallinDirt,Undefined,Undefined,Undefined,0,0,,75.95648,-0.848961,1.243017,2074.320646,174.321252,11:45,5.93992,-1.73113,5.30114,-39.65341,10.85469,-0.88866,1.83823,-0.63806,68.50838,-8.162287,1.085107,0.511507,,,,,,,,,,,,0.85658,6.30654,1.61883,50,5.83475,-2.34967,-109.93376,-2.89014,1.02774,23.0451,-24.60728,POM_COL,PAC_BOX,PomonaPitzer,D3,Team,20260207-PomonaPitzer-2,683f33d0-0485-11f1-87a1-bbe4b648e251,73.68893,,,7.4481,,,,,,,5ab81c87-aa0e-4d85-b863-dca276aed003,2026-02-08,00:30:44.52,2026-02-07T16:30:44.5234688-08:00,2026-02-08T00:30:44.5234688Z,,v3,POM_PIT,,,"Podratz, Colby",10033713,Right,PAC_BOX,f42f8636-bc78-40b9-8e19-74d334951c73,55.19118,-111.01664,11.52255,5.94339,-1.73386,-12.30364,1.73037,-2.39796,0.51387,,,,,,,,,,,,,,,,,,,,,,,,,,,,,,,,,,,,,,,,,,,,,,,,,,,High,High,High,,,,,
295,2026-02-07,16:31:11.42,6,5,"McGeen, Gannon",10327649,Left,PAC_BOX,"Parker, Will",1000474009,Left,POM_COL,Undefined,5,Bottom,1,3,1,Slider,Slider,BallCalled,Walk,Undefined,Undefined,0,0,,75.66481,-1.222918,2.59381,2141.224884,183.488321,12:00,5.90965,-1.69595,5.36406,-43.49034,7.43378,0.33472,1.13739,0.76581,68.34797,-9.203621,2.653318,0.51361,,,,,,,,,,,,0.71961,4.71709,1.46274,50,5.76943,-4.97116,-109.44864,-3.72156,0.85385,23.24119,-26.57691,POM_COL,PAC_BOX,PomonaPitzer,D3,Team,20260207-PomonaPitzer-2,78500e70-0485-11f1-87a1-bbe4b648e251,73.38731,,,7.31685,,,,,,,5ab81c87-aa0e-4d85-b863-dca276aed003,2026-02-08,00:31:11.42,2026-02-07T16:31:11.4200064-08:00,2026-02-08T00:31:11.4200064Z,,v3,POM_PIT,,,"Podratz, Colby",10033713,Right,PAC_BOX,50a35f0a-74e9-408c-8c1a-70d3803973d3,55.13067,-110.53275,11.6206,5.91411,-2.48184,-13.28846,1.69555,-5.01099,0.42693,,,,,,,,,,,,,,,,,,,,,,,,,,,,,,,,,,,,,,,,,,,,,,,,,,,High,High,High,,,,,
296,2026-02-07,16:31:44.76,7,1,"McGeen, Gannon",10327649,Left,PAC_BOX,"Berry, Cooper",1000276381,Left,POM_COL,Undefined,5,Bottom,1,0,0,Fastball,Four-Seam,BallCalled,Undefined,Undefined,Undefined,0,0,,85.38407,-2.260601,3.57655,1995.052086,160.202948,11:15,6.14081,-1.27945,5.65407,-19.39033,19.66371,-6.59615,2.41143,1.51081,77.6381,-5.927648,2.401397,0.449784,,,,,,,,,,,,4.36957,11.0117,0.98029,50,5.93676,-7.44263,-123.57269,-5.45123,6.72116,25.8283,-15.23617,POM_COL,PAC_BOX,PomonaPitzer,D3,Team,20260207-PomonaPitzer-2,8c2b5e90-0485-11f1-87a1-bbe4b648e251,83.80114,,,7.74596,,,,,,,5ab81c87-aa0e-4d85-b863-dca276aed003,2026-02-08,00:31:44.76,2026-02-07T16:31:44.7647232-08:00,2026-02-08T00:31:44.7647232Z,,v3,POM_PIT,,,"Podratz, Colby",10033713,Right,PAC_BOX,ce97ee82-e329-4c2f-950b-4229427f1185,54.84135,-124.58048,12.91415,6.13787,-4.85673,-7.61808,1.27581,-7.70488,3.36058,,,,,,,,,,,,,,,,,,,,,,,,,,,,,,,,,,,,,,,,,,,,,,,,,,,High,High,High,,,,,
297,2026-02-07,16:32:04.63,7,2,"McGeen, Gannon",10327649,Left,PAC_BOX,"Berry, Cooper",1000276381,Left,POM_COL,Undefined,5,Bottom,1,1,0,Fastball,Changeup,StrikeCalled,Undefined,Undefined,Undefined,0,0,,85.26569,-2.199067,3.241451,2053.349321,148.494726,11:00,6.08358,-1.27547,5.80553,-19.94907,18.84934,-10.75792,2.37177,0.84576,77.73033,-5.971617,1.31738,0.44831,,,,,,,,,,,,6.38489,10.61949,1.01555,50,5.89094,-6.54955,-123.53042,-5.32636,9.83856,25.24646,-15.81035,POM_COL,PAC_BOX,PomonaPitzer,D3,Team,20260207-PomonaPitzer-2,980175b0-0485-11f1-87a1-bbe4b648e251,84.07672,,,7.53536,,,,,,,5ab81c87-aa0e-4d85-b863-dca276aed003,2026-02-08,00:32:04.63,2026-02-07T16:32:04.6394368-08:00,2026-02-08T00:32:04.6394368Z,,v3,POM_PIT,,,"Podratz, Colby",10033713,Right,PAC_BOX,7d0e7fdc-7d13-4889-b53b-4a2a5191033b,54.69106,-124.48546,12.62323,6.08112,-4.72828,-7.90518,1.27035,-6.92173,4.91928,,,,,,,,,,,,,,,,,,,,,,,,,,,,,,,,,,,,,,,,,,,,,,,,,,,High,High,High,,,,,
298,2026-02-07,16:32:21.01,7,3,"McGeen, Gannon",10327649,Left,PAC_BOX,"Berry, Cooper",1000276381,Left,POM_COL,Undefined,5,Bottom,1,1,1,Slider,Slider,BallCalled,Undefined,Undefined,Undefined,0,0,,74.73229,0.569918,2.990346,2104.812213,188.879722,12:15,5.89337,-1.5619,4.98488,-40.76179,12.03863,1.57504,3.03548,1.39573,67.37527,-6.917527,3.267648,0.522986,,,,,,,,,,,,0.2085,6.3652,1.27214,50,5.91616,-5.70641,-108.0021,-0.24947,0.24216,21.73322,-24.78105,POM_COL,PAC_BOX,PomonaPitzer,D3,Team,20260207-PomonaPitzer-2,a1cd8c00-0485-11f1-87a1-bbe4b648e251,72.07161,,,7.35701,,,,,,,5ab81c87-aa0e-4d85-b863-dca276aed003,2026-02-08,00:32:21.01,2026-02-07T16:32:21.0151424-08:00,2026-02-08T00:32:21.0151424Z,,v3,POM_PIT,,,"Podratz, Colby",10033713,Right,PAC_BOX,6d2852e1-6d34-4c9d-ba40-070ce4b6129d,55.50694,-109.10463,10.86661,5.89693,1.00768,-12.39052,1.56194,-5.71869,0.12108,,,,,,,,,,,,,,,,,,,,,,,,,,,,,,,,,,,,,,,,,,,,,,,,,,,High,High,High,,,,,
299,2026-02-07,16:32:40.34,7,4,"McGeen, Gannon",10327649,Left,PAC_BOX,"Berry, Cooper",1000276381,Left,POM_COL,Undefined,5,Bottom,1,2,1,Fastball,Four-Seam,FoulBallNotFieldable,Undefined,Undefined,Undefined,0,0,,85.00249,-1.806839,2.691066,1936.5609,162.903154,11:30,6.09217,-1.40344,5.63433,-19.31135,20.22517,-5.78859,2.79473,0.62673,76.91723,-5.477295,1.658789,0.452554,64.5122,64.589073,8.412354,,,,,,109.36183,,,3.76898,11.22178,1.17823,50,5.92635,-5.54443,-123.11175,-4.44498,5.72146,26.92923,-15.13902,POM_COL,PAC_BOX,PomonaPitzer,D3,Team,20260207-PomonaPitzer-2,ad48b1e0-0485-11f1-87a1-bbe4b648e251,83.28821,66.41262,,8.08526,,,,0.95699,2.75046,-0.64001,5ab81c87-aa0e-4d85-b863-dca276aed003,2026-02-08,00:32:40.34,2026-02-07T16:32:40.3452416-08:00,2026-02-08T00:32:40.3452416Z,,v3,POM_PIT,,,"Podratz, Colby",10033713,Right,PAC_BOX,c001d8bd-89fc-49e7-930b-6346330f860f,54.86194,-124.17068,13.46461,6.08943,-3.84967,-7.56951,1.40068,-5.76942,2.86073,,0.95699,40.16434,-2.73708,-0.04451,0.14103,-0.05293,0.01398,-0.00294,0.00024,2.75046,85.46381,-26.68305,3.05365,-0.5258,0.06891,-0.00894,0.00077,-7E-05,-0.64001,5.9398,-8.83835,3.30642,-0.87485,0.20002,-0.04416,0.00792,-0.00081,,,,,,,,,,,,,,,,,,,,,,,High,High,High,Low,Undefined,,,
300,2026-02-07,16:33:21.87,7,5,"McGeen, Gannon",10327649,Left,PAC_BOX,"Berry, Cooper",1000276381,Left,POM_COL,Undefined,5,Bottom,1,2,2,Fastball,Changeup,BallinDirt,Undefined,Undefined,Undefined,0,0,,84.94346,-0.667219,4.816927,2002.924866,155.448116,11:15,6.27384,-1.2795,5.34352,-17.3795,22.42722,-9.65064,4.19742,2.44548,77.33613,-3.964798,3.112703,0.454098,,,,,,,,,,,,6.12721,11.77001,0.85136,50,6.20141,-9.92472,-122.82779,-1.9341,9.36297,24.26564,-14.18834,POM_COL,PAC_BOX,PomonaPitzer,D3,Team,20260207-PomonaPitzer-2,c603b810-0485-11f1-87a1-bbe4b648e251,83.00508,,,7.60733,,,,,,,5ab81c87-aa0e-4d85-b863-dca276aed003,2026-02-08,00:33:21.87,2026-02-07T16:33:21.8791424-08:00,2026-02-08T00:33:21.8791424Z,,v3,POM_PIT,,,"Podratz, Colby",10033713,Right,PAC_BOX,3e80be2d-e698-4edd-ad56-7bd359b5215f,55.15206,-123.84144,12.13282,6.26982,-1.34142,-7.09417,1.27412,-10.31584,4.68148,,,,,,,,,,,,,,,,,,,,,,,,,,,,,,,,,,,,,,,,,,,,,,,,,,,High,High,High,,,,,
301,2026-02-07,16:33:49.97,7,6,"McGeen, Gannon",10327649,Left,PAC_BOX,"Berry, Cooper",1000276381,Left,POM_COL,Undefined,5,Bottom,1,3,2,Fastball,Four-Seam,StrikeSwinging,Strikeout,Undefined,Undefined,0,0,,84.18192,-2.124217,2.922727,2113.402493,165.366715,11:30,6.14569,-1.34094,5.89864,-17.30513,22.43883,-5.50414,2.72808,0.91609,76.53243,-5.442665,1.936759,0.45374,,,,,,,,,,,,3.64902,12.47371,1.1087,50,5.96453,-6.00124,-121.96418,-4.96812,5.46736,25.1728,-13.48465,POM_COL,PAC_BOX,PomonaPitzer,D3,Team,20260207-PomonaPitzer-2,d6c915a0-0485-11f1-87a1-bbe4b648e251,83.07062,,,7.64948,,,,,,,5ab81c87-aa0e-4d85-b863-dca276aed003,2026-02-08,00:33:49.97,2026-02-07T16:33:49.9735040-08:00,2026-02-08T00:33:49.9735040Z,,v3,POM_PIT,,,"Podratz, Colby",10033713,Right,PAC_BOX,0bd3006d-3c0f-4a0d-8962-43d4c7a60bb9,54.59643,-122.9092,12.5864,6.14154,-4.46189,-6.74232,1.33785,-6.20649,2.73368,,,,,,,,,,,,,,,,,,,,,,,,,,,,,,,,,,,,,,,,,,,,,,,,,,,High,High,High,,,,,
302,2026-02-07,16:34:20.31,8,1,"McGeen, Gannon",10327649,Left,PAC_BOX,"Savas, Peter",1000276389,Right,POM_COL,Undefined,5,Bottom,2,0,0,Fastball,Changeup,BallCalled,Undefined,Undefined,Undefined,0,0,,84.29548,-0.526691,1.34039,2036.162995,154.89546,11:15,6.05392,-1.54476,5.47953,-18.63033,21.36985,-9.40457,4.00844,-1.07407,76.80593,-4.061033,-0.334068,0.4552,,,,,,,,,,,,5.07485,11.27245,1.43351,50,5.99528,-2.45649,-122.30243,-1.66111,7.67707,24.39918,-15.12145,POM_COL,PAC_BOX,PomonaPitzer,D3,Team,20260207-PomonaPitzer-2,e8d9def0-0485-11f1-87a1-bbe4b648e251,82.80414,,,7.48956,,,,,,,5ab81c87-aa0e-4d85-b863-dca276aed003,2026-02-08,00:34:20.31,2026-02-07T16:34:20.3117056-08:00,2026-02-08T00:34:20.3117056Z,,v3,POM_PIT,,,"Podratz, Colby",10033713,Right,PAC_BOX,bb2a1e35-0abb-4a13-a8e9-e0ef74a54e66,55.01604,-123.29906,12.19959,6.05052,-1.04345,-7.56073,1.54025,-2.77008,3.83853,,,,,,,,,,,,,,,,,,,,,,,,,,,,,,,,,,,,,,,,,,,,,,,,,,,High,High,High,,,,,
303,2026-02-07,16:34:35.43,8,2,"McGeen, Gannon",10327649,Left,PAC_BOX,"Savas, Peter",1000276389,Right,POM_COL,Undefined,5,Bottom,2,1,0,Fastball,Four-Seam,BallCalled,Undefined,Undefined,Undefined,0,0,,85.87472,-3.888493,2.336714,2119.575414,147.877849,11:00,6.03245,-1.39447,5.72742,-18.26993,19.92241,-11.74024,0.87982,-0.19531,78.88007,-7.3234,0.237003,0.444795,,,,,,,,,,,,6.62091,11.57162,1.20687,50,5.69623,-4.59541,-124.40416,-8.99852,10.40795,24.23543,-13.98365,POM_COL,PAC_BOX,PomonaPitzer,D3,Team,20260207-PomonaPitzer-2,f1e2f360-0485-11f1-87a1-bbe4b648e251,84.74119,,,6.99465,,,,,,,5ab81c87-aa0e-4d85-b863-dca276aed003,2026-02-08,00:34:35.43,2026-02-07T16:34:35.4389504-08:00,2026-02-08T00:34:35.4389504Z,,v3,POM_PIT,,,"Podratz, Colby",10033713,Right,PAC_BOX,83551c28-55dc-4b13-af83-06dc90e0d4b9,54.77149,-125.33026,12.11772,6.02987,-8.46417,-6.99183,1.39007,-4.99312,5.20397,,,,,,,,,,,,,,,,,,,,,,,,,,,,,,,,,,,,,,,,,,,,,,,,,,,High,High,High,,,,,
304,2026-02-07,16:34:52.80,8,3,"McGeen, Gannon",10327649,Left,PAC_BOX,"Savas, Peter",1000276389,Right,POM_COL,Undefined,5,Bottom,2,2,0,Slider,Slider,StrikeCalled,Undefined,Undefined,Undefined,0,0,,75.31395,-1.414805,1.431366,2081.20537,209.96447,1:00,5.92066,-1.80121,5.09263,-32.33502,18.69812,9.79634,1.89203,0.36439,68.89031,-7.366301,3.163204,0.514159,,,,,,,,,,,,-4.44457,10.21595,1.65794,50,5.76222,-3.11313,-109.13851,-3.69845,-5.33807,19.96642,-19.90435,POM_COL,PAC_BOX,PomonaPitzer,D3,Team,20260207-PomonaPitzer-2,fc4221f0-0485-11f1-87a1-bbe4b648e251,73.3089,,,6.42364,,,,,,,5ab81c87-aa0e-4d85-b863-dca276aed003,2026-02-08,00:34:52.80,2026-02-07T16:34:52.8071680-08:00,2026-02-08T00:34:52.8071680Z,,v3,POM_PIT,,,"Podratz, Colby",10033713,Right,PAC_BOX,9a19f090-1be9-422d-a817-c5988d274508,55.40305,-110.12254,9.98321,5.92032,-2.71748,-9.95217,1.80488,-2.85004,-2.66904,,,,,,,,,,,,,,,,,,,,,,,,,,,,,,,,,,,,,,,,,,,,,,,,,,,High,High,High,,,,,
305,2026-02-07,16:35:10.31,8,4,"McGeen, Gannon",10327649,Left,PAC_BOX,"Savas, Peter",1000276389,Right,POM_COL,Undefined,5,Bottom,2,2,1,Fastball,Four-Seam,InPlay,Undefined,FlyBall,Out,1,0,,84.76583,-2.221715,2.544846,2125.107569,160.236407,11:15,6.05139,-1.40057,5.86079,-16.65135,22.37308,-7.58241,2.59668,0.33334,77.45355,-5.406344,1.186615,0.449614,89.12891,36.532837,3.336338,,109.12489,77.61219,13.8477,313.19787,307.6996,13.659877,5.450119,4.61516,12.47528,1.19865,50,5.86147,-5.1642,-122.94867,-5.21749,7.05865,24.56005,-13.09372,POM_COL,PAC_BOX,PomonaPitzer,D3,Team,20260207-PomonaPitzer-2,06aac660-0486-11f1-87a1-bbe4b648e251,83.8329,98.73427,,7.31228,,,,0.74536,2.94491,-0.33369,5ab81c87-aa0e-4d85-b863-dca276aed003,2026-02-08,00:35:10.31,2026-02-07T16:35:10.3161344-08:00,2026-02-08T00:35:10.3161344Z,FlyBall,v3,POM_PIT,,,"Podratz, Colby",10033713,Right,PAC_BOX,6e41c88e-a9f3-415a-baa5-7ad47037e15b,54.63793,-123.87167,12.28002,6.0483,-4.72541,-6.54686,1.39772,-5.42947,3.52933,200.977551,0.75025,104.76143,-23.76999,5.67239,-0.85786,0.0352,0.01299,-0.00221,0.00011,2.94085,77.88714,-16.94438,0.27038,0.16059,-0.06996,0.01919,-0.00273,0.00015,-0.3346,6.1327,5.14532,-1.77412,0.40797,-0.05978,0.00451,-7E-05,-1E-05,,,,,,,,,,,,,,,,,,,,,,,High,High,High,Medium,Medium,,,
306,2026-02-07,16:37:26.29,1,1,"Brunngraber, Max",1000276385,Right,POM_COL,"Hamura, Javin",1000397352,Right,PAC_BOX,Undefined,6,Top,0,0,0,Fastball,Changeup,BallCalled,Undefined,Undefined,Undefined,0,0,,83.88349,0.199565,-1.804914,2242.48083,251.786487,2:30,5.20758,2.14663,6.0515,-33.71167,5.65792,13.51513,2.5831,1.60154,76.96027,-6.061021,0.628917,0.451598,,,,,,,,,,,,-7.39977,3.26417,-2.01307,50,5.20521,3.30445,-121.88666,-0.65715,-11.15207,23.55034,-27.25468,POM_COL,PAC_BOX,PomonaPitzer,D3,Team,20260207-PomonaPitzer-2,57bba4c0-0486-11f1-87a1-bbe4b648e251,83.46461,,,6.92322,,,,,,,5ab81c87-aa0e-4d85-b863-dca276aed003,2026-02-08,00:37:26.29,2026-02-07T16:37:26.2944256-08:00,2026-02-08T00:37:26.2944256Z,,v3,POM_PIT,,,"Savas, Peter",1000276389,Right,POM_COL,98768b16-f597-4b24-8fdc-ceb11b4451f8,54.44677,-122.74284,11.77517,5.21109,0.33369,-13.62734,-2.14057,3.70988,-5.57604,,,,,,,,,,,,,,,,,,,,,,,,,,,,,,,,,,,,,,,,,,,,,,,,,,,High,High,High,,,,,
307,2026-02-07,16:37:39.81,1,2,"Brunngraber, Max",1000276385,Right,POM_COL,"Hamura, Javin",1000397352,Right,PAC_BOX,Undefined,6,Top,0,1,0,Cutter,Slider,BallCalled,Undefined,Undefined,Undefined,0,0,,77.53011,1.091444,-0.4036,2313.230373,154.437797,11:15,5.02489,2.21571,5.50819,-34.11092,12.7882,-5.44925,3.20316,1.38416,71.27358,-5.214224,-1.374405,0.492894,,,,,,,,,,,,2.62606,6.61079,-2.17683,50,5.09736,1.00607,-112.58776,1.0823,3.39105,19.28754,-23.63744,POM_COL,PAC_BOX,PomonaPitzer,D3,Team,20260207-PomonaPitzer-2,5fcc0150-0486-11f1-87a1-bbe4b648e251,76.47167,,,6.25652,,,,,,,5ab81c87-aa0e-4d85-b863-dca276aed003,2026-02-08,00:37:39.81,2026-02-07T16:37:39.8187008-08:00,2026-02-08T00:37:39.8187008Z,,v3,POM_PIT,,,"Savas, Peter",1000276389,Right,POM_COL,9d6c967a-2359-436a-98a8-16dc1cb9579d,54.98835,-113.4391,9.64377,5.02656,2.12564,-11.81872,-2.21794,0.85639,1.69553,,,,,,,,,,,,,,,,,,,,,,,,,,,,,,,,,,,,,,,,,,,,,,,,,,,High,High,High,,,,,
308,2026-02-07,16:37:56.35,1,3,"Brunngraber, Max",1000276385,Right,POM_COL,"Hamura, Javin",1000397352,Right,PAC_BOX,Undefined,6,Top,0,2,0,Cutter,Slider,BallCalled,Undefined,Undefined,Undefined,0,0,,77.78862,1.675872,-0.418546,2296.605649,142.09958,10:45,5.04039,2.16062,5.56732,-32.89077,13.84261,-9.64788,3.86549,0.96564,71.09792,-4.436891,-2.138544,0.492022,,,,,,,,,,,,4.72036,6.98445,-2.11826,50,5.16354,1.20365,-112.88454,2.29836,6.09616,20.38333,-23.1539,POM_COL,PAC_BOX,PomonaPitzer,D3,Team,20260207-PomonaPitzer-2,69a229c0-0486-11f1-87a1-bbe4b648e251,76.60715,,,6.6907,,,,,,,5ab81c87-aa0e-4d85-b863-dca276aed003,2026-02-08,00:37:56.35,2026-02-07T16:37:56.3507712-08:00,2026-02-08T00:37:56.3507712Z,,v3,POM_PIT,,,"Savas, Peter",1000276389,Right,POM_COL,3c36c24b-9dd9-4704-970a-56079c81fd56,54.92848,-113.77098,10.19166,5.04169,3.3053,-11.57695,-2.16484,0.93853,3.04808,,,,,,,,,,,,,,,,,,,,,,,,,,,,,,,,,,,,,,,,,,,,,,,,,,,High,High,High,,,,,
309,2026-02-07,16:38:12.03,1,4,"Brunngraber, Max",1000276385,Right,POM_COL,"Hamura, Javin",1000397352,Right,PAC_BOX,Undefined,6,Top,0,3,0,Fastball,Changeup,BallCalled,Walk,Undefined,Undefined,0,0,,84.67675,-0.590456,-1.704211,2204.636201,229.797192,1:45,4.99914,2.23227,6.10552,-27.03246,11.6604,12.328,2.20015,1.68317,77.38329,-5.659998,0.517624,0.4477,,,,,,,,,,,,-6.79914,6.568,-2.1074,50,4.93964,3.16843,-122.98822,-2.08736,-10.3961,24.78462,-22.13136,POM_COL,PAC_BOX,PomonaPitzer,D3,Team,20260207-PomonaPitzer-2,72fe8e50-0486-11f1-87a1-bbe4b648e251,84.19134,,,7.29346,,,,,,,5ab81c87-aa0e-4d85-b863-dca276aed003,2026-02-08,00:38:12.03,2026-02-07T16:38:12.0360960-08:00,2026-02-08T00:38:12.0360960Z,,v3,POM_PIT,,,"Savas, Peter",1000276389,Right,POM_COL,ee703982-6d77-45aa-8a86-6244ad6d42f9,54.39162,-123.87006,12.39231,4.9999,-1.29992,-11.06568,-2.22671,3.53832,-5.19805,,,,,,,,,,,,,,,,,,,,,,,,,,,,,,,,,,,,,,,,,,,,,,,,,,,High,High,High,,,,,
310,2026-02-07,16:38:42.13,2,1,"Brunngraber, Max",1000276385,Right,POM_COL,"Kazahaya, Trevor",1000154011,Right,PAC_BOX,Undefined,6,Top,0,0,0,Cutter,Slider,StrikeCalled,Undefined,Undefined,Undefined,0,0,,79.94674,0.247169,-0.56118,2265.055068,148.937862,11:00,5.08758,2.07082,5.41085,-30.45844,13.94489,-7.57311,2.78096,0.91395,73.29782,-5.389495,-1.908147,0.4796,,,,,,,,,,,,3.62929,7.36926,-2.01559,50,5.08858,1.44613,-116.05836,-0.47674,4.9628,21.19857,-22.09707,POM_COL,PAC_BOX,PomonaPitzer,D3,Team,20260207-PomonaPitzer-2,84e8e3e0-0486-11f1-87a1-bbe4b648e251,78.59142,,,6.64892,,,,,,,5ab81c87-aa0e-4d85-b863-dca276aed003,2026-02-08,00:38:42.13,2026-02-07T16:38:42.1390848-08:00,2026-02-08T00:38:42.1390848Z,,v3,POM_PIT,,,"Savas, Peter",1000276389,Right,POM_COL,770c1d80-13a3-4b2e-8abf-801e5452f135,55.08533,-116.98353,10.59929,5.08834,0.48764,-11.04854,-2.07398,1.22953,2.4814,,,,,,,,,,,,,,,,,,,,,,,,,,,,,,,,,,,,,,,,,,,,,,,,,,,High,High,High,,,,,
311,2026-02-07,16:38:57.13,2,2,"Brunngraber, Max",1000276385,Right,POM_COL,"Kazahaya, Trevor",1000154011,Right,PAC_BOX,Undefined,6,Top,0,0,1,Slider,Curveball,BallCalled,Undefined,Undefined,Undefined,0,0,,70.01796,0.872589,-0.90832,2324.682069,78.014987,8:30,4.88405,2.12568,5.51515,-59.74661,-1.87075,-17.27737,0.72125,-0.1635,64.69306,-9.993604,-3.992288,0.547545,,,,,,,,,,,,8.49544,-0.68063,-2.03456,50,4.91987,2.20568,-101.70316,-0.23127,8.86695,17.22407,-32.88443,POM_COL,PAC_BOX,PomonaPitzer,D3,Team,20260207-PomonaPitzer-2,8deaf370-0486-11f1-87a1-bbe4b648e251,68.83892,,,5.3249,,,,,,,5ab81c87-aa0e-4d85-b863-dca276aed003,2026-02-08,00:38:57.13,2026-02-07T16:38:57.1366912-08:00,2026-02-08T00:38:57.1366912Z,,v3,POM_PIT,,,"Savas, Peter",1000276389,Right,POM_COL,f837f72e-4628-4a11-ad05-54082cc8af91,54.98626,-102.54413,8.61204,4.89196,1.37433,-16.44222,-2.13168,1.77274,4.43347,,,,,,,,,,,,,,,,,,,,,,,,,,,,,,,,,,,,,,,,,,,,,,,,,,,High,High,High,,,,,
312,2026-02-07,16:39:16.68,2,3,"Brunngraber, Max",1000276385,Right,POM_COL,"Kazahaya, Trevor",1000154011,Right,PAC_BOX,Undefined,6,Top,0,1,1,Fastball,Changeup,StrikeCalled,Undefined,Undefined,Undefined,0,0,,83.39647,-0.664452,-4.292063,2148.127771,238.289639,2:00,4.89103,2.11422,5.88625,-29.73663,10.42725,14.87391,1.79422,-0.63928,76.58843,-6.185336,-1.631453,0.456131,,,,,,,,,,,,-8.71162,5.90036,-1.77588,50,4.82016,8.48033,-120.89306,-2.3464,-12.95565,22.48928,-23.39919,POM_COL,PAC_BOX,PomonaPitzer,D3,Team,20260207-PomonaPitzer-2,99878400-0486-11f1-87a1-bbe4b648e251,82.63521,,,6.80804,,,,,,,5ab81c87-aa0e-4d85-b863-dca276aed003,2026-02-08,00:39:16.68,2026-02-07T16:39:16.6854144-08:00,2026-02-08T00:39:16.6854144Z,,v3,POM_PIT,,,"Savas, Peter",1000276389,Right,POM_COL,4feb1f4d-83fb-4831-8391-7e9924de7e83,54.61242,-121.74807,11.24464,4.89246,-1.4568,-11.6996,-2.10765,8.97288,-6.47783,,,,,,,,,,,,,,,,,,,,,,,,,,,,,,,,,,,,,,,,,,,,,,,,,,,High,High,High,,,,,
313,2026-02-07,16:39:33.09,2,4,"Brunngraber, Max",1000276385,Right,POM_COL,"Kazahaya, Trevor",1000154011,Right,PAC_BOX,Undefined,6,Top,0,1,2,Fastball,Changeup,FoulBallNotFieldable,Undefined,Undefined,Undefined,0,0,,83.91539,0.944714,-2.97269,2239.863488,233.791527,1:45,4.91065,2.30615,5.80097,-29.6362,10.08646,12.12666,3.32087,0.54942,76.88171,-4.564494,-0.8038,0.453618,,,,,,,,,,,,-6.97402,5.2626,-2.0691,50,4.97063,5.83685,-121.78863,1.05627,-10.51575,23.03768,-24.23886,POM_COL,PAC_BOX,PomonaPitzer,D3,Team,20260207-PomonaPitzer-2,a34cbc80-0486-11f1-87a1-bbe4b648e251,83.09283,,,7.03368,,,,,,,5ab81c87-aa0e-4d85-b863-dca276aed003,2026-02-08,00:39:33.09,2026-02-07T16:39:33.0963456-08:00,2026-02-08T00:39:33.0963456Z,,v3,POM_PIT,,,"Savas, Peter",1000276389,Right,POM_COL,f3a70185-02ce-472c-a73b-8f678aca16fb,54.69781,-122.67406,11.51884,4.91213,1.98786,-12.11943,-2.30119,6.24101,-5.25788,,,,,,,,,,,,,,,,,,,,,,,,,,,,,,,,,,,,,,,,,,,,,,,,,,,High,High,High,,,,,
314,2026-02-07,16:39:53.96,2,5,"Brunngraber, Max",1000276385,Right,POM_COL,"Kazahaya, Trevor",1000154011,Right,PAC_BOX,Undefined,6,Top,0,1,2,ChangeUp,Changeup,StrikeSwinging,Strikeout,Undefined,Undefined,0,0,,79.09302,-0.470424,-3.691947,1412.474762,235.468549,1:45,4.86306,2.24302,5.85809,-33.76943,11.42902,14.33733,1.61097,0.00296,71.86921,-6.7633,-1.125436,0.483875,,,,,,,,,,,,-8.40083,6.45536,-1.95129,50,4.80535,6.84234,-114.577,-1.95578,-11.07592,22.79105,-23.66307,POM_COL,PAC_BOX,PomonaPitzer,D3,Team,20260207-PomonaPitzer-2,afc5ca60-0486-11f1-87a1-bbe4b648e251,77.89706,,,7.2238,,,,,,,5ab81c87-aa0e-4d85-b863-dca276aed003,2026-02-08,00:39:53.96,2026-02-07T16:39:53.9672576-08:00,2026-02-08T00:39:53.9672576Z,,v3,POM_PIT,,,"Savas, Peter",1000276389,Right,POM_COL,0110c810-14f5-408d-88ad-17555552b83e,54.63847,-115.49597,11.39552,4.86497,-1.00164,-11.83154,-2.23618,7.28894,-5.53796,,,,,,,,,,,,,,,,,,,,,,,,,,,,,,,,,,,,,,,,,,,,,,,,,,,High,High,High,,,,,
315,2026-02-07,16:40:27.93,3,1,"Brunngraber, Max",1000276385,Right,POM_COL,"Chapman, Nathan",1000039351,Left,PAC_BOX,Undefined,6,Top,1,0,0,Cutter,Slider,BallinDirt,Undefined,Undefined,Undefined,0,0,,79.08547,-0.4377,-2.441765,2319.826477,161.803286,11:30,4.94794,2.13238,5.39765,-36.74935,8.7193,-2.40488,1.47494,-0.3576,72.74664,-7.169763,-2.869066,0.485319,,,,,,,,,,,,0.54398,4.94091,-1.9128,50,4.88324,4.98802,-114.72923,-2.09083,0.72669,20.77893,-25.57365,POM_COL,PAC_BOX,PomonaPitzer,D3,Team,20260207-PomonaPitzer-2,c3fa5e10-0486-11f1-87a1-bbe4b648e251,77.66527,,,6.33883,,,,,,,5ab81c87-aa0e-4d85-b863-dca276aed003,2026-02-08,00:40:27.93,2026-02-07T16:40:27.9399424-08:00,2026-02-08T00:40:27.9399424Z,,v3,POM_PIT,,,"Savas, Peter",1000276389,Right,POM_COL,f67bc91d-8c97-4e63-be71-e07b7222f282,55.09994,-115.64921,10.38947,4.95074,-0.95857,-12.78682,-2.13293,4.95584,0.36334,,,,,,,,,,,,,,,,,,,,,,,,,,,,,,,,,,,,,,,,,,,,,,,,,,,High,High,High,,,,,
316,2026-02-07,16:40:52.66,3,2,"Brunngraber, Max",1000276385,Right,POM_COL,"Chapman, Nathan",1000039351,Left,PAC_BOX,Undefined,6,Top,1,1,0,Slider,Curveball,BallCalled,Undefined,Undefined,Undefined,0,0,,71.88948,1.748922,-1.767725,2261.320939,85.394092,8:45,4.77738,2.15731,5.4624,-55.6494,0.1526,-22.08485,1.77817,-1.33817,65.40884,-8.431149,-5.694897,0.537646,,,,,,,,,,,,10.49989,0.11575,-1.98631,50,4.89388,4.02241,-104.18153,1.47116,11.34948,20.19821,-32.04893,POM_COL,PAC_BOX,PomonaPitzer,D3,Team,20260207-PomonaPitzer-2,d2c412b0-0486-11f1-87a1-bbe4b648e251,70.10646,,,6.48064,,,,,,,5ab81c87-aa0e-4d85-b863-dca276aed003,2026-02-08,00:40:52.66,2026-02-07T16:40:52.6600704-08:00,2026-02-08T00:40:52.6600704Z,,v3,POM_PIT,,,"Savas, Peter",1000276389,Right,POM_COL,7658ae88-f548-495d-bbeb-ec2a0810df9f,55.03639,-105.15343,10.0991,4.78599,3.01329,-16.02447,-2.16672,3.4763,5.67474,,,,,,,,,,,,,,,,,,,,,,,,,,,,,,,,,,,,,,,,,,,,,,,,,,,High,High,High,,,,,
317,2026-02-07,16:41:10.34,3,3,"Brunngraber, Max",1000276385,Right,POM_COL,"Chapman, Nathan",1000039351,Left,PAC_BOX,Undefined,6,Top,1,2,0,Fastball,Changeup,BallCalled,Undefined,Undefined,Undefined,0,0,,83.92722,1.817101,-1.860686,2185.004674,214.451719,1:15,5.00742,2.13148,6.01525,-27.00427,12.77764,7.85678,4.44175,1.062,76.01416,-3.273326,-0.44896,0.453956,,,,,,,,,,,,-4.53811,6.42115,-1.98952,50,5.13537,3.63288,-121.71656,3.05424,-6.76261,25.37451,-22.60538,POM_COL,PAC_BOX,PomonaPitzer,D3,Team,20260207-PomonaPitzer-2,dd452120-0486-11f1-87a1-bbe4b648e251,83.03096,,,7.91307,,,,,,,5ab81c87-aa0e-4d85-b863-dca276aed003,2026-02-08,00:41:10.34,2026-02-07T16:41:10.3456256-08:00,2026-02-08T00:41:10.3456256Z,,v3,POM_PIT,,,"Savas, Peter",1000276389,Right,POM_COL,3066dd6a-3775-4824-b2ed-ed3eea37aa7a,54.47938,-122.64683,12.68726,5.00821,3.88299,-11.30269,-2.12725,3.88081,-3.38131,,,,,,,,,,,,,,,,,,,,,,,,,,,,,,,,,,,,,,,,,,,,,,,,,,,High,High,High,,,,,
318,2026-02-07,16:41:28.56,3,4,"Brunngraber, Max",1000276385,Right,POM_COL,"Chapman, Nathan",1000039351,Left,PAC_BOX,Undefined,6,Top,1,3,0,Cutter,Slider,BallCalled,Walk,Undefined,Undefined,0,0,,75.6859,0.746062,-3.196947,2286.738733,139.895935,10:45,4.7392,2.3029,5.54968,-41.18786,8.38713,-5.75323,2.00517,-1.16703,69.42371,-6.823426,-4.219837,0.50676,,,,,,,,,,,,2.00441,4.51107,-2.02216,50,4.77677,6.34354,-109.71168,0.15645,2.44047,19.60225,-26.68163,POM_COL,PAC_BOX,PomonaPitzer,D3,Team,20260207-PomonaPitzer-2,e81f4c10-0486-11f1-87a1-bbe4b648e251,74.37921,,,6.26219,,,,,,,5ab81c87-aa0e-4d85-b863-dca276aed003,2026-02-08,00:41:28.56,2026-02-07T16:41:28.5668864-08:00,2026-02-08T00:41:28.5668864Z,,v3,POM_PIT,,,"Savas, Peter",1000276389,Right,POM_COL,ba31b52f-f4ab-484d-8813-9f0304ebdf08,54.94769,-110.59216,9.80112,4.74283,1.3549,-13.34081,-2.30463,6.23392,1.22023,,,,,,,,,,,,,,,,,,,,,,,,,,,,,,,,,,,,,,,,,,,,,,,,,,,High,High,High,,,,,
319,2026-02-07,16:41:57.92,4,1,"Brunngraber, Max",1000276385,Right,POM_COL,"Lewis, Ben",1000327268,Right,PAC_BOX,Undefined,6,Top,1,0,0,Fastball,Changeup,FoulBallNotFieldable,Undefined,Undefined,Undefined,0,0,,85.42992,0.045291,-3.145735,2168.647344,216.921816,1:15,5.12268,1.98104,5.82911,-25.85596,12.76595,8.62839,3.01018,-0.22707,77.66301,-4.79958,-1.602211,0.447289,,,,,,,,,,,,-5.3417,6.8843,-1.72918,50,5.11122,6.45717,-123.8744,-0.71648,-8.25519,25.99407,-21.53484,POM_COL,PAC_BOX,PomonaPitzer,D3,Team,20260207-PomonaPitzer-2,f99b2860-0486-11f1-87a1-bbe4b648e251,84.26863,,,7.76691,,,,,,,5ab81c87-aa0e-4d85-b863-dca276aed003,2026-02-08,00:41:57.92,2026-02-07T16:41:57.9229184-08:00,2026-02-08T00:41:57.9229184Z,,v3,POM_PIT,,,"Savas, Peter",1000276389,Right,POM_COL,5e26c1de-b663-4b02-a1a9-e25a738f7452,54.66878,-124.85026,12.99703,5.12294,0.09197,-10.76742,-1.97741,6.76709,-4.12759,,,,,,,,,,,,,,,,,,,,,,,,,,,,,,,,,,,,,,,,,,,,,,,,,,,High,High,High,,,,,
320,2026-02-07,16:42:17.59,4,2,"Brunngraber, Max",1000276385,Right,POM_COL,"Lewis, Ben",1000327268,Right,PAC_BOX,Undefined,6,Top,1,0,1,Cutter,Slider,FoulBallNotFieldable,Undefined,Undefined,Undefined,0,0,,78.87318,1.208018,-1.614254,2319.869341,169.481211,11:45,4.99372,2.11515,5.6257,-33.90088,11.20808,-1.83484,3.2965,0.45555,72.54993,-5.061996,-1.941639,0.483396,74.68951,51.134206,45.334132,,68.92932,101.4095,85.72481,199.50433,89.12239,53.691523,5.176191,0.51319,5.76831,-1.97638,50,5.0749,3.29798,-114.55141,1.35856,0.68602,19.96807,-24.46325,POM_COL,PAC_BOX,PomonaPitzer,D3,Team,20260207-PomonaPitzer-2,0558d580-0487-11f1-87a1-bbe4b648e251,77.97429,101.53532,,6.32325,,,,0.88194,3.24876,-0.4374,5ab81c87-aa0e-4d85-b863-dca276aed003,2026-02-08,00:42:17.59,2026-02-07T16:42:17.5934464-08:00,2026-02-08T00:42:17.5934464Z,FlyBall,v3,POM_PIT,,,"Savas, Peter",1000276389,Right,POM_COL,7fc82fd4-af32-48cd-b4b0-7444d3d4063e,54.87312,-115.39774,9.98404,4.99534,2.39541,-12.23163,-2.11555,3.2689,0.34301,,0.88457,48.25813,-14.65167,3.92998,-0.54134,-0.03794,0.03036,-0.00468,0.00024,3.24508,85.36123,-21.45823,1.71697,-0.27456,0.02285,0.00667,-0.00197,0.00014,-0.43549,48.84669,-8.44024,1.79567,-0.14935,-0.04671,0.0173,-0.00219,0.0001,,,,,,,,,,,,,,,,,,,,,,,High,High,High,Medium,Low,,,
321,2026-02-07,16:42:45.34,4,3,"Brunngraber, Max",1000276385,Right,POM_COL,"Lewis, Ben",1000327268,Right,PAC_BOX,Undefined,6,Top,1,0,2,Slider,Curveball,BallCalled,Undefined,Undefined,Undefined,0,0,,73.61323,0.836498,-3.052282,2443.62999,121.539691,10:00,4.68435,2.04802,5.59414,-42.3525,10.15749,-13.80513,1.93716,-1.95495,67.41069,-6.961823,-5.507354,0.521546,,,,,,,,,,,,6.07559,5.42114,-1.77702,50,4.72895,6.19143,-106.68677,0.30437,6.96541,19.26121,-25.95893,POM_COL,PAC_BOX,PomonaPitzer,D3,Team,20260207-PomonaPitzer-2,15ebff80-0487-11f1-87a1-bbe4b648e251,72.27065,,,6.20254,,,,,,,5ab81c87-aa0e-4d85-b863-dca276aed003,2026-02-08,00:42:45.34,2026-02-07T16:42:45.3480448-08:00,2026-02-08T00:42:45.3480448Z,,v3,POM_PIT,,,"Savas, Peter",1000276389,Right,POM_COL,d2638cac-e4e9-47fa-8074-b90d72622f9b,54.90286,-107.56829,9.6306,4.68783,1.49242,-12.97946,-2.05309,5.87264,3.48271,,,,,,,,,,,,,,,,,,,,,,,,,,,,,,,,,,,,,,,,,,,,,,,,,,,High,High,High,,,,,
322,2026-02-07,16:43:04.23,4,4,"Brunngraber, Max",1000276385,Right,POM_COL,"Lewis, Ben",1000327268,Right,PAC_BOX,Undefined,6,Top,1,1,2,Slider,Curveball,StrikeSwinging,Strikeout,Undefined,Undefined,0,0,,72.53926,1.460441,-2.384449,2384.859855,104.741774,9:30,4.58127,2.05369,5.15127,-48.95613,6.14229,-16.46773,1.87796,-1.56465,66.28396,-7.464605,-5.292248,0.534245,,,,,,,,,,,,7.46591,3.17059,-1.81756,50,4.6807,4.99805,-105.08066,1.12798,8.28075,19.14007,-28.65742,POM_COL,PAC_BOX,PomonaPitzer,D3,Team,20260207-PomonaPitzer-2,212b2dd0-0487-11f1-87a1-bbe4b648e251,70.55266,,,6.2553,,,,,,,5ab81c87-aa0e-4d85-b863-dca276aed003,2026-02-08,00:43:04.23,2026-02-07T16:43:04.2320896-08:00,2026-02-08T00:43:04.2320896Z,,v3,POM_PIT,,,"Savas, Peter",1000276389,Right,POM_COL,eef485c6-390d-47c1-ab9e-136941511d37,55.34637,-106.05001,9.57003,4.58681,2.57934,-14.32871,-2.06007,4.57867,4.14037,,,,,,,,,,,,,,,,,,,,,,,,,,,,,,,,,,,,,,,,,,,,,,,,,,,High,High,High,,,,,
323,2026-02-07,16:43:36.29,5,1,"Brunngraber, Max",1000276385,Right,POM_COL,"Podratz, Colby",10033713,Right,PAC_BOX,Undefined,6,Top,2,0,0,Cutter,Slider,StrikeCalled,Undefined,Undefined,Undefined,0,0,,77.73177,0.564499,-1.937741,2281.971845,163.866304,11:30,4.8029,2.1701,5.5137,-32.10088,14.54044,-3.80803,2.65599,0.04013,71.57298,-5.372604,-2.615501,0.491538,,,,,,,,,,,,1.41669,7.62473,-1.99858,50,4.83071,3.9652,-112.85203,0.12453,1.83944,19.22867,-22.27421,POM_COL,PAC_BOX,PomonaPitzer,D3,Team,20260207-PomonaPitzer-2,34978f80-0487-11f1-87a1-bbe4b648e251,76.68269,,,6.15879,,,,,,,5ab81c87-aa0e-4d85-b863-dca276aed003,2026-02-08,00:43:36.29,2026-02-07T16:43:36.2994176-08:00,2026-02-08T00:43:36.2994176Z,,v3,POM_PIT,,,"Savas, Peter",1000276389,Right,POM_COL,8c254460-ffaa-449b-b2fc-48c394860133,54.98353,-113.698,9.61434,4.80367,1.10448,-11.13711,-2.17125,3.88428,0.91972,,,,,,,,,,,,,,,,,,,,,,,,,,,,,,,,,,,,,,,,,,,,,,,,,,,High,High,High,,,,,
324,2026-02-07,16:43:50.98,5,2,"Brunngraber, Max",1000276385,Right,POM_COL,"Podratz, Colby",10033713,Right,PAC_BOX,Undefined,6,Top,2,0,1,Slider,Curveball,StrikeSwinging,Undefined,Undefined,Undefined,0,0,,71.76824,0.894312,-1.755744,2287.817566,106.774089,9:30,4.55634,2.15341,5.33394,-49.78459,5.91052,-13.62044,1.24715,-0.62942,65.80479,-8.197885,-4.173638,0.537131,,,,,,,,,,,,6.29363,3.26736,-1.98482,50,4.60168,3.6899,-104.07872,0.09434,6.86601,18.35232,-28.60955,POM_COL,PAC_BOX,PomonaPitzer,D3,Team,20260207-PomonaPitzer-2,3d0d3d90-0487-11f1-87a1-bbe4b648e251,70.17369,,,5.96344,,,,,,,5ab81c87-aa0e-4d85-b863-dca276aed003,2026-02-08,00:43:50.98,2026-02-07T16:43:50.9827584-08:00,2026-02-08T00:43:50.9827584Z,,v3,POM_PIT,,,"Savas, Peter",1000276389,Right,POM_COL,7e72b939-2fe2-4c3a-8600-97ce5ee48da3,55.16363,-104.98528,9.17616,4.56211,1.50758,-14.30478,-2.15872,3.35074,3.43301,,,,,,,,,,,,,,,,,,,,,,,,,,,,,,,,,,,,,,,,,,,,,,,,,,,High,High,High,,,,,
325,2026-02-07,16:44:09.29,5,3,"Brunngraber, Max",1000276385,Right,POM_COL,"Podratz, Colby",10033713,Right,PAC_BOX,Undefined,6,Top,2,0,2,Slider,Curveball,BallCalled,Undefined,Undefined,Undefined,0,0,,74.06707,1.55527,-2.62724,2361.244082,113.831728,9:45,4.69399,1.99714,5.60982,-43.8827,7.823,-14.04725,2.49067,-1.62746,67.87771,-6.521152,-5.127473,0.517536,,,,,,,,,,,,6.35426,4.01461,-1.76323,50,4.79891,5.43934,-107.39758,1.59997,7.39814,19.14691,-27.4999,POM_COL,PAC_BOX,PomonaPitzer,D3,Team,20260207-PomonaPitzer-2,47f09040-0487-11f1-87a1-bbe4b648e251,72.83055,,,6.18936,,,,,,,5ab81c87-aa0e-4d85-b863-dca276aed003,2026-02-08,00:44:09.29,2026-02-07T16:44:09.2940800-08:00,2026-02-08T00:44:09.2940800Z,,v3,POM_PIT,,,"Savas, Peter",1000276389,Right,POM_COL,93d88c88-b221-4e0f-9e3b-ad309925ebb8,54.88819,-108.26554,9.57346,4.69812,2.84659,-13.74995,-2.0022,5.10397,3.69907,,,,,,,,,,,,,,,,,,,,,,,,,,,,,,,,,,,,,,,,,,,,,,,,,,,High,High,High,,,,,
326,2026-02-07,16:44:25.50,5,4,"Brunngraber, Max",1000276385,Right,POM_COL,"Podratz, Colby",10033713,Right,PAC_BOX,Undefined,6,Top,2,1,2,Fastball,Slider,StrikeSwinging,Strikeout,Undefined,Undefined,0,0,,83.2561,1.175499,-3.327171,2307.402867,225.837457,1:30,4.9153,2.12035,5.51844,-33.23581,7.50697,6.48536,3.24675,-0.45361,76.47741,-4.94031,-2.174412,0.459406,,,,,,,,,,,,-4.13193,3.86071,-1.8348,50,4.99559,6.75196,-120.74986,1.34622,-6.1403,22.0773,-26.43681,POM_COL,PAC_BOX,PomonaPitzer,D3,Team,20260207-PomonaPitzer-2,51934ca0-0487-11f1-87a1-bbe4b648e251,82.04603,,,6.77869,,,,,,,5ab81c87-aa0e-4d85-b863-dca276aed003,2026-02-08,00:44:25.50,2026-02-07T16:44:25.5022592-08:00,2026-02-08T00:44:25.5022592Z,,v3,POM_PIT,,,"Savas, Peter",1000276389,Right,POM_COL,d12ed518-59f2-4a38-9a66-7b235d4f80aa,54.98012,-121.657,11.03865,4.91796,2.43248,-13.21841,-2.11741,7.00426,-3.07015,,,,,,,,,,,,,,,,,,,,,,,,,,,,,,,,,,,,,,,,,,,,,,,,,,,High,High,High,,,,,
327,2026-02-07,16:47:16.69,1,1,"Kroese, Kenneth Miguel",10284403,Right,PAC_BOX,"Hu, Landon",1000261921,Left,POM_COL,Undefined,6,Bottom,0,0,0,Fastball,Changeup,FoulBallNotFieldable,Undefined,Undefined,Undefined,0,0,,81.20103,-1.336277,-2.208448,1610.748429,210.223679,1:00,5.72872,1.16276,5.87315,-33.1388,9.86989,4.85075,1.72487,-0.48525,73.58827,-7.505857,-1.337957,0.472008,,,,,,,,,,,,-3.16398,5.9478,-0.98679,50,5.60172,4.3454,-117.67308,-3.77366,-4.37533,25.19733,-23.94912,POM_COL,PAC_BOX,PomonaPitzer,D3,Team,20260207-PomonaPitzer-2,b7a53670-0487-11f1-87a1-bbe4b648e251,79.85549,,,7.61276,,,,,,,5ab81c87-aa0e-4d85-b863-dca276aed003,2026-02-08,00:47:16.69,2026-02-07T16:47:16.6958592-08:00,2026-02-08T00:47:16.6958592Z,,v3,POM_PIT,,,"Podratz, Colby",10033713,Right,PAC_BOX,c7dd802b-8341-4c85-aa18-177744189fd1,54.62159,-118.65857,12.59867,5.73099,-2.83698,-11.97456,-1.16009,4.51652,-2.18767,,,,,,,,,,,,,,,,,,,,,,,,,,,,,,,,,,,,,,,,,,,,,,,,,,,High,High,High,,,,,
328,2026-02-07,16:47:41.16,1,2,"Kroese, Kenneth Miguel",10284403,Right,PAC_BOX,"Hu, Landon",1000261921,Left,POM_COL,Undefined,6,Bottom,0,0,1,Fastball,Changeup,FoulBallNotFieldable,Undefined,Undefined,Undefined,0,0,,82.1916,-1.997945,-2.649648,1908.912528,199.787293,12:45,5.74678,1.16534,5.87506,-26.84923,14.53036,4.76028,1.65096,-0.90064,75.53374,-6.997121,-1.796251,0.462982,86.62314,8.358623,45.96342,3568.603342,71.92015,4.82879,83.2314,140.70333,108.16118,50.22613,1.271619,-3.17189,8.38296,-0.95384,50,5.56948,5.33664,-119.2496,-4.97353,-4.57612,22.52404,-20.07995,POM_COL,PAC_BOX,PomonaPitzer,D3,Team,20260207-PomonaPitzer-2,c6395c20-0487-11f1-87a1-bbe4b648e251,81.41227,7.00009,,6.65786,,,,1.39129,1.75664,0.82408,5ab81c87-aa0e-4d85-b863-dca276aed003,2026-02-08,00:47:41.16,2026-02-07T16:47:41.1696640-08:00,2026-02-08T00:47:41.1696640Z,GroundBall,v3,POM_PIT,,,"Podratz, Colby",10033713,Right,PAC_BOX,b69cc729-7b1a-4174-a0ae-fc7154978272,54.62366,-120.11975,11.26202,5.74663,-4.19781,-10.03998,-1.16342,5.51342,-2.28806,,1.39129,87.37454,-17.32781,3.44168,-0.7412,0.15192,-0.03138,0.00551,-0.00054,1.75664,18.46865,-16.90274,1.23453,-0.21877,0.04482,-0.00738,0.00129,-0.00014,0.82408,90.36346,-5.42735,0.66246,-0.07259,0.00324,0.00072,-0.0002,3E-05,,,,,,,,,,,,,,,,,,,,,,,High,High,High,High,Medium,,,
329,2026-02-07,16:48:06.67,1,3,"Kroese, Kenneth Miguel",10284403,Right,PAC_BOX,"Hu, Landon",1000261921,Left,POM_COL,Undefined,6,Bottom,0,0,2,ChangeUp,Changeup,InPlay,Undefined,Popup,Out,1,0,,78.68361,0.995589,-2.386987,1182.385531,247.26208,2:15,5.6805,1.33448,5.76082,-39.87943,6.9143,11.92201,3.28478,0.10497,69.92244,-6.458929,-0.253777,0.49234,68.53007,42.57106,-9.61187,,,,,,87.89889,,,-6.9504,3.67921,-1.14402,50,5.73935,4.28015,-113.82721,0.74741,-8.82536,27.15538,-27.50232,POM_COL,PAC_BOX,PomonaPitzer,D3,Team,20260207-PomonaPitzer-2,d5702a70-0487-11f1-87a1-bbe4b648e251,76.55773,68.04489,,8.76118,,,,1.98056,3.34817,-0.10758,5ab81c87-aa0e-4d85-b863-dca276aed003,2026-02-08,00:48:06.67,2026-02-07T16:48:06.6710528-08:00,2026-02-08T00:48:06.6710528Z,,v3,POM_PIT,,,"Podratz, Colby",10033713,Right,PAC_BOX,8e70acb7-5320-41d4-afa0-2ad3ff05c1bc,54.7336,-114.95095,13.57769,5.68487,1.8855,-13.75116,-1.32869,4.64536,-4.41268,,1.98056,72.9803,-4.78874,0.29903,-0.0451,0.20868,-0.22843,0.11315,-0.0221,3.34817,67.99631,-13.04746,0.55937,0.17864,-0.37834,0.30168,-0.13095,0.02403,-0.10758,-12.35926,0.53995,-0.65458,0.19473,-0.02784,-0.00289,0.00079,0.00026,,,,,,,,,,,,,,,,,,,,,,,High,High,High,Low,Undefined,,,
330,2026-02-07,16:48:42.14,2,1,"Kroese, Kenneth Miguel",10284403,Right,PAC_BOX,"Green, Mason",10147543,Right,POM_COL,Undefined,6,Bottom,1,0,0,Slider,Curveball,StrikeCalled,Undefined,Undefined,Undefined,0,0,,74.72164,1.306444,-0.629179,2210.004948,97.085771,9:15,5.51807,1.41672,5.13084,-49.15759,3.8574,-13.93536,2.65225,-0.33712,66.74154,-7.721629,-3.096029,0.524048,,,,,,,,,,,,6.6252,2.10382,-1.34661,50,5.6036,1.74987,-108.04165,0.83915,7.5981,24.03904,-29.76128,POM_COL,PAC_BOX,PomonaPitzer,D3,Team,20260207-PomonaPitzer-2,ea920450-0487-11f1-87a1-bbe4b648e251,71.92559,,,7.9801,,,,,,,5ab81c87-aa0e-4d85-b863-dca276aed003,2026-02-08,00:48:42.14,2026-02-07T16:48:42.1464576-08:00,2026-02-08T00:48:42.1464576Z,,v3,POM_PIT,,,"Podratz, Colby",10033713,Right,PAC_BOX,3ca298fa-4d44-4f5a-a124-c03225f137c9,55.36225,-109.22822,12.01952,5.52592,2.30818,-14.88064,-1.42373,1.37482,3.79905,,,,,,,,,,,,,,,,,,,,,,,,,,,,,,,,,,,,,,,,,,,,,,,,,,,High,High,High,,,,,
331,2026-02-07,16:48:57.95,2,2,"Kroese, Kenneth Miguel",10284403,Right,PAC_BOX,"Green, Mason",10147543,Right,POM_COL,Undefined,6,Bottom,1,0,1,Fastball,Changeup,BallCalled,Undefined,Undefined,Undefined,0,0,,82.17126,-2.937242,-3.506885,1862.006261,213.459562,1:00,5.53147,1.19635,5.86601,-30.28781,11.28367,6.58319,0.27148,-1.51678,75.63158,-8.527924,-2.327424,0.464055,,,,,,,,,,,,-4.35217,6.98489,-0.91588,50,5.27528,7.04343,-119.03701,-7.05988,-6.25069,22.64381,-22.14222,POM_COL,PAC_BOX,PomonaPitzer,D3,Team,20260207-PomonaPitzer-2,f3fa76d0-0487-11f1-87a1-bbe4b648e251,81.22414,,,6.53969,,,,,,,5ab81c87-aa0e-4d85-b863-dca276aed003,2026-02-08,00:48:57.95,2026-02-07T16:48:57.9559424-08:00,2026-02-08T00:48:57.9559424Z,,v3,POM_PIT,,,"Podratz, Colby",10033713,Right,PAC_BOX,4eee8bed-a1a0-411d-9dd5-5d0fd92cce23,54.63291,-119.91507,11.32191,5.53239,-6.20127,-11.07111,-1.1937,7.28581,-3.12534,,,,,,,,,,,,,,,,,,,,,,,,,,,,,,,,,,,,,,,,,,,,,,,,,,,High,High,High,,,,,
332,2026-02-07,16:49:14.81,2,3,"Kroese, Kenneth Miguel",10284403,Right,PAC_BOX,"Green, Mason",10147543,Right,POM_COL,Undefined,6,Bottom,1,1,1,Slider,Curveball,BallCalled,Undefined,Undefined,Undefined,0,0,,75.31128,-0.557532,-0.925446,2496.02064,74.261535,8:30,5.73369,1.2666,4.94661,-54.07719,-2.04874,-14.06843,0.70032,-0.78036,68.38464,-10.323579,-3.413186,0.519149,,,,,,,,,,,,6.65752,-0.2915,-1.16452,50,5.63513,2.32323,-109.05635,-2.9316,7.8487,22.95019,-32.51768,POM_COL,PAC_BOX,PomonaPitzer,D3,Team,20260207-PomonaPitzer-2,fe778da0-0487-11f1-87a1-bbe4b648e251,72.60431,,,6.92663,,,,,,,5ab81c87-aa0e-4d85-b863-dca276aed003,2026-02-08,00:49:14.81,2026-02-07T16:49:14.8192768-08:00,2026-02-08T00:49:14.8192768Z,,v3,POM_PIT,,,"Podratz, Colby",10033713,Right,PAC_BOX,bff14c8f-e6e9-4d9c-82dd-7f81276b0749,55.55146,-110.21843,11.4751,5.74189,-1.28508,-16.25884,-1.2721,1.92581,3.92435,,,,,,,,,,,,,,,,,,,,,,,,,,,,,,,,,,,,,,,,,,,,,,,,,,,High,High,High,,,,,
333,2026-02-07,16:49:30.58,2,4,"Kroese, Kenneth Miguel",10284403,Right,PAC_BOX,"Green, Mason",10147543,Right,POM_COL,Undefined,6,Bottom,1,2,1,Fastball,Four-Seam,StrikeCalled,Undefined,Undefined,Undefined,0,0,,82.07883,-2.257185,-1.640435,2216.406819,201.69417,12:45,5.73969,1.00209,5.61905,-23.35682,18.9054,6.93823,1.68483,0.04894,74.66065,-6.644007,-0.401471,0.467894,,,,,,,,,,,,-3.99229,10.67997,-0.86662,50,5.53224,3.12364,-118.94959,-5.38033,-5.67852,24.35805,-16.98324,POM_COL,PAC_BOX,PomonaPitzer,D3,Team,20260207-PomonaPitzer-2,07746d10-0488-11f1-87a1-bbe4b648e251,80.55761,,,7.41818,,,,,,,5ab81c87-aa0e-4d85-b863-dca276aed003,2026-02-08,00:49:30.58,2026-02-07T16:49:30.5843200-08:00,2026-02-08T00:49:30.5843200Z,,v3,POM_PIT,,,"Podratz, Colby",10033713,Right,PAC_BOX,3f569075-e257-4c9f-954b-0fbebde64d55,54.87667,-119.94407,12.17903,5.73775,-4.68695,-8.49162,-0.99888,3.35548,-2.83926,,,,,,,,,,,,,,,,,,,,,,,,,,,,,,,,,,,,,,,,,,,,,,,,,,,High,High,High,,,,,
334,2026-02-07,16:49:48.46,2,5,"Kroese, Kenneth Miguel",10284403,Right,PAC_BOX,"Green, Mason",10147543,Right,POM_COL,Undefined,6,Bottom,1,2,2,Slider,Curveball,StrikeCalled,Strikeout,Undefined,Undefined,0,0,,74.07037,2.341491,0.593914,2419.42407,81.041642,8:45,5.47277,1.51287,5.03767,-54.77782,-1.33185,-20.59434,3.11824,0.35698,66.96931,-7.632865,-3.045512,0.526173,,,,,,,,,,,,10.29371,-0.77941,-1.55259,50,5.65315,-0.2839,-107.24686,2.52554,11.79292,21.37672,-33.06699,POM_COL,PAC_BOX,PomonaPitzer,D3,Team,20260207-PomonaPitzer-2,122230d0-0488-11f1-87a1-bbe4b648e251,71.63503,,,7.10106,,,,,,,5ab81c87-aa0e-4d85-b863-dca276aed003,2026-02-08,00:49:48.46,2026-02-07T16:49:48.4680000-08:00,2026-02-08T00:49:48.4680000Z,,v3,POM_PIT,,,"Podratz, Colby",10033713,Right,PAC_BOX,1acf4068-69a5-451b-9dd7-a38609ba6e0b,55.46004,-108.3297,10.68836,5.48279,4.20056,-16.53349,-1.52307,-0.88127,5.89646,,,,,,,,,,,,,,,,,,,,,,,,,,,,,67.53874,2.775624,1.822157,0.953467,-1.45241,2.71831,-0.19946,-0.19856,5.65528,-2.66051,66.56216,5.56234,-58.22829,-0.15348,74.22977,-4.44762,5.68038,12.17378,-12.88603,-2.71573,-63.13249,5.12801,High,High,High,,,High,High,High
335,2026-02-07,16:50:21.30,3,1,"Kroese, Kenneth Miguel",10284403,Right,PAC_BOX,"Gonzaga, Kai",10138924,Left,POM_COL,Undefined,6,Bottom,2,0,0,Fastball,Changeup,BallCalled,Undefined,Undefined,Undefined,0,0,,83.54399,-2.649384,-0.870269,1991.590438,207.127772,1:00,5.84545,0.96171,5.59909,-24.63049,16.15528,7.56174,1.31742,0.77932,76.15123,-7.242347,0.480676,0.459648,,,,,,,,,,,,-4.07607,9.38134,-0.89213,50,5.60264,1.5261,-121.08968,-6.37256,-6.01322,25.05874,-18.33426,POM_COL,PAC_BOX,PomonaPitzer,D3,Team,20260207-PomonaPitzer-2,25a83500-0488-11f1-87a1-bbe4b648e251,82.00277,,,7.39276,,,,,,,5ab81c87-aa0e-4d85-b863-dca276aed003,2026-02-08,00:50:21.30,2026-02-07T16:50:21.3009920-08:00,2026-02-08T00:50:21.3009920Z,,v3,POM_PIT,,,"Podratz, Colby",10033713,Right,PAC_BOX,e9d77330-b49a-488a-8956-7b89f9813f45,54.89714,-122.0989,12.52937,5.84442,-5.63416,-9.16713,-0.95846,1.76828,-3.00661,,,,,,,,,,,,,,,,,,,,,,,,,,,,,,,,,,,,,,,,,,,,,,,,,,,High,High,High,,,,,
336,2026-02-07,16:50:39.70,3,2,"Kroese, Kenneth Miguel",10284403,Right,PAC_BOX,"Gonzaga, Kai",10138924,Left,POM_COL,Undefined,6,Bottom,2,1,0,Fastball,Changeup,StrikeCalled,Undefined,Undefined,Undefined,0,0,,82.50785,-1.940382,-0.43916,1940.763672,196.08985,12:30,5.65726,1.16586,5.7489,-27.0886,14.30221,3.73292,1.59269,1.06808,75.46681,-6.985218,0.229658,0.463045,,,,,,,,,,,,-2.01973,8.25319,-1.13166,50,5.47969,0.76768,-119.72381,-4.89317,-2.92304,23.73732,-20.22956,POM_COL,PAC_BOX,PomonaPitzer,D3,Team,20260207-PomonaPitzer-2,309cc5c0-0488-11f1-87a1-bbe4b648e251,81.40119,,,7.04103,,,,,,,5ab81c87-aa0e-4d85-b863-dca276aed003,2026-02-08,00:50:39.70,2026-02-07T16:50:39.7006336-08:00,2026-02-08T00:50:39.7006336Z,,v3,POM_PIT,,,"Podratz, Colby",10033713,Right,PAC_BOX,698502c3-612e-42b8-8ea3-c6fd774937a6,54.74751,-120.66141,11.86866,5.65718,-4.09412,-10.11478,-1.16426,0.88314,-1.46152,,,,,,,,,,,,,,,,,,,,,,,,,,,,,,,,,,,,,,,,,,,,,,,,,,,High,High,High,,,,,
337,2026-02-07,16:51:01.81,3,3,"Kroese, Kenneth Miguel",10284403,Right,PAC_BOX,"Gonzaga, Kai",10138924,Left,POM_COL,Undefined,6,Bottom,2,1,1,Fastball,Changeup,InPlay,Undefined,GroundBall,Single,0,0,,81.95066,-0.751887,-0.98394,1783.145649,204.57236,12:45,5.58915,1.1449,5.89077,-31.24998,10.57942,4.19733,2.28672,0.581,74.68835,-6.575281,-0.230051,0.465492,91.33714,-11.477484,12.919273,,,,,10.62304,8.91528,8.994787,0.076387,-2.43882,6.06142,-1.06803,50,5.51072,1.87915,-118.96111,-2.52784,-3.47137,24.25153,-23.54628,POM_COL,PAC_BOX,PomonaPitzer,D3,Team,20260207-PomonaPitzer-2,3dcffbe0-0488-11f1-87a1-bbe4b648e251,80.97333,2.03932,,7.26231,,,,0.70289,2.03932,-0.58471,5ab81c87-aa0e-4d85-b863-dca276aed003,2026-02-08,00:51:01.81,2026-02-07T16:51:01.8148864-08:00,2026-02-08T00:51:01.8148864Z,GroundBall,v3,POM_PIT,,,"Podratz, Colby",10033713,Right,PAC_BOX,4797ed18-eb4f-4515-8027-96b212bbd3eb,54.6061,-119.89643,12.12576,5.5907,-1.61971,-11.77314,-1.14308,2.01303,-1.73569,180,0.70045,128.15716,,,,,,,,2.03983,-26.69724,,,,,,,,-0.58527,29.39728,,,,,,,,,,,,,,,,,,,,,,,,,,,,,,High,High,High,High,High,,,
338,2026-02-07,16:51:34.82,4,1,"Kroese, Kenneth Miguel",10284403,Right,PAC_BOX,"Pierantoni, Greg",1000091552,Right,POM_COL,Undefined,6,Bottom,2,0,0,Fastball,Four-Seam,BallCalled,Undefined,Undefined,Undefined,0,0,,82.22089,-3.382322,-2.04371,2071.504952,193.530014,12:30,5.74574,1.10713,5.69101,-23.34033,18.52942,4.12394,0.64276,-0.45473,75.31114,-7.738457,-1.306426,0.465716,,,,,,,,,,,,-2.68662,10.8104,-0.93795,50,5.44658,4.08845,-119.11846,-7.73809,-3.85193,23.33447,-16.67457,POM_COL,PAC_BOX,PomonaPitzer,D3,Team,20260207-PomonaPitzer-2,517a29e0-0488-11f1-87a1-bbe4b648e251,80.93431,,,6.90975,,,,,,,5ab81c87-aa0e-4d85-b863-dca276aed003,2026-02-08,00:51:34.82,2026-02-07T16:51:34.8289024-08:00,2026-02-08T00:51:34.8289024Z,,v3,POM_PIT,,,"Podratz, Colby",10033713,Right,PAC_BOX,63979fa7-a58d-4c93-b82d-e3924f99d29e,54.8069,-120.0564,11.66723,5.74415,-7.06784,-8.33729,-1.1054,4.24328,-1.92596,,,,,,,,,,,,,,,,,,,,,,,,,,,,,,,,,,,,,,,,,,,,,,,,,,,High,High,High,,,,,
339,2026-02-07,16:51:52.93,4,2,"Kroese, Kenneth Miguel",10284403,Right,PAC_BOX,"Pierantoni, Greg",1000091552,Right,POM_COL,Undefined,6,Bottom,2,1,0,Fastball,Changeup,BallCalled,Undefined,Undefined,Undefined,0,0,,81.80086,-1.795147,-0.12116,1820.822267,200.546464,12:45,5.58516,1.28496,5.80722,-26.49423,15.44517,5.28111,1.70735,1.61238,74.91961,-6.740668,0.82602,0.466104,,,,,,,,,,,,-2.71559,8.80111,-1.27812,50,5.42219,0.04162,-118.73646,-4.51714,-3.87246,22.97005,-19.62351,POM_COL,PAC_BOX,PomonaPitzer,D3,Team,20260207-PomonaPitzer-2,5c810a20-0488-11f1-87a1-bbe4b648e251,80.86709,,,6.88125,,,,,,,5ab81c87-aa0e-4d85-b863-dca276aed003,2026-02-08,00:51:52.93,2026-02-07T16:51:52.9320448-08:00,2026-02-08T00:51:52.9320448Z,,v3,POM_PIT,,,"Podratz, Colby",10033713,Right,PAC_BOX,1583e9c3-9051-419a-8b2e-c60e0a44d70a,54.68904,-119.64014,11.48503,5.58471,-3.74512,-9.81176,-1.28275,0.19397,-1.93623,,,,,,,,,,,,,,,,,,,,,,,,,,,,,,,,,,,,,,,,,,,,,,,,,,,High,High,High,,,,,
340,2026-02-07,16:52:07.44,4,3,"Kroese, Kenneth Miguel",10284403,Right,PAC_BOX,"Pierantoni, Greg",1000091552,Right,POM_COL,Undefined,6,Bottom,2,2,0,Slider,Curveball,StrikeSwinging,Undefined,Undefined,Undefined,0,0,,73.01429,1.040665,-0.429317,2338.049729,90.512133,9:00,5.44705,1.31569,4.97547,-52.66235,1.98122,-17.85182,2.04154,-0.57744,66.7553,-8.50686,-3.582193,0.532036,,,,,,,,,,,,8.67556,1.23189,-1.25902,50,5.50478,1.48822,-105.86278,0.17067,9.76252,19.48864,-30.7878,POM_COL,PAC_BOX,PomonaPitzer,D3,Team,20260207-PomonaPitzer-2,64fb7320-0488-11f1-87a1-bbe4b648e251,70.84566,,,6.25898,,,,,,,5ab81c87-aa0e-4d85-b863-dca276aed003,2026-02-08,00:52:07.44,2026-02-07T16:52:07.4404864-08:00,2026-02-08T00:52:07.4404864Z,,v3,POM_PIT,,,"Podratz, Colby",10033713,Right,PAC_BOX,d4f03282-cf53-4a3f-bd45-36934f71b43e,55.52307,-106.8747,9.74432,5.45442,1.76929,-15.3939,-1.32313,0.98131,4.88126,,,,,,,,,,,,,,,,,,,,,,,,,,,,,,,,,,,,,,,,,,,,,,,,,,,High,High,High,,,,,
341,2026-02-07,16:52:27.73,4,4,"Kroese, Kenneth Miguel",10284403,Right,PAC_BOX,"Pierantoni, Greg",1000091552,Right,POM_COL,Undefined,6,Bottom,2,2,1,Slider,Curveball,BallCalled,Undefined,Undefined,Undefined,0,0,,75.97026,2.105068,0.522051,2511.859802,105.173637,9:30,5.41188,1.60589,4.90425,-44.9527,5.87595,-15.16343,3.6576,0.836,68.77498,-6.10309,-2.14945,0.513128,,,,,,,,,,,,7.56536,2.80721,-1.64376,50,5.58079,-0.37064,-109.99334,2.49337,9.169,21.46145,-28.7718,POM_COL,PAC_BOX,PomonaPitzer,D3,Team,20260207-PomonaPitzer-2,710a7490-0488-11f1-87a1-bbe4b648e251,73.4562,,,7.19528,,,,,,,5ab81c87-aa0e-4d85-b863-dca276aed003,2026-02-08,00:52:27.73,2026-02-07T16:52:27.7350000-08:00,2026-02-08T00:52:27.7350000Z,,v3,POM_PIT,,,"Podratz, Colby",10033713,Right,PAC_BOX,664400f0-2b11-4a35-9ab5-d722bbbdd6b6,55.59141,-111.07895,10.73072,5.41786,3.94878,-14.3859,-1.61328,-0.83445,4.5845,,,,,,,,,,,,,,,,,,,,,,,,,,,,,69.26743,2.204555,0.689101,1.515454,-1.97929,3.27704,-0.70356,-2.80035,5.8675,0.93597,127.28112,5.54174,7.39242,-2.46162,96.96269,-7.45878,5.96389,18.72486,-12.52762,0.94529,4.62289,-0.2424,High,High,High,,,High,High,High
342,2026-02-07,16:52:57.05,4,5,"Kroese, Kenneth Miguel",10284403,Right,PAC_BOX,"Pierantoni, Greg",1000091552,Right,POM_COL,Undefined,6,Bottom,2,3,1,Fastball,Changeup,InPlay,Undefined,FlyBall,Out,1,0,,80.98158,-1.455186,-1.598973,1980.962271,188.916884,12:15,5.64359,1.02157,5.81362,-25.63277,17.22371,2.48177,2.15361,-0.2588,74.00268,-6.261086,-1.154244,0.471172,88.20471,36.294514,-6.538962,3446.468756,109.6528,73.14563,-8.72987,336.05289,332.45003,-1.286196,5.430913,-1.7324,9.64119,-0.89209,50,5.50923,3.1858,-117.52776,-3.73406,-2.41531,22.94179,-18.73236,POM_COL,PAC_BOX,PomonaPitzer,D3,Team,20260207-PomonaPitzer-2,82805d70-0488-11f1-87a1-bbe4b648e251,79.99715,96.77299,,6.97891,,,,1.48546,2.6164,0.3104,5ab81c87-aa0e-4d85-b863-dca276aed003,2026-02-08,00:52:57.05,2026-02-07T16:52:57.0509824-08:00,2026-02-08T00:52:57.0509824Z,FlyBall,v3,POM_PIT,,,"Podratz, Colby",10033713,Right,PAC_BOX,69329412-1446-4240-be5e-de656f7d4cf3,54.68416,-118.4386,11.4709,5.64272,-2.99035,-9.36618,-1.02047,3.28169,-1.20765,193.294721,1.48799,103.54223,-18.15899,3.81677,-0.54416,0.03358,0.00222,-0.00038,1E-05,2.61682,76.56221,-17.5852,1.16204,-0.1868,0.00886,0.00632,-0.00136,8E-05,0.31022,-11.87026,4.91719,-1.14651,0.18051,-0.01291,-0.00098,0.00024,-1E-05,,,,,,,,,,,,,,,,,,,,,,,High,High,High,Medium,Medium,,,
343,2026-02-07,16:55:18.04,1,1,"Lawson, Wade",1000068528,Right,POM_COL,"Shelor, Will",1000237125,Right,PAC_BOX,Undefined,7,Top,0,0,0,Slider,Slider,StrikeCalled,Undefined,Undefined,Undefined,0,0,,83.76902,0.094874,-2.175175,2514.493601,50.822048,7:45,5.9023,1.42663,4.99034,-42.80809,-1.42579,-3.39299,2.4246,-0.91094,76.62728,-7.649138,-2.774092,0.462997,,,,,,,,,,,,1.04035,-0.28925,-1.21426,50,5.87678,4.76358,-121.42245,-1.45423,1.54681,24.68377,-32.60411,POM_COL,PAC_BOX,PomonaPitzer,D3,Team,20260207-PomonaPitzer-2,d6865ff0-0488-11f1-87a1-bbe4b648e251,81.4096,,,7.14174,,,,,,,5ab81c87-aa0e-4d85-b863-dca276aed003,2026-02-08,00:55:18.04,2026-02-07T16:55:18.0466688-08:00,2026-02-08T00:55:18.0466688Z,,v3,POM_PIT,,,"Savas, Peter",1000276389,Right,POM_COL,4def75ac-a9f5-4e0b-a2a1-a0fd2f8acf13,55.50746,-122.53694,12.34189,5.90921,0.01787,-16.30205,-1.42776,4.69374,0.77341,,,,,,,,,,,,,,,,,,,,,,,,,,,,,,,,,,,,,,,,,,,,,,,,,,,High,High,High,,,,,
344,2026-02-07,16:55:30.40,1,2,"Lawson, Wade",1000068528,Right,POM_COL,"Shelor, Will",1000237125,Right,PAC_BOX,Undefined,7,Top,0,0,1,Curveball,Curveball,StrikeCalled,Undefined,Undefined,Undefined,0,0,,80.39201,1.174677,-0.737466,2405.69942,28.982174,7:00,6.12603,0.71539,4.92664,-51.64204,-6.79237,-4.53918,2.93324,-0.36006,73.79987,-8.131893,-1.538942,0.482004,,,,,,,,,,,,2.025,-3.2154,-0.63964,50,6.19741,1.69696,-116.6468,0.4305,2.78656,22.19507,-36.59871,POM_COL,PAC_BOX,PomonaPitzer,D3,Team,20260207-PomonaPitzer-2,dde19d50-0488-11f1-87a1-bbe4b648e251,78.19936,,,6.59214,,,,,,,5ab81c87-aa0e-4d85-b863-dca276aed003,2026-02-08,00:55:30.40,2026-02-07T16:55:30.4024064-08:00,2026-02-08T00:55:30.4024064Z,,v3,POM_PIT,,,"Savas, Peter",1000276389,Right,POM_COL,7abf7e15-6d9c-4926-96e4-0b02f5da312b,55.57331,-117.70249,11.09753,6.13553,2.17129,-18.29935,-0.7172,1.56442,1.39328,,,,,,,,,,,,,,,,,,,,,,,,,,,,,,,,,,,,,,,,,,,,,,,,,,,High,High,High,,,,,
345,2026-02-07,16:55:43.73,1,3,"Lawson, Wade",1000068528,Right,POM_COL,"Shelor, Will",1000237125,Right,PAC_BOX,Undefined,7,Top,0,0,2,Slider,Slider,BallCalled,Undefined,Undefined,Undefined,0,0,,83.8695,-2.687549,-1.600967,2579.654391,83.579504,8:45,6.09907,0.91226,4.88145,-40.36412,0.99453,-2.6904,0.1898,-0.82703,77.38461,-9.924739,-2.076093,0.462865,,,,,,,,,,,,0.89217,1.58213,-0.75262,50,5.80064,3.51354,-121.53082,-7.25919,1.3333,23.98228,-29.80959,POM_COL,PAC_BOX,PomonaPitzer,D3,Team,20260207-PomonaPitzer-2,e5d28b00-0488-11f1-87a1-bbe4b648e251,81.43284,,,6.48489,,,,,,,5ab81c87-aa0e-4d85-b863-dca276aed003,2026-02-08,00:55:43.73,2026-02-07T16:55:43.7304320-08:00,2026-02-08T00:55:43.7304320Z,,v3,POM_PIT,,,"Savas, Peter",1000276389,Right,POM_COL,efdfc479-44d6-4529-936a-565d3ad9eaeb,55.6186,-122.63456,11.99114,6.10316,-5.88727,-14.9048,-0.91292,3.45218,0.66665,,,,,,,,,,,,,,,,,,,,,,,,,,,,,,,,,,,,,,,,,,,,,,,,,,,High,High,High,,,,,
346,2026-02-07,16:56:00.66,1,4,"Lawson, Wade",1000068528,Right,POM_COL,"Shelor, Will",1000237125,Right,PAC_BOX,Undefined,7,Top,0,1,2,Fastball,Four-Seam,InPlay,Undefined,GroundBall,Out,1,0,,89.60282,-3.111493,-1.450318,2510.72969,215.260026,1:15,6.20143,0.81708,5.63257,-17.72985,17.6654,11.63993,1.81711,0.43363,81.61063,-6.45521,0.629182,0.428197,102.0864,1.218374,-14.546447,980.209798,,,,72.06415,62.20255,-16.600591,0.504232,-6.33941,10.23331,-0.70135,50,5.92533,2.77923,-129.85196,-7.61374,-10.76618,28.5486,-14.79494,POM_COL,PAC_BOX,PomonaPitzer,D3,Team,20260207-PomonaPitzer-2,efec9a40-0488-11f1-87a1-bbe4b648e251,88.02584,2.07134,,7.9922,,,,0.9872,1.89192,-0.49165,5ab81c87-aa0e-4d85-b863-dca276aed003,2026-02-08,00:56:00.66,2026-02-07T16:56:00.6624256-08:00,2026-02-08T00:56:00.6624256Z,GroundBall,v3,POM_PIT,,,"Savas, Peter",1000276389,Right,POM_COL,6fcdf2ac-143a-4cb8-98e1-36300d756640,54.8654,-130.91727,14.2743,6.19914,-7.06166,-7.39747,-0.81255,3.18098,-5.38309,102.484491,1.00456,144.43328,-18.83381,,,,,,,1.89615,3.07206,-13.56639,,,,,,,-0.48302,-37.82815,-4.08842,,,,,,,,,,,,,,,,,,,,,,,,,,,,,High,High,High,High,High,,,
347,2026-02-07,16:56:29.55,2,1,"Lawson, Wade",1000068528,Right,POM_COL,"Collado, Riz",1000397379,Right,PAC_BOX,Undefined,7,Top,1,0,0,Fastball,Four-Seam,BallCalled,Undefined,Undefined,Undefined,0,0,,90.26592,-3.648647,-2.236049,2599.546186,215.707274,1:15,6.18064,0.72543,5.49808,-17.81446,17.33017,11.58729,1.2761,-0.40152,82.16879,-6.994797,-0.172156,0.426678,,,,,,,,,,,,-6.46882,10.1578,-0.53778,50,5.84929,4.57255,-130.62733,-8.90795,-11.11887,28.85799,-14.71447,POM_COL,PAC_BOX,PomonaPitzer,D3,Team,20260207-PomonaPitzer-2,011d3cc0-0489-11f1-87a1-bbe4b648e251,88.33921,,,8.09714,,,,,,,5ab81c87-aa0e-4d85-b863-dca276aed003,2026-02-08,00:56:29.55,2026-02-07T16:56:29.5591424-08:00,2026-02-08T00:56:29.5591424Z,,v3,POM_PIT,,,"Savas, Peter",1000276389,Right,POM_COL,c402e425-0353-4156-951b-2ffac634c578,54.99851,-131.72697,14.429,6.17804,-8.34726,-7.35723,-0.72009,4.99623,-5.55943,,,,,,,,,,,,,,,,,,,,,,,,,,,,,,,,,,,,,,,,,,,,,,,,,,,High,High,High,,,,,
348,2026-02-07,16:56:43.82,2,2,"Lawson, Wade",1000068528,Right,POM_COL,"Collado, Riz",1000397379,Right,PAC_BOX,Undefined,7,Top,1,1,0,Slider,Slider,StrikeSwinging,Undefined,Undefined,Undefined,0,0,,83.86773,1.039449,-2.488316,2576.798407,44.048551,7:30,5.81995,1.46639,4.7196,-44.25502,-2.08512,-3.46925,3.11945,-1.18547,75.80509,-6.95925,-3.096955,0.467383,,,,,,,,,,,,0.88571,-0.82634,-1.2117,50,5.88609,5.43444,-121.30078,0.42215,1.30117,26.82897,-33.38802,POM_COL,PAC_BOX,PomonaPitzer,D3,Team,20260207-PomonaPitzer-2,09a7f970-0489-11f1-87a1-bbe4b648e251,80.64577,,,8.06264,,,,,,,5ab81c87-aa0e-4d85-b863-dca276aed003,2026-02-08,00:56:43.82,2026-02-07T16:56:43.8279168-08:00,2026-02-08T00:56:43.8279168Z,,v3,POM_PIT,,,"Savas, Peter",1000276389,Right,POM_COL,77f4491b-71f2-40ea-b424-5e569c9ee06c,55.77562,-122.57156,13.41449,5.82864,2.0036,-16.69401,-1.46765,5.37281,0.65058,,,,,,,,,,,,,,,,,,,,,,,,,,,,,,,,,,,,,,,,,,,,,,,,,,,High,High,High,,,,,
349,2026-02-07,16:57:00.07,2,3,"Lawson, Wade",1000068528,Right,POM_COL,"Collado, Riz",1000397379,Right,PAC_BOX,Undefined,7,Top,1,1,1,Fastball,Four-Seam,InPlay,Undefined,FlyBall,Out,1,0,,90.16792,-2.298233,-1.66935,2639.404156,200.810117,12:45,6.05789,0.75818,5.57955,-17.30119,17.56312,6.24307,2.46767,-0.28106,82.32377,-5.560941,-0.555627,0.424973,84.72681,32.452051,14.634168,,104.87009,60.75424,33.20038,319.43875,310.99173,23.159454,4.863493,-3.64709,9.89347,-0.61885,50,5.84907,3.53774,-130.77925,-5.8009,-6.30561,28.01529,-15.0687,POM_COL,PAC_BOX,PomonaPitzer,D3,Team,20260207-PomonaPitzer-2,13527e00-0489-11f1-87a1-bbe4b648e251,88.69363,75.85134,,7.84416,,,,1.63009,2.57772,0.23986,5ab81c87-aa0e-4d85-b863-dca276aed003,2026-02-08,00:57:00.07,2026-02-07T16:57:00.0788992-08:00,2026-02-08T00:57:00.0788992Z,FlyBall,v3,POM_PIT,,,"Savas, Peter",1000276389,Right,POM_COL,0340a325-daa4-4398-9eda-2df2b7d762d6,54.9189,-131.82875,14.00765,6.0558,-5.2364,-7.53435,-0.7558,3.77395,-3.1528,205.278455,1.63167,101.42655,-18.24714,3.89324,-0.66696,0.08257,-0.00811,0.00089,-6E-05,2.5776,66.67752,-16.71401,0.77273,0.03131,-0.07166,0.02625,-0.00411,0.00024,0.23981,26.49402,0.58664,-0.43602,0.12534,-0.02012,0.0011,0.0001,-1E-05,,,,,,,,,,,,,,,,,,,,,,,High,High,High,Low,Medium,,,
350,2026-02-07,16:57:36.48,3,1,"Lawson, Wade",1000068528,Right,POM_COL,"Ditona, Zander",1000072695,Right,PAC_BOX,Undefined,7,Top,2,0,0,Curveball,Curveball,InPlay,Undefined,Popup,Out,1,0,,78.33929,1.343858,-0.739133,2231.869448,37.684385,7:15,6.09386,0.76942,4.94076,-51.519,-4.00449,-4.31736,3.071,-0.28894,71.44759,-7.976018,-1.501382,0.496118,92.02164,-40.551933,176.809611,,,,,2.75435,2.75435,169.545683,0.03387,1.91327,-1.92921,-0.69384,50,6.18164,1.64459,-113.57318,0.79059,2.4792,22.3386,-34.67392,POM_COL,PAC_BOX,PomonaPitzer,D3,Team,20260207-PomonaPitzer-2,29113420-0489-11f1-87a1-bbe4b648e251,75.9748,2.97939,,6.8917,,,,0.768,2.97939,0.30599,5ab81c87-aa0e-4d85-b863-dca276aed003,2026-02-08,00:57:36.48,2026-02-07T16:57:36.4805120-08:00,2026-02-08T00:57:36.4805120Z,GroundBall,v3,POM_PIT,,,"Savas, Peter",1000276389,Right,POM_COL,e7f234e3-b9d1-4afc-b290-ab517e97b50b,55.55843,-114.66125,11.1693,6.102,2.47948,-17.33696,-0.771,1.52384,1.2396,,0.76939,-102.64587,,,,,,,,2.98058,-87.96522,,,,,,,,0.30592,5.72152,,,,,,,,,,,,,,,,,,,,,,,,,,,,,,High,High,High,Estimated,Estimated,,,