PitchNo,Date,Time,PAofInning,PitchofPA,Pitcher,PitcherId,PitcherThrows,PitcherTeam,Batter,BatterId,BatterSide,BatterTeam,PitcherSet,Inning,Top/Bottom,Outs,Balls,Strikes,TaggedPitchType,AutoPitchType,PitchCall,KorBB,TaggedHitType,PlayResult,OutsOnPlay,RunsScored,Notes,RelSpeed,VertRelAngle,HorzRelAngle,SpinRate,SpinAxis,Tilt,RelHeight,RelSide,Extension,VertBreak,InducedVertBreak,HorzBreak,PlateLocHeight,PlateLocSide,ZoneSpeed,VertApprAngle,HorzApprAngle,ZoneTime,ExitSpeed,Angle,Direction,HitSpinRate,PositionAt110X,PositionAt110Y,PositionAt110Z,Distance,LastTrackedDistance,Bearing,HangTime,pfxx,pfxz,x0,y0,z0,vx0,vy0,vz0,ax0,ay0,az0,HomeTeam,AwayTeam,Stadium,Level,League,GameID,PitchUID,EffectiveVelo,MaxHeight,MeasuredDuration,SpeedDrop,PitchLastMeasuredX,PitchLastMeasuredY,PitchLastMeasuredZ,ContactPositionX,ContactPositionY,ContactPositionZ,GameUID,UTCDate,UTCTime,LocalDateTime,UTCDateTime,AutoHitType,System,HomeTeamForeignID,AwayTeamForeignID,GameForeignID,Catcher,CatcherId,CatcherThrows,CatcherTeam,PlayID,PitchTrajectoryXc0,PitchTrajectoryXc1,PitchTrajectoryXc2,PitchTrajectoryYc0,PitchTrajectoryYc1,PitchTrajectoryYc2,PitchTrajectoryZc0,PitchTrajectoryZc1,PitchTrajectoryZc2,HitSpinAxis,HitTrajectoryXc0,HitTrajectoryXc1,HitTrajectoryXc2,HitTrajectoryXc3,HitTrajectoryXc4,HitTrajectoryXc5,HitTrajectoryXc6,HitTrajectoryXc7,HitTrajectoryXc8,HitTrajectoryYc0,HitTrajectoryYc1,HitTrajectoryYc2,HitTrajectoryYc3,HitTrajectoryYc4,HitTrajectoryYc5,HitTrajectoryYc6,HitTrajectoryYc7,HitTrajectoryYc8,HitTrajectoryZc0,HitTrajectoryZc1,HitTrajectoryZc2,HitTrajectoryZc3,HitTrajectoryZc4,HitTrajectoryZc5,HitTrajectoryZc6,HitTrajectoryZc7,HitTrajectoryZc8,ThrowSpeed,PopTime,ExchangeTime,TimeToBase,CatchPositionX,CatchPositionY,CatchPositionZ,ThrowPositionX,ThrowPositionY,ThrowPositionZ,BasePositionX,BasePositionY,BasePositionZ,ThrowTrajectoryXc0,ThrowTrajectoryXc1,ThrowTrajectoryXc2,ThrowTrajectoryYc0,ThrowTrajectoryYc1,ThrowTrajectoryYc2,ThrowTrajectoryZc0,ThrowTrajectoryZc1,ThrowTrajectoryZc2,PitchReleaseConfidence,PitchLocationConfidence,PitchMovementConfidence,HitLaunchConfidence,HitLandingConfidence,CatcherThrowCatchConfidence,CatcherThrowReleaseConfidence,CatcherThrowLocationConfidence
1,2026-01-30,13:11:27.80,1,1,"Zerger, Justin",10051439,Right,POM_COL,"Lee, Sammy",1000276388,Right,POM_COL,Undefined,1,Top,0,0,0,Fastball,Changeup,BallCalled,Undefined,Undefined,Undefined,0,0,,85.59122,-1.231191,-3.175111,1869.573225,214.509235,1:15,5.75158,0.87902,5.26637,-27.74639,11.44477,6.99544,2.28086,-1.52378,78.24632,-6.340483,-1.936204,0.450573,,,,,,,,,,,,-4.36689,6.45591,-0.59361,50,5.61866,6.5683,-123.99104,-3.6496,-6.79505,24.89793,-22.12843,POM_COL,POM_COL,PomonaPitzer,TeamExclusive,Team,20260130-PomonaPitzer-Private-1,3e33b4f0-fe20-11f0-915a-63f78c275567,83.65439,,,7.3449,,,,,,,9c723542-d6b6-4c4f-819a-2cccafe8acb4,2026-01-30,21:11:27.80,2026-01-30T13:11:27.8045696-08:00,2026-01-30T21:11:27.8045696Z,,v3,POM_PIT,POM_PIT,,"Parker, Will",1000474009,Right,POM_COL,8b03d9e9-5593-4ed1-ba8c-98e69e378d58,55.23022,-125.03688,12.44897,5.75244,-2.72009,-11.06422,-0.8755,6.85373,-3.39753,,,,,,,,,,,,,,,,,,,,,,,,,,,,,,,,,,,,,,,,,,,,,,,,,,,High,High,High,,,,,
2,2026-01-30,13:11:46.62,1,2,"Zerger, Justin",10051439,Right,POM_COL,"Lee, Sammy",1000276388,Right,POM_COL,Undefined,1,Top,0,1,0,Fastball,Changeup,StrikeCalled,Undefined,Undefined,Undefined,0,0,,85.34873,-1.207194,-2.528631,1770.561593,216.301451,1:15,5.73432,0.85889,5.19235,-30.50364,8.91756,5.6328,2.05548,-1.05191,78.22743,-6.791128,-1.531102,0.451894,,,,,,,,,,,,-3.50185,5.16579,-0.62863,50,5.59936,5.2159,-123.72968,-3.71954,-5.43323,24.48885,-24.15918,POM_COL,POM_COL,PomonaPitzer,TeamExclusive,Team,20260130-PomonaPitzer-Private-1,4995d490-fe20-11f0-915a-63f78c275567,83.40994,,,7.1213,,,,,,,9c723542-d6b6-4c4f-819a-2cccafe8acb4,2026-01-30,21:11:46.62,2026-01-30T13:11:46.6206208-08:00,2026-01-30T21:11:46.6206208Z,,v3,POM_PIT,POM_PIT,,"Parker, Will",1000474009,Right,POM_COL,9b3198e6-2f69-49dd-914b-356ef6b62aa7,55.30518,-124.77528,12.24442,5.73616,-2.68803,-12.07959,-0.85628,5.44788,-2.71661,,,,,,,,,,,,,,,,,,,,,,,,,,,,,,,,,,,,,,,,,,,,,,,,,,,High,High,High,,,,,
3,2026-01-30,13:12:05.23,1,3,"Zerger, Justin",10051439,Right,POM_COL,"Lee, Sammy",1000276388,Right,POM_COL,Undefined,1,Top,0,1,1,Fastball,Changeup,FoulBallNotFieldable,Undefined,Undefined,Undefined,0,0,,84.44456,-1.447816,-1.998191,1563.179837,217.710202,1:15,5.60724,0.88622,5.37121,-33.05773,6.99264,4.4113,1.49389,-0.62037,77.39241,-7.501979,-1.213641,0.455486,85.06116,-45.269356,-82.136212,,,,,2.95048,2.95048,-20.113551,0.018491,-2.79606,4.29166,-0.71034,50,5.45398,4.08855,-122.48407,-4.26565,-4.23948,24.62509,-25.6669,POM_COL,POM_COL,PomonaPitzer,TeamExclusive,Team,20260130-PomonaPitzer-Private-1,5479ea90-fe20-11f0-915a-63f78c275567,82.7522,1.64151,,7.05215,,,,2.54805,1.64151,0.59624,9c723542-d6b6-4c4f-819a-2cccafe8acb4,2026-01-30,21:12:05.23,2026-01-30T13:12:05.2327936-08:00,2026-01-30T21:12:05.2327936Z,GroundBall,v3,POM_PIT,POM_PIT,,"Parker, Will",1000474009,Right,POM_COL,98288990-33d6-4b49-9ee8-eb0a6df0f599,55.12767,-123.51067,12.31254,5.60951,-3.19562,-12.83345,-0.88447,4.26529,-2.11974,,2.54799,12.03224,,,,,,,,1.64194,-88.77388,,,,,,,,0.59666,-87.1161,,,,,,,,,,,,,,,,,,,,,,,,,,,,,,High,High,High,Estimated,Estimated,,,
4,2026-01-30,13:12:46.01,1,4,"Zerger, Justin",10051439,Right,POM_COL,"Lee, Sammy",1000276388,Right,POM_COL,Undefined,1,Top,0,1,2,Slider,Slider,InPlay,Undefined,GroundBall,Error,0,0,,76.76105,-0.449205,-1.225122,2537.9423,109.702164,9:45,5.49734,1.15026,4.68398,-43.0312,6.56981,-14.03174,1.48475,-1.18256,70.69584,-8.201038,-3.689245,0.506893,73.83655,14.52241,4.7152,2736.460368,108.49259,8.43733,18.14694,143.66261,143.66261,10.868441,1.563399,6.60555,3.75886,-1.01217,50,5.41299,2.95144,-111.3357,-2.4006,8.28965,20.02365,-27.45686,POM_COL,POM_COL,PomonaPitzer,TeamExclusive,Team,20260130-PomonaPitzer-Private-1,6cd36fd0-fe20-11f0-915a-63f78c275567,74.35971,11.29311,,6.06521,,,,2.37443,1.65253,1.12477,9c723542-d6b6-4c4f-819a-2cccafe8acb4,2026-01-30,21:12:46.01,2026-01-30T13:12:46.0111360-08:00,2026-01-30T21:12:46.0111360Z,LineDrive,v3,POM_PIT,POM_PIT,,"Parker, Will",1000474009,Right,POM_COL,6bcbc804-7788-4f98-9667-464e75d3bfc0,55.81605,-112.37685,10.01182,5.50069,-0.97296,-13.72843,-1.15443,2.52042,4.14482,279.554242,2.37443,104.47843,-10.90073,0.7647,-0.12922,-0.0574,0.05244,-0.02211,0.00388,1.65253,27.15556,-20.25858,1.77531,-0.32479,0.08247,-0.02185,0.00664,-0.00105,1.12477,8.61765,6.79351,-1.43231,0.30497,-0.05267,-0.00077,0.00265,-0.00056,,,,,,,,,,,,,,,,,,,,,,,High,High,High,High,High,,,
5,2026-01-30,13:13:21.38,2,1,"Zerger, Justin",10051439,Right,POM_COL,"Winthrop, Nolan",1000159423,Left,POM_COL,Undefined,1,Top,0,0,0,Fastball,Changeup,InPlay,Undefined,FlyBall,Out,1,0,,84.75988,-0.429645,-3.012696,1492.426659,257.669415,2:30,5.51856,0.83999,5.22717,-35.21238,4.98626,16.57402,2.17972,-0.61364,77.11578,-6.876168,-0.075816,0.456328,86.67881,32.107352,-6.061537,,108.53268,59.89047,-17.90495,321.9064,316.33114,-16.513776,4.700966,-9.20867,2.99969,-0.57522,50,5.45267,5.74646,-122.81286,-2.20881,-13.96415,25.94269,-27.62527,POM_COL,POM_COL,PomonaPitzer,TeamExclusive,Team,20260130-PomonaPitzer-Private-1,81e54420-fe20-11f0-915a-63f78c275567,82.59944,74.62993,,7.6441,,,,1.48013,2.30784,0.59282,9c723542-d6b6-4c4f-819a-2cccafe8acb4,2026-01-30,21:13:21.38,2026-01-30T13:13:21.3894656-08:00,2026-01-30T21:13:21.3894656Z,FlyBall,v3,POM_PIT,POM_PIT,,"Parker, Will",1000474009,Right,POM_COL,51c50e7e-e920-4dac-8018-8c4d3305605a,55.27197,-123.92149,12.97135,5.52184,-1.02827,-13.81263,-0.83354,6.34321,-6.98208,149.007575,1.48044,107.07896,-19.54876,4.57642,-0.99148,0.21804,-0.04283,0.0055,-0.00031,2.30922,67.53284,-17.22853,0.52421,0.31316,-0.20921,0.05987,-0.0082,0.00044,0.59295,-11.37264,-4.52503,1.35689,-0.36205,0.08678,-0.01615,0.00187,-0.0001,,,,,,,,,,,,,,,,,,,,,,,High,High,High,High,High,,,
6,2026-01-30,13:13:58.09,3,1,"Zerger, Justin",10051439,Right,POM_COL,"Nahabedian, George",1000214430,Right,POM_COL,Undefined,1,Top,1,0,0,Slider,Curveball,BallCalled,Undefined,Undefined,Undefined,0,0,,73.72787,1.293628,1.394539,2367.199059,86.488771,9:00,5.29571,1.33453,5.36744,-51.67141,0.98579,-12.00398,2.20328,1.64202,67.46077,-8.143059,-0.741104,0.522276,,,,,,,,,,,,6.5513,0.46256,-1.45041,50,5.37457,-2.1753,-106.99507,0.79583,7.54683,19.54102,-31.64118,POM_COL,POM_COL,PomonaPitzer,TeamExclusive,Team,20260130-PomonaPitzer-Private-1,97c16d50-fe20-11f0-915a-63f78c275567,72.16957,,,6.26711,,,,,,,9c723542-d6b6-4c4f-819a-2cccafe8acb4,2026-01-30,21:13:58.09,2026-01-30T13:13:58.0989952-08:00,2026-01-30T21:13:58.0989952Z,,v3,POM_PIT,POM_PIT,,"Parker, Will",1000474009,Right,POM_COL,5c35a097-ffec-4ffe-9988-0779689d9fbc,55.13397,-107.92864,9.77051,5.30044,2.30748,-15.82059,-1.33787,-2.53585,3.77342,,,,,,,,,,,,,,,,,,,,,,,,,,,,,,,,,,,,,,,,,,,,,,,,,,,High,High,High,,,,,
7,2026-01-30,13:14:39.10,3,2,"Zerger, Justin",10051439,Right,POM_COL,"Nahabedian, George",1000214430,Right,POM_COL,Undefined,1,Top,1,1,0,Fastball,Changeup,StrikeSwinging,Undefined,Undefined,Undefined,0,0,,84.37127,-1.799622,-2.384496,1983.123245,208.227867,1:00,5.67538,0.84282,5.1378,-26.89686,13.73497,6.64059,1.73736,-0.85043,76.94549,-6.757368,-1.209791,0.45878,,,,,,,,,,,,-3.98921,7.76386,-0.6246,50,5.48626,4.79666,-122.20587,-4.78001,-6.00863,24.97996,-20.48001,POM_COL,POM_COL,PomonaPitzer,TeamExclusive,Team,20260130-PomonaPitzer-Private-1,b039c530-fe20-11f0-915a-63f78c275567,82.15799,,,7.42578,,,,,,,9c723542-d6b6-4c4f-819a-2cccafe8acb4,2026-01-30,21:14:39.10,2026-01-30T13:14:39.1091200-08:00,2026-01-30T21:14:39.1091200Z,,v3,POM_PIT,POM_PIT,,"Parker, Will",1000474009,Right,POM_COL,93de96c8-34e7-4450-bfad-a414ef202beb,55.35872,-123.29638,12.48998,5.67541,-3.88595,-10.24,-0.83972,5.05896,-3.00431,,,,,,,,,,,,,,,,,,,,,,,,,,,,,,,,,,,,,,,,,,,,,,,,,,,High,High,High,,,,,
8,2026-01-30,13:15:01.81,3,3,"Zerger, Justin",10051439,Right,POM_COL,"Nahabedian, George",1000214430,Right,POM_COL,Undefined,1,Top,1,1,1,Fastball,Changeup,FoulBallNotFieldable,Undefined,Undefined,Undefined,0,0,,84.66516,-1.885385,-2.451205,1689.443299,243.965545,2:15,5.74354,0.76449,5.28338,-32.35443,8.15319,13.68032,1.27451,-0.39882,76.64987,-7.833282,-0.022048,0.458078,,,,,,,,,,,,-7.67504,5.0928,-0.5515,50,5.54804,4.66037,-122.56729,-5.18442,-11.50205,27.58106,-24.54186,POM_COL,POM_COL,PomonaPitzer,TeamExclusive,Team,20260130-PomonaPitzer-Private-1,bdba09e0-fe20-11f0-915a-63f78c275567,82.28382,,,8.01528,,,,,,,9c723542-d6b6-4c4f-819a-2cccafe8acb4,2026-01-30,21:15:01.81,2026-01-30T13:15:01.8120192-08:00,2026-01-30T21:15:01.8120192Z,,v3,POM_PIT,POM_PIT,,"Parker, Will",1000474009,Right,POM_COL,b7ec6c7f-53b7-4bd8-aee5-7b38c1208869,55.21448,-123.73513,13.79053,5.74556,-4.14526,-12.27093,-0.75914,5.1474,-5.75102,,,,,,,,,,,,,,,,,,,,,,,,,,,,,,,,,,,,,,,,,,,,,,,,,,,High,High,High,,,,,
9,2026-01-30,13:15:28.63,3,4,"Zerger, Justin",10051439,Right,POM_COL,"Nahabedian, George",1000214430,Right,POM_COL,Undefined,1,Top,1,1,2,Fastball,Changeup,StrikeSwinging,Strikeout,Undefined,Undefined,0,0,,83.86492,0.128402,-1.826486,1742.799696,219.343588,1:15,5.79348,0.69118,5.45183,-33.70797,7.07256,4.64453,3.10475,-0.63224,76.0551,-6.095054,-0.999771,0.459619,,,,,,,,,,,,-2.88449,3.95256,-0.53323,50,5.78199,3.6779,-121.56934,-0.89906,-4.2747,25.99948,-26.31647,POM_COL,POM_COL,PomonaPitzer,TeamExclusive,Team,20260130-PomonaPitzer-Private-1,cdc00f10-fe20-11f0-915a-63f78c275567,82.00803,,,7.80982,,,,,,,9c723542-d6b6-4c4f-819a-2cccafe8acb4,2026-01-30,21:15:28.63,2026-01-30T13:15:28.6340096-08:00,2026-01-30T21:15:28.6340096Z,,v3,POM_PIT,POM_PIT,,"Parker, Will",1000474009,Right,POM_COL,3f9ab0a0-538b-42ef-8514-d57d5a8dd2b3,55.04402,-122.64334,12.99974,5.79668,0.18803,-13.15824,-0.6888,3.85448,-2.13735,,,,,,,,,,,,,,,,,,,,,,,,,,,,,,,,,,,,,,,,,,,,,,,,,,,High,High,High,,,,,
10,2026-01-30,13:15:58.83,4,1,"Zerger, Justin",10051439,Right,POM_COL,"Hu, Landon",1000261921,Left,POM_COL,Undefined,1,Top,2,0,0,Fastball,Changeup,BallCalled,Undefined,Undefined,Undefined,0,0,,84.0001,-0.996418,-1.411285,1595.945092,268.236012,3:00,5.52821,0.98043,5.19074,-39.4949,2.11197,16.39391,1.29924,1.01869,75.47266,-8.223598,1.498596,0.464252,,,,,,,,,,,,-8.59489,1.90772,-0.86218,50,5.4064,2.26161,-121.56466,-3.58143,-12.5537,29.14777,-29.38765,POM_COL,POM_COL,PomonaPitzer,TeamExclusive,Team,20260130-PomonaPitzer-Private-1,dfb5af40-fe20-11f0-915a-63f78c275567,81.18956,,,8.52744,,,,,,,9c723542-d6b6-4c4f-819a-2cccafe8acb4,2026-01-30,21:15:58.83,2026-01-30T13:15:58.8369408-08:00,2026-01-30T21:15:58.8369408Z,,v3,POM_PIT,POM_PIT,,"Parker, Will",1000474009,Right,POM_COL,a4485f93-c713-4aff-86f2-51f337056fb5,55.30435,-122.82991,14.57388,5.53418,-2.30577,-14.69383,-0.97217,2.80654,-6.27685,,,,,,,,,,,,,,,,,,,,,,,,,,,,,,,,,,,,,,,,,,,,,,,,,,,High,High,High,,,,,
11,2026-01-30,13:16:32.81,4,2,"Zerger, Justin",10051439,Right,POM_COL,"Hu, Landon",1000261921,Left,POM_COL,Undefined,1,Top,2,1,0,Fastball,Changeup,InPlay,Undefined,GroundBall,Out,1,0,,83.31424,-0.836735,-1.930638,1864.082533,234.641457,1:45,5.57163,0.88428,5.33908,-35.9649,5.78386,6.0113,1.78909,-0.42665,75.31476,-7.449412,-0.862048,0.465043,89.00204,5.897133,17.303174,1310.079577,,,,91.96366,89.20348,18.447162,0.75386,-3.66303,3.58374,-0.71465,50,5.47053,3.81593,-120.68712,-3.02475,-5.3133,27.11017,-26.97578,POM_COL,POM_COL,PomonaPitzer,TeamExclusive,Team,20260130-PomonaPitzer-Private-1,f3fb59f0-fe20-11f0-915a-63f78c275567,81.05151,3.94776,,7.99948,,,,2.14466,1.90918,0.42556,9c723542-d6b6-4c4f-819a-2cccafe8acb4,2026-01-30,21:16:32.81,2026-01-30T13:16:32.8172544-08:00,2026-01-30T21:16:32.8172544Z,GroundBall,v3,POM_PIT,POM_PIT,,"Parker, Will",1000474009,Right,POM_COL,df3d7508-d8b9-4d4c-860c-f499aa8eebf1,55.15829,-121.84033,13.55508,5.5748,-1.87726,-13.48789,-0.88177,4.04195,-2.65665,318.822296,2.14466,123.96911,-15.98374,2.01332,-0.64478,0.74875,-1.32507,1.30131,-0.49548,1.90918,13.41166,-22.75645,2.45534,-0.87709,1.89389,-3.81819,3.95384,-1.56403,0.42556,38.6196,-0.66216,-0.16036,0.20521,-0.90238,1.94552,-2.04654,0.81717,,,,,,,,,,,,,,,,,,,,,,,High,High,High,High,High,,,
12,2026-01-30,13:19:33.44,1,1,"Oelschlager, Lincoln",10297980,Right,POM_COL,"Gonzaga, Kai",10138924,Left,POM_COL,Undefined,1,Bottom,0,0,0,Fastball,Changeup,StrikeCalled,Undefined,Undefined,Undefined,0,0,,84.8328,-1.619045,-2.716115,2488.655804,227.903527,1:30,5.70456,1.89153,4.74948,-29.56643,11.19379,10.88327,1.70302,0.22052,77.41597,-7.008323,-0.804559,0.459505,,,,,,,,,,,,-6.10402,6.36268,-1.62853,50,5.51612,5.32365,-122.80148,-4.59322,-9.29444,24.96564,-22.48576,POM_COL,POM_COL,PomonaPitzer,TeamExclusive,Team,20260130-PomonaPitzer-Private-1,5fa9ba20-fe21-11f0-915a-63f78c275567,82.02844,,,7.41684,,,,,,,9c723542-d6b6-4c4f-819a-2cccafe8acb4,2026-01-30,21:19:33.44,2026-01-30T13:19:33.4441984-08:00,2026-01-30T21:19:33.4441984Z,,v3,POM_PIT,POM_PIT,,"Lee, Sammy",1000276388,Right,POM_COL,6530fb32-3782-477b-a4e6-ad0e19d29c32,55.7474,-123.96443,12.48282,5.70569,-3.54579,-11.24288,-1.8866,5.7566,-4.64722,,,,,,,,,,,,,,,,,,,,,,,,,,,,,,,,,,,,,,,,,,,,,,,,,,,High,High,High,,,,,
13,2026-01-30,13:19:51.80,1,2,"Oelschlager, Lincoln",10297980,Right,POM_COL,"Gonzaga, Kai",10138924,Left,POM_COL,Undefined,1,Bottom,0,0,1,ChangeUp,Changeup,BallCalled,Undefined,Undefined,Undefined,0,0,,80.82325,0.263845,-1.042062,1710.382509,261.511192,2:45,5.44326,2.11705,4.44339,-41.77593,3.49028,13.54284,2.21363,2.25163,73.91192,-7.252233,1.32701,0.484238,,,,,,,,,,,,-6.843,2.07563,-2.02072,50,5.43085,1.51488,-117.13317,-1.09754,-9.48595,22.58317,-29.29677,POM_COL,POM_COL,PomonaPitzer,TeamExclusive,Team,20260130-PomonaPitzer-Private-1,6af4f660-fe21-11f0-915a-63f78c275567,77.83873,,,6.91133,,,,,,,9c723542-d6b6-4c4f-819a-2cccafe8acb4,2026-01-30,21:19:51.80,2026-01-30T13:19:51.8007296-08:00,2026-01-30T21:19:51.8007296Z,,v3,POM_PIT,POM_PIT,,"Lee, Sammy",1000276388,Right,POM_COL,3bdaedf5-45e4-46a8-a356-5efb5c36b274,56.05448,-118.29471,11.29159,5.44855,0.4093,-14.64838,-2.11118,2.00278,-4.74298,,,,,,,,,,,,,,,,,,,,,,,,,,,,,,,,,,,,,,,,,,,,,,,,,,,High,High,High,,,,,
14,2026-01-30,13:20:12.60,1,3,"Oelschlager, Lincoln",10297980,Right,POM_COL,"Gonzaga, Kai",10138924,Left,POM_COL,Undefined,1,Bottom,0,1,1,Fastball,Slider,InPlay,Undefined,GroundBall,Out,1,0,,85.8442,-0.935444,-2.26551,2426.886283,223.034186,1:30,5.69199,1.74447,4.67739,-29.26159,10.50595,8.60678,2.36439,0.30908,78.45519,-6.262834,-0.75556,0.453875,99.12778,0.697492,31.40754,3657.028484,,,,45.99271,44.93357,32.206521,0.320257,-4.87977,5.77496,-1.52221,50,5.57076,4.525,-124.38464,-3.16429,-7.63808,25.15762,-23.13479,POM_COL,POM_COL,PomonaPitzer,TeamExclusive,Team,20260130-PomonaPitzer-Private-1,76f79bc0-fe21-11f0-915a-63f78c275567,83.04594,2.40133,,7.38901,,,,1.83927,2.37581,-0.07656,9c723542-d6b6-4c4f-819a-2cccafe8acb4,2026-01-30,21:20:12.60,2026-01-30T13:20:12.6088704-08:00,2026-01-30T21:20:12.6088704Z,GroundBall,v3,POM_PIT,POM_PIT,,"Lee, Sammy",1000276388,Right,POM_COL,c0be34dc-7e2c-49b2-b7bd-461a355e856d,55.82134,-125.55652,12.57881,5.69306,-2.08663,-11.56739,-1.74128,4.88079,-3.81904,,1.84358,123.89757,-25.45647,,,,,,,2.38308,1.46746,-27.8854,,,,,,,-0.08164,75.97116,2.62322,,,,,,,,,,,,,,,,,,,,,,,,,,,,,High,High,High,High,High,,,
15,2026-01-30,13:20:49.92,2,1,"Oelschlager, Lincoln",10297980,Right,POM_COL,"Gold, Jack",1000108729,Left,POM_COL,Undefined,1,Bottom,1,0,0,Slider,Curveball,BallCalled,Undefined,Undefined,Undefined,0,0,,71.31278,3.88497,-0.158997,2715.379769,46.104169,7:30,5.60386,2.1683,3.74288,-67.66909,-7.73599,-10.05544,3.72338,1.17676,65.11876,-8.075692,-1.89288,0.557192,,,,,,,,,,,,4.66638,-4.10532,-2.13664,50,5.98217,0.72119,-103.06475,4.40234,5.00592,17.55456,-36.57806,POM_COL,POM_COL,PomonaPitzer,TeamExclusive,Team,20260130-PomonaPitzer-Private-1,8d46f920-fe21-11f0-915a-63f78c275567,67.64714,,,6.19402,,,,,,,9c723542-d6b6-4c4f-819a-2cccafe8acb4,2026-01-30,21:20:49.92,2026-01-30T13:20:49.9218944-08:00,2026-01-30T21:20:49.9218944Z,,v3,POM_PIT,POM_PIT,,"Lee, Sammy",1000276388,Right,POM_COL,4a7b542d-d94a-4b3a-b5fc-688084e9d93e,56.7573,-104.20933,8.77728,5.61738,6.78728,-18.28903,-2.17303,0.39479,2.50296,,,,,,,,,,,,,,,,,,,,,,,,,,,,,,,,,,,,,,,,,,,,,,,,,,,High,High,High,,,,,
16,2026-01-30,13:21:10.33,2,2,"Oelschlager, Lincoln",10297980,Right,POM_COL,"Gold, Jack",1000108729,Left,POM_COL,Undefined,1,Bottom,1,1,0,Fastball,Slider,BallCalled,Undefined,Undefined,Undefined,0,0,,84.88653,0.515844,-1.994594,2427.267917,231.131914,1:45,5.68533,1.88777,4.65728,-32.26395,8.35229,8.77032,3.48704,0.72295,77.58304,-5.348262,-0.456787,0.458692,,,,,,,,,,,,-4.82465,4.33091,-1.69249,50,5.70909,3.8761,-123.0298,-0.15156,-7.40477,24.0989,-25.52701,POM_COL,POM_COL,PomonaPitzer,TeamExclusive,Team,20260130-PomonaPitzer-Private-1,99614530-fe21-11f0-915a-63f78c275567,82.17372,,,7.30349,,,,,,,9c723542-d6b6-4c4f-819a-2cccafe8acb4,2026-01-30,21:21:10.33,2026-01-30T13:21:10.3313920-08:00,2026-01-30T21:21:10.3313920Z,,v3,POM_PIT,POM_PIT,,"Lee, Sammy",1000276388,Right,POM_COL,4e85b8b7-d2fa-4d60-845d-f8e86e173698,55.84016,-124.16849,12.04945,5.68776,1.05461,-12.7635,-1.8839,4.22598,-3.70239,,,,,,,,,,,,,,,,,,,,,,,,,,,,,,,,,,,,,,,,,,,,,,,,,,,High,High,High,,,,,
17,2026-01-30,13:21:31.97,2,3,"Oelschlager, Lincoln",10297980,Right,POM_COL,"Gold, Jack",1000108729,Left,POM_COL,Undefined,1,Bottom,1,2,0,Fastball,Changeup,StrikeCalled,Undefined,Undefined,Undefined,0,0,,83.4172,-0.179973,-3.406818,2380.899978,221.315085,1:30,5.68195,1.94555,4.68948,-30.6834,11.52402,8.91449,2.95382,-0.55005,76.07401,-5.776294,-1.845702,0.467591,,,,,,,,,,,,-5.3078,6.10327,-1.60773,50,5.63663,6.77917,-120.72461,-1.52966,-7.82511,23.73199,-23.17621,POM_COL,POM_COL,PomonaPitzer,TeamExclusive,Team,20260130-PomonaPitzer-Private-1,a64b3d50-fe21-11f0-915a-63f78c275567,80.60992,,,7.34319,,,,,,,9c723542-d6b6-4c4f-819a-2cccafe8acb4,2026-01-30,21:21:31.97,2026-01-30T13:21:31.9756800-08:00,2026-01-30T21:21:31.9756800Z,,v3,POM_PIT,POM_PIT,,"Lee, Sammy",1000276388,Right,POM_COL,124b3e67-40e9-4fc6-8756-5f4a5d5c80b8,55.80719,-121.86083,11.86599,5.6833,-0.42004,-11.5881,-1.94127,7.15382,-3.91256,,,,,,,,,,,,,,,,,,,,,,,,,,,,,,,,,,,,,,,,,,,,,,,,,,,High,High,High,,,,,
18,2026-01-30,13:21:54.78,2,4,"Oelschlager, Lincoln",10297980,Right,POM_COL,"Gold, Jack",1000108729,Left,POM_COL,Undefined,1,Bottom,1,2,1,ChangeUp,Changeup,FoulBallNotFieldable,Undefined,Undefined,Undefined,0,0,,80.28517,-0.092955,-3.543637,1572.129589,264.492542,2:45,5.43138,1.98912,4.34985,-43.48715,2.5863,11.47772,1.71847,-0.4443,73.59471,-7.878733,-1.543975,0.488536,97.70811,11.888792,47.374254,3388.245355,70.87994,13.59402,84.11883,198.12058,132.96782,53.39907,1.77241,-6.59032,1.65386,-1.62027,50,5.37775,6.68778,-116.19657,-1.88965,-9.00868,21.80518,-29.91332,POM_COL,POM_COL,PomonaPitzer,TeamExclusive,Team,20260130-PomonaPitzer-Private-1,b3ea0680-fe21-11f0-915a-63f78c275567,77.15383,13.63177,,6.69045,,,,2.75191,1.90087,0.40774,9c723542-d6b6-4c4f-819a-2cccafe8acb4,2026-01-30,21:21:54.78,2026-01-30T13:21:54.7898368-08:00,2026-01-30T21:21:54.7898368Z,LineDrive,v3,POM_PIT,POM_PIT,,"Lee, Sammy",1000276388,Right,POM_COL,20516156-7640-440c-bc3f-ea73a97f6279,56.15024,-117.34503,10.90259,5.43578,-0.31413,-14.95666,-1.985,7.16226,-4.50434,,2.75191,94.9657,-23.14525,5.09747,-1.23456,0.28712,-0.0624,0.01026,-0.00087,1.90087,29.52256,-20.07417,2.1804,-0.47695,0.10948,-0.02193,0.00357,-0.00031,0.40774,103.18066,-9.41462,1.21423,-0.17127,0.01784,-0.00132,-2E-05,2E-05,,,,,,,,,,,,,,,,,,,,,,,High,High,High,Medium,Medium,,,
19,2026-01-30,13:22:27.06,2,5,"Oelschlager, Lincoln",10297980,Right,POM_COL,"Gold, Jack",1000108729,Left,POM_COL,Undefined,1,Bottom,1,2,2,Fastball,Four-Seam,BallCalled,Undefined,Undefined,Undefined,0,0,,88.03948,-0.59531,-3.889797,2578.649945,234.110152,1:45,5.79962,1.73217,4.73293,-27.651,10.1091,12.29906,2.92927,-0.93887,80.44347,-5.636018,-1.735484,0.44227,,,,,,,,,,,,-7.06922,5.48311,-1.35108,50,5.71541,8.07215,-127.40748,-2.41809,-11.64122,25.72564,-23.14474,POM_COL,POM_COL,PomonaPitzer,TeamExclusive,Team,20260130-PomonaPitzer-Private-1,c716a010-fe21-11f0-915a-63f78c275567,85.22486,,,7.59601,,,,,,,9c723542-d6b6-4c4f-819a-2cccafe8acb4,2026-01-30,21:22:27.06,2026-01-30T13:22:27.0608384-08:00,2026-01-30T21:22:27.0608384Z,,v3,POM_PIT,POM_PIT,,"Lee, Sammy",1000276388,Right,POM_COL,7c852f79-fb7c-4a7e-9a68-b2e9f023c658,55.76468,-128.5662,12.86282,5.80084,-1.37562,-11.57237,-1.72647,8.59648,-5.82061,,,,,,,,,,,,,,,,,,,,,,,,,,,,,,,,,,,,,,,,,,,,,,,,,,,High,High,High,,,,,
20,2026-01-30,13:22:52.51,2,6,"Oelschlager, Lincoln",10297980,Right,POM_COL,"Gold, Jack",1000108729,Left,POM_COL,Undefined,1,Bottom,1,3,2,ChangeUp,Changeup,BallCalled,Walk,Undefined,Undefined,0,0,,82.71627,-2.161555,-2.72662,1629.522055,212.271411,1:00,5.47025,2.02865,4.41959,-30.35431,13.78379,7.62811,0.8749,0.06069,74.40157,-7.701009,-1.394966,0.478165,,,,,,,,,,,,-4.60965,7.87961,-1.7468,50,5.21172,5.3311,-119.39069,-5.65066,-6.52649,27.07991,-21.01792,POM_COL,POM_COL,PomonaPitzer,TeamExclusive,Team,20260130-PomonaPitzer-Private-1,d64c0ed0-fe21-11f0-915a-63f78c275567,78.82719,,,8.3147,,,,,,,9c723542-d6b6-4c4f-819a-2cccafe8acb4,2026-01-30,21:22:52.51,2026-01-30T13:22:52.5123584-08:00,2026-01-30T21:22:52.5123584Z,,v3,POM_PIT,POM_PIT,,"Lee, Sammy",1000276388,Right,POM_COL,1b6ae160-5fc5-418f-95ef-13c1197cac42,56.07498,-120.76074,13.53996,5.4707,-4.5873,-10.50896,-2.02487,5.66129,-3.26324,,,,,,,,,,,,,,,,,,,,,,,,,,,,,,,,,,,,,,,,,,,,,,,,,,,High,High,High,,,,,
21,2026-01-30,13:23:27.11,3,1,"Oelschlager, Lincoln",10297980,Right,POM_COL,"Berry, Cooper",1000276381,Left,POM_COL,Undefined,1,Bottom,1,0,0,Fastball,Changeup,StrikeSwinging,Undefined,Undefined,Undefined,0,0,,85.84028,-1.391258,-1.757686,2495.782278,244.102466,2:15,5.58804,1.91833,4.66328,-31.76041,8.02296,13.87387,1.61887,1.4043,78.57364,-7.145554,0.678461,0.453965,,,,,,,,,,,,-7.24508,4.71256,-1.75223,50,5.41768,3.16089,-124.3832,-4.27958,-11.34525,25.0508,-24.7945,POM_COL,POM_COL,PomonaPitzer,TeamExclusive,Team,20260130-PomonaPitzer-Private-1,eaf0f080-fe21-11f0-915a-63f78c275567,83.02942,,,7.26665,,,,,,,9c723542-d6b6-4c4f-819a-2cccafe8acb4,2026-01-30,21:23:27.11,2026-01-30T13:23:27.1182336-08:00,2026-01-30T21:23:27.1182336Z,,v3,POM_PIT,POM_PIT,,"Lee, Sammy",1000276388,Right,POM_COL,83f95cee-32eb-4f9e-be78-d0a055b6fd7a,55.83414,-125.5527,12.5254,5.59045,-3.12205,-12.39725,-1.91216,3.69054,-5.67263,,,,,,,,,,,,,,,,,,,,,,,,,,,,,,,,,,,,,,,,,,,,,,,,,,,High,High,High,,,,,
22,2026-01-30,13:23:45.70,3,2,"Oelschlager, Lincoln",10297980,Right,POM_COL,"Berry, Cooper",1000276381,Left,POM_COL,Undefined,1,Bottom,1,0,1,Fastball,Changeup,BallCalled,Undefined,Undefined,Undefined,1,0,,83.05177,-1.942229,-0.915362,2427.946625,245.704457,2:15,5.76972,1.86896,4.53554,-34.88746,7.78016,14.20761,1.01219,2.18129,76.28558,-8.222202,1.575949,0.470133,,,,,,,,,,,,-7.20351,4.72941,-1.78788,50,5.53457,1.27883,-120.35721,-5.44075,-10.56475,23.39362,-25.23783,POM_COL,POM_COL,PomonaPitzer,TeamExclusive,Team,20260130-PomonaPitzer-Private-1,f6073a10-fe21-11f0-915a-63f78c275567,80.17399,,,6.76619,,,,,,,9c723542-d6b6-4c4f-819a-2cccafe8acb4,2026-01-30,21:23:45.70,2026-01-30T13:23:45.7020000-08:00,2026-01-30T21:23:45.7020000Z,,v3,POM_PIT,POM_PIT,,"Lee, Sammy",1000276388,Right,POM_COL,dcebba47-3915-497f-b991-68ac67591384,55.96337,-121.51077,11.69681,5.77218,-4.19626,-12.61891,-1.86378,1.79979,-5.28238,,,,,,,,,,,,,,,,,,,,,,,,,,,,,78.12911,2.194679,0.910694,1.283984,2.31445,1.14105,-2.15691,-1.23865,4.91807,0.07028,127.27924,1.7512,0.81758,-1.08583,112.28103,-9.68381,4.92928,12.00153,-11.28527,0.05908,-0.10317,0.54752,High,High,High,,,High,High,High
23,2026-01-30,13:24:15.67,3,3,"Oelschlager, Lincoln",10297980,Right,POM_COL,"Berry, Cooper",1000276381,Left,POM_COL,Undefined,1,Bottom,2,1,1,Slider,Curveball,BallCalled,Undefined,Undefined,Undefined,0,0,,76.4868,0.544818,-1.663577,2836.375626,47.03956,7:30,5.52764,2.01618,4.17769,-57.38133,-6.52985,-8.67087,1.26826,-0.3012,70.6823,-9.617583,-3.173811,0.513243,,,,,,,,,,,,3.73386,-2.87417,-1.8226,50,5.52679,3.59433,-110.88806,-1.1807,4.65524,19.5833,-35.75744,POM_COL,POM_COL,PomonaPitzer,TeamExclusive,Team,20260130-PomonaPitzer-Private-1,07e72f60-fe22-11f0-915a-63f78c275567,73.43973,,,5.8045,,,,,,,9c723542-d6b6-4c4f-819a-2cccafe8acb4,2026-01-30,21:24:15.67,2026-01-30T13:24:15.6719104-08:00,2026-01-30T21:24:15.6719104Z,,v3,POM_PIT,POM_PIT,,"Lee, Sammy",1000276388,Right,POM_COL,16d6f542-b074-41fd-833a-568a7725f8fa,56.32382,-111.99931,9.79165,5.53622,0.84834,-17.87872,-2.01906,3.33017,2.32762,,,,,,,,,,,,,,,,,,,,,,,,,,,,,,,,,,,,,,,,,,,,,,,,,,,High,High,High,,,,,
24,2026-01-30,13:24:34.02,3,4,"Oelschlager, Lincoln",10297980,Right,POM_COL,"Berry, Cooper",1000276381,Left,POM_COL,Undefined,1,Bottom,2,2,1,Fastball,Four-Seam,StrikeSwinging,Undefined,Undefined,Undefined,0,0,,87.01871,-0.576335,-3.131284,2436.94205,239.258997,2:00,5.68343,1.82773,4.68159,-30.34596,8.29315,11.88898,2.60647,-0.15796,79.65669,-6.085386,-1.047559,0.447389,,,,,,,,,,,,-6.65461,4.58634,-1.5204,50,5.59772,6.32957,-126.0384,-2.47936,-10.73009,25.04422,-24.77887,POM_COL,POM_COL,PomonaPitzer,TeamExclusive,Team,20260130-PomonaPitzer-Private-1,12d22330-fe22-11f0-915a-63f78c275567,84.2499,,,7.36202,,,,,,,9c723542-d6b6-4c4f-819a-2cccafe8acb4,2026-01-30,21:24:34.02,2026-01-30T13:24:34.0281344-08:00,2026-01-30T21:24:34.0281344Z,,v3,POM_PIT,POM_PIT,,"Lee, Sammy",1000276388,Right,POM_COL,9b145eb9-9ec4-4422-9a5c-4578dc836492,55.8164,-127.18889,12.52211,5.68548,-1.34106,-12.38944,-1.82249,6.82249,-5.36505,,,,,,,,,,,,,,,,,,,,,,,,,,,,,,,,,,,,,,,,,,,,,,,,,,,High,High,High,,,,,
25,2026-01-30,13:24:54.19,3,5,"Oelschlager, Lincoln",10297980,Right,POM_COL,"Berry, Cooper",1000276381,Left,POM_COL,Undefined,1,Bottom,2,2,2,ChangeUp,Changeup,BallCalled,Undefined,Undefined,Undefined,0,0,,82.76165,-1.63771,-3.065884,1602.199591,280.599857,3:15,5.45548,2.02507,4.52388,-44.31628,-1.365,14.40631,0.20011,0.30299,76.36764,-9.540551,-0.54139,0.471693,,,,,,,,,,,,-7.90737,0.12051,-1.71928,50,5.24176,5.77713,-119.88374,-5.20593,-11.53344,22.69232,-31.99829,POM_COL,POM_COL,PomonaPitzer,TeamExclusive,Team,20260130-PomonaPitzer-Private-1,1ed1bb50-fe22-11f0-915a-63f78c275567,79.90883,,,6.394,,,,,,,9c723542-d6b6-4c4f-819a-2cccafe8acb4,2026-01-30,21:24:54.19,2026-01-30T13:24:54.1962752-08:00,2026-01-30T21:24:54.1962752Z,,v3,POM_PIT,POM_PIT,,"Lee, Sammy",1000276388,Right,POM_COL,dc613da4-6773-42da-b626-d3439d1a9901,55.97739,-121.00988,11.34616,5.46071,-3.61796,-15.99915,-2.02019,6.3495,-5.76672,,,,,,,,,,,,,,,,,,,,,,,,,,,,,,,,,,,,,,,,,,,,,,,,,,,High,High,High,,,,,
26,2026-01-30,13:25:15.01,3,6,"Oelschlager, Lincoln",10297980,Right,POM_COL,"Berry, Cooper",1000276381,Left,POM_COL,Undefined,1,Bottom,2,3,2,Fastball,Four-Seam,FoulBallNotFieldable,Undefined,Undefined,Undefined,0,0,,87.00869,-2.313461,-3.505383,2497.937137,242.112861,2:00,5.69448,1.87488,4.88096,-29.47116,9.14323,14.84182,1.04444,-0.20898,79.48154,-7.677859,-0.893616,0.447246,,,,,,,,,,,,-8.35792,5.54402,-1.54363,50,5.44222,7.03019,-125.87684,-6.22702,-13.3707,26.25098,-23.30494,POM_COL,POM_COL,PomonaPitzer,TeamExclusive,Team,20260130-PomonaPitzer-Private-1,2b3dd0e0-fe22-11f0-915a-63f78c275567,84.27682,,,7.52715,,,,,,,9c723542-d6b6-4c4f-819a-2cccafe8acb4,2026-01-30,21:25:15.01,2026-01-30T13:25:15.0195200-08:00,2026-01-30T21:25:15.0195200Z,,v3,POM_PIT,POM_PIT,,"Lee, Sammy",1000276388,Right,POM_COL,7e928127-7ed3-4c95-8b5b-afac5ce65dff,55.61797,-127.04304,13.12549,5.69585,-5.19171,-11.65247,-1.86913,7.62419,-6.68535,,,,,,,,,,,,,,,,,,,,,,,,,,,,,,,,,,,,,,,,,,,,,,,,,,,High,High,High,,,,,
27,2026-01-30,13:25:40.63,3,7,"Oelschlager, Lincoln",10297980,Right,POM_COL,"Berry, Cooper",1000276381,Left,POM_COL,Undefined,1,Bottom,2,3,2,Fastball,Changeup,InPlay,Undefined,GroundBall,Out,1,0,,87.22276,-0.842993,-2.146243,2554.637838,240.276916,2:00,5.7809,1.90307,4.7257,-28.70596,9.91028,15.07257,2.58825,1.12174,79.32159,-6.085032,0.501697,0.447256,84.42425,8.265953,22.385782,2256.657628,,,,129.37868,128.52858,25.435143,1.193999,-8.06323,5.47859,-1.70079,50,5.67074,4.02936,-126.34838,-2.98058,-12.95864,27.13931,-23.36929,POM_COL,POM_COL,PomonaPitzer,TeamExclusive,Team,20260130-PomonaPitzer-Private-1,3ad5d200-fe22-11f0-915a-63f78c275567,84.27483,7.07659,,7.90116,,,,1.704,2.5624,-1.10354,9c723542-d6b6-4c4f-819a-2cccafe8acb4,2026-01-30,21:25:40.63,2026-01-30T13:25:40.6338560-08:00,2026-01-30T21:25:40.6338560Z,GroundBall,v3,POM_PIT,POM_PIT,,"Lee, Sammy",1000276388,Right,POM_COL,3da1445a-5562-4358-92b7-fc1399547332,55.77285,-127.58235,13.56966,5.78211,-1.91803,-11.68464,-1.89739,4.61856,-6.47932,,1.704,113.30206,-16.7843,2.79957,-0.6043,-0.04524,0.34373,-0.26836,0.06898,2.5624,17.80146,-18.29097,1.61888,-0.30008,0.09427,-0.1015,0.07506,-0.01966,-1.10352,46.66498,1.00497,-0.41754,0.22719,0.21093,-0.75209,0.60607,-0.15996,,,,,,,,,,,,,,,,,,,,,,,High,High,High,High,High,,,
28,2026-01-30,13:28:00.53,1,1,"Zerger, Justin",10051439,Right,POM_COL,"Dillehay, Drew",1000091533,Right,POM_COL,Undefined,2,Top,0,0,0,Fastball,Changeup,StrikeCalled,Undefined,Undefined,Undefined,0,0,,85.07242,-0.8367,-2.860388,1792.655127,227.141027,1:30,5.77506,0.71815,5.23518,-28.5984,11.15119,10.60749,2.60437,-1.08873,77.60254,-6.106528,-0.981625,0.453772,,,,,,,,,,,,-6.07524,6.20626,-0.46284,50,5.67702,5.68767,-123.26479,-2.81487,-9.32677,25.0012,-22.64609,POM_COL,POM_COL,PomonaPitzer,TeamExclusive,Team,20260130-PomonaPitzer-Private-1,8deabdc0-fe22-11f0-915a-63f78c275567,83.06472,,,7.46988,,,,,,,9c723542-d6b6-4c4f-819a-2cccafe8acb4,2026-01-30,21:28:00.53,2026-01-30T13:28:00.5317120-08:00,2026-01-30T21:28:00.5317120Z,,v3,POM_PIT,POM_PIT,,"Parker, Will",1000474009,Right,POM_COL,66e7f000-390e-474d-83ca-1675476019ad,55.26125,-124.32732,12.5006,5.7762,-1.85242,-11.32304,-0.71299,6.08405,-4.66339,,,,,,,,,,,,,,,,,,,,,,,,,,,,,,,,,,,,,,,,,,,,,,,,,,,High,High,High,,,,,
29,2026-01-30,13:28:16.52,1,2,"Zerger, Justin",10051439,Right,POM_COL,"Dillehay, Drew",1000091533,Right,POM_COL,Undefined,2,Top,0,0,1,Slider,Curveball,HitByPitch,Undefined,Undefined,Undefined,0,0,,74.78321,1.485345,1.689238,2438.212802,92.88252,9:00,5.52554,1.17618,4.99618,-49.56416,2.36421,-13.04016,2.79845,1.6848,68.29621,-7.520967,-0.6135,0.518649,,,,,,,,,,,,7.06209,1.10551,-1.32719,50,5.62791,-2.70095,-108.43002,1.15626,8.35962,19.96949,-30.86542,POM_COL,POM_COL,PomonaPitzer,TeamExclusive,Team,20260130-PomonaPitzer-Private-1,97e05510-fe22-11f0-915a-63f78c275567,72.67425,,,6.487,,,,,,,9c723542-d6b6-4c4f-819a-2cccafe8acb4,2026-01-30,21:28:16.52,2026-01-30T13:28:16.5210112-08:00,2026-01-30T21:28:16.5210112Z,,v3,POM_PIT,POM_PIT,,"Parker, Will",1000474009,Right,POM_COL,24cd656a-24e8-4fff-a71c-63161a87d9da,55.50475,-109.43913,9.98475,5.53007,2.71597,-15.43271,-1.18003,-3.12338,4.17981,,,,,,,,,,,,,,,,,,,,,,,,,,,,,,,,,,,,,,,,,,,,,,,,,,,High,High,High,,,,,
30,2026-01-30,13:29:03.53,2,1,"Zerger, Justin",10051439,Right,POM_COL,"Cassidy, Caleb",10304248,Right,POM_COL,Undefined,2,Top,0,0,0,Fastball,Changeup,StrikeCalled,Undefined,Undefined,Undefined,0,0,,83.24063,-0.41335,-2.151425,1802.698859,218.783563,1:15,5.59821,1.00723,5.06588,-33.56431,8.44957,5.61863,2.41115,-0.55408,75.54303,-6.567266,-1.158594,0.466517,,,,,,,,,,,,-3.42496,4.76335,-0.80744,50,5.53283,4.27963,-120.55717,-2.08608,-4.99537,25.40037,-25.22658,POM_COL,POM_COL,PomonaPitzer,TeamExclusive,Team,20260130-PomonaPitzer-Private-1,b37c0d00-fe22-11f0-915a-63f78c275567,80.79539,,,7.6976,,,,,,,9c723542-d6b6-4c4f-819a-2cccafe8acb4,2026-01-30,21:29:03.53,2026-01-30T13:29:03.5321344-08:00,2026-01-30T21:29:03.5321344Z,,v3,POM_PIT,POM_PIT,,"Parker, Will",1000474009,Right,POM_COL,a26edc8e-9a5b-4ecf-be9a-e795c1f1ec1b,55.42952,-121.69575,12.70018,5.60099,-0.95529,-12.61329,-1.00429,4.50355,-2.49769,,,,,,,,,,,,,,,,,,,,,,,,,,,,,,,,,,,,,,,,,,,,,,,,,,,High,High,High,,,,,
31,2026-01-30,13:29:21.83,2,2,"Zerger, Justin",10051439,Right,POM_COL,"Cassidy, Caleb",10304248,Right,POM_COL,Undefined,2,Top,0,0,1,Fastball,Changeup,BallCalled,Undefined,Undefined,Undefined,0,0,,83.25047,1.217176,0.232968,1644.819201,223.756319,1:30,5.60007,0.98667,5.19266,-35.32931,6.18402,4.63485,3.80112,1.59206,75.85538,-5.26322,1.054123,0.46373,,,,,,,,,,,,-2.26949,3.08473,-1.01204,50,5.68623,-0.68553,-120.7849,1.30415,-3.33851,24.45507,-27.63633,POM_COL,POM_COL,PomonaPitzer,TeamExclusive,Team,20260130-PomonaPitzer-Private-1,be57e5a0-fe22-11f0-915a-63f78c275567,81.28102,,,7.39509,,,,,,,9c723542-d6b6-4c4f-819a-2cccafe8acb4,2026-01-30,21:29:21.83,2026-01-30T13:29:21.8384384-08:00,2026-01-30T21:29:21.8384384Z,,v3,POM_PIT,POM_PIT,,"Parker, Will",1000474009,Right,POM_COL,cd8e7498-62b0-4fe0-9ead-66c2761a6d20,55.30669,-121.8546,12.22753,5.60275,2.513,-13.81816,-0.98525,-0.5395,-1.66925,,,,,,,,,,,,,,,,,,,,,,,,,,,,,,,,,,,,,,,,,,,,,,,,,,,High,High,High,,,,,
32,2026-01-30,13:29:42.22,2,3,"Zerger, Justin",10051439,Right,POM_COL,"Cassidy, Caleb",10304248,Right,POM_COL,Undefined,2,Top,0,1,1,Fastball,Changeup,InPlay,Undefined,GroundBall,Out,1,0,,84.35575,-1.602891,-3.020405,1889.370388,231.718342,1:45,5.61117,0.94658,5.37991,-31.94313,8.42815,8.94583,1.44419,-1.14193,76.90388,-7.472735,-1.431079,0.457307,48.46291,-88.84971,-94.330382,,,,,2.73109,2.73109,23.352063,0.022213,-5.42551,5.09607,-0.68275,50,5.44509,6.07306,-122.19632,-4.53707,-8.14771,25.60783,-24.52112,POM_COL,POM_COL,PomonaPitzer,TeamExclusive,Team,20260130-PomonaPitzer-Private-1,ca7f02f0-fe22-11f0-915a-63f78c275567,82.42264,1.58633,,7.45186,,,,2.50979,1.58633,1.11431,9c723542-d6b6-4c4f-819a-2cccafe8acb4,2026-01-30,21:29:42.22,2026-01-30T13:29:42.2272512-08:00,2026-01-30T21:29:42.2272512Z,GroundBall,v3,POM_PIT,POM_PIT,,"Parker, Will",1000474009,Right,POM_COL,fdcd4a07-90ec-4914-94e1-73a83d487652,55.1187,-123.26434,12.80392,5.61299,-3.51437,-12.26056,-0.94313,6.41288,-4.07385,,2.50979,-0.10827,,,,,,,,1.58759,-71.41598,,,,,,,,1.11434,-1.42987,,,,,,,,,,,,,,,,,,,,,,,,,,,,,,High,High,High,Estimated,Estimated,,,
33,2026-01-30,13:30:18.80,3,1,"Zerger, Justin",10051439,Right,POM_COL,"Quintero, James",10138921,Left,POM_COL,Undefined,2,Top,1,0,0,Fastball,Changeup,BallCalled,Undefined,Undefined,Undefined,0,0,,83.99435,-0.406653,-0.823514,1673.431002,249.74714,2:15,5.55832,1.01889,5.42453,-33.23525,7.89296,17.16497,2.40779,1.67792,75.43999,-6.564807,2.233312,0.461574,,,,,,,,,,,,-8.79882,4.59142,-0.95766,50,5.49983,0.99144,-121.64967,-2.01804,-12.9038,28.61249,-25.44054,POM_COL,POM_COL,PomonaPitzer,TeamExclusive,Team,20260130-PomonaPitzer-Private-1,e04ef720-fe22-11f0-915a-63f78c275567,81.66068,,,8.55436,,,,,,,9c723542-d6b6-4c4f-819a-2cccafe8acb4,2026-01-30,21:30:18.80,2026-01-30T13:30:18.8070400-08:00,2026-01-30T21:30:18.8070400Z,,v3,POM_PIT,POM_PIT,,"Parker, Will",1000474009,Right,POM_COL,d32d5cbc-fd12-4c98-a86d-231832cce598,55.06939,-122.83623,14.30625,5.56164,-0.96303,-12.72027,-1.00987,1.52656,-6.4519,,,,,,,,,,,,,,,,,,,,,,,,,,,,,,,,,,,,,,,,,,,,,,,,,,,High,High,High,,,,,
34,2026-01-30,13:30:37.33,3,2,"Zerger, Justin",10051439,Right,POM_COL,"Quintero, James",10138921,Left,POM_COL,Undefined,2,Top,1,1,0,Fastball,Changeup,BallCalled,Undefined,Undefined,Undefined,0,0,,83.32329,-0.786963,-0.014389,1615.595657,218.444321,1:15,5.66876,1.03,5.12208,-36.82486,5.04327,2.84059,1.85872,1.25316,75.65618,-7.516182,0.488969,0.465708,,,,,,,,,,,,-1.40921,3.20973,-1.03092,50,5.56663,-0.09497,-120.74865,-3.01033,-2.05727,25.97086,-27.48829,POM_COL,POM_COL,PomonaPitzer,TeamExclusive,Team,20260130-PomonaPitzer-Private-1,eb5932c0-fe22-11f0-915a-63f78c275567,80.93586,,,7.66712,,,,,,,9c723542-d6b6-4c4f-819a-2cccafe8acb4,2026-01-30,21:30:37.33,2026-01-30T13:30:37.3371904-08:00,2026-01-30T21:30:37.3371904Z,,v3,POM_PIT,POM_PIT,,"Parker, Will",1000474009,Right,POM_COL,db44e83d-dbd7-4541-a4a3-6b62c86f6ef4,55.37353,-121.89892,12.98543,5.673,-1.79285,-13.74415,-1.02873,-0.00385,-1.02863,,,,,,,,,,,,,,,,,,,,,,,,,,,,,,,,,,,,,,,,,,,,,,,,,,,High,High,High,,,,,
35,2026-01-30,13:31:00.10,3,3,"Zerger, Justin",10051439,Right,POM_COL,"Quintero, James",10138921,Left,POM_COL,Undefined,2,Top,1,2,0,Fastball,Changeup,FoulBallNotFieldable,Undefined,Undefined,Undefined,0,0,,84.60528,-1.90461,-1.893002,1864.895666,224.3895,1:30,5.65342,1.10592,5.21053,-31.51388,8.65048,7.19319,1.23459,-0.07542,77.51931,-7.666093,-0.617167,0.456133,,,,,,,,,,,,-4.14973,5.23709,-0.93659,50,5.45366,3.74617,-122.66059,-5.21294,-6.3099,24.70243,-24.2107,POM_COL,POM_COL,PomonaPitzer,TeamExclusive,Team,20260130-PomonaPitzer-Private-1,f8ea4050-fe22-11f0-915a-63f78c275567,82.6347,,,7.08597,,,,,,,9c723542-d6b6-4c4f-819a-2cccafe8acb4,2026-01-30,21:31:00.10,2026-01-30T13:31:00.1004032-08:00,2026-01-30T21:31:00.1004032Z,,v3,POM_PIT,POM_PIT,,"Parker, Will",1000474009,Right,POM_COL,4f78bc8e-8fc8-4c93-a26e-7989579ccee7,55.28818,-123.72098,12.35122,5.65513,-4.17365,-12.10535,-1.10322,4.01703,-3.15495,,,,,,,,,,,,,,,,,,,,,,,,,,,,,,,,,,,,,,,,,,,,,,,,,,,High,High,High,,,,,
36,2026-01-30,13:31:27.56,3,4,"Zerger, Justin",10051439,Right,POM_COL,"Quintero, James",10138921,Left,POM_COL,Undefined,2,Top,1,2,1,Fastball,Changeup,FoulBallNotFieldable,Undefined,Undefined,Undefined,0,0,,84.8644,-0.919109,-1.854177,1875.844582,223.264414,1:30,5.54919,1.26744,5.48099,-29.57013,10.3841,8.4178,2.22452,0.23345,76.68514,-6.409137,-0.35458,0.454939,69.36347,-21.994207,65.903877,,,,,6.5625,6.19283,47.569925,0.059941,-4.85453,5.93768,-1.11073,50,5.44875,3.62523,-122.97477,-2.97591,-7.32466,27.73248,-23.21513,POM_COL,POM_COL,PomonaPitzer,TeamExclusive,Team,20260130-PomonaPitzer-Private-1,0949fe40-fe23-11f0-915a-63f78c275567,82.85169,2.29139,,8.17926,,,,2.11152,2.29139,-0.33492,9c723542-d6b6-4c4f-819a-2cccafe8acb4,2026-01-30,21:31:27.56,2026-01-30T13:31:27.5632640-08:00,2026-01-30T21:31:27.5632640Z,GroundBall,v3,POM_PIT,POM_PIT,,"Parker, Will",1000474009,Right,POM_COL,27b91410-3f2a-495a-a605-65b74d3b48bf,55.01597,-124.10078,13.86624,5.55044,-2.03332,-11.60757,-1.26396,3.92263,-3.66233,,2.11029,38.63994,,,,,,,,2.29262,-38.22728,,,,,,,,-0.33769,86.39634,,,,,,,,,,,,,,,,,,,,,,,,,,,,,,High,High,High,Low,Low,,,
37,2026-01-30,13:32:00.30,3,5,"Zerger, Justin",10051439,Right,POM_COL,"Quintero, James",10138921,Left,POM_COL,Undefined,2,Top,1,2,2,ChangeUp,Changeup,BallCalled,Undefined,Undefined,Undefined,0,0,,80.83703,-0.172753,-0.372214,1306.385759,234.030868,1:45,5.41923,1.30106,4.99977,-36.13356,8.25902,9.35875,2.24501,1.72956,73.77166,-6.772836,1.281298,0.479542,,,,,,,,,,,,-4.71248,4.5987,-1.27313,50,5.37379,0.35626,-117.21386,-1.6453,-6.52867,23.02143,-25.80298,POM_COL,POM_COL,PomonaPitzer,TeamExclusive,Team,20260130-PomonaPitzer-Private-1,1cce54c0-fe23-11f0-915a-63f78c275567,78.60094,,,7.06538,,,,,,,9c723542-d6b6-4c4f-819a-2cccafe8acb4,2026-01-30,21:32:00.30,2026-01-30T13:32:00.3067392-08:00,2026-01-30T21:32:00.3067392Z,,v3,POM_PIT,POM_PIT,,"Parker, Will",1000474009,Right,POM_COL,167092bd-8327-48da-9451-9b4681b4244b,55.4964,-118.28846,11.51071,5.42247,-0.44087,-12.90149,-1.29687,0.661,-3.26434,,,,,,,,,,,,,,,,,,,,,,,,,,,,,,,,,,,,,,,,,,,,,,,,,,,High,High,High,,,,,
38,2026-01-30,13:32:24.42,3,6,"Zerger, Justin",10051439,Right,POM_COL,"Quintero, James",10138921,Left,POM_COL,Undefined,2,Top,1,3,1,ChangeUp,Changeup,FoulBallNotFieldable,Undefined,Undefined,Undefined,0,0,,79.8563,0.822266,-0.922094,1356.648549,246.264767,2:15,5.49097,1.11868,5.126,-38.96404,6.01961,10.53812,3.01857,1.12832,73.2723,-6.288621,0.943408,0.482724,,,,,,,,,,,,-5.50768,3.17929,-1.04069,50,5.53803,1.43187,-115.9109,0.29986,-7.50852,21.24578,-27.8398,POM_COL,POM_COL,PomonaPitzer,TeamExclusive,Team,20260130-PomonaPitzer-Private-1,2b2dd5e0-fe23-11f0-915a-63f78c275567,78.08284,,,6.58399,,,,,,,9c723542-d6b6-4c4f-819a-2cccafe8acb4,2026-01-30,21:32:24.42,2026-01-30T13:32:24.4202496-08:00,2026-01-30T21:32:24.4202496Z,,v3,POM_PIT,POM_PIT,,"Parker, Will",1000474009,Right,POM_COL,3a5025cf-6071-4530-a098-1f8010e1dffd,55.37303,-116.8916,10.62289,5.49453,1.58493,-13.9199,-1.11478,1.77846,-3.75426,,,,,,,,,,,,,,,,,,,,,,,,,,,,,,,,,,,,,,,,,,,,,,,,,,,High,High,High,,,,,
39,2026-01-30,13:33:12.87,3,7,"Zerger, Justin",10051439,Right,POM_COL,"Quintero, James",10138921,Left,POM_COL,Undefined,2,Top,1,3,2,Fastball,Changeup,BallCalled,Walk,Undefined,Undefined,0,0,,84.73092,-0.459146,-0.113401,1885.835426,214.824187,1:15,5.63426,1.02153,5.31538,-30.45478,9.22111,5.55764,2.66542,1.37823,77.71435,-6.056611,0.874126,0.453351,,,,,,,,,,,,-2.79492,5.1391,-1.01531,50,5.57088,2E-05,-122.99946,-2.06796,-4.2917,23.86287,-24.28278,POM_COL,POM_COL,PomonaPitzer,TeamExclusive,Team,20260130-PomonaPitzer-Private-1,480c6e10-fe23-11f0-915a-63f78c275567,83.14184,,,7.01656,,,,,,,9c723542-d6b6-4c4f-819a-2cccafe8acb4,2026-01-30,21:33:12.87,2026-01-30T13:33:12.8740352-08:00,2026-01-30T21:33:12.8740352Z,,v3,POM_PIT,POM_PIT,,"Parker, Will",1000474009,Right,POM_COL,947ed267-c4bf-4446-ad09-2b53087fcfb4,55.18125,-124.00059,11.93143,5.63627,-1.04921,-12.14139,-1.01909,0.18007,-2.14585,,,,,,,,,,,,,,,,,,,,,,,,,,,,,,,,,,,,,,,,,,,,,,,,,,,High,High,High,,,,,
40,2026-01-30,13:33:40.40,4,1,"Zerger, Justin",10051439,Right,POM_COL,"Loui, Shawn",1000474008,Right,POM_COL,Undefined,2,Top,1,0,0,Fastball,Changeup,InPlay,Undefined,LineDrive,Single,0,0,,84.34996,-0.289118,-1.920837,1846.119039,216.09611,1:15,5.78045,0.85625,5.36378,-30.9221,9.10863,5.7252,2.93235,-0.46849,77.26582,-5.979,-0.903538,0.455374,84.02327,15.134189,-21.193917,1629.695437,100.13427,16.19855,-45.53137,187.25245,180.12197,-27.259769,1.904691,-3.41351,5.02496,-0.68803,50,5.73262,3.86365,-122.40792,-1.69845,-5.18339,23.9807,-24.54365,POM_COL,POM_COL,PomonaPitzer,TeamExclusive,Team,20260130-PomonaPitzer-Private-1,587a35c0-fe23-11f0-915a-63f78c275567,82.77249,16.5793,,7.08414,,,,0.93395,2.93422,0.48169,9c723542-d6b6-4c4f-819a-2cccafe8acb4,2026-01-30,21:33:40.40,2026-01-30T13:33:40.4094464-08:00,2026-01-30T21:33:40.4094464Z,LineDrive,v3,POM_PIT,POM_PIT,,"Parker, Will",1000474009,Right,POM_COL,9b2d1706-f309-4236-942e-0756b3dc2c14,55.13475,-123.40975,11.99035,5.78216,-0.67309,-12.27182,-0.85396,4.08019,-2.59169,93.489017,0.93394,110.91383,-16.74743,3.04659,-0.55386,-0.02307,0.09516,-0.04165,0.00625,2.93423,32.17384,-20.39035,1.93783,-0.40517,0.11489,-0.04548,0.01487,-0.00208,0.48168,-43.00637,-2.42906,0.99109,-0.17111,-0.15634,0.1815,-0.07474,0.01115,,,,,,,,,,,,,,,,,,,,,,,High,High,High,High,High,,,
41,2026-01-30,13:34:17.70,5,1,"Zerger, Justin",10051439,Right,POM_COL,"Heath, Emmett",1000111182,Left,POM_COL,Undefined,2,Top,1,0,0,Slider,Curveball,BallCalled,Undefined,Undefined,Undefined,0,0,,73.11747,2.691341,4.654678,2272.747485,92.02839,9:00,5.37272,1.43784,4.92838,-52.46751,2.38402,-15.27906,3.55485,4.57434,66.46935,-6.82681,1.974629,0.533047,,,,,,,,,,,,8.78575,1.02949,-1.87892,50,5.5927,-7.98141,-105.57335,3.21073,9.87763,18.61899,-31.01662,POM_COL,POM_COL,PomonaPitzer,TeamExclusive,Team,20260130-PomonaPitzer-Private-1,6eb85510-fe23-11f0-915a-63f78c275567,70.71124,,,6.64813,,,,,,,9c723542-d6b6-4c4f-819a-2cccafe8acb4,2026-01-30,21:34:17.70,2026-01-30T13:34:17.7003008-08:00,2026-01-30T21:34:17.7003008Z,,v3,POM_PIT,POM_PIT,,"Parker, Will",1000474009,Right,POM_COL,9c654a25-52cd-4417-81b0-64d9c0b6cc92,55.56869,-106.55092,9.3095,5.38137,4.83923,-15.50831,-1.44625,-8.50003,4.93882,,,,,,,,,,,,,,,,,,,,,,,,,,,,,,,,,,,,,,,,,,,,,,,,,,,High,High,High,,,,,
42,2026-01-30,13:34:38.08,5,2,"Zerger, Justin",10051439,Right,POM_COL,"Heath, Emmett",1000111182,Left,POM_COL,Undefined,2,Top,1,1,0,Fastball,Changeup,BallCalled,Undefined,Undefined,Undefined,0,0,,84.24722,-1.59518,-2.636229,1796.797316,204.126443,12:45,5.63917,0.92437,5.21579,-29.88722,11.17697,4.33299,1.64667,-1.19509,76.12325,-7.110537,-1.868769,0.461215,,,,,,,,,,,,-2.99339,6.53359,-0.6841,50,5.46981,5.41955,-121.87494,-4.44338,-4.43655,27.21457,-22.49049,POM_COL,POM_COL,PomonaPitzer,TeamExclusive,Team,20260130-PomonaPitzer-Private-1,7ad8e2b0-fe23-11f0-915a-63f78c275567,81.72431,,,8.12396,,,,,,,9c723542-d6b6-4c4f-819a-2cccafe8acb4,2026-01-30,21:34:38.08,2026-01-30T13:34:38.0804608-08:00,2026-01-30T21:34:38.0804608Z,,v3,POM_PIT,POM_PIT,,"Parker, Will",1000474009,Right,POM_COL,4f95c85e-6557-4c57-a2a2-bb48c509bd3d,55.27855,-123.04799,13.60728,5.64045,-3.47395,-11.24524,-0.92183,5.61078,-2.21827,,,,,,,,,,,,,,,,,,,,,,,,,,,,,,,,,,,,,,,,,,,,,,,,,,,High,High,High,,,,,
43,2026-01-30,13:34:57.81,5,3,"Zerger, Justin",10051439,Right,POM_COL,"Heath, Emmett",1000111182,Left,POM_COL,Undefined,2,Top,1,2,0,Fastball,Changeup,FoulBallNotFieldable,Undefined,Undefined,Undefined,0,0,,84.44162,-0.977297,-1.767412,1879.863635,239.732307,2:00,5.53943,0.9307,5.50708,-34.6001,5.68181,7.27863,1.7416,-0.11615,76.50225,-7.354725,-0.46921,0.4568,,,,,,,,,,,,-4.25189,3.57957,-0.78154,50,5.43099,3.47214,-122.39255,-3.291,-6.35858,27.33677,-26.82092,POM_COL,POM_COL,PomonaPitzer,TeamExclusive,Team,20260130-PomonaPitzer-Private-1,86972c10-fe23-11f0-915a-63f78c275567,82.51403,,,7.93937,,,,,,,9c723542-d6b6-4c4f-819a-2cccafe8acb4,2026-01-30,21:34:57.81,2026-01-30T13:34:57.8162688-08:00,2026-01-30T21:34:57.8162688Z,,v3,POM_PIT,POM_PIT,,"Parker, Will",1000474009,Right,POM_COL,358f4b7b-fed7-4b92-b2ed-bc8457b920dd,54.9904,-123.50214,13.66839,5.54248,-2.20235,-13.41046,-0.92771,3.73023,-3.17929,,,,,,,,,,,,,,,,,,,,,,,,,,,,,,,,,,,,,,,,,,,,,,,,,,,High,High,High,,,,,
44,2026-01-30,13:35:19.82,5,4,"Zerger, Justin",10051439,Right,POM_COL,"Heath, Emmett",1000111182,Left,POM_COL,Undefined,2,Top,1,2,1,Fastball,Changeup,BallCalled,Undefined,Undefined,Undefined,0,0,,84.46895,-0.317372,0.053361,1801.293671,206.778155,1:00,5.72471,0.88972,5.31362,-31.26545,8.55882,3.7115,2.82138,1.2491,77.66278,-6.054075,0.712818,0.454198,,,,,,,,,,,,-1.83402,4.76142,-0.89728,50,5.67352,-0.27561,-122.6578,-1.79394,-2.80771,23.14889,-24.88469,POM_COL,POM_COL,PomonaPitzer,TeamExclusive,Team,20260130-PomonaPitzer-Private-1,93be7b50-fe23-11f0-915a-63f78c275567,82.98677,,,6.80617,,,,,,,9c723542-d6b6-4c4f-819a-2cccafe8acb4,2026-01-30,21:35:19.82,2026-01-30T13:35:19.8231040-08:00,2026-01-30T21:35:19.8231040Z,,v3,POM_PIT,POM_PIT,,"Parker, Will",1000474009,Right,POM_COL,83f586d9-4799-4bf5-a62a-d7223e467888,55.1835,-123.6322,11.57445,5.72698,-0.74648,-12.44235,-0.88817,-0.15742,-1.40386,,,,,,,,,,,,,,,,,,,,,,,,,,,,,,,,,,,,,,,,,,,,,,,,,,,High,High,High,,,,,
45,2026-01-30,13:35:39.37,5,5,"Zerger, Justin",10051439,Right,POM_COL,"Heath, Emmett",1000111182,Left,POM_COL,Undefined,2,Top,1,3,1,Fastball,Slider,BallCalled,Walk,Undefined,Undefined,0,0,,84.55595,-1.943104,-2.924569,1932.105583,209.644297,1:00,5.63391,1.02372,5.37154,-31.04167,8.69142,4.26559,1.22225,-1.36516,78.03779,-7.615155,-2.166927,0.453678,,,,,,,,,,,,-2.90299,5.24796,-0.76449,50,5.43755,6.08291,-122.60624,-5.26034,-4.44663,22.81426,-24.13553,POM_COL,POM_COL,PomonaPitzer,TeamExclusive,Team,20260130-PomonaPitzer-Private-1,9fcbf620-fe23-11f0-915a-63f78c275567,83.08196,,,6.51816,,,,,,,9c723542-d6b6-4c4f-819a-2cccafe8acb4,2026-01-30,21:35:39.37,2026-01-30T13:35:39.3743872-08:00,2026-01-30T21:35:39.3743872Z,,v3,POM_PIT,POM_PIT,,"Parker, Will",1000474009,Right,POM_COL,52cf58a5-a8b7-462e-b49a-acbaf1debffb,55.12691,-123.55656,11.40713,5.63573,-4.25498,-12.06777,-1.02173,6.26813,-2.22332,,,,,,,,,,,,,,,,,,,,,,,,,,,,,,,,,,,,,,,,,,,,,,,,,,,High,High,High,,,,,
46,2026-01-30,13:36:12.07,6,1,"Zerger, Justin",10051439,Right,POM_COL,"Lee, Sammy",1000276388,Right,POM_COL,Undefined,2,Top,1,0,0,Fastball,Changeup,BallCalled,Undefined,Undefined,Undefined,0,0,,85.18338,-0.979957,-3.06718,1858.813934,228.320578,1:30,5.79455,0.95582,5.50209,-31.35309,7.74563,7.32272,2.26385,-1.30538,78.14418,-6.743682,-1.763889,0.450042,,,,,,,,,,,,-4.52138,4.56087,-0.69268,50,5.68782,6.30692,-123.5189,-3.21243,-6.99714,24.20789,-25.11577,POM_COL,POM_COL,PomonaPitzer,TeamExclusive,Team,20260130-PomonaPitzer-Private-1,b2d8aba0-fe23-11f0-915a-63f78c275567,83.75321,,,7.0392,,,,,,,9c723542-d6b6-4c4f-819a-2cccafe8acb4,2026-01-30,21:36:12.07,2026-01-30T13:36:12.0702464-08:00,2026-01-30T21:36:12.0702464Z,,v3,POM_PIT,POM_PIT,,"Parker, Will",1000474009,Right,POM_COL,e4197a90-9b5f-4308-90a7-d1f5df89e64c,54.99573,-124.49414,12.10394,5.79686,-2.20062,-12.55789,-0.95243,6.58881,-3.49857,,,,,,,,,,,,,,,,,,,,,,,,,,,,,,,,,,,,,,,,,,,,,,,,,,,High,High,High,,,,,
47,2026-01-30,13:36:30.81,6,2,"Zerger, Justin",10051439,Right,POM_COL,"Lee, Sammy",1000276388,Right,POM_COL,Undefined,2,Top,1,1,0,Fastball,Sinker,FoulBallNotFieldable,Undefined,Undefined,Undefined,0,0,,86.09748,-0.633769,-1.888518,1934.180191,223.977287,1:30,5.69976,0.97297,5.14877,-28.69986,10.06737,8.52575,2.71109,-0.09514,78.77355,-5.90415,-0.379356,0.44813,,,,,,,,,,,,-4.78162,5.55528,-0.80321,50,5.61863,3.74067,-124.88986,-2.42937,-7.5539,25.09655,-23.39793,POM_COL,POM_COL,PomonaPitzer,TeamExclusive,Team,20260130-PomonaPitzer-Private-1,be090ce0-fe23-11f0-915a-63f78c275567,84.11053,,,7.32393,,,,,,,9c723542-d6b6-4c4f-819a-2cccafe8acb4,2026-01-30,21:36:30.81,2026-01-30T13:36:30.8173824-08:00,2026-01-30T21:36:30.8173824Z,,v3,POM_PIT,POM_PIT,,"Parker, Will",1000474009,Right,POM_COL,f0f74e53-179b-495c-ae48-77ea81b7b618,55.34959,-125.96027,12.54827,5.70096,-1.43141,-11.69896,-0.96962,4.06286,-3.77695,,,,,,,,,,,,,,,,,,,,,,,,,,,,,,,,,,,,,,,,,,,,,,,,,,,High,High,High,,,,,
48,2026-01-30,13:36:56.44,6,3,"Zerger, Justin",10051439,Right,POM_COL,"Lee, Sammy",1000276388,Right,POM_COL,Undefined,2,Top,1,1,1,TwoSeamFastBall,Changeup,FoulBallNotFieldable,Undefined,Undefined,Undefined,0,0,,85.75226,-0.91524,-1.906836,1701.15591,267.592191,3:00,5.7219,0.74169,5.25868,-37.61935,2.27693,16.97422,1.72651,0.36402,76.83769,-7.819283,1.108319,0.454608,64.99281,-24.021477,-59.736636,,,,,5.78749,5.78749,-42.397176,0.047104,-9.17705,1.89043,-0.58017,50,5.61053,3.37897,-124.09408,-3.38047,-13.93453,30.90692,-29.30357,POM_COL,POM_COL,PomonaPitzer,TeamExclusive,Team,20260130-PomonaPitzer-Private-1,cd4ecf50-fe23-11f0-915a-63f78c275567,82.91189,1.83343,,8.91457,,,,2.20074,1.83343,-0.34915,9c723542-d6b6-4c4f-819a-2cccafe8acb4,2026-01-30,21:36:56.44,2026-01-30T13:36:56.4444672-08:00,2026-01-30T21:36:56.4444672Z,GroundBall,v3,POM_PIT,POM_PIT,,"Parker, Will",1000474009,Right,POM_COL,87a3942a-3f73-478d-8f69-72b4842b0ba9,55.23806,-125.39188,15.45346,5.72664,-2.14999,-14.65179,-0.73434,3.96409,-6.96727,,2.19973,44.01417,,,,,,,,1.83433,-38.92282,,,,,,,,-0.3474,-75.43191,,,,,,,,,,,,,,,,,,,,,,,,,,,,,,High,High,High,Estimated,Estimated,,,
49,2026-01-30,13:37:25.20,6,4,"Zerger, Justin",10051439,Right,POM_COL,"Lee, Sammy",1000276388,Right,POM_COL,Undefined,2,Top,1,1,2,Slider,Slider,BallCalled,Undefined,Undefined,Undefined,0,0,,77.51442,-0.7954,-2.344331,2430.640351,90.058121,9:00,5.53005,0.92757,5.05183,-47.08636,1.75764,-15.59233,0.85533,-2.58407,70.51,-9.321973,-5.099012,0.50301,,,,,,,,,,,,6.98705,1.62748,-0.69121,50,5.41707,5.22454,-112.2084,-3.19196,8.7494,23.67794,-30.13609,POM_COL,POM_COL,PomonaPitzer,TeamExclusive,Team,20260130-PomonaPitzer-Private-1,de7e6060-fe23-11f0-915a-63f78c275567,74.93371,,,7.00442,,,,,,,9c723542-d6b6-4c4f-819a-2cccafe8acb4,2026-01-30,21:37:25.20,2026-01-30T13:37:25.2092928-08:00,2026-01-30T21:37:25.2092928Z,,v3,POM_PIT,POM_PIT,,"Parker, Will",1000474009,Right,POM_COL,49afd73d-f1b0-488b-ba4a-d47533c42fc0,55.44603,-113.35178,11.83897,5.53607,-1.73672,-15.06805,-0.93329,4.80204,4.3747,,,,,,,,,,,,,,,,,,,,,,,,,,,,,,,,,,,,,,,,,,,,,,,,,,,High,High,High,,,,,
50,2026-01-30,13:37:49.90,6,5,"Zerger, Justin",10051439,Right,POM_COL,"Lee, Sammy",1000276388,Right,POM_COL,Undefined,2,Top,1,2,2,Fastball,Changeup,InPlay,Undefined,LineDrive,Out,1,1,,85.71026,-1.184117,-2.762833,1729.090065,238.069169,2:00,5.75479,0.84794,5.52053,-28.39025,10.69985,14.92611,2.28038,-0.49336,77.53435,-6.459278,-0.103685,0.449992,103.02417,16.509498,-16.408435,811.635015,104.37882,26.85077,-34.71398,280.55541,264.07022,-22.435496,2.74036,-8.44292,6.17189,-0.61779,50,5.63289,5.3595,-124.16277,-3.53107,-13.00849,27.8791,-22.66463,POM_COL,POM_COL,PomonaPitzer,TeamExclusive,Team,20260130-PomonaPitzer-Private-1,ed2ac900-fe23-11f0-915a-63f78c275567,83.76243,29.81162,,8.17592,,,,1.42376,2.61124,0.41904,9c723542-d6b6-4c4f-819a-2cccafe8acb4,2026-01-30,21:37:49.90,2026-01-30T13:37:49.9082752-08:00,2026-01-30T21:37:49.9082752Z,LineDrive,v3,POM_PIT,POM_PIT,,"Parker, Will",1000474009,Right,POM_COL,8a8934a7-64ce-4c37-804e-e3871c2d48f0,54.97741,-125.2754,13.93955,5.75576,-2.62655,-11.33231,-0.84204,5.87866,-6.50425,129.314899,1.42361,138.97851,-28.385,7.31223,-1.85973,0.4978,-0.11373,0.01668,-0.00111,2.61144,42.93001,-17.87229,0.58782,0.30068,-0.23085,0.08069,-0.01499,0.0012,0.41896,-40.92002,0.02803,0.6663,-0.38819,0.16358,-0.04824,0.0085,-0.00066,,,,,,,,,,,,,,,,,,,,,,,High,High,High,High,Medium,,,
51,2026-01-30,13:38:35.51,7,1,"Zerger, Justin",10051439,Right,POM_COL,"Winthrop, Nolan",1000159423,Left,POM_COL,Undefined,2,Top,2,0,0,ChangeUp,Changeup,FoulBallNotFieldable,Undefined,Undefined,Undefined,0,0,,80.27053,-0.656366,-1.28053,1454.591341,218.677394,1:15,5.4107,1.12733,4.84128,-32.9236,11.98237,8.49296,2.04542,0.62245,73.8644,-6.652214,0.215111,0.482307,64.57501,-40.857837,79.816496,,,,,3.73055,3.73055,30.383807,0.035391,-4.56158,6.47729,-1.00849,50,5.31791,2.24764,-116.47949,-2.50372,-6.29586,20.93212,-23.23412,POM_COL,POM_COL,PomonaPitzer,TeamExclusive,Team,20260130-PomonaPitzer-Private-1,08609330-fe24-11f0-915a-63f78c275567,78.1503,2.20108,,6.40613,,,,2.76827,2.20108,-0.61781,9c723542-d6b6-4c4f-819a-2cccafe8acb4,2026-01-30,21:38:35.51,2026-01-30T13:38:35.5186176-08:00,2026-01-30T21:38:35.5186176Z,GroundBall,v3,POM_PIT,POM_PIT,,"Parker, Will",1000474009,Right,POM_COL,363cddeb-4bda-4c23-b794-185d84df5aa0,55.65815,-117.49189,10.46606,5.41183,-1.37997,-11.61706,-1.12456,2.55214,-3.14793,,2.76799,12.71289,,,,,,,,2.20242,-62.19344,,,,,,,,-0.61934,70.77217,,,,,,,,,,,,,,,,,,,,,,,,,,,,,,High,High,High,Estimated,Estimated,,,
52,2026-01-30,13:39:09.95,7,2,"Zerger, Justin",10051439,Right,POM_COL,"Winthrop, Nolan",1000159423,Left,POM_COL,Undefined,2,Top,2,0,1,ChangeUp,Changeup,InPlay,Undefined,LineDrive,Error,0,2,,82.16829,-0.580628,-2.248258,1431.74272,245.409852,2:15,5.35792,1.07722,4.99157,-34.59651,8.348,15.17099,1.92621,0.21759,75.08949,-6.894755,0.430103,0.471656,93.61023,17.546204,-3.02259,1791.731067,109.65476,29.93616,-8.70118,315.47094,303.61028,-7.381645,3.480443,-8.19469,4.69882,-0.87384,50,5.27408,4.02736,-119.12258,-2.45716,-11.74228,23.47612,-25.44103,POM_COL,POM_COL,PomonaPitzer,TeamExclusive,Team,20260130-PomonaPitzer-Private-1,1ce62d10-fe24-11f0-915a-63f78c275567,79.91515,36.45731,,7.07881,,,,1.84283,2.00779,-0.2176,9c723542-d6b6-4c4f-819a-2cccafe8acb4,2026-01-30,21:39:09.95,2026-01-30T13:39:09.9544064-08:00,2026-01-30T21:39:09.9544064Z,LineDrive,v3,POM_PIT,POM_PIT,,"Parker, Will",1000474009,Right,POM_COL,6d61ad6b-3723-4aab-8061-1ca2c0ef9474,55.50754,-120.20308,11.73806,5.36023,-1.28622,-12.72052,-1.07163,4.5678,-5.87114,159.00432,1.84292,130.72192,-21.27202,4.60341,-0.89182,0.14781,-0.018,0.00117,-1E-05,2.0077,41.39368,-12.56209,-0.04763,0.10615,-0.02106,0.00016,0.00087,-0.00011,-0.2176,-6.90288,-2.82084,0.82998,-0.21698,0.04957,-0.00899,0.00108,-6E-05,,,,,,,,,,,,,,,,,,,,,,,High,High,High,High,Medium,,,
53,2026-01-30,13:39:57.93,8,1,"Zerger, Justin",10051439,Right,POM_COL,"Nahabedian, George",1000214430,Right,POM_COL,Undefined,2,Top,2,0,0,Fastball,Changeup,StrikeCalled,Undefined,Undefined,Undefined,0,0,,84.97423,0.139106,-2.029908,2025.752154,225.25315,1:30,5.75142,0.97733,5.27163,-29.62486,10.12264,8.90209,3.41343,-0.18834,77.42343,-5.326143,-0.451178,0.45376,,,,,,,,,,,,-5.00925,5.41784,-0.7985,50,5.74268,3.97483,-123.21421,-0.74986,-7.67936,25.11786,-23.86836,POM_COL,POM_COL,PomonaPitzer,TeamExclusive,Team,20260130-PomonaPitzer-Private-1,397ff410-fe24-11f0-915a-63f78c275567,83.06688,,,7.55079,,,,,,,9c723542-d6b6-4c4f-819a-2cccafe8acb4,2026-01-30,21:39:57.93,2026-01-30T13:39:57.9390464-08:00,2026-01-30T21:39:57.9390464Z,,v3,POM_PIT,POM_PIT,,"Parker, Will",1000474009,Right,POM_COL,99e8c7a1-f1e0-4a22-8e83-77fefb4719fa,55.22497,-124.27478,12.55893,5.75306,0.25796,-11.93418,-0.97318,4.29908,-3.83968,,,,,,,,,,,,,,,,,,,,,,,,,,,,,,,,,,,,,,,,,,,,,,,,,,,High,High,High,,,,,
54,2026-01-30,13:40:15.79,8,2,"Zerger, Justin",10051439,Right,POM_COL,"Nahabedian, George",1000214430,Right,POM_COL,Undefined,2,Top,2,0,1,Slider,Slider,StrikeSwinging,Undefined,Undefined,Undefined,0,0,,76.11264,0.016503,-0.822897,2437.822142,94.398923,9:15,5.44165,0.94984,4.69599,-47.42569,3.2074,-20.52387,1.50518,-1.54175,69.88619,-8.519785,-4.428974,0.51214,,,,,,,,,,,,9.80103,2.07,-0.84701,50,5.40103,2.436,-110.36602,-1.66523,12.03215,20.50168,-29.63285,POM_COL,POM_COL,PomonaPitzer,TeamExclusive,Team,20260130-PomonaPitzer-Private-1,4431af70-fe24-11f0-915a-63f78c275567,73.59795,,,6.22646,,,,,,,9c723542-d6b6-4c4f-819a-2cccafe8acb4,2026-01-30,21:40:15.79,2026-01-30T13:40:15.7988352-08:00,2026-01-30T21:40:15.7988352Z,,v3,POM_PIT,POM_PIT,,"Parker, Will",1000474009,Right,POM_COL,13024181-b566-48f1-bf06-406162c62778,55.80323,-111.43882,10.25084,5.4476,-0.11463,-14.81643,-0.95801,1.80638,6.01607,,,,,,,,,,,,,,,,,,,,,,,,,,,,,,,,,,,,,,,,,,,,,,,,,,,High,High,High,,,,,
55,2026-01-30,13:40:38.20,8,3,"Zerger, Justin",10051439,Right,POM_COL,"Nahabedian, George",1000214430,Right,POM_COL,Undefined,2,Top,2,0,2,Slider,Slider,StrikeSwinging,Strikeout,Undefined,Undefined,0,0,,76.77274,-0.915831,-2.186639,2399.541216,97.099711,9:15,5.49054,0.90175,4.8226,-45.88459,3.98114,-18.55084,0.7987,-2.71622,70.3244,-9.17901,-5.449365,0.508244,,,,,,,,,,,,8.49898,2.71658,-0.66781,50,5.36037,5.00124,-111.19389,-3.39228,10.52997,21.87593,-28.80828,POM_COL,POM_COL,PomonaPitzer,TeamExclusive,Team,20260130-PomonaPitzer-Private-1,519125b0-fe24-11f0-915a-63f78c275567,74.16206,,,6.44834,,,,,,,9c723542-d6b6-4c4f-819a-2cccafe8acb4,2026-01-30,21:40:38.20,2026-01-30T13:40:38.2032896-08:00,2026-01-30T21:40:38.2032896Z,,v3,POM_PIT,POM_PIT,,"Parker, Will",1000474009,Right,POM_COL,de97dc81-ddee-4167-a1c8-f545168e5b51,55.67633,-112.30508,10.93796,5.49552,-1.92896,-14.40414,-0.90826,4.46637,5.26499,,,,,,,,,,,,,,,,,,,,,,,,,,,,,,,,,,,,,,,,,,,,,,,,,,,High,High,High,,,,,
56,2026-01-30,13:43:03.01,1,1,"Oelschlager, Lincoln",10297980,Right,POM_COL,"Pierantoni, Greg",1000091552,Right,POM_COL,Undefined,2,Bottom,0,0,0,Fastball,Changeup,BallCalled,Undefined,Undefined,Undefined,0,0,,85.57713,-3.045256,-3.945643,2493.959767,236.096937,1:45,5.80395,1.81685,4.70097,-28.20769,12.4769,16.32288,0.55296,-0.5743,77.41282,-8.1971,-1.084735,0.459078,,,,,,,,,,,,-9.25426,7.50154,-1.43206,50,5.46986,7.75731,-123.47419,-7.64717,-14.10135,27.5636,-20.74346,POM_COL,POM_COL,PomonaPitzer,TeamExclusive,Team,20260130-PomonaPitzer-Private-1,a7d04f50-fe24-11f0-915a-63f78c275567,82.10469,,,8.16431,,,,,,,9c723542-d6b6-4c4f-819a-2cccafe8acb4,2026-01-30,21:43:03.01,2026-01-30T13:43:03.0173184-08:00,2026-01-30T21:43:03.0173184Z,,v3,POM_PIT,POM_PIT,,"Lee, Sammy",1000276388,Right,POM_COL,17de2671-1364-4201-92b9-265022ad6129,55.79599,-124.76134,13.7818,5.80435,-6.6785,-10.37173,-1.80969,8.41581,-7.05067,,,,,,,,,,,,,,,,,,,,,,,,,,,,,,,,,,,,,,,,,,,,,,,,,,,High,High,High,,,,,
57,2026-01-30,13:43:22.67,1,2,"Oelschlager, Lincoln",10297980,Right,POM_COL,"Pierantoni, Greg",1000091552,Right,POM_COL,Undefined,2,Bottom,0,1,0,Fastball,Changeup,StrikeCalled,Undefined,Undefined,Undefined,0,0,,85.71625,-0.58394,-3.313949,2573.898176,249.79236,2:15,5.8318,1.80196,4.77645,-31.30265,8.84607,20.16938,2.66875,0.33778,77.5733,-6.3054,0.228299,0.456045,,,,,,,,,,,,-10.85497,4.94386,-1.48871,50,5.74652,6.22889,-123.99328,-2.47144,-16.73454,27.04675,-24.55238,POM_COL,POM_COL,PomonaPitzer,TeamExclusive,Team,20260130-PomonaPitzer-Private-1,b3e1e8d0-fe24-11f0-915a-63f78c275567,82.65076,,,8.14295,,,,,,,9c723542-d6b6-4c4f-819a-2cccafe8acb4,2026-01-30,21:43:22.67,2026-01-30T13:43:22.6750464-08:00,2026-01-30T21:43:22.6750464Z,,v3,POM_PIT,POM_PIT,,"Lee, Sammy",1000276388,Right,POM_COL,4678c28f-d7fb-4639-97c2-5940dc704965,55.72051,-125.23488,13.52337,5.8341,-1.34435,-12.27619,-1.79228,6.9971,-8.36727,,,,,,,,,,,,,,,,,,,,,,,,,,,,,,,,,,,,,,,,,,,,,,,,,,,High,High,High,,,,,
58,2026-01-30,13:43:40.10,1,3,"Oelschlager, Lincoln",10297980,Right,POM_COL,"Pierantoni, Greg",1000091552,Right,POM_COL,Undefined,2,Bottom,0,1,1,Slider,Curveball,BallCalled,Undefined,Undefined,Undefined,0,0,,72.78171,2.943711,-1.933171,2729.009729,49.661767,7:45,5.7163,1.99724,4.00027,-69.26535,-12.03607,-16.39784,2.77866,-1.22868,66.53289,-9.313403,-4.773115,0.544478,,,,,,,,,,,,7.17418,-5.96894,-1.75827,50,5.9739,4.2597,-105.24815,2.75394,7.97532,19.3515,-38.80951,POM_COL,POM_COL,PomonaPitzer,TeamExclusive,Team,20260130-PomonaPitzer-Private-1,bdeeffc0-fe24-11f0-915a-63f78c275567,69.22669,,,6.24882,,,,,,,9c723542-d6b6-4c4f-819a-2cccafe8acb4,2026-01-30,21:43:40.10,2026-01-30T13:43:40.1036288-08:00,2026-01-30T21:43:40.1036288Z,,v3,POM_PIT,POM_PIT,,"Lee, Sammy",1000276388,Right,POM_COL,c4a4033e-e634-417e-9eb2-d417a49ed524,56.50153,-106.43685,9.67575,5.73152,5.13787,-19.40476,-2.00488,3.76981,3.98766,,,,,,,,,,,,,,,,,,,,,,,,,,,,,,,,,,,,,,,,,,,,,,,,,,,High,High,High,,,,,
59,2026-01-30,13:44:02.14,1,4,"Oelschlager, Lincoln",10297980,Right,POM_COL,"Pierantoni, Greg",1000091552,Right,POM_COL,Undefined,2,Bottom,0,2,1,Fastball,Changeup,InPlay,Undefined,LineDrive,Double,0,0,,84.86805,-0.986105,-2.848849,2521.893102,243.473256,2:00,5.79687,1.85577,4.72938,-30.13954,10.653,18.57879,2.34841,0.69887,77.25443,-6.486862,0.41306,0.459686,99.80397,16.029758,-27.273862,1578.655425,95.53568,23.63077,-54.52404,266.11979,245.27115,-33.927351,2.533884,-9.99064,5.90374,-1.58598,50,5.67105,5.26884,-122.88903,-3.26064,-15.20139,25.48897,-23.19112,POM_COL,POM_COL,PomonaPitzer,TeamExclusive,Team,20260130-PomonaPitzer-Private-1,cb0b5280-fe24-11f0-915a-63f78c275567,81.99598,25.10179,,7.61361,,,,1.26478,2.31285,-0.55124,9c723542-d6b6-4c4f-819a-2cccafe8acb4,2026-01-30,21:44:02.14,2026-01-30T13:44:02.1461504-08:00,2026-01-30T21:44:02.1461504Z,LineDrive,v3,POM_PIT,POM_PIT,,"Lee, Sammy",1000276388,Right,POM_COL,f27cf774-314d-4034-ac53-1b1fce3e37e7,55.76962,-124.07996,12.74449,5.79809,-2.17707,-11.59556,-1.84875,5.9791,-7.6007,,1.26477,125.04698,-23.65131,5.30308,-1.23386,0.29411,-0.06441,0.01008,-0.00076,2.31291,40.41765,-20.05485,2.30887,-0.44104,0.01607,0.02905,-0.00957,0.001,-0.55127,-64.46788,3.83056,-0.8498,0.13523,0.00836,-0.01581,0.00469,-0.00048,,,,,,,,,,,,,,,,,,,,,,,High,High,High,High,Medium,,,
60,2026-01-30,13:44:47.14,2,1,"Oelschlager, Lincoln",10297980,Right,POM_COL,"DeGrazia, Tanner",1000214434,Right,POM_COL,Undefined,2,Bottom,0,0,0,Slider,Curveball,BallCalled,Undefined,Undefined,Undefined,0,0,,73.32431,3.897649,-1.215424,2697.379979,71.459606,8:30,5.70692,2.16515,4.05305,-58.93519,-2.70776,-13.58154,4.54626,-0.13432,66.67669,-6.613888,-3.566799,0.539691,,,,,,,,,,,,6.09465,-1.85177,-2.01231,50,6.08236,2.83327,-105.93497,4.99745,6.88902,18.99365,-34.26719,POM_COL,POM_COL,PomonaPitzer,TeamExclusive,Team,20260130-PomonaPitzer-Private-1,e5e73ce0-fe24-11f0-915a-63f78c275567,69.84072,,,6.64761,,,,,,,9c723542-d6b6-4c4f-819a-2cccafe8acb4,2026-01-30,21:44:47.14,2026-01-30T13:44:47.1484928-08:00,2026-01-30T21:44:47.1484928Z,,v3,POM_PIT,POM_PIT,,"Lee, Sammy",1000276388,Right,POM_COL,d7ff3773-eb0e-4e12-8208-29abd31b35ab,56.44559,-107.0844,9.49683,5.71719,7.07118,-17.1336,-2.17115,2.41637,3.44451,,,,,,,,,,,,,,,,,,,,,,,,,,,,,,,,,,,,,,,,,,,,,,,,,,,High,High,High,,,,,
61,2026-01-30,13:45:06.22,2,2,"Oelschlager, Lincoln",10297980,Right,POM_COL,"DeGrazia, Tanner",1000214434,Right,POM_COL,Undefined,2,Bottom,0,1,0,Slider,Curveball,BallCalled,Undefined,Undefined,Undefined,0,0,,72.39457,1.959757,-3.185345,2696.917752,74.751461,8:30,5.51972,2.16305,4.10682,-60.34913,-2.32599,-15.95103,2.37493,-2.22613,65.84288,-8.783503,-5.946239,0.548242,,,,,,,,,,,,6.56918,-1.08102,-1.78864,50,5.67464,6.49354,-104.52923,1.35432,7.1643,19.96952,-33.35301,POM_COL,POM_COL,PomonaPitzer,TeamExclusive,Team,20260130-PomonaPitzer-Private-1,f1447a80-fe24-11f0-915a-63f78c275567,68.75151,,,6.55169,,,,,,,9c723542-d6b6-4c4f-819a-2cccafe8acb4,2026-01-30,21:45:06.22,2026-01-30T13:45:06.2264320-08:00,2026-01-30T21:45:06.2264320Z,,v3,POM_PIT,POM_PIT,,"Lee, Sammy",1000276388,Right,POM_COL,84c90705-7f03-48c5-909b-f03b3bc3eadf,56.39055,-105.74305,9.98476,5.53071,3.38163,-16.67651,-2.17011,6.05807,3.58215,,,,,,,,,,,,,,,,,,,,,,,,,,,,,,,,,,,,,,,,,,,,,,,,,,,High,High,High,,,,,
62,2026-01-30,13:45:27.37,2,3,"Oelschlager, Lincoln",10297980,Right,POM_COL,"DeGrazia, Tanner",1000214434,Right,POM_COL,Undefined,2,Bottom,0,2,0,Fastball,Changeup,BallCalled,Undefined,Undefined,Undefined,0,0,,85.28331,0.511166,-2.282313,2522.574367,240.753113,2:00,5.76759,1.76876,4.69243,-28.96856,11.6493,18.26454,3.83925,1.1228,77.06857,-4.807781,0.921717,0.458701,,,,,,,,,,,,-9.53331,5.96288,-1.55416,50,5.79427,4.04512,-123.43051,0.00278,-14.57262,26.66573,-23.05918,POM_COL,POM_COL,PomonaPitzer,TeamExclusive,Team,20260130-PomonaPitzer-Private-1,fdd8b180-fe24-11f0-915a-63f78c275567,82.17211,,,8.21474,,,,,,,9c723542-d6b6-4c4f-819a-2cccafe8acb4,2026-01-30,21:45:27.37,2026-01-30T13:45:27.3712640-08:00,2026-01-30T21:45:27.3712640Z,,v3,POM_PIT,POM_PIT,,"Lee, Sammy",1000276388,Right,POM_COL,79d1d0dd-b44b-4a90-9652-d7721ab463bd,55.80291,-124.67786,13.33287,5.76891,1.08142,-11.52959,-1.75932,4.72679,-7.28631,,,,,,,,,,,,,,,,,,,,,,,,,,,,,,,,,,,,,,,,,,,,,,,,,,,High,High,High,,,,,
63,2026-01-30,13:46:19.99,2,4,"Oelschlager, Lincoln",10297980,Right,POM_COL,"DeGrazia, Tanner",1000214434,Right,POM_COL,Undefined,2,Bottom,0,3,0,Fastball,Changeup,BallCalled,Walk,Undefined,Undefined,0,0,,85.25456,0.645053,-2.470851,2443.814059,246.162161,2:15,5.81519,1.64741,4.76986,-31.11584,9.73847,18.58221,3.83435,0.85196,76.47438,-5.076736,0.793344,0.460034,,,,,,,,,,,,-9.82367,5.0163,-1.41686,50,5.85341,4.43292,-123.27288,0.20744,-14.85624,28.43961,-24.58796,POM_COL,POM_COL,PomonaPitzer,TeamExclusive,Team,20260130-PomonaPitzer-Private-1,1d34a5c0-fe25-11f0-915a-63f78c275567,81.93395,,,8.78018,,,,,,,9c723542-d6b6-4c4f-819a-2cccafe8acb4,2026-01-30,21:46:19.99,2026-01-30T13:46:19.9932928-08:00,2026-01-30T21:46:19.9932928Z,,v3,POM_PIT,POM_PIT,,"Lee, Sammy",1000276388,Right,POM_COL,ab3d153b-33e7-424a-b513-ec9acd5029cf,55.72454,-124.58656,14.21981,5.8176,1.34321,-12.29398,-1.63747,5.11916,-7.42812,,,,,,,,,,,,,,,,,,,,,,,,,,,,,,,,,,,,,,,,,,,,,,,,,,,High,High,High,,,,,
64,2026-01-30,13:46:52.41,3,1,"Oelschlager, Lincoln",10297980,Right,POM_COL,"Zerger, Justin",10051439,Right,POM_COL,Undefined,2,Bottom,0,0,0,Fastball,Changeup,FoulBallNotFieldable,Undefined,Undefined,Undefined,0,0,,85.80863,-0.67235,-2.420178,2488.521715,237.538389,2:00,5.76215,1.79977,4.66105,-30.32679,9.65847,13.06796,2.59561,0.58832,78.08574,-6.197738,-0.128344,0.455115,73.09926,-20.44035,-64.571501,,,,,9.72414,9.72414,-48.991926,0.07407,-7.16949,5.29174,-1.56553,50,5.6664,4.65297,-124.28236,-2.63639,-11.15315,26.16275,-23.94202,POM_COL,POM_COL,PomonaPitzer,TeamExclusive,Team,20260130-PomonaPitzer-Private-1,30862c70-fe25-11f0-915a-63f78c275567,82.81955,2.78335,,7.72289,,,,3.17395,2.78335,-0.59339,9c723542-d6b6-4c4f-819a-2cccafe8acb4,2026-01-30,21:46:52.41,2026-01-30T13:46:52.4104192-08:00,2026-01-30T21:46:52.4104192Z,GroundBall,v3,POM_PIT,POM_PIT,,"Lee, Sammy",1000276388,Right,POM_COL,8abce52e-9a87-45f1-953a-47cf11152b8b,55.8381,-125.50533,13.08137,5.76348,-1.51723,-11.97101,-1.79522,5.17431,-5.57657,,3.1721,43.29253,,,,,,,,2.78496,-37.5772,,,,,,,,-0.58948,-91.05694,,,,,,,,,,,,,,,,,,,,,,,,,,,,,,High,High,High,Estimated,Estimated,,,
65,2026-01-30,13:47:17.18,3,2,"Oelschlager, Lincoln",10297980,Right,POM_COL,"Zerger, Justin",10051439,Right,POM_COL,Undefined,2,Bottom,0,0,1,Fastball,Changeup,FoulBallNotFieldable,Undefined,Undefined,Undefined,0,0,,85.51484,-0.037783,-2.324814,2388.795714,250.22701,2:15,5.69132,1.84804,4.75568,-32.38521,7.8391,17.95379,2.95669,1.13834,77.5591,-5.946904,0.829906,0.456474,75.28174,-14.704441,-64.913009,,,,,14.08485,14.08485,-56.802333,0.109869,-9.57575,4.23622,-1.63158,50,5.65939,4.20704,-123.85905,-1.33108,-14.74739,26.72577,-25.64995,POM_COL,POM_COL,PomonaPitzer,TeamExclusive,Team,20260130-PomonaPitzer-Private-1,3f48b520-fe25-11f0-915a-63f78c275567,82.57306,3.09052,,7.95574,,,,2.71865,3.09052,-1.12033,9c723542-d6b6-4c4f-819a-2cccafe8acb4,2026-01-30,21:47:17.18,2026-01-30T13:47:17.1814400-08:00,2026-01-30T21:47:17.1814400Z,GroundBall,v3,POM_PIT,POM_PIT,,"Lee, Sammy",1000276388,Right,POM_COL,8acd8107-f318-4810-9ee8-24d7ccec3868,55.74331,-125.09218,13.36289,5.6935,-0.14759,-12.82498,-1.84139,4.88749,-7.37369,,2.71572,45.44719,,,,,,,,3.09233,-28.12921,,,,,,,,-1.11407,-97.07674,,,,,,,,,,,,,,,,,,,,,,,,,,,,,,High,High,High,Estimated,Estimated,,,
66,2026-01-30,13:47:49.04,3,3,"Oelschlager, Lincoln",10297980,Right,POM_COL,"Zerger, Justin",10051439,Right,POM_COL,Undefined,2,Bottom,0,0,2,Fastball,Changeup,BallCalled,Undefined,Undefined,Undefined,0,0,,87.45191,0.344983,-1.722101,2431.513357,240.259698,2:00,5.91029,1.66996,4.87248,-27.87013,10.24386,15.73111,3.91438,1.35082,79.5315,-4.769757,1.047966,0.444338,,,,,,,,,,,,-8.21036,5.32327,-1.51451,50,5.92112,3.06607,-126.75506,-0.30511,-13.31017,26.77055,-23.54425,POM_COL,POM_COL,PomonaPitzer,TeamExclusive,Team,20260130-PomonaPitzer-Private-1,5241bb90-fe25-11f0-915a-63f78c275567,84.82828,,,7.9204,,,,,,,9c723542-d6b6-4c4f-819a-2cccafe8acb4,2026-01-30,21:47:49.04,2026-01-30T13:47:49.0425344-08:00,2026-01-30T21:47:49.0425344Z,,v3,POM_PIT,POM_PIT,,"Lee, Sammy",1000276388,Right,POM_COL,c3d294a5-08b9-4d4b-bcd7-799dd32ef866,55.62471,-127.93748,13.38528,5.91163,0.73481,-11.77212,-1.66292,3.65396,-6.65509,,,,,,,,,,,,,,,,,,,,,,,,,,,,,,,,,,,,,,,,,,,,,,,,,,,High,High,High,,,,,
67,2026-01-30,13:48:07.37,3,4,"Oelschlager, Lincoln",10297980,Right,POM_COL,"Zerger, Justin",10051439,Right,POM_COL,Undefined,2,Bottom,0,1,2,Slider,Curveball,BallinDirt,Undefined,Undefined,Undefined,0,0,,74.64085,-1.801759,-7.310884,2579.928847,70.218241,8:15,5.72201,1.81674,4.25678,-56.43468,-1.18189,-8.83296,-0.7199,-5.95421,68.22303,-11.716457,-8.828678,0.534993,,,,,,,,,,,,1.84528,0.48508,-1.00513,50,5.46586,14.09542,-107.05667,-5.45027,2.09827,21.96686,-31.62248,POM_COL,POM_COL,PomonaPitzer,TeamExclusive,Team,20260130-PomonaPitzer-Private-1,5d3e62a0-fe25-11f0-915a-63f78c275567,70.45402,,,6.41783,,,,,,,9c723542-d6b6-4c4f-819a-2cccafe8acb4,2026-01-30,21:48:07.37,2026-01-30T13:48:07.3768960-08:00,2026-01-30T21:48:07.3768960Z,,v3,POM_PIT,POM_PIT,,"Lee, Sammy",1000276388,Right,POM_COL,e95f59d4-acb0-44bb-b396-aa0aa8a38397,56.24225,-108.32994,10.98343,5.72866,-3.61733,-15.81124,-1.81862,13.9738,1.04913,,,,,,,,,,,,,,,,,,,,,,,,,,,,,,,,,,,,,,,,,,,,,,,,,,,High,High,High,,,,,
68,2026-01-30,13:48:39.54,3,5,"Oelschlager, Lincoln",10297980,Right,POM_COL,"Zerger, Justin",10051439,Right,POM_COL,Undefined,2,Bottom,0,2,2,Fastball,Four-Seam,BallCalled,Undefined,Undefined,Undefined,0,0,,85.87908,0.066486,-1.624118,2451.113112,217.145581,1:15,5.74052,1.83226,4.69747,-23.02419,17.22422,11.92792,3.88498,1.28403,77.15903,-4.222821,0.468878,0.45661,,,,,,,,,,,,-6.29532,8.80642,-1.67875,50,5.72774,2.9469,-124.23039,-0.67391,-9.69431,28.28178,-18.61279,POM_COL,POM_COL,PomonaPitzer,TeamExclusive,Team,20260130-PomonaPitzer-Private-1,7062bed0-fe25-11f0-915a-63f78c275567,82.54834,,,8.72004,,,,,,,9c723542-d6b6-4c4f-819a-2cccafe8acb4,2026-01-30,21:48:39.54,2026-01-30T13:48:39.5401216-08:00,2026-01-30T21:48:39.5401216Z,,v3,POM_PIT,POM_PIT,,"Lee, Sammy",1000276388,Right,POM_COL,cf7b06e8-47b9-4f31-a704-dd58adbb3e69,55.79578,-125.5429,14.14089,5.73897,0.18988,-9.3064,-1.82595,3.3968,-4.84715,,,,,,,,,,,,,,,,,,,,,,,,,,,,,,,,,,,,,,,,,,,,,,,,,,,High,High,High,,,,,
69,2026-01-30,13:49:05.23,3,6,"Oelschlager, Lincoln",10297980,Right,POM_COL,"Zerger, Justin",10051439,Right,POM_COL,Undefined,2,Bottom,0,3,2,Fastball,Changeup,BallCalled,Walk,Undefined,Undefined,0,0,,87.35687,0.028706,-1.969028,2539.913104,245.107466,2:15,5.74127,1.75504,4.69478,-28.88037,9.33197,17.55182,3.36184,1.34761,79.984,-5.229854,1.111714,0.444911,,,,,,,,,,,,-9.10032,4.92268,-1.57185,50,5.71864,3.5169,-126.67968,-1.0822,-14.83415,25.12287,-24.14974,POM_COL,POM_COL,PomonaPitzer,TeamExclusive,Team,20260130-PomonaPitzer-Private-1,7fb1a900-fe25-11f0-915a-63f78c275567,84.71904,,,7.37287,,,,,,,9c723542-d6b6-4c4f-819a-2cccafe8acb4,2026-01-30,21:49:05.23,2026-01-30T13:49:05.2334080-08:00,2026-01-30T21:49:05.2334080Z,,v3,POM_PIT,POM_PIT,,"Lee, Sammy",1000276388,Right,POM_COL,2d319159-ea9b-48e3-9280-13f41ea7320f,55.80389,-127.82552,12.56143,5.74288,0.01925,-12.07487,-1.74768,4.19347,-7.41708,,,,,,,,,,,,,,,,,,,,,,,,,,,,,,,,,,,,,,,,,,,,,,,,,,,High,High,High,,,,,
70,2026-01-30,13:49:38.86,4,1,"Oelschlager, Lincoln",10297980,Right,POM_COL,"Parker, Will",1000474009,Left,POM_COL,Undefined,2,Bottom,0,0,0,ChangeUp,,StrikeCalled,Undefined,Undefined,Undefined,0,0,,81.43226,-0.869047,-2.323874,1446.115712,,,5.87956,2.2918,4.3876,,,,2.75833,1.3182,73.49159,-5.92312,0.28519,0.483948,,,,,,,,,,,,-7.90863,9.3076,-2.0592,50,5.76086,4.07908,-117.72197,-2.77891,-10.96753,24.80547,-19.26645,POM_COL,POM_COL,PomonaPitzer,TeamExclusive,Team,20260130-PomonaPitzer-Private-1,941b7d80-fe25-11f0-915a-63f78c275567,77.88526,,,7.94068,,,,,,,9c723542-d6b6-4c4f-819a-2cccafe8acb4,2026-01-30,21:49:38.86,2026-01-30T13:49:38.8609024-08:00,2026-01-30T21:49:38.8609024Z,,v3,POM_PIT,POM_PIT,,"Lee, Sammy",1000276388,Right,POM_COL,e63cac3c-d911-445c-9f3e-295f15a31553,56.10663,-119.00176,12.40273,5.87859,-1.7849,-9.63323,-2.28425,4.64493,-5.48377,,,,,,,,,,,,,,,,,,,,,,,,,,,,,,,,,,,,,,,,,,,,,,,,,,,Low,Low,Low,,,,,
71,2026-01-30,13:49:58.86,4,2,"Oelschlager, Lincoln",10297980,Right,POM_COL,"Parker, Will",1000474009,Left,POM_COL,Undefined,2,Bottom,0,0,1,Fastball,Changeup,InPlay,Undefined,LineDrive,Single,0,2,,86.91388,-1.597093,-2.466567,2450.025467,239.629327,2:00,5.81062,1.84939,4.81727,-28.1195,10.30819,15.55623,1.95271,0.80787,79.84833,-6.715098,0.270374,0.446163,81.5581,14.189936,-8.440052,2506.086231,107.29225,16.63583,-24.25552,205.37293,204.45301,-16.001942,2.171784,-8.343,5.85209,-1.61859,50,5.6279,4.71129,-125.99753,-4.60136,-13.46796,24.59599,-22.72713,POM_COL,POM_COL,PomonaPitzer,TeamExclusive,Team,20260130-PomonaPitzer-Private-1,9fabb200-fe25-11f0-915a-63f78c275567,84.48131,16.64509,,7.06555,,,,0.36007,1.84691,-0.80979,9c723542-d6b6-4c4f-819a-2cccafe8acb4,2026-01-30,21:49:58.86,2026-01-30T13:49:58.8647424-08:00,2026-01-30T21:49:58.8647424Z,LineDrive,v3,POM_PIT,POM_PIT,,"Lee, Sammy",1000276388,Right,POM_COL,57663f39-e116-4009-8ec7-9c25e7e7b900,55.68234,-127.10194,12.298,5.8116,-3.58087,-11.36356,-1.84371,5.31602,-6.73398,119.710672,0.36008,114.71167,-15.43761,2.82167,-0.44249,0.01631,0.01781,-0.0056,0.0006,1.84688,29.3261,-15.28907,1.02038,-0.47324,0.29675,-0.12143,0.02821,-0.00277,-0.80976,-17.02496,-6.02043,1.19065,0.07782,-0.24923,0.12482,-0.03033,0.00302,,,,,,,,,,,,,,,,,,,,,,,High,High,High,High,High,,,
72,2026-01-30,13:50:41.90,5,1,"Oelschlager, Lincoln",10297980,Right,POM_COL,"Savas, Peter",1000276389,Right,POM_COL,Undefined,2,Bottom,0,0,0,Fastball,Changeup,BallCalled,Undefined,Undefined,Undefined,0,0,,84.17543,-1.608466,-5.041705,2383.783478,252.413315,2:30,5.78613,1.70423,4.52569,-34.51281,7.23315,18.55446,1.37193,-1.56333,77.14863,-7.823121,-1.807211,0.465028,,,,,,,,,,,,-10.39697,4.35906,-1.19533,50,5.58509,9.86575,-121.59217,-4.79503,-15.60221,23.31238,-25.63265,POM_COL,POM_COL,PomonaPitzer,TeamExclusive,Team,20260130-PomonaPitzer-Private-1,b95b0340-fe25-11f0-915a-63f78c275567,81.05421,,,7.0268,,,,,,,9c723542-d6b6-4c4f-819a-2cccafe8acb4,2026-01-30,21:50:41.90,2026-01-30T13:50:41.9097088-08:00,2026-01-30T21:50:41.9097088Z,,v3,POM_PIT,POM_PIT,,"Lee, Sammy",1000276388,Right,POM_COL,758516bb-bfa9-4119-b76d-c5e8add469ca,55.97364,-122.73213,11.65619,5.78891,-3.54161,-12.81632,-1.69642,10.62869,-7.80111,,,,,,,,,,,,,,,,,,,,,,,,,,,,,,,,,,,,,,,,,,,,,,,,,,,High,High,High,,,,,
73,2026-01-30,13:51:03.35,5,2,"Oelschlager, Lincoln",10297980,Right,POM_COL,"Savas, Peter",1000276389,Right,POM_COL,Undefined,2,Bottom,0,1,0,Fastball,Changeup,InPlay,Undefined,Bunt,Sacrifice,1,0,,84.52284,0.232865,-3.287631,2289.434404,227.437648,1:30,5.7873,1.61939,4.71286,-26.06474,14.81131,14.72906,3.8366,-0.27677,77.25091,-4.550699,-0.706848,0.460157,26.9673,-52.215735,28.527314,,,,,6.96119,6.96103,14.445573,0.124215,-8.19,7.5789,-1.30082,50,5.78826,6.37515,-122.45236,-0.46123,-12.46729,23.59828,-20.63702,POM_COL,POM_COL,PomonaPitzer,TeamExclusive,Team,20260130-PomonaPitzer-Private-1,c61cb2e0-fe25-11f0-915a-63f78c275567,81.91213,4.03581,,7.27193,,,,3.99209,4.03581,0.24224,9c723542-d6b6-4c4f-819a-2cccafe8acb4,2026-01-30,21:51:03.35,2026-01-30T13:51:03.3550848-08:00,2026-01-30T21:51:03.3550848Z,GroundBall,v3,POM_PIT,POM_PIT,,"Lee, Sammy",1000276388,Right,POM_COL,5dffe3c6-b84e-4af2-a088-3410fa29512d,55.7871,-123.56258,11.79914,5.78713,0.50967,-10.31851,-1.61455,6.9617,-6.23364,,3.9753,22.13118,,,,,,,,4.06047,-32.49245,,,,,,,,0.23311,12.02991,,,,,,,,,,,,,,,,,,,,,,,,,,,,,,High,High,High,Estimated,Estimated,,,
74,2026-01-30,13:51:41.47,6,1,"Oelschlager, Lincoln",10297980,Right,POM_COL,"Green, Mason",10147543,Right,POM_COL,Undefined,2,Bottom,1,0,0,Slider,Curveball,StrikeCalled,Undefined,Undefined,Undefined,0,0,,73.49253,2.9391,-0.712751,2589.079233,41.788451,7:30,5.57912,1.86731,4.10426,-63.58444,-8.0189,-8.75965,3.10371,0.45329,67.27065,-8.361274,-2.23446,0.536506,,,,,,,,,,,,3.96894,-4.09236,-1.77759,50,5.83901,1.69919,-106.376,3.03845,4.5352,18.71945,-36.85028,POM_COL,POM_COL,PomonaPitzer,TeamExclusive,Team,20260130-PomonaPitzer-Private-1,dcdbc200-fe25-11f0-915a-63f78c275567,70.25546,,,6.22188,,,,,,,9c723542-d6b6-4c4f-819a-2cccafe8acb4,2026-01-30,21:51:41.47,2026-01-30T13:51:41.4771712-08:00,2026-01-30T21:51:41.4771712Z,,v3,POM_PIT,POM_PIT,,"Lee, Sammy",1000276388,Right,POM_COL,06f0376d-3eeb-42fd-bdc4-27709fdd40ea,56.39616,-107.49567,9.35972,5.59135,5.24259,-18.42514,-1.87111,1.42792,2.2676,,,,,,,,,,,,,,,,,,,,,,,,,,,,,,,,,,,,,,,,,,,,,,,,,,,High,High,High,,,,,
75,2026-01-30,13:52:00.70,6,2,"Oelschlager, Lincoln",10297980,Right,POM_COL,"Green, Mason",10147543,Right,POM_COL,Undefined,2,Bottom,1,0,1,Slider,Curveball,FoulBallNotFieldable,Undefined,Undefined,Undefined,0,0,,72.28018,2.055345,-0.329643,2671.819153,39.849875,7:15,5.54032,2.10701,3.97233,-66.06956,-8.72497,-8.73623,2.01261,1.06188,66.74625,-9.618166,-1.84599,0.545027,,,,,,,,,,,,4.12673,-4.36051,-2.05884,50,5.69986,0.96196,-104.77295,1.28268,4.59584,17.38827,-37.03023,POM_COL,POM_COL,PomonaPitzer,TeamExclusive,Team,20260130-PomonaPitzer-Private-1,e857f950-fe25-11f0-915a-63f78c275567,69.15707,,,5.53392,,,,,,,9c723542-d6b6-4c4f-819a-2cccafe8acb4,2026-01-30,21:52:00.70,2026-01-30T13:52:00.7027200-08:00,2026-01-30T21:52:00.7027200Z,,v3,POM_PIT,POM_PIT,,"Lee, Sammy",1000276388,Right,POM_COL,92a2e695-7da0-4c11-9b16-5de914aa845e,56.53071,-105.85124,8.69414,5.54912,3.57904,-18.51511,-2.10966,0.67696,2.29792,,,,,,,,,,,,,,,,,,,,,,,,,,,,,,,,,,,,,,,,,,,,,,,,,,,High,High,High,,,,,
76,2026-01-30,13:52:24.00,6,3,"Oelschlager, Lincoln",10297980,Right,POM_COL,"Green, Mason",10147543,Right,POM_COL,Undefined,2,Bottom,1,0,2,Fastball,Changeup,BallCalled,Undefined,Undefined,Undefined,0,0,,86.47688,1.734743,-2.318055,2451.220105,230.990848,1:45,5.99715,1.55565,4.69144,-27.2597,12.81013,13.89328,5.37438,0.51138,76.9692,-3.318662,0.117244,0.455596,,,,,,,,,,,,-7.49587,6.09981,-1.33332,50,6.15003,4.37185,-124.87041,2.76309,-11.57308,30.33897,-22.7564,POM_COL,POM_COL,PomonaPitzer,TeamExclusive,Team,20260130-PomonaPitzer-Private-1,f62acad0-fe25-11f0-915a-63f78c275567,82.73211,,,9.50767,,,,,,,9c723542-d6b6-4c4f-819a-2cccafe8acb4,2026-01-30,21:52:24.00,2026-01-30T13:52:24.0091136-08:00,2026-01-30T21:52:24.0091136Z,,v3,POM_PIT,POM_PIT,,"Lee, Sammy",1000276388,Right,POM_COL,d98258b8-dcaf-42b7-9e19-17cc9f15f118,55.80054,-126.27186,15.16949,5.99811,3.81428,-11.3782,-1.54761,4.90645,-5.78654,,,,,,,,,,,,,,,,,,,,,,,,,,,,,,,,,,,,,,,,,,,,,,,,,,,High,High,High,,,,,
77,2026-01-30,13:52:48.13,6,4,"Oelschlager, Lincoln",10297980,Right,POM_COL,"Green, Mason",10147543,Right,POM_COL,Undefined,2,Bottom,1,1,2,Slider,Curveball,StrikeSwinging,Strikeout,Undefined,Undefined,0,0,,75.30649,2.501652,-0.648993,2618.787735,63.842922,8:15,5.6011,1.90445,4.16493,-56.43893,-3.28815,-10.41103,3.29768,0.4147,68.37851,-7.587222,-2.459139,0.524718,,,,,,,,,,,,4.76351,-1.75114,-1.82086,50,5.81864,1.69165,-108.91773,2.59151,5.66711,20.8494,-34.25737,POM_COL,POM_COL,PomonaPitzer,TeamExclusive,Team,20260130-PomonaPitzer-Private-1,04932590-fe26-11f0-915a-63f78c275567,71.83366,,,6.92798,,,,,,,9c723542-d6b6-4c4f-819a-2cccafe8acb4,2026-01-30,21:52:48.13,2026-01-30T13:52:48.1310208-08:00,2026-01-30T21:52:48.1310208Z,,v3,POM_PIT,POM_PIT,,"Lee, Sammy",1000276388,Right,POM_COL,c9fde9d4-3c03-4cf0-ae8e-09266438da5f,56.33269,-110.12328,10.4247,5.61153,4.57233,-17.12868,-1.9092,1.36396,2.83355,,,,,,,,,,,,,,,,,,,,,,,,,,,,,,,,,,,,,,,,,,,,,,,,,,,High,High,High,,,,,
78,2026-01-30,13:53:19.30,7,1,"Oelschlager, Lincoln",10297980,Right,POM_COL,"Ruyle, Brody",10183257,Right,POM_COL,Undefined,2,Bottom,2,0,0,Fastball,Changeup,BallCalled,Undefined,Undefined,Undefined,0,0,,82.61631,0.962317,-1.427833,2205.05273,235.096216,1:45,5.62032,2.19487,4.65928,-32.44982,10.79882,13.34961,3.83073,1.95063,74.81427,-4.974759,0.913496,0.473323,,,,,,,,,,,,-6.89508,5.43406,-2.06183,50,5.68986,2.36413,-119.61715,0.79623,-9.9138,24.71652,-24.36093,POM_COL,POM_COL,PomonaPitzer,TeamExclusive,Team,20260130-PomonaPitzer-Private-1,17226db0-fe26-11f0-915a-63f78c275567,79.63362,,,7.80203,,,,,,,9c723542-d6b6-4c4f-819a-2cccafe8acb4,2026-01-30,21:53:19.30,2026-01-30T13:53:19.3028096-08:00,2026-01-30T21:53:19.3028096Z,,v3,POM_PIT,POM_PIT,,"Lee, Sammy",1000276388,Right,POM_COL,058ad74a-b03d-4c65-9acb-eb5bc5ffb730,55.83586,-120.81699,12.35826,5.6225,1.97882,-12.18046,-2.18828,2.84538,-4.9569,,,,,,,,,,,,,,,,,,,,,,,,,,,,,,,,,,,,,,,,,,,,,,,,,,,High,High,High,,,,,
79,2026-01-30,13:53:41.39,7,2,"Oelschlager, Lincoln",10297980,Right,POM_COL,"Ruyle, Brody",10183257,Right,POM_COL,Undefined,2,Bottom,2,1,0,Fastball,Changeup,StrikeCalled,Undefined,Undefined,Undefined,0,0,,84.04399,-0.476821,-4.042219,2317.824228,242.097948,2:00,5.63734,1.79796,4.93929,-31.98171,9.52032,15.24087,2.52042,-0.75865,76.18688,-6.334952,-1.362014,0.463667,,,,,,,,,,,,-8.69827,5.27733,-1.41772,50,5.56494,7.89595,-121.51609,-2.19306,-12.90481,25.53944,-24.34459,POM_COL,POM_COL,PomonaPitzer,TeamExclusive,Team,20260130-PomonaPitzer-Private-1,24599b70-fe26-11f0-915a-63f78c275567,81.29206,,,7.85712,,,,,,,9c723542-d6b6-4c4f-819a-2cccafe8acb4,2026-01-30,21:53:41.39,2026-01-30T13:53:41.3956608-08:00,2026-01-30T21:53:41.3956608Z,,v3,POM_PIT,POM_PIT,,"Lee, Sammy",1000276388,Right,POM_COL,163ed230-895d-4a40-ac05-e67442c1cc19,55.55718,-122.6785,12.76972,5.63954,-1.08504,-12.1723,-1.79047,8.48331,-6.45241,,,,,,,,,,,,,,,,,,,,,,,,,,,,,,,,,,,,,,,,,,,,,,,,,,,High,High,High,,,,,
80,2026-01-30,13:54:01.87,7,3,"Oelschlager, Lincoln",10297980,Right,POM_COL,"Ruyle, Brody",10183257,Right,POM_COL,Undefined,2,Bottom,2,1,1,Slider,Curveball,BallCalled,Undefined,Undefined,Undefined,0,0,,74.35043,0.254713,-1.329655,2604.384992,28.77749,7:00,5.53933,2.08953,4.01407,-64.78326,-9.90682,-6.48217,0.38564,0.27098,68.04868,-11.188184,-2.457401,0.533168,,,,,,,,,,,,2.69036,-4.31981,-1.93113,50,5.49609,2.7756,-107.61064,-2.02362,3.11328,20.96529,-37.17288,POM_COL,POM_COL,PomonaPitzer,TeamExclusive,Team,20260130-PomonaPitzer-Private-1,308dff30-fe26-11f0-915a-63f78c275567,70.69518,,,6.30175,,,,,,,9c723542-d6b6-4c4f-819a-2cccafe8acb4,2026-01-30,21:54:01.87,2026-01-30T13:54:01.8782208-08:00,2026-01-30T21:54:01.8782208Z,,v3,POM_PIT,POM_PIT,,"Lee, Sammy",1000276388,Right,POM_COL,1d42d26a-fbae-4e95-acdc-ef316bcacba0,56.48648,-108.86703,10.48264,5.55061,0.20406,-18.58644,-2.09187,2.58903,1.55664,,,,,,,,,,,,,,,,,,,,,,,,,,,,,,,,,,,,,,,,,,,,,,,,,,,High,High,High,,,,,
81,2026-01-30,13:54:29.57,7,4,"Oelschlager, Lincoln",10297980,Right,POM_COL,"Ruyle, Brody",10183257,Right,POM_COL,Undefined,2,Bottom,2,2,1,Fastball,Changeup,BallCalled,Undefined,Undefined,Undefined,0,0,,83.38695,1.645526,-2.361752,2396.83055,227.943811,1:30,5.6868,1.91522,4.55854,-28.06734,14.69611,14.63068,4.91575,0.88537,75.16233,-3.523516,0.196433,0.470661,,,,,,,,,,,,-7.76973,7.07441,-1.68435,50,5.83255,4.2804,-120.57848,2.43382,-11.33263,25.48001,-21.85562,POM_COL,POM_COL,PomonaPitzer,TeamExclusive,Team,20260130-PomonaPitzer-Private-1,4104a080-fe26-11f0-915a-63f78c275567,80.08413,,,8.22462,,,,,,,9c723542-d6b6-4c4f-819a-2cccafe8acb4,2026-01-30,21:54:29.57,2026-01-30T13:54:29.5749120-08:00,2026-01-30T21:54:29.5749120Z,,v3,POM_PIT,POM_PIT,,"Lee, Sammy",1000276388,Right,POM_COL,8c7bb704-61e5-4d99-bd1a-7522ee967738,55.93584,-121.82635,12.74,5.68715,3.50419,-10.92781,-1.90757,4.83541,-5.66631,,,,,,,,,,,,,,,,,,,,,,,,,,,,,,,,,,,,,,,,,,,,,,,,,,,High,High,High,,,,,
82,2026-01-30,13:54:52.04,7,5,"Oelschlager, Lincoln",10297980,Right,POM_COL,"Ruyle, Brody",10183257,Right,POM_COL,Undefined,2,Bottom,2,3,1,Fastball,,InPlay,Undefined,Popup,Out,1,0,,83.69965,-1.073114,-3.729931,2357.634916,,,5.87133,2.03924,4.82346,,,,2.38728,0.35974,76.50557,-6.479753,0.187414,0.464486,,,,,,,,,,,,-12.07804,6.6254,-1.68935,50,5.73961,6.91394,-121.1931,-3.36192,-17.9658,23.65663,-22.31892,POM_COL,POM_COL,PomonaPitzer,TeamExclusive,Team,20260130-PomonaPitzer-Private-1,4eab31e0-fe26-11f0-915a-63f78c275567,81.14864,,,7.19408,,,,,,,9c723542-d6b6-4c4f-819a-2cccafe8acb4,2026-01-30,21:54:52.04,2026-01-30T13:54:52.0443392-08:00,2026-01-30T21:54:52.0443392Z,,v3,POM_PIT,POM_PIT,,"Lee, Sammy",1000276388,Right,POM_COL,db49013b-347e-4d0c-8ba1-cb8e49a6faf8,55.67682,-122.29619,11.82831,5.87211,-2.32121,-11.15946,-2.03127,7.75167,-8.9829,,,,,,,,,,,,,,,,,,,,,,,,,,,,,,,,,,,,,,,,,,,,,,,,,,,Low,Low,Low,,,,,
83,2026-01-30,13:57:31.44,1,1,"Brunngraber, Max",1000276385,Right,POM_COL,"Hu, Landon",1000261921,Left,POM_COL,Undefined,3,Top,0,0,0,Fastball,Changeup,FoulBallNotFieldable,Undefined,Undefined,Undefined,0,0,,83.17719,0.285391,-2.497366,2054.906921,246.517366,2:15,4.95578,2.39705,5.66352,-35.06089,5.71099,10.17489,2.30042,0.91478,76.11128,-6.181707,-0.679865,0.45957,,,,,,,,,,,,-5.8689,3.20433,-2.19241,50,4.95778,4.85355,-120.71332,-0.57766,-8.65415,23.64002,-27.44899,POM_COL,POM_COL,PomonaPitzer,TeamExclusive,Team,20260130-PomonaPitzer-Private-1,ad75b470-fe26-11f0-915a-63f78c275567,82.01675,,,7.06591,,,,,,,9c723542-d6b6-4c4f-819a-2cccafe8acb4,2026-01-30,21:57:31.44,2026-01-30T13:57:31.4456576-08:00,2026-01-30T21:57:31.4456576Z,,v3,POM_PIT,POM_PIT,,"Parker, Will",1000474009,Right,POM_COL,bce9340a-8549-4e78-a115-b4101460bfe0,54.83531,-121.65656,11.82001,4.95897,0.51756,-13.72449,-2.39296,5.19886,-4.32708,,,,,,,,,,,,,,,,,,,,,,,,,,,,,,,,,,,,,,,,,,,,,,,,,,,High,High,High,,,,,
84,2026-01-30,13:57:55.63,1,2,"Brunngraber, Max",1000276385,Right,POM_COL,"Hu, Landon",1000261921,Left,POM_COL,Undefined,3,Top,0,0,1,Cutter,Slider,BallCalled,Undefined,Undefined,Undefined,0,0,,76.83316,1.901097,-1.577209,2239.012959,165.911711,11:30,4.851,2.40727,5.07109,-36.81156,11.42528,-2.53831,3.57707,0.70837,71.09676,-4.817832,-2.025299,0.499874,,,,,,,,,,,,0.88236,5.64957,-2.25554,50,5.00253,3.1731,-111.5294,2.47374,1.12774,17.29317,-24.95339,POM_COL,POM_COL,PomonaPitzer,TeamExclusive,Team,20260130-PomonaPitzer-Private-1,bc36b680-fe26-11f0-915a-63f78c275567,75.40381,,,5.73639,,,,,,,9c723542-d6b6-4c4f-819a-2cccafe8acb4,2026-01-30,21:57:55.63,2026-01-30T13:57:55.6334080-08:00,2026-01-30T21:57:55.6334080Z,,v3,POM_PIT,POM_PIT,,"Parker, Will",1000474009,Right,POM_COL,b8a7ca4f-0be1-4106-ba92-3adfb427f9e8,55.42657,-112.36767,8.64658,4.8533,3.68332,-12.4767,-2.40803,3.11844,0.56387,,,,,,,,,,,,,,,,,,,,,,,,,,,,,,,,,,,,,,,,,,,,,,,,,,,High,High,High,,,,,
85,2026-01-30,13:58:10.91,1,3,"Brunngraber, Max",1000276385,Right,POM_COL,"Hu, Landon",1000261921,Left,POM_COL,Undefined,3,Top,0,1,1,Fastball,Changeup,InPlay,Undefined,FlyBall,Error,0,0,,84.57223,0.917243,-3.533905,2223.134385,246.624228,2:15,5.09106,2.31252,5.36242,-33.04329,7.23323,13.5389,3.19929,0.12274,76.59859,-5.178247,-1.133623,0.45677,86.41452,46.063964,-30.926848,,90.28576,93.28294,-62.83644,308.87555,115.88178,-40.220474,5.392442,-7.87339,3.74366,-2.00494,50,5.15027,6.98244,-122.45225,0.79942,-11.8551,26.05879,-26.53712,POM_COL,POM_COL,PomonaPitzer,TeamExclusive,Team,20260130-PomonaPitzer-Private-1,c4f70220-fe26-11f0-915a-63f78c275567,82.51958,109.89813,,7.97365,,,,1.12757,3.11669,-0.12075,9c723542-d6b6-4c4f-819a-2cccafe8acb4,2026-01-30,21:58:10.91,2026-01-30T13:58:10.9127680-08:00,2026-01-30T21:58:10.9127680Z,FlyBall,v3,POM_PIT,POM_PIT,,"Parker, Will",1000474009,Right,POM_COL,0d405f77-deb7-4da2-976d-76f404062dd1,55.13566,-123.54032,13.0294,5.09376,1.90747,-13.26856,-2.30682,7.47745,-5.92755,148.636771,1.13646,75.26572,-13.85569,2.47615,0.02438,-0.16896,0.04541,-0.0051,0.00021,3.11486,91.28798,-23.67376,2.47774,-0.33282,-0.03517,0.02704,-0.00453,0.00025,-0.12056,-45.19721,2.59866,-0.2802,-0.02415,0.02486,-0.00651,0.00083,-4E-05,,,,,,,,,,,,,,,,,,,,,,,High,High,High,High,Low,,,
86,2026-01-30,13:58:49.68,2,1,"Brunngraber, Max",1000276385,Right,POM_COL,"Dillehay, Drew",1000091533,Right,POM_COL,Undefined,3,Top,0,0,0,Fastball,Changeup,BallCalled,Undefined,Undefined,Undefined,0,0,,84.38605,-1.43974,-4.854897,2088.180311,239.330972,2:00,5.23419,2.08427,5.68964,-29.19454,10.61217,15.6971,1.45435,-1.14332,77.13648,-6.845761,-2.059992,0.454098,,,,,,,,,,,,-9.31902,6.18792,-1.68508,50,5.09452,9.72575,-122.10885,-4.03886,-14.06241,24.17045,-22.8365,POM_COL,POM_COL,PomonaPitzer,TeamExclusive,Team,20260130-PomonaPitzer-Private-1,dc0e9180-fe26-11f0-915a-63f78c275567,83.0051,,,7.24957,,,,,,,9c723542-d6b6-4c4f-819a-2cccafe8acb4,2026-01-30,21:58:49.68,2026-01-30T13:58:49.6813056-08:00,2026-01-30T21:58:49.6813056Z,,v3,POM_PIT,POM_PIT,,"Parker, Will",1000474009,Right,POM_COL,4cda2abb-9e1e-4076-8b9a-73f14088ac8d,54.80891,-123.05705,12.08522,5.2354,-3.14299,-11.41825,-2.07744,10.27741,-7.03121,,,,,,,,,,,,,,,,,,,,,,,,,,,,,,,,,,,,,,,,,,,,,,,,,,,High,High,High,,,,,
87,2026-01-30,13:59:10.04,2,2,"Brunngraber, Max",1000276385,Right,POM_COL,"Dillehay, Drew",1000091533,Right,POM_COL,Undefined,3,Top,0,1,0,Fastball,Changeup,FoulBallNotFieldable,Undefined,Undefined,Undefined,0,0,,82.94608,1.207021,-3.874072,2097.253441,243.518128,2:00,5.02501,2.2409,5.30646,-33.70994,7.8639,13.18383,3.35164,-0.30259,75.84,-4.982974,-1.541242,0.464068,,,,,,,,,,,,-7.66591,3.98965,-1.89881,50,5.1104,7.5844,-120.1636,1.35996,-11.23695,22.7315,-26.32587,POM_COL,POM_COL,PomonaPitzer,TeamExclusive,Team,20260130-PomonaPitzer-Private-1,e8347650-fe26-11f0-915a-63f78c275567,81.22184,,,7.10608,,,,,,,9c723542-d6b6-4c4f-819a-2cccafe8acb4,2026-01-30,21:59:10.04,2026-01-30T13:59:10.0441600-08:00,2026-01-30T21:59:10.0441600Z,,v3,POM_PIT,POM_PIT,,"Parker, Will",1000474009,Right,POM_COL,3de688a2-aa0b-4ff6-9034-bdd563ac4aeb,55.19276,-121.14194,11.36575,5.02748,2.493,-13.16293,-2.23564,8.06803,-5.61848,,,,,,,,,,,,,,,,,,,,,,,,,,,,,,,,,,,,,,,,,,,,,,,,,,,High,High,High,,,,,
88,2026-01-30,13:59:32.69,2,3,"Brunngraber, Max",1000276385,Right,POM_COL,"Dillehay, Drew",1000091533,Right,POM_COL,Undefined,3,Top,0,1,1,Cutter,Slider,StrikeCalled,Undefined,Undefined,Undefined,0,0,,75.81946,0.506906,-2.355924,2292.293154,152.577898,11:00,4.94872,2.18166,5.03252,-39.97833,10.46871,-4.57784,2.09586,-0.42385,69.2994,-6.797519,-3.163361,0.511198,,,,,,,,,,,,1.57973,5.55737,-1.95265,50,4.96567,4.70404,-109.84413,-0.35305,1.92419,20.01275,-25.40492,POM_COL,POM_COL,PomonaPitzer,TeamExclusive,Team,20260130-PomonaPitzer-Private-1,f5b86480-fe26-11f0-915a-63f78c275567,73.73353,,,6.52006,,,,,,,9c723542-d6b6-4c4f-819a-2cccafe8acb4,2026-01-30,21:59:32.69,2026-01-30T13:59:32.6999040-08:00,2026-01-30T21:59:32.6999040Z,,v3,POM_PIT,POM_PIT,,"Parker, Will",1000474009,Right,POM_COL,2626de65-83b7-4205-bcd8-7b39eeab92e3,55.46301,-110.83498,10.00637,4.95201,0.90477,-12.70246,-2.1832,4.60877,0.96209,,,,,,,,,,,,,,,,,,,,,,,,,,,,,,,,,,,,,,,,,,,,,,,,,,,High,High,High,,,,,
89,2026-01-30,13:59:50.12,2,4,"Brunngraber, Max",1000276385,Right,POM_COL,"Dillehay, Drew",1000091533,Right,POM_COL,Undefined,3,Top,0,1,2,Slider,Curveball,FoulBallNotFieldable,Undefined,Undefined,Undefined,0,0,,71.0636,1.804665,-2.250676,2228.589303,97.872888,9:15,4.74956,2.17405,5.23543,-53.83849,3.55878,-11.63123,1.96116,-0.9118,64.74863,-8.021312,-4.309463,0.545277,,,,,,,,,,,,5.14827,1.72925,-1.95768,50,4.87568,4.4645,-102.93324,1.58873,5.45913,18.94345,-30.34038,POM_COL,POM_COL,PomonaPitzer,TeamExclusive,Team,20260130-PomonaPitzer-Private-1,00226880-fe27-11f0-915a-63f78c275567,69.12533,,,6.31497,,,,,,,9c723542-d6b6-4c4f-819a-2cccafe8acb4,2026-01-30,21:59:50.12,2026-01-30T13:59:50.1202944-08:00,2026-01-30T21:59:50.1202944Z,,v3,POM_PIT,POM_PIT,,"Parker, Will",1000474009,Right,POM_COL,81641af1-e3b1-4b5e-b6b5-baf905d50fea,55.2633,-103.89736,9.47172,4.75553,3.13289,-15.17019,-2.17783,4.18666,2.72956,,,,,,,,,,,,,,,,,,,,,,,,,,,,,,,,,,,,,,,,,,,,,,,,,,,High,High,High,,,,,
90,2026-01-30,14:00:12.57,2,5,"Brunngraber, Max",1000276385,Right,POM_COL,"Dillehay, Drew",1000091533,Right,POM_COL,Undefined,3,Top,0,1,2,Slider,Curveball,InPlay,Undefined,LineDrive,Single,0,0,,71.53789,1.506385,-2.862435,2202.347826,124.468165,10:15,4.67285,2.31807,5.58731,-46.80762,9.34186,-10.7304,2.18096,-1.25128,64.85807,-7.141599,-4.77137,0.539317,66.71775,20.437175,-27.929283,1437.017413,95.52819,16.94035,-54.53743,166.55985,166.55985,-31.439234,2.114756,4.53555,4.78209,-2.06479,50,4.77213,5.55395,-103.57962,1.38263,4.84966,19.84761,-27.06077,POM_COL,POM_COL,PomonaPitzer,TeamExclusive,Team,20260130-PomonaPitzer-Private-1,0d864b90-fe27-11f0-915a-63f78c275567,69.88919,18.58537,,6.67982,,,,2.47443,2.32731,1.18242,9c723542-d6b6-4c4f-819a-2cccafe8acb4,2026-01-30,22:00:12.57,2026-01-30T14:00:12.5782016-08:00,2026-01-30T22:00:12.5782016Z,LineDrive,v3,POM_PIT,POM_PIT,,"Parker, Will",1000474009,Right,POM_COL,4ac3b011-1522-45db-93e7-332725f1e384,54.90988,-104.5162,9.9238,4.67676,2.65959,-13.53039,-2.32148,5.3251,2.42483,98.875775,2.4744,81.01634,-9.76416,2.15549,-0.81293,0.50378,-0.3029,0.09834,-0.01241,2.32734,34.16628,-19.30098,1.53167,-0.05783,-0.18089,0.13433,-0.04145,0.0047,1.18243,-42.94813,-0.35026,0.8989,-0.26492,-0.01376,0.04562,-0.01763,0.00241,,,,,,,,,,,,,,,,,,,,,,,High,High,High,High,High,,,
91,2026-01-30,14:00:48.15,3,1,"Brunngraber, Max",1000276385,Right,POM_COL,"Cassidy, Caleb",10304248,Right,POM_COL,Undefined,3,Top,0,0,0,Fastball,Changeup,StrikeSwinging,Undefined,Undefined,Undefined,0,0,,82.56976,0.228355,-3.115534,2151.899885,212.935615,1:00,5.10389,2.21754,5.50337,-29.60533,11.77997,6.83681,2.85067,-0.12944,75.96072,-5.238732,-1.899911,0.463014,,,,,,,,,,,,-4.23981,6.26851,-1.9499,50,5.10401,6.2394,-119.79653,-0.50093,-6.20765,21.51248,-22.99606,POM_COL,POM_COL,PomonaPitzer,TeamExclusive,Team,20260130-PomonaPitzer-Private-1,22b45a70-fe27-11f0-915a-63f78c275567,81.40664,,,6.60904,,,,,,,9c723542-d6b6-4c4f-819a-2cccafe8acb4,2026-01-30,22:00:48.15,2026-01-30T14:00:48.1591296-08:00,2026-01-30T22:00:48.1591296Z,,v3,POM_PIT,POM_PIT,,"Parker, Will",1000474009,Right,POM_COL,7c2c974e-5315-4d45-a30f-c7029af2949d,54.99459,-120.69011,10.75624,5.10497,0.45427,-11.49803,-2.21443,6.49725,-3.10383,,,,,,,,,,,,,,,,,,,,,,,,,,,,,,,,,,,,,,,,,,,,,,,,,,,High,High,High,,,,,
92,2026-01-30,14:01:05.88,3,2,"Brunngraber, Max",1000276385,Right,POM_COL,"Cassidy, Caleb",10304248,Right,POM_COL,Undefined,3,Top,0,0,1,Fastball,Changeup,StrikeSwinging,Undefined,Undefined,Undefined,0,0,,83.93893,0.475557,-3.787887,2161.983044,220.52208,1:15,5.21834,2.03737,5.76282,-27.51706,12.59914,9.6404,3.36885,-0.68992,76.34604,-4.665716,-2.067568,0.45586,,,,,,,,,,,,-5.95516,6.67555,-1.72901,50,5.24126,7.65059,-121.59874,0.14235,-8.88781,24.55825,-22.21106,POM_COL,POM_COL,PomonaPitzer,TeamExclusive,Team,20260130-PomonaPitzer-Private-1,2d3fa210-fe27-11f0-915a-63f78c275567,82.68427,,,7.59289,,,,,,,9c723542-d6b6-4c4f-819a-2cccafe8acb4,2026-01-30,22:01:05.88,2026-01-30T14:01:05.8883072-08:00,2026-01-30T22:01:05.8883072Z,,v3,POM_PIT,POM_PIT,,"Parker, Will",1000474009,Right,POM_COL,6a1bfa03-d246-4c3d-8e72-f899fefebf26,54.73318,-122.55094,12.27912,5.21905,1.00354,-11.10553,-2.03233,7.9952,-4.4439,,,,,,,,,,,,,,,,,,,,,,,,,,,,,,,,,,,,,,,,,,,,,,,,,,,High,High,High,,,,,
93,2026-01-30,14:01:25.19,3,3,"Brunngraber, Max",1000276385,Right,POM_COL,"Cassidy, Caleb",10304248,Right,POM_COL,Undefined,3,Top,0,0,2,Fastball,Changeup,BallCalled,Undefined,Undefined,Undefined,0,0,,85.21102,1.273102,-3.822993,2182.686288,216.511705,1:15,5.36572,2.03743,5.42992,-28.49994,11.03213,7.18941,4.1859,-0.94916,77.25687,-4.015253,-2.548713,0.452529,,,,,,,,,,,,-4.70091,5.57158,-1.7032,50,5.45939,7.92383,-123.31026,1.77075,-7.20108,25.68886,-23.63924,POM_COL,POM_COL,PomonaPitzer,TeamExclusive,Team,20260130-PomonaPitzer-Private-1,38c946e0-fe27-11f0-915a-63f78c275567,83.29294,,,7.95415,,,,,,,9c723542-d6b6-4c4f-819a-2cccafe8acb4,2026-01-30,22:01:25.19,2026-01-30T14:01:25.1930624-08:00,2026-01-30T22:01:25.1930624Z,,v3,POM_PIT,POM_PIT,,"Parker, Will",1000474009,Right,POM_COL,cf5c6d1d-a3ba-4ad8-9b53-70447405ac6e,55.06542,-124.36104,12.84443,5.36718,2.7377,-11.81962,-2.03334,8.21839,-3.60054,,,,,,,,,,,,,,,,,,,,,,,,,,,,,,,,,,,,,,,,,,,,,,,,,,,High,High,High,,,,,
94,2026-01-30,14:01:45.14,3,4,"Brunngraber, Max",1000276385,Right,POM_COL,"Cassidy, Caleb",10304248,Right,POM_COL,Undefined,3,Top,0,1,2,Slider,Curveball,BallCalled,Undefined,Undefined,Undefined,0,0,,72.82665,0.862237,-2.959849,2324.228279,107.867132,9:30,4.65508,2.24181,5.28532,-47.79633,6.725,-15.21009,1.48289,-1.80767,66.51653,-7.866616,-5.651038,0.531441,,,,,,,,,,,,6.70429,3.64488,-1.96031,50,4.69914,6.01845,-105.46951,0.10186,7.47456,19.64942,-28.11038,POM_COL,POM_COL,PomonaPitzer,TeamExclusive,Team,20260130-PomonaPitzer-Private-1,44c24f50-fe27-11f0-915a-63f78c275567,70.92504,,,6.31012,,,,,,,9c723542-d6b6-4c4f-819a-2cccafe8acb4,2026-01-30,22:01:45.14,2026-01-30T14:01:45.1420672-08:00,2026-01-30T22:01:45.1420672Z,,v3,POM_PIT,POM_PIT,,"Parker, Will",1000474009,Right,POM_COL,1740373c-86cd-40a5-a700-c0317a76c1db,55.21219,-106.43613,9.82471,4.66012,1.48471,-14.05519,-2.24733,5.65075,3.73728,,,,,,,,,,,,,,,,,,,,,,,,,,,,,,,,,,,,,,,,,,,,,,,,,,,High,High,High,,,,,
95,2026-01-30,14:02:01.11,3,5,"Brunngraber, Max",1000276385,Right,POM_COL,"Cassidy, Caleb",10304248,Right,POM_COL,Undefined,3,Top,0,2,2,Cutter,Slider,BallCalled,Undefined,Undefined,Undefined,0,0,,75.96061,-0.079269,-4.687282,2305.324921,147.433028,11:00,5.03612,2.12718,5.19214,-36.84506,13.66717,-7.62587,1.89088,-2.92746,69.13742,-6.839128,-6.028691,0.511528,,,,,,,,,,,,2.34681,7.36367,-1.68552,50,5.00148,9.29916,-109.72529,-1.31879,2.83383,21.14136,-23.28223,POM_COL,POM_COL,PomonaPitzer,TeamExclusive,Team,20260130-PomonaPitzer-Private-1,4e365a90-fe27-11f0-915a-63f78c275567,73.68594,,,6.82319,,,,,,,9c723542-d6b6-4c4f-819a-2cccafe8acb4,2026-01-30,22:02:01.11,2026-01-30T14:02:01.1195392-08:00,2026-01-30T22:02:01.1195392Z,,v3,POM_PIT,POM_PIT,,"Parker, Will",1000474009,Right,POM_COL,739977e6-c9f2-4f7b-9bb4-e0bcb48d1bdb,55.30249,-110.74224,10.57068,5.03799,-0.19886,-11.64112,-2.12955,9.16285,1.41691,,,,,,,,,,,,,,,,,,,,,,,,,,,,,,,,,,,,,,,,,,,,,,,,,,,High,High,High,,,,,
96,2026-01-30,14:02:19.31,3,6,"Brunngraber, Max",1000276385,Right,POM_COL,"Cassidy, Caleb",10304248,Right,POM_COL,Undefined,3,Top,0,3,2,Fastball,Changeup,BallCalled,Walk,Undefined,Undefined,0,0,,82.67564,1.739704,-3.519889,2147.960543,218.313396,1:15,5.21809,2.24079,5.59646,-31.26037,9.99977,6.92914,4.24089,-0.47221,75.78394,-4.041171,-2.287377,0.462314,,,,,,,,,,,,-4.40177,4.99611,-1.94326,50,5.34731,7.08597,-119.84017,2.61552,-6.44085,21.82211,-24.86354,POM_COL,POM_COL,PomonaPitzer,TeamExclusive,Team,20260130-PomonaPitzer-Private-1,59058900-fe27-11f0-915a-63f78c275567,81.53004,,,6.89171,,,,,,,9c723542-d6b6-4c4f-819a-2cccafe8acb4,2026-01-30,22:02:19.31,2026-01-30T14:02:19.3193472-08:00,2026-01-30T22:02:19.3193472Z,,v3,POM_PIT,POM_PIT,,"Parker, Will",1000474009,Right,POM_COL,38942db0-bad7-43bf-a8ae-0ebfb61fa1eb,54.90093,-120.72931,10.91105,5.22011,3.62857,-12.43177,-2.23732,7.34841,-3.22043,,,,,,,,,,,,,,,,,,,,,,,,,,,,,,,,,,,,,,,,,,,,,,,,,,,High,High,High,,,,,
97,2026-01-30,14:02:50.16,4,1,"Brunngraber, Max",1000276385,Right,POM_COL,"Quintero, James",10138921,Left,POM_COL,Undefined,3,Top,0,0,0,Fastball,Changeup,BallCalled,Undefined,Undefined,Undefined,0,0,,83.91255,1.683098,-0.854453,2116.719634,226.081051,1:30,5.12192,2.36952,5.45344,-28.91261,11.49678,10.60776,4.28877,2.45356,76.43028,-3.685332,1.033032,0.457522,,,,,,,,,,,,-5.50638,5.71307,-2.3013,50,5.25088,1.35292,-121.71841,2.60287,-8.25485,24.05004,-23.60935,POM_COL,POM_COL,PomonaPitzer,TeamExclusive,Team,20260130-PomonaPitzer-Private-1,6b66e350-fe27-11f0-915a-63f78c275567,82.3838,,,7.48227,,,,,,,9c723542-d6b6-4c4f-819a-2cccafe8acb4,2026-01-30,22:02:50.16,2026-01-30T14:02:50.1659136-08:00,2026-01-30T22:02:50.1659136Z,,v3,POM_PIT,POM_PIT,,"Parker, Will",1000474009,Right,POM_COL,5ea4593c-d2c0-45cd-b869-cdaca61dbad6,55.04181,-122.71056,12.02502,5.12341,3.57684,-11.80468,-2.36413,1.69346,-4.12742,,,,,,,,,,,,,,,,,,,,,,,,,,,,,,,,,,,,,,,,,,,,,,,,,,,High,High,High,,,,,
98,2026-01-30,14:03:19.27,4,2,"Brunngraber, Max",1000276385,Right,POM_COL,"Quintero, James",10138921,Left,POM_COL,Undefined,3,Top,0,1,0,Fastball,Four-Seam,StrikeCalled,Undefined,Undefined,Undefined,0,0,,86.30223,-0.709981,-4.228178,2276.717948,224.830826,1:30,5.17894,2.29723,5.76631,-25.93352,11.87497,10.61099,2.35522,-0.76073,78.93061,-5.537823,-2.335359,0.442554,,,,,,,,,,,,-6.51981,6.61248,-1.95306,50,5.10441,8.79332,-125.02248,-2.39986,-10.33608,24.82219,-21.69105,POM_COL,POM_COL,PomonaPitzer,TeamExclusive,Team,20260130-PomonaPitzer-Private-1,7cbcc110-fe27-11f0-915a-63f78c275567,85.17027,,,7.37162,,,,,,,9c723542-d6b6-4c4f-819a-2cccafe8acb4,2026-01-30,22:03:19.27,2026-01-30T14:03:19.2723456-08:00,2026-01-30T22:03:19.2723456Z,,v3,POM_PIT,POM_PIT,,"Parker, Will",1000474009,Right,POM_COL,540ba2df-83b7-4a5d-ae2d-a267f807f481,54.73073,-125.95823,12.4111,5.17947,-1.58216,-10.84553,-2.2919,9.18297,-5.16804,,,,,,,,,,,,,,,,,,,,,,,,,,,,,,,,,,,,,,,,,,,,,,,,,,,High,High,High,,,,,
99,2026-01-30,14:03:34.79,4,3,"Brunngraber, Max",1000276385,Right,POM_COL,"Quintero, James",10138921,Left,POM_COL,Undefined,3,Top,0,1,1,Curveball,Curveball,BallCalled,Undefined,Undefined,Undefined,0,0,,69.34463,2.300392,1.035453,2305.60472,73.201926,8:30,4.79105,2.45414,4.78984,-64.93692,-3.93449,-19.73186,1.56129,1.79124,63.4834,-9.399309,-2.438776,0.562141,,,,,,,,,,,,9.94784,-1.96193,-2.53944,50,4.96431,-1.06691,-100.4887,1.89865,10.09694,17.40441,-34.16538,POM_COL,POM_COL,PomonaPitzer,TeamExclusive,Team,20260130-PomonaPitzer-Private-1,861220c0-fe27-11f0-915a-63f78c275567,67.05163,,,5.86123,,,,,,,9c723542-d6b6-4c4f-819a-2cccafe8acb4,2026-01-30,22:03:34.79,2026-01-30T14:03:34.7945984-08:00,2026-01-30T22:03:34.7945984Z,,v3,POM_PIT,POM_PIT,,"Parker, Will",1000474009,Right,POM_COL,e18ed69c-83af-4b85-8514-23b3abc28040,55.71076,-101.47298,8.7022,4.8023,3.8308,-17.08269,-2.46295,-1.63792,5.04847,,,,,,,,,,,,,,,,,,,,,,,,,,,,,,,,,,,,,,,,,,,,,,,,,,,High,High,High,,,,,
100,2026-01-30,14:03:51.22,4,4,"Brunngraber, Max",1000276385,Right,POM_COL,"Quintero, James",10138921,Left,POM_COL,Undefined,3,Top,0,2,1,Fastball,Four-Seam,BallCalled,Undefined,Undefined,Undefined,0,0,,85.62748,1.470099,-2.387305,2226.435815,218.466143,1:15,5.29646,2.28904,5.74019,-25.91163,12.54623,8.98721,4.5075,0.8138,77.88674,-3.379959,-0.781333,0.446338,,,,,,,,,,,,-5.19524,6.33701,-2.09563,50,5.40316,4.79229,-124.17523,2.35629,-8.09795,25.26063,-22.29638,POM_COL,POM_COL,PomonaPitzer,TeamExclusive,Team,20260130-PomonaPitzer-Private-1,8fd18ce0-fe27-11f0-915a-63f78c275567,84.44821,,,7.74074,,,,,,,9c723542-d6b6-4c4f-819a-2cccafe8acb4,2026-01-30,22:03:51.22,2026-01-30T14:03:51.2219648-08:00,2026-01-30T22:03:51.2219648Z,,v3,POM_PIT,POM_PIT,,"Parker, Will",1000474009,Right,POM_COL,7b0b903e-7a33-41f9-9105-98684d878310,54.7554,-125.13887,12.63032,5.29705,3.20685,-11.14819,-2.28434,5.10121,-4.04897,,,,,,,,,,,,,,,,,,,,,,,,,,,,,,,,,,,,,,,,,,,,,,,,,,,High,High,High,,,,,
101,2026-01-30,14:04:09.40,4,5,"Brunngraber, Max",1000276385,Right,POM_COL,"Quintero, James",10138921,Left,POM_COL,Undefined,3,Top,0,3,1,Fastball,Changeup,BallCalled,Walk,Undefined,Undefined,0,1,,85.82111,0.535597,-2.767934,2195.577622,230.998581,1:45,5.26428,2.22749,5.69462,-27.73958,10.78717,11.71115,3.45238,0.62191,77.8167,-4.641782,-0.676756,0.446738,,,,,,,,,,,,-6.69181,5.71768,-2.00188,50,5.29228,5.50533,-124.39118,0.24501,-10.41645,26.47246,-23.27398,POM_COL,POM_COL,PomonaPitzer,TeamExclusive,Team,20260130-PomonaPitzer-Private-1,9aa80e50-fe27-11f0-915a-63f78c275567,84.37266,,,8.00441,,,,,,,9c723542-d6b6-4c4f-819a-2cccafe8acb4,2026-01-30,22:04:09.40,2026-01-30T14:04:09.4002688-08:00,2026-01-30T22:04:09.4002688Z,,v3,POM_PIT,POM_PIT,,"Parker, Will",1000474009,Right,POM_COL,39fe329d-3e2b-4576-848f-b947919dad27,54.80051,-125.40864,13.23623,5.26568,1.13954,-11.63699,-2.22117,5.90569,-5.20823,,,,,,,,,,,,,,,,,,,,,,,,,,,,,,,,,,,,,,,,,,,,,,,,,,,High,High,High,,,,,
102,2026-01-30,14:04:37.82,5,1,"Brunngraber, Max",1000276385,Right,POM_COL,"Loui, Shawn",1000474008,Right,POM_COL,Undefined,3,Top,0,0,0,Cutter,Slider,BallCalled,Undefined,Undefined,Undefined,0,0,,77.65631,-0.878715,-4.372555,2359.875561,185.319606,12:15,4.93011,2.28761,5.16235,-37.0877,10.84575,0.86587,1.00993,-1.76375,71.23412,-7.643349,-4.219936,0.4983,,,,,,,,,,,,-1.66295,6.11473,-1.87967,50,4.8198,8.55549,-112.34,-2.95564,-2.12297,20.54715,-24.36789,POM_COL,POM_COL,PomonaPitzer,TeamExclusive,Team,20260130-PomonaPitzer-Private-1,ac0b80a0-fe27-11f0-915a-63f78c275567,75.64208,,,6.42219,,,,,,,9c723542-d6b6-4c4f-819a-2cccafe8acb4,2026-01-30,22:04:37.82,2026-01-30T14:04:37.8262528-08:00,2026-01-30T22:04:37.8262528Z,,v3,POM_PIT,POM_PIT,,"Parker, Will",1000474009,Right,POM_COL,b83c1166-4d3a-4fdb-8aaf-94a06faf12af,55.33506,-113.31158,10.27358,4.93231,-1.80339,-12.18394,-2.28659,8.65587,-1.06148,,,,,,,,,,,,,,,,,,,,,,,,,,,,,,,,,,,,,,,,,,,,,,,,,,,High,High,High,,,,,
103,2026-01-30,14:05:53.91,5,2,"Brunngraber, Max",1000276385,Right,POM_COL,"Loui, Shawn",1000474008,Right,POM_COL,Undefined,3,Top,0,1,0,Cutter,Slider,BallCalled,Undefined,Undefined,Undefined,0,0,,77.36764,0.109982,-4.316484,2431.807014,158.025946,11:15,4.94335,2.29684,5.17287,-35.82364,12.57887,-4.43744,2.06184,-2.14259,70.68102,-6.455443,-5.097857,0.500732,,,,,,,,,,,,0.95299,6.72233,-1.89078,50,4.9268,8.62428,-111.88547,-0.95181,1.20361,20.87467,-23.68382,POM_COL,POM_COL,PomonaPitzer,TeamExclusive,Team,20260130-PomonaPitzer-Private-1,d8f06c20-fe27-11f0-915a-63f78c275567,75.27468,,,6.68663,,,,,,,9c723542-d6b6-4c4f-819a-2cccafe8acb4,2026-01-30,22:05:53.91,2026-01-30T14:05:53.9192832-08:00,2026-01-30T22:05:53.9192832Z,,v3,POM_PIT,POM_PIT,,"Parker, Will",1000474009,Right,POM_COL,fb4217e1-cb8a-4f4d-8f4d-251207faa0a6,55.32264,-112.87415,10.43734,4.94531,0.16993,-11.84191,-2.2979,8.56727,0.6018,,,,,,,,,,,,,,,,,,,,,,,,,,,,,,,,,,,,,,,,,,,,,,,,,,,High,High,High,,,,,
104,2026-01-30,14:06:08.22,5,3,"Brunngraber, Max",1000276385,Right,POM_COL,"Loui, Shawn",1000474008,Right,POM_COL,Undefined,3,Top,0,2,0,Fastball,Changeup,BallCalled,Undefined,Undefined,Undefined,0,0,,84.29961,-0.459182,-4.8269,2230.050022,229.069796,1:45,5.19691,2.20404,5.68208,-28.23509,11.56064,11.87406,2.41443,-1.31648,77.11517,-5.696803,-2.714845,0.454035,,,,,,,,,,,,-7.31453,6.383,-1.80408,50,5.14049,9.81194,-122.02533,-1.90205,-11.05103,23.55654,-22.53039,POM_COL,POM_COL,PomonaPitzer,TeamExclusive,Team,20260130-PomonaPitzer-Private-1,e18254c0-fe27-11f0-915a-63f78c275567,83.01656,,,7.18444,,,,,,,9c723542-d6b6-4c4f-819a-2cccafe8acb4,2026-01-30,22:06:08.22,2026-01-30T14:06:08.2229248-08:00,2026-01-30T22:06:08.2229248Z,,v3,POM_PIT,POM_PIT,,"Parker, Will",1000474009,Right,POM_COL,4e29ed9a-ed96-42e2-8e56-273af1901946,54.81555,-122.95144,11.77827,5.19786,-1.01629,-11.26519,-2.19837,10.24641,-5.52552,,,,,,,,,,,,,,,,,,,,,,,,,,,,,,,,,,,,,,,,,,,,,,,,,,,High,High,High,,,,,
105,2026-01-30,14:06:22.99,5,4,"Brunngraber, Max",1000276385,Right,POM_COL,"Loui, Shawn",1000474008,Right,POM_COL,Undefined,3,Top,0,3,0,Fastball,Changeup,BallCalled,Walk,Undefined,Undefined,0,1,,84.10553,1.807558,-3.358038,2231.593288,229.880912,1:45,5.12625,2.42033,5.47279,-29.74076,10.41654,10.89237,4.34282,0.18199,76.81174,-3.694927,-1.424039,0.456093,,,,,,,,,,,,-6.34811,5.14378,-2.13244,50,5.26529,6.68516,-121.87512,2.84251,-9.57915,23.22121,-24.4122,POM_COL,POM_COL,PomonaPitzer,TeamExclusive,Team,20260130-PomonaPitzer-Private-1,ea3fba30-fe27-11f0-915a-63f78c275567,82.64194,,,7.29379,,,,,,,9c723542-d6b6-4c4f-819a-2cccafe8acb4,2026-01-30,22:06:22.99,2026-01-30T14:06:22.9910528-08:00,2026-01-30T22:06:22.9910528Z,,v3,POM_PIT,POM_PIT,,"Parker, Will",1000474009,Right,POM_COL,1f079790-7ba9-43b9-b4aa-dbd3ccaa76f3,55.02438,-122.82869,11.6106,5.12798,3.845,-12.2061,-2.41504,7.07853,-4.78957,,,,,,,,,,,,,,,,,,,,,,,,,,,,,,,,,,,,,,,,,,,,,,,,,,,High,High,High,,,,,
106,2026-01-30,14:06:48.04,6,1,"Brunngraber, Max",1000276385,Right,POM_COL,"Heath, Emmett",1000111182,Left,POM_COL,Undefined,3,Top,0,0,0,Fastball,Changeup,BallCalled,Undefined,Undefined,Undefined,0,0,,85.05894,0.846285,-2.267054,2186.228152,244.554853,2:15,5.09491,2.42682,5.50899,-30.18108,8.8489,16.11749,3.37191,1.64878,77.99159,-4.726849,0.603182,0.449646,,,,,,,,,,,,-8.66804,4.61866,-2.23979,50,5.14865,4.19421,-123.47356,0.77881,-13.44657,23.46773,-25.00923,POM_COL,POM_COL,PomonaPitzer,TeamExclusive,Team,20260130-PomonaPitzer-Private-1,f92d4a80-fe27-11f0-915a-63f78c275567,83.82695,,,7.06735,,,,,,,9c723542-d6b6-4c4f-819a-2cccafe8acb4,2026-01-30,22:06:48.04,2026-01-30T14:06:48.0473600-08:00,2026-01-30T22:06:48.0473600Z,,v3,POM_PIT,POM_PIT,,"Parker, Will",1000474009,Right,POM_COL,b7207fd4-41df-41b6-99d5-823de7c3c2b2,54.98931,-124.41823,11.73387,5.09703,1.78553,-12.50461,-2.41952,4.73549,-6.72328,,,,,,,,,,,,,,,,,,,,,,,,,,,,,,,,,,,,,,,,,,,,,,,,,,,High,High,High,,,,,
107,2026-01-30,14:07:02.48,6,2,"Brunngraber, Max",1000276385,Right,POM_COL,"Heath, Emmett",1000111182,Left,POM_COL,Undefined,3,Top,0,1,0,Slider,Curveball,FoulBallNotFieldable,Undefined,Undefined,Undefined,0,0,,73.67415,1.639115,-1.347639,2278.056834,117.056326,10:00,4.65323,2.38434,5.41152,-45.46203,6.88319,-10.35859,2.4012,0.25834,67.71692,-6.691329,-3.188705,0.520727,61.42404,30.020984,-158.919196,4191.691459,,,,,16.87245,,,4.87705,3.45776,-2.25685,50,4.76722,2.89155,-106.93592,1.65783,5.65446,18.22274,-28.16511,POM_COL,POM_COL,PomonaPitzer,TeamExclusive,Team,20260130-PomonaPitzer-Private-1,01d664a0-fe28-11f0-915a-63f78c275567,72.38428,11.32339,,5.95723,,,,1.28613,2.30763,-0.19185,9c723542-d6b6-4c4f-819a-2cccafe8acb4,2026-01-30,22:07:02.48,2026-01-30T14:07:02.4896000-08:00,2026-01-30T22:07:02.4896000Z,,v3,POM_PIT,POM_PIT,,"Parker, Will",1000474009,Right,POM_COL,9176667a-1b4f-4db2-80db-5a55b650bd6a,55.08805,-107.79948,9.11137,4.65703,2.99255,-14.08256,-2.38753,2.62359,2.82723,26.724741,1.28717,-72.8415,1.04346,,,,,,,2.30928,44.97939,-26.87583,,,,,,,-0.19234,-28.0279,5.6743,,,,,,,,,,,,,,,,,,,,,,,,,,,,,High,High,High,High,Undefined,,,
108,2026-01-30,14:07:19.34,6,3,"Brunngraber, Max",1000276385,Right,POM_COL,"Heath, Emmett",1000111182,Left,POM_COL,Undefined,3,Top,0,1,1,Slider,Curveball,FoulBallNotFieldable,Undefined,Undefined,Undefined,0,0,,72.27082,2.805341,-0.62861,2268.93796,106.123002,9:30,4.68796,2.36787,5.24386,-48.18113,7.54815,-19.30162,3.31157,0.16863,65.25831,-6.061289,-4.046352,0.537295,,,,,,,,,,,,9.36898,3.46142,-2.29538,50,4.91071,1.88172,-104.60495,3.63288,10.22015,20.19533,-28.39819,POM_COL,POM_COL,PomonaPitzer,TeamExclusive,Team,20260130-PomonaPitzer-Private-1,0be5ec90-fe28-11f0-915a-63f78c275567,70.15217,,,7.01251,,,,,,,9c723542-d6b6-4c4f-819a-2cccafe8acb4,2026-01-30,22:07:19.34,2026-01-30T14:07:19.3482752-08:00,2026-01-30T22:07:19.3482752Z,,v3,POM_PIT,POM_PIT,,"Parker, Will",1000474009,Right,POM_COL,729649fc-06c1-4b20-b14e-98bcb6ffcf89,55.25218,-105.61409,10.09767,4.69372,5.0519,-14.19909,-2.37665,1.37103,5.11008,,,,,,,,,,,,,,,,,,,,,,,,,,,,,,,,,,,,,,,,,,,,,,,,,,,High,High,High,,,,,
109,2026-01-30,14:07:38.76,6,4,"Brunngraber, Max",1000276385,Right,POM_COL,"Heath, Emmett",1000111182,Left,POM_COL,Undefined,3,Top,0,1,2,Curveball,Curveball,BallCalled,Undefined,Undefined,Undefined,0,0,,67.74831,2.784475,1.921205,2363.881002,68.470181,8:15,4.75792,2.48823,5.08519,-69.66705,-5.84882,-20.62387,1.58041,2.5811,61.52606,-9.854089,-1.728418,0.574968,,,,,,,,,,,,10.80201,-3.08386,-2.65314,50,4.96717,-2.54251,-98.07036,2.60835,10.34707,17.88906,-35.12803,POM_COL,POM_COL,PomonaPitzer,TeamExclusive,Team,20260130-PomonaPitzer-Private-1,17811d90-fe28-11f0-915a-63f78c275567,65.5557,,,6.22225,,,,,,,9c723542-d6b6-4c4f-819a-2cccafe8acb4,2026-01-30,22:07:38.76,2026-01-30T14:07:38.7623424-08:00,2026-01-30T22:07:38.7623424Z,,v3,POM_PIT,POM_PIT,,"Parker, Will",1000474009,Right,POM_COL,393b92a3-30d4-41a4-9531-d21bd101a8cf,55.41523,-99.05323,8.94453,4.77084,4.53837,-17.56402,-2.49783,-3.111,5.17354,,,,,,,,,,,,,,,,,,,,,,,,,,,,,,,,,,,,,,,,,,,,,,,,,,,High,High,High,,,,,
110,2026-01-30,14:07:57.79,6,5,"Brunngraber, Max",1000276385,Right,POM_COL,"Heath, Emmett",1000111182,Left,POM_COL,Undefined,3,Top,0,2,2,Cutter,Slider,InPlay,Undefined,Popup,Out,1,0,,74.72989,1.168802,-1.371259,2281.709151,140.343119,10:45,4.921,2.37264,5.00158,-41.28581,11.2478,-7.75725,2.58436,0.43146,67.50302,-6.417345,-2.739641,0.521663,76.85113,54.232445,2.778215,,109.74972,113.03361,-7.41483,197.41428,80.69377,-5.845633,5.41097,3.40827,5.72095,-2.23418,50,5.00056,2.89554,-108.18235,0.87136,3.97688,21.58562,-25.49866,POM_COL,POM_COL,PomonaPitzer,TeamExclusive,Team,20260130-PomonaPitzer-Private-1,22d162e0-fe28-11f0-915a-63f78c275567,72.25438,113.12807,,7.22688,,,,1.3319,2.80053,-0.45915,9c723542-d6b6-4c4f-819a-2cccafe8acb4,2026-01-30,22:07:57.79,2026-01-30T14:07:57.7982464-08:00,2026-01-30T22:07:57.7982464Z,Popup,v3,POM_PIT,POM_PIT,,"Parker, Will",1000474009,Right,POM_COL,112ac55b-21b3-4f1c-93ca-d61b0157050b,55.49425,-109.27312,10.79281,4.92398,2.15987,-12.74933,-2.37542,2.69458,1.98844,165.662193,1.33374,65.76708,-15.97724,4.09161,-0.57787,-0.00468,0.01713,-0.00249,0.00011,2.80004,91.45143,-22.06472,1.55737,-0.0294,-0.09704,0.03527,-0.00537,0.0003,-0.45914,3.19225,-4.95527,1.61572,-0.28227,0.00533,0.00882,-0.0016,9E-05,,,,,,,,,,,,,,,,,,,,,,,High,High,High,High,Low,,,
111,2026-01-30,14:08:33.35,7,1,"Brunngraber, Max",1000276385,Right,POM_COL,"Ruyle, Brody",10183257,Right,POM_COL,Undefined,3,Top,1,0,0,Slider,Curveball,StrikeCalled,Undefined,Undefined,Undefined,0,0,,71.69887,1.882671,-1.841071,2214.220649,106.499409,9:30,4.6836,2.38073,5.52291,-50.41396,5.26063,-11.44642,2.24412,-0.29499,65.31893,-7.385489,-3.879303,0.537032,,,,,,,,,,,,5.19248,2.66055,-2.21277,50,4.81418,3.75293,-103.91186,1.90986,5.6226,18.9798,-29.29313,POM_COL,POM_COL,PomonaPitzer,TeamExclusive,Team,20260130-PomonaPitzer-Private-1,38000e00-fe28-11f0-915a-63f78c275567,70.1866,,,6.37994,,,,,,,9c723542-d6b6-4c4f-819a-2cccafe8acb4,2026-01-30,22:08:33.35,2026-01-30T14:08:33.3572608-08:00,2026-01-30T22:08:33.3572608Z,,v3,POM_PIT,POM_PIT,,"Parker, Will",1000474009,Right,POM_COL,60106aad-381d-47ae-9dac-08b7775aceed,54.97397,-104.81643,9.4899,4.68989,3.30596,-14.64657,-2.38525,3.48496,2.8113,,,,,,,,,,,,,,,,,,,,,,,,,,,,,,,,,,,,,,,,,,,,,,,,,,,High,High,High,,,,,
112,2026-01-30,14:08:47.44,7,2,"Brunngraber, Max",1000276385,Right,POM_COL,"Ruyle, Brody",10183257,Right,POM_COL,Undefined,3,Top,1,0,1,Slider,Curveball,StrikeCalled,Undefined,Undefined,Undefined,0,0,,70.9481,2.843406,-0.899321,2268.911383,106.51807,9:30,4.66081,2.40075,5.00376,-50.68739,7.24559,-17.97269,3.12351,0.05401,64.56552,-6.409911,-4.067083,0.547816,,,,,,,,,,,,8.55036,3.34606,-2.29934,50,4.89375,2.30061,-102.71994,3.49704,9.06862,18.17844,-28.62517,POM_COL,POM_COL,PomonaPitzer,TeamExclusive,Team,20260130-PomonaPitzer-Private-1,40625b20-fe28-11f0-915a-63f78c275567,68.80496,,,6.38258,,,,,,,9c723542-d6b6-4c4f-819a-2cccafe8acb4,2026-01-30,22:08:47.44,2026-01-30T14:08:47.4456064-08:00,2026-01-30T22:08:47.4456064Z,,v3,POM_PIT,POM_PIT,,"Parker, Will",1000474009,Right,POM_COL,de40ca0b-b311-4593-add7-369b933fe633,55.49271,-103.68743,9.08922,4.66709,5.02053,-14.31258,-2.40894,1.81796,4.53431,,,,,,,,,,,,,,,,,,,,,,,,,,,,,,,,,,,,,,,,,,,,,,,,,,,High,High,High,,,,,
113,2026-01-30,14:09:02.63,7,3,"Brunngraber, Max",1000276385,Right,POM_COL,"Ruyle, Brody",10183257,Right,POM_COL,Undefined,3,Top,1,0,2,Slider,Curveball,InPlay,Undefined,LineDrive,Single,0,2,,73.80864,1.1464,-2.552614,2397.525567,105.534217,9:30,4.76747,2.22109,5.25442,-46.84963,6.25032,-16.11906,1.94171,-1.5222,67.34458,-7.414538,-5.404147,0.524467,80.56832,13.390927,33.394093,3148.107158,87.3456,14.78061,66.86316,192.25505,191.29136,40.425628,2.042745,7.32595,3.25748,-1.97433,50,4.83817,5.36779,-106.93387,0.66335,8.39427,20.23445,-28.44153,POM_COL,POM_COL,PomonaPitzer,TeamExclusive,Team,20260130-PomonaPitzer-Private-1,497b2700-fe28-11f0-915a-63f78c275567,71.86803,14.9063,,6.46406,,,,1.61064,2.09199,1.44872,9c723542-d6b6-4c4f-819a-2cccafe8acb4,2026-01-30,22:09:02.63,2026-01-30T14:09:02.6357248-08:00,2026-01-30T22:09:02.6357248Z,LineDrive,v3,POM_PIT,POM_PIT,,"Parker, Will",1000474009,Right,POM_COL,0b7bcc19-f060-4cec-8846-fc4404dcb0de,55.24435,-107.92166,10.11722,4.77189,2.05179,-14.22077,-2.22637,4.95801,4.19714,,1.61063,95.97633,-16.75694,3.13911,-0.60602,0.03632,0.04806,-0.02304,0.00344,2.092,27.3662,-15.29829,0.78422,-0.08359,0.0483,-0.03575,0.01434,-0.00209,1.44873,63.26926,-0.87385,-0.59057,0.22188,-0.00074,-0.04872,0.02296,-0.00345,,,,,,,,,,,,,,,,,,,,,,,High,High,High,High,High,,,
114,2026-01-30,14:12:19.45,1,1,"Wiessinger, Jack",1000276383,Right,POM_COL,"Gold, Jack",1000108729,Left,POM_COL,Undefined,3,Bottom,0,0,0,Fastball,Four-Seam,InPlay,Undefined,GroundBall,Out,1,0,,84.589,-2.839616,-0.680891,1987.862105,190.128212,12:15,5.77147,0.49656,5.47504,-16.89233,23.0869,3.87713,1.70423,0.18248,76.91382,-6.055943,0.009627,0.455081,92.84865,-4.396986,37.027779,,,,,25.97113,23.41026,33.647301,0.178494,-2.1702,12.92099,-0.43954,50,5.51101,1.29546,-122.58649,-6.5587,-3.27959,25.79383,-12.64798,POM_COL,POM_COL,PomonaPitzer,TeamExclusive,Team,20260130-PomonaPitzer-Private-1,beba9050-fe28-11f0-915a-63f78c275567,82.82579,1.86534,,7.67519,,,,2.25306,1.86534,-0.21873,9c723542-d6b6-4c4f-819a-2cccafe8acb4,2026-01-30,22:12:19.45,2026-01-30T14:12:19.4540032-08:00,2026-01-30T22:12:19.4540032Z,GroundBall,v3,POM_PIT,POM_PIT,,"Lee, Sammy",1000276388,Right,POM_COL,4ae0bacf-2bb3-4aa6-912e-e598c2fe1ade,55.0227,-123.63881,12.89692,5.76807,-6.04269,-6.32399,-0.49512,1.42926,-1.63979,180,2.25003,108.50223,,,,,,,,1.86563,-10.45045,,,,,,,,-0.22101,81.8448,,,,,,,,,,,,,,,,,,,,,,,,,,,,,,High,High,High,Low,Low,,,
115,2026-01-30,14:12:53.05,2,1,"Wiessinger, Jack",1000276383,Right,POM_COL,"Berry, Cooper",1000276381,Left,POM_COL,Undefined,3,Bottom,0,0,0,Fastball,Four-Seam,StrikeCalled,Undefined,Undefined,Undefined,0,0,,86.87947,-2.723462,-0.678973,2112.996648,220.186864,1:15,5.73467,0.40575,5.43794,-20.29143,17.46591,13.71095,1.49136,0.91251,79.46649,-6.511843,1.762486,0.442255,,,,,,,,,,,,-7.08016,9.92945,-0.35539,50,5.47984,0.89407,-125.97814,-6.64717,-11.36306,25.91008,-16.23815,POM_COL,POM_COL,PomonaPitzer,TeamExclusive,Team,20260130-PomonaPitzer-Private-1,d2c33200-fe28-11f0-915a-63f78c275567,85.2279,,,7.41299,,,,,,,9c723542-d6b6-4c4f-819a-2cccafe8acb4,2026-01-30,22:12:53.05,2026-01-30T14:12:53.0540544-08:00,2026-01-30T22:12:53.0540544Z,,v3,POM_PIT,POM_PIT,,"Lee, Sammy",1000276388,Right,POM_COL,13493c4b-6251-4ad1-9499-fa0ceca06e2d,55.05972,-127.01451,12.95504,5.73273,-5.99766,-8.11908,-0.40024,1.34858,-5.68153,,,,,,,,,,,,,,,,,,,,,,,,,,,,,,,,,,,,,,,,,,,,,,,,,,,High,High,High,,,,,
116,2026-01-30,14:13:12.56,2,2,"Wiessinger, Jack",1000276383,Right,POM_COL,"Berry, Cooper",1000276381,Left,POM_COL,Undefined,3,Bottom,0,0,1,Fastball,Four-Seam,BallCalled,Undefined,Undefined,Undefined,0,0,,87.58886,-1.243997,0.195464,2120.500672,218.314358,1:15,5.75804,0.40748,5.49988,-18.78099,18.53351,13.61918,3.02924,1.72523,79.32124,-4.799421,2.621827,0.439653,,,,,,,,,,,,-6.74492,10.08347,-0.4337,50,5.63699,-1.04461,-126.9973,-3.33182,-10.90535,28.43658,-15.87081,POM_COL,POM_COL,PomonaPitzer,TeamExclusive,Team,20260130-PomonaPitzer-Private-1,de5eb120-fe28-11f0-915a-63f78c275567,85.73222,,,8.26762,,,,,,,9c723542-d6b6-4c4f-819a-2cccafe8acb4,2026-01-30,22:13:12.56,2026-01-30T14:13:12.5658624-08:00,2026-01-30T22:13:12.5658624Z,,v3,POM_PIT,POM_PIT,,"Lee, Sammy",1000276388,Right,POM_COL,86f5b643-e857-48f4-bfe4-cde1c9344edc,54.99524,-128.11093,14.21829,5.7553,-2.7103,-7.93541,-0.40115,-0.61754,-5.45267,,,,,,,,,,,,,,,,,,,,,,,,,,,,,,,,,,,,,,,,,,,,,,,,,,,High,High,High,,,,,
117,2026-01-30,14:13:30.51,2,3,"Wiessinger, Jack",1000276383,Right,POM_COL,"Berry, Cooper",1000276381,Left,POM_COL,Undefined,3,Bottom,0,1,1,ChangeUp,Changeup,StrikeCalled,Undefined,Undefined,Undefined,0,0,,76.57356,1.052931,-2.167715,1789.33517,242.641512,2:00,5.64916,0.82989,5.25005,-37.95998,10.7093,17.82221,3.47607,0.27714,70.29645,-5.913931,0.991332,0.50211,,,,,,,,,,,,-9.4367,5.5378,-0.64448,50,5.71794,3.49868,-111.1051,0.81095,-11.84632,19.10838,-25.22223,POM_COL,POM_COL,PomonaPitzer,TeamExclusive,Team,20260130-PomonaPitzer-Private-1,e91f87b0-fe28-11f0-915a-63f78c275567,75.06809,,,6.27711,,,,,,,9c723542-d6b6-4c4f-819a-2cccafe8acb4,2026-01-30,22:13:30.51,2026-01-30T14:13:30.5106944-08:00,2026-01-30T22:13:30.5106944Z,,v3,POM_PIT,POM_PIT,,"Lee, Sammy",1000276388,Right,POM_COL,fb82969c-7b7f-4177-b1dd-2e27339ce98d,55.24823,-112.00408,9.55419,5.65187,1.99757,-12.61112,-0.82219,4.05601,-5.92316,,,,,,,,,,,,,,,,,,,,,,,,,,,,,,,,,,,,,,,,,,,,,,,,,,,High,High,High,,,,,
118,2026-01-30,14:13:53.03,2,4,"Wiessinger, Jack",1000276383,Right,POM_COL,"Berry, Cooper",1000276381,Left,POM_COL,Undefined,3,Bottom,0,1,2,Fastball,Four-Seam,BallCalled,Undefined,Undefined,Undefined,0,0,,88.73684,-0.037914,0.071743,2153.812943,219.598463,1:15,5.70284,0.51094,5.51148,-18.50544,17.77391,13.68095,4.12527,1.71811,80.33722,-3.546606,2.509168,0.433512,,,,,,,,,,,,-6.80469,9.31162,-0.52626,50,5.68739,-0.78541,-128.70841,-0.65832,-11.31533,28.88365,-16.69002,POM_COL,POM_COL,PomonaPitzer,TeamExclusive,Team,20260130-PomonaPitzer-Private-1,f67b7b80-fe28-11f0-915a-63f78c275567,86.94669,,,8.39962,,,,,,,9c723542-d6b6-4c4f-819a-2cccafe8acb4,2026-01-30,22:13:53.03,2026-01-30T14:13:53.0398208-08:00,2026-01-30T22:13:53.0398208Z,,v3,POM_PIT,POM_PIT,,"Lee, Sammy",1000276388,Right,POM_COL,7bc99613-dd9d-47bd-bc12-01ed63ba0392,54.98355,-129.82196,14.44183,5.70037,-0.01488,-8.34501,-0.50439,-0.34917,-5.65766,,,,,,,,,,,,,,,,,,,,,,,,,,,,,,,,,,,,,,,,,,,,,,,,,,,High,High,High,,,,,
119,2026-01-30,14:14:11.96,2,5,"Wiessinger, Jack",1000276383,Right,POM_COL,"Berry, Cooper",1000276381,Left,POM_COL,Undefined,3,Bottom,0,2,2,Slider,Slider,FoulBallNotFieldable,Undefined,Undefined,Undefined,0,0,,80.54473,1.881925,-0.336796,2008.21649,245.850817,2:15,5.62953,0.64697,5.17437,-42.41487,2.58362,2.10421,3.86653,0.50539,72.47166,-5.901563,0.035873,0.482803,,,,,,,,,,,,-1.15913,1.1289,-0.61731,50,5.77267,0.59703,-116.62871,2.33228,-1.56876,25.49667,-30.64621,POM_COL,POM_COL,PomonaPitzer,TeamExclusive,Team,20260130-PomonaPitzer-Private-1,01cb72b0-fe29-11f0-915a-63f78c275567,78.06995,,,8.07308,,,,,,,9c723542-d6b6-4c4f-819a-2cccafe8acb4,2026-01-30,22:14:11.96,2026-01-30T14:14:11.9660544-08:00,2026-01-30T22:14:11.9660544Z,,v3,POM_PIT,POM_PIT,,"Lee, Sammy",1000276388,Right,POM_COL,157d5607-70b2-4d29-a26c-76477846a0d4,55.32206,-117.78644,12.74833,5.63518,3.72384,-15.32311,-0.64604,0.66826,-0.78438,,,,,,,,,,,,,,,,,,,,,,,,,,,,,,,,,,,,,,,,,,,,,,,,,,,High,High,High,,,,,
120,2026-01-30,14:14:38.50,2,6,"Wiessinger, Jack",1000276383,Right,POM_COL,"Berry, Cooper",1000276381,Left,POM_COL,Undefined,3,Bottom,0,2,2,ChangeUp,Changeup,InPlay,Undefined,Popup,Out,1,0,,76.96848,0.53882,-1.310945,1845.938472,246.300877,2:15,5.56456,0.76419,5.52191,-39.4899,7.82465,14.77839,2.77765,0.76986,71.28018,-6.700742,1.324452,0.495073,83.06696,52.280355,-10.910172,,,,,,85.20953,,,-7.83772,4.21429,-0.66047,50,5.58482,2.01,-111.88863,-0.19904,-10.03755,18.25118,-26.77692,POM_COL,POM_COL,PomonaPitzer,TeamExclusive,Team,20260130-PomonaPitzer-Private-1,119ef630-fe29-11f0-915a-63f78c275567,76.13519,97.03923,,5.6883,,,,1.08782,2.81584,-0.75223,9c723542-d6b6-4c4f-819a-2cccafe8acb4,2026-01-30,22:14:38.50,2026-01-30T14:14:38.5043968-08:00,2026-01-30T22:14:38.5043968Z,,v3,POM_PIT,POM_PIT,,"Lee, Sammy",1000276388,Right,POM_COL,b09b4d65-7bb8-49a0-9906-807e8162497e,54.97887,-112.69785,9.12559,5.56732,0.9882,-13.38846,-0.75945,2.45504,-5.01877,155.243866,1.08782,73.18897,-15.70919,4.04709,-0.88082,0.13257,0.04391,-0.04414,0.01086,2.81584,96.3703,-23.58838,2.3507,-0.43037,0.11962,-0.07882,0.04106,-0.00886,-0.75223,-14.10746,-3.05221,1.20114,-0.32294,0.03246,0.04772,-0.036,0.00849,,,,,,,,,,,,,,,,,,,,,,,High,High,High,High,Undefined,,,
121,2026-01-30,14:15:16.40,3,1,"Wiessinger, Jack",1000276383,Right,POM_COL,"Pierantoni, Greg",1000091552,Right,POM_COL,Undefined,3,Bottom,1,0,0,Fastball,Four-Seam,StrikeCalled,Undefined,Undefined,Undefined,0,0,,86.92058,-1.558892,-1.553878,2092.299823,201.645367,12:45,5.73005,0.30497,5.70547,-18.28871,18.97757,7.05567,2.75262,-0.55521,79.41195,-5.021014,-0.292281,0.439369,,,,,,,,,,,,-3.9941,10.42253,-0.17906,50,5.58804,3.1189,-126.13419,-3.97206,-6.43544,25.62525,-15.38089,POM_COL,POM_COL,PomonaPitzer,TeamExclusive,Team,20260130-PomonaPitzer-Private-1,2833c100-fe29-11f0-915a-63f78c275567,85.78766,,,7.50863,,,,,,,9c723542-d6b6-4c4f-819a-2cccafe8acb4,2026-01-30,22:15:16.40,2026-01-30T14:15:16.4083200-08:00,2026-01-30T22:15:16.4083200Z,,v3,POM_PIT,POM_PIT,,"Lee, Sammy",1000276388,Right,POM_COL,6af26b7d-7ae7-4094-b0ee-a80cbc62c6ed,54.79093,-127.10378,12.81263,5.72732,-3.39009,-7.69045,-0.30168,3.3624,-3.21772,,,,,,,,,,,,,,,,,,,,,,,,,,,,,,,,,,,,,,,,,,,,,,,,,,,High,High,High,,,,,
122,2026-01-30,14:15:35.24,3,2,"Wiessinger, Jack",1000276383,Right,POM_COL,"Pierantoni, Greg",1000091552,Right,POM_COL,Undefined,3,Bottom,1,0,1,Curveball,Curveball,BallCalled,Undefined,Undefined,Undefined,0,0,,72.13194,5.062679,1.225765,2050.503854,35.114934,7:15,5.70786,0.48959,4.97109,-64.98315,-9.05217,-7.59528,5.08814,1.01462,65.83116,-6.670559,-0.111667,0.538267,,,,,,,,,,,,4.05776,-5.25174,-0.60155,50,6.14495,-1.93509,-104.3123,7.03297,4.47278,17.47788,-37.96292,POM_COL,POM_COL,PomonaPitzer,TeamExclusive,Team,20260130-PomonaPitzer-Private-1,33751230-fe29-11f0-915a-63f78c275567,70.02556,,,6.30078,,,,,,,9c723542-d6b6-4c4f-819a-2cccafe8acb4,2026-01-30,22:15:35.24,2026-01-30T14:15:35.2491008-08:00,2026-01-30T22:15:35.2491008Z,,v3,POM_PIT,POM_PIT,,"Lee, Sammy",1000276388,Right,POM_COL,bb996172-491e-4a65-8db4-2a186f65439f,55.53021,-105.23483,8.73894,5.72085,9.03675,-18.98146,-0.49318,-2.17117,2.23639,,,,,,,,,,,,,,,,,,,,,,,,,,,,,,,,,,,,,,,,,,,,,,,,,,,High,High,High,,,,,
123,2026-01-30,14:15:54.81,3,3,"Wiessinger, Jack",1000276383,Right,POM_COL,"Pierantoni, Greg",1000091552,Right,POM_COL,Undefined,3,Bottom,1,1,1,Slider,Slider,InPlay,Undefined,LineDrive,Single,0,0,,78.5903,0.101621,-0.254439,1880.183467,75.565553,8:30,5.65579,0.41487,5.24891,-46.16132,0.60614,-3.8802,1.9045,-0.14758,71.58643,-8.314397,-0.94386,0.492202,93.48118,10.891019,-22.218457,1348.719584,100.23306,12.42451,-45.31342,200.59945,199.52389,-26.746376,1.78382,1.87126,0.70102,-0.38848,50,5.63083,0.66104,-113.98494,-1.38588,2.4345,23.12668,-31.26201,POM_COL,POM_COL,PomonaPitzer,TeamExclusive,Team,20260130-PomonaPitzer-Private-1,3f1d3b80-fe29-11f0-915a-63f78c275567,76.5792,12.47537,,7.00387,,,,1.75733,2.0111,0.158,9c723542-d6b6-4c4f-819a-2cccafe8acb4,2026-01-30,22:15:54.81,2026-01-30T14:15:54.8116480-08:00,2026-01-30T22:15:54.8116480Z,LineDrive,v3,POM_PIT,POM_PIT,,"Lee, Sammy",1000276388,Right,POM_COL,377462c7-92ae-4d80-a227-76b6e7b9650f,55.24968,-115.04513,11.56334,5.66151,0.04726,-15.63101,-0.41623,0.54944,1.21725,110.339688,1.75733,124.63912,-18.49409,3.38887,-0.71268,0.14038,-0.02685,0.00415,-0.00033,2.0111,25.90492,-16.973,1.31966,-0.23776,0.05025,-0.00812,0.00121,-0.00011,0.158,-50.91114,-0.42961,0.51987,-0.17714,0.04645,-0.01021,0.00163,-0.00013,,,,,,,,,,,,,,,,,,,,,,,High,High,High,High,Medium,,,
124,2026-01-30,14:16:34.54,4,1,"Wiessinger, Jack",1000276383,Right,POM_COL,"DeGrazia, Tanner",1000214434,Right,POM_COL,Undefined,3,Bottom,1,0,0,Slider,Slider,BallCalled,Undefined,Undefined,Undefined,0,0,,78.89105,1.119972,1.107531,1944.857164,92.635199,9:00,5.5562,0.59508,5.51348,-44.29617,1.80776,-4.01811,2.91245,1.296,71.44621,-7.030146,0.390965,0.488698,,,,,,,,,,,,2.40347,0.94886,-0.68874,50,5.62398,-2.05676,-114.40203,0.77927,3.13914,23.95595,-30.93475,POM_COL,POM_COL,PomonaPitzer,TeamExclusive,Team,20260130-PomonaPitzer-Private-1,56c6f8c0-fe29-11f0-915a-63f78c275567,77.12833,,,7.44484,,,,,,,9c723542-d6b6-4c4f-819a-2cccafe8acb4,2026-01-30,22:16:34.54,2026-01-30T14:16:34.5415680-08:00,2026-01-30T22:16:34.5415680Z,,v3,POM_PIT,POM_PIT,,"Lee, Sammy",1000276388,Right,POM_COL,c638c5be-1b2f-4358-9973-3d9867fbf74a,54.9854,-115.44126,11.97798,5.56107,2.12125,-15.46738,-0.59656,-2.19293,1.56957,,,,,,,,,,,,,,,,,,,,,,,,,,,,,,,,,,,,,,,,,,,,,,,,,,,High,High,High,,,,,
125,2026-01-30,14:16:53.96,4,2,"Wiessinger, Jack",1000276383,Right,POM_COL,"DeGrazia, Tanner",1000214434,Right,POM_COL,Undefined,3,Bottom,1,1,0,Fastball,Four-Seam,BallCalled,Undefined,Undefined,Undefined,0,0,,85.96676,-2.749028,-0.08072,2076.93144,202.227794,12:45,5.67279,0.40444,5.60768,-18.41745,19.84844,7.60504,1.56998,0.96285,78.69387,-6.218555,1.277471,0.445223,,,,,,,,,,,,-3.85945,11.18209,-0.40248,50,5.42583,-0.14801,-124.68856,-6.53283,-6.07724,25.02264,-14.56628,POM_COL,POM_COL,PomonaPitzer,TeamExclusive,Team,20260130-PomonaPitzer-Private-1,625be830-fe29-11f0-915a-63f78c275567,84.65975,,,7.27289,,,,,,,9c723542-d6b6-4c4f-819a-2cccafe8acb4,2026-01-30,22:16:53.96,2026-01-30T14:16:53.9690496-08:00,2026-01-30T22:16:53.9690496Z,,v3,POM_PIT,POM_PIT,,"Lee, Sammy",1000276388,Right,POM_COL,50ad1cf3-7411-4709-8e1f-6716137c688f,54.88916,-125.66589,12.51132,5.66988,-5.9639,-7.28314,-0.40133,0.08935,-3.03862,,,,,,,,,,,,,,,,,,,,,,,,,,,,,,,,,,,,,,,,,,,,,,,,,,,High,High,High,,,,,
126,2026-01-30,14:17:14.03,4,3,"Wiessinger, Jack",1000276383,Right,POM_COL,"DeGrazia, Tanner",1000214434,Right,POM_COL,Undefined,3,Bottom,1,2,0,Fastball,Four-Seam,FoulBallNotFieldable,Undefined,Undefined,Undefined,0,0,,86.36424,-1.466162,-0.200243,2053.565154,200.954707,12:45,5.6314,0.39006,5.53467,-18.06206,19.74824,7.11713,2.75548,0.79598,79.23721,-4.870614,1.068765,0.442564,,,,,,,,,,,,-3.67858,10.75512,-0.37766,50,5.49246,0.14117,-125.43615,-3.76384,-5.88163,24.53219,-14.97777,POM_COL,POM_COL,PomonaPitzer,TeamExclusive,Team,20260130-PomonaPitzer-Private-1,6e4efd30-fe29-11f0-915a-63f78c275567,85.16825,,,7.12703,,,,,,,9c723542-d6b6-4c4f-819a-2cccafe8acb4,2026-01-30,22:17:14.03,2026-01-30T14:17:14.0342272-08:00,2026-01-30T22:17:14.0342272Z,,v3,POM_PIT,POM_PIT,,"Lee, Sammy",1000276388,Right,POM_COL,3c1ee23e-80a8-45b3-8f3c-2b9bbc15fba2,54.96463,-126.40337,12.2661,5.62922,-3.17331,-7.48888,-0.3878,0.37307,-2.94081,,,,,,,,,,,,,,,,,,,,,,,,,,,,,,,,,,,,,,,,,,,,,,,,,,,High,High,High,,,,,
127,2026-01-30,14:17:44.01,4,4,"Wiessinger, Jack",1000276383,Right,POM_COL,"DeGrazia, Tanner",1000214434,Right,POM_COL,Undefined,3,Bottom,1,2,1,Slider,Curveball,HitByPitch,Undefined,Undefined,Undefined,0,0,,78.73244,2.055546,0.589778,1937.145856,237.213772,2:00,5.62891,0.50827,5.33736,-43.47939,2.80973,2.00055,3.93498,1.22831,71.64779,-5.9169,0.945098,0.489678,,,,,,,,,,,,-0.8263,1.27059,-0.56297,50,5.78341,-1.25598,-114.15923,2.6193,-1.08443,22.09954,-30.50656,POM_COL,POM_COL,PomonaPitzer,TeamExclusive,Team,20260130-PomonaPitzer-Private-1,803003f0-fe29-11f0-915a-63f78c275567,76.97388,,,7.08465,,,,,,,9c723542-d6b6-4c4f-819a-2cccafe8acb4,2026-01-30,22:17:44.01,2026-01-30T14:17:44.0189440-08:00,2026-01-30T22:17:44.0189440Z,,v3,POM_PIT,POM_PIT,,"Lee, Sammy",1000276388,Right,POM_COL,3d02bea3-bf70-4d13-a001-d1e72347abe5,55.16005,-115.15381,11.04977,5.63464,3.99223,-15.25328,-0.50754,-1.20718,-0.54221,,,,,,,,,,,,,,,,,,,,,,,,,,,,,,,,,,,,,,,,,,,,,,,,,,,High,High,High,,,,,
128,2026-01-30,14:18:24.30,5,1,"Wiessinger, Jack",1000276383,Right,POM_COL,"Zerger, Justin",10051439,Right,POM_COL,Undefined,3,Bottom,1,0,0,Fastball,Four-Seam,StrikeCalled,Undefined,Undefined,Undefined,0,0,,87.14695,-2.863144,-0.680169,2147.736938,204.346785,12:45,5.69137,0.24263,5.68148,-19.41745,17.81139,7.5026,1.40196,0.2338,79.61475,-6.513646,0.661809,0.439148,,,,,,,,,,,,-3.99504,10.22985,-0.19009,50,5.43803,1.1802,-126.36962,-6.91392,-6.44444,26.33758,-15.67213,POM_COL,POM_COL,PomonaPitzer,TeamExclusive,Team,20260130-PomonaPitzer-Private-1,982d3860-fe29-11f0-915a-63f78c275567,85.8308,,,7.5322,,,,,,,9c723542-d6b6-4c4f-819a-2cccafe8acb4,2026-01-30,22:18:24.30,2026-01-30T14:18:24.3004928-08:00,2026-01-30T22:18:24.3004928Z,,v3,POM_PIT,POM_PIT,,"Lee, Sammy",1000276388,Right,POM_COL,882534f1-2987-4fb5-9ccf-d04d3339ba16,54.8155,-127.3693,13.16879,5.68916,-6.31907,-7.83607,-0.23952,1.4248,-3.22222,,,,,,,,,,,,,,,,,,,,,,,,,,,,,,,,,,,,,,,,,,,,,,,,,,,High,High,High,,,,,
129,2026-01-30,14:18:48.14,5,2,"Wiessinger, Jack",1000276383,Right,POM_COL,"Zerger, Justin",10051439,Right,POM_COL,Undefined,3,Bottom,1,0,1,Slider,Slider,BallCalled,Undefined,Undefined,Undefined,0,0,,77.89787,4.07728,-0.197404,2025.608733,80.853817,8:45,5.60294,0.70376,5.3228,-46.11062,0.88539,-3.14118,5.59305,0.25675,71.3007,-4.344066,-0.754349,0.493403,,,,,,,,,,,,1.50854,-0.15098,-0.6836,50,5.93929,0.5157,-112.8674,6.47111,1.95682,19.4713,-32.36989,POM_COL,POM_COL,PomonaPitzer,TeamExclusive,Team,20260130-PomonaPitzer-Private-1,a66a6470-fe29-11f0-915a-63f78c275567,76.39276,,,6.59716,,,,,,,9c723542-d6b6-4c4f-819a-2cccafe8acb4,2026-01-30,22:18:48.14,2026-01-30T14:18:48.1423872-08:00,2026-01-30T22:18:48.1423872Z,,v3,POM_PIT,POM_PIT,,"Lee, Sammy",1000276388,Right,POM_COL,52bc0a56-b15a-4e43-90cb-21f133e8c8f0,55.17558,-113.75676,9.73565,5.60995,7.94962,-16.18495,-0.70511,0.42632,0.97841,,,,,,,,,,,,,,,,,,,,,,,,,,,,,,,,,,,,,,,,,,,,,,,,,,,High,High,High,,,,,
130,2026-01-30,14:19:08.49,5,3,"Wiessinger, Jack",1000276383,Right,POM_COL,"Zerger, Justin",10051439,Right,POM_COL,Undefined,3,Bottom,1,1,1,Fastball,Four-Seam,StrikeCalled,Undefined,Undefined,Undefined,0,0,,87.67115,-2.744947,-0.383784,2175.376419,201.556858,12:45,5.65138,0.27132,5.65088,-17.81064,19.23489,7.08681,1.60497,0.50393,79.56272,-6.12306,0.882902,0.438066,,,,,,,,,,,,-3.69441,10.95753,-0.24331,50,5.40751,0.54253,-127.05137,-6.61606,-5.98578,28.16008,-14.42037,POM_COL,POM_COL,PomonaPitzer,TeamExclusive,Team,20260130-PomonaPitzer-Private-1,b28c51a0-fe29-11f0-915a-63f78c275567,86.04286,,,8.10842,,,,,,,9c723542-d6b6-4c4f-819a-2cccafe8acb4,2026-01-30,22:19:08.49,2026-01-30T14:19:08.4998144-08:00,2026-01-30T22:19:08.4998144Z,,v3,POM_PIT,POM_PIT,,"Lee, Sammy",1000276388,Right,POM_COL,f2fa0140-6d94-4261-8158-680bbaed593f,54.84489,-128.12071,14.08004,5.64835,-6.06847,-7.21018,-0.26823,0.76983,-2.99289,,,,,,,,,,,,,,,,,,,,,,,,,,,,,,,,,,,,,,,,,,,,,,,,,,,High,High,High,,,,,
131,2026-01-30,14:19:32.15,5,4,"Wiessinger, Jack",1000276383,Right,POM_COL,"Zerger, Justin",10051439,Right,POM_COL,Undefined,3,Bottom,1,1,2,Slider,Slider,BallCalled,Undefined,Undefined,Undefined,0,0,,80.17086,3.776716,0.426814,1984.012031,99.99457,9:15,5.60911,0.52854,5.3654,-42.56085,1.83835,-2.73929,5.60892,0.70048,73.16231,-4.017401,-0.059371,0.479578,,,,,,,,,,,,1.48067,0.34169,-0.56485,50,5.91839,-0.75239,-116.16672,6.19114,2.02819,21.27065,-31.70601,POM_COL,POM_COL,PomonaPitzer,TeamExclusive,Team,20260130-PomonaPitzer-Private-1,c0b6e010-fe29-11f0-915a-63f78c275567,78.59506,,,7.00855,,,,,,,9c723542-d6b6-4c4f-819a-2cccafe8acb4,2026-01-30,22:19:32.15,2026-01-30T14:19:32.1545216-08:00,2026-01-30T22:19:32.1545216Z,,v3,POM_PIT,POM_PIT,,"Lee, Sammy",1000276388,Right,POM_COL,b8c08a86-1f69-4d2a-b82d-67716b17d007,55.13259,-117.10275,10.63533,5.61524,7.58638,-15.85301,-0.52978,-0.84164,1.0141,,,,,,,,,,,,,,,,,,,,,,,,,,,,,,,,,,,,,,,,,,,,,,,,,,,High,High,High,,,,,
132,2026-01-30,14:20:13.32,5,5,"Wiessinger, Jack",1000276383,Right,POM_COL,"Zerger, Justin",10051439,Right,POM_COL,Undefined,3,Bottom,1,2,2,Slider,Slider,InPlay,Undefined,GroundBall,Error,0,2,,80.87691,-0.789354,-0.962536,1947.045307,22.902781,6:45,5.62671,0.32949,5.48438,-42.17845,0.94303,-0.13969,1.37317,-0.58278,74.82189,-8.467114,-0.987464,0.472627,68.6344,-1.419782,-17.40695,2345.90032,,,,25.5601,25.5601,-15.41412,0.230824,-0.18362,1.01591,-0.24501,50,5.52849,1.97994,-117.52245,-3.06154,-0.25798,21.30709,-30.74669,POM_COL,POM_COL,PomonaPitzer,TeamExclusive,Team,20260130-PomonaPitzer-Private-1,d92acb20-fe29-11f0-915a-63f78c275567,79.75096,1.62226,,6.05501,,,,3.0549,1.62226,0.39612,9c723542-d6b6-4c4f-819a-2cccafe8acb4,2026-01-30,22:20:13.32,2026-01-30T14:20:13.3206016-08:00,2026-01-30T22:20:13.3206016Z,GroundBall,v3,POM_PIT,POM_PIT,,"Lee, Sammy",1000276388,Right,POM_COL,a88c255d-081f-478e-a435-fea1d69c0079,55.01653,-118.42847,10.65355,5.63087,-1.75414,-15.37335,-0.32943,1.99091,-0.12899,62.866893,3.05515,96.00999,-10.81267,,,,,,,1.62312,-2.54377,-19.45983,,,,,,,0.39677,-30.14215,-4.3841,,,,,,,,,,,,,,,,,,,,,,,,,,,,,High,High,High,High,High,,,
133,2026-01-30,14:22:21.95,1,1,"Brunngraber, Max",1000276385,Right,POM_COL,"Lee, Sammy",1000276388,Right,POM_COL,Undefined,4,Top,0,0,0,Fastball,Changeup,FoulBallNotFieldable,Undefined,Undefined,Undefined,0,0,,83.57678,-0.012779,-4.455159,2013.109706,234.78661,1:45,5.09209,2.24002,5.51662,-31.56919,9.22091,11.19886,2.44934,-1.00087,76.31678,-5.838016,-2.467678,0.459673,,,,,,,,,,,,-6.93737,5.03607,-1.85911,50,5.06986,8.9708,-121.01393,-1.0906,-10.2769,23.83923,-24.71368,POM_COL,POM_COL,PomonaPitzer,TeamExclusive,Team,20260130-PomonaPitzer-Private-1,25d912b0-fe2a-11f0-915a-63f78c275567,81.9984,,,7.26,,,,,,,9c723542-d6b6-4c4f-819a-2cccafe8acb4,2026-01-30,22:22:21.95,2026-01-30T14:22:21.9567104-08:00,2026-01-30T22:22:21.9567104Z,,v3,POM_PIT,POM_PIT,,"Parker, Will",1000474009,Right,POM_COL,64c7c763-b252-4b1e-b210-92f17351a6ef,54.98253,-121.99152,11.91962,5.0938,-0.07715,-12.35684,-2.23563,9.39223,-5.13845,,,,,,,,,,,,,,,,,,,,,,,,,,,,,,,,,,,,,,,,,,,,,,,,,,,High,High,High,,,,,
134,2026-01-30,14:22:42.17,1,2,"Brunngraber, Max",1000276385,Right,POM_COL,"Lee, Sammy",1000276388,Right,POM_COL,Undefined,4,Top,0,0,1,Cutter,Slider,StrikeCalled,Undefined,Undefined,Undefined,0,0,,75.86905,0.318875,-2.984459,2294.917228,160.256423,11:15,4.90705,2.31032,5.15387,-41.26691,8.99036,-2.63138,1.76873,-0.72095,69.31721,-7.223326,-3.449322,0.510236,,,,,,,,,,,,0.43425,4.9017,-2.02918,50,4.90564,5.83316,-109.87509,-0.74274,0.52844,20.29081,-26.20898,POM_COL,POM_COL,PomonaPitzer,TeamExclusive,Team,20260130-PomonaPitzer-Private-1,31eb9690-fe2a-11f0-915a-63f78c275567,73.87261,,,6.55184,,,,,,,9c723542-d6b6-4c4f-819a-2cccafe8acb4,2026-01-30,22:22:42.17,2026-01-30T14:22:42.1762560-08:00,2026-01-30T22:22:42.1762560Z,,v3,POM_PIT,POM_PIT,,"Parker, Will",1000474009,Right,POM_COL,85270cb3-9a71-42dc-9106-e0aaf33fb62e,55.34193,-110.8572,10.1454,4.91089,0.52582,-13.10449,-2.3109,5.80758,0.26422,,,,,,,,,,,,,,,,,,,,,,,,,,,,,,,,,,,,,,,,,,,,,,,,,,,High,High,High,,,,,
135,2026-01-30,14:22:58.01,1,3,"Brunngraber, Max",1000276385,Right,POM_COL,"Lee, Sammy",1000276388,Right,POM_COL,Undefined,4,Top,0,0,2,Slider,Curveball,FoulBallNotFieldable,Undefined,Undefined,Undefined,0,0,,71.20881,3.035358,-0.687541,2370.298311,104.294423,9:30,4.689,2.31808,5.19016,-52.64271,4.04945,-8.97898,3.16043,0.92302,65.20329,-6.569317,-2.276581,0.541917,,,,,,,,,,,,4.32146,1.62929,-2.247,50,4.9308,1.5625,-103.22957,3.84027,4.66032,17.28114,-30.417,POM_COL,POM_COL,PomonaPitzer,TeamExclusive,Team,20260130-PomonaPitzer-Private-1,3b6212d0-fe2a-11f0-915a-63f78c275567,69.55388,,,6.00551,,,,,,,9c723542-d6b6-4c4f-819a-2cccafe8acb4,2026-01-30,22:22:58.01,2026-01-30T14:22:58.0165120-08:00,2026-01-30T22:22:58.0165120Z,,v3,POM_PIT,POM_PIT,,"Parker, Will",1000474009,Right,POM_COL,04a9d131-b92c-4fd6-8c4d-2976e76e4f14,55.30967,-104.11464,8.64057,4.69423,5.39811,-15.2085,-2.32092,1.32381,2.33016,,,,,,,,,,,,,,,,,,,,,,,,,,,,,,,,,,,,,,,,,,,,,,,,,,,High,High,High,,,,,
136,2026-01-30,14:23:22.45,1,4,"Brunngraber, Max",1000276385,Right,POM_COL,"Lee, Sammy",1000276388,Right,POM_COL,Undefined,4,Top,0,0,2,Fastball,Changeup,BallCalled,Undefined,Undefined,Undefined,0,0,,82.49241,1.68011,-5.315196,2046.380863,243.468333,2:00,5.08917,2.23489,5.42707,-33.54061,8.72437,14.6591,3.87495,-1.53602,74.85368,-4.506235,-2.724877,0.467909,,,,,,,,,,,,-8.80898,4.34217,-1.77251,50,5.21587,10.45982,-119.15895,2.36887,-12.63127,23.47281,-25.94776,POM_COL,POM_COL,PomonaPitzer,TeamExclusive,Team,20260130-PomonaPitzer-Private-1,49e68110-fe2a-11f0-915a-63f78c275567,80.55499,,,7.63873,,,,,,,9c723542-d6b6-4c4f-819a-2cccafe8acb4,2026-01-30,22:23:22.45,2026-01-30T14:23:22.4524288-08:00,2026-01-30T22:23:22.4524288Z,,v3,POM_PIT,POM_PIT,,"Parker, Will",1000474009,Right,POM_COL,d08ce89e-73d5-4970-b656-d9211f77ee9b,55.06943,-120.15342,11.7364,5.09222,3.4682,-12.97388,-2.227,10.99497,-6.31564,,,,,,,,,,,,,,,,,,,,,,,,,,,,,,,,,,,,,,,,,,,,,,,,,,,High,High,High,,,,,
137,2026-01-30,14:23:42.14,1,5,"Brunngraber, Max",1000276385,Right,POM_COL,"Lee, Sammy",1000276388,Right,POM_COL,Undefined,4,Top,0,1,2,Slider,Curveball,FoulBallNotFieldable,Undefined,Undefined,Undefined,0,0,,73.17205,1.674747,-2.288032,2140.535313,111.11727,9:45,4.89656,2.14254,5.18565,-47.24577,6.59674,-12.66158,2.53673,-1.06634,67.01808,-6.946706,-4.525867,0.528122,,,,,,,,,,,,5.69851,3.27543,-1.91973,50,5.01644,4.70723,-106.06002,1.60907,6.46628,18.78139,-28.45729,POM_COL,POM_COL,PomonaPitzer,TeamExclusive,Team,20260130-PomonaPitzer-Private-1,55b19bb0-fe2a-11f0-915a-63f78c275567,71.37073,,,6.15397,,,,,,,9c723542-d6b6-4c4f-819a-2cccafe8acb4,2026-01-30,22:23:42.14,2026-01-30T14:23:42.1438464-08:00,2026-01-30T22:23:42.1438464Z,,v3,POM_PIT,POM_PIT,,"Parker, Will",1000474009,Right,POM_COL,3b84cd6c-1f48-4f85-b7b9-12b993867cfc,55.31349,-106.99681,9.3907,4.90078,3.02848,-14.22865,-2.14648,4.3847,3.23314,,,,,,,,,,,,,,,,,,,,,,,,,,,,,,,,,,,,,,,,,,,,,,,,,,,High,High,High,,,,,
138,2026-01-30,14:24:03.36,1,6,"Brunngraber, Max",1000276385,Right,POM_COL,"Lee, Sammy",1000276388,Right,POM_COL,Undefined,4,Top,0,1,2,Curveball,Curveball,FoulBallNotFieldable,Undefined,Undefined,Undefined,0,0,,68.0915,2.687463,-2.028621,2128.068792,87.655947,9:00,4.82404,2.17001,4.98466,-61.87543,1.47748,-17.40808,2.20902,-1.19712,61.94558,-8.543623,-5.094009,0.572868,,,,,,,,,,,,7.97867,0.48193,-1.95937,50,5.03321,4.11626,-98.52152,2.72368,7.72818,17.77439,-31.70726,POM_COL,POM_COL,PomonaPitzer,TeamExclusive,Team,20260130-PomonaPitzer-Private-1,625c19d0-fe2a-11f0-915a-63f78c275567,65.79601,,,6.14592,,,,,,,9c723542-d6b6-4c4f-819a-2cccafe8acb4,2026-01-30,22:24:03.36,2026-01-30T14:24:03.3633280-08:00,2026-01-30T22:24:03.3633280Z,,v3,POM_PIT,POM_PIT,,"Parker, Will",1000474009,Right,POM_COL,63bcbab0-2268-4ef7-930d-1e25cb2772e2,55.51402,-99.51134,8.8872,4.83237,4.48939,-15.85363,-2.17661,3.68589,3.86409,,,,,,,,,,,,,,,,,,,,,,,,,,,,,,,,,,,,,,,,,,,,,,,,,,,High,High,High,,,,,
139,2026-01-30,14:24:25.10,1,7,"Brunngraber, Max",1000276385,Right,POM_COL,"Lee, Sammy",1000276388,Right,POM_COL,Undefined,4,Top,0,1,2,ChangeUp,Changeup,BallCalled,Undefined,Undefined,Undefined,0,0,,73.99848,0.43711,-6.002271,1584.790545,285.181882,3:30,4.83824,2.12314,5.78579,-55.72424,-2.64433,17.63757,0.60346,-2.01169,66.33238,-9.813577,-2.860644,0.524368,,,,,,,,,,,,-11.07977,-0.82173,-1.63723,50,4.84174,10.56427,-106.67324,-0.88575,-12.40927,23.13669,-33.09439,POM_COL,POM_COL,PomonaPitzer,TeamExclusive,Team,20260130-PomonaPitzer-Private-1,6f4e0130-fe2a-11f0-915a-63f78c275567,71.8816,,,7.6661,,,,,,,9c723542-d6b6-4c4f-819a-2cccafe8acb4,2026-01-30,22:24:25.10,2026-01-30T14:24:25.1019264-08:00,2026-01-30T22:24:25.1019264Z,,v3,POM_PIT,POM_PIT,,"Parker, Will",1000474009,Right,POM_COL,4afea38b-1d2a-4f48-9248-704467f01b7f,54.71098,-107.69018,11.56834,4.84871,0.56885,-16.5472,-2.11355,11.1097,-6.20464,,,,,,,,,,,,,,,,,,,,,,,,,,,,,,,,,,,,,,,,,,,,,,,,,,,High,High,High,,,,,
140,2026-01-30,14:24:47.53,1,8,"Brunngraber, Max",1000276385,Right,POM_COL,"Lee, Sammy",1000276388,Right,POM_COL,Undefined,4,Top,0,2,2,Slider,Curveball,InPlay,Undefined,GroundBall,Out,1,0,,70.18322,1.929094,-2.346207,2180.796857,80.541637,8:45,4.5747,2.37592,5.54929,-57.98582,0.15374,-10.84784,1.54741,-0.72173,64.06596,-8.685242,-4.278036,0.548791,92.46506,-12.347629,-18.516601,,,,,8.73823,8.14928,-10.037166,0.052168,4.77059,0.01638,-2.16535,50,4.70345,4.54206,-101.71277,1.72111,4.93945,18.4957,-32.1571,POM_COL,POM_COL,PomonaPitzer,TeamExclusive,Team,20260130-PomonaPitzer-Private-1,7cad7770-fe2a-11f0-915a-63f78c275567,68.68264,1.51461,,6.11726,,,,2.04367,1.51461,0.67437,9c723542-d6b6-4c4f-819a-2cccafe8acb4,2026-01-30,22:24:47.53,2026-01-30T14:24:47.5391488-08:00,2026-01-30T22:24:47.5391488Z,GroundBall,v3,POM_PIT,POM_PIT,,"Parker, Will",1000474009,Right,POM_COL,57747cd0-80dd-4e69-b4eb-2c0728a3ff10,54.94987,-102.60892,9.24785,4.58231,3.27917,-16.07855,-2.37962,4.30273,2.46973,180,2.04247,125.76261,,,,,,,,1.51489,-29.03322,,,,,,,,0.67477,-42.1201,,,,,,,,,,,,,,,,,,,,,,,,,,,,,,High,High,High,Medium,High,,,
141,2026-01-30,14:25:16.95,2,1,"Brunngraber, Max",1000276385,Right,POM_COL,"Winthrop, Nolan",1000159423,Left,POM_COL,Undefined,4,Top,1,0,0,Fastball,Changeup,FoulBallNotFieldable,Undefined,Undefined,Undefined,0,0,,84.3008,-0.068365,-4.197833,2137.254922,243.149728,2:00,5.09101,2.25513,5.47163,-33.96911,6.10437,9.55571,2.1961,-0.884,77.17639,-6.303718,-2.502037,0.455617,,,,,,,,,,,,-5.99713,3.46028,-1.8924,50,5.06178,8.56632,-122.1174,-1.3321,-9.06179,23.9049,-26.94551,POM_COL,POM_COL,PomonaPitzer,TeamExclusive,Team,20260130-PomonaPitzer-Private-1,8e2730e0-fe2a-11f0-915a-63f78c275567,82.72831,,,7.12441,,,,,,,9c723542-d6b6-4c4f-819a-2cccafe8acb4,2026-01-30,22:25:16.95,2026-01-30T14:25:16.9540608-08:00,2026-01-30T22:25:16.9540608Z,,v3,POM_PIT,POM_PIT,,"Parker, Will",1000474009,Right,POM_COL,58e44443-a5f9-46c8-8525-7785c678cb8c,55.02768,-123.09765,11.95245,5.09375,-0.22717,-13.47275,-2.25129,8.93791,-4.5309,,,,,,,,,,,,,,,,,,,,,,,,,,,,,,,,,,,,,,,,,,,,,,,,,,,High,High,High,,,,,
142,2026-01-30,14:25:31.11,2,2,"Brunngraber, Max",1000276385,Right,POM_COL,"Winthrop, Nolan",1000159423,Left,POM_COL,Undefined,4,Top,1,0,1,Curveball,Curveball,BallCalled,Undefined,Undefined,Undefined,0,0,,65.84421,3.303453,2.47347,2049.253022,101.134222,9:15,4.64542,2.36543,4.71633,-61.50476,7.09949,-23.46021,2.6614,2.75919,59.50092,-7.875297,-1.640121,0.596138,,,,,,,,,,,,12.12579,3.20815,-2.5936,50,4.92609,-3.23735,-95.10313,3.61025,10.9512,16.47656,-29.27665,POM_COL,POM_COL,PomonaPitzer,TeamExclusive,Team,20260130-PomonaPitzer-Private-1,96af5580-fe2a-11f0-915a-63f78c275567,63.22769,,,6.34329,,,,,,,9c723542-d6b6-4c4f-819a-2cccafe8acb4,2026-01-30,22:25:31.11,2026-01-30T14:25:31.1156736-08:00,2026-01-30T22:25:31.1156736Z,,v3,POM_PIT,POM_PIT,,"Parker, Will",1000474009,Right,POM_COL,43b0605d-f7f2-4ba7-be10-037c52da8c95,55.77962,-96.09922,8.23828,4.65433,5.38019,-14.63832,-2.37787,-3.89941,5.4756,,,,,,,,,,,,,,,,,,,,,,,,,,,,,,,,,,,,,,,,,,,,,,,,,,,High,High,High,,,,,
143,2026-01-30,14:25:53.07,2,3,"Brunngraber, Max",1000276385,Right,POM_COL,"Winthrop, Nolan",1000159423,Left,POM_COL,Undefined,4,Top,1,1,1,Slider,Curveball,StrikeCalled,Undefined,Undefined,Undefined,0,0,,72.28215,1.106958,-1.425831,2422.192694,100.235504,9:15,4.69926,2.38018,5.35479,-51.28963,3.33134,-8.98469,1.46373,0.29396,66.48279,-8.246071,-3.022572,0.531926,,,,,,,,,,,,4.10414,1.88736,-2.24534,50,4.76235,2.93954,-104.8932,0.42957,4.56705,17.94141,-30.0738,POM_COL,POM_COL,PomonaPitzer,TeamExclusive,Team,20260130-PomonaPitzer-Private-1,a3ba9140-fe2a-11f0-915a-63f78c275567,70.86032,,,5.79936,,,,,,,9c723542-d6b6-4c4f-819a-2cccafe8acb4,2026-01-30,22:25:53.07,2026-01-30T14:25:53.0772480-08:00,2026-01-30T22:25:53.0772480Z,,v3,POM_PIT,POM_PIT,,"Parker, Will",1000474009,Right,POM_COL,c18f12de-70ea-4bf0-a97a-0e5045347571,55.14382,-105.76936,8.97071,4.70551,1.89821,-15.0369,-2.38344,2.71651,2.28352,,,,,,,,,,,,,,,,,,,,,,,,,,,,,,,,,,,,,,,,,,,,,,,,,,,High,High,High,,,,,
144,2026-01-30,14:26:07.80,2,4,"Brunngraber, Max",1000276385,Right,POM_COL,"Winthrop, Nolan",1000159423,Left,POM_COL,Undefined,4,Top,1,1,2,ChangeUp,Changeup,InPlay,Undefined,LineDrive,Single,0,0,,77.09412,0.076208,-3.543851,1586.663124,263.772284,2:45,4.85405,2.27599,5.62366,-44.55983,3.18654,14.8595,1.21198,0.20307,70.56851,-8.099323,-0.89264,0.497326,77.36757,16.752568,23.771445,2011.643143,98.41626,15.5491,49.13471,177.97657,177.97657,28.723478,1.953977,-8.62626,2.00051,-1.98365,50,4.83169,6.37285,-111.77465,-1.25986,-10.86703,20.94157,-29.65389,POM_COL,POM_COL,PomonaPitzer,TeamExclusive,Team,20260130-PomonaPitzer-Private-1,ac7c6380-fe2a-11f0-915a-63f78c275567,75.79014,16.11019,,6.52561,,,,2.87507,1.41283,-0.24966,9c723542-d6b6-4c4f-819a-2cccafe8acb4,2026-01-30,22:26:07.80,2026-01-30T14:26:07.8047232-08:00,2026-01-30T22:26:07.8047232Z,LineDrive,v3,POM_PIT,POM_PIT,,"Parker, Will",1000474009,Right,POM_COL,aab58350-5bd8-4027-b1ce-1c8b5470f834,54.87677,-112.68463,10.47079,4.85844,0.02871,-14.82695,-2.27083,6.84507,-5.43352,258.480901,2.87507,99.43798,-15.26937,3.33336,-0.69395,0.1151,-0.01963,0.00277,-0.00018,1.41283,32.70715,-19.3799,1.45747,-0.19814,0.02569,-0.00163,0.00062,-0.00011,-0.24966,43.79821,1.55914,-1.39553,0.48979,-0.12649,0.02676,-0.00396,0.0003,,,,,,,,,,,,,,,,,,,,,,,High,High,High,High,High,,,
145,2026-01-30,14:26:41.29,3,1,"Brunngraber, Max",1000276385,Right,POM_COL,"Nahabedian, George",1000214430,Right,POM_COL,Undefined,4,Top,1,0,0,Slider,Curveball,FoulBallNotFieldable,Undefined,Undefined,Undefined,0,0,,72.06622,1.662192,-2.677591,2401.921078,106.267189,9:30,4.69161,2.30434,5.57759,-50.19558,4.31961,-9.093,2.06321,-0.95601,66.31065,-7.531137,-4.296341,0.531411,57.31766,55.794523,71.22723,,,,,,37.00747,,,3.89358,2.17032,-2.06757,50,4.8017,5.20377,-104.5394,1.54774,4.3072,17.68142,-29.77317,POM_COL,POM_COL,PomonaPitzer,TeamExclusive,Team,20260130-PomonaPitzer-Private-1,c07833f0-fe2a-11f0-915a-63f78c275567,70.92904,49.39265,,5.75557,,,,2.67426,2.22731,0.86196,9c723542-d6b6-4c4f-819a-2cccafe8acb4,2026-01-30,22:26:41.29,2026-01-30T14:26:41.2982272-08:00,2026-01-30T22:26:41.2982272Z,,v3,POM_PIT,POM_PIT,,"Parker, Will",1000474009,Right,POM_COL,dddb2416-8bd5-4c63-8551-582b96c56be0,54.92243,-105.36867,8.84071,4.69636,2.94412,-14.88659,-2.30689,5.00176,2.1536,,2.67426,15.20858,0.09365,0.04414,0.00551,-0.03592,0.04862,-0.03486,0.01033,2.22731,69.52502,-12.00126,0.1373,0.48607,-1.38977,1.86531,-1.33667,0.39622,0.86196,44.74439,-1.81441,-0.10963,-0.20479,0.6334,-0.85784,0.61549,-0.18247,,,,,,,,,,,,,,,,,,,,,,,High,High,High,Low,Undefined,,,
146,2026-01-30,14:27:05.29,3,2,"Brunngraber, Max",1000276385,Right,POM_COL,"Nahabedian, George",1000214430,Right,POM_COL,Undefined,4,Top,1,0,1,Fastball,Changeup,StrikeCalled,Undefined,Undefined,Undefined,0,0,,83.95072,0.491291,-4.5895,2118.086431,230.105958,1:45,5.07789,2.05041,5.58035,-30.54462,9.85815,10.21733,2.99282,-1.39355,76.47885,-5.163493,-2.775364,0.457485,,,,,,,,,,,,-6.41638,5.2565,-1.66158,50,5.10055,9.31853,-121.48293,0.0219,-9.57507,24.11464,-24.32988,POM_COL,POM_COL,PomonaPitzer,TeamExclusive,Team,20260130-PomonaPitzer-Private-1,ceb475a0-fe2a-11f0-915a-63f78c275567,82.39053,,,7.47187,,,,,,,9c723542-d6b6-4c4f-819a-2cccafe8acb4,2026-01-30,22:27:05.29,2026-01-30T14:27:05.2948992-08:00,2026-01-30T22:27:05.2948992Z,,v3,POM_PIT,POM_PIT,,"Parker, Will",1000474009,Right,POM_COL,62b42289-313f-4ee5-bbd7-f0a564c854e4,54.91602,-122.45489,12.05732,5.07991,1.00252,-12.16494,-2.04495,9.70446,-4.78753,,,,,,,,,,,,,,,,,,,,,,,,,,,,,,,,,,,,,,,,,,,,,,,,,,,High,High,High,,,,,
147,2026-01-30,14:27:22.83,3,3,"Brunngraber, Max",1000276385,Right,POM_COL,"Nahabedian, George",1000214430,Right,POM_COL,Undefined,4,Top,1,0,2,Fastball,Changeup,StrikeSwinging,Strikeout,Undefined,Undefined,0,0,,85.61519,0.785372,-3.93133,2103.576118,236.740879,2:00,5.2283,2.15186,5.62715,-30.26691,8.41418,10.93308,3.44066,-0.61115,78.03657,-4.819487,-1.985428,0.447631,,,,,,,,,,,,-6.58355,4.43851,-1.82342,50,5.27616,8.05112,-124.01592,0.66714,-10.24715,24.93509,-25.2656,POM_COL,POM_COL,PomonaPitzer,TeamExclusive,Team,20260130-PomonaPitzer-Private-1,d92f6990-fe2a-11f0-915a-63f78c275567,84.20418,,,7.57862,,,,,,,9c723542-d6b6-4c4f-819a-2cccafe8acb4,2026-01-30,22:27:22.83,2026-01-30T14:27:22.8300000-08:00,2026-01-30T22:27:22.8300000Z,,v3,POM_PIT,POM_PIT,,"Parker, Will",1000474009,Right,POM_COL,ddad820f-f3fd-4bd1-9c94-1dce8f94e9c3,54.86948,-124.99116,12.46754,5.23074,1.65531,-12.6328,-2.14615,8.4519,-5.12358,,,,,,,,,,,,,,,,,,,,,,,,,,,,,70.67393,2.174297,0.73897,1.435327,-2.13323,3.12819,0.7302,-2.7968,6.00749,1.85131,127.28177,8.42196,6.30389,-2.6145,100.15679,-6.75043,6.04063,19.11299,-12.16451,1.84098,2.67407,0.30448,High,High,High,,,High,High,High
148,2026-01-30,14:27:55.07,4,1,,,Right,POM_COL,,,Left,POM_COL,Undefined,4,Top,2,0,0,Fastball,Changeup,BallCalled,Undefined,Undefined,Undefined,0,0,,84.59223,0.378384,-2.081275,2066.608518,249.940658,2:15,5.01421,2.2977,5.63183,-32.87494,6.51327,14.47304,2.6279,1.56106,77.45404,-5.690136,0.503434,0.451705,,,,,,,,,,,,-7.84229,3.60225,-2.12966,50,5.02559,3.84935,-122.80076,-0.32081,-11.99149,24.0081,-26.66593,POM_COL,POM_COL,PomonaPitzer,TeamExclusive,Team,20260130-PomonaPitzer-Private-1,ec6ea0c0-fe2a-11f0-915a-63f78c275567,83.44487,,,7.13819,,,,,,,9c723542-d6b6-4c4f-819a-2cccafe8acb4,2026-01-30,22:27:55.07,2026-01-30T14:27:55.0790000-08:00,2026-01-30T22:27:55.0790000Z,,v3,POM_PIT,POM_PIT,,,,Undefined,POM_COL,eb47a771-df6f-4b0d-aa43-2d5b5f9a9509,54.86598,-123.74843,12.00405,5.01747,0.73176,-13.33297,-2.29094,4.32269,-5.99574,,,,,,,,,,,,,,,,,,,,,,,,,,,,,,,,,,,,,,,,,,,,,,,,,,,High,High,High,,,,,
149,2026-01-30,14:28:13.00,4,2,"Brunngraber, Max",1000276385,Right,POM_COL,"Hu, Landon",1000261921,Left,POM_COL,Undefined,4,Top,2,1,0,Slider,Curveball,StrikeCalled,Undefined,Undefined,Undefined,0,0,,73.55509,1.682652,-1.489082,2107.567166,113.985341,9:45,4.65425,2.45776,5.17494,-46.1977,6.36209,-11.01316,2.3888,0.13847,68.16183,-6.716193,-3.437496,0.521793,,,,,,,,,,,,5.10953,3.23323,-2.31051,50,4.77575,3.19398,-106.79919,1.64635,5.96548,16.52275,-28.39919,POM_COL,POM_COL,PomonaPitzer,TeamExclusive,Team,20260130-PomonaPitzer-Private-1,f7253e20-fe2a-11f0-915a-63f78c275567,72.23637,,,5.39327,,,,,,,9c723542-d6b6-4c4f-819a-2cccafe8acb4,2026-01-30,22:28:13.00,2026-01-30T14:28:13.0010000-08:00,2026-01-30T22:28:13.0010000Z,,v3,POM_PIT,POM_PIT,,"Parker, Will",1000474009,Right,POM_COL,b660ebb6-34aa-4d5f-9a20-63ca43dc0ace,55.32411,-107.61972,8.26137,4.65897,3.05668,-14.19959,-2.46177,2.89773,2.98274,,,,,,,,,,,,,,,,,,,,,,,,,,,,,,,,,,,,,,,,,,,,,,,,,,,High,High,High,,,,,
150,2026-01-30,14:28:28.47,4,3,"Brunngraber, Max",1000276385,Right,POM_COL,"Hu, Landon",1000261921,Left,POM_COL,Undefined,4,Top,2,1,1,Slider,Curveball,StrikeCalled,Undefined,Undefined,Undefined,0,0,,71.59998,2.027845,-1.030188,2285.007308,116.331374,10:00,4.73187,2.31912,4.9078,-47.24459,9.27784,-15.26174,2.71358,0.07301,65.77183,-6.562754,-3.716613,0.541105,62.1645,33.156628,-174.084455,4528.795831,,,,,18.56849,,,7.30205,4.50918,-2.2048,50,4.89078,2.43828,-103.82971,2.16657,7.98169,17.17142,-27.24519,POM_COL,POM_COL,PomonaPitzer,TeamExclusive,Team,20260130-PomonaPitzer-Private-1,005cb590-fe2b-11f0-915a-63f78c275567,69.65822,14.76742,,5.82815,,,,2.38538,2.81545,-0.11673,9c723542-d6b6-4c4f-819a-2cccafe8acb4,2026-01-30,22:28:28.47,2026-01-30T14:28:28.4780000-08:00,2026-01-30T22:28:28.4780000Z,,v3,POM_PIT,POM_PIT,,"Parker, Will",1000474009,Right,POM_COL,64d46d42-2d2b-4b51-9da5-6a1dd3e86d9d,55.59152,-104.75036,8.58571,4.73546,3.62733,-13.6226,-2.32406,2.01034,3.99085,33.879924,2.3859,-75.94765,3.64619,,,,,,,2.81796,49.74617,-24.50137,,,,,,,-0.118,-7.80613,4.69243,,,,,,,,,,,,,,,,,,,,,,,,,,,,,High,High,High,High,Undefined,,,
151,2026-01-30,14:28:49.54,4,4,"Brunngraber, Max",1000276385,Right,POM_COL,"Hu, Landon",1000261921,Left,POM_COL,Undefined,4,Top,2,1,2,Fastball,Changeup,InPlay,Undefined,GroundBall,Out,1,0,,84.77828,0.326593,-3.289778,2124.526532,260.178934,2:45,4.94125,2.27809,5.72382,-35.90344,3.30666,11.90835,2.254,0.20294,77.53887,-6.288448,-1.162281,0.450682,64.2985,-58.018103,57.722692,,,,,2.11738,1.15982,27.262701,0.027636,-7.00296,1.94764,-2.01074,50,4.94632,6.58479,-122.97972,-0.52902,-10.7135,24.62831,-29.19448,POM_COL,POM_COL,PomonaPitzer,TeamExclusive,Team,20260130-PomonaPitzer-Private-1,0cd83470-fe2b-11f0-915a-63f78c275567,83.6342,2.21926,,7.2394,,,,1.14214,2.21926,-0.20173,9c723542-d6b6-4c4f-819a-2cccafe8acb4,2026-01-30,22:28:49.54,2026-01-30T14:28:49.5410000-08:00,2026-01-30T22:28:49.5410000Z,GroundBall,v3,POM_PIT,POM_PIT,,"Parker, Will",1000474009,Right,POM_COL,cb72ba32-1e43-4e21-841a-b32cf3575882,54.77588,-123.93246,12.31415,4.94494,0.60036,-14.59724,-2.27349,6.99924,-5.35675,,1.14168,26.77732,,,,,,,,2.22065,-80.30225,,,,,,,,-0.20246,42.39469,,,,,,,,,,,,,,,,,,,,,,,,,,,,,,High,High,High,Estimated,Estimated,,,
152,2026-01-30,14:31:21.06,1,1,"Wiessinger, Jack",1000276383,Right,POM_COL,"Parker, Will",1000474009,Left,POM_COL,Undefined,4,Bottom,0,0,0,Fastball,Sinker,StrikeCalled,Undefined,Undefined,Undefined,0,0,,87.15055,-1.510058,-0.305898,2130.338871,221.384463,1:30,5.71702,0.28963,5.56009,-21.08249,15.86981,13.02737,2.549,1.08945,80.35408,-5.435804,2.018625,0.437514,,,,,,,,,,,,-6.65185,8.74985,-0.2719,50,5.57282,0.11595,-126.62243,-4.02574,-10.88768,23.87809,-17.85238,POM_COL,POM_COL,PomonaPitzer,TeamExclusive,Team,20260130-PomonaPitzer-Private-1,67312c10-fe2b-11f0-915a-63f78c275567,86.15137,,,6.79647,,,,,,,9c723542-d6b6-4c4f-819a-2cccafe8acb4,2026-01-30,22:31:21.06,2026-01-30T14:31:21.0690000-08:00,2026-01-30T22:31:21.0690000Z,,v3,POM_PIT,POM_PIT,,"Lee, Sammy",1000276388,Right,POM_COL,28d82155-06bd-405a-8a56-ceb931446ce1,54.93856,-127.55033,11.93905,5.71577,-3.332,-8.92619,-0.28463,0.53905,-5.44384,,,,,,,,,,,,,,,,,,,,,,,,,,,,,,,,,,,,,,,,,,,,,,,,,,,High,High,High,,,,,
153,2026-01-30,14:31:40.20,1,2,"Wiessinger, Jack",1000276383,Right,POM_COL,"Parker, Will",1000474009,Left,POM_COL,Undefined,4,Bottom,0,0,1,Fastball,Four-Seam,FoulBallNotFieldable,Undefined,Undefined,Undefined,0,0,,88.22299,-3.139571,-0.712231,2150.580885,188.191676,12:15,5.70317,0.36679,5.70496,-13.68702,22.67111,3.08697,1.63416,-0.03962,80.36712,-5.774705,-0.160146,0.433982,,,,,,,,,,,,-1.78272,12.82469,-0.30908,50,5.43161,1.45916,-127.90064,-7.37802,-2.94039,27.43539,-11.02131,POM_COL,POM_COL,PomonaPitzer,TeamExclusive,Team,20260130-PomonaPitzer-Private-1,729854c0-fe2b-11f0-915a-63f78c275567,86.85244,,,7.85586,,,,,,,9c723542-d6b6-4c4f-819a-2cccafe8acb4,2026-01-30,22:31:40.20,2026-01-30T14:31:40.2080000-08:00,2026-01-30T22:31:40.2080000Z,,v3,POM_PIT,POM_PIT,,"Lee, Sammy",1000276388,Right,POM_COL,815c77f4-d377-4ff1-8644-26f3efc186ae,54.79299,-128.92466,13.71769,5.69932,-6.96664,-5.51066,-0.36559,1.56891,-1.47019,,,,,,,,,,,,,,,,,,,,,,,,,,,,,,,,,,,,,,,,,,,,,,,,,,,High,High,High,,,,,
154,2026-01-30,14:32:06.25,1,3,"Wiessinger, Jack",1000276383,Right,POM_COL,"Parker, Will",1000474009,Left,POM_COL,Undefined,4,Bottom,0,0,2,Fastball,Four-Seam,BallCalled,Undefined,Undefined,Undefined,0,0,,88.24357,0.330729,1.237991,2062.788384,193.952423,12:30,5.69912,0.45947,5.55133,-14.67942,22.14789,5.17792,4.78495,2.04795,79.41981,-2.516011,2.160598,0.436774,,,,,,,,,,,,-2.18921,11.39631,-0.5699,50,5.71826,-2.99935,-127.87412,0.35769,-3.57676,29.63434,-13.55462,POM_COL,POM_COL,PomonaPitzer,TeamExclusive,Team,20260130-PomonaPitzer-Private-1,8223abb0-fe2b-11f0-915a-63f78c275567,86.29741,,,8.82376,,,,,,,9c723542-d6b6-4c4f-819a-2cccafe8acb4,2026-01-30,22:32:06.25,2026-01-30T14:32:06.2560000-08:00,2026-01-30T22:32:06.2560000Z,,v3,POM_PIT,POM_PIT,,"Lee, Sammy",1000276388,Right,POM_COL,efcb0a15-0e02-4fac-a98d-fcf5a3ea9818,54.94176,-129.01428,14.81717,5.69447,0.87919,-6.77731,-0.45714,-2.86174,-1.78838,,,,,,,,,,,,,,,,,,,,,,,,,,,,,,,,,,,,,,,,,,,,,,,,,,,High,High,High,,,,,
155,2026-01-30,14:32:25.65,1,4,"Wiessinger, Jack",1000276383,Right,POM_COL,"Parker, Will",1000474009,Left,POM_COL,Undefined,4,Bottom,0,1,2,ChangeUp,Changeup,BallCalled,Undefined,Undefined,Undefined,0,0,,78.12829,1.279692,-0.752228,1886.607185,233.088562,1:45,5.61958,0.73876,5.47624,-31.33061,16.04717,19.02131,4.20645,1.61995,70.09305,-4.600946,2.633783,0.495403,,,,,,,,,,,,-9.71319,8.15138,-0.68558,50,5.71129,0.71033,-113.14703,1.58625,-12.3492,24.35437,-21.81052,POM_COL,POM_COL,PomonaPitzer,TeamExclusive,Team,20260130-PomonaPitzer-Private-1,8db00fa0-fe2b-11f0-915a-63f78c275567,76.08438,,,8.03524,,,,,,,9c723542-d6b6-4c4f-819a-2cccafe8acb4,2026-01-30,22:32:25.65,2026-01-30T14:32:25.6510000-08:00,2026-01-30T22:32:25.6510000Z,,v3,POM_PIT,POM_PIT,,"Lee, Sammy",1000276388,Right,POM_COL,303c1ab1-5dea-4aef-9524-e9965eb3839c,55.0173,-114.22187,12.17719,5.62004,2.54883,-10.90526,-0.72895,1.25534,-6.1746,,,,,,,,,,,,,,,,,,,,,,,,,,,,,,,,,,,,,,,,,,,,,,,,,,,High,High,High,,,,,
156,2026-01-30,14:32:46.46,1,5,"Wiessinger, Jack",1000276383,Right,POM_COL,"Parker, Will",1000474009,Left,POM_COL,Undefined,4,Bottom,0,2,2,Fastball,Changeup,BallCalled,Undefined,Undefined,Undefined,0,0,,86.55654,-0.003514,0.637777,1986.369264,215.910534,1:15,5.74636,0.23671,5.59583,-19.76174,18.77639,12.53068,4.09626,1.87641,77.36438,-3.783287,2.873136,0.446804,,,,,,,,,,,,-6.01717,9.87032,-0.2992,50,5.7336,-1.95985,-125.34109,-0.58132,-9.3576,30.63338,-16.82422,POM_COL,POM_COL,PomonaPitzer,TeamExclusive,Team,20260130-PomonaPitzer-Private-1,9a11ec00-fe2b-11f0-915a-63f78c275567,84.36018,,,9.19217,,,,,,,9c723542-d6b6-4c4f-819a-2cccafe8acb4,2026-01-30,22:32:46.46,2026-01-30T14:32:46.4660000-08:00,2026-01-30T22:32:46.4660000Z,,v3,POM_PIT,POM_PIT,,"Lee, Sammy",1000276388,Right,POM_COL,19e55d50-c029-438b-aeda-c8210ccb4a28,54.89579,-126.53197,15.31669,5.74348,0.07273,-8.41211,-0.23008,-1.59608,-4.6788,,,,,,,,,,,,,,,,,,,,,,,,,,,,,,,,,,,,,,,,,,,,,,,,,,,High,High,High,,,,,
157,2026-01-30,14:33:09.67,1,6,"Wiessinger, Jack",1000276383,Right,POM_COL,"Parker, Will",1000474009,Left,POM_COL,Undefined,4,Bottom,0,3,2,Fastball,Four-Seam,InPlay,Undefined,LineDrive,Double,0,0,,87.71841,-2.977332,-0.491377,2055.889733,193.487533,12:30,5.72959,0.43595,5.69981,-16.68686,20.24855,4.54677,1.56204,0.35696,79.62825,-6.156311,0.321977,0.437414,93.97443,22.914605,-8.01869,3013.742937,107.8364,39.0013,-21.70946,354.23167,351.03911,-18.885272,4.041743,-2.4689,11.59099,-0.39765,50,5.46954,0.89776,-127.13021,-7.09127,-4.00434,28.24174,-13.37437,POM_COL,POM_COL,PomonaPitzer,TeamExclusive,Team,20260130-PomonaPitzer-Private-1,a82f3400-fe2b-11f0-915a-63f78c275567,86.17104,50.45194,,8.09017,,,,1.14156,1.43365,-0.3449,9c723542-d6b6-4c4f-819a-2cccafe8acb4,2026-01-30,22:33:09.67,2026-01-30T14:33:09.6740000-08:00,2026-01-30T22:33:09.6740000Z,LineDrive,v3,POM_PIT,POM_PIT,,"Lee, Sammy",1000276388,Right,POM_COL,12a77598-75d2-44a3-8334-797684116dd9,54.7975,-128.19154,14.12087,5.72658,-6.58866,-6.68719,-0.43422,1.04824,-2.00217,133.106111,1.14108,125.72508,-18.83511,3.84591,-0.9239,0.24891,-0.05975,0.009,-0.00056,1.43427,53.64724,-15.95625,0.65517,0.13665,-0.12381,0.04302,-0.00685,0.00041,-0.34482,-17.71147,-5.93989,1.79041,-0.45436,0.09271,-0.01509,0.00164,-8E-05,,,,,,,,,,,,,,,,,,,,,,,High,High,High,High,High,,,
158,2026-01-30,14:34:03.27,2,1,"Wiessinger, Jack",1000276383,Right,POM_COL,"Savas, Peter",1000276389,Right,POM_COL,Undefined,4,Bottom,0,0,0,Fastball,Four-Seam,StrikeCalled,Undefined,Undefined,Undefined,0,0,,85.34214,-0.465398,-0.669675,2119.247396,193.505019,12:30,5.71761,0.26216,5.93773,-17.11143,21.38757,4.82603,3.85987,0.04306,77.44519,-3.759341,0.197086,0.446577,,,,,,,,,,,,-2.65299,11.45339,-0.21137,50,5.67075,1.24871,-123.88061,-1.44556,-4.09667,26.20837,-14.4882,POM_COL,POM_COL,PomonaPitzer,TeamExclusive,Team,20260130-PomonaPitzer-Private-1,c7d884f0-fe2b-11f0-915a-63f78c275567,84.40305,,,7.89695,,,,,,,9c723542-d6b6-4c4f-819a-2cccafe8acb4,2026-01-30,22:34:03.27,2026-01-30T14:34:03.2750000-08:00,2026-01-30T22:34:03.2750000Z,,v3,POM_PIT,POM_PIT,,"Lee, Sammy",1000276388,Right,POM_COL,59a9eefb-8d7e-4b85-adf2-f65227b26ea5,54.55756,-124.84109,13.10418,5.714,-0.9146,-7.2441,-0.25988,1.39885,-2.04834,,,,,,,,,,,,,,,,,,,,,,,,,,,,,,,,,,,,,,,,,,,,,,,,,,,High,High,High,,,,,
159,2026-01-30,14:34:22.11,2,2,"Wiessinger, Jack",1000276383,Right,POM_COL,"Savas, Peter",1000276389,Right,POM_COL,Undefined,4,Bottom,0,0,1,Fastball,Four-Seam,BallCalled,Undefined,Undefined,Undefined,0,0,,85.51411,-0.050517,-0.829173,2111.476898,197.250611,12:30,5.74732,0.17693,5.89373,-17.09308,21.29446,6.21544,4.27599,-0.07501,77.60545,-3.339052,0.28611,0.44593,,,,,,,,,,,,-3.4004,11.26016,-0.11362,50,5.73338,1.53801,-124.12985,-0.55361,-5.27513,26.17191,-14.70575,POM_COL,POM_COL,PomonaPitzer,TeamExclusive,Team,20260130-PomonaPitzer-Private-1,d31653b0-fe2b-11f0-915a-63f78c275567,84.52552,,,7.90865,,,,,,,9c723542-d6b6-4c4f-819a-2cccafe8acb4,2026-01-30,22:34:22.11,2026-01-30T14:34:22.1160000-08:00,2026-01-30T22:34:22.1160000Z,,v3,POM_PIT,POM_PIT,,"Lee, Sammy",1000276388,Right,POM_COL,08716f85-eff5-4e9b-833c-4f7086b9bdfb,54.60169,-125.09632,13.08596,5.7438,-0.01056,-7.35287,-0.17401,1.73281,-2.63756,,,,,,,,,,,,,,,,,,,,,,,,,,,,,,,,,,,,,,,,,,,,,,,,,,,High,High,High,,,,,
160,2026-01-30,14:34:46.57,2,3,"Wiessinger, Jack",1000276383,Right,POM_COL,"Savas, Peter",1000276389,Right,POM_COL,Undefined,4,Bottom,0,1,1,Fastball,Four-Seam,InPlay,Undefined,FlyBall,Double,0,1,,85.85559,-2.175247,-0.825616,2094.454797,194.795126,12:30,5.72299,0.19914,5.86613,-16.89355,21.29304,5.27981,2.29336,-0.12787,78.05337,-5.410891,0.121564,0.444761,89.1693,29.048463,-34.279488,3081.66793,90.00726,45.18034,-63.23499,278.83416,126.51991,-38.401136,3.401855,-2.96626,11.95564,-0.13544,50,5.53715,1.58294,-124.57008,-5.18989,-4.62775,26.6892,-13.52174,POM_COL,POM_COL,PomonaPitzer,TeamExclusive,Team,20260130-PomonaPitzer-Private-1,e1aa7960-fe2b-11f0-915a-63f78c275567,84.74761,49.5355,,7.80222,,,,2.4848,2.34604,0.26513,9c723542-d6b6-4c4f-819a-2cccafe8acb4,2026-01-30,22:34:46.57,2026-01-30T14:34:46.5750000-08:00,2026-01-30T22:34:46.5750000Z,FlyBall,v3,POM_PIT,POM_PIT,,"Lee, Sammy",1000276388,Right,POM_COL,36a85b02-fc08-46e9-81aa-c98c88158ab0,54.63201,-125.55857,13.3446,5.7201,-4.68908,-6.76087,-0.19724,1.75433,-2.31388,,2.4844,94.48712,-16.72129,4.10611,-1.19991,0.41325,-0.10899,0.01637,-0.00103,2.3468,63.47162,-25.09372,2.98633,-0.20875,-0.19639,0.08531,-0.0148,0.00099,0.26526,-64.39959,7.37101,-1.8119,0.49833,-0.16425,0.04284,-0.00645,0.00041,,,,,,,,,,,,,,,,,,,,,,,High,High,High,High,Low,,,
161,2026-01-30,14:35:34.05,3,1,"Wiessinger, Jack",1000276383,Right,POM_COL,"Green, Mason",10147543,Right,POM_COL,Undefined,4,Bottom,0,0,0,Fastball,Four-Seam,StrikeCalled,Undefined,Undefined,Undefined,0,0,,86.78441,-0.976151,-0.48813,2144.617395,197.406809,12:30,5.71809,0.21192,5.75892,-17.39324,20.14143,5.91307,3.35993,0.25031,78.70031,-4.303211,0.570494,0.440948,,,,,,,,,,,,-3.13614,10.90146,-0.17501,50,5.62673,0.81939,-125.91756,-2.62923,-4.99755,27.3491,-14.80227,POM_COL,POM_COL,PomonaPitzer,TeamExclusive,Team,20260130-PomonaPitzer-Private-1,fdf92da0-fe2b-11f0-915a-63f78c275567,85.48039,,,8.0841,,,,,,,9c723542-d6b6-4c4f-819a-2cccafe8acb4,2026-01-30,22:35:34.05,2026-01-30T14:35:34.0530000-08:00,2026-01-30T22:35:34.0530000Z,,v3,POM_PIT,POM_PIT,,"Lee, Sammy",1000276388,Right,POM_COL,d28ac20f-2d19-4f05-9a35-42bfdf2f2395,54.73643,-126.94214,13.67455,5.71484,-2.07469,-7.40113,-0.20921,1.00661,-2.49877,,,,,,,,,,,,,,,,,,,,,,,,,,,,,,,,,,,,,,,,,,,,,,,,,,,High,High,High,,,,,
162,2026-01-30,14:35:53.45,3,2,"Wiessinger, Jack",1000276383,Right,POM_COL,"Green, Mason",10147543,Right,POM_COL,Undefined,4,Bottom,0,0,1,Slider,Slider,StrikeCalled,Undefined,Undefined,Undefined,0,0,,79.99664,1.275795,-1.260484,1846.192232,209.98564,1:00,5.63361,0.3538,5.44493,-41.88179,2.22917,0.54339,3.33845,-0.78128,73.73999,-6.379304,-1.163758,0.478019,,,,,,,,,,,,-0.59894,1.20602,-0.24281,50,5.71747,2.53482,-116.19214,1.1551,-0.82437,20.38688,-30.51412,POM_COL,POM_COL,PomonaPitzer,TeamExclusive,Team,20260130-PomonaPitzer-Private-1,0987db80-fe2c-11f0-915a-63f78c275567,78.85141,,,6.25665,,,,,,,9c723542-d6b6-4c4f-819a-2cccafe8acb4,2026-01-30,22:35:53.45,2026-01-30T14:35:53.4530000-08:00,2026-01-30T22:35:53.4530000Z,,v3,POM_PIT,POM_PIT,,"Lee, Sammy",1000276388,Right,POM_COL,cf4c524d-7149-4e3a-9737-76c4f7661769,55.05419,-117.07558,10.19344,5.63876,2.47739,-15.25706,-0.35343,2.57055,-0.41219,,,,,,,,,,,,,,,,,,,,,,,,,,,,,,,,,,,,,,,,,,,,,,,,,,,High,High,High,,,,,
163,2026-01-30,14:36:15.17,3,3,"Wiessinger, Jack",1000276383,Right,POM_COL,"Green, Mason",10147543,Right,POM_COL,Undefined,4,Bottom,0,0,2,Fastball,Four-Seam,StrikeSwinging,Strikeout,Undefined,Undefined,0,0,,87.81235,-2.062837,-0.78581,2166.316736,195.703034,12:30,5.69439,0.31711,5.67237,-15.30958,21.73576,5.73189,2.49437,0.0621,79.18973,-5.017419,0.238714,0.438065,,,,,,,,,,,,-3.13473,12.03934,-0.25438,50,5.51086,1.49234,-127.2353,-4.98764,-5.06886,29.41829,-12.7065,POM_COL,POM_COL,PomonaPitzer,TeamExclusive,Team,20260130-PomonaPitzer-Private-1,167ca910-fe2c-11f0-915a-63f78c275567,86.04307,,,8.62262,,,,,,,9c723542-d6b6-4c4f-819a-2cccafe8acb4,2026-01-30,22:36:15.17,2026-01-30T14:36:15.1710000-08:00,2026-01-30T22:36:15.1710000Z,,v3,POM_PIT,POM_PIT,,"Lee, Sammy",1000276388,Right,POM_COL,5e5af8bc-1b76-4064-8bf4-63b2e50a14d4,54.822,-128.34536,14.70915,5.69001,-4.50817,-6.35325,-0.3143,1.68361,-2.53443,,,,,,,,,,,,,,,,,,,,,,,,,,,,,,,,,,,,,,,,,,,,,,,,,,,High,High,High,,,,,
164,2026-01-30,14:36:51.24,4,1,"Wiessinger, Jack",1000276383,Right,POM_COL,"Gonzaga, Kai",10138924,Left,POM_COL,Undefined,4,Bottom,1,0,0,Fastball,Four-Seam,InPlay,Undefined,FlyBall,Out,1,0,,85.4334,-1.262384,-0.435142,2091.260358,195.23009,12:30,5.70806,0.32298,5.80847,-18.27347,20.22765,5.16236,3.01112,0.34851,77.84405,-4.742795,0.490011,0.446589,95.23091,43.964003,25.333514,,98.5073,102.37055,48.95204,315.97847,151.30756,29.270534,6.120961,-2.77559,11.08819,-0.29047,50,5.59387,0.73366,-124.04426,-3.24911,-4.30737,25.73601,-14.96645,POM_COL,POM_COL,PomonaPitzer,TeamExclusive,Team,20260130-PomonaPitzer-Private-1,2bf9e960-fe2c-11f0-915a-63f78c275567,84.40069,135.4445,,7.58935,,,,2.18293,3.07429,-0.34204,9c723542-d6b6-4c4f-819a-2cccafe8acb4,2026-01-30,22:36:51.24,2026-01-30T14:36:51.2490000-08:00,2026-01-30T22:36:51.2490000Z,FlyBall,v3,POM_PIT,POM_PIT,,"Lee, Sammy",1000276388,Right,POM_COL,e23b9e52-84d8-4dd6-aa3f-c7d04f6db464,54.68966,-125.01346,12.86801,5.70562,-2.68549,-7.48322,-0.32115,0.89587,-2.15368,,2.19287,90.68029,-21.81319,4.86763,-0.56625,-0.01333,0.01398,-0.00166,7E-05,3.06915,97.04385,-21.07444,1.83407,-0.32495,0.02547,0.00491,-0.00118,7E-05,-0.33839,42.95229,-7.64423,1.54965,-0.15546,-0.01025,0.00491,-0.00051,2E-05,,,,,,,,,,,,,,,,,,,,,,,High,High,High,High,Low,,,
165,2026-01-30,14:37:34.84,5,1,"Wiessinger, Jack",1000276383,Right,POM_COL,"Gold, Jack",1000108729,Left,POM_COL,Undefined,4,Bottom,2,0,0,Fastball,Four-Seam,FoulBallNotFieldable,Undefined,Undefined,Undefined,0,0,,86.24275,-1.671963,-1.053285,2021.694922,199.932438,12:45,5.69727,0.21067,5.92175,-18.11836,19.2584,6.5663,2.6352,-0.21966,79.14886,-5.107559,0.125925,0.44002,,,,,,,,,,,,-3.64362,10.67111,-0.13008,50,5.55308,2.03656,-125.27854,-4.16925,-5.81336,24.37936,-15.14845,POM_COL,POM_COL,PomonaPitzer,TeamExclusive,Team,20260130-PomonaPitzer-Private-1,45fba060-fe2c-11f0-915a-63f78c275567,85.66077,,,7.09389,,,,,,,9c723542-d6b6-4c4f-819a-2cccafe8acb4,2026-01-30,22:37:34.84,2026-01-30T14:37:34.8400000-08:00,2026-01-30T22:37:34.8400000Z,,v3,POM_PIT,POM_PIT,,"Lee, Sammy",1000276388,Right,POM_COL,78eb44c1-d1c6-4dc2-a203-ea42921d7a0b,54.57623,-126.16593,12.18968,5.6948,-3.61785,-7.57423,-0.20806,2.24816,-2.90668,,,,,,,,,,,,,,,,,,,,,,,,,,,,,,,,,,,,,,,,,,,,,,,,,,,High,High,High,,,,,
166,2026-01-30,14:37:59.97,5,2,"Wiessinger, Jack",1000276383,Right,POM_COL,"Gold, Jack",1000108729,Left,POM_COL,Undefined,4,Bottom,2,0,1,ChangeUp,Changeup,InPlay,Undefined,GroundBall,Single,0,1,,77.75245,-0.123557,-1.099267,1939.009043,234.857526,1:45,5.55973,0.58041,5.52183,-34.85384,12.16095,15.0828,2.5397,0.80944,71.01967,-6.572685,1.590567,0.493502,90.49888,7.035828,20.113659,2614.967253,,,,95.90005,93.89291,21.136023,0.792642,-7.97851,6.62583,-0.49533,50,5.52584,1.59074,-112.85915,-1.32553,-10.24291,21.42623,-23.66772,POM_COL,POM_COL,PomonaPitzer,TeamExclusive,Team,20260130-PomonaPitzer-Private-1,555f7220-fe2c-11f0-915a-63f78c275567,76.37751,5.04501,,6.73278,,,,1.75955,2.50754,-0.67904,9c723542-d6b6-4c4f-819a-2cccafe8acb4,2026-01-30,22:37:59.97,2026-01-30T14:37:59.9710000-08:00,2026-01-30T22:37:59.9710000Z,GroundBall,v3,POM_PIT,POM_PIT,,"Lee, Sammy",1000276388,Right,POM_COL,997926ff-8ae7-4d3e-9c38-dac4ff67d1b9,54.97684,-113.80008,10.71312,5.56123,-0.28616,-11.83386,-0.57506,2.04056,-5.12146,,1.75955,123.69796,-17.60982,1.65023,-0.3494,0.10958,-0.09132,0.06023,-0.01671,2.50754,16.25832,-27.18774,3.93502,-0.91545,0.50917,-0.48554,0.32793,-0.09406,-0.67904,45.30044,-0.48394,-0.81976,0.24002,-0.19389,0.2106,-0.14551,0.04213,,,,,,,,,,,,,,,,,,,,,,,High,High,High,High,High,,,
167,2026-01-30,14:38:50.42,6,1,"Wiessinger, Jack",1000276383,Right,POM_COL,"Berry, Cooper",1000276381,Left,POM_COL,Undefined,4,Bottom,2,0,0,Fastball,Four-Seam,StrikeCalled,Undefined,Undefined,Undefined,0,0,,89.94732,-1.910073,0.249793,2206.706316,208.643261,1:00,5.68896,0.11077,5.52178,-18.17265,16.78402,8.57032,2.38809,1.0585,82.42381,-5.317664,1.777713,0.425536,,,,,,,,,,,,-4.23429,9.31477,-0.13824,50,5.51073,-0.9565,-130.55214,-4.9438,-7.32558,26.85828,-16.05887,POM_COL,POM_COL,PomonaPitzer,TeamExclusive,Team,20260130-PomonaPitzer-Private-1,72ff1060-fe2c-11f0-915a-63f78c275567,88.57631,,,7.52351,,,,,,,9c723542-d6b6-4c4f-819a-2cccafe8acb4,2026-01-30,22:38:50.42,2026-01-30T14:38:50.4260000-08:00,2026-01-30T22:38:50.4260000Z,,v3,POM_PIT,POM_PIT,,"Lee, Sammy",1000276388,Right,POM_COL,d68c0404-e4dc-4bc7-bfe8-63f18d491bef,54.97521,-131.5717,13.42914,5.68682,-4.3342,-8.02944,-0.1072,-0.67842,-3.66279,,,,,,,,,,,,,,,,,,,,,,,,,,,,,,,,,,,,,,,,,,,,,,,,,,,High,High,High,,,,,
168,2026-01-30,14:39:08.23,6,2,"Wiessinger, Jack",1000276383,Right,POM_COL,"Berry, Cooper",1000276381,Left,POM_COL,Undefined,4,Bottom,2,0,1,Curveball,Curveball,InPlay,Undefined,Popup,Out,1,0,,75.47109,2.91706,0.9835,2077.64458,16.032711,6:30,5.67679,0.39807,4.93377,-61.85421,-10.65749,-3.54429,3.28227,1.03241,68.89124,-8.240006,0.358169,0.514983,,,,,,,,,,,,2.05079,-5.7126,-0.4906,50,5.90868,-1.7367,-109.37086,3.3842,2.4681,20.4474,-39.0491,POM_COL,POM_COL,PomonaPitzer,TeamExclusive,Team,20260130-PomonaPitzer-Private-1,7daf9340-fe2c-11f0-915a-63f78c275567,73.19169,,,6.57985,,,,,,,9c723542-d6b6-4c4f-819a-2cccafe8acb4,2026-01-30,22:39:08.23,2026-01-30T14:39:08.2380000-08:00,2026-01-30T22:39:08.2380000Z,,v3,POM_PIT,POM_PIT,,"Lee, Sammy",1000276388,Right,POM_COL,cf89488d-ca37-4eab-9b57-dcc3fc1a2d6e,55.56807,-110.40693,10.2237,5.68707,5.36282,-19.52455,-0.39943,-1.86176,1.23405,,,,,,,,,,,,,,,,,,,,,,,,,,,,,,,,,,,,,,,,,,,,,,,,,,,High,High,High,,,,,
169,2026-01-30,14:41:36.49,1,1,"Lawson, Wade",1000068528,Right,POM_COL,"Dillehay, Drew",1000091533,Right,POM_COL,Undefined,5,Top,0,0,0,Fastball,Four-Seam,BallCalled,Undefined,Undefined,Undefined,0,0,,89.27519,-0.814919,-0.573655,2372.53763,217.219056,1:15,6.17433,0.8948,5.05434,-23.11001,13.02103,9.02579,3.47986,1.10592,81.66143,-5.079469,1.021809,0.432625,,,,,,,,,,,,-4.60028,7.02555,-0.84757,50,6.07881,0.86732,-129.51809,-2.69973,-7.82789,26.60772,-20.21932,POM_COL,POM_COL,PomonaPitzer,TeamExclusive,Team,20260130-PomonaPitzer-Private-1,d5fba3e0-fe2c-11f0-915a-63f78c275567,87.12497,,,7.61376,,,,,,,9c723542-d6b6-4c4f-819a-2cccafe8acb4,2026-01-30,22:41:36.49,2026-01-30T14:41:36.4960000-08:00,2026-01-30T22:41:36.4960000Z,,v3,POM_PIT,POM_PIT,,"Ruyle, Brody",10183257,Right,POM_COL,d290ead6-28b1-4462-99db-9cce0826513f,55.44206,-130.6313,13.30386,6.17407,-1.8538,-10.10966,-0.89071,1.19482,-3.91394,,,,,,,,,,,,,,,,,,,,,,,,,,,,,,,,,,,,,,,,,,,,,,,,,,,High,High,High,,,,,
170,2026-01-30,14:41:50.53,1,2,"Lawson, Wade",1000068528,Right,POM_COL,"Dillehay, Drew",1000091533,Right,POM_COL,Undefined,5,Top,0,1,0,Fastball,Four-Seam,BallCalled,Undefined,Undefined,Undefined,0,0,,88.99753,-0.059021,-1.053853,2361.721271,194.402083,12:30,6.00318,0.9073,5.22001,-18.69367,17.49115,4.19579,4.38987,0.26599,81.13857,-3.567037,-0.31039,0.432947,,,,,,,,,,,,-2.36587,9.06764,-0.81323,50,5.98411,2.1782,-129.10629,-0.75646,-3.99477,26.78123,-16.86329,POM_COL,POM_COL,PomonaPitzer,TeamExclusive,Team,20260130-PomonaPitzer-Private-1,de56c510-fe2c-11f0-915a-63f78c275567,87.06019,,,7.85896,,,,,,,9c723542-d6b6-4c4f-819a-2cccafe8acb4,2026-01-30,22:41:50.53,2026-01-30T14:41:50.5370000-08:00,2026-01-30T22:41:50.5370000Z,,v3,POM_PIT,POM_PIT,,"Ruyle, Brody",10183257,Right,POM_COL,2c1679af-7cf5-42d5-b288-5175fcd5415b,55.27542,-130.196,13.39062,6.00093,-0.07031,-8.43164,-0.90517,2.34074,-1.99739,,,,,,,,,,,,,,,,,,,,,,,,,,,,,,,,,,,,,,,,,,,,,,,,,,,High,High,High,,,,,
171,2026-01-30,14:42:09.52,1,3,"Lawson, Wade",1000068528,Right,POM_COL,"Dillehay, Drew",1000091533,Right,POM_COL,Undefined,5,Top,0,2,0,Fastball,Four-Seam,StrikeCalled,Undefined,Undefined,Undefined,0,0,,89.09265,-3.035522,-1.883835,2493.0855,197.848787,12:30,5.89054,0.79856,5.37893,-18.33029,17.49836,5.27587,1.51322,-0.52839,81.87887,-6.452727,-0.946227,0.430811,,,,,,,,,,,,-3.14524,9.93284,-0.63375,50,5.60581,4.01184,-129.15183,-7.45976,-5.3395,25.61709,-15.31172,POM_COL,POM_COL,PomonaPitzer,TeamExclusive,Team,20260130-PomonaPitzer-Private-1,e9ade830-fe2c-11f0-915a-63f78c275567,87.49186,,,7.21378,,,,,,,9c723542-d6b6-4c4f-819a-2cccafe8acb4,2026-01-30,22:42:09.52,2026-01-30T14:42:09.5290000-08:00,2026-01-30T22:42:09.5290000Z,,v3,POM_PIT,POM_PIT,,"Ruyle, Brody",10183257,Right,POM_COL,d3c657b2-ad1e-4294-9be5-c92ce219bbb1,55.11907,-130.16323,12.80854,5.8884,-6.85523,-7.65586,-0.79631,4.22265,-2.66975,,,,,,,,,,,,,,,,,,,,,,,,,,,,,,,,,,,,,,,,,,,,,,,,,,,High,High,High,,,,,
172,2026-01-30,14:42:24.91,1,4,"Lawson, Wade",1000068528,Right,POM_COL,"Dillehay, Drew",1000091533,Right,POM_COL,Undefined,5,Top,0,2,1,Slider,Slider,BallCalled,Undefined,Undefined,Undefined,0,0,,84.04546,1.631778,-0.92182,2437.011138,115.903091,9:45,5.71788,1.59097,4.36573,-39.62341,2.78866,-2.66713,3.97509,0.48819,75.88259,-5.525657,-1.387086,0.468723,,,,,,,,,,,,0.99047,1.32268,-1.48936,50,5.85393,2.08557,-121.56673,1.8326,1.46575,26.30261,-30.21667,POM_COL,POM_COL,PomonaPitzer,TeamExclusive,Team,20260130-PomonaPitzer-Private-1,f2d9c6e0-fe2c-11f0-915a-63f78c275567,80.41518,,,8.16287,,,,,,,9c723542-d6b6-4c4f-819a-2cccafe8acb4,2026-01-30,22:42:24.91,2026-01-30T14:42:24.9130000-08:00,2026-01-30T22:42:24.9130000Z,,v3,POM_PIT,POM_PIT,,"Ruyle, Brody",10183257,Right,POM_COL,b842b9b9-430b-4ffc-b78a-10aa62df92dd,56.12891,-122.88564,13.15131,5.72405,3.34778,-15.10833,-1.59209,2.01207,0.73287,,,,,,,,,,,,,,,,,,,,,,,,,,,,,,,,,,,,,,,,,,,,,,,,,,,High,High,High,,,,,
173,2026-01-30,14:42:39.95,1,5,"Lawson, Wade",1000068528,Right,POM_COL,"Dillehay, Drew",1000091533,Right,POM_COL,Undefined,5,Top,0,3,1,Fastball,Four-Seam,StrikeCalled,Undefined,Undefined,Undefined,0,0,,88.13985,-1.59203,-0.905515,2364.136576,203.608059,12:45,5.86908,1.13292,5.57633,-20.83907,15.54611,6.28807,2.64499,0.81112,80.63603,-5.490705,0.216772,0.434144,,,,,,,,,,,,-3.41469,8.64993,-1.05912,50,5.71856,1.74529,-127.92041,-4.23491,-5.66194,26.21776,-17.83139,POM_COL,POM_COL,PomonaPitzer,TeamExclusive,Team,20260130-PomonaPitzer-Private-1,fbcf7a60-fe2c-11f0-915a-63f78c275567,86.82016,,,7.50381,,,,,,,9c723542-d6b6-4c4f-819a-2cccafe8acb4,2026-01-30,22:42:39.95,2026-01-30T14:42:39.9530000-08:00,2026-01-30T22:42:39.9530000Z,,v3,POM_PIT,POM_PIT,,"Ruyle, Brody",10183257,Right,POM_COL,282ecd2b-fce1-4d52-9ea7-1f727aa944a7,54.92043,-128.92493,13.10888,5.86773,-3.55171,-8.9157,-1.13014,1.96222,-2.83097,,,,,,,,,,,,,,,,,,,,,,,,,,,,,,,,,,,,,,,,,,,,,,,,,,,High,High,High,,,,,
174,2026-01-30,14:42:57.73,1,6,"Lawson, Wade",1000068528,Right,POM_COL,"Dillehay, Drew",1000091533,Right,POM_COL,Undefined,5,Top,0,3,2,Slider,Slider,StrikeSwinging,Strikeout,Undefined,Undefined,0,0,,84.2197,-1.660951,-2.330412,2473.163257,92.064263,9:00,5.79012,1.47552,4.37529,-40.65778,1.66406,-4.60461,0.81408,-1.13485,76.5661,-8.93805,-3.134525,0.468224,,,,,,,,,,,,1.4965,1.75677,-1.22112,50,5.57209,5.1722,-121.7569,-5.20226,2.21718,26.81603,-29.57122,POM_COL,POM_COL,PomonaPitzer,TeamExclusive,Team,20260130-PomonaPitzer-Private-1,066ac790-fe2d-11f0-915a-63f78c275567,80.50086,,,7.6536,,,,,,,9c723542-d6b6-4c4f-819a-2cccafe8acb4,2026-01-30,22:42:57.73,2026-01-30T14:42:57.7320000-08:00,2026-01-30T22:42:57.7320000Z,,v3,POM_PIT,POM_PIT,,"Ruyle, Brody",10183257,Right,POM_COL,9a251894-7801-4154-bf34-293f722aa8f5,56.12163,-123.09776,13.40802,5.79524,-3.72363,-14.78561,-1.47697,5.06134,1.10859,,,,,,,,,,,,,,,,,,,,,,,,,,,,,,,,,,,,,,,,,,,,,,,,,,,High,High,High,,,,,
175,2026-01-30,14:43:26.98,2,1,"Lawson, Wade",1000068528,Right,POM_COL,"Cassidy, Caleb",10304248,Right,POM_COL,Undefined,5,Top,1,0,0,Fastball,Four-Seam,BallCalled,Undefined,Undefined,Undefined,0,0,,89.41534,-3.619133,-1.924535,2430.476669,205.883046,12:45,5.96621,0.86114,5.19681,-20.79155,14.98595,6.74315,0.82292,-0.38785,82.46566,-7.443284,-0.72963,0.430503,,,,,,,,,,,,-3.88,8.7576,-0.6881,50,5.61476,4.04976,-129.55807,-8.94472,-6.64248,25.2357,-17.18119,POM_COL,POM_COL,PomonaPitzer,TeamExclusive,Team,20260130-PomonaPitzer-Private-1,17d90f50-fe2d-11f0-915a-63f78c275567,87.55438,,,6.94968,,,,,,,9c723542-d6b6-4c4f-819a-2cccafe8acb4,2026-01-30,22:43:26.98,2026-01-30T14:43:26.9870000-08:00,2026-01-30T22:43:26.9870000Z,,v3,POM_PIT,POM_PIT,,"Ruyle, Brody",10183257,Right,POM_COL,14e588d0-f3e7-41dc-930b-4711536eb52d,55.30255,-130.58683,12.61785,5.96513,-8.24431,-8.59059,-0.85871,4.32055,-3.32124,,,,,,,,,,,,,,,,,,,,,,,,,,,,,,,,,,,,,,,,,,,,,,,,,,,High,High,High,,,,,
176,2026-01-30,14:43:39.50,2,2,"Lawson, Wade",1000068528,Right,POM_COL,"Cassidy, Caleb",10304248,Right,POM_COL,Undefined,5,Top,1,1,0,Fastball,Four-Seam,BallCalled,Undefined,Undefined,Undefined,0,0,,90.31931,-4.439937,-2.56834,2447.381968,200.654485,12:45,5.92911,0.80575,5.09525,-20.22635,15.07635,5.27488,0.04684,-1.17665,83.33856,-8.144285,-1.636037,0.427637,,,,,,,,,,,,-3.30043,8.98634,-0.5674,50,5.49302,5.61885,-130.65962,-10.89711,-5.74696,25.65616,-16.52627,POM_COL,POM_COL,PomonaPitzer,TeamExclusive,Team,20260130-PomonaPitzer-Private-1,1f4da110-fe2d-11f0-915a-63f78c275567,88.14117,,,6.98076,,,,,,,9c723542-d6b6-4c4f-819a-2cccafe8acb4,2026-01-30,22:43:39.50,2026-01-30T14:43:39.5040000-08:00,2026-01-30T22:43:39.5040000Z,,v3,POM_PIT,POM_PIT,,"Ruyle, Brody",10183257,Right,POM_COL,98a18bf0-ea95-4ce7-bb04-82ac5d50847c,55.40415,-131.71649,12.82808,5.92789,-10.21633,-8.26314,-0.80374,5.85558,-2.87348,,,,,,,,,,,,,,,,,,,,,,,,,,,,,,,,,,,,,,,,,,,,,,,,,,,High,High,High,,,,,
177,2026-01-30,14:43:54.79,2,3,"Lawson, Wade",1000068528,Right,POM_COL,"Cassidy, Caleb",10304248,Right,POM_COL,Undefined,5,Top,1,2,0,Fastball,Four-Seam,StrikeCalled,Undefined,Undefined,Undefined,0,0,,88.94079,-2.398721,-0.978024,2455.328676,220.914577,1:15,5.87274,0.87376,5.30947,-23.46249,12.69272,9.99308,1.66434,0.78841,81.44571,-6.730246,0.7977,0.43277,,,,,,,,,,,,-5.28016,7.38134,-0.79255,50,5.63826,1.75102,-128.98034,-6.24235,-8.89249,26.88875,-19.74281,POM_COL,POM_COL,PomonaPitzer,TeamExclusive,Team,20260130-PomonaPitzer-Private-1,286e5c30-fe2d-11f0-915a-63f78c275567,87.09582,,,7.49508,,,,,,,9c723542-d6b6-4c4f-819a-2cccafe8acb4,2026-01-30,22:43:54.79,2026-01-30T14:43:54.7960000-08:00,2026-01-30T22:43:54.7960000Z,,v3,POM_PIT,POM_PIT,,"Ruyle, Brody",10183257,Right,POM_COL,c7af3abe-c603-4fbc-b98f-ef8c33cc87a9,55.18848,-130.05749,13.44437,5.87249,-5.45146,-9.8714,-0.86983,2.10725,-4.44625,,,,,,,,,,,,,,,,,,,,,,,,,,,,,,,,,,,,,,,,,,,,,,,,,,,High,High,High,,,,,
178,2026-01-30,14:44:08.60,2,4,"Lawson, Wade",1000068528,Right,POM_COL,"Cassidy, Caleb",10304248,Right,POM_COL,Undefined,5,Top,1,2,1,Fastball,Sinker,StrikeCalled,Undefined,Undefined,Undefined,0,0,,89.359,-2.91783,-2.048388,2443.89146,234.441181,1:45,6.01398,0.94247,5.24526,-24.50147,11.51552,14.45505,1.22599,0.22123,81.74728,-7.423254,0.516642,0.431942,,,,,,,,,,,,-7.81378,6.93902,-0.7655,50,5.72774,3.9714,-129.45309,-7.50028,-13.23472,27.49391,-20.42092,POM_COL,POM_COL,PomonaPitzer,TeamExclusive,Team,20260130-PomonaPitzer-Private-1,30a72850-fe2d-11f0-915a-63f78c275567,87.26283,,,7.61172,,,,,,,9c723542-d6b6-4c4f-819a-2cccafe8acb4,2026-01-30,22:44:08.60,2026-01-30T14:44:08.6030000-08:00,2026-01-30T22:44:08.6030000Z,,v3,POM_PIT,POM_PIT,,"Ruyle, Brody",10183257,Right,POM_COL,b2c902e0-7e55-4d62-afff-93c3d1170e43,55.25323,-130.56403,13.74696,6.01413,-6.67513,-10.21046,-0.93677,4.50617,-6.61736,,,,,,,,,,,,,,,,,,,,,,,,,,,,,,,,,,,,,,,,,,,,,,,,,,,High,High,High,,,,,
179,2026-01-30,14:44:23.38,2,5,"Lawson, Wade",1000068528,Right,POM_COL,"Cassidy, Caleb",10304248,Right,POM_COL,Undefined,5,Top,1,2,2,Slider,Slider,StrikeCalled,Strikeout,Undefined,Undefined,0,0,,84.95198,0.037078,-2.252887,2653.310704,341.89785,5:30,6.00071,1.22537,4.45133,-41.42219,-0.48866,0.58374,2.58425,-0.8755,77.84389,-7.385163,-2.150866,0.46048,,,,,,,,,,,,-0.91095,0.16146,-0.98776,50,5.96447,4.814,-123.07292,-1.64722,-1.39677,24.49167,-31.9265,POM_COL,POM_COL,PomonaPitzer,TeamExclusive,Team,20260130-PomonaPitzer-Private-1,39f89060-fe2d-11f0-915a-63f78c275567,81.85461,,,7.10809,,,,,,,9c723542-d6b6-4c4f-819a-2cccafe8acb4,2026-01-30,22:44:23.38,2026-01-30T14:44:23.3880000-08:00,2026-01-30T22:44:23.3880000Z,,v3,POM_PIT,POM_PIT,,"Ruyle, Brody",10183257,Right,POM_COL,f7adc3ff-e7a6-44f4-8fc5-1fab01f044e2,56.04682,-124.27042,12.24584,6.00684,-0.08621,-15.96325,-1.2248,4.88229,-0.69839,,,,,,,,,,,,,,,,,,,,,,,,,,,,,,,,,,,,,,,,,,,,,,,,,,,High,High,High,,,,,
180,2026-01-30,14:44:49.91,3,1,"Lawson, Wade",1000068528,Right,POM_COL,"Quintero, James",10138921,Left,POM_COL,Undefined,5,Top,2,0,0,Curveball,Curveball,StrikeCalled,Undefined,Undefined,Undefined,0,0,,79.72699,1.545027,-0.655688,2251.800308,14.668454,6:30,6.09829,0.85014,4.87505,-58.76771,-12.81079,-3.74831,2.66339,-0.08267,72.88948,-9.018811,-1.317321,0.487918,,,,,,,,,,,,1.64091,-6.25815,-0.78239,50,6.20026,1.48511,-115.61875,0.86065,2.20398,23.1119,-40.57971,POM_COL,POM_COL,PomonaPitzer,TeamExclusive,Team,20260130-PomonaPitzer-Private-1,498f8010-fe2d-11f0-915a-63f78c275567,77.25159,,,6.8375,,,,,,,9c723542-d6b6-4c4f-819a-2cccafe8acb4,2026-01-30,22:44:49.91,2026-01-30T14:44:49.9130000-08:00,2026-01-30T22:44:49.9130000Z,,v3,POM_PIT,POM_PIT,,"Ruyle, Brody",10183257,Right,POM_COL,cf1b9bf8-ed66-476a-92af-f92952049d94,55.62589,-116.73794,11.55595,6.111,2.8257,-20.28986,-0.85172,1.37838,1.10199,,,,,,,,,,,,,,,,,,,,,,,,,,,,,,,,,,,,,,,,,,,,,,,,,,,High,High,High,,,,,
181,2026-01-30,14:45:03.07,3,2,"Lawson, Wade",1000068528,Right,POM_COL,"Quintero, James",10138921,Left,POM_COL,Undefined,5,Top,2,0,1,Curveball,Curveball,BallCalled,Undefined,Undefined,Undefined,0,0,,81.09883,-0.933894,-0.659004,2143.146686,28.347801,7:00,6.17533,0.87015,4.61416,-51.51857,-7.01465,-4.51717,0.99405,-0.13287,74.97492,-10.112548,-1.453693,0.480143,,,,,,,,,,,,2.03425,-2.79244,-0.79797,50,6.03128,1.5513,-117.66759,-3.95133,2.85344,22.22487,-36.091,POM_COL,POM_COL,PomonaPitzer,TeamExclusive,Team,20260130-PomonaPitzer-Private-1,5129c240-fe2d-11f0-915a-63f78c275567,78.50254,,,6.1239,,,,,,,9c723542-d6b6-4c4f-819a-2cccafe8acb4,2026-01-30,22:45:03.07,2026-01-30T14:45:03.0700000-08:00,2026-01-30T22:45:03.0700000Z,,v3,POM_PIT,POM_PIT,,"Ruyle, Brody",10183257,Right,POM_COL,4dba0a8f-9766-461a-861a-4142d9d5a37e,55.88696,-118.77431,11.11243,6.1833,-2.15413,-18.0455,-0.87168,1.4092,1.42672,,,,,,,,,,,,,,,,,,,,,,,,,,,,,,,,,,,,,,,,,,,,,,,,,,,High,High,High,,,,,
182,2026-01-30,14:45:18.39,3,3,"Lawson, Wade",1000068528,Right,POM_COL,"Quintero, James",10138921,Left,POM_COL,Undefined,5,Top,2,1,1,Fastball,Four-Seam,BallCalled,Undefined,Undefined,Undefined,0,0,,89.6671,-4.046363,-1.888369,2474.238166,224.361769,1:30,5.94862,0.76323,5.27753,-25.6758,10.14197,8.76508,0.00022,-0.28055,82.1881,-8.738872,-0.331187,0.430746,,,,,,,,,,,,-4.94347,6.58331,-0.59757,50,5.55989,3.88284,-129.75488,-10.13447,-8.40861,27.73186,-20.97618,POM_COL,POM_COL,PomonaPitzer,TeamExclusive,Team,20260130-PomonaPitzer-Private-1,5a3e9680-fe2d-11f0-915a-63f78c275567,87.50512,,,7.479,,,,,,,9c723542-d6b6-4c4f-819a-2cccafe8acb4,2026-01-30,22:45:18.39,2026-01-30T14:45:18.3900000-08:00,2026-01-30T22:45:18.3900000Z,,v3,POM_PIT,POM_PIT,,"Ruyle, Brody",10183257,Right,POM_COL,2f64a1e8-0715-4d92-acc8-a51a20aeb09a,55.22098,-130.86597,13.86593,5.9491,-9.29404,-10.48809,-0.75989,4.21974,-4.2043,,,,,,,,,,,,,,,,,,,,,,,,,,,,,,,,,,,,,,,,,,,,,,,,,,,High,High,High,,,,,
183,2026-01-30,14:45:34.50,3,4,"Lawson, Wade",1000068528,Right,POM_COL,"Quintero, James",10138921,Left,POM_COL,Undefined,5,Top,2,2,1,Fastball,Four-Seam,BallCalled,Undefined,Undefined,Undefined,0,0,,87.58662,0.285329,-1.324754,2390.872642,195.032381,12:30,6.0222,0.89974,5.25919,-18.42387,19.23084,4.81461,4.75502,0.0561,79.10797,-3.206964,-0.471231,0.441653,,,,,,,,,,,,-2.7887,9.87272,-0.78201,50,6.0353,2.71318,-126.92172,0.05431,-4.50703,28.21448,-16.21807,POM_COL,POM_COL,PomonaPitzer,TeamExclusive,Team,20260130-PomonaPitzer-Private-1,63d4cfc0-fe2d-11f0-915a-63f78c275567,85.34404,,,8.47865,,,,,,,9c723542-d6b6-4c4f-819a-2cccafe8acb4,2026-01-30,22:45:34.50,2026-01-30T14:45:34.5040000-08:00,2026-01-30T22:45:34.5040000Z,,v3,POM_PIT,POM_PIT,,"Ruyle, Brody",10183257,Right,POM_COL,4ea3b408-1d28-4c6d-aa21-47183de753e8,55.23517,-128.0802,14.10724,6.0194,0.72022,-8.10903,-0.89722,2.89823,-2.25351,,,,,,,,,,,,,,,,,,,,,,,,,,,,,,,,,,,,,,,,,,,,,,,,,,,High,High,High,,,,,
184,2026-01-30,14:45:49.14,3,5,"Lawson, Wade",1000068528,Right,POM_COL,"Quintero, James",10138921,Left,POM_COL,Undefined,5,Top,2,3,1,Fastball,Four-Seam,BallCalled,Walk,Undefined,Undefined,0,0,,88.67751,-3.012294,-1.85479,2513.274403,227.367579,1:30,5.88156,1.11477,5.22404,-24.42088,12.03552,11.82339,1.01042,0.35569,81.46055,-7.493729,0.242771,0.434569,,,,,,,,,,,,-6.41394,7.18185,-0.95292,50,5.58541,3.62723,-128.51301,-7.6575,-10.7531,26.01419,-20.13349,POM_COL,POM_COL,PomonaPitzer,TeamExclusive,Team,20260130-PomonaPitzer-Private-1,6cc09830-fe2d-11f0-915a-63f78c275567,86.7353,,,7.21697,,,,,,,9c723542-d6b6-4c4f-819a-2cccafe8acb4,2026-01-30,22:45:49.14,2026-01-30T14:45:49.1480000-08:00,2026-01-30T22:45:49.1480000Z,,v3,POM_PIT,POM_PIT,,"Ruyle, Brody",10183257,Right,POM_COL,9ed1a95f-082a-40ff-ad48-85e3006db7a2,55.27451,-129.5763,13.0071,5.88158,-6.83457,-10.06675,-1.11016,4.06675,-5.37655,,,,,,,,,,,,,,,,,,,,,,,,,,,,,,,,,,,,,,,,,,,,,,,,,,,High,High,High,,,,,
185,2026-01-30,14:46:13.67,4,1,"Lawson, Wade",1000068528,Right,POM_COL,"Loui, Shawn",1000474008,Right,POM_COL,Undefined,5,Top,2,0,0,Slider,Slider,StrikeSwinging,Undefined,Undefined,Undefined,0,0,,84.3747,-0.134314,-3.257072,2452.559191,80.420268,8:45,5.59948,1.69285,4.44274,-40.97656,1.01823,-2.59339,2.05645,-1.63312,76.62677,-7.494801,-3.709387,0.466411,,,,,,,,,,,,0.24945,0.97811,-1.34509,50,5.54566,7.06433,-121.97371,-1.96824,0.37187,26.32827,-30.7159,POM_COL,POM_COL,PomonaPitzer,TeamExclusive,Team,20260130-PomonaPitzer-Private-1,7b3ffd60-fe2d-11f0-915a-63f78c275567,80.81372,,,7.74793,,,,,,,9c723542-d6b6-4c4f-819a-2cccafe8acb4,2026-01-30,22:46:13.67,2026-01-30T14:46:13.6710000-08:00,2026-01-30T22:46:13.6710000Z,,v3,POM_PIT,POM_PIT,,"Ruyle, Brody",10183257,Right,POM_COL,e708f6cc-4418-4466-9cca-87eff9ef2596,56.05376,-123.2735,13.16413,5.60539,-0.45184,-15.35795,-1.6934,7.04597,0.18594,,,,,,,,,,,,,,,,,,,,,,,,,,,,,,,,,,,,,,,,,,,,,,,,,,,High,High,High,,,,,
186,2026-01-30,14:46:28.15,4,2,"Lawson, Wade",1000068528,Right,POM_COL,"Loui, Shawn",1000474008,Right,POM_COL,Undefined,5,Top,2,0,1,Curveball,Curveball,BallCalled,Undefined,Undefined,Undefined,1,0,,78.28878,-1.820067,-1.632992,2079.547834,34.924351,7:15,6.08598,0.95058,4.69132,-52.14873,-4.33685,-4.07425,0.01094,-0.93978,72.42535,-11.105924,-2.350717,0.497668,,,,,,,,,,,,1.55291,-1.25291,-0.78088,50,5.85372,3.40362,-113.4873,-5.54751,2.02026,21.24869,-33.80404,POM_COL,POM_COL,PomonaPitzer,TeamExclusive,Team,20260130-PomonaPitzer-Private-1,83deb740-fe2d-11f0-915a-63f78c275567,75.73817,,,5.86343,,,,,,,9c723542-d6b6-4c4f-819a-2cccafe8acb4,2026-01-30,22:46:28.15,2026-01-30T14:46:28.1570000-08:00,2026-01-30T22:46:28.1570000Z,,v3,POM_PIT,POM_PIT,,"Ruyle, Brody",10183257,Right,POM_COL,e75ab508-755f-401e-8a21-4523690480d5,55.80981,-114.56993,10.62435,6.0925,-3.82518,-16.90202,-0.95168,3.30069,1.01013,,,,,,,,,,,,,,,,,,,,,,,,,,,,,,,,,,,,,,,,,,,,,,,,,,,High,High,High,,,,,
187,2026-01-30,14:49:19.28,1,1,"Wiessinger, Jack",1000276383,Right,POM_COL,"Pierantoni, Greg",1000091552,Right,POM_COL,Undefined,5,Bottom,0,0,0,Fastball,Four-Seam,FoulBallNotFieldable,Undefined,Undefined,Undefined,0,0,,86.33231,-2.381708,0.184283,2144.325469,216.198406,1:15,5.79331,0.12121,5.5621,-19.31513,18.70076,12.78761,1.95735,1.35901,78.99656,-6.007774,2.465791,0.443766,,,,,,,,,,,,-6.45331,10.51977,-0.1459,50,5.57526,-0.93896,-125.27183,-5.80737,-10.23964,25.6569,-15.48212,POM_COL,POM_COL,PomonaPitzer,TeamExclusive,Team,20260130-PomonaPitzer-Private-1,e9db6b60-fe2d-11f0-915a-63f78c275567,84.93764,,,7.33575,,,,,,,9c723542-d6b6-4c4f-819a-2cccafe8acb4,2026-01-30,22:49:19.28,2026-01-30T14:49:19.2880000-08:00,2026-01-30T22:49:19.2880000Z,,v3,POM_PIT,POM_PIT,,"Lee, Sammy",1000276388,Right,POM_COL,679c7f43-4761-4f16-b0a7-0ad286906565,54.93677,-126.27888,12.82845,5.79128,-5.19968,-7.74106,-0.11693,-0.53705,-5.11982,,,,,,,,,,,,,,,,,,,,,,,,,,,,,,,,,,,,,,,,,,,,,,,,,,,High,High,High,,,,,
188,2026-01-30,14:49:41.98,1,2,"Wiessinger, Jack",1000276383,Right,POM_COL,"Pierantoni, Greg",1000091552,Right,POM_COL,Undefined,5,Bottom,0,0,1,Curveball,Curveball,BallCalled,Undefined,Undefined,Undefined,0,0,,74.64894,4.15354,-0.941971,2084.806806,21.742328,6:45,5.64992,0.3543,5.06058,-60.75716,-8.37748,-4.04595,4.51098,-0.87121,67.68221,-6.862962,-1.656105,0.520898,,,,,,,,,,,,1.70047,-4.78996,-0.26143,50,5.99737,1.93848,-107.98588,5.72838,1.9902,20.35119,-37.78018,POM_COL,POM_COL,PomonaPitzer,TeamExclusive,Team,20260130-PomonaPitzer-Private-1,f765c230-fe2d-11f0-915a-63f78c275567,72.36049,,,6.96673,,,,,,,9c723542-d6b6-4c4f-819a-2cccafe8acb4,2026-01-30,22:49:41.98,2026-01-30T14:49:41.9880000-08:00,2026-01-30T22:49:41.9880000Z,,v3,POM_PIT,POM_PIT,,"Lee, Sammy",1000276388,Right,POM_COL,2b43c2cb-fbf6-4939-9ed8-094f6f6901e5,55.43863,-109.00604,10.17559,5.66275,7.6222,-18.89009,-0.35611,1.83871,0.9951,,,,,,,,,,,,,,,,,,,,,,,,,,,,,,,,,,,,,,,,,,,,,,,,,,,High,High,High,,,,,
189,2026-01-30,14:50:02.87,1,3,"Wiessinger, Jack",1000276383,Right,POM_COL,"Pierantoni, Greg",1000091552,Right,POM_COL,Undefined,5,Bottom,0,1,1,Fastball,Four-Seam,BallCalled,Undefined,Undefined,Undefined,0,0,,86.80368,1.612411,-0.762331,2151.702646,203.566708,12:45,5.78406,0.23573,5.8717,-19.63277,17.46962,7.11843,5.64619,0.12082,79.10743,-2.115353,0.514177,0.438402,,,,,,,,,,,,-3.81567,8.8104,-0.178,50,5.90307,1.37499,-126.02203,2.97758,-6.13907,25.49931,-17.9989,POM_COL,POM_COL,PomonaPitzer,TeamExclusive,Team,20260130-PomonaPitzer-Private-1,03cbbd40-fe2e-11f0-915a-63f78c275567,85.97696,,,7.69625,,,,,,,9c723542-d6b6-4c4f-819a-2cccafe8acb4,2026-01-30,22:50:02.87,2026-01-30T14:50:02.8790000-08:00,2026-01-30T22:50:02.8790000Z,,v3,POM_PIT,POM_PIT,,"Lee, Sammy",1000276388,Right,POM_COL,0a565384-3280-45f7-be31-c104e4add9f5,54.62417,-126.95424,12.74966,5.78219,3.63558,-8.99945,-0.23237,1.59943,-3.06954,,,,,,,,,,,,,,,,,,,,,,,,,,,,,,,,,,,,,,,,,,,,,,,,,,,High,High,High,,,,,
190,2026-01-30,14:50:24.86,1,4,"Wiessinger, Jack",1000276383,Right,POM_COL,"Pierantoni, Greg",1000091552,Right,POM_COL,Undefined,5,Bottom,0,2,1,Fastball,Four-Seam,BallCalled,Undefined,Undefined,Undefined,0,0,,85.8792,-0.130893,-0.071656,2101.185232,203.055931,12:45,5.76981,0.27137,5.69851,-20.8395,17.43316,6.88725,3.91122,0.77853,78.14281,-4.068714,1.159985,0.445262,,,,,,,,,,,,-3.49595,9.25528,-0.26959,50,5.74598,-0.13751,-124.66016,-0.91348,-5.48054,25.9396,-17.66467,POM_COL,POM_COL,PomonaPitzer,TeamExclusive,Team,20260130-PomonaPitzer-Private-1,10ed4020-fe2e-11f0-915a-63f78c275567,84.65226,,,7.73639,,,,,,,9c723542-d6b6-4c4f-819a-2cccafe8acb4,2026-01-30,22:50:24.86,2026-01-30T14:50:24.8620000-08:00,2026-01-30T22:50:24.8620000Z,,v3,POM_PIT,POM_PIT,,"Lee, Sammy",1000276388,Right,POM_COL,b0f3d3d2-c4f2-4b07-9b4f-a76fc441966a,54.79726,-125.65442,12.9698,5.76802,-0.23639,-8.83234,-0.26835,0.07256,-2.74027,,,,,,,,,,,,,,,,,,,,,,,,,,,,,,,,,,,,,,,,,,,,,,,,,,,High,High,High,,,,,
191,2026-01-30,14:50:46.66,1,5,"Wiessinger, Jack",1000276383,Right,POM_COL,"Pierantoni, Greg",1000091552,Right,POM_COL,Undefined,5,Bottom,0,3,1,Fastball,Four-Seam,InPlay,Undefined,LineDrive,Out,1,0,,85.98835,-2.713159,-0.6801,2160.916741,209.081239,1:00,5.71265,0.13776,5.66974,-22.28352,15.84162,8.13308,1.32399,0.18139,78.86774,-6.867736,0.774734,0.444403,90.25458,22.473338,17.471753,3635.764249,102.64708,36.65663,39.5411,294.19943,284.485,27.774039,3.549653,-4.33299,9.17375,-0.08563,50,5.46952,1.14466,-124.76177,-6.61905,-6.83287,24.9896,-17.70768,POM_COL,POM_COL,PomonaPitzer,TeamExclusive,Team,20260130-PomonaPitzer-Private-1,1deb5c80-fe2e-11f0-915a-63f78c275567,84.81589,42.6301,,7.12061,,,,0.9955,1.31948,-0.1856,9c723542-d6b6-4c4f-819a-2cccafe8acb4,2026-01-30,22:50:46.66,2026-01-30T14:50:46.6690000-08:00,2026-01-30T22:50:46.6690000Z,LineDrive,v3,POM_PIT,POM_PIT,,"Lee, Sammy",1000276388,Right,POM_COL,673c09e2-68a7-47b3-be87-9dd68d9da4e6,54.82868,-125.72522,12.4948,5.71155,-5.93634,-8.85384,-0.13484,1.40809,-3.41643,226.849519,0.99569,116.66879,-21.93867,4.68363,-0.86744,0.12234,-0.01037,-0.00015,0.00011,1.31923,50.61092,-16.80895,1.04356,-0.27095,0.11528,-0.03756,0.00741,-0.00061,-0.18582,36.73434,2.49878,-1.13456,0.24501,-0.01853,-0.00543,0.00176,-0.00015,,,,,,,,,,,,,,,,,,,,,,,High,High,High,High,High,,,
192,2026-01-30,14:51:25.34,2,1,"Wiessinger, Jack",1000276383,Right,POM_COL,"DeGrazia, Tanner",1000214434,Right,POM_COL,Undefined,5,Bottom,1,0,0,Fastball,Four-Seam,InPlay,Undefined,LineDrive,Out,1,0,,88.21393,-1.677417,-1.652373,2089.895705,205.140527,12:45,5.74494,0.22208,5.85429,-18.53824,17.4619,7.64953,2.64045,-0.67616,80.57406,-5.186873,-0.28075,0.431841,100.24871,7.1241,9.111704,1295.193637,107.59834,6.86762,22.8588,164.31198,150.39255,13.24235,1.336184,-4.39894,9.76646,-0.09248,50,5.59794,3.37779,-128.05817,-4.30724,-7.29386,26.81122,-15.98036,POM_COL,POM_COL,PomonaPitzer,TeamExclusive,Team,20260130-PomonaPitzer-Private-1,34fb4ac0-fe2e-11f0-915a-63f78c275567,87.28323,7.78839,,7.63986,,,,0.3284,2.54133,0.6529,9c723542-d6b6-4c4f-819a-2cccafe8acb4,2026-01-30,22:51:25.34,2026-01-30T14:51:25.3480000-08:00,2026-01-30T22:51:25.3480000Z,LineDrive,v3,POM_PIT,POM_PIT,,"Lee, Sammy",1000276388,Right,POM_COL,0bce977d-4cd0-48d4-9c1a-a3c857059b4f,54.64442,-129.0269,13.40561,5.74313,-3.72985,-7.99018,-0.21928,3.64133,-3.64693,254.399473,0.3284,144.05511,-22.8156,4.26292,-0.92698,0.19718,-0.04192,0.00742,-0.00073,2.54133,18.23464,-16.56777,1.39293,-0.26835,0.06084,-0.01166,0.00203,-0.00021,0.6529,23.10408,4.969,-1.60407,0.45201,-0.1157,0.0273,-0.0051,0.00052,,,,,,,,,,,,,,,,,,,,,,,High,High,High,High,High,,,
193,2026-01-30,14:51:54.87,3,1,"Wiessinger, Jack",1000276383,Right,POM_COL,"Zerger, Justin",10051439,Right,POM_COL,Undefined,5,Bottom,2,0,0,Slider,Curveball,StrikeCalled,Undefined,Undefined,Undefined,0,0,,78.61778,0.876405,-0.716687,1903.201743,72.540861,8:30,5.70037,0.36646,5.24846,-45.30388,1.38032,-0.64386,2.74874,-0.36072,71.55066,-7.399265,-0.830989,0.491764,,,,,,,,,,,,0.10193,0.95756,-0.3002,50,5.74766,1.45251,-113.98516,0.16723,0.13297,22.61336,-30.92493,POM_COL,POM_COL,PomonaPitzer,TeamExclusive,Team,20260130-PomonaPitzer-Private-1,469620c0-fe2e-11f0-915a-63f78c275567,76.64748,,,7.06712,,,,,,,9c723542-d6b6-4c4f-819a-2cccafe8acb4,2026-01-30,22:51:54.87,2026-01-30T14:51:54.8730000-08:00,2026-01-30T22:51:54.8730000Z,,v3,POM_PIT,POM_PIT,,"Lee, Sammy",1000276388,Right,POM_COL,4a06af4d-afff-478c-86a7-b6c4353b54d4,55.24769,-115.02153,11.30668,5.70752,1.58452,-15.46246,-0.36662,1.44641,0.06649,,,,,,,,,,,,,,,,,,,,,,,,,,,,,,,,,,,,,,,,,,,,,,,,,,,High,High,High,,,,,
194,2026-01-30,14:52:14.41,3,2,"Wiessinger, Jack",1000276383,Right,POM_COL,"Zerger, Justin",10051439,Right,POM_COL,Undefined,5,Bottom,2,0,1,Curveball,Curveball,BallCalled,Undefined,Undefined,Undefined,0,0,,72.68873,4.499628,1.649618,1997.383435,20.604687,6:45,5.76503,0.30808,4.75002,-69.81295,-13.483,-5.83276,4.22535,1.38696,65.54016,-8.074395,0.625814,0.540183,,,,,,,,,,,,3.35339,-7.29335,-0.46847,50,6.1567,-2.78412,-104.97373,5.77494,3.68302,20.37656,-40.18428,POM_COL,POM_COL,PomonaPitzer,TeamExclusive,Team,20260130-PomonaPitzer-Private-1,524b4260-fe2e-11f0-915a-63f78c275567,69.77714,,,7.14857,,,,,,,9c723542-d6b6-4c4f-819a-2cccafe8acb4,2026-01-30,22:52:14.41,2026-01-30T14:52:14.4180000-08:00,2026-01-30T22:52:14.4180000Z,,v3,POM_PIT,POM_PIT,,"Lee, Sammy",1000276388,Right,POM_COL,a0139174-1b56-4afc-bb38-7d30e2cfd6f0,55.74989,-106.08398,10.18828,5.78239,7.96444,-20.09214,-0.31131,-2.9848,1.84151,,,,,,,,,,,,,,,,,,,,,,,,,,,,,,,,,,,,,,,,,,,,,,,,,,,High,High,High,,,,,
195,2026-01-30,14:52:34.76,3,3,"Wiessinger, Jack",1000276383,Right,POM_COL,"Zerger, Justin",10051439,Right,POM_COL,Undefined,5,Bottom,2,1,1,Fastball,Four-Seam,StrikeSwinging,Undefined,Undefined,Undefined,0,0,,88.44377,-1.416894,-1.335187,2121.70387,201.709173,12:45,5.74712,0.23756,5.78338,-19.47985,16.44383,6.08347,2.80493,-0.49794,80.71962,-5.092322,-0.245573,0.431382,,,,,,,,,,,,-3.46571,9.12717,-0.1311,50,5.61861,2.73051,-128.37133,-3.7756,-5.77395,26.97062,-16.96802,POM_COL,POM_COL,PomonaPitzer,TeamExclusive,Team,20260130-PomonaPitzer-Private-1,5e549e80-fe2e-11f0-915a-63f78c275567,87.37606,,,7.72416,,,,,,,9c723542-d6b6-4c4f-819a-2cccafe8acb4,2026-01-30,22:52:34.76,2026-01-30T14:52:34.7600000-08:00,2026-01-30T22:52:34.7600000Z,,v3,POM_PIT,POM_PIT,,"Lee, Sammy",1000276388,Right,POM_COL,41e66a17-cd48-48a9-9de3-e882a6669ec4,54.71342,-129.35782,13.48531,5.74535,-3.15497,-8.48401,-0.23484,2.9417,-2.88697,,,,,,,,,,,,,,,,,,,,,,,,,,,,,,,,,,,,,,,,,,,,,,,,,,,High,High,High,,,,,
196,2026-01-30,14:52:55.27,3,4,"Wiessinger, Jack",1000276383,Right,POM_COL,"Zerger, Justin",10051439,Right,POM_COL,Undefined,5,Bottom,2,1,2,Slider,Slider,StrikeSwinging,Strikeout,Undefined,Undefined,0,0,,81.24782,0.248367,-0.911833,1966.69324,49.323834,7:45,5.71078,0.31852,5.30754,-43.26357,0.14508,-1.46835,2.33865,-0.65983,74.32813,-7.638889,-1.172857,0.474198,,,,,,,,,,,,0.46764,0.45909,-0.23469,50,5.70211,1.93784,-117.8937,-1.03535,0.65542,23.2868,-31.53059,POM_COL,POM_COL,PomonaPitzer,TeamExclusive,Team,20260130-PomonaPitzer-Private-1,6a997d00-fe2e-11f0-915a-63f78c275567,79.48674,,,6.9197,,,,,,,9c723542-d6b6-4c4f-819a-2cccafe8acb4,2026-01-30,22:52:55.27,2026-01-30T14:52:55.2730000-08:00,2026-01-30T22:52:55.2730000Z,,v3,POM_PIT,POM_PIT,,"Lee, Sammy",1000276388,Right,POM_COL,340e94d0-a0aa-4861-8fd6-ddecdcfb2bfa,55.19023,-118.91447,11.6434,5.7172,0.34679,-15.7653,-0.31901,1.90911,0.32771,,,,,,,,,,,,,,,,,,,,,,,,,,,,,44.61097,3.42099,1.764301,1.656689,-1.16741,1.98252,0.71302,-2.61556,6.52039,-0.21008,75.99988,-0.23791,-48.77948,-2.57573,51.44422,-2.44136,6.62221,21.46522,-15.52198,-0.25441,-32.7122,2.08694,High,High,High,,,High,High,High
197,2026-01-30,14:54:40.41,1,1,"Lawson, Wade",1000068528,Right,POM_COL,"Loui, Shawn",1000474008,Right,POM_COL,Undefined,6,Top,0,0,0,Fastball,Four-Seam,BallCalled,Undefined,Undefined,Undefined,0,0,,87.94702,-0.116533,-1.568148,2422.06531,207.516115,1:00,6.21029,0.96585,5.21232,-21.91143,15.08611,7.25654,4.27471,0.0956,80.39463,-4.191047,-0.28267,0.437782,,,,,,,,,,,,-4.02331,7.90178,-0.82649,50,6.18341,3.15996,-127.60083,-1.02304,-6.64936,25.66007,-19.11467,POM_COL,POM_COL,PomonaPitzer,TeamExclusive,Team,20260130-PomonaPitzer-Private-1,a93be1b0-fe2e-11f0-915a-63f78c275567,86.09864,,,7.55239,,,,,,,9c723542-d6b6-4c4f-819a-2cccafe8acb4,2026-01-30,22:54:40.41,2026-01-30T14:54:40.4110000-08:00,2026-01-30T22:54:40.4110000Z,,v3,POM_PIT,POM_PIT,,"Ruyle, Brody",10183257,Right,POM_COL,1c04c6fa-a767-4def-a538-bde089edd06c,55.28424,-128.65908,12.83003,6.20934,-0.23473,-9.55733,-0.96246,3.43418,-3.32468,,,,,,,,,,,,,,,,,,,,,,,,,,,,,,,,,,,,,,,,,,,,,,,,,,,High,High,High,,,,,
198,2026-01-30,14:54:51.86,1,2,"Lawson, Wade",1000068528,Right,POM_COL,"Loui, Shawn",1000474008,Right,POM_COL,Undefined,6,Top,0,1,0,Slider,Slider,StrikeCalled,Undefined,Undefined,Undefined,0,0,,83.02984,0.099801,-1.537805,2444.617219,91.499783,9:00,5.50335,1.91005,4.33377,-41.77715,1.48595,-1.23008,2.11734,0.33755,75.65034,-7.396568,-1.752459,0.473402,,,,,,,,,,,,0.13724,1.1365,-1.74302,50,5.47235,3.28541,-120.21539,-1.50198,0.1996,24.65581,-30.52122,POM_COL,POM_COL,PomonaPitzer,TeamExclusive,Team,20260130-PomonaPitzer-Private-1,b0156bf0-fe2e-11f0-915a-63f78c275567,79.62035,,,7.3795,,,,,,,9c723542-d6b6-4c4f-819a-2cccafe8acb4,2026-01-30,22:54:51.86,2026-01-30T14:54:51.8680000-08:00,2026-01-30T22:54:51.8680000Z,,v3,POM_PIT,POM_PIT,,"Ruyle, Brody",10183257,Right,POM_COL,574a0d81-ef94-4c84-a4cd-94bbd7d5acd2,56.16307,-121.47284,12.3279,5.50926,0.05461,-15.26061,-1.91031,3.27523,0.0998,,,,,,,,,,,,,,,,,,,,,,,,,,,,,,,,,,,,,,,,,,,,,,,,,,,High,High,High,,,,,
199,2026-01-30,14:55:04.89,1,3,"Lawson, Wade",1000068528,Right,POM_COL,"Loui, Shawn",1000474008,Right,POM_COL,Undefined,6,Top,0,1,1,Slider,Slider,StrikeSwinging,Undefined,Undefined,Undefined,0,0,,84.21461,-0.07742,-1.498953,2653.762969,317.296386,4:30,6.05447,1.35953,4.36524,-43.03353,-0.9202,2.18622,2.39437,0.1097,76.57174,-7.793835,-1.117011,0.467069,,,,,,,,,,,,-1.50689,0.04531,-1.20113,50,6.00352,3.08484,-121.90358,-1.96423,-2.24722,25.96735,-32.10649,POM_COL,POM_COL,PomonaPitzer,TeamExclusive,Team,20260130-PomonaPitzer-Private-1,b7de1120-fe2e-11f0-915a-63f78c275567,80.69989,,,7.64287,,,,,,,9c723542-d6b6-4c4f-819a-2cccafe8acb4,2026-01-30,22:55:04.89,2026-01-30T14:55:04.8940000-08:00,2026-01-30T22:55:04.8940000Z,,v3,POM_PIT,POM_PIT,,"Ruyle, Brody",10183257,Right,POM_COL,7bbb9ea8-20bc-4f63-ba9a-1d9e94d33883,56.13126,-123.20271,12.98367,6.06161,-0.35796,-16.05325,-1.35827,3.19726,-1.12361,,,,,,,,,,,,,,,,,,,,,,,,,,,,,,,,,,,,,,,,,,,,,,,,,,,High,High,High,,,,,
200,2026-01-30,14:55:17.60,1,4,"Lawson, Wade",1000068528,Right,POM_COL,"Loui, Shawn",1000474008,Right,POM_COL,Undefined,6,Top,0,1,2,Fastball,Four-Seam,InPlay,Undefined,FlyBall,Out,1,0,,88.87712,-1.099096,-2.201263,2463.442066,214.464082,1:15,6.14884,1.01341,5.4701,-23.35234,12.52186,7.82922,3.17335,-0.39521,81.4516,-5.431613,-0.807796,0.431084,90.71907,32.500568,6.062174,,108.78927,67.40649,16.27189,326.03032,318.34877,11.301647,5.15027,-4.55213,6.94882,-0.82536,50,6.03637,4.61367,-128.97638,-3.29037,-7.68777,26.17281,-20.43865,POM_COL,POM_COL,PomonaPitzer,TeamExclusive,Team,20260130-PomonaPitzer-Private-1,bf671540-fe2e-11f0-915a-63f78c275567,87.43633,86.21402,,7.42552,,,,-0.28279,3.31343,0.30576,9c723542-d6b6-4c4f-819a-2cccafe8acb4,2026-01-30,22:55:17.60,2026-01-30T14:55:17.6020000-08:00,2026-01-30T22:55:17.6020000Z,FlyBall,v3,POM_PIT,POM_PIT,,"Ruyle, Brody",10183257,Right,POM_COL,9d1e7f1e-78ec-4ab0-b8ba-d24293e4b37a,55.02854,-129.9928,13.0864,6.14874,-2.49663,-10.21933,-1.01033,4.91223,-3.84388,194.899007,-0.27899,111.507,-25.20508,6.28641,-1.02029,0.06002,0.01256,-0.00256,0.00014,3.30987,71.55768,-16.26104,0.04235,0.24633,-0.0875,0.02283,-0.00336,0.00019,0.30576,11.85256,1.64902,-0.90926,0.27444,-0.05483,0.00658,-0.0004,1E-05,,,,,,,,,,,,,,,,,,,,,,,High,High,High,Low,Medium,,,
201,2026-01-30,14:55:49.17,2,1,"Lawson, Wade",1000068528,Right,POM_COL,"Heath, Emmett",1000111182,Left,POM_COL,Undefined,6,Top,1,0,0,Curveball,Curveball,BallCalled,Undefined,Undefined,Undefined,0,0,,78.84731,3.219675,0.844957,2262.796561,23.027544,6:45,6.18896,0.9864,4.33541,-57.54594,-10.10323,-4.88701,4.47391,1.38669,72.55509,-7.028399,-0.007313,0.495742,,,,,,,,,,,,2.56461,-5.21827,-1.07222,50,6.47766,-1.46535,-114.26906,4.10999,3.41378,19.72849,-39.12012,POM_COL,POM_COL,PomonaPitzer,TeamExclusive,Team,20260130-PomonaPitzer-Private-1,d23d0350-fe2e-11f0-915a-63f78c275567,76.03231,,,6.29223,,,,,,,9c723542-d6b6-4c4f-819a-2cccafe8acb4,2026-01-30,22:55:49.17,2026-01-30T14:55:49.1760000-08:00,2026-01-30T22:55:49.1760000Z,,v3,POM_PIT,POM_PIT,,"Ruyle, Brody",10183257,Right,POM_COL,09d4d182-c9cf-43bf-b5b3-5a25fccb729e,56.16634,-115.32876,9.86425,6.20046,6.2113,-19.56006,-0.98858,-1.64872,1.70689,,,,,,,,,,,,,,,,,,,,,,,,,,,,,,,,,,,,,,,,,,,,,,,,,,,High,High,High,,,,,
202,2026-01-30,14:56:06.00,2,2,"Lawson, Wade",1000068528,Right,POM_COL,"Heath, Emmett",1000111182,Left,POM_COL,Undefined,6,Top,1,1,0,Slider,Slider,StrikeCalled,Undefined,Undefined,Undefined,0,0,,83.98475,0.2722,-0.733843,2449.857747,3.29705,6:00,5.81806,1.62737,4.35239,-42.72424,0.51642,-0.07205,2.51778,0.92025,74.76296,-7.453003,-0.746427,0.473279,,,,,,,,,,,,-0.23331,0.7374,-1.54846,50,5.80546,1.55649,-121.24057,-1.19822,-0.33709,30.18558,-31.10867,POM_COL,POM_COL,PomonaPitzer,TeamExclusive,Team,20260130-PomonaPitzer-Private-1,dc44ea20-fe2e-11f0-915a-63f78c275567,79.64099,,,9.22179,,,,,,,9c723542-d6b6-4c4f-819a-2cccafe8acb4,2026-01-30,22:56:06.00,2026-01-30T14:56:06.0010000-08:00,2026-01-30T22:56:06.0010000Z,,v3,POM_PIT,POM_PIT,,"Ruyle, Brody",10183257,Right,POM_COL,aa473964-c9c6-4ea5-906b-773166ec911e,56.13872,-122.75943,15.09279,5.82637,0.36709,-15.55433,-1.62721,1.57345,-0.16855,,,,,,,,,,,,,,,,,,,,,,,,,,,,,,,,,,,,,,,,,,,,,,,,,,,High,High,High,,,,,
203,2026-01-30,14:56:18.40,2,3,"Lawson, Wade",1000068528,Right,POM_COL,"Heath, Emmett",1000111182,Left,POM_COL,Undefined,6,Top,1,1,1,Fastball,Four-Seam,InPlay,Undefined,GroundBall,Out,1,0,,88.72581,-1.46984,-1.683388,2580.465223,209.234225,1:00,6.05626,0.97825,5.28529,-20.871,15.4204,7.98638,2.93583,0.06251,81.1845,-5.353154,-0.26634,0.433584,87.37987,-18.37383,16.220344,,,,,9.34408,9.34408,14.190948,0.069936,-4.47213,8.47406,-0.83093,50,5.90732,3.42489,-128.71877,-4.02673,-7.51229,26.40918,-17.9393,POM_COL,POM_COL,PomonaPitzer,TeamExclusive,Team,20260130-PomonaPitzer-Private-1,e3a9c470-fe2e-11f0-915a-63f78c275567,86.93227,2.83232,,7.54131,,,,0.87109,2.83232,-0.0912,9c723542-d6b6-4c4f-819a-2cccafe8acb4,2026-01-30,22:56:18.40,2026-01-30T14:56:18.4050000-08:00,2026-01-30T22:56:18.4050000Z,GroundBall,v3,POM_PIT,POM_PIT,,"Ruyle, Brody",10183257,Right,POM_COL,2f8f7e1c-bb8d-448a-ae49-10ecbc64731f,55.21307,-129.78393,13.20459,6.05514,-3.30319,-8.96965,-0.97517,3.72788,-3.75615,180,0.86779,117.07592,,,,,,,,2.83346,-40.49866,,,,,,,,-0.09216,34.05878,,,,,,,,,,,,,,,,,,,,,,,,,,,,,,High,High,High,High,High,,,
204,2026-01-30,14:56:44.67,3,1,"Lawson, Wade",1000068528,Right,POM_COL,"Lee, Sammy",1000276388,Right,POM_COL,Undefined,6,Top,2,0,0,Curveball,Curveball,BallCalled,Undefined,Undefined,Undefined,0,0,,80.41407,-0.379231,-0.006194,2448.457967,20.458782,6:45,6.14673,0.83006,4.81929,-56.01523,-10.99001,-4.62359,1.11959,0.43889,74.18268,-10.394176,-0.823114,0.482947,,,,,,,,,,,,2.28189,-4.91225,-0.82523,50,6.06023,0.20995,-116.71717,-2.9288,3.13831,22.5856,-38.9299,POM_COL,POM_COL,PomonaPitzer,TeamExclusive,Team,20260130-PomonaPitzer-Private-1,f35574a0-fe2e-11f0-915a-63f78c275567,78.04679,,,6.23139,,,,,,,9c723542-d6b6-4c4f-819a-2cccafe8acb4,2026-01-30,22:56:44.67,2026-01-30T14:56:44.6720000-08:00,2026-01-30T22:56:44.6720000Z,,v3,POM_PIT,POM_PIT,,"Ruyle, Brody",10183257,Right,POM_COL,53fbca20-ee78-4067-b0a9-14a76f7004c2,55.68258,-117.81166,11.2928,6.15645,-1.04227,-19.46495,-0.83172,0.05787,1.56915,,,,,,,,,,,,,,,,,,,,,,,,,,,,,,,,,,,,,,,,,,,,,,,,,,,High,High,High,,,,,
205,2026-01-30,14:56:57.25,3,2,"Lawson, Wade",1000068528,Right,POM_COL,"Lee, Sammy",1000276388,Right,POM_COL,Undefined,6,Top,2,1,0,Fastball,Four-Seam,BallCalled,Undefined,Undefined,Undefined,0,0,,88.46641,-1.204601,-0.864701,2454.333867,226.237692,1:30,6.12534,1.11994,5.30567,-24.22793,12.24009,11.57705,2.97528,1.27293,80.98035,-5.683897,1.191672,0.434638,,,,,,,,,,,,-5.98626,6.81374,-1.04991,50,5.99866,1.40554,-128.37261,-3.56692,-10.00135,26.27643,-20.79017,POM_COL,POM_COL,PomonaPitzer,TeamExclusive,Team,20260130-PomonaPitzer-Private-1,fad243c0-fe2e-11f0-915a-63f78c275567,86.72152,,,7.48606,,,,,,,9c723542-d6b6-4c4f-819a-2cccafe8acb4,2026-01-30,22:56:57.25,2026-01-30T14:56:57.2540000-08:00,2026-01-30T22:56:57.2540000Z,,v3,POM_PIT,POM_PIT,,"Ruyle, Brody",10183257,Right,POM_COL,e3d6afda-adfc-4882-ad4a-a8fd2333c4c7,55.19097,-129.43078,13.13822,6.12544,-2.72969,-10.39509,-1.11462,1.80831,-5.00068,,,,,,,,,,,,,,,,,,,,,,,,,,,,,,,,,,,,,,,,,,,,,,,,,,,High,High,High,,,,,
206,2026-01-30,14:57:12.27,3,3,"Lawson, Wade",1000068528,Right,POM_COL,"Lee, Sammy",1000276388,Right,POM_COL,Undefined,6,Top,2,2,0,Slider,Slider,StrikeCalled,Undefined,Undefined,Undefined,0,0,,81.98486,0.863647,-1.551044,2460.373149,16.551866,6:30,5.47438,2.11339,4.18336,-44.06955,0.5198,-0.28717,2.62991,0.60273,74.68153,-7.023386,-1.600999,0.480604,,,,,,,,,,,,-0.31634,0.47146,-1.94185,50,5.52363,3.22701,-118.67279,-0.03303,-0.4489,23.76741,-31.50508,POM_COL,POM_COL,PomonaPitzer,TeamExclusive,Team,20260130-PomonaPitzer-Private-1,03d00d90-fe2f-11f0-915a-63f78c275567,78.4273,,,7.30334,,,,,,,9c723542-d6b6-4c4f-819a-2cccafe8acb4,2026-01-30,22:57:12.27,2026-01-30T14:57:12.2780000-08:00,2026-01-30T22:57:12.2780000Z,,v3,POM_PIT,POM_PIT,,"Ruyle, Brody",10183257,Right,POM_COL,f7da85cf-44e4-40e3-b090-ca8d10a20084,56.31334,-119.93054,11.88371,5.48126,1.63419,-15.75254,-2.11325,3.25076,-0.22445,,,,,,,,,,,,,,,,,,,,,,,,,,,,,,,,,,,,,,,,,,,,,,,,,,,High,High,High,,,,,
207,2026-01-30,14:57:24.85,3,4,"Lawson, Wade",1000068528,Right,POM_COL,"Lee, Sammy",1000276388,Right,POM_COL,Undefined,6,Top,2,2,1,Slider,Slider,FoulBallNotFieldable,Undefined,Undefined,Undefined,0,0,,84.61927,-0.641961,-1.050079,2505.268652,61.337121,8:00,6.0514,1.31544,4.41306,-41.16018,0.24965,-2.02118,2.00864,0.14481,77.40594,-8.015308,-1.403634,0.463152,,,,,,,,,,,,0.68173,0.66217,-1.20162,50,5.94261,2.34173,-122.61711,-3.07172,1.03342,25.22809,-31.17034,POM_COL,POM_COL,PomonaPitzer,TeamExclusive,Team,20260130-PomonaPitzer-Private-1,0b464d00-fe2f-11f0-915a-63f78c275567,81.38252,,,7.21334,,,,,,,9c723542-d6b6-4c4f-819a-2cccafe8acb4,2026-01-30,22:57:24.85,2026-01-30T14:57:24.8560000-08:00,2026-01-30T22:57:24.8560000Z,,v3,POM_PIT,POM_PIT,,"Ruyle, Brody",10183257,Right,POM_COL,acb93813-67d4-47f4-b418-c75a2181a3ef,56.08604,-123.86296,12.61405,6.05629,-1.53241,-15.58517,-1.316,2.2907,0.51671,,,,,,,,,,,,,,,,,,,,,,,,,,,,,,,,,,,,,,,,,,,,,,,,,,,High,High,High,,,,,
208,2026-01-30,14:57:53.26,3,5,"Lawson, Wade",1000068528,Right,POM_COL,"Lee, Sammy",1000276388,Right,POM_COL,Undefined,6,Top,2,2,2,ChangeUp,Splitter,InPlay,Undefined,GroundBall,Out,1,0,,86.02888,-0.665471,-2.177817,1135.103885,240.132478,2:00,5.74121,1.3896,4.85775,-29.57647,9.48217,14.45379,2.64614,0.53172,79.1062,-6.051329,0.36695,0.449811,83.91773,-2.970013,-23.59215,,,,,45.59102,24.28224,-25.056892,0.358351,-7.7289,5.19611,-1.18788,50,5.6506,4.09212,-124.81069,-2.58174,-12.26282,23.74844,-23.92979,POM_COL,POM_COL,PomonaPitzer,TeamExclusive,Team,20260130-PomonaPitzer-Private-1,1c3070a0-fe2f-11f0-915a-63f78c275567,83.79621,2.28785,,6.92268,,,,0.88972,2.28785,-1.66024,9c723542-d6b6-4c4f-819a-2cccafe8acb4,2026-01-30,22:57:53.26,2026-01-30T14:57:53.2640000-08:00,2026-01-30T22:57:53.2640000Z,GroundBall,v3,POM_PIT,POM_PIT,,"Ruyle, Brody",10183257,Right,POM_COL,9faee121-0f29-4526-9ea8-e28cfdac913d,55.64211,-125.87967,11.87422,5.74257,-1.5046,-11.9649,-1.3845,4.6441,-6.13141,180,0.88234,112.76834,,,,,,,,2.28826,-6.38438,,,,,,,,-1.65702,-49.24888,,,,,,,,,,,,,,,,,,,,,,,,,,,,,,High,High,High,Low,Low,,,
209,2026-01-30,15:00:24.63,1,1,"Wiessinger, Jack",1000276383,Right,POM_COL,"Parker, Will",1000474009,Left,POM_COL,Undefined,6,Bottom,0,0,0,Fastball,Four-Seam,FoulBallNotFieldable,Undefined,Undefined,Undefined,0,0,,86.37916,-1.432482,-0.542296,2176.802066,208.554195,1:00,5.80875,0.24051,5.90781,-18.99477,18.29084,9.32788,2.89588,0.51446,79.23934,-5.02539,1.13274,0.439483,79.3223,52.896788,-44.119466,,,,,,82.29599,,,-4.96225,10.13504,-0.20248,50,5.68296,0.8164,-125.52176,-3.6932,-7.9369,24.80667,-15.96346,POM_COL,POM_COL,PomonaPitzer,TeamExclusive,Team,20260130-PomonaPitzer-Private-1,7669d250-fe2f-11f0-915a-63f78c275567,85.76541,91.27925,,7.13982,,,,2.37131,2.97922,-0.49584,9c723542-d6b6-4c4f-819a-2cccafe8acb4,2026-01-30,23:00:24.63,2026-01-30T15:00:24.6390000-08:00,2026-01-30T23:00:24.6390000Z,,v3,POM_PIT,POM_PIT,,"Lee, Sammy",1000276388,Right,POM_COL,8ec3a048-e532-4426-a722-e886e67d210c,54.59166,-126.42594,12.40333,5.80697,-3.11135,-7.98173,-0.23751,1.1057,-3.96845,,2.37132,50.38127,-14.23744,3.69188,-0.45605,-0.38674,0.3621,-0.12247,0.01356,2.97921,92.78696,-23.9471,2.49038,-0.60356,0.30244,-0.17507,0.05527,-0.00627,-0.49583,-48.85802,3.80542,-0.53069,0.13463,-0.14037,0.0997,-0.03278,0.00376,,,,,,,,,,,,,,,,,,,,,,,High,High,High,Medium,Undefined,,,
210,2026-01-30,15:00:52.18,1,2,"Wiessinger, Jack",1000276383,Right,POM_COL,"Parker, Will",1000474009,Left,POM_COL,Undefined,6,Bottom,0,0,1,ChangeUp,Changeup,BallCalled,Undefined,Undefined,Undefined,0,0,,77.80419,-2.797563,-2.070809,2000.876176,231.544499,1:45,5.61814,0.60299,5.43325,-33.14018,13.96993,15.65032,0.23278,-0.03295,71.5448,-8.879665,0.717443,0.494002,,,,,,,,,,,,-8.5163,8.28044,-0.43094,50,5.34731,3.48026,-112.77454,-6.55184,-10.95584,20.71463,-21.52163,POM_COL,POM_COL,PomonaPitzer,TeamExclusive,Team,20260130-PomonaPitzer-Private-1,86deed00-fe2f-11f0-915a-63f78c275567,76.30021,,,6.25939,,,,,,,9c723542-d6b6-4c4f-819a-2cccafe8acb4,2026-01-30,23:00:52.18,2026-01-30T15:00:52.1880000-08:00,2026-01-30T23:00:52.1880000Z,,v3,POM_PIT,POM_PIT,,"Lee, Sammy",1000276388,Right,POM_COL,261c9c40-0196-437f-8359-30e89366ed5b,55.06594,-113.70125,10.35731,5.61888,-5.58903,-10.76082,-0.5976,3.97039,-5.47792,,,,,,,,,,,,,,,,,,,,,,,,,,,,,,,,,,,,,,,,,,,,,,,,,,,High,High,High,,,,,
211,2026-01-30,15:01:09.98,1,3,"Wiessinger, Jack",1000276383,Right,POM_COL,"Parker, Will",1000474009,Left,POM_COL,Undefined,6,Bottom,0,1,1,Slider,Slider,StrikeCalled,Undefined,Undefined,Undefined,0,0,,81.1842,1.244336,-0.14162,2005.836088,67.124751,8:15,5.68415,0.36857,5.18437,-42.88632,1.01933,-1.12488,3.28119,0.14159,73.71952,-6.59031,-0.341018,0.476905,,,,,,,,,,,,0.51201,0.63791,-0.35455,50,5.76764,0.33945,-117.68121,0.99911,0.71172,24.15723,-31.28729,POM_COL,POM_COL,PomonaPitzer,TeamExclusive,Team,20260130-PomonaPitzer-Private-1,91755830-fe2f-11f0-915a-63f78c275567,79.03559,,,7.46468,,,,,,,9c723542-d6b6-4c4f-819a-2cccafe8acb4,2026-01-30,23:01:09.98,2026-01-30T15:01:09.9890000-08:00,2026-01-30T23:01:09.9890000Z,,v3,POM_PIT,POM_PIT,,"Lee, Sammy",1000276388,Right,POM_COL,a38d42fd-70bc-4557-af72-ed35c187a394,55.31155,-118.76655,12.07862,5.69117,2.40478,-15.64365,-0.36908,0.30748,0.35586,,,,,,,,,,,,,,,,,,,,,,,,,,,,,,,,,,,,,,,,,,,,,,,,,,,High,High,High,,,,,
212,2026-01-30,15:01:29.05,1,4,"Wiessinger, Jack",1000276383,Right,POM_COL,"Parker, Will",1000474009,Left,POM_COL,Undefined,6,Bottom,0,1,2,Curveball,Curveball,StrikeSwinging,Strikeout,Undefined,Undefined,0,0,,74.64405,1.461663,0.922809,2208.251418,26.909901,7:00,5.73466,0.40765,4.91819,-68.05456,-15.59257,-8.80197,1.4459,0.54672,68.39171,-10.755463,-0.634276,0.521307,,,,,,,,,,,,4.61221,-7.55981,-0.49001,50,5.82029,-1.38995,-108.26404,0.32671,5.41446,20.82478,-41.04886,POM_COL,POM_COL,PomonaPitzer,TeamExclusive,Team,20260130-PomonaPitzer-Private-1,9cdaac20-fe2f-11f0-915a-63f78c275567,72.3037,,,6.25234,,,,,,,9c723542-d6b6-4c4f-819a-2cccafe8acb4,2026-01-30,23:01:29.05,2026-01-30T15:01:29.0580000-08:00,2026-01-30T23:01:29.0580000Z,,v3,POM_PIT,POM_PIT,,"Lee, Sammy",1000276388,Right,POM_COL,abb0d952-2239-449e-8fd6-705b1c96b233,55.58446,-109.33295,10.41239,5.74945,2.43368,-20.52443,-0.41154,-1.66786,2.70723,,,,,,,,,,,,,,,,,,,,,,,,,,,,,62.00745,,,1.027246,,,,1.4887,5.17458,-5.62675,72.22023,3.88619,-52.56487,1.50828,72.30282,-3.37741,5.20631,12.94039,-13.85282,-5.69066,-52.41897,6.61759,High,High,High,,,High,High,High
213,2026-01-30,15:02:00.63,2,1,"Wiessinger, Jack",1000276383,Right,POM_COL,"Savas, Peter",1000276389,Right,POM_COL,Undefined,6,Bottom,1,0,0,Fastball,Four-Seam,BallCalled,Undefined,Undefined,Undefined,0,0,,88.23983,-0.803593,0.27587,2269.229123,204.9223,12:45,5.74986,0.13187,5.97464,-15.80324,20.45899,8.89886,3.68791,1.12919,79.462,-3.866893,1.875251,0.43341,,,,,,,,,,,,-4.51276,11.17461,-0.15877,50,5.6778,-0.98176,-128.0388,-2.21216,-7.36734,30.52102,-13.93075,POM_COL,POM_COL,PomonaPitzer,TeamExclusive,Team,20260130-PomonaPitzer-Private-1,af9f0e00-fe2f-11f0-915a-63f78c275567,86.96723,,,8.77782,,,,,,,9c723542-d6b6-4c4f-819a-2cccafe8acb4,2026-01-30,23:02:00.63,2026-01-30T15:02:00.6300000-08:00,2026-01-30T23:02:00.6300000Z,,v3,POM_PIT,POM_PIT,,"Lee, Sammy",1000276388,Right,POM_COL,7846b887-d95b-4321-acb1-e924208f60e6,54.52281,-129.11242,15.26051,5.747,-1.72213,-6.96538,-0.12879,-0.7226,-3.68367,,,,,,,,,,,,,,,,,,,,,,,,,,,,,,,,,,,,,,,,,,,,,,,,,,,High,High,High,,,,,
214,2026-01-30,15:02:18.22,2,2,"Wiessinger, Jack",1000276383,Right,POM_COL,"Savas, Peter",1000276389,Right,POM_COL,Undefined,6,Bottom,1,1,0,Fastball,Four-Seam,BallCalled,Undefined,Undefined,Undefined,0,0,,86.21913,-4.211914,0.479795,2094.400866,191.68306,12:30,5.69769,0.25832,5.6344,-15.68619,23.18147,4.47996,0.45367,1.0793,77.4839,-7.231174,1.280095,0.44871,,,,,,,,,,,,-2.10382,13.59213,-0.30203,50,5.32936,-1.23565,-124.6039,-9.58344,-3.24076,29.75439,-11.23648,POM_COL,POM_COL,PomonaPitzer,TeamExclusive,Team,20260130-PomonaPitzer-Private-1,ba1ff560-fe2f-11f0-915a-63f78c275567,84.00174,,,8.73524,,,,,,,9c723542-d6b6-4c4f-819a-2cccafe8acb4,2026-01-30,23:02:18.22,2026-01-30T15:02:18.2240000-08:00,2026-01-30T23:02:18.2240000Z,,v3,POM_PIT,POM_PIT,,"Lee, Sammy",1000276388,Right,POM_COL,a518cb67-2eb1-4db2-95cd-12ee3d6a0598,54.86025,-125.75914,14.8772,5.69297,-9.14717,-5.61824,-0.2565,-1.10982,-1.62038,,,,,,,,,,,,,,,,,,,,,,,,,,,,,,,,,,,,,,,,,,,,,,,,,,,High,High,High,,,,,
215,2026-01-30,15:02:41.08,2,3,"Wiessinger, Jack",1000276383,Right,POM_COL,"Savas, Peter",1000276389,Right,POM_COL,Undefined,6,Bottom,1,2,0,Fastball,Four-Seam,StrikeSwinging,Undefined,Undefined,Undefined,0,0,,84.98091,-1.171336,-0.906335,2149.468148,192.561193,12:30,5.73322,0.13975,5.85317,-16.72965,22.50958,4.70055,3.25045,-0.31073,76.63901,-4.40753,-0.063455,0.450849,,,,,,,,,,,,-2.71339,12.32682,-0.06899,50,5.6287,1.7619,-123.26707,-2.95427,-4.11315,27.8836,-13.48811,POM_COL,POM_COL,PomonaPitzer,TeamExclusive,Team,20260130-PomonaPitzer-Private-1,c7c35270-fe2f-11f0-915a-63f78c275567,83.60315,,,8.3419,,,,,,,9c723542-d6b6-4c4f-819a-2cccafe8acb4,2026-01-30,23:02:41.08,2026-01-30T15:02:41.0870000-08:00,2026-01-30T23:02:41.0870000Z,,v3,POM_PIT,POM_PIT,,"Lee, Sammy",1000276388,Right,POM_COL,910075e7-9a5f-47f5-9dea-d0c1a208bfb8,54.64422,-124.31318,13.9418,5.73005,-2.44824,-6.74406,-0.13799,1.91621,-2.05657,,,,,,,,,,,,,,,,,,,,,,,,,,,,,,,,,,,,,,,,,,,,,,,,,,,High,High,High,,,,,
216,2026-01-30,15:03:03.03,2,4,"Wiessinger, Jack",1000276383,Right,POM_COL,"Savas, Peter",1000276389,Right,POM_COL,Undefined,6,Bottom,1,2,1,Slider,Slider,InPlay,Undefined,GroundBall,Single,0,0,,79.48707,0.650076,0.112987,1871.927045,68.922662,8:15,5.68856,0.35589,5.23013,-43.96372,0.59244,-1.47331,2.63603,0.33932,74.13947,-7.309764,-0.148545,0.480425,50.8736,4.690559,-1.365185,2027.452552,,,,43.48214,43.29943,-0.114237,0.602925,0.77114,0.43945,-0.36512,50,5.71493,-0.1704,-115.62531,-0.22398,1.06153,18.16052,-31.56911,POM_COL,POM_COL,PomonaPitzer,TeamExclusive,Team,20260130-PomonaPitzer-Private-1,d4de6cb0-fe2f-11f0-915a-63f78c275567,78.4565,3.12354,,5.3476,,,,0.65547,2.59845,-0.34785,9c723542-d6b6-4c4f-819a-2cccafe8acb4,2026-01-30,23:03:03.03,2026-01-30T15:03:03.0380000-08:00,2026-01-30T23:03:03.0380000Z,GroundBall,v3,POM_PIT,POM_PIT,,"Lee, Sammy",1000276388,Right,POM_COL,b018640c-dfff-4602-9c72-9b68cf2ddee5,55.27209,-116.45042,9.08026,5.69252,1.21034,-15.78455,-0.35628,-0.21863,0.53076,289.093836,0.65744,74.29793,-5.42788,,,,,,,2.60793,5.89203,-16.97166,,,,,,,-0.35319,-1.65196,3.48667,,,,,,,,,,,,,,,,,,,,,,,,,,,,,High,High,High,High,High,,,
217,2026-01-30,15:03:42.16,3,1,"Wiessinger, Jack",1000276383,Right,POM_COL,"Green, Mason",10147543,Right,POM_COL,Undefined,6,Bottom,1,0,0,Slider,Curveball,StrikeCalled,Undefined,Undefined,Undefined,0,0,,78.44323,0.685813,0.612783,1945.569769,131.018778,10:15,5.63241,0.33089,5.50626,-43.31384,2.07886,-0.99008,2.66438,0.82148,72.98737,-7.209531,0.436186,0.484914,,,,,,,,,,,,0.64583,1.27016,-0.38368,50,5.66285,-1.18227,-114.08838,-0.07505,0.86361,18.12781,-30.4756,POM_COL,POM_COL,PomonaPitzer,TeamExclusive,Team,20260130-PomonaPitzer-Private-1,ec332c20-fe2f-11f0-915a-63f78c275567,77.73022,,,5.45586,,,,,,,9c723542-d6b6-4c4f-819a-2cccafe8acb4,2026-01-30,23:03:42.16,2026-01-30T15:03:42.1680000-08:00,2026-01-30T23:03:42.1680000Z,,v3,POM_PIT,POM_PIT,,"Lee, Sammy",1000276388,Right,POM_COL,8d1a00a3-17d0-4c20-a45a-536a5942be6f,54.99433,-114.8792,9.0639,5.63713,1.25444,-15.2378,-0.33128,-1.21995,0.4318,,,,,,,,,,,,,,,,,,,,,,,,,,,,,,,,,,,,,,,,,,,,,,,,,,,High,High,High,,,,,
218,2026-01-30,15:04:00.62,3,2,"Wiessinger, Jack",1000276383,Right,POM_COL,"Green, Mason",10147543,Right,POM_COL,Undefined,6,Bottom,1,0,1,Fastball,Four-Seam,InPlay,Undefined,LineDrive,Single,0,0,,85.11065,-1.92724,-0.32257,2071.963942,197.106381,12:30,5.71903,0.02027,5.83408,-21.39548,17.1619,4.9115,2.14402,0.12973,78.11891,-5.944739,0.558413,0.446915,97.8676,12.50544,-24.036929,1315.347146,98.61168,16.31597,-48.74091,233.3306,233.3306,-29.121889,2.069343,-2.61933,9.68209,0.00302,50,5.54928,0.50188,-123.62387,-4.80315,-4.06129,24.20397,-17.16192,POM_COL,POM_COL,PomonaPitzer,TeamExclusive,Team,20260130-PomonaPitzer-Private-1,f72301f0-fe2f-11f0-915a-63f78c275567,84.33909,16.45574,,6.99174,,,,1.96092,2.24332,-0.09292,9c723542-d6b6-4c4f-819a-2cccafe8acb4,2026-01-30,23:04:00.62,2026-01-30T15:04:00.6210000-08:00,2026-01-30T23:04:00.6210000Z,LineDrive,v3,POM_PIT,POM_PIT,,"Lee, Sammy",1000276388,Right,POM_COL,900a546a-b613-4faa-8213-179557c2f16a,54.66519,-124.5339,12.10199,5.71774,-4.15789,-8.58096,-0.01871,0.65458,-2.03064,103.734892,1.96093,127.98143,-20.12818,3.87224,-0.79406,0.1136,-0.01114,-0.00012,0.00018,2.24332,31.08086,-18.50397,1.86529,-0.30248,0.06069,-0.01053,0.00178,-0.00021,-0.09292,-57.07995,-1.14485,1.98552,-0.71233,0.19434,-0.04159,0.00667,-0.0005,,,,,,,,,,,,,,,,,,,,,,,High,High,High,High,High,,,
219,2026-01-30,15:04:34.82,4,1,"Wiessinger, Jack",1000276383,Right,POM_COL,"Ruyle, Brody",10183257,Right,POM_COL,Undefined,6,Bottom,1,0,0,Fastball,Four-Seam,StrikeCalled,Undefined,Undefined,Undefined,0,0,,86.18841,-1.751076,-1.292022,2098.031512,199.732745,12:45,5.74284,0.12873,5.89644,-21.42174,16.42276,5.43099,2.33108,-0.6184,78.40664,-5.796023,-0.317035,0.442764,,,,,,,,,,,,-3.14374,9.29749,-0.02778,50,5.58963,2.59344,-125.03369,-4.45929,-4.9459,26.66656,-17.54675,POM_COL,POM_COL,PomonaPitzer,TeamExclusive,Team,20260130-PomonaPitzer-Private-1,0b892cf0-fe30-11f0-915a-63f78c275567,85.12978,,,7.78176,,,,,,,9c723542-d6b6-4c4f-819a-2cccafe8acb4,2026-01-30,23:04:34.82,2026-01-30T15:04:34.8230000-08:00,2026-01-30T23:04:34.8230000Z,,v3,POM_PIT,POM_PIT,,"Lee, Sammy",1000276388,Right,POM_COL,9248a497-7582-46ab-9c02-100a74a38675,54.59923,-126.01077,13.33328,5.74125,-3.81637,-8.77338,-0.12612,2.77466,-2.47295,,,,,,,,,,,,,,,,,,,,,,,,,,,,,,,,,,,,,,,,,,,,,,,,,,,High,High,High,,,,,
220,2026-01-30,15:04:54.41,4,2,"Wiessinger, Jack",1000276383,Right,POM_COL,"Ruyle, Brody",10183257,Right,POM_COL,Undefined,6,Bottom,1,0,1,Slider,Slider,StrikeSwinging,Undefined,Undefined,Undefined,0,0,,80.32834,0.474506,-0.533765,1942.129824,148.210369,11:00,5.65143,0.34676,5.63392,-41.00101,2.55177,-0.76437,2.67742,-0.21495,73.91751,-7.048074,-0.67044,0.474984,,,,,,,,,,,,0.24311,1.58177,-0.30087,50,5.66557,1.11734,-116.71124,-0.39978,0.33627,21.39058,-29.9862,POM_COL,POM_COL,PomonaPitzer,TeamExclusive,Team,20260130-PomonaPitzer-Private-1,173a08d0-fe30-11f0-915a-63f78c275567,79.35513,,,6.41083,,,,,,,9c723542-d6b6-4c4f-819a-2cccafe8acb4,2026-01-30,23:04:54.41,2026-01-30T15:04:54.4130000-08:00,2026-01-30T23:04:54.4130000Z,,v3,POM_PIT,POM_PIT,,"Lee, Sammy",1000276388,Right,POM_COL,ccae41a4-78ae-4053-ae7e-8f148c7668fe,54.86494,-117.5995,10.69529,5.65632,0.84541,-14.9931,-0.34698,1.10338,0.16813,,,,,,,,,,,,,,,,,,,,,,,,,,,,,,,,,,,,,,,,,,,,,,,,,,,High,High,High,,,,,
221,2026-01-30,15:05:13.83,4,3,"Wiessinger, Jack",1000276383,Right,POM_COL,"Ruyle, Brody",10183257,Right,POM_COL,Undefined,6,Bottom,1,0,2,Slider,Slider,BallCalled,Undefined,Undefined,Undefined,0,0,,81.16733,-1.716997,-1.360593,2008.950043,31.076452,7:00,5.63888,0.30659,5.48731,-43.67498,-0.64287,-1.18425,0.39205,-1.06523,74.9916,-9.643114,-1.572118,0.472137,,,,,,,,,,,,0.22441,0.51063,-0.18654,50,5.45851,2.8454,-117.83564,-5.04143,0.3156,22.35393,-31.45594,POM_COL,POM_COL,PomonaPitzer,TeamExclusive,Team,20260130-PomonaPitzer-Private-1,22d42860-fe30-11f0-915a-63f78c275567,79.83375,,,6.17573,,,,,,,9c723542-d6b6-4c4f-819a-2cccafe8acb4,2026-01-30,23:05:13.83,2026-01-30T15:05:13.8370000-08:00,2026-01-30T23:05:13.8370000Z,,v3,POM_PIT,POM_PIT,,"Lee, Sammy",1000276388,Right,POM_COL,26624c78-c6bf-4737-a34f-74228914495d,55.01306,-118.78284,11.17697,5.64389,-3.70856,-15.72797,-0.30682,2.83203,0.1578,,,,,,,,,,,,,,,,,,,,,,,,,,,,,,,,,,,,,,,,,,,,,,,,,,,High,High,High,,,,,
222,2026-01-30,15:05:36.76,4,4,"Wiessinger, Jack",1000276383,Right,POM_COL,"Ruyle, Brody",10183257,Right,POM_COL,Undefined,6,Bottom,1,1,2,Fastball,Four-Seam,BallCalled,Undefined,Undefined,Undefined,0,0,,85.14905,2.326687,0.088675,2104.931686,195.791488,12:30,5.77156,0.33492,5.91397,-19.00544,20.06611,5.28768,6.34835,0.85786,76.48935,-1.335654,1.037504,0.449885,,,,,,,,,,,,-2.64087,9.87489,-0.34484,50,5.94729,-0.41457,-123.38222,4.5162,-4.01388,27.75769,-17.16512,POM_COL,POM_COL,PomonaPitzer,TeamExclusive,Team,20260130-PomonaPitzer-Private-1,307318a0-fe30-11f0-915a-63f78c275567,83.78234,,,8.6597,,,,,,,9c723542-d6b6-4c4f-819a-2cccafe8acb4,2026-01-30,23:05:36.76,2026-01-30T15:05:36.7640000-08:00,2026-01-30T23:05:36.7640000Z,,v3,POM_PIT,POM_PIT,,"Lee, Sammy",1000276388,Right,POM_COL,00c1322e-88e2-4f53-addf-c5e13f67f98b,54.57885,-124.40807,13.87885,5.76866,5.15058,-8.58256,-0.33226,-0.26622,-2.00694,,,,,,,,,,,,,,,,,,,,,,,,,,,,,,,,,,,,,,,,,,,,,,,,,,,High,High,High,,,,,
223,2026-01-30,15:06:11.95,4,5,"Wiessinger, Jack",1000276383,Right,POM_COL,"Ruyle, Brody",10183257,Right,POM_COL,Undefined,6,Bottom,1,2,2,Slider,Slider,StrikeSwinging,Strikeout,Undefined,Undefined,0,0,,81.19246,-1.734275,-1.448077,1891.77382,228.167317,1:30,5.65709,0.25604,5.57851,-39.36786,3.13229,2.15122,0.7557,-0.91741,75.49052,-8.897885,-1.063463,0.469209,,,,,,,,,,,,-1.46398,2.35807,-0.13294,50,5.48172,2.89951,-117.9777,-4.89816,-2.08249,20.49757,-28.81974,POM_COL,POM_COL,PomonaPitzer,TeamExclusive,Team,20260130-PomonaPitzer-Private-1,45773150-fe30-11f0-915a-63f78c275567,80.33184,,,5.70193,,,,,,,9c723542-d6b6-4c4f-819a-2cccafe8acb4,2026-01-30,23:06:11.95,2026-01-30T15:06:11.9500000-08:00,2026-01-30T23:06:11.9500000Z,,v3,POM_PIT,POM_PIT,,"Lee, Sammy",1000276388,Right,POM_COL,dfc21593-e87d-46f7-ab3e-c2664aaa67e5,54.92247,-118.82986,10.24878,5.66045,-3.70001,-14.40987,-0.25528,2.98609,-1.04124,,,,,,,,,,,,,,,,,,,,,,,,,,,,,,,,,,,,,,,,,,,,,,,,,,,High,High,High,,,,,
224,2026-01-30,15:06:57.32,5,1,"Wiessinger, Jack",1000276383,Right,POM_COL,"Gonzaga, Kai",10138924,Left,POM_COL,Undefined,6,Bottom,1,0,0,Curveball,Curveball,StrikeCalled,Undefined,Undefined,Undefined,0,0,,73.45783,2.96278,0.837745,2012.663192,21.610204,6:45,5.70629,0.38751,5.03184,-64.87468,-10.82717,-5.01496,3.09822,0.76005,66.88845,-8.767385,-0.048972,0.529126,,,,,,,,,,,,2.71768,-5.60492,-0.46342,50,5.93784,-1.35681,-106.41128,3.26284,3.08495,19.96568,-38.53637,POM_COL,POM_COL,PomonaPitzer,TeamExclusive,Team,20260130-PomonaPitzer-Private-1,60832c60-fe30-11f0-915a-63f78c275567,71.23525,,,6.56938,,,,,,,9c723542-d6b6-4c4f-819a-2cccafe8acb4,2026-01-30,23:06:57.32,2026-01-30T15:06:57.3220000-08:00,2026-01-30T23:06:57.3220000Z,,v3,POM_PIT,POM_PIT,,"Lee, Sammy",1000276388,Right,POM_COL,17ca45ed-0872-4ec8-9ec6-70265fc79509,55.46834,-107.43239,9.98284,5.72057,5.23371,-19.26819,-0.38999,-1.51458,1.54247,,,,,,,,,,,,,,,,,,,,,,,,,,,,,,,,,,,,,,,,,,,,,,,,,,,High,High,High,,,,,
225,2026-01-30,15:07:15.78,5,2,"Wiessinger, Jack",1000276383,Right,POM_COL,"Gonzaga, Kai",10138924,Left,POM_COL,Undefined,6,Bottom,1,0,1,ChangeUp,Changeup,StrikeSwinging,Undefined,Undefined,Undefined,0,0,,76.38409,-1.412237,-0.884333,1913.735724,237.996455,2:00,5.58613,0.59223,5.58708,-34.98392,14.29914,19.94218,1.35163,1.42823,69.06708,-7.91526,2.678908,0.505266,,,,,,,,,,,,-10.30575,8.2467,-0.52924,50,5.4426,0.93614,-110.67406,-3.77031,-12.55031,23.09652,-22.13122,POM_COL,POM_COL,PomonaPitzer,TeamExclusive,Team,20260130-PomonaPitzer-Private-1,6b8b4520-fe30-11f0-915a-63f78c275567,74.59916,,,7.31701,,,,,,,9c723542-d6b6-4c4f-819a-2cccafe8acb4,2026-01-30,23:07:15.78,2026-01-30T15:07:15.7800000-08:00,2026-01-30T23:07:15.7800000Z,,v3,POM_PIT,POM_PIT,,"Lee, Sammy",1000276388,Right,POM_COL,b6cc9aca-b46b-4b9b-9bf6-2600051b6be5,54.90795,-111.6936,11.54826,5.58747,-2.79338,-11.06561,-0.58279,1.49014,-6.27515,,,,,,,,,,,,,,,,,,,,,,,,,,,,,,,,,,,,,,,,,,,,,,,,,,,High,High,High,,,,,
226,2026-01-30,15:07:39.73,5,3,"Wiessinger, Jack",1000276383,Right,POM_COL,"Gonzaga, Kai",10138924,Left,POM_COL,Undefined,6,Bottom,1,0,2,Fastball,Four-Seam,BallCalled,Undefined,Undefined,Undefined,0,0,,87.78004,-1.113803,0.999646,2100.631842,204.952101,12:45,5.69634,0.35426,5.69348,-18.62777,18.29336,7.91067,3.10574,1.94519,79.41004,-4.655454,2.413619,0.43733,,,,,,,,,,,,-3.66252,9.98339,-0.44302,50,5.59128,-2.57107,-127.27012,-3.02311,-5.94248,28.74707,-15.97585,POM_COL,POM_COL,PomonaPitzer,TeamExclusive,Team,20260130-PomonaPitzer-Private-1,79c1e180-fe30-11f0-915a-63f78c275567,86.18771,,,8.37,,,,,,,9c723542-d6b6-4c4f-819a-2cccafe8acb4,2026-01-30,23:07:39.73,2026-01-30T15:07:39.7370000-08:00,2026-01-30T23:07:39.7370000Z,,v3,POM_PIT,POM_PIT,,"Lee, Sammy",1000276388,Right,POM_COL,5b44c0a7-41a7-4f02-93e0-318ed0c16660,54.80058,-128.34987,14.37353,5.69356,-2.42305,-7.98792,-0.35064,-2.34787,-2.97124,,,,,,,,,,,,,,,,,,,,,,,,,,,,,,,,,,,,,,,,,,,,,,,,,,,High,High,High,,,,,
227,2026-01-30,15:08:03.11,5,4,"Wiessinger, Jack",1000276383,Right,POM_COL,"Gonzaga, Kai",10138924,Left,POM_COL,Undefined,6,Bottom,1,1,2,Fastball,Four-Seam,StrikeSwinging,Strikeout,Undefined,Undefined,0,0,,87.378,-0.670311,-0.532944,2112.222841,201.234853,12:45,5.70647,0.27119,5.87935,-17.74725,19.13103,6.94398,3.60496,0.3549,79.1689,-4.067732,0.713063,0.437076,,,,,,,,,,,,-3.67827,10.32812,-0.23199,50,5.64206,0.88187,-126.7979,-1.97489,-5.93921,27.9137,-15.49752,POM_COL,POM_COL,PomonaPitzer,TeamExclusive,Team,20260130-PomonaPitzer-Private-1,87b92af0-fe30-11f0-915a-63f78c275567,86.23775,,,8.2091,,,,,,,9c723542-d6b6-4c4f-819a-2cccafe8acb4,2026-01-30,23:08:03.11,2026-01-30T15:08:03.1160000-08:00,2026-01-30T23:08:03.1160000Z,,v3,POM_PIT,POM_PIT,,"Lee, Sammy",1000276388,Right,POM_COL,4685a657-7474-4de8-8137-6ed61f432827,54.61554,-127.80994,13.95685,5.70347,-1.41301,-7.74876,-0.26787,1.0972,-2.96961,,,,,,,,,,,,,,,,,,,,,,,,,,,,,,,,,,,,,,,,,,,,,,,,,,,High,High,High,,,,,
228,2026-01-30,15:08:35.91,6,1,"Wiessinger, Jack",1000276383,Right,POM_COL,"Gold, Jack",1000108729,Left,POM_COL,Undefined,6,Bottom,2,0,0,Curveball,Curveball,StrikeCalled,Undefined,Undefined,Undefined,0,0,,75.84594,1.761911,0.765476,2123.59695,25.010874,6:45,5.65729,0.39889,5.00495,-64.52307,-13.65977,-7.19764,1.94422,0.52171,69.04416,-9.874374,-0.508669,0.513303,,,,,,,,,,,,3.77969,-6.68867,-0.46638,50,5.77447,-1.17374,-109.9323,1.05531,4.55798,22.13755,-40.24003,POM_COL,POM_COL,PomonaPitzer,TeamExclusive,Team,20260130-PomonaPitzer-Private-1,9b46a930-fe30-11f0-915a-63f78c275567,73.43119,,,6.80177,,,,,,,9c723542-d6b6-4c4f-819a-2cccafe8acb4,2026-01-30,23:08:35.91,2026-01-30T15:08:35.9120000-08:00,2026-01-30T23:08:35.9120000Z,,v3,POM_PIT,POM_PIT,,"Lee, Sammy",1000276388,Right,POM_COL,fc52d4ce-92ca-48cb-abcb-f29ecef0b109,55.49569,-111.03347,11.06877,5.67219,3.05695,-20.12001,-0.40236,-1.40047,2.27899,,,,,,,,,,,,,,,,,,,,,,,,,,,,,,,,,,,,,,,,,,,,,,,,,,,High,High,High,,,,,
229,2026-01-30,15:08:57.80,6,2,"Wiessinger, Jack",1000276383,Right,POM_COL,"Gold, Jack",1000108729,Left,POM_COL,Undefined,6,Bottom,2,0,1,Fastball,Four-Seam,BallCalled,Undefined,Undefined,Undefined,0,0,,88.24613,0.171557,-0.25442,2146.195857,194.21095,12:30,5.77699,0.2374,5.98905,-17.22025,18.70139,4.43394,4.50097,0.37111,80.05375,-3.132881,0.542739,0.431369,,,,,,,,,,,,-2.33276,9.88079,-0.21966,50,5.78091,0.38037,-128.1224,-0.08674,-3.85378,27.98937,-15.85083,POM_COL,POM_COL,PomonaPitzer,TeamExclusive,Team,20260130-PomonaPitzer-Private-1,a8445060-fe30-11f0-915a-63f78c275567,87.37855,,,8.19238,,,,,,,9c723542-d6b6-4c4f-819a-2cccafe8acb4,2026-01-30,23:08:57.80,2026-01-30T15:08:57.8080000-08:00,2026-01-30T23:08:57.8080000Z,,v3,POM_PIT,POM_PIT,,"Lee, Sammy",1000276388,Right,POM_COL,4d998945-3f97-4f3a-a7e9-d94b58528402,54.50628,-129.10308,13.99469,5.77422,0.46864,-7.92542,-0.23535,0.5154,-1.92689,,,,,,,,,,,,,,,,,,,,,,,,,,,,,,,,,,,,,,,,,,,,,,,,,,,High,High,High,,,,,
230,2026-01-30,15:09:23.47,6,3,"Wiessinger, Jack",1000276383,Right,POM_COL,"Gold, Jack",1000108729,Left,POM_COL,Undefined,6,Bottom,2,1,1,Slider,Slider,StrikeCalled,Undefined,Undefined,Undefined,0,0,,81.42596,-0.729936,0.249173,1995.06342,238.371959,2:00,5.61491,0.4241,5.50283,-39.94538,2.06067,1.57906,1.60341,0.78874,76.12373,-7.987199,0.531086,0.466474,,,,,,,,,,,,-0.74189,1.56417,-0.44695,50,5.52401,-0.57787,-118.46695,-2.89237,-1.0731,18.859,-29.91161,POM_COL,POM_COL,PomonaPitzer,TeamExclusive,Team,20260130-PomonaPitzer-Private-1,b7a2f200-fe30-11f0-915a-63f78c275567,80.80288,,,5.30222,,,,,,,9c723542-d6b6-4c4f-819a-2cccafe8acb4,2026-01-30,23:09:23.47,2026-01-30T15:09:23.4760000-08:00,2026-01-30T23:09:23.4760000Z,,v3,POM_PIT,POM_PIT,,"Lee, Sammy",1000276388,Right,POM_COL,c36efecb-57a1-4d71-93f2-30e2cfdcff8d,54.99794,-119.25993,9.4295,5.61919,-1.63465,-14.9558,-0.4236,-0.53275,-0.53655,,,,,,,,,,,,,,,,,,,,,,,,,,,,,,,,,,,,,,,,,,,,,,,,,,,High,High,High,,,,,
231,2026-01-30,15:09:43.47,6,4,"Wiessinger, Jack",1000276383,Right,POM_COL,"Gold, Jack",1000108729,Left,POM_COL,Undefined,6,Bottom,2,1,2,ChangeUp,Changeup,StrikeSwinging,Strikeout,Undefined,Undefined,0,0,,77.68006,-1.76154,-0.997341,1957.117955,246.735237,2:15,5.61131,0.47618,5.6342,-37.49978,9.85886,19.00304,0.84208,1.12918,70.66808,-8.681342,2.403382,0.495303,,,,,,,,,,,,-9.93729,6.06473,-0.40367,50,5.4378,1.23121,-112.62214,-4.62526,-12.58607,23.10068,-24.49276,POM_COL,POM_COL,PomonaPitzer,TeamExclusive,Team,20260130-PomonaPitzer-Private-1,c3919a30-fe30-11f0-915a-63f78c275567,76.09975,,,7.01198,,,,,,,9c723542-d6b6-4c4f-819a-2cccafe8acb4,2026-01-30,23:09:43.47,2026-01-30T15:09:43.4730000-08:00,2026-01-30T23:09:43.4730000Z,,v3,POM_PIT,POM_PIT,,"Lee, Sammy",1000276388,Right,POM_COL,b32f54bb-430f-4752-9551-26ada33aa5fc,54.86304,-113.61525,11.55034,5.61401,-3.5723,-12.24638,-0.46823,1.77229,-6.29303,,,,,,,,,,,,,,,,,,,,,,,,,,,,,,,,,,,,,,,,,,,,,,,,,,,High,High,High,,,,,
232,2026-01-30,15:12:35.07,1,1,"Orens, Devran",1000248914,Right,POM_COL,"Lee, Sammy",1000276388,Right,POM_COL,Undefined,7,Top,0,0,0,Fastball,Changeup,BallCalled,Undefined,Undefined,Undefined,0,0,,83.14739,0.407462,-4.231974,1906.270896,229.481863,1:45,6.00209,1.58806,5.18364,-27.56809,14.68875,15.38213,4.08916,-1.11897,74.79354,-4.72658,-1.517776,0.467864,,,,,,,,,,,,-8.8963,7.62213,-1.20603,50,6.01978,8.20197,-120.13558,-0.06652,-12.8349,26.05684,-21.17742,POM_COL,POM_COL,PomonaPitzer,TeamExclusive,Team,20260130-PomonaPitzer-Private-1,29d80180-fe31-11f0-915a-63f78c275567,80.56276,,,8.35385,,,,,,,9c723542-d6b6-4c4f-819a-2cccafe8acb4,2026-01-30,23:12:35.07,2026-01-30T15:12:35.0730000-08:00,2026-01-30T23:12:35.0730000Z,,v3,POM_PIT,POM_PIT,,"Ruyle, Brody",10183257,Right,POM_COL,874dea4f-8bcc-44fb-bbf4-fab735ff1b43,55.31029,-121.28189,13.02842,6.00221,0.86513,-10.58871,-1.57928,8.76661,-6.41745,,,,,,,,,,,,,,,,,,,,,,,,,,,,,,,,,,,,,,,,,,,,,,,,,,,High,High,High,,,,,
233,2026-01-30,15:12:50.44,1,2,"Orens, Devran",1000248914,Right,POM_COL,"Lee, Sammy",1000276388,Right,POM_COL,Undefined,7,Top,0,1,0,Fastball,Four-Seam,FoulBallNotFieldable,Undefined,Undefined,Undefined,0,0,,84.12013,-2.392001,-3.812203,2099.646583,212.222858,1:00,5.86806,1.6849,5.26728,-21.53832,19.64371,11.41823,1.81991,-0.94998,75.89301,-6.442133,-1.792387,0.461876,,,,,,,,,,,,-6.925,11.01961,-1.34462,50,5.63361,7.60502,-121.54361,-5.76076,-10.21676,26.87875,-15.91635,POM_COL,POM_COL,PomonaPitzer,TeamExclusive,Team,20260130-PomonaPitzer-Private-1,32f97ff0-fe31-11f0-915a-63f78c275567,81.60729,,,8.22712,,,,,,,9c723542-d6b6-4c4f-819a-2cccafe8acb4,2026-01-30,23:12:50.44,2026-01-30T15:12:50.4420000-08:00,2026-01-30T23:12:50.4420000Z,,v3,POM_PIT,POM_PIT,,"Ruyle, Brody",10183257,Right,POM_COL,5049e28e-8103-4e74-91fe-eef1e6c6420a,55.22878,-122.69448,13.43937,5.86568,-5.07927,-7.95818,-1.67961,8.04247,-5.10838,,,,,,,,,,,,,,,,,,,,,,,,,,,,,,,,,,,,,,,,,,,,,,,,,,,High,High,High,,,,,
234,2026-01-30,15:13:07.80,1,3,"Orens, Devran",1000248914,Right,POM_COL,"Lee, Sammy",1000276388,Right,POM_COL,Undefined,7,Top,0,1,1,Curveball,Curveball,StrikeCalled,Undefined,Undefined,Undefined,0,0,,68.66821,5.342024,0.320432,2920.247367,22.953473,6:45,5.80051,1.68854,4.97077,-84.88072,-21.25489,-10.0915,3.78771,1.15025,61.23204,-10.008465,-1.459863,0.574101,32.47466,19.472009,162.092069,2332.559208,,,,41.94826,12.66925,162.997137,0.990463,5.09902,-11.81146,-1.71061,50,6.24777,-0.17866,-99.03512,6.49408,4.89768,20.65563,-43.51913,POM_COL,POM_COL,PomonaPitzer,TeamExclusive,Team,20260130-PomonaPitzer-Private-1,3d5c09e0-fe31-11f0-915a-63f78c275567,65.65475,6.49853,,7.43616,,,,0.19263,3.3475,-1.12499,9c723542-d6b6-4c4f-819a-2cccafe8acb4,2026-01-30,23:13:07.80,2026-01-30T15:13:07.8000000-08:00,2026-01-30T23:13:07.8000000Z,GroundBall,v3,POM_PIT,POM_PIT,,"Ruyle, Brody",10183257,Right,POM_COL,799712b5-c3db-4abc-8fb1-315dd3507a89,55.53194,-100.18227,10.32781,5.81999,8.91099,-21.75957,-1.69313,-0.45066,2.44884,6.797401,0.22467,-43.15194,2.41341,,,,,,,3.38492,15.35628,-18.98906,,,,,,,-1.13854,13.98933,-0.44576,,,,,,,,,,,,,,,,,,,,,,,,,,,,,High,High,High,High,Low,,,
235,2026-01-30,15:14:24.54,1,4,"Orens, Devran",1000248914,Right,POM_COL,"Lee, Sammy",1000276388,Right,POM_COL,Undefined,7,Top,0,1,2,Slider,Curveball,BallCalled,Undefined,Undefined,Undefined,0,0,,73.26366,1.677732,-2.893044,2611.133241,70.371502,8:15,5.41813,1.98965,4.61018,-58.76283,-3.4187,-14.81162,2.119,-1.99784,66.89327,-8.863282,-5.483194,0.535435,,,,,,,,,,,,6.27811,-1.55764,-1.67738,50,5.53721,5.96167,-105.97425,1.02161,7.06063,19.97845,-33.92582,POM_COL,POM_COL,PomonaPitzer,TeamExclusive,Team,20260130-PomonaPitzer-Private-1,6b161fb0-fe31-11f0-915a-63f78c275567,70.39587,,,6.3704,,,,,,,9c723542-d6b6-4c4f-819a-2cccafe8acb4,2026-01-30,23:14:24.54,2026-01-30T15:14:24.5490000-08:00,2026-01-30T23:14:24.5490000Z,,v3,POM_PIT,POM_PIT,,"Ruyle, Brody",10183257,Right,POM_COL,8e58d06e-b52f-46ea-9d6a-5fa42df700ff,55.88811,-107.07853,9.98923,5.42892,2.89681,-16.96291,-1.99612,5.5714,3.53032,,,,,,,,,,,,,,,,,,,,,,,,,,,,,,,,,,,,,,,,,,,,,,,,,,,High,High,High,,,,,
236,2026-01-30,15:14:39.49,1,5,"Orens, Devran",1000248914,Right,POM_COL,"Lee, Sammy",1000276388,Right,POM_COL,Undefined,7,Top,0,2,2,Fastball,Sinker,BallCalled,Undefined,Undefined,Undefined,0,0,,84.19857,-2.416811,-2.267567,2045.417479,229.417481,1:45,5.81433,1.73075,5.14967,-23.93915,17.58005,18.61336,1.541,1.14599,75.45642,-6.899399,1.027467,0.463763,,,,,,,,,,,,-10.20827,10.07528,-1.53418,50,5.57063,4.02666,-121.74525,-5.9286,-14.95516,29.22546,-17.41372,POM_COL,POM_COL,PomonaPitzer,TeamExclusive,Team,20260130-PomonaPitzer-Private-1,73f0f830-fe31-11f0-915a-63f78c275567,81.27525,,,8.74215,,,,,,,9c723542-d6b6-4c4f-819a-2cccafe8acb4,2026-01-30,23:14:39.49,2026-01-30T15:14:39.4960000-08:00,2026-01-30T23:14:39.4960000Z,,v3,POM_PIT,POM_PIT,,"Ruyle, Brody",10183257,Right,POM_COL,73050030-a2f9-4991-8e8c-b471525cdef2,55.34861,-123.0225,14.61273,5.8131,-5.16756,-8.70686,-1.72445,4.68026,-7.47758,,,,,,,,,,,,,,,,,,,,,,,,,,,,,,,,,,,,,,,,,,,,,,,,,,,High,High,High,,,,,
237,2026-01-30,15:14:56.50,1,6,"Orens, Devran",1000248914,Right,POM_COL,"Lee, Sammy",1000276388,Right,POM_COL,Undefined,7,Top,0,3,2,Fastball,Four-Seam,HitByPitch,Undefined,Undefined,Undefined,0,0,,84.85832,0.345174,-1.956514,2082.146196,224.347499,1:30,5.62056,1.80492,5.254,-22.94336,17.48084,15.62698,4.03314,1.26809,76.15227,-3.97893,0.813298,0.457606,,,,,,,,,,,,-8.47839,9.04686,-1.63773,50,5.63602,3.51573,-122.88352,0.00022,-12.73532,28.35839,-18.58488,POM_COL,POM_COL,PomonaPitzer,TeamExclusive,Team,20260130-PomonaPitzer-Private-1,7e193840-fe31-11f0-915a-63f78c275567,82.3687,,,8.70605,,,,,,,9c723542-d6b6-4c4f-819a-2cccafe8acb4,2026-01-30,23:14:56.50,2026-01-30T15:14:56.5020000-08:00,2026-01-30T23:14:56.5020000Z,,v3,POM_PIT,POM_PIT,,"Ruyle, Brody",10183257,Right,POM_COL,0323fe23-208f-4181-8259-0d5735d97e96,55.24255,-124.08747,14.1792,5.61927,0.78923,-9.29244,-1.79846,4.0564,-6.36766,,,,,,,,,,,,,,,,,,,,,,,,,,,,,,,,,,,,,,,,,,,,,,,,,,,High,High,High,,,,,
238,2026-01-30,15:15:28.96,2,1,"Orens, Devran",1000248914,Right,POM_COL,"Winthrop, Nolan",1000159423,Left,POM_COL,Undefined,7,Top,0,0,0,Fastball,Changeup,StrikeCalled,Undefined,Undefined,Undefined,0,0,,85.37323,-0.26086,-2.503276,2001.760941,220.004154,1:15,5.66099,1.72704,5.28507,-23.236,16.40895,12.60414,3.47946,0.42513,77.17522,-4.61398,-0.26899,0.453174,,,,,,,,,,,,-7.02071,8.67788,-1.50819,50,5.62073,4.84247,-123.65282,-1.3269,-10.76651,26.84786,-18.86622,POM_COL,POM_COL,PomonaPitzer,TeamExclusive,Team,20260130-PomonaPitzer-Private-1,91787a90-fe31-11f0-915a-63f78c275567,83.17427,,,8.198,,,,,,,9c723542-d6b6-4c4f-819a-2cccafe8acb4,2026-01-30,23:15:28.96,2026-01-30T15:15:28.9650000-08:00,2026-01-30T23:15:28.9650000Z,,v3,POM_PIT,POM_PIT,,"Ruyle, Brody",10183257,Right,POM_COL,c1b250d0-a15f-4c21-ac8e-0ba043c34f19,55.21014,-124.77893,13.42393,5.65979,-0.53557,-9.43311,-1.72077,5.29407,-5.38325,,,,,,,,,,,,,,,,,,,,,,,,,,,,,,,,,,,,,,,,,,,,,,,,,,,High,High,High,,,,,
239,2026-01-30,15:15:41.92,2,2,"Orens, Devran",1000248914,Right,POM_COL,"Winthrop, Nolan",1000159423,Left,POM_COL,Undefined,7,Top,0,0,1,Splitter,Changeup,InPlay,Undefined,GroundBall,Out,1,0,,74.62766,0.754315,-1.636413,1057.043781,302.301495,4:00,5.16262,1.99121,5.01666,-54.74987,-2.50323,6.74166,1.31236,1.00822,68.21545,-9.15376,-0.444025,0.520236,,,,,,,,,,,,-3.84366,-0.97382,-1.84011,50,5.19068,2.82688,-108.18639,-0.44302,-4.51665,20.37698,-33.3184,POM_COL,POM_COL,PomonaPitzer,TeamExclusive,Team,20260130-PomonaPitzer-Private-1,9937d0f0-fe31-11f0-915a-63f78c275567,72.45254,,,6.41221,,,,,,,9c723542-d6b6-4c4f-819a-2cccafe8acb4,2026-01-30,23:15:41.92,2026-01-30T15:15:41.9260000-08:00,2026-01-30T23:15:41.9260000Z,,v3,POM_PIT,POM_PIT,,"Ruyle, Brody",10183257,Right,POM_COL,06c0b882-9876-47b9-95d2-dfb30635b121,55.48261,-109.21416,10.18849,5.17064,1.23749,-16.6592,-1.98844,3.05469,-2.25832,,,,,,,,,,,,,,,,,,,,,,,,,,,,,,,,,,,,,,,,,,,,,,,,,,,High,High,High,,,,,
240,2026-01-30,15:16:22.81,3,1,"Orens, Devran",1000248914,Right,POM_COL,"Nahabedian, George",1000214430,Right,POM_COL,Undefined,7,Top,1,0,0,Fastball,Four-Seam,BallCalled,Undefined,Undefined,Undefined,0,0,,85.13298,-1.347491,-3.935129,2149.081316,206.657365,1:00,5.70864,1.43211,5.28406,-20.16253,20.09962,9.33044,2.75979,-1.49161,76.48083,-5.16683,-2.285419,0.456688,,,,,,,,,,,,-5.88418,10.87875,-1.07975,50,5.5714,8.03861,-122.9853,-3.51157,-8.87118,27.95188,-15.77288,POM_COL,POM_COL,PomonaPitzer,TeamExclusive,Team,20260130-PomonaPitzer-Private-1,b19267a0-fe31-11f0-915a-63f78c275567,82.53429,,,8.65215,,,,,,,9c723542-d6b6-4c4f-819a-2cccafe8acb4,2026-01-30,23:16:22.81,2026-01-30T15:16:22.8110000-08:00,2026-01-30T23:16:22.8110000Z,,v3,POM_PIT,POM_PIT,,"Ruyle, Brody",10183257,Right,POM_COL,76ac5084-16cc-4e1d-81bf-c224a1e1838a,55.20891,-124.16352,13.97594,5.7054,-2.84671,-7.88644,-1.42648,8.41255,-4.43559,,,,,,,,,,,,,,,,,,,,,,,,,,,,,,,,,,,,,,,,,,,,,,,,,,,High,High,High,,,,,
241,2026-01-30,15:16:38.40,3,2,"Orens, Devran",1000248914,Right,POM_COL,"Nahabedian, George",1000214430,Right,POM_COL,Undefined,7,Top,1,1,0,Slider,Slider,BallCalled,Undefined,Undefined,Undefined,0,0,,76.42973,3.321843,-1.716837,2460.464368,90.506748,9:00,5.30279,2.02037,4.85012,-48.35975,1.65146,-7.62996,4.42242,-0.24121,69.67624,-5.447226,-3.05705,0.508985,,,,,,,,,,,,3.24106,0.39591,-1.84405,50,5.59026,3.63406,-110.61737,4.70628,4.00985,20.00477,-31.68424,POM_COL,POM_COL,PomonaPitzer,TeamExclusive,Team,20260130-PomonaPitzer-Private-1,baeb70d0-fe31-11f0-915a-63f78c275567,74.0541,,,6.75349,,,,,,,9c723542-d6b6-4c4f-819a-2cccafe8acb4,2026-01-30,23:16:38.40,2026-01-30T15:16:38.4010000-08:00,2026-01-30T23:16:38.4010000Z,,v3,POM_PIT,POM_PIT,,"Ruyle, Brody",10183257,Right,POM_COL,4e845875-b2b1-413b-9b59-8c7c9fbd0852,55.64722,-111.63398,10.00239,5.31018,6.31641,-15.84212,-2.02355,3.43028,2.00492,,,,,,,,,,,,,,,,,,,,,,,,,,,,,,,,,,,,,,,,,,,,,,,,,,,High,High,High,,,,,
242,2026-01-30,15:16:53.58,3,3,"Orens, Devran",1000248914,Right,POM_COL,"Nahabedian, George",1000214430,Right,POM_COL,Undefined,7,Top,1,2,0,Fastball,Four-Seam,BallCalled,Undefined,Undefined,Undefined,0,0,,84.89428,-2.731075,-2.420107,2209.835529,211.494418,1:00,5.6868,1.84241,5.26893,-20.81733,19.7334,11.13339,1.38234,0.49551,76.28919,-6.658668,-0.446256,0.458322,,,,,,,,,,,,-6.34221,11.20091,-1.62952,50,5.42219,4.69219,-122.70706,-6.50294,-9.4906,28.47856,-15.41281,POM_COL,POM_COL,PomonaPitzer,TeamExclusive,Team,20260130-PomonaPitzer-Private-1,c3e60650-fe31-11f0-915a-63f78c275567,82.24009,,,8.6051,,,,,,,9c723542-d6b6-4c4f-819a-2cccafe8acb4,2026-01-30,23:16:53.58,2026-01-30T15:16:53.5820000-08:00,2026-01-30T23:16:53.5820000Z,,v3,POM_PIT,POM_PIT,,"Ruyle, Brody",10183257,Right,POM_COL,e9d32055-f5fb-49f3-9001-d86ab1d1f514,55.22539,-123.91386,14.23928,5.68391,-5.84981,-7.70641,-1.83688,5.09436,-4.7453,,,,,,,,,,,,,,,,,,,,,,,,,,,,,,,,,,,,,,,,,,,,,,,,,,,High,High,High,,,,,
243,2026-01-30,15:17:13.44,3,4,"Orens, Devran",1000248914,Right,POM_COL,"Nahabedian, George",1000214430,Right,POM_COL,Undefined,7,Top,1,3,0,Fastball,Changeup,StrikeCalled,Undefined,Undefined,Undefined,0,0,,85.38257,-1.394105,-3.404706,2258.70549,229.199983,1:45,5.69704,1.71679,5.32633,-22.01308,17.83875,18.94729,2.55189,0.09715,76.82549,-5.541017,-0.045662,0.454355,,,,,,,,,,,,-10.49052,9.78335,-1.42246,50,5.55549,6.49673,-123.48736,-3.70851,-15.95917,27.98387,-17.29066,POM_COL,POM_COL,PomonaPitzer,TeamExclusive,Team,20260130-PomonaPitzer-Private-1,cfbf03a0-fe31-11f0-915a-63f78c275567,82.9581,,,8.55708,,,,,,,9c723542-d6b6-4c4f-819a-2cccafe8acb4,2026-01-30,23:17:13.44,2026-01-30T15:17:13.4410000-08:00,2026-01-30T23:17:13.4410000Z,,v3,POM_PIT,POM_PIT,,"Ruyle, Brody",10183257,Right,POM_COL,7387c81d-1c83-471b-9102-91f554548712,55.16876,-124.65317,13.99194,5.69498,-2.98819,-8.64533,-1.70697,7.16158,-7.97958,,,,,,,,,,,,,,,,,,,,,,,,,,,,,,,,,,,,,,,,,,,,,,,,,,,High,High,High,,,,,
244,2026-01-30,15:17:29.04,3,5,"Orens, Devran",1000248914,Right,POM_COL,"Nahabedian, George",1000214430,Right,POM_COL,Undefined,7,Top,1,3,1,Fastball,Four-Seam,BallCalled,Walk,Undefined,Undefined,0,0,,86.52968,-0.108378,-3.769358,2202.184036,212.473584,1:00,5.66302,1.80052,5.3371,-19.13481,19.79599,11.6619,3.96656,-0.76904,77.44962,-3.755682,-1.704813,0.449074,,,,,,,,,,,,-7.03288,10.33351,-1.46846,50,5.64016,7.70884,-125.06094,-0.81343,-10.93798,29.45041,-16.10269,POM_COL,POM_COL,PomonaPitzer,TeamExclusive,Team,20260130-PomonaPitzer-Private-1,d90a9f50-fe31-11f0-915a-63f78c275567,83.93368,,,9.08006,,,,,,,9c723542-d6b6-4c4f-819a-2cccafe8acb4,2026-01-30,23:17:29.04,2026-01-30T15:17:29.0470000-08:00,2026-01-30T23:17:29.0470000Z,,v3,POM_PIT,POM_PIT,,"Ruyle, Brody",10183257,Right,POM_COL,2cd53320-d3f9-4d2b-b4be-b7c04bc5e700,55.15647,-126.26939,14.72521,5.65998,-0.15268,-8.05135,-1.79399,8.15766,-5.46899,,,,,,,,,,,,,,,,,,,,,,,,,,,,,65.6088,,0.78848,,-1.1292,3.79467,0.84264,-0.59544,5.98809,-2.87153,,,,-0.59207,70.59417,-2.89003,5.99175,-3.02382,-12.083,-2.88238,-65.01556,7.26869,High,High,High,,,High,High,Low
245,2026-01-30,15:18:09.07,4,1,"Orens, Devran",1000248914,Right,POM_COL,"Hu, Landon",1000261921,Left,POM_COL,Undefined,7,Top,1,0,0,Fastball,Changeup,FoulBallNotFieldable,Undefined,Undefined,Undefined,0,0,,85.56661,-1.768554,-3.413116,1948.269682,223.610018,1:30,5.7572,1.66886,5.35415,-24.13608,15.56052,13.40753,2.08372,-0.41868,77.02948,-6.285748,-1.034995,0.453469,26.34381,39.442355,50.642285,3087.093789,,,,46.89545,46.65537,52.373199,1.650076,-7.88469,8.81099,-1.37171,50,5.58122,6.80249,-123.74752,-4.6225,-12.01995,28.58305,-18.74199,POM_COL,POM_COL,PomonaPitzer,TeamExclusive,Team,20260130-PomonaPitzer-Private-1,f0e382e0-fe31-11f0-915a-63f78c275567,83.12012,11.62346,,8.53713,,,,2.32445,2.22392,0.39739,9c723542-d6b6-4c4f-819a-2cccafe8acb4,2026-01-30,23:18:09.07,2026-01-30T15:18:09.0730000-08:00,2026-01-30T23:18:09.0730000Z,GroundBall,v3,POM_PIT,POM_PIT,,"Ruyle, Brody",10183257,Right,POM_COL,8782d691-cc18-4654-a424-712ccb1cd0e8,55.14301,-124.9298,14.29153,5.75638,-3.84728,-9.37099,-1.66337,7.29967,-6.00998,217.933269,2.32445,18.92273,-2.79418,0.87682,-0.25056,0.15662,-0.16465,0.08789,-0.01657,2.22393,24.54514,-16.36006,0.45311,0.10045,-0.32982,0.31149,-0.12974,0.02013,0.39739,23.07095,-0.82517,0.28581,-0.06658,0.02185,-0.02243,0.01479,-0.0032,,,,,,,,,,,,,,,,,,,,,,,High,High,High,High,High,,,
246,2026-01-30,15:18:32.68,4,2,"Orens, Devran",1000248914,Right,POM_COL,"Hu, Landon",1000261921,Left,POM_COL,Undefined,7,Top,1,0,1,Fastball,Sinker,InPlay,Undefined,Bunt,Sacrifice,1,1,,85.13838,-0.888402,-2.379302,2077.301605,234.598661,1:45,5.64862,1.81091,5.34253,-24.5793,15.67828,19.85481,2.76617,1.23224,76.15431,-5.509847,1.146579,0.456662,,,,,,,,,,,,-10.77552,8.60217,-1.61122,50,5.55157,4.24935,-123.20051,-2.71313,-16.18017,29.73112,-19.25727,POM_COL,POM_COL,PomonaPitzer,TeamExclusive,Team,20260130-PomonaPitzer-Private-1,fef72df0-fe31-11f0-915a-63f78c275567,82.53899,,,8.98408,,,,,,,9c723542-d6b6-4c4f-819a-2cccafe8acb4,2026-01-30,23:18:32.68,2026-01-30T15:18:32.6830000-08:00,2026-01-30T23:18:32.6830000Z,,v3,POM_PIT,POM_PIT,,"Ruyle, Brody",10183257,Right,POM_COL,6cc4f66a-fc46-4396-b5ee-b0e070130b6b,55.1535,-124.43795,14.86556,5.64782,-1.91162,-9.62864,-1.8021,4.92279,-8.09009,,,,,,,,,,,,,,,,,,,,,,,,,,,,,,,,,,,,,,,,,,,,,,,,,,,High,High,High,,,,,
247,2026-01-30,15:19:12.75,5,1,"Orens, Devran",1000248914,Right,POM_COL,"Dillehay, Drew",1000091533,Right,POM_COL,Undefined,7,Top,2,0,0,Slider,Curveball,BallCalled,Undefined,Undefined,Undefined,0,0,,75.81585,0.760273,-2.375327,2579.902814,83.104978,8:45,5.36065,2.09738,4.99385,-51.4753,-0.13197,-16.60383,1.78952,-1.53023,68.60203,-8.579684,-5.302325,0.515719,,,,,,,,,,,,7.34048,0.29906,-1.85484,50,5.39279,5.23195,-109.6797,-0.33021,8.75683,23.13692,-31.81728,POM_COL,POM_COL,PomonaPitzer,TeamExclusive,Team,20260130-PomonaPitzer-Private-1,16dbf860-fe32-11f0-915a-63f78c275567,73.08712,,,7.21382,,,,,,,9c723542-d6b6-4c4f-819a-2cccafe8acb4,2026-01-30,23:19:12.75,2026-01-30T15:19:12.7540000-08:00,2026-01-30T23:19:12.7540000Z,,v3,POM_PIT,POM_PIT,,"Ruyle, Brody",10183257,Right,POM_COL,e64f20f3-919f-4adc-9784-70d76460b15c,55.50214,-110.8343,11.56846,5.36965,1.25756,-15.90864,-2.10503,4.79496,4.37842,,,,,,,,,,,,,,,,,,,,,,,,,,,,,,,,,,,,,,,,,,,,,,,,,,,High,High,High,,,,,
248,2026-01-30,15:19:31.80,5,2,"Orens, Devran",1000248914,Right,POM_COL,"Dillehay, Drew",1000091533,Right,POM_COL,Undefined,7,Top,2,1,0,Fastball,Four-Seam,BallCalled,Undefined,Undefined,Undefined,0,0,,86.8969,-0.236324,-2.151371,2272.149265,220.273761,1:15,5.86037,1.82667,5.28101,-21.97584,16.40965,12.73166,3.80695,0.86625,78.27662,-4.367464,0.106165,0.445918,,,,,,,,,,,,-6.96685,8.65607,-1.63976,50,5.82326,4.13973,-125.83005,-1.24384,-11.02699,28.5783,-18.4734,POM_COL,POM_COL,PomonaPitzer,TeamExclusive,Team,20260130-PomonaPitzer-Private-1,22311fb0-fe32-11f0-915a-63f78c275567,84.52774,,,8.62027,,,,,,,9c723542-d6b6-4c4f-819a-2cccafe8acb4,2026-01-30,23:19:31.80,2026-01-30T15:19:31.8090000-08:00,2026-01-30T23:19:31.8090000Z,,v3,POM_PIT,POM_PIT,,"Ruyle, Brody",10183257,Right,POM_COL,a87de554-7310-4236-ba80-7bd63b0f7541,55.21289,-127.00848,14.28915,5.85884,-0.48209,-9.2367,-1.81984,4.59443,-5.51349,,,,,,,,,,,,,,,,,,,,,,,,,,,,,71.72853,,0.775885,,-2.16734,3.52299,-0.87759,-0.94179,5.88954,-4.32385,,,,-0.93742,75.4831,-2.68649,5.89125,-2.22427,-10.86249,-4.33854,-72.87227,7.55996,High,High,High,,,High,High,High
249,2026-01-30,15:20:10.84,5,3,"Orens, Devran",1000248914,Right,POM_COL,"Dillehay, Drew",1000091533,Right,POM_COL,Undefined,7,Top,2,2,0,Fastball,Changeup,StrikeSwinging,Undefined,Undefined,Undefined,0,0,,84.67966,-0.442657,-3.322455,2206.264188,227.941386,1:30,5.74301,1.61794,5.54456,-25.24993,14.78804,14.79851,3.22446,-0.25731,76.42161,-5.178524,-0.688638,0.455415,,,,,,,,,,,,-8.43804,8.0139,-1.33965,50,5.68825,6.47513,-122.58739,-1.75589,-12.68847,26.90642,-20.12337,POM_COL,POM_COL,PomonaPitzer,TeamExclusive,Team,20260130-PomonaPitzer-Private-1,397fc4a0-fe32-11f0-915a-63f78c275567,82.765,,,8.25805,,,,,,,9c723542-d6b6-4c4f-819a-2cccafe8acb4,2026-01-30,23:20:10.84,2026-01-30T15:20:10.8410000-08:00,2026-01-30T23:20:10.8410000Z,,v3,POM_PIT,POM_PIT,,"Ruyle, Brody",10183257,Right,POM_COL,f416ae85-c3be-48e1-b45d-bd6f6e2445f9,54.9505,-123.66919,13.45321,5.74259,-0.94681,-10.06169,-1.61025,6.98528,-6.34424,,,,,,,,,,,,,,,,,,,,,,,,,,,,,,,,,,,,,,,,,,,,,,,,,,,High,High,High,,,,,
250,2026-01-30,15:20:28.28,5,4,"Orens, Devran",1000248914,Right,POM_COL,"Dillehay, Drew",1000091533,Right,POM_COL,Undefined,7,Top,2,2,1,Slider,Curveball,BallCalled,Undefined,Undefined,Undefined,0,0,,75.04544,3.978802,-0.316046,2515.582929,124.319124,10:15,5.34065,1.96877,4.63793,-45.60337,7.75886,-8.4078,5.32783,0.96776,66.92751,-4.362591,-1.787648,0.525761,,,,,,,,,,,,3.92544,3.075,-1.92838,50,5.70833,0.95993,-108.23287,5.94156,4.56181,22.46613,-28.60051,POM_COL,POM_COL,PomonaPitzer,TeamExclusive,Team,20260130-PomonaPitzer-Private-1,43dd6c90-fe32-11f0-915a-63f78c275567,71.69118,,,8.11793,,,,,,,9c723542-d6b6-4c4f-819a-2cccafe8acb4,2026-01-30,23:20:28.28,2026-01-30T15:20:28.2820000-08:00,2026-01-30T23:20:28.2820000Z,,v3,POM_PIT,POM_PIT,,"Ruyle, Brody",10183257,Right,POM_COL,793fdfef-2118-4239-b00c-e36644f538ce,55.85331,-109.44111,11.23306,5.34743,7.47971,-14.30025,-1.97341,0.7146,2.28091,,,,,,,,,,,,,,,,,,,,,,,,,,,,,,,,,,,,,,,,,,,,,,,,,,,High,High,High,,,,,
251,2026-01-30,15:20:46.05,5,5,"Orens, Devran",1000248914,Right,POM_COL,"Dillehay, Drew",1000091533,Right,POM_COL,Undefined,7,Top,2,3,1,Fastball,Four-Seam,BallCalled,Walk,Undefined,Undefined,0,0,,84.99522,-1.798141,-1.707861,2199.840049,217.451472,1:15,5.89823,1.78538,5.42171,-21.61025,18.35001,12.93343,2.41178,1.26296,76.67609,-5.872233,0.593097,0.454973,,,,,,,,,,,,-6.96792,10.19312,-1.64271,50,5.72398,3.09564,-123.06589,-4.53212,-10.53867,27.56607,-16.75734,POM_COL,POM_COL,PomonaPitzer,TeamExclusive,Team,20260130-PomonaPitzer-Private-1,4e727830-fe32-11f0-915a-63f78c275567,82.84545,,,8.31913,,,,,,,9c723542-d6b6-4c4f-819a-2cccafe8acb4,2026-01-30,23:20:46.05,2026-01-30T15:20:46.0590000-08:00,2026-01-30T23:20:46.0590000Z,,v3,POM_PIT,POM_PIT,,"Ruyle, Brody",10183257,Right,POM_COL,a15f6778-e889-4cb1-a863-d6bde0a4cfde,55.07208,-124.19681,13.78304,5.89581,-3.84464,-8.37867,-1.77858,3.528,-5.26933,,,,,,,,,,,,,,,,,,,,,,,,,,,,,,,,,,,,,,,,,,,,,,,,,,,High,High,High,,,,,
252,2026-01-30,15:21:12.45,6,1,"Orens, Devran",1000248914,Right,POM_COL,"Cassidy, Caleb",10304248,Right,POM_COL,Undefined,7,Top,2,0,0,Splitter,Changeup,HitByPitch,Undefined,Undefined,Undefined,0,0,,73.34582,2.272301,-0.822499,1072.210561,276.940374,3:15,5.12114,2.10756,5.26099,-53.65712,-0.08614,15.31706,2.78586,2.61119,66.861,-7.520713,1.895344,0.526788,,,,,,,,,,,,-8.04461,-0.37846,-2.04454,50,5.28912,0.97239,-106.37045,2.51801,-9.13831,19.69929,-32.60398,POM_COL,POM_COL,PomonaPitzer,TeamExclusive,Team,20260130-PomonaPitzer-Private-1,5e369260-fe32-11f0-915a-63f78c275567,71.55138,,,6.48482,,,,,,,9c723542-d6b6-4c4f-819a-2cccafe8acb4,2026-01-30,23:21:12.45,2026-01-30T15:21:12.4540000-08:00,2026-01-30T23:21:12.4540000Z,,v3,POM_PIT,POM_PIT,,"Ruyle, Brody",10183257,Right,POM_COL,3512ae45-d0e8-4b09-8ffd-35a2382c729e,55.24053,-107.33658,9.84965,5.12641,4.11703,-16.30199,-2.10322,1.42057,-4.56915,,,,,,,,,,,,,,,,,,,,,,,,,,,,,,,,,,,,,,,,,,,,,,,,,,,High,High,High,,,,,
253,2026-01-30,15:21:44.71,7,1,"Orens, Devran",1000248914,Right,POM_COL,"Quintero, James",10138921,Left,POM_COL,Undefined,7,Top,2,0,0,Fastball,Changeup,InPlay,Undefined,FlyBall,HomeRun,0,4,,85.18234,-1.618369,-2.976657,1885.032527,220.938821,1:15,5.92074,1.66703,5.40533,-22.82497,16.50257,13.2043,2.49985,-0.02417,77.83022,-5.873498,-0.631147,0.451357,94.92068,31.966891,27.33143,,96.06716,64.27584,53.58229,383.0718,311.76995,32.273712,5.325721,-7.49898,9.13796,-1.41146,50,5.7608,5.86081,-123.4687,-4.23775,-11.56922,24.7158,-18.07628,POM_COL,POM_COL,PomonaPitzer,TeamExclusive,Team,20260130-PomonaPitzer-Private-1,716a30d0-fe32-11f0-915a-63f78c275567,83.50921,91.33822,,7.35211,,,,1.10042,2.82075,-0.0902,9c723542-d6b6-4c4f-819a-2cccafe8acb4,2026-01-30,23:21:44.71,2026-01-30T15:21:44.7110000-08:00,2026-01-30T23:21:44.7110000Z,FlyBall,v3,POM_PIT,POM_PIT,,"Ruyle, Brody",10183257,Right,POM_COL,2558d070-110f-496b-acbf-5087e13605c7,55.09336,-124.48411,12.3579,5.91965,-3.49511,-9.03814,-1.662,6.33611,-5.78461,,1.1034,104.85487,-20.92367,4.68054,-0.56082,-0.04848,0.03016,-0.00417,0.0002,2.81859,73.74295,-16.73637,0.72875,-0.12805,0.02513,0.00195,-0.00113,9E-05,-0.0889,54.20209,-5.38795,0.64748,0.0037,-0.02606,0.00613,-0.00062,2E-05,,,,,,,,,,,,,,,,,,,,,,,High,High,High,Medium,Medium,,,
254,2026-01-30,15:22:32.54,8,1,"Orens, Devran",1000248914,Right,POM_COL,"Loui, Shawn",1000474008,Right,POM_COL,Undefined,7,Top,2,0,0,Fastball,Four-Seam,FoulBallNotFieldable,Undefined,Undefined,Undefined,0,0,,84.7462,-0.997541,-2.040086,2083.3532,224.405335,1:30,6.03267,1.65849,5.17119,-22.8806,17.55277,15.78446,3.18653,1.05321,76.61298,-5.280168,0.754238,0.457658,,,,,,,,,,,,-8.5013,9.4689,-1.4811,50,5.92298,3.67745,-122.75817,-2.89252,-12.82742,26.84286,-17.8867,POM_COL,POM_COL,PomonaPitzer,TeamExclusive,Team,20260130-PomonaPitzer-Private-1,8deec220-fe32-11f0-915a-63f78c275567,82.35933,,,8.13322,,,,,,,9c723542-d6b6-4c4f-819a-2cccafe8acb4,2026-01-30,23:22:32.54,2026-01-30T15:22:32.5400000-08:00,2026-01-30T23:22:32.5400000Z,,v3,POM_PIT,POM_PIT,,"Ruyle, Brody",10183257,Right,POM_COL,26db6ea1-7d8e-442c-88b4-f197079bd08c,55.32566,-123.91723,13.42143,6.0312,-2.12018,-8.94335,-1.65185,4.23134,-6.41371,,,,,,,,,,,,,,,,,,,,,,,,,,,,,,,,,,,,,,,,,,,,,,,,,,,High,High,High,,,,,
255,2026-01-30,15:23:10.96,8,2,"Orens, Devran",1000248914,Right,POM_COL,"Loui, Shawn",1000474008,Right,POM_COL,Undefined,7,Top,2,0,1,Slider,Splitter,BallCalled,Undefined,Undefined,Undefined,0,0,,75.33006,0.126934,-2.930365,969.148465,303.483332,4:00,5.30942,1.86398,4.83365,-55.07097,-3.77366,8.12997,0.84053,-0.23585,69.47924,-9.756384,-1.498314,0.515488,,,,,,,,,,,,-4.82366,-1.41996,-1.58096,50,5.27446,5.26361,-109.19488,-1.71048,-5.82421,19.22104,-33.88855,POM_COL,POM_COL,PomonaPitzer,TeamExclusive,Team,20260130-PomonaPitzer-Private-1,a4dd6cc0-fe32-11f0-915a-63f78c275567,73.11987,,,5.85082,,,,,,,9c723542-d6b6-4c4f-819a-2cccafe8acb4,2026-01-30,23:23:10.96,2026-01-30T15:23:10.9690000-08:00,2026-01-30T23:23:10.9690000Z,,v3,POM_PIT,POM_PIT,,"Ruyle, Brody",10183257,Right,POM_COL,50bf9f26-dcde-4a1d-aacb-f12f925e110d,55.66688,-110.18788,9.61052,5.3176,0.04027,-16.94428,-1.86066,5.5645,-2.9121,,,,,,,,,,,,,,,,,,,,,,,,,,,,,,,,,,,,,,,,,,,,,,,,,,,High,High,High,,,,,
256,2026-01-30,15:23:24.86,8,3,"Orens, Devran",1000248914,Right,POM_COL,"Loui, Shawn",1000474008,Right,POM_COL,Undefined,7,Top,2,1,1,Fastball,Four-Seam,StrikeSwinging,Undefined,Undefined,Undefined,0,0,,85.27281,-2.318935,-3.704621,2264.441307,212.648526,1:00,5.81674,1.62058,5.1835,-20.22269,19.78639,11.76253,1.944,-0.88955,77.22526,-6.117037,-1.626877,0.455251,,,,,,,,,,,,-6.93528,10.95253,-1.28509,50,5.58603,7.45062,-123.25567,-5.64148,-10.57983,26.40651,-15.46588,POM_COL,POM_COL,PomonaPitzer,TeamExclusive,Team,20260130-PomonaPitzer-Private-1,ad2246d0-fe32-11f0-915a-63f78c275567,82.79489,,,8.04755,,,,,,,9c723542-d6b6-4c4f-819a-2cccafe8acb4,2026-01-30,23:23:24.86,2026-01-30T15:23:24.8600000-08:00,2026-01-30T23:23:24.8600000Z,,v3,POM_PIT,POM_PIT,,"Ruyle, Brody",10183257,Right,POM_COL,b458afb2-45d4-41b3-bc41-05646503b2fa,55.31159,-124.38843,13.20326,5.8138,-4.97804,-7.73294,-1.61444,7.90446,-5.28992,,,,,,,,,,,,,,,,,,,,,,,,,,,,,,,,,,,,,,,,,,,,,,,,,,,High,High,High,,,,,
257,2026-01-30,15:23:40.99,8,4,"Orens, Devran",1000248914,Right,POM_COL,"Loui, Shawn",1000474008,Right,POM_COL,Undefined,7,Top,2,1,2,Slider,Curveball,InPlay,Undefined,FlyBall,Out,1,0,,73.38385,2.055474,-1.510686,2789.399868,61.914117,8:00,5.57971,1.9959,5.2174,-61.85098,-8.00012,-18.3871,2.35963,-0.95711,66.99823,-9.154635,-4.770037,0.528163,71.77135,39.591684,9.425531,,106.82488,68.93569,26.23812,234.8531,230.06501,16.635734,4.519315,8.72115,-4.14008,-1.84195,50,5.72301,3.49863,-106.38321,1.77749,9.86224,20.50483,-36.85583,POM_COL,POM_COL,PomonaPitzer,TeamExclusive,Team,20260130-PomonaPitzer-Private-1,b6c72610-fe32-11f0-915a-63f78c275567,71.3652,71.20275,,6.38563,,,,0.6966,2.45909,0.99945,9c723542-d6b6-4c4f-819a-2cccafe8acb4,2026-01-30,23:23:40.99,2026-01-30T15:23:40.9960000-08:00,2026-01-30T23:23:40.9960000Z,FlyBall,v3,POM_PIT,POM_PIT,,"Ruyle, Brody",10183257,Right,POM_COL,8a0bde3f-f3d1-4d41-82d6-e2da3f701b3f,55.28414,-107.39687,10.25242,5.5901,3.59947,-18.42791,-2.00285,3.01108,4.93112,198.881376,0.69889,79.9655,-16.15874,3.84128,-0.42941,-0.08083,0.04066,-0.006,0.00031,2.45747,67.11991,-17.96385,0.88002,-0.04201,-0.03793,0.02215,-0.00452,0.00031,0.99937,13.28677,1.37154,-0.59087,0.15414,-0.02453,0.00163,8E-05,-1E-05,,,,,,,,,,,,,,,,,,,,,,,High,High,High,High,High,,,
258,2026-01-30,15:26:02.11,1,1,"Chung, Evan",10104955,Right,POM_COL,"Berry, Cooper",1000276381,Left,POM_COL,Undefined,7,Bottom,0,0,0,ChangeUp,Changeup,BallCalled,Undefined,Undefined,Undefined,0,0,,71.03479,2.443325,-4.161307,1461.721829,302.580581,4:00,3.96732,2.39883,4.4991,-67.07362,-8.5941,16.27009,0.7134,-0.21717,65.46419,-9.512502,-1.321497,0.550393,,,,,,,,,,,,-9.05993,-4.35536,-1.97848,50,4.15921,6.84212,-102.77654,2.05087,-9.71743,16.59553,-36.84549,POM_COL,POM_COL,PomonaPitzer,TeamExclusive,Team,20260130-PomonaPitzer-Private-1,0b29c780-fe33-11f0-915a-63f78c275567,68.48272,,,5.5706,,,,,,,9c723542-d6b6-4c4f-819a-2cccafe8acb4,2026-01-30,23:26:02.11,2026-01-30T15:26:02.1140000-08:00,2026-01-30T23:26:02.1140000Z,,v3,POM_PIT,POM_PIT,,"Lee, Sammy",1000276388,Right,POM_COL,d5382910-a232-49ab-8cc4-bf339bf775f9,56.0044,-103.74155,8.29776,3.97766,4.1934,-18.42274,-2.39277,7.40718,-4.85871,,,,,,,,,,,,,,,,,,,,,,,,,,,,,,,,,,,,,,,,,,,,,,,,,,,High,High,High,,,,,
259,2026-01-30,15:26:15.37,1,2,"Chung, Evan",10104955,Right,POM_COL,"Berry, Cooper",1000276381,Left,POM_COL,Undefined,7,Bottom,0,1,0,Sinker,Changeup,FoulBallNotFieldable,Undefined,Undefined,Undefined,0,0,,78.05984,1.883872,-4.880241,1998.55952,261.293757,2:45,4.00582,2.49238,4.63972,-44.04199,5.06587,21.19828,2.13313,-0.39021,70.14756,-6.117261,-1.180904,0.504367,86.18462,-17.33785,63.678935,,,,,6.98684,6.98684,52.607314,0.052363,-11.92308,2.36236,-2.01237,50,4.15962,8.69979,-112.58084,2.11622,-15.07779,23.23699,-29.18663,POM_COL,POM_COL,PomonaPitzer,TeamExclusive,Team,20260130-PomonaPitzer-Private-1,12c6a1c0-fe33-11f0-915a-63f78c275567,74.73212,1.97602,,7.91228,,,,1.4364,1.97602,-0.12234,9c723542-d6b6-4c4f-819a-2cccafe8acb4,2026-01-30,23:26:15.37,2026-01-30T15:26:15.3720000-08:00,2026-01-30T23:26:15.3720000Z,GroundBall,v3,POM_PIT,POM_PIT,,"Lee, Sammy",1000276388,Right,POM_COL,df185ea1-0eb5-467a-8d85-040817b38632,55.85828,-113.78358,11.6185,4.01098,3.62691,-14.59331,-2.48286,9.48021,-7.53889,,1.43559,53.59716,,,,,,,,1.97659,-37.73675,,,,,,,,-0.12397,108.34531,,,,,,,,,,,,,,,,,,,,,,,,,,,,,,High,High,High,Low,Low,,,
260,2026-01-30,15:26:34.00,1,3,"Chung, Evan",10104955,Right,POM_COL,"Berry, Cooper",1000276381,Left,POM_COL,Undefined,7,Bottom,0,1,1,ChangeUp,Changeup,FoulBallNotFieldable,Undefined,Undefined,Undefined,0,0,,71.0552,4.205422,-3.913773,1553.405431,274.799948,3:15,3.98054,2.52572,4.56794,-58.48558,0.10185,20.95222,3.12514,0.54164,64.7909,-6.313621,-0.26012,0.550901,79.31776,12.291995,50.82684,4296.050715,,,,134.83158,73.84911,54.698383,1.412383,-11.33827,-0.63933,-2.14075,50,4.36302,6.20742,-102.6049,5.57746,-12.10215,16.77907,-32.85643,POM_COL,POM_COL,PomonaPitzer,TeamExclusive,Team,20260130-PomonaPitzer-Private-1,1e29f9e0-fe33-11f0-915a-63f78c275567,68.41961,10.87263,,6.2643,,,,2.85796,3.40725,-0.83475,9c723542-d6b6-4c4f-819a-2cccafe8acb4,2026-01-30,23:26:34.00,2026-01-30T15:26:34.0090000-08:00,2026-01-30T23:26:34.0090000Z,LineDrive,v3,POM_PIT,POM_PIT,,"Lee, Sammy",1000276388,Right,POM_COL,69b6914e-873c-441e-a2f9-32a4ce7fcb66,55.93375,-103.5707,8.38954,3.98755,7.46868,-16.42822,-2.5181,6.90402,-6.05107,,2.85794,71.80151,-17.04953,3.466,-0.39933,-0.39007,0.38432,-0.16054,0.02674,3.40726,24.76594,-21.81737,2.40064,-0.59527,0.22273,-0.10437,0.03633,-0.00568,-0.83474,88.1161,-8.06755,1.2037,-0.48752,0.44851,-0.32062,0.12595,-0.02057,,,,,,,,,,,,,,,,,,,,,,,High,High,High,High,Medium,,,
261,2026-01-30,15:26:52.19,1,4,"Chung, Evan",10104955,Right,POM_COL,"Berry, Cooper",1000276381,Left,POM_COL,Undefined,7,Bottom,0,1,2,ChangeUp,Changeup,InPlay,Undefined,GroundBall,Out,1,0,,70.99386,4.624931,-3.547753,1515.987505,299.217125,4:00,3.91931,2.47733,4.52581,-64.12251,-5.72398,13.30304,2.99826,0.20299,65.23031,-6.83952,-1.229748,0.550012,91.75101,-5.33911,27.988487,,,,,26.48225,25.26935,27.218014,0.196932,-7.39079,-3.50339,-2.12017,50,4.34227,5.84183,-102.58716,6.09341,-7.94198,15.6446,-35.93872,POM_COL,POM_COL,PomonaPitzer,TeamExclusive,Team,20260130-PomonaPitzer-Private-1,28b5ddc0-fe33-11f0-915a-63f78c275567,68.53019,3.00472,,5.76355,,,,1.07902,3.00472,-0.23396,9c723542-d6b6-4c4f-819a-2cccafe8acb4,2026-01-30,23:26:52.19,2026-01-30T15:26:52.1930000-08:00,2026-01-30T23:26:52.1930000Z,GroundBall,v3,POM_PIT,POM_PIT,,"Lee, Sammy",1000276388,Right,POM_COL,e1102ce3-3da0-43c9-aecc-affa23663725,55.97695,-103.49464,7.8223,3.92836,8.17805,-17.96936,-2.47239,6.30251,-3.97099,272.104633,1.08037,118.22297,-20.9787,,,,,,,3.00513,-12.54877,-13.77684,,,,,,,-0.23422,62.89521,-1.01115,,,,,,,,,,,,,,,,,,,,,,,,,,,,,High,High,High,High,High,,,
262,2026-01-30,15:27:23.33,2,1,"Chung, Evan",10104955,Right,POM_COL,"Pierantoni, Greg",1000091552,Right,POM_COL,Undefined,7,Bottom,1,0,0,ChangeUp,Curveball,StrikeCalled,Undefined,Undefined,Undefined,0,0,,69.27992,4.812096,-2.35015,2016.266198,108.822144,9:45,3.81245,2.5995,4.38028,-59.91239,3.82453,-3.87831,3.42935,0.03098,61.60256,-6.044827,-3.024204,0.574602,,,,,,,,,,,,1.01965,0.9565,-2.34398,50,4.27051,4.24718,-99.63695,6.37918,0.99974,19.68951,-31.23623,POM_COL,POM_COL,PomonaPitzer,TeamExclusive,Team,20260130-PomonaPitzer-Private-1,3b4d3c30-fe33-11f0-915a-63f78c275567,65.5975,,,7.67736,,,,,,,9c723542-d6b6-4c4f-819a-2cccafe8acb4,2026-01-30,23:27:23.33,2026-01-30T15:27:23.3340000-08:00,2026-01-30T23:27:23.3340000Z,,v3,POM_PIT,POM_PIT,,"Lee, Sammy",1000276388,Right,POM_COL,9bea759d-1f2d-4e59-96a8-1617a304cda0,56.11118,-100.83736,9.84476,3.82354,8.28356,-15.61811,-2.60106,4.18623,0.49987,,,,,,,,,,,,,,,,,,,,,,,,,,,,,,,,,,,,,,,,,,,,,,,,,,,High,High,High,,,,,
263,2026-01-30,15:27:38.90,2,2,"Chung, Evan",10104955,Right,POM_COL,"Pierantoni, Greg",1000091552,Right,POM_COL,Undefined,7,Bottom,1,0,1,ChangeUp,Changeup,StrikeCalled,Undefined,Undefined,Undefined,0,0,,72.49811,4.044782,-4.36179,1575.471964,294.477246,3:45,4.26832,2.20791,4.72514,-59.68822,-3.87981,12.26804,3.14973,-0.91643,66.40143,-6.678185,-2.219039,0.537677,,,,,,,,,,,,-7.10819,-2.38394,-1.77842,50,4.62502,7.49434,-104.69568,5.34846,-7.93036,16.82108,-34.83373,POM_COL,POM_COL,PomonaPitzer,TeamExclusive,Team,20260130-PomonaPitzer-Private-1,4493ced0-fe33-11f0-915a-63f78c275567,70.10243,,,6.09668,,,,,,,9c723542-d6b6-4c4f-819a-2cccafe8acb4,2026-01-30,23:27:38.90,2026-01-30T15:27:38.9030000-08:00,2026-01-30T23:27:38.9030000Z,,v3,POM_PIT,POM_PIT,,"Lee, Sammy",1000276388,Right,POM_COL,801cf55f-b6c8-4d1a-8316-68ead8a11e31,55.77538,-105.61951,8.41054,4.27874,7.26158,-17.41686,-2.20198,7.92989,-3.96518,,,,,,,,,,,,,,,,,,,,,,,,,,,,,,,,,,,,,,,,,,,,,,,,,,,High,High,High,,,,,
264,2026-01-30,15:27:54.61,2,3,"Chung, Evan",10104955,Right,POM_COL,"Pierantoni, Greg",1000091552,Right,POM_COL,Undefined,7,Bottom,1,0,2,Sinker,Changeup,BallCalled,Undefined,Undefined,Undefined,0,0,,80.541,1.182572,-6.710267,2114.335811,288.843964,3:45,4.20954,2.38492,4.84802,-47.98928,-2.9541,12.61402,1.33786,-2.94571,74.1601,-7.420054,-4.512758,0.483,,,,,,,,,,,,-7.89768,-1.3078,-1.73046,50,4.28593,13.12204,-116.16881,0.59378,-10.88004,20.10739,-33.97571,POM_COL,POM_COL,PomonaPitzer,TeamExclusive,Team,20260130-PomonaPitzer-Private-1,4defe540-fe33-11f0-915a-63f78c275567,78.03811,,,6.38089,,,,,,,9c723542-d6b6-4c4f-819a-2cccafe8acb4,2026-01-30,23:27:54.61,2026-01-30T15:27:54.6150000-08:00,2026-01-30T23:27:54.6150000Z,,v3,POM_PIT,POM_PIT,,"Lee, Sammy",1000276388,Right,POM_COL,aba8844e-9a74-447c-9a53-67878f84e79f,55.65271,-117.14314,10.05369,4.21726,2.24011,-16.98785,-2.37907,13.64925,-5.44002,,,,,,,,,,,,,,,,,,,,,,,,,,,,,,,,,,,,,,,,,,,,,,,,,,,High,High,High,,,,,
265,2026-01-30,15:28:15.22,2,4,"Chung, Evan",10104955,Right,POM_COL,"Pierantoni, Greg",1000091552,Right,POM_COL,Undefined,7,Bottom,1,1,2,Sinker,Changeup,FoulBallNotFieldable,Undefined,Undefined,Undefined,0,0,,78.53053,2.999811,-2.70828,2058.381528,254.099543,2:30,4.41595,2.3938,4.89053,-40.90329,6.50882,17.3741,3.8508,1.27782,71.24376,-4.464568,0.345887,0.495583,,,,,,,,,,,,-9.36646,2.77402,-2.14378,50,4.67636,4.64793,-113.62492,4.51828,-12.19636,21.59344,-28.5619,POM_COL,POM_COL,PomonaPitzer,TeamExclusive,Team,20260130-PomonaPitzer-Private-1,5a30a510-fe33-11f0-915a-63f78c275567,76.0568,,,7.28677,,,,,,,9c723542-d6b6-4c4f-819a-2cccafe8acb4,2026-01-30,23:28:15.22,2026-01-30T15:28:15.2210000-08:00,2026-01-30T23:28:15.2210000Z,,v3,POM_PIT,POM_PIT,,"Lee, Sammy",1000276388,Right,POM_COL,d71ec43e-9ca2-4028-b2fa-02e7c973e0fc,55.60836,-114.68579,10.79672,4.41991,5.9215,-14.28095,-2.38685,5.24712,-6.09818,,,,,,,,,,,,,,,,,,,,,,,,,,,,,,,,,,,,,,,,,,,,,,,,,,,High,High,High,,,,,
266,2026-01-30,15:28:36.83,2,5,"Chung, Evan",10104955,Right,POM_COL,"Pierantoni, Greg",1000091552,Right,POM_COL,Undefined,7,Bottom,1,1,2,Slider,Slider,BallCalled,Undefined,Undefined,Undefined,0,0,,69.27555,2.189408,-4.4629,2102.854734,134.003265,10:30,3.82669,2.52343,4.28837,-54.5833,8.53949,-6.52941,1.37957,-2.29796,62.79727,-7.626378,-5.592786,0.571827,,,,,,,,,,,,1.71823,4.1104,-2.03102,50,4.01063,8.05258,-99.83011,1.99725,1.71224,17.95289,-28.07803,POM_COL,POM_COL,PomonaPitzer,TeamExclusive,Team,20260130-PomonaPitzer-Private-1,672105d0-fe33-11f0-915a-63f78c275567,65.91585,,,6.47829,,,,,,,9c723542-d6b6-4c4f-819a-2cccafe8acb4,2026-01-30,23:28:36.83,2026-01-30T15:28:36.8350000-08:00,2026-01-30T23:28:36.8350000Z,,v3,POM_PIT,POM_PIT,,"Lee, Sammy",1000276388,Right,POM_COL,4b8b2ad4-4011-4ce6-80dc-10aa23fecaf7,56.20537,-100.93988,8.97644,3.83352,3.73291,-14.03902,-2.52552,7.94673,0.85612,,,,,,,,,,,,,,,,,,,,,,,,,,,,,,,,,,,,,,,,,,,,,,,,,,,High,High,High,,,,,
267,2026-01-30,15:28:49.51,2,6,"Chung, Evan",10104955,Right,POM_COL,"Pierantoni, Greg",1000091552,Right,POM_COL,Undefined,7,Bottom,1,2,2,ChangeUp,Changeup,InPlay,Undefined,LineDrive,Single,0,0,,71.13074,2.418682,-4.177749,1537.688437,285.801763,3:30,4.43452,2.35317,4.7573,-60.8957,-2.71248,16.42064,1.66095,-0.24717,64.96543,-8.546843,-1.30006,0.548997,89.9971,14.67182,-11.881429,3547.860347,107.2733,20.79043,-24.33979,248.86519,245.04991,-14.416658,2.51718,-9.29556,-1.51484,-1.94874,50,4.624,6.88267,-102.83141,2.31353,-9.90999,17.74452,-33.78902,POM_COL,POM_COL,PomonaPitzer,TeamExclusive,Team,20260130-PomonaPitzer-Private-1,6eac2cd0-fe33-11f0-915a-63f78c275567,68.65686,21.61749,,6.16531,,,,1.70367,1.77676,0.23494,9c723542-d6b6-4c4f-819a-2cccafe8acb4,2026-01-30,23:28:49.51,2026-01-30T15:28:49.5130000-08:00,2026-01-30T23:28:49.5130000Z,LineDrive,v3,POM_PIT,POM_PIT,,"Lee, Sammy",1000276388,Right,POM_COL,2f9b6fa3-7235-43c3-afe9-ca525dfe54e0,55.74363,-103.81779,8.87226,4.44319,4.1918,-16.89451,-2.34664,7.43355,-4.955,152.943549,1.70367,124.95563,-18.58844,4.05765,-0.82103,0.15593,-0.02638,0.00325,-0.0002,1.77676,33.43242,-14.57718,0.42136,0.00302,-0.00671,1E-05,0.00065,-9E-05,0.23494,-26.29015,0.5989,0.10152,-0.06589,0.01711,-0.00238,0.00013,0,,,,,,,,,,,,,,,,,,,,,,,High,High,High,High,High,,,
268,2026-01-30,15:29:27.11,3,1,"Chung, Evan",10104955,Right,POM_COL,"DeGrazia, Tanner",1000214434,Right,POM_COL,Undefined,7,Bottom,1,0,0,Sinker,Changeup,StrikeSwinging,Undefined,Undefined,Undefined,0,0,,76.16876,2.932299,-3.442151,1892.600409,260.494333,2:45,4.44259,2.18736,4.60946,-47.61707,3.29339,9.79855,3.27019,-0.27305,69.32455,-5.669963,-1.730823,0.513541,,,,,,,,,,,,-5.70437,1.31673,-1.84218,50,4.70157,6.2026,-110.08423,3.92141,-6.99231,19.74181,-30.56,POM_COL,POM_COL,PomonaPitzer,TeamExclusive,Team,20260130-PomonaPitzer-Private-1,85113510-fe33-11f0-915a-63f78c275567,73.3972,,,6.84421,,,,,,,9c723542-d6b6-4c4f-819a-2cccafe8acb4,2026-01-30,23:29:27.11,2026-01-30T15:29:27.1110000-08:00,2026-01-30T23:29:27.1110000Z,,v3,POM_PIT,POM_PIT,,"Lee, Sammy",1000276388,Right,POM_COL,acae8be8-fc07-430f-8931-7865252e25c6,55.88748,-111.13503,9.8709,4.44955,5.54804,-15.28,-2.18223,6.57479,-3.49615,,,,,,,,,,,,,,,,,,,,,,,,,,,,,,,,,,,,,,,,,,,,,,,,,,,High,High,High,,,,,
269,2026-01-30,15:29:45.18,3,2,"Chung, Evan",10104955,Right,POM_COL,"DeGrazia, Tanner",1000214434,Right,POM_COL,Undefined,7,Bottom,1,0,1,ChangeUp,Other,InPlay,Undefined,LineDrive,Single,0,0,,72.22501,2.191246,-4.783294,1616.797357,246.636342,2:15,4.43169,2.27494,4.94311,-46.30845,9.89926,18.48332,2.65172,-0.71572,65.55693,-6.262693,-1.541069,0.539597,94.15691,7.681596,-23.675954,1758.370087,,,,118.8614,117.06759,-25.739813,0.942984,-10.57292,4.7654,-1.82583,50,4.60734,8.02451,-104.3087,2.52897,-11.58637,18.42151,-26.95187,POM_COL,POM_COL,PomonaPitzer,TeamExclusive,Team,20260130-PomonaPitzer-Private-1,8fdae540-fe33-11f0-915a-63f78c275567,69.85297,6.1851,,6.66808,,,,1.66209,2.60715,0.71578,9c723542-d6b6-4c4f-819a-2cccafe8acb4,2026-01-30,23:29:45.18,2026-01-30T15:29:45.1800000-08:00,2026-01-30T23:29:45.1800000Z,GroundBall,v3,POM_PIT,POM_PIT,,"Lee, Sammy",1000276388,Right,POM_COL,77dc7c33-d665-48eb-a29f-ba03145ca60e,55.55555,-105.28527,9.21075,4.4354,3.95776,-13.47594,-2.26751,8.63874,-5.79318,51.99975,1.66209,125.33821,-16.10611,2.21434,-0.4735,0.08432,-0.01688,0.0032,-0.00033,2.60715,18.45908,-24.90741,3.05704,-0.66389,0.15364,-0.03171,0.00624,-0.00076,0.71578,-54.9569,-1.18901,0.80045,-0.20266,0.05607,-0.01296,0.00275,-0.00036,,,,,,,,,,,,,,,,,,,,,,,High,High,High,High,High,,,
270,2026-01-30,15:30:18.75,4,1,"Chung, Evan",10104955,Right,POM_COL,"Zerger, Justin",10051439,Right,POM_COL,Undefined,7,Bottom,1,0,0,Sinker,Changeup,StrikeSwinging,Undefined,Undefined,Undefined,0,0,,76.20307,2.892957,-3.90063,1982.487405,274.488803,3:15,4.4793,2.25147,4.81459,-50.04455,0.59882,13.92977,3.05807,-0.28843,69.19859,-6.169266,-1.459294,0.512192,,,,,,,,,,,,-7.93087,-0.00906,-1.87603,50,4.72456,6.92569,-110.11062,3.79364,-9.69433,20.34871,-32.18512,POM_COL,POM_COL,PomonaPitzer,TeamExclusive,Team,20260130-PomonaPitzer-Private-1,a3d94dc0-fe33-11f0-915a-63f78c275567,73.59044,,,7.00448,,,,,,,9c723542-d6b6-4c4f-819a-2cccafe8acb4,2026-01-30,23:30:18.75,2026-01-30T15:30:18.7540000-08:00,2026-01-30T23:30:18.7540000Z,,v3,POM_PIT,POM_PIT,,"Lee, Sammy",1000276388,Right,POM_COL,289fa770-2792-4b14-a264-1760bf632c3d,55.68354,-111.15599,10.17436,4.4872,5.44708,-16.09256,-2.24461,7.42371,-4.84717,,,,,,,,,,,,,,,,,,,,,,,,,,,,,,,,,,,,,,,,,,,,,,,,,,,High,High,High,,,,,
271,2026-01-30,15:30:36.52,4,2,"Chung, Evan",10104955,Right,POM_COL,"Zerger, Justin",10051439,Right,POM_COL,Undefined,7,Bottom,1,0,1,Slider,Curveball,BallCalled,Undefined,Undefined,Undefined,0,0,,67.477,2.80439,-5.010621,2117.041173,37.097924,7:15,3.87576,2.6718,4.34,-68.60803,-2.39784,-3.50347,0.85064,-2.42037,61.64834,-9.423554,-5.617143,0.585644,,,,,,,,,,,,0.16831,-1.36197,-2.12737,50,4.11011,8.66038,-97.25591,2.49645,0.1598,16.49429,-33.46716,POM_COL,POM_COL,PomonaPitzer,TeamExclusive,Team,20260130-PomonaPitzer-Private-1,ae797cf0-fe33-11f0-915a-63f78c275567,64.36067,,,5.82866,,,,,,,9c723542-d6b6-4c4f-819a-2cccafe8acb4,2026-01-30,23:30:36.52,2026-01-30T15:30:36.5280000-08:00,2026-01-30T23:30:36.5280000Z,,v3,POM_PIT,POM_PIT,,"Lee, Sammy",1000276388,Right,POM_COL,3e0b3ebd-f134-4771-9dee-cbacb51f2ec0,56.15872,-98.29486,8.24715,3.88648,4.60449,-16.73358,-2.67256,8.65031,0.0799,,,,,,,,,,,,,,,,,,,,,,,,,,,,,,,,,,,,,,,,,,,,,,,,,,,High,High,High,,,,,
272,2026-01-30,15:30:53.70,4,3,"Chung, Evan",10104955,Right,POM_COL,"Zerger, Justin",10051439,Right,POM_COL,Undefined,7,Bottom,1,1,1,Slider,Curveball,StrikeSwinging,Undefined,Undefined,Undefined,0,0,,67.75283,3.592157,-3.333754,2108.738282,82.971006,8:45,3.90562,2.77068,4.35643,-64.53279,1.27217,-8.49056,1.96973,-1.12513,61.36752,-7.995761,-4.807807,0.583849,,,,,,,,,,,,3.01957,0.18094,-2.40336,50,4.22848,6.02032,-97.6978,4.00058,2.87896,17.3361,-32.00151,POM_COL,POM_COL,PomonaPitzer,TeamExclusive,Team,20260130-PomonaPitzer-Private-1,b8b1c290-fe33-11f0-915a-63f78c275567,64.55852,,,6.38531,,,,,,,9c723542-d6b6-4c4f-819a-2cccafe8acb4,2026-01-30,23:30:53.70,2026-01-30T15:30:53.7000000-08:00,2026-01-30T23:30:53.7000000Z,,v3,POM_PIT,POM_PIT,,"Lee, Sammy",1000276388,Right,POM_COL,afcf58f6-884a-4293-8b78-8a28470d82fd,56.13983,-98.78128,8.66805,3.91595,6.00063,-16.00076,-2.774,5.84039,1.43948,,,,,,,,,,,,,,,,,,,,,,,,,,,,,,,,,,,,,,,,,,,,,,,,,,,High,High,High,,,,,
273,2026-01-30,15:31:14.83,4,4,"Chung, Evan",10104955,Right,POM_COL,"Zerger, Justin",10051439,Right,POM_COL,Undefined,7,Bottom,1,1,2,Sinker,Changeup,HitByPitch,Undefined,Undefined,Undefined,0,0,,77.33299,3.259995,-1.54855,1935.032298,259.743825,2:45,4.3771,2.37316,5.11155,-44.71711,4.48957,14.63461,3.72636,2.13347,69.18288,-4.962416,1.036715,0.504874,,,,,,,,,,,,-7.86843,1.56906,-2.23966,50,4.64985,2.43705,-111.79916,4.86538,-9.74839,24.12502,-30.23011,POM_COL,POM_COL,PomonaPitzer,TeamExclusive,Team,20260130-PomonaPitzer-Private-1,c53cf8e0-fe33-11f0-915a-63f78c275567,74.65706,,,8.15011,,,,,,,9c723542-d6b6-4c4f-819a-2cccafe8acb4,2026-01-30,23:31:14.83,2026-01-30T15:31:14.8310000-08:00,2026-01-30T23:31:14.8310000Z,,v3,POM_PIT,POM_PIT,,"Lee, Sammy",1000276388,Right,POM_COL,5bb2cd01-128f-4bdf-98b3-610651a3056c,55.38645,-112.95552,12.06251,4.38192,6.31437,-15.11506,-2.36767,2.90431,-4.8742,,,,,,,,,,,,,,,,,,,,,,,,,,,,,,,,,,,,,,,,,,,,,,,,,,,High,High,High,,,,,
274,2026-01-30,15:31:47.81,5,1,"Chung, Evan",10104955,Right,POM_COL,"Parker, Will",1000474009,Left,POM_COL,Undefined,7,Bottom,1,0,0,Sinker,Changeup,BallCalled,Undefined,Undefined,Undefined,0,0,,76.968,3.09687,-5.984801,2164.188866,280.870453,3:15,3.91888,2.50259,4.51565,-52.07774,-1.49606,16.8645,2.54789,-1.81339,69.65372,-6.253585,-3.060442,0.51188,,,,,,,,,,,,-9.86178,-1.05559,-1.89154,50,4.19536,10.87595,-110.7917,4.06905,-12.1943,20.75006,-33.4793,POM_COL,POM_COL,PomonaPitzer,TeamExclusive,Team,20260130-PomonaPitzer-Private-1,d8eca520-fe33-11f0-915a-63f78c275567,73.63533,,,7.31428,,,,,,,9c723542-d6b6-4c4f-819a-2cccafe8acb4,2026-01-30,23:31:47.81,2026-01-30T15:31:47.8150000-08:00,2026-01-30T23:31:47.8150000Z,,v3,POM_PIT,POM_PIT,,"Lee, Sammy",1000276388,Right,POM_COL,b78b85bf-cfe1-4a23-911a-dacbd6d26ee2,55.98264,-111.90658,10.37503,3.92841,5.86784,-16.73965,-2.49349,11.53113,-6.09715,,,,,,,,,,,,,,,,,,,,,,,,,,,,,,,,,,,,,,,,,,,,,,,,,,,High,High,High,,,,,
275,2026-01-30,15:32:05.56,5,2,"Chung, Evan",10104955,Right,POM_COL,"Parker, Will",1000474009,Left,POM_COL,Undefined,7,Bottom,1,1,0,ChangeUp,Changeup,FoulBallNotFieldable,Undefined,Undefined,Undefined,0,0,,71.1557,4.660183,-4.083982,1572.828801,276.056984,3:15,4.06845,2.43818,4.87301,-57.86125,-0.11106,17.98576,3.67744,0.06592,64.91398,-5.795567,-0.933229,0.546951,42.52274,-4.622737,-58.609164,6982.512681,,,,20.75756,20.51653,-52.217879,0.321965,-9.99926,-0.84925,-2.05241,50,4.4793,6.65727,-102.7251,6.50001,-10.71715,16.53198,-33.08427,POM_COL,POM_COL,PomonaPitzer,TeamExclusive,Team,20260130-PomonaPitzer-Private-1,e3846fe0-fe33-11f0-915a-63f78c275567,68.9138,3.73987,,6.24172,,,,2.49264,3.73987,-0.16946,9c723542-d6b6-4c4f-819a-2cccafe8acb4,2026-01-30,23:32:05.56,2026-01-30T15:32:05.5670000-08:00,2026-01-30T23:32:05.5670000Z,GroundBall,v3,POM_PIT,POM_PIT,,"Lee, Sammy",1000276388,Right,POM_COL,38614dc5-032f-4a2a-9810-fdf9d839e26e,55.62849,-103.62695,8.26599,4.07548,8.30483,-16.54214,-2.43153,7.24192,-5.35857,,2.49177,32.41535,-2.0274,,,,,,,3.74327,-5.16663,-20.09525,,,,,,,-0.16948,-53.06358,8.18425,,,,,,,,,,,,,,,,,,,,,,,,,,,,,High,High,High,High,High,,,
276,2026-01-30,15:32:29.41,5,3,"Chung, Evan",10104955,Right,POM_COL,"Parker, Will",1000474009,Left,POM_COL,Undefined,7,Bottom,1,1,1,ChangeUp,Changeup,BallCalled,Undefined,Undefined,Undefined,0,0,,71.35024,4.504211,-0.349665,1450.928429,284.986903,3:30,3.92601,2.58279,4.52266,-60.44755,-2.25425,15.35674,3.18737,3.5295,65.00901,-6.366639,2.333143,0.549045,,,,,,,,,,,,-7.51119,-1.76925,-2.56175,50,4.34003,0.01139,-103.15403,6.02084,-8.07837,17.45233,-34.0769,POM_COL,POM_COL,PomonaPitzer,TeamExclusive,Team,20260130-PomonaPitzer-Private-1,f1ba21e0-fe33-11f0-915a-63f78c275567,68.65092,,,6.34123,,,,,,,9c723542-d6b6-4c4f-819a-2cccafe8acb4,2026-01-30,23:32:29.41,2026-01-30T15:32:29.4180000-08:00,2026-01-30T23:32:29.4180000Z,,v3,POM_PIT,POM_PIT,,"Lee, Sammy",1000276388,Right,POM_COL,bb172f40-9e4f-4ca3-a617-15a2a444a0ba,55.97683,-104.16032,8.72616,3.93623,7.9857,-17.03845,-2.57584,0.47719,-4.03918,,,,,,,,,,,,,,,,,,,,,,,,,,,,,,,,,,,,,,,,,,,,,,,,,,,High,High,High,,,,,
277,2026-01-30,15:32:45.43,5,4,"Chung, Evan",10104955,Right,POM_COL,"Parker, Will",1000474009,Left,POM_COL,Undefined,7,Bottom,1,2,1,Slider,Curveball,HitByPitch,Undefined,Undefined,Undefined,0,0,,68.00626,4.838239,-4.18857,2095.788037,63.661773,8:00,3.76478,2.60531,4.40796,-66.6659,-1.57669,-7.55158,2.85021,-2.02861,61.77476,-7.102658,-5.497074,0.580665,,,,,,,,,,,,2.39236,-1.57508,-2.15071,50,4.21685,7.46063,-97.91897,6.09347,2.30603,16.5008,-33.6923,POM_COL,POM_COL,PomonaPitzer,TeamExclusive,Team,20260130-PomonaPitzer-Private-1,fb7b14a0-fe33-11f0-915a-63f78c275567,64.9125,,,6.23149,,,,,,,9c723542-d6b6-4c4f-819a-2cccafe8acb4,2026-01-30,23:32:45.43,2026-01-30T15:32:45.4310000-08:00,2026-01-30T23:32:45.4310000Z,,v3,POM_PIT,POM_PIT,,"Lee, Sammy",1000276388,Right,POM_COL,d1092493-c965-4027-a2c5-772241bbf358,56.09049,-98.93998,8.2504,3.77531,8.17824,-16.84615,-2.60793,7.31794,1.15302,,,,,,,,,,,,,,,,,,,,,,,,,,,,,,,,,,,,,,,,,,,,,,,,,,,High,High,High,,,,,
278,2026-01-30,15:33:48.89,6,1,"Chung, Evan",10104955,Right,POM_COL,"Savas, Peter",1000276389,Right,POM_COL,Undefined,7,Bottom,1,0,0,Sinker,Changeup,BallCalled,Undefined,Undefined,Undefined,0,0,,78.05487,-0.05273,-4.970309,2058.126612,262.045632,2:45,4.35267,2.25099,4.80777,-44.38384,3.41799,14.00284,0.60387,-1.30283,71.94206,-8.044318,-2.517437,0.497615,,,,,,,,,,,,-8.19256,2.12819,-1.76824,50,4.30887,9.23734,-112.90989,-1.70812,-10.64166,19.3643,-29.40967,POM_COL,POM_COL,PomonaPitzer,TeamExclusive,Team,20260130-PomonaPitzer-Private-1,21153d80-fe34-11f0-915a-63f78c275567,75.74614,,,6.11282,,,,,,,9c723542-d6b6-4c4f-819a-2cccafe8acb4,2026-01-30,23:33:48.89,2026-01-30T15:33:48.8920000-08:00,2026-01-30T23:33:48.8920000Z,,v3,POM_PIT,POM_PIT,,"Lee, Sammy",1000276388,Right,POM_COL,3163b2b3-77f6-48ee-995c-1fcd507a5ae4,55.6923,-113.88194,9.68215,4.35757,-0.2318,-14.70484,-2.24534,9.77154,-5.32083,,,,,,,,,,,,,,,,,,,,,,,,,,,,,,,,,,,,,,,,,,,,,,,,,,,High,High,High,,,,,
279,2026-01-30,15:34:03.80,6,2,"Chung, Evan",10104955,Right,POM_COL,"Savas, Peter",1000276389,Right,POM_COL,Undefined,7,Bottom,1,1,0,Sinker,Changeup,InPlay,Undefined,GroundBall,Out,1,1,,76.26962,2.065843,-4.119972,2022.085246,282.920235,3:30,4.09749,2.59948,4.76478,-50.83511,-0.78654,9.92528,1.82589,-0.48652,70.21951,-7.07826,-2.381912,0.509175,66.40228,-12.270872,-2.154512,,,,,11.41776,11.41776,0.633923,0.088337,-5.98433,-0.55299,-2.19529,50,4.25992,7.55383,-110.41016,2.17887,-7.436,18.43886,-32.8612,POM_COL,POM_COL,PomonaPitzer,TeamExclusive,Team,20260130-PomonaPitzer-Private-1,29fa2820-fe34-11f0-915a-63f78c275567,74.02646,2.01318,,6.05011,,,,3.05046,2.01318,0.42545,9c723542-d6b6-4c4f-819a-2cccafe8acb4,2026-01-30,23:34:03.80,2026-01-30T15:34:03.8040000-08:00,2026-01-30T23:34:03.8040000Z,GroundBall,v3,POM_PIT,POM_PIT,,"Lee, Sammy",1000276388,Right,POM_COL,0ae42b01-abfd-47cb-9abc-45688b0ef155,55.73669,-111.36408,9.21943,4.10322,3.87893,-16.4306,-2.59603,7.93853,-3.718,346.844931,3.05042,95.10374,-4.4239,,,,,,,2.0132,-20.70151,-23.64371,,,,,,,0.42545,-3.57786,2.16941,,,,,,,,,,,,,,,,,,,,,,,,,,,,,High,High,High,High,High,,,
280,2026-01-30,15:34:35.10,7,1,"Chung, Evan",10104955,Right,POM_COL,"Green, Mason",10147543,Right,POM_COL,Undefined,7,Bottom,2,0,0,Sinker,Changeup,HitByPitch,Undefined,Undefined,Undefined,0,0,,76.28061,3.726735,-2.099585,1982.815802,252.600244,2:30,4.40048,2.27548,5.11923,-44.01597,5.74441,13.24119,4.25026,1.40029,69.31246,-4.326728,0.237896,0.507707,41.18357,3.949209,156.904247,,,,,29.09282,13.51201,159.393714,0.556918,-7.22741,2.21256,-2.08903,50,4.71737,3.52873,-110.39943,5.73189,-8.89759,20.11094,-29.45017,POM_COL,POM_COL,PomonaPitzer,TeamExclusive,Team,20260130-PomonaPitzer-Private-1,3ca312c0-fe34-11f0-915a-63f78c275567,74.24051,4.36879,,6.96815,,,,1.90596,4.17208,-1.61017,9c723542-d6b6-4c4f-819a-2cccafe8acb4,2026-01-30,23:34:35.10,2026-01-30T15:34:35.1070000-08:00,2026-01-30T23:34:35.1070000Z,GroundBall,v3,POM_PIT,POM_PIT,,"Lee, Sammy",1000276388,Right,POM_COL,c1924e57-cdd1-4785-ae07-35b8eda4ff72,55.38026,-111.37521,10.05547,4.40459,7.16081,-14.72509,-2.27072,3.96044,-4.44879,339.924135,1.90986,-55.52056,5.72309,,,,,,,4.18888,3.75434,-20.29835,,,,,,,-1.60876,23.60173,-4.18355,,,,,,,,,,,,,,,,,,,,,,,,,,,,,High,High,High,Low,Low,,,
281,2026-01-30,15:35:01.58,8,1,"Chung, Evan",10104955,Right,POM_COL,"Ruyle, Brody",10183257,Right,POM_COL,Undefined,7,Bottom,2,0,0,Slider,Curveball,BallCalled,Undefined,Undefined,Undefined,0,0,,68.98274,4.409561,-4.760396,2134.217345,20.708596,6:45,4.03364,2.59487,4.45857,-64.85972,-1.77071,-1.46165,2.85607,-2.07643,62.69668,-7.210577,-5.013679,0.571674,,,,,,,,,,,,-0.70165,-1.50847,-2.0897,50,4.43891,8.32815,-99.32166,5.50115,-0.69681,16.7691,-33.67215,POM_COL,POM_COL,PomonaPitzer,TeamExclusive,Team,20260130-PomonaPitzer-Private-1,4cb54cf0-fe34-11f0-915a-63f78c275567,65.93348,,,6.28607,,,,,,,9c723542-d6b6-4c4f-819a-2cccafe8acb4,2026-01-30,23:35:01.58,2026-01-30T15:35:01.5840000-08:00,2026-01-30T23:35:01.5840000Z,,v3,POM_PIT,POM_PIT,,"Lee, Sammy",1000276388,Right,POM_COL,d3047d58-ef64-415d-8aed-5a01b0afa99b,56.03944,-100.33615,8.38455,4.04449,7.53824,-16.83607,-2.59481,8.37031,-0.34841,,,,,,,,,,,,,,,,,,,,,,,,,,,,,,,,,,,,,,,,,,,,,,,,,,,High,High,High,,,,,
282,2026-01-30,15:35:16.72,8,2,"Chung, Evan",10104955,Right,POM_COL,"Ruyle, Brody",10183257,Right,POM_COL,Undefined,7,Bottom,2,1,0,Slider,Curveball,BallCalled,Undefined,Undefined,Undefined,0,0,,69.32377,3.397133,-4.896593,2028.667062,38.677017,7:15,3.76553,2.77924,4.42253,-65.60523,-3.40855,-4.31008,1.55541,-2.2633,63.51341,-8.306868,-5.643418,0.567617,,,,,,,,,,,,0.68563,-2.01701,-2.25351,50,4.06362,8.73214,-99.97041,3.71936,0.69223,16.46915,-34.21048,POM_COL,POM_COL,PomonaPitzer,TeamExclusive,Team,20260130-PomonaPitzer-Private-1,55771f30-fe34-11f0-915a-63f78c275567,66.40474,,,5.81036,,,,,,,9c723542-d6b6-4c4f-819a-2cccafe8acb4,2026-01-30,23:35:16.72,2026-01-30T15:35:16.7260000-08:00,2026-01-30T23:35:16.7260000Z,,v3,POM_PIT,POM_PIT,,"Lee, Sammy",1000276388,Right,POM_COL,4e6afa0e-b138-4265-aed0-fb80a2e44685,56.07699,-100.96657,8.23458,3.77607,5.78864,-17.10524,-2.78043,8.69027,0.34612,,,,,,,,,,,,,,,,,,,,,,,,,,,,,,,,,,,,,,,,,,,,,,,,,,,High,High,High,,,,,
283,2026-01-30,15:35:31.95,8,3,"Chung, Evan",10104955,Right,POM_COL,"Ruyle, Brody",10183257,Right,POM_COL,Undefined,7,Bottom,2,2,0,ChangeUp,Changeup,StrikeCalled,Undefined,Undefined,Undefined,0,0,,71.3047,3.085987,-4.7131,1540.290318,286.070444,3:30,4.0966,2.41916,4.80039,-59.78665,-2.46693,14.50481,2.05121,-0.84801,65.65102,-7.657891,-2.175231,0.544908,,,,,,,,,,,,-8.31331,-1.46516,-1.96203,50,4.35301,7.9393,-103.07813,3.56315,-9.01201,15.91928,-33.76235,POM_COL,POM_COL,PomonaPitzer,TeamExclusive,Team,20260130-PomonaPitzer-Private-1,5e827d90-fe34-11f0-915a-63f78c275567,69.17208,,,5.65368,,,,,,,9c723542-d6b6-4c4f-819a-2cccafe8acb4,2026-01-30,23:35:31.95,2026-01-30T15:35:31.9530000-08:00,2026-01-30T23:35:31.9530000Z,,v3,POM_PIT,POM_PIT,,"Lee, Sammy",1000276388,Right,POM_COL,ba5c660f-ffbd-451c-bf4b-1a57330c2294,55.70098,-103.95486,7.95964,4.10557,5.42255,-16.88118,-2.41294,8.43563,-4.50601,,,,,,,,,,,,,,,,,,,,,,,,,,,,,,,,,,,,,,,,,,,,,,,,,,,High,High,High,,,,,
284,2026-01-30,15:35:47.04,8,4,"Chung, Evan",10104955,Right,POM_COL,"Ruyle, Brody",10183257,Right,POM_COL,Undefined,7,Bottom,2,2,1,Cutter,Changeup,InPlay,Undefined,GroundBall,Single,0,2,,70.57345,3.898325,-3.329367,1474.056105,285.319854,3:30,4.23525,2.49244,4.56325,-59.89669,-1.36232,10.81398,2.96579,0.22157,65.33362,-6.818793,-1.442467,0.550652,84.43631,4.721974,-4.990264,1574.039307,,,,75.68854,75.39255,-4.537588,0.64029,-6.09268,-1.17776,-2.15765,50,4.58393,5.53123,-102.15499,4.93953,-6.53415,14.47972,-33.43713,POM_COL,POM_COL,PomonaPitzer,TeamExclusive,Team,20260130-PomonaPitzer-Private-1,67d8a090-fe34-11f0-915a-63f78c275567,68.45062,4.05348,,5.23983,,,,1.65018,2.98646,-0.25054,9c723542-d6b6-4c4f-819a-2cccafe8acb4,2026-01-30,23:35:47.04,2026-01-30T15:35:47.0460000-08:00,2026-01-30T23:35:47.0460000Z,GroundBall,v3,POM_PIT,POM_PIT,,"Lee, Sammy",1000276388,Right,POM_COL,92e2e27d-5b3e-492a-9936-b2562d200cc9,55.9392,-102.99338,7.23986,4.24187,6.87559,-16.71857,-2.48887,5.90957,-3.26707,345.789385,1.65802,122.7868,-11.78917,,,,,,,3.01538,9.58716,-22.39511,,,,,,,-0.25547,-10.63204,2.63361,,,,,,,,,,,,,,,,,,,,,,,,,,,,,High,High,High,High,High,,,
285,2026-01-30,15:38:44.47,1,1,"Yi, Enoch",1000230714,Left,POM_COL,"Heath, Emmett",1000111182,Left,POM_COL,Undefined,8,Top,0,0,0,Fastball,Changeup,BallCalled,Undefined,Undefined,Undefined,0,0,,83.03185,-4.829403,1.855163,1748.421873,158.16375,11:15,5.77908,-1.19142,5.7549,-21.55836,19.35686,-7.22532,-0.52604,-0.06601,76.44863,-8.84003,0.561223,0.460377,,,,,,,,,,,,4.24205,11.62879,1.04219,50,5.36447,-3.61658,-120.18408,-10.79621,6.21495,22.92591,-15.13689,POM_COL,POM_COL,PomonaPitzer,TeamExclusive,Team,20260130-PomonaPitzer-Private-1,d13373d0-fe34-11f0-915a-63f78c275567,81.87293,,,6.58323,,,,,,,9c723542-d6b6-4c4f-819a-2cccafe8acb4,2026-01-30,23:38:44.47,2026-01-30T15:38:44.4710000-08:00,2026-01-30T23:38:44.4710000Z,,v3,POM_PIT,POM_PIT,,"Ruyle, Brody",10183257,Right,POM_COL,a182ee98-1e49-4edc-881e-ddceb998ec84,54.74524,-121.08588,11.46295,5.77743,-10.20079,-7.56845,1.18926,-3.86105,3.10748,,,,,,,,,,,,,,,,,,,,,,,,,,,,,,,,,,,,,,,,,,,,,,,,,,,High,High,High,,,,,
286,2026-01-30,15:39:04.96,1,2,"Yi, Enoch",1000230714,Left,POM_COL,"Heath, Emmett",1000111182,Left,POM_COL,Undefined,8,Top,0,1,0,Fastball,Changeup,BallCalled,Undefined,Undefined,Undefined,0,0,,81.81902,0.560079,0.731363,1682.268833,194.066039,12:30,5.78557,-0.90848,5.76836,-22.54836,19.30115,4.51189,4.42783,0.14818,74.80901,-3.697963,1.538899,0.465604,,,,,,,,,,,,-2.08323,10.05831,0.84533,50,5.81825,-1.69768,-118.81771,0.52114,-2.98347,22.38193,-17.76922,POM_COL,POM_COL,PomonaPitzer,TeamExclusive,Team,20260130-PomonaPitzer-Private-1,dd7433a0-fe34-11f0-915a-63f78c275567,80.95386,,,7.01001,,,,,,,9c723542-d6b6-4c4f-819a-2cccafe8acb4,2026-01-30,23:39:04.96,2026-01-30T15:39:04.9680000-08:00,2026-01-30T23:39:04.9680000Z,,v3,POM_PIT,POM_PIT,,"Ruyle, Brody",10183257,Right,POM_COL,f36e5721-fc36-426f-a598-86459f0dbae2,54.72757,-119.70494,11.19096,5.78364,1.22552,-8.88461,0.91028,-1.57942,-1.49173,,,,,,,,,,,,,,,,,,,,,,,,,,,,,,,,,,,,,,,,,,,,,,,,,,,High,High,High,,,,,
287,2026-01-30,15:39:22.35,1,3,"Yi, Enoch",1000230714,Left,POM_COL,"Heath, Emmett",1000111182,Left,POM_COL,Undefined,8,Top,0,2,0,Fastball,Changeup,BallCalled,Undefined,Undefined,Undefined,0,0,,81.88784,-4.812151,0.596262,1798.493896,148.239605,11:00,5.82444,-1.15613,5.71408,-22.22407,19.88037,-11.46343,-0.5213,-1.55593,75.43874,-8.938363,-1.456559,0.46702,,,,,,,,,,,,6.08052,11.89379,1.11379,50,5.40742,-0.79947,-118.58026,-10.63606,8.66887,22.40138,-15.21728,POM_COL,POM_COL,PomonaPitzer,TeamExclusive,Team,20260130-PomonaPitzer-Private-1,e7cea740-fe34-11f0-915a-63f78c275567,80.70844,,,6.44911,,,,,,,9c723542-d6b6-4c4f-819a-2cccafe8acb4,2026-01-30,23:39:22.35,2026-01-30T15:39:22.3540000-08:00,2026-01-30T23:39:22.3540000Z,,v3,POM_PIT,POM_PIT,,"Ruyle, Brody",10183257,Right,POM_COL,c9d86bb0-b6ff-4512-bf20-0a13ee153666,54.78617,-119.48101,11.20069,5.82279,-10.02418,-7.60864,1.15295,-1.14804,4.33444,,,,,,,,,,,,,,,,,,,,,,,,,,,,,,,,,,,,,,,,,,,,,,,,,,,High,High,High,,,,,
288,2026-01-30,15:39:47.45,1,4,"Yi, Enoch",1000230714,Left,POM_COL,"Heath, Emmett",1000111182,Left,POM_COL,Undefined,8,Top,0,3,0,Fastball,Changeup,BallCalled,Walk,Undefined,Undefined,0,0,,83.2517,-1.969846,0.394808,1852.054735,155.262408,11:15,5.82035,-1.05834,5.82492,-23.6545,16.99513,-7.19725,2.01712,-1.29108,75.86294,-6.415904,-0.896148,0.458881,,,,,,,,,,,,3.77492,9.6652,1.03028,50,5.64547,-0.54177,-120.78086,-4.85118,5.54359,24.81296,-17.98047,POM_COL,POM_COL,PomonaPitzer,TeamExclusive,Team,20260130-PomonaPitzer-Private-1,f6c6e5f0-fe34-11f0-915a-63f78c275567,82.13998,,,7.38876,,,,,,,9c723542-d6b6-4c4f-819a-2cccafe8acb4,2026-01-30,23:39:47.45,2026-01-30T15:39:47.4560000-08:00,2026-01-30T23:39:47.4560000Z,,v3,POM_PIT,POM_PIT,,"Ruyle, Brody",10183257,Right,POM_COL,19f07391-37ab-4eec-a98f-464606cdb26a,54.67109,-121.7367,12.40648,5.819,-4.15854,-8.99024,1.05526,-0.75531,2.77179,,,,,,,,,,,,,,,,,,,,,,,,,,,,,,,,,,,,,,,,,,,,,,,,,,,High,High,High,,,,,
289,2026-01-30,15:40:13.88,2,1,"Yi, Enoch",1000230714,Left,POM_COL,"Oelschlager, Lincoln",10297980,Right,POM_COL,Undefined,8,Top,0,0,0,Fastball,Changeup,StrikeCalled,Undefined,Undefined,Undefined,0,0,,80.64003,-0.590327,0.868549,1692.576384,161.424995,11:30,5.76982,-1.22146,5.8517,-27.03592,16.34399,-4.98953,2.96823,-0.83015,73.18725,-5.678794,-0.026481,0.474041,,,,,,,,,,,,2.80291,8.97079,1.15377,50,5.70623,-1.57868,-117.00422,-1.98785,3.85001,23.96051,-19.85196,POM_COL,POM_COL,PomonaPitzer,TeamExclusive,Team,20260130-PomonaPitzer-Private-1,068756a0-fe35-11f0-915a-63f78c275567,79.51305,,,7.45277,,,,,,,9c723542-d6b6-4c4f-819a-2cccafe8acb4,2026-01-30,23:40:13.88,2026-01-30T15:40:13.8840000-08:00,2026-01-30T23:40:13.8840000Z,,v3,POM_PIT,POM_PIT,,"Ruyle, Brody",10183257,Right,POM_COL,4e6f8184-0559-4295-8af5-bf72c799c82f,54.64371,-117.95134,11.98026,5.76929,-1.20314,-9.92598,1.21918,-1.73086,1.92501,,,,,,,,,,,,,,,,,,,,,,,,,,,,,,,,,,,,,,,,,,,,,,,,,,,High,High,High,,,,,
290,2026-01-30,15:40:41.31,2,2,"Yi, Enoch",1000230714,Left,POM_COL,"Oelschlager, Lincoln",10297980,Right,POM_COL,Undefined,8,Top,0,0,1,Curveball,Curveball,BallinDirt,Undefined,Undefined,Undefined,0,0,,68.96584,-1.672128,0.162063,2122.013893,301.554528,4:00,5.75842,-1.23258,5.11047,-72.63299,-11.01264,21.48915,-1.87013,0.71086,63.65463,-14.627028,3.99415,0.56498,,,,,,,,,,,,-10.96796,-4.74677,1.19915,50,5.54316,-1.00353,-99.99429,-5.1396,-10.85183,19.54966,-36.87057,POM_COL,POM_COL,PomonaPitzer,TeamExclusive,Team,20260130-PomonaPitzer-Private-1,16e0fa10-fe35-11f0-915a-63f78c275567,66.71459,,,5.31121,,,,,,,9c723542-d6b6-4c4f-819a-2cccafe8acb4,2026-01-30,23:40:41.31,2026-01-30T15:40:41.3100000-08:00,2026-01-30T23:40:41.3100000Z,,v3,POM_PIT,POM_PIT,,"Ruyle, Brody",10183257,Right,POM_COL,836575f4-adf9-4f77-b553-100b4572a205,55.39384,-101.04333,9.77483,5.76587,-3.16112,-18.43529,1.23737,-0.42122,-5.42592,,,,,,,,,,,,,,,,,,,,,,,,,,,,,,,,,,,,,,,,,,,,,,,,,,,High,High,High,,,,,
291,2026-01-30,15:41:13.98,2,3,"Yi, Enoch",1000230714,Left,POM_COL,"Oelschlager, Lincoln",10297980,Right,POM_COL,Undefined,8,Top,0,1,1,Fastball,Changeup,StrikeCalled,Undefined,Undefined,Undefined,0,0,,83.03261,-2.182951,1.787122,1638.200339,145.719333,10:45,5.75595,-0.98737,5.9359,-24.94198,15.9158,-9.87729,1.65033,-0.15201,75.46311,-6.873603,0.012346,0.460054,,,,,,,,,,,,5.57622,9.24272,0.85015,50,5.56768,-3.36117,-120.37858,-5.31893,8.10843,25.33877,-18.73415,POM_COL,POM_COL,PomonaPitzer,TeamExclusive,Team,20260130-PomonaPitzer-Private-1,2a5ec0e0-fe35-11f0-915a-63f78c275567,81.93046,,,7.5695,,,,,,,9c723542-d6b6-4c4f-819a-2cccafe8acb4,2026-01-30,23:41:13.98,2026-01-30T15:41:13.9830000-08:00,2026-01-30T23:41:13.9830000Z,,v3,POM_PIT,POM_PIT,,"Ruyle, Brody",10183257,Right,POM_COL,23b557c0-f5e0-470d-a417-ed78b6cc783b,54.55976,-121.33457,12.66938,5.75502,-4.61212,-9.36707,0.98274,-3.66709,4.05422,,,,,,,,,,,,,,,,,,,,,,,,,,,,,,,,,,,,,,,,,,,,,,,,,,,High,High,High,,,,,
292,2026-01-30,15:41:34.01,2,4,"Yi, Enoch",1000230714,Left,POM_COL,"Oelschlager, Lincoln",10297980,Right,POM_COL,Undefined,8,Top,0,1,2,Fastball,Changeup,InPlay,Undefined,LineDrive,Sacrifice,1,1,,82.92638,-0.669831,0.326298,1926.931553,164.746018,11:30,5.71527,-1.07838,5.81775,-23.49655,17.58088,-4.40748,3.1344,-1.14228,75.17992,-5.112882,-0.463805,0.461289,85.3539,19.948364,8.512842,2701.191289,107.85292,34.54164,21.62719,299.5399,290.38752,14.544916,3.630055,2.35654,9.60174,1.05434,50,5.64675,-0.51073,-120.34346,-2.09011,3.4213,25.53449,-18.23384,POM_COL,POM_COL,PomonaPitzer,TeamExclusive,Team,20260130-PomonaPitzer-Private-1,364d1af0-fe35-11f0-915a-63f78c275567,81.71112,39.86742,,7.74646,,,,0.87053,3.15019,1.14711,9c723542-d6b6-4c4f-819a-2cccafe8acb4,2026-01-30,23:41:34.01,2026-01-30T15:41:34.0150000-08:00,2026-01-30T23:41:34.0150000Z,LineDrive,v3,POM_PIT,POM_PIT,,"Ruyle, Brody",10183257,Right,POM_COL,7f1955e8-93b7-46c9-8842-e9012e4785ae,54.67907,-121.33221,12.76725,5.71401,-1.38406,-9.11692,1.07669,-0.64321,1.71065,206.277724,0.87016,116.39035,-18.70249,4.13801,-0.85482,0.18016,-0.03678,0.00536,-0.00034,3.15084,42.68751,-12.21162,-0.45392,0.33005,-0.1183,0.03074,-0.00419,0.00021,1.14724,17.41401,2.46914,-0.96316,0.24537,-0.04229,0.00469,-0.00031,1E-05,,,,,,,,,,,,,,,,,,,,,,,High,High,High,High,High,,,
293,2026-01-30,15:42:10.95,3,1,"Yi, Enoch",1000230714,Left,POM_COL,"Lee, Sammy",1000276388,Right,POM_COL,Undefined,8,Top,1,0,0,Fastball,Changeup,BallCalled,Undefined,Undefined,Undefined,0,0,,83.17937,0.452117,0.515886,1620.320514,150.040854,11:00,5.85072,-1.08116,5.71636,-24.33804,16.63776,-8.78292,4.24374,-1.33249,75.32224,-4.140509,-1.055065,0.460718,,,,,,,,,,,,4.57705,8.71811,1.04333,50,5.87368,-0.72055,-120.66452,0.2248,6.68932,25.38933,-19.43253,POM_COL,POM_COL,PomonaPitzer,TeamExclusive,Team,20260130-PomonaPitzer-Private-1,4c500600-fe35-11f0-915a-63f78c275567,81.81239,,,7.85714,,,,,,,9c723542-d6b6-4c4f-819a-2cccafe8acb4,2026-01-30,23:42:10.95,2026-01-30T15:42:10.9550000-08:00,2026-01-30T23:42:10.9550000Z,,v3,POM_PIT,POM_PIT,,"Ruyle, Brody",10183257,Right,POM_COL,3216966b-162b-46d5-946e-8d5ded9191f5,54.77822,-121.66577,12.69467,5.8497,0.99113,-9.71626,1.07695,-0.98435,3.34466,,,,,,,,,,,,,,,,,,,,,,,,,,,,,,,,,,,,,,,,,,,,,,,,,,,High,High,High,,,,,
294,2026-01-30,15:42:31.23,3,2,"Yi, Enoch",1000230714,Left,POM_COL,"Lee, Sammy",1000276388,Right,POM_COL,Undefined,8,Top,1,1,0,Fastball,Changeup,FoulBallNotFieldable,Undefined,Undefined,Undefined,0,0,,81.49519,-1.068384,1.664709,1620.23675,154.704567,11:15,5.80763,-1.0907,5.76328,-26.11564,16.49395,-7.1026,2.63643,-0.13277,74.04022,-5.973383,0.393081,0.469813,73.51027,51.502632,49.82394,,60.68499,97.34244,91.74601,217.5021,83.8911,59.831669,5.077603,4.12335,9.15835,0.95723,50,5.70352,-3.1557,-118.20735,-2.97855,5.78513,24.3009,-19.32472,POM_COL,POM_COL,PomonaPitzer,TeamExclusive,Team,20260130-PomonaPitzer-Private-1,586cea20-fe35-11f0-915a-63f78c275567,80.22859,98.2143,,7.45498,,,,0.73163,2.56431,0.12816,9c723542-d6b6-4c4f-819a-2cccafe8acb4,2026-01-30,23:42:31.23,2026-01-30T15:42:31.2330000-08:00,2026-01-30T23:42:31.2330000Z,FlyBall,v3,POM_PIT,POM_PIT,,"Ruyle, Brody",10183257,Right,POM_COL,a81028a5-d061-4136-be55-92ea579466dd,54.73333,-119.17645,12.15045,5.80693,-2.2079,-9.66236,1.08768,-3.3864,2.89257,,0.73719,43.16415,-11.34586,2.05036,0.33197,-0.3304,0.09105,-0.01149,0.00056,2.55912,84.48036,-22.11905,2.47704,-0.69105,0.14624,-0.01394,-0.00018,8E-05,0.12969,51.24282,-6.14071,1.029,0.03302,-0.08289,0.02342,-0.00292,0.00014,,,,,,,,,,,,,,,,,,,,,,,High,High,High,Medium,Low,,,
295,2026-01-30,15:42:55.47,3,3,"Yi, Enoch",1000230714,Left,POM_COL,"Lee, Sammy",1000276388,Right,POM_COL,Undefined,8,Top,1,1,1,Slider,Curveball,BallCalled,Undefined,Undefined,Undefined,0,0,,73.71166,0.317289,-0.967912,2229.04073,298.003769,4:00,5.72819,-1.54966,5.46146,-59.06822,-6.3878,15.33824,1.10286,-1.17752,67.58448,-10.417937,1.772537,0.522391,,,,,,,,,,,,-8.00276,-2.74406,1.62423,50,5.71594,1.2366,-106.99396,-1.31357,-9.17764,20.30265,-35.32094,POM_COL,POM_COL,PomonaPitzer,TeamExclusive,Team,20260130-PomonaPitzer-Private-1,66e01a50-fe35-11f0-915a-63f78c275567,72.15364,,,6.12718,,,,,,,9c723542-d6b6-4c4f-819a-2cccafe8acb4,2026-01-30,23:42:55.47,2026-01-30T15:42:55.4720000-08:00,2026-01-30T23:42:55.4720000Z,,v3,POM_PIT,POM_PIT,,"Ruyle, Brody",10183257,Right,POM_COL,00612cd2-4552-40a7-b2da-77df29496bd7,55.03907,-107.94591,10.15133,5.7387,0.34257,-17.66047,1.55616,1.66692,-4.58882,,,,,,,,,,,,,,,,,,,,,,,,,,,,,,,,,,,,,,,,,,,,,,,,,,,High,High,High,,,,,
296,2026-01-30,15:43:15.16,3,4,"Yi, Enoch",1000230714,Left,POM_COL,"Lee, Sammy",1000276388,Right,POM_COL,Undefined,8,Top,1,2,1,Fastball,Changeup,BallCalled,Undefined,Undefined,Undefined,0,0,,82.24885,-4.793805,2.054296,1725.908947,179.723761,12:00,5.81521,-1.05267,5.75523,-22.88875,19.35092,-0.08591,-0.56788,0.85326,74.87296,-9.069157,2.038915,0.467769,,,,,,,,,,,,0.68665,11.84304,0.8823,50,5.40293,-4.2609,-118.88014,-10.63905,0.97094,25.318,-15.42735,POM_COL,POM_COL,PomonaPitzer,TeamExclusive,Team,20260130-PomonaPitzer-Private-1,728cd780-fe35-11f0-915a-63f78c275567,80.57914,,,7.37588,,,,,,,9c723542-d6b6-4c4f-819a-2cccafe8acb4,2026-01-30,23:43:15.16,2026-01-30T15:43:15.1600000-08:00,2026-01-30T23:43:15.1600000Z,,v3,POM_PIT,POM_PIT,,"Ruyle, Brody",10183257,Right,POM_COL,5b17133b-96b3-43dc-b981-04b9ee321527,54.74333,-119.88608,12.659,5.81346,-10.02609,-7.71368,1.05236,-4.29947,0.48547,,,,,,,,,,,,,,,,,,,,,,,,,,,,,,,,,,,,,,,,,,,,,,,,,,,High,High,High,,,,,
297,2026-01-30,15:43:36.96,3,5,"Yi, Enoch",1000230714,Left,POM_COL,"Lee, Sammy",1000276388,Right,POM_COL,Undefined,8,Top,1,3,1,Fastball,Changeup,BallCalled,Walk,Undefined,Undefined,0,0,,79.31089,3.362177,-1.113745,1697.193366,141.422748,10:45,5.75945,-1.05483,5.77796,-27.79517,17.60556,-12.78115,6.57577,-3.15636,71.23903,-1.902841,-3.397938,0.484957,,,,,,,,,,,,5.98611,8.31587,1.15355,50,6.02074,2.75915,-114.73042,5.96608,7.86969,23.93754,-21.24155,POM_COL,POM_COL,PomonaPitzer,TeamExclusive,Team,20260130-PomonaPitzer-Private-1,7f935850-fe35-11f0-915a-63f78c275567,77.72331,,,8.07185,,,,,,,9c723542-d6b6-4c4f-819a-2cccafe8acb4,2026-01-30,23:43:36.96,2026-01-30T15:43:36.9650000-08:00,2026-01-30T23:43:36.9650000Z,,v3,POM_PIT,POM_PIT,,"Ruyle, Brody",10183257,Right,POM_COL,b4bbf59c-93bb-4b88-a6e0-87716f528b16,54.71211,-115.70938,11.96877,5.75898,6.83479,-10.62077,1.04729,2.4373,3.93484,,,,,,,,,,,,,,,,,,,,,,,,,,,,,,,,,,,,,,,,,,,,,,,,,,,High,High,High,,,,,
298,2026-01-30,15:44:25.57,4,1,"Yi, Enoch",1000230714,Left,POM_COL,"Winthrop, Nolan",1000159423,Right,POM_COL,Undefined,8,Top,1,0,0,Fastball,Changeup,BallCalled,Undefined,Undefined,Undefined,0,0,,80.73415,-2.980957,0.641627,1633.937826,158.360509,11:15,5.76401,-1.15803,6.03208,-28.40289,14.41859,-5.15941,0.63398,-0.99379,74.03973,-8.272812,-0.288174,0.47098,,,,,,,,,,,,2.84433,8.71441,1.11069,50,5.51564,-1.11931,-117.12501,-6.92085,3.93806,22.80364,-20.10867,POM_COL,POM_COL,PomonaPitzer,TeamExclusive,Team,20260130-PomonaPitzer-Private-1,9c961a50-fe35-11f0-915a-63f78c275567,80.02986,,,6.69442,,,,,,,9c723542-d6b6-4c4f-819a-2cccafe8acb4,2026-01-30,23:44:25.57,2026-01-30T15:44:25.5710000-08:00,2026-01-30T23:44:25.5710000Z,,v3,POM_PIT,POM_PIT,,"Ruyle, Brody",10183257,Right,POM_COL,77402562-a94b-4b69-baac-6f7887d52807,54.46542,-117.9912,11.40182,5.76402,-6.15703,-10.05434,1.15605,-1.26889,1.96903,,,,,,,,,,,,,,,,,,,,,,,,,,,,,,,,,,,,,,,,,,,,,,,,,,,High,High,High,,,,,
299,2026-01-30,15:44:44.41,4,2,"Yi, Enoch",1000230714,Left,POM_COL,"Winthrop, Nolan",1000159423,Right,POM_COL,Undefined,8,Top,1,1,0,Fastball,Changeup,BallinDirt,Undefined,Undefined,Undefined,0,0,,82.20788,-5.103743,0.833262,1787.691824,155.795449,11:15,5.7761,-0.8288,5.95891,-23.55938,18.2906,-7.55437,-0.933,-0.68559,75.06258,-9.501671,-0.526197,0.465607,,,,,,,,,,,,4.21626,11.44355,0.76718,50,5.35693,-1.45345,-118.91971,-11.29106,5.97583,24.98878,-15.95482,POM_COL,POM_COL,PomonaPitzer,TeamExclusive,Team,20260130-PomonaPitzer-Private-1,a7c03a00-fe35-11f0-915a-63f78c275567,80.95342,,,7.14531,,,,,,,9c723542-d6b6-4c4f-819a-2cccafe8acb4,2026-01-30,23:44:44.41,2026-01-30T15:44:44.4180000-08:00,2026-01-30T23:44:44.4180000Z,,v3,POM_PIT,POM_PIT,,"Ruyle, Brody",10183257,Right,POM_COL,e1cf3281-0b63-41a2-9c03-04dddbfcd47c,54.54112,-119.87014,12.49439,5.77484,-10.68422,-7.97741,0.82678,-1.68074,2.98791,,,,,,,,,,,,,,,,,,,,,,,,,,,,,,,,,,,,,,,,,,,,,,,,,,,High,High,High,,,,,
300,2026-01-30,15:45:21.20,4,3,"Yi, Enoch",1000230714,Left,POM_COL,"Winthrop, Nolan",1000159423,Right,POM_COL,Undefined,8,Top,1,2,0,Fastball,Changeup,BallCalled,Undefined,Undefined,Undefined,0,0,,82.22943,-2.650251,1.032973,1761.073784,145.416035,10:45,5.75378,-1.18395,5.89778,-23.02249,18.55934,-11.82083,1.37265,-1.20992,75.00854,-6.985285,-1.090148,0.464112,,,,,,,,,,,,6.34426,10.7052,1.10756,50,5.52729,-1.68678,-119.25794,-6.17177,9.08417,24.16831,-16.84553,POM_COL,POM_COL,PomonaPitzer,TeamExclusive,Team,20260130-PomonaPitzer-Private-1,bdbac0a0-fe35-11f0-915a-63f78c275567,81.21402,,,7.2209,,,,,,,9c723542-d6b6-4c4f-819a-2cccafe8acb4,2026-01-30,23:45:21.20,2026-01-30T15:45:21.2000000-08:00,2026-01-30T23:45:21.2000000Z,,v3,POM_PIT,POM_PIT,,"Ruyle, Brody",10183257,Right,POM_COL,e214e699-9818-4a16-89db-ef2a53ffe314,54.59909,-120.18635,12.08416,5.75195,-5.52466,-8.42276,1.17906,-2.03575,4.54209,,,,,,,,,,,,,,,,,,,,,,,,,,,,,,,,,,,,,,,,,,,,,,,,,,,High,High,High,,,,,
301,2026-01-30,15:45:40.10,4,4,"Yi, Enoch",1000230714,Left,POM_COL,"Winthrop, Nolan",1000159423,Right,POM_COL,Undefined,8,Top,1,3,0,Fastball,Four-Seam,StrikeSwinging,Undefined,Undefined,Undefined,0,0,,83.27933,-1.226649,0.54057,1782.259548,213.90314,1:15,5.80713,-1.23709,5.84301,-20.1282,20.49761,12.85131,2.98959,0.33624,75.69977,-5.054977,2.844379,0.458746,,,,,,,,,,,,-6.35122,11.22371,1.1858,50,5.69549,-1.66393,-120.84671,-3.1351,-9.32343,25.1592,-15.6979,POM_COL,POM_COL,PomonaPitzer,TeamExclusive,Team,20260130-PomonaPitzer-Private-1,c8f7cc10-fe35-11f0-915a-63f78c275567,82.16406,,,7.57956,,,,,,,9c723542-d6b6-4c4f-819a-2cccafe8acb4,2026-01-30,23:45:40.10,2026-01-30T15:45:40.1020000-08:00,2026-01-30T23:45:40.1020000Z,,v3,POM_PIT,POM_PIT,,"Ruyle, Brody",10183257,Right,POM_COL,9d3deaf0-c258-4f12-9513-037778a1e4d4,54.65252,-121.81147,12.5796,5.80417,-2.53315,-7.84895,1.24275,-1.30641,-4.66172,,,,,,,,,,,,,,,,,,,,,,,,,,,,,,,,,,,,,,,,,,,,,,,,,,,High,High,High,,,,,
302,2026-01-30,15:45:57.22,4,5,"Yi, Enoch",1000230714,Left,POM_COL,"Winthrop, Nolan",1000159423,Right,POM_COL,Undefined,8,Top,1,3,1,Fastball,Changeup,StrikeCalled,Undefined,Undefined,Undefined,0,0,,83.24424,-1.572443,2.715883,1735.335198,152.171648,11:00,5.76791,-1.1434,5.84081,-20.9258,19.54072,-9.62524,2.5607,0.58046,76.10671,-5.528114,0.992278,0.457846,,,,,,,,,,,,5.64575,10.80166,0.92763,50,5.62739,-5.34058,-120.74124,-3.90754,8.33687,23.44202,-16.22362,POM_COL,POM_COL,PomonaPitzer,TeamExclusive,Team,20260130-PomonaPitzer-Private-1,d32d0470-fe35-11f0-915a-63f78c275567,82.32563,,,7.13753,,,,,,,9c723542-d6b6-4c4f-819a-2cccafe8acb4,2026-01-30,23:45:57.22,2026-01-30T15:45:57.2270000-08:00,2026-01-30T23:45:57.2270000Z,,v3,POM_PIT,POM_PIT,,"Ruyle, Brody",10183257,Right,POM_COL,d126ea3f-c1e1-473f-8841-30fe8444cd92,54.65599,-121.64185,11.72101,5.76554,-3.28426,-8.11181,1.13896,-5.66087,4.16844,,,,,,,,,,,,,,,,,,,,,,,,,,,,,,,,,,,,,,,,,,,,,,,,,,,High,High,High,,,,,
303,2026-01-30,15:46:15.23,4,6,"Yi, Enoch",1000230714,Left,POM_COL,"Winthrop, Nolan",1000159423,Right,POM_COL,Undefined,8,Top,1,3,2,Fastball,Changeup,BallCalled,Walk,Undefined,Undefined,0,0,,82.54438,-3.049073,2.402572,1780.534689,135.178784,10:30,5.76522,-1.2031,5.76056,-27.05714,14.1143,-12.75154,0.66728,-0.02817,76.08986,-8.055979,0.118715,0.461816,,,,,,,,,,,,7.16957,8.4054,1.01194,50,5.49576,-4.5258,-119.70578,-7.22313,10.44504,22.23704,-19.92857,POM_COL,POM_COL,PomonaPitzer,TeamExclusive,Team,20260130-PomonaPitzer-Private-1,dded65d0-fe35-11f0-915a-63f78c275567,81.6178,,,6.45452,,,,,,,9c723542-d6b6-4c4f-819a-2cccafe8acb4,2026-01-30,23:46:15.23,2026-01-30T15:46:15.2380000-08:00,2026-01-30T23:46:15.2380000Z,,v3,POM_PIT,POM_PIT,,"Ruyle, Brody",10183257,Right,POM_COL,5f8dea56-8108-4c13-8c62-808904557b53,54.73884,-120.58287,11.11852,5.76516,-6.43709,-9.96429,1.19858,-4.93778,5.22252,,,,,,,,,,,,,,,,,,,,,,,,,,,,,,,,,,,,,,,,,,,,,,,,,,,High,High,High,,,,,
304,2026-01-30,15:47:29.32,5,1,"Yi, Enoch",1000230714,Left,POM_COL,"Nahabedian, George",1000214430,Right,POM_COL,Undefined,8,Top,1,0,0,Fastball,Changeup,BallCalled,Undefined,Undefined,Undefined,0,0,,81.82973,-0.187399,0.986996,1735.974651,147.64936,11:00,5.79854,-1.18225,5.77633,-23.44564,18.54312,-10.88123,3.67034,-1.17054,74.59194,-4.612362,-0.961611,0.466378,,,,,,,,,,,,5.78154,9.8963,1.10716,50,5.76899,-1.60798,-118.79292,-1.06082,8.24143,23.27473,-18.06712,POM_COL,POM_COL,PomonaPitzer,TeamExclusive,Team,20260130-PomonaPitzer-Private-1,0a119960-fe36-11f0-915a-63f78c275567,80.81956,,,7.23779,,,,,,,9c723542-d6b6-4c4f-819a-2cccafe8acb4,2026-01-30,23:47:29.32,2026-01-30T15:47:29.3220000-08:00,2026-01-30T23:47:29.3220000Z,,v3,POM_PIT,POM_PIT,,"Ruyle, Brody",10183257,Right,POM_COL,df6134cd-01d0-4a47-b5f4-91b1b0ebce35,54.71947,-119.71402,11.63737,5.79682,-0.34582,-9.03356,1.17725,-1.93413,4.12072,,,,,,,,,,,,,,,,,,,,,,,,,,,,,,,,,,,,,,,,,,,,,,,,,,,High,High,High,,,,,
305,2026-01-30,15:47:51.71,5,2,"Yi, Enoch",1000230714,Left,POM_COL,"Nahabedian, George",1000214430,Right,POM_COL,Undefined,8,Top,1,1,0,Fastball,Changeup,FoulBallNotFieldable,Undefined,Undefined,Undefined,0,0,,81.43986,-0.124561,2.280301,1790.841981,141.635704,10:45,5.81427,-1.00696,5.80389,-27.30446,14.84808,-10.72453,3.42296,0.22116,74.67705,-5.22571,0.360087,0.467286,33.77046,-5.446396,53.006809,2370.521652,,,,16.81359,16.81359,49.817288,0.332722,6.10874,8.00851,0.82627,50,5.78776,-4.29619,-118.26286,-1.08036,8.676,21.95552,-20.79988,POM_COL,POM_COL,PomonaPitzer,TeamExclusive,Team,20260130-PomonaPitzer-Private-1,176e7790-fe36-11f0-915a-63f78c275567,80.66238,3.39377,,6.76281,,,,1.45924,3.39377,-0.23955,9c723542-d6b6-4c4f-819a-2cccafe8acb4,2026-01-30,23:47:51.71,2026-01-30T15:47:51.7130000-08:00,2026-01-30T23:47:51.7130000Z,GroundBall,v3,POM_PIT,POM_PIT,,"Ruyle, Brody",10183257,Right,POM_COL,eb13c50c-1d3d-43a7-a521-bf8a756e7333,54.69493,-119.13129,10.97776,5.81423,-0.25765,-10.39994,1.00299,-4.63936,4.338,283.289081,1.45916,29.67109,-4.36014,,,,,,,3.39479,-4.74176,-16.42337,,,,,,,-0.24006,39.40156,-0.21463,,,,,,,,,,,,,,,,,,,,,,,,,,,,,High,High,High,High,High,,,
306,2026-01-30,15:48:22.82,5,3,"Yi, Enoch",1000230714,Left,POM_COL,"Nahabedian, George",1000214430,Right,POM_COL,Undefined,8,Top,1,1,1,Slider,Curveball,BallCalled,Undefined,Undefined,Undefined,0,0,,72.49304,-0.6448,1.969821,2158.25856,303.244195,4:00,5.72314,-1.14965,5.43501,-64.18181,-9.16449,16.90458,-0.22955,2.10443,66.50517,-12.231567,4.987797,0.533852,,,,,,,,,,,,-7.92508,-3.94421,0.96299,50,5.62143,-4.21748,-105.11536,-3.20227,-8.68916,21.14997,-36.49854,POM_COL,POM_COL,PomonaPitzer,TeamExclusive,Team,20260130-PomonaPitzer-Private-1,2a00ccf0-fe36-11f0-915a-63f78c275567,70.60464,,,5.98787,,,,,,,9c723542-d6b6-4c4f-819a-2cccafe8acb4,2026-01-30,23:48:22.82,2026-01-30T15:48:22.8270000-08:00,2026-01-30T23:48:22.8270000Z,,v3,POM_PIT,POM_PIT,,"Ruyle, Brody",10183257,Right,POM_COL,6d75e152-e36f-4b03-87e3-1c3ffdae92d9,55.06675,-106.12993,10.57499,5.73305,-1.45142,-18.24927,1.15531,-3.80066,-4.34458,,,,,,,,,,,,,,,,,,,,,,,,,,,,,,,,,,,,,,,,,,,,,,,,,,,High,High,High,,,,,
307,2026-01-30,15:48:53.75,5,4,"Yi, Enoch",1000230714,Left,POM_COL,"Nahabedian, George",1000214430,Right,POM_COL,Undefined,8,Top,1,2,1,Fastball,Changeup,StrikeSwinging,Undefined,Undefined,Undefined,0,0,,81.31398,-1.572241,2.088777,1800.472161,138.322476,10:30,5.8105,-1.06357,5.87265,-27.44624,14.86957,-12.02957,2.06165,-0.12509,74.52554,-6.696353,-0.069635,0.468191,,,,,,,,,,,,6.70575,8.45867,0.9014,50,5.66736,-3.83465,-118.01158,-4.05833,9.45851,22.41495,-20.24301,POM_COL,POM_COL,PomonaPitzer,TeamExclusive,Team,20260130-PomonaPitzer-Private-1,3c6c1250-fe36-11f0-915a-63f78c275567,80.50659,,,6.78844,,,,,,,9c723542-d6b6-4c4f-819a-2cccafe8acb4,2026-01-30,23:48:53.75,2026-01-30T15:48:53.7580000-08:00,2026-01-30T23:48:53.7580000Z,,v3,POM_PIT,POM_PIT,,"Ruyle, Brody",10183257,Right,POM_COL,262e7352-31d6-4f87-ac76-8e1c8a7f6ce0,54.62458,-118.88672,11.20747,5.81038,-3.26799,-10.1215,1.05832,-4.20394,4.72926,,,,,,,,,,,,,,,,,,,,,,,,,,,,,,,,,,,,,,,,,,,,,,,,,,,High,High,High,,,,,
308,2026-01-30,15:49:14.91,5,5,"Yi, Enoch",1000230714,Left,POM_COL,"Nahabedian, George",1000214430,Right,POM_COL,Undefined,8,Top,1,2,2,Slider,Curveball,FoulBallNotFieldable,Undefined,Undefined,Undefined,0,0,,73.99173,0.639043,0.333703,2166.377689,270.552753,3:00,5.77204,-1.42118,5.18554,-51.17893,1.59169,17.08879,2.10839,0.31684,67.6886,-8.668855,3.364635,0.522838,,,,,,,,,,,,-8.46327,1.0811,1.3765,50,5.79253,-1.27149,-107.34489,-0.47092,-9.78661,20.13606,-30.92391,POM_COL,POM_COL,PomonaPitzer,TeamExclusive,Team,20260130-PomonaPitzer-Private-1,490d68b0-fe36-11f0-915a-63f78c275567,72.09197,,,6.30313,,,,,,,9c723542-d6b6-4c4f-819a-2cccafe8acb4,2026-01-30,23:49:14.91,2026-01-30T15:49:14.9190000-08:00,2026-01-30T23:49:14.9190000Z,,v3,POM_PIT,POM_PIT,,"Ruyle, Brody",10183257,Right,POM_COL,8c405919-b3da-4544-8a67-589332bb16cf,55.31418,-108.33715,10.06803,5.77819,1.05295,-15.46196,1.42727,-0.78923,-4.8933,,,,,,,,,,,,,,,,,,,,,,,,,,,,,,,,,,,,,,,,,,,,,,,,,,,High,High,High,,,,,
309,2026-01-30,15:49:42.80,5,6,"Yi, Enoch",1000230714,Left,POM_COL,"Nahabedian, George",1000214430,Right,POM_COL,Undefined,8,Top,1,2,2,Fastball,Changeup,InPlay,Undefined,FlyBall,Sacrifice,1,1,,82.3453,-0.799408,1.542818,1737.968952,174.642659,11:45,5.78855,-1.03751,5.93328,-24.02206,16.9419,-1.47169,3.04474,0.27156,75.64605,-5.310971,1.278577,0.460651,,,,,,,,,,,,1.17201,9.29847,0.91519,50,5.71113,-3.16665,-119.64576,-2.36696,1.70514,22.28623,-18.64566,POM_COL,POM_COL,PomonaPitzer,TeamExclusive,Team,20260130-PomonaPitzer-Private-1,59a3ee10-fe36-11f0-915a-63f78c275567,81.8242,,,6.69925,,,,,,,9c723542-d6b6-4c4f-819a-2cccafe8acb4,2026-01-30,23:49:42.80,2026-01-30T15:49:42.8050000-08:00,2026-01-30T23:49:42.8050000Z,,v3,POM_PIT,POM_PIT,,"Ruyle, Brody",10183257,Right,POM_COL,42bc8838-592a-45db-80fe-99280e27ea77,54.56556,-120.49318,11.14311,5.78765,-1.65797,-9.32283,1.03683,-3.23149,0.85257,,,,,,,,,,,,,,,,,,,,,,,,,,,,,,,,,,,,,,,,,,,,,,,,,,,High,High,High,,,,,
310,2026-01-30,15:50:21.97,6,1,"Yi, Enoch",1000230714,Left,POM_COL,"Hu, Landon",1000261921,Right,POM_COL,Undefined,8,Top,2,0,0,Slider,Curveball,BallCalled,Undefined,Undefined,Undefined,0,0,,74.63669,1.714998,1.302035,2219.851408,254.644837,2:30,5.783,-1.30264,5.09074,-46.46562,5.6726,14.32292,3.52808,1.11826,67.96487,-6.769732,3.832212,0.519696,,,,,,,,,,,,-6.65485,2.87103,1.16806,50,5.9093,-3.0303,-108.13443,1.69845,-7.81768,20.24053,-28.80135,POM_COL,POM_COL,PomonaPitzer,TeamExclusive,Team,20260130-PomonaPitzer-Private-1,710de330-fe36-11f0-915a-63f78c275567,72.52784,,,6.67182,,,,,,,9c723542-d6b6-4c4f-819a-2cccafe8acb4,2026-01-30,23:50:21.97,2026-01-30T15:50:21.9730000-08:00,2026-01-30T23:50:21.9730000Z,,v3,POM_PIT,POM_PIT,,"Ruyle, Brody",10183257,Right,POM_COL,87b3f724-d76e-4866-9d9b-1729afa3efbb,55.40535,-109.14151,10.12027,5.78914,3.13148,-14.40068,1.30916,-2.64132,-3.90884,,,,,,,,,,,,,,,,,,,,,,,,,,,,,,,,,,,,,,,,,,,,,,,,,,,High,High,High,,,,,
311,2026-01-30,15:50:39.21,6,2,"Yi, Enoch",1000230714,Left,POM_COL,"Hu, Landon",1000261921,Right,POM_COL,Undefined,8,Top,2,1,0,Fastball,Changeup,InPlay,Undefined,FlyBall,Out,1,0,,81.48871,-1.625605,1.923974,1687.850791,177.695558,12:00,5.81043,-1.10054,6.14262,-21.00753,21.2958,-0.79488,2.55632,0.61184,73.56279,-5.658199,1.780756,0.468122,,,,,,,,,,,,1.03567,11.98981,0.95436,50,5.67578,-3.93937,-118.15459,-3.88196,1.44095,25.82581,-15.49206,POM_COL,POM_COL,PomonaPitzer,TeamExclusive,Team,20260130-PomonaPitzer-Private-1,7b44c940-fe36-11f0-915a-63f78c275567,80.51848,,,7.92592,,,,,,,9c723542-d6b6-4c4f-819a-2cccafe8acb4,2026-01-30,23:50:39.21,2026-01-30T15:50:39.2100000-08:00,2026-01-30T23:50:39.2100000Z,,v3,POM_PIT,POM_PIT,,"Ruyle, Brody",10183257,Right,POM_COL,29e4cd72-65d5-4a61-b7a2-c822ab330c65,54.35363,-119.10239,12.91291,5.80782,-3.3134,-7.74603,1.0999,-3.99225,0.72048,,,,,,,,,,,,,,,,,,,,,,,,,,,,,,,,,,,,,,,,,,,,,,,,,,,High,High,High,,,,,