PitchNo,Date,Time,PAofInning,PitchofPA,Pitcher,PitcherId,PitcherThrows,PitcherTeam,Batter,BatterId,BatterSide,BatterTeam,PitcherSet,Inning,Top/Bottom,Outs,Balls,Strikes,TaggedPitchType,AutoPitchType,PitchCall,KorBB,TaggedHitType,PlayResult,OutsOnPlay,RunsScored,Notes,RelSpeed,VertRelAngle,HorzRelAngle,SpinRate,SpinAxis,Tilt,RelHeight,RelSide,Extension,VertBreak,InducedVertBreak,HorzBreak,PlateLocHeight,PlateLocSide,ZoneSpeed,VertApprAngle,HorzApprAngle,ZoneTime,ExitSpeed,Angle,Direction,HitSpinRate,PositionAt110X,PositionAt110Y,PositionAt110Z,Distance,LastTrackedDistance,Bearing,HangTime,pfxx,pfxz,x0,y0,z0,vx0,vy0,vz0,ax0,ay0,az0,HomeTeam,AwayTeam,Stadium,Level,League,GameID,PitchUID,EffectiveVelo,MaxHeight,MeasuredDuration,SpeedDrop,PitchLastMeasuredX,PitchLastMeasuredY,PitchLastMeasuredZ,ContactPositionX,ContactPositionY,ContactPositionZ,GameUID,UTCDate,UTCTime,LocalDateTime,UTCDateTime,AutoHitType,System,HomeTeamForeignID,AwayTeamForeignID,GameForeignID,Catcher,CatcherId,CatcherThrows,CatcherTeam,PlayID,PitchTrajectoryXc0,PitchTrajectoryXc1,PitchTrajectoryXc2,PitchTrajectoryYc0,PitchTrajectoryYc1,PitchTrajectoryYc2,PitchTrajectoryZc0,PitchTrajectoryZc1,PitchTrajectoryZc2,HitSpinAxis,HitTrajectoryXc0,HitTrajectoryXc1,HitTrajectoryXc2,HitTrajectoryXc3,HitTrajectoryXc4,HitTrajectoryXc5,HitTrajectoryXc6,HitTrajectoryXc7,HitTrajectoryXc8,HitTrajectoryYc0,HitTrajectoryYc1,HitTrajectoryYc2,HitTrajectoryYc3,HitTrajectoryYc4,HitTrajectoryYc5,HitTrajectoryYc6,HitTrajectoryYc7,HitTrajectoryYc8,HitTrajectoryZc0,HitTrajectoryZc1,HitTrajectoryZc2,HitTrajectoryZc3,HitTrajectoryZc4,HitTrajectoryZc5,HitTrajectoryZc6,HitTrajectoryZc7,HitTrajectoryZc8,ThrowSpeed,PopTime,ExchangeTime,TimeToBase,CatchPositionX,CatchPositionY,CatchPositionZ,ThrowPositionX,ThrowPositionY,ThrowPositionZ,BasePositionX,BasePositionY,BasePositionZ,ThrowTrajectoryXc0,ThrowTrajectoryXc1,ThrowTrajectoryXc2,ThrowTrajectoryYc0,ThrowTrajectoryYc1,ThrowTrajectoryYc2,ThrowTrajectoryZc0,ThrowTrajectoryZc1,ThrowTrajectoryZc2,PitchReleaseConfidence,PitchLocationConfidence,PitchMovementConfidence,HitLaunchConfidence,HitLandingConfidence,CatcherThrowCatchConfidence,CatcherThrowReleaseConfidence,CatcherThrowLocationConfidence
1,2026-01-16,13:47:14.67,1,1,"Polishuk, Will",1000375103,Right,POM_COL,"Green, Mason",10147543,Right,POM_COL,Undefined,1,Top,0,0,0,Fastball,Four-Seam,BallCalled,Undefined,Undefined,Undefined,0,0,,90.87708,-2.62698,-3.729367,2268.793005,207.933834,1:00,6.22593,1.03812,5.19199,-14.63717,20.57883,10.24812,2.528,-1.62103,82.2261,-5.41622,-1.919614,0.427112,,,,,,,,,,,,-6.188,11.37638,-0.69966,50,5.9711,8.06847,-131.3355,-6.48533,-10.72286,29.86577,-12.46042,POM_COL,POM_COL,PomonaPitzer,TeamExclusive,Team,20260116-PomonaPitzer-Private-3,ebfd65b0-f324-11f0-920e-eda960558d24,88.2496,,,8.65098,,,,,,,5fa35a42-9d85-4343-b482-725ce5839cf7,2026-01-16,21:47:14.67,2026-01-16T13:47:14.6762752-08:00,2026-01-16T21:47:14.6762752Z,,v3,POM_PIT,POM_PIT,,"Parker, will",n/a,Undefined,POM_COL,12d3b38d-05b8-4db1-b564-112d6d76b531,55.3033,-132.53599,14.93288,6.22172,-5.98447,-6.23021,-1.03264,8.49949,-5.36143,,,,,,,,,,,,,,,,,,,,,,,,,,,,,,,,,,,,,,,,,,,,,,,,,,,High,High,High,,,,,
2,2026-01-16,13:47:32.39,1,2,"Polishuk, Will",1000375103,Right,POM_COL,"Green, Mason",10147543,Right,POM_COL,Undefined,1,Top,0,1,0,Fastball,Four-Seam,InPlay,Undefined,LineDrive,Single,0,0,,90.58773,-2.300268,-2.480757,2215.452049,211.188036,1:00,6.16785,1.1173,5.23611,-16.18115,18.9508,10.75221,2.65415,-0.31987,82.37502,-5.355358,-0.576321,0.426601,98.65369,9.50835,-25.240516,2956.758718,,,,128.29333,128.08279,-27.210876,1.007371,-6.13154,10.50997,-0.89748,50,5.94455,5.19251,-131.21954,-5.80746,-10.64101,28.97158,-13.93445,POM_COL,POM_COL,PomonaPitzer,TeamExclusive,Team,20260116-PomonaPitzer-Private-3,f6a6e3b0-f324-11f0-920e-eda960558d24,88.35515,7.70954,,8.21271,,,,2.33831,2.6905,0.37649,5fa35a42-9d85-4343-b482-725ce5839cf7,2026-01-16,21:47:32.39,2026-01-16T13:47:32.3927040-08:00,2026-01-16T21:47:32.3927040Z,LineDrive,v3,POM_PIT,POM_PIT,,"Parker, will",n/a,Undefined,POM_COL,1548ce06-1d4c-4c5b-862f-b59e76b9315e,55.26248,-132.37633,14.48579,6.16533,-5.25108,-6.96722,-1.11329,5.61739,-5.32051,,2.33831,129.07942,-20.97779,3.59712,-0.74353,0.06888,0.07657,-0.06353,0.01687,2.6905,23.90181,-30.27141,4.78787,-1.11265,0.17466,0.07741,-0.07908,0.0219,0.37649,-60.85172,1.05501,1.56657,-0.50459,0.06336,0.10517,-0.08974,0.02443,,,,,,,,,,,,,,,,,,,,,,,High,High,High,High,High,,,
3,2026-01-16,13:48:13.58,2,1,"Polishuk, Will",1000375103,Right,POM_COL,"Berry, Cooper",1000276381,Left,POM_COL,Undefined,1,Top,0,0,0,Fastball,Four-Seam,BallCalled,Undefined,Undefined,Undefined,0,0,,89.33393,-3.085579,-1.384481,2255.031207,213.624152,1:00,6.25552,1.46444,5.10924,-15.99135,20.65273,12.8339,2.0122,1.2293,80.58286,-6.119633,0.885636,0.435686,,,,,,,,,,,,-6.76689,11.59993,-1.34432,50,5.95281,2.51053,-129.19932,-7.46428,-11.28552,30.2665,-12.82823,POM_COL,POM_COL,PomonaPitzer,TeamExclusive,Team,20260116-PomonaPitzer-Private-3,0f1d66d0-f325-11f0-920e-eda960558d24,86.51291,,,8.75107,,,,,,,5fa35a42-9d85-4343-b482-725ce5839cf7,2026-01-16,21:48:13.58,2026-01-16T13:48:13.5857152-08:00,2026-01-16T21:48:13.5857152Z,,v3,POM_PIT,POM_PIT,,"Parker, will",n/a,Undefined,POM_COL,30cb2a3e-8c6b-4079-adb5-4cea9b7e87cd,55.38554,-130.45484,15.13325,6.25141,-6.93213,-6.41411,-1.45817,2.97868,-5.64276,,,,,,,,,,,,,,,,,,,,,,,,,,,,,,,,,,,,,,,,,,,,,,,,,,,High,High,High,,,,,
4,2026-01-16,13:48:35.07,2,2,"Polishuk, Will",1000375103,Right,POM_COL,"Berry, Cooper",1000276381,Left,POM_COL,Undefined,1,Top,0,1,0,Fastball,Four-Seam,FoulBallNotFieldable,Undefined,Undefined,Undefined,0,0,,89.42989,-2.09596,-1.969035,2221.476269,214.760671,1:15,6.2059,1.45186,5.13975,-19.27855,16.97221,10.90898,2.62373,0.50615,81.16384,-5.701834,-0.038898,0.433341,72.68708,20.257515,-167.648732,,,,,,17.12625,,,-6.06075,9.45859,-1.27633,50,5.99517,3.95429,-129.5415,-5.41009,-10.21998,28.99363,-16.22446,POM_COL,POM_COL,PomonaPitzer,TeamExclusive,Team,20260116-PomonaPitzer-Private-3,1c07fb30-f325-11f0-920e-eda960558d24,86.98098,9.39751,,8.26606,,,,2.72326,2.74364,-0.50936,5fa35a42-9d85-4343-b482-725ce5839cf7,2026-01-16,21:48:35.07,2026-01-16T13:48:35.0795264-08:00,2026-01-16T21:48:35.0795264Z,,v3,POM_PIT,POM_PIT,,"Parker, will",n/a,Undefined,POM_COL,b9d31fda-e104-4079-905a-bee1ff59c2d7,55.35846,-130.73532,14.49681,6.20418,-4.74205,-8.11223,-1.44781,4.3751,-5.10999,255.224265,2.72303,-97.68281,6.37263,,,,,,,2.74383,36.89875,-16.97161,,,,,,,-0.5091,-21.41057,-3.71927,,,,,,,,,,,,,,,,,,,,,,,,,,,,,High,High,High,High,Undefined,,,
5,2026-01-16,13:49:00.61,2,3,"Polishuk, Will",1000375103,Right,POM_COL,"Berry, Cooper",1000276381,Left,POM_COL,Undefined,1,Top,0,1,1,Slider,Slider,FoulBallNotFieldable,Undefined,Undefined,Undefined,0,0,,82.4565,-1.364378,-1.622593,2077.102417,137.926387,10:30,6.01515,1.66164,5.14569,-37.64006,5.09654,-3.26083,1.59316,-0.13818,75.05457,-8.22573,-2.200377,0.470513,,,,,,,,,,,,1.1148,3.42256,-1.5072,50,5.85885,3.52469,-119.43901,-4.20859,1.59331,25.28068,-27.28241,POM_COL,POM_COL,PomonaPitzer,TeamExclusive,Team,20260116-PomonaPitzer-Private-3,2b2fd560-f325-11f0-920e-eda960558d24,80.1093,,,7.40193,,,,,,,5fa35a42-9d85-4343-b482-725ce5839cf7,2026-01-16,21:49:00.61,2026-01-16T13:49:00.6139904-08:00,2026-01-16T21:49:00.6139904Z,,v3,POM_PIT,POM_PIT,,"Parker, will",n/a,Undefined,POM_COL,4cf362b4-b4f5-43a0-bf74-4acb1b0fe8db,55.35019,-120.56612,12.64034,6.01937,-2.99223,-13.64121,-1.66276,3.45366,0.79665,,,,,,,,,,,,,,,,,,,,,,,,,,,,,,,,,,,,,,,,,,,,,,,,,,,High,High,High,,,,,
6,2026-01-16,13:49:27.40,2,4,"Polishuk, Will",1000375103,Right,POM_COL,"Berry, Cooper",1000276381,Left,POM_COL,Undefined,1,Top,0,1,2,Fastball,Four-Seam,BallCalled,Undefined,Undefined,Undefined,1,0,,91.30724,0.45034,-1.438628,2230.399652,206.625684,1:00,6.31245,1.45402,5.15905,-14.41343,20.27281,9.57729,5.53537,0.8977,82.60742,-2.305762,0.256095,0.423887,,,,,,,,,,,,-5.13697,10.25004,-1.32715,50,6.34399,2.85495,-132.3297,0.60124,-9.05259,29.86497,-14.11093,POM_COL,POM_COL,PomonaPitzer,TeamExclusive,Team,20260116-PomonaPitzer-Private-3,3b1ed020-f325-11f0-920e-eda960558d24,88.92094,,,8.69981,,,,,,,5fa35a42-9d85-4343-b482-725ce5839cf7,2026-01-16,21:49:27.40,2026-01-16T13:49:27.4000000-08:00,2026-01-16T21:49:27.4000000Z,,v3,POM_PIT,POM_PIT,,"Parker, will",n/a,Undefined,POM_COL,a3458a72-9473-412a-b73d-19475f279966,55.33555,-133.52843,14.93248,6.30849,1.16762,-7.05547,-1.44903,3.21831,-4.5263,,,,,,,,,,,,,,,,,,,,,,,,,,,,,76.90976,2.037169,0.736461,1.300708,-3.03977,5.34491,-0.92306,-1.70577,6.13008,0.09017,127.27943,2.02621,4.16678,-1.57884,110.54826,-8.91998,6.16484,13.27214,-12.67919,0.0867,2.98289,0.12081,High,High,High,,,High,Medium,Medium
7,2026-01-16,13:49:56.51,2,5,"Polishuk, Will",1000375103,Right,POM_COL,"Berry, Cooper",1000276381,Left,POM_COL,Undefined,1,Top,1,2,2,ChangeUp,Changeup,StrikeSwinging,Strikeout,Undefined,Undefined,0,0,,83.64608,0.231954,-1.515737,1331.675314,266.554701,3:00,6.06717,1.48402,5.04483,-39.50167,2.12595,11.41008,2.99423,1.00479,75.91742,-6.967711,0.501955,0.464368,,,,,,,,,,,,-6.06489,1.46429,-1.34882,50,6.05822,2.692,-121.20206,-1.00667,-8.93358,25.84585,-30.01716,POM_COL,POM_COL,PomonaPitzer,TeamExclusive,Team,20260116-PomonaPitzer-Private-3,4c81f450-f325-11f0-920e-eda960558d24,81.16936,,,7.72867,,,,,,,5fa35a42-9d85-4343-b482-725ce5839cf7,2026-01-16,21:49:56.51,2026-01-16T13:49:56.5190000-08:00,2026-01-16T21:49:56.5190000Z,,v3,POM_PIT,POM_PIT,,"Parker, will",n/a,Undefined,POM_COL,40d647ad-32c8-4775-bfca-aace15a3720b,55.45125,-122.35899,12.92293,6.07321,0.33698,-15.00858,-1.47827,3.09189,-4.46679,,,,,,,,,,,,,,,,,,,,,,,,,,,,,69.55429,2.737719,1.76809,0.969629,-1.71606,2.59858,-1.03545,-1.95139,4.98358,-3.95908,74.94473,9.27289,-49.85193,-1.91779,83.86243,-4.72633,5.02886,18.84254,-14.9041,-4.02532,-53.34648,6.25566,High,High,High,,,High,High,High
8,2026-01-16,13:50:23.26,3,1,"Polishuk, Will",1000375103,Right,POM_COL,"DeGrazia, Tanner",1000214434,Right,POM_COL,Undefined,1,Top,2,0,0,Fastball,Four-Seam,FoulBallNotFieldable,Undefined,Undefined,Undefined,0,0,,90.58629,-1.32798,-2.271424,2240.452936,201.048078,12:45,6.22541,1.20915,5.17832,-13.89142,21.64989,7.8276,3.81704,-0.27693,81.41792,-4.006921,-0.886771,0.42908,,,,,,,,,,,,-4.64469,11.60024,-1.00411,50,6.0922,4.83323,-131.11771,-3.45368,-7.9611,31.70949,-12.29096,POM_COL,POM_COL,PomonaPitzer,TeamExclusive,Team,20260116-PomonaPitzer-Private-3,5c864bd0-f325-11f0-920e-eda960558d24,87.84484,,,9.16837,,,,,,,5fa35a42-9d85-4343-b482-725ce5839cf7,2026-01-16,21:50:23.26,2026-01-16T13:50:23.2692736-08:00,2026-01-16T21:50:23.2692736Z,,v3,POM_PIT,POM_PIT,,"Parker, will",n/a,Undefined,POM_COL,d7a5ddb5-d037-47ef-8998-7cc37233a608,55.31796,-132.39756,15.85475,6.22158,-2.9576,-6.14548,-1.20568,5.15455,-3.98055,,,,,,,,,,,,,,,,,,,,,,,,,,,,,,,,,,,,,,,,,,,,,,,,,,,High,High,High,,,,,
9,2026-01-16,13:50:47.59,3,2,"Polishuk, Will",1000375103,Right,POM_COL,"DeGrazia, Tanner",1000214434,Right,POM_COL,Undefined,1,Top,2,0,1,Slider,Slider,BallCalled,Undefined,Undefined,Undefined,0,0,,81.89372,1.736779,-1.336166,2007.191829,353.936681,5:45,6.00066,1.35444,5.07883,-44.20428,-0.3228,0.21008,3.95513,0.11215,73.43407,-6.347472,-1.299027,0.476773,,,,,,,,,,,,-0.55429,-0.15945,-1.22801,50,6.13123,2.75344,-118.4535,1.93881,-0.77138,26.95336,-32.39595,POM_COL,POM_COL,PomonaPitzer,TeamExclusive,Team,20260116-PomonaPitzer-Private-3,6af620a0-f325-11f0-920e-eda960558d24,79.05736,,,8.45965,,,,,,,5fa35a42-9d85-4343-b482-725ce5839cf7,2026-01-16,21:50:47.59,2026-01-16T13:50:47.5953152-08:00,2026-01-16T21:50:47.5953152Z,,v3,POM_PIT,POM_PIT,,"Parker, will",n/a,Undefined,POM_COL,584b0dc2-3ff1-46f3-994c-6ff7fca7178c,55.41434,-119.67915,13.47668,6.00957,3.41196,-16.19798,-1.35401,2.78852,-0.38569,,,,,,,,,,,,,,,,,,,,,,,,,,,,,,,,,,,,,,,,,,,,,,,,,,,High,High,High,,,,,
10,2026-01-16,13:51:04.35,3,3,"Polishuk, Will",1000375103,Right,POM_COL,"DeGrazia, Tanner",1000214434,Right,POM_COL,Undefined,1,Top,2,1,1,Slider,Slider,BallCalled,Undefined,Undefined,Undefined,0,0,,83.79549,0.270752,-3.385829,2091.9596,156.728578,11:15,6.03285,1.26588,5.30025,-36.31624,4.87835,-1.49008,3.26113,-2.04063,76.05196,-6.386961,-3.649606,0.461946,,,,,,,,,,,,-0.2974,2.82016,-0.95677,50,6.03153,7.24048,-121.27726,-0.73584,-0.43868,25.83178,-28.01394,POM_COL,POM_COL,PomonaPitzer,TeamExclusive,Team,20260116-PomonaPitzer-Private-3,74e8d1c0-f325-11f0-920e-eda960558d24,81.59485,,,7.74353,,,,,,,5fa35a42-9d85-4343-b482-725ce5839cf7,2026-01-16,21:51:04.35,2026-01-16T13:51:04.3584512-08:00,2026-01-16T21:51:04.3584512Z,,v3,POM_PIT,POM_PIT,,"Parker, will",n/a,Undefined,POM_COL,ae1420c9-e7f5-47a3-9a7e-20da850a6889,55.19488,-122.37876,12.91589,6.03744,0.45871,-14.00697,-1.26591,7.25919,-0.21934,,,,,,,,,,,,,,,,,,,,,,,,,,,,,,,,,,,,,,,,,,,,,,,,,,,High,High,High,,,,,
11,2026-01-16,13:51:22.50,3,4,"Polishuk, Will",1000375103,Right,POM_COL,"DeGrazia, Tanner",1000214434,Right,POM_COL,Undefined,1,Top,2,2,1,Fastball,Four-Seam,FoulBallFieldable,Undefined,Undefined,Undefined,1,0,,89.88613,-1.329277,-2.134229,2099.506503,208.8916,1:00,6.24236,1.06621,4.96925,-16.63379,19.4954,10.06528,3.5995,-0.11191,81.36403,-4.468845,-0.359907,0.432614,,,,,,,,,,,,-5.63803,10.41642,-0.86863,50,6.10109,4.37438,-130.17648,-3.58235,-9.59573,29.40572,-14.44566,POM_COL,POM_COL,PomonaPitzer,TeamExclusive,Team,20260116-PomonaPitzer-Private-3,7fd12d80-f325-11f0-920e-eda960558d24,87.12717,,,8.5221,,,,,,,5fa35a42-9d85-4343-b482-725ce5839cf7,2026-01-16,21:51:22.50,2026-01-16T13:51:22.5018880-08:00,2026-01-16T21:51:22.5018880Z,,v3,POM_PIT,POM_PIT,,"Parker, will",n/a,Undefined,POM_COL,43fe02d0-7d43-4301-84f2-589bf46bc755,55.52801,-131.41927,14.70286,6.23959,-2.97183,-7.22283,-1.06208,4.77993,-4.79786,,,,,,,,,,,,,,,,,,,,,,,,,,,,,,,,,,,,,,,,,,,,,,,,,,,High,High,High,,,,,
12,2026-01-16,13:54:59.61,1,1,"Wiessinger, Jack",1000276383,Right,POM_COL,"Gonzaga, Kai",10138924,Left,POM_COL,Undefined,1,Bottom,0,0,0,Fastball,Four-Seam,BallCalled,Undefined,Undefined,Undefined,0,0,,91.9784,-4.990119,-0.856601,2226.35002,201.279753,12:45,5.58302,0.25094,5.61524,-14.74367,18.99757,6.94784,-0.31528,0.0304,83.87536,-7.775561,0.384447,0.418073,,,,,,,,,,,,-3.79969,11.46615,-0.18251,50,5.14677,1.68215,-133.02545,-12.0682,-6.77299,29.92936,-11.73553,POM_COL,POM_COL,PomonaPitzer,TeamExclusive,Team,20260116-PomonaPitzer-Private-3,0134f500-f326-11f0-920e-eda960558d24,90.15764,,,8.10304,,,,,,,5fa35a42-9d85-4343-b482-725ce5839cf7,2026-01-16,21:54:59.61,2026-01-16T13:54:59.6164096-08:00,2026-01-16T21:54:59.6164096Z,,v3,POM_PIT,POM_PIT,,"Savas, Peter",1000276389,Right,POM_COL,b5784af7-05b6-4799-afa8-2222db5e2ca9,54.88352,-134.11969,14.96468,5.58015,-11.63914,-5.86777,-0.24854,1.92978,-3.3865,,,,,,,,,,,,,,,,,,,,,,,,,,,,,,,,,,,,,,,,,,,,,,,,,,,High,High,High,,,,,
13,2026-01-16,13:55:19.64,1,2,"Wiessinger, Jack",1000276383,Right,POM_COL,"Gonzaga, Kai",10138924,Left,POM_COL,Undefined,1,Bottom,0,1,0,Fastball,Four-Seam,StrikeCalled,Undefined,Undefined,Undefined,0,0,,90.17624,-1.049629,-1.477427,2135.810255,200.692785,12:45,5.60764,0.43734,5.65294,-17.78765,16.89489,5.96307,3.14596,-0.44397,82.31485,-4.40995,-0.412252,0.423864,,,,,,,,,,,,-3.41874,9.18382,-0.31592,50,5.50751,3.10902,-130.88231,-2.95722,-5.92949,27.65163,-16.2455,POM_COL,POM_COL,PomonaPitzer,TeamExclusive,Team,20260116-PomonaPitzer-Private-3,0d1174c0-f326-11f0-920e-eda960558d24,88.92575,,,7.86139,,,,,,,5fa35a42-9d85-4343-b482-725ce5839cf7,2026-01-16,21:55:19.64,2026-01-16T13:55:19.6468224-08:00,2026-01-16T21:55:19.6468224Z,,v3,POM_PIT,POM_PIT,,"Savas, Peter",1000276389,Right,POM_COL,6fb3c1c5-3bb3-434f-994e-d5250cd2f241,54.84371,-131.90167,13.82582,5.60548,-2.35834,-8.12275,-0.43456,3.32761,-2.96475,,,,,,,,,,,,,,,,,,,,,,,,,,,,,,,,,,,,,,,,,,,,,,,,,,,High,High,High,,,,,
14,2026-01-16,13:55:39.88,1,3,"Wiessinger, Jack",1000276383,Right,POM_COL,"Gonzaga, Kai",10138924,Left,POM_COL,Undefined,1,Bottom,0,1,1,Fastball,Four-Seam,FoulBallNotFieldable,Undefined,Undefined,Undefined,0,0,,91.66411,-1.853175,-1.146206,2127.636558,193.889351,12:30,5.63547,0.33156,5.63742,-15.54383,18.33588,4.24292,2.61033,-0.38433,83.023,-4.820728,-0.388397,0.41893,,,,,,,,,,,,-2.50536,10.21347,-0.23693,50,5.46832,2.46886,-132.91336,-4.77283,-4.43944,30.99717,-14.07595,POM_COL,POM_COL,PomonaPitzer,TeamExclusive,Team,20260116-PomonaPitzer-Private-3,193780a0-f326-11f0-920e-eda960558d24,89.97316,,,8.64111,,,,,,,5fa35a42-9d85-4343-b482-725ce5839cf7,2026-01-16,21:55:39.88,2026-01-16T13:55:39.8858752-08:00,2026-01-16T21:55:39.8858752Z,,v3,POM_PIT,POM_PIT,,"Savas, Peter",1000276389,Right,POM_COL,7a1ef835-5e73-406e-a8aa-22ddcd2b6587,54.85963,-134.0419,15.49859,5.63276,-4.26036,-7.03797,-0.32975,2.63049,-2.21972,,,,,,,,,,,,,,,,,,,,,,,,,,,,,,,,,,,,,,,,,,,,,,,,,,,High,High,High,,,,,
15,2026-01-16,13:56:00.28,1,4,"Wiessinger, Jack",1000276383,Right,POM_COL,"Gonzaga, Kai",10138924,Left,POM_COL,Undefined,1,Bottom,0,1,2,Slider,Slider,FoulBallNotFieldable,Undefined,Undefined,Undefined,0,0,,85.2964,-1.272712,-1.20813,2067.095084,0.444109,6:00,5.56001,0.57286,5.19657,-39.38864,0.72378,-0.00579,1.08003,-0.56418,77.1334,-8.452965,-1.209157,0.455838,64.60746,-28.651072,74.348086,,,,,4.25663,3.74293,38.100925,0.025595,-0.39909,1.1676,-0.46087,50,5.41231,2.60554,-123.53812,-4.22089,-0.60521,28.90671,-30.40343,POM_COL,POM_COL,PomonaPitzer,TeamExclusive,Team,20260116-PomonaPitzer-Private-3,256554b0-f326-11f0-920e-eda960558d24,82.68818,1.16521,,8.163,,,,2.77429,1.16521,0.57301,5fa35a42-9d85-4343-b482-725ce5839cf7,2026-01-16,21:56:00.28,2026-01-16T13:56:00.2866688-08:00,2026-01-16T21:56:00.2866688Z,GroundBall,v3,POM_PIT,POM_PIT,,"Savas, Peter",1000276389,Right,POM_COL,9002305e-9601-4037-8395-69f3f7e42370,55.301,-124.77233,14.45336,5.56481,-2.92277,-15.20172,-0.57267,2.63138,-0.3026,,2.7741,22.47925,,,,,,,,1.16558,-45.52423,,,,,,,,0.57236,80.23089,,,,,,,,,,,,,,,,,,,,,,,,,,,,,,High,High,High,Low,Low,,,
16,2026-01-16,13:56:27.11,1,5,"Wiessinger, Jack",1000276383,Right,POM_COL,"Gonzaga, Kai",10138924,Left,POM_COL,Undefined,1,Bottom,0,1,2,Fastball,Four-Seam,BallCalled,Undefined,Undefined,Undefined,0,0,,91.40946,0.569182,-0.356881,2166.634096,173.899006,11:45,5.68682,0.31964,5.70688,-15.93847,18.43257,-1.8311,4.88895,-0.16546,81.61465,-2.513108,-0.684318,0.421956,,,,,,,,,,,,0.7926,9.47666,-0.28867,50,5.72476,0.91101,-132.39635,0.86725,1.37709,33.84495,-15.70924,POM_COL,POM_COL,PomonaPitzer,TeamExclusive,Team,20260116-PomonaPitzer-Private-3,354449e0-f326-11f0-920e-eda960558d24,89.32779,,,9.79482,,,,,,,5fa35a42-9d85-4343-b482-725ce5839cf7,2026-01-16,21:56:27.11,2026-01-16T13:56:27.1171072-08:00,2026-01-16T21:56:27.1171072Z,,v3,POM_PIT,POM_PIT,,"Savas, Peter",1000276389,Right,POM_COL,80f05853-430b-4d4d-9612-b4afa7769a0b,54.78431,-133.61378,16.92248,5.6834,1.43233,-7.85462,-0.32055,0.86148,0.68855,,,,,,,,,,,,,,,,,,,,,,,,,,,,,,,,,,,,,,,,,,,,,,,,,,,High,High,High,,,,,
17,2026-01-16,13:57:15.45,1,6,"Wiessinger, Jack",1000276383,Right,POM_COL,"Gonzaga, Kai",10138924,Left,POM_COL,Undefined,1,Bottom,0,2,2,Slider,Slider,StrikeCalled,Strikeout,Undefined,Undefined,0,0,,84.48868,0.405459,-0.49223,2017.259217,334.547746,5:15,5.58241,0.48196,5.19624,-41.35018,0.29157,0.70394,2.51796,0.07761,74.76815,-7.203907,-0.367345,0.464447,,,,,,,,,,,,-0.53362,0.61075,-0.43687,50,5.58987,1.01596,-122.07228,-0.70329,-0.77603,32.12989,-31.28586,POM_COL,POM_COL,PomonaPitzer,TeamExclusive,Team,20260116-PomonaPitzer-Private-3,52221ec0-f326-11f0-920e-eda960558d24,81.15555,,,9.72053,,,,,,,5fa35a42-9d85-4343-b482-725ce5839cf7,2026-01-16,21:57:15.45,2026-01-16T13:57:15.4500000-08:00,2026-01-16T21:57:15.4500000Z,,v3,POM_PIT,POM_PIT,,"Savas, Peter",1000276389,Right,POM_COL,41fb9a50-a662-4db0-a73d-0adde4ea7dcb,55.29336,-123.45765,16.06494,5.59111,0.64569,-15.64293,-0.4814,1.04942,-0.38802,,,,,,,,,,,,,,,,,,,,,,,,,,,,,61.55664,,,1.131812,,,,-1.2013,5.6807,0.10462,75.23252,9.78223,-49.5639,-1.14202,72.12112,-4.08671,5.74423,20.04433,-14.54043,0.03254,-48.60086,4.2067,High,High,High,,,High,High,High
18,2026-01-16,13:57:50.23,2,1,"Wiessinger, Jack",1000276383,Right,POM_COL,"Wakil, Lateef",1000128267,Left,POM_COL,Undefined,1,Bottom,1,0,0,Fastball,Four-Seam,BallCalled,Undefined,Undefined,Undefined,0,0,,91.51541,-3.401344,0.0987,2169.532688,186.088309,12:15,5.58602,0.37626,5.53441,-17.76399,16.38056,1.62122,0.92264,0.60362,83.19579,-6.738404,0.387926,0.420564,,,,,,,,,,,,-0.78705,9.63709,-0.38592,50,5.27899,-0.30251,-132.54323,-8.45802,-1.3898,30.2795,-15.15689,POM_COL,POM_COL,PomonaPitzer,TeamExclusive,Team,20260116-PomonaPitzer-Private-3,66efbe20-f326-11f0-920e-eda960558d24,89.62354,,,8.31961,,,,,,,5fa35a42-9d85-4343-b482-725ce5839cf7,2026-01-16,21:57:50.23,2026-01-16T13:57:50.2390784-08:00,2026-01-16T21:57:50.2390784Z,,v3,POM_PIT,POM_PIT,,"Savas, Peter",1000276389,Right,POM_COL,9901ed7d-8ad1-4d0c-8048-b4fe00d3dad2,54.96184,-133.67196,15.13975,5.58374,-7.89302,-7.57845,-0.37561,-0.2507,-0.6949,,,,,,,,,,,,,,,,,,,,,,,,,,,,,,,,,,,,,,,,,,,,,,,,,,,High,High,High,,,,,
19,2026-01-16,13:58:09.17,2,2,"Wiessinger, Jack",1000276383,Right,POM_COL,"Wakil, Lateef",1000128267,Left,POM_COL,Undefined,1,Bottom,1,1,0,Fastball,Four-Seam,BallCalled,Undefined,Undefined,Undefined,0,0,,90.03343,-3.709877,-1.738492,2053.550322,201.330902,12:45,5.61635,0.24797,5.591,-18.1369,17.56099,6.31784,0.63447,-0.84933,80.86638,-7.147988,-0.61088,0.430024,,,,,,,,,,,,-3.78012,10.53158,-0.10298,50,5.28616,3.66577,-130.13527,-9.00254,-6.34927,32.54234,-14.48474,POM_COL,POM_COL,PomonaPitzer,TeamExclusive,Team,20260116-PomonaPitzer-Private-3,723c8100-f326-11f0-920e-eda960558d24,87.65191,,,9.16705,,,,,,,5fa35a42-9d85-4343-b482-725ce5839cf7,2026-01-16,21:58:09.17,2026-01-16T13:58:09.1774976-08:00,2026-01-16T21:58:09.1774976Z,,v3,POM_PIT,POM_PIT,,"Savas, Peter",1000276389,Right,POM_COL,ca4029bd-c534-44f3-bc02-89dc41baa4b5,54.90399,-131.35586,16.27117,5.61363,-8.45925,-7.24237,-0.24494,3.90392,-3.17464,,,,,,,,,,,,,,,,,,,,,,,,,,,,,,,,,,,,,,,,,,,,,,,,,,,High,High,High,,,,,
20,2026-01-16,13:58:29.95,2,3,"Wiessinger, Jack",1000276383,Right,POM_COL,"Wakil, Lateef",1000128267,Left,POM_COL,Undefined,1,Bottom,1,2,0,Fastball,Four-Seam,InPlay,Undefined,LineDrive,Single,0,0,,90.18913,-1.906707,-0.805709,2077.45131,205.781755,12:45,5.62168,0.34912,5.48587,-18.74237,16.44847,7.35536,2.27512,0.20822,81.76803,-5.437869,0.504874,0.426959,94.22175,16.225867,-12.384215,2596.048532,106.07201,23.98846,-29.13279,258.61472,257.90107,-18.954703,2.575954,-3.95776,9.23359,-0.28367,50,5.44221,1.50752,-130.75169,-4.96643,-6.78903,29.91843,-16.33506,POM_COL,POM_COL,PomonaPitzer,TeamExclusive,Team,20260116-PomonaPitzer-Private-3,7e95f8f0-f326-11f0-920e-eda960558d24,88.28115,25.20094,,8.4211,,,,0.34609,2.25851,-0.24301,5fa35a42-9d85-4343-b482-725ce5839cf7,2026-01-16,21:58:29.95,2026-01-16T13:58:29.9516416-08:00,2026-01-16T21:58:29.9516416Z,LineDrive,v3,POM_PIT,POM_PIT,,"Savas, Peter",1000276389,Right,POM_COL,d9dacc07-1138-4b79-827e-8c54a16c656b,55.01105,-131.89333,14.95921,5.61983,-4.34311,-8.16753,-0.34614,1.76658,-3.39452,122.174163,0.3461,129.59909,-21.59133,4.9049,-1.03525,0.2023,-0.03699,0.00543,-0.00042,2.2585,38.61486,-17.24088,0.92029,-0.0842,-0.00117,0.00651,-0.00228,0.00031,-0.243,-28.45768,-3.65806,1.48193,-0.42902,0.10306,-0.02335,0.00448,-0.00045,,,,,,,,,,,,,,,,,,,,,,,High,High,High,High,High,,,
21,2026-01-16,13:59:09.36,3,1,"Wiessinger, Jack",1000276383,Right,POM_COL,"Pierantoni, Greg",1000091552,Right,POM_COL,Undefined,1,Bottom,1,0,0,Fastball,Four-Seam,BallCalled,Undefined,Undefined,Undefined,0,0,,89.62973,-2.83661,-0.958062,2058.628802,197.678257,12:30,5.63159,0.21808,5.46064,-20.00867,15.92182,4.65335,1.30658,-0.29097,80.8991,-6.595777,-0.129144,0.431422,,,,,,,,,,,,-2.6424,9.30583,-0.13696,50,5.3683,1.95755,-129.73931,-7.08773,-4.43684,30.90983,-16.54865,POM_COL,POM_COL,PomonaPitzer,TeamExclusive,Team,20260116-PomonaPitzer-Private-3,95f84cf0-f326-11f0-920e-eda960558d24,87.36781,,,8.73062,,,,,,,5fa35a42-9d85-4343-b482-725ce5839cf7,2026-01-16,21:59:09.36,2026-01-16T13:59:09.3601280-08:00,2026-01-16T21:59:09.3601280Z,,v3,POM_PIT,POM_PIT,,"Savas, Peter",1000276389,Right,POM_COL,e05edc6a-face-4a93-b6d0-a54b24cbbc08,55.03442,-130.93325,15.45492,5.62973,-6.44852,-8.27432,-0.21588,2.12893,-2.21842,,,,,,,,,,,,,,,,,,,,,,,,,,,,,,,,,,,,,,,,,,,,,,,,,,,High,High,High,,,,,
22,2026-01-16,13:59:27.44,3,2,"Wiessinger, Jack",1000276383,Right,POM_COL,"Pierantoni, Greg",1000091552,Right,POM_COL,Undefined,1,Bottom,1,1,0,Fastball,Four-Seam,InPlay,Undefined,GroundBall,Out,2,0,,90.98682,-2.201109,0.416547,2076.207554,181.053744,12:00,5.65174,0.35034,5.42545,-14.95245,19.94836,0.34319,2.34303,0.76909,81.8872,-5.069082,0.477615,0.425196,78.66335,7.332379,7.765155,2114.197863,,,,108.78397,108.78397,10.665955,1.065992,-0.03744,11.11914,-0.38753,50,5.4467,-0.97383,-131.77366,-5.51123,-0.06475,32.19581,-12.93697,POM_COL,POM_COL,PomonaPitzer,TeamExclusive,Team,20260116-PomonaPitzer-Private-3,a0dde990-f326-11f0-920e-eda960558d24,88.6472,5.5784,,9.09962,,,,0.6864,2.28542,-0.76362,5fa35a42-9d85-4343-b482-725ce5839cf7,2026-01-16,21:59:27.44,2026-01-16T13:59:27.4434048-08:00,2026-01-16T21:59:27.4434048Z,GroundBall,v3,POM_PIT,POM_PIT,,"Savas, Peter",1000276389,Right,POM_COL,d49a5300-27ec-4700-8fb0-c5329dcbb634,55.07028,-133.00669,16.0979,5.64828,-5.01577,-6.46848,-0.35028,-0.97135,-0.03238,261.327085,0.6864,113.37975,-15.0366,2.42297,-0.44282,0.10327,-0.09124,0.06354,-0.0168,2.28542,14.72492,-17.00479,1.38386,-0.37915,0.10298,0.07399,-0.09055,0.02743,-0.76363,15.46256,4.77728,-0.78831,-0.25513,0.11273,0.33111,-0.34625,0.10255,,,,,,,,,,,,,,,,,,,,,,,High,High,High,High,High,,,
23,2026-01-16,14:01:34.02,1,1,"Polishuk, Will",1000375103,Right,POM_COL,"Savas, Peter",1000276389,Right,POM_COL,Undefined,2,Top,0,0,0,Fastball,Four-Seam,StrikeCalled,Undefined,Undefined,Undefined,0,0,,88.67198,-2.024518,-2.154053,2288.869716,212.322647,1:00,6.35541,0.88346,5.07004,-21.14529,15.81698,9.20288,2.68239,-0.38149,80.53881,-5.955915,-0.528044,0.437573,,,,,,,,,,,,-5.15859,8.80752,-0.68642,50,6.14695,4.3908,-128.37525,-5.28624,-8.55842,28.023,-17.56182,POM_COL,POM_COL,PomonaPitzer,TeamExclusive,Team,20260116-PomonaPitzer-Private-3,ec361700-f326-11f0-920e-eda960558d24,86.13976,,,8.13316,,,,,,,5fa35a42-9d85-4343-b482-725ce5839cf7,2026-01-16,22:01:34.02,2026-01-16T14:01:34.0290560-08:00,2026-01-16T22:01:34.0290560Z,,v3,POM_PIT,POM_PIT,,"Parker, will",n/a,Undefined,POM_COL,d0235ea8-6595-4653-9850-f2335eced558,55.42491,-129.55404,14.0115,6.35378,-4.5475,-8.78091,-0.87869,4.75081,-4.27921,,,,,,,,,,,,,,,,,,,,,,,,,,,,,,,,,,,,,,,,,,,,,,,,,,,High,High,High,,,,,
24,2026-01-16,14:01:48.59,1,2,"Polishuk, Will",1000375103,Right,POM_COL,"Savas, Peter",1000276389,Right,POM_COL,Undefined,2,Top,0,0,1,Slider,Slider,BallCalled,Undefined,Undefined,Undefined,0,0,,82.07045,1.632723,-2.070009,2168.154291,358.771855,6:00,6.05274,1.19177,5.2859,-44.61341,-1.98595,0.07201,3.86959,-0.74693,74.90031,-6.499132,-2.057239,0.469912,,,,,,,,,,,,-0.63209,-0.99543,-1.00313,50,6.16922,4.29756,-118.98556,1.7626,-0.90301,23.56997,-33.59614,POM_COL,POM_COL,PomonaPitzer,TeamExclusive,Team,20260116-PomonaPitzer-Private-3,f4eb8d30-f326-11f0-920e-eda960558d24,80.21177,,,7.17014,,,,,,,5fa35a42-9d85-4343-b482-725ce5839cf7,2026-01-16,22:01:48.59,2026-01-16T14:01:48.5973504-08:00,2026-01-16T22:01:48.5973504Z,,v3,POM_PIT,POM_PIT,,"Parker, will",n/a,Undefined,POM_COL,1b550eca-59eb-4365-a06a-36fe8fb6748a,55.212,-120.01357,11.78498,6.06039,3.2279,-16.79807,-1.19143,4.33695,-0.45151,,,,,,,,,,,,,,,,,,,,,,,,,,,,,,,,,,,,,,,,,,,,,,,,,,,High,High,High,,,,,
25,2026-01-16,14:02:03.84,1,3,"Polishuk, Will",1000375103,Right,POM_COL,"Savas, Peter",1000276389,Right,POM_COL,Undefined,2,Top,0,1,1,Slider,Slider,StrikeSwinging,Undefined,Undefined,Undefined,0,0,,83.12754,-0.907766,-1.958345,2121.28769,80.92994,8:45,6.07012,1.2513,5.25487,-40.82983,1.10858,-2.23602,1.81413,-0.77581,75.57555,-8.347689,-2.355326,0.466098,,,,,,,,,,,,0.49685,1.30421,-1.07003,50,5.95698,4.2143,-120.42589,-3.40348,0.7205,26.11673,-30.28272,POM_COL,POM_COL,PomonaPitzer,TeamExclusive,Team,20260116-PomonaPitzer-Private-3,fe001350-f326-11f0-920e-eda960558d24,80.86803,,,7.55199,,,,,,,5fa35a42-9d85-4343-b482-725ce5839cf7,2026-01-16,22:02:03.84,2026-01-16T14:02:03.8427136-08:00,2026-01-16T22:02:03.8427136Z,,v3,POM_PIT,POM_PIT,,"Parker, will",n/a,Undefined,POM_COL,8c9ce9a0-91d3-4120-b0d1-ef72cbdd1cb6,55.24155,-121.5573,13.05836,6.076,-2.09159,-15.14136,-1.25193,4.18309,0.36025,,,,,,,,,,,,,,,,,,,,,,,,,,,,,,,,,,,,,,,,,,,,,,,,,,,High,High,High,,,,,
26,2026-01-16,14:02:22.80,1,4,"Polishuk, Will",1000375103,Right,POM_COL,"Savas, Peter",1000276389,Right,POM_COL,Undefined,2,Top,0,1,2,Fastball,Four-Seam,InPlay,Undefined,GroundBall,Out,1,0,,90.02678,-2.594834,-2.810969,2278.901651,215.66911,1:15,6.44603,0.919,4.93687,-20.1158,15.89867,10.5339,2.31258,-0.86209,81.94602,-6.322118,-0.955576,0.431927,94.14483,-14.302348,0.408979,,,,,10.33237,10.33237,5.193061,0.066357,-6.05587,8.97969,-0.65486,50,6.17735,5.90075,-130.27737,-6.64693,-10.36179,28.49551,-16.80945,POM_COL,POM_COL,PomonaPitzer,TeamExclusive,Team,20260116-PomonaPitzer-Private-3,0960d360-f327-11f0-920e-eda960558d24,87.26586,2.26729,,8.08076,,,,1.39678,2.26729,0.87172,5fa35a42-9d85-4343-b482-725ce5839cf7,2026-01-16,22:02:22.80,2026-01-16T14:02:22.8014080-08:00,2026-01-16T22:02:22.8014080Z,GroundBall,v3,POM_PIT,POM_PIT,,"Parker, will",n/a,Undefined,POM_COL,ded2c236-abcd-4a21-b009-6d92efe9b3df,55.56148,-131.4882,14.24776,6.44462,-5.93266,-8.40472,-0.91495,6.34105,-5.1809,180,1.39439,134.01928,,,,,,,,2.2679,-34.16781,,,,,,,,0.87171,0.95665,,,,,,,,,,,,,,,,,,,,,,,,,,,,,,High,High,High,High,High,,,
27,2026-01-16,14:02:57.01,2,1,"Polishuk, Will",1000375103,Right,POM_COL,"Dillehay, Drew",N/A,Right,POM_COL,Undefined,2,Top,1,0,0,Fastball,Four-Seam,StrikeCalled,Undefined,Undefined,Undefined,0,0,,90.72792,-2.245235,-3.106884,2315.264105,206.373442,1:00,6.17784,1.15724,5.21797,-14.76174,20.75651,9.6265,2.83245,-0.96464,81.4537,-5.077868,-1.404272,0.428941,,,,,,,,,,,,-5.74477,11.40548,-0.87747,50,5.95976,6.64779,-131.10697,-5.58213,-9.84049,31.82251,-12.63707,POM_COL,POM_COL,PomonaPitzer,TeamExclusive,Team,20260116-PomonaPitzer-Private-3,1da9b260-f327-11f0-920e-eda960558d24,87.87332,,,9.27422,,,,,,,5fa35a42-9d85-4343-b482-725ce5839cf7,2026-01-16,22:02:57.01,2026-01-16T14:02:57.0195456-08:00,2026-01-16T22:02:57.0195456Z,,v3,POM_PIT,POM_PIT,,"Parker, will",n/a,Undefined,POM_COL,0bcdd110-36fb-470f-b388-b6abe02b6618,55.27502,-132.38114,15.91126,6.17314,-5.07615,-6.31853,-1.15154,7.0418,-4.92024,,,,,,,,,,,,,,,,,,,,,,,,,,,,,,,,,,,,,,,,,,,,,,,,,,,High,High,High,,,,,
28,2026-01-16,14:03:13.44,2,2,"Polishuk, Will",1000375103,Right,POM_COL,"Dillehay, Drew",N/A,Right,POM_COL,Undefined,2,Top,1,0,1,Fastball,Four-Seam,FoulBallNotFieldable,Undefined,Undefined,Undefined,0,0,,90.02152,-2.606063,-2.12702,2302.661763,206.576799,1:00,6.18436,1.14572,5.05159,-20.17292,15.89119,7.30367,2.04199,-0.25265,81.46892,-6.363138,-0.836995,0.432224,72.20321,52.269266,59.249377,,,,,,79.78308,,,-4.28733,9.06658,-0.94926,50,5.92056,4.4924,-130.24129,-6.65033,-7.28357,30.14952,-16.77109,POM_COL,POM_COL,PomonaPitzer,TeamExclusive,Team,20260116-PomonaPitzer-Private-3,2799cb70-f327-11f0-920e-eda960558d24,87.20576,87.18,,8.55259,,,,1.89704,4.82113,1.71711,5fa35a42-9d85-4343-b482-725ce5839cf7,2026-01-16,22:03:13.44,2026-01-16T14:03:13.4443008-08:00,2026-01-16T22:03:13.4443008Z,,v3,POM_PIT,POM_PIT,,"Parker, will",n/a,Undefined,POM_COL,9100dbe7-b94c-4cc5-ae82-34f5e9be2236,55.44488,-131.49568,15.07476,6.18274,-5.95256,-8.38554,-1.14247,4.79544,-3.64178,,1.89704,33.1348,-12.57934,3.99985,-0.99172,0.2104,-0.03527,0.00283,0.0001,4.82113,83.75401,-21.8514,1.65766,-0.15574,-0.02221,0.01607,-0.00472,0.0007,1.71711,55.69294,-8.93589,2.13448,-0.40549,0.05982,-0.00228,-0.00235,0.0005,,,,,,,,,,,,,,,,,,,,,,,High,High,High,Medium,Undefined,,,
29,2026-01-16,14:03:37.21,2,3,"Polishuk, Will",1000375103,Right,POM_COL,"Dillehay, Drew",N/A,Right,POM_COL,Undefined,2,Top,1,0,2,Slider,Slider,StrikeSwinging,Strikeout,Undefined,Undefined,0,0,,83.72493,-0.986713,-3.082301,2127.9307,296.231914,3:45,6.04454,1.29447,5.35749,-39.72321,1.08732,0.41535,1.8075,-1.56431,76.88855,-8.21013,-3.008536,0.459788,,,,,,,,,,,,-1.07854,1.23685,-1.0175,50,5.92754,6.51727,-121.35751,-3.53719,-1.6061,24.073,-30.33218,POM_COL,POM_COL,PomonaPitzer,TeamExclusive,Team,20260116-PomonaPitzer-Private-3,35a7d130-f327-11f0-920e-eda960558d24,81.9779,,,6.83639,,,,,,,5fa35a42-9d85-4343-b482-725ce5839cf7,2026-01-16,22:03:37.21,2026-01-16T14:03:37.2190000-08:00,2026-01-16T22:03:37.2190000Z,,v3,POM_PIT,POM_PIT,,"Parker, will",n/a,Undefined,POM_COL,4c0641fc-bc20-4922-9439-a4211dfa739a,55.14078,-122.37301,12.0365,6.04977,-2.25765,-15.16609,-1.29386,6.58502,-0.80305,,,,,,,,,,,,,,,,,,,,,,,,,,,,,67.47865,,,0.974512,,,,2.77083,5.85592,0.27721,73.83739,9.16804,-50.95928,2.78967,76.93353,-4.13248,5.9043,19.02279,-16.08176,0.23218,-58.20577,5.82269,High,High,High,,,High,Low,High
30,2026-01-16,14:04:04.33,3,1,"Polishuk, Will",1000375103,Right,POM_COL,"Quintero, James",10138921,Left,POM_COL,Undefined,2,Top,2,0,0,Fastball,Four-Seam,StrikeSwinging,Undefined,Undefined,Undefined,0,0,,90.27474,-1.183889,-2.111515,2177.184915,198.552566,12:30,6.12679,1.39768,5.33929,-15.08879,20.06111,6.34237,3.75785,-0.05555,82.09646,-4.056269,-0.986041,0.426711,,,,,,,,,,,,-3.74839,10.69819,-1.21173,50,6.00945,4.52585,-130.8544,-3.16157,-6.4832,28.24693,-13.67044,POM_COL,POM_COL,PomonaPitzer,TeamExclusive,Team,20260116-PomonaPitzer-Private-3,45d2ea90-f327-11f0-920e-eda960558d24,88.33254,,,8.17828,,,,,,,5fa35a42-9d85-4343-b482-725ce5839cf7,2026-01-16,22:04:04.33,2026-01-16T14:04:04.3383808-08:00,2026-01-16T22:04:04.3383808Z,,v3,POM_PIT,POM_PIT,,"Parker, will",n/a,Undefined,POM_COL,20b45639-86a3-4368-85eb-9ae30846bea2,55.15595,-131.9627,14.12346,6.12297,-2.62519,-6.83522,-1.39429,4.78022,-3.2416,,,,,,,,,,,,,,,,,,,,,,,,,,,,,,,,,,,,,,,,,,,,,,,,,,,High,High,High,,,,,
31,2026-01-16,14:04:21.79,3,2,"Polishuk, Will",1000375103,Right,POM_COL,"Quintero, James",10138921,Left,POM_COL,Undefined,2,Top,2,0,1,Fastball,Four-Seam,StrikeCalled,Undefined,Undefined,Undefined,0,0,,90.27739,-3.177318,-2.651801,2300.336026,216.285082,1:15,6.185,1.38644,4.96132,-18.02029,17.96021,12.24272,1.67533,-0.10033,81.78282,-6.545623,-0.494094,0.431723,,,,,,,,,,,,-6.80477,10.19083,-1.14004,50,5.8628,5.44593,-130.48711,-7.87559,-11.63381,29.61156,-14.75117,POM_COL,POM_COL,PomonaPitzer,TeamExclusive,Team,20260116-PomonaPitzer-Private-3,50385ab0-f327-11f0-920e-eda960558d24,87.30701,,,8.49456,,,,,,,5fa35a42-9d85-4343-b482-725ce5839cf7,2026-01-16,22:04:21.79,2026-01-16T14:04:21.7990656-08:00,2026-01-16T22:04:21.7990656Z,,v3,POM_PIT,POM_PIT,,"Parker, will",n/a,Undefined,POM_COL,c702e81e-d6dd-43b2-81ff-802649271a8f,55.53397,-131.73695,14.80578,6.18208,-7.25297,-7.37559,-1.38026,5.93697,-5.81691,,,,,,,,,,,,,,,,,,,,,,,,,,,,,,,,,,,,,,,,,,,,,,,,,,,High,High,High,,,,,
32,2026-01-16,14:04:39.91,3,3,"Polishuk, Will",1000375103,Right,POM_COL,"Quintero, James",10138921,Left,POM_COL,Undefined,2,Top,2,0,2,ChangeUp,Splitter,FoulBallNotFieldable,Undefined,Undefined,Undefined,0,0,,84.7492,-2.168351,-2.588053,1157.797424,217.794839,1:15,6.07277,1.43266,4.88665,-27.35253,12.99638,9.10339,1.73901,-0.25876,77.93294,-7.15835,-0.984985,0.45718,,,,,,,,,,,,-5.21252,7.36835,-1.18682,50,5.83711,5.1485,-122.80454,-5.65868,-7.99342,23.36417,-20.87464,POM_COL,POM_COL,PomonaPitzer,TeamExclusive,Team,20260116-PomonaPitzer-Private-3,5b2179c0-f327-11f0-920e-eda960558d24,82.44547,,,6.81625,,,,,,,5fa35a42-9d85-4343-b482-725ce5839cf7,2026-01-16,22:04:39.91,2026-01-16T14:04:39.9131136-08:00,2026-01-16T22:04:39.9131136Z,,v3,POM_PIT,POM_PIT,,"Parker, will",n/a,Undefined,POM_COL,49701b7b-e085-48be-be26-11a541760cbe,55.61256,-123.86775,11.68208,6.073,-4.70876,-10.43732,-1.42939,5.51225,-3.99671,,,,,,,,,,,,,,,,,,,,,,,,,,,,,,,,,,,,,,,,,,,,,,,,,,,High,High,High,,,,,
33,2026-01-16,14:05:05.86,3,4,"Polishuk, Will",1000375103,Right,POM_COL,"Quintero, James",10138921,Left,POM_COL,Undefined,2,Top,2,0,2,ChangeUp,Changeup,InPlay,Undefined,GroundBall,Out,1,0,,84.13716,-1.85405,-2.197743,1355.025469,252.816765,2:30,6.03471,1.48555,4.84015,-35.13136,6.60433,16.41824,1.34971,0.77181,76.15316,-8.245352,0.695594,0.46497,67.91068,-26.856367,55.800312,,,,,3.63825,3.53155,19.351701,0.029449,-8.82335,4.27335,-1.28309,50,5.82149,3.93327,-121.7237,-5.27238,-13.03413,27.32709,-25.86131,POM_COL,POM_COL,PomonaPitzer,TeamExclusive,Team,20260116-PomonaPitzer-Private-3,6a955110-f327-11f0-920e-eda960558d24,81.0642,1.3278,,7.98399,,,,1.95883,1.3278,-0.96317,5fa35a42-9d85-4343-b482-725ce5839cf7,2026-01-16,22:05:05.86,2026-01-16T14:05:05.8622976-08:00,2026-01-16T22:05:05.8622976Z,GroundBall,v3,POM_PIT,POM_PIT,,"Parker, will",n/a,Undefined,POM_COL,bc28d217-d6e5-4104-8688-018a10180793,55.65747,-122.98725,13.66355,6.03763,-4.07661,-12.93065,-1.47889,4.53595,-6.51707,180,1.95835,50.04792,,,,,,,,1.32823,-45.08772,,,,,,,,-0.96388,73.64415,,,,,,,,,,,,,,,,,,,,,,,,,,,,,,High,High,High,Low,Low,,,
34,2026-01-16,14:07:20.03,1,1,"Wiessinger, Jack",1000276383,Right,POM_COL,"Gold, Jack",1000108729,Left,POM_COL,Undefined,2,Bottom,0,0,0,Fastball,Four-Seam,StrikeCalled,Undefined,Undefined,Undefined,0,0,,91.6468,-3.184796,-0.466419,2132.43074,192.632654,12:30,5.64144,0.30846,5.49344,-16.8245,17.67481,3.66484,1.25706,0.17755,82.28965,-6.382779,0.186765,0.422743,,,,,,,,,,,,-1.995,10.3426,-0.27017,50,5.35162,0.90799,-132.56654,-7.90333,-3.48024,33.54402,-14.13146,POM_COL,POM_COL,PomonaPitzer,TeamExclusive,Team,20260116-PomonaPitzer-Private-3,ba8ad460-f327-11f0-920e-eda960558d24,89.16159,,,9.35715,,,,,,,5fa35a42-9d85-4343-b482-725ce5839cf7,2026-01-16,22:07:20.03,2026-01-16T14:07:20.0370688-08:00,2026-01-16T22:07:20.0370688Z,,v3,POM_PIT,POM_PIT,,"Savas, Peter",1000276389,Right,POM_COL,6eb310c0-9a07-499a-be2c-e3d58ee6ebed,55.0008,-133.82594,16.77201,5.63839,-7.37277,-7.06573,-0.30671,1.03866,-1.74012,,,,,,,,,,,,,,,,,,,,,,,,,,,,,,,,,,,,,,,,,,,,,,,,,,,High,High,High,,,,,
35,2026-01-16,14:07:39.56,1,2,"Wiessinger, Jack",1000276383,Right,POM_COL,"Gold, Jack",1000108729,Left,POM_COL,Undefined,2,Bottom,0,0,1,Slider,Curveball,BallCalled,Undefined,Undefined,Undefined,0,0,,76.80439,3.083731,0.894846,2068.28239,22.66518,6:45,5.50912,0.47258,5.25969,-63.62244,-14.17209,-6.67264,3.10762,0.75731,69.27551,-8.479153,-0.289985,0.506123,,,,,,,,,,,,3.58209,-7.37048,-0.54959,50,5.74558,-1.46115,-111.18851,3.71639,4.39812,23.50981,-41.22356,POM_COL,POM_COL,PomonaPitzer,TeamExclusive,Team,20260116-PomonaPitzer-Private-3,c62282f0-f327-11f0-920e-eda960558d24,74.47288,,,7.52888,,,,,,,5fa35a42-9d85-4343-b482-725ce5839cf7,2026-01-16,22:07:39.56,2026-01-16T14:07:39.5697152-08:00,2026-01-16T22:07:39.5697152Z,,v3,POM_PIT,POM_PIT,,"Savas, Peter",1000276389,Right,POM_COL,e593ba8a-6037-495d-a94c-f01c8069242d,55.23952,-112.2909,11.75491,5.526,5.64938,-20.61178,-0.47624,-1.66738,2.19906,,,,,,,,,,,,,,,,,,,,,,,,,,,,,,,,,,,,,,,,,,,,,,,,,,,High,High,High,,,,,
36,2026-01-16,14:07:59.76,1,3,"Wiessinger, Jack",1000276383,Right,POM_COL,"Gold, Jack",1000108729,Left,POM_COL,Undefined,2,Bottom,0,1,1,Fastball,Four-Seam,StrikeCalled,Undefined,Undefined,Undefined,0,0,,91.4461,-1.918079,0.089659,2160.922911,185.397616,12:15,5.63615,0.39048,5.53395,-15.34343,18.98135,1.67618,2.56397,0.61396,82.45996,-4.855409,0.388539,0.421673,,,,,,,,,,,,-0.81035,10.51808,-0.39937,50,5.45974,-0.2857,-132.49207,-4.89215,-1.42129,31.81666,-13.72612,POM_COL,POM_COL,PomonaPitzer,TeamExclusive,Team,20260116-PomonaPitzer-Private-3,d21dd550-f327-11f0-920e-eda960558d24,89.38786,,,8.98614,,,,,,,5fa35a42-9d85-4343-b482-725ce5839cf7,2026-01-16,22:07:59.76,2026-01-16T14:07:59.7616128-08:00,2026-01-16T22:07:59.7616128Z,,v3,POM_PIT,POM_PIT,,"Savas, Peter",1000276389,Right,POM_COL,9b0c4f92-8ec1-46fb-80a7-3a884fc5ab2e,54.96023,-133.67792,15.90833,5.63254,-4.38056,-6.86306,-0.38971,-0.23273,-0.71065,,,,,,,,,,,,,,,,,,,,,,,,,,,,,,,,,,,,,,,,,,,,,,,,,,,High,High,High,,,,,
37,2026-01-16,14:08:18.90,1,4,"Wiessinger, Jack",1000276383,Right,POM_COL,"Gold, Jack",1000108729,Left,POM_COL,Undefined,2,Bottom,0,1,2,Slider,Slider,InPlay,Undefined,LineDrive,Out,1,0,,84.99082,0.607736,-0.954376,2091.199439,260.916203,2:45,5.55467,0.37303,5.15716,-39.25971,2.18665,2.20697,2.85519,-0.34149,74.72749,-6.64385,-0.563349,0.463356,84.7558,12.696652,19.123304,5233.529409,103.92762,8.76967,36.04078,148.27804,139.66513,19.09478,1.426294,-1.48764,1.32724,-0.28572,50,5.58194,1.94521,-122.74594,-0.15618,-2.17155,34.0565,-30.23664,POM_COL,POM_COL,PomonaPitzer,TeamExclusive,Team,20260116-PomonaPitzer-Private-3,dda1adc0-f327-11f0-920e-eda960558d24,81.34662,11.36122,,10.26332,,,,1.2872,2.87706,0.36168,5fa35a42-9d85-4343-b482-725ce5839cf7,2026-01-16,22:08:18.90,2026-01-16T14:08:18.9045248-08:00,2026-01-16T22:08:18.9045248Z,LineDrive,v3,POM_PIT,POM_PIT,,"Savas, Peter",1000276389,Right,POM_COL,881d1345-6beb-4649-90be-1ab359821c96,55.33557,-124.2175,17.02825,5.56046,1.15033,-15.11832,-0.37179,2.03904,-1.08577,354.683336,1.28721,114.57482,-15.42757,2.95973,-0.29804,-0.3706,0.31779,-0.10102,0.00994,2.87706,27.32179,-23.49042,2.71546,-0.64719,0.19357,-0.07244,0.02107,-0.00265,0.36166,39.72955,-5.03864,0.89844,-0.53887,0.56023,-0.37571,0.11922,-0.01303,,,,,,,,,,,,,,,,,,,,,,,High,High,High,High,High,,,
38,2026-01-16,14:08:53.70,2,1,"Wiessinger, Jack",1000276383,Right,POM_COL,"Parker, will",n/a,Left,POM_COL,Undefined,2,Bottom,1,0,0,Fastball,Four-Seam,BallCalled,Undefined,Undefined,Undefined,0,0,,91.24734,-0.755358,0.72242,2131.495169,184.772813,12:15,5.67581,0.47963,5.38531,-16.73564,18.19611,1.40732,3.57306,1.27408,81.54878,-3.958594,0.972594,0.425385,,,,,,,,,,,,-0.4513,9.72768,-0.54519,50,5.59704,-1.73326,-132.08203,-2.25836,-0.78028,33.72468,-15.3559,POM_COL,POM_COL,PomonaPitzer,TeamExclusive,Team,20260116-PomonaPitzer-Private-3,f2446c90-f327-11f0-920e-eda960558d24,88.6079,,,9.69856,,,,,,,5fa35a42-9d85-4343-b482-725ce5839cf7,2026-01-16,22:08:53.70,2026-01-16T14:08:53.7037312-08:00,2026-01-16T22:08:53.7037312Z,,v3,POM_PIT,POM_PIT,,"Savas, Peter",1000276389,Right,POM_COL,f941cec9-c3a3-450d-bafa-282928370197,55.10665,-133.37954,16.86234,5.67257,-1.66756,-7.67795,-0.47908,-1.70324,-0.39014,,,,,,,,,,,,,,,,,,,,,,,,,,,,,,,,,,,,,,,,,,,,,,,,,,,High,High,High,,,,,
39,2026-01-16,14:09:13.02,2,2,"Wiessinger, Jack",1000276383,Right,POM_COL,"Parker, will",n/a,Left,POM_COL,Undefined,2,Bottom,1,1,0,Fastball,Four-Seam,BallCalled,Undefined,Undefined,Undefined,0,0,,91.41696,-2.983396,-0.109465,2109.048413,209.626784,1:00,5.61217,0.37794,5.61244,-16.79269,17.40312,9.20804,1.42568,1.0431,82.81295,-6.163475,1.535237,0.42088,,,,,,,,,,,,-4.65575,10.06583,-0.37445,50,5.3465,-0.17205,-132.41697,-7.42125,-8.18025,31.02622,-14.48813,POM_COL,POM_COL,PomonaPitzer,TeamExclusive,Team,20260116-PomonaPitzer-Private-3,fdc7f6e0-f327-11f0-920e-eda960558d24,89.55636,,,8.60401,,,,,,,5fa35a42-9d85-4343-b482-725ce5839cf7,2026-01-16,22:09:13.02,2026-01-16T14:09:13.0251776-08:00,2026-01-16T22:09:13.0251776Z,,v3,POM_PIT,POM_PIT,,"Savas, Peter",1000276389,Right,POM_COL,fbbf854c-e7e6-4b35-beda-ac3ac50156d7,54.88259,-133.5561,15.51311,5.6092,-6.88932,-7.24406,-0.37365,0.12829,-4.09013,,,,,,,,,,,,,,,,,,,,,,,,,,,,,,,,,,,,,,,,,,,,,,,,,,,High,High,High,,,,,
40,2026-01-16,14:09:33.99,2,3,"Wiessinger, Jack",1000276383,Right,POM_COL,"Parker, will",n/a,Left,POM_COL,Undefined,2,Bottom,1,2,0,Fastball,Four-Seam,BallCalled,Undefined,Undefined,Undefined,0,0,,90.44249,-1.019939,0.322144,2105.192472,212.899201,1:00,5.59976,0.45126,5.52619,-17.97355,16.92091,10.1756,3.14834,1.60039,81.99079,-4.419596,2.135934,0.425157,,,,,,,,,,,,-4.98882,9.17626,-0.48598,50,5.49935,-1.20818,-131.16851,-2.90649,-8.62188,29.8213,-16.31527,POM_COL,POM_COL,PomonaPitzer,TeamExclusive,Team,20260116-PomonaPitzer-Private-3,0a4c7670-f328-11f0-920e-eda960558d24,88.65526,,,8.4517,,,,,,,5fa35a42-9d85-4343-b482-725ce5839cf7,2026-01-16,22:09:33.99,2026-01-16T14:09:33.9931136-08:00,2026-01-16T22:09:33.9931136Z,,v3,POM_PIT,POM_PIT,,"Savas, Peter",1000276389,Right,POM_COL,4dfd438c-5f76-4c87-b1b4-8eb11e0cd0ba,54.96886,-132.29336,14.91065,5.59738,-2.29108,-8.15764,-0.44655,-0.88296,-4.31094,,,,,,,,,,,,,,,,,,,,,,,,,,,,,,,,,,,,,,,,,,,,,,,,,,,High,High,High,,,,,
41,2026-01-16,14:09:54.63,2,4,"Wiessinger, Jack",1000276383,Right,POM_COL,"Parker, will",n/a,Left,POM_COL,Undefined,2,Bottom,1,3,0,Fastball,Four-Seam,BallCalled,Walk,Undefined,Undefined,0,0,,90.31302,-3.700053,-1.132196,2068.685742,193.440752,12:30,5.57824,0.47352,5.51266,-16.81871,18.2934,4.0802,0.71128,-0.24532,82.11291,-6.871616,-0.404871,0.426481,,,,,,,,,,,,-2.39902,10.70292,-0.37765,50,5.24434,2.40085,-130.74446,-8.98496,-4.12257,29.42677,-13.78173,POM_COL,POM_COL,PomonaPitzer,TeamExclusive,Team,20260116-PomonaPitzer-Private-3,16b46d50-f328-11f0-920e-eda960558d24,88.3801,,,8.20011,,,,,,,5fa35a42-9d85-4343-b482-725ce5839cf7,2026-01-16,22:09:54.63,2026-01-16T14:09:54.6348544-08:00,2026-01-16T22:09:54.6348544Z,,v3,POM_PIT,POM_PIT,,"Savas, Peter",1000276389,Right,POM_COL,45afbdb9-25c9-499e-8902-0f7985e9a30e,54.98426,-131.8615,14.71339,5.57548,-8.46181,-6.89086,-0.47176,2.55734,-2.06128,,,,,,,,,,,,,,,,,,,,,,,,,,,,,,,,,,,,,,,,,,,,,,,,,,,High,High,High,,,,,
42,2026-01-16,14:10:28.83,3,1,"Wiessinger, Jack",1000276383,Right,POM_COL,"Hu, Landon",N/A,Left,POM_COL,Undefined,2,Bottom,1,0,0,Fastball,Four-Seam,StrikeCalled,Undefined,Undefined,Undefined,0,0,,89.68997,-2.393992,0.039419,2180.858408,186.276517,12:15,5.57828,0.40186,5.74152,-18.35249,16.7719,1.71496,1.81855,0.58148,81.67272,-5.859255,0.346499,0.426556,,,,,,,,,,,,-0.85646,9.57725,-0.40617,50,5.36795,-0.16505,-130.08118,-6.00484,-1.46034,28.53074,-15.84411,POM_COL,POM_COL,PomonaPitzer,TeamExclusive,Team,20260116-PomonaPitzer-Private-3,2af7a700-f328-11f0-920e-eda960558d24,88.36466,,,8.01725,,,,,,,5fa35a42-9d85-4343-b482-725ce5839cf7,2026-01-16,22:10:28.83,2026-01-16T14:10:28.8322560-08:00,2026-01-16T22:10:28.8322560Z,,v3,POM_PIT,POM_PIT,,"Savas, Peter",1000276389,Right,POM_COL,49e2e7a0-2679-4e65-9bbe-016daf9c7dbd,54.75448,-131.11983,14.26537,5.57605,-5.42804,-7.92205,-0.40114,-0.11189,-0.73017,,,,,,,,,,,,,,,,,,,,,,,,,,,,,,,,,,,,,,,,,,,,,,,,,,,High,High,High,,,,,
43,2026-01-16,14:10:46.91,3,2,"Wiessinger, Jack",1000276383,Right,POM_COL,"Hu, Landon",N/A,Left,POM_COL,Undefined,2,Bottom,1,0,1,Cutter,Changeup,BallCalled,Undefined,Undefined,Undefined,0,0,,77.73187,-1.498959,-1.222522,1957.60328,246.663893,2:15,5.50885,0.49811,5.57367,-38.28112,8.94886,16.95824,0.91804,0.76925,70.91963,-8.546025,1.808514,0.49463,,,,,,,,,,,,-8.90957,5.49394,-0.40399,50,5.35503,1.7449,-112.72313,-4.15925,-11.35222,22.34969,-25.17389,POM_COL,POM_COL,PomonaPitzer,TeamExclusive,Team,20260116-PomonaPitzer-Private-3,35cd8c30-f328-11f0-920e-eda960558d24,76.20333,,,6.81225,,,,,,,5fa35a42-9d85-4343-b482-725ce5839cf7,2026-01-16,22:10:46.91,2026-01-16T14:10:46.9140000-08:00,2026-01-16T22:10:46.9140000Z,,v3,POM_PIT,POM_PIT,,"Savas, Peter",1000276389,Right,POM_COL,1ddb70a8-3b4b-4c6d-81cc-5ff45acc7370,54.92323,-113.69507,11.17484,5.5121,-3.06449,-12.58695,-0.4906,2.23858,-5.67611,,,,,,,,,,,,,,,,,,,,,,,,,,,,,78.07993,,,1.213354,,,,3.91425,5.88614,0.59765,127.27684,-1.08861,-3.89015,4.01811,112.80859,-9.3588,5.89719,7.9518,-11.31405,0.56815,-6.26068,2.16193,High,High,High,,,High,Medium,Medium
44,2026-01-16,14:11:34.32,3,3,"Wiessinger, Jack",1000276383,Right,POM_COL,"Hu, Landon",N/A,Left,POM_COL,Undefined,2,Bottom,1,1,1,Fastball,Four-Seam,StrikeCalled,Undefined,Undefined,Undefined,0,0,,89.79,-2.36586,-0.343645,2105.165338,199.201763,12:45,5.67206,0.35303,5.44166,-18.10155,17.6258,5.68918,1.94705,0.50536,81.11047,-5.787801,0.669301,0.430201,,,,,,,,,,,,-2.95075,9.9706,-0.32662,50,5.45075,0.51763,-130.04784,-5.94822,-4.98926,30.501,-15.31535,POM_COL,POM_COL,PomonaPitzer,TeamExclusive,Team,20260116-PomonaPitzer-Private-3,52069590-f328-11f0-920e-eda960558d24,87.61582,,,8.67953,,,,,,,5fa35a42-9d85-4343-b482-725ce5839cf7,2026-01-16,22:11:34.32,2026-01-16T14:11:34.3258624-08:00,2026-01-16T22:11:34.3258624Z,,v3,POM_PIT,POM_PIT,,"Savas, Peter",1000276389,Right,POM_COL,dde8a6b6-e511-48f3-bb94-03f0ccc8e275,55.05298,-131.2276,15.2505,5.66936,-5.35583,-7.65767,-0.35037,0.71061,-2.49463,,,,,,,,,,,,,,,,,,,,,,,,,,,,,,,,,,,,,,,,,,,,,,,,,,,High,High,High,,,,,
45,2026-01-16,14:11:54.26,3,4,"Wiessinger, Jack",1000276383,Right,POM_COL,"Hu, Landon",N/A,Left,POM_COL,Undefined,2,Bottom,1,1,2,Slider,Slider,InPlay,Undefined,GroundBall,Single,0,1,,84.57098,0.01592,-0.019417,1992.486896,229.561101,1:45,5.51372,0.4334,5.57958,-37.10722,3.20638,1.97945,2.43632,0.58022,75.99225,-6.845905,0.334202,0.45698,96.18137,-5.946984,-24.804278,,,,,18.42059,18.42059,-26.554573,0.131208,-1.00193,2.0798,-0.43303,50,5.49129,-0.04333,-122.54343,-1.26795,-1.49057,29.1044,-29.07992,POM_COL,POM_COL,PomonaPitzer,TeamExclusive,Team,20260116-PomonaPitzer-Private-3,5e05df90-f328-11f0-920e-eda960558d24,82.4816,2.26602,,8.57873,,,,0.15901,2.26602,-0.55903,5fa35a42-9d85-4343-b482-725ce5839cf7,2026-01-16,22:11:54.26,2026-01-16T14:11:54.2605312-08:00,2026-01-16T22:11:54.2605312Z,GroundBall,v3,POM_PIT,POM_PIT,,"Savas, Peter",1000276389,Right,POM_COL,2ee88b15-87dd-4fc9-aa1a-a0b933dbce4c,54.91525,-123.70531,14.5522,5.51874,-0.10705,-14.53996,-0.43249,0.01618,-0.74528,48.146278,0.1594,127.32353,-22.55099,,,,,,,2.26634,-14.64742,-20.02827,,,,,,,-0.55898,-58.86594,2.76968,,,,,,,,,,,,,,,,,,,,,,,,,,,,,High,High,High,High,High,,,
46,2026-01-16,14:12:30.31,4,1,"Wiessinger, Jack",1000276383,Right,POM_COL,"Lee, Sammy",1000276388,Right,POM_COL,Undefined,2,Bottom,1,0,0,Fastball,Four-Seam,BallCalled,Undefined,Undefined,Undefined,0,0,,89.53689,-3.735324,-0.134755,2079.555199,182.348289,12:00,5.64242,0.19868,5.5727,-16.48103,19.14198,0.73433,0.77506,0.13401,81.43898,-6.852107,-0.00368,0.429573,,,,,,,,,,,,-0.41138,11.1615,-0.18757,50,5.30985,0.2724,-129.6506,-8.96387,-0.69537,28.85721,-13.30734,POM_COL,POM_COL,PomonaPitzer,TeamExclusive,Team,20260116-PomonaPitzer-Private-3,7382aab0-f328-11f0-920e-eda960558d24,87.74398,,,8.09791,,,,,,,5fa35a42-9d85-4343-b482-725ce5839cf7,2026-01-16,22:12:30.31,2026-01-16T14:12:30.3152128-08:00,2026-01-16T22:12:30.3152128Z,,v3,POM_PIT,POM_PIT,,"Savas, Peter",1000276389,Right,POM_COL,45d2ce0a-ea62-4946-b029-d96d28eca428,54.92396,-130.74197,14.42861,5.63934,-8.46059,-6.65367,-0.19837,0.2987,-0.34768,,,,,,,,,,,,,,,,,,,,,,,,,,,,,,,,,,,,,,,,,,,,,,,,,,,High,High,High,,,,,
47,2026-01-16,14:12:53.72,4,2,"Wiessinger, Jack",1000276383,Right,POM_COL,"Lee, Sammy",1000276388,Right,POM_COL,Undefined,2,Bottom,1,1,0,Slider,Slider,FoulBallNotFieldable,Undefined,Undefined,Undefined,0,0,,81.49976,-0.588376,-0.396688,1978.994747,341.432936,5:30,5.54333,0.54882,5.46561,-41.62172,1.10685,0.07831,1.52415,0.18407,74.9168,-8.183619,-0.382715,0.470469,,,,,,,,,,,,-0.15173,1.07587,-0.51398,50,5.46286,0.81641,-118.36556,-2.65245,-0.21493,22.8955,-30.64993,POM_COL,POM_COL,PomonaPitzer,TeamExclusive,Team,20260116-PomonaPitzer-Private-3,8172c830-f328-11f0-920e-eda960558d24,80.11681,,,6.58296,,,,,,,5fa35a42-9d85-4343-b482-725ce5839cf7,2026-01-16,22:12:53.72,2026-01-16T14:12:53.7255936-08:00,2026-01-16T22:12:53.7255936Z,,v3,POM_PIT,POM_PIT,,"Savas, Peter",1000276389,Right,POM_COL,5799b314-9a4a-48d8-9813-d01738788af8,55.03445,-119.3354,11.44775,5.54772,-1.35414,-15.32497,-0.54875,0.82551,-0.10746,,,,,,,,,,,,,,,,,,,,,,,,,,,,,,,,,,,,,,,,,,,,,,,,,,,High,High,High,,,,,
48,2026-01-16,14:13:18.35,4,3,"Wiessinger, Jack",1000276383,Right,POM_COL,"Lee, Sammy",1000276388,Right,POM_COL,Undefined,2,Bottom,1,1,1,Curveball,Curveball,StrikeCalled,Undefined,Undefined,Undefined,0,0,,74.35336,2.771692,-0.476205,2068.201743,19.205556,6:45,5.51055,0.3876,5.30463,-63.95503,-12.12316,-4.7917,2.78496,-0.45875,68.21073,-8.819954,-1.327847,0.518167,,,,,,,,,,,,2.24717,-6.29189,-0.3408,50,5.71594,1.08124,-107.8809,3.06001,2.6389,19.38734,-39.56282,POM_COL,POM_COL,PomonaPitzer,TeamExclusive,Team,20260116-PomonaPitzer-Private-3,90125f90-f328-11f0-920e-eda960558d24,72.74185,,,6.14264,,,,,,,5fa35a42-9d85-4343-b482-725ce5839cf7,2026-01-16,22:13:18.35,2026-01-16T14:13:18.3568896-08:00,2026-01-16T22:13:18.3568896Z,,v3,POM_PIT,POM_PIT,,"Savas, Peter",1000276389,Right,POM_COL,5468091a-a7ae-485d-a8f2-ecdf528f7432,55.19741,-108.81092,9.69367,5.52363,4.95786,-19.78141,-0.38963,0.95465,1.31945,,,,,,,,,,,,,,,,,,,,,,,,,,,,,,,,,,,,,,,,,,,,,,,,,,,High,High,High,,,,,
49,2026-01-16,14:13:38.25,4,4,"Wiessinger, Jack",1000276383,Right,POM_COL,"Lee, Sammy",1000276388,Right,POM_COL,Undefined,2,Bottom,1,1,2,Slider,Slider,InPlay,Undefined,GroundBall,FieldersChoice,1,0,,84.99866,-0.800705,-0.801991,2060.806949,128.574929,10:15,5.50358,0.27396,5.39054,-37.97349,2.09252,-0.78598,1.58856,-0.54323,76.78541,-7.76726,-0.941987,0.455574,102.68407,-57.487041,-72.733807,,,,,2.13623,2.13623,-12.41686,0.012879,0.12949,1.73713,-0.20177,50,5.4056,1.75807,-123.16728,-3.10053,0.19532,28.61109,-29.55407,POM_COL,POM_COL,PomonaPitzer,TeamExclusive,Team,20260116-PomonaPitzer-Private-3,9bfe2190-f328-11f0-920e-eda960558d24,82.73608,1.63745,,8.21325,,,,1.77648,1.63745,0.53732,5fa35a42-9d85-4343-b482-725ce5839cf7,2026-01-16,22:13:38.25,2026-01-16T14:13:38.2581760-08:00,2026-01-16T22:13:38.2581760Z,GroundBall,v3,POM_PIT,POM_PIT,,"Savas, Peter",1000276389,Right,POM_COL,babcb47a-2456-476b-ab73-040852b44144,55.10597,-124.34772,14.30555,5.50837,-1.88119,-14.77703,-0.27414,1.75001,0.09766,,1.77643,24.05296,,,,,,,,1.63775,-127.14047,,,,,,,,0.5375,-77.38596,,,,,,,,,,,,,,,,,,,,,,,,,,,,,,High,High,High,Estimated,Estimated,,,
50,2026-01-16,14:14:18.42,5,1,"Wiessinger, Jack",1000276383,Right,POM_COL,"Cassidy, Caleb",10304248,Right,POM_COL,Undefined,2,Bottom,2,0,0,Fastball,Four-Seam,BallCalled,Undefined,Undefined,Undefined,0,0,,90.13037,-0.455902,-1.622098,2195.397719,189.114078,12:15,5.65933,0.35907,5.58483,-15.97816,19.18844,2.88083,3.9019,-0.91604,81.36939,-3.517386,-1.10838,0.426812,,,,,,,,,,,,-1.95134,10.18473,-0.22159,50,5.61006,3.5693,-130.65897,-1.50948,-3.33648,30.33196,-14.75975,POM_COL,POM_COL,PomonaPitzer,TeamExclusive,Team,20260116-PomonaPitzer-Private-3,b3d22320-f328-11f0-920e-eda960558d24,88.31156,,,8.76098,,,,,,,5fa35a42-9d85-4343-b482-725ce5839cf7,2026-01-16,22:14:18.42,2026-01-16T14:14:18.4213504-08:00,2026-01-16T22:14:18.4213504Z,,v3,POM_PIT,POM_PIT,,"Savas, Peter",1000276389,Right,POM_COL,67ac5cb2-6da2-4de6-a6c4-4d435a9b51e4,54.91032,-131.79395,15.16598,5.6562,-0.95719,-7.37988,-0.35748,3.69415,-1.66824,,,,,,,,,,,,,,,,,,,,,,,,,,,,,,,,,,,,,,,,,,,,,,,,,,,High,High,High,,,,,
51,2026-01-16,14:14:36.79,5,2,"Wiessinger, Jack",1000276383,Right,POM_COL,"Cassidy, Caleb",10304248,Right,POM_COL,Undefined,2,Bottom,2,1,0,Slider,Slider,StrikeSwinging,Undefined,Undefined,Undefined,0,0,,81.95781,-1.210782,-1.372459,1976.481172,0.240469,6:00,5.52517,0.42766,5.25937,-42.64227,0.43783,-0.00445,0.8336,-0.86241,74.67102,-8.968334,-1.373247,0.4724,,,,,,,,,,,,-0.42815,1.01248,-0.30194,50,5.38276,2.84626,-118.79171,-4.04153,-0.60429,25.35351,-30.74496,POM_COL,POM_COL,PomonaPitzer,TeamExclusive,Team,20260116-PomonaPitzer-Private-3,bee7f780-f328-11f0-920e-eda960558d24,79.78929,,,7.28679,,,,,,,5fa35a42-9d85-4343-b482-725ce5839cf7,2026-01-16,22:14:36.79,2026-01-16T14:14:36.7923200-08:00,2026-01-16T22:14:36.7923200Z,,v3,POM_PIT,POM_PIT,,"Savas, Peter",1000276389,Right,POM_COL,5c981f7c-00ff-4215-bb2b-740394d23d83,55.23876,-119.9046,12.67676,5.53054,-2.69198,-15.37248,-0.42746,2.87278,-0.30215,,,,,,,,,,,,,,,,,,,,,,,,,,,,,,,,,,,,,,,,,,,,,,,,,,,High,High,High,,,,,
52,2026-01-16,14:14:57.33,5,3,"Wiessinger, Jack",1000276383,Right,POM_COL,"Cassidy, Caleb",10304248,Right,POM_COL,Undefined,2,Bottom,2,1,1,Fastball,Four-Seam,FoulBallNotFieldable,Undefined,Undefined,Undefined,0,0,,90.62467,-2.068642,-1.723599,2174.414453,194.166482,12:30,5.61705,0.37897,5.64523,-14.06658,20.71072,4.91327,2.51353,-0.81983,81.82279,-4.784497,-0.846374,0.424443,,,,,,,,,,,,-3.01158,11.47697,-0.2358,50,5.43268,3.72733,-131.29022,-5.12684,-5.19475,30.84352,-12.37699,POM_COL,POM_COL,PomonaPitzer,TeamExclusive,Team,20260116-PomonaPitzer-Private-3,cb02b8c0-f328-11f0-920e-eda960558d24,88.80446,,,8.80188,,,,,,,5fa35a42-9d85-4343-b482-725ce5839cf7,2026-01-16,22:14:57.33,2026-01-16T14:14:57.3361664-08:00,2026-01-16T22:14:57.3361664Z,,v3,POM_PIT,POM_PIT,,"Savas, Peter",1000276389,Right,POM_COL,71c36172-32ca-49c6-9e99-8963fdb2411d,54.84975,-132.42466,15.42176,5.61287,-4.67162,-6.18849,-0.3764,3.91839,-2.59738,,,,,,,,,,,,,,,,,,,,,,,,,,,,,,,,,,,,,,,,,,,,,,,,,,,High,High,High,,,,,
53,2026-01-16,14:15:27.79,5,4,"Wiessinger, Jack",1000276383,Right,POM_COL,"Cassidy, Caleb",10304248,Right,POM_COL,Undefined,2,Bottom,2,1,2,Slider,Slider,BallCalled,Undefined,Undefined,Undefined,0,0,,84.29515,1.010588,-1.521468,2004.368526,110.731821,9:45,5.58382,0.39906,5.22934,-38.47289,2.39862,-2.50925,3.32818,-1.24063,76.13911,-6.043269,-1.966223,0.460131,,,,,,,,,,,,0.7576,1.34614,-0.25698,50,5.64866,3.35491,-122.096,0.72765,1.12796,27.10748,-30.16978,POM_COL,POM_COL,PomonaPitzer,TeamExclusive,Team,20260116-PomonaPitzer-Private-3,dd2f2060-f328-11f0-920e-eda960558d24,81.91672,,,8.15604,,,,,,,5fa35a42-9d85-4343-b482-725ce5839cf7,2026-01-16,22:15:27.79,2026-01-16T14:15:27.7931008-08:00,2026-01-16T22:15:27.7931008Z,,v3,POM_PIT,POM_PIT,,"Savas, Peter",1000276389,Right,POM_COL,db9af3fa-e43d-4572-8ad7-fd634ee965c2,55.26581,-123.25956,13.55374,5.58964,2.02265,-15.08489,-0.39995,3.30649,0.56398,,,,,,,,,,,,,,,,,,,,,,,,,,,,,,,,,,,,,,,,,,,,,,,,,,,High,High,High,,,,,
54,2026-01-16,14:15:50.24,5,5,"Wiessinger, Jack",1000276383,Right,POM_COL,"Cassidy, Caleb",10304248,Right,POM_COL,Undefined,2,Bottom,2,2,2,Curveball,Curveball,HitByPitch,Undefined,Undefined,Undefined,0,0,,74.88661,4.609815,1.183377,2077.660775,9.686,6:15,5.61842,0.4944,5.28132,-60.45834,-9.03264,-1.82559,4.91976,1.45378,68.11243,-6.380854,0.85997,0.516133,,,,,,,,,,,,1.25473,-5.3613,-0.60094,50,5.99509,-2.16818,-108.37124,6.70436,1.48585,19.68501,-38.52301,POM_COL,POM_COL,PomonaPitzer,TeamExclusive,Team,20260116-PomonaPitzer-Private-3,eabb4bf0-f328-11f0-920e-eda960558d24,73.02857,,,6.77418,,,,,,,5fa35a42-9d85-4343-b482-725ce5839cf7,2026-01-16,22:15:50.24,2026-01-16T14:15:50.2495744-08:00,2026-01-16T22:15:50.2495744Z,,v3,POM_PIT,POM_PIT,,"Savas, Peter",1000276389,Right,POM_COL,4ba23b01-3493-43fc-a08a-4bed53167b60,55.21974,-109.31527,9.84251,5.62928,8.55179,-19.2615,-0.49525,-2.23943,0.74292,,,,,,,,,,,,,,,,,,,,,,,,,,,,,,,,,,,,,,,,,,,,,,,,,,,High,High,High,,,,,
55,2026-01-16,14:16:23.56,6,1,"Wiessinger, Jack",1000276383,Right,POM_COL,"Loui, Shawn",N/A,Right,POM_COL,Undefined,2,Bottom,2,0,0,Fastball,Four-Seam,StrikeSwinging,Undefined,Undefined,Undefined,0,0,,90.45414,-2.65418,-1.394148,2113.169748,199.604078,12:45,5.63571,0.29979,5.6433,-19.15143,15.48891,5.10681,1.56138,-0.57538,82.51115,-6.246704,-0.481657,0.423606,,,,,,,,,,,,-2.98189,8.95941,-0.18471,50,5.39816,2.96362,-131.1376,-6.7044,-5.17553,28.58187,-16.6235,POM_COL,POM_COL,PomonaPitzer,TeamExclusive,Team,20260116-PomonaPitzer-Private-3,fe697190-f328-11f0-920e-eda960558d24,88.97991,,,7.94299,,,,,,,5fa35a42-9d85-4343-b482-725ce5839cf7,2026-01-16,22:16:23.56,2026-01-16T14:16:23.5630592-08:00,2026-01-16T22:16:23.5630592Z,,v3,POM_PIT,POM_PIT,,"Savas, Peter",1000276389,Right,POM_COL,a966db4b-e969-4d29-81d3-ea9760e925e1,54.85346,-132.1912,14.29094,5.63401,-6.09162,-8.31175,-0.29747,3.1544,-2.58777,,,,,,,,,,,,,,,,,,,,,,,,,,,,,,,,,,,,,,,,,,,,,,,,,,,High,High,High,,,,,
56,2026-01-16,14:16:41.66,6,2,"Wiessinger, Jack",1000276383,Right,POM_COL,"Loui, Shawn",N/A,Right,POM_COL,Undefined,2,Bottom,2,0,1,Fastball,Four-Seam,BallCalled,Undefined,Undefined,Undefined,0,0,,90.45248,-0.410084,-0.518165,2100.789384,199.648371,12:45,5.64501,0.41196,5.43306,-18.70572,16.15446,5.35835,3.70214,0.37322,82.23873,-3.931652,0.435381,0.424948,,,,,,,,,,,,-2.83303,8.57697,-0.36984,50,5.59608,0.94028,-131.24324,-1.56003,-4.92215,28.78296,-17.27224,POM_COL,POM_COL,PomonaPitzer,TeamExclusive,Team,20260116-PomonaPitzer-Private-3,0936a430-f329-11f0-920e-eda960558d24,88.69887,,,8.21375,,,,,,,5fa35a42-9d85-4343-b482-725ce5839cf7,2026-01-16,22:16:41.66,2026-01-16T14:16:41.6646656-08:00,2026-01-16T22:16:41.6646656Z,,v3,POM_PIT,POM_PIT,,"Savas, Peter",1000276389,Right,POM_COL,601c1a69-61d9-44b8-ab68-9a6c8961eed6,55.06319,-132.34899,14.39148,5.64326,-0.89649,-8.63612,-0.4096,1.12937,-2.46108,,,,,,,,,,,,,,,,,,,,,,,,,,,,,,,,,,,,,,,,,,,,,,,,,,,High,High,High,,,,,
57,2026-01-16,14:17:02.81,6,3,"Wiessinger, Jack",1000276383,Right,POM_COL,"Loui, Shawn",N/A,Right,POM_COL,Undefined,2,Bottom,2,1,1,Fastball,Four-Seam,BallCalled,Undefined,Undefined,Undefined,0,0,,88.70808,-2.731994,-1.67427,2086.844954,197.569889,12:30,5.59955,0.24987,5.75845,-19.03517,17.06355,5.00012,1.46731,-0.89233,80.43367,-6.331359,-0.779144,0.432432,,,,,,,,,,,,-3.05114,9.89567,-0.11411,50,5.36151,3.53965,-128.51644,-6.71386,-5.05215,29.10932,-15.78862,POM_COL,POM_COL,PomonaPitzer,TeamExclusive,Team,20260116-PomonaPitzer-Private-3,15e5b630-f329-11f0-920e-eda960558d24,87.16392,,,8.27441,,,,,,,5fa35a42-9d85-4343-b482-725ce5839cf7,2026-01-16,22:17:02.81,2026-01-16T14:17:02.8172800-08:00,2026-01-16T22:17:02.8172800Z,,v3,POM_PIT,POM_PIT,,"Savas, Peter",1000276389,Right,POM_COL,5ba1b8f8-d3a4-4830-9ea8-ec02d3557794,54.73745,-129.58504,14.55466,5.59734,-6.13426,-7.89431,-0.24746,3.72511,-2.52607,,,,,,,,,,,,,,,,,,,,,,,,,,,,,,,,,,,,,,,,,,,,,,,,,,,High,High,High,,,,,
58,2026-01-16,14:17:22.66,6,4,"Wiessinger, Jack",1000276383,Right,POM_COL,"Loui, Shawn",N/A,Right,POM_COL,Undefined,2,Bottom,2,2,1,Slider,Slider,StrikeCalled,Undefined,Undefined,Undefined,0,0,,81.43421,1.226572,-0.379643,1987.321032,63.500163,8:00,5.50694,0.46306,5.28328,-43.72809,0.24382,-2.81705,3.01501,-0.12823,73.16029,-6.798637,-0.879933,0.477264,,,,,,,,,,,,1.26394,0.25906,-0.42636,50,5.58741,0.90324,-117.90797,0.95108,1.74271,26.71971,-31.81688,POM_COL,POM_COL,PomonaPitzer,TeamExclusive,Team,20260116-PomonaPitzer-Private-3,21a908a0-f329-11f0-920e-eda960558d24,78.97601,,,8.27392,,,,,,,5fa35a42-9d85-4343-b482-725ce5839cf7,2026-01-16,22:17:22.66,2026-01-16T14:17:22.6634240-08:00,2026-01-16T22:17:22.6634240Z,,v3,POM_PIT,POM_PIT,,"Savas, Peter",1000276389,Right,POM_COL,e429e01d-6310-42de-88e1-09dda879d624,55.21095,-119.08299,13.35986,5.51482,2.35025,-15.90844,-0.4644,0.82661,0.87135,,,,,,,,,,,,,,,,,,,,,,,,,,,,,,,,,,,,,,,,,,,,,,,,,,,High,High,High,,,,,
59,2026-01-16,14:17:41.79,6,5,"Wiessinger, Jack",1000276383,Right,POM_COL,"Loui, Shawn",N/A,Right,POM_COL,Undefined,2,Bottom,2,2,2,Slider,Slider,StrikeSwinging,Strikeout,Undefined,Undefined,0,0,,82.5427,-0.907783,-1.29563,1983.733232,54.875716,7:45,5.57561,0.36267,5.26271,-41.78746,0.71591,-1.09945,1.24021,-0.94635,75.04703,-8.523041,-1.491004,0.469227,,,,,,,,,,,,0.13965,1.09744,-0.24323,50,5.4619,2.75239,-119.62491,-3.41186,0.19974,25.86903,-30.60443,POM_COL,POM_COL,PomonaPitzer,TeamExclusive,Team,20260116-PomonaPitzer-Private-3,2d2d5640-f329-11f0-920e-eda960558d24,80.32878,,,7.49567,,,,,,,5fa35a42-9d85-4343-b482-725ce5839cf7,2026-01-16,22:17:41.79,2026-01-16T14:17:41.7979904-08:00,2026-01-16T22:17:41.7979904Z,,v3,POM_PIT,POM_PIT,,"Savas, Peter",1000276389,Right,POM_COL,49987428-2e6a-414c-8da5-cdde4baf830c,55.23424,-120.75151,12.93451,5.58147,-2.07903,-15.30221,-0.36291,2.74369,0.09987,,,,,,,,,,,,,,,,,,,,,,,,,,,,,,,,,,,,,,,,,,,,,,,,,,,High,High,High,,,,,
60,2026-01-16,14:20:20.81,1,1,"Oelschlager, Lincoln",,Right,POM_COL,"Winthrop, Nolan",N/A,Left,POM_COL,Undefined,3,Top,0,0,0,Fastball,Four-Seam,StrikeCalled,Undefined,Undefined,Undefined,0,0,,85.53803,-1.873904,-3.12177,2496.04462,219.775402,1:15,5.7839,1.76195,4.60929,-27.86175,12.13709,9.07607,1.67698,-0.45304,78.68587,-6.926593,-1.532991,0.455193,,,,,,,,,,,,-5.23697,6.79217,-1.44916,50,5.56545,6.33003,-123.85967,-5.13825,-8.18632,23.28955,-21.55666,POM_COL,POM_COL,PomonaPitzer,TeamExclusive,Team,20260116-PomonaPitzer-Private-3,8bd77f90-f329-11f0-920e-eda960558d24,82.80549,,,6.85217,,,,,,,5fa35a42-9d85-4343-b482-725ce5839cf7,2026-01-16,22:20:20.81,2026-01-16T14:20:20.8182272-08:00,2026-01-16T22:20:20.8182272Z,,v3,POM_PIT,POM_PIT,,"Parker, will",n/a,Undefined,POM_COL,082151d7-cd32-4f2f-b190-72c9df22d724,55.88853,-124.962,11.64478,5.7845,-4.11795,-10.77833,-1.75794,6.7175,-4.09316,,,,,,,,,,,,,,,,,,,,,,,,,,,,,,,,,,,,,,,,,,,,,,,,,,,High,High,High,,,,,
61,2026-01-16,14:20:39.30,1,2,"Oelschlager, Lincoln",,Right,POM_COL,"Winthrop, Nolan",N/A,Left,POM_COL,Undefined,3,Top,0,0,1,Fastball,Four-Seam,BallCalled,Undefined,Undefined,Undefined,0,0,,87.12601,0.447353,-1.48278,2578.899846,229.909179,1:45,5.78457,1.9778,4.80059,-27.98954,10.32812,10.8369,3.87614,1.47558,79.59608,-4.672956,0.422844,0.445524,,,,,,,,,,,,-5.6815,5.32677,-1.83983,50,5.80535,2.75104,-126.32635,-0.09805,-9.19854,25.27355,-23.54983,POM_COL,POM_COL,PomonaPitzer,TeamExclusive,Team,20260116-PomonaPitzer-Private-3,96d908a0-f329-11f0-920e-eda960558d24,84.60254,,,7.52992,,,,,,,5fa35a42-9d85-4343-b482-725ce5839cf7,2026-01-16,22:20:39.30,2026-01-16T14:20:39.3046528-08:00,2026-01-16T22:20:39.3046528Z,,v3,POM_PIT,POM_PIT,,"Parker, will",n/a,Undefined,POM_COL,3cf35fce-84a2-4508-9dee-9fd5b5edbe37,55.69576,-127.46078,12.63678,5.78603,0.95901,-11.77492,-1.97258,3.16392,-4.59927,,,,,,,,,,,,,,,,,,,,,,,,,,,,,,,,,,,,,,,,,,,,,,,,,,,High,High,High,,,,,
62,2026-01-16,14:21:00.93,1,3,"Oelschlager, Lincoln",,Right,POM_COL,"Winthrop, Nolan",N/A,Left,POM_COL,Undefined,3,Top,0,1,1,Slider,Curveball,StrikeCalled,Undefined,Undefined,Undefined,0,0,,74.37698,2.084173,-0.94592,2669.309739,33.850954,7:15,5.62967,2.12845,3.57939,-65.44909,-10.4728,-8.14689,2.19598,0.53302,68.60583,-9.393405,-2.349423,0.533653,,,,,,,,,,,,3.56299,-4.94918,-2.00321,50,5.79955,2.14578,-107.72319,1.24831,4.19651,18.3026,-38.00323,POM_COL,POM_COL,PomonaPitzer,TeamExclusive,Team,20260116-PomonaPitzer-Private-3,a3cb6530-f329-11f0-920e-eda960558d24,70.63097,,,5.77115,,,,,,,5fa35a42-9d85-4343-b482-725ce5839cf7,2026-01-16,22:21:00.93,2026-01-16T14:21:00.9375232-08:00,2026-01-16T22:21:00.9375232Z,,v3,POM_PIT,POM_PIT,,"Parker, will",n/a,Undefined,POM_COL,150e19fa-a7e4-4498-b94d-f9ca4a7b2672,56.92263,-108.89302,9.1513,5.64214,3.67733,-19.00161,-2.13178,1.87756,2.09825,,,,,,,,,,,,,,,,,,,,,,,,,,,,,,,,,,,,,,,,,,,,,,,,,,,High,High,High,,,,,
63,2026-01-16,14:21:21.48,1,4,"Oelschlager, Lincoln",,Right,POM_COL,"Winthrop, Nolan",N/A,Left,POM_COL,Undefined,3,Top,0,1,2,Fastball,Four-Seam,StrikeSwinging,Strikeout,Undefined,Undefined,0,0,,87.72299,0.377995,-2.010061,2608.390741,228.661087,1:30,5.80153,1.88885,4.90381,-26.04722,11.56079,11.81524,3.98863,0.97171,80.22795,-4.403786,0.070759,0.441379,,,,,,,,,,,,-6.33111,5.95689,-1.70249,50,5.81712,3.90516,-127.21043,-0.15002,-10.40969,25.26593,-22.37966,POM_COL,POM_COL,PomonaPitzer,TeamExclusive,Team,20260116-PomonaPitzer-Private-3,b001c4c0-f329-11f0-920e-eda960558d24,85.39702,,,7.49504,,,,,,,5fa35a42-9d85-4343-b482-725ce5839cf7,2026-01-16,22:21:21.48,2026-01-16T14:21:21.4890000-08:00,2026-01-16T22:21:21.4890000Z,,v3,POM_PIT,POM_PIT,,"Parker, will",n/a,Undefined,POM_COL,0dd22be0-52b0-43ba-bdcb-cc5e460f1a9c,55.59333,-128.31655,12.63296,5.80224,0.82973,-11.18983,-1.88343,4.36089,-5.20485,,,,,,,,,,,,,,,,,,,,,,,,,,,,,58.59347,2.72843,1.559142,1.169287,-2.30381,3.68999,-0.98094,-3.68554,6.20294,-3.47005,72.62289,5.03201,-52.16462,-3.64049,69.10727,-3.31905,6.24869,14.82755,-13.56561,-3.54996,-47.24009,4.83747,High,High,High,,,High,High,High
64,2026-01-16,14:21:54.59,2,1,"Oelschlager, Lincoln",,Right,POM_COL,"Nahabedian, George",1000214430,Right,POM_COL,Undefined,3,Top,1,0,0,Fastball,Cutter,BallCalled,Undefined,Undefined,Undefined,0,0,,85.89161,-0.506192,-3.969369,2488.668422,211.346643,1:00,5.82012,1.73847,4.65383,-26.46974,13.12359,7.26355,3.13222,-1.43353,78.8984,-5.328707,-2.699971,0.452879,,,,,,,,,,,,-4.54284,6.91276,-1.33926,50,5.74473,8.28245,-124.32566,-2.11482,-7.16613,23.0939,-21.26948,POM_COL,POM_COL,PomonaPitzer,TeamExclusive,Team,20260116-PomonaPitzer-Private-3,c3c56e30-f329-11f0-920e-eda960558d24,83.22847,,,6.99321,,,,,,,5fa35a42-9d85-4343-b482-725ce5839cf7,2026-01-16,22:21:54.59,2026-01-16T14:21:54.5957888-08:00,2026-01-16T22:21:54.5957888Z,,v3,POM_PIT,POM_PIT,,"Parker, will",n/a,Undefined,POM_COL,901d816c-3917-4ca9-8f84-d63462282f8b,55.84298,-125.40632,11.54695,5.82041,-1.11953,-10.63474,-1.73467,8.61778,-3.58306,,,,,,,,,,,,,,,,,,,,,,,,,,,,,,,,,,,,,,,,,,,,,,,,,,,High,High,High,,,,,
65,2026-01-16,14:22:15.68,2,2,"Oelschlager, Lincoln",,Right,POM_COL,"Nahabedian, George",1000214430,Right,POM_COL,Undefined,3,Top,1,1,0,Fastball,Changeup,StrikeSwinging,Undefined,Undefined,Undefined,0,0,,85.19102,-0.49268,-2.875007,2446.161098,251.762996,2:30,5.77178,1.83198,4.67519,-35.01801,5.60363,12.81938,2.38511,0.16752,77.49728,-6.841756,-0.626506,0.458723,,,,,,,,,,,,-7.08993,3.30874,-1.55133,50,5.69032,5.58977,-123.30689,-2.44977,-10.85267,25.84281,-27.10927,POM_COL,POM_COL,PomonaPitzer,TeamExclusive,Team,20260116-PomonaPitzer-Private-3,d04f6c00-f329-11f0-920e-eda960558d24,82.16828,,,7.69374,,,,,,,5fa35a42-9d85-4343-b482-725ce5839cf7,2026-01-16,22:22:15.68,2026-01-16T14:22:15.6846592-08:00,2026-01-16T22:22:15.6846592Z,,v3,POM_PIT,POM_PIT,,"Parker, will",n/a,Undefined,POM_COL,95ae6832-8c6e-46ce-a81c-6297599018d3,55.82177,-124.52105,12.9214,5.7755,-1.17612,-13.55464,-1.82593,6.09966,-5.42634,,,,,,,,,,,,,,,,,,,,,,,,,,,,,,,,,,,,,,,,,,,,,,,,,,,High,High,High,,,,,
66,2026-01-16,14:23:00.69,2,3,"Oelschlager, Lincoln",,Right,POM_COL,"Nahabedian, George",1000214430,Right,POM_COL,Undefined,3,Top,1,1,1,Slider,Curveball,BallCalled,Undefined,Undefined,Undefined,0,0,,75.09924,1.659952,-2.925411,2609.346249,33.134034,7:00,5.64224,2.16432,3.98944,-64.22185,-10.58453,-8.04748,1.8893,-1.32207,68.88083,-9.6814,-4.319032,0.527114,,,,,,,,,,,,2.97106,-5.01638,-1.8217,50,5.75931,5.90302,-108.62334,0.62287,3.52766,20.13363,-38.13014,POM_COL,POM_COL,PomonaPitzer,TeamExclusive,Team,20260116-PomonaPitzer-Private-3,eb2f9c20-f329-11f0-920e-eda960558d24,71.50712,,,6.21841,,,,,,,5fa35a42-9d85-4343-b482-725ce5839cf7,2026-01-16,22:23:00.69,2026-01-16T14:23:00.6980608-08:00,2026-01-16T22:23:00.6980608Z,,v3,POM_PIT,POM_PIT,,"Parker, will",n/a,Undefined,POM_COL,b5be8f1b-2e61-4061-8998-e2e8bfde7909,56.51168,-109.82366,10.06681,5.65441,2.89611,-19.06507,-2.16736,5.6927,1.76383,,,,,,,,,,,,,,,,,,,,,,,,,,,,,,,,,,,,,,,,,,,,,,,,,,,High,High,High,,,,,
67,2026-01-16,14:23:23.47,2,4,"Oelschlager, Lincoln",,Right,POM_COL,"Nahabedian, George",1000214430,Right,POM_COL,Undefined,3,Top,1,2,1,Fastball,Slider,InPlay,Undefined,GroundBall,Out,1,0,,85.59763,-0.881144,-2.659188,2548.099729,219.336115,1:15,5.77378,1.92419,4.74685,-28.25848,11.5404,8.42977,2.5822,0.10271,78.41673,-6.034327,-1.179368,0.454053,90.82536,-2.078446,-12.805074,2513.914163,,,,31.88311,31.88311,-13.329049,0.239451,-4.87733,6.27339,-1.66462,50,5.66058,5.37566,-124.04028,-2.98505,-7.6167,24.26733,-22.37721,POM_COL,POM_COL,PomonaPitzer,TeamExclusive,Team,20260116-PomonaPitzer-Private-3,f8cba630-f329-11f0-920e-eda960558d24,83.01325,2.54444,,7.1809,,,,0.91207,2.54444,-0.1517,5fa35a42-9d85-4343-b482-725ce5839cf7,2026-01-16,22:23:23.47,2026-01-16T14:23:23.4747392-08:00,2026-01-16T22:23:23.4747392Z,GroundBall,v3,POM_PIT,POM_PIT,,"Parker, will",n/a,Undefined,POM_COL,9092faa4-bf3f-46b6-84e2-ad5114dac339,55.75171,-125.16049,12.13366,5.77454,-1.95209,-11.18861,-1.92088,5.72726,-3.80835,34.345735,0.91291,129.76552,-16.77815,,,,,,,2.5464,-4.93981,-23.81478,,,,,,,-0.15103,-29.54157,-2.20248,,,,,,,,,,,,,,,,,,,,,,,,,,,,,High,High,High,High,High,,,
68,2026-01-16,14:23:58.28,3,1,"Oelschlager, Lincoln",,Right,POM_COL,"Heath, Emmett",N/A,Left,POM_COL,Undefined,3,Top,2,0,0,Fastball,Slider,BallCalled,Undefined,Undefined,Undefined,0,0,,85.0889,0.965326,-2.184905,2538.16834,215.45524,1:15,5.77218,1.91578,4.45338,-30.84076,9.60426,5.998,4.1234,0.33111,78.25431,-4.614353,-1.137871,0.457724,,,,,,,,,,,,-3.44803,4.78709,-1.69098,50,5.84476,4.42099,-123.36201,0.84553,-5.36477,22.32034,-24.72587,POM_COL,POM_COL,PomonaPitzer,TeamExclusive,Team,20260116-PomonaPitzer-Private-3,0d7cbce0-f32a-11f0-920e-eda960558d24,82.34749,,,6.83459,,,,,,,5fa35a42-9d85-4343-b482-725ce5839cf7,2026-01-16,22:23:58.28,2026-01-16T14:23:58.2841344-08:00,2026-01-16T22:23:58.2841344Z,,v3,POM_PIT,POM_PIT,,"Parker, will",n/a,Undefined,POM_COL,5346089a-1f02-4dbf-9ba4-e3b4953a165b,56.04435,-124.45083,11.16017,5.77409,2.0517,-12.36293,-1.91303,4.68269,-2.68239,,,,,,,,,,,,,,,,,,,,,,,,,,,,,,,,,,,,,,,,,,,,,,,,,,,High,High,High,,,,,
69,2026-01-16,14:24:17.41,3,2,"Oelschlager, Lincoln",,Right,POM_COL,"Heath, Emmett",N/A,Left,POM_COL,Undefined,3,Top,2,1,0,ChangeUp,Changeup,BallCalled,Undefined,Undefined,Undefined,0,0,,83.41005,0.390711,-1.303732,1637.568024,250.652082,2:15,5.61664,1.95592,4.51533,-36.08502,6.71075,14.79032,2.98181,1.94642,75.41488,-6.162303,1.285338,0.470838,,,,,,,,,,,,-7.51508,3.61957,-1.83431,50,5.62394,2.04274,-120.71516,-0.60009,-10.96426,25.96887,-26.8932,POM_COL,POM_COL,PomonaPitzer,TeamExclusive,Team,20260116-PomonaPitzer-Private-3,18dd55e0-f32a-11f0-920e-eda960558d24,80.05388,,,7.99517,,,,,,,5fa35a42-9d85-4343-b482-725ce5839cf7,2026-01-16,22:24:17.41,2026-01-16T14:24:17.4159872-08:00,2026-01-16T22:24:17.4159872Z,,v3,POM_PIT,POM_PIT,,"Parker, will",n/a,Undefined,POM_COL,decb8652-c04d-4cac-a3e0-0250086a9eb5,55.9795,-121.99472,12.98444,5.62086,0.72501,-13.4466,-1.94827,2.58298,-5.48213,,,,,,,,,,,,,,,,,,,,,,,,,,,,,,,,,,,,,,,,,,,,,,,,,,,High,High,High,,,,,
70,2026-01-16,14:24:41.22,3,3,"Oelschlager, Lincoln",,Right,POM_COL,"Heath, Emmett",N/A,Left,POM_COL,Undefined,3,Top,2,2,0,Fastball,Changeup,BallCalled,Undefined,Undefined,Undefined,0,0,,84.0121,1.18668,-2.325483,2470.105397,240.767013,2:00,5.73983,1.84776,4.60589,-32.96892,8.88264,13.35103,4.12196,0.74777,76.18534,-4.82276,0.012073,0.465615,,,,,,,,,,,,-7.11378,4.42449,-1.621,50,5.83238,4.30285,-121.59195,1.24133,-10.59785,24.93221,-25.5826,POM_COL,POM_COL,PomonaPitzer,TeamExclusive,Team,20260116-PomonaPitzer-Private-3,271048c0-f32a-11f0-920e-eda960558d24,80.95187,,,7.82677,,,,,,,5fa35a42-9d85-4343-b482-725ce5839cf7,2026-01-16,22:24:41.22,2026-01-16T14:24:41.2257792-08:00,2026-01-16T22:24:41.2257792Z,,v3,POM_PIT,POM_PIT,,"Parker, will",n/a,Undefined,POM_COL,70e1f4a5-0dc3-498a-8e4a-ffcc2b87b924,55.88929,-122.7936,12.46611,5.74284,2.47432,-12.7913,-1.84069,4.81363,-5.29893,,,,,,,,,,,,,,,,,,,,,,,,,,,,,,,,,,,,,,,,,,,,,,,,,,,High,High,High,,,,,
71,2026-01-16,14:25:04.18,3,4,"Oelschlager, Lincoln",,Right,POM_COL,"Heath, Emmett",N/A,Left,POM_COL,Undefined,3,Top,2,3,0,Fastball,Changeup,BallCalled,Walk,Undefined,Undefined,0,0,,85.64096,0.97385,-2.421134,2501.101921,231.614665,1:45,5.85658,1.76734,4.80542,-29.53687,10.83634,11.80564,4.31876,0.45589,76.89141,-4.469978,-0.347033,0.457318,,,,,,,,,,,,-6.50607,5.44414,-1.5369,50,5.92885,4.67094,-123.82982,0.99594,-9.94934,28.21403,-23.84864,POM_COL,POM_COL,PomonaPitzer,TeamExclusive,Team,20260116-PomonaPitzer-Private-3,34c028f0-f32a-11f0-920e-eda960558d24,82.42071,,,8.74955,,,,,,,5fa35a42-9d85-4343-b482-725ce5839cf7,2026-01-16,22:25:04.18,2026-01-16T14:25:04.1882624-08:00,2026-01-16T22:25:04.1882624Z,,v3,POM_PIT,POM_PIT,,"Parker, will",n/a,Undefined,POM_COL,0df7d732-2790-47b0-bc1b-9ae16d0e8217,55.68791,-125.11907,14.10701,5.85844,2.08571,-11.92432,-1.76073,5.12558,-4.97467,,,,,,,,,,,,,,,,,,,,,,,,,,,,,,,,,,,,,,,,,,,,,,,,,,,High,High,High,,,,,
72,2026-01-16,14:25:39.21,4,1,"Oelschlager, Lincoln",,Right,POM_COL,"Green, Mason",10147543,Right,POM_COL,Undefined,3,Top,2,0,0,Fastball,Slider,BallCalled,Undefined,Undefined,Undefined,0,0,,84.89481,0.121746,-2.296771,2475.465666,197.90408,12:30,5.91689,1.80883,4.61695,-29.81391,10.92182,3.10705,3.54824,-0.11704,77.52041,-5.309006,-1.752756,0.459366,,,,,,,,,,,,-2.14362,5.69449,-1.57562,50,5.90255,4.7858,-122.97407,-0.89015,-3.28427,24.26832,-23.44946,POM_COL,POM_COL,PomonaPitzer,TeamExclusive,Team,20260116-PomonaPitzer-Private-3,49a065f0-f32a-11f0-920e-eda960558d24,82.05311,,,7.3744,,,,,,,5fa35a42-9d85-4343-b482-725ce5839cf7,2026-01-16,22:25:39.21,2026-01-16T14:25:39.2138752-08:00,2026-01-16T22:25:39.2138752Z,,v3,POM_PIT,POM_PIT,,"Parker, will",n/a,Undefined,POM_COL,b1b3a37d-ab87-4459-825f-038873d40c51,55.87912,-124.12887,12.13416,5.91836,0.22568,-11.72473,-1.80706,4.94208,-1.64214,,,,,,,,,,,,,,,,,,,,,,,,,,,,,,,,,,,,,,,,,,,,,,,,,,,High,High,High,,,,,
73,2026-01-16,14:26:00.40,4,2,"Oelschlager, Lincoln",,Right,POM_COL,"Green, Mason",10147543,Right,POM_COL,Undefined,3,Top,2,1,0,Slider,Curveball,BallCalled,Undefined,Undefined,Undefined,0,0,,74.47505,0.685318,-2.692505,2745.541576,35.723952,7:15,5.55648,1.96518,4.01768,-61.58204,-6.82331,-6.2665,1.08412,-1.14694,68.02787,-10.214848,-3.779478,0.532596,,,,,,,,,,,,2.15843,-2.96177,-1.65259,50,5.56593,5.33363,-107.68003,-1.08057,2.50328,20.82947,-35.60903,POM_COL,POM_COL,PomonaPitzer,TeamExclusive,Team,20260116-PomonaPitzer-Private-3,56484c00-f32a-11f0-920e-eda960558d24,70.77112,,,6.44718,,,,,,,5fa35a42-9d85-4343-b482-725ce5839cf7,2026-01-16,22:26:00.40,2026-01-16T14:26:00.4017152-08:00,2026-01-16T22:26:00.4017152Z,,v3,POM_PIT,POM_PIT,,"Parker, will",n/a,Undefined,POM_COL,156dac2a-b1a9-49ce-a18c-79bac0ed35f8,56.48183,-108.92665,10.41473,5.56682,1.05058,-17.80451,-1.96731,5.18381,1.25164,,,,,,,,,,,,,,,,,,,,,,,,,,,,,,,,,,,,,,,,,,,,,,,,,,,High,High,High,,,,,
74,2026-01-16,14:26:23.38,4,3,"Oelschlager, Lincoln",,Right,POM_COL,"Green, Mason",10147543,Right,POM_COL,Undefined,3,Top,2,2,0,Fastball,Slider,BallCalled,Undefined,Undefined,Undefined,0,0,,85.85435,1.336016,-2.036125,2500.351056,204.781122,12:45,5.85963,1.89108,4.84283,-27.80502,12.04969,4.92764,4.8085,0.37312,77.53767,-3.791273,-1.169879,0.454372,,,,,,,,,,,,-3.01461,5.92681,-1.69409,50,5.96876,4.1835,-124.24721,1.86595,-4.67216,26.88019,-22.98844,POM_COL,POM_COL,PomonaPitzer,TeamExclusive,Team,20260116-PomonaPitzer-Private-3,63f4d0d0-f32a-11f0-920e-eda960558d24,82.95506,,,8.31667,,,,,,,5fa35a42-9d85-4343-b482-725ce5839cf7,2026-01-16,22:26:23.38,2026-01-16T14:26:23.3818112-08:00,2026-01-16T22:26:23.3818112Z,,v3,POM_PIT,POM_PIT,,"Parker, will",n/a,Undefined,POM_COL,6596cab5-783a-417b-be8f-529163a0841b,55.65109,-125.46384,13.44009,5.86076,2.90643,-11.49422,-1.88822,4.39497,-2.33608,,,,,,,,,,,,,,,,,,,,,,,,,,,,,,,,,,,,,,,,,,,,,,,,,,,High,High,High,,,,,
75,2026-01-16,14:26:46.23,4,4,"Oelschlager, Lincoln",,Right,POM_COL,"Green, Mason",10147543,Right,POM_COL,Undefined,3,Top,2,3,0,Fastball,Slider,BallCalled,Walk,Undefined,Undefined,0,0,,84.03222,1.946543,-1.389846,2490.913299,220.475586,1:15,5.73381,1.83694,4.7325,-31.49096,10.58245,7.71272,4.95753,1.16084,75.33814,-3.850012,-0.036215,0.466848,,,,,,,,,,,,-4.18504,5.00481,-1.704,50,5.90308,2.58349,-121.48773,2.95236,-6.15552,27.32157,-24.81283,POM_COL,POM_COL,PomonaPitzer,TeamExclusive,Team,20260116-PomonaPitzer-Private-3,718fa260-f32a-11f0-920e-eda960558d24,80.7382,,,8.69408,,,,,,,5fa35a42-9d85-4343-b482-725ce5839cf7,2026-01-16,22:26:46.23,2026-01-16T14:26:46.2342144-08:00,2026-01-16T22:26:46.2342144Z,,v3,POM_PIT,POM_PIT,,"Parker, will",n/a,Undefined,POM_COL,2fb015a4-7417-402d-a445-c7739499bf3c,55.76044,-122.77637,13.66078,5.73623,4.12267,-12.40641,-1.8327,2.87382,-3.07776,,,,,,,,,,,,,,,,,,,,,,,,,,,,,,,,,,,,,,,,,,,,,,,,,,,High,High,High,,,,,
76,2026-01-16,14:27:51.42,5,1,"Oelschlager, Lincoln",,Right,POM_COL,"Berry, Cooper",1000276381,Left,POM_COL,Undefined,3,Top,2,0,0,Fastball,Slider,BallCalled,Undefined,Undefined,Undefined,0,0,,84.35654,0.216261,-0.984966,2401.92368,211.846402,1:00,5.77654,1.97607,4.77003,-29.17852,11.82985,6.52709,3.55006,1.58609,76.95309,-5.126035,0.162499,0.460901,,,,,,,,,,,,-3.4563,6.14807,-1.8834,50,5.77323,1.79992,-122.28472,-0.62919,-5.23063,24.23941,-22.86982,POM_COL,POM_COL,PomonaPitzer,TeamExclusive,Team,20260116-PomonaPitzer-Private-3,986f91b0-f32a-11f0-920e-eda960558d24,81.7799,,,7.40345,,,,,,,5fa35a42-9d85-4343-b482-725ce5839cf7,2026-01-16,22:27:51.42,2026-01-16T14:27:51.4262016-08:00,2026-01-16T22:27:51.4262016Z,,v3,POM_PIT,POM_PIT,,"Parker, will",n/a,Undefined,POM_COL,b10523b4-91f4-42fc-838b-c275de61a181,55.72568,-123.41445,12.11971,5.77771,0.43671,-11.43491,-1.97297,2.0437,-2.61532,,,,,,,,,,,,,,,,,,,,,,,,,,,,,,,,,,,,,,,,,,,,,,,,,,,High,High,High,,,,,
77,2026-01-16,14:28:07.63,5,2,"Oelschlager, Lincoln",,Right,POM_COL,"Berry, Cooper",1000276381,Left,POM_COL,Undefined,3,Top,2,1,0,Fastball,Changeup,BallCalled,Undefined,Undefined,Undefined,0,0,,84.07801,0.798095,-2.018261,2492.539585,248.549334,2:15,5.58198,2.05732,4.84264,-34.33234,6.91512,14.18162,3.4771,1.32746,76.61012,-5.461234,0.477094,0.462243,,,,,,,,,,,,-7.47717,3.6102,-1.87024,50,5.63202,3.63733,-121.83642,0.38627,-11.2184,24.34909,-26.75748,POM_COL,POM_COL,PomonaPitzer,TeamExclusive,Team,20260116-PomonaPitzer-Private-3,a217cc50-f32a-11f0-920e-eda960558d24,81.54256,,,7.4679,,,,,,,5fa35a42-9d85-4343-b482-725ce5839cf7,2026-01-16,22:28:07.63,2026-01-16T14:28:07.6333568-08:00,2026-01-16T22:28:07.6333568Z,,v3,POM_PIT,POM_PIT,,"Parker, will",n/a,Undefined,POM_COL,a0b8fa67-e9dd-4587-ae7c-91b36905d0e4,55.65381,-122.96115,12.17455,5.58564,1.62224,-13.37874,-2.05023,4.15552,-5.6092,,,,,,,,,,,,,,,,,,,,,,,,,,,,,,,,,,,,,,,,,,,,,,,,,,,High,High,High,,,,,
78,2026-01-16,14:28:30.44,5,3,"Oelschlager, Lincoln",,Right,POM_COL,"Berry, Cooper",1000276381,Left,POM_COL,Undefined,3,Top,2,2,0,Slider,Curveball,StrikeCalled,Undefined,Undefined,Undefined,0,0,,74.41216,2.449421,-0.051771,2730.795478,66.989839,8:15,5.57502,2.09957,4.08194,-60.36326,-5.48347,-17.54493,2.89779,0.58779,67.33852,-8.32082,-3.0994,0.533185,,,,,,,,,,,,8.28666,-2.7339,-2.07351,50,5.78472,0.87303,-107.57113,2.27425,9.56089,21.3299,-35.32834,POM_COL,POM_COL,PomonaPitzer,TeamExclusive,Team,20260116-PomonaPitzer-Private-3,afb7ce00-f32a-11f0-920e-eda960558d24,70.69302,,,7.07364,,,,,,,5fa35a42-9d85-4343-b482-725ce5839cf7,2026-01-16,22:28:30.44,2026-01-16T14:28:30.4461824-08:00,2026-01-16T22:28:30.4461824Z,,v3,POM_PIT,POM_PIT,,"Parker, will",n/a,Undefined,POM_COL,edb794d4-6fc1-404e-affc-c7d2aecc2bd3,56.41591,-108.83589,10.66495,5.58776,4.36904,-17.66417,-2.10847,0.30612,4.78045,,,,,,,,,,,,,,,,,,,,,,,,,,,,,,,,,,,,,,,,,,,,,,,,,,,High,High,High,,,,,
79,2026-01-16,14:28:48.80,5,4,"Oelschlager, Lincoln",,Right,POM_COL,"Berry, Cooper",1000276381,Left,POM_COL,Undefined,3,Top,2,2,1,Fastball,Changeup,FoulBallNotFieldable,Undefined,Undefined,Undefined,0,0,,85.05474,-1.649514,-3.325701,2547.738763,240.190248,2:00,5.67534,2.01084,4.91804,-31.70447,9.01237,13.14753,1.47067,-0.04145,76.93896,-7.44846,-1.010302,0.45926,52.22934,47.495945,-80.16779,6041.143431,,,,,26.52135,,,-7.57351,5.3854,-1.6978,50,5.48818,6.55437,-122.97609,-4.72921,-11.44196,27.44635,-24.03784,POM_COL,POM_COL,PomonaPitzer,TeamExclusive,Team,20260116-PomonaPitzer-Private-3,bab38ab0-f32a-11f0-920e-eda960558d24,82.07218,23.75946,,8.11578,,,,2.04093,1.55188,0.03029,5fa35a42-9d85-4343-b482-725ce5839cf7,2026-01-16,22:28:48.80,2026-01-16T14:28:48.8020992-08:00,2026-01-16T22:28:48.8020992Z,,v3,POM_PIT,POM_PIT,,"Parker, will",n/a,Undefined,POM_COL,0add0b82-43ad-45dc-9242-861d7e6edcc6,55.57933,-124.21506,13.72318,5.67717,-3.6441,-12.01892,-2.00533,7.07089,-5.72098,,2.04093,8.83806,0.79125,1.16966,-0.40206,0.12764,-0.03233,0.00768,-0.0013,1.55188,56.47393,-32.05922,5.14712,-1.15986,0.25124,-0.04756,0.00907,-0.00097,0.03029,-50.99598,8.8209,0.09972,-0.23537,0.12097,-0.03441,0.00755,-0.00097,,,,,,,,,,,,,,,,,,,,,,,High,High,High,Low,Undefined,,,
80,2026-01-16,14:29:18.15,5,5,"Oelschlager, Lincoln",,Right,POM_COL,"Berry, Cooper",1000276381,Left,POM_COL,Undefined,3,Top,2,2,2,ChangeUp,Changeup,FoulBallNotFieldable,Undefined,Undefined,Undefined,0,0,,84.21493,-0.46728,-1.844199,1629.157851,246.527069,2:15,5.64736,1.91747,4.7099,-35.29463,6.45611,11.40843,2.2624,1.11722,76.14022,-6.891841,0.160089,0.465054,87.69179,-31.865107,143.010287,,,,,1.55613,1.55613,133.316396,0.034134,-6.19792,3.72402,-1.74177,50,5.56895,3.40442,-121.90029,-2.3548,-9.19795,27.03277,-26.64745,POM_COL,POM_COL,PomonaPitzer,TeamExclusive,Team,20260116-PomonaPitzer-Private-3,cc38b5d0-f32a-11f0-920e-eda960558d24,81.0496,2.32257,,8.07471,,,,1.91691,2.32257,-1.11591,5fa35a42-9d85-4343-b482-725ce5839cf7,2026-01-16,22:29:18.15,2026-01-16T14:29:18.1523968-08:00,2026-01-16T22:29:18.1523968Z,GroundBall,v3,POM_PIT,POM_PIT,,"Parker, will",n/a,Undefined,POM_COL,6f04dd07-5c41-4d5a-a931-38276e1208a4,55.78733,-123.17701,13.51639,5.65044,-1.09628,-13.32373,-1.91281,3.83883,-4.59897,,1.91793,-87.43376,,,,,,,,2.32337,-68.04296,,,,,,,,-1.11668,65.86146,,,,,,,,,,,,,,,,,,,,,,,,,,,,,,High,High,High,Estimated,Estimated,,,
81,2026-01-16,14:29:57.67,5,6,"Oelschlager, Lincoln",,Right,POM_COL,"Berry, Cooper",1000276381,Left,POM_COL,Undefined,3,Top,2,2,2,ChangeUp,Changeup,InPlay,Undefined,GroundBall,Single,0,1,,82.93207,0.752905,-2.276508,1655.334448,272.274212,3:00,5.66384,2.00939,4.51961,-42.26494,0.71921,17.65954,2.85946,1.31166,75.59573,-6.858309,0.814439,0.471874,89.78436,-13.268297,23.358693,,,,,12.77614,12.77614,15.825223,0.094419,-9.28193,0.52161,-1.78939,50,5.70237,3.96901,-120.1372,-0.10855,-13.50531,24.23865,-31.41508,POM_COL,POM_COL,PomonaPitzer,TeamExclusive,Team,20260116-PomonaPitzer-Private-3,e3cf3930-f32a-11f0-920e-eda960558d24,79.87826,2.86754,,7.33634,,,,1.44622,2.86754,-1.25418,5fa35a42-9d85-4343-b482-725ce5839cf7,2026-01-16,22:29:57.67,2026-01-16T14:29:57.6764416-08:00,2026-01-16T22:29:57.6764416Z,GroundBall,v3,POM_PIT,POM_PIT,,"Parker, will",n/a,Undefined,POM_COL,b11374cd-9e86-4d72-ac47-8e996be00352,55.9802,-121.33775,12.11932,5.66922,1.44746,-15.70754,-2.00254,4.63794,-6.75265,222.409721,1.44657,117.61408,-29.16462,,,,,,,2.86743,-30.20756,-1.70163,,,,,,,-1.25413,50.81019,-6.6461,,,,,,,,,,,,,,,,,,,,,,,,,,,,,High,High,High,Medium,High,,,
82,2026-01-16,14:32:49.64,1,1,"Brunngraber, Max",1000276385,Right,POM_COL,"Ruyle, Brody",10183257,Right,POM_COL,Undefined,3,Bottom,0,0,0,Fastball,Changeup,StrikeSwinging,Undefined,Undefined,Undefined,0,0,,86.33267,0.692026,-3.82419,2049.238286,237.539132,2:00,5.2041,2.16033,5.68049,-27.14187,11.06591,15.32926,3.58884,-0.13232,78.09919,-4.378265,-1.092036,0.444884,,,,,,,,,,,,-8.87729,5.7952,-1.84733,50,5.24573,7.69508,-125.00855,0.61383,-13.93455,27.09252,-23.07743,POM_COL,POM_COL,PomonaPitzer,TeamExclusive,Team,20260116-PomonaPitzer-Private-3,4a32c570-f32b-11f0-920e-eda960558d24,84.72414,,,8.23349,,,,,,,5fa35a42-9d85-4343-b482-725ce5839cf7,2026-01-16,22:32:49.64,2026-01-16T14:32:49.6480256-08:00,2026-01-16T22:32:49.6480256Z,,v3,POM_PIT,POM_PIT,,"Savas, Peter",1000276389,Right,POM_COL,1130a85d-30fb-485e-812a-7700523c416f,54.81613,-126.048,13.54626,5.20519,1.49924,-11.53871,-2.15282,8.2297,-6.96728,,,,,,,,,,,,,,,,,,,,,,,,,,,,,,,,,,,,,,,,,,,,,,,,,,,High,High,High,,,,,
83,2026-01-16,14:33:03.51,1,2,"Brunngraber, Max",1000276385,Right,POM_COL,"Ruyle, Brody",10183257,Right,POM_COL,Undefined,3,Bottom,0,0,1,Slider,Curveball,BallCalled,Undefined,Undefined,Undefined,0,0,,75.26875,2.166465,-2.738965,2181.425271,118.968657,10:00,4.76571,2.20808,4.90324,-42.48845,9.20595,-13.57182,3.27723,-1.51522,68.51009,-5.585309,-5.121266,0.517479,,,,,,,,,,,,5.83162,4.42807,-1.92823,50,4.94298,5.76372,-108.89234,2.69683,6.95762,20.25365,-26.891,POM_COL,POM_COL,PomonaPitzer,TeamExclusive,Team,20260116-PomonaPitzer-Private-3,527e0820-f32b-11f0-920e-eda960558d24,72.83852,,,6.75865,,,,,,,5fa35a42-9d85-4343-b482-725ce5839cf7,2026-01-16,22:33:03.51,2026-01-16T14:33:03.5193344-08:00,2026-01-16T22:33:03.5193344Z,,v3,POM_PIT,POM_PIT,,"Savas, Peter",1000276389,Right,POM_COL,5f94e40c-c505-477c-85c8-e8e27f7ecc3c,55.5924,-109.92759,10.12683,4.77,4.07134,-13.4455,-2.21375,5.40809,3.47881,,,,,,,,,,,,,,,,,,,,,,,,,,,,,,,,,,,,,,,,,,,,,,,,,,,High,High,High,,,,,
84,2026-01-16,14:33:16.04,1,3,"Brunngraber, Max",1000276385,Right,POM_COL,"Ruyle, Brody",10183257,Right,POM_COL,Undefined,3,Bottom,0,1,1,Fastball,Changeup,FoulBallNotFieldable,Undefined,Undefined,Undefined,0,0,,84.81176,1.00367,-4.480277,2042.445399,243.132274,2:00,5.0167,2.20896,5.26669,-30.38675,9.93453,16.82985,3.4303,-0.60589,76.60681,-4.614377,-1.507459,0.457024,,,,,,,,,,,,-9.57166,5.10626,-1.81045,50,5.08699,8.8284,-122.56824,1.07599,-14.45176,25.91897,-24.46439,POM_COL,POM_COL,PomonaPitzer,TeamExclusive,Team,20260116-PomonaPitzer-Private-3,59f0c520-f32b-11f0-920e-eda960558d24,82.47372,,,8.20495,,,,,,,5fa35a42-9d85-4343-b482-725ce5839cf7,2026-01-16,22:33:16.04,2026-01-16T14:33:16.0432128-08:00,2026-01-16T22:33:16.0432128Z,,v3,POM_PIT,POM_PIT,,"Savas, Peter",1000276389,Right,POM_COL,0e894d54-92b1-46f8-8fe2-12bf5b713ad7,55.2272,-123.66867,12.95949,5.01926,2.11467,-12.2322,-2.1983,9.44198,-7.22588,,,,,,,,,,,,,,,,,,,,,,,,,,,,,,,,,,,,,,,,,,,,,,,,,,,High,High,High,,,,,
85,2026-01-16,14:33:39.22,1,4,"Brunngraber, Max",1000276385,Right,POM_COL,"Ruyle, Brody",10183257,Right,POM_COL,Undefined,3,Bottom,0,1,2,Slider,Curveball,StrikeSwinging,Strikeout,Undefined,Undefined,0,0,,69.34026,2.403879,-2.655176,2253.845389,104.033761,9:30,4.35001,2.21451,5.23016,-53.58814,7.56737,-21.1895,2.14781,-2.04902,62.46212,-7.435307,-6.395706,0.562846,,,,,,,,,,,,9.57378,3.63169,-1.9536,50,4.5327,5.42281,-100.20082,2.61625,9.50009,19.80827,-28.5703,POM_COL,POM_COL,PomonaPitzer,TeamExclusive,Team,20260116-PomonaPitzer-Private-3,67cd81b0-f32b-11f0-920e-eda960558d24,66.96764,,,6.87813,,,,,,,5fa35a42-9d85-4343-b482-725ce5839cf7,2026-01-16,22:33:39.22,2026-01-16T14:33:39.2270000-08:00,2026-01-16T22:33:39.2270000Z,,v3,POM_PIT,POM_PIT,,"Savas, Peter",1000276389,Right,POM_COL,8a785726-1cd3-4541-ab31-1aff7e49ea2b,55.2648,-101.23625,9.90413,4.35691,4.10969,-14.28515,-2.22408,4.92621,4.75004,,,,,,,,,,,,,,,,,,,,,,,,,,,,,64.19353,2.932567,1.849242,1.083325,0.16156,1.9801,2.19068,0.3798,5.29046,3.36461,73.47587,10.19146,-51.32122,0.38471,70.43539,-2.73657,5.38057,21.74643,-15.93838,3.26617,-57.17859,6.23123,High,High,High,,,High,High,High
86,2026-01-16,14:34:08.27,2,1,"Brunngraber, Max",1000276385,Right,POM_COL,"Gonzaga, Kai",10138924,Left,POM_COL,Undefined,3,Bottom,1,0,0,Fastball,Changeup,FoulBallNotFieldable,Undefined,Undefined,Undefined,0,0,,84.61721,0.377548,-3.507222,2083.261276,232.804979,1:45,4.72738,2.24691,5.38898,-30.95206,9.21626,10.33697,2.50257,-0.18296,76.73026,-5.344635,-1.67381,0.456156,,,,,,,,,,,,-6.24646,4.91327,-1.94084,50,4.73964,7.06693,-122.52817,-0.2652,-9.42351,25.93838,-24.76179,POM_COL,POM_COL,PomonaPitzer,TeamExclusive,Team,20260116-PomonaPitzer-Private-3,792470e0-f32b-11f0-920e-eda960558d24,82.6306,,,7.88695,,,,,,,5fa35a42-9d85-4343-b482-725ce5839cf7,2026-01-16,22:34:08.27,2026-01-16T14:34:08.2703872-08:00,2026-01-16T22:34:08.2703872Z,,v3,POM_PIT,POM_PIT,,"Savas, Peter",1000276389,Right,POM_COL,4f6a5cfd-3ab6-4817-b7c4-7b90b3adc5e4,55.10838,-123.60485,12.96919,4.72931,0.76263,-12.3809,-2.2423,7.45809,-4.71176,,,,,,,,,,,,,,,,,,,,,,,,,,,,,,,,,,,,,,,,,,,,,,,,,,,High,High,High,,,,,
87,2026-01-16,14:34:26.48,2,2,"Brunngraber, Max",1000276385,Right,POM_COL,"Gonzaga, Kai",10138924,Left,POM_COL,Undefined,3,Bottom,1,0,1,Fastball,Sinker,BallCalled,Undefined,Undefined,Undefined,0,0,,86.64468,1.285441,-2.321633,2151.530024,241.802191,2:00,4.96265,2.26755,5.53709,-27.02942,11.18579,18.34477,3.91286,1.62512,78.05508,-3.767039,0.945991,0.444928,,,,,,,,,,,,-9.86997,5.64059,-2.07808,50,5.05669,4.267,-125.51893,1.90175,-15.553,28.31462,-23.28565,POM_COL,POM_COL,PomonaPitzer,TeamExclusive,Team,20260116-PomonaPitzer-Private-3,83e74340-f32b-11f0-920e-eda960558d24,84.71583,,,8.58961,,,,,,,5fa35a42-9d85-4343-b482-725ce5839cf7,2026-01-16,22:34:26.48,2026-01-16T14:34:26.4816640-08:00,2026-01-16T22:34:26.4816640Z,,v3,POM_PIT,POM_PIT,,"Savas, Peter",1000276389,Right,POM_COL,b951193d-c1e1-48b8-9630-99552191bf00,54.95824,-126.63247,14.15731,4.96389,2.81752,-11.64283,-2.25792,4.87866,-7.7765,,,,,,,,,,,,,,,,,,,,,,,,,,,,,,,,,,,,,,,,,,,,,,,,,,,High,High,High,,,,,
88,2026-01-16,14:34:42.73,2,3,"Brunngraber, Max",1000276385,Right,POM_COL,"Gonzaga, Kai",10138924,Left,POM_COL,Undefined,3,Bottom,1,1,1,ChangeUp,Changeup,InPlay,Undefined,FlyBall,HomeRun,0,1,,76.01257,2.204342,-4.43966,1857.245165,276.963349,3:15,4.57177,2.2963,5.43006,-50.81381,-0.77843,20.92934,2.40898,-0.12586,68.72448,-7.104118,-0.728168,0.509108,,,,,,,,,,,,-11.95969,-0.62079,-1.91749,50,4.73237,7.73487,-109.9039,2.58964,-14.44748,21.72189,-32.92396,POM_COL,POM_COL,PomonaPitzer,TeamExclusive,Team,20260116-PomonaPitzer-Private-3,8dbaac90-f32b-11f0-920e-eda960558d24,74.03623,,,7.28809,,,,,,,5fa35a42-9d85-4343-b482-725ce5839cf7,2026-01-16,22:34:42.73,2026-01-16T14:34:42.7393024-08:00,2026-01-16T22:34:42.7393024Z,,v3,POM_PIT,POM_PIT,,"Savas, Peter",1000276389,Right,POM_COL,05af54fc-7d73-4b62-94f1-3e4346cae631,55.07028,-110.90149,10.86095,4.57872,4.10168,-16.46198,-2.28796,8.39838,-7.22374,,,,,,,,,,,,,,,,,,,,,,,,,,,,,,,,,,,,,,,,,,,,,,,,,,,High,High,High,,,,,
89,2026-01-16,14:35:26.48,3,1,"Brunngraber, Max",1000276385,Right,POM_COL,"Wakil, Lateef",1000128267,Left,POM_COL,Undefined,3,Bottom,1,0,0,Fastball,Changeup,StrikeCalled,Undefined,Undefined,Undefined,0,0,,86.04964,0.779509,-3.061046,2094.731164,254.707351,2:30,4.81825,2.33894,5.21878,-32.76789,6.45461,18.51686,2.8216,1.00118,77.65713,-5.256034,0.216875,0.450753,,,,,,,,,,,,-10.09052,3.41197,-2.0703,50,4.8662,5.81292,-124.56111,0.48427,-15.67103,27.70446,-26.87508,POM_COL,POM_COL,PomonaPitzer,TeamExclusive,Team,20260116-PomonaPitzer-Private-3,a7ad9680-f32b-11f0-920e-eda960558d24,83.62101,,,8.39251,,,,,,,5fa35a42-9d85-4343-b482-725ce5839cf7,2026-01-16,22:35:26.48,2026-01-16T14:35:26.4846336-08:00,2026-01-16T22:35:26.4846336Z,,v3,POM_PIT,POM_PIT,,"Savas, Peter",1000276389,Right,POM_COL,d9767068-6c2f-43e5-98ad-5abab5087b1d,55.27742,-125.72941,13.85223,4.82188,1.61761,-13.43754,-2.32936,6.47377,-7.83552,,,,,,,,,,,,,,,,,,,,,,,,,,,,,,,,,,,,,,,,,,,,,,,,,,,High,High,High,,,,,
90,2026-01-16,14:35:43.48,3,2,"Brunngraber, Max",1000276385,Right,POM_COL,"Wakil, Lateef",1000128267,Left,POM_COL,Undefined,3,Bottom,1,0,1,Slider,Curveball,BallCalled,Undefined,Undefined,Undefined,0,0,,69.09902,3.178876,-2.397317,2323.20614,86.639244,9:00,4.4031,2.31885,5.12642,-59.89606,1.32311,-13.36339,2.41146,-1.05398,62.7378,-7.73219,-4.75459,0.563138,,,,,,,,,,,,5.83985,0.32701,-2.0829,50,4.65627,4.67416,-99.9196,3.70402,5.82736,18.04848,-31.84773,POM_COL,POM_COL,PomonaPitzer,TeamExclusive,Team,20260116-PomonaPitzer-Private-3,b1dd9ec0-f32b-11f0-920e-eda960558d24,66.93282,,,6.36122,,,,,,,5fa35a42-9d85-4343-b482-725ce5839cf7,2026-01-16,22:35:43.48,2026-01-16T14:35:43.4836992-08:00,2026-01-16T22:35:43.4836992Z,,v3,POM_PIT,POM_PIT,,"Savas, Peter",1000276389,Right,POM_COL,471b4eaa-9300-4a93-a01b-f0c6456fe755,55.37058,-100.88502,9.02424,4.41258,5.40758,-15.92387,-2.32458,4.36245,2.91368,,,,,,,,,,,,,,,,,,,,,,,,,,,,,,,,,,,,,,,,,,,,,,,,,,,High,High,High,,,,,
91,2026-01-16,14:36:03.43,3,3,"Brunngraber, Max",1000276385,Right,POM_COL,"Wakil, Lateef",1000128267,Left,POM_COL,Undefined,3,Bottom,1,1,1,Cutter,Curveball,FoulBallNotFieldable,Undefined,Undefined,Undefined,0,0,,75.96947,1.647792,-2.656376,2146.720492,96.443269,9:15,4.60716,2.43503,4.88515,-47.95097,2.83166,-10.11894,2.17225,-0.92308,69.22121,-7.047636,-4.434609,0.512896,,,,,,,,,,,,4.2089,1.36114,-2.16513,50,4.72871,5.50904,-109.97675,1.50735,5.11168,21.02713,-30.52094,POM_COL,POM_COL,PomonaPitzer,TeamExclusive,Team,20260116-PomonaPitzer-Private-3,bdceb7f0-f32b-11f0-920e-eda960558d24,73.48948,,,6.74826,,,,,,,5fa35a42-9d85-4343-b482-725ce5839cf7,2026-01-16,22:36:03.43,2026-01-16T14:36:03.4364416-08:00,2026-01-16T22:36:03.4364416Z,,v3,POM_PIT,POM_PIT,,"Savas, Peter",1000276389,Right,POM_COL,4e17e349-d862-40c3-bb5b-2ff528faf7b5,55.61333,-111.04481,10.51357,4.61278,3.05764,-15.26047,-2.43837,5.24939,2.55584,,,,,,,,,,,,,,,,,,,,,,,,,,,,,,,,,,,,,,,,,,,,,,,,,,,High,High,High,,,,,
92,2026-01-16,14:36:24.17,3,4,"Brunngraber, Max",1000276385,Right,POM_COL,"Wakil, Lateef",1000128267,Left,POM_COL,Undefined,3,Bottom,1,1,2,ChangeUp,Changeup,HitByPitch,Undefined,Undefined,Undefined,0,0,,76.66099,1.356175,-5.906982,1878.554769,288.766577,3:45,4.3882,2.37882,5.21258,-54.14834,-4.68347,18.71103,1.15815,-1.63624,69.88506,-8.451428,-2.61145,0.506197,,,,,,,,,,,,-11.08012,-2.26102,-1.84593,50,4.47316,10.71345,-110.68308,0.77397,-13.67031,20.76184,-34.96365,POM_COL,POM_COL,PomonaPitzer,TeamExclusive,Team,20260116-PomonaPitzer-Private-3,ca326910-f32b-11f0-920e-eda960558d24,74.46195,,,6.77593,,,,,,,5fa35a42-9d85-4343-b482-725ce5839cf7,2026-01-16,22:36:24.17,2026-01-16T14:36:24.1760768-08:00,2026-01-16T22:36:24.1760768Z,,v3,POM_PIT,POM_PIT,,"Savas, Peter",1000276389,Right,POM_COL,6f77a1fd-d891-481b-97c8-8d52a617561e,55.28872,-111.67073,10.38092,4.39678,2.4372,-17.48182,-2.37104,11.36375,-6.83515,,,,,,,,,,,,,,,,,,,,,,,,,,,,,,,,,,,,,,,,,,,,,,,,,,,High,High,High,,,,,
93,2026-01-16,14:36:59.35,4,1,"Brunngraber, Max",1000276385,Right,POM_COL,"Pierantoni, Greg",1000091552,Right,POM_COL,Undefined,3,Bottom,1,0,0,Fastball,Changeup,BallCalled,Undefined,Undefined,Undefined,0,0,,84.84069,0.785006,-4.909179,2109.860375,232.118554,1:45,4.96619,2.22331,5.63687,-30.41395,9.14445,10.08083,3.1668,-1.52779,77.15532,-4.850503,-3.119165,0.45268,,,,,,,,,,,,-6.48111,4.80807,-1.81148,50,5.01393,10.11305,-122.71158,0.66568,-9.85431,24.92497,-24.86354,POM_COL,POM_COL,PomonaPitzer,TeamExclusive,Team,20260116-PomonaPitzer-Private-3,df038ae0-f32b-11f0-920e-eda960558d24,83.26516,,,7.68537,,,,,,,5fa35a42-9d85-4343-b482-725ce5839cf7,2026-01-16,22:36:59.35,2026-01-16T14:36:59.3562112-08:00,2026-01-16T22:36:59.3562112Z,,v3,POM_PIT,POM_PIT,,"Savas, Peter",1000276389,Right,POM_COL,f593b97f-2d23-4722-829e-bd065a51c9eb,54.85993,-123.69478,12.46249,4.96833,1.64646,-12.43177,-2.21807,10.50177,-4.92716,,,,,,,,,,,,,,,,,,,,,,,,,,,,,,,,,,,,,,,,,,,,,,,,,,,High,High,High,,,,,
94,2026-01-16,14:37:33.39,4,2,"Brunngraber, Max",1000276385,Right,POM_COL,"Pierantoni, Greg",1000091552,Right,POM_COL,Undefined,3,Bottom,1,1,0,Cutter,Curveball,BallCalled,Undefined,Undefined,Undefined,0,0,,76.60006,2.580875,-0.562434,2129.256821,102.77732,9:30,4.63462,2.20222,5.05492,-46.34156,3.39673,-7.40374,3.20858,1.0548,69.31047,-5.890249,-1.869884,0.507594,,,,,,,,,,,,3.45776,1.45189,-2.14266,50,4.84408,1.3955,-110.88886,3.40191,4.26022,21.77027,-30.38521,POM_COL,POM_COL,PomonaPitzer,TeamExclusive,Team,20260116-PomonaPitzer-Private-3,f358c5f0-f32b-11f0-920e-eda960558d24,74.25701,,,7.2896,,,,,,,5fa35a42-9d85-4343-b482-725ce5839cf7,2026-01-16,22:37:33.39,2026-01-16T14:37:33.3913600-08:00,2026-01-16T22:37:33.3913600Z,,v3,POM_PIT,POM_PIT,,"Savas, Peter",1000276389,Right,POM_COL,bb43c553-f3a4-43bc-9d7c-a38a79724de3,55.44036,-111.95184,10.88514,4.64175,4.88553,-15.19261,-2.20572,1.18748,2.13011,,,,,,,,,,,,,,,,,,,,,,,,,,,,,,,,,,,,,,,,,,,,,,,,,,,High,High,High,,,,,
95,2026-01-16,14:37:48.50,4,3,"Brunngraber, Max",1000276385,Right,POM_COL,"Pierantoni, Greg",1000091552,Right,POM_COL,Undefined,3,Bottom,1,2,0,Curveball,Curveball,FoulBallNotFieldable,Undefined,Undefined,Undefined,0,0,,67.91319,2.204694,0.136635,2122.006997,63.83849,8:15,4.30821,2.20057,5.03254,-70.56583,-7.23697,-19.15686,0.50884,0.73308,62.1042,-10.542925,-3.254063,0.572759,,,,,,,,,,,,9.61556,-3.77469,-2.19718,50,4.46187,0.43996,-98.45063,1.60243,9.30418,17.68823,-35.82649,POM_COL,POM_COL,PomonaPitzer,TeamExclusive,Team,20260116-PomonaPitzer-Private-3,fc798110-f32b-11f0-920e-eda960558d24,65.8085,,,5.80899,,,,,,,5fa35a42-9d85-4343-b482-725ce5839cf7,2026-01-16,22:37:48.50,2026-01-16T14:37:48.5004800-08:00,2026-01-16T22:37:48.5004800Z,,v3,POM_PIT,POM_PIT,,"Savas, Peter",1000276389,Right,POM_COL,3e6ccb3d-2e4f-4fa0-9371-3d1455a471cc,55.46974,-99.4285,8.84411,4.31853,3.58305,-17.91325,-2.20729,-0.07441,4.65209,,,,,,,,,,,,,,,,,,,,,,,,,,,,,,,,,,,,,,,,,,,,,,,,,,,High,High,High,,,,,
96,2026-01-16,14:38:09.68,4,4,"Brunngraber, Max",1000276385,Right,POM_COL,"Pierantoni, Greg",1000091552,Right,POM_COL,Undefined,3,Bottom,1,2,1,Cutter,Curveball,StrikeSwinging,Undefined,Undefined,Undefined,0,0,,74.72713,0.949535,-3.341312,2066.965537,96.688701,9:15,4.56755,2.20964,4.824,-50.23255,3.01906,-9.01953,1.28244,-1.71019,67.51707,-8.159288,-4.923664,0.525216,,,,,,,,,,,,3.30189,1.74866,-1.8697,50,4.61925,6.66976,-107.96387,0.06565,3.82091,22.23101,-30.15051,POM_COL,POM_COL,PomonaPitzer,TeamExclusive,Team,20260116-PomonaPitzer-Private-3,091a3b30-f32c-11f0-920e-eda960558d24,71.76565,,,7.21007,,,,,,,5fa35a42-9d85-4343-b482-725ce5839cf7,2026-01-16,22:38:09.68,2026-01-16T14:38:09.6838144-08:00,2026-01-16T22:38:09.6838144Z,,v3,POM_PIT,POM_PIT,,"Savas, Peter",1000276389,Right,POM_COL,4e84271e-d8e0-4c16-914a-ba0fc23c18ea,55.67155,-109.12546,11.11551,4.57466,1.64104,-15.07525,-2.21298,6.47012,1.91046,,,,,,,,,,,,,,,,,,,,,,,,,,,,,,,,,,,,,,,,,,,,,,,,,,,High,High,High,,,,,
97,2026-01-16,14:38:27.30,4,5,"Brunngraber, Max",1000276385,Right,POM_COL,"Pierantoni, Greg",1000091552,Right,POM_COL,Undefined,3,Bottom,1,2,2,Other,Changeup,Undefined,Undefined,Undefined,Undefined,0,0,,82.65644,1.953954,-3.709752,1953.678468,251.421115,2:30,4.80453,2.11143,5.18166,-35.10167,8.05733,18.94914,3.7224,0.19522,73.60389,-4.545597,-0.363421,0.472832,,,,,,,,,,,,-10.55426,3.85256,-1.78073,50,4.96072,6.88139,-119.32153,2.83954,-14.87104,27.81347,-26.74575,POM_COL,POM_COL,PomonaPitzer,TeamExclusive,Team,20260116-PomonaPitzer-Private-3,137216c0-f32c-11f0-920e-eda960558d24,79.71629,,,9.05256,,,,,,,5fa35a42-9d85-4343-b482-725ce5839cf7,2026-01-16,22:38:27.30,2026-01-16T14:38:27.3042432-08:00,2026-01-16T22:38:27.3042432Z,,v3,POM_PIT,POM_PIT,,"Savas, Peter",1000276389,Right,POM_COL,bd5573d0-3f94-445c-811c-09a6c6f313d0,55.31144,-120.55326,13.90674,4.80875,4.02398,-13.37287,-2.10006,7.53996,-7.43552,,,,,,,,,,,,,,,,,,,,,,,,,,,,,,,,,,,,,,,,,,,,,,,,,,,High,High,High,,,,,
98,2026-01-16,14:38:55.65,4,6,"Brunngraber, Max",1000276385,Right,POM_COL,"Pierantoni, Greg",1000091552,Right,POM_COL,Undefined,3,Bottom,1,2,2,Slider,Curveball,BallCalled,Undefined,Undefined,Undefined,0,0,,68.30484,4.540354,0.342774,2099.234249,90.578965,9:00,4.59688,2.26878,5.28797,-59.90728,2.29209,-17.07395,3.87711,1.16782,61.81821,-6.435814,-2.681239,0.567629,,,,,,,,,,,,8.52823,0.4639,-2.28736,50,4.96819,0.02943,-98.74789,6.04871,8.33475,17.22476,-31.72067,POM_COL,POM_COL,PomonaPitzer,TeamExclusive,Team,20260116-PomonaPitzer-Private-3,2465d750-f32c-11f0-920e-eda960558d24,66.40333,,,6.48663,,,,,,,5fa35a42-9d85-4343-b482-725ce5839cf7,2026-01-16,22:38:55.65,2026-01-16T14:38:55.6548096-08:00,2026-01-16T22:38:55.6548096Z,,v3,POM_PIT,POM_PIT,,"Savas, Peter",1000276389,Right,POM_COL,7545ab43-989b-4a6b-bc40-700fb180f5d7,55.20888,-99.65235,8.61238,4.60685,7.71432,-15.86034,-2.27742,-0.40822,4.16738,,,,,,,,,,,,,,,,,,,,,,,,,,,,,,,,,,,,,,,,,,,,,,,,,,,High,High,High,,,,,
99,2026-01-16,14:39:11.79,4,7,"Brunngraber, Max",1000276385,Right,POM_COL,"Pierantoni, Greg",1000091552,Right,POM_COL,Undefined,3,Bottom,1,3,2,Cutter,Slider,InPlay,Undefined,GroundBall,Out,1,0,,77.7221,1.71174,-2.438319,2024.959479,112.060526,9:45,4.68512,2.30899,5.226,-44.42148,3.2202,-4.19075,2.59448,-0.33389,71.01748,-6.396972,-3.179845,0.496781,67.87133,-49.829875,-60.405939,,,,,3.30873,3.07396,-25.431058,0.034627,1.40327,1.53091,-2.08081,50,4.80976,4.96208,-112.65109,1.86802,1.79726,21.09522,-30.21329,POM_COL,POM_COL,PomonaPitzer,TeamExclusive,Team,20260116-PomonaPitzer-Private-3,2e195c90-f32c-11f0-920e-eda960558d24,75.87337,2.64483,,6.70462,,,,1.88551,2.64483,0.52058,5fa35a42-9d85-4343-b482-725ce5839cf7,2026-01-16,22:39:11.79,2026-01-16T14:39:11.7984768-08:00,2026-01-16T22:39:11.7984768Z,GroundBall,v3,POM_PIT,POM_PIT,,"Savas, Peter",1000276389,Right,POM_COL,fb592cfb-ee4c-41fa-a849-4f3ed18e2c91,55.27305,-113.63424,10.54761,4.68989,3.27612,-15.10665,-2.31011,4.87832,0.89863,180,1.88477,31.84287,,,,,,,,2.64659,-76.38087,,,,,,,,0.52187,-56.06712,,,,,,,,,,,,,,,,,,,,,,,,,,,,,,High,High,High,Low,Low,,,
100,2026-01-16,14:39:47.12,5,1,"Brunngraber, Max",1000276385,Right,POM_COL,"Gold, Jack",1000108729,Left,POM_COL,Undefined,3,Bottom,2,0,0,Fastball,Changeup,BallCalled,Undefined,Undefined,Undefined,0,0,,82.49505,1.152223,-1.616678,1847.79467,279.705787,3:15,4.57124,2.42828,4.91814,-44.54046,-1.57236,17.76879,1.94951,2.38008,74.91785,-6.926949,1.517698,0.471785,,,,,,,,,,,,-9.22524,-0.66807,-2.28608,50,4.64665,2.58318,-119.54587,0.69688,-13.22531,25.05804,-33.13178,POM_COL,POM_COL,PomonaPitzer,TeamExclusive,Team,20260116-PomonaPitzer-Private-3,4305ce90-f32c-11f0-920e-eda960558d24,79.8932,,,7.57719,,,,,,,5fa35a42-9d85-4343-b482-725ce5839cf7,2026-01-16,22:39:47.12,2026-01-16T14:39:47.1267840-08:00,2026-01-16T22:39:47.1267840Z,,v3,POM_PIT,POM_PIT,,"Savas, Peter",1000276389,Right,POM_COL,e86e87c2-680f-4a3d-bd8b-7a4eae845f1c,55.58064,-120.70996,12.52902,4.57853,2.23605,-16.56589,-2.42036,3.19757,-6.61265,,,,,,,,,,,,,,,,,,,,,,,,,,,,,,,,,,,,,,,,,,,,,,,,,,,High,High,High,,,,,
101,2026-01-16,14:40:04.31,5,2,"Brunngraber, Max",1000276385,Right,POM_COL,"Gold, Jack",1000108729,Left,POM_COL,Undefined,3,Bottom,2,1,0,Fastball,Changeup,StrikeCalled,Undefined,Undefined,Undefined,0,0,,84.64123,0.427503,-2.664262,2086.847242,257.047177,2:30,4.94271,2.36802,5.5095,-35.09675,4.35689,13.71784,2.4182,1.01788,77.70227,-6.014208,-0.221063,0.45208,,,,,,,,,,,,-7.58874,2.48165,-2.14474,50,4.95658,5.13142,-122.84321,-0.33032,-11.6434,23.40558,-28.36643,POM_COL,POM_COL,PomonaPitzer,TeamExclusive,Team,20260116-PomonaPitzer-Private-3,4d447cd0-f32c-11f0-920e-eda960558d24,83.37566,,,6.93896,,,,,,,5fa35a42-9d85-4343-b482-725ce5839cf7,2026-01-16,22:40:04.31,2026-01-16T14:40:04.3194368-08:00,2026-01-16T22:40:04.3194368Z,,v3,POM_PIT,POM_PIT,,"Savas, Peter",1000276389,Right,POM_COL,42b40963-e387-484c-a755-6688892dee35,54.98923,-123.79016,11.70279,4.94673,0.81735,-14.18322,-2.36188,5.6025,-5.8217,,,,,,,,,,,,,,,,,,,,,,,,,,,,,,,,,,,,,,,,,,,,,,,,,,,High,High,High,,,,,
102,2026-01-16,14:40:23.88,5,3,"Brunngraber, Max",1000276385,Right,POM_COL,"Gold, Jack",1000108729,Left,POM_COL,Undefined,3,Bottom,2,1,1,Cutter,Curveball,InPlay,Undefined,FlyBall,Out,1,0,,77.56342,1.133994,-1.272673,2053.373792,151.028106,11:00,4.76395,2.23465,4.80466,-41.54593,7.44111,-3.16358,2.37661,0.76502,70.19581,-6.445618,-1.828982,0.503747,85.94959,42.938707,-4.004221,4524.562968,109.02736,93.7925,-14.59457,298.71463,294.38148,-13.892762,5.661802,1.16087,3.77658,-2.10505,50,4.84132,2.62655,-112.29987,0.76682,1.46381,22.72166,-27.41187,POM_COL,POM_COL,PomonaPitzer,TeamExclusive,Team,20260116-PomonaPitzer-Private-3,590ead10-f32c-11f0-920e-eda960558d24,74.82422,113.35433,,7.36761,,,,1.41134,2.94524,-0.86189,5fa35a42-9d85-4343-b482-725ce5839cf7,2026-01-16,22:40:23.88,2026-01-16T14:40:23.8857216-08:00,2026-01-16T22:40:23.8857216Z,FlyBall,v3,POM_PIT,POM_PIT,,"Savas, Peter",1000276389,Right,POM_COL,5839f659-086e-48da-9a02-f40c64dad52e,55.69206,-113.4457,11.36083,4.7678,2.14918,-13.70593,-2.23564,2.55273,0.73191,,1.41528,91.97439,-20.1684,4.72981,-0.58028,-0.0331,0.02392,-0.0032,0.00014,2.94168,85.93752,-18.90718,1.25269,-0.26647,0.04926,-0.00246,-0.00051,5E-05,-0.86076,-6.4639,-1.85485,0.10807,0.06496,-0.02671,0.00459,-0.00036,1E-05,,,,,,,,,,,,,,,,,,,,,,,High,High,High,Medium,Medium,,,
103,2026-01-16,14:42:31.11,1,1,"Oelschlager, Lincoln",,Right,POM_COL,"DeGrazia, Tanner",1000214434,Right,POM_COL,Undefined,4,Top,0,0,0,Fastball,Changeup,StrikeCalled,Undefined,Undefined,Undefined,0,0,,84.26224,-0.731235,-3.06926,2452.727536,220.368918,1:15,5.78196,1.69002,4.85101,-27.55671,13.51261,10.34674,2.79232,-0.35604,76.89852,-5.787553,-1.250672,0.461243,,,,,,,,,,,,-5.92044,7.25796,-1.39597,50,5.68676,6.06901,-122.01106,-2.56297,-8.92136,24.08816,-21.2372,POM_COL,POM_COL,PomonaPitzer,TeamExclusive,Team,20260116-PomonaPitzer-Private-3,a4c74a00-f32c-11f0-920e-eda960558d24,81.71922,,,7.36372,,,,,,,5fa35a42-9d85-4343-b482-725ce5839cf7,2026-01-16,22:42:31.11,2026-01-16T14:42:31.1108096-08:00,2026-01-16T22:42:31.1108096Z,,v3,POM_PIT,POM_PIT,,"Parker, will",n/a,Undefined,POM_COL,dabc43a1-5d3b-4c1c-9b7c-988d02652cb5,55.64526,-123.12054,12.04408,5.78228,-1.58481,-10.6186,-1.68496,6.47992,-4.46068,,,,,,,,,,,,,,,,,,,,,,,,,,,,,,,,,,,,,,,,,,,,,,,,,,,High,High,High,,,,,
104,2026-01-16,14:42:49.84,1,2,"Oelschlager, Lincoln",,Right,POM_COL,"DeGrazia, Tanner",1000214434,Right,POM_COL,Undefined,4,Top,0,0,1,Fastball,Changeup,FoulBallNotFieldable,Undefined,Undefined,Undefined,0,0,,84.50416,-1.279336,-2.746177,2492.90673,228.611821,1:30,5.794,1.71347,4.85223,-28.55572,12.41638,12.51371,2.20172,0.15469,76.93196,-6.512855,-0.544672,0.460697,61.4305,-19.814634,-67.439915,,,,,7.88579,7.88578,-50.920742,0.075764,-7.00575,6.89099,-1.45367,50,5.64379,5.30998,-122.36042,-3.78333,-10.56592,25.31858,-21.78118,POM_COL,POM_COL,PomonaPitzer,TeamExclusive,Team,20260116-PomonaPitzer-Private-3,b0089b30-f32c-11f0-920e-eda960558d24,81.81608,2.3239,,7.5722,,,,2.49671,2.3239,-0.16537,5fa35a42-9d85-4343-b482-725ce5839cf7,2026-01-16,22:42:49.84,2026-01-16T14:42:49.8460160-08:00,2026-01-16T22:42:49.8460160Z,GroundBall,v3,POM_PIT,POM_PIT,,"Parker, will",n/a,Undefined,POM_COL,456e5c90-12db-4778-a259-c7feff66be4c,55.64604,-123.52317,12.65929,5.79457,-2.78304,-10.89059,-1.70867,5.79521,-5.28296,,2.495,32.65995,,,,,,,,2.32551,-30.67292,,,,,,,,-0.16125,-78.6148,,,,,,,,,,,,,,,,,,,,,,,,,,,,,,High,High,High,Estimated,Estimated,,,
105,2026-01-16,14:43:15.79,1,3,"Oelschlager, Lincoln",,Right,POM_COL,"DeGrazia, Tanner",1000214434,Right,POM_COL,Undefined,4,Top,0,0,2,Slider,Curveball,BallCalled,Undefined,Undefined,Undefined,0,0,,75.40591,-0.113786,-3.47213,2650.401832,29.229099,7:00,5.69562,1.84358,4.15281,-64.72425,-11.48347,-7.4404,0.19263,-2.10973,69.16081,-11.528787,-4.766042,0.525162,,,,,,,,,,,,2.50248,-5.07264,-1.44958,50,5.61355,6.92943,-109.01001,-2.70578,2.97013,21.60158,-38.1947,POM_COL,POM_COL,PomonaPitzer,TeamExclusive,Team,20260116-PomonaPitzer-Private-3,bf86abb0-f32c-11f0-920e-eda960558d24,71.77292,,,6.2451,,,,,,,5fa35a42-9d85-4343-b482-725ce5839cf7,2026-01-16,22:43:15.79,2026-01-16T14:43:15.7942784-08:00,2026-01-16T22:43:15.7942784Z,,v3,POM_PIT,POM_PIT,,"Parker, will",n/a,Undefined,POM_COL,6b9622ac-1230-4d03-9863-d3d17a4c689c,56.3487,-110.2609,10.80079,5.7062,-0.49402,-19.09735,-1.84586,6.75743,1.48507,,,,,,,,,,,,,,,,,,,,,,,,,,,,,,,,,,,,,,,,,,,,,,,,,,,High,High,High,,,,,
106,2026-01-16,14:43:47.15,1,4,"Oelschlager, Lincoln",,Right,POM_COL,"DeGrazia, Tanner",1000214434,Right,POM_COL,Undefined,4,Top,0,1,2,Slider,Curveball,BallCalled,Undefined,Undefined,Undefined,0,0,,74.77442,1.291198,-2.58384,2619.665811,48.569146,7:30,5.65002,1.96626,3.82309,-62.92208,-8.69516,-11.78209,1.65346,-1.50961,68.86221,-9.779486,-4.618845,0.530004,,,,,,,,,,,,4.84402,-3.9691,-1.64998,50,5.72703,5.40362,-108.21185,-0.06258,5.72711,19.39403,-36.86675,POM_COL,POM_COL,PomonaPitzer,TeamExclusive,Team,20260116-PomonaPitzer-Private-3,d2289170-f32c-11f0-920e-eda960558d24,71.11732,,,5.91221,,,,,,,5fa35a42-9d85-4343-b482-725ce5839cf7,2026-01-16,22:43:47.15,2026-01-16T14:43:47.1512064-08:00,2026-01-16T22:43:47.1512064Z,,v3,POM_PIT,POM_PIT,,"Parker, will",n/a,Undefined,POM_COL,fe2eeae9-7994-44cf-ade5-0595c5abeaa3,56.67812,-109.40218,9.69701,5.66143,2.20015,-18.43337,-1.97084,5.05212,2.86355,,,,,,,,,,,,,,,,,,,,,,,,,,,,,,,,,,,,,,,,,,,,,,,,,,,High,High,High,,,,,
107,2026-01-16,14:44:09.25,1,5,"Oelschlager, Lincoln",,Right,POM_COL,"DeGrazia, Tanner",1000214434,Right,POM_COL,Undefined,4,Top,0,2,2,Fastball,Changeup,HitByPitch,Undefined,Undefined,Undefined,0,0,,84.89023,1.12902,-2.409773,2552.282908,231.281791,1:45,5.79166,1.91552,4.69127,-31.00021,9.52863,10.31359,4.28133,0.48571,77.58835,-4.518436,-0.601709,0.458198,,,,,,,,,,,,-5.65496,4.7526,-1.68047,50,5.87896,4.69145,-122.99966,1.22733,-8.69283,23.61485,-24.86837,POM_COL,POM_COL,PomonaPitzer,TeamExclusive,Team,20260116-PomonaPitzer-Private-3,df4161c0-f32c-11f0-920e-eda960558d24,82.26231,,,7.30188,,,,,,,5fa35a42-9d85-4343-b482-725ce5839cf7,2026-01-16,22:44:09.25,2026-01-16T14:44:09.2536320-08:00,2026-01-16T22:44:09.2536320Z,,v3,POM_PIT,POM_PIT,,"Parker, will",n/a,Undefined,POM_COL,e8ae2d17-e846-49fb-94c2-033fea83b7bc,55.80544,-124.10925,11.80742,5.79384,2.39581,-12.43418,-1.91051,5.0999,-4.34641,,,,,,,,,,,,,,,,,,,,,,,,,,,,,,,,,,,,,,,,,,,,,,,,,,,High,High,High,,,,,
108,2026-01-16,14:44:45.93,2,1,"Oelschlager, Lincoln",,Right,POM_COL,"Savas, Peter",1000276389,Right,POM_COL,Undefined,4,Top,0,0,0,Fastball,Changeup,StrikeCalled,Undefined,Undefined,Undefined,0,0,,84.3107,-1.568504,-3.645175,2434.251549,233.724826,1:45,5.84812,1.82592,4.59063,-31.68738,10.07796,11.74485,1.71216,-0.66729,76.60852,-7.324193,-1.590946,0.465135,,,,,,,,,,,,-6.79559,5.81583,-1.46059,50,5.65703,7.21238,-121.84422,-4.56675,-10.14295,25.5367,-23.49347,POM_COL,POM_COL,PomonaPitzer,TeamExclusive,Team,20260116-PomonaPitzer-Private-3,f521d0b0-f32c-11f0-920e-eda960558d24,81.03542,,,7.70217,,,,,,,5fa35a42-9d85-4343-b482-725ce5839cf7,2026-01-16,22:44:45.93,2026-01-16T14:44:45.9390000-08:00,2026-01-16T22:44:45.9390000Z,,v3,POM_PIT,POM_PIT,,"Parker, will",n/a,Undefined,POM_COL,a28d2ff9-b74e-494f-b84c-c611bbab71af,55.90555,-123.07571,12.76835,5.84994,-3.43379,-11.74674,-1.82019,7.70152,-5.07147,,,,,,,,,,,,,,,,,,,,,,,,,,,,,75.84835,,0.718387,,-0.58343,1.45078,0.72152,-1.16205,5.4746,2.04778,,,,-1.10115,110.05497,-9.71839,5.4805,4.82321,-11.18585,2.03397,-6.53403,1.83873,High,High,High,,,High,High,Medium
109,2026-01-16,14:45:16.20,2,2,"Oelschlager, Lincoln",,Right,POM_COL,"Savas, Peter",1000276389,Right,POM_COL,Undefined,4,Top,0,0,1,Fastball,Slider,StrikeSwinging,Undefined,Undefined,Undefined,0,0,,84.3025,-0.878961,-4.130324,2477.861841,216.95826,1:15,5.72586,1.77514,4.6261,-32.55927,9.50591,5.98335,2.17484,-1.65923,76.01186,-6.8114,-3.085001,0.466802,,,,,,,,,,,,-4.2263,5.38221,-1.3563,50,5.60633,8.50387,-121.66773,-3.12229,-6.24245,27.12724,-24.22427,POM_COL,POM_COL,PomonaPitzer,TeamExclusive,Team,20260116-PomonaPitzer-Private-3,072af8e0-f32d-11f0-920e-eda960558d24,80.74608,,,8.29065,,,,,,,5fa35a42-9d85-4343-b482-725ce5839cf7,2026-01-16,22:45:16.20,2026-01-16T14:45:16.2048512-08:00,2026-01-16T22:45:16.2048512Z,,v3,POM_PIT,POM_PIT,,"Parker, will",n/a,Undefined,POM_COL,f2b58449-ba5f-4339-8f72-ff087c1c99e5,55.86796,-122.9691,13.56362,5.72824,-1.96018,-12.11214,-1.77143,8.80334,-3.12123,,,,,,,,,,,,,,,,,,,,,,,,,,,,,,,,,,,,,,,,,,,,,,,,,,,High,High,High,,,,,
110,2026-01-16,14:45:42.55,2,3,"Oelschlager, Lincoln",,Right,POM_COL,"Savas, Peter",1000276389,Right,POM_COL,Undefined,4,Top,0,0,2,Fastball,Four-Seam,BallCalled,Undefined,Undefined,Undefined,0,0,,88.20164,-1.688461,-4.773619,2576.337001,226.049674,1:30,5.90114,1.47995,4.90478,-25.02375,12.58052,11.75028,2.21301,-2.06579,80.40044,-6.279204,-2.712865,0.441357,,,,,,,,,,,,-7.11559,7.05359,-1.02245,50,5.71499,10.08438,-127.42676,-4.71224,-11.68549,26.47937,-20.59037,POM_COL,POM_COL,PomonaPitzer,TeamExclusive,Team,20260116-PomonaPitzer-Private-3,16e3a160-f32d-11f0-920e-eda960558d24,85.40126,,,7.8012,,,,,,,5fa35a42-9d85-4343-b482-725ce5839cf7,2026-01-16,22:45:42.55,2026-01-16T14:45:42.5539072-08:00,2026-01-16T22:45:42.5539072Z,,v3,POM_PIT,POM_PIT,,"Parker, will",n/a,Undefined,POM_COL,80fafdfd-5288-48dc-b93e-d0a43697b32e,55.59214,-128.58355,13.23968,5.90121,-3.81272,-10.29519,-1.47415,10.59488,-5.84274,,,,,,,,,,,,,,,,,,,,,,,,,,,,,,,,,,,,,,,,,,,,,,,,,,,High,High,High,,,,,
111,2026-01-16,14:46:01.81,2,4,"Oelschlager, Lincoln",,Right,POM_COL,"Savas, Peter",1000276389,Right,POM_COL,Undefined,4,Top,0,1,2,Slider,Curveball,BallCalled,Undefined,Undefined,Undefined,0,0,,73.55461,4.398725,-0.649821,2740.039294,31.616746,7:00,5.60666,1.84002,3.7432,-70.59382,-13.34272,-9.5163,3.98158,0.41926,66.13142,-8.099166,-2.290176,0.544582,,,,,,,,,,,,4.22536,-7.00237,-1.75105,50,6.0423,1.63287,-106.04278,5.33549,4.72442,21.18956,-40.00343,POM_COL,POM_COL,PomonaPitzer,TeamExclusive,Team,20260116-PomonaPitzer-Private-3,226a38f0-f32d-11f0-920e-eda960558d24,69.21352,,,7.42318,,,,,,,5fa35a42-9d85-4343-b482-725ce5839cf7,2026-01-16,22:46:01.81,2026-01-16T14:46:01.8131968-08:00,2026-01-16T22:46:01.8131968Z,,v3,POM_PIT,POM_PIT,,"Parker, will",n/a,Undefined,POM_COL,17491ee4-159e-4ea8-b60a-8d7053644f03,56.75593,-107.38427,10.59478,5.62435,7.86807,-20.00172,-1.84496,1.33377,2.36221,,,,,,,,,,,,,,,,,,,,,,,,,,,,,,,,,,,,,,,,,,,,,,,,,,,High,High,High,,,,,
112,2026-01-16,14:46:23.27,2,5,"Oelschlager, Lincoln",,Right,POM_COL,"Savas, Peter",1000276389,Right,POM_COL,Undefined,4,Top,0,2,2,Slider,Curveball,FoulBallNotFieldable,Undefined,Undefined,Undefined,0,0,,72.67876,1.781863,-1.339593,2658.514676,27.620426,7:00,5.60446,2.06512,3.77018,-70.20646,-12.35335,-7.49079,1.47536,0.14725,66.49896,-10.579859,-2.635517,0.547438,,,,,,,,,,,,3.1661,-5.9791,-1.89798,50,5.73001,2.77721,-105.15682,0.55909,3.50701,19.62551,-38.79692,POM_COL,POM_COL,PomonaPitzer,TeamExclusive,Team,20260116-PomonaPitzer-Private-3,2f4b0950-f32d-11f0-920e-eda960558d24,68.85246,,,6.1798,,,,,,,5fa35a42-9d85-4343-b482-725ce5839cf7,2026-01-16,22:46:23.27,2026-01-16T14:46:23.2776704-08:00,2026-01-16T22:46:23.2776704Z,,v3,POM_PIT,POM_PIT,,"Parker, will",n/a,Undefined,POM_COL,df9005e5-ff64-476b-a6d9-7a2e8d75fc2d,56.73206,-106.40582,9.81276,5.61586,3.02818,-19.39846,-2.06762,2.55402,1.7535,,,,,,,,,,,,,,,,,,,,,,,,,,,,,,,,,,,,,,,,,,,,,,,,,,,High,High,High,,,,,
113,2026-01-16,14:46:47.37,2,6,"Oelschlager, Lincoln",,Right,POM_COL,"Savas, Peter",1000276389,Right,POM_COL,Undefined,4,Top,0,2,2,Fastball,Changeup,InPlay,Undefined,GroundBall,Out,1,0,,84.89515,-0.595791,-2.986873,2485.381481,234.516775,1:45,5.82901,1.6924,4.87611,-32.00096,8.52575,10.06355,2.59773,-0.29775,77.34893,-6.434393,-1.216372,0.458186,45.35692,-37.006116,35.853648,,,,,7.43659,7.43659,18.914973,0.068818,-5.88733,4.7439,-1.40779,50,5.74358,5.96976,-122.95483,-2.48299,-8.9697,25.4616,-24.94644,POM_COL,POM_COL,PomonaPitzer,TeamExclusive,Team,20260116-PomonaPitzer-Private-3,3d9be470-f32d-11f0-920e-eda960558d24,82.26441,2.78242,,7.54622,,,,4.04294,2.78242,0.24846,5fa35a42-9d85-4343-b482-725ce5839cf7,2026-01-16,22:46:47.37,2026-01-16T14:46:47.3768960-08:00,2026-01-16T22:46:47.3768960Z,GroundBall,v3,POM_PIT,POM_PIT,,"Parker, will",n/a,Undefined,POM_COL,33076140-a553-4de1-a490-d663aa7376bd,55.62312,-124.11381,12.7308,5.83075,-1.34746,-12.47322,-1.68881,6.37805,-4.48485,180,4.03828,43.47807,,,,,,,,2.78675,-40.43148,,,,,,,,0.2451,31.4193,,,,,,,,,,,,,,,,,,,,,,,,,,,,,,High,High,High,Medium,High,,,
114,2026-01-16,14:47:45.43,3,1,"Oelschlager, Lincoln",,Right,POM_COL,"Dillehay, Drew",N/A,Right,POM_COL,Undefined,4,Top,1,0,0,Fastball,Changeup,BallCalled,Undefined,Undefined,Undefined,0,0,,83.39162,2.022594,-4.755358,2347.367966,227.039575,1:30,5.79817,1.79249,4.78537,-32.42935,9.89674,9.13032,5.02014,-1.96412,75.65799,-3.899418,-3.160068,0.468248,,,,,,,,,,,,-5.80571,4.69906,-1.32492,50,5.97318,9.59867,-120.40463,3.05908,-8.50403,23.85771,-25.29098,POM_COL,POM_COL,PomonaPitzer,TeamExclusive,Team,20260116-PomonaPitzer-Private-3,601f5770-f32d-11f0-920e-eda960558d24,80.49681,,,7.73363,,,,,,,5fa35a42-9d85-4343-b482-725ce5839cf7,2026-01-16,22:47:45.43,2026-01-16T14:47:45.4300672-08:00,2026-01-16T22:47:45.4300672Z,,v3,POM_PIT,POM_PIT,,"Parker, will",n/a,Undefined,POM_COL,125390b4-ca54-4433-9398-426b71eece3f,55.7107,-121.53092,11.92886,5.80058,4.25303,-12.64549,-1.78753,10.00012,-4.25201,,,,,,,,,,,,,,,,,,,,,,,,,,,,,,,,,,,,,,,,,,,,,,,,,,,High,High,High,,,,,
115,2026-01-16,14:48:14.68,3,2,"Oelschlager, Lincoln",,Right,POM_COL,"Dillehay, Drew",N/A,Right,POM_COL,Undefined,4,Top,1,1,0,Fastball,Changeup,BallCalled,Undefined,Undefined,Undefined,0,0,,82.16521,1.668984,-3.068796,2467.754439,227.324714,1:30,5.70303,1.76349,4.72484,-32.08486,11.21969,10.69571,4.61564,-0.25981,74.977,-4.188557,-1.194911,0.473629,,,,,,,,,,,,-6.03111,5.45933,-1.46348,50,5.84375,5.89237,-118.95003,2.28606,-8.66477,22.22998,-24.33074,POM_COL,POM_COL,PomonaPitzer,TeamExclusive,Team,20260116-PomonaPitzer-Private-3,7190d380-f32d-11f0-920e-eda960558d24,79.58224,,,7.18822,,,,,,,5fa35a42-9d85-4343-b482-725ce5839cf7,2026-01-16,22:48:14.68,2026-01-16T14:48:14.6895872-08:00,2026-01-16T22:48:14.6895872Z,,v3,POM_PIT,POM_PIT,,"Parker, will",n/a,Undefined,POM_COL,449d8519-e6b1-42e5-aa77-c637788fa7cf,55.77166,-120.02382,11.11499,5.70494,3.46133,-12.16537,-1.75821,6.31091,-4.33239,,,,,,,,,,,,,,,,,,,,,,,,,,,,,,,,,,,,,,,,,,,,,,,,,,,High,High,High,,,,,
116,2026-01-16,14:48:36.05,3,3,"Oelschlager, Lincoln",,Right,POM_COL,"Dillehay, Drew",N/A,Right,POM_COL,Undefined,4,Top,1,2,0,Fastball,Slider,StrikeCalled,Undefined,Undefined,Undefined,0,0,,80.20035,0.542795,-2.560804,2356.38568,212.514066,1:00,5.7514,1.76907,4.59787,-35.66632,10.09056,5.485,3.29597,-0.21095,73.19567,-5.935977,-1.600892,0.486855,,,,,,,,,,,,-3.3815,5.22174,-1.51018,50,5.77498,4.94937,-116.12733,-0.21896,-4.61358,21.92303,-25.04968,POM_COL,POM_COL,PomonaPitzer,TeamExclusive,Team,20260116-PomonaPitzer-Private-3,7e4cddd0-f32d-11f0-920e-eda960558d24,77.42027,,,7.00468,,,,,,,5fa35a42-9d85-4343-b482-725ce5839cf7,2026-01-16,22:48:36.05,2026-01-16T14:48:36.0540672-08:00,2026-01-16T22:48:36.0540672Z,,v3,POM_PIT,POM_PIT,,"Parker, will",n/a,Undefined,POM_COL,6d07ac3a-0e21-44b3-bd72-756ce50d830d,55.89823,-117.23554,10.96151,5.75404,1.0473,-12.52484,-1.76626,5.18259,-2.30679,,,,,,,,,,,,,,,,,,,,,,,,,,,,,,,,,,,,,,,,,,,,,,,,,,,High,High,High,,,,,
117,2026-01-16,14:48:59.07,3,4,"Oelschlager, Lincoln",,Right,POM_COL,"Dillehay, Drew",N/A,Right,POM_COL,Undefined,4,Top,1,2,1,Fastball,Changeup,BallCalled,Undefined,Undefined,Undefined,0,0,,82.74847,-0.138324,-4.355024,2383.304441,235.305767,1:45,5.73049,1.98336,4.608,-36.56337,6.52071,7.40048,2.55163,-1.54907,75.63143,-6.742533,-3.063109,0.472422,,,,,,,,,,,,-4.81048,3.65406,-1.54135,50,5.68281,8.77151,-119.62697,-1.70654,-6.96946,23.11985,-26.88002,POM_COL,POM_COL,PomonaPitzer,TeamExclusive,Team,20260116-PomonaPitzer-Private-3,8c045f20-f32d-11f0-920e-eda960558d24,79.78559,,,7.11704,,,,,,,5fa35a42-9d85-4343-b482-725ce5839cf7,2026-01-16,22:48:59.07,2026-01-16T14:48:59.0764544-08:00,2026-01-16T22:48:59.0764544Z,,v3,POM_PIT,POM_PIT,,"Parker, will",n/a,Undefined,POM_COL,f9da632f-5ff9-4ecc-a74f-83b523a54b07,55.88897,-120.75974,11.55992,5.73416,-0.38953,-13.44001,-1.97948,9.11298,-3.48473,,,,,,,,,,,,,,,,,,,,,,,,,,,,,,,,,,,,,,,,,,,,,,,,,,,High,High,High,,,,,
118,2026-01-16,14:49:20.84,3,5,"Oelschlager, Lincoln",,Right,POM_COL,"Dillehay, Drew",N/A,Right,POM_COL,Undefined,4,Top,1,3,1,Fastball,Slider,BallCalled,Walk,Undefined,Undefined,0,0,,83.73121,0.996934,-3.018036,2453.695421,212.028825,1:00,5.85177,1.85179,4.64668,-32.65636,9.1441,4.90177,4.07912,-0.61016,76.53559,-4.937726,-2.160361,0.465331,,,,,,,,,,,,-3.20189,4.59941,-1.54755,50,5.92455,6.16599,-121.24414,0.8571,-4.77833,23.13651,-25.31008,POM_COL,POM_COL,PomonaPitzer,TeamExclusive,Team,20260116-PomonaPitzer-Private-3,98fbebd0-f32d-11f0-920e-eda960558d24,81.00135,,,7.19561,,,,,,,5fa35a42-9d85-4343-b482-725ce5839cf7,2026-01-16,22:49:20.84,2026-01-16T14:49:20.8409088-08:00,2026-01-16T22:49:20.8409088Z,,v3,POM_PIT,POM_PIT,,"Parker, will",n/a,Undefined,POM_COL,6dc4aedb-b80e-46a0-a8f3-48982a2558a1,55.85012,-122.3554,11.56826,5.85419,2.07276,-12.65504,-1.84921,6.3955,-2.38917,,,,,,,,,,,,,,,,,,,,,,,,,,,,,,,,,,,,,,,,,,,,,,,,,,,High,High,High,,,,,
119,2026-01-16,14:51:21.16,1,1,"Brunngraber, Max",1000276385,Right,POM_COL,"Parker, will",n/a,Left,POM_COL,Undefined,4,Bottom,0,0,0,Fastball,Changeup,BallCalled,Undefined,Undefined,Undefined,0,0,,82.69508,0.542595,-0.109465,2066.25342,256.867606,2:30,4.9805,2.28943,5.07386,-36.4164,5.84311,19.19859,2.45736,3.78612,75.51003,-6.107721,3.285675,0.467879,,,,,,,,,,,,-9.51965,3.17268,-2.29473,50,5.00351,-0.6108,-119.97516,-0.19507,-13.8197,24.08066,-27.56827,POM_COL,POM_COL,PomonaPitzer,TeamExclusive,Team,20260116-PomonaPitzer-Private-3,e0b324c0-f32d-11f0-920e-eda960558d24,80.56025,,,7.18505,,,,,,,5fa35a42-9d85-4343-b482-725ce5839cf7,2026-01-16,22:51:21.16,2026-01-16T14:51:21.1668480-08:00,2026-01-16T22:51:21.1668480Z,,v3,POM_PIT,POM_PIT,,"Savas, Peter",1000276389,Right,POM_COL,efa2d0a6-d10e-4430-9ce4-c6b22c9c1aca,55.42441,-121.05902,12.04033,4.98436,1.04577,-13.78413,-2.28124,0.01121,-6.90985,,,,,,,,,,,,,,,,,,,,,,,,,,,,,,,,,,,,,,,,,,,,,,,,,,,High,High,High,,,,,
120,2026-01-16,14:51:38.27,1,2,"Brunngraber, Max",1000276385,Right,POM_COL,"Parker, will",n/a,Left,POM_COL,Undefined,4,Bottom,0,1,0,Cutter,Curveball,InPlay,Undefined,Popup,Out,1,0,,77.03896,0.460412,-2.184173,2157.220674,130.613721,10:15,4.76043,2.35392,4.99036,-40.65502,8.32182,-7.83402,1.80757,-0.36224,70.38848,-6.949487,-3.565124,0.503694,80.75764,49.184234,-13.136839,,106.97183,95.09227,-25.63232,281.18918,216.81586,-15.180766,5.238294,3.25843,4.44126,-2.13677,50,4.772,4.57263,-111.64175,-0.48284,4.09138,21.06149,-26.59749,POM_COL,POM_COL,PomonaPitzer,TeamExclusive,Team,20260116-PomonaPitzer-Private-3,eb002ae0-f32d-11f0-920e-eda960558d24,74.83202,106.35672,,6.65048,,,,3.73657,2.1942,0.78344,5fa35a42-9d85-4343-b482-725ce5839cf7,2026-01-16,22:51:38.27,2026-01-16T14:51:38.2714368-08:00,2026-01-16T22:51:38.2714368Z,FlyBall,v3,POM_PIT,POM_PIT,,"Savas, Peter",1000276389,Right,POM_COL,3a9cc027-6b61-4d1b-8776-ebb55ae06a04,55.50759,-112.67597,10.53075,4.76365,0.82323,-13.29875,-2.35638,4.37172,2.04569,,3.74103,75.30586,-10.46173,1.88614,-0.09833,-0.04851,0.01229,-0.00105,3E-05,2.19347,89.64374,-23.41316,2.51268,-0.34928,-0.03125,0.02415,-0.00395,0.00022,0.78301,-17.58638,1.27152,-0.20074,-0.0072,0.01421,-0.00297,0.00024,-1E-05,,,,,,,,,,,,,,,,,,,,,,,High,High,High,Medium,Low,,,
121,2026-01-16,14:52:10.92,2,1,"Brunngraber, Max",1000276385,Right,POM_COL,"Hu, Landon",N/A,Left,POM_COL,Undefined,4,Bottom,1,0,0,Slider,Curveball,StrikeCalled,Undefined,Undefined,Undefined,0,0,,76.87021,0.868133,-1.630247,2114.382841,134.401847,10:30,4.69535,2.44689,4.9088,-43.01695,6.39709,-4.84355,1.93194,0.50122,70.04428,-6.962352,-2.483507,0.505937,,,,,,,,,,,,1.88906,3.42752,-2.28338,50,4.74476,3.37154,-111.35751,0.18979,2.35748,21.14518,-27.89663,POM_COL,POM_COL,PomonaPitzer,TeamExclusive,Team,20260116-PomonaPitzer-Private-3,fe669920-f32d-11f0-920e-eda960558d24,74.50024,,,6.82592,,,,,,,5fa35a42-9d85-4343-b482-725ce5839cf7,2026-01-16,22:52:10.92,2026-01-16T14:52:10.9227008-08:00,2026-01-16T22:52:10.9227008Z,,v3,POM_PIT,POM_PIT,,"Savas, Peter",1000276389,Right,POM_COL,fa879ed7-a087-410a-a300-2ffd5b7522c0,55.58671,-112.41334,10.57259,4.70051,1.58273,-13.94832,-2.44879,3.25382,1.17874,,,,,,,,,,,,,,,,,,,,,,,,,,,,,,,,,,,,,,,,,,,,,,,,,,,High,High,High,,,,,
122,2026-01-16,14:52:27.65,2,2,"Brunngraber, Max",1000276385,Right,POM_COL,"Hu, Landon",N/A,Left,POM_COL,Undefined,4,Bottom,1,0,1,Slider,Curveball,BallCalled,Undefined,Undefined,Undefined,0,0,,68.11464,3.963859,0.45452,2151.456669,96.131803,9:15,4.50617,2.49777,4.78957,-59.91991,3.57382,-13.41631,3.27559,1.81051,61.8537,-6.910394,-1.901532,0.573505,,,,,,,,,,,,6.65351,1.26421,-2.5309,50,4.85074,-0.27419,-98.47913,4.92305,6.48786,16.66962,-30.9413,POM_COL,POM_COL,PomonaPitzer,TeamExclusive,Team,20260116-PomonaPitzer-Private-3,0865cd60-f32e-11f0-920e-eda960558d24,65.72299,,,6.26094,,,,,,,5fa35a42-9d85-4343-b482-725ce5839cf7,2026-01-16,22:52:27.65,2026-01-16T14:52:27.6539392-08:00,2026-01-16T22:52:27.6539392Z,,v3,POM_PIT,POM_PIT,,"Savas, Peter",1000276389,Right,POM_COL,a67eb7c7-8382-41b4-b4b1-2fcecdc7c166,55.70691,-99.44045,8.33481,4.51538,6.70741,-15.47065,-2.5043,-0.64834,3.24393,,,,,,,,,,,,,,,,,,,,,,,,,,,,,,,,,,,,,,,,,,,,,,,,,,,High,High,High,,,,,
123,2026-01-16,14:52:44.04,2,3,"Brunngraber, Max",1000276385,Right,POM_COL,"Hu, Landon",N/A,Left,POM_COL,Undefined,4,Bottom,1,1,1,Cutter,Curveball,BallCalled,Undefined,Undefined,Undefined,0,0,,73.73183,0.39809,-0.573421,2083.209657,122.400155,10:00,4.74261,2.30543,5.09865,-45.40333,7.793,-9.51284,1.33415,0.97233,67.45553,-7.883274,-2.257176,0.524943,,,,,,,,,,,,4.55099,4.29217,-2.24355,50,4.745,1.43774,-106.92497,-0.72719,5.24159,19.32269,-27.23058,POM_COL,POM_COL,PomonaPitzer,TeamExclusive,Team,20260116-PomonaPitzer-Private-3,1223b2e0-f32e-11f0-920e-eda960558d24,71.8029,,,6.27631,,,,,,,5fa35a42-9d85-4343-b482-725ce5839cf7,2026-01-16,22:52:44.04,2026-01-16T14:52:44.0471040-08:00,2026-01-16T22:52:44.0471040Z,,v3,POM_PIT,POM_PIT,,"Savas, Peter",1000276389,Right,POM_COL,6826976d-7a11-4d14-9f21-c126d51046a7,55.39824,-107.89609,9.66135,4.74716,0.64136,-13.61529,-2.30919,1.17431,2.6208,,,,,,,,,,,,,,,,,,,,,,,,,,,,,,,,,,,,,,,,,,,,,,,,,,,High,High,High,,,,,
124,2026-01-16,14:53:00.72,2,4,"Brunngraber, Max",1000276385,Right,POM_COL,"Hu, Landon",N/A,Left,POM_COL,Undefined,4,Bottom,1,2,1,Fastball,Changeup,BallCalled,Undefined,Undefined,Undefined,0,0,,85.04861,1.822205,-1.051256,2073.266865,235.649514,1:45,5.04653,2.26989,5.28115,-28.36907,11.33087,14.69241,4.39461,2.50686,77.24514,-3.435719,1.554516,0.453489,,,,,,,,,,,,-7.55048,5.53646,-2.18472,50,5.19243,1.59999,-123.29633,2.93136,-11.58461,25.26805,-23.67952,POM_COL,POM_COL,PomonaPitzer,TeamExclusive,Team,20260116-PomonaPitzer-Private-3,1c0bb5a0-f32e-11f0-920e-eda960558d24,83.11663,,,7.80348,,,,,,,5fa35a42-9d85-4343-b482-725ce5839cf7,2026-01-16,22:53:00.72,2026-01-16T14:53:00.7246848-08:00,2026-01-16T22:53:00.7246848Z,,v3,POM_PIT,POM_PIT,,"Savas, Peter",1000276389,Right,POM_COL,1f2fa65a-122e-47bc-81cc-182463acba7f,55.21429,-124.36034,12.63403,5.048,3.92848,-11.83976,-2.26237,2.08781,-5.79231,,,,,,,,,,,,,,,,,,,,,,,,,,,,,,,,,,,,,,,,,,,,,,,,,,,High,High,High,,,,,
125,2026-01-16,14:53:17.09,2,5,"Brunngraber, Max",1000276385,Right,POM_COL,"Hu, Landon",N/A,Left,POM_COL,Undefined,4,Bottom,1,3,1,Fastball,Changeup,BallCalled,Walk,Undefined,Undefined,0,0,,83.33266,0.68575,-1.266291,2027.36333,244.256546,2:15,5.1045,2.27009,5.24338,-32.48805,8.96749,15.73422,3.04182,2.39103,75.75331,-5.301479,1.524061,0.463407,,,,,,,,,,,,-8.15315,4.70988,-2.16559,50,5.1438,1.97924,-120.8382,0.2998,-11.98836,24.7657,-25.24868,POM_COL,POM_COL,PomonaPitzer,TeamExclusive,Team,20260116-PomonaPitzer-Private-3,25cb48d0-f32e-11f0-920e-eda960558d24,81.33765,,,7.57935,,,,,,,5fa35a42-9d85-4343-b482-725ce5839cf7,2026-01-16,22:53:17.09,2026-01-16T14:53:17.0908672-08:00,2026-01-16T22:53:17.0908672Z,,v3,POM_PIT,POM_PIT,,"Savas, Peter",1000276389,Right,POM_COL,61e47b57-579b-4c68-bbdb-f06c4783621e,55.25286,-121.91001,12.38285,5.10718,1.39252,-12.62434,-2.26247,2.49807,-5.99418,,,,,,,,,,,,,,,,,,,,,,,,,,,,,,,,,,,,,,,,,,,,,,,,,,,High,High,High,,,,,
126,2026-01-16,14:53:53.48,3,1,"Brunngraber, Max",1000276385,Right,POM_COL,"Lee, Sammy",1000276388,Right,POM_COL,Undefined,4,Bottom,1,0,0,Fastball,Changeup,InPlay,Undefined,GroundBall,Single,0,0,,82.57115,-0.657838,-4.108727,2014.951494,240.603385,2:00,5.10314,2.23078,5.56396,-32.48092,9.00595,13.70579,1.78023,-0.47204,75.84879,-6.637647,-1.670706,0.463582,77.59649,-16.704199,-24.92026,,,,,7.98881,7.98881,-15.649104,0.056651,-8.07213,5.1054,-1.88519,50,5.02481,8.04962,-119.68057,-2.45766,-11.7523,22.2755,-24.74102,POM_COL,POM_COL,PomonaPitzer,TeamExclusive,Team,20260116-PomonaPitzer-Private-3,3b976c70-f32e-11f0-920e-eda960558d24,81.3069,1.85705,,6.72236,,,,2.08062,1.85705,0.4525,5fa35a42-9d85-4343-b482-725ce5839cf7,2026-01-16,22:53:53.48,2026-01-16T14:53:53.4814208-08:00,2026-01-16T22:53:53.4814208Z,GroundBall,v3,POM_PIT,POM_PIT,,"Savas, Peter",1000276389,Right,POM_COL,804e0d5a-865b-4b3c-b60b-14556acf5e52,54.93605,-120.59579,11.13775,5.10491,-1.44115,-12.37051,-2.22584,8.53248,-5.87615,,2.07873,99.06385,,,,,,,,1.85767,-32.78052,,,,,,,,0.45338,-46.02649,,,,,,,,,,,,,,,,,,,,,,,,,,,,,,High,High,High,Estimated,Estimated,,,
127,2026-01-16,14:54:35.35,4,1,"Brunngraber, Max",1000276385,Right,POM_COL,"Cassidy, Caleb",10304248,Right,POM_COL,Undefined,4,Bottom,1,0,0,Fastball,Changeup,BallCalled,Undefined,Undefined,Undefined,0,0,,83.76311,0.006253,-5.077262,2117.056233,246.017319,2:15,5.11459,2.03634,5.74595,-31.39376,9.02414,17.25139,2.50429,-1.26553,76.2161,-5.818629,-2.005237,0.457571,,,,,,,,,,,,-10.19319,5.00004,-1.62389,50,5.09607,10.05765,-121.183,-1.01333,-15.10872,24.39598,-24.76284,POM_COL,POM_COL,PomonaPitzer,TeamExclusive,Team,20260116-PomonaPitzer-Private-3,5471e180-f32e-11f0-920e-eda960558d24,82.37508,,,7.54702,,,,,,,5fa35a42-9d85-4343-b482-725ce5839cf7,2026-01-16,22:54:35.35,2026-01-16T14:54:35.3590000-08:00,2026-01-16T22:54:35.3590000Z,,v3,POM_PIT,POM_PIT,,"Savas, Peter",1000276389,Right,POM_COL,68b88577-df86-447c-b909-c2da7e0f08b8,54.75213,-122.13593,12.19799,5.11676,-0.04607,-12.38142,-2.02827,10.64781,-7.55436,,,,,,,,,,,,,,,,,,,,,,,,,,,,,75.52438,2.017721,0.692941,1.32478,-0.50371,2.3045,1.33091,-1.62307,5.86251,2.14916,127.2806,5.72617,3.7998,-1.48775,107.98484,-8.19405,5.90323,16.96086,-12.92139,2.09276,-2.02965,2.52651,High,High,High,,,High,High,High
128,2026-01-16,14:55:04.88,4,2,"Brunngraber, Max",1000276385,Right,POM_COL,"Cassidy, Caleb",10304248,Right,POM_COL,Undefined,4,Bottom,1,1,0,Cutter,Curveball,StrikeCalled,Undefined,Undefined,Undefined,0,0,,76.64136,0.305586,-1.341307,2054.455068,131.581626,10:30,4.83327,2.12531,4.98543,-39.58388,10.01627,-9.3989,1.82326,0.07524,69.80897,-6.930291,-2.999594,0.506889,,,,,,,,,,,,4.23772,5.36815,-1.98802,50,4.83101,2.98352,-111.05763,-0.7398,5.25187,21.31868,-25.52124,POM_COL,POM_COL,PomonaPitzer,TeamExclusive,Team,20260116-PomonaPitzer-Private-3,6616a290-f32e-11f0-920e-eda960558d24,74.36033,,,6.83239,,,,,,,5fa35a42-9d85-4343-b482-725ce5839cf7,2026-01-16,22:55:04.88,2026-01-16T14:55:04.8801792-08:00,2026-01-16T22:55:04.8801792Z,,v3,POM_PIT,POM_PIT,,"Savas, Peter",1000276389,Right,POM_COL,ce801a8b-abb0-481e-bde0-fa20d62c6334,55.51068,-112.11047,10.65934,4.83642,0.52059,-12.76062,-2.12896,2.72415,2.62594,,,,,,,,,,,,,,,,,,,,,,,,,,,,,,,,,,,,,,,,,,,,,,,,,,,High,High,High,,,,,
129,2026-01-16,14:55:21.30,4,3,"Brunngraber, Max",1000276385,Right,POM_COL,"Cassidy, Caleb",10304248,Right,POM_COL,Undefined,4,Bottom,1,1,1,Slider,Curveball,FoulBallNotFieldable,Undefined,Undefined,Undefined,0,0,,69.20757,3.041406,-0.998721,2252.734543,94.593317,9:15,4.50178,2.22336,4.95994,-57.87271,2.95173,-12.23032,2.55554,0.26053,63.22775,-7.467224,-3.153672,0.56132,67.01207,-12.823247,-57.926168,,,,,14.55259,14.05838,-47.590474,0.128681,5.80607,1.0635,-2.11585,50,4.74879,2.1879,-100.24302,3.52275,5.87629,17.01271,-31.0977,POM_COL,POM_COL,PomonaPitzer,TeamExclusive,Team,20260116-PomonaPitzer-Private-3,6ffea550-f32e-11f0-920e-eda960558d24,67.14964,2.81881,,5.97982,,,,3.2387,2.81881,-0.25123,5fa35a42-9d85-4343-b482-725ce5839cf7,2026-01-16,22:55:21.30,2026-01-16T14:55:21.3039616-08:00,2026-01-16T22:55:21.3039616Z,GroundBall,v3,POM_PIT,POM_PIT,,"Savas, Peter",1000276389,Right,POM_COL,dfb5f385-9892-426e-869d-36188abc9259,55.53985,-101.17885,8.50636,4.50797,5.23335,-15.54885,-2.22731,1.86466,2.93815,180,3.23427,51.10263,,,,,,,,2.82071,-21.90543,,,,,,,,-0.24415,-81.54728,,,,,,,,,,,,,,,,,,,,,,,,,,,,,,High,High,High,Low,Low,,,
130,2026-01-16,14:55:43.34,4,4,"Brunngraber, Max",1000276385,Right,POM_COL,"Cassidy, Caleb",10304248,Right,POM_COL,Undefined,4,Bottom,1,1,2,Slider,Curveball,FoulBallNotFieldable,Undefined,Undefined,Undefined,0,0,,67.57765,2.065821,-1.429869,2194.693618,82.628249,8:45,4.5755,2.20019,5.09289,-64.59696,-0.30843,-20.3284,1.14076,-0.84166,61.37931,-9.669947,-5.023442,0.577083,,,,,,,,,,,,9.66768,-0.24303,-2.04811,50,4.72032,3.15621,-97.83703,1.58252,9.17822,18.39095,-32.40476,POM_COL,POM_COL,PomonaPitzer,TeamExclusive,Team,20260116-PomonaPitzer-Private-3,7d246df0-f32e-11f0-920e-eda960558d24,65.31547,,,6.19834,,,,,,,5fa35a42-9d85-4343-b482-725ce5839cf7,2026-01-16,22:55:43.34,2026-01-16T14:55:43.3424896-08:00,2026-01-16T22:55:43.3424896Z,,v3,POM_PIT,POM_PIT,,"Savas, Peter",1000276389,Right,POM_COL,eb409cab-0ed0-444f-8957-c2b066882d19,55.40648,-98.84809,9.19548,4.58435,3.36401,-16.20238,-2.20776,2.65163,4.58911,,,,,,,,,,,,,,,,,,,,,,,,,,,,,,,,,,,,,,,,,,,,,,,,,,,High,High,High,,,,,
131,2026-01-16,14:56:04.92,4,5,"Brunngraber, Max",1000276385,Right,POM_COL,"Cassidy, Caleb",10304248,Right,POM_COL,Undefined,4,Bottom,1,1,2,Fastball,Changeup,StrikeSwinging,Strikeout,Undefined,Undefined,0,0,,85.40004,-0.04511,-4.730874,2159.828196,236.532624,2:00,5.08619,2.18447,5.59446,-29.27041,10.14788,13.2102,2.60473,-1.14183,77.05099,-5.491114,-2.38425,0.451877,,,,,,,,,,,,-8.09008,5.57189,-1.78645,50,5.06366,9.64018,-123.43495,-1.0825,-12.33511,27.26063,-23.67848,POM_COL,POM_COL,PomonaPitzer,TeamExclusive,Team,20260116-PomonaPitzer-Private-3,89d88900-f32e-11f0-920e-eda960558d24,83.41304,,,8.34905,,,,,,,5fa35a42-9d85-4343-b482-725ce5839cf7,2026-01-16,22:56:04.92,2026-01-16T14:56:04.9294848-08:00,2026-01-16T22:56:04.9294848Z,,v3,POM_PIT,POM_PIT,,"Savas, Peter",1000276389,Right,POM_COL,c37ab49b-1040-4814-962d-967f5963040e,54.90071,-124.51257,13.63032,5.08796,-0.14648,-11.83924,-2.17716,10.12779,-6.16756,,,,,,,,,,,,,,,,,,,,,,,,,,,,,,,,,,,,,,,,,,,,,,,,,,,High,High,High,,,,,
132,2026-01-16,14:56:33.62,5,1,"Brunngraber, Max",1000276385,Right,POM_COL,"Loui, Shawn",N/A,Right,POM_COL,Undefined,4,Bottom,2,0,0,Cutter,Curveball,BallCalled,Undefined,Undefined,Undefined,0,0,,75.83844,0.082599,-2.77366,1916.88186,142.621267,10:45,4.74456,2.2632,5.1482,-42.31231,7.72682,-4.70488,1.29639,-0.7422,69.70998,-7.620818,-3.605196,0.509127,,,,,,,,,,,,1.57323,4.30591,-1.99984,50,4.71995,5.51014,-109.93168,-1.23893,1.92563,19.44861,-26.90368,POM_COL,POM_COL,PomonaPitzer,TeamExclusive,Team,20260116-PomonaPitzer-Private-3,9af57c70-f32e-11f0-920e-eda960558d24,74.03345,,,6.12847,,,,,,,5fa35a42-9d85-4343-b482-725ce5839cf7,2026-01-16,22:56:33.62,2026-01-16T14:56:33.6211456-08:00,2026-01-16T22:56:33.6211456Z,,v3,POM_PIT,POM_PIT,,"Savas, Peter",1000276389,Right,POM_COL,1080e1bc-2b36-477e-8a34-3478c0540d23,55.34941,-110.87404,9.7243,4.7484,0.06465,-13.45184,-2.26456,5.41684,0.96281,,,,,,,,,,,,,,,,,,,,,,,,,,,,,,,,,,,,,,,,,,,,,,,,,,,High,High,High,,,,,
133,2026-01-16,14:56:48.80,5,2,"Brunngraber, Max",1000276385,Right,POM_COL,"Loui, Shawn",N/A,Right,POM_COL,Undefined,4,Bottom,2,1,0,Fastball,Changeup,BallCalled,Undefined,Undefined,Undefined,0,0,,85.45093,1.366265,-4.180176,2186.641217,213.447031,1:00,5.35475,1.94996,5.53737,-22.73753,16.64166,10.0819,4.74061,-1.1239,76.97973,-2.921427,-2.390986,0.451653,,,,,,,,,,,,-6.32016,8.35485,-1.59344,50,5.45883,8.5874,-123.54683,2.24809,-9.66913,26.95315,-19.39209,POM_COL,POM_COL,PomonaPitzer,TeamExclusive,Team,20260116-PomonaPitzer-Private-3,a3fbaab0-f32e-11f0-920e-eda960558d24,83.45444,,,8.4712,,,,,,,5fa35a42-9d85-4343-b482-725ce5839cf7,2026-01-16,22:56:48.80,2026-01-16T14:56:48.8015872-08:00,2026-01-16T22:56:48.8015872Z,,v3,POM_PIT,POM_PIT,,"Savas, Peter",1000276389,Right,POM_COL,e44b6a56-6800-4e64-91a2-c27c3a85dd3b,54.95698,-124.62356,13.47658,5.35354,3.02277,-9.69605,-1.9442,8.97366,-4.83457,,,,,,,,,,,,,,,,,,,,,,,,,,,,,,,,,,,,,,,,,,,,,,,,,,,High,High,High,,,,,
134,2026-01-16,14:57:08.89,5,3,"Brunngraber, Max",1000276385,Right,POM_COL,"Loui, Shawn",N/A,Right,POM_COL,Undefined,4,Bottom,2,2,0,Fastball,Changeup,BallCalled,Undefined,Undefined,Undefined,0,0,,84.16803,1.033777,-3.524164,2074.187019,237.75976,2:00,5.23285,2.1317,5.70615,-29.91108,9.81158,13.60505,3.70539,-0.02223,76.96621,-4.517366,-1.097256,0.453618,,,,,,,,,,,,-7.83811,5.08536,-1.84454,50,5.30112,6.95556,-122.04916,1.22253,-11.85611,23.38781,-24.48181,POM_COL,POM_COL,PomonaPitzer,TeamExclusive,Team,20260116-PomonaPitzer-Private-3,aff99520-f32e-11f0-920e-eda960558d24,83.09287,,,7.20182,,,,,,,5fa35a42-9d85-4343-b482-725ce5839cf7,2026-01-16,22:57:08.89,2026-01-16T14:57:08.8968704-08:00,2026-01-16T22:57:08.8968704Z,,v3,POM_PIT,POM_PIT,,"Savas, Peter",1000276389,Right,POM_COL,a998ad55-dbb1-4f50-9cfc-ce16f5b8e742,54.79216,-122.96403,11.6939,5.23457,2.1802,-12.24091,-2.1257,7.41934,-5.92805,,,,,,,,,,,,,,,,,,,,,,,,,,,,,,,,,,,,,,,,,,,,,,,,,,,High,High,High,,,,,
135,2026-01-16,14:57:26.20,5,4,"Brunngraber, Max",1000276385,Right,POM_COL,"Loui, Shawn",N/A,Right,POM_COL,Undefined,4,Bottom,2,3,0,Cutter,Curveball,BallCalled,Walk,Undefined,Undefined,0,0,,76.97826,0.324518,-4.502099,2060.248246,112.057639,9:45,4.83688,2.35116,5.14532,-44.82266,4.69898,-7.23611,1.40815,-2.49936,69.78611,-7.839626,-5.775503,0.506488,,,,,,,,,,,,2.1239,2.77417,-1.92327,50,4.83335,9.0464,-111.17539,-0.88099,2.61591,22.89027,-28.7572,POM_COL,POM_COL,PomonaPitzer,TeamExclusive,Team,20260116-PomonaPitzer-Private-3,ba542fd0-f32e-11f0-920e-eda960558d24,74.41926,,,7.19215,,,,,,,5fa35a42-9d85-4343-b482-725ce5839cf7,2026-01-16,22:57:26.20,2026-01-16T14:57:26.2087680-08:00,2026-01-16T22:57:26.2087680Z,,v3,POM_PIT,POM_PIT,,"Savas, Peter",1000276389,Right,POM_COL,d3777aca-c871-4d1d-bcb4-9707359cf78e,55.35021,-112.27156,11.44513,4.84257,0.49614,-14.3786,-2.35348,8.92113,1.30795,,,,,,,,,,,,,,,,,,,,,,,,,,,,,,,,,,,,,,,,,,,,,,,,,,,High,High,High,,,,,
136,2026-01-16,15:00:33.28,1,1,"Zerger, Justin",10051439,Right,POM_COL,"Quintero, James",10138921,Left,POM_COL,Undefined,5,Top,0,0,0,Fastball,Changeup,StrikeCalled,Undefined,Undefined,Undefined,0,0,,86.32642,-1.454848,-2.559148,2082.727811,221.613133,1:30,5.615,1.08772,5.27292,-24.09761,14.39245,11.66804,2.2387,-0.34531,78.82973,-5.922123,-0.490447,0.446525,,,,,,,,,,,,-6.52461,7.98075,-0.8626,50,5.4646,5.07123,-125.11706,-4.01078,-10.33408,25.43545,-19.53363,POM_COL,POM_COL,PomonaPitzer,TeamExclusive,Team,20260116-PomonaPitzer-Private-3,29cd2c90-f32f-11f0-920e-eda960558d24,84.41287,,,7.49669,,,,,,,5fa35a42-9d85-4343-b482-725ce5839cf7,2026-01-16,23:00:33.28,2026-01-16T15:00:33.2890000-08:00,2026-01-16T23:00:33.2890000Z,,v3,POM_PIT,POM_PIT,,"Ruyle, Brody",10183257,Right,POM_COL,a9585b74-3821-4a4c-ab65-cdba1efb7520,55.22397,-126.17459,12.71773,5.61447,-3.19863,-9.76682,-1.08238,5.50089,-5.16704,,,,,,,,,,,,,,,,,,,,,,,,,,,,,,,,,,,,,,,,,,,,,,,,,,,High,High,High,,,,,
137,2026-01-16,15:00:50.84,1,2,"Zerger, Justin",10051439,Right,POM_COL,"Quintero, James",10138921,Left,POM_COL,Undefined,5,Top,0,0,1,Fastball,Sinker,BallCalled,Undefined,Undefined,Undefined,0,0,,87.88645,-2.647401,-1.543565,2241.837425,240.695548,2:00,5.61435,0.94193,5.17861,-29.09009,8.41083,12.69658,0.69648,0.54724,80.09472,-7.96989,0.708403,0.44075,,,,,,,,,,,,-6.80973,5.36528,-0.80849,50,5.34605,2.85678,-127.29235,-6.97393,-11.08617,28.0323,-23.43946,POM_COL,POM_COL,PomonaPitzer,TeamExclusive,Team,20260116-PomonaPitzer-Private-3,3462ad60-f32f-11f0-920e-eda960558d24,85.51884,,,7.79173,,,,,,,5fa35a42-9d85-4343-b482-725ce5839cf7,2026-01-16,23:00:50.84,2026-01-16T15:00:50.8480000-08:00,2026-01-16T23:00:50.8480000Z,,v3,POM_PIT,POM_PIT,,"Ruyle, Brody",10183257,Right,POM_COL,49d2da4f-7f73-4609-9b03-d34bf2df1f9d,55.31934,-128.45844,14.01615,5.61587,-5.9989,-11.71973,-0.93692,3.31794,-5.54308,,,,,,,,,,,,,,,,,,,,,,,,,,,,,,,,,,,,,,,,,,,,,,,,,,,High,High,High,,,,,
138,2026-01-16,15:01:11.46,1,3,"Zerger, Justin",10051439,Right,POM_COL,"Quintero, James",10138921,Left,POM_COL,Undefined,5,Top,0,1,1,Fastball,Four-Seam,BallCalled,Undefined,Undefined,Undefined,0,0,,86.42711,-0.166764,-2.186038,2191.919771,214.167636,1:15,5.56519,1.0925,5.34919,-23.10938,15.60217,9.64453,3.48288,-0.15519,77.86813,-4.505171,-0.473913,0.447808,,,,,,,,,,,,-5.47445,8.26178,-0.90257,50,5.53418,4.34017,-125.15717,-1.12652,-8.57041,28.3286,-19.24001,POM_COL,POM_COL,PomonaPitzer,TeamExclusive,Team,20260116-PomonaPitzer-Private-3,40905a60-f32f-11f0-920e-eda960558d24,84.17099,,,8.55898,,,,,,,5fa35a42-9d85-4343-b482-725ce5839cf7,2026-01-16,23:01:11.46,2026-01-16T15:01:11.4680000-08:00,2026-01-16T23:01:11.4680000Z,,v3,POM_PIT,POM_PIT,,"Ruyle, Brody",10183257,Right,POM_COL,f05a3a50-a24a-4c9b-a1e8-892e05cdf429,55.14474,-126.31628,14.1643,5.56417,-0.33927,-9.62001,-1.08733,4.69085,-4.28521,,,,,,,,,,,,,,,,,,,,,,,,,,,,,,,,,,,,,,,,,,,,,,,,,,,High,High,High,,,,,
139,2026-01-16,15:01:33.91,1,4,"Zerger, Justin",10051439,Right,POM_COL,"Quintero, James",10138921,Left,POM_COL,Undefined,5,Top,0,2,1,Fastball,Changeup,StrikeSwinging,Undefined,Undefined,Undefined,0,0,,86.12522,-1.785045,-1.48282,2185.747048,240.321024,2:00,5.60384,1.00856,5.31806,-29.25742,9.55548,14.43202,1.48936,0.8193,78.37799,-7.171893,1.082519,0.448394,,,,,,,,,,,,-7.64977,5.72693,-0.88496,50,5.42128,2.59168,-124.82656,-4.9361,-11.974,26.99048,-23.20982,POM_COL,POM_COL,PomonaPitzer,TeamExclusive,Team,20260116-PomonaPitzer-Private-3,4ded5fa0-f32f-11f0-920e-eda960558d24,84.06106,,,7.74723,,,,,,,5fa35a42-9d85-4343-b482-725ce5839cf7,2026-01-16,23:01:33.91,2026-01-16T15:01:33.9190000-08:00,2026-01-16T23:01:33.9190000Z,,v3,POM_PIT,POM_PIT,,"Ruyle, Brody",10183257,Right,POM_COL,c3985c4f-7954-4da5-bfab-12a04bc3094e,55.1789,-125.94138,13.49524,5.60537,-3.97743,-11.60491,-1.00222,3.08626,-5.987,,,,,,,,,,,,,,,,,,,,,,,,,,,,,,,,,,,,,,,,,,,,,,,,,,,High,High,High,,,,,
140,2026-01-16,15:01:54.07,1,5,"Zerger, Justin",10051439,Right,POM_COL,"Quintero, James",10138921,Left,POM_COL,Undefined,5,Top,0,2,2,Fastball,Changeup,StrikeSwinging,Strikeout,Undefined,Undefined,0,0,,87.39865,-2.183006,-2.426629,1996.501709,260.618811,2:45,5.58106,0.97585,5.27355,-33.92565,4.49681,18.09473,0.70066,0.20311,78.4232,-8.409845,0.788304,0.446133,,,,,,,,,,,,-9.85241,3.46418,-0.76778,50,5.35699,4.52659,-126.35364,-6.0931,-15.53364,31.68407,-26.71229,POM_COL,POM_COL,PomonaPitzer,TeamExclusive,Team,20260116-PomonaPitzer-Private-3,5a0ab8f0-f32f-11f0-920e-eda960558d24,84.48708,,,8.97544,,,,,,,5fa35a42-9d85-4343-b482-725ce5839cf7,2026-01-16,23:01:54.07,2026-01-16T15:01:54.0720000-08:00,2026-01-16T23:01:54.0720000Z,,v3,POM_PIT,POM_PIT,,"Ruyle, Brody",10183257,Right,POM_COL,1fae42f1-0b03-4286-b3a8-7751eabb29c2,55.22199,-127.65637,15.84203,5.58493,-4.99479,-13.35615,-0.96702,5.16528,-7.76682,,,,,,,,,,,,,,,,,,,,,,,,,,,,,67.54112,,,0.989185,,,,1.24568,5.68521,-0.87219,75.55573,8.11113,-49.23769,1.26077,78.85658,-3.78822,5.73237,17.46625,-15.21869,-0.94399,-56.05522,7.3027,High,High,High,,,High,High,High
141,2026-01-16,15:02:21.36,2,1,"Zerger, Justin",10051439,Right,POM_COL,"Winthrop, Nolan",N/A,Left,POM_COL,Undefined,5,Top,1,0,0,Fastball,Sinker,InPlay,Undefined,LineDrive,Single,0,0,,87.93593,-1.982172,-1.621075,2077.023811,221.90868,1:30,5.71706,0.93621,5.32712,-24.01879,13.1804,10.68693,1.85406,0.30527,79.9647,-6.438296,0.277662,0.438973,94.32762,12.33922,-0.107299,1040.56048,109.97597,17.0363,-2.27138,236.38159,236.38159,-2.49768,2.225967,-5.8524,7.57485,-0.79767,50,5.52081,3.13065,-127.44243,-5.25185,-9.55556,27.95798,-19.80615,POM_COL,POM_COL,PomonaPitzer,TeamExclusive,Team,20260116-PomonaPitzer-Private-3,6a52a920-f32f-11f0-920e-eda960558d24,85.86496,17.37282,,7.97123,,,,1.40366,1.88469,-0.30045,5fa35a42-9d85-4343-b482-725ce5839cf7,2026-01-16,23:02:21.36,2026-01-16T15:02:21.3680000-08:00,2026-01-16T23:02:21.3680000Z,LineDrive,v3,POM_PIT,POM_PIT,,"Ruyle, Brody",10183257,Right,POM_COL,8966017e-471a-495b-97c3-e1980c5032d2,55.17039,-128.57169,13.97899,5.71678,-4.45185,-9.90307,-0.93192,3.51661,-4.77778,159.039867,1.40366,135.15077,-20.15735,4.53082,-0.95812,0.19321,-0.0361,0.00517,-0.00038,1.88469,29.56465,-14.5026,0.34622,0.04878,-0.03077,0.0101,-0.00185,0.00017,-0.30045,-0.25308,-2.25933,0.11025,0.05562,-0.02517,0.00676,-0.00126,0.00012,,,,,,,,,,,,,,,,,,,,,,,High,High,High,High,High,,,
142,2026-01-16,15:02:56.20,3,1,"Zerger, Justin",10051439,Right,POM_COL,"Nahabedian, George",1000214430,Right,POM_COL,Undefined,5,Top,1,0,0,Fastball,Sinker,StrikeSwinging,Undefined,Undefined,Undefined,0,0,,86.77915,-1.415716,-2.434047,2035.884754,229.771919,1:45,5.50648,1.18271,5.40345,-25.85533,12.22666,12.92009,2.02386,-0.0227,78.90262,-6.212502,-0.136834,0.444152,,,,,,,,,,,,-7.17772,6.95,-0.97499,50,5.36248,4.77132,-125.74909,-4.00438,-11.42104,26.99154,-21.11535,POM_COL,POM_COL,PomonaPitzer,TeamExclusive,Team,20260116-PomonaPitzer-Private-3,7ef9d4c0-f32f-11f0-920e-eda960558d24,84.86392,,,7.87653,,,,,,,5fa35a42-9d85-4343-b482-725ce5839cf7,2026-01-16,23:02:56.20,2026-01-16T15:02:56.2080000-08:00,2026-01-16T23:02:56.2080000Z,,v3,POM_PIT,POM_PIT,,"Ruyle, Brody",10183257,Right,POM_COL,15c26295-a691-42dc-bea1-ab1f6943ada7,55.09306,-126.83758,13.49577,5.5068,-3.15286,-10.55767,-1.17669,5.23189,-5.71052,,,,,,,,,,,,,,,,,,,,,,,,,,,,,,,,,,,,,,,,,,,,,,,,,,,High,High,High,,,,,
143,2026-01-16,15:03:35.57,3,2,"Zerger, Justin",10051439,Right,POM_COL,"Nahabedian, George",1000214430,Right,POM_COL,Undefined,5,Top,1,0,1,Slider,Slider,BallCalled,Undefined,Undefined,Undefined,0,0,,76.73518,1.094306,2.768858,2376.746338,104.968309,9:30,5.26067,1.192,4.81693,-45.39117,4.87398,-11.348,2.51598,2.87116,69.23611,-7.172562,0.774047,0.510276,,,,,,,,,,,,6.59028,2.44378,-1.45647,50,5.33043,-4.9141,-111.00979,0.55043,8.0837,23.02744,-29.1765,POM_COL,POM_COL,PomonaPitzer,TeamExclusive,Team,20260116-PomonaPitzer-Private-3,9678ff90-f32f-11f0-920e-eda960558d24,73.86683,,,7.49908,,,,,,,5fa35a42-9d85-4343-b482-725ce5839cf7,2026-01-16,23:03:35.57,2026-01-16T15:03:35.5760000-08:00,2026-01-16T23:03:35.5760000Z,,v3,POM_PIT,POM_PIT,,"Ruyle, Brody",10183257,Right,POM_COL,586c193f-0768-4d74-afab-684b2da83b46,55.68238,-112.18232,11.51372,5.26458,2.03607,-14.58825,-1.19577,-5.32572,4.04185,,,,,,,,,,,,,,,,,,,,,,,,,,,,,,,,,,,,,,,,,,,,,,,,,,,High,High,High,,,,,
144,2026-01-16,15:04:06.57,3,3,"Zerger, Justin",10051439,Right,POM_COL,"Nahabedian, George",1000214430,Right,POM_COL,Undefined,5,Top,1,1,1,Slider,Slider,StrikeCalled,Undefined,Undefined,Undefined,0,0,,76.09118,1.040793,0.697511,2408.068716,83.284586,8:45,5.52762,1.18554,4.6294,-51.42495,-0.14961,-16.73135,2.23169,0.45429,69.01478,-8.24237,-2.23997,0.515378,,,,,,,,,,,,8.33977,0.17362,-1.24092,50,5.58764,-0.62966,-110.17463,0.12559,10.10793,22.11928,-31.96362,POM_COL,POM_COL,PomonaPitzer,TeamExclusive,Team,20260116-PomonaPitzer-Private-3,a8f64650-f32f-11f0-920e-eda960558d24,73.13555,,,7.0764,,,,,,,5fa35a42-9d85-4343-b482-725ce5839cf7,2026-01-16,23:04:06.57,2026-01-16T15:04:06.5720000-08:00,2026-01-16T23:04:06.5720000Z,,v3,POM_PIT,POM_PIT,,"Ruyle, Brody",10183257,Right,POM_COL,79081546-63e3-48d6-8e94-694f6de8fc70,55.86791,-111.34647,11.05964,5.53613,1.81896,-15.98181,-1.19338,-1.16515,5.05397,,,,,,,,,,,,,,,,,,,,,,,,,,,,,,,,,,,,,,,,,,,,,,,,,,,High,High,High,,,,,
145,2026-01-16,15:04:33.08,3,4,"Zerger, Justin",10051439,Right,POM_COL,"Nahabedian, George",1000214430,Right,POM_COL,Undefined,5,Top,1,1,2,Fastball,Four-Seam,BallCalled,Undefined,Undefined,Undefined,0,0,,86.52408,-1.05462,-3.619499,2226.863501,224.058583,1:30,5.5864,0.98466,5.41777,-25.67848,12.8104,11.08335,2.45652,-1.48683,78.32242,-5.833458,-1.652465,0.446518,,,,,,,,,,,,-6.62217,7.15867,-0.6705,50,5.47507,7.4229,-125.19714,-3.18439,-10.41208,27.48865,-20.91842,POM_COL,POM_COL,PomonaPitzer,TeamExclusive,Team,20260116-PomonaPitzer-Private-3,b8bf6990-f32f-11f0-920e-eda960558d24,84.41415,,,8.20166,,,,,,,5fa35a42-9d85-4343-b482-725ce5839cf7,2026-01-16,23:04:33.08,2026-01-16T15:04:33.0860000-08:00,2026-01-16T23:04:33.0860000Z,,v3,POM_PIT,POM_PIT,,"Ruyle, Brody",10183257,Right,POM_COL,37a5a62e-25be-4fdf-8738-b68bc7f5d904,55.07725,-126.307,13.74432,5.58658,-2.33981,-10.45921,-0.97869,7.84329,-5.20604,,,,,,,,,,,,,,,,,,,,,,,,,,,,,,,,,,,,,,,,,,,,,,,,,,,High,High,High,,,,,
146,2026-01-16,15:04:56.48,3,5,"Zerger, Justin",10051439,Right,POM_COL,"Nahabedian, George",1000214430,Right,POM_COL,Undefined,5,Top,1,2,2,Slider,Slider,StrikeSwinging,Strikeout,Undefined,Undefined,0,0,,77.48502,-0.378406,-1.639533,2502.151074,89.604658,9:00,5.49073,1.24218,4.62491,-47.69093,1.64626,-8.15611,1.15663,-0.99645,70.67015,-8.959107,-3.070963,0.505544,,,,,,,,,,,,3.47217,1.43224,-1.0659,50,5.40837,3.55899,-112.19188,-2.49821,4.37765,22.34647,-30.36828,POM_COL,POM_COL,PomonaPitzer,TeamExclusive,Team,20260116-PomonaPitzer-Private-3,c6b26d40-f32f-11f0-920e-eda960558d24,74.55824,,,6.81486,,,,,,,5fa35a42-9d85-4343-b482-725ce5839cf7,2026-01-16,23:04:56.48,2026-01-16T15:04:56.4800000-08:00,2026-01-16T23:04:56.4800000Z,,v3,POM_PIT,POM_PIT,,"Ruyle, Brody",10183257,Right,POM_COL,71dbc9b8-1eff-4f4a-aad7-1225846cf001,55.87223,-113.35548,11.17324,5.49729,-0.91691,-15.18414,-1.24529,3.33104,2.18883,,,,,,,,,,,,,,,,,,,,,,,,,,,,,74.78314,,0.997325,,0.28671,0.97626,1.05737,0.31501,6.164,-3.92841,,,,0.32465,77.62779,-6.20316,6.15738,-7.55251,-5.99605,-3.93738,-76.69081,5.8062,High,High,High,,,High,High,Medium
147,2026-01-16,15:05:30.35,4,1,"Zerger, Justin",10051439,Right,POM_COL,"Heath, Emmett",N/A,Left,POM_COL,Undefined,5,Top,2,0,0,Fastball,Four-Seam,InPlay,Undefined,Popup,Out,1,0,,85.90026,-1.279941,-0.790743,2121.357165,195.067966,12:30,5.59519,1.09843,5.4265,-20.42418,18.61485,4.63233,2.69407,0.7438,77.51538,-5.141728,0.033585,0.449698,66.59216,39.299724,21.914742,,101.77251,61.18597,41.74143,222.70139,218.04931,22.731906,4.221281,-2.58862,10.18382,-1.03167,50,5.46811,1.51817,-124.49001,-3.41652,-4.00573,28.24105,-16.41516,POM_COL,POM_COL,PomonaPitzer,TeamExclusive,Team,20260116-PomonaPitzer-Private-3,daf8db40-f32f-11f0-920e-eda960558d24,83.81723,61.85311,,8.38488,,,,2.11555,2.85512,-0.72856,5fa35a42-9d85-4343-b482-725ce5839cf7,2026-01-16,23:05:30.35,2026-01-16T15:05:30.3560000-08:00,2026-01-16T23:05:30.3560000Z,FlyBall,v3,POM_PIT,POM_PIT,,"Ruyle, Brody",10183257,Right,POM_COL,c43032c2-c0f6-49f4-aba1-69ccd66bea5e,55.06973,-125.63483,14.12053,5.59312,-2.75109,-8.20758,-1.09651,1.68055,-2.00286,191.589287,2.11734,70.06426,-11.45064,2.36544,0.11153,-0.34285,0.12609,-0.01988,0.00118,2.85273,61.92316,-18.11207,1.55562,-0.63825,0.25675,-0.05393,0.00507,-0.00016,-0.72838,28.20116,-2.90608,0.17234,0.17125,-0.11386,0.03674,-0.00586,0.00036,,,,,,,,,,,,,,,,,,,,,,,High,High,High,High,High,,,
148,2026-01-16,15:08:10.75,1,1,"Lawson, Wade",1000068528,Right,POM_COL,"Loui, Shawn",N/A,Right,POM_COL,Undefined,5,Bottom,0,0,0,Fastball,Four-Seam,StrikeCalled,Undefined,Undefined,Undefined,0,0,,89.43558,-2.635705,-1.008005,2444.976357,220.115409,1:15,6.22931,0.8084,4.92004,-20.93722,15.49072,12.0226,1.9905,0.85718,81.54606,-6.502857,1.112444,0.434399,,,,,,,,,,,,-6.19776,8.76268,-0.72054,50,5.9553,1.70148,-129.52997,-6.73118,-10.49561,27.87367,-17.33487,POM_COL,POM_COL,PomonaPitzer,TeamExclusive,Team,20260116-PomonaPitzer-Private-3,3a721460-f330-11f0-920e-eda960558d24,86.76922,,,7.88952,,,,,,,5fa35a42-9d85-4343-b482-725ce5839cf7,2026-01-16,23:08:10.75,2026-01-16T15:08:10.7504128-08:00,2026-01-16T23:08:10.7504128Z,,v3,POM_PIT,POM_PIT,,"Savas, Peter",1000276389,Right,POM_COL,8ce4596f-5d06-4085-8f2a-fc43552e85c6,55.5765,-130.72448,13.93683,6.22783,-5.98831,-8.66743,-0.80309,2.15126,-5.24781,,,,,,,,,,,,,,,,,,,,,,,,,,,,,,,,,,,,,,,,,,,,,,,,,,,High,High,High,,,,,
149,2026-01-16,15:08:24.29,1,2,"Lawson, Wade",1000068528,Right,POM_COL,"Loui, Shawn",N/A,Right,POM_COL,Undefined,5,Bottom,0,0,1,Curveball,Curveball,HitByPitch,Undefined,Undefined,Undefined,0,0,,79.94008,3.278301,1.295379,2402.067288,9.981587,6:15,6.18463,0.97989,4.44473,-57.63357,-10.81701,-2.19162,4.51269,2.03292,72.2729,-7.048869,0.912541,0.49246,,,,,,,,,,,,1.47114,-5.84426,-1.11466,50,6.47511,-2.51595,-115.59873,4.32326,1.96632,24.00822,-39.9855,POM_COL,POM_COL,PomonaPitzer,TeamExclusive,Team,20260116-PomonaPitzer-Private-3,4287a110-f330-11f0-920e-eda960558d24,76.53904,,,7.66718,,,,,,,5fa35a42-9d85-4343-b482-725ce5839cf7,2026-01-16,23:08:24.29,2026-01-16T15:08:24.2924544-08:00,2026-01-16T23:08:24.2924544Z,,v3,POM_PIT,POM_PIT,,"Savas, Peter",1000276389,Right,POM_COL,0f8d07cf-8fa0-48be-a93b-5400753ef2d8,56.05543,-116.84959,12.00411,6.19558,6.40656,-19.99275,-0.98091,-2.6184,0.98316,,,,,,,,,,,,,,,,,,,,,,,,,,,,,,,,,,,,,,,,,,,,,,,,,,,High,High,High,,,,,
150,2026-01-16,15:08:54.32,2,1,"Lawson, Wade",1000068528,Right,POM_COL,"Gonzaga, Kai",10138924,Left,POM_COL,Undefined,5,Bottom,0,0,0,Fastball,Four-Seam,BallCalled,Undefined,Undefined,Undefined,0,0,,88.13842,-1.0192,-3.551236,2448.085112,229.454827,1:45,5.94433,1.21628,5.34586,-23.79651,13.31324,14.05717,3.00332,-0.94766,79.8679,-5.450723,-1.059211,0.438445,,,,,,,,,,,,-8.04252,7.35225,-0.90615,50,5.83572,7.27079,-127.56818,-3.10004,-13.15605,28.03671,-20.14719,POM_COL,POM_COL,PomonaPitzer,TeamExclusive,Team,20260116-PomonaPitzer-Private-3,5471a880-f330-11f0-920e-eda960558d24,85.96839,,,8.27052,,,,,,,5fa35a42-9d85-4343-b482-725ce5839cf7,2026-01-16,23:08:54.32,2026-01-16T15:08:54.3293952-08:00,2026-01-16T23:08:54.3293952Z,,v3,POM_PIT,POM_PIT,,"Savas, Peter",1000276389,Right,POM_COL,e855b166-b4b7-46c1-8aa6-126c3204dbeb,55.14984,-128.69503,14.01835,5.94404,-2.29029,-10.0736,-1.20901,7.79955,-6.57803,,,,,,,,,,,,,,,,,,,,,,,,,,,,,,,,,,,,,,,,,,,,,,,,,,,High,High,High,,,,,
151,2026-01-16,15:09:15.58,2,2,"Lawson, Wade",1000068528,Right,POM_COL,"Gonzaga, Kai",10138924,Left,POM_COL,Undefined,5,Bottom,0,1,0,Fastball,Four-Seam,FoulBallNotFieldable,Undefined,Undefined,Undefined,0,0,,88.40922,-2.066586,-1.830989,2509.66732,220.191246,1:15,5.97597,1.28696,5.21211,-21.87068,15.10351,11.68571,2.20828,0.53843,80.33039,-6.135218,0.240161,0.437644,,,,,,,,,,,,-6.38634,8.52922,-1.12693,50,5.7689,3.56316,-128.08187,-5.38672,-10.53416,28.19237,-18.1052,POM_COL,POM_COL,PomonaPitzer,TeamExclusive,Team,20260116-PomonaPitzer-Private-3,6135a210-f330-11f0-920e-eda960558d24,86.12583,,,8.07883,,,,,,,5fa35a42-9d85-4343-b482-725ce5839cf7,2026-01-16,23:09:15.58,2026-01-16T15:09:15.5820032-08:00,2026-01-16T23:09:15.5820032Z,,v3,POM_PIT,POM_PIT,,"Savas, Peter",1000276389,Right,POM_COL,dfa85852-b41f-4771-831d-d8cc99bd6892,55.28524,-129.23998,14.09618,5.97491,-4.64298,-9.0526,-1.28219,3.99589,-5.26708,,,,,,,,,,,,,,,,,,,,,,,,,,,,,,,,,,,,,,,,,,,,,,,,,,,High,High,High,,,,,
152,2026-01-16,15:09:39.18,2,3,"Lawson, Wade",1000068528,Right,POM_COL,"Gonzaga, Kai",10138924,Left,POM_COL,Undefined,5,Bottom,0,1,1,Fastball,Four-Seam,BallCalled,Undefined,Undefined,Undefined,0,0,,89.17983,-0.427477,-2.128092,2469.155034,215.802097,1:15,5.83514,1.22253,5.1012,-24.65364,11.64477,7.54682,3.37758,-0.15475,81.26457,-4.977817,-0.794182,0.433626,,,,,,,,,,,,-4.33126,6.26193,-1.02776,50,5.77591,4.44792,-129.27393,-1.88379,-7.317,27.37922,-21.59551,POM_COL,POM_COL,PomonaPitzer,TeamExclusive,Team,20260116-PomonaPitzer-Private-3,6f2a5370-f330-11f0-920e-eda960558d24,86.92385,,,7.91526,,,,,,,5fa35a42-9d85-4343-b482-725ce5839cf7,2026-01-16,23:09:39.18,2026-01-16T15:09:39.1879680-08:00,2026-01-16T23:09:39.1879680Z,,v3,POM_PIT,POM_PIT,,"Savas, Peter",1000276389,Right,POM_COL,163684ba-8af2-44da-a1e5-0c785cca7c57,55.39522,-130.4116,13.68961,5.83554,-0.98645,-10.79776,-1.2189,4.75196,-3.6585,,,,,,,,,,,,,,,,,,,,,,,,,,,,,,,,,,,,,,,,,,,,,,,,,,,High,High,High,,,,,
153,2026-01-16,15:09:57.70,2,4,"Lawson, Wade",1000068528,Right,POM_COL,"Gonzaga, Kai",10138924,Left,POM_COL,Undefined,5,Bottom,0,2,1,Slider,Slider,BallCalled,Undefined,Undefined,Undefined,0,0,,84.86648,1.405942,-0.843552,2625.798577,82.913325,8:45,5.66975,1.86309,4.22945,-40.52979,1.3091,-1.44059,3.63887,0.93529,76.5823,-5.88834,-1.094326,0.465545,,,,,,,,,,,,0.42193,0.67343,-1.76908,50,5.78227,1.87861,-122.73092,1.29138,0.63579,27.03219,-31.15932,POM_COL,POM_COL,PomonaPitzer,TeamExclusive,Team,20260116-PomonaPitzer-Private-3,7a372720-f330-11f0-920e-eda960558d24,80.96414,,,8.28418,,,,,,,5fa35a42-9d85-4343-b482-725ce5839cf7,2026-01-16,23:09:57.70,2026-01-16T15:09:57.7057280-08:00,2026-01-16T23:09:57.7057280Z,,v3,POM_PIT,POM_PIT,,"Savas, Peter",1000276389,Right,POM_COL,6523f90c-193c-45fe-90f9-5ed43858e17f,56.26522,-124.10319,13.51609,5.67657,2.87317,-15.57966,-1.86363,1.84633,0.31789,,,,,,,,,,,,,,,,,,,,,,,,,,,,,,,,,,,,,,,,,,,,,,,,,,,High,High,High,,,,,
154,2026-01-16,15:10:17.59,2,5,"Lawson, Wade",1000068528,Right,POM_COL,"Gonzaga, Kai",10138924,Left,POM_COL,Undefined,5,Bottom,0,3,1,Fastball,Four-Seam,BallCalled,Walk,Undefined,Undefined,0,0,,87.65535,-4.461604,-2.953056,2253.596866,200.92983,12:45,5.93543,0.88738,5.2469,-23.87643,13.83989,4.80114,-0.26109,-1.49008,80.13402,-8.842938,-2.102219,0.442014,,,,,,,,,,,,-3.28189,8.61319,-0.61983,50,5.50715,6.32153,-126.63149,-10.73478,-5.3029,27.04353,-18.25687,POM_COL,POM_COL,PomonaPitzer,TeamExclusive,Team,20260116-PomonaPitzer-Private-3,86277d00-f330-11f0-920e-eda960558d24,85.27429,,,7.52133,,,,,,,5fa35a42-9d85-4343-b482-725ce5839cf7,2026-01-16,23:10:17.59,2026-01-16T15:10:17.5924736-08:00,2026-01-16T23:10:17.5924736Z,,v3,POM_PIT,POM_PIT,,"Savas, Peter",1000276389,Right,POM_COL,b825bb7c-36ba-41f5-bd25-e6da385cdd06,55.25143,-127.74807,13.52177,5.93481,-9.98099,-9.12844,-0.88536,6.54048,-2.65145,,,,,,,,,,,,,,,,,,,,,,,,,,,,,,,,,,,,,,,,,,,,,,,,,,,High,High,High,,,,,
155,2026-01-16,15:11:00.67,3,1,"Lawson, Wade",1000068528,Right,POM_COL,"Wakil, Lateef",1000128267,Left,POM_COL,Undefined,5,Bottom,0,0,0,Fastball,Four-Seam,StrikeCalled,Undefined,Undefined,Undefined,0,0,,88.64383,-0.994518,-2.554345,2493.743985,208.549326,1:00,5.93693,1.21213,5.15809,-22.30879,14.4554,7.19662,3.14071,-0.59412,80.62534,-5.138936,-1.281735,0.436399,,,,,,,,,,,,-4.28918,7.84056,-0.97916,50,5.82736,5.39068,-128.41141,-3.02283,-7.13635,27.4719,-19.12885,POM_COL,POM_COL,PomonaPitzer,TeamExclusive,Team,20260116-PomonaPitzer-Private-3,9fbc6870-f330-11f0-920e-eda960558d24,86.37149,,,8.01848,,,,,,,5fa35a42-9d85-4343-b482-725ce5839cf7,2026-01-16,23:11:00.67,2026-01-16T15:11:00.6799360-08:00,2026-01-16T23:11:00.6799360Z,,v3,POM_PIT,POM_PIT,,"Savas, Peter",1000276389,Right,POM_COL,cb2cdb93-206f-49ab-8845-144f2dbf12b8,55.33733,-129.54823,13.73595,5.93607,-2.23126,-9.56443,-1.20834,5.68599,-3.56818,,,,,,,,,,,,,,,,,,,,,,,,,,,,,,,,,,,,,,,,,,,,,,,,,,,High,High,High,,,,,
156,2026-01-16,15:11:20.23,3,2,"Lawson, Wade",1000068528,Right,POM_COL,"Wakil, Lateef",1000128267,Left,POM_COL,Undefined,5,Bottom,0,0,1,Fastball,Four-Seam,FoulBallNotFieldable,Undefined,Undefined,Undefined,0,0,,90.20373,-0.836828,-2.855535,2474.176841,195.90884,12:30,5.96927,1.26919,4.93877,-17.54099,18.40107,4.89107,3.71558,-1.02427,81.64445,-4.132808,-1.994904,0.431492,14.65526,-29.081283,-144.594254,,,,,5.60997,1.24468,-156.460929,0.302792,-3.27067,9.69642,-0.99574,50,5.87419,6.27695,-130.56079,-2.51494,-5.60268,29.43472,-15.564,POM_COL,POM_COL,PomonaPitzer,TeamExclusive,Team,20260116-PomonaPitzer-Private-3,ab60e840-f330-11f0-920e-eda960558d24,87.35369,3.50825,,8.55927,,,,-0.00175,3.50825,1.4141,5fa35a42-9d85-4343-b482-725ce5839cf7,2026-01-16,23:11:20.23,2026-01-16T15:11:20.2332160-08:00,2026-01-16T23:11:20.2332160Z,GroundBall,v3,POM_PIT,POM_PIT,,"Savas, Peter",1000276389,Right,POM_COL,4c0e4a04-e3dc-4178-a95d-b0faeb991dcc,55.5574,-131.80774,14.71736,5.96677,-1.8556,-7.782,-1.26669,6.5143,-2.80134,180,0.07959,-16.98003,,,,,,,,3.56375,-11.58637,,,,,,,,1.47192,-12.06964,,,,,,,,,,,,,,,,,,,,,,,,,,,,,,High,High,High,Low,Low,,,
157,2026-01-16,15:11:52.02,3,3,"Lawson, Wade",1000068528,Right,POM_COL,"Wakil, Lateef",1000128267,Left,POM_COL,Undefined,5,Bottom,0,0,2,ChangeUp,Changeup,BallCalled,Undefined,Undefined,Undefined,0,0,,85.1772,-1.053161,-1.427396,1364.917532,280.287037,3:15,5.60032,1.6007,4.99921,-41.52593,-1.42295,15.23095,1.14516,1.52211,77.79917,-8.561841,1.267487,0.455784,,,,,,,,,,,,-7.93863,0.04433,-1.47627,50,5.46553,2.38579,-123.4808,-3.90049,-12.16542,26.30267,-32.10609,POM_COL,POM_COL,PomonaPitzer,TeamExclusive,Team,20260116-PomonaPitzer-Private-3,be58dd40-f330-11f0-920e-eda960558d24,82.69794,,,7.37803,,,,,,,5fa35a42-9d85-4343-b482-725ce5839cf7,2026-01-16,23:11:52.02,2026-01-16T15:11:52.0266240-08:00,2026-01-16T23:11:52.0266240Z,,v3,POM_PIT,POM_PIT,,"Savas, Peter",1000276389,Right,POM_COL,b919b0f6-2a69-4c8a-a41c-28571c68f216,55.49937,-124.64672,13.15134,5.60688,-2.47733,-16.05305,-1.59398,2.92505,-6.08271,,,,,,,,,,,,,,,,,,,,,,,,,,,,,,,,,,,,,,,,,,,,,,,,,,,High,High,High,,,,,
158,2026-01-16,15:12:15.47,3,4,"Lawson, Wade",1000068528,Right,POM_COL,"Wakil, Lateef",1000128267,Left,POM_COL,Undefined,5,Bottom,0,1,2,Slider,Slider,BallCalled,Undefined,Undefined,Undefined,0,0,,84.90898,2.460515,-0.693733,2638.969364,76.96863,8:30,5.5422,2.18126,4.35058,-40.92864,1.24284,-1.79248,4.48382,1.36908,75.54928,-4.958376,-1.006243,0.467392,,,,,,,,,,,,0.60921,0.29646,-2.10483,50,5.76661,1.57353,-122.53365,3.55099,0.90385,29.66007,-31.73419,POM_COL,POM_COL,PomonaPitzer,TeamExclusive,Team,20260116-PomonaPitzer-Private-3,cc541e50-f330-11f0-920e-eda960558d24,80.64422,,,9.3597,,,,,,,5fa35a42-9d85-4343-b482-725ce5839cf7,2026-01-16,23:12:15.47,2026-01-16T15:12:15.4742784-08:00,2026-01-16T23:12:15.4742784Z,,v3,POM_PIT,POM_PIT,,"Savas, Peter",1000276389,Right,POM_COL,f1e61e55-f01c-4e3d-ade4-17c2b89d98cf,56.14089,-124.01119,14.83003,5.55034,5.13185,-15.8671,-2.1821,1.5285,0.45192,,,,,,,,,,,,,,,,,,,,,,,,,,,,,,,,,,,,,,,,,,,,,,,,,,,High,High,High,,,,,
159,2026-01-16,15:12:33.50,3,5,"Lawson, Wade",1000068528,Right,POM_COL,"Wakil, Lateef",1000128267,Left,POM_COL,Undefined,5,Bottom,0,2,2,Fastball,Four-Seam,BallCalled,Undefined,Undefined,Undefined,0,0,,88.49509,-0.809209,-2.321295,2462.193597,196.470978,12:30,5.9023,1.16344,5.29733,-20.70033,16.1317,4.39319,3.41687,-0.65102,80.14531,-4.690559,-1.542431,0.436802,,,,,,,,,,,,-2.88469,8.67831,-0.95555,50,5.81407,4.99417,-128.19287,-2.50724,-4.76115,28.51702,-17.85061,POM_COL,POM_COL,PomonaPitzer,TeamExclusive,Team,20260116-PomonaPitzer-Private-3,d70f4f90-f330-11f0-920e-eda960558d24,86.29192,,,8.34978,,,,,,,5fa35a42-9d85-4343-b482-725ce5839cf7,2026-01-16,23:12:33.50,2026-01-16T15:12:33.5061504-08:00,2026-01-16T23:12:33.5061504Z,,v3,POM_PIT,POM_PIT,,"Savas, Peter",1000276389,Right,POM_COL,195fb130-dc8a-41df-943f-ab98a2e88634,55.19779,-129.34397,14.25851,5.90074,-1.78669,-8.9253,-1.16102,5.18635,-2.38057,,,,,,,,,,,,,,,,,,,,,,,,,,,,,,,,,,,,,,,,,,,,,,,,,,,High,High,High,,,,,
160,2026-01-16,15:12:53.13,3,6,"Lawson, Wade",1000068528,Right,POM_COL,"Wakil, Lateef",1000128267,Left,POM_COL,Undefined,5,Bottom,0,3,2,Slider,Slider,BallCalled,Walk,Undefined,Undefined,0,0,,85.26235,1.827084,0.358919,2415.900446,44.450508,7:30,5.76773,1.77428,4.38647,-41.11762,0.17591,-1.2902,4.08631,2.00946,76.74558,-5.595594,0.133673,0.462501,,,,,,,,,,,,0.73126,0.00083,-1.81128,50,5.92275,-0.70858,-123.29353,2.20034,1.1098,27.7319,-32.17277,POM_COL,POM_COL,PomonaPitzer,TeamExclusive,Team,20260116-PomonaPitzer-Private-3,e2ca1680-f330-11f0-920e-eda960558d24,81.49705,,,8.51676,,,,,,,5fa35a42-9d85-4343-b482-725ce5839cf7,2026-01-16,23:12:53.13,2026-01-16T15:12:53.1371008-08:00,2026-01-16T23:12:53.1371008Z,,v3,POM_PIT,POM_PIT,,"Savas, Peter",1000276389,Right,POM_COL,98580ab0-8ad3-405d-a1cd-3b72a30efc0a,56.1079,-124.65978,13.86595,5.7753,3.78538,-16.08639,-1.77502,-0.76326,0.5549,,,,,,,,,,,,,,,,,,,,,,,,,,,,,,,,,,,,,,,,,,,,,,,,,,,High,High,High,,,,,
161,2026-01-16,15:13:56.94,4,1,"Lawson, Wade",1000068528,Right,POM_COL,"Pierantoni, Greg",1000091552,Right,POM_COL,Undefined,5,Bottom,0,0,0,Fastball,Four-Seam,BallCalled,Undefined,Undefined,Undefined,0,0,,89.48406,-1.200569,-2.833811,2503.008624,193.453694,12:30,5.99939,0.85571,5.33053,-20.44119,15.47993,3.41268,3.16795,-1.52097,81.27853,-5.023393,-2.228815,0.431366,,,,,,,,,,,,-2.53662,8.46296,-0.60201,50,5.87649,6.2584,-129.60937,-3.41609,-4.29057,28.51188,-17.85928,POM_COL,POM_COL,PomonaPitzer,TeamExclusive,Team,20260116-PomonaPitzer-Private-3,08cc9e20-f331-11f0-920e-eda960558d24,87.37916,,,8.20553,,,,,,,5fa35a42-9d85-4343-b482-725ce5839cf7,2026-01-16,23:13:56.94,2026-01-16T15:13:56.9472512-08:00,2026-01-16T23:13:56.9472512Z,,v3,POM_PIT,POM_PIT,,"Savas, Peter",1000276389,Right,POM_COL,632c30df-0f08-4d9d-9096-ca245d44f4f5,55.16535,-130.74072,14.25594,5.99798,-2.70743,-8.92964,-0.85372,6.42865,-2.14529,,,,,,,,,,,,,,,,,,,,,,,,,,,,,,,,,,,,,,,,,,,,,,,,,,,High,High,High,,,,,
162,2026-01-16,15:14:12.22,4,2,"Lawson, Wade",1000068528,Right,POM_COL,"Pierantoni, Greg",1000091552,Right,POM_COL,Undefined,5,Bottom,0,1,0,Fastball,Four-Seam,StrikeCalled,Undefined,Undefined,Undefined,0,0,,88.3185,-2.373957,-2.42939,2499.573932,196.00251,12:30,5.91369,1.03808,5.39429,-20.65285,16.01111,4.24595,1.96456,-0.88619,80.65077,-6.224077,-1.675073,0.435804,,,,,,,,,,,,-2.81512,9.07619,-0.82425,50,5.68739,5.23873,-127.95633,-6.0004,-4.6594,26.81475,-17.15169,POM_COL,POM_COL,PomonaPitzer,TeamExclusive,Team,20260116-PomonaPitzer-Private-3,11ea7310-f331-11f0-920e-eda960558d24,86.48944,,,7.66772,,,,,,,5fa35a42-9d85-4343-b482-725ce5839cf7,2026-01-16,23:14:12.22,2026-01-16T15:14:12.2268160-08:00,2026-01-16T23:14:12.2268160Z,,v3,POM_PIT,POM_PIT,,"Savas, Peter",1000276389,Right,POM_COL,6765837c-32d6-4954-a68a-42a7bdf65f55,55.10248,-129.02119,13.40738,5.91215,-5.31929,-8.57584,-1.03595,5.42376,-2.3297,,,,,,,,,,,,,,,,,,,,,,,,,,,,,,,,,,,,,,,,,,,,,,,,,,,High,High,High,,,,,
163,2026-01-16,15:14:28.08,4,3,"Lawson, Wade",1000068528,Right,POM_COL,"Pierantoni, Greg",1000091552,Right,POM_COL,Undefined,5,Bottom,0,1,1,Slider,Slider,StrikeSwinging,Undefined,Undefined,Undefined,0,0,,85.66522,0.081418,-1.487003,2517.402039,77.673153,8:30,5.82174,1.54478,4.46134,-39.11994,1.16969,-0.61433,2.6394,0.07549,78.27874,-6.949123,-1.594447,0.456844,,,,,,,,,,,,-0.1261,0.97032,-1.38723,50,5.79272,3.25157,-124.11435,-1.46047,-0.19626,25.3357,-30.66372,POM_COL,POM_COL,PomonaPitzer,TeamExclusive,Team,20260116-PomonaPitzer-Private-3,1b5ef380-f331-11f0-920e-eda960558d24,82.50613,,,7.38648,,,,,,,5fa35a42-9d85-4343-b482-725ce5839cf7,2026-01-16,23:14:28.08,2026-01-16T15:14:28.0812032-08:00,2026-01-16T23:14:28.0812032Z,,v3,POM_PIT,POM_PIT,,"Savas, Peter",1000276389,Right,POM_COL,3112e6e1-e0be-4873-92f3-be5f607c2ac6,56.03563,-125.34036,12.66785,5.82749,0.02337,-15.33186,-1.54481,3.26107,-0.09813,,,,,,,,,,,,,,,,,,,,,,,,,,,,,,,,,,,,,,,,,,,,,,,,,,,High,High,High,,,,,
164,2026-01-16,15:14:43.24,4,4,"Lawson, Wade",1000068528,Right,POM_COL,"Pierantoni, Greg",1000091552,Right,POM_COL,Undefined,5,Bottom,0,1,2,Slider,Slider,StrikeSwinging,Strikeout,Undefined,Undefined,0,0,,85.99154,-0.232678,-2.416585,2748.566616,83.210318,8:45,5.80037,1.3261,4.38448,-39.80223,0.84347,-5.20823,2.26116,-1.41662,77.74274,-7.388576,-3.325187,0.458858,,,,,,,,,,,,1.72807,0.94437,-1.06227,50,5.7365,5.50199,-124.30975,-2.18532,2.66389,28.3699,-30.71827,POM_COL,POM_COL,PomonaPitzer,TeamExclusive,Team,20260116-PomonaPitzer-Private-3,246a78f0-f331-11f0-920e-eda960558d24,82.14396,,,8.2488,,,,,,,5fa35a42-9d85-4343-b482-725ce5839cf7,2026-01-16,23:14:43.24,2026-01-16T15:14:43.2443904-08:00,2026-01-16T23:14:43.2443904Z,,v3,POM_PIT,POM_PIT,,"Savas, Peter",1000276389,Right,POM_COL,0c18921f-1116-47bd-8f8a-b07909133a2e,56.11076,-125.69661,14.18495,5.80663,-0.68366,-15.35914,-1.32805,5.37177,1.33194,,,,,,,,,,,,,,,,,,,,,,,,,,,,,,,,,,,,,,,,,,,,,,,,,,,High,High,High,,,,,
165,2026-01-16,15:15:14.91,5,1,"Lawson, Wade",1000068528,Right,POM_COL,"Gold, Jack",1000108729,Left,POM_COL,Undefined,5,Bottom,1,0,0,Slider,Slider,BallCalled,Undefined,Undefined,Undefined,0,0,,86.70098,1.126446,-0.515181,2711.121428,89.975376,9:00,5.89355,1.5427,4.21002,-38.73506,1.45575,-2.94114,3.74477,0.80413,78.0731,-5.848568,-1.02713,0.456283,,,,,,,,,,,,1.23224,0.82303,-1.48283,50,5.97752,1.27745,-125.35949,0.78049,1.93313,28.68819,-30.8829,POM_COL,POM_COL,PomonaPitzer,TeamExclusive,Team,20260116-PomonaPitzer-Private-3,37482f30-f331-11f0-920e-eda960558d24,82.60752,,,8.62788,,,,,,,5fa35a42-9d85-4343-b482-725ce5839cf7,2026-01-16,23:15:14.91,2026-01-16T15:15:14.9107200-08:00,2026-01-16T23:15:14.9107200Z,,v3,POM_PIT,POM_PIT,,"Savas, Peter",1000276389,Right,POM_COL,bf638e38-a3a2-4cd8-973b-e3bb4ca51bd4,56.28382,-126.78937,14.34409,5.90026,2.31976,-15.44145,-1.5441,1.1811,0.96656,,,,,,,,,,,,,,,,,,,,,,,,,,,,,,,,,,,,,,,,,,,,,,,,,,,High,High,High,,,,,
166,2026-01-16,15:15:34.26,5,2,"Lawson, Wade",1000068528,Right,POM_COL,"Gold, Jack",1000108729,Left,POM_COL,Undefined,5,Bottom,1,1,0,ChangeUp,Changeup,BallCalled,Undefined,Undefined,Undefined,0,1,,85.75783,-3.236708,-4.408604,1433.617374,249.561368,2:15,5.52734,1.54173,4.95665,-34.1112,5.73422,11.77402,-0.38565,-1.6506,78.48303,-9.399029,-2.335685,0.454319,,,,,,,,,,,,-7.16807,4.14835,-1.12422,50,5.18456,9.02669,-123.83937,-8.32343,-11.07689,25.86766,-25.76359,POM_COL,POM_COL,PomonaPitzer,TeamExclusive,Team,20260116-PomonaPitzer-Private-3,42eab330-f331-11f0-920e-eda960558d24,82.96475,,,7.2748,,,,,,,5fa35a42-9d85-4343-b482-725ce5839cf7,2026-01-16,23:15:34.26,2026-01-16T15:15:34.2698496-08:00,2026-01-16T23:15:34.2698496Z,,v3,POM_PIT,POM_PIT,,"Savas, Peter",1000276389,Right,POM_COL,b680a66c-2657-4e6f-a082-1c7972040a3f,55.54282,-124.9918,12.93383,5.52981,-7.17564,-12.8818,-1.53736,9.52017,-5.53845,,,,,,,,,,,,,,,,,,,,,,,,,,,,,,,,,,,,,,,,,,,,,,,,,,,High,High,High,,,,,
167,2026-01-16,15:16:11.37,5,3,"Lawson, Wade",1000068528,Right,POM_COL,"Gold, Jack",1000108729,Left,POM_COL,Undefined,5,Bottom,1,2,0,Fastball,Four-Seam,BallCalled,Undefined,Undefined,Undefined,0,0,,89.19485,-2.000466,-2.806883,2569.003717,193.595704,12:30,5.96119,0.94122,5.366,-21.49048,14.65394,3.24622,2.29155,-1.42227,81.0935,-6.004697,-2.230823,0.432705,,,,,,,,,,,,-2.48595,8.32898,-0.69164,50,5.76659,6.19086,-129.1879,-5.25812,-4.17092,28.72424,-18.19963,POM_COL,POM_COL,PomonaPitzer,TeamExclusive,Team,20260116-PomonaPitzer-Private-3,590544f0-f331-11f0-920e-eda960558d24,87.10881,,,8.10135,,,,,,,5fa35a42-9d85-4343-b482-725ce5839cf7,2026-01-16,23:16:11.37,2026-01-16T15:16:11.3742848-08:00,2026-01-16T23:16:11.3742848Z,,v3,POM_PIT,POM_PIT,,"Savas, Peter",1000276389,Right,POM_COL,f4df2aaa-62ee-40a5-971c-1d8d4b4fb126,55.13254,-130.3241,14.36212,5.96034,-4.53823,-9.09981,-0.93979,6.35584,-2.08546,,,,,,,,,,,,,,,,,,,,,,,,,,,,,,,,,,,,,,,,,,,,,,,,,,,High,High,High,,,,,
168,2026-01-16,15:16:28.45,5,4,"Lawson, Wade",1000068528,Right,POM_COL,"Gold, Jack",1000108729,Left,POM_COL,Undefined,5,Bottom,1,3,0,Fastball,Four-Seam,InPlay,Undefined,Popup,Out,1,0,,88.73504,-1.533395,-2.30812,2454.229733,202.69874,12:45,5.87573,0.9567,5.47521,-23.1456,12.95359,4.93504,2.51054,-0.79304,81.15918,-5.831063,-1.42986,0.432434,38.31491,44.214886,-16.275498,3888.878406,,,,85.2734,79.63104,-21.897664,2.515394,-3.14441,7.30863,-0.75742,50,5.72537,4.97204,-128.70221,-4.24812,-5.27194,26.81492,-19.92039,POM_COL,POM_COL,PomonaPitzer,TeamExclusive,Team,20260116-PomonaPitzer-Private-3,63361080-f331-11f0-920e-eda960558d24,87.16339,25.65963,,7.57586,,,,1.2116,2.6133,0.77629,5fa35a42-9d85-4343-b482-725ce5839cf7,2026-01-16,23:16:28.45,2026-01-16T15:16:28.4590080-08:00,2026-01-16T23:16:28.4590080Z,GroundBall,v3,POM_PIT,POM_PIT,,"Savas, Peter",1000276389,Right,POM_COL,cf428ba8-ecac-438e-b3ab-84c8e112a2ad,55.0233,-129.74459,13.40746,5.87546,-3.47376,-9.9602,-0.95468,5.17697,-2.63597,144.773915,1.21153,38.66795,-5.33268,1.50792,-0.5236,0.30124,-0.14753,0.0391,-0.00407,2.6134,39.18201,-17.49495,0.78055,0.06653,-0.19966,0.107,-0.02546,0.00228,0.77628,-11.28675,-1.2149,0.35939,-0.10681,0.04965,-0.02301,0.00619,-0.00066,,,,,,,,,,,,,,,,,,,,,,,High,High,High,High,High,,,
169,2026-01-16,15:17:03.05,6,1,"Lawson, Wade",1000068528,Right,POM_COL,"Parker, will",n/a,Left,POM_COL,Undefined,5,Bottom,2,0,0,Fastball,Four-Seam,StrikeCalled,Undefined,Undefined,Undefined,0,0,,90.26725,-2.079484,-1.520127,2502.679793,229.964159,1:45,6.02869,0.84907,5.22214,-26.09942,9.21189,9.58327,1.89713,0.21816,82.44549,-6.872403,0.17999,0.427689,,,,,,,,,,,,-5.20016,5.55048,-0.71621,50,5.8175,3.02338,-130.84199,-5.74155,-8.98943,28.32936,-22.57906,POM_COL,POM_COL,PomonaPitzer,TeamExclusive,Team,20260116-PomonaPitzer-Private-3,77ba23c0-f331-11f0-920e-eda960558d24,88.13047,,,7.82176,,,,,,,5fa35a42-9d85-4343-b482-725ce5839cf7,2026-01-16,23:17:03.05,2026-01-16T15:17:03.0525440-08:00,2026-01-16T23:17:03.0525440Z,,v3,POM_PIT,POM_PIT,,"Savas, Peter",1000276389,Right,POM_COL,132da496-c8e0-4d0a-ad8c-5e58a4703905,55.27491,-131.97915,14.16468,6.02978,-4.83521,-11.28953,-0.84481,3.38422,-4.49471,,,,,,,,,,,,,,,,,,,,,,,,,,,,,,,,,,,,,,,,,,,,,,,,,,,High,High,High,,,,,
170,2026-01-16,15:17:17.85,6,2,"Lawson, Wade",1000068528,Right,POM_COL,"Parker, will",n/a,Left,POM_COL,Undefined,5,Bottom,2,0,1,Curveball,Curveball,InPlay,Undefined,GroundBall,Out,1,0,,79.24442,1.024463,-0.382072,2304.694876,46.900388,7:30,6.11328,0.94121,4.65267,-55.5446,-8.51705,-10.79898,2.45804,-0.32172,72.28148,-8.939792,-2.280288,0.493569,,,,,,,,,,,,5.16433,-4.02016,-0.89172,50,6.16703,1.23449,-114.85274,-0.08741,6.82576,23.3572,-37.48755,POM_COL,POM_COL,PomonaPitzer,TeamExclusive,Team,20260116-PomonaPitzer-Private-3,80976d40-f331-11f0-920e-eda960558d24,76.36715,,,6.96294,,,,,,,5fa35a42-9d85-4343-b482-725ce5839cf7,2026-01-16,23:17:17.85,2026-01-16T15:17:17.8526208-08:00,2026-01-16T23:17:17.8526208Z,,v3,POM_PIT,POM_PIT,,"Savas, Peter",1000276389,Right,POM_COL,bc5c6f61-1156-4fba-991e-95e7f658350a,55.84752,-116.03584,11.6786,6.12337,1.81142,-18.74377,-0.9455,0.88876,3.41288,,,,,,,,,,,,,,,,,,,,,,,,,,,,,,,,,,,,,,,,,,,,,,,,,,,High,High,High,,,,,
171,2026-01-16,15:19:51.25,1,1,"Zerger, Justin",10051439,Right,POM_COL,"Green, Mason",10147543,Right,POM_COL,Undefined,6,Top,0,0,0,Fastball,Changeup,BallCalled,Undefined,Undefined,Undefined,0,0,,85.99242,-2.305343,-3.518581,1891.672971,204.994359,12:45,5.72495,0.75708,5.37659,-21.25222,17.7484,7.63682,1.78748,-1.90925,78.03421,-6.286332,-2.164514,0.449477,,,,,,,,,,,,-4.85213,9.98241,-0.44709,50,5.50344,7.30684,-124.36667,-5.6938,-7.54379,26.64581,-16.65394,POM_COL,POM_COL,PomonaPitzer,TeamExclusive,Team,20260116-PomonaPitzer-Private-3,dc024a10-f331-11f0-920e-eda960558d24,83.8585,,,7.9582,,,,,,,5fa35a42-9d85-4343-b482-725ce5839cf7,2026-01-16,23:19:51.25,2026-01-16T15:19:51.2510000-08:00,2026-01-16T23:19:51.2510000Z,,v3,POM_PIT,POM_PIT,,"Ruyle, Brody",10183257,Right,POM_COL,8158b9d8-08d0-47f4-a0a0-7823711d2290,55.11819,-125.45846,13.32291,5.72275,-5.01142,-8.32697,-0.75281,7.61595,-3.77189,,,,,,,,,,,,,,,,,,,,,,,,,,,,,,,,,,,,,,,,,,,,,,,,,,,High,High,High,,,,,
172,2026-01-16,15:20:08.66,1,2,"Zerger, Justin",10051439,Right,POM_COL,"Green, Mason",10147543,Right,POM_COL,Undefined,6,Top,0,1,0,Fastball,Changeup,StrikeSwinging,Undefined,Undefined,Undefined,0,0,,84.13952,-1.204566,-1.936374,2188.893211,212.986994,1:00,5.65256,0.87422,5.21347,-27.96572,12.82701,7.42248,2.18859,-0.32874,76.52269,-6.371488,-0.620901,0.459688,,,,,,,,,,,,-4.26673,7.17221,-0.70104,50,5.52064,3.79711,-121.91842,-3.53227,-6.37991,25.43824,-21.44969,POM_COL,POM_COL,PomonaPitzer,TeamExclusive,Team,20260116-PomonaPitzer-Private-3,e6615190-f331-11f0-920e-eda960558d24,81.99577,,,7.61683,,,,,,,5fa35a42-9d85-4343-b482-725ce5839cf7,2026-01-16,23:20:08.66,2026-01-16T15:20:08.6680000-08:00,2026-01-16T23:20:08.6680000Z,,v3,POM_PIT,POM_PIT,,"Ruyle, Brody",10183257,Right,POM_COL,8a32bb22-6e48-4925-a9a5-ff9f668320ce,55.28259,-123.01569,12.71912,5.65305,-2.60704,-10.72484,-0.87076,4.0723,-3.18996,,,,,,,,,,,,,,,,,,,,,,,,,,,,,,,,,,,,,,,,,,,,,,,,,,,High,High,High,,,,,
173,2026-01-16,15:20:27.64,1,3,"Zerger, Justin",10051439,Right,POM_COL,"Green, Mason",10147543,Right,POM_COL,Undefined,6,Top,0,1,1,Slider,Slider,BallCalled,Undefined,Undefined,Undefined,0,0,,76.68516,-0.019011,0.142422,2448.389607,92.634171,9:00,5.45987,1.08681,4.59171,-47.52798,2.06343,-12.83536,1.48113,0.15267,70.94177,-8.538489,-2.11048,0.506844,,,,,,,,,,,,6.30437,1.46713,-1.08893,50,5.41375,0.26099,-111.30269,-1.78371,7.95281,18.92817,-30.32331,POM_COL,POM_COL,PomonaPitzer,TeamExclusive,Team,20260116-PomonaPitzer-Private-3,f1b7ff80-f331-11f0-920e-eda960558d24,74.36689,,,5.74338,,,,,,,5fa35a42-9d85-4343-b482-725ce5839cf7,2026-01-16,23:20:27.64,2026-01-16T15:20:27.6410000-08:00,2026-01-16T23:20:27.6410000Z,,v3,POM_PIT,POM_PIT,,"Ruyle, Brody",10183257,Right,POM_COL,469f1da2-197c-4680-bf18-661bce1d7dca,55.90811,-112.30293,9.46408,5.46567,-0.1813,-15.16166,-1.09161,-0.15927,3.97641,,,,,,,,,,,,,,,,,,,,,,,,,,,,,,,,,,,,,,,,,,,,,,,,,,,High,High,High,,,,,
174,2026-01-16,15:20:47.69,1,4,"Zerger, Justin",10051439,Right,POM_COL,"Green, Mason",10147543,Right,POM_COL,Undefined,6,Top,0,2,1,Fastball,Changeup,FoulBallNotFieldable,Undefined,Undefined,Undefined,0,0,,84.38974,-0.799428,-1.368535,2026.950799,218.398609,1:15,5.72717,0.9501,5.30972,-27.88387,12.45623,8.7939,2.65288,0.39812,76.77721,-5.962136,0.193217,0.45713,83.35144,-1.270231,-50.869897,5226.502992,,,,37.4852,37.4852,-50.250452,0.295073,-4.84799,6.8728,-0.83272,50,5.63475,2.55236,-122.393,-2.66159,-7.30373,25.69338,-21.81984,POM_COL,POM_COL,PomonaPitzer,TeamExclusive,Team,20260116-PomonaPitzer-Private-3,fdbd8b10-f331-11f0-920e-eda960558d24,82.45448,3.14396,,7.61253,,,,2.55637,3.14396,-1.15492,5fa35a42-9d85-4343-b482-725ce5839cf7,2026-01-16,23:20:47.69,2026-01-16T15:20:47.6980000-08:00,2026-01-16T23:20:47.6980000Z,GroundBall,v3,POM_PIT,POM_PIT,,"Ruyle, Brody",10183257,Right,POM_COL,cdff83b9-c135-4024-92ec-12e0f24b1bf3,55.18862,-123.47742,12.84669,5.72765,-1.74066,-10.90992,-0.94695,2.86063,-3.65187,,2.55745,77.08176,-15.32141,,,,,,,3.14758,-2.87274,-26.45567,,,,,,,-1.15297,-94.8944,3.80743,,,,,,,,,,,,,,,,,,,,,,,,,,,,,High,High,High,High,High,,,
175,2026-01-16,15:21:09.38,1,5,"Zerger, Justin",10051439,Right,POM_COL,"Green, Mason",10147543,Right,POM_COL,Undefined,6,Top,0,2,2,Slider,Slider,BallCalled,Undefined,Undefined,Undefined,0,0,,77.08966,0.207956,0.732378,2426.033121,83.582959,8:45,5.41784,1.12265,4.30995,-49.5081,0.50331,-9.94819,1.49102,0.99389,70.69692,-8.641574,-1.005062,0.508986,,,,,,,,,,,,5.01689,0.66091,-1.1911,50,5.39023,-0.99557,-111.71904,-1.4869,6.32294,20.65013,-31.34108,POM_COL,POM_COL,PomonaPitzer,TeamExclusive,Team,20260116-PomonaPitzer-Private-3,0a97cbc0-f332-11f0-920e-eda960558d24,74.05396,,,6.39275,,,,,,,5fa35a42-9d85-4343-b482-725ce5839cf7,2026-01-16,23:21:09.38,2026-01-16T15:21:09.3830000-08:00,2026-01-16T23:21:09.3830000Z,,v3,POM_PIT,POM_PIT,,"Ruyle, Brody",10183257,Right,POM_COL,628e3312-2593-47e1-8b9b-09b0f22ab7b0,56.1888,-112.85718,10.32507,5.42458,0.24047,-15.67054,-1.12663,-1.34407,3.16147,,,,,,,,,,,,,,,,,,,,,,,,,,,,,,,,,,,,,,,,,,,,,,,,,,,High,High,High,,,,,
176,2026-01-16,15:21:30.19,1,6,"Zerger, Justin",10051439,Right,POM_COL,"Green, Mason",10147543,Right,POM_COL,Undefined,6,Top,0,3,2,Fastball,Changeup,StrikeCalled,Strikeout,Undefined,Undefined,0,0,,84.58429,-1.68364,-2.236336,2015.801393,222.719253,1:30,5.56482,0.99965,5.46778,-30.30943,9.29028,7.45091,1.46169,-0.47345,77.83039,-7.249743,-0.909279,0.452916,,,,,,,,,,,,-4.3574,5.51028,-0.80812,50,5.39598,4.48015,-122.72262,-4.65795,-6.66917,23.4711,-23.74036,POM_COL,POM_COL,PomonaPitzer,TeamExclusive,Team,20260116-PomonaPitzer-Private-3,17101650-f332-11f0-920e-eda960558d24,83.22177,,,6.75391,,,,,,,5fa35a42-9d85-4343-b482-725ce5839cf7,2026-01-16,23:21:30.19,2026-01-16T15:21:30.1910000-08:00,2026-01-16T23:21:30.1910000Z,,v3,POM_PIT,POM_PIT,,"Ruyle, Brody",10183257,Right,POM_COL,4a5bf53b-344c-4d19-9fa0-15d5323bf910,55.03073,-123.68102,11.73555,5.56638,-3.68856,-11.87018,-0.99662,4.75247,-3.33459,,,,,,,,,,,,,,,,,,,,,,,,,,,,,66.8743,,,1.0021,,,,1.88425,5.51582,0.83645,72.19368,9.15964,-52.60149,1.91143,74.08693,-3.94046,5.55849,18.202,-14.57191,0.76133,-60.19214,6.91791,High,High,High,,,High,High,High
177,2026-01-16,15:22:01.49,2,1,"Zerger, Justin",10051439,Right,POM_COL,"Berry, Cooper",1000276381,Left,POM_COL,Undefined,6,Top,1,0,0,Fastball,Changeup,StrikeCalled,Undefined,Undefined,Undefined,0,0,,85.21029,-1.590823,-0.389151,2008.706794,209.69948,1:00,5.70704,0.9249,5.32255,-23.361,16.483,8.57961,2.26702,1.27468,76.98001,-5.963111,1.135217,0.45431,,,,,,,,,,,,-4.38044,9.1654,-0.89595,50,5.54676,0.45532,-123.42741,-4.18904,-6.66886,27.57072,-18.22045,POM_COL,POM_COL,PomonaPitzer,TeamExclusive,Team,20260116-PomonaPitzer-Private-3,299f3760-f332-11f0-920e-eda960558d24,82.96626,,,8.23028,,,,,,,5fa35a42-9d85-4343-b482-725ce5839cf7,2026-01-16,23:22:01.49,2026-01-16T15:22:01.4940000-08:00,2026-01-16T23:22:01.4940000Z,,v3,POM_PIT,POM_PIT,,"Ruyle, Brody",10183257,Right,POM_COL,59016efb-716a-4845-83cf-80d3dfd4c057,55.17136,-124.57721,13.78536,5.70562,-3.42918,-9.11023,-0.92073,0.73344,-3.33443,,,,,,,,,,,,,,,,,,,,,,,,,,,,,,,,,,,,,,,,,,,,,,,,,,,High,High,High,,,,,
178,2026-01-16,15:22:18.30,2,2,"Zerger, Justin",10051439,Right,POM_COL,"Berry, Cooper",1000276381,Left,POM_COL,Undefined,6,Top,1,0,1,ChangeUp,Changeup,StrikeSwinging,Undefined,Undefined,Undefined,0,0,,81.38923,-1.491393,-1.462977,1682.675008,243.459888,2:00,5.45165,1.24226,5.01133,-36.95612,6.81626,10.76371,0.96354,0.7581,74.5404,-8.208187,0.44055,0.47618,,,,,,,,,,,,-5.75099,4.24402,-1.111,50,5.27896,2.55208,-117.98119,-4.4082,-8.07845,23.15886,-26.21243,POM_COL,POM_COL,PomonaPitzer,TeamExclusive,Team,20260116-PomonaPitzer-Private-3,33c83ac0-f332-11f0-920e-eda960558d24,79.15579,,,6.84883,,,,,,,5fa35a42-9d85-4343-b482-725ce5839cf7,2026-01-16,23:22:18.30,2026-01-16T15:22:18.3000000-08:00,2026-01-16T23:22:18.3000000Z,,v3,POM_PIT,POM_PIT,,"Ruyle, Brody",10183257,Right,POM_COL,8ddc7916-1adb-484e-b805-255f8ae46ac9,55.48638,-119.05326,11.57943,5.45494,-3.19478,-13.10622,-1.2378,2.92605,-4.03923,,,,,,,,,,,,,,,,,,,,,,,,,,,,,,,,,,,,,,,,,,,,,,,,,,,High,High,High,,,,,
179,2026-01-16,15:22:39.36,2,3,"Zerger, Justin",10051439,Right,POM_COL,"Berry, Cooper",1000276381,Left,POM_COL,Undefined,6,Top,1,0,2,Fastball,Changeup,BallCalled,Undefined,Undefined,Undefined,0,0,,85.37625,-0.846851,1.300027,1891.676407,219.311656,1:15,5.67151,1.07426,5.16212,-25.85769,14.2167,10.43449,2.71937,3.16762,76.89733,-5.655915,3.14663,0.455622,,,,,,,,,,,,-4.71492,7.77764,-1.20366,50,5.57342,-3.28177,-123.58714,-2.7172,-7.17064,28.46155,-20.3455,POM_COL,POM_COL,PomonaPitzer,TeamExclusive,Team,20260116-PomonaPitzer-Private-3,4030a6d0-f332-11f0-920e-eda960558d24,82.72739,,,8.47892,,,,,,,5fa35a42-9d85-4343-b482-725ce5839cf7,2026-01-16,23:22:39.36,2026-01-16T15:22:39.3600000-08:00,2026-01-16T23:22:39.3600000Z,,v3,POM_PIT,POM_PIT,,"Ruyle, Brody",10183257,Right,POM_COL,73d9853a-ea4b-4519-b70d-3acc747e2eb2,55.33109,-124.80883,14.23077,5.67131,-1.84388,-10.17275,-1.0694,-2.97397,-3.58532,,,,,,,,,,,,,,,,,,,,,,,,,,,,,,,,,,,,,,,,,,,,,,,,,,,High,High,High,,,,,
180,2026-01-16,15:22:56.85,2,4,"Zerger, Justin",10051439,Right,POM_COL,"Berry, Cooper",1000276381,Left,POM_COL,Undefined,6,Top,1,1,2,Slider,Slider,FoulBallNotFieldable,Undefined,Undefined,Undefined,0,0,,77.20932,-0.166996,0.455362,2551.467762,87.277749,9:00,5.47026,1.07997,4.45898,-49.04959,1.04776,-15.41261,1.22356,0.22978,70.18303,-8.979562,-2.24446,0.509423,58.01541,40.661123,-151.75416,5058.760483,,,,,15.16968,,,7.67579,1.02583,-1.11198,50,5.4053,-0.23141,-111.79888,-2.15326,9.57597,22.84489,-30.89426,POM_COL,POM_COL,PomonaPitzer,TeamExclusive,Team,20260116-PomonaPitzer-Private-3,4abd26f0-f332-11f0-920e-eda960558d24,73.99042,14.50388,,7.02629,,,,2.81845,1.29997,-0.1481,5fa35a42-9d85-4343-b482-725ce5839cf7,2026-01-16,23:22:56.85,2026-01-16T15:22:56.8570000-08:00,2026-01-16T23:22:56.8570000Z,,v3,POM_PIT,POM_PIT,,"Ruyle, Brody",10183257,Right,POM_COL,b7c1c152-2aaa-431e-b0a3-2407d1b86a33,56.03971,-113.0263,11.42244,5.4764,-0.49338,-15.44713,-1.08572,-0.74591,4.78798,37.247351,2.82046,-56.95824,1.57883,,,,,,,1.30506,55.19906,-28.42122,,,,,,,-0.15127,-30.39512,9.56904,,,,,,,,,,,,,,,,,,,,,,,,,,,,,High,High,High,High,Undefined,,,
181,2026-01-16,15:23:18.75,2,5,"Zerger, Justin",10051439,Right,POM_COL,"Berry, Cooper",1000276381,Left,POM_COL,Undefined,6,Top,1,1,2,ChangeUp,Changeup,BallCalled,Undefined,Undefined,Undefined,0,0,,82.89545,-1.715184,-2.032611,1499.816557,274.940236,3:15,5.38906,1.07106,4.97887,-41.54581,0.7398,7.40103,0.30555,-0.23262,76.06576,-9.211639,-0.724034,0.468024,,,,,,,,,,,,-4.2711,1.24764,-0.88127,50,5.18941,3.94437,-120.13663,-5.16586,-6.21647,24.16805,-30.35816,POM_COL,POM_COL,PomonaPitzer,TeamExclusive,Team,20260116-PomonaPitzer-Private-3,57c30b80-f332-11f0-920e-eda960558d24,80.53533,,,6.82969,,,,,,,5fa35a42-9d85-4343-b482-725ce5839cf7,2026-01-16,23:23:18.75,2026-01-16T15:23:18.7500000-08:00,2026-01-16T23:23:18.7500000Z,,v3,POM_PIT,POM_PIT,,"Ruyle, Brody",10183257,Right,POM_COL,bd424a02-203d-431e-a4e2-27ca7072de93,55.52038,-121.24208,12.08403,5.39394,-3.77726,-15.17908,-1.0682,4.22872,-3.10824,,,,,,,,,,,,,,,,,,,,,,,,,,,,,,,,,,,,,,,,,,,,,,,,,,,High,High,High,,,,,
182,2026-01-16,15:23:40.43,2,6,"Zerger, Justin",10051439,Right,POM_COL,"Berry, Cooper",1000276381,Left,POM_COL,Undefined,6,Top,1,2,2,Fastball,Changeup,FoulBallNotFieldable,Undefined,Undefined,Undefined,0,0,,84.24916,-0.366489,-0.642654,1817.173627,253.250648,2:30,5.58673,0.95187,5.50819,-34.90636,5.29366,13.0941,2.33511,1.44202,76.70426,-6.793029,1.693434,0.456336,,,,,,,,,,,,-6.82926,3.16658,-0.90497,50,5.53137,0.82664,-122.2646,-1.99717,-10.24889,26.03445,-27.42185,POM_COL,POM_COL,PomonaPitzer,TeamExclusive,Team,20260116-PomonaPitzer-Private-3,64ae8a40-f332-11f0-920e-eda960558d24,82.598,,,7.54491,,,,,,,5fa35a42-9d85-4343-b482-725ce5839cf7,2026-01-16,23:23:40.43,2026-01-16T15:23:40.4300000-08:00,2026-01-16T23:23:40.4300000Z,,v3,POM_PIT,POM_PIT,,"Ruyle, Brody",10183257,Right,POM_COL,81b8151e-96ee-4639-abcd-697cfbe01454,54.99044,-123.32266,13.01722,5.58989,-0.88272,-13.71093,-0.94703,1.24317,-5.12445,,,,,,,,,,,,,,,,,,,,,,,,,,,,,,,,,,,,,,,,,,,,,,,,,,,High,High,High,,,,,
183,2026-01-16,15:24:03.96,2,7,"Zerger, Justin",10051439,Right,POM_COL,"Berry, Cooper",1000276381,Left,POM_COL,Undefined,6,Top,1,2,2,Slider,Slider,BallCalled,Undefined,Undefined,Undefined,0,0,,75.26724,-1.056121,1.998677,2393.377762,102.653313,9:30,5.44043,1.02555,4.70032,-47.18656,5.35406,-15.0867,0.50494,1.66639,68.18887,-9.591805,-0.655121,0.521698,,,,,,,,,,,,8.03327,3.54788,-1.21384,50,5.29165,-3.17486,-108.86266,-3.65879,9.46665,22.32117,-27.99312,POM_COL,POM_COL,PomonaPitzer,TeamExclusive,Team,20260116-PomonaPitzer-Private-3,72c4a650-f332-11f0-920e-eda960558d24,72.24957,,,7.07836,,,,,,,5fa35a42-9d85-4343-b482-725ce5839cf7,2026-01-16,23:24:03.96,2026-01-16T15:24:03.9640000-08:00,2026-01-16T23:24:03.9640000Z,,v3,POM_PIT,POM_PIT,,"Ruyle, Brody",10183257,Right,POM_COL,5e593688-bbb4-4d15-a8b2-b185d6f6555d,55.79578,-110.04461,11.16058,5.44615,-2.17651,-13.99656,-1.03246,-3.67614,4.73332,,,,,,,,,,,,,,,,,,,,,,,,,,,,,,,,,,,,,,,,,,,,,,,,,,,High,High,High,,,,,
184,2026-01-16,15:24:24.05,2,8,"Zerger, Justin",10051439,Right,POM_COL,"Berry, Cooper",1000276381,Left,POM_COL,Undefined,6,Top,1,3,2,Fastball,Sinker,BallCalled,Walk,Undefined,Undefined,0,0,,86.79546,-3.308614,-3.600187,2202.593826,241.737407,2:00,5.55848,0.82011,5.37754,-29.49498,8.89634,14.0267,-0.01071,-1.39047,78.97191,-8.720072,-1.108294,0.445952,,,,,,,,,,,,-8.17571,5.87461,-0.50779,50,5.24077,7.28413,-125.45961,-8.3185,-12.90274,27.71177,-22.90287,POM_COL,POM_COL,PomonaPitzer,TeamExclusive,Team,20260116-PomonaPitzer-Private-3,7eb30060-f332-11f0-920e-eda960558d24,84.52132,,,7.82355,,,,,,,5fa35a42-9d85-4343-b482-725ce5839cf7,2026-01-16,23:24:24.05,2026-01-16T15:24:24.0520000-08:00,2026-01-16T23:24:24.0520000Z,,v3,POM_PIT,POM_PIT,,"Ruyle, Brody",10183257,Right,POM_COL,1e64786e-454f-4fd2-844f-d93c58b03a9a,55.12064,-126.58561,13.85588,5.55987,-7.38789,-11.45144,-0.81442,7.80841,-6.45137,,,,,,,,,,,,,,,,,,,,,,,,,,,,,,,,,,,,,,,,,,,,,,,,,,,High,High,High,,,,,
185,2026-01-16,15:25:02.16,3,1,"Zerger, Justin",10051439,Right,POM_COL,"DeGrazia, Tanner",1000214434,Right,POM_COL,Undefined,6,Top,1,0,0,Fastball,Changeup,StrikeSwinging,Undefined,Undefined,Undefined,0,0,,83.31243,-0.449584,-2.778636,2143.472014,241.042862,2:00,5.5157,1.14453,5.58285,-33.1384,7.91154,11.78213,2.33381,-0.47056,75.78802,-6.575554,-0.677335,0.461135,,,,,,,,,,,,-6.73489,4.57618,-0.91318,50,5.45572,5.36421,-120.75357,-2.06879,-9.87781,24.97986,-25.46236,POM_COL,POM_COL,PomonaPitzer,TeamExclusive,Team,20260116-PomonaPitzer-Private-3,95527990-f332-11f0-920e-eda960558d24,81.73847,,,7.52441,,,,,,,5fa35a42-9d85-4343-b482-725ce5839cf7,2026-01-16,23:25:02.16,2026-01-16T15:25:02.1620000-08:00,2026-01-16T23:25:02.1620000Z,,v3,POM_PIT,POM_PIT,,"Ruyle, Brody",10183257,Right,POM_COL,7fed1b3c-5db3-4cea-87bd-86c71b9ecc67,54.91334,-121.76574,12.48993,5.51864,-1.03708,-12.73118,-1.13865,5.76445,-4.93891,,,,,,,,,,,,,,,,,,,,,,,,,,,,,,,,,,,,,,,,,,,,,,,,,,,High,High,High,,,,,
186,2026-01-16,15:25:20.88,3,2,"Zerger, Justin",10051439,Right,POM_COL,"DeGrazia, Tanner",1000214434,Right,POM_COL,Undefined,6,Top,1,0,1,Fastball,Changeup,StrikeSwinging,Undefined,Undefined,Undefined,0,0,,84.4374,-0.932277,-1.485041,2026.005921,245.078894,2:15,5.5623,1.11755,5.46759,-33.03045,7.34556,12.68138,1.93689,0.78419,76.37397,-7.033294,0.775354,0.457333,,,,,,,,,,,,-6.83607,4.43575,-0.99573,50,5.4581,2.62727,-122.36674,-3.14031,-10.21361,27.43836,-25.54671,POM_COL,POM_COL,PomonaPitzer,TeamExclusive,Team,20260116-PomonaPitzer-Private-3,a0932e80-f332-11f0-920e-eda960558d24,82.41785,,,8.06343,,,,,,,5fa35a42-9d85-4343-b482-725ce5839cf7,2026-01-16,23:25:20.88,2026-01-16T15:25:20.8880000-08:00,2026-01-16T23:25:20.8880000Z,,v3,POM_PIT,POM_PIT,,"Ruyle, Brody",10183257,Right,POM_COL,17502534-0deb-4633-a45d-54f2fa6b708a,55.02849,-123.48913,13.71918,5.56518,-2.09529,-12.77335,-1.11175,3.04507,-5.1068,,,,,,,,,,,,,,,,,,,,,,,,,,,,,,,,,,,,,,,,,,,,,,,,,,,High,High,High,,,,,
187,2026-01-16,15:25:40.84,3,3,"Zerger, Justin",10051439,Right,POM_COL,"DeGrazia, Tanner",1000214434,Right,POM_COL,Undefined,6,Top,1,0,2,Fastball,Changeup,BallCalled,Undefined,Undefined,Undefined,0,0,,83.75384,-2.012472,-2.956964,2002.377199,236.757145,2:00,5.54963,0.78141,5.52905,-31.41171,9.84111,12.62418,1.04742,-0.93324,75.44966,-7.834794,-0.706847,0.462273,,,,,,,,,,,,-7.33115,6.1017,-0.53283,50,5.35401,5.72126,-121.14017,-5.31432,-10.68368,27.92606,-23.28207,POM_COL,POM_COL,PomonaPitzer,TeamExclusive,Team,20260116-PomonaPitzer-Private-3,ac7ad1d0-f332-11f0-920e-eda960558d24,81.53723,,,8.30419,,,,,,,5fa35a42-9d85-4343-b482-725ce5839cf7,2026-01-16,23:25:40.84,2026-01-16T15:25:40.8490000-08:00,2026-01-16T23:25:40.8490000Z,,v3,POM_PIT,POM_PIT,,"Ruyle, Brody",10183257,Right,POM_COL,7e276a94-ed9f-4487-b3ac-e43a81373ca0,54.96607,-122.27963,13.96303,5.55147,-4.36436,-11.64104,-0.77517,6.15719,-5.34184,,,,,,,,,,,,,,,,,,,,,,,,,,,,,,,,,,,,,,,,,,,,,,,,,,,High,High,High,,,,,
188,2026-01-16,15:26:03.25,3,4,"Zerger, Justin",10051439,Right,POM_COL,"DeGrazia, Tanner",1000214434,Right,POM_COL,Undefined,6,Top,1,1,2,Slider,Curveball,BallCalled,Undefined,Undefined,Undefined,0,0,,76.34594,-0.839671,-2.129914,2472.73211,63.389994,8:00,5.39474,1.32688,4.75916,-56.14405,-5.73674,-14.70894,-0.08075,-1.91949,70.35071,-10.860397,-4.719843,0.510997,,,,,,,,,,,,6.61552,-2.11476,-1.09946,50,5.26086,4.71274,-110.64077,-3.65595,8.1321,21.27487,-34.77359,POM_COL,POM_COL,PomonaPitzer,TeamExclusive,Team,20260116-PomonaPitzer-Private-3,b9db5980-f332-11f0-920e-eda960558d24,73.76259,,,5.99523,,,,,,,5fa35a42-9d85-4343-b482-725ce5839cf7,2026-01-16,23:26:03.25,2026-01-16T15:26:03.2580000-08:00,2026-01-16T23:26:03.2580000Z,,v3,POM_PIT,POM_PIT,,"Ruyle, Brody",10183257,Right,POM_COL,c8077b17-85ee-489a-8771-9288e4c17615,55.74175,-111.73938,10.63743,5.40328,-1.86027,-17.3868,-1.33198,4.29281,4.06605,,,,,,,,,,,,,,,,,,,,,,,,,,,,,,,,,,,,,,,,,,,,,,,,,,,High,High,High,,,,,
189,2026-01-16,15:26:32.97,3,5,"Zerger, Justin",10051439,Right,POM_COL,"DeGrazia, Tanner",1000214434,Right,POM_COL,Undefined,6,Top,1,2,2,Fastball,Changeup,InPlay,Undefined,GroundBall,Out,1,0,,83.47237,-1.038687,-3.541405,2098.442176,231.747648,1:45,5.68921,1.07932,5.3992,-29.60281,11.82855,13.12619,2.24701,-1.14963,75.5455,-6.527202,-1.211275,0.463272,76.68147,-12.470377,29.158671,,,,,9.27762,9.27762,36.073088,0.080465,-7.67481,6.69784,-0.77271,50,5.57609,6.91596,-120.79243,-3.18803,-11.21094,26.01538,-22.39023,POM_COL,POM_COL,PomonaPitzer,TeamExclusive,Team,20260116-PomonaPitzer-Private-3,cb8d6100-f332-11f0-920e-eda960558d24,81.36137,1.9584,,7.92687,,,,-0.23444,1.9584,1.14818,5fa35a42-9d85-4343-b482-725ce5839cf7,2026-01-16,23:26:32.97,2026-01-16T15:26:32.9710000-08:00,2026-01-16T23:26:32.9710000Z,GroundBall,v3,POM_PIT,POM_PIT,,"Ruyle, Brody",10183257,Right,POM_COL,eac51002-3397-4730-bc5d-af78709cb1ba,55.09707,-121.88526,13.00769,5.69025,-2.24748,-11.19511,-1.07312,7.3869,-5.60547,180,-0.23716,96.107,,,,,,,,1.95909,-24.33863,,,,,,,,1.14666,53.62145,,,,,,,,,,,,,,,,,,,,,,,,,,,,,,High,High,High,High,High,,,
190,2026-01-16,15:27:08.44,4,1,"Zerger, Justin",10051439,Right,POM_COL,"Savas, Peter",1000276389,Right,POM_COL,Undefined,6,Top,2,0,0,Fastball,Changeup,StrikeSwinging,Undefined,Undefined,Undefined,0,0,,83.8718,-0.715503,-2.042993,2124.031928,215.252004,1:15,5.71638,0.96607,5.33065,-24.21702,16.74737,10.82583,3.0265,-0.04948,75.95594,-5.247123,-0.12118,0.460654,,,,,,,,,,,,-6.00552,9.01615,-0.78937,50,5.63479,3.86271,-121.51978,-2.29886,-8.89993,25.79865,-18.81247,POM_COL,POM_COL,PomonaPitzer,TeamExclusive,Team,20260116-PomonaPitzer-Private-3,e0937580-f332-11f0-920e-eda960558d24,81.82381,,,7.91586,,,,,,,5fa35a42-9d85-4343-b482-725ce5839cf7,2026-01-16,23:27:08.44,2026-01-16T15:27:08.4460000-08:00,2026-01-16T23:27:08.4460000Z,,v3,POM_PIT,POM_PIT,,"Ruyle, Brody",10183257,Right,POM_COL,99a356b3-1b58-4021-8452-02b15ad957c6,55.16442,-122.61128,12.89932,5.71521,-1.50293,-9.40623,-0.96076,4.23925,-4.44996,,,,,,,,,,,,,,,,,,,,,,,,,,,,,,,,,,,,,,,,,,,,,,,,,,,High,High,High,,,,,
191,2026-01-16,15:27:27.21,4,2,"Zerger, Justin",10051439,Right,POM_COL,"Savas, Peter",1000276389,Right,POM_COL,Undefined,6,Top,2,0,1,Slider,Slider,BallCalled,Undefined,Undefined,Undefined,0,0,,76.66811,-0.34803,-1.325364,2453.527893,102.563117,9:30,5.51311,1.10532,4.91153,-44.97313,4.83575,-14.05887,1.43616,-1.31973,69.96289,-8.499418,-3.804822,0.507955,,,,,,,,,,,,6.50571,3.02469,-0.96364,50,5.44201,3.14926,-111.08041,-2.24244,8.045,21.80537,-28.43369,POM_COL,POM_COL,PomonaPitzer,TeamExclusive,Team,20260116-PomonaPitzer-Private-3,ebd059e0-f332-11f0-920e-eda960558d24,74.20436,,,6.70522,,,,,,,5fa35a42-9d85-4343-b482-725ce5839cf7,2026-01-16,23:27:27.21,2026-01-16T15:27:27.2190000-08:00,2026-01-16T23:27:27.2190000Z,,v3,POM_PIT,POM_PIT,,"Ruyle, Brody",10183257,Right,POM_COL,a580dcbc-249e-4120-a476-e5d53a5a59f9,55.58529,-112.17145,10.90268,5.51862,-0.81974,-14.21685,-1.11114,2.74672,4.0225,,,,,,,,,,,,,,,,,,,,,,,,,,,,,,,,,,,,,,,,,,,,,,,,,,,High,High,High,,,,,
192,2026-01-16,15:28:00.86,4,3,"Zerger, Justin",10051439,Right,POM_COL,"Savas, Peter",1000276389,Right,POM_COL,Undefined,6,Top,2,1,1,Fastball,Changeup,InPlay,Undefined,GroundBall,Single,0,1,,85.04018,-1.17073,-3.208743,2159.202459,218.329576,1:15,5.72534,0.95859,5.38015,-26.22301,13.55284,9.6313,2.44075,-1.24986,77.21551,-6.042389,-1.499444,0.453922,50.24897,-69.805522,-84.607454,,,,,2.00803,2.25242,10.123092,0.035741,-5.81339,7.55823,-0.67832,50,5.60226,6.49186,-123.15008,-3.40265,-8.85887,26.21636,-20.65623,POM_COL,POM_COL,PomonaPitzer,TeamExclusive,Team,20260116-PomonaPitzer-Private-3,ffea39a0-f332-11f0-920e-eda960558d24,83.03728,2.48989,,7.82467,,,,1.8907,2.48989,1.26471,5fa35a42-9d85-4343-b482-725ce5839cf7,2026-01-16,23:28:00.86,2026-01-16T15:28:00.8670000-08:00,2026-01-16T23:28:00.8670000Z,GroundBall,v3,POM_PIT,POM_PIT,,"Ruyle, Brody",10183257,Right,POM_COL,0dfc2e91-9b5d-4553-a072-088ac528e05a,55.11722,-124.23466,13.10818,5.72536,-2.54809,-10.32812,-0.95447,6.85836,-4.42944,,1.8906,2.40813,,,,,,,,2.49275,-69.66534,,,,,,,,1.26576,-25.51082,,,,,,,,,,,,,,,,,,,,,,,,,,,,,,High,High,High,Low,Low,,,
193,2026-01-16,15:30:43.36,1,1,"Chung, Evan",,Right,POM_COL,"Hu, Landon",N/A,Left,POM_COL,Undefined,6,Bottom,0,0,0,Sinker,Changeup,StrikeSwinging,Undefined,Undefined,Undefined,0,0,,80.61512,1.799887,-3.54315,2040.049345,241.629082,2:00,4.33128,2.09183,4.87012,-34.71994,10.66052,16.74084,3.14503,0.12969,72.59656,-4.580975,-0.60331,0.484848,,,,,,,,,,,,-9.26595,5.16591,-1.75765,50,4.48005,6.4708,-116.49687,2.43544,-12.59109,24.17493,-25.15431,POM_COL,POM_COL,PomonaPitzer,TeamExclusive,Team,20260116-PomonaPitzer-Private-3,60b59540-f333-11f0-920e-eda960558d24,77.74068,,,8.01856,,,,,,,5fa35a42-9d85-4343-b482-725ce5839cf7,2026-01-16,23:30:43.36,2026-01-16T15:30:43.3679872-08:00,2026-01-16T23:30:43.3679872Z,,v3,POM_PIT,POM_PIT,,"Savas, Peter",1000276389,Right,POM_COL,dd6418ac-1460-4711-a2dd-0bb9c6f49b37,55.62511,-117.65838,12.08747,4.33401,3.64401,-12.57716,-2.08308,7.07575,-6.29554,,,,,,,,,,,,,,,,,,,,,,,,,,,,,,,,,,,,,,,,,,,,,,,,,,,High,High,High,,,,,
194,2026-01-16,15:30:57.12,1,2,"Chung, Evan",,Right,POM_COL,"Hu, Landon",N/A,Left,POM_COL,Undefined,6,Bottom,0,0,1,Sinker,Changeup,StrikeSwinging,Undefined,Undefined,Undefined,0,0,,81.47805,2.377169,-3.690969,2088.777584,252.211531,2:30,4.11797,2.20026,4.91737,-37.36006,6.78489,16.47847,3.25819,0.07886,73.71924,-4.45185,-0.796154,0.478203,,,,,,,,,,,,-9.20634,3.0752,-1.85428,50,4.31965,6.87824,-117.79743,3.54048,-12.85567,23.67332,-27.87984,POM_COL,POM_COL,PomonaPitzer,TeamExclusive,Team,20260116-PomonaPitzer-Private-3,68e4c470-f333-11f0-920e-eda960558d24,78.82106,,,7.75881,,,,,,,5fa35a42-9d85-4343-b482-725ce5839cf7,2026-01-16,23:30:57.12,2026-01-16T15:30:57.1229696-08:00,2026-01-16T23:30:57.1229696Z,,v3,POM_PIT,POM_PIT,,"Savas, Peter",1000276389,Right,POM_COL,7627aa66-fc0c-4e87-95f9-c290a1d3238b,55.58048,-118.91363,11.83666,4.12172,4.85501,-13.93992,-2.19288,7.48438,-6.42783,,,,,,,,,,,,,,,,,,,,,,,,,,,,,,,,,,,,,,,,,,,,,,,,,,,High,High,High,,,,,
195,2026-01-16,15:31:12.51,1,3,"Chung, Evan",,Right,POM_COL,"Hu, Landon",N/A,Left,POM_COL,Undefined,6,Bottom,0,0,2,Sinker,Changeup,BallCalled,Undefined,Undefined,Undefined,0,0,,80.99078,2.285243,-2.238892,1999.064051,274.403012,3:15,4.21117,2.2151,4.67267,-44.99896,0.00929,19.7004,2.6345,1.72931,73.4221,-5.857232,1.215401,0.482856,,,,,,,,,,,,-10.22335,-0.18394,-2.00578,50,4.40368,3.69191,-117.21997,2.94041,-14.12091,23.66382,-32.4281,POM_COL,POM_COL,PomonaPitzer,TeamExclusive,Team,20260116-PomonaPitzer-Private-3,72111850-f333-11f0-920e-eda960558d24,78.06147,,,7.56869,,,,,,,5fa35a42-9d85-4343-b482-725ce5839cf7,2026-01-16,23:31:12.51,2026-01-16T15:31:12.5174784-08:00,2026-01-16T23:31:12.5174784Z,,v3,POM_PIT,POM_PIT,,"Savas, Peter",1000276389,Right,POM_COL,2cef2f93-25d0-4811-b8d9-00421b4572f1,55.82571,-118.3902,11.83191,4.21862,4.54405,-16.21405,-2.20562,4.39022,-7.06046,,,,,,,,,,,,,,,,,,,,,,,,,,,,,,,,,,,,,,,,,,,,,,,,,,,High,High,High,,,,,
196,2026-01-16,15:31:27.64,1,4,"Chung, Evan",,Right,POM_COL,"Hu, Landon",N/A,Left,POM_COL,Undefined,6,Bottom,0,1,2,ChangeUp,Changeup,InPlay,Undefined,FlyBall,Out,1,0,,72.31118,3.263308,-2.754082,1524.397415,269.010129,3:00,4.19239,2.19498,4.49364,-54.52928,2.21177,20.13946,2.76481,1.24693,65.82344,-6.562305,0.761799,0.542151,78.89297,25.205178,-13.220353,2519.884877,104.72483,39.98195,-33.65544,267.1714,258.07239,-22.362457,3.577104,-10.6043,0.63894,-1.92657,50,4.48335,4.22376,-104.56594,4.07418,-11.70286,18.16566,-31.46891,POM_COL,POM_COL,PomonaPitzer,TeamExclusive,Team,20260116-PomonaPitzer-Private-3,7b1af010-f333-11f0-920e-eda960558d24,69.52392,42.97369,,6.48773,,,,0.73948,2.76235,-1.27356,5fa35a42-9d85-4343-b482-725ce5839cf7,2026-01-16,23:31:27.64,2026-01-16T15:31:27.6466176-08:00,2026-01-16T23:31:27.6466176Z,LineDrive,v3,POM_PIT,POM_PIT,,"Savas, Peter",1000276389,Right,POM_COL,6514fcb9-bbc9-40cd-894b-d79943f096eb,56.00652,-105.60426,9.08283,4.19907,5.8729,-15.73446,-2.18712,4.89268,-5.85143,137.821094,0.73933,101.92493,-17.3255,4.14212,-1.03173,0.30274,-0.0872,0.01628,-0.00126,2.76291,49.25644,-15.84986,0.14389,0.49415,-0.32339,0.11583,-0.02078,0.00145,-1.27356,-23.94286,-3.60977,1.57634,-0.48351,0.11945,-0.02457,0.00345,-0.00022,,,,,,,,,,,,,,,,,,,,,,,High,High,High,High,High,,,
197,2026-01-16,15:31:58.45,2,1,"Chung, Evan",,Right,POM_COL,"Lee, Sammy",1000276388,Right,POM_COL,Undefined,6,Bottom,1,0,0,Sinker,Changeup,BallCalled,Undefined,Undefined,Undefined,0,0,,80.59137,0.156285,-5.188202,2007.5899,270.257524,3:00,4.52278,1.96629,4.81849,-43.74829,1.4085,15.44194,1.02573,-1.67469,73.69124,-7.736192,-2.484044,0.483652,,,,,,,,,,,,-9.03662,1.0989,-1.46388,50,4.50063,9.90309,-116.45233,-1.3217,-12.39767,22.05711,-30.66644,POM_COL,POM_COL,PomonaPitzer,TeamExclusive,Team,20260116-PomonaPitzer-Private-3,8d7852c0-f333-11f0-920e-eda960558d24,77.93297,,,6.90013,,,,,,,5fa35a42-9d85-4343-b482-725ce5839cf7,2026-01-16,23:31:58.45,2026-01-16T15:31:58.4570880-08:00,2026-01-16T23:31:58.4570880Z,,v3,POM_PIT,POM_PIT,,"Savas, Peter",1000276389,Right,POM_COL,31e598bd-0791-4378-bc86-dbae75c41368,55.68078,-117.52339,11.02856,4.52866,0.16742,-15.33322,-1.95938,10.5051,-6.19884,,,,,,,,,,,,,,,,,,,,,,,,,,,,,,,,,,,,,,,,,,,,,,,,,,,High,High,High,,,,,
198,2026-01-16,15:32:12.25,2,2,"Chung, Evan",,Right,POM_COL,"Lee, Sammy",1000276388,Right,POM_COL,Undefined,6,Bottom,1,1,0,Sinker,Changeup,InPlay,Undefined,LineDrive,Double,0,0,,78.98345,1.149512,-4.418601,1989.789312,264.999841,2:45,4.45822,2.06422,4.7398,-43.93388,3.53504,21.17257,1.89088,-0.37116,71.46045,-6.820692,-0.710629,0.495879,97.95067,19.920708,1.681401,1475.898315,109.73026,34.00629,7.69834,336.17885,336.05722,8.716369,3.585816,-11.7789,1.82776,-1.6388,50,4.53551,7.91453,-114.12324,0.69083,-15.37492,23.01445,-29.78828,POM_COL,POM_COL,PomonaPitzer,TeamExclusive,Team,20260116-PomonaPitzer-Private-3,95c7db30-f333-11f0-920e-eda960558d24,76.01129,42.68824,,7.523,,,,1.61684,2.02777,0.37565,5fa35a42-9d85-4343-b482-725ce5839cf7,2026-01-16,23:32:12.25,2026-01-16T15:32:12.2556928-08:00,2026-01-16T23:32:12.2556928Z,LineDrive,v3,POM_PIT,POM_PIT,,"Savas, Peter",1000276389,Right,POM_COL,11582785-04e4-455d-b406-dcf530773860,55.75956,-115.27888,11.50722,4.46327,2.1866,-14.89414,-2.0556,8.68656,-7.68746,217.349412,1.61704,135.00002,-21.63885,4.78798,-0.9495,0.1449,-0.01176,-0.00043,0.00013,2.02761,48.95315,-15.91396,0.8978,-0.18401,0.06332,-0.02004,0.00386,-0.0003,0.37561,3.96424,5.51184,-1.38967,0.31509,-0.06032,0.00847,-0.00071,2E-05,,,,,,,,,,,,,,,,,,,,,,,High,High,High,High,High,,,
199,2026-01-16,15:32:57.69,3,1,"Chung, Evan",,Right,POM_COL,"Cassidy, Caleb",10304248,Right,POM_COL,Undefined,6,Bottom,1,0,0,Slider,Curveball,BallCalled,Undefined,Undefined,Undefined,0,0,,69.71066,3.556458,-3.969363,1999.988977,104.219884,9:30,4.19437,2.29217,4.06769,-58.99365,3.26654,-4.97362,2.70618,-1.94027,63.6123,-6.964578,-4.827072,0.567906,,,,,,,,,,,,1.23886,1.15484,-1.83956,50,4.53175,7.17761,-100.5298,4.18862,1.26493,16.64233,-30.99492,POM_COL,POM_COL,PomonaPitzer,TeamExclusive,Team,20260116-PomonaPitzer-Private-3,b0d0a1f0-f333-11f0-920e-eda960558d24,66.37089,,,6.09836,,,,,,,5fa35a42-9d85-4343-b482-725ce5839cf7,2026-01-16,23:32:57.69,2026-01-16T15:32:57.6973824-08:00,2026-01-16T23:32:57.6973824Z,,v3,POM_PIT,POM_PIT,,"Savas, Peter",1000276389,Right,POM_COL,49946304-c426-402b-98f3-b5ee36400f16,56.42942,-101.58859,8.32116,4.20255,6.16052,-15.49746,-2.29365,7.09713,0.63247,,,,,,,,,,,,,,,,,,,,,,,,,,,,,,,,,,,,,,,,,,,,,,,,,,,High,High,High,,,,,
200,2026-01-16,15:33:12.72,3,2,"Chung, Evan",,Right,POM_COL,"Cassidy, Caleb",10304248,Right,POM_COL,Undefined,6,Bottom,1,1,0,Sinker,Changeup,InPlay,Undefined,Popup,Out,1,0,,78.67053,1.973906,-4.517654,1961.898663,245.368194,2:15,4.56353,2.01973,4.97036,-37.7462,9.82528,17.71182,3.28904,-0.78037,70.8462,-4.957489,-1.407538,0.496415,,,,,,,,,,,,-10.20989,4.69784,-1.59791,50,4.72448,8.24079,-113.60079,2.63597,-13.18329,23.12199,-26.10805,POM_COL,POM_COL,PomonaPitzer,TeamExclusive,Team,20260116-PomonaPitzer-Private-3,b9d808b0-f333-11f0-920e-eda960558d24,75.92932,,,7.82434,,,,,,,5fa35a42-9d85-4343-b482-725ce5839cf7,2026-01-16,23:33:12.72,2026-01-16T15:33:12.7271936-08:00,2026-01-16T23:33:12.7271936Z,,v3,POM_PIT,POM_PIT,,"Savas, Peter",1000276389,Right,POM_COL,87fdf87f-bdb8-4536-ad08-ff769af12216,55.52763,-114.72035,11.56099,4.56624,3.90011,-13.05403,-2.01238,8.87912,-6.59165,,,,,,,,,,,,,,,,,,,,,,,,,,,,,,,,,,,,,,,,,,,,,,,,,,,High,High,High,,,,,
201,2026-01-16,15:33:47.05,4,1,"Chung, Evan",,Right,POM_COL,"Loui, Shawn",N/A,Right,POM_COL,Undefined,6,Bottom,2,0,0,Slider,Curveball,BallCalled,Undefined,Undefined,Undefined,0,0,,69.14447,4.059449,-4.384348,1965.238299,96.243024,9:15,3.96536,2.28476,4.27551,-60.67704,2.77984,-5.30414,2.81051,-2.35992,62.55079,-6.824069,-5.301054,0.573338,,,,,,,,,,,,1.18091,0.74169,-1.8012,50,4.34735,7.84213,-99.52932,5.02064,1.17169,17.59592,-31.43816,POM_COL,POM_COL,PomonaPitzer,TeamExclusive,Team,20260116-PomonaPitzer-Private-3,ce3ef700-f333-11f0-920e-eda960558d24,65.74209,,,6.59368,,,,,,,5fa35a42-9d85-4343-b482-725ce5839cf7,2026-01-16,23:33:47.05,2026-01-16T15:33:47.0583296-08:00,2026-01-16T23:33:47.0583296Z,,v3,POM_PIT,POM_PIT,,"Savas, Peter",1000276389,Right,POM_COL,051a5307-811e-42ec-9d1e-c6bdb35c1c3f,56.2204,-100.62302,8.79796,3.97455,6.97473,-15.71908,-2.28637,7.7693,0.58585,,,,,,,,,,,,,,,,,,,,,,,,,,,,,,,,,,,,,,,,,,,,,,,,,,,High,High,High,,,,,
202,2026-01-16,15:34:04.34,4,2,"Chung, Evan",,Right,POM_COL,"Loui, Shawn",N/A,Right,POM_COL,Undefined,6,Bottom,2,1,0,Fastball,Changeup,StrikeCalled,Undefined,Undefined,Undefined,0,0,,78.39821,1.531432,-4.99941,2036.176068,257.062,2:30,4.5375,2.12799,4.8131,-42.254,6.07607,18.71871,2.47296,-1.06016,70.55473,-6.170974,-1.723378,0.500357,,,,,,,,,,,,-10.70764,3.03319,-1.64698,50,4.65436,9.08293,-113.08525,1.52343,-13.68217,23.17117,-28.29824,POM_COL,POM_COL,PomonaPitzer,TeamExclusive,Team,20260116-PomonaPitzer-Private-3,d882d560-f333-11f0-920e-eda960558d24,75.33108,,,7.84348,,,,,,,5fa35a42-9d85-4343-b482-725ce5839cf7,2026-01-16,23:34:04.34,2026-01-16T15:34:04.3464704-08:00,2026-01-16T23:34:04.3464704Z,,v3,POM_PIT,POM_PIT,,"Savas, Peter",1000276389,Right,POM_COL,271bd85e-6483-4cac-bbc4-fbec5faea9db,55.68315,-114.24379,11.58558,4.54282,2.93832,-14.14912,-2.11823,9.76703,-6.84108,,,,,,,,,,,,,,,,,,,,,,,,,,,,,,,,,,,,,,,,,,,,,,,,,,,High,High,High,,,,,
203,2026-01-16,15:34:19.87,4,3,"Chung, Evan",,Right,POM_COL,"Loui, Shawn",N/A,Right,POM_COL,Undefined,6,Bottom,2,1,1,ChangeUp,Changeup,StrikeSwinging,Undefined,Undefined,Undefined,0,0,,71.12025,2.405728,-3.771087,1520.394085,265.644422,2:45,4.27947,2.26463,4.57519,-54.87471,3.51949,21.21438,2.00185,0.43926,64.97618,-7.482832,-0.064445,0.549992,,,,,,,,,,,,-11.37481,1.6011,-1.89484,50,4.47808,5.94265,-102.84636,2.46932,-12.17135,17.2113,-30.46083,POM_COL,POM_COL,PomonaPitzer,TeamExclusive,Team,20260116-PomonaPitzer-Private-3,e1c85690-f333-11f0-920e-eda960558d24,68.53273,,,6.14407,,,,,,,5fa35a42-9d85-4343-b482-725ce5839cf7,2026-01-16,23:34:19.87,2026-01-16T15:34:19.8781440-08:00,2026-01-16T23:34:19.8781440Z,,v3,POM_PIT,POM_PIT,,"Savas, Peter",1000276389,Right,POM_COL,65dc9503-0c26-4df4-9667-2ede327026db,55.92459,-103.8331,8.60565,4.28645,4.21567,-15.23041,-2.25554,6.64045,-6.08568,,,,,,,,,,,,,,,,,,,,,,,,,,,,,,,,,,,,,,,,,,,,,,,,,,,High,High,High,,,,,
204,2026-01-16,15:34:35.72,4,4,"Chung, Evan",,Right,POM_COL,"Loui, Shawn",N/A,Right,POM_COL,Undefined,6,Bottom,2,1,2,Slider,Curveball,BallCalled,Undefined,Undefined,Undefined,0,0,,69.74932,3.280524,-4.565239,1861.34791,94.264437,9:15,3.96026,2.38582,4.45736,-59.20928,2.14449,-2.16996,2.16758,-2.15728,63.69437,-7.337675,-4.941763,0.563757,,,,,,,,,,,,-0.25791,0.67425,-1.90055,50,4.25087,8.11771,-100.6084,3.79115,-0.2636,16.76851,-31.48497,POM_COL,POM_COL,PomonaPitzer,TeamExclusive,Team,20260116-PomonaPitzer-Private-3,eb3c61d0-f333-11f0-920e-eda960558d24,66.85935,,,6.05495,,,,,,,5fa35a42-9d85-4343-b482-725ce5839cf7,2026-01-16,23:34:35.72,2026-01-16T15:34:35.7274112-08:00,2026-01-16T23:34:35.7274112Z,,v3,POM_PIT,POM_PIT,,"Savas, Peter",1000276389,Right,POM_COL,2be11e71-bcd5-4f0d-a463-61eb54ad6b42,56.04067,-101.61022,8.38426,3.96818,5.67219,-15.74249,-2.38601,8.13345,-0.1318,,,,,,,,,,,,,,,,,,,,,,,,,,,,,,,,,,,,,,,,,,,,,,,,,,,High,High,High,,,,,
205,2026-01-16,15:34:53.69,4,5,"Chung, Evan",,Right,POM_COL,"Loui, Shawn",N/A,Right,POM_COL,Undefined,6,Bottom,2,2,2,Fastball,Changeup,BallCalled,Undefined,Undefined,Undefined,0,0,,78.50176,1.02673,-6.700432,1976.538906,251.137282,2:15,4.33726,2.16428,4.73698,-40.27231,7.89855,18.25993,1.96203,-2.69947,71.21223,-6.276446,-3.525539,0.499532,,,,,,,,,,,,-10.84839,4.0617,-1.50366,50,4.4061,12.49289,-113.0246,0.59527,-13.98067,21.31788,-26.93962,POM_COL,POM_COL,PomonaPitzer,TeamExclusive,Team,20260116-PomonaPitzer-Private-3,f5eb0ff0-f333-11f0-920e-eda960558d24,75.45546,,,7.28953,,,,,,,5fa35a42-9d85-4343-b482-725ce5839cf7,2026-01-16,23:34:53.69,2026-01-16T15:34:53.6924672-08:00,2026-01-16T23:34:53.6924672Z,,v3,POM_PIT,POM_PIT,,"Savas, Peter",1000276389,Right,POM_COL,924ec36a-9c97-4ced-a7e5-e4992470be12,55.76078,-114.10599,10.65894,4.34124,1.96182,-13.46981,-2.15537,13.20208,-6.99033,,,,,,,,,,,,,,,,,,,,,,,,,,,,,,,,,,,,,,,,,,,,,,,,,,,High,High,High,,,,,
206,2026-01-16,15:35:10.81,4,6,"Chung, Evan",,Right,POM_COL,"Loui, Shawn",N/A,Right,POM_COL,Undefined,6,Bottom,2,3,2,Fastball,Changeup,FoulBallFieldable,Undefined,Undefined,Undefined,1,0,,77.42579,2.125211,-4.86459,1887.146689,256.961411,2:30,4.54156,2.01811,4.79042,-43.46502,5.88103,17.94099,2.94176,-1.10811,69.98496,-5.780759,-1.72669,0.505589,48.08769,-49.92344,130.642055,,,,,3.06376,3.06376,104.619804,0.052873,-10.28217,2.72567,-1.54836,50,4.7169,8.75838,-111.74942,2.62595,-12.89448,21.69643,-28.75591,POM_COL,POM_COL,PomonaPitzer,TeamExclusive,Team,20260116-PomonaPitzer-Private-3,0022e060-f334-11f0-920e-eda960558d24,74.55154,2.87921,,7.44083,,,,0.80455,2.87921,1.12638,5fa35a42-9d85-4343-b482-725ce5839cf7,2026-01-16,23:35:10.81,2026-01-16T15:35:10.8135424-08:00,2026-01-16T23:35:10.8135424Z,GroundBall,v3,POM_PIT,POM_PIT,,"Savas, Peter",1000276389,Right,POM_COL,13ada96e-952b-4cc4-8ded-aa5c347dd986,55.70779,-112.85216,10.84822,4.54629,4.0875,-14.37795,-2.01017,9.41376,-6.44724,,0.80682,-29.84224,,,,,,,,2.88336,-54.45499,,,,,,,,1.12373,34.76586,,,,,,,,,,,,,,,,,,,,,,,,,,,,,,High,High,High,Estimated,Estimated,,,
207,2026-01-16,15:37:59.83,1,1,"Orens, Devran",,Right,POM_COL,"Dillehay, Drew",N/A,Right,POM_COL,Undefined,7,Top,0,0,0,Fastball,Changeup,InPlay,Undefined,FlyBall,Double,1,0,,82.79358,-2.401662,-2.672957,2114.094317,222.921617,1:30,5.99948,1.53284,5.0354,-22.7947,20.03159,17.14135,1.83033,0.43771,74.68811,-6.666857,0.352968,0.471006,89.81756,32.065861,-25.878393,,97.04974,59.72508,-51.78114,323.7207,254.10629,-32.627485,4.667092,-9.36619,11.15757,-1.29197,50,5.75251,4.84111,-119.71585,-5.75904,-13.39381,26.26703,-16.21853,POM_COL,POM_COL,PomonaPitzer,TeamExclusive,Team,20260116-PomonaPitzer-Private-3,64f0ff90-f334-11f0-920e-eda960558d24,80.02536,75.83449,,8.10547,,,,1.13375,1.98427,-0.64463,5fa35a42-9d85-4343-b482-725ce5839cf7,2026-01-16,23:37:59.83,2026-01-16T15:37:59.8373376-08:00,2026-01-16T23:37:59.8373376Z,FlyBall,v3,POM_PIT,POM_PIT,,"Ruyle, Brody",10183257,Right,POM_COL,87cf75f0-4ae0-4b35-9b6a-2c42a8528912,55.46113,-120.90814,13.13352,5.99721,-5.02285,-8.10927,-1.52551,5.44907,-6.6969,,1.13306,100.45806,-19.88013,4.89312,-1.20556,0.30199,-0.06179,0.00772,-0.00041,1.98598,69.89571,-18.65026,1.09742,0.0782,-0.12237,0.03755,-0.00514,0.00027,-0.64438,-48.7309,5.19527,-1.22807,0.30756,-0.08264,0.01811,-0.00235,0.00013,,,,,,,,,,,,,,,,,,,,,,,High,High,High,Medium,Medium,,,
208,2026-01-16,15:38:42.91,2,1,"Orens, Devran",,Right,POM_COL,"Quintero, James",10138921,Left,POM_COL,Undefined,7,Top,1,0,0,Fastball,Changeup,StrikeCalled,Undefined,Undefined,Undefined,0,0,,83.36951,-2.726765,-2.81044,2077.283276,223.293005,1:30,5.91479,1.94327,5.17552,-23.00556,18.95127,16.40233,1.42678,0.66344,75.39737,-7.025398,0.092446,0.466201,,,,,,,,,,,,-9.00965,10.72942,-1.69451,50,5.64379,5.19809,-120.54557,-6.48384,-13.09661,26.08124,-16.57754,POM_COL,POM_COL,PomonaPitzer,TeamExclusive,Team,20260116-PomonaPitzer-Private-3,7e84b280-f334-11f0-920e-eda960558d24,80.85026,,,7.97214,,,,,,,5fa35a42-9d85-4343-b482-725ce5839cf7,2026-01-16,23:38:42.91,2026-01-16T15:38:42.9177344-08:00,2026-01-16T23:38:42.9177344Z,,v3,POM_PIT,POM_PIT,,"Ruyle, Brody",10183257,Right,POM_COL,63e79033-7f49-48f9-8fcd-6791060747f0,55.32012,-121.69118,13.04062,5.9126,-5.75567,-8.28877,-1.93547,5.77336,-6.54831,,,,,,,,,,,,,,,,,,,,,,,,,,,,,,,,,,,,,,,,,,,,,,,,,,,High,High,High,,,,,
209,2026-01-16,15:38:56.11,2,2,"Orens, Devran",,Right,POM_COL,"Quintero, James",10138921,Left,POM_COL,Undefined,7,Top,1,0,1,Splitter,Changeup,StrikeCalled,Undefined,Undefined,Undefined,0,0,,71.91611,2.208639,-3.235244,1343.440282,283.602707,3:30,5.2938,2.19171,5.0517,-55.78952,0.76705,4.95894,2.7321,-0.44959,65.3017,-7.935764,-2.360998,0.541269,,,,,,,,,,,,-3.43784,0.33665,-1.88746,50,5.46054,5.687,-103.99821,2.19636,-3.72544,19.15681,-31.80922,POM_COL,POM_COL,PomonaPitzer,TeamExclusive,Team,20260116-PomonaPitzer-Private-3,866e4d30-f334-11f0-920e-eda960558d24,69.63722,,,6.61441,,,,,,,5fa35a42-9d85-4343-b482-725ce5839cf7,2026-01-16,23:38:56.11,2026-01-16T15:38:56.1164288-08:00,2026-01-16T23:38:56.1164288Z,,v3,POM_PIT,POM_PIT,,"Ruyle, Brody",10183257,Right,POM_COL,c1f047fd-d4ec-439e-8cdb-4322638b4fc8,55.44481,-104.99637,9.57841,5.30292,3.85378,-15.90461,-2.18884,5.88112,-1.86272,,,,,,,,,,,,,,,,,,,,,,,,,,,,,,,,,,,,,,,,,,,,,,,,,,,High,High,High,,,,,
210,2026-01-16,15:39:10.03,2,3,"Orens, Devran",,Right,POM_COL,"Quintero, James",10138921,Left,POM_COL,Undefined,7,Top,1,0,2,Fastball,Four-Seam,StrikeSwinging,Strikeout,Undefined,Undefined,0,0,,84.63552,-1.780307,-3.334246,2184.382223,217.002971,1:15,5.82779,1.6579,4.85062,-19.11237,22.22781,15.57509,2.54636,-0.20412,76.05585,-5.392741,-0.598047,0.462762,,,,,,,,,,,,-8.67107,11.91658,-1.34229,50,5.63659,6.39739,-122.26429,-4.4077,-12.92948,27.46243,-14.40517,POM_COL,POM_COL,PomonaPitzer,TeamExclusive,Team,20260116-PomonaPitzer-Private-3,8ead81f0-f334-11f0-920e-eda960558d24,81.45103,,,8.57967,,,,,,,5fa35a42-9d85-4343-b482-725ce5839cf7,2026-01-16,23:39:10.03,2026-01-16T15:39:10.0370000-08:00,2026-01-16T23:39:10.0370000Z,,v3,POM_PIT,POM_PIT,,"Ruyle, Brody",10183257,Right,POM_COL,8856c0f2-0d27-48da-b63f-fccf40ae7520,55.64358,-123.52542,13.73121,5.82382,-3.74619,-7.20259,-1.64971,6.99114,-6.46474,,,,,,,,,,,,,,,,,,,,,,,,,,,,,65.63399,2.630082,1.638554,0.991528,-1.07134,2.30704,0.22737,0.57153,6.0528,-2.83338,71.18874,5.28548,-53.59969,0.58224,74.28596,-3.10049,6.09336,13.46736,-14.39559,-2.9073,-58.56798,7.4926,High,High,High,,,High,High,High
211,2026-01-16,15:39:36.30,3,1,"Orens, Devran",,Right,POM_COL,"Winthrop, Nolan",N/A,Left,POM_COL,Undefined,7,Top,2,0,0,Fastball,Four-Seam,BallCalled,Undefined,Undefined,Undefined,0,0,,83.67748,-1.755644,-4.199526,2072.725631,218.165906,1:15,5.93847,1.66167,5.01668,-21.73415,20.20832,14.67524,2.46542,-1.08583,75.51372,-5.830622,-1.617485,0.466121,,,,,,,,,,,,-8.50343,10.96359,-1.27081,50,5.75311,8.21036,-120.85044,-4.41018,-12.43861,25.94708,-16.13677,POM_COL,POM_COL,PomonaPitzer,TeamExclusive,Team,20260116-PomonaPitzer-Private-3,9e5bca30-f334-11f0-920e-eda960558d24,80.86415,,,8.16376,,,,,,,5fa35a42-9d85-4343-b482-725ce5839cf7,2026-01-16,23:39:36.30,2026-01-16T15:39:36.3011584-08:00,2026-01-16T23:39:36.3011584Z,,v3,POM_PIT,POM_PIT,,"Ruyle, Brody",10183257,Right,POM_COL,31fb540f-a4ab-4901-827d-0251e4372e97,55.47799,-122.02092,12.97354,5.93564,-3.68225,-8.06838,-1.65384,8.77147,-6.2193,,,,,,,,,,,,,,,,,,,,,,,,,,,,,,,,,,,,,,,,,,,,,,,,,,,High,High,High,,,,,
212,2026-01-16,15:39:50.31,3,2,"Orens, Devran",,Right,POM_COL,"Winthrop, Nolan",N/A,Left,POM_COL,Undefined,7,Top,2,1,0,Fastball,Four-Seam,StrikeSwinging,Undefined,Undefined,Undefined,0,0,,83.71095,-0.451607,-3.256645,2127.687802,215.460567,1:15,5.93578,1.73328,5.11263,-19.44745,22.31749,14.79607,3.88902,-0.10505,75.20918,-4.149289,-0.645194,0.465133,,,,,,,,,,,,-8.31213,11.62528,-1.4382,50,5.87893,6.2202,-121.04976,-1.53311,-12.15883,26.74928,-15.16882,POM_COL,POM_COL,PomonaPitzer,TeamExclusive,Team,20260116-PomonaPitzer-Private-3,a6afe680-f334-11f0-920e-eda960558d24,81.03581,,,8.50176,,,,,,,5fa35a42-9d85-4343-b482-725ce5839cf7,2026-01-16,23:39:50.31,2026-01-16T15:39:50.3124480-08:00,2026-01-16T23:39:50.3124480Z,,v3,POM_PIT,POM_PIT,,"Ruyle, Brody",10183257,Right,POM_COL,5fbbc5f3-8cbc-444d-a46f-159b09782089,55.38121,-122.2331,13.37464,5.93191,-0.86207,-7.58441,-1.72527,6.75808,-6.07942,,,,,,,,,,,,,,,,,,,,,,,,,,,,,,,,,,,,,,,,,,,,,,,,,,,High,High,High,,,,,
213,2026-01-16,15:40:04.02,3,3,"Orens, Devran",,Right,POM_COL,"Winthrop, Nolan",N/A,Left,POM_COL,Undefined,7,Top,2,1,1,Splitter,Changeup,InPlay,Undefined,FlyBall,Out,1,0,,73.37808,1.117313,-1.931385,1266.516493,286.073282,3:30,5.21273,2.14407,4.73523,-54.82282,0.00134,6.62989,1.70486,0.86363,66.77857,-8.782801,-0.76586,0.532914,84.58086,22.267903,-9.911591,2970.239288,106.87048,35.76702,-26.05088,293.89854,283.92133,-19.039396,3.591768,-3.87217,0.14756,-1.95577,50,5.2767,3.32141,-106.2503,0.18925,-4.37509,20.17596,-32.00734,POM_COL,POM_COL,PomonaPitzer,TeamExclusive,Team,20260116-PomonaPitzer-Private-3,aeff47e0-f334-11f0-920e-eda960558d24,70.72888,40.89137,,6.59951,,,,1.61971,1.79552,-0.8882,5fa35a42-9d85-4343-b482-725ce5839cf7,2026-01-16,23:40:04.02,2026-01-16T15:40:04.0262656-08:00,2026-01-16T23:40:04.0262656Z,LineDrive,v3,POM_PIT,POM_PIT,,"Ruyle, Brody",10183257,Right,POM_COL,d59bffe8-2adc-4829-81a9-4fc708ce82d1,55.7635,-107.33916,10.08798,5.21987,1.91662,-16.00367,-2.14139,3.55753,-2.18754,138.059686,1.61935,113.0991,-17.85876,3.93266,-1.01792,0.33534,-0.10003,0.01789,-0.0013,1.79595,46.99356,-14.78608,0.16947,0.37607,-0.26434,0.09732,-0.01742,0.0012,-0.88796,-19.76807,-4.57833,1.56404,-0.40927,0.09926,-0.02368,0.00384,-0.00027,,,,,,,,,,,,,,,,,,,,,,,High,High,High,High,High,,,
214,2026-01-16,15:40:40.73,4,1,"Orens, Devran",,Right,POM_COL,"Nahabedian, George",1000214430,Right,POM_COL,Undefined,7,Top,0,0,0,Fastball,Changeup,StrikeCalled,Undefined,Undefined,Undefined,0,0,,83.4261,-2.432257,-3.213859,2079.837474,231.686316,1:45,6.01187,1.29042,4.84228,-24.29718,18.20658,21.03387,1.67923,-0.00283,75.28117,-6.942165,0.484873,0.469229,,,,,,,,,,,,-11.2804,10.16678,-0.99116,50,5.75111,5.80329,-120.52898,-5.95469,-16.37272,26.33956,-17.41764,POM_COL,POM_COL,PomonaPitzer,TeamExclusive,Team,20260116-PomonaPitzer-Private-3,c4bb65f0-f334-11f0-920e-eda960558d24,80.32841,,,8.14493,,,,,,,5fa35a42-9d85-4343-b482-725ce5839cf7,2026-01-16,23:40:40.73,2026-01-16T15:40:40.7343616-08:00,2026-01-16T23:40:40.7343616Z,,v3,POM_PIT,POM_PIT,,"Ruyle, Brody",10183257,Right,POM_COL,d3cadffa-a63c-4112-86c4-b64433a37cd4,55.65314,-121.75811,13.16978,6.01002,-5.1419,-8.70882,-1.2798,6.56732,-8.18636,,,,,,,,,,,,,,,,,,,,,,,,,,,,,,,,,,,,,,,,,,,,,,,,,,,High,High,High,,,,,
215,2026-01-16,15:40:54.98,4,2,"Orens, Devran",,Right,POM_COL,"Nahabedian, George",1000214430,Right,POM_COL,Undefined,7,Top,0,0,1,Slider,Curveball,BallCalled,Undefined,Undefined,Undefined,0,0,,72.31889,2.080003,-2.413727,2674.506705,75.158813,8:30,5.51144,2.06804,4.55821,-60.35755,-2.90433,-18.88718,2.46393,-1.80453,65.40122,-8.777639,-5.713913,0.545542,,,,,,,,,,,,8.25674,-1.37567,-1.79886,50,5.67192,5.1852,-104.4857,1.6686,8.93731,21.0292,-33.6631,POM_COL,POM_COL,PomonaPitzer,TeamExclusive,Team,20260116-PomonaPitzer-Private-3,cd48e1c0-f334-11f0-920e-eda960558d24,69.09167,,,6.91767,,,,,,,5fa35a42-9d85-4343-b482-725ce5839cf7,2026-01-16,23:40:54.98,2026-01-16T15:40:54.9839360-08:00,2026-01-16T23:40:54.9839360Z,,v3,POM_PIT,POM_PIT,,"Ruyle, Brody",10183257,Right,POM_COL,f03f1861-4b4e-4b41-a4e4-99c28366f992,55.93814,-105.67408,10.5146,5.52388,3.57092,-16.83155,-2.07761,4.68014,4.46865,,,,,,,,,,,,,,,,,,,,,,,,,,,,,,,,,,,,,,,,,,,,,,,,,,,High,High,High,,,,,
216,2026-01-16,15:41:09.97,4,3,"Orens, Devran",,Right,POM_COL,"Nahabedian, George",1000214430,Right,POM_COL,Undefined,7,Top,0,1,1,Fastball,Changeup,FoulBallNotFieldable,Undefined,Undefined,Undefined,0,0,,84.5324,-1.091665,-2.007523,2156.679204,227.585377,1:30,5.99873,1.51619,4.90879,-22.75163,18.68332,18.70005,3.06968,1.17536,75.70835,-5.358981,1.287076,0.463292,,,,,,,,,,,,-9.86304,10.0206,-1.33647,50,5.87411,3.42606,-122.24931,-3.09012,-14.62062,28.69781,-17.3199,POM_COL,POM_COL,PomonaPitzer,TeamExclusive,Team,20260116-PomonaPitzer-Private-3,d649b8d0-f334-11f0-920e-eda960558d24,81.35785,,,8.82405,,,,,,,5fa35a42-9d85-4343-b482-725ce5839cf7,2026-01-16,23:41:09.97,2026-01-16T15:41:09.9787776-08:00,2026-01-16T23:41:09.9787776Z,,v3,POM_PIT,POM_PIT,,"Ruyle, Brody",10183257,Right,POM_COL,452a1242-b84e-445e-92b8-948dc9babf37,55.58606,-123.55367,14.3489,5.99667,-2.30291,-8.65995,-1.5073,4.09059,-7.31031,,,,,,,,,,,,,,,,,,,,,,,,,,,,,,,,,,,,,,,,,,,,,,,,,,,High,High,High,,,,,
217,2026-01-16,15:41:33.12,4,4,"Orens, Devran",,Right,POM_COL,"Nahabedian, George",1000214430,Right,POM_COL,Undefined,7,Top,0,1,2,Slider,Curveball,BallCalled,Undefined,Undefined,Undefined,0,0,,74.28283,0.248783,-5.553326,2671.937647,75.198764,8:30,5.48294,2.1197,4.62878,-56.46798,-1.97484,-14.71221,1.01486,-4.40149,67.72822,-9.828711,-8.109625,0.531303,,,,,,,,,,,,5.24681,-0.3163,-1.53447,50,5.45792,11.02323,-107.01376,-1.56027,5.97909,21.44704,-32.53451,POM_COL,POM_COL,PomonaPitzer,TeamExclusive,Team,20260116-PomonaPitzer-Private-3,e4022480-f334-11f0-920e-eda960558d24,70.94339,,,6.55461,,,,,,,5fa35a42-9d85-4343-b482-725ce5839cf7,2026-01-16,23:41:33.12,2026-01-16T15:41:33.1210240-08:00,2026-01-16T23:41:33.1210240Z,,v3,POM_PIT,POM_PIT,,"Ruyle, Brody",10183257,Right,POM_COL,75163e8b-c16a-47a6-850c-0f9b30339c71,55.86645,-108.18309,10.72352,5.49463,0.21357,-16.26726,-2.12659,10.69724,2.98955,,,,,,,,,,,,,,,,,,,,,,,,,,,,,,,,,,,,,,,,,,,,,,,,,,,High,High,High,,,,,
218,2026-01-16,15:41:53.04,4,5,"Orens, Devran",,Right,POM_COL,"Nahabedian, George",1000214430,Right,POM_COL,Undefined,7,Top,0,2,2,Splitter,Changeup,StrikeSwinging,Strikeout,Undefined,Undefined,0,0,,73.1783,1.075758,-1.26749,1071.656277,315.986685,4:30,5.28749,1.97488,4.56694,-58.87247,-3.66362,5.32217,1.40552,1.21205,66.9824,-9.48155,-0.333642,0.534781,,,,,,,,,,,,-2.97236,-1.5639,-1.84877,50,5.34382,2.13083,-106.0271,-0.10093,-3.35932,19.34242,-33.94156,POM_COL,POM_COL,PomonaPitzer,TeamExclusive,Team,20260116-PomonaPitzer-Private-3,efe3fb70-f334-11f0-920e-eda960558d24,70.48205,,,6.1959,,,,,,,5fa35a42-9d85-4343-b482-725ce5839cf7,2026-01-16,23:41:53.04,2026-01-16T15:41:53.0406912-08:00,2026-01-16T23:41:53.0406912Z,,v3,POM_PIT,POM_PIT,,"Ruyle, Brody",10183257,Right,POM_COL,18fa7e39-5c3f-45a6-99e5-4658b938f923,55.93225,-107.10385,9.67121,5.29685,1.78851,-16.97078,-1.97259,2.31783,-1.67966,,,,,,,,,,,,,,,,,,,,,,,,,,,,,,,,,,,,,,,,,,,,,,,,,,,High,High,High,,,,,
219,2026-01-16,15:42:18.73,5,1,"Orens, Devran",,Right,POM_COL,"Heath, Emmett",N/A,Left,POM_COL,Undefined,7,Top,1,0,0,Fastball,Changeup,BallCalled,Undefined,Undefined,Undefined,0,0,,85.12896,-0.648544,-1.954985,2073.589406,236.616158,2:00,5.83407,1.77048,5.00123,-26.93966,13.41225,18.17025,2.97647,1.4384,76.93613,-5.633209,1.252574,0.457197,,,,,,,,,,,,-9.52028,7.25642,-1.59777,50,5.75059,3.36972,-123.27038,-2.35679,-14.48166,27.1164,-21.13601,POM_COL,POM_COL,PomonaPitzer,TeamExclusive,Team,20260116-PomonaPitzer-Private-3,ff2725d0-f334-11f0-920e-eda960558d24,82.4424,,,8.19283,,,,,,,5fa35a42-9d85-4343-b482-725ce5839cf7,2026-01-16,23:42:18.73,2026-01-16T15:42:18.7335168-08:00,2026-01-16T23:42:18.7335168Z,,v3,POM_PIT,POM_PIT,,"Ruyle, Brody",10183257,Right,POM_COL,f507d372-4625-4ba7-a493-ef511c67b27f,55.49423,-124.47311,13.5582,5.83433,-1.41932,-10.568,-1.76147,4.01204,-7.24083,,,,,,,,,,,,,,,,,,,,,,,,,,,,,,,,,,,,,,,,,,,,,,,,,,,High,High,High,,,,,
220,2026-01-16,15:42:30.45,5,2,"Orens, Devran",,Right,POM_COL,"Heath, Emmett",N/A,Left,POM_COL,Undefined,7,Top,1,1,0,Fastball,Changeup,StrikeSwinging,Undefined,Undefined,Undefined,0,0,,84.62021,-2.0682,-2.623876,2174.507221,224.700904,1:30,5.90179,1.82993,4.9893,-23.59446,17.41005,15.73733,1.97983,0.66209,76.39787,-6.45992,0.152076,0.460879,,,,,,,,,,,,-8.53843,9.68229,-1.59032,50,5.68398,4.88495,-122.36559,-5.22246,-12.78208,26.9992,-17.67958,POM_COL,POM_COL,PomonaPitzer,TeamExclusive,Team,20260116-PomonaPitzer-Private-3,0623ef80-f335-11f0-920e-eda960558d24,81.78374,,,8.22235,,,,,,,5fa35a42-9d85-4343-b482-725ce5839cf7,2026-01-16,23:42:30.45,2026-01-16T15:42:30.4540160-08:00,2026-01-16T23:42:30.4540160Z,,v3,POM_PIT,POM_PIT,,"Ruyle, Brody",10183257,Right,POM_COL,4210d987-e787-4498-a08e-86d2a4666b64,55.50525,-123.57431,13.4996,5.90007,-4.43096,-8.83979,-1.82182,5.4572,-6.39104,,,,,,,,,,,,,,,,,,,,,,,,,,,,,,,,,,,,,,,,,,,,,,,,,,,High,High,High,,,,,
221,2026-01-16,15:42:43.14,5,3,"Orens, Devran",,Right,POM_COL,"Heath, Emmett",N/A,Left,POM_COL,Undefined,7,Top,1,1,1,Splitter,Changeup,BallCalled,Undefined,Undefined,Undefined,0,0,,74.45458,-1.128024,-2.560734,1109.399206,296.592022,4:00,5.3295,1.91663,4.61486,-55.92743,-2.01795,8.0139,-0.40482,0.14817,67.73709,-11.148241,-1.152147,0.52845,,,,,,,,,,,,-4.80339,-0.12449,-1.66108,50,5.16178,4.4928,-107.66747,-4.10319,-5.53125,22.0064,-32.3174,POM_COL,POM_COL,PomonaPitzer,TeamExclusive,Team,20260116-PomonaPitzer-Private-3,0dd89780-f335-11f0-920e-eda960558d24,71.3264,,,6.71749,,,,,,,5fa35a42-9d85-4343-b482-725ce5839cf7,2026-01-16,23:42:43.14,2026-01-16T15:42:43.1476736-08:00,2026-01-16T23:42:43.1476736Z,,v3,POM_PIT,POM_PIT,,"Ruyle, Brody",10183257,Right,POM_COL,79c4c0d1-d7e2-4b40-aa9e-cdc93a7c35e7,55.88382,-108.86343,11.0032,5.33704,-2.34686,-16.1587,-1.91342,4.7934,-2.76562,,,,,,,,,,,,,,,,,,,,,,,,,,,,,,,,,,,,,,,,,,,,,,,,,,,High,High,High,,,,,
222,2026-01-16,15:43:04.19,5,4,"Orens, Devran",,Right,POM_COL,"Heath, Emmett",N/A,Left,POM_COL,Undefined,7,Top,1,2,1,Fastball,Changeup,InPlay,Undefined,GroundBall,Out,1,0,,84.98426,-1.557867,-3.484782,2265.801607,231.744904,1:45,5.76904,1.79914,4.98652,-23.786,16.71914,19.38422,2.31272,0.11981,76.9638,-5.977221,-0.069645,0.458064,89.00546,-20.143972,15.212151,,,,,6.72081,6.72081,12.143683,0.048508,-10.65756,9.158,-1.47974,50,5.60004,6.61501,-122.93765,-4.16971,-16.1684,26.35688,-18.2806,POM_COL,POM_COL,PomonaPitzer,TeamExclusive,Team,20260116-PomonaPitzer-Private-3,1a5b6960-f335-11f0-920e-eda960558d24,82.28635,2.18481,,8.02046,,,,0.82301,2.18481,-0.14903,5fa35a42-9d85-4343-b482-725ce5839cf7,2026-01-16,23:43:04.19,2026-01-16T15:43:04.1986048-08:00,2026-01-16T23:43:04.1986048Z,GroundBall,v3,POM_PIT,POM_PIT,,"Ruyle, Brody",10183257,Right,POM_COL,87ab05a3-448a-4eb5-96e7-43bbfb31cf93,55.51123,-124.1136,13.17844,5.76788,-3.3541,-9.1403,-1.79097,7.33638,-8.0842,180,0.82127,118.48446,,,,,,,,2.18547,-45.04047,,,,,,,,-0.1495,32.2185,,,,,,,,,,,,,,,,,,,,,,,,,,,,,,High,High,High,Low,Low,,,