PitchNo,Date,Time,PAofInning,PitchofPA,Pitcher,PitcherId,PitcherThrows,PitcherTeam,Batter,BatterId,BatterSide,BatterTeam,PitcherSet,Inning,Top/Bottom,Outs,Balls,Strikes,TaggedPitchType,AutoPitchType,PitchCall,KorBB,TaggedHitType,PlayResult,OutsOnPlay,RunsScored,Notes,RelSpeed,VertRelAngle,HorzRelAngle,SpinRate,SpinAxis,Tilt,RelHeight,RelSide,Extension,VertBreak,InducedVertBreak,HorzBreak,PlateLocHeight,PlateLocSide,ZoneSpeed,VertApprAngle,HorzApprAngle,ZoneTime,ExitSpeed,Angle,Direction,HitSpinRate,PositionAt110X,PositionAt110Y,PositionAt110Z,Distance,LastTrackedDistance,Bearing,HangTime,pfxx,pfxz,x0,y0,z0,vx0,vy0,vz0,ax0,ay0,az0,HomeTeam,AwayTeam,Stadium,Level,League,GameID,PitchUID,EffectiveVelo,MaxHeight,MeasuredDuration,SpeedDrop,PitchLastMeasuredX,PitchLastMeasuredY,PitchLastMeasuredZ,ContactPositionX,ContactPositionY,ContactPositionZ,GameUID,UTCDate,UTCTime,LocalDateTime,UTCDateTime,AutoHitType,System,HomeTeamForeignID,AwayTeamForeignID,GameForeignID,Catcher,CatcherId,CatcherThrows,CatcherTeam,PlayID,PitchTrajectoryXc0,PitchTrajectoryXc1,PitchTrajectoryXc2,PitchTrajectoryYc0,PitchTrajectoryYc1,PitchTrajectoryYc2,PitchTrajectoryZc0,PitchTrajectoryZc1,PitchTrajectoryZc2,HitSpinAxis,HitTrajectoryXc0,HitTrajectoryXc1,HitTrajectoryXc2,HitTrajectoryXc3,HitTrajectoryXc4,HitTrajectoryXc5,HitTrajectoryXc6,HitTrajectoryXc7,HitTrajectoryXc8,HitTrajectoryYc0,HitTrajectoryYc1,HitTrajectoryYc2,HitTrajectoryYc3,HitTrajectoryYc4,HitTrajectoryYc5,HitTrajectoryYc6,HitTrajectoryYc7,HitTrajectoryYc8,HitTrajectoryZc0,HitTrajectoryZc1,HitTrajectoryZc2,HitTrajectoryZc3,HitTrajectoryZc4,HitTrajectoryZc5,HitTrajectoryZc6,HitTrajectoryZc7,HitTrajectoryZc8,ThrowSpeed,PopTime,ExchangeTime,TimeToBase,CatchPositionX,CatchPositionY,CatchPositionZ,ThrowPositionX,ThrowPositionY,ThrowPositionZ,BasePositionX,BasePositionY,BasePositionZ,ThrowTrajectoryXc0,ThrowTrajectoryXc1,ThrowTrajectoryXc2,ThrowTrajectoryYc0,ThrowTrajectoryYc1,ThrowTrajectoryYc2,ThrowTrajectoryZc0,ThrowTrajectoryZc1,ThrowTrajectoryZc2,PitchReleaseConfidence,PitchLocationConfidence,PitchMovementConfidence,HitLaunchConfidence,HitLandingConfidence,CatcherThrowCatchConfidence,CatcherThrowReleaseConfidence,CatcherThrowLocationConfidence
1,2026-03-28,14:13:24.36,1,1,"Dennis, Lucas",10274891,Right,POM_COL,"Miguel, Rayden",1000394031,Right,WHI_COL1,Undefined,1,Top,0,0,0,Fastball,Changeup,StrikeCalled,Undefined,Undefined,Undefined,0,0,,85.68132,-0.83411,-3.096017,2076.696982,232.576139,1:45,5.55308,1.60599,5.97188,-26.10655,12.20631,14.22363,2.60307,-0.08177,77.72159,-5.737197,-0.542552,0.445496,,,,,,,,,,,,-8.17229,6.9113,-1.36824,50,5.4726,6.1289,-124.20558,-2.62017,-12.65933,26.82439,-21.46806,POM_COL,WHI_COL1,PomonaPitzer,D3,Team,20260328-PomonaPitzer-1,f539b630-2aea-11f1-bb04-df4732e2f9b7,84.60783,,,7.95973,,,,,,,02db39fb-0347-40de-93c4-abc1fa19139e,2026-03-28,21:13:24.36,2026-03-28T14:13:24.3684864-07:00,2026-03-28T21:13:24.3684864Z,,v3,643-145631,643-146222,,"Parker, Will",1000474009,Right,POM_COL,e209f699-0a2a-4d98-9037-79344a8cbea4,54.5243,-125.17887,13.4122,5.55354,-1.84123,-10.73403,-1.59895,6.58823,-6.32966,,,,,,,,,,,,,,,,,,,,,,,,,,,,,,,,,,,,,,,,,,,,,,,,,,,High,High,High,,,,,
2,2026-03-28,14:13:39.11,1,2,"Dennis, Lucas",10274891,Right,POM_COL,"Miguel, Rayden",1000394031,Right,WHI_COL1,Undefined,1,Top,0,0,1,Fastball,Four-Seam,StrikeCalled,Undefined,Undefined,Undefined,0,0,,86.40117,-1.281922,-4.052257,2183.549777,218.424819,1:15,5.53392,1.769,6.05064,-22.32903,15.42123,11.16808,2.48331,-1.05781,78.11862,-5.514397,-2.048712,0.442213,,,,,,,,,,,,-6.92555,8.70969,-1.45882,50,5.42199,8.39129,-125.05854,-3.45451,-10.85117,27.7249,-18.52744,POM_COL,WHI_COL1,PomonaPitzer,D3,Team,20260328-PomonaPitzer-1,fe032990-2aea-11f1-bb04-df4732e2f9b7,85.23595,,,8.28255,,,,,,,02db39fb-0347-40de-93c4-abc1fa19139e,2026-03-28,21:13:39.11,2026-03-28T14:13:39.1198208-07:00,2026-03-28T21:13:39.1198208Z,,v3,643-145631,643-146222,,"Parker, Will",1000474009,Right,POM_COL,e364d8fd-79e6-4819-95c2-5d1b4c178042,54.44388,-126.03988,13.86245,5.53266,-2.79873,-9.26372,-1.76263,8.77537,-5.42558,,,,,,,,,,,,,,,,,,,,,,,,,,,,,,,,,,,,,,,,,,,,,,,,,,,High,High,High,,,,,
3,2026-03-28,14:13:54.29,1,3,"Dennis, Lucas",10274891,Right,POM_COL,"Miguel, Rayden",1000394031,Right,WHI_COL1,Undefined,1,Top,0,0,2,Fastball,Sinker,InPlay,Undefined,LineDrive,Single,0,0,,88.12915,-0.83365,-3.699807,2237.394053,233.74173,1:45,5.55249,1.73173,5.9166,-24.61411,11.58217,14.14194,2.72598,-0.52816,80.16382,-5.445681,-1.166291,0.433015,83.30291,8.255163,4.34886,1309.442108,109.17616,5.71823,13.433,144.60576,144.60576,7.783512,1.388006,-8.34347,6.5352,-1.44308,50,5.47161,7.67349,-127.74448,-2.65497,-13.71721,27.55933,-21.42973,POM_COL,WHI_COL1,PomonaPitzer,D3,Team,20260328-PomonaPitzer-1,07058740-2aeb-11f1-bb04-df4732e2f9b7,87.0464,7.88946,,7.96533,,,,0.64211,2.686,0.54993,02db39fb-0347-40de-93c4-abc1fa19139e,2026-03-28,21:13:54.29,2026-03-28T14:13:54.2983680-07:00,2026-03-28T21:13:54.2983680Z,GroundBall,v3,643-145631,643-146222,,"Parker, Will",1000474009,Right,POM_COL,c247cc35-7a55-4fda-897b-750154de998a,54.582,-128.7292,13.77966,5.5528,-1.88927,-10.71487,-1.72601,8.16362,-6.85861,240.95761,0.64211,120.563,-14.23522,1.2941,-0.19541,-0.03371,0.03259,-0.00957,0.00106,2.68601,17.54216,-15.4091,1.10704,-0.06731,-0.04828,0.04319,-0.01466,0.00195,0.54992,9.1696,4.31714,-0.81887,-0.11067,0.27032,-0.1771,0.05738,-0.00768,,,,,,,,,,,,,,,,,,,,,,,High,High,High,High,High,,,
4,2026-03-28,14:14:31.02,2,1,"Dennis, Lucas",10274891,Right,POM_COL,"Mecate, Matthew",1000394015,Right,WHI_COL1,Undefined,1,Top,0,0,0,Fastball,Sinker,BallCalled,Undefined,Undefined,Undefined,0,0,,86.55867,-0.31841,-0.494435,2069.186782,230.82269,1:45,5.40453,2.00006,5.52845,-25.85234,12.60284,13.71737,2.9525,2.68095,77.79801,-5.162035,1.951693,0.446322,,,,,,,,,,,,-6.98276,6.87796,-1.966,50,5.36012,0.46322,-125.4106,-1.55948,-10.92192,29.59297,-21.41604,POM_COL,WHI_COL1,PomonaPitzer,D3,Team,20260328-PomonaPitzer-1,1ce99fb0-2aeb-11f1-bb04-df4732e2f9b7,84.45113,,,8.76066,,,,,,,02db39fb-0347-40de-93c4-abc1fa19139e,2026-03-28,21:14:31.02,2026-03-28T14:14:31.0235648-07:00,2026-03-28T21:14:31.0235648Z,,v3,643-145631,643-146222,,"Parker, Will",1000474009,Right,POM_COL,7f5c43e2-00fe-4c47-a2a7-e373e4be07eb,54.96461,-126.57667,14.79648,5.40494,-0.71562,-10.70802,-1.99273,0.89359,-5.46096,,,,,,,,,,,,,,,,,,,,,,,,,,,,,,,,,,,,,,,,,,,,,,,,,,,High,High,High,,,,,
5,2026-03-28,14:14:49.31,2,2,"Dennis, Lucas",10274891,Right,POM_COL,"Mecate, Matthew",1000394015,Right,WHI_COL1,Undefined,1,Top,0,1,0,ChangeUp,Changeup,StrikeCalled,Undefined,Undefined,Undefined,0,0,,79.41742,-0.00357,-4.372064,1391.932036,252.140307,2:30,5.35116,2.05143,5.77787,-38.29608,7.30815,17.2232,2.15649,-0.58929,71.25996,-7.129118,-1.296423,0.486042,,,,,,,,,,,,-10.11193,4.28784,-1.69972,50,5.3285,8.07894,-114.78045,-1.21322,-13.21011,25.35438,-26.57246,POM_COL,WHI_COL1,PomonaPitzer,D3,Team,20260328-PomonaPitzer-1,2875dc90-2aeb-11f1-bb04-df4732e2f9b7,77.5497,,,8.15745,,,,,,,02db39fb-0347-40de-93c4-abc1fa19139e,2026-03-28,21:14:49.31,2026-03-28T14:14:49.3126656-07:00,2026-03-28T21:14:49.3126656Z,,v3,643-145631,643-146222,,"Parker, Will",1000474009,Right,POM_COL,1479352f-7875-427f-99a6-cff6e9a3233a,54.71597,-115.81749,12.67719,5.3559,-0.12635,-13.28623,-2.04122,8.61927,-6.60506,,,,,,,,,,,,,,,,,,,,,,,,,,,,,,,,,,,,,,,,,,,,,,,,,,,High,High,High,,,,,
6,2026-03-28,14:15:29.28,2,3,"Dennis, Lucas",10274891,Right,POM_COL,"Mecate, Matthew",1000394015,Right,WHI_COL1,Undefined,1,Top,0,1,1,Fastball,Changeup,FoulBallNotFieldable,Undefined,Undefined,Undefined,0,0,,85.26021,-0.509511,-3.320769,2125.056138,226.90022,1:30,5.38881,2.0199,5.59766,-25.07226,14.0643,13.62379,2.82296,0.05142,77.49476,-5.195978,-0.893706,0.450259,,,,,,,,,,,,-7.90871,7.65748,-1.74431,50,5.32905,6.60428,-123.57044,-1.91114,-12.16123,25.88851,-20.39908,POM_COL,WHI_COL1,PomonaPitzer,D3,Team,20260328-PomonaPitzer-1,3fa73580-2aeb-11f1-bb04-df4732e2f9b7,83.71275,,,7.76545,,,,,,,02db39fb-0347-40de-93c4-abc1fa19139e,2026-03-28,21:15:29.28,2026-03-28T14:15:29.2829184-07:00,2026-03-28T21:15:29.2829184Z,,v3,643-145631,643-146222,,"Parker, Will",1000474009,Right,POM_COL,c28668e1-8c78-4f85-873d-af246738a0b7,54.90089,-124.59296,12.94425,5.38862,-1.10543,-10.19954,-2.01465,7.08461,-6.08061,,,,,,,,,,,,,,,,,,,,,,,,,,,,,,,,,,,,,,,,,,,,,,,,,,,High,High,High,,,,,
7,2026-03-28,14:15:54.95,2,4,"Dennis, Lucas",10274891,Right,POM_COL,"Mecate, Matthew",1000394015,Right,WHI_COL1,Undefined,1,Top,0,1,2,ChangeUp,Changeup,InPlay,Undefined,LineDrive,Single,0,0,,80.22032,0.239486,-2.430006,1404.001916,268.34443,3:00,5.25433,1.97825,5.73769,-41.95329,1.81154,14.18119,1.98143,0.89591,73.47544,-7.475605,0.108968,0.476139,87.41549,18.233645,16.283545,1151.672749,106.36391,26.37041,28.04788,259.03515,255.84663,14.125978,2.803506,-7.94874,1.24402,-1.78486,50,5.2484,4.39921,-116.45614,-0.881,-10.88465,22.4563,-30.47054,POM_COL,WHI_COL1,PomonaPitzer,D3,Team,20260328-PomonaPitzer-1,4ef53550-2aeb-11f1-bb04-df4732e2f9b7,79.16265,27.82074,,6.74488,,,,1.43972,2.005,-0.89891,02db39fb-0347-40de-93c4-abc1fa19139e,2026-03-28,21:15:54.95,2026-03-28T14:15:54.9556736-07:00,2026-03-28T21:15:54.9556736Z,LineDrive,v3,643-145631,643-146222,,"Parker, Will",1000474009,Right,POM_COL,725a64f2-ebba-4cce-a038-a6a2f780f4f2,54.76252,-117.37091,11.22815,5.25901,0.36023,-15.23527,-1.9731,4.8426,-5.44233,153.994911,1.43972,116.88672,-15.33764,3.03337,-0.60105,0.11239,-0.01927,0.00251,-0.00016,2.005,40.11566,-16.80114,1.121,-0.17995,0.02924,-0.0029,0.00034,-3E-05,-0.8989,34.14358,-6.70391,1.58176,-0.35788,0.07392,-0.0132,0.00174,-0.00011,,,,,,,,,,,,,,,,,,,,,,,High,High,High,High,High,,,
8,2026-03-28,14:16:40.56,3,1,"Dennis, Lucas",10274891,Right,POM_COL,"Jasso, Alexander",1000218885,Right,WHI_COL1,Undefined,1,Top,0,0,0,Slider,Curveball,StrikeCalled,Undefined,Undefined,Undefined,0,0,,76.76586,2.38224,-2.043377,2581.12403,61.424604,8:00,5.36926,1.90794,5.4844,-53.04771,-3.73166,-10.24934,3.18013,-0.85874,68.96279,-7.355115,-3.866464,0.505435,,,,,,,,,,,,4.37551,-2.02028,-1.72196,50,5.54339,4.37602,-111.05371,2.84114,5.33827,24.1641,-34.63885,POM_COL,WHI_COL1,PomonaPitzer,D3,Team,20260328-PomonaPitzer-1,6a33b210-2aeb-11f1-bb04-df4732e2f9b7,74.57422,,,7.80307,,,,,,,02db39fb-0347-40de-93c4-abc1fa19139e,2026-03-28,21:16:40.56,2026-03-28T14:16:40.5693440-07:00,2026-03-28T21:16:40.5693440Z,,v3,643-145631,643-146222,,"Parker, Will",1000474009,Right,POM_COL,ba93afc4-de28-4ff4-a211-472edd402d00,55.01059,-112.13866,12.08205,5.38091,4.3964,-17.31942,-1.91306,4.13634,2.66914,,,,,,,,,,,,,,,,,,,,,,,,,,,,,,,,,,,,,,,,,,,,,,,,,,,High,High,High,,,,,
9,2026-03-28,14:17:00.25,3,2,"Dennis, Lucas",10274891,Right,POM_COL,"Jasso, Alexander",1000218885,Right,WHI_COL1,Undefined,1,Top,0,0,1,Fastball,Sinker,FoulBallNotFieldable,Undefined,Undefined,Undefined,0,0,,87.42219,0.53373,-3.035052,2127.262106,226.870611,1:30,5.51675,1.60333,5.98482,-24.46092,12.1882,11.71705,3.97374,-0.23594,79.39687,-4.069063,-0.932474,0.435716,,,,,,,,,,,,-6.88162,6.46174,-1.36992,50,5.54547,6.23623,-126.79857,0.41702,-11.14747,27.14109,-21.70673,POM_COL,WHI_COL1,PomonaPitzer,D3,Team,20260328-PomonaPitzer-1,75e0bd60-2aeb-11f1-bb04-df4732e2f9b7,86.50697,,,8.02532,,,,,,,02db39fb-0347-40de-93c4-abc1fa19139e,2026-03-28,21:17:00.25,2026-03-28T14:17:00.2514944-07:00,2026-03-28T21:17:00.2514944Z,,v3,643-145631,643-146222,,"Parker, Will",1000474009,Right,POM_COL,64667bd8-9978-4b94-a6ea-9ee4a53ed23c,54.51244,-127.7608,13.57055,5.51704,1.18659,-10.85337,-1.59802,6.63144,-5.57373,,,,,,,,,,,,,,,,,,,,,,,,,,,,,,,,,,,,,,,,,,,,,,,,,,,High,High,High,,,,,
10,2026-03-28,14:17:23.86,3,3,"Dennis, Lucas",10274891,Right,POM_COL,"Jasso, Alexander",1000218885,Right,WHI_COL1,Undefined,1,Top,0,0,2,Slider,Curveball,StrikeSwinging,Strikeout,Undefined,Undefined,0,0,,75.27972,1.751767,-0.472349,2693.923751,56.745308,8:00,5.13638,1.87887,5.4016,-59.15806,-8.0239,-15.06146,1.84859,0.18113,68.14633,-9.038572,-3.155062,0.514668,,,,,,,,,,,,7.33548,-3.96567,-1.82618,50,5.25175,1.49035,-109.1009,1.35066,8.66395,22.78805,-36.85793,POM_COL,WHI_COL1,PomonaPitzer,D3,Team,20260328-PomonaPitzer-1,83fa5be0-2aeb-11f1-bb04-df4732e2f9b7,73.23644,,,7.13339,,,,,,,02db39fb-0347-40de-93c4-abc1fa19139e,2026-03-28,21:17:23.86,2026-03-28T14:17:23.8673920-07:00,2026-03-28T21:17:23.8673920Z,,v3,643-145631,643-146222,,"Parker, Will",1000474009,Right,POM_COL,ef724b26-efba-480c-9bf9-82ebb362d9cc,55.097,-110.16037,11.39403,5.14912,3.06428,-18.42897,-1.88611,1.08754,4.33198,,,,,,,,,,,,,,,,,,,,,,,,,,,,,,,,,,,,,,,,,,,,,,,,,,,High,High,High,,,,,
11,2026-03-28,14:17:54.64,4,1,"Dennis, Lucas",10274891,Right,POM_COL,"Plaskett, Joe",1000237974,Right,WHI_COL1,Undefined,1,Top,1,0,0,Slider,Curveball,BallCalled,Undefined,Undefined,Undefined,0,0,,75.09337,3.264096,-1.493363,2713.701302,87.985787,9:00,5.18976,1.89145,5.47376,-49.88912,1.16724,-16.26099,4.09115,-0.8614,68.00189,-5.904132,-4.382688,0.514276,,,,,,,,,,,,7.61292,0.17563,-1.74933,50,5.44362,3.46944,-108.70754,4.59462,9.00072,21.18711,-31.9664,POM_COL,WHI_COL1,PomonaPitzer,D3,Team,20260328-PomonaPitzer-1,9657be90-2aeb-11f1-bb04-df4732e2f9b7,73.29223,,,7.09148,,,,,,,02db39fb-0347-40de-93c4-abc1fa19139e,2026-03-28,21:17:54.64,2026-03-28T14:17:54.6475520-07:00,2026-03-28T21:17:54.6475520Z,,v3,643-145631,643-146222,,"Parker, Will",1000474009,Right,POM_COL,e1b237cc-8dc7-40f9-858d-3e8cf21a7a0a,55.02276,-109.6821,10.59356,5.19845,6.06502,-15.9832,-1.8994,3.05542,4.50036,,,,,,,,,,,,,,,,,,,,,,,,,,,,,,,,,,,,,,,,,,,,,,,,,,,High,High,High,,,,,
12,2026-03-28,14:18:43.88,4,2,"Dennis, Lucas",10274891,Right,POM_COL,"Plaskett, Joe",1000237974,Right,WHI_COL1,Undefined,1,Top,1,1,0,Slider,Curveball,BallCalled,Undefined,Undefined,Undefined,0,0,,75.67864,1.970367,-3.612054,2604.129544,56.515992,8:00,5.28698,1.94483,5.13793,-58.05499,-7.0815,-13.29792,2.30887,-2.56909,68.99399,-8.527494,-5.956301,0.513859,,,,,,,,,,,,5.42559,-3.53961,-1.59545,50,5.42765,7.44444,-109.47552,1.758,6.50108,21.6117,-36.41528,POM_COL,WHI_COL1,PomonaPitzer,D3,Team,20260328-PomonaPitzer-1,b3ac7120-2aeb-11f1-bb04-df4732e2f9b7,73.35176,,,6.68465,,,,,,,02db39fb-0347-40de-93c4-abc1fa19139e,2026-03-28,21:18:43.88,2026-03-28T14:18:43.8834688-07:00,2026-03-28T21:18:43.8834688Z,,v3,643-145631,643-146222,,"Parker, Will",1000474009,Right,POM_COL,7c3a61bc-75ad-44c2-a6c3-7c4282919d0c,55.36117,-110.52881,10.80585,5.29872,3.53277,-18.20764,-1.95055,7.1276,3.25054,,,,,,,,,,,,,,,,,,,,,,,,,,,,,,,,,,,,,,,,,,,,,,,,,,,High,High,High,,,,,
13,2026-03-28,14:19:06.07,4,3,"Dennis, Lucas",10274891,Right,POM_COL,"Plaskett, Joe",1000237974,Right,WHI_COL1,Undefined,1,Top,1,2,0,Fastball,Four-Seam,BallCalled,Undefined,Undefined,Undefined,0,0,,87.13814,1.099946,-2.049854,2196.630968,210.40972,1:00,5.35606,1.86348,6.15237,-19.63706,16.85694,9.21512,4.73669,0.73667,79.32636,-2.645755,-0.389658,0.434792,,,,,,,,,,,,-5.27398,8.71918,-1.71185,50,5.42935,4.14453,-126.49973,1.88803,-8.53728,26.04688,-18.05983,POM_COL,WHI_COL1,PomonaPitzer,D3,Team,20260328-PomonaPitzer-1,c0d80620-2aeb-11f1-bb04-df4732e2f9b7,86.69066,,,7.81178,,,,,,,02db39fb-0347-40de-93c4-abc1fa19139e,2026-03-28,21:19:06.07,2026-03-28T14:19:06.0778496-07:00,2026-03-28T21:19:06.0778496Z,,v3,643-145631,643-146222,,"Parker, Will",1000474009,Right,POM_COL,a2e30da2-43ca-439f-8f8e-1bdec72d8d3a,54.34304,-127.39084,13.02344,5.35419,2.5059,-9.02991,-1.85864,4.4366,-4.26864,,,,,,,,,,,,,,,,,,,,,,,,,,,,,,,,,,,,,,,,,,,,,,,,,,,High,High,High,,,,,
14,2026-03-28,14:19:31.57,4,4,"Dennis, Lucas",10274891,Right,POM_COL,"Plaskett, Joe",1000237974,Right,WHI_COL1,Undefined,1,Top,1,3,0,Fastball,Changeup,BallCalled,Walk,Undefined,Undefined,0,0,,84.52075,1.524184,-1.938339,2159.462978,222.886157,1:30,5.378,1.64528,5.70695,-25.70596,13.75005,11.60985,4.65708,0.80612,76.96709,-3.290615,0.136111,0.452093,,,,,,,,,,,,-6.38461,6.93209,-1.48988,50,5.48994,3.66011,-122.61938,2.45223,-9.71411,24.39618,-21.62697,POM_COL,WHI_COL1,PomonaPitzer,D3,Team,20260328-PomonaPitzer-1,d0182340-2aeb-11f1-bb04-df4732e2f9b7,83.3732,,,7.55365,,,,,,,02db39fb-0347-40de-93c4-abc1fa19139e,2026-03-28,21:19:31.57,2026-03-28T14:19:31.5742208-07:00,2026-03-28T21:19:31.5742208Z,,v3,643-145631,643-146222,,"Parker, Will",1000474009,Right,POM_COL,ef2350fa-70bd-42e7-a49b-3647d5fd7bb7,54.78922,-123.56856,12.19809,5.37817,3.29367,-10.81348,-1.63964,4.03806,-4.85706,,,,,,,,,,,,,,,,,,,,,,,,,,,,,,,,,,,,,,,,,,,,,,,,,,,High,High,High,,,,,
15,2026-03-28,14:20:07.26,5,1,"Dennis, Lucas",10274891,Right,POM_COL,"Cardoza, Aidan",1000339820,Right,WHI_COL1,Undefined,1,Top,1,0,0,Slider,Curveball,BallCalled,Undefined,Undefined,Undefined,0,0,,74.15723,3.111749,1.194018,2621.302595,81.316585,8:45,5.17795,2.23356,5.11007,-53.72641,-0.90476,-17.51784,3.63594,1.89882,67.36638,-6.675605,-1.903164,0.523091,,,,,,,,,,,,8.91784,-0.71957,-2.3323,50,5.4302,-1.52999,-107.38045,4.01777,10.33628,19.8631,-33.00808,POM_COL,WHI_COL1,PomonaPitzer,D3,Team,20260328-PomonaPitzer-1,e56727a0-2aeb-11f1-bb04-df4732e2f9b7,72.05712,,,6.79085,,,,,,,02db39fb-0347-40de-93c4-abc1fa19139e,2026-03-28,21:20:07.26,2026-03-28T14:20:07.2624640-07:00,2026-03-28T21:20:07.2624640Z,,v3,643-145631,643-146222,,"Parker, Will",1000474009,Right,POM_COL,f0504769-65a8-479e-b3ea-982ff1f83538,55.38742,-108.37242,9.93155,5.18839,5.66621,-16.50404,-2.24301,-2.04619,5.16814,,,,,,,,,,,,,,,,,,,,,,,,,,,,,,,,,,,,,,,,,,,,,,,,,,,High,High,High,,,,,
16,2026-03-28,14:20:49.76,5,2,"Dennis, Lucas",10274891,Right,POM_COL,"Cardoza, Aidan",1000339820,Right,WHI_COL1,Undefined,1,Top,1,1,0,Fastball,Changeup,FoulBallNotFieldable,Undefined,Undefined,Undefined,0,0,,85.6056,-0.261025,-2.238523,2112.144151,219.637632,1:15,5.37983,1.9651,6.00255,-23.58021,14.45272,10.95768,3.17278,0.80308,78.08662,-4.704544,-0.269245,0.443865,70.84799,17.809604,-164.231317,1893.094383,,,,,18.49257,,,-6.26969,7.87185,-1.79501,50,5.34637,4.4203,-124.29228,-1.27391,-9.78705,25.40481,-19.88595,POM_COL,WHI_COL1,PomonaPitzer,D3,Team,20260328-PomonaPitzer-1,feaf0480-2aeb-11f1-bb04-df4732e2f9b7,84.91864,8.59486,,7.51898,,,,0.88902,2.92394,-0.83293,02db39fb-0347-40de-93c4-abc1fa19139e,2026-03-28,21:20:49.76,2026-03-28T14:20:49.7678848-07:00,2026-03-28T21:20:49.7678848Z,,v3,643-145631,643-146222,,"Parker, Will",1000474009,Right,POM_COL,f691289c-d7bf-458c-a4f8-ff62354d4099,54.4955,-125.20777,12.70241,5.37936,-0.5573,-9.94297,-1.96066,4.77298,-4.89352,,0.88809,-95.14704,14.79646,,,,,,,2.92452,31.74303,-17.88364,,,,,,,-0.83584,-26.69202,19.82186,,,,,,,,,,,,,,,,,,,,,,,,,,,,,High,High,High,Medium,Undefined,,,
17,2026-03-28,14:21:15.74,5,3,"Dennis, Lucas",10274891,Right,POM_COL,"Cardoza, Aidan",1000339820,Right,WHI_COL1,Undefined,1,Top,1,1,1,Slider,Curveball,BallCalled,Undefined,Undefined,Undefined,0,0,,74.19968,3.491542,0.849425,2650.250224,83.985378,8:45,5.14324,2.10142,5.00829,-53.09834,-0.13,-17.95942,4.0185,1.40664,67.36833,-6.170167,-2.318344,0.523817,,,,,,,,,,,,9.00678,-0.46563,-2.16817,50,5.43644,-0.86074,-107.39927,4.73795,10.44931,19.76585,-32.71425,POM_COL,WHI_COL1,PomonaPitzer,D3,Team,20260328-PomonaPitzer-1,0e30be80-2aec-11f1-bb04-df4732e2f9b7,71.95726,,,6.83135,,,,,,,02db39fb-0347-40de-93c4-abc1fa19139e,2026-03-28,21:21:15.74,2026-03-28T14:21:15.7420544-07:00,2026-03-28T21:21:15.7420544Z,,v3,643-145631,643-146222,,"Parker, Will",1000474009,Right,POM_COL,65060c93-d012-4d77-a91b-0d8b804ec989,55.48925,-108.4048,9.88292,5.15308,6.40221,-16.35713,-2.11086,-1.39232,5.22465,,,,,,,,,,,,,,,,,,,,,,,,,,,,,,,,,,,,,,,,,,,,,,,,,,,High,High,High,,,,,
18,2026-03-28,14:21:34.27,5,4,"Dennis, Lucas",10274891,Right,POM_COL,"Cardoza, Aidan",1000339820,Right,WHI_COL1,Undefined,1,Top,1,2,1,ChangeUp,Changeup,StrikeSwinging,Undefined,Undefined,Undefined,0,0,,79.57016,0.406727,-3.124649,1457.135995,250.176724,2:15,5.24604,1.84667,6.41454,-36.67577,6.7917,14.89347,2.56422,0.21227,72.61483,-6.463936,-0.428048,0.474519,,,,,,,,,,,,-8.61248,3.89311,-1.62923,50,5.25884,5.76668,-115.50406,-0.21935,-11.58537,22.36913,-26.9371,POM_COL,WHI_COL1,PomonaPitzer,D3,Team,20260328-PomonaPitzer-1,193bbd70-2aec-11f1-bb04-df4732e2f9b7,79.43294,,,6.95533,,,,,,,02db39fb-0347-40de-93c4-abc1fa19139e,2026-03-28,21:21:34.27,2026-03-28T14:21:34.2761984-07:00,2026-03-28T21:21:34.2761984Z,,v3,643-145631,643-146222,,"Parker, Will",1000474009,Right,POM_COL,df7e44e0-c943-454b-9081-d1183b185017,54.08304,-116.29211,11.18457,5.24985,0.72963,-13.46855,-1.83957,6.17483,-5.79268,,,,,,,,,,,,,,,,,,,,,,,,,,,,,,,,,,,,,,,,,,,,,,,,,,,High,High,High,,,,,
19,2026-03-28,14:21:57.98,5,5,"Dennis, Lucas",10274891,Right,POM_COL,"Cardoza, Aidan",1000339820,Right,WHI_COL1,Undefined,1,Top,1,2,2,ChangeUp,Changeup,InPlay,Undefined,Popup,Out,1,0,,79.7457,1.368681,-3.163333,1443.214,252.164567,2:30,5.25799,1.94471,6.16673,-37.39494,6.08162,14.71887,3.40814,0.24639,73.02299,-5.594625,-0.51259,0.474569,,,,,,,,,,,,-8.50792,3.16063,-1.71235,50,5.34267,5.86797,-115.76853,1.66418,-11.55922,21.38638,-27.87989,POM_COL,WHI_COL1,PomonaPitzer,D3,Team,20260328-PomonaPitzer-1,2757f400-2aec-11f1-bb04-df4732e2f9b7,79.42461,,,6.72271,,,,,,,02db39fb-0347-40de-93c4-abc1fa19139e,2026-03-28,21:21:57.98,2026-03-28T14:21:57.9850240-07:00,2026-03-28T21:21:57.9850240Z,,v3,643-145631,643-146222,,"Parker, Will",1000474009,Right,POM_COL,d36d0e1c-9c28-4a00-a9af-49aafd7c8004,54.33333,-116.56629,10.69319,5.26119,2.70417,-13.93995,-1.93928,6.29916,-5.77961,,,,,,,,,,,,,,,,,,,,,,,,,,,,,,,,,,,,,,,,,,,,,,,,,,,High,High,High,,,,,
20,2026-03-28,14:22:40.48,6,1,"Dennis, Lucas",10274891,Right,POM_COL,"Eastwood Lilles, Parker",10269960,Right,WHI_COL1,Undefined,1,Top,2,0,0,Fastball,Sinker,BallCalled,Undefined,Undefined,Undefined,0,0,,87.07455,-2.272934,-3.004315,2146.056077,231.224747,1:45,5.35869,1.69563,5.96539,-23.40875,13.66753,15.43367,1.2965,0.19362,79.22465,-6.669513,-0.23256,0.438247,,,,,,,,,,,,-8.76886,8.0663,-1.46562,50,5.16522,5.98013,-126.18723,-5.73742,-14.04596,27.25306,-19.25349,POM_COL,WHI_COL1,PomonaPitzer,D3,Team,20260328-PomonaPitzer-1,40aeec10-2aec-11f1-bb04-df4732e2f9b7,86.00721,,,7.8499,,,,,,,02db39fb-0347-40de-93c4-abc1fa19139e,2026-03-28,21:22:40.48,2026-03-28T14:22:40.4813824-07:00,2026-03-28T21:22:40.4813824Z,,v3,643-145631,643-146222,,"Parker, Will",1000474009,Right,POM_COL,964f29c6-8675-41e9-b4db-f643a1fc1ef8,54.53175,-127.1622,13.62653,5.35816,-5.04863,-9.62675,-1.68854,6.48262,-7.02298,,,,,,,,,,,,,,,,,,,,,,,,,,,,,,,,,,,,,,,,,,,,,,,,,,,High,High,High,,,,,
21,2026-03-28,14:22:57.18,6,2,"Dennis, Lucas",10274891,Right,POM_COL,"Eastwood Lilles, Parker",10269960,Right,WHI_COL1,Undefined,1,Top,2,1,0,ChangeUp,Changeup,StrikeCalled,Undefined,Undefined,Undefined,0,0,,78.35154,0.429718,-5.270212,1391.264926,267.764078,3:00,5.28435,1.82495,6.00057,-43.69353,2.36252,18.97529,2.04309,-1.49088,71.08249,-7.657729,-1.873118,0.488444,,,,,,,,,,,,-11.27808,1.61866,-1.4192,50,5.29484,9.73368,-113.31158,-0.49386,-14.51273,22.68558,-30.09113,POM_COL,WHI_COL1,PomonaPitzer,D3,Team,20260328-PomonaPitzer-1,4aa371f0-2aec-11f1-bb04-df4732e2f9b7,77.16839,,,7.26905,,,,,,,02db39fb-0347-40de-93c4-abc1fa19139e,2026-03-28,21:22:57.18,2026-03-28T14:22:57.1846656-07:00,2026-03-28T21:22:57.1846656Z,,v3,643-145631,643-146222,,"Parker, Will",1000474009,Right,POM_COL,e8dcc200-f8f1-4c06-98a3-ff34bb13bc78,54.49749,-114.20845,11.34279,5.29084,0.69579,-15.04556,-1.81536,10.30744,-7.25637,,,,,,,,,,,,,,,,,,,,,,,,,,,,,,,,,,,,,,,,,,,,,,,,,,,High,High,High,,,,,
22,2026-03-28,14:23:19.40,6,3,"Dennis, Lucas",10274891,Right,POM_COL,"Eastwood Lilles, Parker",10269960,Right,WHI_COL1,Undefined,1,Top,2,1,1,Slider,Curveball,InPlay,Undefined,FlyBall,Double,0,3,,75.29772,2.487891,-0.950994,2590.19473,52.553138,7:45,5.184,2.08104,5.2419,-62.57429,-10.38146,-16.30371,2.30946,-0.17145,67.20449,-8.925588,-3.843587,0.519968,88.46038,26.956345,-36.187522,2401.67735,87.96205,37.90953,-66.05045,263.29451,134.45224,-39.62942,2.912588,7.79052,-5.5789,-1.98085,50,5.36628,2.44769,-108.89269,2.60842,9.02853,25.31656,-38.63951,POM_COL,WHI_COL1,PomonaPitzer,D3,Team,20260328-PomonaPitzer-1,57ec04d0-2aec-11f1-bb04-df4732e2f9b7,72.48989,39.67474,,8.09323,,,,2.5236,2.32574,0.28308,02db39fb-0347-40de-93c4-abc1fa19139e,2026-03-28,21:23:19.40,2026-03-28T14:23:19.4067968-07:00,2026-03-28T21:23:19.4067968Z,FlyBall,v3,643-145631,643-146222,,"Parker, Will",1000474009,Right,POM_COL,6541883f-f15a-4bb9-b843-8e7a0739fecb,55.25671,-110.10804,12.65828,5.19654,4.46336,-19.31976,-2.08795,2.01426,4.51426,,2.52346,93.34032,-14.50473,3.36828,-0.69045,0.07795,0.0258,-0.01198,0.00138,2.32588,58.80978,-27.01328,3.88807,-1.01759,0.34936,-0.12668,0.0281,-0.00254,0.28313,-68.2822,6.33527,-1.50881,0.32799,-0.06305,0.00407,0.00148,-0.00025,,,,,,,,,,,,,,,,,,,,,,,High,High,High,Medium,Low,,,
23,2026-03-28,14:24:12.87,7,1,"Dennis, Lucas",10274891,Right,POM_COL,"O'Driscoll, Collin",1000259196,Right,WHI_COL1,Undefined,1,Top,2,0,0,Fastball,Changeup,FoulBallNotFieldable,Undefined,Undefined,Undefined,0,0,,85.79689,0.174457,-1.977319,2126.067971,223.500569,1:30,5.34404,2.01855,5.97047,-23.16592,14.99599,12.99079,3.57539,1.2672,77.68199,-4.212119,0.356354,0.444617,,,,,,,,,,,,-7.18449,8.01441,-1.86868,50,5.34504,3.75223,-124.46637,-0.30789,-11.17326,26.99296,-19.71012,POM_COL,WHI_COL1,PomonaPitzer,D3,Team,20260328-PomonaPitzer-1,77c147c0-2aec-11f1-bb04-df4732e2f9b7,84.77498,,,8.1149,,,,,,,02db39fb-0347-40de-93c4-abc1fa19139e,2026-03-28,21:24:12.87,2026-03-28T14:24:12.8760320-07:00,2026-03-28T21:24:12.8760320Z,,v3,643-145631,643-146222,,"Parker, Will",1000474009,Right,POM_COL,70997a34-90de-445b-8cd4-b50f667d7182,54.5246,-125.44378,13.49648,5.34326,0.40581,-9.85506,-2.01187,4.15682,-5.58663,,,,,,,,,,,,,,,,,,,,,,,,,,,,,,,,,,,,,,,,,,,,,,,,,,,High,High,High,,,,,
24,2026-03-28,14:24:35.76,7,2,"Dennis, Lucas",10274891,Right,POM_COL,"O'Driscoll, Collin",1000259196,Right,WHI_COL1,Undefined,1,Top,2,0,1,Fastball,Changeup,BallCalled,Undefined,Undefined,Undefined,0,0,,85.73396,0.302764,-0.869499,2126.23495,239.476172,2:00,5.22728,2.03401,6.1754,-28.06832,9.61268,14.24552,3.1679,2.41806,78.17876,-4.964601,1.701856,0.441807,,,,,,,,,,,,-7.55532,5.26843,-1.97491,50,5.23603,1.31733,-124.56727,-0.20719,-11.82729,25.88948,-23.9267,POM_COL,WHI_COL1,PomonaPitzer,D3,Team,20260328-PomonaPitzer-1,856938b0-2aec-11f1-bb04-df4732e2f9b7,85.31428,,,7.5552,,,,,,,02db39fb-0347-40de-93c4-abc1fa19139e,2026-03-28,21:24:35.76,2026-03-28T14:24:35.7631488-07:00,2026-03-28T21:24:35.7631488Z,,v3,643-145631,643-146222,,"Parker, Will",1000474009,Right,POM_COL,826d7371-c5db-492c-bd67-11fe6261543a,54.32165,-125.46224,12.94474,5.2289,0.61993,-11.96335,-2.02751,1.72618,-5.91365,,,,,,,,,,,,,,,,,,,,,,,,,,,,,,,,,,,,,,,,,,,,,,,,,,,High,High,High,,,,,
25,2026-03-28,14:24:54.96,7,3,"Dennis, Lucas",10274891,Right,POM_COL,"O'Driscoll, Collin",1000259196,Right,WHI_COL1,Undefined,1,Top,2,1,1,ChangeUp,Changeup,BallCalled,Undefined,Undefined,Undefined,0,0,,79.54152,-1.638703,-4.704931,1547.429785,261.311557,2:45,5.21343,1.78477,6.03195,-40.22916,3.81949,15.99812,0.33796,-1.24881,73.3481,-9.039014,-1.832665,0.477681,,,,,,,,,,,,-9.52012,2.83386,-1.4251,50,5.06319,8.89893,-115.24352,-4.54426,-12.8341,20.93088,-28.35373,POM_COL,WHI_COL1,PomonaPitzer,D3,Team,20260328-PomonaPitzer-1,90da9a90-2aec-11f1-bb04-df4732e2f9b7,78.90719,,,6.19342,,,,,,,02db39fb-0347-40de-93c4-abc1fa19139e,2026-03-28,21:24:54.96,2026-03-28T14:24:54.9605888-07:00,2026-03-28T21:24:54.9605888Z,,v3,643-145631,643-146222,,"Parker, Will",1000474009,Right,POM_COL,bdc6fcb7-a24c-440d-8a74-54472144c0a6,54.4684,-116.05225,10.46544,5.2176,-3.44873,-14.17686,-1.77851,9.39481,-6.41705,,,,,,,,,,,,,,,,,,,,,,,,,,,,,,,,,,,,,,,,,,,,,,,,,,,High,High,High,,,,,
26,2026-03-28,14:25:18.49,7,4,"Dennis, Lucas",10274891,Right,POM_COL,"O'Driscoll, Collin",1000259196,Right,WHI_COL1,Undefined,1,Top,2,2,1,ChangeUp,Changeup,BallCalled,Undefined,Undefined,Undefined,0,0,,79.69616,0.531644,-4.804221,1368.166745,244.631442,2:15,5.34299,1.99877,5.7354,-36.0636,8.21489,14.46513,2.83452,-1.28006,73.17531,-6.122078,-2.227921,0.478925,,,,,,,,,,,,-8.54941,4.48756,-1.60641,50,5.36543,9.1311,-115.41951,-0.0708,-11.59848,20.33653,-26.08605,POM_COL,WHI_COL1,PomonaPitzer,D3,Team,20260328-PomonaPitzer-1,9ee87940-2aec-11f1-bb04-df4732e2f9b7,78.70211,,,6.52085,,,,,,,02db39fb-0347-40de-93c4-abc1fa19139e,2026-03-28,21:25:18.49,2026-03-28T14:25:18.4953856-07:00,2026-03-28T21:25:18.4953856Z,,v3,643-145631,643-146222,,"Parker, Will",1000474009,Right,POM_COL,027bba89-72a1-425a-9e8c-943bae8b6864,54.76258,-116.25564,10.16826,5.3463,1.00171,-13.04303,-1.99163,9.60796,-5.79924,,,,,,,,,,,,,,,,,,,,,,,,,,,,,,,,,,,,,,,,,,,,,,,,,,,High,High,High,,,,,
27,2026-03-28,14:25:39.57,7,5,"Dennis, Lucas",10274891,Right,POM_COL,"O'Driscoll, Collin",1000259196,Right,WHI_COL1,Undefined,1,Top,2,3,1,Fastball,Changeup,FoulBallNotFieldable,Undefined,Undefined,Undefined,0,0,,85.73379,-1.062158,-2.581866,2176.172291,221.766721,1:30,5.46145,1.62702,5.85405,-24.9423,13.15639,10.66469,2.39492,0.1152,78.43077,-5.725006,-0.670624,0.444249,80.78035,-27.532316,71.378343,,,,,5.32384,5.32384,53.563996,0.044094,-6.19847,7.39103,-1.42362,50,5.36056,5.18177,-124.43304,-3.09485,-9.71469,25.05741,-20.59028,POM_COL,WHI_COL1,PomonaPitzer,D3,Team,20260328-PomonaPitzer-1,ab699d70-2aec-11f1-bb04-df4732e2f9b7,84.84534,2.42115,,7.30302,,,,1.67886,2.42115,-0.11829,02db39fb-0347-40de-93c4-abc1fa19139e,2026-03-28,21:25:39.57,2026-03-28T14:25:39.5734016-07:00,2026-03-28T21:25:39.5734016Z,GroundBall,v3,643-145631,643-146222,,"Parker, Will",1000474009,Right,POM_COL,319f4a80-b327-40b2-853a-773c5fdcc838,54.64489,-125.36491,12.5287,5.46142,-2.32911,-10.29514,-1.62304,5.54305,-4.85735,,1.67824,33.63503,,,,,,,,2.42216,-54.90901,,,,,,,,-0.12014,99.81965,,,,,,,,,,,,,,,,,,,,,,,,,,,,,,High,High,High,Estimated,Estimated,,,
28,2026-03-28,14:26:08.35,7,6,"Dennis, Lucas",10274891,Right,POM_COL,"O'Driscoll, Collin",1000259196,Right,WHI_COL1,Undefined,1,Top,2,3,2,ChangeUp,Changeup,BallCalled,Walk,Undefined,Undefined,0,0,,79.62935,-1.116651,-4.933626,1376.950703,273.647867,3:00,5.2453,1.97879,6.05458,-43.40156,0.61047,12.13918,0.59092,-1.5877,73.32986,-9.090013,-2.755184,0.477482,,,,,,,,,,,,-7.5987,1.08189,-1.60076,50,5.13519,9.50553,-115.33188,-3.61079,-10.2395,21.3563,-30.71615,POM_COL,WHI_COL1,PomonaPitzer,D3,Team,20260328-PomonaPitzer-1,bc992e80-2aec-11f1-bb04-df4732e2f9b7,78.94,,,6.29949,,,,,,,02db39fb-0347-40de-93c4-abc1fa19139e,2026-03-28,21:26:08.35,2026-03-28T14:26:08.3520512-07:00,2026-03-28T21:26:08.3520512Z,,v3,643-145631,643-146222,,"Parker, Will",1000474009,Right,POM_COL,a5e09d88-52a3-4538-8faa-d536b31f8686,54.44503,-116.15206,10.67815,5.25121,-2.43115,-15.35808,-1.97337,9.89877,-5.11975,,,,,,,,,,,,,,,,,,,,,,,,,,,,,,,,,,,,,,,,,,,,,,,,,,,High,High,High,,,,,
29,2026-03-28,14:26:46.50,8,1,"Dennis, Lucas",10274891,Right,POM_COL,"Brummett, Jackson",10114400,Right,WHI_COL1,Undefined,1,Top,2,0,0,Slider,Curveball,StrikeCalled,Undefined,Undefined,Undefined,0,0,,75.20178,1.235311,-2.017237,2637.259518,59.305444,8:00,5.24327,1.99102,5.24889,-56.03409,-4.76937,-10.99792,1.73549,-0.82186,68.52674,-8.941881,-3.967842,0.515324,,,,,,,,,,,,4.82548,-2.19067,-1.7975,50,5.31552,4.2699,-108.97139,0.45844,5.72542,21.51868,-34.77329,POM_COL,WHI_COL1,PomonaPitzer,D3,Team,20260328-PomonaPitzer-1,d3581690-2aec-11f1-bb04-df4732e2f9b7,73.14315,,,6.67504,,,,,,,02db39fb-0347-40de-93c4-abc1fa19139e,2026-03-28,21:26:46.50,2026-03-28T14:26:46.5079808-07:00,2026-03-28T21:26:46.5079808Z,,v3,643-145631,643-146222,,"Parker, Will",1000474009,Right,POM_COL,9225fb0d-1a62-443b-bb54-9ac19215a9ff,55.24958,-110.00315,10.75934,5.25357,2.12572,-17.38665,-1.99564,3.99538,2.86271,,,,,,,,,,,,,,,,,,,,,,,,,,,,,,,,,,,,,,,,,,,,,,,,,,,High,High,High,,,,,
30,2026-03-28,14:27:04.79,8,2,"Dennis, Lucas",10274891,Right,POM_COL,"Brummett, Jackson",10114400,Right,WHI_COL1,Undefined,1,Top,2,0,1,Fastball,Four-Seam,StrikeSwinging,Undefined,Undefined,Undefined,0,0,,87.87875,-1.407129,-3.891681,2070.286666,218.738551,1:15,5.40658,1.53882,6.06131,-22.63997,13.53516,9.90256,2.21431,-1.24336,80.11772,-5.667919,-2.114108,0.432889,,,,,,,,,,,,-6.17426,7.72902,-1.24141,50,5.28502,8.25032,-127.33932,-3.82586,-10.11137,26.78776,-19.51646,POM_COL,WHI_COL1,PomonaPitzer,D3,Team,20260328-PomonaPitzer-1,de3ca1c0-2aec-11f1-bb04-df4732e2f9b7,87.07188,,,7.76103,,,,,,,02db39fb-0347-40de-93c4-abc1fa19139e,2026-03-28,21:27:04.79,2026-03-28T14:27:04.7994880-07:00,2026-03-28T21:27:04.7994880Z,,v3,643-145631,643-146222,,"Parker, Will",1000474009,Right,POM_COL,20f35a22-ae6c-4e18-90cb-c3b9c7662cd8,54.43535,-128.26896,13.39388,5.40604,-3.14856,-9.75823,-1.53383,8.60123,-5.05569,,,,,,,,,,,,,,,,,,,,,,,,,,,,,,,,,,,,,,,,,,,,,,,,,,,High,High,High,,,,,
31,2026-03-28,14:27:28.98,8,3,"Dennis, Lucas",10274891,Right,POM_COL,"Brummett, Jackson",10114400,Right,WHI_COL1,Undefined,1,Top,2,0,2,Slider,Curveball,FoulBallNotFieldable,Undefined,Undefined,Undefined,0,0,,77.13459,-0.165359,-1.253452,2738.168781,71.975565,8:30,5.28227,1.98286,5.46044,-50.96822,-2.70043,-13.37725,0.88011,-0.30534,70.43957,-9.448951,-3.639509,0.500035,,,,,,,,,,,,6.40571,-0.90803,-1.86279,50,5.23257,2.95401,-111.90454,-2.00189,8.00913,22.82913,-33.30939,POM_COL,WHI_COL1,PomonaPitzer,D3,Team,20260328-PomonaPitzer-1,eca71f60-2aec-11f1-bb04-df4732e2f9b7,75.37966,,,6.69502,,,,,,,02db39fb-0347-40de-93c4-abc1fa19139e,2026-03-28,21:27:28.98,2026-03-28T14:27:28.9878528-07:00,2026-03-28T21:27:28.9878528Z,,v3,643-145631,643-146222,,"Parker, Will",1000474009,Right,POM_COL,eb302937-bc75-4a3e-b6e5-2ba92e65c6c2,55.0398,-112.92801,11.41457,5.28884,-0.50858,-16.6547,-1.98718,2.59495,4.00456,,,,,,,,,,,,,,,,,,,,,,,,,,,,,,,,,,,,,,,,,,,,,,,,,,,High,High,High,,,,,
32,2026-03-28,14:27:54.71,8,4,"Dennis, Lucas",10274891,Right,POM_COL,"Brummett, Jackson",10114400,Right,WHI_COL1,Undefined,1,Top,2,0,2,Slider,Curveball,BallCalled,Undefined,Undefined,Undefined,0,0,,77.14164,-0.39888,-3.211219,2757.380409,74.30204,8:30,5.30476,1.52742,5.3398,-52.08924,-3.09599,-17.26796,0.5892,-2.92723,70.14533,-9.844302,-6.273592,0.503778,,,,,,,,,,,,7.50599,-0.82024,-1.22511,50,5.23211,6.95302,-111.62396,-2.55123,9.26984,24.05729,-33.18702,POM_COL,WHI_COL1,PomonaPitzer,D3,Team,20260328-PomonaPitzer-1,fc6d8380-2aec-11f1-bb04-df4732e2f9b7,74.81948,,,6.99631,,,,,,,02db39fb-0347-40de-93c4-abc1fa19139e,2026-03-28,21:27:54.71,2026-03-28T14:27:54.7180000-07:00,2026-03-28T21:27:54.7180000Z,,v3,643-145631,643-146222,,"Parker, Will",1000474009,Right,POM_COL,d5e2fd4d-b76c-4232-9a55-2152ae19ba29,55.1575,-112.73003,12.02865,5.31433,-1.02541,-16.59351,-1.53498,6.52683,4.63492,,,,,,,,,,,,,,,,,,,,,,,,,,,,,69.4139,,,,,,,1.23578,5.77505,-0.10907,,,,1.23792,66.0419,-4.01021,5.78235,-3.26378,-15.38356,-0.11665,-77.18977,8.45896,High,High,High,,,High,Medium,Low
33,2026-03-28,14:28:30.29,8,5,"Dennis, Lucas",10274891,Right,POM_COL,"Brummett, Jackson",10114400,Right,WHI_COL1,Undefined,1,Top,2,1,2,Fastball,Four-Seam,StrikeSwinging,Strikeout,Undefined,Undefined,0,0,,87.79485,-0.86385,-3.390205,2206.076293,209.965558,1:00,5.44038,1.61623,5.91786,-18.84139,17.38662,9.3678,3.06712,-0.753,80.2807,-4.432634,-1.712335,0.433205,,,,,,,,,,,,-5.67906,9.46815,-1.34949,50,5.36023,7.14648,-127.33465,-2.47348,-9.34677,25.5528,-16.59112,POM_COL,WHI_COL1,PomonaPitzer,D3,Team,20260328-PomonaPitzer-1,11230700-2aed-11f1-bb04-df4732e2f9b7,87.00829,,,7.51415,,,,,,,02db39fb-0347-40de-93c4-abc1fa19139e,2026-03-28,21:28:30.29,2026-03-28T14:28:30.2926336-07:00,2026-03-28T21:28:30.2926336Z,,v3,643-145631,643-146222,,"Parker, Will",1000474009,Right,POM_COL,e6fa8ab4-d346-4ffd-9ce2-73c870299f57,54.57892,-128.25022,12.7764,5.43821,-1.87901,-8.29556,-1.61156,7.48138,-4.67339,,,,,,,,,,,,,,,,,,,,,,,,,,,,,,,,,,,,,,,,,,,,,,,,,,,High,High,High,,,,,
34,2026-03-28,14:31:49.34,1,1,"Simmonds, Troy",1000515077,Right,WHI_COL1,"Gonzaga, Kai",10138924,Left,POM_COL,Undefined,1,Bottom,0,0,0,Fastball,Changeup,StrikeCalled,Undefined,Undefined,Undefined,0,0,,80.86451,-1.05583,2.673674,1823.47505,131.054319,10:15,5.84658,-0.74308,5.26261,-31.52966,12.37044,-12.55237,2.226,0.72453,73.94119,-6.859128,0.44802,0.476875,,,,,,,,,,,,6.97788,6.92611,0.50759,50,5.72695,-4.94308,-117.19174,-3.22091,9.69311,22.38196,-22.55288,POM_COL,WHI_COL1,PomonaPitzer,D3,Team,20260328-PomonaPitzer-1,87cfe300-2aed-11f1-bb04-df4732e2f9b7,79.04056,,,6.92332,,,,,,,02db39fb-0347-40de-93c4-abc1fa19139e,2026-03-28,21:31:49.34,2026-03-28T14:31:49.3446144-07:00,2026-03-28T21:31:49.3446144Z,,v3,643-145631,643-146222,,"Brummett, Jackson",10114400,Right,WHI_COL1,ab0d5a40-573a-42fc-9904-77550bbc8bab,55.23365,-118.18707,11.19098,5.84788,-2.21798,-11.27644,0.73699,-5.37413,4.84655,,,,,,,,,,,,,,,,,,,,,,,,,,,,,,,,,,,,,,,,,,,,,,,,,,,High,High,High,,,,,
35,2026-03-28,14:32:06.69,1,2,"Simmonds, Troy",1000515077,Right,WHI_COL1,"Gonzaga, Kai",10138924,Left,POM_COL,Undefined,1,Bottom,0,0,1,Slider,Curveball,BallCalled,Undefined,Undefined,Undefined,0,0,,68.79578,2.793127,2.857044,2727.433854,302.665108,4:00,5.73829,-0.81923,5.48996,-69.41315,-8.24815,16.21186,2.57215,3.20673,62.59751,-9.850857,5.737796,0.562889,,,,,,,,,,,,-7.1504,-4.34851,0.55787,50,5.9371,-5.54075,-99.56414,2.77622,-7.04055,18.83119,-36.45575,POM_COL,WHI_COL1,PomonaPitzer,D3,Team,20260328-PomonaPitzer-1,923f8c50-2aed-11f1-bb04-df4732e2f9b7,66.96246,,,6.19827,,,,,,,02db39fb-0347-40de-93c4-abc1fa19139e,2026-03-28,21:32:06.69,2026-03-28T14:32:06.6999296-07:00,2026-03-28T21:32:06.6999296Z,,v3,643-145631,643-146222,,"Brummett, Jackson",10114400,Right,WHI_COL1,eba99cfc-05e2-499a-bd90-556f3ad58a94,55.01003,-100.50725,9.41559,5.75234,4.60201,-18.22787,0.82654,-5.18815,-3.52028,,,,,,,,,,,,,,,,,,,,,,,,,,,,,,,,,,,,,,,,,,,,,,,,,,,High,High,High,,,,,
36,2026-03-28,14:32:26.37,1,3,"Simmonds, Troy",1000515077,Right,WHI_COL1,"Gonzaga, Kai",10138924,Left,POM_COL,Undefined,1,Bottom,0,1,1,Fastball,Changeup,BallCalled,Undefined,Undefined,Undefined,0,0,,81.3876,-2.530972,2.330554,1750.184421,146.668187,11:00,5.7613,-0.74656,5.22993,-27.75269,15.46221,-9.27445,1.06586,0.67258,74.90051,-7.630284,0.686356,0.473138,,,,,,,,,,,,5.25429,8.81898,0.539,50,5.50746,-4.41524,-117.9563,-6.13924,7.4325,21.59474,-19.69913,POM_COL,WHI_COL1,PomonaPitzer,D3,Team,20260328-PomonaPitzer-1,9de3e510-2aed-11f1-bb04-df4732e2f9b7,79.66471,,,6.48709,,,,,,,02db39fb-0347-40de-93c4-abc1fa19139e,2026-03-28,21:32:26.37,2026-03-28T14:32:26.3796736-07:00,2026-03-28T21:32:26.3796736Z,,v3,643-145631,643-146222,,"Brummett, Jackson",10114400,Right,WHI_COL1,82f5b3c2-df75-49cc-b9ee-5d415ff67646,55.26784,-118.9168,10.79737,5.76104,-5.26306,-9.84957,0.74274,-4.74582,3.71625,,,,,,,,,,,,,,,,,,,,,,,,,,,,,,,,,,,,,,,,,,,,,,,,,,,High,High,High,,,,,
37,2026-03-28,14:32:45.28,1,4,"Simmonds, Troy",1000515077,Right,WHI_COL1,"Gonzaga, Kai",10138924,Left,POM_COL,Undefined,1,Bottom,0,2,1,Fastball,Changeup,InPlay,Undefined,GroundBall,Out,1,0,,81.25441,-0.574387,2.399352,1786.643852,159.170905,11:15,5.81364,-0.76358,5.20759,-28.90679,14.28162,-4.94126,2.86408,1.08238,74.8222,-5.891539,1.52462,0.472993,93.12953,-7.45084,-6.25065,,,,,18.1546,17.80524,-10.042102,0.133599,3.10362,7.67469,0.54548,50,5.73893,-4.73851,-117.91246,-2.15264,4.39919,20.99287,-21.29571,POM_COL,WHI_COL1,PomonaPitzer,D3,Team,20260328-PomonaPitzer-1,a92c3b20-2aed-11f1-bb04-df4732e2f9b7,79.68914,2.7327,,6.43221,,,,0.25204,2.7327,-1.14111,02db39fb-0347-40de-93c4-abc1fa19139e,2026-03-28,21:32:45.28,2026-03-28T14:32:45.2830208-07:00,2026-03-28T21:32:45.2830208Z,GroundBall,v3,643-145631,643-146222,,"Brummett, Jackson",10114400,Right,WHI_COL1,580cd9ef-6325-49b4-a342-ed6566541185,55.29147,-118.8508,10.49644,5.81388,-1.20076,-10.64785,0.76168,-4.93515,2.1996,35.781516,0.25233,134.60254,-20.1092,,,,,,,2.73302,-17.74389,-20.32478,,,,,,,-1.141,-14.75725,-2.98092,,,,,,,,,,,,,,,,,,,,,,,,,,,,,High,High,High,High,High,,,
38,2026-03-28,14:33:15.63,2,1,"Simmonds, Troy",1000515077,Right,WHI_COL1,"Pierantoni, Greg",1000091552,Right,POM_COL,Undefined,1,Bottom,1,0,0,Slider,Curveball,StrikeCalled,Undefined,Undefined,Undefined,0,0,,69.44104,3.254285,-1.109756,2704.185372,312.339803,4:30,5.72678,-1.04615,5.64288,-71.58138,-11.93135,15.47887,2.80119,-0.79158,62.87492,-9.848216,1.659389,0.555874,,,,,,,,,,,,-8.09697,-6.27851,1.13083,50,5.9591,1.39371,-100.59634,3.5462,-8.12916,19.39913,-38.47749,POM_COL,WHI_COL1,PomonaPitzer,D3,Team,20260328-PomonaPitzer-1,bb4f7b00-2aed-11f1-bb04-df4732e2f9b7,67.80747,,,6.56612,,,,,,,02db39fb-0347-40de-93c4-abc1fa19139e,2026-03-28,21:33:15.63,2026-03-28T14:33:15.6399104-07:00,2026-03-28T21:33:15.6399104Z,,v3,643-145631,643-146222,,"Brummett, Jackson",10114400,Right,WHI_COL1,aa88b1e2-f082-4ce6-8585-684be6a954e7,54.85763,-101.52877,9.69956,5.74421,5.39564,-19.23875,1.05445,1.78445,-4.06458,,,,,,,,,,,,,,,,,,,,,,,,,,,,,,,,,,,,,,,,,,,,,,,,,,,High,High,High,,,,,
39,2026-03-28,14:33:28.79,2,2,"Simmonds, Troy",1000515077,Right,WHI_COL1,"Pierantoni, Greg",1000091552,Right,POM_COL,Undefined,1,Bottom,1,0,1,Curveball,,BallCalled,Undefined,Undefined,Undefined,0,0,,70.03612,3.717196,-1.10806,2698.296428,,,5.91041,-1.14498,4.97982,,,,3.69634,-0.77192,63.11882,-8.754477,1.898148,0.558731,,,,,,,,,,,,-8.65304,-4.60142,1.23764,50,6.21421,1.29494,-101.24448,4.30213,-8.80186,19.61365,-36.8546,POM_COL,WHI_COL1,PomonaPitzer,D3,Team,20260328-PomonaPitzer-1,c3526a10-2aed-11f1-bb04-df4732e2f9b7,67.46084,,,6.91729,,,,,,,02db39fb-0347-40de-93c4-abc1fa19139e,2026-03-28,21:33:28.79,2026-03-28T14:33:28.7970304-07:00,2026-03-28T21:33:28.7970304Z,,v3,643-145631,643-146222,,"Brummett, Jackson",10114400,Right,WHI_COL1,fe667247-ee78-4700-9044-85ed59838454,55.51875,-102.30802,9.80682,5.92675,6.30054,-18.4273,1.15448,1.77222,-4.40093,,,,,,,,,,,,,,,,,,,,,,,,,,,,,,,,,,,,,,,,,,,,,,,,,,,Low,Low,Low,,,,,
40,2026-03-28,14:33:42.74,2,3,"Simmonds, Troy",1000515077,Right,WHI_COL1,"Pierantoni, Greg",1000091552,Right,POM_COL,Undefined,1,Bottom,1,1,1,Fastball,Changeup,BallCalled,Undefined,Undefined,Undefined,0,0,,81.44501,-1.280033,0.045176,1652.153285,145.102558,10:45,5.72354,-0.96233,5.22188,-28.99651,13.94398,-8.82465,2.10351,-1.65524,75.08092,-6.605736,-1.520126,0.471634,,,,,,,,,,,,4.40299,7.70185,0.96493,50,5.58401,0.27739,-118.24204,-3.61952,6.27435,21.16106,-21.19872,POM_COL,WHI_COL1,PomonaPitzer,D3,Team,20260328-PomonaPitzer-1,cb714590-2aed-11f1-bb04-df4732e2f9b7,79.91883,,,6.36409,,,,,,,02db39fb-0347-40de-93c4-abc1fa19139e,2026-03-28,21:33:42.74,2026-03-28T14:33:42.7425280-07:00,2026-03-28T21:33:42.7425280Z,,v3,643-145631,643-146222,,"Brummett, Jackson",10114400,Right,WHI_COL1,3e1b1e8a-eb45-4d4a-bc43-1c8f093dd6c9,55.27549,-119.18242,10.58053,5.72392,-2.67747,-10.59936,0.9588,-0.00144,3.13718,,,,,,,,,,,,,,,,,,,,,,,,,,,,,,,,,,,,,,,,,,,,,,,,,,,High,High,High,,,,,
41,2026-03-28,14:33:57.11,2,4,"Simmonds, Troy",1000515077,Right,WHI_COL1,"Pierantoni, Greg",1000091552,Right,POM_COL,Undefined,1,Bottom,1,2,1,Slider,Changeup,BallCalled,Undefined,Undefined,Undefined,0,0,,83.58587,-2.972503,1.809893,2013.74562,121.360127,10:00,5.75906,-1.20147,5.08482,-30.76242,10.67788,-15.27217,0.38983,-0.76763,76.62379,-8.579096,-0.894271,0.463322,,,,,,,,,,,,8.13815,6.5626,1.04282,50,5.45348,-3.16787,-121.0657,-7.39008,12.04531,24.24154,-22.46074,POM_COL,WHI_COL1,PomonaPitzer,D3,Team,20260328-PomonaPitzer-1,d3fac9c0-2aed-11f1-bb04-df4732e2f9b7,81.35262,,,6.96208,,,,,,,02db39fb-0347-40de-93c4-abc1fa19139e,2026-03-28,21:33:57.11,2026-03-28T14:33:57.1116032-07:00,2026-03-28T21:33:57.1116032Z,,v3,643-145631,643-146222,,"Brummett, Jackson",10114400,Right,WHI_COL1,5fd96d8d-d2a1-4d6a-a139-5cab415b1acb,55.41397,-122.14495,12.12077,5.76023,-6.39011,-11.23037,1.1958,-3.70414,6.02265,,,,,,,,,,,,,,,,,,,,,,,,,,,,,,,,,,,,,,,,,,,,,,,,,,,High,High,High,,,,,
42,2026-03-28,14:34:16.88,2,5,"Simmonds, Troy",1000515077,Right,WHI_COL1,"Pierantoni, Greg",1000091552,Right,POM_COL,Undefined,1,Bottom,1,3,1,Fastball,Changeup,BallCalled,Walk,Undefined,Undefined,0,0,,83.04877,-4.081535,3.102143,2034.191508,133.346004,10:30,5.77041,-0.84786,5.35457,-27.10655,14.38643,-13.83442,-0.32849,0.91148,76.51998,-9.046769,0.644311,0.463616,,,,,,,,,,,,7.86764,8.73319,0.57918,50,5.38309,-5.95228,-120.16271,-9.49028,11.5343,22.69676,-19.37079,POM_COL,WHI_COL1,PomonaPitzer,D3,Team,20260328-PomonaPitzer-1,dfc23ae0-2aed-11f1-bb04-df4732e2f9b7,81.30092,,,6.52879,,,,,,,02db39fb-0347-40de-93c4-abc1fa19139e,2026-03-28,21:34:16.88,2026-03-28T14:34:16.8897024-07:00,2026-03-28T21:34:16.8897024Z,,v3,643-145631,643-146222,,"Brummett, Jackson",10114400,Right,WHI_COL1,13b11eba-1ca3-4182-a330-51db01497537,55.14575,-121.13076,11.34838,5.77025,-8.66408,-9.6854,0.84354,-6.44424,5.76715,,,,,,,,,,,,,,,,,,,,,,,,,,,,,,,,,,,,,,,,,,,,,,,,,,,High,High,High,,,,,
43,2026-03-28,14:34:51.16,3,1,"Simmonds, Troy",1000515077,Right,WHI_COL1,"Gold, Jack",1000108729,Left,POM_COL,Undefined,1,Bottom,1,0,0,Slider,Curveball,BallCalled,Undefined,Undefined,Undefined,0,0,,70.0365,3.029492,1.314399,2723.001364,300.89199,4:00,5.65832,-0.94983,5.14858,-67.18397,-7.68327,16.29359,2.9152,1.64563,63.69724,-9.156746,4.197728,0.555178,,,,,,,,,,,,-7.61036,-4.07705,0.81405,50,5.89078,-2.93586,-101.40479,3.21027,-7.80429,18.92536,-36.35498,POM_COL,WHI_COL1,PomonaPitzer,D3,Team,20260328-PomonaPitzer-1,f4495b60-2aed-11f1-bb04-df4732e2f9b7,67.8925,,,6.33927,,,,,,,02db39fb-0347-40de-93c4-abc1fa19139e,2026-03-28,21:34:51.16,2026-03-28T14:34:51.1660032-07:00,2026-03-28T21:34:51.1660032Z,,v3,643-145631,643-146222,,"Brummett, Jackson",10114400,Right,WHI_COL1,7454e8a9-707a-4798-892f-9d8315409920,55.35131,-102.39864,9.46268,5.67206,5.11944,-18.17749,0.95746,-2.52602,-3.90215,,,,,,,,,,,,,,,,,,,,,,,,,,,,,,,,,,,,,,,,,,,,,,,,,,,High,High,High,,,,,
44,2026-03-28,14:35:08.51,3,2,"Simmonds, Troy",1000515077,Right,WHI_COL1,"Gold, Jack",1000108729,Left,POM_COL,Undefined,1,Bottom,1,1,0,Slider,Curveball,BallCalled,Undefined,Undefined,Undefined,0,0,,69.67874,3.175399,1.771602,2724.24737,308.254619,4:15,5.64792,-0.93337,5.50595,-71.2311,-11.29906,17.17363,2.68615,2.15512,62.89529,-9.831186,4.830118,0.557187,,,,,,,,,,,,-7.91953,-5.98937,0.76728,50,5.87871,-3.74207,-100.8283,3.401,-7.93957,20.38848,-38.17859,POM_COL,WHI_COL1,PomonaPitzer,D3,Team,20260328-PomonaPitzer-1,fe943ea0-2aed-11f1-bb04-df4732e2f9b7,67.64775,,,6.78346,,,,,,,02db39fb-0347-40de-93c4-abc1fa19139e,2026-03-28,21:35:08.51,2026-03-28T14:35:08.5123584-07:00,2026-03-28T21:35:08.5123584Z,,v3,643-145631,643-146222,,"Brummett, Jackson",10114400,Right,WHI_COL1,bc2245b6-d36a-4586-b52a-fddda231320f,54.99367,-101.83306,10.19424,5.66475,5.28248,-19.0893,0.94205,-3.3508,-3.96979,,,,,,,,,,,,,,,,,,,,,,,,,,,,,,,,,,,,,,,,,,,,,,,,,,,High,High,High,,,,,
45,2026-03-28,14:35:28.92,3,3,"Simmonds, Troy",1000515077,Right,WHI_COL1,"Gold, Jack",1000108729,Left,POM_COL,Undefined,1,Bottom,1,2,0,Slider,Changeup,BallCalled,Undefined,Undefined,Undefined,0,0,,80.22018,0.794426,2.268097,1655.25943,138.234462,10:30,5.75591,-0.66761,5.11147,-32.75018,11.86012,-9.36579,3.77579,0.6898,73.51749,-5.21879,0.613048,0.480716,,,,,,,,,,,,5.22536,6.11244,0.46142,50,5.80561,-4.21032,-116.33408,0.49279,7.19156,20.95068,-23.76162,POM_COL,WHI_COL1,PomonaPitzer,D3,Team,20260328-PomonaPitzer-1,0abe1b10-2aee-11f1-bb04-df4732e2f9b7,78.40888,,,6.70269,,,,,,,02db39fb-0347-40de-93c4-abc1fa19139e,2026-03-28,21:35:28.92,2026-03-28T14:35:28.9255424-07:00,2026-03-28T21:35:28.9255424Z,,v3,643-145631,643-146222,,"Brummett, Jackson",10114400,Right,WHI_COL1,e126fe87-4d65-47ae-8785-49c21eb94cb2,55.38515,-117.29989,10.47534,5.75764,1.58818,-11.88081,0.66315,-4.54185,3.59578,,,,,,,,,,,,,,,,,,,,,,,,,,,,,,,,,,,,,,,,,,,,,,,,,,,High,High,High,,,,,
46,2026-03-28,14:35:48.85,3,4,"Simmonds, Troy",1000515077,Right,WHI_COL1,"Gold, Jack",1000108729,Left,POM_COL,Undefined,1,Bottom,1,3,0,Fastball,Changeup,BallCalled,Walk,Undefined,Undefined,0,0,,82.85102,-2.340166,3.850704,2010.335183,137.774375,10:30,5.73195,-0.68584,5.2166,-26.63883,15.54099,-12.78725,1.30546,1.8747,75.4787,-7.264233,1.589644,0.467438,,,,,,,,,,,,7.48575,8.86697,0.33972,50,5.49577,-7.51489,-119.80899,-5.7953,10.82928,24.16686,-19.3466,POM_COL,WHI_COL1,PomonaPitzer,D3,Team,20260328-PomonaPitzer-1,168f5030-2aee-11f1-bb04-df4732e2f9b7,80.63628,,,7.37232,,,,,,,02db39fb-0347-40de-93c4-abc1fa19139e,2026-03-28,21:35:48.85,2026-03-28T14:35:48.8516096-07:00,2026-03-28T21:35:48.8516096Z,,v3,643-145631,643-146222,,"Brummett, Jackson",10114400,Right,WHI_COL1,2a36c58f-0bbd-45a2-828f-15410eb5452c,55.28006,-120.86934,12.08343,5.73143,-4.94644,-9.6733,0.67988,-7.99004,5.41464,,,,,,,,,,,,,,,,,,,,,,,,,,,,,,,,,,,,,,,,,,,,,,,,,,,High,High,High,,,,,
47,2026-03-28,14:36:59.48,4,1,"Simmonds, Troy",1000515077,Right,WHI_COL1,"DeGrazia, Tanner",1000214434,Right,POM_COL,Undefined,1,Bottom,1,0,0,Fastball,Changeup,BallCalled,Undefined,Undefined,Undefined,0,0,,82.62173,-1.784028,2.7567,1889.22601,120.217929,10:00,5.68775,-0.94594,5.21031,-30.92754,11.608,-17.32623,1.43032,0.20454,74.95347,-7.481468,-0.313928,0.469405,,,,,,,,,,,,9.44213,6.79477,0.70432,50,5.49985,-5.0067,-119.58678,-4.79456,13.52811,25.34889,-22.43892,POM_COL,WHI_COL1,PomonaPitzer,D3,Team,20260328-PomonaPitzer-1,40ae8c00-2aee-11f1-bb04-df4732e2f9b7,80.29839,,,7.66826,,,,,,,02db39fb-0347-40de-93c4-abc1fa19139e,2026-03-28,21:36:59.48,2026-03-28T14:36:59.4821120-07:00,2026-03-28T21:36:59.4821120Z,,v3,643-145631,643-146222,,"Brummett, Jackson",10114400,Right,WHI_COL1,35ea388e-96cf-4a78-bafa-ea9b536bbb59,55.28593,-120.70204,12.67445,5.68908,-3.80732,-11.21946,0.93769,-5.60189,6.76406,,,,,,,,,,,,,,,,,,,,,,,,,,,,,,,,,,,,,,,,,,,,,,,,,,,High,High,High,,,,,
48,2026-03-28,14:37:15.72,4,2,"Simmonds, Troy",1000515077,Right,WHI_COL1,"DeGrazia, Tanner",1000214434,Right,POM_COL,Undefined,1,Bottom,1,1,0,Fastball,Changeup,BallCalled,Undefined,Undefined,Undefined,0,0,,83.97654,-1.533407,2.979926,2055.508676,147.832955,11:00,5.75273,-1.05203,5.19893,-22.70029,18.22655,-10.59575,2.41646,0.87036,76.45567,-5.767057,1.105568,0.460443,,,,,,,,,,,,6.07914,9.9152,0.78383,50,5.59381,-5.8576,-121.58752,-3.99481,9.07448,24.47283,-17.37335,POM_COL,WHI_COL1,PomonaPitzer,D3,Team,20260328-PomonaPitzer-1,4a5abe40-2aee-11f1-bb04-df4732e2f9b7,81.86132,,,7.52087,,,,,,,02db39fb-0347-40de-93c4-abc1fa19139e,2026-03-28,21:37:15.72,2026-03-28T14:37:15.7298176-07:00,2026-03-28T21:37:15.7298176Z,,v3,643-145631,643-146222,,"Brummett, Jackson",10114400,Right,WHI_COL1,caa291d4-718f-4bd5-9793-e3b60482d635,55.29599,-122.64885,12.23641,5.75072,-3.24137,-8.68668,1.04639,-6.25114,4.53724,,,,,,,,,,,,,,,,,,,,,,,,,,,,,,,,,,,,,,,,,,,,,,,,,,,High,High,High,,,,,
49,2026-03-28,14:37:36.14,4,3,"Simmonds, Troy",1000515077,Right,WHI_COL1,"DeGrazia, Tanner",1000214434,Right,POM_COL,Undefined,1,Bottom,1,2,0,Fastball,Changeup,FoulBallNotFieldable,Undefined,Undefined,Undefined,0,0,,83.99455,-1.342645,2.319156,2022.119502,137.621254,10:30,5.71663,-0.95421,5.19799,-27.28521,13.23123,-10.93674,2.17872,0.31697,77.22095,-6.360097,0.381947,0.458128,,,,,,,,,,,,6.09292,7.33681,0.74792,50,5.57174,-4.46855,-121.85086,-3.80642,9.20487,22.85799,-21.08995,POM_COL,WHI_COL1,PomonaPitzer,D3,Team,20260328-PomonaPitzer-1,56881d20-2aee-11f1-bb04-df4732e2f9b7,82.27486,,,6.7736,,,,,,,02db39fb-0347-40de-93c4-abc1fa19139e,2026-03-28,21:37:36.14,2026-03-28T14:37:36.1452544-07:00,2026-03-28T21:37:36.1452544Z,,v3,643-145631,643-146222,,"Brummett, Jackson",10114400,Right,WHI_COL1,748cd617-38a1-43bd-9d8e-381349c4b645,55.30104,-122.84125,11.429,5.71687,-2.89263,-10.54498,0.95017,-4.86738,4.60243,,,,,,,,,,,,,,,,,,,,,,,,,,,,,,,,,,,,,,,,,,,,,,,,,,,High,High,High,,,,,
50,2026-03-28,14:38:09.80,4,4,"Simmonds, Troy",1000515077,Right,WHI_COL1,"DeGrazia, Tanner",1000214434,Right,POM_COL,Undefined,1,Bottom,1,2,1,Fastball,Changeup,InPlay,Undefined,FlyBall,Out,1,0,,84.13899,-0.689475,2.667185,2075.559675,138.175423,10:30,5.71617,-1.10979,5.12432,-24.85245,16.17442,-13.19438,2.995,0.30466,76.21595,-5.315196,0.335153,0.461005,87.5737,47.902872,-5.431794,,109.88817,112.23675,-4.95417,262.23525,208.75961,-0.019352,5.854165,7.37437,8.66701,0.86984,50,5.6327,-5.09732,-121.84984,-2.30631,10.99162,25.86599,-19.25574,POM_COL,WHI_COL1,PomonaPitzer,D3,Team,20260328-PomonaPitzer-1,6a92baa0-2aee-11f1-bb04-df4732e2f9b7,81.76147,127.47421,,7.92304,,,,0.76172,2.93369,-0.30832,02db39fb-0347-40de-93c4-abc1fa19139e,2026-03-28,21:38:09.80,2026-03-28T14:38:09.8031616-07:00,2026-03-28T21:38:09.8031616Z,FlyBall,v3,643-145631,643-146222,,"Brummett, Jackson",10114400,Right,WHI_COL1,26de11a8-4985-4636-ac3c-f40a08b55b8d,55.37256,-122.98503,12.933,5.71538,-1.46123,-9.62787,1.10413,-5.57971,5.49581,,0.76621,85.63169,-20.32931,4.7681,-0.5798,-0.01949,0.01759,-0.0022,9E-05,2.93341,95.29924,-21.20239,1.48981,-0.12969,-0.03379,0.01634,-0.00249,0.00013,-0.30861,-8.14219,4.99336,-1.40816,0.21556,-0.00509,-0.00444,0.00071,-4E-05,,,,,,,,,,,,,,,,,,,,,,,High,High,High,Medium,Low,,,
51,2026-03-28,14:38:47.04,5,1,"Simmonds, Troy",1000515077,Right,WHI_COL1,"Berry, Cooper",1000276381,Left,POM_COL,Undefined,1,Bottom,2,0,0,ChangeUp,Changeup,StrikeSwinging,Undefined,Undefined,Undefined,0,0,,82.01701,-1.710035,4.14173,1942.164169,145.49472,10:45,5.71399,-0.80156,5.23809,-23.06072,19.8147,-12.63304,2.18033,2.04525,74.77568,-6.014143,1.909802,0.471276,,,,,,,,,,,,7.42315,10.78327,0.42965,50,5.53961,-8.04812,-118.63221,-4.2704,10.56699,22.92909,-16.82383,POM_COL,WHI_COL1,PomonaPitzer,D3,Team,20260328-PomonaPitzer-1,80c89c90-2aee-11f1-bb04-df4732e2f9b7,79.9795,,,7.24133,,,,,,,02db39fb-0347-40de-93c4-abc1fa19139e,2026-03-28,21:38:47.04,2026-03-28T14:38:47.0480000-07:00,2026-03-28T21:38:47.0480000Z,,v3,643-145631,643-146222,,"Brummett, Jackson",10114400,Right,WHI_COL1,c1252482-b339-4cd6-b38e-ba28399b6e6c,55.25775,-119.6441,11.46454,5.71168,-3.52794,-8.41191,0.79511,-8.51446,5.28349,,,,,,,,,,,,,,,,,,,,,,,,,,,,,,,,,,,,,,,,,,,,,,,,,,,High,High,High,,,,,
52,2026-03-28,14:39:03.82,5,2,"Simmonds, Troy",1000515077,Right,WHI_COL1,"Berry, Cooper",1000276381,Left,POM_COL,Undefined,1,Bottom,2,0,1,Fastball,Changeup,BallCalled,Undefined,Undefined,Undefined,0,0,,83.69431,-2.068232,3.304415,2047.172515,139.373485,10:45,5.65954,-0.91875,5.19217,-24.35915,16.89958,-13.29808,1.67996,1.08497,76.26648,-6.588659,0.952306,0.462306,,,,,,,,,,,,7.52307,9.42438,0.62219,50,5.44936,-6.40688,-121.12134,-5.18812,11.1415,24.33429,-18.21679,POM_COL,WHI_COL1,PomonaPitzer,D3,Team,20260328-PomonaPitzer-1,8ac90950-2aee-11f1-bb04-df4732e2f9b7,81.53143,,,7.42783,,,,,,,02db39fb-0347-40de-93c4-abc1fa19139e,2026-03-28,21:39:03.82,2026-03-28T14:39:03.8230000-07:00,2026-03-28T21:39:03.8230000Z,,v3,643-145631,643-146222,,"Brummett, Jackson",10114400,Right,WHI_COL1,3b387a93-8cc1-44b2-9986-361ff363ece6,55.30367,-122.18225,12.16715,5.65824,-4.39392,-9.1084,0.9121,-6.89262,5.57075,,,,,,,,,,,,,,,,,,,,,,,,,,,,,,,,,,,,,,,,,,,,,,,,,,,High,High,High,,,,,
53,2026-03-28,14:39:21.30,5,3,"Simmonds, Troy",1000515077,Right,WHI_COL1,"Berry, Cooper",1000276381,Left,POM_COL,Undefined,1,Bottom,2,1,1,Fastball,Changeup,BallCalled,Undefined,Undefined,Undefined,0,0,,82.95811,-1.959461,2.939075,2013.808657,137.593978,10:30,5.73488,-0.95292,5.20873,-25.8199,16.0595,-13.39079,1.73739,0.69752,75.73874,-6.738006,0.568298,0.46577,,,,,,,,,,,,7.4789,8.9826,0.69128,50,5.53442,-5.58847,-120.13431,-4.97465,10.90846,23.6975,-19.0724,POM_COL,WHI_COL1,PomonaPitzer,D3,Team,20260328-PomonaPitzer-1,953186b0-2aee-11f1-bb04-df4732e2f9b7,80.92498,,,7.21936,,,,,,,02db39fb-0347-40de-93c4-abc1fa19139e,2026-03-28,21:39:21.30,2026-03-28T14:39:21.3030000-07:00,2026-03-28T21:39:21.3030000Z,,v3,643-145631,643-146222,,"Brummett, Jackson",10114400,Right,WHI_COL1,7a4212d0-e7d9-4c8a-9220-173282abbe18,55.28784,-121.1729,11.84875,5.73412,-4.13877,-9.5362,0.94668,-6.06656,5.45423,,,,,,,,,,,,,,,,,,,,,,,,,,,,,,,,,,,,,,,,,,,,,,,,,,,High,High,High,,,,,
54,2026-03-28,14:39:37.54,5,4,"Simmonds, Troy",1000515077,Right,WHI_COL1,"Berry, Cooper",1000276381,Left,POM_COL,Undefined,1,Bottom,2,2,1,Fastball,Changeup,InPlay,Undefined,FlyBall,Out,1,0,,83.13066,-1.265596,2.652637,2058.707222,140.901108,10:45,5.72377,-0.84741,5.15278,-25.48238,16.34072,-12.13316,2.40736,0.64042,75.6928,-5.992349,0.506731,0.465457,,,,,,,,,,,,6.7463,8.90827,0.60886,50,5.58633,-5.04239,-120.40306,-3.51353,9.86903,24.13307,-19.14229,POM_COL,WHI_COL1,PomonaPitzer,D3,Team,20260328-PomonaPitzer-1,9ee9c6e0-2aee-11f1-bb04-df4732e2f9b7,80.97943,,,7.43786,,,,,,,02db39fb-0347-40de-93c4-abc1fa19139e,2026-03-28,21:39:37.54,2026-03-28T14:39:37.5400000-07:00,2026-03-28T21:39:37.5400000Z,,v3,643-145631,643-146222,,"Brummett, Jackson",10114400,Right,WHI_COL1,9801ff6b-1006-4a71-b9a2-b285ba014529,55.34253,-121.46918,12.06653,5.72286,-2.66789,-9.57115,0.84124,-5.47837,4.93451,,,,,,,,,,,,,,,,,,,,,,,,,,,,,,,,,,,,,,,,,,,,,,,,,,,High,High,High,,,,,
55,2026-03-28,14:41:54.30,1,1,"Dennis, Lucas",10274891,Right,POM_COL,"Nakasone, Coehn",1000306287,Right,WHI_COL1,Undefined,2,Top,0,0,0,Fastball,Changeup,BallCalled,Undefined,Undefined,Undefined,0,0,,83.92556,-3.078084,-4.53608,2051.539017,226.038998,1:30,5.44423,1.83843,5.968,-26.30084,13.56485,12.70686,0.38692,-1.31711,76.91233,-7.974653,-2.259923,0.454434,,,,,,,,,,,,-7.79193,8.22701,-1.48539,50,5.18477,9.13355,-121.40633,-7.34661,-11.62361,23.88396,-19.90145,POM_COL,WHI_COL1,PomonaPitzer,D3,Team,20260328-PomonaPitzer-1,f065c320-2aee-11f1-bb04-df4732e2f9b7,82.94364,,,7.01323,,,,,,,02db39fb-0347-40de-93c4-abc1fa19139e,2026-03-28,21:41:54.30,2026-03-28T14:41:54.3006720-07:00,2026-03-28T21:41:54.3006720Z,,v3,643-145631,643-146222,,"Parker, Will",1000474009,Right,POM_COL,521acacf-1d6f-4a72-a7e8-f4d2cb3c9a91,54.53034,-122.29432,11.94198,5.44415,-6.60668,-9.95073,-1.83301,9.56571,-5.8118,,,,,,,,,,,,,,,,,,,,,,,,,,,,,,,,,,,,,,,,,,,,,,,,,,,High,High,High,,,,,
56,2026-03-28,14:42:11.30,1,2,"Dennis, Lucas",10274891,Right,POM_COL,"Nakasone, Coehn",1000306287,Right,WHI_COL1,Undefined,2,Top,0,1,0,Slider,Changeup,BallCalled,Undefined,Undefined,Undefined,0,0,,83.37247,-2.771065,-3.388754,2047.609574,229.493025,1:45,5.48505,1.7594,5.92241,-26.09112,14.69257,15.47202,0.73287,-0.09952,75.57961,-7.664251,-0.612823,0.459637,,,,,,,,,,,,-8.97914,8.83048,-1.49668,50,5.24814,6.52994,-120.66162,-6.62784,-13.07547,26.16348,-19.31505,POM_COL,WHI_COL1,PomonaPitzer,D3,Team,20260328-PomonaPitzer-1,fadebb40-2aee-11f1-bb04-df4732e2f9b7,82.00485,,,7.79286,,,,,,,02db39fb-0347-40de-93c4-abc1fa19139e,2026-03-28,21:42:11.30,2026-03-28T14:42:11.3039360-07:00,2026-03-28T21:42:11.3039360Z,,v3,643-145631,643-146222,,"Parker, Will",1000474009,Right,POM_COL,ad0eea42-964d-412c-84fe-6fafbe82b1ff,54.57454,-121.64949,13.08174,5.48462,-5.89855,-9.65752,-1.75256,7.02364,-6.53774,,,,,,,,,,,,,,,,,,,,,,,,,,,,,,,,,,,,,,,,,,,,,,,,,,,High,High,High,,,,,
57,2026-03-28,14:42:28.13,1,3,"Dennis, Lucas",10274891,Right,POM_COL,"Nakasone, Coehn",1000306287,Right,WHI_COL1,Undefined,2,Top,0,2,0,Fastball,Changeup,BallCalled,Undefined,Undefined,Undefined,0,0,,84.82852,-2.165183,-4.008848,2106.116096,226.911753,1:30,5.46796,1.91344,5.62734,-24.97285,14.72694,14.26095,1.36065,-0.64491,77.05673,-6.828193,-1.468614,0.453488,,,,,,,,,,,,-8.38607,8.51607,-1.58068,50,5.26728,7.99699,-122.71702,-5.44517,-12.69493,25.93754,-19.28235,POM_COL,WHI_COL1,PomonaPitzer,D3,Team,20260328-PomonaPitzer-1,04963820-2aef-11f1-bb04-df4732e2f9b7,83.11681,,,7.77179,,,,,,,02db39fb-0347-40de-93c4-abc1fa19139e,2026-03-28,21:42:28.13,2026-03-28T14:42:28.1308160-07:00,2026-03-28T21:42:28.1308160Z,,v3,643-145631,643-146222,,"Parker, Will",1000474009,Right,POM_COL,9bcd37fe-5167-40da-9757-fd7dec2e273b,54.86918,-123.74189,12.96877,5.46739,-4.68327,-9.64117,-1.90657,8.49861,-6.34747,,,,,,,,,,,,,,,,,,,,,,,,,,,,,,,,,,,,,,,,,,,,,,,,,,,High,High,High,,,,,
58,2026-03-28,14:42:46.53,1,4,"Dennis, Lucas",10274891,Right,POM_COL,"Nakasone, Coehn",1000306287,Right,WHI_COL1,Undefined,2,Top,0,3,0,Fastball,Changeup,InPlay,Undefined,Popup,Double,0,0,,84.93804,-0.958323,-2.201827,2102.731081,224.076377,1:30,5.44999,1.68277,5.68571,-23.35926,16.39233,14.42662,2.60941,0.83171,76.30042,-5.378311,0.376316,0.453783,69.86795,30.350673,-37.006107,4188.832992,86.8305,40.54868,-67.5312,218.39303,138.31829,-39.550642,3.248199,-8.07871,9.07016,-1.50675,50,5.35508,4.13047,-123.04572,-2.77084,-12.14886,28.76605,-18.53423,POM_COL,WHI_COL1,PomonaPitzer,D3,Team,20260328-PomonaPitzer-1,0f839cf0-2aef-11f1-bb04-df4732e2f9b7,83.06262,40.73057,,8.63762,,,,1.74132,2.72041,-0.78602,02db39fb-0347-40de-93c4-abc1fa19139e,2026-03-28,21:42:46.53,2026-03-28T14:42:46.5398784-07:00,2026-03-28T21:42:46.5398784Z,FlyBall,v3,643-145631,643-146222,,"Parker, Will",1000474009,Right,POM_COL,68ba04cc-88f2-4079-a642-80b76842bd69,54.81076,-124.16531,14.38303,5.44888,-2.04948,-9.26711,-1.67671,4.6033,-6.07443,,1.74113,70.62337,-9.89155,2.08457,-0.52182,0.16962,-0.0512,0.00936,-0.0007,2.72053,51.77444,-19.45012,1.50255,-0.21407,0.00556,0.00693,-0.00071,-7E-05,-0.78598,-53.22685,6.07551,-1.49274,0.35413,-0.09136,0.02413,-0.00468,0.00038,,,,,,,,,,,,,,,,,,,,,,,High,High,High,High,Medium,,,
59,2026-03-28,14:43:41.16,2,1,"Dennis, Lucas",10274891,Right,POM_COL,"Schulze, Jay",10114357,Right,WHI_COL1,Undefined,2,Top,0,0,0,Slider,Curveball,StrikeCalled,Undefined,Undefined,Undefined,0,0,,75.10886,1.299393,-2.832626,2459.656756,63.987021,8:15,5.17945,2.00665,5.27426,-53.91527,-3.15465,-9.62146,1.90868,-1.45788,69.23901,-8.46767,-4.536847,0.512785,,,,,,,,,,,,4.01481,-1.43965,-1.7405,50,5.25868,5.75921,-108.92354,0.67249,4.82315,19.13786,-33.90359,POM_COL,WHI_COL1,PomonaPitzer,D3,Team,20260328-PomonaPitzer-1,301d4150-2aef-11f1-bb04-df4732e2f9b7,73.50542,,,5.86985,,,,,,,02db39fb-0347-40de-93c4-abc1fa19139e,2026-03-28,21:43:41.16,2026-03-28T14:43:41.1680256-07:00,2026-03-28T21:43:41.1680256Z,,v3,643-145631,643-146222,,"Parker, Will",1000474009,Right,POM_COL,e958c1ca-f9d8-4106-95c9-13dd0b9d180a,55.22584,-109.83789,9.56893,5.18785,2.29229,-16.95179,-2.01014,5.52878,2.41157,,,,,,,,,,,,,,,,,,,,,,,,,,,,,,,,,,,,,,,,,,,,,,,,,,,High,High,High,,,,,
60,2026-03-28,14:44:00.74,2,2,"Dennis, Lucas",10274891,Right,POM_COL,"Schulze, Jay",10114357,Right,WHI_COL1,Undefined,2,Top,0,0,1,Fastball,Changeup,InPlay,Undefined,Bunt,FieldersChoice,0,1,,84.8088,-1.067342,-3.524344,2118.919297,228.076327,1:30,5.37153,1.8418,5.95976,-24.7319,14.04694,14.27501,2.31881,-0.24085,77.64771,-5.702643,-0.964282,0.448197,36.73231,-25.57038,-32.802904,,,,,7.44275,6.59834,-18.23281,0.105077,-8.34477,7.87784,-1.56997,50,5.27282,7.02071,-123.03554,-3.04744,-12.80496,24.16624,-20.08555,POM_COL,WHI_COL1,PomonaPitzer,D3,Team,20260328-PomonaPitzer-1,3bc2f9a0-2aef-11f1-bb04-df4732e2f9b7,84.09798,2.4755,,7.16109,,,,2.72042,2.4755,0.47415,02db39fb-0347-40de-93c4-abc1fa19139e,2026-03-28,21:44:00.74,2026-03-28T14:44:00.7430000-07:00,2026-03-28T21:44:00.7430000Z,GroundBall,v3,643-145631,643-146222,,"Parker, Will",1000474009,Right,POM_COL,e554486c-112a-443e-8acc-08ddeae59b65,54.54,-123.92407,12.08312,5.37129,-2.30896,-10.04278,-1.83675,7.49151,-6.40248,180,2.71133,41.38552,,,,,,,,2.48068,-23.55907,,,,,,,,0.48001,-26.67412,,,,,,,,,,,,,,,,,,,,,,,,,,,,,,High,High,High,Low,Medium,,,
61,2026-03-28,14:44:49.27,3,1,"Dennis, Lucas",10274891,Right,POM_COL,"Mecate, Matthew",1000394015,Right,WHI_COL1,Undefined,2,Top,0,0,0,Slider,Curveball,StrikeCalled,Undefined,Undefined,Undefined,0,0,,74.85949,2.002201,-0.460856,2594.224885,55.280091,7:45,5.19983,2.0729,5.29728,-58.29357,-7.04437,-12.55446,2.22264,0.59401,68.54322,-8.585374,-2.69175,0.515246,,,,,,,,,,,,6.11016,-3.55138,-2.02167,50,5.33966,1.36111,-108.61333,1.83374,7.25326,20.13486,-36.38983,POM_COL,WHI_COL1,PomonaPitzer,D3,Team,20260328-PomonaPitzer-1,58b47d90-2aef-11f1-bb04-df4732e2f9b7,73.1542,,,6.31627,,,,,,,02db39fb-0347-40de-93c4-abc1fa19139e,2026-03-28,21:44:49.27,2026-03-28T14:44:49.2705792-07:00,2026-03-28T21:44:49.2705792Z,,v3,643-145631,643-146222,,"Parker, Will",1000474009,Right,POM_COL,1e8ab575-b033-45d3-94fc-f6bad7d4f208,55.20313,-109.57365,10.06743,5.21081,3.56932,-18.19492,-2.07834,1.01517,3.62663,,,,,,,,,,,,,,,,,,,,,,,,,,,,,,,,,,,,,,,,,,,,,,,,,,,High,High,High,,,,,
62,2026-03-28,14:45:07.64,3,2,"Dennis, Lucas",10274891,Right,POM_COL,"Mecate, Matthew",1000394015,Right,WHI_COL1,Undefined,2,Top,0,0,1,Fastball,Changeup,BallCalled,Undefined,Undefined,Undefined,0,0,,86.22724,-0.095994,-0.904972,2148.255135,224.458383,1:30,5.45687,1.92762,5.89845,-23.85021,13.71453,12.28839,3.38022,2.11144,78.74469,-4.575662,1.301062,0.441125,,,,,,,,,,,,-6.46303,7.40508,-1.86138,50,5.43549,1.45756,-125.23255,-0.94993,-10.25879,25.40656,-20.41992,POM_COL,WHI_COL1,PomonaPitzer,D3,Team,20260328-PomonaPitzer-1,63abf480-2aef-11f1-bb04-df4732e2f9b7,85.44618,,,7.48256,,,,,,,02db39fb-0347-40de-93c4-abc1fa19139e,2026-03-28,21:45:07.64,2026-03-28T14:45:07.6427264-07:00,2026-03-28T21:45:07.6427264Z,,v3,643-145631,643-146222,,"Parker, Will",1000474009,Right,POM_COL,e262a493-02e5-4554-a2cb-c13ecac1bb73,54.59741,-126.1618,12.70328,5.45658,-0.20307,-10.20996,-1.92156,1.83278,-5.12939,,,,,,,,,,,,,,,,,,,,,,,,,,,,,,,,,,,,,,,,,,,,,,,,,,,High,High,High,,,,,
63,2026-03-28,14:45:29.19,3,3,"Dennis, Lucas",10274891,Right,POM_COL,"Mecate, Matthew",1000394015,Right,WHI_COL1,Undefined,2,Top,0,1,1,ChangeUp,Changeup,FoulBallNotFieldable,Undefined,Undefined,Undefined,0,0,,77.37975,0.215629,-3.471246,1373.219274,263.507045,2:45,5.24184,1.89618,6.04666,-43.00148,3.13189,15.61469,1.85838,-0.02014,71.53124,-7.713715,-0.663034,0.488854,95.15133,21.387911,35.862889,2321.127266,86.34489,34.82307,68.15055,313.04355,148.00226,44.906229,3.398205,-8.99863,1.93461,-1.63425,50,5.2352,6.27278,-112.39203,-0.85626,-11.58869,19.07101,-29.68261,POM_COL,WHI_COL1,PomonaPitzer,D3,Team,20260328-PomonaPitzer-1,707dd0c0-2aef-11f1-bb04-df4732e2f9b7,77.1037,41.11888,,5.8485,,,,2.1736,2.24745,-0.1411,02db39fb-0347-40de-93c4-abc1fa19139e,2026-03-28,21:45:29.19,2026-03-28T14:45:29.1920384-07:00,2026-03-28T21:45:29.1920384Z,LineDrive,v3,643-145631,643-146222,,"Parker, Will",1000474009,Right,POM_COL,992d8470-35bc-4537-b390-fc8b9ef97742,54.45498,-113.14544,9.53551,5.24587,0.31636,-14.84131,-1.8911,6.7306,-5.79435,,2.17359,105.31082,-20.13935,4.30892,-0.92296,0.16075,-0.02012,0.00105,5E-05,2.24745,50.89275,-18.44283,1.44,-0.26281,0.06598,-0.017,0.0035,-0.00032,-0.14111,76.12648,-3.79504,0.00799,0.12339,-0.04626,0.01141,-0.00188,0.00015,,,,,,,,,,,,,,,,,,,,,,,High,High,High,High,Low,,,
64,2026-03-28,14:46:24.36,3,4,"Dennis, Lucas",10274891,Right,POM_COL,"Mecate, Matthew",1000394015,Right,WHI_COL1,Undefined,2,Top,0,1,2,Fastball,Changeup,BallCalled,Undefined,Undefined,Undefined,0,0,,85.92054,-0.385533,-0.096611,2119.059354,254.312875,2:30,5.49662,1.83772,5.76848,-32.44584,5.59284,15.63934,2.43401,3.05109,78.68271,-6.378752,2.706271,0.443899,,,,,,,,,,,,-7.93796,3.3565,-1.83894,50,5.44533,-0.44927,-124.81095,-1.95482,-12.49665,25.58361,-26.88995,POM_COL,WHI_COL1,PomonaPitzer,D3,Team,20260328-PomonaPitzer-1,915cbb80-2aef-11f1-bb04-df4732e2f9b7,84.91223,,,7.23783,,,,,,,02db39fb-0347-40de-93c4-abc1fa19139e,2026-03-28,21:46:24.36,2026-03-28T14:46:24.3620864-07:00,2026-03-28T21:46:24.3620864Z,,v3,643-145631,643-146222,,"Parker, Will",1000474009,Right,POM_COL,8afafbae-3377-49f5-bc70-06ea62f338d9,54.72949,-125.77665,12.79181,5.49996,-0.9398,-13.44497,-1.83088,0.02245,-6.24833,,,,,,,,,,,,,,,,,,,,,,,,,,,,,,,,,,,,,,,,,,,,,,,,,,,High,High,High,,,,,
65,2026-03-28,14:46:49.47,3,5,"Dennis, Lucas",10274891,Right,POM_COL,"Mecate, Matthew",1000394015,Right,WHI_COL1,Undefined,2,Top,0,2,2,Slider,Curveball,BallCalled,Undefined,Undefined,Undefined,0,0,,74.22315,0.936748,-1.207727,2548.110775,60.377139,8:00,5.1747,2.02127,5.38899,-58.84011,-6.41654,-14.5067,1.14961,-0.31974,67.63102,-9.765408,-3.791553,0.521116,,,,,,,,,,,,6.85579,-2.92232,-1.90303,50,5.21743,2.82223,-107.62431,-0.17232,7.90911,21.53937,-35.54535,POM_COL,WHI_COL1,PomonaPitzer,D3,Team,20260328-PomonaPitzer-1,a05bff10-2aef-11f1-bb04-df4732e2f9b7,72.33019,,,6.59213,,,,,,,02db39fb-0347-40de-93c4-abc1fa19139e,2026-03-28,21:46:49.47,2026-03-28T14:46:49.4738944-07:00,2026-03-28T21:46:49.4738944Z,,v3,643-145631,643-146222,,"Parker, Will",1000474009,Right,POM_COL,9cdcc7c0-d48f-4909-b508-e32cb7e3c83b,55.11021,-108.64223,10.76969,5.18588,1.5075,-17.77267,-2.02757,2.44846,3.95456,,,,,,,,,,,,,,,,,,,,,,,,,,,,,,,,,,,,,,,,,,,,,,,,,,,High,High,High,,,,,
66,2026-03-28,14:47:15.18,3,6,"Dennis, Lucas",10274891,Right,POM_COL,"Mecate, Matthew",1000394015,Right,WHI_COL1,Undefined,2,Top,0,3,2,Fastball,Changeup,InPlay,Undefined,LineDrive,Out,1,0,,85.52827,-0.604771,-1.718564,2094.25097,219.020299,1:15,5.45866,1.7964,5.92678,-21.62954,16.39241,12.33327,3.09477,1.22908,78.37437,-4.68152,0.495847,0.443801,93.89536,16.788197,-6.150586,1555.686555,108.70438,29.34276,-16.8332,322.93797,306.27466,-12.038097,3.324649,-6.79839,8.92977,-1.66603,50,5.39802,3.23454,-124.2602,-1.95516,-10.65708,24.29236,-18.17581,POM_COL,WHI_COL1,PomonaPitzer,D3,Team,20260328-PomonaPitzer-1,afacbe00-2aef-11f1-bb04-df4732e2f9b7,84.93088,34.79924,,7.1539,,,,0.10169,3.0062,-1.22869,02db39fb-0347-40de-93c4-abc1fa19139e,2026-03-28,21:47:15.18,2026-03-28T14:47:15.1897600-07:00,2026-03-28T21:47:15.1897600Z,LineDrive,v3,643-145631,643-146222,,"Parker, Will",1000474009,Right,POM_COL,e49d5580-54ad-4bac-a55f-0e51ce684eca,54.57203,-125.15082,12.14618,5.45749,-1.28879,-9.08791,-1.79177,3.62526,-5.32854,150.041472,0.10192,131.07681,-19.39597,4.17564,-0.70561,0.08557,-0.00583,-0.00016,6E-05,3.00565,39.79476,-12.39309,-0.05867,-0.03486,0.05075,-0.0173,0.00336,-0.00029,-1.22853,-14.13119,-3.43558,0.91893,-0.19319,0.03417,-0.00627,0.00095,-7E-05,,,,,,,,,,,,,,,,,,,,,,,High,High,High,High,Medium,,,
67,2026-03-28,14:47:46.45,4,1,"Dennis, Lucas",10274891,Right,POM_COL,"Jasso, Alexander",1000218885,Right,WHI_COL1,Undefined,2,Top,1,0,0,Slider,Curveball,BallCalled,Undefined,Undefined,Undefined,0,0,,73.281,3.854102,-2.154078,2530.928899,59.672883,8:00,5.15855,2.00531,5.27214,-61.84511,-7.37311,-15.9504,3.63297,-1.34816,66.07846,-7.418249,-4.97553,0.5312,,,,,,,,,,,,7.12878,-4.22717,-1.7967,50,5.46688,4.61075,-105.91239,5.08338,7.94212,21.32573,-36.88347,POM_COL,WHI_COL1,PomonaPitzer,D3,Team,20260328-PomonaPitzer-1,c264c3d0-2aef-11f1-bb04-df4732e2f9b7,70.95716,,,7.20255,,,,,,,02db39fb-0347-40de-93c4-abc1fa19139e,2026-03-28,21:47:46.45,2026-03-28T14:47:46.4551936-07:00,2026-03-28T21:47:46.4551936Z,,v3,643-145631,643-146222,,"Parker, Will",1000474009,Right,POM_COL,b788781b-4b69-4b85-bbdc-f258eb065272,55.22575,-106.95943,10.66286,5.17284,6.89428,-18.44174,-2.0135,4.22081,3.97106,,,,,,,,,,,,,,,,,,,,,,,,,,,,,,,,,,,,,,,,,,,,,,,,,,,High,High,High,,,,,
68,2026-03-28,14:48:05.34,4,2,"Dennis, Lucas",10274891,Right,POM_COL,"Jasso, Alexander",1000218885,Right,WHI_COL1,Undefined,2,Top,1,1,0,Fastball,Changeup,BallCalled,Undefined,Undefined,Undefined,0,0,,86.61787,-1.021208,-1.947606,2186.475761,254.209895,2:30,5.26727,1.80728,6.08239,-30.61002,6.51189,18.71934,1.77101,1.56469,79.07683,-6.719183,1.426929,0.438517,,,,,,,,,,,,-10.44949,3.95646,-1.66746,50,5.17189,3.57168,-125.83786,-3.22094,-16.64091,27.16649,-25.87336,POM_COL,WHI_COL1,PomonaPitzer,D3,Team,20260328-PomonaPitzer-1,cdf56d80-2aef-11f1-bb04-df4732e2f9b7,85.95429,,,7.54104,,,,,,,02db39fb-0347-40de-93c4-abc1fa19139e,2026-03-28,21:48:05.34,2026-03-28T14:48:05.3471232-07:00,2026-03-28T21:48:05.3471232Z,,v3,643-145631,643-146222,,"Parker, Will",1000474009,Right,POM_COL,938c04b9-81ec-4fee-8dec-b18a47d0d6b0,54.41963,-126.7884,13.58324,5.26875,-2.31564,-12.93668,-1.80262,4.15394,-8.32045,,,,,,,,,,,,,,,,,,,,,,,,,,,,,,,,,,,,,,,,,,,,,,,,,,,High,High,High,,,,,
69,2026-03-28,14:48:26.96,4,3,"Dennis, Lucas",10274891,Right,POM_COL,"Jasso, Alexander",1000218885,Right,WHI_COL1,Undefined,2,Top,1,2,0,Slider,Curveball,BallCalled,Undefined,Undefined,Undefined,0,0,,74.82822,1.280004,-1.897146,2582.23321,64.365072,8:15,5.21386,2.00591,5.52383,-57.86972,-6.17386,-16.82276,1.58893,-1.17028,67.72382,-9.292862,-4.896626,0.517487,,,,,,,,,,,,7.76091,-2.90087,-1.82971,50,5.28743,4.23573,-108.39837,0.53851,9.02047,23.03617,-35.54572,POM_COL,WHI_COL1,PomonaPitzer,D3,Team,20260328-PomonaPitzer-1,da814010-2aef-11f1-bb04-df4732e2f9b7,72.83751,,,7.1044,,,,,,,02db39fb-0347-40de-93c4-abc1fa19139e,2026-03-28,21:48:26.96,2026-03-28T14:48:26.9688832-07:00,2026-03-28T21:48:26.9688832Z,,v3,643-145631,643-146222,,"Parker, Will",1000474009,Right,POM_COL,b625cb35-c057-4ae3-8398-05a33064f479,54.97412,-109.45033,11.51808,5.22577,2.16173,-17.77286,-2.01373,3.8238,4.51023,,,,,,,,,,,,,,,,,,,,,,,,,,,,,,,,,,,,,,,,,,,,,,,,,,,High,High,High,,,,,
70,2026-03-28,14:48:45.68,4,4,"Dennis, Lucas",10274891,Right,POM_COL,"Jasso, Alexander",1000218885,Right,WHI_COL1,Undefined,2,Top,1,3,0,Fastball,Four-Seam,StrikeCalled,Undefined,Undefined,Undefined,0,0,,84.20867,-1.256285,-3.935541,2093.643183,216.440752,1:15,5.30127,1.73074,6.13734,-21.89029,17.50922,11.93642,2.31309,-0.9175,76.50783,-5.416233,-1.79019,0.451769,,,,,,,,,,,,-7.25792,9.7902,-1.43581,50,5.19378,7.91513,-121.98848,-3.27871,-10.87551,25.25288,-17.50408,POM_COL,WHI_COL1,PomonaPitzer,D3,Team,20260328-PomonaPitzer-1,e597d7c0-2aef-11f1-bb04-df4732e2f9b7,83.43291,,,7.70084,,,,,,,02db39fb-0347-40de-93c4-abc1fa19139e,2026-03-28,21:48:45.68,2026-03-28T14:48:45.6801280-07:00,2026-03-28T21:48:45.6801280Z,,v3,643-145631,643-146222,,"Parker, Will",1000474009,Right,POM_COL,871bae26-261a-408d-b953-f48f3e818838,54.35827,-122.88738,12.62644,5.2994,-2.65564,-8.75204,-1.72445,8.30225,-5.43776,,,,,,,,,,,,,,,,,,,,,,,,,,,,,,,,,,,,,,,,,,,,,,,,,,,High,High,High,,,,,
71,2026-03-28,14:49:04.27,4,5,"Dennis, Lucas",10274891,Right,POM_COL,"Jasso, Alexander",1000218885,Right,WHI_COL1,Undefined,2,Top,1,3,1,Fastball,Changeup,BallCalled,Walk,Undefined,Undefined,0,0,,84.41677,0.113937,-1.884193,2144.312527,248.433819,2:15,5.35188,1.74768,6.10805,-31.32454,7.5743,16.04643,2.84692,1.34193,77.19962,-5.729816,1.008023,0.44889,,,,,,,,,,,,-8.94772,4.20508,-1.61181,50,5.34402,3.43784,-122.68482,-0.72588,-13.60117,24.87519,-25.78202,POM_COL,WHI_COL1,PomonaPitzer,D3,Team,20260328-PomonaPitzer-1,f0a93f50-2aef-11f1-bb04-df4732e2f9b7,83.96815,,,7.21715,,,,,,,02db39fb-0347-40de-93c4-abc1fa19139e,2026-03-28,21:49:04.27,2026-03-28T14:49:04.2728448-07:00,2026-03-28T21:49:04.2728448Z,,v3,643-145631,643-146222,,"Parker, Will",1000474009,Right,POM_COL,aec473a6-63bc-4090-a408-90dc8a5aec92,54.39317,-123.57235,12.4376,5.35351,0.19401,-12.89101,-1.74313,3.92312,-6.80059,,,,,,,,,,,,,,,,,,,,,,,,,,,,,,,,,,,,,,,,,,,,,,,,,,,High,High,High,,,,,
72,2026-03-28,14:49:35.04,5,1,"Dennis, Lucas",10274891,Right,POM_COL,"Plaskett, Joe",1000237974,Right,WHI_COL1,Undefined,2,Top,1,0,0,Fastball,Four-Seam,StrikeCalled,Undefined,Undefined,Undefined,0,0,,85.99609,-1.73918,-3.931065,2041.331118,219.641038,1:15,5.3508,1.8553,5.86773,-19.82099,18.48225,14.19131,2.07922,-0.6194,77.85751,-5.509703,-1.392892,0.44544,,,,,,,,,,,,-8.38095,10.34623,-1.54449,50,5.19816,7.9547,-124.46883,-4.35047,-13.03288,27.02272,-16.08511,POM_COL,WHI_COL1,PomonaPitzer,D3,Team,20260328-PomonaPitzer-1,030d58c0-2af0-11f1-bb04-df4732e2f9b7,84.61847,,,8.13858,,,,,,,02db39fb-0347-40de-93c4-abc1fa19139e,2026-03-28,21:49:35.04,2026-03-28T14:49:35.0462976-07:00,2026-03-28T21:49:35.0462976Z,,v3,643-145631,643-146222,,"Parker, Will",1000474009,Right,POM_COL,c1649882-67a8-455f-9a9f-e693841b34b4,54.62799,-125.46956,13.51136,5.34824,-3.75479,-8.04255,-1.84801,8.43735,-6.51644,,,,,,,,,,,,,,,,,,,,,,,,,,,,,,,,,,,,,,,,,,,,,,,,,,,High,High,High,,,,,
73,2026-03-28,14:49:54.82,5,2,"Dennis, Lucas",10274891,Right,POM_COL,"Plaskett, Joe",1000237974,Right,WHI_COL1,Undefined,2,Top,1,0,1,ChangeUp,Changeup,BallCalled,Undefined,Undefined,Undefined,0,0,,79.39864,-1.833949,-6.033671,1320.588586,239.603028,2:00,5.24065,1.78381,5.73165,-36.30207,8.1391,11.73784,0.49746,-2.87791,73.87414,-8.46182,-3.94849,0.479804,,,,,,,,,,,,-7.39882,4.98697,-1.28639,50,5.06444,11.69293,-114.82054,-4.84731,-10.02486,18.28473,-25.41703,POM_COL,WHI_COL1,PomonaPitzer,D3,Team,20260328-PomonaPitzer-1,0ed936b0-2af0-11f1-bb04-df4732e2f9b7,78.55796,,,5.5245,,,,,,,02db39fb-0347-40de-93c4-abc1fa19139e,2026-03-28,21:49:54.82,2026-03-28T14:49:54.8264448-07:00,2026-03-28T21:49:54.8264448Z,,v3,643-145631,643-146222,,"Parker, Will",1000474009,Right,POM_COL,6e4ec0c2-2b81-405a-a44b-0625a8f626e6,54.76838,-115.57739,9.14237,5.24331,-3.79523,-12.70851,-1.77898,12.10788,-5.01243,,,,,,,,,,,,,,,,,,,,,,,,,,,,,,,,,,,,,,,,,,,,,,,,,,,High,High,High,,,,,
74,2026-03-28,14:50:27.48,5,3,"Dennis, Lucas",10274891,Right,POM_COL,"Plaskett, Joe",1000237974,Right,WHI_COL1,Undefined,2,Top,1,1,1,Slider,Curveball,StrikeSwinging,Undefined,Undefined,Undefined,0,0,,73.39036,1.721262,-2.782999,2539.405141,71.675465,8:30,5.0319,2.09478,5.17329,-58.29342,-4.1454,-18.10454,1.79626,-2.03486,66.88421,-8.845764,-5.981506,0.529618,,,,,,,,,,,,8.06308,-1.99465,-1.82142,50,5.14844,5.86561,-106.24611,1.26221,9.07777,20.76014,-34.41969,POM_COL,WHI_COL1,PomonaPitzer,D3,Team,20260328-PomonaPitzer-1,225094e0-2af0-11f1-bb04-df4732e2f9b7,71.16912,,,6.50614,,,,,,,02db39fb-0347-40de-93c4-abc1fa19139e,2026-03-28,21:50:27.48,2026-03-28T14:50:27.4891264-07:00,2026-03-28T21:50:27.4891264Z,,v3,643-145631,643-146222,,"Parker, Will",1000474009,Right,POM_COL,023ee8a7-7b02-4027-8c92-67fc2e785da1,55.32559,-107.28166,10.38007,5.04265,2.97913,-17.20985,-2.10272,5.41279,4.53888,,,,,,,,,,,,,,,,,,,,,,,,,,,,,,,,,,,,,,,,,,,,,,,,,,,High,High,High,,,,,
75,2026-03-28,14:50:51.00,5,4,"Dennis, Lucas",10274891,Right,POM_COL,"Plaskett, Joe",1000237974,Right,WHI_COL1,Undefined,2,Top,1,1,2,Slider,Curveball,BallCalled,Undefined,Undefined,Undefined,0,0,,75.66886,0.530913,-2.488559,2542.413561,69.02613,8:15,5.13693,1.95358,5.09169,-55.70519,-4.7787,-16.94119,0.99568,-1.80499,69.20937,-9.524604,-5.482834,0.513622,,,,,,,,,,,,7.62725,-2.02,-1.70443,50,5.14357,5.43487,-109.63338,-0.90394,9.16071,21.7671,-34.60019,POM_COL,WHI_COL1,PomonaPitzer,D3,Team,20260328-PomonaPitzer-1,3050b7f0-2af0-11f1-bb04-df4732e2f9b7,73.38562,,,6.45949,,,,,,,02db39fb-0347-40de-93c4-abc1fa19139e,2026-03-28,21:50:51.00,2026-03-28T14:50:51.0019584-07:00,2026-03-28T21:50:51.0019584Z,,v3,643-145631,643-146222,,"Parker, Will",1000474009,Right,POM_COL,40095a92-2ac6-4ca7-ba6c-d9da9988b8d5,55.40812,-110.70192,10.88355,5.14625,0.79457,-17.30009,-1.96019,4.98517,4.58035,,,,,,,,,,,,,,,,,,,,,,,,,,,,,,,,,,,,,,,,,,,,,,,,,,,High,High,High,,,,,
76,2026-03-28,14:51:14.03,5,5,"Dennis, Lucas",10274891,Right,POM_COL,"Plaskett, Joe",1000237974,Right,WHI_COL1,Undefined,2,Top,1,2,2,Fastball,Changeup,BallCalled,Undefined,Undefined,Undefined,0,0,,85.2886,-2.103476,-3.090675,2086.275595,252.852464,2:30,5.32582,1.71251,5.7509,-31.73852,6.66193,17.92631,0.719,0.32634,78.89997,-7.930495,0.118934,0.446005,,,,,,,,,,,,-9.92363,4.28713,-1.46678,50,5.13146,5.95467,-123.78517,-5.63128,-15.52488,22.79334,-25.46712,POM_COL,WHI_COL1,PomonaPitzer,D3,Team,20260328-PomonaPitzer-1,3e035740-2af0-11f1-bb04-df4732e2f9b7,84.51131,,,6.38863,,,,,,,02db39fb-0347-40de-93c4-abc1fa19139e,2026-03-28,21:51:14.03,2026-03-28T14:51:14.0321792-07:00,2026-03-28T21:51:14.0321792Z,,v3,643-145631,643-146222,,"Parker, Will",1000474009,Right,POM_COL,9c8e3dba-224f-455c-87cd-f9be47687b36,54.74977,-124.65671,11.39667,5.32816,-4.65751,-12.73356,-1.70582,6.54828,-7.76244,,,,,,,,,,,,,,,,,,,,,,,,,,,,,,,,,,,,,,,,,,,,,,,,,,,High,High,High,,,,,
77,2026-03-28,14:51:39.41,5,6,"Dennis, Lucas",10274891,Right,POM_COL,"Plaskett, Joe",1000237974,Right,WHI_COL1,Undefined,2,Top,1,3,2,Slider,Curveball,StrikeSwinging,Strikeout,Undefined,Undefined,0,1,,75.33461,0.515479,-2.289564,2678.032153,63.932885,8:15,5.23487,1.88718,5.18578,-57.90605,-6.46985,-16.91812,0.89474,-1.67784,68.63518,-9.958215,-5.286978,0.516186,,,,,,,,,,,,7.66756,-2.85166,-1.66114,50,5.23905,5.02539,-109.13062,-0.98815,9.07476,22.53717,-35.54904,POM_COL,WHI_COL1,PomonaPitzer,D3,Team,20260328-PomonaPitzer-1,4d2df090-2af0-11f1-bb04-df4732e2f9b7,73.02109,,,6.69943,,,,,,,02db39fb-0347-40de-93c4-abc1fa19139e,2026-03-28,21:51:39.41,2026-03-28T14:51:39.4100000-07:00,2026-03-28T21:51:39.4100000Z,,v3,643-145631,643-146222,,"Parker, Will",1000474009,Right,POM_COL,90224bc6-4852-470a-abe4-8653aba28850,55.31382,-110.22254,11.26858,5.2452,0.73419,-17.77452,-1.89397,4.58572,4.53738,,,,,,,,,,,,,,,,,,,,,,,,,,,,,,,,,,,,,,,,,,,,,,,,,,,High,High,High,,,,,
78,2026-03-28,14:53:28.65,6,1,"Dennis, Lucas",10274891,Right,POM_COL,"Cardoza, Aidan",1000339820,Right,WHI_COL1,Undefined,2,Top,1,0,0,Fastball,Changeup,BallCalled,Undefined,Undefined,Undefined,0,0,,84.26104,-2.590351,-1.932654,2097.808358,255.631063,2:30,5.31224,1.95074,5.57092,-34.13258,6.07567,18.35836,0.04523,1.67466,76.958,-8.849594,1.349184,0.456383,,,,,,,,,,,,-9.89993,4.26059,-1.79661,50,5.06654,3.36293,-122.12514,-6.70255,-14.82174,25.99978,-25.79526,POM_COL,WHI_COL1,PomonaPitzer,D3,Team,20260328-PomonaPitzer-1,8e412e30-2af0-11f1-bb04-df4732e2f9b7,82.58956,,,7.30304,,,,,,,02db39fb-0347-40de-93c4-abc1fa19139e,2026-03-28,21:53:28.65,2026-03-28T14:53:28.6500000-07:00,2026-03-28T21:53:28.6500000Z,,v3,643-145631,643-146222,,"Parker, Will",1000474009,Right,POM_COL,996fbe6d-de30-4645-b800-e56d77caac18,54.92816,-123.16985,12.99989,5.31504,-5.66605,-12.89763,-1.9437,3.95849,-7.41087,,,,,,,,,,,,,,,,,,,,,,,,,,,,,,,,,,,,,,,,,,,,,,,,,,,High,High,High,,,,,
79,2026-03-28,14:53:59.49,6,2,"Dennis, Lucas",10274891,Right,POM_COL,"Cardoza, Aidan",1000339820,Right,WHI_COL1,Undefined,2,Top,1,1,0,ChangeUp,Changeup,InPlay,Undefined,GroundBall,Out,1,0,,79.73885,0.024991,-3.513883,1435.766879,243.467885,2:00,5.21039,2.0876,6.06215,-34.34608,9.69438,16.41721,2.37139,0.19949,72.50559,-6.392176,-0.562847,0.477636,73.29167,-0.884038,14.542665,2574.420151,,,,34.71189,33.70569,12.70755,0.309264,-9.56662,5.40925,-1.82362,50,5.19397,6.50083,-115.63329,-0.9572,-12.84924,23.17198,-24.90868,POM_COL,WHI_COL1,PomonaPitzer,D3,Team,20260328-PomonaPitzer-1,a0a79190-2af0-11f1-bb04-df4732e2f9b7,78.91451,2.53458,,7.23326,,,,2.66422,2.53458,-0.17858,02db39fb-0347-40de-93c4-abc1fa19139e,2026-03-28,21:53:59.49,2026-03-28T14:53:59.4940000-07:00,2026-03-28T21:53:59.4940000Z,GroundBall,v3,643-145631,643-146222,,"Parker, Will",1000474009,Right,POM_COL,3a40a27e-0393-49b4-9ded-b3fe038a11b4,54.43704,-116.51904,11.58599,5.21237,-0.00506,-12.45434,-2.08151,6.992,-6.42462,27.645913,2.6649,104.00879,-10.14237,,,,,,,2.53744,-1.78099,-20.80019,,,,,,,-0.17764,26.94822,-5.45392,,,,,,,,,,,,,,,,,,,,,,,,,,,,,High,High,High,High,High,,,
80,2026-03-28,14:54:35.73,7,1,"Dennis, Lucas",10274891,Right,POM_COL,"Eastwood Lilles, Parker",10269960,Right,WHI_COL1,Undefined,2,Top,2,0,0,Fastball,Four-Seam,BallCalled,Undefined,Undefined,Undefined,0,0,,85.11335,0.502055,-3.652091,2104.328433,214.844904,1:15,5.40745,1.69049,5.85248,-20.13438,18.92832,12.24001,4.19704,-0.68752,76.90982,-3.33921,-1.463774,0.449834,,,,,,,,,,,,-7.29071,9.87756,-1.4003,50,5.43658,7.35345,-123.26784,0.521,-11.12417,26.41384,-17.10287,POM_COL,WHI_COL1,PomonaPitzer,D3,Team,20260328-PomonaPitzer-1,b63bb540-2af0-11f1-bb04-df4732e2f9b7,83.79181,,,8.20353,,,,,,,02db39fb-0347-40de-93c4-abc1fa19139e,2026-03-28,21:54:35.73,2026-03-28T14:54:35.7390000-07:00,2026-03-28T21:54:35.7390000Z,,v3,643-145631,643-146222,,"Parker, Will",1000474009,Right,POM_COL,81530ce4-a0f5-471e-a362-a600394cd84f,54.64259,-124.25867,13.20692,5.40501,1.16257,-8.55144,-1.68397,7.77074,-5.56209,,,,,,,,,,,,,,,,,,,,,,,,,,,,,,,,,,,,,,,,,,,,,,,,,,,High,High,High,,,,,
81,2026-03-28,14:54:53.14,7,2,"Dennis, Lucas",10274891,Right,POM_COL,"Eastwood Lilles, Parker",10269960,Right,WHI_COL1,Undefined,2,Top,2,1,0,ChangeUp,Changeup,BallCalled,Undefined,Undefined,Undefined,0,0,,79.21236,-0.158891,-5.666411,1445.525464,250.39328,2:15,5.33951,1.80196,6.18498,-37.07841,7.4637,16.75651,2.10221,-2.05095,72.21096,-7.061529,-2.661514,0.480349,,,,,,,,,,,,-10.22335,4.39205,-1.38094,50,5.30904,10.74271,-114.5571,-1.40665,-13.53398,21.91265,-26.35971,POM_COL,WHI_COL1,PomonaPitzer,D3,Team,20260328-PomonaPitzer-1,c0b21550-2af0-11f1-bb04-df4732e2f9b7,78.4689,,,7.00139,,,,,,,02db39fb-0347-40de-93c4-abc1fa19139e,2026-03-28,21:54:53.14,2026-03-28T14:54:53.1470000-07:00,2026-03-28T21:54:53.1470000Z,,v3,643-145631,643-146222,,"Parker, Will",1000474009,Right,POM_COL,dda1b637-761f-4610-8f61-9c38f93e0120,54.3126,-115.37908,10.95633,5.34326,-0.41786,-13.17986,-1.79343,11.25038,-6.76699,,,,,,,,,,,,,,,,,,,,,,,,,,,,,,,,,,,,,,,,,,,,,,,,,,,High,High,High,,,,,
82,2026-03-28,14:55:13.63,7,3,"Dennis, Lucas",10274891,Right,POM_COL,"Eastwood Lilles, Parker",10269960,Right,WHI_COL1,Undefined,2,Top,2,2,0,Fastball,Changeup,InPlay,Undefined,FlyBall,Out,1,0,,85.0256,-0.043005,-3.712866,2127.108188,241.915202,2:00,5.36775,1.80325,6.00727,-27.76553,10.93603,18.09702,3.01403,-0.13334,77.38537,-5.244194,-0.465038,0.44775,83.20185,39.076379,10.648137,,106.67731,73.45875,26.83171,298.26866,294.24431,19.735001,5.045212,-10.3654,6.01363,-1.52109,50,5.3492,7.27795,-123.29371,-0.95481,-15.89206,25.42244,-22.95405,POM_COL,WHI_COL1,PomonaPitzer,D3,Team,20260328-PomonaPitzer-1,ccd90b90-2af0-11f1-bb04-df4732e2f9b7,84.1819,88.43201,,7.64023,,,,0.98971,2.76866,0.15297,02db39fb-0347-40de-93c4-abc1fa19139e,2026-03-28,21:55:13.63,2026-03-28T14:55:13.6330000-07:00,2026-03-28T21:55:13.6330000Z,FlyBall,v3,643-145631,643-146222,,"Parker, Will",1000474009,Right,POM_COL,bad65b4f-9cb0-4627-ba58-aa6fe33885c6,54.49149,-124.21638,12.71122,5.36873,-0.12173,-11.47702,-1.79569,7.85472,-7.94603,214.343567,0.97281,93.51266,-15.5316,6.12897,-3.84539,1.76009,-0.47511,0.06682,-0.00374,2.74829,77.32962,-21.65012,4.38726,-2.49414,0.99282,-0.22409,0.02617,-0.00123,0.14422,17.57474,2.67451,-1.69648,1.45301,-0.88022,0.28898,-0.04652,0.00286,,,,,,,,,,,,,,,,,,,,,,,High,High,High,Medium,Medium,,,
83,2026-03-28,14:57:23.51,1,1,"Simmonds, Troy",1000515077,Right,WHI_COL1,"Parker, Will",1000474009,Left,POM_COL,Undefined,2,Bottom,0,0,0,Slider,Slider,StrikeCalled,Undefined,Undefined,Undefined,0,0,,74.56547,2.004214,0.220885,2573.023743,258.299961,2:30,5.80726,-0.90404,4.82782,-48.70892,3.54173,9.32674,3.64706,0.08238,68.42459,-6.816087,1.862111,0.520256,,,,,,,,,,,,-4.49091,1.73882,0.87384,50,5.96443,-0.79695,-108.11757,2.09447,-5.32758,18.4581,-30.11128,POM_COL,WHI_COL1,PomonaPitzer,D3,Team,20260328-PomonaPitzer-1,1a44afb0-2af1-11f1-bb04-df4732e2f9b7,72.44976,,,6.14089,,,,,,,02db39fb-0347-40de-93c4-abc1fa19139e,2026-03-28,21:57:23.51,2026-03-28T14:57:23.5136000-07:00,2026-03-28T21:57:23.5136000Z,,v3,643-145631,643-146222,,"Brummett, Jackson",10114400,Right,WHI_COL1,3a75ebec-53c6-48b3-a737-b65dbd4394ab,55.66963,-109.0812,9.22905,5.81405,3.66649,-15.05564,0.90819,-0.51882,-2.66379,,,,,,,,,,,,,,,,,,,,,,,,,,,,,,,,,,,,,,,,,,,,,,,,,,,High,High,High,,,,,
84,2026-03-28,14:57:34.68,1,2,"Simmonds, Troy",1000515077,Right,WHI_COL1,"Parker, Will",1000474009,Left,POM_COL,Undefined,2,Bottom,0,0,1,Slider,Curveball,BallCalled,Undefined,Undefined,Undefined,0,0,,69.53272,1.93326,0.582156,2702.04582,302.939689,4:00,5.76938,-0.89366,5.51394,-68.44134,-8.92788,17.00312,1.87446,1.06764,63.41632,-10.537322,3.618901,0.555238,,,,,,,,,,,,-8.34981,-4.46622,0.83138,50,5.89244,-1.62353,-100.8458,1.32949,-8.44526,19.12918,-36.69131,POM_COL,WHI_COL1,PomonaPitzer,D3,Team,20260328-PomonaPitzer-1,20fb2190-2af1-11f1-bb04-df4732e2f9b7,67.88522,,,6.1164,,,,,,,02db39fb-0347-40de-93c4-abc1fa19139e,2026-03-28,21:57:34.68,2026-03-28T14:57:34.6846720-07:00,2026-03-28T21:57:34.6846720Z,,v3,643-145631,643-146222,,"Brummett, Jackson",10114400,Right,WHI_COL1,e8985522-4d31-4509-9662-bc477c066887,54.987,-101.78737,9.56459,5.78256,3.13551,-18.34565,0.90106,-1.20784,-4.22263,,,,,,,,,,,,,,,,,,,,,,,,,,,,,,,,,,,,,,,,,,,,,,,,,,,High,High,High,,,,,
85,2026-03-28,14:57:48.06,1,3,"Simmonds, Troy",1000515077,Right,WHI_COL1,"Parker, Will",1000474009,Left,POM_COL,Undefined,2,Bottom,0,1,1,Fastball,Changeup,StrikeCalled,Undefined,Undefined,Undefined,0,0,,82.20847,-2.071848,2.071161,1980.44111,146.734061,11:00,5.92609,-0.62314,4.95813,-21.63926,21.54544,-13.14772,2.16325,0.23885,74.68532,-6.115517,-0.246971,0.472973,,,,,,,,,,,,7.04807,11.66993,0.43364,50,5.7083,-3.71709,-118.99559,-4.99299,10.04796,24.05495,-15.537,POM_COL,WHI_COL1,PomonaPitzer,D3,Team,20260328-PomonaPitzer-1,28e35cb0-2af1-11f1-bb04-df4732e2f9b7,79.69257,,,7.52316,,,,,,,02db39fb-0347-40de-93c4-abc1fa19139e,2026-03-28,21:57:48.06,2026-03-28T14:57:48.0694784-07:00,2026-03-28T21:57:48.0694784Z,,v3,643-145631,643-146222,,"Brummett, Jackson",10114400,Right,WHI_COL1,bc4dd23c-1c6c-4f11-bb4c-c5b5bbc9dc68,55.53668,-120.10961,12.02747,5.92287,-4.27344,-7.7685,0.61656,-4.18243,5.02398,,,,,,,,,,,,,,,,,,,,,,,,,,,,,,,,,,,,,,,,,,,,,,,,,,,High,High,High,,,,,
86,2026-03-28,14:57:59.70,1,4,"Simmonds, Troy",1000515077,Right,WHI_COL1,"Parker, Will",1000474009,Left,POM_COL,Undefined,2,Bottom,0,1,2,Slider,Curveball,BallCalled,Undefined,Undefined,Undefined,0,0,,70.93158,2.711667,2.931845,2656.168501,290.566662,3:45,5.68617,-0.96272,4.43227,-64.47566,-5.22555,18.97639,2.90534,3.41793,65.04948,-8.796623,6.235481,0.554008,,,,,,,,,,,,-8.29245,-2.73205,0.63203,50,5.91136,-6.01139,-102.58533,2.60348,-8.77585,18.063,-35.06536,POM_COL,WHI_COL1,PomonaPitzer,D3,Team,20260328-PomonaPitzer-1,2fef1a80-2af1-11f1-bb04-df4732e2f9b7,68.03591,,,5.8821,,,,,,,02db39fb-0347-40de-93c4-abc1fa19139e,2026-03-28,21:57:59.70,2026-03-28T14:57:59.7060608-07:00,2026-03-28T21:57:59.7060608Z,,v3,643-145631,643-146222,,"Brummett, Jackson",10114400,Right,WHI_COL1,53cd956a-761b-4ce7-8774-34d025e06340,56.06848,-103.64835,9.0315,5.69742,4.66709,-17.53268,0.97061,-5.49493,-4.38792,,,,,,,,,,,,,,,,,,,,,,,,,,,,,,,,,,,,,,,,,,,,,,,,,,,High,High,High,,,,,
87,2026-03-28,14:58:14.54,1,5,"Simmonds, Troy",1000515077,Right,WHI_COL1,"Parker, Will",1000474009,Left,POM_COL,Undefined,2,Bottom,0,2,2,Fastball,Changeup,BallCalled,Undefined,Undefined,Undefined,0,0,,80.91458,-1.724175,3.63156,1822.498632,131.921095,10:30,5.83985,-0.75983,5.30832,-30.43616,13.63135,-13.48607,1.68133,1.52972,73.67564,-7.342642,1.24147,0.477783,,,,,,,,,,,,7.76603,7.79146,0.43983,50,5.66143,-6.86203,-117.07316,-4.53297,10.71649,23.28739,-21.42245,POM_COL,WHI_COL1,PomonaPitzer,D3,Team,20260328-PomonaPitzer-1,38ab6e80-2af1-11f1-bb04-df4732e2f9b7,78.89028,,,7.23894,,,,,,,02db39fb-0347-40de-93c4-abc1fa19139e,2026-03-28,21:58:14.54,2026-03-28T14:58:14.5437184-07:00,2026-03-28T21:58:14.5437184Z,,v3,643-145631,643-146222,,"Brummett, Jackson",10114400,Right,WHI_COL1,3906f28a-eff3-4261-a847-4d917bcfa90d,55.18734,-118.10048,11.64369,5.84056,-3.58792,-10.71123,0.75298,-7.33479,5.35824,,,,,,,,,,,,,,,,,,,,,,,,,,,,,,,,,,,,,,,,,,,,,,,,,,,High,High,High,,,,,
88,2026-03-28,14:58:29.64,1,6,"Simmonds, Troy",1000515077,Right,WHI_COL1,"Parker, Will",1000474009,Left,POM_COL,Undefined,2,Bottom,0,3,2,Fastball,Changeup,HitByPitch,Undefined,Undefined,Undefined,0,0,,80.67214,-1.242985,0.130418,1822.848725,126.398155,10:15,5.70847,-0.55816,5.18339,-31.63462,12.82824,-15.3256,1.90261,-1.71259,73.42279,-7.067446,-2.586592,0.479921,,,,,,,,,,,,7.59847,7.2391,0.5578,50,5.56953,0.39084,-116.92307,-3.60277,10.4315,23.75396,-22.23591,POM_COL,WHI_COL1,PomonaPitzer,D3,Team,20260328-PomonaPitzer-1,421e1a30-2af1-11f1-bb04-df4732e2f9b7,78.53876,,,7.24935,,,,,,,02db39fb-0347-40de-93c4-abc1fa19139e,2026-03-28,21:58:29.64,2026-03-28T14:58:29.6414208-07:00,2026-03-28T21:58:29.6414208Z,,v3,643-145631,643-146222,,"Brummett, Jackson",10114400,Right,WHI_COL1,ae24d345-2b73-486a-b720-bb5513777d34,55.3116,-117.99724,11.87698,5.70972,-2.59725,-11.11795,0.55079,-0.08088,5.21575,,,,,,,,,,,,,,,,,,,,,,,,,,,,,,,,,,,,,,,,,,,,,,,,,,,High,High,High,,,,,
89,2026-03-28,14:58:58.25,2,1,"Simmonds, Troy",1000515077,Right,WHI_COL1,"Loui, Shawn",1000474008,Right,POM_COL,Undefined,2,Bottom,0,0,0,Fastball,Changeup,StrikeCalled,Undefined,Undefined,Undefined,0,0,,82.81283,-1.375903,1.374581,1937.831218,150.712921,11:00,5.79581,-0.89624,5.05937,-24.77671,17.63001,-9.06,2.43298,-0.35475,75.15232,-5.981658,-0.226725,0.468693,,,,,,,,,,,,4.86359,9.57752,0.7729,50,5.64597,-2.47477,-119.94609,-3.70323,7.03238,24.82304,-18.32565,POM_COL,WHI_COL1,PomonaPitzer,D3,Team,20260328-PomonaPitzer-1,52b9f6c0-2af1-11f1-bb04-df4732e2f9b7,80.42029,,,7.66052,,,,,,,02db39fb-0347-40de-93c4-abc1fa19139e,2026-03-28,21:58:58.25,2026-03-28T14:58:58.2517760-07:00,2026-03-28T21:58:58.2517760Z,,v3,643-145631,643-146222,,"Brummett, Jackson",10114400,Right,WHI_COL1,a1b8bf3d-11f7-480b-bdcc-8083c6200aec,55.43488,-121.06563,12.41152,5.79435,-2.87673,-9.16283,0.89166,-2.79193,3.51619,,,,,,,,,,,,,,,,,,,,,,,,,,,,,,,,,,,,,,,,,,,,,,,,,,,High,High,High,,,,,
90,2026-03-28,14:59:10.32,2,2,"Simmonds, Troy",1000515077,Right,WHI_COL1,"Loui, Shawn",1000474008,Right,POM_COL,Undefined,2,Bottom,0,0,1,Fastball,Changeup,InPlay,Undefined,Popup,Out,1,0,,82.47317,0.002796,2.899369,1834.715926,122.986143,10:00,5.71435,-1.02417,5.23126,-32.10549,10.26083,-13.62977,3.04153,0.56778,75.06838,-5.91044,0.485604,0.46847,56.53752,35.063677,-21.72385,2141.590783,102.3071,39.94385,-40.41316,181.29047,175.65587,-21.136927,3.415469,7.66056,5.53567,0.76768,50,5.69094,-5.476,-119.51022,-1.10448,11.02741,24.03777,-24.20539,POM_COL,WHI_COL1,PomonaPitzer,D3,Team,20260328-PomonaPitzer-1,59ed12b0-2af1-11f1-bb04-df4732e2f9b7,80.45862,40.96296,,7.40479,,,,0.17183,3.0764,-0.62163,02db39fb-0347-40de-93c4-abc1fa19139e,2026-03-28,21:59:10.32,2026-03-28T14:59:10.3224320-07:00,2026-03-28T21:59:10.3224320Z,LineDrive,v3,643-145631,643-146222,,"Brummett, Jackson",10114400,Right,WHI_COL1,5ec5b3a1-4e5b-4a68-89e7-53331da27ae3,55.26671,-120.56489,12.01888,5.7161,-0.04246,-12.1027,1.01855,-5.95983,5.51371,183.201959,0.17225,63.03728,-7.08481,1.33219,-0.00862,-0.13026,0.0501,-0.00803,0.00048,3.07609,47.6471,-15.92074,0.79914,-0.21739,0.0621,-0.00434,-0.00164,0.00025,-0.62182,-25.11502,3.13256,-0.56634,-0.00411,0.06065,-0.02276,0.00359,-0.00021,,,,,,,,,,,,,,,,,,,,,,,High,High,High,High,High,,,
91,2026-03-28,14:59:38.11,3,1,"Simmonds, Troy",1000515077,Right,WHI_COL1,"Quintero, James",10138921,Left,POM_COL,Undefined,2,Bottom,1,0,0,Fastball,Changeup,BallCalled,Undefined,Undefined,Undefined,0,0,,81.50773,0.801997,1.304005,1778.811798,135.363468,10:30,5.70741,-0.97167,5.13699,-32.07305,11.34249,-9.79898,3.79011,-0.56012,74.22617,-5.106911,-0.429911,0.474235,,,,,,,,,,,,5.19674,5.85256,0.85713,50,5.75831,-2.26374,-118.1713,0.54467,7.32917,23.06951,-23.91992,POM_COL,WHI_COL1,PomonaPitzer,D3,Team,20260328-PomonaPitzer-1,6af21150-2af1-11f1-bb04-df4732e2f9b7,79.48046,,,7.28156,,,,,,,02db39fb-0347-40de-93c4-abc1fa19139e,2026-03-28,21:59:38.11,2026-03-28T14:59:38.1118464-07:00,2026-03-28T21:59:38.1118464Z,,v3,643-145631,643-146222,,"Brummett, Jackson",10114400,Right,WHI_COL1,0a1d2982-fd0c-42d6-96d1-1f9ec006d87d,55.35829,-119.21276,11.53476,5.70935,1.62452,-11.95996,0.9668,-2.59461,3.66458,,,,,,,,,,,,,,,,,,,,,,,,,,,,,,,,,,,,,,,,,,,,,,,,,,,High,High,High,,,,,
92,2026-03-28,14:59:53.14,3,2,"Simmonds, Troy",1000515077,Right,WHI_COL1,"Quintero, James",10138921,Left,POM_COL,Undefined,2,Bottom,1,1,0,Fastball,Changeup,BallCalled,Undefined,Undefined,Undefined,0,0,,82.69261,-1.013569,0.901657,1963.651922,133.298508,10:30,5.66458,-0.95016,5.16378,-28.05588,14.15123,-13.5152,2.37241,-1.22773,75.336,-6.197144,-1.492776,0.467589,,,,,,,,,,,,6.92504,7.76827,0.87654,50,5.5491,-1.2924,-119.88433,-3.07627,10.03159,24.17888,-20.92094,POM_COL,WHI_COL1,PomonaPitzer,D3,Team,20260328-PomonaPitzer-1,736faea0-2af1-11f1-bb04-df4732e2f9b7,80.61021,,,7.35661,,,,,,,02db39fb-0347-40de-93c4-abc1fa19139e,2026-03-28,21:59:53.14,2026-03-28T14:59:53.1411968-07:00,2026-03-28T21:59:53.1411968Z,,v3,643-145631,643-146222,,"Brummett, Jackson",10114400,Right,WHI_COL1,8f81b00c-eda6-41cb-b731-fc990e79d40f,55.33147,-120.95483,12.08944,5.6648,-2.15001,-10.46047,0.94359,-1.73654,5.0158,,,,,,,,,,,,,,,,,,,,,,,,,,,,,,,,,,,,,,,,,,,,,,,,,,,High,High,High,,,,,
93,2026-03-28,15:00:10.99,3,3,"Simmonds, Troy",1000515077,Right,WHI_COL1,"Quintero, James",10138921,Left,POM_COL,Undefined,2,Bottom,1,2,0,Fastball,Changeup,BallCalled,Undefined,Undefined,Undefined,0,0,,83.46648,0.521201,2.88989,1933.484616,123.970954,10:15,5.71199,-1.11075,5.23038,-30.32458,11.00934,-14.31182,3.67553,0.41547,75.92459,-5.0765,0.356294,0.462727,,,,,,,,,,,,7.90355,5.76347,0.85526,50,5.73782,-5.4744,-120.93046,0.04414,11.66827,24.25464,-23.66525,POM_COL,WHI_COL1,PomonaPitzer,D3,Team,20260328-PomonaPitzer-1,7e7185d0-2af1-11f1-bb04-df4732e2f9b7,81.45719,,,7.54189,,,,,,,02db39fb-0347-40de-93c4-abc1fa19139e,2026-03-28,22:00:10.99,2026-03-28T15:00:10.9918208-07:00,2026-03-28T22:00:10.9918208Z,,v3,643-145631,643-146222,,"Brummett, Jackson",10114400,Right,WHI_COL1,7fc33d49-23c9-4529-ad9f-181de5033842,55.2658,-121.98203,12.12732,5.71367,1.07016,-11.83262,1.10357,-5.98028,5.83414,,,,,,,,,,,,,,,,,,,,,,,,,,,,,,,,,,,,,,,,,,,,,,,,,,,High,High,High,,,,,
94,2026-03-28,15:00:25.83,3,4,"Simmonds, Troy",1000515077,Right,WHI_COL1,"Quintero, James",10138921,Left,POM_COL,Undefined,2,Bottom,1,3,0,Fastball,Changeup,StrikeCalled,Undefined,Undefined,Undefined,0,0,,82.08042,0.150006,2.775878,2078.019471,116.752426,10:00,5.68198,-0.98228,5.23966,-32.94966,9.81508,-16.62989,3.07733,0.24288,74.68115,-5.918122,-0.170344,0.470668,,,,,,,,,,,,9.03662,5.30126,0.73949,50,5.67168,-5.04806,-118.936,-0.83049,12.88569,23.77281,-24.61474,POM_COL,WHI_COL1,PomonaPitzer,D3,Team,20260328-PomonaPitzer-1,86ed0040-2af1-11f1-bb04-df4732e2f9b7,80.08293,,,7.39928,,,,,,,02db39fb-0347-40de-93c4-abc1fa19139e,2026-03-28,22:00:25.83,2026-03-28T15:00:25.8376192-07:00,2026-03-28T22:00:25.8376192Z,,v3,643-145631,643-146222,,"Brummett, Jackson",10114400,Right,WHI_COL1,3dbcea8e-f0e6-466c-bd1f-277d1d654104,55.25693,-119.98215,11.88641,5.68439,0.25271,-12.30737,0.97411,-5.61511,6.44284,,,,,,,,,,,,,,,,,,,,,,,,,,,,,,,,,,,,,,,,,,,,,,,,,,,High,High,High,,,,,
95,2026-03-28,15:00:40.14,3,5,"Simmonds, Troy",1000515077,Right,WHI_COL1,"Quintero, James",10138921,Left,POM_COL,Undefined,2,Bottom,1,3,1,Fastball,Changeup,BallCalled,Walk,Undefined,Undefined,0,0,,82.73652,0.705525,1.760486,1931.782638,110.790506,9:45,5.69702,-0.91659,5.18652,-35.34966,6.66229,-13.97536,3.41532,-0.42444,75.49897,-5.77326,-0.715662,0.466507,,,,,,,,,,,,7.41052,3.55705,0.76389,50,5.73608,-3.0789,-119.99082,0.20729,10.78424,23.6142,-26.9976,POM_COL,WHI_COL1,PomonaPitzer,D3,Team,20260328-PomonaPitzer-1,8f897030-2af1-11f1-bb04-df4732e2f9b7,80.79722,,,7.23756,,,,,,,02db39fb-0347-40de-93c4-abc1fa19139e,2026-03-28,22:00:40.14,2026-03-28T15:00:40.1473536-07:00,2026-03-28T22:00:40.1473536Z,,v3,643-145631,643-146222,,"Brummett, Jackson",10114400,Right,WHI_COL1,7b0ae645-378f-4751-a43b-50742af4d605,55.31059,-121.03143,11.8071,5.70073,1.397,-13.4988,0.91004,-3.55413,5.39212,,,,,,,,,,,,,,,,,,,,,,,,,,,,,,,,,,,,,,,,,,,,,,,,,,,High,High,High,,,,,
96,2026-03-28,15:01:11.57,4,1,"Simmonds, Troy",1000515077,Right,WHI_COL1,"Savas, Peter",1000276389,Right,POM_COL,Undefined,2,Bottom,1,0,0,Fastball,Changeup,BallCalled,Undefined,Undefined,Undefined,0,0,,83.83239,-2.137165,3.762163,1931.593752,143.004289,10:45,5.63667,-1.10698,5.21064,-26.45757,15.09044,-10.21504,1.41687,1.58468,75.72267,-7.047229,1.956229,0.463924,,,,,,,,,,,,6.24276,8.64378,0.76659,50,5.41935,-7.51126,-121.11498,-5.41692,9.14991,26.58047,-19.50496,POM_COL,WHI_COL1,PomonaPitzer,D3,Team,20260328-PomonaPitzer-1,a237d910-2af1-11f1-bb04-df4732e2f9b7,81.24707,,,8.10972,,,,,,,02db39fb-0347-40de-93c4-abc1fa19139e,2026-03-28,22:01:11.57,2026-03-28T15:01:11.5739136-07:00,2026-03-28T22:01:11.5739136Z,,v3,643-145631,643-146222,,"Brummett, Jackson",10114400,Right,WHI_COL1,388d5b7b-93ee-4eed-b632-05eb56490551,55.28353,-122.26903,13.29024,5.63616,-4.57007,-9.75248,1.10134,-7.90853,4.57496,,,,,,,,,,,,,,,,,,,,,,,,,,,,,,,,,,,,,,,,,,,,,,,,,,,High,High,High,,,,,
97,2026-03-28,15:01:29.05,4,2,"Simmonds, Troy",1000515077,Right,WHI_COL1,"Savas, Peter",1000276389,Right,POM_COL,Undefined,2,Bottom,1,1,0,Fastball,Changeup,StrikeCalled,Undefined,Undefined,Undefined,0,0,,83.46061,0.390812,1.357256,1910.802462,102.179691,9:30,5.68968,-1.0655,5.10827,-36.44167,5.23327,-17.62032,3.02119,-1.25487,75.73717,-6.281093,-1.761282,0.464632,,,,,,,,,,,,9.10347,2.93362,0.95174,50,5.6985,-2.08218,-120.97652,-0.5167,13.36578,25.64791,-27.86687,POM_COL,WHI_COL1,PomonaPitzer,D3,Team,20260328-PomonaPitzer-1,aca3d8e0-2af1-11f1-bb04-df4732e2f9b7,81.12325,,,7.72344,,,,,,,02db39fb-0347-40de-93c4-abc1fa19139e,2026-03-28,22:01:29.05,2026-03-28T15:01:29.0575872-07:00,2026-03-28T22:01:29.0575872Z,,v3,643-145631,643-146222,,"Brummett, Jackson",10114400,Right,WHI_COL1,c483c6e0-114e-4601-b3fd-312b09a5c9ee,55.38868,-122.11361,12.82395,5.69402,0.71878,-13.93344,1.05719,-2.67474,6.68289,,,,,,,,,,,,,,,,,,,,,,,,,,,,,,,,,,,,,,,,,,,,,,,,,,,High,High,High,,,,,
98,2026-03-28,15:01:44.69,4,3,"Simmonds, Troy",1000515077,Right,WHI_COL1,"Savas, Peter",1000276389,Right,POM_COL,Undefined,2,Bottom,1,1,1,Fastball,Changeup,FoulBallNotFieldable,Undefined,Undefined,Undefined,0,0,,84.13131,-1.115059,1.541898,1905.386816,129.355845,10:15,5.65397,-1.10074,5.21432,-27.37108,13.60639,-14.81068,2.32404,-0.88476,76.13505,-6.191982,-1.083993,0.460727,,,,,,,,,,,,7.88508,7.56142,0.96997,50,5.53092,-2.63802,-121.89615,-3.30843,11.71838,26.70376,-20.93668,POM_COL,WHI_COL1,PomonaPitzer,D3,Team,20260328-PomonaPitzer-1,b5ee8a30-2af1-11f1-bb04-df4732e2f9b7,81.81074,,,7.99626,,,,,,,02db39fb-0347-40de-93c4-abc1fa19139e,2026-03-28,22:01:44.69,2026-03-28T15:01:44.6989824-07:00,2026-03-28T22:01:44.6989824Z,,v3,643-145631,643-146222,,"Brummett, Jackson",10114400,Right,WHI_COL1,662cb4a0-7672-461e-93f6-fb424f9e29d7,55.28262,-123.04797,13.35188,5.65415,-2.40536,-10.46834,1.09466,-3.14347,5.85919,,,,,,,,,,,,,,,,,,,,,,,,,,,,,,,,,,,,,,,,,,,,,,,,,,,High,High,High,,,,,
99,2026-03-28,15:02:05.46,4,4,"Simmonds, Troy",1000515077,Right,WHI_COL1,"Savas, Peter",1000276389,Right,POM_COL,Undefined,2,Bottom,1,1,2,Slider,Curveball,BallCalled,Undefined,Undefined,Undefined,0,0,,70.38883,4.13144,-0.618476,2733.906016,294.238175,3:45,5.56429,-1.25859,5.64543,-64.68897,-6.80201,19.61174,4.03419,-0.2012,63.69102,-7.744631,2.882881,0.547598,,,,,,,,,,,,-9.99402,-4.01583,1.2989,50,5.87522,0.39089,-101.90486,5.40126,-10.35164,19.08885,-36.33358,POM_COL,WHI_COL1,PomonaPitzer,D3,Team,20260328-PomonaPitzer-1,c25dfb20-2af1-11f1-bb04-df4732e2f9b7,68.83231,,,6.6978,,,,,,,02db39fb-0347-40de-93c4-abc1fa19139e,2026-03-28,22:02:05.46,2026-03-28T15:02:05.4652416-07:00,2026-03-28T22:02:05.4652416Z,,v3,643-145631,643-146222,,"Brummett, Jackson",10114400,Right,WHI_COL1,47fb5095-e089-4f4d-9e9d-5b684107efbf,54.85438,-102.81016,9.54442,5.5782,7.12441,-18.16679,1.26872,0.88182,-5.17582,,,,,,,,,,,,,,,,,,,,,,,,,,,,,,,,,,,,,,,,,,,,,,,,,,,High,High,High,,,,,
100,2026-03-28,15:02:20.66,4,5,"Simmonds, Troy",1000515077,Right,WHI_COL1,"Savas, Peter",1000276389,Right,POM_COL,Undefined,2,Bottom,1,2,2,Fastball,Changeup,InPlay,Undefined,LineDrive,Single,0,0,,83.13595,-1.140501,1.537516,2051.983573,129.114165,10:15,5.67894,-1.13416,5.04292,-29.86053,11.55371,-12.70855,2.11421,-0.74252,76.7531,-6.592031,-0.708976,0.463176,88.6269,14.798352,2.429878,1748.902055,109.61014,22.95316,9.24734,264.89759,264.89759,7.27582,2.810932,6.75181,6.3915,0.99832,50,5.54644,-2.70081,-120.70447,-3.47156,10.04302,21.68543,-22.66702,POM_COL,WHI_COL1,PomonaPitzer,D3,Team,20260328-PomonaPitzer-1,cb6058d0-2af1-11f1-bb04-df4732e2f9b7,81.37818,24.65941,,6.38285,,,,1.83711,2.20049,0.73861,02db39fb-0347-40de-93c4-abc1fa19139e,2026-03-28,22:02:20.66,2026-03-28T15:02:20.6638592-07:00,2026-03-28T22:02:20.6638592Z,LineDrive,v3,643-145631,643-146222,,"Brummett, Jackson",10114400,Right,WHI_COL1,f43da944-9b5e-4a57-83b2-59eafe42c572,55.4573,-121.68096,10.84272,5.67979,-2.45086,-11.33351,1.13012,-3.15305,5.02151,210.784158,1.8371,125.56254,-19.07216,4.11939,-0.78098,0.1294,-0.01899,0.00227,-0.00014,2.20052,33.19776,-11.97969,-0.49399,0.28861,-0.07514,0.01429,-0.0014,4E-05,0.73862,5.32654,4.6385,-1.54038,0.40864,-0.08847,0.01522,-0.00179,0.0001,,,,,,,,,,,,,,,,,,,,,,,High,High,High,High,High,,,
101,2026-03-28,15:03:04.90,5,1,"Simmonds, Troy",1000515077,Right,WHI_COL1,"Gonzaga, Kai",10138924,Left,POM_COL,Undefined,2,Bottom,1,0,0,Fastball,Changeup,StrikeCalled,Undefined,Undefined,Undefined,0,0,,82.88032,-0.011248,1.988235,1878.447523,133.177662,10:30,5.66979,-0.75765,5.28659,-28.46462,13.22245,-12.65564,3.28717,0.05551,75.63287,-5.279391,-0.256823,0.464699,,,,,,,,,,,,6.81886,7.02804,0.58572,50,5.64832,-3.62162,-120.19204,-0.98533,9.96799,23.44288,-21.90028,POM_COL,WHI_COL1,PomonaPitzer,D3,Team,20260328-PomonaPitzer-1,e64f07e0-2af1-11f1-bb04-df4732e2f9b7,81.11144,,,7.24745,,,,,,,02db39fb-0347-40de-93c4-abc1fa19139e,2026-03-28,22:03:04.90,2026-03-28T15:03:04.9003008-07:00,2026-03-28T22:03:04.9003008Z,,v3,643-145631,643-146222,,"Brummett, Jackson",10114400,Right,WHI_COL1,8e57cdec-9178-43d1-8d51-ccfe79a1b4d6,55.20914,-121.2038,11.72144,5.67045,-0.04015,-10.95014,0.7513,-4.05182,4.984,,,,,,,,,,,,,,,,,,,,,,,,,,,,,,,,,,,,,,,,,,,,,,,,,,,High,High,High,,,,,
102,2026-03-28,15:03:23.26,5,2,"Simmonds, Troy",1000515077,Right,WHI_COL1,"Gonzaga, Kai",10138924,Left,POM_COL,Undefined,2,Bottom,1,0,1,Slider,Curveball,BallCalled,Undefined,Undefined,Undefined,0,0,,69.9812,4.094277,0.580457,2740.100928,304.189239,4:15,5.63965,-1.02249,5.47358,-68.35082,-9.64146,17.08954,3.78182,0.94484,63.69422,-8.37426,3.621351,0.551474,,,,,,,,,,,,-8.30087,-5.34681,0.96003,50,5.95426,-1.65147,-101.34873,5.12914,-8.53843,18.27082,-37.6739,POM_COL,WHI_COL1,PomonaPitzer,D3,Team,20260328-PomonaPitzer-1,f0bb55d0-2af1-11f1-bb04-df4732e2f9b7,68.34854,,,6.28698,,,,,,,02db39fb-0347-40de-93c4-abc1fa19139e,2026-03-28,22:03:23.26,2026-03-28T15:03:23.2696832-07:00,2026-03-28T22:03:23.2696832Z,,v3,643-145631,643-146222,,"Brummett, Jackson",10114400,Right,WHI_COL1,b6a2a036-4915-47f3-8595-c00ed0568698,55.02752,-102.25106,9.13541,5.655,6.98972,-18.83695,1.03118,-1.22979,-4.26921,,,,,,,,,,,,,,,,,,,,,,,,,,,,,,,,,,,,,,,,,,,,,,,,,,,High,High,High,,,,,
103,2026-03-28,15:03:40.72,5,3,"Simmonds, Troy",1000515077,Right,WHI_COL1,"Gonzaga, Kai",10138924,Left,POM_COL,Undefined,2,Bottom,1,1,1,Fastball,Four-Seam,BallCalled,Undefined,Undefined,Undefined,0,0,,84.50415,-2.088798,3.2558,2073.231977,159.201208,11:15,5.65121,-0.95779,5.16906,-20.59123,19.76651,-7.00717,1.96547,1.5256,77.23792,-5.930982,2.017873,0.45723,,,,,,,,,,,,4.36008,10.79788,0.65963,50,5.44099,-6.64732,-122.33062,-5.12811,6.61367,23.90394,-15.79513,POM_COL,WHI_COL1,PomonaPitzer,D3,Team,20260328-PomonaPitzer-1,fb229ab0-2af1-11f1-bb04-df4732e2f9b7,82.43646,,,7.26623,,,,,,,02db39fb-0347-40de-93c4-abc1fa19139e,2026-03-28,22:03:40.72,2026-03-28T15:03:40.7213568-07:00,2026-03-28T22:03:40.7213568Z,,v3,643-145631,643-146222,,"Brummett, Jackson",10114400,Right,WHI_COL1,30ce1584-dc82-4d93-ba93-81937f61102d,55.32666,-123.36708,11.95197,5.6485,-4.44324,-7.89757,0.95406,-6.93408,3.30684,,,,,,,,,,,,,,,,,,,,,,,,,,,,,,,,,,,,,,,,,,,,,,,,,,,High,High,High,,,,,
104,2026-03-28,15:04:00.73,5,4,"Simmonds, Troy",1000515077,Right,WHI_COL1,"Gonzaga, Kai",10138924,Left,POM_COL,Undefined,2,Bottom,1,2,1,Fastball,Changeup,FoulBallNotFieldable,Undefined,Undefined,Undefined,0,0,,84.1434,-0.79988,3.044809,1895.332669,128.871703,10:15,5.71526,-0.93033,5.12066,-27.89659,12.74162,-14.20796,2.63599,0.75641,77.03934,-5.931846,0.534127,0.458816,,,,,,,,,,,,7.91229,6.94174,0.65547,50,5.61861,-5.87059,-121.96711,-2.6884,11.94168,23.55447,-21.69719,POM_COL,WHI_COL1,PomonaPitzer,D3,Team,20260328-PomonaPitzer-1,07013d50-2af2-11f1-bb04-df4732e2f9b7,82.15151,,,7.10407,,,,,,,02db39fb-0347-40de-93c4-abc1fa19139e,2026-03-28,22:04:00.73,2026-03-28T15:04:00.7327232-07:00,2026-03-28T22:04:00.7327232Z,,v3,643-145631,643-146222,,"Brummett, Jackson",10114400,Right,WHI_COL1,e7fc38c3-d0c1-42e7-8388-8a85ad896ad2,55.37806,-123.00135,11.77723,5.71574,-1.73572,-10.84859,0.92475,-6.39492,5.97084,,,,,,,,,,,,,,,,,,,,,,,,,,,,,,,,,,,,,,,,,,,,,,,,,,,High,High,High,,,,,
105,2026-03-28,15:04:25.89,5,5,"Simmonds, Troy",1000515077,Right,WHI_COL1,"Gonzaga, Kai",10138924,Left,POM_COL,Undefined,2,Bottom,1,2,2,Slider,Curveball,BallCalled,Undefined,Undefined,Undefined,0,0,,70.0859,4.541842,-0.224425,2590.777418,309.944656,4:15,5.5057,-1.20037,5.38169,-68.89311,-10.45776,14.71784,4.03104,-0.18426,64.01651,-7.989129,2.389847,0.550186,,,,,,,,,,,,-7.33937,-5.80512,1.21014,50,5.86488,-0.14633,-101.50009,5.88228,-7.62267,17.29948,-38.20323,POM_COL,WHI_COL1,PomonaPitzer,D3,Team,20260328-PomonaPitzer-1,160a44e0-2af2-11f1-bb04-df4732e2f9b7,68.50858,,,6.06939,,,,,,,02db39fb-0347-40de-93c4-abc1fa19139e,2026-03-28,22:04:25.89,2026-03-28T15:04:25.8934784-07:00,2026-03-28T22:04:25.8934784Z,,v3,643-145631,643-146222,,"Brummett, Jackson",10114400,Right,WHI_COL1,d96c1358-2ad0-4fb0-aba3-e0453a238642,55.12033,-102.36906,8.64974,5.52121,7.80128,-19.10161,1.20787,0.23656,-3.81134,,,,,,,,,,,,,,,,,,,,,,,,,,,,,,,,,,,,,,,,,,,,,,,,,,,High,High,High,,,,,
106,2026-03-28,15:04:43.70,5,6,"Simmonds, Troy",1000515077,Right,WHI_COL1,"Gonzaga, Kai",10138924,Left,POM_COL,Undefined,2,Bottom,1,3,2,Fastball,Changeup,InPlay,Undefined,GroundBall,FieldersChoice,1,1,,82.34827,-0.681439,3.428461,1899.714617,128.035401,10:15,5.71951,-0.79997,5.206,-29.72931,12.21032,-14.05776,2.60003,1.2567,76.08785,-6.128057,0.941891,0.466105,90.58499,-5.616499,-38.629951,,,,,23.88265,19.96697,-42.028892,0.178619,7.86693,6.63886,0.49349,50,5.63406,-6.56763,-119.45805,-2.45075,11.49943,20.5161,-22.46977,POM_COL,WHI_COL1,PomonaPitzer,D3,Team,20260328-PomonaPitzer-1,209da2d0-2af2-11f1-bb04-df4732e2f9b7,80.86687,2.32596,,6.26042,,,,-0.73646,2.32596,-1.22401,02db39fb-0347-40de-93c4-abc1fa19139e,2026-03-28,22:04:43.70,2026-03-28T15:04:43.7070336-07:00,2026-03-28T22:04:43.7070336Z,GroundBall,v3,643-145631,643-146222,,"Brummett, Jackson",10114400,Right,WHI_COL1,c8155a9c-6fb6-4c77-8016-12271c14127a,55.29364,-120.36376,10.25805,5.72035,-1.45879,-11.23489,0.79463,-7.07529,5.74971,180,-0.74083,103.44165,,,,,,,,2.32651,-13.02188,,,,,,,,-1.22052,-82.66496,,,,,,,,,,,,,,,,,,,,,,,,,,,,,,High,High,High,High,Low,,,
107,2026-03-28,15:05:26.26,6,1,"Simmonds, Troy",1000515077,Right,WHI_COL1,"Pierantoni, Greg",1000091552,Right,POM_COL,Undefined,2,Bottom,2,0,0,Fastball,Changeup,InPlay,Undefined,GroundBall,FieldersChoice,1,0,,84.27846,-1.429707,1.135891,1820.148896,131.526737,10:30,5.73268,-0.99846,5.07904,-28.50935,12.63481,-12.57757,2.00862,-0.97568,76.15459,-6.695048,-1.089427,0.461663,88.23558,0.475573,8.055317,1347.141525,,,,39.74292,37.91836,10.068065,0.316621,6.63193,7.16059,0.90136,50,5.57533,-1.86674,-122.05145,-4.04982,9.85573,27.3399,-21.53269,POM_COL,WHI_COL1,PomonaPitzer,D3,Team,20260328-PomonaPitzer-1,3a6d9b70-2af2-11f1-bb04-df4732e2f9b7,81.64486,1.81586,,8.12387,,,,0.31824,1.80302,1.0905,02db39fb-0347-40de-93c4-abc1fa19139e,2026-03-28,22:05:26.26,2026-03-28T15:05:26.2643200-07:00,2026-03-28T22:05:26.2643200Z,GroundBall,v3,643-145631,643-146222,,"Brummett, Jackson",10114400,Right,WHI_COL1,1c4bd9d2-8443-4000-8ebf-e5f0962af7a9,55.41768,-123.25905,13.66995,5.73321,-3.09872,-10.76635,0.99342,-2.30206,4.92786,,0.32164,127.98805,-17.13469,,,,,,,1.80705,0.90437,-20.92114,,,,,,,1.08962,18.17109,1.05386,,,,,,,,,,,,,,,,,,,,,,,,,,,,,High,High,High,High,High,,,
108,2026-03-28,15:07:33.61,1,1,"Dennis, Lucas",10274891,Right,POM_COL,"O'Driscoll, Collin",1000259196,Right,WHI_COL1,Undefined,3,Top,0,0,0,Fastball,Changeup,InPlay,Undefined,FlyBall,Out,1,0,,83.75541,-1.529696,-3.214491,2022.984752,224.223317,1:30,5.38866,1.72384,5.74199,-25.12883,15.09379,13.40379,1.86771,-0.15532,76.49399,-6.227021,-0.819035,0.456464,86.18204,22.33383,28.303571,2333.311803,94.48799,35.86419,56.32034,289.11099,279.59587,34.587853,3.507606,-7.75973,8.51638,-1.4647,50,5.24596,6.28225,-121.42632,-4.02467,-11.56081,24.24797,-19.48594,POM_COL,WHI_COL1,PomonaPitzer,D3,Team,20260328-PomonaPitzer-1,85eab600-2af2-11f1-bb04-df4732e2f9b7,82.57484,40.33898,,7.26142,,,,1.39572,2.01204,0.14171,02db39fb-0347-40de-93c4-abc1fa19139e,2026-03-28,22:07:33.61,2026-03-28T15:07:33.6149504-07:00,2026-03-28T22:07:33.6149504Z,LineDrive,v3,643-145631,643-146222,,"Parker, Will",1000474009,Right,POM_COL,24da57dc-3cd9-49e0-86c6-519f7752c0b9,54.7566,-122.37249,12.12398,5.38818,-3.26431,-9.74297,-1.71864,6.73336,-5.7804,,1.39544,102.95013,-19.1643,4.79556,-1.21139,0.33213,-0.08668,0.01499,-0.0011,2.01249,48.01719,-15.82457,0.20728,0.39348,-0.23212,0.07747,-0.01285,0.00081,0.14162,55.43924,-2.84172,-0.16543,0.14888,-0.02413,-0.00234,0.00154,-0.00017,,,,,,,,,,,,,,,,,,,,,,,High,High,High,High,Medium,,,
109,2026-03-28,15:08:04.25,2,1,"Dennis, Lucas",10274891,Right,POM_COL,"Brummett, Jackson",10114400,Right,WHI_COL1,Undefined,3,Top,1,0,0,Fastball,Changeup,InPlay,Undefined,GroundBall,Single,0,0,,84.03967,-0.901029,-3.25037,1901.632109,232.938299,1:45,5.44633,1.77507,5.86698,-29.69671,10.46481,11.95544,2.13321,-0.2512,76.02418,-6.449758,-1.108582,0.456117,86.43989,-23.984431,-31.217466,,,,,7.47539,7.30516,-18.274788,0.043035,-7.19764,6.03945,-1.51881,50,5.3561,6.4438,-121.77091,-2.85243,-10.6588,26.97762,-23.23036,POM_COL,WHI_COL1,PomonaPitzer,D3,Team,20260328-PomonaPitzer-1,9822b660-2af2-11f1-bb04-df4732e2f9b7,82.63764,2.22232,,8.01549,,,,2.82655,2.22232,0.24479,02db39fb-0347-40de-93c4-abc1fa19139e,2026-03-28,22:08:04.25,2026-03-28T15:08:04.2565120-07:00,2026-03-28T22:08:04.2565120Z,GroundBall,v3,643-145631,643-146222,,"Parker, Will",1000474009,Right,POM_COL,155d6a53-7242-4a73-b534-7183da81d973,54.63133,-122.79266,13.48881,5.44748,-1.9726,-11.61518,-1.77051,6.84749,-5.3294,180,2.82513,99.26454,,,,,,,,2.22305,-51.6403,,,,,,,,0.24565,-60.15811,,,,,,,,,,,,,,,,,,,,,,,,,,,,,,High,High,High,High,High,,,
110,2026-03-28,15:08:47.28,3,1,"Dennis, Lucas",10274891,Right,POM_COL,"Nakasone, Coehn",1000306287,Right,WHI_COL1,Undefined,3,Top,1,0,0,Fastball,Changeup,InPlay,Undefined,GroundBall,FieldersChoice,1,0,,83.87083,-0.862245,-3.485604,1971.390405,204.027435,12:45,5.3835,2.03602,5.8921,-23.96812,16.51887,6.69374,2.58404,-0.64646,75.44592,-5.405012,-2.287548,0.457962,66.93748,-1.133898,20.519492,849.883768,,,,38.07819,35.02667,19.869232,0.379928,-4.58047,9.16894,-1.75885,50,5.30041,7.12687,-121.40971,-2.52666,-6.71586,27.69388,-18.7306,POM_COL,WHI_COL1,PomonaPitzer,D3,Team,20260328-PomonaPitzer-1,b1ced350-2af2-11f1-bb04-df4732e2f9b7,82.30476,2.74857,,8.42491,,,,1.93815,2.74857,0.56748,02db39fb-0347-40de-93c4-abc1fa19139e,2026-03-28,22:08:47.28,2026-03-28T15:08:47.2878592-07:00,2026-03-28T22:08:47.2878592Z,GroundBall,v3,643-145631,643-146222,,"Parker, Will",1000474009,Right,POM_COL,bc453206-0062-418b-b2b3-09ea7e5606f1,54.60378,-122.45534,13.84694,5.38246,-1.81946,-9.3653,-2.03272,7.38044,-3.35793,127.906789,1.94033,91.85143,-7.12163,,,,,,,2.75008,-1.99528,-13.8127,,,,,,,0.56914,34.3476,-4.70099,,,,,,,,,,,,,,,,,,,,,,,,,,,,,High,High,High,High,High,,,
111,2026-03-28,15:09:25.73,4,1,"Dennis, Lucas",10274891,Right,POM_COL,"Schulze, Jay",10114357,Right,WHI_COL1,Undefined,3,Top,2,0,0,Slider,Curveball,BallCalled,Undefined,Undefined,Undefined,0,0,,74.18936,0.351925,-3.749248,2339.80587,45.434011,7:30,5.0789,2.112,5.40934,-60.91562,-7.4576,-9.7119,0.33303,-2.21503,66.79617,-10.724744,-5.474022,0.526233,,,,,,,,,,,,3.47075,-3.2724,-1.77099,50,5.06821,7.39235,-107.19857,-1.31882,3.90625,24.19024,-35.85706,POM_COL,WHI_COL1,PomonaPitzer,D3,Team,20260328-PomonaPitzer-1,c8c5e260-2af2-11f1-bb04-df4732e2f9b7,71.62692,,,7.39319,,,,,,,02db39fb-0347-40de-93c4-abc1fa19139e,2026-03-28,22:09:25.73,2026-03-28T15:09:25.7336832-07:00,2026-03-28T22:09:25.7336832Z,,v3,643-145631,643-146222,,"Parker, Will",1000474009,Right,POM_COL,5c4d88e3-5a33-4358-88bc-4be6fc3fe6ce,55.08795,-108.34062,12.09512,5.09051,0.37404,-17.92853,-2.11564,7.20793,1.95312,,,,,,,,,,,,,,,,,,,,,,,,,,,,,,,,,,,,,,,,,,,,,,,,,,,High,High,High,,,,,
112,2026-03-28,15:09:45.34,4,2,"Dennis, Lucas",10274891,Right,POM_COL,"Schulze, Jay",10114357,Right,WHI_COL1,Undefined,3,Top,2,1,0,Fastball,Changeup,BallCalled,Undefined,Undefined,Undefined,0,0,,83.93659,-1.952066,-3.542425,1993.393665,235.746069,1:45,5.2894,1.70417,5.82079,-29.6282,10.7939,13.6967,1.00133,-0.45211,75.9754,-7.473403,-1.090566,0.457595,,,,,,,,,,,,-8.09335,6.56284,-1.42217,50,5.11209,6.96183,-121.48561,-5.08974,-11.93027,26.83033,-22.49986,POM_COL,WHI_COL1,PomonaPitzer,D3,Team,20260328-PomonaPitzer-1,d46f6b40-2af2-11f1-bb04-df4732e2f9b7,82.37079,,,7.9612,,,,,,,02db39fb-0347-40de-93c4-abc1fa19139e,2026-03-28,22:09:45.34,2026-03-28T15:09:45.3450752-07:00,2026-03-28T22:09:45.3450752Z,,v3,643-145631,643-146222,,"Parker, Will",1000474009,Right,POM_COL,705af77b-80bd-49ec-b1ce-6a0558d8ea8e,54.67565,-122.51389,13.41516,5.29063,-4.22743,-11.24993,-1.69775,7.41906,-5.96513,,,,,,,,,,,,,,,,,,,,,,,,,,,,,,,,,,,,,,,,,,,,,,,,,,,High,High,High,,,,,
113,2026-03-28,15:10:18.09,4,3,"Dennis, Lucas",10274891,Right,POM_COL,"Schulze, Jay",10114357,Right,WHI_COL1,Undefined,3,Top,2,2,0,Fastball,Changeup,FoulBallNotFieldable,Undefined,Undefined,Undefined,0,0,,82.96087,-0.789527,-3.527658,1911.280651,236.241859,1:45,5.27459,1.67487,5.57942,-30.30128,10.94816,14.36497,2.01068,-0.42681,75.78574,-6.39894,-0.968902,0.462254,,,,,,,,,,,,-8.32201,6.15429,-1.38099,50,5.18683,6.83634,-120.25429,-2.65318,-12.1599,23.7898,-23.18158,POM_COL,WHI_COL1,PomonaPitzer,D3,Team,20260328-PomonaPitzer-1,e7eb5d50-2af2-11f1-bb04-df4732e2f9b7,81.5406,,,7.17514,,,,,,,02db39fb-0347-40de-93c4-abc1fa19139e,2026-03-28,22:10:18.09,2026-03-28T15:10:18.0905472-07:00,2026-03-28T22:10:18.0905472Z,,v3,643-145631,643-146222,,"Parker, Will",1000474009,Right,POM_COL,9c562553-da17-4a77-af66-03b91bbe0b94,54.92,-121.2237,11.8949,5.2757,-1.70855,-11.59079,-1.66967,7.33184,-6.07995,,,,,,,,,,,,,,,,,,,,,,,,,,,,,,,,,,,,,,,,,,,,,,,,,,,High,High,High,,,,,
114,2026-03-28,15:10:44.85,4,4,"Dennis, Lucas",10274891,Right,POM_COL,"Schulze, Jay",10114357,Right,WHI_COL1,Undefined,3,Top,2,2,1,Slider,Curveball,BallCalled,Undefined,Undefined,Undefined,0,0,,75.28215,-0.366812,-3.604197,2550.926469,80.518385,8:45,5.05223,2.17535,5.21751,-51.68739,-0.85087,-14.48402,0.39936,-2.42498,69.57577,-9.681643,-6.165207,0.513168,,,,,,,,,,,,6.26032,0.09366,-1.83076,50,4.97928,7.41552,-109.09006,-2.41123,7.51701,19.83337,-32.06159,POM_COL,WHI_COL1,PomonaPitzer,D3,Team,20260328-PomonaPitzer-1,f830dc80-2af2-11f1-bb04-df4732e2f9b7,73.45053,,,5.70638,,,,,,,02db39fb-0347-40de-93c4-abc1fa19139e,2026-03-28,22:10:44.85,2026-03-28T15:10:44.8520192-07:00,2026-03-28T22:10:44.8520192Z,,v3,643-145631,643-146222,,"Parker, Will",1000474009,Right,POM_COL,f1b9a7de-c1c5-48eb-81fc-2a8a9276e311,55.28347,-110.04644,9.91668,5.05827,-0.8652,-16.0308,-2.1796,7.05304,3.75851,,,,,,,,,,,,,,,,,,,,,,,,,,,,,,,,,,,,,,,,,,,,,,,,,,,High,High,High,,,,,
115,2026-03-28,15:11:02.96,4,5,"Dennis, Lucas",10274891,Right,POM_COL,"Schulze, Jay",10114357,Right,WHI_COL1,Undefined,3,Top,2,3,1,Fastball,Changeup,BallCalled,Walk,Undefined,Undefined,0,0,,84.7481,-0.868803,-1.349577,2113.031991,227.858206,1:30,5.26766,1.86387,5.86455,-25.70631,12.87028,12.99119,2.31811,1.69254,78.24631,-5.652632,0.981751,0.447027,,,,,,,,,,,,-7.11178,7.1552,-1.7626,50,5.18217,2.40907,-123.24382,-2.67775,-11.02545,22.66529,-21.08127,POM_COL,WHI_COL1,PomonaPitzer,D3,Team,20260328-PomonaPitzer-1,02a62b20-2af3-11f1-bb04-df4732e2f9b7,84.31812,,,6.50179,,,,,,,02db39fb-0347-40de-93c4-abc1fa19139e,2026-03-28,22:11:02.96,2026-03-28T15:11:02.9640000-07:00,2026-03-28T22:11:02.9640000Z,,v3,643-145631,643-146222,,"Parker, Will",1000474009,Right,POM_COL,e9dc56fc-c835-4b1a-ba28-79b93ca8a95f,54.63726,-124.09371,11.33264,5.26776,-1.88726,-10.54063,-1.86068,2.8225,-5.51272,,,,,,,,,,,,,,,,,,,,,,,,,,,,,77.27652,2.142645,0.827802,1.314844,6.49395,2.79812,-1.6154,-2.26156,6.00809,1.80305,127.28125,7.00696,1.20386,-2.1086,110.58142,-9.37112,6.01115,15.37442,-11.12316,1.76105,-3.0797,2.04997,High,High,High,,,High,High,High
116,2026-03-28,15:11:51.38,5,1,"Dennis, Lucas",10274891,Right,POM_COL,"Mecate, Matthew",1000394015,Right,WHI_COL1,Undefined,3,Top,2,0,0,ChangeUp,Changeup,StrikeCalled,Undefined,Undefined,Undefined,0,0,,77.08716,0.268947,-2.049131,1336.603986,259.148017,2:45,5.19923,2.08604,6.08849,-42.01172,4.17366,14.97091,1.9472,1.43726,71.49003,-7.486551,0.649604,0.489129,,,,,,,,,,,,-8.20579,2.52835,-1.93553,50,5.19787,3.47823,-112.11033,-0.72076,-10.54946,18.34415,-28.92356,POM_COL,WHI_COL1,PomonaPitzer,D3,Team,20260328-PomonaPitzer-1,1f97af10-2af3-11f1-bb04-df4732e2f9b7,77.06029,,,5.59714,,,,,,,02db39fb-0347-40de-93c4-abc1fa19139e,2026-03-28,22:11:51.38,2026-03-28T15:11:51.3854464-07:00,2026-03-28T22:11:51.3854464Z,,v3,643-145631,643-146222,,"Parker, Will",1000474009,Right,POM_COL,4eec67fe-2516-4134-a3c8-b0b17997abac,54.41181,-112.8299,9.17207,5.20389,0.41381,-14.46178,-2.08009,3.89204,-5.27473,,,,,,,,,,,,,,,,,,,,,,,,,,,,,,,,,,,,,,,,,,,,,,,,,,,High,High,High,,,,,
117,2026-03-28,15:12:39.52,5,2,"Dennis, Lucas",10274891,Right,POM_COL,"Mecate, Matthew",1000394015,Right,WHI_COL1,Undefined,3,Top,2,0,1,Fastball,Changeup,BallCalled,Undefined,Undefined,Undefined,0,0,,84.89557,-1.261253,-0.226671,2153.003525,229.848117,1:45,5.35694,1.87334,5.58178,-25.39269,13.87812,14.95339,2.06281,2.90777,77.64666,-5.984063,2.4431,0.451031,,,,,,,,,,,,-7.59524,7.76422,-1.86364,50,5.23212,-0.14537,-123.23713,-3.53984,-11.65899,24.91292,-20.25564,POM_COL,WHI_COL1,PomonaPitzer,D3,Team,20260328-PomonaPitzer-1,3c3b6120-2af3-11f1-bb04-df4732e2f9b7,83.56952,,,7.24891,,,,,,,02db39fb-0347-40de-93c4-abc1fa19139e,2026-03-28,22:12:39.52,2026-03-28T15:12:39.5264512-07:00,2026-03-28T22:12:39.5264512Z,,v3,643-145631,643-146222,,"Parker, Will",1000474009,Right,POM_COL,d368c3ec-8917-4e3b-8155-57c239d98beb,54.91554,-124.22685,12.45646,5.35677,-2.73513,-10.12782,-1.86707,0.31781,-5.82949,,,,,,,,,,,,,,,,,,,,,,,,,,,,,,,,,,,,,,,,,,,,,,,,,,,High,High,High,,,,,
118,2026-03-28,15:13:03.10,5,3,"Dennis, Lucas",10274891,Right,POM_COL,"Mecate, Matthew",1000394015,Right,WHI_COL1,Undefined,3,Top,2,1,1,ChangeUp,Changeup,InPlay,Undefined,GroundBall,Error,1,2,,77.75925,0.072688,-2.866541,1301.671012,267.992252,3:00,5.28938,1.88285,5.92578,-44.13369,2.14441,18.66737,1.6791,0.77642,71.28976,-8.065374,0.487406,0.48962,31.95364,-37.241741,-48.637977,,,,,4.56856,4.56856,-31.486983,0.059275,-10.43363,1.4989,-1.66427,50,5.27008,4.97575,-112.89031,-1.21037,-13.41977,21.1877,-30.24616,POM_COL,WHI_COL1,PomonaPitzer,D3,Team,20260328-PomonaPitzer-1,4a4dd3b0-2af3-11f1-bb04-df4732e2f9b7,76.98304,1.70149,,6.46949,,,,2.41681,1.70149,-0.70627,02db39fb-0347-40de-93c4-abc1fa19139e,2026-03-28,22:13:03.10,2026-03-28T15:13:03.1043584-07:00,2026-03-28T22:13:03.1043584Z,GroundBall,v3,643-145631,643-146222,,"Parker, Will",1000474009,Right,POM_COL,a492f423-1354-4fce-af2f-bc3748b0f039,54.57498,-113.74572,10.59385,5.29429,0.01075,-15.12308,-1.87609,5.51754,-6.70989,180,2.41397,24.95254,,,,,,,,1.70476,-28.70499,,,,,,,,-0.70303,-28.34094,,,,,,,,,,,,,,,,,,,,,,,,,,,,,,High,High,High,High,High,,,
119,2026-03-28,15:15:36.02,1,1,"Simmonds, Troy",1000515077,Right,WHI_COL1,"Gold, Jack",1000108729,Left,POM_COL,Undefined,3,Bottom,0,0,0,Fastball,Changeup,BallCalled,Undefined,Undefined,Undefined,0,0,,84.10501,-2.662478,1.562553,2085.096179,157.239343,11:15,5.73866,-0.66712,5.07159,-20.05918,20.73418,-8.14268,1.55414,0.12786,77.00733,-6.399916,0.123388,0.459691,,,,,,,,,,,,4.45544,11.41229,0.52554,50,5.47058,-2.96385,-121.85838,-6.3143,6.71001,23.59353,-14.98684,POM_COL,WHI_COL1,PomonaPitzer,D3,Team,20260328-PomonaPitzer-1,a5e2cdc0-2af3-11f1-bb04-df4732e2f9b7,81.99512,,,7.09767,,,,,,,02db39fb-0347-40de-93c4-abc1fa19139e,2026-03-28,22:15:36.02,2026-03-28T15:15:36.0299520-07:00,2026-03-28T22:15:36.0299520Z,,v3,643-145631,643-146222,,"Brummett, Jackson",10114400,Right,WHI_COL1,ce8cf991-caad-436e-b890-53449fce031f,55.42502,-122.90425,11.79677,5.73576,-5.64995,-7.49342,0.66352,-3.2613,3.35501,,,,,,,,,,,,,,,,,,,,,,,,,,,,,,,,,,,,,,,,,,,,,,,,,,,High,High,High,,,,,
120,2026-03-28,15:15:51.61,1,2,"Simmonds, Troy",1000515077,Right,WHI_COL1,"Gold, Jack",1000108729,Left,POM_COL,Undefined,3,Bottom,0,1,0,Fastball,Changeup,StrikeCalled,Undefined,Undefined,Undefined,0,0,,83.73699,-0.873919,2.005883,2071.016566,118.047248,10:00,5.73237,-0.75142,5.11121,-30.3084,10.54107,-17.45395,2.38278,-0.31539,77.03802,-6.419309,-1.082656,0.460007,,,,,,,,,,,,9.14808,5.86555,0.57639,50,5.62667,-3.48602,-121.51261,-2.9449,13.75562,22.5398,-23.35424,POM_COL,WHI_COL1,PomonaPitzer,D3,Team,20260328-PomonaPitzer-1,aeb9d5b0-2af3-11f1-bb04-df4732e2f9b7,81.9388,,,6.69897,,,,,,,02db39fb-0347-40de-93c4-abc1fa19139e,2026-03-28,22:15:51.61,2026-03-28T15:15:51.6117504-07:00,2026-03-28T22:15:51.6117504Z,,v3,643-145631,643-146222,,"Brummett, Jackson",10114400,Right,WHI_COL1,f5d72fc6-07bc-4159-8f1e-a2c5a1c9ad05,55.38713,-122.50781,11.2699,5.73393,-1.91374,-11.67712,0.74371,-4.09337,6.87781,,,,,,,,,,,,,,,,,,,,,,,,,,,,,,,,,,,,,,,,,,,,,,,,,,,High,High,High,,,,,
121,2026-03-28,15:16:07.16,1,3,"Simmonds, Troy",1000515077,Right,WHI_COL1,"Gold, Jack",1000108729,Left,POM_COL,Undefined,3,Bottom,0,1,1,Slider,Curveball,BallCalled,Undefined,Undefined,Undefined,0,0,,69.26959,1.492353,-0.341917,2791.121013,298.498196,4:00,5.62492,-0.71806,5.36264,-67.34744,-7.49953,17.46859,1.41239,0.41703,63.63345,-10.723838,2.771791,0.556796,,,,,,,,,,,,-8.84241,-3.57803,0.73605,50,5.71126,-0.01902,-100.5393,0.54821,-8.95932,17.83664,-35.79938,POM_COL,WHI_COL1,PomonaPitzer,D3,Team,20260328-PomonaPitzer-1,b80c0110-2af3-11f1-bb04-df4732e2f9b7,67.69527,,,5.63614,,,,,,,02db39fb-0347-40de-93c4-abc1fa19139e,2026-03-28,22:16:07.16,2026-03-28T15:16:07.1696896-07:00,2026-03-28T22:16:07.1696896Z,,v3,643-145631,643-146222,,"Brummett, Jackson",10114400,Right,WHI_COL1,8ca111f0-7100-45b6-afe7-0f3b6389acc1,55.13903,-101.44692,8.91832,5.63702,2.36986,-17.89969,0.72542,0.43688,-4.47966,,,,,,,,,,,,,,,,,,,,,,,,,,,,,,,,,,,,,,,,,,,,,,,,,,,High,High,High,,,,,
122,2026-03-28,15:16:24.67,1,4,"Simmonds, Troy",1000515077,Right,WHI_COL1,"Gold, Jack",1000108729,Left,POM_COL,Undefined,3,Bottom,0,2,1,Fastball,Splitter,InPlay,Undefined,LineDrive,Double,0,0,,83.91771,-0.799274,1.882337,2106.312741,136.294988,10:30,5.75208,-0.85174,5.01702,-23.32253,18.12918,-15.92458,3.05377,-0.40169,75.87964,-5.154065,-0.928907,0.463386,82.83535,22.937794,36.733443,1833.010377,85.44321,38.37039,69.27785,301.20397,189.32073,43.489492,3.691119,8.47934,9.65154,0.68491,50,5.65752,-3.28928,-121.54837,-2.47475,12.54926,26.21072,-17.88994,POM_COL,WHI_COL1,PomonaPitzer,D3,Team,20260328-PomonaPitzer-1,c27086d0-2af3-11f1-bb04-df4732e2f9b7,81.34138,43.54531,,8.03807,,,,1.18939,3.49551,0.24564,02db39fb-0347-40de-93c4-abc1fa19139e,2026-03-28,22:16:24.67,2026-03-28T15:16:24.6798848-07:00,2026-03-28T22:16:24.6798848Z,LineDrive,v3,643-145631,643-146222,,"Brummett, Jackson",10114400,Right,WHI_COL1,68262a31-fa2a-436f-8110-b713e23b635a,55.47984,-122.72436,13.10536,5.75055,-1.67209,-8.94497,0.84512,-3.85233,6.27463,,1.18912,89.67632,-15.05396,3.30635,-0.78792,0.21444,-0.05367,0.00861,-0.00058,3.49593,47.3357,-14.78633,0.37393,0.18802,-0.14236,0.05062,-0.00858,0.00055,0.24546,66.92335,-4.74245,0.79881,-0.18037,0.06536,-0.02037,0.00356,-0.00025,,,,,,,,,,,,,,,,,,,,,,,High,High,High,Medium,Medium,,,
123,2026-03-28,15:17:13.10,2,1,"Simmonds, Troy",1000515077,Right,WHI_COL1,"DeGrazia, Tanner",1000214434,Right,POM_COL,Undefined,3,Bottom,0,0,0,Fastball,Changeup,BallCalled,Undefined,Undefined,Undefined,0,0,,83.31916,1.229411,0.868489,2016.218791,141.721503,10:45,5.72094,-1.04749,4.97297,-26.32722,15.37154,-11.08623,4.68852,-1.15097,75.92674,-3.641338,-1.086702,0.464765,,,,,,,,,,,,5.66752,7.6476,0.9729,50,5.81875,-1.33058,-120.80073,1.6792,8.37694,23.47413,-20.87043,POM_COL,WHI_COL1,PomonaPitzer,D3,Team,20260328-PomonaPitzer-1,df484130-2af3-11f1-bb04-df4732e2f9b7,81.10007,,,7.39242,,,,,,,02db39fb-0347-40de-93c4-abc1fa19139e,2026-03-28,22:17:13.10,2026-03-28T15:17:13.1048448-07:00,2026-03-28T22:17:13.1048448Z,,v3,643-145631,643-146222,,"Brummett, Jackson",10114400,Right,WHI_COL1,1c6a471d-fa01-4eb3-b9ff-15bcb6cab847,55.52245,-121.86913,11.73707,5.72071,2.6291,-10.43522,1.04214,-1.71185,4.18847,,,,,,,,,,,,,,,,,,,,,,,,,,,,,,,,,,,,,,,,,,,,,,,,,,,High,High,High,,,,,
124,2026-03-28,15:17:28.09,2,2,"Simmonds, Troy",1000515077,Right,WHI_COL1,"DeGrazia, Tanner",1000214434,Right,POM_COL,Undefined,3,Bottom,0,1,0,Fastball,Four-Seam,InPlay,Undefined,GroundBall,Error,0,0,,84.26777,-1.244503,2.567997,2136.153159,164.325775,11:30,5.58629,-1.09486,5.15821,-21.12041,19.25119,-5.04918,2.65346,0.90321,77.26431,-5.178108,1.675433,0.457309,56.49795,-32.676227,-49.60098,,,,,5.38456,5.38456,-48.242861,0.058018,3.20855,10.31304,0.85907,50,5.45433,-5.26256,-122.1897,-3.34767,4.87031,23.17038,-16.51962,POM_COL,WHI_COL1,PomonaPitzer,D3,Team,20260328-PomonaPitzer-1,e83d7f80-2af3-11f1-bb04-df4732e2f9b7,82.42233,2.6108,,7.00346,,,,0.94789,2.6108,-0.91689,02db39fb-0347-40de-93c4-abc1fa19139e,2026-03-28,22:17:28.09,2026-03-28T15:17:28.0992768-07:00,2026-03-28T22:17:28.0992768Z,GroundBall,v3,643-145631,643-146222,,"Brummett, Jackson",10114400,Right,WHI_COL1,1e2ef570-0c44-4c03-9e2d-702b52a0a8b0,55.33992,-123.19813,11.58519,5.58438,-2.6287,-8.25981,1.09272,-5.47452,2.43516,,0.94541,45.47028,,,,,,,,2.61325,-44.99993,,,,,,,,-0.91398,-53.42925,,,,,,,,,,,,,,,,,,,,,,,,,,,,,,High,High,High,Estimated,Estimated,,,
125,2026-03-28,15:18:11.27,3,1,"Simmonds, Troy",1000515077,Right,WHI_COL1,"Berry, Cooper",1000276381,Left,POM_COL,Undefined,3,Bottom,0,0,0,Fastball,Changeup,BallCalled,Undefined,Undefined,Undefined,0,0,,83.26378,-1.87729,2.106517,1914.991397,137.907682,10:30,5.71291,-0.91406,5.15136,-26.20604,15.43879,-12.68827,1.75995,0.01257,75.98992,-6.719455,-0.139686,0.464464,,,,,,,,,,,,6.85737,8.63497,0.72698,50,5.51762,-3.87608,-120.62386,-4.84406,10.07758,24.02145,-19.48411,POM_COL,WHI_COL1,PomonaPitzer,D3,Team,20260328-PomonaPitzer-1,01fd99a0-2af4-11f1-bb04-df4732e2f9b7,81.15259,,,7.27386,,,,,,,02db39fb-0347-40de-93c4-abc1fa19139e,2026-03-28,22:18:11.27,2026-03-28T15:18:11.2710144-07:00,2026-03-28T22:18:11.2710144Z,,v3,643-145631,643-146222,,"Brummett, Jackson",10114400,Right,WHI_COL1,dc8367a8-00ad-4625-becf-fa89222b6d41,55.34417,-121.68346,12.01073,5.71234,-3.98461,-9.74206,0.90776,-4.32061,5.03879,,,,,,,,,,,,,,,,,,,,,,,,,,,,,,,,,,,,,,,,,,,,,,,,,,,High,High,High,,,,,
126,2026-03-28,15:18:29.03,3,2,"Simmonds, Troy",1000515077,Right,WHI_COL1,"Berry, Cooper",1000276381,Left,POM_COL,Undefined,3,Bottom,0,1,0,Fastball,Changeup,BallCalled,Undefined,Undefined,Undefined,0,0,,83.43511,-1.809136,3.161481,1963.136346,162.787334,11:30,5.64358,-0.86232,5.16301,-20.63871,20.43509,-5.94642,2.21776,1.62076,76.82262,-5.64697,2.111078,0.461268,,,,,,,,,,,,3.74831,11.00977,0.57185,50,5.45914,-6.4211,-120.92221,-4.4841,5.59917,21.61902,-15.72776,POM_COL,WHI_COL1,PomonaPitzer,D3,Team,20260328-PomonaPitzer-1,0c8d4e10-2af4-11f1-bb04-df4732e2f9b7,81.71476,,,6.61249,,,,,,,02db39fb-0347-40de-93c4-abc1fa19139e,2026-03-28,22:18:29.03,2026-03-28T15:18:29.0362368-07:00,2026-03-28T22:18:29.0362368Z,,v3,643-145631,643-146222,,"Brummett, Jackson",10114400,Right,WHI_COL1,a5588525-8188-4206-af1f-868c4b523da1,55.33406,-121.87213,10.80951,5.64098,-3.79304,-7.86388,0.85939,-6.66712,2.79959,,,,,,,,,,,,,,,,,,,,,,,,,,,,,,,,,,,,,,,,,,,,,,,,,,,High,High,High,,,,,
127,2026-03-28,15:18:48.14,3,3,"Simmonds, Troy",1000515077,Right,WHI_COL1,"Berry, Cooper",1000276381,Left,POM_COL,Undefined,3,Bottom,0,2,0,Fastball,Changeup,StrikeCalled,Undefined,Undefined,Undefined,0,0,,83.86769,-1.531422,1.945502,2025.730545,119.764056,10:00,5.7195,-0.78798,4.96906,-30.20431,10.61894,-16.46269,1.75473,-0.32146,77.4829,-7.0273,-0.960803,0.45986,,,,,,,,,,,,8.61552,6.02209,0.61389,50,5.54685,-3.40501,-121.70392,-4.36683,13.04002,21.84214,-23.05932,POM_COL,WHI_COL1,PomonaPitzer,D3,Team,20260328-PomonaPitzer-1,17f3b370-2af4-11f1-bb04-df4732e2f9b7,81.96509,,,6.38479,,,,,,,02db39fb-0347-40de-93c4-abc1fa19139e,2026-03-28,22:18:48.14,2026-03-28T15:18:48.1424384-07:00,2026-03-28T22:18:48.1424384Z,,v3,643-145631,643-146222,,"Brummett, Jackson",10114400,Right,WHI_COL1,139e3f62-0413-4b8d-a908-a1969ef8d452,55.5301,-122.6924,10.92107,5.72086,-3.32328,-11.52966,0.78134,-3.99514,6.52001,,,,,,,,,,,,,,,,,,,,,,,,,,,,,,,,,,,,,,,,,,,,,,,,,,,High,High,High,,,,,
128,2026-03-28,15:19:04.65,3,4,"Simmonds, Troy",1000515077,Right,WHI_COL1,"Berry, Cooper",1000276381,Left,POM_COL,Undefined,3,Bottom,0,2,1,Fastball,Changeup,FoulBallNotFieldable,Undefined,Undefined,Undefined,0,0,,82.33132,-0.509114,1.803217,1828.402047,117.54,10:00,5.77042,-0.89697,5.03257,-33.58919,8.54233,-14.07749,2.49073,-0.36823,76.19984,-6.616908,-0.684545,0.46717,,,,,,,,,,,,7.48331,4.71736,0.73663,50,5.69479,-3.17251,-119.5806,-2.27699,10.9539,20.70251,-25.26889,POM_COL,WHI_COL1,PomonaPitzer,D3,Team,20260328-PomonaPitzer-1,21c87c50-2af4-11f1-bb04-df4732e2f9b7,80.68252,,,6.13148,,,,,,,02db39fb-0347-40de-93c4-abc1fa19139e,2026-03-28,22:19:04.65,2026-03-28T15:19:04.6505984-07:00,2026-03-28T22:19:04.6505984Z,,v3,643-145631,643-146222,,"Brummett, Jackson",10114400,Right,WHI_COL1,eff3bdbd-13be-461f-9557-83c29ce868d3,55.46822,-120.52357,10.35126,5.77229,-1.12602,-12.63445,0.8925,-3.67144,5.47695,,,,,,,,,,,,,,,,,,,,,,,,,,,,,,,,,,,,,,,,,,,,,,,,,,,High,High,High,,,,,
129,2026-03-28,15:19:28.55,3,5,"Simmonds, Troy",1000515077,Right,WHI_COL1,"Berry, Cooper",1000276381,Left,POM_COL,Undefined,3,Bottom,0,2,2,Slider,Curveball,BallCalled,Undefined,Undefined,Undefined,0,0,,66.50797,5.686276,-2.21466,2513.020316,313.359774,4:30,5.59374,-0.9807,5.21513,-77.49063,-11.94764,14.88847,4.50458,-1.82346,60.65338,-8.348437,0.416831,0.582686,,,,,,,,,,,,-7.93374,-6.7267,1.17404,50,6.06329,3.18133,-96.08425,7.19371,-7.39235,15.34793,-38.4417,POM_COL,WHI_COL1,PomonaPitzer,D3,Team,20260328-PomonaPitzer-1,30193060-2af4-11f1-bb04-df4732e2f9b7,64.6874,,,5.85459,,,,,,,02db39fb-0347-40de-93c4-abc1fa19139e,2026-03-28,22:19:28.55,2026-03-28T15:19:28.5565952-07:00,2026-03-28T22:19:28.5565952Z,,v3,643-145631,643-146222,,"Brummett, Jackson",10114400,Right,WHI_COL1,fbe76163-8502-494e-9aba-81282c6edb81,55.28823,-96.92528,7.67396,5.61137,9.30022,-19.22085,0.98861,3.58641,-3.69617,,,,,,,,,,,,,,,,,,,,,,,,,,,,,,,,,,,,,,,,,,,,,,,,,,,High,High,High,,,,,
130,2026-03-28,15:20:01.93,3,6,"Simmonds, Troy",1000515077,Right,WHI_COL1,"Berry, Cooper",1000276381,Left,POM_COL,Undefined,3,Bottom,0,3,2,Fastball,Changeup,BallCalled,Walk,Undefined,Undefined,0,0,,82.10093,-1.294989,4.112457,1741.551743,124.544761,10:15,5.80198,-0.76316,5.12453,-30.83966,12.45544,-15.84249,2.00894,1.79671,74.37666,-6.977738,1.31654,0.473577,,,,,,,,,,,,9.05052,7.05103,0.38875,50,5.65668,-7.83517,-118.66306,-3.75272,12.78232,24.71479,-22.21566,POM_COL,WHI_COL1,PomonaPitzer,D3,Team,20260328-PomonaPitzer-1,43ecdf60-2af4-11f1-bb04-df4732e2f9b7,79.59094,,,7.72427,,,,,,,02db39fb-0347-40de-93c4-abc1fa19139e,2026-03-28,22:20:01.93,2026-03-28T15:20:01.9337216-07:00,2026-03-28T22:20:01.9337216Z,,v3,643-145631,643-146222,,"Brummett, Jackson",10114400,Right,WHI_COL1,3123e416-9f72-4826-a9d6-267fb710f513,55.3706,-119.77641,12.3574,5.8032,-2.75195,-11.10783,0.75468,-8.41099,6.39116,,,,,,,,,,,,,,,,,,,,,,,,,,,,,,,,,,,,,,,,,,,,,,,,,,,High,High,High,,,,,
131,2026-03-28,15:20:33.43,4,1,"Simmonds, Troy",1000515077,Right,WHI_COL1,"Parker, Will",1000474009,Left,POM_COL,Undefined,3,Bottom,0,0,0,Fastball,Changeup,InPlay,Undefined,GroundBall,Out,1,1,,84.22235,-1.979887,2.508756,1880.493456,121.995186,10:00,5.73976,-0.78985,5.07551,-29.35261,11.72898,-16.45792,1.42469,0.20524,76.48913,-7.374485,-0.40136,0.461312,62.23512,-61.158999,59.901174,,,,,1.15772,1.15772,22.050434,0.016619,8.93071,6.85181,0.56552,50,5.52918,-4.61344,-121.91598,-5.26427,13.31469,26.07961,-21.95878,POM_COL,WHI_COL1,PomonaPitzer,D3,Team,20260328-PomonaPitzer-1,56b7d0f0-2af4-11f1-bb04-df4732e2f9b7,81.707,1.33209,,7.73322,,,,0.70516,1.33209,-0.20002,02db39fb-0347-40de-93c4-abc1fa19139e,2026-03-28,22:20:33.43,2026-03-28T15:20:33.4392832-07:00,2026-03-28T22:20:33.4392832Z,GroundBall,v3,643-145631,643-146222,,"Brummett, Jackson",10114400,Right,WHI_COL1,354bb6c4-2f4e-4dd2-9008-83e18f7c7132,55.42168,-123.07029,13.03981,5.74067,-4.29235,-10.97939,0.78276,-5.20276,6.65734,,0.70501,22.13644,,,,,,,,1.33262,-80.15639,,,,,,,,-0.20028,38.18916,,,,,,,,,,,,,,,,,,,,,,,,,,,,,,High,High,High,Estimated,Estimated,,,
132,2026-03-28,15:21:10.36,5,1,"Simmonds, Troy",1000515077,Right,WHI_COL1,"Loui, Shawn",1000474008,Right,POM_COL,Undefined,3,Bottom,1,0,0,Fastball,Changeup,BallCalled,Undefined,Undefined,Undefined,0,0,,83.69763,1.79673,0.367242,1973.723377,124.266324,10:15,5.66306,-1.03422,5.11357,-30.62773,10.46961,-13.47733,4.80397,-1.81136,76.33576,-3.841795,-2.015748,0.461401,,,,,,,,,,,,6.74052,5.10583,1.01037,50,5.80879,-0.17733,-121.38177,2.71402,10.05876,23.70499,-24.55472,POM_COL,WHI_COL1,PomonaPitzer,D3,Team,20260328-PomonaPitzer-1,6cb60110-2af4-11f1-bb04-df4732e2f9b7,81.69132,,,7.36187,,,,,,,02db39fb-0347-40de-93c4-abc1fa19139e,2026-03-28,22:21:10.36,2026-03-28T15:21:10.3632896-07:00,2026-03-28T22:21:10.3632896Z,,v3,643-145631,643-146222,,"Brummett, Jackson",10114400,Right,WHI_COL1,bd76e678-d78d-40d9-9ae2-f0f72b1281ee,55.38294,-122.4285,11.85249,5.66501,3.79827,-12.27736,1.02801,-0.62149,5.02938,,,,,,,,,,,,,,,,,,,,,,,,,,,,,,,,,,,,,,,,,,,,,,,,,,,High,High,High,,,,,
133,2026-03-28,15:21:28.20,5,2,"Simmonds, Troy",1000515077,Right,WHI_COL1,"Loui, Shawn",1000474008,Right,POM_COL,Undefined,3,Bottom,1,1,0,Fastball,Changeup,InPlay,Undefined,LineDrive,Out,1,0,,83.50317,-1.698216,1.650908,1940.327457,148.582022,11:00,5.74527,-0.96735,5.16477,-22.68359,18.16186,-10.35784,2.25553,-0.27629,77.06267,-5.893166,-0.182999,0.459984,81.99297,19.911423,-24.38914,2070.15456,97.87361,29.27616,-50.20704,260.68937,256.72647,-31.279771,3.010626,5.61737,9.86977,0.8218,50,5.56988,-3.0581,-121.22226,-4.35153,8.43779,21.59533,-17.34875,POM_COL,WHI_COL1,PomonaPitzer,D3,Team,20260328-PomonaPitzer-1,775b6060-2af4-11f1-bb04-df4732e2f9b7,81.94287,30.83442,,6.4405,,,,1.28938,2.28005,0.29444,02db39fb-0347-40de-93c4-abc1fa19139e,2026-03-28,22:21:28.20,2026-03-28T15:21:28.2060288-07:00,2026-03-28T22:21:28.2060288Z,LineDrive,v3,643-145631,643-146222,,"Brummett, Jackson",10114400,Right,WHI_COL1,d6dd6a06-4949-47ec-b35d-7922fef49572,55.33499,-122.16897,10.79766,5.74398,-3.59098,-8.67438,0.96397,-3.428,4.21889,133.494773,1.28925,102.98321,-16.27544,3.52762,-0.66431,0.08586,-0.00418,-0.00095,0.00019,2.28017,40.94993,-15.37066,0.51571,-0.0629,0.05726,-0.02783,0.00754,-0.00081,0.29435,-46.68486,-0.19242,0.60893,-0.18286,0.01908,0.00346,-0.00141,0.00014,,,,,,,,,,,,,,,,,,,,,,,High,High,High,High,Medium,,,
134,2026-03-28,15:22:12.93,6,1,"Simmonds, Troy",1000515077,Right,WHI_COL1,"Quintero, James",10138921,Left,POM_COL,Undefined,3,Bottom,2,0,0,Fastball,Changeup,BallCalled,Undefined,Undefined,Undefined,0,0,,85.07074,-2.493117,3.223395,1937.862835,123.04465,10:00,5.7206,-0.90137,5.03568,-30.05836,10.30528,-13.66843,0.85846,1.00383,77.38415,-7.991709,0.809921,0.457263,,,,,,,,,,,,7.71851,6.28516,0.60465,50,5.45844,-6.31093,-123.01758,-6.46543,11.73365,26.21984,-22.61942,POM_COL,WHI_COL1,PomonaPitzer,D3,Team,20260328-PomonaPitzer-1,92016db0-2af4-11f1-bb04-df4732e2f9b7,82.43047,,,7.68659,,,,,,,02db39fb-0347-40de-93c4-abc1fa19139e,2026-03-28,22:22:12.93,2026-03-28T15:22:12.9333760-07:00,2026-03-28T22:22:12.9333760Z,,v3,643-145631,643-146222,,"Brummett, Jackson",10114400,Right,WHI_COL1,8d95c3cd-8316-4345-b767-701cdbc29075,55.46082,-124.17604,13.10992,5.72202,-5.46604,-11.30971,0.89493,-6.82935,5.86683,,,,,,,,,,,,,,,,,,,,,,,,,,,,,,,,,,,,,,,,,,,,,,,,,,,High,High,High,,,,,
135,2026-03-28,15:22:42.49,6,2,"Simmonds, Troy",1000515077,Right,WHI_COL1,"Quintero, James",10138921,Left,POM_COL,Undefined,3,Bottom,2,1,0,Fastball,Changeup,FoulBallNotFieldable,Undefined,Undefined,Undefined,0,0,,83.66311,-0.895811,1.83664,1938.610829,122.257902,10:00,5.67071,-0.8199,5.18344,-29.05332,12.89225,-17.83556,2.40628,-0.57761,74.90998,-6.299505,-1.323643,0.466138,,,,,,,,,,,,9.51989,7.1926,0.66344,50,5.56611,-3.09969,-121.05406,-2.886,13.79486,28.8002,-21.75157,POM_COL,WHI_COL1,PomonaPitzer,D3,Team,20260328-PomonaPitzer-1,a3a62ec0-2af4-11f1-bb04-df4732e2f9b7,80.8611,,,8.75312,,,,,,,02db39fb-0347-40de-93c4-abc1fa19139e,2026-03-28,22:22:42.49,2026-03-28T15:22:42.4978432-07:00,2026-03-28T22:22:42.4978432Z,,v3,643-145631,643-146222,,"Brummett, Jackson",10114400,Right,WHI_COL1,6f76ecb0-977a-4c68-837b-343bc8bfd4e2,55.31206,-122.31133,14.4001,5.67137,-1.93644,-10.87578,0.8119,-3.7019,6.89743,,,,,,,,,,,,,,,,,,,,,,,,,,,,,,,,,,,,,,,,,,,,,,,,,,,High,High,High,,,,,
136,2026-03-28,15:23:09.57,6,3,"Simmonds, Troy",1000515077,Right,WHI_COL1,"Quintero, James",10138921,Left,POM_COL,Undefined,3,Bottom,2,1,1,ChangeUp,Changeup,BallCalled,Undefined,Undefined,Undefined,0,0,,77.54873,1.869258,1.402695,1532.195626,153.303241,11:00,5.70532,-0.77728,5.13594,-33.09864,15.02135,-6.75044,4.70848,-0.01867,70.3624,-4.259054,0.209226,0.499269,,,,,,,,,,,,3.7161,7.40327,0.65101,50,5.85572,-2.46755,-112.31828,2.60156,4.72657,21.16443,-22.7577,POM_COL,WHI_COL1,PomonaPitzer,D3,Team,20260328-PomonaPitzer-1,b3c49df0-2af4-11f1-bb04-df4732e2f9b7,75.4953,,,7.18634,,,,,,,02db39fb-0347-40de-93c4-abc1fa19139e,2026-03-28,22:23:09.57,2026-03-28T15:23:09.5772160-07:00,2026-03-28T22:23:09.5772160Z,,v3,643-145631,643-146222,,"Brummett, Jackson",10114400,Right,WHI_COL1,018d72d9-9647-44bb-94bf-b38d0ae033de,55.35728,-113.32327,10.58222,5.70653,3.6822,-11.37885,0.77351,-2.69199,2.36328,,,,,,,,,,,,,,,,,,,,,,,,,,,,,,,,,,,,,,,,,,,,,,,,,,,High,High,High,,,,,
137,2026-03-28,15:23:30.86,6,4,"Simmonds, Troy",1000515077,Right,WHI_COL1,"Quintero, James",10138921,Left,POM_COL,Undefined,3,Bottom,2,2,1,Fastball,Changeup,InPlay,Undefined,LineDrive,Double,0,2,,83.38493,-1.537436,2.400839,1847.306622,140.708579,10:45,5.66985,-0.90689,5.23702,-25.23616,16.29765,-12.16355,2.12017,0.33738,75.77748,-6.229406,0.245263,0.463844,95.14958,20.037716,-2.818035,1895.268982,109.42741,34.3813,-11.20827,328.93648,326.67363,-10.424776,3.574956,6.77315,9.0152,0.69535,50,5.51003,-4.53858,-120.78181,-4.07722,9.93823,24.99972,-18.94608,POM_COL,WHI_COL1,PomonaPitzer,D3,Team,20260328-PomonaPitzer-1,c07891f0-2af4-11f1-bb04-df4732e2f9b7,81.26095,41.85765,,7.60745,,,,0.0892,2.05254,-0.34958,02db39fb-0347-40de-93c4-abc1fa19139e,2026-03-28,22:23:30.86,2026-03-28T15:23:30.8656128-07:00,2026-03-28T22:23:30.8656128Z,LineDrive,v3,643-145631,643-146222,,"Brummett, Jackson",10114400,Right,WHI_COL1,93ff70c9-ec99-489f-87b3-01dc78991670,55.25938,-121.86554,12.49986,5.66897,-3.25591,-9.47304,0.90143,-4.9694,4.96911,137.869073,0.08905,130.95091,-20.79082,4.68078,-0.98168,0.19908,-0.03781,0.00512,-0.00031,2.05266,47.813,-14.71446,-0.04555,0.25732,-0.08709,0.01703,-0.00109,-6E-05,-0.34958,-6.44566,-7.06391,2.52124,-0.70695,0.16281,-0.02984,0.00361,-0.0002,,,,,,,,,,,,,,,,,,,,,,,High,High,High,High,Medium,,,
138,2026-03-28,15:26:39.07,7,1,"Hess, Brady",1000095549,Right,WHI_COL1,"Savas, Peter",1000276389,Right,POM_COL,Undefined,3,Bottom,2,0,0,Sinker,Changeup,BallCalled,Undefined,Undefined,Undefined,0,0,,81.86908,0.627879,-3.258699,1877.967621,269.479591,3:00,4.17983,1.9433,6.13411,-39.87746,1.49413,20.27257,1.438,0.61757,74.94898,-6.763493,0.393852,0.462938,,,,,,,,,,,,-11.33847,1.02224,-1.70435,50,4.20744,5.99514,-118.86099,0.04636,-16.20154,23.03514,-30.71336,POM_COL,WHI_COL1,PomonaPitzer,D3,Team,20260328-PomonaPitzer-1,30a77130-2af5-11f1-bb04-df4732e2f9b7,81.42012,,,6.9201,,,,,,,02db39fb-0347-40de-93c4-abc1fa19139e,2026-03-28,22:26:39.07,2026-03-28T15:26:39.0725632-07:00,2026-03-28T22:26:39.0725632Z,,v3,643-145631,643-146222,,"Brummett, Jackson",10114400,Right,WHI_COL1,960d9ff6-de20-40c2-a6ee-68fb8247627f,54.36623,-119.70417,11.51757,4.18517,1.17059,-15.35668,-1.93465,6.58818,-8.10077,,,,,,,,,,,,,,,,,,,,,,,,,,,,,,,,,,,,,,,,,,,,,,,,,,,High,High,High,,,,,
139,2026-03-28,15:26:55.63,7,2,"Hess, Brady",1000095549,Right,WHI_COL1,"Savas, Peter",1000276389,Right,POM_COL,Undefined,3,Bottom,2,1,0,Sinker,Changeup,StrikeCalled,Undefined,Undefined,Undefined,0,0,,82.83648,1.71559,-3.678973,1941.824478,267.660985,3:00,4.21816,2.01927,6.04044,-38.54971,2.0474,18.75698,2.59788,0.17134,75.6416,-5.428848,-0.31112,0.458584,,,,,,,,,,,,-10.57957,1.01728,-1.74161,50,4.33176,6.9809,-120.13614,2.35434,-15.4625,23.26064,-30.68722,POM_COL,WHI_COL1,PomonaPitzer,D3,Team,20260328-PomonaPitzer-1,3a825490-2af5-11f1-bb04-df4732e2f9b7,82.19306,,,7.19487,,,,,,,02db39fb-0347-40de-93c4-abc1fa19139e,2026-03-28,22:26:55.63,2026-03-28T15:26:55.6361216-07:00,2026-03-28T22:26:55.6361216Z,,v3,643-145631,643-146222,,"Brummett, Jackson",10114400,Right,WHI_COL1,547232eb-13ae-45ac-b9dd-0b15cf27524b,54.45892,-120.99639,11.63032,4.2237,3.48925,-15.34361,-2.01036,7.55275,-7.73125,,,,,,,,,,,,,,,,,,,,,,,,,,,,,,,,,,,,,,,,,,,,,,,,,,,High,High,High,,,,,
140,2026-03-28,15:27:12.73,7,3,"Hess, Brady",1000095549,Right,WHI_COL1,"Savas, Peter",1000276389,Right,POM_COL,Undefined,3,Bottom,2,1,1,Sinker,Changeup,InPlay,Undefined,GroundBall,Single,0,0,,82.20094,1.667822,-3.77274,1926.265783,271.328265,3:00,4.23525,1.99836,5.88722,-40.71498,0.90988,19.60312,2.39481,0.12366,74.82851,-5.855654,-0.262629,0.464352,78.2619,5.938903,22.372828,3060.055656,,,,95.83313,93.8936,25.726558,0.909751,-11.13095,0.37654,-1.7052,50,4.34655,7.09171,-119.15837,2.14063,-15.93585,23.80594,-31.63496,POM_COL,WHI_COL1,PomonaPitzer,D3,Team,20260328-PomonaPitzer-1,44b51bf0-2af5-11f1-bb04-df4732e2f9b7,81.17204,4.4462,,7.37243,,,,0.64778,2.29265,-0.13752,02db39fb-0347-40de-93c4-abc1fa19139e,2026-03-28,22:27:12.73,2026-03-28T15:27:12.7326720-07:00,2026-03-28T22:27:12.7326720Z,GroundBall,v3,643-145631,643-146222,,"Brummett, Jackson",10114400,Right,WHI_COL1,0eac7c6f-5c89-4c7f-87c3-fee0ec44e830,54.61326,-120.07649,11.90297,4.24046,3.36069,-15.81748,-1.99055,7.7063,-7.96792,264.384751,0.64778,105.5739,-14.21041,2.1686,-0.29393,-0.19769,0.24931,-0.09999,0.00676,2.29265,11.87658,-16.78052,1.22551,-0.30419,0.25374,-0.22032,0.09402,-0.01094,-0.13752,43.4564,3.32372,-0.81525,-0.16741,0.77202,-0.82633,0.36177,-0.04191,,,,,,,,,,,,,,,,,,,,,,,High,High,High,High,High,,,
141,2026-03-28,15:27:56.47,8,1,"Hess, Brady",1000095549,Right,WHI_COL1,"Gonzaga, Kai",10138924,Left,POM_COL,Undefined,3,Bottom,2,0,0,Sinker,Changeup,StrikeCalled,Undefined,Undefined,Undefined,0,0,,82.57888,1.26897,-2.951251,2002.842417,276.591218,3:15,4.16176,1.98787,5.96616,-41.8575,-0.98665,19.55824,1.85196,0.87895,75.62986,-6.454269,0.561773,0.460128,,,,,,,,,,,,-10.7952,-0.42701,-1.76432,50,4.23941,5.4095,-119.89191,1.27138,-15.71456,23.15251,-32.79567,POM_COL,WHI_COL1,PomonaPitzer,D3,Team,20260328-PomonaPitzer-1,5ec4b5a0-2af5-11f1-bb04-df4732e2f9b7,81.91736,,,6.94902,,,,,,,02db39fb-0347-40de-93c4-abc1fa19139e,2026-03-28,22:27:56.47,2026-03-28T15:27:56.4776960-07:00,2026-03-28T22:27:56.4776960Z,,v3,643-145631,643-146222,,"Brummett, Jackson",10114400,Right,WHI_COL1,f35786c5-3032-494a-bd46-d6bb99e90040,54.53444,-120.76439,11.57626,4.16822,2.50725,-16.39784,-1.97933,6.00169,-7.85728,,,,,,,,,,,,,,,,,,,,,,,,,,,,,,,,,,,,,,,,,,,,,,,,,,,High,High,High,,,,,
142,2026-03-28,15:28:14.32,8,2,"Hess, Brady",1000095549,Right,WHI_COL1,"Gonzaga, Kai",10138924,Left,POM_COL,Undefined,3,Bottom,2,0,1,Sinker,Changeup,BallCalled,Undefined,Undefined,Undefined,0,0,,82.86796,3.748225,-3.742971,1990.181477,274.869685,3:15,4.17168,2.05619,5.74257,-41.29093,-0.28374,17.94088,4.23315,0.06126,75.6584,-3.840451,-0.544514,0.460894,,,,,,,,,,,,-10.01745,-0.69469,-1.75523,50,4.45942,7.10867,-119.97063,6.45486,-14.66766,22.19922,-33.1912,POM_COL,WHI_COL1,PomonaPitzer,D3,Team,20260328-PomonaPitzer-1,696b9b90-2af5-11f1-bb04-df4732e2f9b7,81.7811,,,7.20956,,,,,,,02db39fb-0347-40de-93c4-abc1fa19139e,2026-03-28,22:28:14.32,2026-03-28T15:28:14.3277568-07:00,2026-03-28T22:28:14.3277568Z,,v3,643-145631,643-146222,,"Brummett, Jackson",10114400,Right,WHI_COL1,5e749c03-5b3e-44b0-878e-cc60788b93bb,54.75741,-120.84773,11.09961,4.17847,7.76626,-16.5956,-2.04754,7.68819,-7.33383,,,,,,,,,,,,,,,,,,,,,,,,,,,,,,,,,,,,,,,,,,,,,,,,,,,High,High,High,,,,,
143,2026-03-28,15:28:31.53,8,3,"Hess, Brady",1000095549,Right,WHI_COL1,"Gonzaga, Kai",10138924,Left,POM_COL,Undefined,3,Bottom,2,1,1,Sinker,Changeup,FoulBallNotFieldable,Undefined,Undefined,Undefined,0,0,,82.47486,2.377155,-3.169331,2080.469363,270.07315,3:00,4.07147,1.96649,6.00059,-39.56797,1.17087,21.41529,2.98141,0.81145,75.73523,-4.934855,0.675222,0.459384,,,,,,,,,,,,-11.83197,0.34602,-1.72875,50,4.23697,5.80829,-119.73052,3.69768,-17.28397,21.74847,-31.66857,POM_COL,WHI_COL1,PomonaPitzer,D3,Team,20260328-PomonaPitzer-1,73b127a0-2af5-11f1-bb04-df4732e2f9b7,82.04998,,,6.73963,,,,,,,02db39fb-0347-40de-93c4-abc1fa19139e,2026-03-28,22:28:31.53,2026-03-28T15:28:31.5330048-07:00,2026-03-28T22:28:31.5330048Z,,v3,643-145631,643-146222,,"Brummett, Jackson",10114400,Right,WHI_COL1,dd601b93-3cb4-47c8-8f58-09fbef123daa,54.50138,-120.5454,10.87424,4.07619,4.88426,-15.83429,-1.95851,6.4559,-8.64199,,,,,,,,,,,,,,,,,,,,,,,,,,,,,,,,,,,,,,,,,,,,,,,,,,,High,High,High,,,,,
144,2026-03-28,15:28:52.00,8,4,"Hess, Brady",1000095549,Right,WHI_COL1,"Gonzaga, Kai",10138924,Left,POM_COL,Undefined,3,Bottom,2,1,2,Sinker,Changeup,BallCalled,Undefined,Undefined,Undefined,0,0,,85.19792,2.645458,-2.176273,2123.93556,250.669367,2:15,4.13928,2.07606,5.88435,-31.23541,7.43414,17.66977,3.99646,1.52666,77.42368,-3.175388,0.990334,0.447565,,,,,,,,,,,,-9.53918,3.45004,-1.91,50,4.33524,3.95157,-123.54679,4.68414,-14.71022,25.13926,-26.85381,POM_COL,WHI_COL1,PomonaPitzer,D3,Team,20260328-PomonaPitzer-1,7fdfe610-2af5-11f1-bb04-df4732e2f9b7,84.21672,,,7.77424,,,,,,,02db39fb-0347-40de-93c4-abc1fa19139e,2026-03-28,22:28:52.00,2026-03-28T15:28:52.0093696-07:00,2026-03-28T22:28:52.0093696Z,,v3,643-145631,643-146222,,"Brummett, Jackson",10114400,Right,WHI_COL1,f0ba59ac-cf2a-4f55-9aee-5156996bc37c,54.61286,-124.48187,12.56963,4.14243,5.683,-13.4269,-2.06717,4.49874,-7.35511,,,,,,,,,,,,,,,,,,,,,,,,,,,,,,,,,,,,,,,,,,,,,,,,,,,High,High,High,,,,,
145,2026-03-28,15:29:25.63,8,5,"Hess, Brady",1000095549,Right,WHI_COL1,"Gonzaga, Kai",10138924,Left,POM_COL,Undefined,3,Bottom,2,2,2,Sinker,Changeup,BallCalled,Undefined,Undefined,Undefined,0,0,,83.2246,2.973403,-2.318044,2016.282528,255.633177,2:30,4.20169,2.00273,5.8268,-34.8084,6.06874,18.30151,4.06987,1.37179,75.19485,-3.506,0.957217,0.460163,,,,,,,,,,,,-9.90123,2.65162,-1.82352,50,4.42483,4.11613,-120.55753,5.12345,-14.45215,25.23672,-28.30366,POM_COL,WHI_COL1,PomonaPitzer,D3,Team,20260328-PomonaPitzer-1,93eccd80-2af5-11f1-bb04-df4732e2f9b7,81.91108,,,8.02975,,,,,,,02db39fb-0347-40de-93c4-abc1fa19139e,2026-03-28,22:29:25.63,2026-03-28T15:29:25.6380416-07:00,2026-03-28T22:29:25.6380416Z,,v3,643-145631,643-146222,,"Brummett, Jackson",10114400,Right,WHI_COL1,b64cf55b-3d22-447e-9926-5309ff120998,54.66962,-121.5311,12.61836,4.20611,6.21534,-14.15183,-1.99307,4.67366,-7.22608,,,,,,,,,,,,,,,,,,,,,,,,,,,,,,,,,,,,,,,,,,,,,,,,,,,High,High,High,,,,,
146,2026-03-28,15:29:47.21,8,6,"Hess, Brady",1000095549,Right,WHI_COL1,"Gonzaga, Kai",10138924,Left,POM_COL,Undefined,3,Bottom,2,3,2,Sinker,,FoulBallNotFieldable,Undefined,Undefined,Undefined,0,0,,81.78554,1.32675,-4.693555,1940.537947,,,4.37735,2.1232,6.00303,,,,2.94643,-0.34312,74.27981,-4.650361,-0.627478,0.466108,,,,,,,,,,,,-13.05709,5.13284,-1.76609,50,4.46445,8.85948,-118.44556,1.78559,-18.47563,23.4604,-24.91115,POM_COL,WHI_COL1,PomonaPitzer,D3,Team,20260328-PomonaPitzer-1,a126e170-2af5-11f1-bb04-df4732e2f9b7,80.8664,,,7.50573,,,,,,,02db39fb-0347-40de-93c4-abc1fa19139e,2026-03-28,22:29:47.21,2026-03-28T15:29:47.2196096-07:00,2026-03-28T22:29:47.2196096Z,,v3,643-145631,643-146222,,"Brummett, Jackson",10114400,Right,WHI_COL1,6b394e3c-2883-4d6e-ad3d-71a4554d1782,54.4971,-119.33298,11.7302,4.37908,2.72788,-12.45558,-2.11443,9.55833,-9.23782,,,,,,,,,,,,,,,,,,,,,,,,,,,,,,,,,,,,,,,,,,,,,,,,,,,Low,Low,Low,,,,,
147,2026-03-28,15:30:12.43,8,7,"Hess, Brady",1000095549,Right,WHI_COL1,"Gonzaga, Kai",10138924,Left,POM_COL,Undefined,3,Bottom,2,3,2,Sinker,Changeup,FoulBallNotFieldable,Undefined,Undefined,Undefined,0,0,,81.82884,2.394218,-4.001008,1931.863493,259.310177,2:45,4.18249,2.01097,6.08133,-37.17018,4.42799,16.5119,3.30675,-0.32069,74.60507,-4.514018,-1.037876,0.464204,,,,,,,,,,,,-9.61575,2.00685,-1.71011,50,4.34827,7.66809,-118.58764,3.81477,-13.69357,22.66949,-29.31614,POM_COL,WHI_COL1,PomonaPitzer,D3,Team,20260328-PomonaPitzer-1,afd6f390-2af5-11f1-bb04-df4732e2f9b7,81.19808,,,7.22377,,,,,,,02db39fb-0347-40de-93c4-abc1fa19139e,2026-03-28,22:30:12.43,2026-03-28T15:30:12.4398592-07:00,2026-03-28T22:30:12.4398592Z,,v3,643-145631,643-146222,,"Brummett, Jackson",10114400,Right,WHI_COL1,636bd104-ead2-4877-87e4-18dbe90c28ba,54.41848,-119.4293,11.33475,4.18643,4.9032,-14.65807,-2.00424,8.1765,-6.84678,,,,,,,,,,,,,,,,,,,,,,,,,,,,,,,,,,,,,,,,,,,,,,,,,,,High,High,High,,,,,
148,2026-03-28,15:30:39.48,8,8,"Hess, Brady",1000095549,Right,WHI_COL1,"Gonzaga, Kai",10138924,Left,POM_COL,Undefined,3,Bottom,2,3,2,Sinker,Changeup,InPlay,Undefined,Popup,Out,1,0,,82.66144,1.474511,-3.30781,1808.662668,258.944949,2:45,4.08345,2.05034,6.18354,-36.87758,3.80138,12.66268,2.37444,0.04777,75.24453,-5.397016,-1.027491,0.459046,78.91362,40.822396,43.420828,,,,,,90.51975,,,-7.52016,1.92705,-1.80677,50,4.17631,6.45232,-119.91223,1.95111,-10.89763,24.21562,-29.38151,POM_COL,WHI_COL1,PomonaPitzer,D3,Team,20260328-PomonaPitzer-1,bff562c0-2af5-11f1-bb04-df4732e2f9b7,82.11033,70.70529,,7.41691,,,,0.88147,2.32348,-0.03827,02db39fb-0347-40de-93c4-abc1fa19139e,2026-03-28,22:30:39.48,2026-03-28T15:30:39.4877952-07:00,2026-03-28T22:30:39.4877952Z,,v3,643-145631,643-146222,,"Brummett, Jackson",10114400,Right,WHI_COL1,e2bbed84-f381-4503-b93a-30243f7f7f12,54.31557,-120.7806,12.10781,4.08745,3.00471,-14.69076,-2.04515,6.8431,-5.44882,,0.88147,63.61507,-10.27189,2.04774,-0.31995,0.03606,-0.00154,-0.0006,0.00014,2.32348,75.661,-19.70754,0.83156,0.17526,-0.11376,0.03686,-0.00765,0.00087,-0.03827,60.2016,-20.50573,6.11562,-1.52323,0.35028,-0.07576,0.01298,-0.0012,,,,,,,,,,,,,,,,,,,,,,,High,High,High,Low,Undefined,,,
149,2026-03-28,15:33:03.43,1,1,"Della Bitta, Eli",1000323431,Right,POM_COL,"Jasso, Alexander",1000218885,Right,WHI_COL1,Undefined,4,Top,0,0,0,Fastball,Changeup,BallCalled,Undefined,Undefined,Undefined,0,0,,84.10801,-0.724569,-1.310077,1769.261709,212.091732,1:00,6.74279,1.06308,4.23446,-24.89592,17.87406,10.19949,3.97421,0.65854,75.53172,-5.314851,0.465252,0.470696,,,,,,,,,,,,-5.25516,9.26205,-0.93077,50,6.63926,2.2712,-121.52621,-2.46437,-7.73733,27.25551,-18.53728,POM_COL,WHI_COL1,PomonaPitzer,D3,Team,20260328-PomonaPitzer-1,15ba2c40-2af6-11f1-bb04-df4732e2f9b7,80.07801,,,8.57629,,,,,,,02db39fb-0347-40de-93c4-abc1fa19139e,2026-03-28,22:33:03.43,2026-03-28T15:33:03.4369024-07:00,2026-03-28T22:33:03.4369024Z,,v3,643-145631,643-146222,,"Parker, Will",1000474009,Right,POM_COL,d9d9c31e-17f5-4d47-aec1-1a67cb8b1ca0,56.25676,-122.92145,13.62775,6.74113,-1.51543,-9.26864,-1.05718,2.66728,-3.86866,,,,,,,,,,,,,,,,,,,,,,,,,,,,,,,,,,,,,,,,,,,,,,,,,,,High,High,High,,,,,
150,2026-03-28,15:33:15.12,1,2,"Della Bitta, Eli",1000323431,Right,POM_COL,"Jasso, Alexander",1000218885,Right,WHI_COL1,Undefined,4,Top,0,1,0,Curveball,Curveball,BallCalled,Undefined,Undefined,Undefined,0,0,,69.8455,-0.451263,-1.366545,2184.357253,47.822001,7:30,6.55338,1.02684,3.97306,-67.37783,-5.12284,-8.02595,0.50433,-0.95681,64.24945,-12.321268,-2.762662,0.567882,,,,,,,,,,,,3.41685,-1.71543,-0.86136,50,6.42653,2.73492,-101.06874,-3.22976,3.49102,18.35408,-33.92671,POM_COL,WHI_COL1,PomonaPitzer,D3,Team,20260328-PomonaPitzer-1,1cc54dd0-2af6-11f1-bb04-df4732e2f9b7,66.37367,,,5.59605,,,,,,,02db39fb-0347-40de-93c4-abc1fa19139e,2026-03-28,22:33:15.12,2026-03-28T15:33:15.1243264-07:00,2026-03-28T22:33:15.1243264Z,,v3,643-145631,643-146222,,"Parker, Will",1000474009,Right,POM_COL,25c4a0fd-3a1a-4455-b2b8-c253db148043,56.52659,-102.2471,9.17704,6.56397,-1.05162,-16.96336,-1.02976,2.51079,1.74551,,,,,,,,,,,,,,,,,,,,,,,,,,,,,,,,,,,,,,,,,,,,,,,,,,,High,High,High,,,,,
151,2026-03-28,15:33:33.24,1,3,"Della Bitta, Eli",1000323431,Right,POM_COL,"Jasso, Alexander",1000218885,Right,WHI_COL1,Undefined,4,Top,0,2,0,Fastball,Changeup,StrikeCalled,Undefined,Undefined,Undefined,0,0,,85.5816,-2.711317,-2.791169,1953.758915,220.476654,1:15,6.64364,1.06389,4.5126,-23.22269,17.56391,13.71867,2.12074,-0.45373,77.42379,-6.987854,-0.392892,0.459653,,,,,,,,,,,,-7.46638,9.78548,-0.78542,50,6.33852,5.35993,-123.60295,-6.71173,-11.43364,26.96694,-17.18904,POM_COL,WHI_COL1,PomonaPitzer,D3,Team,20260328-PomonaPitzer-1,27805800-2af6-11f1-bb04-df4732e2f9b7,82.00193,,,8.15781,,,,,,,02db39fb-0347-40de-93c4-abc1fa19139e,2026-03-28,22:33:33.24,2026-03-28T15:33:33.2491264-07:00,2026-03-28T22:33:33.2491264Z,,v3,643-145631,643-146222,,"Parker, Will",1000474009,Right,POM_COL,e30fa011-d20d-4978-b094-90a7563adcdf,55.98174,-124.90119,13.48347,6.64171,-5.88422,-8.59452,-1.0567,5.91037,-5.71682,,,,,,,,,,,,,,,,,,,,,,,,,,,,,,,,,,,,,,,,,,,,,,,,,,,High,High,High,,,,,
152,2026-03-28,15:33:46.79,1,4,"Della Bitta, Eli",1000323431,Right,POM_COL,"Jasso, Alexander",1000218885,Right,WHI_COL1,Undefined,4,Top,0,2,1,Curveball,Curveball,StrikeCalled,Undefined,Undefined,Undefined,0,0,,69.52431,2.700167,-1.022276,2242.347449,40.588429,7:15,6.64239,0.85655,4.26026,-67.85921,-5.90359,-6.81969,3.57373,-0.69013,63.59695,-9.40103,-2.210584,0.566515,,,,,,,,,,,,2.95091,-2.92886,-0.73766,50,6.86735,2.07065,-100.60615,2.34637,3.00467,17.31814,-35.15625,POM_COL,WHI_COL1,PomonaPitzer,D3,Team,20260328-PomonaPitzer-1,2fae0090-2af6-11f1-bb04-df4732e2f9b7,66.53384,,,5.92735,,,,,,,02db39fb-0347-40de-93c4-abc1fa19139e,2026-03-28,22:33:46.79,2026-03-28T15:33:46.7923968-07:00,2026-03-28T22:33:46.7923968Z,,v3,643-145631,643-146222,,"Parker, Will",1000474009,Right,POM_COL,7f12f289-9c96-4e3b-9f29-8ebafda74fd4,56.23873,-101.6744,8.65907,6.65573,4.51495,-17.57813,-0.85968,1.88532,1.50233,,,,,,,,,,,,,,,,,,,,,,,,,,,,,,,,,,,,,,,,,,,,,,,,,,,High,High,High,,,,,
153,2026-03-28,15:34:01.51,1,5,"Della Bitta, Eli",1000323431,Right,POM_COL,"Jasso, Alexander",1000218885,Right,WHI_COL1,Undefined,4,Top,0,2,2,Fastball,Changeup,FoulBallNotFieldable,Undefined,Undefined,Undefined,0,0,,85.90998,-2.482389,-2.394773,1990.34045,223.46455,1:30,6.77377,0.78754,4.10242,-23.58316,17.72442,15.29902,2.42255,-0.23718,77.23935,-6.809284,0.26117,0.462579,,,,,,,,,,,,-8.09957,9.73898,-0.53749,50,6.4722,4.42076,-123.97908,-6.29156,-12.39815,28.61013,-17.26639,POM_COL,WHI_COL1,PomonaPitzer,D3,Team,20260328-PomonaPitzer-1,385fcd40-2af6-11f1-bb04-df4732e2f9b7,81.48319,,,8.67063,,,,,,,02db39fb-0347-40de-93c4-abc1fa19139e,2026-03-28,22:34:01.51,2026-03-28T15:34:01.5170000-07:00,2026-03-28T22:34:01.5170000Z,,v3,643-145631,643-146222,,"Parker, Will",1000474009,Right,POM_COL,26406542-b5b6-4ee1-9c68-36e94a900801,56.39255,-125.44559,14.30507,6.77201,-5.40651,-8.6332,-0.78038,5.05627,-6.19907,,,,,,,,,,,,,,,,,,,,,,,,,,,,,,,,,,,,,,,,,,,,,,,,,,,High,High,High,,,,,
154,2026-03-28,15:34:26.08,1,6,"Della Bitta, Eli",1000323431,Right,POM_COL,"Jasso, Alexander",1000218885,Right,WHI_COL1,Undefined,4,Top,0,2,2,Fastball,Four-Seam,FoulBallNotFieldable,Undefined,Undefined,Undefined,0,0,,85.19526,-1.510765,-3.751261,2048.328216,231.161053,1:45,6.71085,1.0931,4.20038,-24.12096,17.80607,20.10273,3.25001,-0.83054,76.3738,-5.957632,-0.261788,0.466035,,,,,,,,,,,,-10.91453,9.50382,-0.70246,50,6.52062,7.07502,-122.89923,-4.16152,-16.39916,28.36061,-17.89451,POM_COL,WHI_COL1,PomonaPitzer,D3,Team,20260328-PomonaPitzer-1,47072cd0-2af6-11f1-bb04-df4732e2f9b7,80.87899,,,8.82147,,,,,,,02db39fb-0347-40de-93c4-abc1fa19139e,2026-03-28,22:34:26.08,2026-03-28T15:34:26.0856832-07:00,2026-03-28T22:34:26.0856832Z,,v3,643-145631,643-146222,,"Parker, Will",1000474009,Right,POM_COL,198f8d75-e226-4fa7-ba34-3d02c2bf5d85,56.29579,-124.34358,14.18031,6.70935,-3.25019,-8.94726,-1.08404,7.9102,-8.19958,,,,,,,,,,,,,,,,,,,,,,,,,,,,,,,,,,,,,,,,,,,,,,,,,,,High,High,High,,,,,
155,2026-03-28,15:34:45.06,1,7,"Della Bitta, Eli",1000323431,Right,POM_COL,"Jasso, Alexander",1000218885,Right,WHI_COL1,Undefined,4,Top,0,2,2,Curveball,Curveball,BallCalled,Undefined,Undefined,Undefined,0,0,,70.51009,-0.423704,-2.099136,2368.443061,31.722236,7:00,6.74182,0.97341,3.81847,-69.73594,-8.25993,-6.40803,0.52148,-1.58647,64.92318,-12.649694,-3.21045,0.564319,,,,,,,,,,,,2.39898,-3.23799,-0.72023,50,6.61063,4.00173,-101.98403,-3.34633,2.49538,18.70712,-35.54216,POM_COL,WHI_COL1,PomonaPitzer,D3,Team,20260328-PomonaPitzer-1,52624790-2af6-11f1-bb04-df4732e2f9b7,66.79284,,,5.58691,,,,,,,02db39fb-0347-40de-93c4-abc1fa19139e,2026-03-28,22:34:45.06,2026-03-28T15:34:45.0688000-07:00,2026-03-28T22:34:45.0688000Z,,v3,643-145631,643-146222,,"Parker, Will",1000474009,Right,POM_COL,1c19894c-b0fe-4dcb-acce-4335ae2bd3d5,56.68216,-103.20247,9.35356,6.7532,-1.03138,-17.77108,-0.97558,3.8392,1.24769,,,,,,,,,,,,,,,,,,,,,,,,,,,,,,,,,,,,,,,,,,,,,,,,,,,High,High,High,,,,,
156,2026-03-28,15:35:00.54,1,8,"Della Bitta, Eli",1000323431,Right,POM_COL,"Jasso, Alexander",1000218885,Right,WHI_COL1,Undefined,4,Top,0,3,2,Fastball,Four-Seam,FoulBallNotFieldable,Undefined,Undefined,Undefined,0,0,,85.9683,-3.364106,-2.076712,2315.667433,206.392326,1:00,6.72398,0.86864,4.13329,-17.06721,24.59135,11.33871,2.06911,-0.17926,76.48903,-6.590386,-0.107954,0.464541,,,,,,,,,,,,-6.14835,13.43414,-0.65062,50,6.33339,3.91899,-123.82043,-7.85114,-9.29631,30.7294,-11.86164,POM_COL,WHI_COL1,PomonaPitzer,D3,Team,20260328-PomonaPitzer-1,5be17660-2af6-11f1-bb04-df4732e2f9b7,81.13917,,,9.47927,,,,,,,02db39fb-0347-40de-93c4-abc1fa19139e,2026-03-28,22:35:00.54,2026-03-28T15:35:00.5441536-07:00,2026-03-28T22:35:00.5441536Z,,v3,643-145631,643-146222,,"Parker, Will",1000474009,Right,POM_COL,78aaeb59-315c-481d-92bc-2a2b668b6e5f,56.35912,-125.38868,15.3647,6.71862,-7.24579,-5.93082,-0.86273,4.39342,-4.64815,,,,,,,,,,,,,,,,,,,,,,,,,,,,,,,,,,,,,,,,,,,,,,,,,,,High,High,High,,,,,
157,2026-03-28,15:35:21.30,1,9,"Della Bitta, Eli",1000323431,Right,POM_COL,"Jasso, Alexander",1000218885,Right,WHI_COL1,Undefined,4,Top,0,3,2,Curveball,Curveball,StrikeSwinging,Strikeout,Undefined,Undefined,0,0,,70.33272,-0.72171,-0.677313,2301.936165,39.272076,7:15,6.64822,0.99607,4.09829,-65.96515,-4.78087,-5.66768,0.45835,-0.12634,64.58912,-12.376266,-1.666383,0.562978,,,,,,,,,,,,2.51697,-1.49736,-0.91375,50,6.49626,1.43041,-101.78964,-3.64506,2.60396,18.87903,-33.72319,POM_COL,WHI_COL1,PomonaPitzer,D3,Team,20260328-PomonaPitzer-1,67f86710-2af6-11f1-bb04-df4732e2f9b7,66.95189,,,5.7436,,,,,,,02db39fb-0347-40de-93c4-abc1fa19139e,2026-03-28,22:35:21.30,2026-03-28T15:35:21.3069312-07:00,2026-03-28T22:35:21.3069312Z,,v3,643-145631,643-146222,,"Parker, Will",1000474009,Right,POM_COL,1b5cfe8d-8b89-4490-91d9-79c178c0aab5,56.40116,-102.97002,9.43952,6.65825,-1.53656,-16.8616,-0.9981,1.2676,1.30198,,,,,,,,,,,,,,,,,,,,,,,,,,,,,,,,,,,,,,,,,,,,,,,,,,,High,High,High,,,,,
158,2026-03-28,15:35:55.29,2,1,"Della Bitta, Eli",1000323431,Right,POM_COL,"Plaskett, Joe",1000237974,Right,WHI_COL1,Undefined,4,Top,1,0,0,Curveball,Curveball,InPlay,Undefined,Popup,Out,1,0,,68.82103,2.323613,-0.741867,2231.821617,52.129823,7:45,6.57734,1.13343,4.29658,-69.55736,-5.80142,-10.43839,3.00443,-0.44594,62.47394,-10.110921,-2.563562,0.574687,72.74332,-47.308326,152.695851,,,,,2.2631,2.2631,131.268374,0.036966,4.79477,-2.9241,-1.04158,50,6.75851,1.69733,-99.51802,1.64504,4.72288,18.62514,-35.05431,POM_COL,WHI_COL1,PomonaPitzer,D3,Team,20260328-PomonaPitzer-1,7c4cb7c0-2af6-11f1-bb04-df4732e2f9b7,65.58772,2.91028,,6.34709,,,,0.89291,2.91028,0.46948,02db39fb-0347-40de-93c4-abc1fa19139e,2026-03-28,22:35:55.29,2026-03-28T15:35:55.2907264-07:00,2026-03-28T22:35:55.2907264Z,GroundBall,v3,643-145631,643-146222,,"Parker, Will",1000474009,Right,POM_COL,0a0c9f06-2d92-4b86-a20d-3503bd752abc,56.20248,-100.67215,9.31257,6.58927,3.81721,-17.52715,-1.13769,1.40468,2.36144,,0.89443,-64.53625,,,,,,,,2.91213,-78.72936,,,,,,,,0.4687,33.31556,,,,,,,,,,,,,,,,,,,,,,,,,,,,,,High,High,High,Estimated,Estimated,,,
159,2026-03-28,15:36:30.76,3,1,"Della Bitta, Eli",1000323431,Right,POM_COL,"Cardoza, Aidan",1000339820,Right,WHI_COL1,Undefined,4,Top,2,0,0,Fastball,Four-Seam,BallCalled,Undefined,Undefined,Undefined,0,0,,85.47393,-4.718797,-2.082063,2189.403525,220.012219,1:15,6.66485,1.1244,4.36649,-23.93257,17.60989,13.42182,0.15033,0.25342,77.05659,-9.091232,0.261476,0.463893,,,,,,,,,,,,-7.19481,10.54067,-0.91557,50,6.13531,3.8319,-123.12403,-11.06476,-10.84672,28.528,-16.28314,POM_COL,WHI_COL1,PomonaPitzer,D3,Team,20260328-PomonaPitzer-1,9154a100-2af6-11f1-bb04-df4732e2f9b7,81.25249,,,8.41734,,,,,,,02db39fb-0347-40de-93c4-abc1fa19139e,2026-03-28,22:36:30.76,2026-03-28T15:36:30.7678720-07:00,2026-03-28T22:36:30.7678720Z,,v3,643-145631,643-146222,,"Parker, Will",1000474009,Right,POM_COL,d614051d-e7b8-4e6b-b599-f380b0c741de,56.12899,-124.53603,14.264,6.66302,-10.25883,-8.14157,-1.11851,4.36876,-5.42336,,,,,,,,,,,,,,,,,,,,,,,,,,,,,,,,,,,,,,,,,,,,,,,,,,,High,High,High,,,,,
160,2026-03-28,15:36:52.65,3,2,"Della Bitta, Eli",1000323431,Right,POM_COL,"Cardoza, Aidan",1000339820,Right,WHI_COL1,Undefined,4,Top,2,1,0,Fastball,Four-Seam,InPlay,Undefined,FlyBall,Out,1,0,,85.92117,-1.838596,-1.770296,2104.528243,211.766429,1:00,6.71295,1.03576,4.31238,-22.13289,18.75422,10.65666,3.10932,0.23079,77.2472,-5.934039,0.08705,0.460219,85.16573,44.475088,-2.151422,,109.46305,98.06554,-10.85183,287.14835,283.60982,-10.481537,5.649793,-5.7252,10.0852,-0.85595,50,6.49324,3.317,-124.14563,-4.80781,-8.79003,28.61654,-16.69003,POM_COL,WHI_COL1,PomonaPitzer,D3,Team,20260328-PomonaPitzer-1,9e5a5e80-2af6-11f1-bb04-df4732e2f9b7,81.90107,115.18448,,8.67397,,,,0.82477,3.37074,-0.2544,02db39fb-0347-40de-93c4-abc1fa19139e,2026-03-28,22:36:52.65,2026-03-28T15:36:52.6520832-07:00,2026-03-28T22:36:52.6520832Z,FlyBall,v3,643-145631,643-146222,,"Parker, Will",1000474009,Right,POM_COL,18f8f755-e626-4277-931e-789c063a99c2,56.18272,-125.56271,14.30827,6.71085,-3.98132,-8.34502,-1.03098,3.75228,-4.39501,,0.83035,88.9572,-18.91119,4.11425,-0.35895,-0.07631,0.02733,-0.00315,0.00013,3.36813,87.55252,-19.65963,1.48845,-0.28996,0.03183,0.00336,-0.00117,8E-05,-0.25356,-3.36269,-2.87837,0.68228,-0.08063,-0.00529,0.00316,-0.00039,2E-05,,,,,,,,,,,,,,,,,,,,,,,High,High,High,Medium,Medium,,,
161,2026-03-28,15:38:46.38,1,1,"Hess, Brady",1000095549,Right,WHI_COL1,"Pierantoni, Greg",1000091552,Right,POM_COL,Undefined,4,Bottom,0,0,0,Sinker,Changeup,StrikeCalled,Undefined,Undefined,Undefined,0,0,,82.35247,0.758022,-3.934365,1931.423116,270.867351,3:00,4.278,2.10857,5.93037,-40.48829,1.09807,21.80202,1.60898,0.26932,74.74684,-6.734442,-0.025273,0.464138,,,,,,,,,,,,-12.2743,0.80398,-1.80573,50,4.31618,7.33513,-119.33873,0.24876,-17.54261,24.88504,-31.025,POM_COL,WHI_COL1,PomonaPitzer,D3,Team,20260328-PomonaPitzer-1,e239db80-2af6-11f1-bb04-df4732e2f9b7,81.20958,,,7.60562,,,,,,,02db39fb-0347-40de-93c4-abc1fa19139e,2026-03-28,22:38:46.38,2026-03-28T15:38:46.3889920-07:00,2026-03-28T22:38:46.3889920Z,,v3,643-145631,643-146222,,"Brummett, Jackson",10114400,Right,WHI_COL1,44db7042-1007-4786-ab10-5dbbeb2fd62d,54.56876,-120.28765,12.44252,4.28414,1.43182,-15.5125,-2.09819,8.00407,-8.77131,,,,,,,,,,,,,,,,,,,,,,,,,,,,,,,,,,,,,,,,,,,,,,,,,,,High,High,High,,,,,
162,2026-03-28,15:39:00.42,1,2,"Hess, Brady",1000095549,Right,WHI_COL1,"Pierantoni, Greg",1000091552,Right,POM_COL,Undefined,4,Bottom,0,0,1,Slider,Slider,FoulBallNotFieldable,Undefined,Undefined,Undefined,0,0,,70.06183,2.059961,-1.1039,1843.783868,158.557332,11:15,4.2672,2.04908,5.58007,-49.81904,8.22949,-2.46874,2.04064,0.81226,63.82968,-7.132873,-1.544177,0.548362,96.83719,17.734075,-38.812355,2359.312054,83.34667,22.5709,-71.78664,244.11441,167.00294,-46.109355,2.260458,0.92421,4.07087,-1.95245,50,4.4119,2.04188,-101.59231,2.23783,0.95801,17.91085,-27.95423,POM_COL,WHI_COL1,PomonaPitzer,D3,Team,20260328-PomonaPitzer-1,ea92d9d0-2af6-11f1-bb04-df4732e2f9b7,68.73647,22.9287,,6.23215,,,,2.71465,2.50498,-0.99956,02db39fb-0347-40de-93c4-abc1fa19139e,2026-03-28,22:39:00.42,2026-03-28T15:39:00.4242944-07:00,2026-03-28T22:39:00.4242944Z,LineDrive,v3,643-145631,643-146222,,"Brummett, Jackson",10114400,Right,WHI_COL1,21859fb4-6acd-4967-870a-081711375dee,54.91788,-102.45567,8.95543,4.27155,3.58532,-13.97712,-2.04976,1.9957,0.47901,,2.71465,105.40906,-16.09201,0.99469,0.12299,-0.17768,0.08984,-0.02719,0.00364,2.50498,43.26203,-26.61554,4.6485,-1.11067,0.29769,-0.07943,0.01821,-0.00214,-0.99955,-84.78888,5.6885,-1.61954,0.33444,-0.047,0.0029,0.00029,-8E-05,,,,,,,,,,,,,,,,,,,,,,,High,High,High,High,Medium,,,
163,2026-03-28,15:39:30.53,1,3,"Hess, Brady",1000095549,Right,WHI_COL1,"Pierantoni, Greg",1000091552,Right,POM_COL,Undefined,4,Bottom,0,0,2,Sinker,Changeup,BallCalled,Undefined,Undefined,Undefined,0,0,,83.493,3.277381,-4.327432,1852.208312,255.819461,2:30,4.32968,2.03824,6.12366,-34.54037,5.3776,16.38902,4.49302,-0.60406,76.05718,-3.149618,-1.387817,0.454732,,,,,,,,,,,,-9.50709,2.3102,-1.71425,50,4.56375,8.48896,-120.85272,5.84921,-14.09781,22.96661,-28.74829,POM_COL,WHI_COL1,PomonaPitzer,D3,Team,20260328-PomonaPitzer-1,fc843440-2af6-11f1-bb04-df4732e2f9b7,82.88933,,,7.43582,,,,,,,02db39fb-0347-40de-93c4-abc1fa19139e,2026-03-28,22:39:30.53,2026-03-28T15:39:30.5310720-07:00,2026-03-28T22:39:30.5310720Z,,v3,643-145631,643-146222,,"Brummett, Jackson",10114400,Right,WHI_COL1,bbacb458-985d-4dbf-bdf1-b0182caaeaee,54.37428,-121.68116,11.48331,4.33405,6.8862,-14.37414,-2.02963,8.99748,-7.0489,,,,,,,,,,,,,,,,,,,,,,,,,,,,,,,,,,,,,,,,,,,,,,,,,,,High,High,High,,,,,
164,2026-03-28,15:39:43.99,1,4,"Hess, Brady",1000095549,Right,WHI_COL1,"Pierantoni, Greg",1000091552,Right,POM_COL,Undefined,4,Bottom,0,1,2,Slider,Slider,HitByPitch,Undefined,Undefined,Undefined,0,0,,66.68778,0.127714,1.1777,1794.403627,111.474229,9:45,4.28592,2.01454,5.56107,-57.09357,6.63185,-11.62347,-0.35254,2.14634,61.5654,-10.302057,-0.900328,0.57455,,,,,,,,,,,,6.41918,3.68008,-2.10778,50,4.25861,-1.63725,-96.86469,-1.32519,6.0679,15.84781,-28.69535,POM_COL,WHI_COL1,PomonaPitzer,D3,Team,20260328-PomonaPitzer-1,048af3e0-2af7-11f1-bb04-df4732e2f9b7,65.60343,,,5.12238,,,,,,,02db39fb-0347-40de-93c4-abc1fa19139e,2026-03-28,22:39:43.99,2026-03-28T15:39:43.9932928-07:00,2026-03-28T22:39:43.9932928Z,,v3,643-145631,643-146222,,"Brummett, Jackson",10114400,Right,WHI_COL1,fa109f78-069e-49b7-b628-cecfe13415b9,54.94138,-97.6698,7.9239,4.2889,0.13259,-14.34768,-2.01677,-1.94552,3.03395,,,,,,,,,,,,,,,,,,,,,,,,,,,,,,,,,,,,,,,,,,,,,,,,,,,High,High,High,,,,,
165,2026-03-28,15:40:17.15,2,1,"Hess, Brady",1000095549,Right,WHI_COL1,"Gold, Jack",1000108729,Left,POM_COL,Undefined,4,Bottom,0,0,0,Sinker,Changeup,BallCalled,Undefined,Undefined,Undefined,0,0,,82.06884,-0.008181,-4.563542,2008.81115,252.234315,2:30,4.1513,2.12015,5.97882,-34.12836,7.17414,18.46288,1.29966,-0.58048,75.4251,-6.33057,-1.255991,0.462551,,,,,,,,,,,,-10.63993,4.0867,-1.76875,50,4.13175,8.78281,-118.98615,-1.09008,-15.33928,21.62903,-26.28239,POM_COL,WHI_COL1,PomonaPitzer,D3,Team,20260328-PomonaPitzer-1,1842b670-2af7-11f1-bb04-df4732e2f9b7,81.4882,,,6.64374,,,,,,,02db39fb-0347-40de-93c4-abc1fa19139e,2026-03-28,22:40:17.15,2026-03-28T15:40:17.1533824-07:00,2026-03-28T22:40:17.1533824Z,,v3,643-145631,643-146222,,"Brummett, Jackson",10114400,Right,WHI_COL1,ec1ed1d3-3b52-4b1e-9971-1683d5f9bdc5,54.52105,-119.80516,10.81452,4.15418,-0.09487,-13.14119,-2.11232,9.36365,-7.66964,,,,,,,,,,,,,,,,,,,,,,,,,,,,,,,,,,,,,,,,,,,,,,,,,,,High,High,High,,,,,
166,2026-03-28,15:40:35.26,2,2,"Hess, Brady",1000095549,Right,WHI_COL1,"Gold, Jack",1000108729,Left,POM_COL,Undefined,4,Bottom,0,1,0,Sinker,Changeup,BallCalled,Undefined,Undefined,Undefined,0,0,,83.5254,0.394019,-5.086089,2000.523562,252.759408,2:30,4.12152,2.12834,6.14076,-32.93604,6.77402,17.90434,1.74242,-1.09226,76.61295,-5.729127,-1.87395,0.453547,,,,,,,,,,,,-10.51449,3.79536,-1.74839,50,4.13478,10.07146,-121.01606,-0.1919,-15.67297,22.47406,-26.51664,POM_COL,WHI_COL1,PomonaPitzer,D3,Team,20260328-PomonaPitzer-1,2318e9c0-2af7-11f1-bb04-df4732e2f9b7,83.106,,,6.91245,,,,,,,02db39fb-0347-40de-93c4-abc1fa19139e,2026-03-28,22:40:35.26,2026-03-28T15:40:35.2637440-07:00,2026-03-28T22:40:35.2637440Z,,v3,643-145631,643-146222,,"Brummett, Jackson",10114400,Right,WHI_COL1,22e5ad53-8806-4d2f-a79e-9a4661641508,54.35854,-121.8228,11.23703,4.12459,0.75996,-13.25832,-2.12002,10.63407,-7.83649,,,,,,,,,,,,,,,,,,,,,,,,,,,,,,,,,,,,,,,,,,,,,,,,,,,High,High,High,,,,,
167,2026-03-28,15:40:54.38,2,3,"Hess, Brady",1000095549,Right,WHI_COL1,"Gold, Jack",1000108729,Left,POM_COL,Undefined,4,Bottom,0,2,0,Sinker,Changeup,BallCalled,Undefined,Undefined,Undefined,0,0,,83.46938,0.444486,-4.73813,1984.819261,250.06616,2:15,4.10099,2.02507,5.99288,-32.67624,7.50252,17.10241,1.79131,-0.95068,76.1461,-5.632666,-1.676145,0.456215,,,,,,,,,,,,-10.02296,4.14894,-1.65984,50,4.11834,9.33247,-120.88895,-0.09764,-14.82385,23.69172,-26.03783,POM_COL,WHI_COL1,PomonaPitzer,D3,Team,20260328-PomonaPitzer-1,2e7b0960-2af7-11f1-bb04-df4732e2f9b7,82.61989,,,7.32327,,,,,,,02db39fb-0347-40de-93c4-abc1fa19139e,2026-03-28,22:40:54.38,2026-03-28T15:40:54.3840256-07:00,2026-03-28T22:40:54.3840256Z,,v3,643-145631,643-146222,,"Brummett, Jackson",10114400,Right,WHI_COL1,f96b0705-80d7-4e13-ba05-e954a316a20a,54.50506,-121.76865,11.84586,4.10401,0.86917,-13.01891,-2.01658,9.8829,-7.41193,,,,,,,,,,,,,,,,,,,,,,,,,,,,,,,,,,,,,,,,,,,,,,,,,,,High,High,High,,,,,
168,2026-03-28,15:41:12.90,2,4,"Hess, Brady",1000095549,Right,WHI_COL1,"Gold, Jack",1000108729,Left,POM_COL,Undefined,4,Bottom,0,3,0,Sinker,Changeup,StrikeCalled,Undefined,Undefined,Undefined,0,0,,82.63532,1.639984,-3.968319,1927.69867,254.682964,2:30,4.07703,2.18647,5.98609,-34.75624,6.02268,17.42135,2.70475,-0.04563,75.62032,-4.81129,-0.846218,0.45961,,,,,,,,,,,,-9.91784,3.07067,-1.88197,50,4.18776,7.61929,-119.81465,2.32997,-14.47202,22.32281,-27.69332,POM_COL,WHI_COL1,PomonaPitzer,D3,Team,20260328-PomonaPitzer-1,397bcf20-2af7-11f1-bb04-df4732e2f9b7,82.00965,,,7.015,,,,,,,02db39fb-0347-40de-93c4-abc1fa19139e,2026-03-28,22:41:12.90,2026-03-28T15:41:12.9020928-07:00,2026-03-28T22:41:12.9020928Z,,v3,643-145631,643-146222,,"Brummett, Jackson",10114400,Right,WHI_COL1,9824f787-8bb9-41ce-a476-0406e6b3dbbe,54.51268,-120.65248,11.16141,4.0808,3.36938,-13.84666,-2.17814,8.16247,-7.23601,,,,,,,,,,,,,,,,,,,,,,,,,,,,,,,,,,,,,,,,,,,,,,,,,,,High,High,High,,,,,
169,2026-03-28,15:41:30.52,2,5,"Hess, Brady",1000095549,Right,WHI_COL1,"Gold, Jack",1000108729,Left,POM_COL,Undefined,4,Bottom,0,3,1,Sinker,Changeup,InPlay,Undefined,FlyBall,Out,1,0,,82.2204,1.788135,-3.610828,1984.869841,254.003403,2:30,4.02656,2.10772,6.03746,-34.51199,6.53032,18.44454,2.8101,0.29692,75.31218,-4.62695,-0.300009,0.461092,,,,,,,,,,,,-10.49918,3.24103,-1.83584,50,4.14754,6.8345,-119.30435,2.66157,-15.19244,22.09999,-27.48426,POM_COL,WHI_COL1,PomonaPitzer,D3,Team,20260328-PomonaPitzer-1,43fbcc20-2af7-11f1-bb04-df4732e2f9b7,81.74609,,,6.90822,,,,,,,02db39fb-0347-40de-93c4-abc1fa19139e,2026-03-28,22:41:30.52,2026-03-28T15:41:30.5209344-07:00,2026-03-28T22:41:30.5209344Z,,v3,643-145631,643-146222,,"Brummett, Jackson",10114400,Right,WHI_COL1,9dfa9c80-9c18-4dcc-9cd6-d7fff2d6a1d4,54.46345,-120.12832,11.04999,4.02921,3.68629,-13.74213,-2.10122,7.40093,-7.59622,,,,,,,,,,,,,,,,,,,,,,,,,,,,,,,,,,,,,,,,,,,,,,,,,,,High,High,High,,,,,
170,2026-03-28,15:42:02.95,3,1,"Hess, Brady",1000095549,Right,WHI_COL1,"DeGrazia, Tanner",1000214434,Right,POM_COL,Undefined,4,Bottom,1,0,0,Sinker,Changeup,BallCalled,Undefined,Undefined,Undefined,0,0,,82.69188,0.742917,-4.030181,2039.467409,279.679857,3:15,4.03158,2.0823,5.87925,-42.59664,-1.81024,17.78954,1.17356,-0.18426,76.10737,-7.078089,-0.844227,0.459652,,,,,,,,,,,,-10.14091,-0.72402,-1.76648,50,4.06712,7.75343,-119.98206,0.12578,-14.85697,22.11978,-33.23475,POM_COL,WHI_COL1,PomonaPitzer,D3,Team,20260328-PomonaPitzer-1,575e1bb0-2af7-11f1-bb04-df4732e2f9b7,82.00214,,,6.58451,,,,,,,02db39fb-0347-40de-93c4-abc1fa19139e,2026-03-28,22:42:02.95,2026-03-28T15:42:02.9554688-07:00,2026-03-28T22:42:02.9554688Z,,v3,643-145631,643-146222,,"Brummett, Jackson",10114400,Right,WHI_COL1,89837843-452e-41ad-a53b-78ce6a0b963b,54.6222,-120.8312,11.05989,4.03781,1.40161,-16.61738,-2.07507,8.32376,-7.42848,,,,,,,,,,,,,,,,,,,,,,,,,,,,,,,,,,,,,,,,,,,,,,,,,,,High,High,High,,,,,
171,2026-03-28,15:42:16.78,3,2,"Hess, Brady",1000095549,Right,WHI_COL1,"DeGrazia, Tanner",1000214434,Right,POM_COL,Undefined,4,Bottom,1,1,0,Sinker,Changeup,BallCalled,Undefined,Undefined,Undefined,0,0,,82.66463,1.398231,-6.151006,2038.401426,261.403681,2:45,4.19441,2.15527,5.91733,-36.82274,4.23272,19.5856,2.43123,-1.94298,75.65041,-5.397728,-2.66341,0.461166,,,,,,,,,,,,-11.52902,2.2378,-1.67124,50,4.28637,12.08868,-119.48789,1.72968,-16.75858,21.85017,-28.92116,POM_COL,WHI_COL1,PomonaPitzer,D3,Team,20260328-PomonaPitzer-1,5f8f46b0-2af7-11f1-bb04-df4732e2f9b7,81.73298,,,7.01422,,,,,,,02db39fb-0347-40de-93c4-abc1fa19139e,2026-03-28,22:42:16.78,2026-03-28T15:42:16.7844352-07:00,2026-03-28T22:42:16.7844352Z,,v3,643-145631,643-146222,,"Brummett, Jackson",10114400,Right,WHI_COL1,1269cb46-07e4-48e3-b98e-e08e37f5de9c,54.58214,-120.32289,10.92509,4.19915,2.83489,-14.46058,-2.14544,12.7291,-8.37929,,,,,,,,,,,,,,,,,,,,,,,,,,,,,,,,,,,,,,,,,,,,,,,,,,,High,High,High,,,,,
172,2026-03-28,15:42:32.32,3,3,"Hess, Brady",1000095549,Right,WHI_COL1,"DeGrazia, Tanner",1000214434,Right,POM_COL,Undefined,4,Bottom,1,2,0,Sinker,Changeup,BallCalled,Undefined,Undefined,Undefined,0,0,,81.99411,0.759191,-3.129369,1904.978295,274.999939,3:15,4.01443,2.11862,5.77407,-41.98219,-0.39571,18.75509,1.22347,0.76666,75.47632,-6.945767,0.227651,0.464139,,,,,,,,,,,,-10.36442,-0.00173,-1.87124,50,4.05185,5.76787,-119.06023,0.16372,-14.94748,21.84632,-32.17655,POM_COL,WHI_COL1,PomonaPitzer,D3,Team,20260328-PomonaPitzer-1,68d7ae10-2af7-11f1-bb04-df4732e2f9b7,81.20946,,,6.51779,,,,,,,02db39fb-0347-40de-93c4-abc1fa19139e,2026-03-28,22:42:32.32,2026-03-28T15:42:32.3293696-07:00,2026-03-28T22:42:32.3293696Z,,v3,643-145631,643-146222,,"Brummett, Jackson",10114400,Right,WHI_COL1,83bdba7c-4957-4e00-bf15-b056b1df1e7e,54.7272,-119.92448,10.92316,4.0202,1.43665,-16.08827,-2.11112,6.35921,-7.47374,,,,,,,,,,,,,,,,,,,,,,,,,,,,,,,,,,,,,,,,,,,,,,,,,,,High,High,High,,,,,
173,2026-03-28,15:42:48.34,3,4,"Hess, Brady",1000095549,Right,WHI_COL1,"DeGrazia, Tanner",1000214434,Right,POM_COL,Undefined,4,Bottom,1,3,0,Sinker,Changeup,HitByPitch,Undefined,Undefined,Undefined,0,0,,82.85398,0.883134,-1.813794,2003.370171,252.374756,2:30,4.14706,2.14973,6.16059,-33.1523,7.01158,18.22048,2.20068,1.99198,75.9781,-5.299254,1.472667,0.45613,,,,,,,,,,,,-10.12469,3.68433,-2.02208,50,4.19677,3.16525,-120.4718,0.85812,-14.8887,23.2696,-26.75609,POM_COL,WHI_COL1,PomonaPitzer,D3,Team,20260328-PomonaPitzer-1,725926d0-2af7-11f1-bb04-df4732e2f9b7,82.63521,,,6.87588,,,,,,,02db39fb-0347-40de-93c4-abc1fa19139e,2026-03-28,22:42:48.34,2026-03-28T15:42:48.3431424-07:00,2026-03-28T22:42:48.3431424Z,,v3,643-145631,643-146222,,"Brummett, Jackson",10114400,Right,WHI_COL1,141a4b35-0693-4d77-a169-c814bf43de81,54.34184,-121.30755,11.6348,4.14869,1.81909,-13.37805,-2.14536,3.69999,-7.44435,,,,,,,,,,,,,,,,,,,,,,,,,,,,,,,,,,,,,,,,,,,,,,,,,,,High,High,High,,,,,
174,2026-03-28,15:45:57.88,4,1,"Imboden, Jacob",10168911,Right,WHI_COL1,"Berry, Cooper",1000276381,Left,POM_COL,Undefined,4,Bottom,1,0,0,Fastball,Changeup,StrikeCalled,Undefined,Undefined,Undefined,0,0,,80.9575,0.411746,-1.838736,1682.442368,236.978884,2:00,5.51352,1.75724,5.67607,-32.48978,10.61993,14.17879,3.19009,1.22406,73.82758,-5.623131,0.695542,0.472562,,,,,,,,,,,,-7.64205,5.71811,-1.61081,50,5.52811,3.19334,-117.47149,-0.19122,-10.64808,22.84712,-24.2067,POM_COL,WHI_COL1,PomonaPitzer,D3,Team,20260328-PomonaPitzer-1,e35d5770-2af7-11f1-bb04-df4732e2f9b7,79.76184,,,7.12992,,,,,,,02db39fb-0347-40de-93c4-abc1fa19139e,2026-03-28,22:45:57.88,2026-03-28T15:45:57.8828800-07:00,2026-03-28T22:45:57.8828800Z,,v3,643-145631,643-146222,,"Brummett, Jackson",10114400,Right,WHI_COL1,0bb5a9c2-cb5d-49ac-9f99-11698a9853aa,54.82001,-118.40523,11.42356,5.51571,0.79808,-12.10335,-1.75021,3.62851,-5.32404,,,,,,,,,,,,,,,,,,,,,,,,,,,,,,,,,,,,,,,,,,,,,,,,,,,High,High,High,,,,,
175,2026-03-28,15:46:13.61,4,2,"Imboden, Jacob",10168911,Right,WHI_COL1,"Berry, Cooper",1000276381,Left,POM_COL,Undefined,4,Bottom,1,0,1,Fastball,Changeup,InPlay,Undefined,Popup,Single,0,0,,81.91965,-0.856636,-1.71861,1881.206489,231.685497,1:45,5.49422,1.66586,5.49213,-30.7271,11.88237,13.18453,2.13186,1.1564,74.46485,-6.55422,0.631158,0.469813,70.59435,34.907703,-18.29437,4691.310566,100.55412,51.06349,-44.59673,233.95381,202.75132,-28.196847,3.723665,-7.18004,6.68032,-1.52465,50,5.3987,3.02617,-118.79357,-2.77916,-10.17129,24.59888,-22.71067,POM_COL,WHI_COL1,PomonaPitzer,D3,Team,20260328-PomonaPitzer-1,ecbe28d0-2af7-11f1-bb04-df4732e2f9b7,80.22869,52.0049,,7.4548,,,,1.08084,2.24847,-1.15652,02db39fb-0347-40de-93c4-abc1fa19139e,2026-03-28,22:46:13.61,2026-03-28T15:46:13.6112640-07:00,2026-03-28T22:46:13.6112640Z,FlyBall,v3,643-145631,643-146222,,"Brummett, Jackson",10114400,Right,WHI_COL1,d08884c0-7c79-4e30-84f8-482633e386e0,55.00533,-119.82555,12.29944,5.49531,-1.82639,-11.35533,-1.66056,3.45288,-5.08564,131.902401,1.08074,80.62556,-13.30806,3.23212,-0.76687,0.22509,-0.07368,0.01514,-0.00122,2.24924,59.22327,-19.28065,0.9431,0.23028,-0.23995,0.08979,-0.01537,0.00099,-1.15691,-26.6385,-2.80494,1.36538,-0.45349,0.13138,-0.03216,0.00485,-0.0003,,,,,,,,,,,,,,,,,,,,,,,High,High,High,High,Medium,,,
176,2026-03-28,15:46:50.87,5,1,"Imboden, Jacob",10168911,Right,WHI_COL1,"Parker, Will",1000474009,Left,POM_COL,Undefined,4,Bottom,1,0,0,Curveball,Curveball,StrikeCalled,Undefined,Undefined,Undefined,0,0,,67.17865,3.502831,0.486351,1884.139688,89.276666,9:00,5.62616,1.62951,4.89518,-63.6733,2.32709,-16.86599,3.63755,0.68405,60.25036,-8.111302,-2.483057,0.584716,,,,,,,,,,,,8.29158,0.84736,-1.66278,50,5.91769,-0.17893,-96.99872,3.95183,7.71636,18.45406,-31.38548,POM_COL,WHI_COL1,PomonaPitzer,D3,Team,20260328-PomonaPitzer-1,030018b0-2af8-11f1-bb04-df4732e2f9b7,64.46287,,,6.92829,,,,,,,02db39fb-0347-40de-93c4-abc1fa19139e,2026-03-28,22:46:50.87,2026-03-28T15:46:50.8705792-07:00,2026-03-28T22:46:50.8705792Z,,v3,643-145631,643-146222,,"Brummett, Jackson",10114400,Right,WHI_COL1,d197972d-40ca-4d44-9aff-db4fbceca596,55.59766,-98.05789,9.22703,5.63918,5.75321,-15.69274,-1.6398,-0.62181,3.85818,,,,,,,,,,,,,,,,,,,,,,,,,,,,,,,,,,,,,,,,,,,,,,,,,,,High,High,High,,,,,
177,2026-03-28,15:47:08.93,5,2,"Imboden, Jacob",10168911,Right,WHI_COL1,"Parker, Will",1000474009,Left,POM_COL,Undefined,4,Bottom,1,0,1,Fastball,Changeup,BallCalled,Undefined,Undefined,Undefined,0,0,,82.29588,-0.734441,-3.62317,2013.034215,217.294698,1:15,5.59928,1.58035,5.64478,-28.79844,13.53894,9.14052,2.51291,-1.04211,74.29055,-6.117444,-1.994344,0.46831,,,,,,,,,,,,-5.7154,7.5478,-1.27812,50,5.5189,7.15435,-119.0624,-2.43263,-8.09604,25.67159,-21.48233,POM_COL,WHI_COL1,PomonaPitzer,D3,Team,20260328-PomonaPitzer-1,0db4ba40-2af8-11f1-bb04-df4732e2f9b7,80.48611,,,8.00533,,,,,,,02db39fb-0347-40de-93c4-abc1fa19139e,2026-03-28,22:47:08.93,2026-03-28T15:47:08.9393152-07:00,2026-03-28T22:47:08.9393152Z,,v3,643-145631,643-146222,,"Brummett, Jackson",10114400,Right,WHI_COL1,3083ee8b-b60a-4a4c-b0ea-da0cf080d87d,54.84851,-120.10326,12.83579,5.59988,-1.56162,-10.74117,-1.57485,7.48261,-4.04802,,,,,,,,,,,,,,,,,,,,,,,,,,,,,,,,,,,,,,,,,,,,,,,,,,,High,High,High,,,,,
178,2026-03-28,15:47:25.16,5,3,"Imboden, Jacob",10168911,Right,WHI_COL1,"Parker, Will",1000474009,Left,POM_COL,Undefined,4,Bottom,1,1,1,Curveball,Curveball,FoulBallNotFieldable,Undefined,Undefined,Undefined,0,0,,68.637,1.772421,0.569474,1960.406728,58.432186,8:00,5.52887,1.67513,5.05295,-66.68736,-4.89583,-11.38701,1.64382,1.26331,62.82767,-10.287797,-1.447299,0.565765,,,,,,,,,,,,5.77792,-2.25004,-1.72001,50,5.645,-0.56972,-99.49654,0.96465,5.73157,17.51776,-34.40605,POM_COL,WHI_COL1,PomonaPitzer,D3,Team,20260328-PomonaPitzer-1,177055d0-2af8-11f1-bb04-df4732e2f9b7,66.6221,,,5.80934,,,,,,,02db39fb-0347-40de-93c4-abc1fa19139e,2026-03-28,22:47:25.16,2026-03-28T15:47:25.1633152-07:00,2026-03-28T22:47:25.1633152Z,,v3,643-145631,643-146222,,"Brummett, Jackson",10114400,Right,WHI_COL1,4b8ca389-10f9-4a26-b7aa-592506388fc6,55.44621,-100.45084,8.75888,5.5414,2.83897,-17.20302,-1.68047,-0.88196,2.86579,,,,,,,,,,,,,,,,,,,,,,,,,,,,,,,,,,,,,,,,,,,,,,,,,,,High,High,High,,,,,
179,2026-03-28,15:47:51.78,5,4,"Imboden, Jacob",10168911,Right,WHI_COL1,"Parker, Will",1000474009,Left,POM_COL,Undefined,4,Bottom,1,1,2,Fastball,Changeup,BallCalled,Undefined,Undefined,Undefined,0,0,,82.07558,0.932397,-2.452136,1834.691954,232.982116,1:45,5.62209,1.63818,5.6716,-29.57797,12.60241,14.80891,4.02743,0.58468,74.36185,-4.595918,0.191866,0.467441,,,,,,,,,,,,-8.14386,6.54674,-1.44011,50,5.68254,4.47601,-118.96659,1.00578,-11.58584,24.38421,-22.8604,POM_COL,WHI_COL1,PomonaPitzer,D3,Team,20260328-PomonaPitzer-1,273c1120-2af8-11f1-bb04-df4732e2f9b7,80.63572,,,7.71373,,,,,,,02db39fb-0347-40de-93c4-abc1fa19139e,2026-03-28,22:47:51.78,2026-03-28T15:47:51.7805568-07:00,2026-03-28T22:47:51.7805568Z,,v3,643-145631,643-146222,,"Brummett, Jackson",10114400,Right,WHI_COL1,52007693-5eb3-4353-9c88-8912c24443fe,54.82336,-119.95114,12.19211,5.62329,1.92881,-11.4302,-1.63029,4.94381,-5.79292,,,,,,,,,,,,,,,,,,,,,,,,,,,,,,,,,,,,,,,,,,,,,,,,,,,High,High,High,,,,,
180,2026-03-28,15:48:08.58,5,5,"Imboden, Jacob",10168911,Right,WHI_COL1,"Parker, Will",1000474009,Left,POM_COL,Undefined,4,Bottom,1,2,2,Curveball,Curveball,BallCalled,Undefined,Undefined,Undefined,0,0,,69.53442,0.295697,-1.783299,1994.669462,76.6176,8:30,5.48981,1.69586,4.91474,-61.87665,-0.65705,-12.33131,0.61316,-1.01847,63.20025,-10.877359,-3.960097,0.56314,,,,,,,,,,,,5.46437,0.25673,-1.51096,50,5.46758,3.59396,-100.62497,-1.46282,5.48001,19.65967,-31.91656,POM_COL,WHI_COL1,PomonaPitzer,D3,Team,20260328-PomonaPitzer-1,3150f040-2af8-11f1-bb04-df4732e2f9b7,66.9326,,,6.33417,,,,,,,02db39fb-0347-40de-93c4-abc1fa19139e,2026-03-28,22:48:08.58,2026-03-28T15:48:08.5839360-07:00,2026-03-28T22:48:08.5839360Z,,v3,643-145631,643-146222,,"Brummett, Jackson",10114400,Right,WHI_COL1,e012c670-8564-4fb3-a79d-9642974dd817,55.58219,-101.70975,9.82984,5.49971,0.29827,-15.95828,-1.70093,3.29158,2.74,,,,,,,,,,,,,,,,,,,,,,,,,,,,,,,,,,,,,,,,,,,,,,,,,,,High,High,High,,,,,
181,2026-03-28,15:48:41.76,5,6,"Imboden, Jacob",10168911,Right,WHI_COL1,"Parker, Will",1000474009,Left,POM_COL,Undefined,4,Bottom,1,3,2,Fastball,Changeup,InPlay,Undefined,GroundBall,Double,0,2,,81.47329,-0.936261,-3.521022,1665.512182,229.080804,1:45,5.58397,1.58873,5.74255,-30.96832,11.3167,11.54658,2.12981,-0.73156,74.88145,-6.66908,-1.458232,0.46802,73.88561,-33.577495,22.52181,,,,,4.26028,1.69374,28.386373,0.035847,-6.8428,6.40851,-1.30287,50,5.48699,6.82371,-118.17367,-2.9099,-9.7118,21.75147,-23.0786,POM_COL,WHI_COL1,PomonaPitzer,D3,Team,20260328-PomonaPitzer-1,450a3970-2af8-11f1-bb04-df4732e2f9b7,80.53593,2.15449,,6.59184,,,,0.75003,2.15449,0.78225,02db39fb-0347-40de-93c4-abc1fa19139e,2026-03-28,22:48:41.76,2026-03-28T15:48:41.7631744-07:00,2026-03-28T22:48:41.7631744Z,GroundBall,v3,643-145631,643-146222,,"Brummett, Jackson",10114400,Right,WHI_COL1,34b0e3d9-b28f-4ce7-a0ee-65e50c74b033,54.75666,-119.04598,10.87574,5.58512,-1.98436,-11.5393,-1.58433,7.21319,-4.8559,,0.74867,83.63247,,,,,,,,2.15546,-60.10167,,,,,,,,0.78169,34.67901,,,,,,,,,,,,,,,,,,,,,,,,,,,,,,High,High,High,Low,Low,,,
182,2026-03-28,15:49:31.18,6,1,"Imboden, Jacob",10168911,Right,WHI_COL1,"Loui, Shawn",1000474008,Right,POM_COL,Undefined,4,Bottom,1,0,0,Curveball,Curveball,StrikeCalled,Undefined,Undefined,Undefined,0,0,,68.44141,2.30176,-0.882299,1864.490773,103.035911,9:30,5.41919,1.62129,5.19454,-56.61137,4.98248,-12.87233,2.86816,-0.28141,62.64216,-8.023195,-3.16192,0.564859,,,,,,,,,,,,6.09457,2.49158,-1.52962,50,5.59053,1.99457,-99.18805,2.27661,6.04346,16.55075,-29.70335,POM_COL,WHI_COL1,PomonaPitzer,D3,Team,20260328-PomonaPitzer-1,62958c60-2af8-11f1-bb04-df4732e2f9b7,66.72894,,,5.79925,,,,,,,02db39fb-0347-40de-93c4-abc1fa19139e,2026-03-28,22:49:31.18,2026-03-28T15:49:31.1885312-07:00,2026-03-28T22:49:31.1885312Z,,v3,643-145631,643-146222,,"Brummett, Jackson",10114400,Right,WHI_COL1,c5e169c8-73db-41b8-9555-1065e32ad34c,55.30191,-100.06883,8.27538,5.42732,3.85732,-14.85168,-1.6272,1.67295,3.02173,,,,,,,,,,,,,,,,,,,,,,,,,,,,,,,,,,,,,,,,,,,,,,,,,,,High,High,High,,,,,
183,2026-03-28,15:49:46.14,6,2,"Imboden, Jacob",10168911,Right,WHI_COL1,"Loui, Shawn",1000474008,Right,POM_COL,Undefined,4,Bottom,1,0,1,Curveball,Curveball,StrikeCalled,Undefined,Undefined,Undefined,0,0,,70.34116,3.488837,-0.600876,1873.442057,61.592826,8:00,5.37759,1.58297,4.94246,-66.61216,-6.70268,-16.51312,3.12796,-0.361,63.35512,-8.594923,-3.51151,0.557082,,,,,,,,,,,,7.81406,-3.66902,-1.51063,50,5.66266,1.71357,-101.6765,3.98666,8.00189,20.05677,-35.93125,POM_COL,WHI_COL1,PomonaPitzer,D3,Team,20260328-PomonaPitzer-1,6b7546e0-2af8-11f1-bb04-df4732e2f9b7,67.66048,,,6.98605,,,,,,,02db39fb-0347-40de-93c4-abc1fa19139e,2026-03-28,22:49:46.14,2026-03-28T15:49:46.1465600-07:00,2026-03-28T22:49:46.1465600Z,,v3,643-145631,643-146222,,"Brummett, Jackson",10114400,Right,WHI_COL1,d82f28fc-c936-4b93-b058-dbb252f3e09b,55.55489,-102.76642,10.02839,5.39297,5.93922,-17.96562,-1.59193,1.27873,4.00095,,,,,,,,,,,,,,,,,,,,,,,,,,,,,,,,,,,,,,,,,,,,,,,,,,,High,High,High,,,,,
184,2026-03-28,15:50:03.42,6,3,"Imboden, Jacob",10168911,Right,WHI_COL1,"Loui, Shawn",1000474008,Right,POM_COL,Undefined,4,Bottom,1,0,2,Fastball,Changeup,BallCalled,Undefined,Undefined,Undefined,0,0,,81.27799,1.890959,-2.821847,1487.260953,245.283027,2:15,5.54113,1.5216,5.6826,-34.13128,8.81528,16.05131,4.46226,0.22675,73.74265,-4.45124,0.042868,0.471667,,,,,,,,,,,,-8.8567,4.37902,-1.2935,50,5.67955,5.14205,-117.77397,2.78938,-12.37819,23.40055,-26.05387,POM_COL,WHI_COL1,PomonaPitzer,D3,Team,20260328-PomonaPitzer-1,75b24770-2af8-11f1-bb04-df4732e2f9b7,79.91324,,,7.53534,,,,,,,02db39fb-0347-40de-93c4-abc1fa19139e,2026-03-28,22:50:03.42,2026-03-28T15:50:03.4248704-07:00,2026-03-28T22:50:03.4248704Z,,v3,643-145631,643-146222,,"Brummett, Jackson",10114400,Right,WHI_COL1,fc6ffe19-3eea-4bd5-9c85-db6892a9a510,54.81333,-118.72648,11.70028,5.54443,3.8499,-13.02694,-1.51306,5.6459,-6.18909,,,,,,,,,,,,,,,,,,,,,,,,,,,,,,,,,,,,,,,,,,,,,,,,,,,High,High,High,,,,,
185,2026-03-28,15:50:20.67,6,4,"Imboden, Jacob",10168911,Right,WHI_COL1,"Loui, Shawn",1000474008,Right,POM_COL,Undefined,4,Bottom,1,1,2,Fastball,Changeup,BallCalled,Undefined,Undefined,Undefined,0,1,,81.35326,0.875626,-5.115884,1628.49348,230.053155,1:45,5.45527,1.47642,5.69289,-31.72553,11.39713,11.84465,3.63085,-2.31699,73.70443,-5.02784,-3.011387,0.472633,,,,,,,,,,,,-7.49898,5.96559,-1.05285,50,5.50957,10.04809,-117.58654,0.80619,-10.42773,23.71404,-23.87855,POM_COL,WHI_COL1,PomonaPitzer,D3,Team,20260328-PomonaPitzer-1,7ffbcb20-2af8-11f1-bb04-df4732e2f9b7,79.74986,,,7.64883,,,,,,,02db39fb-0347-40de-93c4-abc1fa19139e,2026-03-28,22:50:20.67,2026-03-28T15:50:20.6720000-07:00,2026-03-28T22:50:20.6720000Z,,v3,643-145631,643-146222,,"Brummett, Jackson",10114400,Right,WHI_COL1,d80df282-1294-463b-9c1a-c8dda029bf91,54.80329,-118.55128,11.85702,5.45701,1.77762,-11.93928,-1.47025,10.47231,-5.21386,,,,,,,,,,,,,,,,,,,,,,,,,,,,,72.26983,2.104617,0.765798,1.338818,-1.55312,3.3595,2.47019,0.96421,4.98152,3.25855,127.27783,0.03401,0.91971,1.06444,103.9034,-7.2667,5.01699,13.49359,-12.88835,3.22139,-4.56516,2.15242,High,High,High,,,High,High,High
186,2026-03-28,15:50:55.66,6,5,"Imboden, Jacob",10168911,Right,WHI_COL1,"Loui, Shawn",1000474008,Right,POM_COL,Undefined,4,Bottom,1,2,2,Curveball,Curveball,FoulBallNotFieldable,Undefined,Undefined,Undefined,0,0,,69.59587,2.490728,0.107533,1869.265087,69.759932,8:15,5.54827,1.69306,4.94397,-61.67539,-1.46524,-9.38386,2.76394,1.0127,63.60945,-8.67631,-1.548354,0.558478,53.30881,-11.398731,-62.2543,,,,,14.27242,12.71738,-60.625518,0.169544,4.68788,-0.93433,-1.69522,50,5.73903,0.15489,-100.85501,2.41852,4.79395,17.49781,-33.1295,POM_COL,WHI_COL1,PomonaPitzer,D3,Team,20260328-PomonaPitzer-1,94e68f70-2af8-11f1-bb04-df4732e2f9b7,67.49132,2.63631,,5.98642,,,,0.91326,2.63631,-0.86475,02db39fb-0347-40de-93c4-abc1fa19139e,2026-03-28,22:50:55.66,2026-03-28T15:50:55.6627456-07:00,2026-03-28T22:50:55.6627456Z,GroundBall,v3,643-145631,643-146222,,"Brummett, Jackson",10114400,Right,WHI_COL1,caf8b689-7d4f-47b5-9ca0-41419172c120,55.55584,-101.81435,8.74891,5.55663,4.2349,-16.56475,-1.69651,-0.10795,2.39697,180,0.90715,35.90559,,,,,,,,2.63896,-15.54943,,,,,,,,-0.85313,-68.25774,,,,,,,,,,,,,,,,,,,,,,,,,,,,,,High,High,High,Low,Low,,,
187,2026-03-28,15:51:13.23,6,6,"Imboden, Jacob",10168911,Right,WHI_COL1,"Loui, Shawn",1000474008,Right,POM_COL,Undefined,4,Bottom,1,2,2,Curveball,Slider,FoulBallNotFieldable,Undefined,Undefined,Undefined,0,0,,69.71075,0.632425,-0.590179,1815.355504,125.709093,10:15,5.29131,1.81327,5.25954,-52.34574,7.99414,-7.83248,1.52339,0.60606,62.71886,-8.99144,-1.981033,0.559079,84.95797,24.598108,-46.538982,2750.839411,74.54359,36.27218,-80.89017,271.46485,243.34528,-49.213377,3.184427,3.71394,4.41949,-1.75313,50,5.31122,1.32135,-100.89452,-0.43936,3.72805,20.42235,-27.73778,POM_COL,WHI_COL1,PomonaPitzer,D3,Team,20260328-PomonaPitzer-1,9f8f2310-2af8-11f1-bb04-df4732e2f9b7,67.41875,39.14025,,6.99189,,,,1.81309,1.82877,-0.67352,02db39fb-0347-40de-93c4-abc1fa19139e,2026-03-28,22:51:13.23,2026-03-28T15:51:13.2371456-07:00,2026-03-28T22:51:13.2371456Z,LineDrive,v3,643-145631,643-146222,,"Brummett, Jackson",10114400,Right,WHI_COL1,ebf3b0b7-8f22-4a21-9e69-ffa1c9692fd1,55.23544,-101.94873,10.21117,5.29694,0.99248,-13.86889,-1.81637,1.1289,1.86402,,1.81309,77.93228,-12.03117,2.65703,-0.56874,0.0993,-0.01237,0.0005,7E-05,1.82875,51.86795,-20.05989,1.78674,-0.3778,0.09766,-0.02589,0.00538,-0.0005,-0.67352,-82.23553,8.63122,-1.50135,0.2514,-0.02648,-0.00195,0.00149,-0.0002,,,,,,,,,,,,,,,,,,,,,,,High,High,High,Medium,Medium,,,
188,2026-03-28,15:51:32.56,6,7,"Imboden, Jacob",10168911,Right,WHI_COL1,"Loui, Shawn",1000474008,Right,POM_COL,Undefined,4,Bottom,1,2,2,Fastball,Changeup,BallCalled,Undefined,Undefined,Undefined,0,0,,82.33259,-2.370045,-2.747039,1900.161501,228.854665,1:45,5.48304,1.73474,5.64976,-28.31757,13.88914,14.15154,0.90888,0.3499,74.64375,-7.644531,-0.218947,0.467587,,,,,,,,,,,,-8.00768,8.23587,-1.51075,50,5.26412,5.13978,-119.19001,-5.82572,-11.37815,25.52931,-20.4717,POM_COL,WHI_COL1,PomonaPitzer,D3,Team,20260328-PomonaPitzer-1,aad88a90-2af8-11f1-bb04-df4732e2f9b7,80.61058,,,7.68884,,,,,,,02db39fb-0347-40de-93c4-abc1fa19139e,2026-03-28,22:51:32.56,2026-03-28T15:51:32.5617664-07:00,2026-03-28T22:51:32.5617664Z,,v3,643-145631,643-146222,,"Brummett, Jackson",10114400,Right,WHI_COL1,b477a494-5b64-4658-be86-d1fc9ab69fe8,54.84627,-120.22355,12.76465,5.4832,-4.99693,-10.23585,-1.72816,5.60042,-5.68907,,,,,,,,,,,,,,,,,,,,,,,,,,,,,,,,,,,,,,,,,,,,,,,,,,,High,High,High,,,,,
189,2026-03-28,15:51:46.96,6,8,"Imboden, Jacob",10168911,Right,WHI_COL1,"Loui, Shawn",1000474008,Right,POM_COL,Undefined,4,Bottom,1,3,2,Fastball,Changeup,FoulBallNotFieldable,Undefined,Undefined,Undefined,0,0,,82.30265,-0.909853,-4.462326,1889.152628,221.346603,1:30,5.39719,1.65919,5.72834,-24.40336,17.69304,14.25603,2.51355,-1.31715,74.46265,-5.511355,-1.922119,0.466975,69.89734,51.028,36.62181,5472.203063,81.22425,91.48203,74.17963,195.06188,185.26894,43.957789,4.913552,-8.61248,9.70658,-1.29523,50,5.30633,8.719,-119.06223,-2.61259,-12.24219,24.94197,-18.37672,POM_COL,WHI_COL1,PomonaPitzer,D3,Team,20260328-PomonaPitzer-1,b37102e0-2af8-11f1-bb04-df4732e2f9b7,80.71613,91.49328,,7.84,,,,0.36867,3.04563,1.36427,02db39fb-0347-40de-93c4-abc1fa19139e,2026-03-28,22:51:46.96,2026-03-28T15:51:46.9648896-07:00,2026-03-28T22:51:46.9648896Z,Popup,v3,643-145631,643-146222,,"Brummett, Jackson",10114400,Right,WHI_COL1,e6576f45-e809-42dc-8e10-31400a3ca95b,54.76854,-120.05702,12.47098,5.39591,-1.87965,-9.18836,-1.65272,9.20727,-6.12109,,0.37055,51.70667,-12.97351,3.21118,-0.28969,-0.10937,0.04438,-0.00627,0.00032,3.04359,79.7351,-20.49809,1.58877,-0.28943,0.03003,0.00586,-0.00201,0.00015,1.36556,38.4342,-5.10972,0.94293,-0.00625,-0.05752,0.01632,-0.00194,9E-05,,,,,,,,,,,,,,,,,,,,,,,High,High,High,Medium,Low,,,
190,2026-03-28,15:52:24.81,6,9,"Imboden, Jacob",10168911,Right,WHI_COL1,"Loui, Shawn",1000474008,Right,POM_COL,Undefined,4,Bottom,1,3,2,Fastball,Changeup,InPlay,Undefined,GroundBall,Single,0,1,,82.70168,-0.994351,-4.115138,1859.071398,233.314381,1:45,5.5259,1.60461,5.84001,-28.27234,12.95835,15.54355,2.24325,-0.93123,75.36921,-6.27268,-1.336047,0.462149,75.43865,-37.306177,-11.594942,,,,,3.39978,3.39978,6.445019,0.032032,-9.13355,7.31622,-1.27812,50,5.42816,8.00582,-119.8027,-2.95388,-13.22325,23.97665,-21.58188,POM_COL,WHI_COL1,PomonaPitzer,D3,Team,20260328-PomonaPitzer-1,c9fc7ee0-2af8-11f1-bb04-df4732e2f9b7,81.5591,2.15384,,7.33247,,,,0.60928,2.15384,0.94976,02db39fb-0347-40de-93c4-abc1fa19139e,2026-03-28,22:52:24.81,2026-03-28T15:52:24.8167936-07:00,2026-03-28T22:52:24.8167936Z,GroundBall,v3,643-145631,643-146222,,"Brummett, Jackson",10114400,Right,WHI_COL1,0e122487-d10f-4ede-9891-ff7c57c9c592,54.6583,-120.73139,11.98832,5.52639,-2.11795,-10.79094,-1.59812,8.518,-6.61162,,0.60808,86.44391,,,,,,,,2.15478,-67.2395,,,,,,,,0.95001,-17.73643,,,,,,,,,,,,,,,,,,,,,,,,,,,,,,High,High,High,Estimated,Estimated,,,
191,2026-03-28,15:53:00.77,7,1,"Imboden, Jacob",10168911,Right,WHI_COL1,"Quintero, James",10138921,Left,POM_COL,Undefined,4,Bottom,1,0,0,Curveball,Curveball,BallinDirt,Undefined,Undefined,Undefined,0,0,,68.86051,0.386851,-1.178479,1947.648105,81.734991,8:45,5.49928,1.67367,5.08209,-60.49318,1.08445,-7.55981,0.82291,-0.06731,62.90354,-10.573623,-2.517895,0.564785,,,,,,,,,,,,3.36646,1.0861,-1.5559,50,5.48871,2.32714,-99.76828,-1.20257,3.34325,18.25123,-31.09544,POM_COL,WHI_COL1,PomonaPitzer,D3,Team,20260328-PomonaPitzer-1,df78d4d0-2af8-11f1-bb04-df4732e2f9b7,66.73771,,,5.95697,,,,,,,02db39fb-0347-40de-93c4-abc1fa19139e,2026-03-28,22:53:00.77,2026-03-28T15:53:00.7730000-07:00,2026-03-28T22:53:00.7730000Z,,v3,643-145631,643-146222,,"Brummett, Jackson",10114400,Right,WHI_COL1,63c882c0-a348-4dc9-882f-8a8d3a0f1ff2,55.41495,-100.75401,9.12561,5.50831,0.47685,-15.54772,-1.67671,2.14658,1.67163,,,,,,,,,,,,,,,,,,,,,,,,,,,,,71.49892,,,1.33811,,,,3.28948,4.17224,-0.95247,127.27889,3.55309,5.76882,3.37489,102.23495,-7.27745,4.21916,18.33189,-14.11692,-1.0074,0.99833,3.08568,High,High,High,,,High,High,High
192,2026-03-28,15:53:26.66,7,2,"Imboden, Jacob",10168911,Right,WHI_COL1,"Quintero, James",10138921,Left,POM_COL,Undefined,4,Bottom,1,1,0,Fastball,Changeup,InPlay,Undefined,GroundBall,Out,1,0,,81.72237,-0.952084,-1.63705,1914.367181,224.346715,1:30,5.52862,1.77511,5.62561,-28.74935,13.79993,12.07264,2.24398,1.25316,74.34755,-6.30964,0.519612,0.469481,69.62907,-14.637686,9.204089,,,,,7.99033,7.99033,-0.328651,0.078748,-6.60847,7.7076,-1.64353,50,5.42928,2.90252,-118.54014,-2.87179,-9.33357,24.22472,-21.2881,POM_COL,WHI_COL1,PomonaPitzer,D3,Team,20260328-PomonaPitzer-1,eedd1bc0-2af8-11f1-bb04-df4732e2f9b7,80.28541,2.03805,,7.37482,,,,0.28752,2.03805,-1.29396,02db39fb-0347-40de-93c4-abc1fa19139e,2026-03-28,22:53:26.66,2026-03-28T15:53:26.6608640-07:00,2026-03-28T22:53:26.6608640Z,GroundBall,v3,643-145631,643-146222,,"Brummett, Jackson",10114400,Right,WHI_COL1,ae492aef-912f-47b3-b62d-e7bf83d87acc,54.87153,-119.53154,12.11236,5.52897,-2.00057,-10.64405,-1.77013,3.28449,-4.66678,180,0.284,97.81375,,,,,,,,2.03898,-25.8805,,,,,,,,-1.29453,15.84953,,,,,,,,,,,,,,,,,,,,,,,,,,,,,,High,High,High,High,High,,,
193,2026-03-28,15:53:55.15,8,1,"Imboden, Jacob",10168911,Right,WHI_COL1,"Savas, Peter",1000276389,Right,POM_COL,Undefined,4,Bottom,2,0,0,Curveball,Slider,HitByPitch,Undefined,Undefined,Undefined,0,0,,68.24211,3.77183,0.582084,1974.588088,121.608754,10:00,5.51918,1.71188,4.91231,-56.03747,6.61674,-7.47374,4.42129,1.63949,62.20532,-6.427108,-0.73311,0.569701,,,,,,,,,,,,3.86662,2.73748,-1.76202,50,5.84131,-0.73329,-98.75879,4.7894,3.80791,16.14558,-29.47812,POM_COL,WHI_COL1,PomonaPitzer,D3,Team,20260328-PomonaPitzer-1,ffe304c0-2af8-11f1-bb04-df4732e2f9b7,66.16184,,,6.03679,,,,,,,02db39fb-0347-40de-93c4-abc1fa19139e,2026-03-28,22:53:55.15,2026-03-28T15:53:55.1563264-07:00,2026-03-28T22:53:55.1563264Z,,v3,643-145631,643-146222,,"Brummett, Jackson",10114400,Right,WHI_COL1,e6e8c555-5766-43e4-becf-c4001cd2e32f,55.58585,-99.66781,8.07279,5.52494,6.44906,-14.73906,-1.7147,-0.94768,1.90395,,,,,,,,,,,,,,,,,,,,,,,,,,,,,,,,,,,,,,,,,,,,,,,,,,,High,High,High,,,,,
194,2026-03-28,15:54:32.91,9,1,"Imboden, Jacob",10168911,Right,WHI_COL1,"Gonzaga, Kai",10138924,Left,POM_COL,Undefined,4,Bottom,2,0,0,Fastball,Changeup,BallCalled,Undefined,Undefined,Undefined,0,0,,80.19848,-1.550643,-2.181389,1636.140231,225.372979,1:30,5.44033,1.77158,5.60546,-31.67667,12.20335,10.96194,1.35172,0.64781,73.71362,-7.398342,-0.223827,0.476766,,,,,,,,,,,,-6.14847,7.03059,-1.59214,50,5.28717,4.00272,-116.37092,-4.15519,-8.44699,21.45693,-22.51512,POM_COL,WHI_COL1,PomonaPitzer,D3,Team,20260328-PomonaPitzer-1,165b6df0-2af9-11f1-bb04-df4732e2f9b7,79.05864,,,6.48486,,,,,,,02db39fb-0347-40de-93c4-abc1fa19139e,2026-03-28,22:54:32.91,2026-03-28T15:54:32.9164288-07:00,2026-03-28T22:54:32.9164288Z,,v3,643-145631,643-146222,,"Brummett, Jackson",10114400,Right,WHI_COL1,f18f8158-29f1-4ea8-a20a-b650573cc988,54.89268,-117.26958,10.72846,5.44145,-3.21221,-11.25756,-1.76719,4.3565,-4.2235,,,,,,,,,,,,,,,,,,,,,,,,,,,,,,,,,,,,,,,,,,,,,,,,,,,High,High,High,,,,,
195,2026-03-28,15:54:51.15,9,2,"Imboden, Jacob",10168911,Right,WHI_COL1,"Gonzaga, Kai",10138924,Left,POM_COL,Undefined,4,Bottom,2,1,0,Fastball,Changeup,BallCalled,Undefined,Undefined,Undefined,0,0,,80.08055,-1.803648,-3.695233,1724.487021,228.625237,1:30,5.42876,1.73104,5.76545,-30.9049,13.0667,13.2045,1.17067,-0.61246,73.37863,-7.53482,-1.334887,0.477263,,,,,,,,,,,,-7.743,7.60256,-1.43285,50,5.26053,6.98147,-116.02504,-4.60476,-10.54855,21.82858,-21.81678,POM_COL,WHI_COL1,PomonaPitzer,D3,Team,20260328-PomonaPitzer-1,213523b0-2af9-11f1-bb04-df4732e2f9b7,78.97627,,,6.70192,,,,,,,02db39fb-0347-40de-93c4-abc1fa19139e,2026-03-28,22:54:51.15,2026-03-28T15:54:51.1506432-07:00,2026-03-28T22:54:51.1506432Z,,v3,643-145631,643-146222,,"Brummett, Jackson",10114400,Right,WHI_COL1,d0c9592b-798d-426b-b41c-0a21226e776f,54.73219,-116.91195,10.91429,5.42961,-3.71833,-10.90839,-1.72521,7.41006,-5.27428,,,,,,,,,,,,,,,,,,,,,,,,,,,,,,,,,,,,,,,,,,,,,,,,,,,High,High,High,,,,,
196,2026-03-28,15:55:13.36,9,3,"Imboden, Jacob",10168911,Right,WHI_COL1,"Gonzaga, Kai",10138924,Left,POM_COL,Undefined,4,Bottom,2,2,0,Fastball,Changeup,InPlay,Undefined,FlyBall,HomeRun,0,3,,79.61198,0.065781,-2.254616,1654.438939,224.350318,1:30,5.40522,1.66991,5.68554,-33.03801,11.42048,9.78099,2.71341,0.38242,72.85512,-6.062063,-0.506815,0.479898,,,,,,,,,,,,-5.61193,6.20555,-1.48641,50,5.39012,4.17319,-115.54841,-0.89374,-7.58247,21.65448,-23.78951,POM_COL,WHI_COL1,PomonaPitzer,D3,Team,20260328-PomonaPitzer-1,2e721dd0-2af9-11f1-bb04-df4732e2f9b7,78.54265,,,6.75686,,,,,,,02db39fb-0347-40de-93c4-abc1fa19139e,2026-03-28,22:55:13.36,2026-03-28T15:55:13.3669376-07:00,2026-03-28T22:55:13.3669376Z,,v3,643-145631,643-146222,,"Brummett, Jackson",10114400,Right,WHI_COL1,6a5822a2-b48e-40e3-8d6c-fb5fac618be9,54.81275,-116.44685,10.82724,5.40673,0.09329,-11.89475,-1.66608,4.48779,-3.79123,,,,,,,,,,,,,,,,,,,,,,,,,,,,,,,,,,,,,,,,,,,,,,,,,,,High,High,High,,,,,
197,2026-03-28,15:55:55.00,10,1,"Imboden, Jacob",10168911,Right,WHI_COL1,"Pierantoni, Greg",1000091552,Right,POM_COL,Undefined,4,Bottom,2,0,0,Curveball,Curveball,InPlay,Undefined,GroundBall,Out,1,0,,69.56413,1.313096,-1.04884,1970.13249,54.307845,7:45,5.507,1.77001,4.90772,-63.81078,-0.90756,-5.29898,1.4316,0.33647,61.31893,-10.346307,-1.984342,0.570831,97.47428,-13.536121,-46.563239,,,,,9.15089,9.15089,-35.839763,0.049284,2.15914,-0.22059,-1.66278,50,5.58302,2.03889,-100.3265,0.26915,2.09106,23.73823,-32.38767,POM_COL,WHI_COL1,PomonaPitzer,D3,Team,20260328-PomonaPitzer-1,4754a930-2af9-11f1-bb04-df4732e2f9b7,66.03078,1.65096,,8.2452,,,,2.70321,1.65096,-0.37843,02db39fb-0347-40de-93c4-abc1fa19139e,2026-03-28,22:55:55.00,2026-03-28T15:55:55.0028288-07:00,2026-03-28T22:55:55.0028288Z,GroundBall,v3,643-145631,643-146222,,"Brummett, Jackson",10114400,Right,WHI_COL1,f6e35d2a-704d-45f2-b104-05adf7eccd14,55.58452,-101.63926,11.86911,5.51861,2.06024,-16.19384,-1.77234,1.92325,1.04553,,2.70236,95.67077,,,,,,,,1.65126,-33.49894,,,,,,,,-0.37754,-101.03907,,,,,,,,,,,,,,,,,,,,,,,,,,,,,,High,High,High,Estimated,Estimated,,,
198,2026-03-28,15:58:05.67,1,1,"Della Bitta, Eli",1000323431,Right,POM_COL,"Eastwood Lilles, Parker",10269960,Right,WHI_COL1,Undefined,5,Top,0,0,0,Curveball,Curveball,StrikeCalled,Undefined,Undefined,Undefined,0,0,,68.40982,1.582455,-0.414031,2163.800845,75.727198,8:30,6.62477,1.06782,4.23762,-63.97964,-0.16811,-8.8678,2.80853,-0.06754,62.85189,-9.825687,-1.960113,0.574938,,,,,,,,,,,,4.1311,0.12496,-1.01276,50,6.73197,1.06461,-99.07782,0.53874,4.08963,16.43238,-32.05035,POM_COL,WHI_COL1,PomonaPitzer,D3,Team,20260328-PomonaPitzer-1,953185b0-2af9-11f1-bb04-df4732e2f9b7,65.55915,,,5.55793,,,,,,,02db39fb-0347-40de-93c4-abc1fa19139e,2026-03-28,22:58:05.67,2026-03-28T15:58:05.6768512-07:00,2026-03-28T22:58:05.6768512Z,,v3,643-145631,643-146222,,"Parker, Will",1000474009,Right,POM_COL,c21b9190-3228-4719-a5f6-87fe662e29ef,56.26059,-100.11077,8.21619,6.63478,2.55345,-16.02517,-1.0716,0.80753,2.04482,,,,,,,,,,,,,,,,,,,,,,,,,,,,,,,,,,,,,,,,,,,,,,,,,,,High,High,High,,,,,
199,2026-03-28,15:58:16.26,1,2,"Della Bitta, Eli",1000323431,Right,POM_COL,"Eastwood Lilles, Parker",10269960,Right,WHI_COL1,Undefined,5,Top,0,0,1,Fastball,Four-Seam,StrikeCalled,Undefined,Undefined,Undefined,0,0,,84.30828,-3.273543,-2.414715,1995.014167,213.666627,1:00,6.74955,0.80843,4.30907,-21.96143,20.63655,12.65473,1.78339,-0.4471,75.90103,-7.332535,-0.20991,0.469749,,,,,,,,,,,,-6.83595,11.45469,-0.56073,50,6.37419,4.51144,-121.60673,-7.74564,-10.0788,27.27561,-15.28542,POM_COL,WHI_COL1,PomonaPitzer,D3,Team,20260328-PomonaPitzer-1,9b7fbfe0-2af9-11f1-bb04-df4732e2f9b7,80.23953,,,8.40725,,,,,,,02db39fb-0347-40de-93c4-abc1fa19139e,2026-03-28,22:58:16.26,2026-03-28T15:58:16.2672128-07:00,2026-03-28T22:58:16.2672128Z,,v3,643-145631,643-146222,,"Parker, Will",1000474009,Right,POM_COL,d2440099-1c75-4b6e-8d12-8d0340b51cb8,56.18423,-122.98599,13.63781,6.74633,-6.97269,-7.64271,-0.80175,5.0211,-5.0394,,,,,,,,,,,,,,,,,,,,,,,,,,,,,,,,,,,,,,,,,,,,,,,,,,,High,High,High,,,,,
200,2026-03-28,15:58:28.17,1,3,"Della Bitta, Eli",1000323431,Right,POM_COL,"Eastwood Lilles, Parker",10269960,Right,WHI_COL1,Undefined,5,Top,0,0,2,Curveball,Curveball,StrikeSwinging,Strikeout,Undefined,Undefined,0,0,,71.97296,0.435019,-2.082737,2330.781579,79.653621,8:45,6.73642,1.03175,3.99136,-57.42361,0.3072,-7.80426,2.36974,-1.62236,66.70499,-9.714646,-3.435963,0.546859,,,,,,,,,,,,3.1765,0.56327,-0.78556,50,6.72206,4.11735,-104.28244,-1.33643,3.51415,16.77529,-31.55089,POM_COL,WHI_COL1,PomonaPitzer,D3,Team,20260328-PomonaPitzer-1,a2f84940-2af9-11f1-bb04-df4732e2f9b7,68.92534,,,5.26797,,,,,,,02db39fb-0347-40de-93c4-abc1fa19139e,2026-03-28,22:58:28.17,2026-03-28T15:58:28.1720000-07:00,2026-03-28T22:58:28.1720000Z,,v3,643-145631,643-146222,,"Parker, Will",1000474009,Right,POM_COL,b4474b49-4349-4568-844a-7d2f3e4229eb,56.50812,-105.32416,8.38765,6.74422,0.62283,-15.77545,-1.03447,3.89912,1.75707,,,,,,,,,,,,,,,,,,,,,,,,,,,,,69.91317,,,0.906201,,,,5.09889,6.91201,-0.56948,70.80163,7.12008,-53.99019,5.12321,76.85474,-4.84285,6.93347,12.62193,-13.7117,-0.61699,-65.55656,7.37056,High,High,High,,,High,Low,High
201,2026-03-28,15:58:59.89,2,1,"Della Bitta, Eli",1000323431,Right,POM_COL,"O'Driscoll, Collin",1000259196,Right,WHI_COL1,Undefined,5,Top,1,0,0,Fastball,Four-Seam,StrikeSwinging,Undefined,Undefined,Undefined,0,0,,85.41712,-2.250064,-2.059871,2141.522878,211.020811,1:00,6.77287,1.12136,4.17125,-18.79694,22.5521,12.66611,3.04724,0.20161,77.22769,-5.74536,0.141391,0.462812,,,,,,,,,,,,-6.61859,11.87886,-0.9076,50,6.50565,3.79857,-123.40229,-5.51259,-10.12271,26.42618,-14.00613,POM_COL,WHI_COL1,PomonaPitzer,D3,Team,20260328-PomonaPitzer-1,b5bef510-2af9-11f1-bb04-df4732e2f9b7,81.44229,,,8.18943,,,,,,,02db39fb-0347-40de-93c4-abc1fa19139e,2026-03-28,22:58:59.89,2026-03-28T15:58:59.8942720-07:00,2026-03-28T22:58:59.8942720Z,,v3,643-145631,643-146222,,"Parker, Will",1000474009,Right,POM_COL,1e1747c8-89c7-4ab9-8dc3-f1a3a3325eff,56.32173,-124.74872,13.21309,6.76834,-4.79897,-7.00306,-1.11427,4.31433,-5.06136,,,,,,,,,,,,,,,,,,,,,,,,,,,,,,,,,,,,,,,,,,,,,,,,,,,High,High,High,,,,,
202,2026-03-28,15:59:15.17,2,2,"Della Bitta, Eli",1000323431,Right,POM_COL,"O'Driscoll, Collin",1000259196,Right,WHI_COL1,Undefined,5,Top,1,0,1,Curveball,Curveball,BallCalled,Undefined,Undefined,Undefined,0,0,,70.81095,2.932772,-0.690802,2222.045036,81.833554,8:45,6.63876,1.18664,3.95612,-59.41869,0.68138,-8.5504,4.51199,-0.19066,64.83739,-7.64158,-2.171002,0.557967,,,,,,,,,,,,3.83488,0.17496,-1.09747,50,6.90809,1.59748,-102.43336,3.06273,4.07537,16.88624,-31.98811,POM_COL,WHI_COL1,PomonaPitzer,D3,Team,20260328-PomonaPitzer-1,be9783a0-2af9-11f1-bb04-df4732e2f9b7,67.55311,,,5.97355,,,,,,,02db39fb-0347-40de-93c4-abc1fa19139e,2026-03-28,22:59:15.17,2026-03-28T15:59:15.1722496-07:00,2026-03-28T22:59:15.1722496Z,,v3,643-145631,643-146222,,"Parker, Will",1000474009,Right,POM_COL,b926bd64-f88a-49f0-b2a4-643c8ea6ad38,56.54087,-103.50601,8.44312,6.649,5.09469,-15.99406,-1.19072,1.3386,2.03769,,,,,,,,,,,,,,,,,,,,,,,,,,,,,,,,,,,,,,,,,,,,,,,,,,,High,High,High,,,,,
203,2026-03-28,15:59:29.50,2,3,"Della Bitta, Eli",1000323431,Right,POM_COL,"O'Driscoll, Collin",1000259196,Right,WHI_COL1,Undefined,5,Top,1,1,1,Fastball,Four-Seam,FoulBallNotFieldable,Undefined,Undefined,Undefined,0,0,,85.947,-2.843238,-1.936768,2114.273832,222.881472,1:30,6.68103,0.93937,4.39539,-20.90422,19.90678,17.03702,2.22107,0.50958,77.3051,-6.721763,1.037636,0.459791,,,,,,,,,,,,-8.88449,11.00615,-0.7508,50,6.35833,3.37107,-124.11201,-6.92052,-13.62542,28.73151,-15.2948,POM_COL,WHI_COL1,PomonaPitzer,D3,Team,20260328-PomonaPitzer-1,c71d5e50-2af9-11f1-bb04-df4732e2f9b7,81.9774,,,8.64189,,,,,,,02db39fb-0347-40de-93c4-abc1fa19139e,2026-03-28,22:59:29.50,2026-03-28T15:59:29.5015936-07:00,2026-03-28T22:59:29.5015936Z,,v3,643-145631,643-146222,,"Parker, Will",1000474009,Right,POM_COL,bef11595-d20c-4b28-b0ae-21342348d4ce,56.1003,-125.51627,14.36576,6.6783,-6.17298,-7.6474,-0.93184,4.03701,-6.81271,,,,,,,,,,,,,,,,,,,,,,,,,,,,,,,,,,,,,,,,,,,,,,,,,,,High,High,High,,,,,
204,2026-03-28,15:59:48.99,2,4,"Della Bitta, Eli",1000323431,Right,POM_COL,"O'Driscoll, Collin",1000259196,Right,WHI_COL1,Undefined,5,Top,1,1,2,ChangeUp,Changeup,InPlay,Undefined,GroundBall,Error,0,0,,78.95964,-1.424086,-1.618314,1705.644107,235.415715,1:45,6.54476,1.06797,4.3367,-34.5475,13.01052,16.63221,2.30409,0.90707,72.4192,-7.657932,1.28496,0.496344,80.81059,5.68938,12.245164,5674.472504,,,,92.21917,91.28612,12.936702,0.853525,-8.51654,7.13914,-0.91156,50,6.35735,2.49797,-114.38061,-4.12902,-11.285,21.05376,-22.71419,POM_COL,WHI_COL1,PomonaPitzer,D3,Team,20260328-PomonaPitzer-1,d2c1b710-2af9-11f1-bb04-df4732e2f9b7,75.94009,4.21428,,6.54044,,,,0.80317,2.24974,-0.93854,02db39fb-0347-40de-93c4-abc1fa19139e,2026-03-28,22:59:48.99,2026-03-28T15:59:48.9924608-07:00,2026-03-28T22:59:48.9924608Z,GroundBall,v3,643-145631,643-146222,,"Parker, Will",1000474009,Right,POM_COL,8ea2ee67-3496-47e8-a06e-380668690824,56.16164,-115.50921,10.52688,6.54605,-2.91142,-11.35709,-1.06168,3.1029,-5.6425,277.762369,0.85152,114.48275,-11.98482,,,,,,,2.2851,11.18927,-16.29139,,,,,,,-0.94707,25.15145,0.18234,,,,,,,,,,,,,,,,,,,,,,,,,,,,,High,High,High,High,High,,,
205,2026-03-28,16:00:25.64,3,1,"Della Bitta, Eli",1000323431,Right,POM_COL,"Brummett, Jackson",10114400,Right,WHI_COL1,Undefined,5,Top,1,0,0,Curveball,Curveball,StrikeCalled,Undefined,Undefined,Undefined,0,0,,69.22114,2.910956,-0.841933,2273.880094,66.963708,8:15,6.72955,1.06228,4.14168,-64.67133,-2.08307,-9.64658,4.13467,-0.5491,63.41009,-8.614796,-2.518142,0.569401,,,,,,,,,,,,4.3454,-1.14311,-0.95783,50,6.98459,1.86307,-100.15812,2.80578,4.40248,16.57419,-33.33218,POM_COL,WHI_COL1,PomonaPitzer,D3,Team,20260328-PomonaPitzer-1,e89cf5e0-2af9-11f1-bb04-df4732e2f9b7,66.19671,,,5.81104,,,,,,,02db39fb-0347-40de-93c4-abc1fa19139e,2026-03-28,23:00:25.64,2026-03-28T16:00:25.6425984-07:00,2026-03-28T23:00:25.6425984Z,,v3,643-145631,643-146222,,"Parker, Will",1000474009,Right,POM_COL,b49f977f-9bbe-4e0d-af5d-66c2df178cb0,56.35665,-101.20455,8.28709,6.74101,4.91025,-16.66609,-1.06668,1.58511,2.20124,,,,,,,,,,,,,,,,,,,,,,,,,,,,,,,,,,,,,,,,,,,,,,,,,,,High,High,High,,,,,
206,2026-03-28,16:00:39.19,3,2,"Della Bitta, Eli",1000323431,Right,POM_COL,"Brummett, Jackson",10114400,Right,WHI_COL1,Undefined,5,Top,1,0,1,Fastball,Four-Seam,BallCalled,Undefined,Undefined,Undefined,0,0,,84.41806,-1.993668,-3.421247,2211.446545,206.695779,1:00,6.78743,0.96521,4.35808,-17.2154,25.08714,11.81469,3.4442,-1.32226,75.90466,-5.246969,-1.36553,0.468117,,,,,,,,,,,,-6.71587,13.13516,-0.6101,50,6.55765,6.70232,-121.81173,-4.79347,-9.96182,26.77928,-12.69031,POM_COL,WHI_COL1,PomonaPitzer,D3,Team,20260328-PomonaPitzer-1,f0a16b90-2af9-11f1-bb04-df4732e2f9b7,80.51923,,,8.5134,,,,,,,02db39fb-0347-40de-93c4-abc1fa19139e,2026-03-28,23:00:39.19,2026-03-28T16:00:39.1911424-07:00,2026-03-28T23:00:39.1911424Z,,v3,643-145631,643-146222,,"Parker, Will",1000474009,Right,POM_COL,38c46e44-07ec-4127-923d-247049385235,56.13455,-123.15297,13.38964,6.78181,-4.15788,-6.34515,-0.95828,7.20126,-4.98091,,,,,,,,,,,,,,,,,,,,,,,,,,,,,,,,,,,,,,,,,,,,,,,,,,,High,High,High,,,,,
207,2026-03-28,16:00:56.64,3,3,"Della Bitta, Eli",1000323431,Right,POM_COL,"Brummett, Jackson",10114400,Right,WHI_COL1,Undefined,5,Top,1,1,1,Fastball,Four-Seam,StrikeSwinging,Undefined,Undefined,Undefined,0,0,,83.50491,-2.34475,-3.44344,2102.770331,207.28058,1:00,6.82197,0.86834,4.30554,-21.21686,22.18958,10.5893,2.80661,-1.54569,75.09797,-6.290107,-1.602341,0.474186,,,,,,,,,,,,-6.15012,11.87918,-0.50659,50,6.54784,6.73116,-120.42691,-5.67211,-8.90286,26.49961,-14.9778,POM_COL,WHI_COL1,PomonaPitzer,D3,Team,20260328-PomonaPitzer-1,fb08d780-2af9-11f1-bb04-df4732e2f9b7,79.48875,,,8.40694,,,,,,,02db39fb-0347-40de-93c4-abc1fa19139e,2026-03-28,23:00:56.64,2026-03-28T16:00:56.6429696-07:00,2026-03-28T23:00:56.6429696Z,,v3,643-145631,643-146222,,"Parker, Will",1000474009,Right,POM_COL,19057f1a-1345-4e3b-b270-e266a998c822,56.18683,-121.78069,13.24981,6.81806,-4.90694,-7.4889,-0.86209,7.18598,-4.45143,,,,,,,,,,,,,,,,,,,,,,,,,,,,,,,,,,,,,,,,,,,,,,,,,,,High,High,High,,,,,
208,2026-03-28,16:01:13.71,3,4,"Della Bitta, Eli",1000323431,Right,POM_COL,"Brummett, Jackson",10114400,Right,WHI_COL1,Undefined,5,Top,1,1,2,Fastball,Four-Seam,BallCalled,Undefined,Undefined,Undefined,0,0,,85.2706,-3.266891,-4.190605,2231.978134,210.67538,1:00,6.8134,0.94748,4.15367,-19.96198,21.84796,12.03631,2.00575,-2.07469,77.01472,-6.957643,-2.106309,0.465384,,,,,,,,,,,,-7.01516,11.89906,-0.49565,50,6.43041,8.40003,-122.82804,-7.74913,-10.61146,26.56425,-14.17492,POM_COL,WHI_COL1,PomonaPitzer,D3,Team,20260328-PomonaPitzer-1,05440350-2afa-11f1-bb04-df4732e2f9b7,80.99218,,,8.25588,,,,,,,02db39fb-0347-40de-93c4-abc1fa19139e,2026-03-28,23:01:13.71,2026-03-28T16:01:13.7147392-07:00,2026-03-28T23:01:13.7147392Z,,v3,643-145631,643-146222,,"Parker, Will",1000474009,Right,POM_COL,a80de415-ff1f-4241-88a1-23b8de592077,56.34042,-124.19172,13.28212,6.80954,-7.02145,-7.08746,-0.94085,8.94477,-5.30573,,,,,,,,,,,,,,,,,,,,,,,,,,,,,,,,,,,,,,,,,,,,,,,,,,,High,High,High,,,,,
209,2026-03-28,16:01:28.95,3,5,"Della Bitta, Eli",1000323431,Right,POM_COL,"Brummett, Jackson",10114400,Right,WHI_COL1,Undefined,5,Top,1,2,2,Curveball,Curveball,StrikeSwinging,Strikeout,Undefined,Undefined,0,0,,71.32482,1.125263,-0.398129,2346.039482,63.086648,8:00,6.81545,0.97292,3.98445,-62.91519,-3.91142,-11.34902,2.65493,-0.35575,65.80798,-10.004642,-2.368972,0.552855,,,,,,,,,,,,5.28299,-1.57559,-0.91414,50,6.8734,1.19281,-103.35395,-0.30835,5.71234,17.28447,-33.87769,POM_COL,WHI_COL1,PomonaPitzer,D3,Team,20260328-PomonaPitzer-1,0e5bbdc0-2afa-11f1-bb04-df4732e2f9b7,68.17779,,,5.51684,,,,,,,02db39fb-0347-40de-93c4-abc1fa19139e,2026-03-28,23:01:28.95,2026-03-28T16:01:28.9591296-07:00,2026-03-28T23:01:28.9591296Z,,v3,643-145631,643-146222,,"Parker, Will",1000474009,Right,POM_COL,21aee8b6-e5d5-4b66-8719-a3de792e67f8,56.51548,-104.43788,8.64223,6.82612,1.81617,-16.93885,-0.97771,0.83458,2.85617,,,,,,,,,,,,,,,,,,,,,,,,,,,,,,,,,,,,,,,,,,,,,,,,,,,High,High,High,,,,,
210,2026-03-28,16:02:00.33,4,1,"Della Bitta, Eli",1000323431,Right,POM_COL,"Nakasone, Coehn",1000306287,Right,WHI_COL1,Undefined,5,Top,2,0,0,Fastball,Four-Seam,FoulBallNotFieldable,Undefined,Undefined,Undefined,0,0,,83.71357,-1.797468,-2.048591,2192.349237,207.834897,1:00,6.76354,1.16257,4.10764,-18.53777,24.79112,12.23261,3.49217,0.21525,75.30349,-5.271245,0.074184,0.473762,,,,,,,,,,,,-6.52453,12.9117,-0.94793,50,6.54498,3.73393,-120.92663,-4.43207,-9.5255,26.67266,-13.32357,POM_COL,WHI_COL1,PomonaPitzer,D3,Team,20260328-PomonaPitzer-1,2106a430-2afa-11f1-bb04-df4732e2f9b7,79.55988,,,8.41008,,,,,,,02db39fb-0347-40de-93c4-abc1fa19139e,2026-03-28,23:02:00.33,2026-03-28T16:02:00.3387904-07:00,2026-03-28T23:02:00.3387904Z,,v3,643-145631,643-146222,,"Parker, Will",1000474009,Right,POM_COL,06985e99-e4a9-48a1-9ea7-53dcf6bd1f21,56.38773,-122.32745,13.33633,6.75937,-3.73233,-6.66178,-1.15717,4.2342,-4.76275,,,,,,,,,,,,,,,,,,,,,,,,,,,,,,,,,,,,,,,,,,,,,,,,,,,High,High,High,,,,,
211,2026-03-28,16:02:30.82,4,2,"Della Bitta, Eli",1000323431,Right,POM_COL,"Nakasone, Coehn",1000306287,Right,WHI_COL1,Undefined,5,Top,2,0,1,Fastball,Four-Seam,FoulBallNotFieldable,Undefined,Undefined,Undefined,0,0,,84.60494,-2.105928,-2.525171,2215.822564,211.586588,1:00,6.72191,1.20499,4.12213,-19.90934,22.53623,12.87465,3.03956,-0.14626,76.12587,-5.809294,-0.290976,0.468908,60.36431,24.104498,178.046576,2304.847622,,,,,20.89727,,,-7.03146,11.95418,-0.93844,50,6.46772,4.7668,-122.1709,-5.21334,-10.47096,27.37123,-14.37236,POM_COL,WHI_COL1,PomonaPitzer,D3,Team,20260328-PomonaPitzer-1,332cca40-2afa-11f1-bb04-df4732e2f9b7,80.38343,12.2455,,8.47907,,,,3.32662,3.29411,0.12788,02db39fb-0347-40de-93c4-abc1fa19139e,2026-03-28,23:02:30.82,2026-03-28T16:02:30.8203520-07:00,2026-03-28T23:02:30.8203520Z,,v3,643-145631,643-146222,,"Parker, Will",1000474009,Right,POM_COL,16786fd2-b208-4e42-b14b-ef8f46684272,56.37449,-123.59079,13.68562,6.71883,-4.46777,-7.18618,-1.19981,5.30999,-5.23548,326.044182,3.32641,-80.75828,5.6065,,,,,,,3.29689,36.03707,-22.30716,,,,,,,0.1289,2.70997,-2.98645,,,,,,,,,,,,,,,,,,,,,,,,,,,,,High,High,High,Medium,Undefined,,,
212,2026-03-28,16:02:52.34,4,3,"Della Bitta, Eli",1000323431,Right,POM_COL,"Nakasone, Coehn",1000306287,Right,WHI_COL1,Undefined,5,Top,2,0,2,Curveball,Curveball,InPlay,Undefined,GroundBall,Out,1,0,,71.42291,0.993014,-0.046164,2294.272255,60.203511,8:00,6.73584,1.1355,3.99419,-62.10759,-3.07528,-8.73796,2.51518,0.36294,65.64251,-10.013252,-1.564284,0.552989,76.27624,-1.805308,2.137629,952.152997,,,,35.06935,34.56254,0.87035,0.303573,4.19252,-1.28095,-1.11976,50,6.77938,0.44073,-103.46208,-0.48524,4.52339,18.00776,-33.5561,POM_COL,WHI_COL1,PomonaPitzer,D3,Team,20260328-PomonaPitzer-1,4012f1d0-2afa-11f1-bb04-df4732e2f9b7,68.16132,2.63743,,5.7804,,,,2.0896,2.63743,-0.36832,02db39fb-0347-40de-93c4-abc1fa19139e,2026-03-28,23:02:52.34,2026-03-28T16:02:52.3499520-07:00,2026-03-28T23:02:52.3499520Z,GroundBall,v3,643-145631,643-146222,,"Parker, Will",1000474009,Right,POM_COL,4065e183-b1a8-4de9-aa85-9529bf8e9ae0,56.50629,-104.58838,9.00388,6.74409,1.61354,-16.77805,-1.13848,0.15781,2.2617,66.514634,2.09078,111.68642,-10.10851,,,,,,,2.63893,-3.58984,-16.82606,,,,,,,-0.36748,4.13438,-3.85979,,,,,,,,,,,,,,,,,,,,,,,,,,,,,High,High,High,High,High,,,
213,2026-03-28,16:05:10.41,1,1,"Imboden, Jacob",10168911,Right,WHI_COL1,"Gold, Jack",1000108729,Left,POM_COL,Undefined,5,Bottom,0,0,0,Curveball,Slider,BallCalled,Undefined,Undefined,Undefined,0,0,,68.54528,-0.397098,-1.41745,1962.203345,114.448798,9:45,5.53636,1.65336,5.02118,-56.55346,6.22784,-8.44154,0.44872,-0.38799,62.20093,-10.669367,-2.910972,0.570278,,,,,,,,,,,,3.70575,3.89299,-1.51045,50,5.45347,2.75936,-99.19047,-2.40964,3.60914,19.18244,-28.38253,POM_COL,WHI_COL1,PomonaPitzer,D3,Team,20260328-PomonaPitzer-1,925fd2a0-2afa-11f1-bb04-df4732e2f9b7,66.09486,,,6.34435,,,,,,,02db39fb-0347-40de-93c4-abc1fa19139e,2026-03-28,23:05:10.41,2026-03-28T16:05:10.4108544-07:00,2026-03-28T23:05:10.4108544Z,,v3,643-145631,643-146222,,"Brummett, Jackson",10114400,Right,WHI_COL1,ff6a012b-3cc8-4455-8da1-553e83b92c59,55.4745,-100.2436,9.59122,5.54299,-0.85142,-14.19127,-1.6565,2.56122,1.80457,,,,,,,,,,,,,,,,,,,,,,,,,,,,,,,,,,,,,,,,,,,,,,,,,,,High,High,High,,,,,
214,2026-03-28,16:05:26.79,1,2,"Imboden, Jacob",10168911,Right,WHI_COL1,"Gold, Jack",1000108729,Left,POM_COL,Undefined,5,Bottom,0,1,0,Fastball,Changeup,InPlay,Undefined,GroundBall,Out,1,0,,80.11078,-0.265994,-2.879256,1869.853942,224.24977,1:30,5.42964,1.98978,5.6692,-29.57368,14.32454,12.60461,2.71685,0.35338,73.3687,-5.76796,-0.629231,0.476864,91.41973,5.740783,37.509756,3640.066627,,,,97.87874,97.87874,39.72455,0.816924,-7.22827,7.76209,-1.75478,50,5.38859,5.36248,-116.24209,-1.44579,-9.90077,21.56901,-21.54207,POM_COL,WHI_COL1,PomonaPitzer,D3,Team,20260328-PomonaPitzer-1,9c15a1d0-2afa-11f1-bb04-df4732e2f9b7,79.0423,4.93892,,6.74208,,,,1.75647,2.87319,-0.52552,02db39fb-0347-40de-93c4-abc1fa19139e,2026-03-28,23:05:26.79,2026-03-28T16:05:26.7983360-07:00,2026-03-28T23:05:26.7983360Z,GroundBall,v3,643-145631,643-146222,,"Brummett, Jackson",10114400,Right,WHI_COL1,e192c9bc-9a3c-49f4-9d3a-b4f01842ebae,54.82986,-117.13486,10.7845,5.42998,-0.55414,-10.77104,-1.98522,5.77229,-4.95038,,1.75647,105.82711,-23.01016,5.3324,-1.2861,0.31051,-0.07706,0.01683,-0.00225,2.87319,13.41196,-22.52373,2.60418,-0.58144,0.13384,-0.0308,0.00668,-0.00089,-0.52552,81.23263,-5.28994,0.45,0.0282,-0.03236,0.01211,-0.00336,0.00053,,,,,,,,,,,,,,,,,,,,,,,High,High,High,High,High,,,
215,2026-03-28,16:05:55.61,2,1,"Imboden, Jacob",10168911,Right,WHI_COL1,"DeGrazia, Tanner",1000214434,Right,POM_COL,Undefined,5,Bottom,1,0,0,Fastball,Changeup,BallCalled,Undefined,Undefined,Undefined,0,0,,81.07381,-2.065911,-5.235882,1811.951399,228.824058,1:45,5.56113,1.37821,5.79631,-29.54651,13.14631,13.54076,1.16843,-2.37714,74.79234,-7.527357,-2.822783,0.470271,,,,,,,,,,,,-8.19504,7.64752,-0.95449,50,5.37282,10.2177,-117.2984,-5.15929,-11.51266,20.45743,-21.43056,POM_COL,WHI_COL1,PomonaPitzer,D3,Team,20260328-PomonaPitzer-1,ad4b7470-2afa-11f1-bb04-df4732e2f9b7,80.15038,,,6.28146,,,,,,,02db39fb-0347-40de-93c4-abc1fa19139e,2026-03-28,23:05:55.61,2026-03-28T16:05:55.6190720-07:00,2026-03-28T23:05:55.6190720Z,,v3,643-145631,643-146222,,"Brummett, Jackson",10114400,Right,WHI_COL1,8782ff80-98c3-49e3-b32c-e227bf622074,54.70176,-118.11557,10.22872,5.56181,-4.30325,-10.71528,-1.37181,10.67757,-5.75633,,,,,,,,,,,,,,,,,,,,,,,,,,,,,,,,,,,,,,,,,,,,,,,,,,,High,High,High,,,,,
216,2026-03-28,16:06:05.79,2,2,"Imboden, Jacob",10168911,Right,WHI_COL1,"DeGrazia, Tanner",1000214434,Right,POM_COL,Undefined,5,Bottom,1,1,0,Curveball,Slider,StrikeCalled,Undefined,Undefined,Undefined,0,0,,68.16816,2.208739,-1.29542,1947.874626,124.781887,10:15,5.4123,1.66375,5.34986,-54.43066,7.60941,-7.90481,2.94964,-0.21021,62.05321,-7.781973,-2.698828,0.566901,,,,,,,,,,,,3.52941,3.82374,-1.54144,50,5.57304,2.51387,-98.73489,2.22586,3.45091,17.11674,-28.43537,POM_COL,WHI_COL1,PomonaPitzer,D3,Team,20260328-PomonaPitzer-1,b36187a0-2afa-11f1-bb04-df4732e2f9b7,66.48853,,,6.11496,,,,,,,02db39fb-0347-40de-93c4-abc1fa19139e,2026-03-28,23:06:05.79,2026-03-28T16:06:05.7984000-07:00,2026-03-28T23:06:05.7984000Z,,v3,643-145631,643-146222,,"Brummett, Jackson",10114400,Right,WHI_COL1,4fdebeb9-b8d2-4714-b7eb-a6bf4bbf9c86,55.14499,-99.62283,8.55837,5.41931,3.70096,-14.21769,-1.66721,2.33485,1.72545,,,,,,,,,,,,,,,,,,,,,,,,,,,,,,,,,,,,,,,,,,,,,,,,,,,High,High,High,,,,,
217,2026-03-28,16:06:15.63,2,3,"Imboden, Jacob",10168911,Right,WHI_COL1,"DeGrazia, Tanner",1000214434,Right,POM_COL,Undefined,5,Bottom,1,1,1,Curveball,Slider,StrikeCalled,Undefined,Undefined,Undefined,0,0,,69.38268,1.758848,-0.082599,1929.26039,120.998194,10:00,5.4349,1.72531,5.14266,-53.09857,6.84634,-8.1443,2.6666,0.96885,63.51605,-7.928866,-1.524577,0.557247,,,,,,,,,,,,3.98839,3.55138,-1.71119,50,5.55928,0.44599,-100.58261,1.46018,4.07248,16.81294,-28.54777,POM_COL,WHI_COL1,PomonaPitzer,D3,Team,20260328-PomonaPitzer-1,b944f210-2afa-11f1-bb04-df4732e2f9b7,67.64046,,,5.86662,,,,,,,02db39fb-0347-40de-93c4-abc1fa19139e,2026-03-28,23:06:15.63,2026-03-28T16:06:15.6328448-07:00,2026-03-28T23:06:15.6328448Z,,v3,643-145631,643-146222,,"Brummett, Jackson",10114400,Right,WHI_COL1,bb6b0d43-bf5c-4d3b-89b1-c98f48d90df3,55.35297,-101.47345,8.40647,5.44184,2.97278,-14.27389,-1.7291,0.23021,2.03624,,,,,,,,,,,,,,,,,,,,,,,,,,,,,,,,,,,,,,,,,,,,,,,,,,,High,High,High,,,,,
218,2026-03-28,16:06:26.01,2,4,"Imboden, Jacob",10168911,Right,WHI_COL1,"DeGrazia, Tanner",1000214434,Right,POM_COL,Undefined,5,Bottom,1,1,2,Curveball,Curveball,InPlay,Undefined,FlyBall,Out,1,0,,69.29422,1.628329,-1.990567,1957.696531,96.243102,9:15,5.31149,1.71304,5.58239,-56.63369,3.04622,-8.85993,2.11401,-0.88499,63.09423,-8.7708,-3.570423,0.556014,84.89294,28.499469,-8.361889,2726.860144,109.0734,51.32553,-14.24444,332.45377,325.19921,-7.309213,4.554036,3.85764,1.60717,-1.53591,50,5.41475,3.79305,-100.42222,1.22986,3.88381,18.40031,-30.55598,POM_COL,WHI_COL1,PomonaPitzer,D3,Team,20260328-PomonaPitzer-1,bf6ba710-2afa-11f1-bb04-df4732e2f9b7,67.79048,64.94231,,6.19999,,,,1.85545,2.11057,0.87463,02db39fb-0347-40de-93c4-abc1fa19139e,2026-03-28,23:06:26.01,2026-03-28T16:06:26.0175872-07:00,2026-03-28T23:06:26.0175872Z,FlyBall,v3,643-145631,643-146222,,"Brummett, Jackson",10114400,Right,WHI_COL1,06876080-44ea-43ad-8d1b-4063bd33a5bb,54.91547,-101.31888,9.20015,5.31854,2.71886,-15.27799,-1.71614,3.60379,1.9419,183.703953,1.85578,108.25514,-16.47319,3.58153,-0.69476,0.13229,-0.02485,0.00338,-0.0002,2.11123,59.3856,-14.93154,0.35442,0.14867,-0.10871,0.03473,-0.00525,0.0003,0.87458,-15.91274,3.07665,-0.713,0.14114,-0.02511,0.00403,-0.00049,3E-05,,,,,,,,,,,,,,,,,,,,,,,High,High,High,High,Medium,,,
219,2026-03-28,16:06:56.03,3,1,"Imboden, Jacob",10168911,Right,WHI_COL1,"Berry, Cooper",1000276381,Left,POM_COL,Undefined,5,Bottom,2,0,0,Fastball,Changeup,StrikeCalled,Undefined,Undefined,Undefined,0,0,,81.38005,-0.965666,-3.625404,2044.862338,214.063114,1:15,5.42625,1.85405,5.7716,-23.54879,18.92662,11.87335,2.56333,-0.53474,74.40505,-5.396032,-1.504977,0.469073,,,,,,,,,,,,-7.00252,10.30595,-1.5611,50,5.33207,7.00036,-117.95514,-2.66632,-9.87851,22.16285,-17.63534,POM_COL,WHI_COL1,PomonaPitzer,D3,Team,20260328-PomonaPitzer-1,d1416330-2afa-11f1-bb04-df4732e2f9b7,80.35522,,,6.975,,,,,,,02db39fb-0347-40de-93c4-abc1fa19139e,2026-03-28,23:06:56.03,2026-03-28T16:06:56.0332800-07:00,2026-03-28T23:06:56.0332800Z,,v3,643-145631,643-146222,,"Brummett, Jackson",10114400,Right,WHI_COL1,f81ba99b-03be-44d0-9dc9-6ba7d0115912,54.72502,-118.83961,11.08143,5.42444,-1.96252,-8.81767,-1.84833,7.3946,-4.93925,,,,,,,,,,,,,,,,,,,,,,,,,,,,,,,,,,,,,,,,,,,,,,,,,,,High,High,High,,,,,
220,2026-03-28,16:07:05.16,3,2,"Imboden, Jacob",10168911,Right,WHI_COL1,"Berry, Cooper",1000276381,Left,POM_COL,Undefined,5,Bottom,2,0,1,Fastball,Changeup,FoulBallNotFieldable,Undefined,Undefined,Undefined,0,0,,81.09009,-0.911661,-1.629982,1761.078435,221.094315,1:15,5.45875,1.74238,5.54993,-27.45297,15.57245,12.38635,2.31868,1.25102,74.26215,-6.018127,0.57919,0.4721,,,,,,,,,,,,-6.73437,8.54091,-1.60983,50,5.36189,2.85775,-117.70754,-2.7302,-9.44971,22.30824,-20.18934,POM_COL,WHI_COL1,PomonaPitzer,D3,Team,20260328-PomonaPitzer-1,d6bbd2a0-2afa-11f1-bb04-df4732e2f9b7,79.83993,,,6.82793,,,,,,,02db39fb-0347-40de-93c4-abc1fa19139e,2026-03-28,23:07:05.16,2026-03-28T16:07:05.1623936-07:00,2026-03-28T23:07:05.1623936Z,,v3,643-145631,643-146222,,"Brummett, Jackson",10114400,Right,WHI_COL1,10cdd21a-6a0d-4e2f-a610-13caaa775d03,54.94849,-118.64168,11.15412,5.45851,-1.88479,-10.09467,-1.73778,3.25345,-4.72486,,,,,,,,,,,,,,,,,,,,,,,,,,,,,,,,,,,,,,,,,,,,,,,,,,,High,High,High,,,,,
221,2026-03-28,16:07:22.72,3,3,"Imboden, Jacob",10168911,Right,WHI_COL1,"Berry, Cooper",1000276381,Left,POM_COL,Undefined,5,Bottom,2,0,2,ChangeUp,Changeup,BallCalled,Undefined,Undefined,Undefined,0,0,,73.80838,0.990888,-1.499578,1393.966949,256.043295,2:30,5.35497,1.52691,5.81808,-45.06282,6.45359,19.3404,2.52144,1.74403,67.63144,-7.33591,1.968754,0.516588,,,,,,,,,,,,-10.23441,3.54729,-1.41538,50,5.40964,2.10948,-107.17935,0.52934,-11.87363,18.97799,-28.05859,POM_COL,WHI_COL1,PomonaPitzer,D3,Team,20260328-PomonaPitzer-1,e130ac10-2afa-11f1-bb04-df4732e2f9b7,72.96425,,,6.17693,,,,,,,02db39fb-0347-40de-93c4-abc1fa19139e,2026-03-28,23:07:22.72,2026-03-28T16:07:22.7204608-07:00,2026-03-28T23:07:22.7204608Z,,v3,643-145631,643-146222,,"Brummett, Jackson",10114400,Right,WHI_COL1,29598997-a4ef-4564-abd4-1d68130a0b26,54.68042,-108.00492,9.489,5.36007,1.74993,-14.0293,-1.51838,2.62599,-5.93681,,,,,,,,,,,,,,,,,,,,,,,,,,,,,,,,,,,,,,,,,,,,,,,,,,,High,High,High,,,,,
222,2026-03-28,16:07:32.48,3,4,"Imboden, Jacob",10168911,Right,WHI_COL1,"Berry, Cooper",1000276381,Left,POM_COL,Undefined,5,Bottom,2,1,2,Curveball,Curveball,BallCalled,Undefined,Undefined,Undefined,0,0,,69.47304,1.661062,0.718638,1903.924379,57.929507,8:00,5.42503,1.54853,5.00417,-67.57921,-7.02508,-14.5532,1.36199,1.01418,63.49481,-10.541325,-1.857471,0.560071,,,,,,,,,,,,7.4115,-3.35059,-1.60523,50,5.52997,-0.72395,-100.70314,0.74109,7.50944,18.38636,-35.56891,POM_COL,WHI_COL1,PomonaPitzer,D3,Team,20260328-PomonaPitzer-1,e7143d90-2afa-11f1-bb04-df4732e2f9b7,67.29935,,,5.97824,,,,,,,02db39fb-0347-40de-93c4-abc1fa19139e,2026-03-28,23:07:32.48,2026-03-28T16:07:32.4820480-07:00,2026-03-28T23:07:32.4820480Z,,v3,643-145631,643-146222,,"Brummett, Jackson",10114400,Right,WHI_COL1,1255c5e9-03db-496d-811a-d64a26edbb13,55.49627,-101.7017,9.19318,5.43727,2.67282,-17.78445,-1.55484,-1.13178,3.75472,,,,,,,,,,,,,,,,,,,,,,,,,,,,,,,,,,,,,,,,,,,,,,,,,,,High,High,High,,,,,
223,2026-03-28,16:07:44.05,3,5,"Imboden, Jacob",10168911,Right,WHI_COL1,"Berry, Cooper",1000276381,Left,POM_COL,Undefined,5,Bottom,2,2,2,Curveball,Slider,FoulBallNotFieldable,Undefined,Undefined,Undefined,0,0,,69.62446,1.920538,-1.62664,1987.830682,111.26033,9:45,5.34349,1.77147,5.17228,-54.86952,4.17276,-6.1937,2.57974,-0.27581,64.2742,-8.046459,-2.722941,0.553035,,,,,,,,,,,,2.68197,2.02973,-1.61494,50,5.48024,3.08587,-101.02691,1.71593,2.78209,15.88909,-30.06855,POM_COL,WHI_COL1,PomonaPitzer,D3,Team,20260328-PomonaPitzer-1,ee39ec00-2afa-11f1-bb04-df4732e2f9b7,68.15555,,,5.35025,,,,,,,02db39fb-0347-40de-93c4-abc1fa19139e,2026-03-28,23:07:44.05,2026-03-28T16:07:44.0513536-07:00,2026-03-28T23:07:44.0513536Z,,v3,643-145631,643-146222,,"Brummett, Jackson",10114400,Right,WHI_COL1,7d0db46c-377e-48cf-9086-303a07c29d44,55.32801,-101.86143,7.94454,5.34865,3.29517,-15.03428,-1.77318,2.93975,1.39105,,,,,,,,,,,,,,,,,,,,,,,,,,,,,,,,,,,,,,,,,,,,,,,,,,,High,High,High,,,,,
224,2026-03-28,16:08:26.85,3,6,"Imboden, Jacob",10168911,Right,WHI_COL1,"Berry, Cooper",1000276381,Left,POM_COL,Undefined,5,Bottom,2,2,2,ChangeUp,Changeup,BallCalled,Undefined,Undefined,Undefined,0,0,,71.33123,3.036421,-0.670461,1284.05662,237.366483,2:00,5.54398,1.49516,6.04808,-47.29054,8.41469,9.93875,4.41691,1.70268,64.06209,-5.824275,1.116877,0.53718,,,,,,,,,,,,-5.24811,3.98453,-1.4478,50,5.75598,0.85761,-103.27949,4.19816,-5.56141,20.23262,-27.95167,POM_COL,WHI_COL1,PomonaPitzer,D3,Team,20260328-PomonaPitzer-1,076edd20-2afb-11f1-bb04-df4732e2f9b7,70.1673,,,7.26914,,,,,,,02db39fb-0347-40de-93c4-abc1fa19139e,2026-03-28,23:08:26.85,2026-03-28T16:08:26.8578816-07:00,2026-03-28T23:08:26.8578816Z,,v3,643-145631,643-146222,,"Brummett, Jackson",10114400,Right,WHI_COL1,dc589784-fd9c-476e-ad27-6dd1366ecd31,54.44457,-104.14655,10.11631,5.5504,5.39602,-13.97584,-1.48966,1.09594,-2.78071,,,,,,,,,,,,,,,,,,,,,,,,,,,,,,,,,,,,,,,,,,,,,,,,,,,High,High,High,,,,,
225,2026-03-28,16:08:37.19,3,7,"Imboden, Jacob",10168911,Right,WHI_COL1,"Berry, Cooper",1000276381,Left,POM_COL,Undefined,5,Bottom,2,3,2,Fastball,Changeup,HitByPitch,Undefined,Undefined,Undefined,0,0,,80.799,-0.970602,-3.886718,1650.820541,230.241458,1:45,5.51097,1.43015,5.84049,-31.98848,10.96961,11.55233,1.94105,-1.22493,74.13334,-6.901109,-1.820327,0.47173,,,,,,,,,,,,-7.08528,6.25303,-1.12041,50,5.41278,7.53665,-117.16806,-2.96836,-9.85308,22.06217,-23.47833,POM_COL,WHI_COL1,PomonaPitzer,D3,Team,20260328-PomonaPitzer-1,0d8d54c0-2afb-11f1-bb04-df4732e2f9b7,79.90249,,,6.66566,,,,,,,02db39fb-0347-40de-93c4-abc1fa19139e,2026-03-28,23:08:37.19,2026-03-28T16:08:37.1980288-07:00,2026-03-28T23:08:37.1980288Z,,v3,643-145631,643-146222,,"Brummett, Jackson",10114400,Right,WHI_COL1,56844dff-0a78-4752-9ca8-98c879c3c02a,54.66049,-118.04235,11.03108,5.51198,-2.03796,-11.73916,-1.42681,7.92711,-4.92654,,,,,,,,,,,,,,,,,,,,,,,,,,,,,,,,,,,,,,,,,,,,,,,,,,,High,High,High,,,,,
226,2026-03-28,16:09:06.15,4,1,"Imboden, Jacob",10168911,Right,WHI_COL1,"Parker, Will",1000474009,Left,POM_COL,Undefined,5,Bottom,2,0,0,Fastball,Changeup,BallCalled,Undefined,Undefined,Undefined,0,0,,80.29528,-1.421825,-3.712602,1711.567037,231.581392,1:45,5.49146,1.47851,5.95817,-34.03777,9.36595,10.04296,1.33344,-1.13218,73.64363,-7.728313,-1.910985,0.474171,,,,,,,,,,,,-6.18107,5.64469,-1.18887,50,5.3594,7.17152,-116.39136,-3.93166,-8.47155,22.02422,-24.43762,POM_COL,WHI_COL1,PomonaPitzer,D3,Team,20260328-PomonaPitzer-1,1edaa700-2afb-11f1-bb04-df4732e2f9b7,79.49126,,,6.65165,,,,,,,02db39fb-0347-40de-93c4-abc1fa19139e,2026-03-28,23:09:06.15,2026-03-28T16:09:06.1584896-07:00,2026-03-28T23:09:06.1584896Z,,v3,643-145631,643-146222,,"Brummett, Jackson",10114400,Right,WHI_COL1,2a0ced17-2aff-4cc5-b79d-a3a55010fba5,54.53957,-117.24722,11.01211,5.49373,-2.98202,-12.21881,-1.47395,7.50073,-4.23577,,,,,,,,,,,,,,,,,,,,,,,,,,,,,,,,,,,,,,,,,,,,,,,,,,,High,High,High,,,,,
227,2026-03-28,16:09:18.15,4,2,"Imboden, Jacob",10168911,Right,WHI_COL1,"Parker, Will",1000474009,Left,POM_COL,Undefined,5,Bottom,2,1,0,Fastball,Changeup,FoulBallNotFieldable,Undefined,Undefined,Undefined,0,0,,81.43784,-1.145607,-3.280084,1843.954508,214.912833,1:15,5.55391,1.54839,6.08043,-28.17557,14.06438,8.80189,2.14416,-0.75614,74.03413,-6.440861,-1.697583,0.467771,,,,,,,,,,,,-5.55878,8.02682,-1.29944,50,5.45037,6.43866,-118.06523,-3.17252,-7.77714,24.3271,-20.94391,POM_COL,WHI_COL1,PomonaPitzer,D3,Team,20260328-PomonaPitzer-1,25fbc190-2afb-11f1-bb04-df4732e2f9b7,80.57887,,,7.40371,,,,,,,02db39fb-0347-40de-93c4-abc1fa19139e,2026-03-28,23:09:18.15,2026-03-28T16:09:18.1551616-07:00,2026-03-28T23:09:18.1551616Z,,v3,643-145631,643-146222,,"Brummett, Jackson",10114400,Right,WHI_COL1,1aca619f-f6c8-4bfd-a691-31f298d8aa1f,54.41752,-118.97197,12.16355,5.55407,-2.39188,-10.47195,-1.54483,6.72853,-3.88857,,,,,,,,,,,,,,,,,,,,,,,,,,,,,,,,,,,,,,,,,,,,,,,,,,,High,High,High,,,,,
228,2026-03-28,16:09:34.88,4,3,"Imboden, Jacob",10168911,Right,WHI_COL1,"Parker, Will",1000474009,Left,POM_COL,Undefined,5,Bottom,2,1,1,Curveball,Curveball,StrikeCalled,Undefined,Undefined,Undefined,0,0,,69.60481,1.391136,-2.408217,2069.768948,97.907613,9:15,5.45592,1.5376,5.12757,-57.13948,2.88492,-6.03205,2.00592,-1.23451,63.56242,-8.996104,-3.474707,0.557616,,,,,,,,,,,,2.23815,1.68579,-1.30659,50,5.54299,4.46175,-100.78498,0.67087,2.27968,17.86877,-30.45699,POM_COL,WHI_COL1,PomonaPitzer,D3,Team,20260328-PomonaPitzer-1,3001d3a0-2afb-11f1-bb04-df4732e2f9b7,67.59568,,,6.04239,,,,,,,02db39fb-0347-40de-93c4-abc1fa19139e,2026-03-28,23:09:34.88,2026-03-28T16:09:34.8891136-07:00,2026-03-28T23:09:34.8891136Z,,v3,643-145631,643-146222,,"Brummett, Jackson",10114400,Right,WHI_COL1,ab12ad93-35e7-4afd-8c96-933d93de2b49,55.3685,-101.73235,8.93439,5.46462,2.28562,-15.2285,-1.53994,4.34089,1.13984,,,,,,,,,,,,,,,,,,,,,,,,,,,,,,,,,,,,,,,,,,,,,,,,,,,High,High,High,,,,,
229,2026-03-28,16:09:46.31,4,4,"Imboden, Jacob",10168911,Right,WHI_COL1,"Parker, Will",1000474009,Left,POM_COL,Undefined,5,Bottom,2,1,2,Curveball,Curveball,FoulBallNotFieldable,Undefined,Undefined,Undefined,0,0,,69.57839,1.370887,-1.873574,2008.845836,72.89263,8:30,5.42484,1.93353,5.10866,-62.2787,-1.27748,-11.78032,1.52747,-0.81398,62.7734,-9.95983,-3.957947,0.562135,,,,,,,,,,,,5.19859,-0.48799,-1.74724,50,5.50585,3.72229,-100.64989,0.47184,5.18912,20.43519,-32.66114,POM_COL,WHI_COL1,PomonaPitzer,D3,Team,20260328-PomonaPitzer-1,36cf7700-2afb-11f1-bb04-df4732e2f9b7,67.05229,,,6.80499,,,,,,,02db39fb-0347-40de-93c4-abc1fa19139e,2026-03-28,23:09:46.31,2026-03-28T16:09:46.3118848-07:00,2026-03-28T23:09:46.3118848Z,,v3,643-145631,643-146222,,"Brummett, Jackson",10114400,Right,WHI_COL1,a9b6a9ae-ef8d-46ce-bde1-3267a9f51930,55.38853,-101.73806,10.2176,5.43442,2.21103,-16.33057,-1.93809,3.44597,2.59456,,,,,,,,,,,,,,,,,,,,,,,,,,,,,,,,,,,,,,,,,,,,,,,,,,,High,High,High,,,,,
230,2026-03-28,16:10:09.01,4,5,"Imboden, Jacob",10168911,Right,WHI_COL1,"Parker, Will",1000474009,Left,POM_COL,Undefined,5,Bottom,2,1,2,Fastball,Changeup,BallCalled,Undefined,Undefined,Undefined,0,0,,80.46239,2.061914,-2.101049,1854.748498,235.169691,1:45,5.47595,1.66562,5.79073,-33.69675,9.71508,11.99304,4.58809,0.70967,73.34959,-4.208033,0.044727,0.474215,,,,,,,,,,,,-6.61729,4.82008,-1.49944,50,5.62589,3.80004,-116.70451,3.14929,-9.12478,21.99651,-25.5275,POM_COL,WHI_COL1,PomonaPitzer,D3,Team,20260328-PomonaPitzer-1,444a6480-2afb-11f1-bb04-df4732e2f9b7,79.48384,,,7.1128,,,,,,,02db39fb-0347-40de-93c4-abc1fa19139e,2026-03-28,23:10:09.01,2026-03-28T16:10:09.0101248-07:00,2026-03-28T23:10:09.0101248Z,,v3,643-145631,643-146222,,"Brummett, Jackson",10114400,Right,WHI_COL1,ac047fe8-afb9-463b-b92b-ff124e449546,54.70523,-117.58801,10.99826,5.47881,4.17461,-12.76375,-1.65943,4.16654,-4.56239,,,,,,,,,,,,,,,,,,,,,,,,,,,,,,,,,,,,,,,,,,,,,,,,,,,High,High,High,,,,,
231,2026-03-28,16:10:22.49,4,6,"Imboden, Jacob",10168911,Right,WHI_COL1,"Parker, Will",1000474009,Left,POM_COL,Undefined,5,Bottom,2,2,2,Curveball,Curveball,BallCalled,Undefined,Undefined,Undefined,0,0,,68.629,3.618759,0.83908,1945.921687,68.101161,8:15,5.4658,1.70143,5.18743,-61.45405,0.23386,-4.6676,3.75397,2.10191,62.30021,-7.596108,0.012933,0.56529,,,,,,,,,,,,2.54973,-0.2498,-1.77574,50,5.75632,-1.28215,-99.29811,4.38843,2.52205,17.28163,-32.42115,POM_COL,WHI_COL1,PomonaPitzer,D3,Team,20260328-PomonaPitzer-1,4c6373a0-2afb-11f1-bb04-df4732e2f9b7,66.67804,,,6.32879,,,,,,,02db39fb-0347-40de-93c4-abc1fa19139e,2026-03-28,23:10:22.49,2026-03-28T16:10:22.4919552-07:00,2026-03-28T23:10:22.4919552Z,,v3,643-145631,643-146222,,"Brummett, Jackson",10114400,Right,WHI_COL1,f780a1e6-610d-4ecc-90b6-68b42a610879,55.30873,-100.21777,8.64082,5.47688,6.11375,-16.21057,-1.70394,-1.41636,1.26102,,,,,,,,,,,,,,,,,,,,,,,,,,,,,,,,,,,,,,,,,,,,,,,,,,,High,High,High,,,,,
232,2026-03-28,16:10:39.11,4,7,"Imboden, Jacob",10168911,Right,WHI_COL1,"Parker, Will",1000474009,Left,POM_COL,Undefined,5,Bottom,2,3,2,Fastball,Changeup,BallCalled,Walk,Undefined,Undefined,0,0,,80.841,-1.337522,-3.004105,1681.105211,229.924728,1:45,5.33119,1.60219,5.89029,-33.31825,9.46725,9.64847,1.31084,-0.38567,74.27373,-7.504328,-1.273462,0.470782,,,,,,,,,,,,-5.74614,5.64201,-1.36537,50,5.20417,5.78289,-117.27917,-3.77584,-8.01323,21.9174,-24.30609,POM_COL,WHI_COL1,PomonaPitzer,D3,Team,20260328-PomonaPitzer-1,56411620-2afb-11f1-bb04-df4732e2f9b7,80.06352,,,6.56727,,,,,,,02db39fb-0347-40de-93c4-abc1fa19139e,2026-03-28,23:10:39.11,2026-03-28T16:10:39.1100416-07:00,2026-03-28T23:10:39.1100416Z,,v3,643-145631,643-146222,,"Brummett, Jackson",10114400,Right,WHI_COL1,e29e9d6d-44d4-4ac4-a96c-2bb661faf5b0,54.60748,-118.13709,10.9587,5.33335,-2.82442,-12.15305,-1.59787,6.09656,-4.00661,,,,,,,,,,,,,,,,,,,,,,,,,,,,,,,,,,,,,,,,,,,,,,,,,,,High,High,High,,,,,
233,2026-03-28,16:11:09.86,5,1,"Imboden, Jacob",10168911,Right,WHI_COL1,"Loui, Shawn",1000474008,Right,POM_COL,Undefined,5,Bottom,2,0,0,ChangeUp,Changeup,BallCalled,Undefined,Undefined,Undefined,0,0,,78.3302,1.472957,-1.049158,1336.777227,227.907456,1:30,5.59387,1.4984,5.76575,-36.95494,8.9126,8.23685,3.88568,1.20826,71.45306,-5.388357,0.425479,0.487443,,,,,,,,,,,,-4.45311,4.59441,-1.41641,50,5.69368,1.762,-113.67843,1.78235,-5.81354,21.29469,-26.17605,POM_COL,WHI_COL1,PomonaPitzer,D3,Team,20260328-PomonaPitzer-1,688ee870-2afb-11f1-bb04-df4732e2f9b7,77.32679,,,6.87714,,,,,,,02db39fb-0347-40de-93c4-abc1fa19139e,2026-03-28,23:11:09.86,2026-03-28T16:11:09.8629632-07:00,2026-03-28T23:11:09.8629632Z,,v3,643-145631,643-146222,,"Brummett, Jackson",10114400,Right,WHI_COL1,6b273568-423d-42f4-b306-941914f4d3db,54.73022,-114.56109,10.64734,5.59732,2.86734,-13.08803,-1.49444,2.00297,-2.90677,,,,,,,,,,,,,,,,,,,,,,,,,,,,,,,,,,,,,,,,,,,,,,,,,,,High,High,High,,,,,
234,2026-03-28,16:11:23.86,5,2,"Imboden, Jacob",10168911,Right,WHI_COL1,"Loui, Shawn",1000474008,Right,POM_COL,Undefined,5,Bottom,2,1,0,Curveball,Curveball,StrikeCalled,Undefined,Undefined,Undefined,0,0,,66.46604,2.862502,0.071028,1782.353244,90.29285,9:00,5.43251,1.62188,5.28451,-62.93232,2.18445,-11.95111,2.87851,0.69265,60.85398,-8.616598,-2.049875,0.580788,,,,,,,,,,,,5.94945,0.96138,-1.61943,50,5.64801,0.29584,-96.32785,2.97934,5.56212,15.66286,-31.27526,POM_COL,WHI_COL1,PomonaPitzer,D3,Team,20260328-PomonaPitzer-1,70fd1c70-2afb-11f1-bb04-df4732e2f9b7,64.89876,,,5.61207,,,,,,,02db39fb-0347-40de-93c4-abc1fa19139e,2026-03-28,23:11:23.86,2026-03-28T16:11:23.8656000-07:00,2026-03-28T23:11:23.8656000Z,,v3,643-145631,643-146222,,"Brummett, Jackson",10114400,Right,WHI_COL1,15722eda-047f-4206-84b4-b500e488ecbb,55.21322,-97.17182,7.83143,5.44207,4.66456,-15.63763,-1.6273,-0.00386,2.78106,,,,,,,,,,,,,,,,,,,,,,,,,,,,,,,,,,,,,,,,,,,,,,,,,,,High,High,High,,,,,
235,2026-03-28,16:11:38.04,5,3,"Imboden, Jacob",10168911,Right,WHI_COL1,"Loui, Shawn",1000474008,Right,POM_COL,Undefined,5,Bottom,2,1,1,Curveball,Curveball,InPlay,Undefined,GroundBall,FieldersChoice,1,0,,67.19354,2.96115,-1.085995,1770.311013,58.621956,8:00,5.38277,1.60969,5.19673,-70.55429,-5.87914,-13.42119,2.29153,-0.53037,61.05232,-9.860036,-3.464447,0.578815,84.38609,-1.052874,-14.780223,,,,,87.66208,7.59061,-14.434877,0.706868,6.32634,-3.2426,-1.49838,50,5.60423,2.3144,-97.27951,2.9053,5.95319,17.82153,-35.22539,POM_COL,WHI_COL1,PomonaPitzer,D3,Team,20260328-PomonaPitzer-1,796f6f20-2afb-11f1-bb04-df4732e2f9b7,65.11997,1.60619,,6.14122,,,,0.38999,1.60619,0.44356,02db39fb-0347-40de-93c4-abc1fa19139e,2026-03-28,23:11:38.04,2026-03-28T16:11:38.0435968-07:00,2026-03-28T23:11:38.0435968Z,GroundBall,v3,643-145631,643-146222,,"Brummett, Jackson",10114400,Right,WHI_COL1,671f2f2d-6161-4e7e-b675-a60c2c8dd3d9,55.30309,-98.24623,8.91076,5.39481,4.81608,-17.6127,-1.61517,1.99148,2.97659,,0.40165,119.54811,,,,,,,,1.60597,-2.27226,,,,,,,,0.44048,-31.54183,,,,,,,,,,,,,,,,,,,,,,,,,,,,,,High,High,High,Low,Low,,,
236,2026-03-28,16:13:56.27,1,1,"Della Bitta, Eli",1000323431,Right,POM_COL,"Schulze, Jay",10114357,Right,WHI_COL1,Undefined,6,Top,0,0,0,Fastball,Changeup,InPlay,Undefined,LineDrive,Single,0,0,,83.56311,-1.387609,-2.539386,2115.605817,218.058197,1:15,6.65274,1.10792,4.25266,-26.15871,16.84627,11.99949,3.14322,-0.32414,75.7256,-6.171181,-0.451505,0.471988,89.7859,7.468187,-21.394725,951.755046,,,,136.69994,135.87284,-23.820713,1.177703,-6.57866,8.9739,-0.84393,50,6.47548,4.7929,-120.82596,-3.92161,-9.644,25.37753,-19.01876,POM_COL,WHI_COL1,PomonaPitzer,D3,Team,20260328-PomonaPitzer-1,cbc37be0-2afb-11f1-bb04-df4732e2f9b7,79.85895,7.23825,,7.83751,,,,1.1992,3.13965,0.32802,02db39fb-0347-40de-93c4-abc1fa19139e,2026-03-28,23:13:56.27,2026-03-28T16:13:56.2786816-07:00,2026-03-28T23:13:56.2786816Z,GroundBall,v3,643-145631,643-146222,,"Parker, Will",1000474009,Right,POM_COL,ceffef76-2753-4970-a750-b824fc2edd4e,56.24434,-122.13044,12.68877,6.65194,-2.94399,-9.50938,-1.10304,5.28863,-4.822,87.538235,1.1992,121.57113,-16.69703,2.96078,-0.60017,0.0802,-0.01056,0.00154,-0.00012,3.13965,17.11595,-18.75749,1.98521,-0.34387,0.07255,-0.01174,0.00183,-0.00024,0.32802,-47.6303,-0.92338,1.63737,-0.58108,0.15635,-0.03435,0.00646,-0.00065,,,,,,,,,,,,,,,,,,,,,,,High,High,High,High,High,,,
237,2026-03-28,16:14:24.74,2,1,"Della Bitta, Eli",1000323431,Right,POM_COL,"Mecate, Matthew",1000394015,Right,WHI_COL1,Undefined,6,Top,0,0,0,Curveball,Curveball,BallinDirt,Undefined,Undefined,Undefined,1,0,,68.28384,-0.221183,-1.354951,2190.524679,38.515478,7:15,6.65847,1.12429,4.05919,-71.47878,-6.71906,-7.08118,0.48941,-0.76744,63.0714,-12.810072,-2.589236,0.579194,,,,,,,,,,,,2.99532,-2.58343,-0.96351,50,6.55531,2.61417,-98.87254,-2.88471,2.9351,17.25134,-34.70554,POM_COL,WHI_COL1,PomonaPitzer,D3,Team,20260328-PomonaPitzer-1,dccf5850-2afb-11f1-bb04-df4732e2f9b7,65.07741,,,5.21244,,,,,,,02db39fb-0347-40de-93c4-abc1fa19139e,2026-03-28,23:14:24.74,2026-03-28T16:14:24.7440000-07:00,2026-03-28T23:14:24.7440000Z,,v3,643-145631,643-146222,,"Parker, Will",1000474009,Right,POM_COL,9871abaa-309e-42d7-bc66-f199b472867f,56.44172,-99.99017,8.62567,6.66936,-0.63629,-17.35277,-1.12671,2.42402,1.46755,,,,,,,,,,,,,,,,,,,,,,,,,,,,,81.82206,,,1.148071,,,,4.21186,5.87493,-0.68933,127.28055,2.98605,1.23587,4.29781,118.41482,-9.96159,5.88314,10.67844,-11.5148,-0.71808,-1.15136,2.52608,High,High,High,,,High,High,High
238,2026-03-28,16:14:54.59,2,2,"Della Bitta, Eli",1000323431,Right,POM_COL,"Mecate, Matthew",1000394015,Right,WHI_COL1,Undefined,6,Top,1,1,0,Fastball,Four-Seam,FoulBallNotFieldable,Undefined,Undefined,Undefined,0,0,,85.28567,-2.101331,-3.350971,2204.778098,215.400984,1:15,6.66956,1.40562,4.36058,-20.81966,20.4108,13.45162,2.92305,-0.67793,77.14737,-5.958149,-1.008931,0.462147,68.0754,9.268651,45.031287,2417.701821,,,,90.66844,90.11719,48.363322,0.994504,-7.52284,10.92942,-1.06019,50,6.42442,6.56574,-123.18633,-5.2785,-11.45959,26.44953,-15.52518,POM_COL,WHI_COL1,PomonaPitzer,D3,Team,20260328-PomonaPitzer-1,ee897620-2afb-11f1-bb04-df4732e2f9b7,81.55936,6.02076,,8.13829,,,,0.48985,2.76168,0.6396,02db39fb-0347-40de-93c4-abc1fa19139e,2026-03-28,23:14:54.59,2026-03-28T16:14:54.5915904-07:00,2026-03-28T23:14:54.5915904Z,GroundBall,v3,643-145631,643-146222,,"Parker, Will",1000474009,Right,POM_COL,dddc7bfa-9362-447e-8daa-a2f41191b0ee,56.1357,-124.49677,13.22477,6.66689,-4.50931,-7.76259,-1.39955,7.13351,-5.72979,,0.48985,69.64063,-10.8001,1.45597,-0.22184,-0.14513,0.18334,-0.10388,0.02427,2.76168,16.08136,-20.55631,1.8821,-0.30387,-0.02951,0.09763,-0.05885,0.01384,0.63961,69.7162,-1.70851,-0.67182,0.12471,0.12699,-0.19563,0.11492,-0.02699,,,,,,,,,,,,,,,,,,,,,,,High,High,High,Medium,High,,,
239,2026-03-28,16:15:43.42,2,3,"Della Bitta, Eli",1000323431,Right,POM_COL,"Mecate, Matthew",1000394015,Right,WHI_COL1,Undefined,6,Top,1,1,1,ChangeUp,Changeup,BallCalled,Undefined,Undefined,Undefined,0,0,,78.60803,0.288283,-1.139813,1588.843039,213.557753,1:00,6.62032,0.85269,4.19131,-31.75352,16.36036,9.84489,4.25047,0.58083,71.94921,-5.472076,0.572258,0.499237,,,,,,,,,,,,-4.99028,8.23926,-0.73793,50,6.6199,1.81419,-113.87184,-0.60076,-6.57601,20.20312,-21.31665,POM_COL,WHI_COL1,PomonaPitzer,D3,Team,20260328-PomonaPitzer-1,0ba11fb0-2afc-11f1-bb04-df4732e2f9b7,75.50013,,,6.65882,,,,,,,02db39fb-0347-40de-93c4-abc1fa19139e,2026-03-28,23:15:43.42,2026-03-28T16:15:43.4271744-07:00,2026-03-28T23:15:43.4271744Z,,v3,643-145631,643-146222,,"Parker, Will",1000474009,Right,POM_COL,3d24cc3e-ee55-4826-9211-b2b083ca2f36,56.30347,-114.98476,10.10156,6.62065,0.5735,-10.65832,-0.84785,2.17644,-3.28801,,,,,,,,,,,,,,,,,,,,,,,,,,,,,,,,,,,,,,,,,,,,,,,,,,,High,High,High,,,,,
240,2026-03-28,16:16:00.40,2,4,"Della Bitta, Eli",1000323431,Right,POM_COL,"Mecate, Matthew",1000394015,Right,WHI_COL1,Undefined,6,Top,1,2,1,Curveball,Curveball,BallCalled,Undefined,Undefined,Undefined,0,0,,71.3004,-0.058551,-1.721635,2264.283474,80.724484,8:45,6.6147,1.07889,4.39529,-57.14696,0.87595,-5.51863,1.79653,-1.02497,66.06542,-10.230822,-2.686798,0.548241,,,,,,,,,,,,2.20228,1.01862,-0.88946,50,6.55216,3.32732,-103.36182,-2.11536,2.38901,16.78697,-31.06906,POM_COL,WHI_COL1,PomonaPitzer,D3,Team,20260328-PomonaPitzer-1,15c67990-2afc-11f1-bb04-df4732e2f9b7,68.75164,,,5.23498,,,,,,,02db39fb-0347-40de-93c4-abc1fa19139e,2026-03-28,23:16:00.40,2026-03-28T16:16:00.4051456-07:00,2026-03-28T23:16:00.4051456Z,,v3,643-145631,643-146222,,"Parker, Will",1000474009,Right,POM_COL,e26caee1-85a6-4e67-9263-641f1c4edfc4,56.1034,-104.34837,8.39348,6.62283,-0.28948,-15.53453,-1.08088,3.18693,1.1945,,,,,,,,,,,,,,,,,,,,,,,,,,,,,,,,,,,,,,,,,,,,,,,,,,,High,High,High,,,,,
241,2026-03-28,16:16:17.99,2,5,"Della Bitta, Eli",1000323431,Right,POM_COL,"Mecate, Matthew",1000394015,Right,WHI_COL1,Undefined,6,Top,1,3,1,Fastball,Changeup,FoulBallNotFieldable,Undefined,Undefined,Undefined,0,0,,85.01553,-1.51035,-2.079232,2121.076396,218.700534,1:15,6.64313,1.02197,4.45059,-24.05517,17.35434,12.68709,3.19693,0.09553,76.68923,-5.94776,0.137188,0.46315,78.94055,-35.407155,-144.291348,,,,,4.24419,4.24419,-141.96162,0.045523,-6.81788,9.32745,-0.81533,50,6.46133,3.8589,-122.92159,-4.13152,-10.2958,27.32617,-18.0885,POM_COL,WHI_COL1,PomonaPitzer,D3,Team,20260328-PomonaPitzer-1,20351170-2afc-11f1-bb04-df4732e2f9b7,81.38283,3.06441,,8.3263,,,,0.15772,3.06441,-0.0991,02db39fb-0347-40de-93c4-abc1fa19139e,2026-03-28,23:16:17.99,2026-03-28T16:16:17.9961344-07:00,2026-03-28T23:16:17.9961344Z,GroundBall,v3,643-145631,643-146222,,"Parker, Will",1000474009,Right,POM_COL,df2a283b-8153-49bd-82dd-cd1f409d42cd,56.04525,-124.25821,13.66308,6.64178,-3.24674,-9.04425,-1.0164,4.36251,-5.1479,,0.15969,-76.8934,,,,,,,,3.06613,-67.31535,,,,,,,,-0.09769,-55.27112,,,,,,,,,,,,,,,,,,,,,,,,,,,,,,High,High,High,Estimated,Estimated,,,
242,2026-03-28,16:16:40.81,2,6,"Della Bitta, Eli",1000323431,Right,POM_COL,"Mecate, Matthew",1000394015,Right,WHI_COL1,Undefined,6,Top,1,3,2,Fastball,Four-Seam,BallCalled,Walk,Undefined,Undefined,0,0,,85.95037,0.113361,-1.369127,1959.822451,206.575425,1:00,6.69814,1.03579,4.2735,-21.50588,19.37092,8.92804,5.01448,0.46967,77.0677,-3.88789,0.185318,0.460161,,,,,,,,,,,,-4.65866,9.67166,-0.89638,50,6.69005,2.51158,-124.19634,-0.53517,-7.16863,28.31211,-17.29153,POM_COL,WHI_COL1,PomonaPitzer,D3,Team,20260328-PomonaPitzer-1,2dcde730-2afc-11f1-bb04-df4732e2f9b7,81.91141,,,8.88267,,,,,,,02db39fb-0347-40de-93c4-abc1fa19139e,2026-03-28,23:16:40.81,2026-03-28T16:16:40.8158720-07:00,2026-03-28T23:16:40.8158720Z,,v3,643-145631,643-146222,,"Parker, Will",1000474009,Right,POM_COL,62ef8e77-4c39-43cd-98f9-2e14768152be,56.21685,-125.60555,14.15606,6.69527,0.3255,-8.64576,-1.03027,2.8684,-3.58431,,,,,,,,,,,,,,,,,,,,,,,,,,,,,,,,,,,,,,,,,,,,,,,,,,,High,High,High,,,,,
243,2026-03-28,16:17:16.19,3,1,"Della Bitta, Eli",1000323431,Right,POM_COL,"Lee, Jack",1000515109,Right,WHI_COL1,Undefined,6,Top,1,0,0,Curveball,Curveball,BallCalled,Undefined,Undefined,Undefined,0,0,,68.86423,2.904552,-0.612974,2100.188079,42.410642,7:30,6.75356,1.05621,4.14715,-66.29259,-2.91559,-4.58394,4.01699,0.08639,62.94093,-8.915595,-1.409966,0.572977,,,,,,,,,,,,2.00162,-1.55024,-0.98298,50,7.00592,1.25052,-99.61668,2.72205,2.00078,16.7851,-33.72364,POM_COL,WHI_COL1,PomonaPitzer,D3,Team,20260328-PomonaPitzer-1,43021090-2afc-11f1-bb04-df4732e2f9b7,65.7835,,,5.9233,,,,,,,02db39fb-0347-40de-93c4-abc1fa19139e,2026-03-28,23:17:16.19,2026-03-28T16:17:16.1904640-07:00,2026-03-28T23:17:16.1904640Z,,v3,643-145631,643-146222,,"Parker, Will",1000474009,Right,POM_COL,c414a459-b62e-4f7c-b672-1fbae5a14be7,56.35094,-100.68111,8.39255,6.76549,4.86063,-16.86182,-1.05826,1.12364,1.00039,,,,,,,,,,,,,,,,,,,,,,,,,,,,,,,,,,,,,,,,,,,,,,,,,,,High,High,High,,,,,
244,2026-03-28,16:17:31.99,3,2,"Della Bitta, Eli",1000323431,Right,POM_COL,"Lee, Jack",1000515109,Right,WHI_COL1,Undefined,6,Top,1,1,0,Fastball,Changeup,StrikeCalled,Undefined,Undefined,Undefined,0,0,,84.73698,-2.3425,-3.239016,1904.1341,211.907017,1:00,6.71152,1.09962,4.20255,-21.67635,20.68253,11.86099,2.65628,-1.01814,76.09754,-6.357765,-1.179503,0.468429,,,,,,,,,,,,-6.69441,11.12694,-0.75609,50,6.43238,6.32591,-122.19431,-5.78971,-9.96127,27.63889,-15.61716,POM_COL,WHI_COL1,PomonaPitzer,D3,Team,20260328-PomonaPitzer-1,4c58f6e0-2afc-11f1-bb04-df4732e2f9b7,80.46566,,,8.63944,,,,,,,02db39fb-0347-40de-93c4-abc1fa19139e,2026-03-28,23:17:31.99,2026-03-28T16:17:31.9904256-07:00,2026-03-28T23:17:31.9904256Z,,v3,643-145631,643-146222,,"Parker, Will",1000474009,Right,POM_COL,01d32ce5-dc83-4e47-a38d-83ee92e8e2d8,56.29015,-123.60888,13.81945,6.70824,-4.99042,-7.80858,-1.0929,6.83573,-4.98064,,,,,,,,,,,,,,,,,,,,,,,,,,,,,,,,,,,,,,,,,,,,,,,,,,,High,High,High,,,,,
245,2026-03-28,16:17:47.58,3,3,"Della Bitta, Eli",1000323431,Right,POM_COL,"Lee, Jack",1000515109,Right,WHI_COL1,Undefined,6,Top,1,1,1,Curveball,Curveball,StrikeCalled,Undefined,Undefined,Undefined,0,0,,71.28407,1.914107,-0.755793,2204.517272,48.981576,7:45,6.64877,0.97144,4.20165,-62.07381,-3.07634,-5.79748,3.31048,-0.23576,65.19746,-9.156224,-1.765503,0.552826,,,,,,,,,,,,2.54347,-1.39134,-0.88182,50,6.79473,1.60134,-103.18724,1.19936,2.72526,18.16734,-33.66483,POM_COL,WHI_COL1,PomonaPitzer,D3,Team,20260328-PomonaPitzer-1,55aa8600-2afc-11f1-bb04-df4732e2f9b7,68.18144,,,6.08661,,,,,,,02db39fb-0347-40de-93c4-abc1fa19139e,2026-03-28,23:17:47.58,2026-03-28T16:17:47.5854848-07:00,2026-03-28T23:17:47.5854848Z,,v3,643-145631,643-146222,,"Parker, Will",1000474009,Right,POM_COL,884b38c5-4e53-456d-bede-f5c15110f76c,56.29635,-104.28989,9.08367,6.65992,3.24263,-16.83242,-0.974,1.43593,1.36263,,,,,,,,,,,,,,,,,,,,,,,,,,,,,,,,,,,,,,,,,,,,,,,,,,,High,High,High,,,,,
246,2026-03-28,16:18:05.36,3,4,"Della Bitta, Eli",1000323431,Right,POM_COL,"Lee, Jack",1000515109,Right,WHI_COL1,Undefined,6,Top,1,1,2,Curveball,Curveball,BallCalled,Undefined,Undefined,Undefined,0,0,,70.73326,3.337429,-1.212671,2198.31675,86.491763,9:00,6.74429,0.99782,4.19448,-58.53743,1.62276,-6.62823,5.06812,-0.71657,64.27224,-7.156531,-2.364026,0.558247,,,,,,,,,,,,2.78728,0.46622,-0.85682,50,7.05169,2.43913,-102.20864,3.87865,2.92905,17.88111,-31.68413,POM_COL,WHI_COL1,PomonaPitzer,D3,Team,20260328-PomonaPitzer-1,60433b20-2afc-11f1-bb04-df4732e2f9b7,67.51933,,,6.46102,,,,,,,02db39fb-0347-40de-93c4-abc1fa19139e,2026-03-28,23:18:05.36,2026-03-28T16:18:05.3619712-07:00,2026-03-28T23:18:05.3619712Z,,v3,643-145631,643-146222,,"Parker, Will",1000474009,Right,POM_COL,38467d17-0d07-4ad9-b990-dc5916985b84,56.30127,-103.30514,8.94056,6.75427,5.82158,-15.84206,-1.00089,2.25952,1.46452,,,,,,,,,,,,,,,,,,,,,,,,,,,,,,,,,,,,,,,,,,,,,,,,,,,High,High,High,,,,,
247,2026-03-28,16:18:22.31,3,5,"Della Bitta, Eli",1000323431,Right,POM_COL,"Lee, Jack",1000515109,Right,WHI_COL1,Undefined,6,Top,1,2,2,Fastball,Changeup,StrikeCalled,Strikeout,Undefined,Undefined,0,0,,83.15792,-2.407236,-3.159947,1835.192491,202.190261,12:45,6.71528,1.04958,4.34572,-22.85808,20.74119,7.79599,2.50554,-1.32304,75.00992,-6.631262,-1.80282,0.475238,,,,,,,,,,,,-4.71618,11.20977,-0.7177,50,6.43455,6.24874,-119.98883,-5.85789,-6.79127,25.87474,-16.03203,POM_COL,WHI_COL1,PomonaPitzer,D3,Team,20260328-PomonaPitzer-1,6a5ad960-2afc-11f1-bb04-df4732e2f9b7,79.31276,,,8.14801,,,,,,,02db39fb-0347-40de-93c4-abc1fa19139e,2026-03-28,23:18:22.31,2026-03-28T16:18:22.3140864-07:00,2026-03-28T23:18:22.3140864Z,,v3,643-145631,643-146222,,"Parker, Will",1000474009,Right,POM_COL,d59cfb2d-b582-45ce-bcd7-eb1d63fa6764,56.14675,-121.30709,12.93737,6.71219,-5.04109,-8.01602,-1.04488,6.59474,-3.39564,,,,,,,,,,,,,,,,,,,,,,,,,,,,,,,,,,,,,,,,,,,,,,,,,,,High,High,High,,,,,
248,2026-03-28,16:21:48.68,4,1,"Pilz, Talen",10279098,Right,POM_COL,"Plaskett, Joe",1000237974,Right,WHI_COL1,Undefined,6,Top,2,0,0,Slider,Curveball,StrikeCalled,Undefined,Undefined,Undefined,0,0,,76.43597,1.752088,-0.059934,2202.327493,60.069068,8:00,6.10282,1.29632,5.51361,-53.67889,-4.87764,-11.25449,3.26844,0.3024,69.81674,-8.055569,-2.06802,0.50279,,,,,,,,,,,,5.60075,-2.39248,-1.28364,50,6.22012,0.55711,-110.91653,1.59953,6.92682,21.17534,-35.13297,POM_COL,WHI_COL1,PomonaPitzer,D3,Team,20260328-PomonaPitzer-1,e55871e0-2afc-11f1-bb04-df4732e2f9b7,74.96652,,,6.61923,,,,,,,02db39fb-0347-40de-93c4-abc1fa19139e,2026-03-28,23:21:48.68,2026-03-28T16:21:48.6834176-07:00,2026-03-28T23:21:48.6834176Z,,v3,643-145631,643-146222,,"Parker, Will",1000474009,Right,POM_COL,b0d885e1-7757-4f13-b526-1c616e65c8b6,54.98517,-111.86421,10.58767,6.11335,3.17188,-17.56649,-1.30164,0.2471,3.46341,,,,,,,,,,,,,,,,,,,,,,,,,,,,,,,,,,,,,,,,,,,,,,,,,,,High,High,High,,,,,
249,2026-03-28,16:22:08.91,4,2,"Pilz, Talen",10279098,Right,POM_COL,"Plaskett, Joe",1000237974,Right,WHI_COL1,Undefined,6,Top,2,0,1,Slider,Curveball,InPlay,Undefined,LineDrive,Double,0,0,,75.24506,1.58297,0.199592,2196.373133,43.83022,7:30,6.04226,1.1347,5.41914,-58.82153,-8.61083,-9.7519,2.62367,0.50901,69.30484,-9.096755,-1.539099,0.509999,102.11341,16.236676,-5.967798,1219.302531,109.17223,19.38304,-13.46853,218.40764,218.40764,-7.937644,1.841151,4.97087,-4.32918,-1.14538,50,6.14158,-0.01441,-109.29834,1.0707,6.00417,19.53131,-37.40315,POM_COL,WHI_COL1,PomonaPitzer,D3,Team,20260328-PomonaPitzer-1,f16836a0-2afc-11f1-bb04-df4732e2f9b7,73.90685,19.37794,,5.94022,,,,0.41145,2.45533,-0.46283,02db39fb-0347-40de-93c4-abc1fa19139e,2026-03-28,23:22:08.91,2026-03-28T16:22:08.9162752-07:00,2026-03-28T23:22:08.9162752Z,LineDrive,v3,643-145631,643-146222,,"Parker, Will",1000474009,Right,POM_COL,4211ede8-7f7b-4edc-b729-499d7e9a57ba,55.08298,-110.20291,9.76566,6.05188,2.80299,-18.70158,-1.13827,-0.29248,3.00209,21.274175,0.41145,143.01334,-17.80758,3.06482,-0.75882,0.17035,-0.03627,0.0059,-0.00048,2.45533,41.87543,-28.66633,3.9805,-0.91632,0.21827,-0.04501,0.0073,-0.00062,-0.46283,-14.95005,-0.79008,0.15352,-0.05211,0.00973,-0.0021,0.00036,-3E-05,,,,,,,,,,,,,,,,,,,,,,,High,High,High,High,High,,,
250,2026-03-28,16:22:57.04,5,1,"Pilz, Talen",10279098,Right,POM_COL,"Cardoza, Aidan",1000339820,Right,WHI_COL1,Undefined,6,Top,2,0,0,Fastball,Four-Seam,BallinDirt,Undefined,Undefined,Undefined,0,0,,85.15639,-5.632934,-2.287811,2155.118657,213.468965,1:00,6.35976,0.85366,5.78023,-21.70848,17.52017,10.68764,-0.71147,-0.38548,77.96729,-9.665398,-0.372766,0.450789,,,,,,,,,,,,-6.22366,11.03564,-0.67174,50,5.88037,4.49893,-123.01075,-12.80089,-9.48338,25.66119,-15.35839,POM_COL,WHI_COL1,PomonaPitzer,D3,Team,20260328-PomonaPitzer-1,0e0977b0-2afd-11f1-bb04-df4732e2f9b7,83.61442,,,7.1891,,,,,,,02db39fb-0347-40de-93c4-abc1fa19139e,2026-03-28,23:22:57.04,2026-03-28T16:22:57.0411520-07:00,2026-03-28T23:22:57.0411520Z,,v3,643-145631,643-146222,,"Parker, Will",1000474009,Right,POM_COL,6b05f981-4d70-4a83-893d-541c4957c1dc,54.72013,-123.9915,12.83059,6.3584,-12.2139,-7.67919,-0.85062,4.86138,-4.74169,,,,,,,,,,,,,,,,,,,,,,,,,,,,,,,,,,,,,,,,,,,,,,,,,,,High,High,High,,,,,
251,2026-03-28,16:23:26.98,5,2,"Pilz, Talen",10279098,Right,POM_COL,"Cardoza, Aidan",1000339820,Right,WHI_COL1,Undefined,6,Top,2,1,0,Fastball,Four-Seam,InPlay,Undefined,Popup,Out,1,0,,86.55663,-2.59703,-2.062551,2187.031761,215.62702,1:15,6.40641,0.89984,5.81558,-19.86926,18.28942,12.06694,2.33267,-0.01319,77.82594,-6.381543,0.099722,0.444599,,,,,,,,,,,,-6.86221,10.62249,-0.73822,50,6.18205,4.00981,-125.31277,-6.26224,-10.69985,29.90905,-15.611,POM_COL,WHI_COL1,PomonaPitzer,D3,Team,20260328-PomonaPitzer-1,1fecef70-2afd-11f1-bb04-df4732e2f9b7,84.77858,,,8.7307,,,,,,,02db39fb-0347-40de-93c4-abc1fa19139e,2026-03-28,23:23:26.98,2026-03-28T16:23:26.9858304-07:00,2026-03-28T23:23:26.9858304Z,,v3,643-145631,643-146222,,"Parker, Will",1000474009,Right,POM_COL,4254e2aa-67b3-47db-98d3-1df81749f0fe,54.68072,-126.42501,14.95452,6.40413,-5.68171,-7.8055,-0.89473,4.40771,-5.34993,,,,,,,,,,,,,,,,,,,,,,,,,,,,,,,,,,,,,,,,,,,,,,,,,,,High,High,High,,,,,
252,2026-03-28,16:26:26.17,1,1,"Cazares, Aaron",1000218884,Right,WHI_COL1,"Quintero, James",10138921,Left,POM_COL,Undefined,6,Bottom,0,0,0,Fastball,Changeup,StrikeCalled,Undefined,Undefined,Undefined,0,0,,82.70161,-0.197823,-1.395848,1923.050219,217.503803,1:15,5.47526,1.4096,4.96079,-33.53703,8.95528,5.79217,2.49356,0.57332,75.38729,-6.330323,-0.373716,0.469166,,,,,,,,,,,,-3.2415,4.92709,-1.27936,50,5.42905,2.66166,-119.86601,-1.64041,-4.69872,23.9631,-25.03197,POM_COL,WHI_COL1,PomonaPitzer,D3,Team,20260328-PomonaPitzer-1,8ab905f0-2afd-11f1-bb04-df4732e2f9b7,80.33924,,,7.31432,,,,,,,02db39fb-0347-40de-93c4-abc1fa19139e,2026-03-28,23:26:26.17,2026-03-28T16:26:26.1739008-07:00,2026-03-28T23:26:26.1739008Z,,v3,643-145631,643-146222,,"Brummett, Jackson",10114400,Right,WHI_COL1,8d59d9ae-8c1d-4c0b-8cf0-6927b70a7fe5,55.53462,-120.96741,11.98155,5.47801,-0.48988,-12.51598,-1.40666,2.87762,-2.34936,,,,,,,,,,,,,,,,,,,,,,,,,,,,,,,,,,,,,,,,,,,,,,,,,,,High,High,High,,,,,
253,2026-03-28,16:26:42.40,1,2,"Cazares, Aaron",1000218884,Right,WHI_COL1,"Quintero, James",10138921,Left,POM_COL,Undefined,6,Bottom,0,0,1,ChangeUp,Changeup,StrikeSwinging,Undefined,Undefined,Undefined,0,0,,74.42787,-0.123239,-1.375083,1420.870403,224.458949,1:30,5.31248,1.47297,4.57004,-43.30136,9.9156,7.9952,1.58673,0.83052,68.09801,-7.954712,0.026338,0.525045,,,,,,,,,,,,-4.27823,5.40677,-1.33837,50,5.25987,2.25768,-107.82144,-1.73791,-5.02055,19.29522,-25.82915,POM_COL,WHI_COL1,PomonaPitzer,D3,Team,20260328-PomonaPitzer-1,946d2770-2afd-11f1-bb04-df4732e2f9b7,71.78898,,,6.32986,,,,,,,02db39fb-0347-40de-93c4-abc1fa19139e,2026-03-28,23:26:42.40,2026-03-28T16:26:42.4085504-07:00,2026-03-28T23:26:42.4085504Z,,v3,643-145631,643-146222,,"Brummett, Jackson",10114400,Right,WHI_COL1,6dbf029b-3ee7-41fe-80e7-2024f09495f8,55.92604,-108.87678,9.64761,5.31629,-0.32522,-12.91457,-1.46936,2.53228,-2.51028,,,,,,,,,,,,,,,,,,,,,,,,,,,,,,,,,,,,,,,,,,,,,,,,,,,High,High,High,,,,,
254,2026-03-28,16:27:00.76,1,3,"Cazares, Aaron",1000218884,Right,WHI_COL1,"Quintero, James",10138921,Left,POM_COL,Undefined,6,Bottom,0,0,2,ChangeUp,Changeup,BallCalled,Undefined,Undefined,Undefined,0,0,,75.06332,-0.33981,-0.717941,1543.102686,233.554927,1:45,5.38013,1.39918,4.52997,-44.3703,7.55296,8.09359,1.359,1.38995,69.33968,-8.313319,0.700664,0.518624,,,,,,,,,,,,-4.13591,4.24378,-1.33243,50,5.30291,1.03137,-108.89182,-2.22646,-4.99317,18.13858,-27.05063,POM_COL,WHI_COL1,PomonaPitzer,D3,Team,20260328-PomonaPitzer-1,9f5b76a0-2afd-11f1-bb04-df4732e2f9b7,72.67782,,,5.72363,,,,,,,02db39fb-0347-40de-93c4-abc1fa19139e,2026-03-28,23:27:00.76,2026-03-28T16:27:00.7619584-07:00,2026-03-28T23:27:00.7619584Z,,v3,643-145631,643-146222,,"Brummett, Jackson",10114400,Right,WHI_COL1,90718d51-7330-4b1f-bb75-6ac6af2d5cce,55.96846,-109.88152,9.06929,5.38412,-0.75051,-13.52532,-1.39614,1.30381,-2.49658,,,,,,,,,,,,,,,,,,,,,,,,,,,,,,,,,,,,,,,,,,,,,,,,,,,High,High,High,,,,,
255,2026-03-28,16:27:19.04,1,4,"Cazares, Aaron",1000218884,Right,WHI_COL1,"Quintero, James",10138921,Left,POM_COL,Undefined,6,Bottom,0,1,2,ChangeUp,Changeup,BallCalled,Undefined,Undefined,Undefined,0,0,,73.68654,-0.319313,-1.730121,1360.733445,268.304501,3:00,5.34173,1.28031,4.70744,-52.27278,2.10437,7.02264,0.68245,0.22288,67.28204,-9.736624,-0.494494,0.530737,,,,,,,,,,,,-3.98453,1.66705,-1.11183,50,5.26284,2.94293,-106.71131,-2.40265,-4.54456,20.22515,-30.27267,POM_COL,WHI_COL1,PomonaPitzer,D3,Team,20260328-PomonaPitzer-1,aa4a6210-2afd-11f1-bb04-df4732e2f9b7,71.019,,,6.4045,,,,,,,02db39fb-0347-40de-93c4-abc1fa19139e,2026-03-28,23:27:19.04,2026-03-28T16:27:19.0476800-07:00,2026-03-28T23:27:19.0476800Z,,v3,643-145631,643-146222,,"Brummett, Jackson",10114400,Right,WHI_COL1,720cc8fc-8ded-40df-b360-9fa76a33d235,55.79031,-107.80317,10.11258,5.34843,-0.76837,-15.13634,-1.27732,3.18826,-2.27228,,,,,,,,,,,,,,,,,,,,,,,,,,,,,,,,,,,,,,,,,,,,,,,,,,,High,High,High,,,,,
256,2026-03-28,16:27:40.62,1,5,"Cazares, Aaron",1000218884,Right,WHI_COL1,"Quintero, James",10138921,Left,POM_COL,Undefined,6,Bottom,0,2,2,Slider,Curveball,StrikeCalled,Strikeout,Undefined,Undefined,0,0,,69.66287,2.052566,-0.336014,2367.227744,65.297114,8:15,5.42876,1.02843,4.48467,-66.12539,-4.44559,-14.47032,1.87536,-0.49767,63.30358,-9.812858,-2.870107,0.565253,,,,,,,,,,,,6.86764,-2.10599,-0.97841,50,5.58144,1.16385,-100.79697,1.3442,6.95058,18.87018,-34.30546,POM_COL,WHI_COL1,PomonaPitzer,D3,Team,20260328-PomonaPitzer-1,b72713c0-2afd-11f1-bb04-df4732e2f9b7,66.6824,,,6.35929,,,,,,,02db39fb-0347-40de-93c4-abc1fa19139e,2026-03-28,23:27:40.62,2026-03-28T16:27:40.6270000-07:00,2026-03-28T23:27:40.6270000Z,,v3,643-145631,643-146222,,"Brummett, Jackson",10114400,Right,WHI_COL1,b7aaee99-c3be-41c8-89f8-844016f186ff,56.01349,-101.91654,9.43509,5.44131,3.37954,-17.15273,-1.03523,0.75148,3.47529,,,,,,,,,,,,,,,,,,,,,,,,,,,,,61.38262,2.885248,1.788006,1.097241,-0.65545,1.50737,0.60331,-0.11256,5.15101,-2.69399,73.15618,10.1673,-51.64207,-0.07679,70.52472,-3.43511,5.22714,21.23404,-15.22099,-2.77948,-50.08595,5.03333,High,High,High,,,High,High,High
257,2026-03-28,16:28:09.30,2,1,"Cazares, Aaron",1000218884,Right,WHI_COL1,"Savas, Peter",1000276389,Right,POM_COL,Undefined,6,Bottom,1,0,0,Slider,Curveball,StrikeCalled,Undefined,Undefined,Undefined,0,0,,69.01628,2.28133,-1.136037,2264.382133,70.447789,8:15,5.46694,1.13694,4.43276,-64.2883,-1.32642,-10.06725,2.28743,-0.78586,62.66897,-9.265202,-2.89526,0.571098,,,,,,,,,,,,4.47583,-0.64894,-1.00608,50,5.64676,2.37627,-99.80004,1.79463,4.44704,18.28869,-32.81881,POM_COL,WHI_COL1,PomonaPitzer,D3,Team,20260328-PomonaPitzer-1,c83b54a0-2afd-11f1-bb04-df4732e2f9b7,66,,,6.34731,,,,,,,02db39fb-0347-40de-93c4-abc1fa19139e,2026-03-28,23:28:09.30,2026-03-28T16:28:09.3050368-07:00,2026-03-28T23:28:09.3050368Z,,v3,643-145631,643-146222,,"Brummett, Jackson",10114400,Right,WHI_COL1,c2735638-6b0c-4d14-ae37-2c3cf28e6933,56.06392,-100.90515,9.14434,5.4784,3.77774,-16.40941,-1.14155,2.10756,2.22352,,,,,,,,,,,,,,,,,,,,,,,,,,,,,,,,,,,,,,,,,,,,,,,,,,,High,High,High,,,,,
258,2026-03-28,16:28:22.62,2,2,"Cazares, Aaron",1000218884,Right,WHI_COL1,"Savas, Peter",1000276389,Right,POM_COL,Undefined,6,Bottom,1,0,1,Fastball,Changeup,BallCalled,Undefined,Undefined,Undefined,0,0,,83.87781,-2.273148,-3.553919,2103.106003,209.824618,1:00,5.67779,0.80676,5.04639,-29.37935,11.94036,6.05473,1.08013,-2.04517,76.67108,-7.6454,-2.486214,0.462647,,,,,,,,,,,,-4.00481,6.99284,-0.47265,50,5.43765,7.26628,-121.31957,-5.87623,-5.95341,24.30347,-21.77872,POM_COL,WHI_COL1,PomonaPitzer,D3,Team,20260328-PomonaPitzer-1,d022cc70-2afd-11f1-bb04-df4732e2f9b7,81.47125,,,7.20673,,,,,,,02db39fb-0347-40de-93c4-abc1fa19139e,2026-03-28,23:28:22.62,2026-03-28T16:28:22.6240000-07:00,2026-03-28T23:28:22.6240000Z,,v3,643-145631,643-146222,,"Brummett, Jackson",10114400,Right,WHI_COL1,864aa5c1-121b-4fa1-9719-d0e725faf2e1,55.44978,-122.40643,12.15174,5.67866,-4.90227,-10.88936,-0.80355,7.53252,-2.97671,,,,,,,,,,,,,,,,,,,,,,,,,,,,,,,,,,,,,,,,,,,,,,,,,,,High,High,High,,,,,
259,2026-03-28,16:28:37.69,2,3,"Cazares, Aaron",1000218884,Right,WHI_COL1,"Savas, Peter",1000276389,Right,POM_COL,Undefined,6,Bottom,1,1,1,Slider,Curveball,BallCalled,Undefined,Undefined,Undefined,0,0,,69.71193,1.087507,-2.273381,2387.429183,69.790317,8:15,5.43485,1.13248,4.73119,-64.13968,-3.08988,-14.24107,1.12258,-2.21225,63.62573,-10.435657,-4.775435,0.562359,,,,,,,,,,,,6.19115,-1.14555,-0.89005,50,5.48825,4.55369,-100.87564,-0.2166,6.27688,18.87124,-33.33547,POM_COL,WHI_COL1,PomonaPitzer,D3,Team,20260328-PomonaPitzer-1,d92ccb40-2afd-11f1-bb04-df4732e2f9b7,67.02561,,,6.0862,,,,,,,02db39fb-0347-40de-93c4-abc1fa19139e,2026-03-28,23:28:37.69,2026-03-28T16:28:37.6961024-07:00,2026-03-28T23:28:37.6961024Z,,v3,643-145631,643-146222,,"Brummett, Jackson",10114400,Right,WHI_COL1,06a21ac8-a8dc-41ad-90c3-96fc3160d9c0,55.76654,-101.9487,9.43562,5.44668,1.67894,-16.66773,-1.13884,4.19677,3.13844,,,,,,,,,,,,,,,,,,,,,,,,,,,,,,,,,,,,,,,,,,,,,,,,,,,High,High,High,,,,,
260,2026-03-28,16:28:53.91,2,4,"Cazares, Aaron",1000218884,Right,WHI_COL1,"Savas, Peter",1000276389,Right,POM_COL,Undefined,6,Bottom,1,2,1,Fastball,Changeup,InPlay,Undefined,FlyBall,HomeRun,0,1,,82.21322,-0.909269,-2.671067,2028.217689,214.95455,1:15,5.62476,0.94594,5.16987,-28.77789,14.00599,8.77615,2.3699,-0.83823,74.81397,-6.225647,-1.118507,0.470773,90.29059,29.125191,29.706509,4586.213225,92.4763,55.94681,59.56592,335.49898,219.0898,38.714809,4.790329,-5.17579,7.67201,-0.70405,50,5.51848,5.18546,-119.09992,-2.86556,-7.39108,24.11596,-21.21834,POM_COL,WHI_COL1,PomonaPitzer,D3,Team,20260328-PomonaPitzer-1,e2cdd9f0-2afd-11f1-bb04-df4732e2f9b7,80.06501,73.36213,,7.39925,,,,0.99193,2.77977,0.61568,02db39fb-0347-40de-93c4-abc1fa19139e,2026-03-28,23:28:53.91,2026-03-28T16:28:53.9194368-07:00,2026-03-28T23:28:53.9194368Z,FlyBall,v3,643-145631,643-146222,,"Brummett, Jackson",10114400,Right,WHI_COL1,8c02ee24-5eba-4956-b3e0-1fb22b69fc69,55.32752,-120.17382,12.05798,5.62505,-1.9207,-10.60917,-0.94228,5.51459,-3.69554,,0.993,100.45351,-21.45901,4.9034,-0.94604,0.16803,-0.02833,0.00356,-0.0002,2.78077,64.43063,-15.75831,0.31896,0.27376,-0.17678,0.05276,-0.00748,0.00041,0.61569,57.32841,-5.08684,0.77126,-0.10153,0.01485,-0.00318,0.00053,-4E-05,,,,,,,,,,,,,,,,,,,,,,,High,High,High,Medium,Medium,,,
261,2026-03-28,16:30:02.90,3,1,"Cazares, Aaron",1000218884,Right,WHI_COL1,"Gonzaga, Kai",10138924,Left,POM_COL,Undefined,6,Bottom,1,0,0,Fastball,Changeup,InPlay,Undefined,FlyBall,Out,1,0,,83.34495,-0.722482,-2.115611,1971.361138,205.933346,12:45,5.56996,1.22767,4.97011,-30.80478,11.32922,4.78551,2.31996,-0.37278,75.49037,-6.384434,-1.271577,0.467184,92.41209,31.975735,19.933397,,102.57211,67.91181,39.73616,338.00199,280.55959,20.648236,5.493101,-3.02299,6.25713,-1.02729,50,5.47546,4.24595,-120.6705,-2.6279,-4.40842,25.88782,-23.04924,POM_COL,WHI_COL1,PomonaPitzer,D3,Team,20260328-PomonaPitzer-1,0be73e80-2afe-11f1-bb04-df4732e2f9b7,80.68009,91.5757,,7.85458,,,,-0.67673,2.4304,0.20469,02db39fb-0347-40de-93c4-abc1fa19139e,2026-03-28,23:30:02.90,2026-03-28T16:30:02.9000704-07:00,2026-03-28T23:30:02.9000704Z,FlyBall,v3,643-145631,643-146222,,"Brummett, Jackson",10114400,Right,WHI_COL1,dc8e74d6-1b28-4d20-939f-80b1a5aaf305,55.52592,-121.85023,12.94391,5.57128,-1.57753,-11.52462,-1.22536,4.44685,-2.20421,187.691261,-0.67404,108.02497,-25.68662,6.61312,-1.19094,0.11839,0.00149,-0.0015,0.0001,2.4238,71.89956,-15.06085,-0.001,0.07256,0.01749,-0.00509,0.00026,1E-05,0.2063,39.16613,-6.75294,1.07687,-0.03695,-0.03937,0.01107,-0.00125,5E-05,,,,,,,,,,,,,,,,,,,,,,,High,High,High,Low,Medium,,,
262,2026-03-28,16:30:37.77,4,1,"Cazares, Aaron",1000218884,Right,WHI_COL1,"Pierantoni, Greg",1000091552,Right,POM_COL,Undefined,6,Bottom,2,0,0,Slider,Curveball,BallCalled,Undefined,Undefined,Undefined,0,0,,69.73684,0.913823,-1.132338,2354.457185,83.03987,8:45,5.52239,1.03713,4.47278,-61.43216,1.13618,-11.72816,1.27439,-1.01976,62.48863,-10.170615,-3.185906,0.56931,,,,,,,,,,,,5.2315,0.98705,-0.90584,50,5.56052,2.45753,-100.68733,-0.46534,5.19739,21.2545,-31.19343,POM_COL,WHI_COL1,PomonaPitzer,D3,Team,20260328-PomonaPitzer-1,20c0ebd0-2afe-11f1-bb04-df4732e2f9b7,66.20726,,,7.24821,,,,,,,02db39fb-0347-40de-93c4-abc1fa19139e,2026-03-28,23:30:37.77,2026-03-28T16:30:37.7790464-07:00,2026-03-28T23:30:37.7790464Z,,v3,643-145631,643-146222,,"Brummett, Jackson",10114400,Right,WHI_COL1,cb54cc3c-a351-4672-8e3a-4f3f15496eb4,56.02076,-101.95035,10.62725,5.5331,1.38829,-15.59671,-1.0427,2.14868,2.59869,,,,,,,,,,,,,,,,,,,,,,,,,,,,,,,,,,,,,,,,,,,,,,,,,,,High,High,High,,,,,
263,2026-03-28,16:30:54.30,4,2,"Cazares, Aaron",1000218884,Right,WHI_COL1,"Pierantoni, Greg",1000091552,Right,POM_COL,Undefined,6,Bottom,2,1,0,Fastball,Changeup,FoulBallNotFieldable,Undefined,Undefined,Undefined,0,0,,83.65646,-0.085177,-1.250305,1939.360405,215.565088,1:15,5.63052,1.06816,5.03432,-32.05427,9.64461,5.84437,2.87895,0.37541,75.69328,-5.980589,-0.217631,0.464765,71.81056,50.662102,55.796635,5695.797425,,,,,68.21094,,,-3.28421,5.23394,-0.95365,50,5.59722,2.38631,-121.19211,-1.33705,-4.82777,26.25374,-24.48022,POM_COL,WHI_COL1,PomonaPitzer,D3,Team,20260328-PomonaPitzer-1,2a8bc9a0-2afe-11f1-bb04-df4732e2f9b7,81.09996,61.15539,,7.96318,,,,0.86532,2.96294,-0.23941,02db39fb-0347-40de-93c4-abc1fa19139e,2026-03-28,23:30:54.30,2026-03-28T16:30:54.3095808-07:00,2026-03-28T23:30:54.3095808Z,,v3,643-145631,643-146222,,"Brummett, Jackson",10114400,Right,WHI_COL1,f9f65a46-9a7e-46f8-8ccc-c4290e88188d,55.46167,-122.36955,13.12687,5.63256,-0.23915,-12.24011,-1.06553,2.60282,-2.41388,,0.86532,37.52952,-8.08774,2.03446,-0.42864,0.07448,-0.01372,0.00142,-6E-05,2.96294,81.45824,-28.03034,3.58166,-0.65937,0.09814,-0.01485,0.00142,-4E-05,-0.23941,55.21603,3.38197,-2.54638,0.82103,-0.21439,0.04943,-0.00927,0.00067,,,,,,,,,,,,,,,,,,,,,,,High,High,High,Low,Undefined,,,
264,2026-03-28,16:31:15.20,4,3,"Cazares, Aaron",1000218884,Right,WHI_COL1,"Pierantoni, Greg",1000091552,Right,POM_COL,Undefined,6,Bottom,2,1,1,Fastball,Changeup,FoulBallNotFieldable,Undefined,Undefined,Undefined,0,0,,83.58423,-0.715494,-2.574401,1995.020529,209.599579,1:00,5.60801,0.84125,5.1213,-28.31738,13.00879,6.62028,2.57357,-1.0336,76.27371,-5.932685,-1.404344,0.462683,,,,,,,,,,,,-4.03004,7.0765,-0.60452,50,5.51911,5.15946,-121.12986,-2.50205,-5.97411,24.15805,-21.68394,POM_COL,WHI_COL1,PomonaPitzer,D3,Team,20260328-PomonaPitzer-1,3703c610-2afe-11f1-bb04-df4732e2f9b7,81.46486,,,7.31052,,,,,,,02db39fb-0347-40de-93c4-abc1fa19139e,2026-03-28,23:31:15.20,2026-03-28T16:31:15.2096256-07:00,2026-03-28T23:31:15.2096256Z,,v3,643-145631,643-146222,,"Brummett, Jackson",10114400,Right,WHI_COL1,9c4b7421-1ff3-4c65-8a4f-e5ca54d8fad7,55.37606,-122.19735,12.07903,5.6085,-1.54388,-10.84197,-0.83834,5.42344,-2.98706,,,,,,,,,,,,,,,,,,,,,,,,,,,,,,,,,,,,,,,,,,,,,,,,,,,High,High,High,,,,,
265,2026-03-28,16:31:36.40,4,4,"Cazares, Aaron",1000218884,Right,WHI_COL1,"Pierantoni, Greg",1000091552,Right,POM_COL,Undefined,6,Bottom,2,1,2,Slider,Curveball,BallCalled,Undefined,Undefined,Undefined,0,0,,69.86888,2.222357,-1.372617,2315.697017,95.603846,9:15,5.47873,0.97524,4.84218,-56.97472,4.09473,-17.9771,2.83663,-1.8227,62.82512,-8.154415,-4.533468,0.562449,,,,,,,,,,,,8.25426,1.99362,-0.82358,50,5.65102,3.11933,-100.96574,2.08577,8.31425,20.14803,-30.16594,POM_COL,WHI_COL1,PomonaPitzer,D3,Team,20260328-PomonaPitzer-1,43ac2150-2afe-11f1-bb04-df4732e2f9b7,67.0148,,,7.04376,,,,,,,02db39fb-0347-40de-93c4-abc1fa19139e,2026-03-28,23:31:36.40,2026-03-28T16:31:36.4058624-07:00,2026-03-28T23:31:36.4058624Z,,v3,643-145631,643-146222,,"Brummett, Jackson",10114400,Right,WHI_COL1,43b83bf0-eb46-415c-8d4f-47b5b752065a,55.65178,-102.08735,10.07402,5.48817,3.76505,-15.08297,-0.98435,2.65649,4.15713,,,,,,,,,,,,,,,,,,,,,,,,,,,,,,,,,,,,,,,,,,,,,,,,,,,High,High,High,,,,,
266,2026-03-28,16:31:54.46,4,5,"Cazares, Aaron",1000218884,Right,WHI_COL1,"Pierantoni, Greg",1000091552,Right,POM_COL,Undefined,6,Bottom,2,2,2,Slider,Curveball,InPlay,Undefined,Popup,Out,1,0,,68.73774,2.99751,0.186051,2203.254451,75.173153,8:30,5.49684,0.85044,4.59028,-63.4309,-0.5,-10.18052,3.06478,0.17904,62.42552,-8.443158,-1.597878,0.570957,75.41828,55.224019,26.329951,,91.85806,111.41262,60.5149,202.30506,82.7617,35.922162,5.355392,5.02319,-0.56559,-0.8595,50,5.74781,0.06421,-99.43776,3.12037,4.96956,17.71983,-32.73359,POM_COL,WHI_COL1,PomonaPitzer,D3,Team,20260328-PomonaPitzer-1,4e724f10-2afe-11f1-bb04-df4732e2f9b7,66.01625,111.49475,,6.31222,,,,0.86341,2.98195,-0.16351,02db39fb-0347-40de-93c4-abc1fa19139e,2026-03-28,23:31:54.46,2026-03-28T16:31:54.4650752-07:00,2026-03-28T23:31:54.4650752Z,Popup,v3,643-145631,643-146222,,"Brummett, Jackson",10114400,Right,WHI_COL1,72ab4349-445f-48b9-8da8-45212bf1c07e,55.90804,-100.48506,8.85991,5.50621,5.05503,-16.3668,-0.85461,-0.22951,2.48478,,0.86618,56.46959,-13.77012,2.9879,-0.06402,-0.17635,0.05279,-0.00652,0.0003,2.97951,90.90014,-22.66392,2.27488,-0.44776,0.04106,0.0087,-0.00263,0.00018,-0.16339,27.98401,-1.93819,0.29219,-0.07842,0.03534,-0.0104,0.00151,-8E-05,,,,,,,,,,,,,,,,,,,,,,,High,High,High,Medium,Low,,,
267,2026-03-28,16:34:04.23,1,1,"Pilz, Talen",10279098,Right,POM_COL,"Eastwood Lilles, Parker",10269960,Right,WHI_COL1,Undefined,7,Top,0,0,0,Fastball,Four-Seam,FoulBallNotFieldable,Undefined,Undefined,Undefined,0,0,,85.5393,-2.309035,-1.26717,2210.80416,211.54936,1:00,6.25722,0.92282,5.7936,-17.8145,21.03513,12.04993,2.62314,0.74807,77.27774,-5.721676,0.891642,0.448606,59.73253,28.768854,159.292429,4165.581696,,,,,17.73389,,,-6.53355,11.85922,-0.82582,50,6.05673,2.24057,-123.96757,-5.48269,-10.03042,27.89551,-13.96759,POM_COL,WHI_COL1,PomonaPitzer,D3,Team,20260328-PomonaPitzer-1,9bbe5d40-2afe-11f1-bb04-df4732e2f9b7,84.02134,11.83247,,8.26156,,,,0.97107,2.54555,-0.73106,02db39fb-0347-40de-93c4-abc1fa19139e,2026-03-28,23:34:04.23,2026-03-28T16:34:04.2310656-07:00,2026-03-28T23:34:04.2310656Z,,v3,643-145631,643-146222,,"Parker, Will",1000474009,Right,POM_COL,f1fdb8da-f9a2-4820-84a7-4700fbb5775c,54.70252,-125.02126,13.94775,6.25386,-4.9551,-6.98379,-0.91761,2.61945,-5.01521,284.256008,0.97081,-71.82015,7.19642,,,,,,,2.54787,42.04259,-22.55937,,,,,,,-0.72704,26.94455,-14.09569,,,,,,,,,,,,,,,,,,,,,,,,,,,,,High,High,High,High,Undefined,,,
268,2026-03-28,16:34:23.68,1,2,"Pilz, Talen",10279098,Right,POM_COL,"Eastwood Lilles, Parker",10269960,Right,WHI_COL1,Undefined,7,Top,0,0,1,Fastball,Four-Seam,BallCalled,Undefined,Undefined,Undefined,0,0,,87.36171,-4.721676,-0.816134,2342.28912,210.968656,1:00,6.34353,0.67562,5.62804,-19.75863,17.59056,9.79107,0.28081,0.72997,79.83894,-8.40663,0.934227,0.439857,,,,,,,,,,,,-5.21016,10.68501,-0.61256,50,5.92813,1.38436,-126.38752,-11.05683,-8.38838,26.87603,-14.97118,POM_COL,WHI_COL1,PomonaPitzer,D3,Team,20260328-PomonaPitzer-1,a758a3e0-2afe-11f1-bb04-df4732e2f9b7,85.69241,,,7.52277,,,,,,,02db39fb-0347-40de-93c4-abc1fa19139e,2026-03-28,23:34:23.68,2026-03-28T16:34:23.6820480-07:00,2026-03-28T23:34:23.6820480Z,,v3,643-145631,643-146222,,"Parker, Will",1000474009,Right,POM_COL,d031436c-dd42-4cf6-acaa-168a72001488,54.86965,-127.41884,13.43802,6.34139,-10.48234,-7.48559,-0.67186,1.70625,-4.19419,,,,,,,,,,,,,,,,,,,,,,,,,,,,,,,,,,,,,,,,,,,,,,,,,,,High,High,High,,,,,
269,2026-03-28,16:34:40.83,1,3,"Pilz, Talen",10279098,Right,POM_COL,"Eastwood Lilles, Parker",10269960,Right,WHI_COL1,Undefined,7,Top,0,1,1,Fastball,Four-Seam,InPlay,Undefined,GroundBall,Out,1,0,,86.91903,-3.384383,-1.567012,2360.333287,189.117174,12:15,6.34817,0.75104,6.05914,-17.47808,19.65548,2.94662,1.75439,-0.45414,79.01724,-6.719964,-1.036573,0.438586,55.38335,-70.15246,83.626203,,,,,2.8797,2.74909,22.743841,0.025284,-2.00382,11.56142,-0.63097,50,6.07582,3.32912,-125.9706,-7.92571,-3.19133,27.70634,-13.76106,POM_COL,WHI_COL1,PomonaPitzer,D3,Team,20260328-PomonaPitzer-1,b1880fe0-2afe-11f1-bb04-df4732e2f9b7,85.94084,1.94074,,7.90179,,,,2.57802,1.94074,0.41713,02db39fb-0347-40de-93c4-abc1fa19139e,2026-03-28,23:34:40.83,2026-03-28T16:34:40.8302080-07:00,2026-03-28T23:34:40.8302080Z,GroundBall,v3,643-145631,643-146222,,"Parker, Will",1000474009,Right,POM_COL,656d5f73-ab94-467c-a7fe-97e9b5140fb1,54.43881,-126.94313,13.85317,6.34554,-7.44268,-6.88053,-0.7498,3.44114,-1.59566,,2.57796,3.07577,,,,,,,,1.94218,-76.75662,,,,,,,,0.41661,27.53479,,,,,,,,,,,,,,,,,,,,,,,,,,,,,,High,High,High,Low,Low,,,
270,2026-03-28,16:35:30.97,2,1,"Pilz, Talen",10279098,Right,POM_COL,"Collier, Peyton",1000306301,Right,WHI_COL1,Undefined,7,Top,1,0,0,Fastball,Four-Seam,BallCalled,Undefined,Undefined,Undefined,0,0,,87.21849,-1.608271,-0.064145,2224.478542,206.946669,1:00,6.42267,0.68992,5.57887,-19.53544,18.16123,8.53512,3.29229,1.34127,78.65636,-5.313579,1.459179,0.441899,,,,,,,,,,,,-4.27339,10.05682,-0.68979,50,6.27182,-0.24312,-126.36676,-4.13572,-6.81314,29.11904,-16.14028,POM_COL,WHI_COL1,PomonaPitzer,D3,Team,20260328-PomonaPitzer-1,cf788d40-2afe-11f1-bb04-df4732e2f9b7,85.29649,,,8.56214,,,,,,,02db39fb-0347-40de-93c4-abc1fa19139e,2026-03-28,23:35:30.97,2026-03-28T16:35:30.9728256-07:00,2026-03-28T23:35:30.9728256Z,,v3,643-145631,643-146222,,"Parker, Will",1000474009,Right,POM_COL,38d8f7aa-12d3-4c5c-a37f-582d637ba40b,54.91401,-127.49408,14.55952,6.41984,-3.51086,-8.07014,-0.68549,0.02065,-3.40657,,,,,,,,,,,,,,,,,,,,,,,,,,,,,,,,,,,,,,,,,,,,,,,,,,,High,High,High,,,,,
271,2026-03-28,16:35:48.26,2,2,"Pilz, Talen",10279098,Right,POM_COL,"Collier, Peyton",1000306301,Right,WHI_COL1,Undefined,7,Top,1,1,0,Fastball,Four-Seam,StrikeSwinging,Undefined,Undefined,Undefined,0,0,,85.55945,-0.935574,-1.413537,2322.676817,219.188638,1:15,6.32542,1.05115,5.6547,-23.16505,15.37009,11.52162,3.52213,0.69273,78.16794,-5.27235,0.645417,0.446786,,,,,,,,,,,,-6.19835,8.42685,-0.93865,50,6.23161,2.57367,-124.18652,-2.76137,-9.67423,25.0011,-19.02156,POM_COL,WHI_COL1,PomonaPitzer,D3,Team,20260328-PomonaPitzer-1,d9bf78e0-2afe-11f1-bb04-df4732e2f9b7,84.36344,,,7.39151,,,,,,,02db39fb-0347-40de-93c4-abc1fa19139e,2026-03-28,23:35:48.26,2026-03-28T16:35:48.2628608-07:00,2026-03-28T23:35:48.2628608Z,,v3,643-145631,643-146222,,"Parker, Will",1000474009,Right,POM_COL,d883952f-3cc6-4ed9-bcee-27e33e890efe,54.84189,-125.15749,12.50055,6.32451,-2.02263,-9.51078,-1.0459,2.94939,-4.83712,,,,,,,,,,,,,,,,,,,,,,,,,,,,,,,,,,,,,,,,,,,,,,,,,,,High,High,High,,,,,
272,2026-03-28,16:36:06.28,2,3,"Pilz, Talen",10279098,Right,POM_COL,"Collier, Peyton",1000306301,Right,WHI_COL1,Undefined,7,Top,1,1,1,Fastball,Four-Seam,StrikeCalled,Undefined,Undefined,Undefined,0,0,,86.08609,-2.415323,-2.37227,2265.970746,210.600818,1:00,6.34998,0.80204,6.06669,-19.966,17.79749,9.75993,2.44769,-0.58126,78.30087,-6.207747,-0.61595,0.44229,,,,,,,,,,,,-5.67422,10.24469,-0.6229,50,6.15177,4.7668,-124.78796,-5.82187,-8.89222,26.55419,-16.11931,POM_COL,WHI_COL1,PomonaPitzer,D3,Team,20260328-PomonaPitzer-1,e47cf410-2afe-11f1-bb04-df4732e2f9b7,85.22105,,,7.78522,,,,,,,02db39fb-0347-40de-93c4-abc1fa19139e,2026-03-28,23:36:06.28,2026-03-28T16:36:06.2850560-07:00,2026-03-28T23:36:06.2850560Z,,v3,643-145631,643-146222,,"Parker, Will",1000474009,Right,POM_COL,129f3d09-29d1-4579-a1fb-efab572d97af,54.42855,-125.72681,13.27709,6.34753,-5.25196,-8.05966,-0.79699,5.08119,-4.44611,,,,,,,,,,,,,,,,,,,,,,,,,,,,,,,,,,,,,,,,,,,,,,,,,,,High,High,High,,,,,
273,2026-03-28,16:36:25.99,2,4,"Pilz, Talen",10279098,Right,POM_COL,"Collier, Peyton",1000306301,Right,WHI_COL1,Undefined,7,Top,1,1,2,Slider,Curveball,StrikeCalled,Strikeout,Undefined,Undefined,0,0,,76.56534,1.843663,-0.649745,2237.157952,58.387916,8:00,6.20112,1.21113,5.42192,-53.35912,-4.94504,-10.40784,3.48216,-0.26482,70.48862,-7.865725,-2.502781,0.500792,,,,,,,,,,,,5.02827,-2.48484,-1.14615,50,6.32783,1.66603,-111.1847,1.77932,6.30282,19.68252,-35.28873,POM_COL,WHI_COL1,PomonaPitzer,D3,Team,20260328-PomonaPitzer-1,f042de90-2afe-11f1-bb04-df4732e2f9b7,75.26567,,,6.07672,,,,,,,02db39fb-0347-40de-93c4-abc1fa19139e,2026-03-28,23:36:25.99,2026-03-28T16:36:25.9900000-07:00,2026-03-28T23:36:25.9900000Z,,v3,643-145631,643-146222,,"Parker, Will",1000474009,Right,POM_COL,ef9c97d9-95f8-4e4e-969e-88e5110f7889,55.07856,-112.08012,9.84126,6.21037,3.38473,-17.64436,-1.21542,1.37929,3.15141,,,,,,,,,,,,,,,,,,,,,,,,,,,,,70.49236,,,0.936719,,,,2.19635,5.9618,1.38228,71.65609,5.07669,-53.13188,2.21949,78.52825,-4.70554,5.99191,12.506,-14.40378,1.33219,-64.93593,7.26746,High,High,High,,,High,High,High
274,2026-03-28,16:36:57.27,3,1,"Pilz, Talen",10279098,Right,POM_COL,"Canciller, Warren",1000194565,Right,WHI_COL1,Undefined,7,Top,2,0,0,Fastball,Four-Seam,InPlay,Undefined,Popup,Out,1,0,,87.68987,-1.887785,-1.635528,2228.185949,209.163935,1:00,6.39933,0.77682,5.69401,-19.44029,17.48036,9.04284,3.01867,0.00578,79.57482,-5.565012,-0.018698,0.437327,59.88428,50.664646,-22.152902,,,,,,54.0674,,,-5.09784,9.83268,-0.6452,50,6.22879,3.24522,-127.14925,-4.78659,-8.27476,28.13558,-16.21379,POM_COL,WHI_COL1,PomonaPitzer,D3,Team,20260328-PomonaPitzer-1,02dc86f0-2aff-11f1-bb04-df4732e2f9b7,86.18826,61.82625,,8.11506,,,,1.19394,2.99693,-0.00572,02db39fb-0347-40de-93c4-abc1fa19139e,2026-03-28,23:36:57.27,2026-03-28T16:36:57.2760576-07:00,2026-03-28T23:36:57.2760576Z,,v3,643-145631,643-146222,,"Parker, Will",1000474009,Right,POM_COL,67dcb361-9b00-47a7-bc1f-01b75aa363aa,54.80325,-128.2077,14.06779,6.39739,-4.17663,-8.10689,-0.77314,3.55652,-4.13738,,1.19394,51.56218,-0.59937,-0.06611,-0.00377,0.04455,-0.04885,0.02808,-0.00675,2.99692,67.93258,-6.98172,-0.04126,0.33787,-0.69618,0.76457,-0.44719,0.10811,-0.00572,-20.99272,0.29214,-0.51376,0.08811,-0.02021,0.01291,-0.00746,0.00184,,,,,,,,,,,,,,,,,,,,,,,High,High,High,Low,Undefined,,,
275,2026-03-28,16:39:19.17,1,1,"Cazares, Aaron",1000218884,Right,WHI_COL1,"Gold, Jack",1000108729,Left,POM_COL,Undefined,7,Bottom,0,0,0,Fastball,Changeup,StrikeSwinging,Undefined,Undefined,Undefined,0,0,,81.18907,-0.031709,-1.027777,1856.253494,205.88589,12:45,5.63104,1.18067,4.97658,-33.32557,10.84186,4.53382,2.82395,0.58769,73.81063,-6.146365,-0.227491,0.478324,,,,,,,,,,,,-2.52079,5.83737,-1.08525,50,5.60138,1.91012,-117.6423,-1.2459,-3.51124,23.58166,-24.04309,POM_COL,WHI_COL1,PomonaPitzer,D3,Team,20260328-PomonaPitzer-1,5778d600-2aff-11f1-bb04-df4732e2f9b7,78.80099,,,7.37844,,,,,,,02db39fb-0347-40de-93c4-abc1fa19139e,2026-03-28,23:39:19.17,2026-03-28T16:39:19.1785984-07:00,2026-03-28T23:39:19.1785984Z,,v3,643-145631,643-146222,,"Canciller, Warren",1000194565,Right,WHI_COL1,16d241c4-b551-440c-ace9-6b3a510b45d5,55.51758,-118.74316,11.79083,5.63335,-0.1235,-12.02155,-1.17824,2.07404,-1.75562,,,,,,,,,,,,,,,,,,,,,,,,,,,,,,,,,,,,,,,,,,,,,,,,,,,High,High,High,,,,,
276,2026-03-28,16:39:40.93,1,2,"Cazares, Aaron",1000218884,Right,WHI_COL1,"Gold, Jack",1000108729,Left,POM_COL,Undefined,7,Bottom,0,0,1,Fastball,Changeup,InPlay,Undefined,LineDrive,HomeRun,0,1,,82.38975,-1.077166,-1.987821,2000.045864,209.879125,1:00,5.52477,1.24222,4.77401,-33.80872,9.29481,4.5241,1.6855,-0.26596,75.30457,-7.222159,-1.192309,0.472528,96.73931,20.800548,34.694073,2459.868624,87.94684,35.22779,66.07081,336.82201,202.82704,43.560479,3.704098,-2.81138,5.27618,-1.0475,50,5.38769,3.94574,-119.37789,-3.49854,-4.04344,23.70046,-24.58567,POM_COL,WHI_COL1,PomonaPitzer,D3,Team,20260328-PomonaPitzer-1,64767d30-2aff-11f1-bb04-df4732e2f9b7,79.76756,44.16423,,7.08518,,,,1.96829,2.18194,0.09281,02db39fb-0347-40de-93c4-abc1fa19139e,2026-03-28,23:39:40.93,2026-03-28T16:39:40.9363968-07:00,2026-03-28T23:39:40.9363968Z,LineDrive,v3,643-145631,643-146222,,"Canciller, Warren",1000194565,Right,WHI_COL1,29b66266-106c-4b5e-9eb7-1a5db583357a,55.72437,-120.509,11.85023,5.52666,-2.32517,-12.29284,-1.24042,4.13871,-2.02172,,1.96796,109.06384,-20.25607,4.33457,-1.05104,0.25795,-0.0559,0.00779,-0.00046,2.18226,50.37583,-16.54223,0.93276,-0.01026,-0.05441,0.02226,-0.00353,0.0002,0.09262,75.50187,-4.33654,0.20475,0.00236,0.01802,-0.01015,0.00206,-0.00014,,,,,,,,,,,,,,,,,,,,,,,High,High,High,Medium,Low,,,
277,2026-03-28,16:40:24.37,2,1,"Cazares, Aaron",1000218884,Right,WHI_COL1,"DeGrazia, Tanner",1000214434,Right,POM_COL,Undefined,7,Bottom,0,0,0,Slider,Curveball,StrikeCalled,Undefined,Undefined,Undefined,0,0,,69.63467,1.856549,-0.699812,2340.418696,68.729417,8:15,5.57764,1.04898,4.47911,-65.98433,-4.38008,-16.8104,1.84925,-1.01894,63.48446,-9.965178,-3.644202,0.564907,,,,,,,,,,,,7.89205,-2.01563,-0.95827,50,5.70989,1.89322,-100.79544,1.00395,8.00332,18.56499,-34.21809,POM_COL,WHI_COL1,PomonaPitzer,D3,Team,20260328-PomonaPitzer-1,7e9ea7f0-2aff-11f1-bb04-df4732e2f9b7,66.72331,,,6.15021,,,,,,,02db39fb-0347-40de-93c4-abc1fa19139e,2026-03-28,23:40:24.37,2026-03-28T16:40:24.3785728-07:00,2026-03-28T23:40:24.3785728Z,,v3,643-145631,643-146222,,"Canciller, Warren",1000194565,Right,WHI_COL1,6680ba08-94fe-44e4-913a-d6d047d699ef,56.01979,-101.89817,9.28249,5.58989,3.03643,-17.10905,-1.05661,1.41784,4.00166,,,,,,,,,,,,,,,,,,,,,,,,,,,,,,,,,,,,,,,,,,,,,,,,,,,High,High,High,,,,,
278,2026-03-28,16:40:40.50,2,2,"Cazares, Aaron",1000218884,Right,WHI_COL1,"DeGrazia, Tanner",1000214434,Right,POM_COL,Undefined,7,Bottom,0,0,1,Slider,Curveball,InPlay,Undefined,FlyBall,Out,1,0,,70.50007,1.82734,-1.384891,2268.367361,78.022485,8:30,5.59569,0.97684,4.37488,-59.52232,0.02327,-8.62315,2.38163,-1.06452,64.91482,-8.811145,-2.89007,0.555388,87.43976,26.495237,7.728786,3492.47282,108.03128,46.64209,20.71768,320.78666,310.79708,14.842749,4.274387,3.80792,0.01539,-0.81941,50,5.73205,2.80743,-102.15708,1.19959,4.02491,16.79447,-32.15777,POM_COL,WHI_COL1,PomonaPitzer,D3,Team,20260328-PomonaPitzer-1,87fb3390-2aff-11f1-bb04-df4732e2f9b7,67.86691,57.2154,,5.58524,,,,1.09482,2.30344,1.07355,02db39fb-0347-40de-93c4-abc1fa19139e,2026-03-28,23:40:40.50,2026-03-28T16:40:40.5077504-07:00,2026-03-28T23:40:40.5077504Z,LineDrive,v3,643-145631,643-146222,,"Canciller, Warren",1000194565,Right,WHI_COL1,310a3895-6768-4d63-a7be-4e98baaef149,56.12504,-103.15911,8.39723,5.60324,3.11827,-16.07889,-0.97975,2.56729,2.01246,212.03835,1.09574,113.70932,-18.60719,3.73968,-0.61658,0.08298,-0.01674,0.00362,-0.00031,2.30362,57.20811,-16.09929,0.59568,0.10931,-0.11311,0.04484,-0.00776,0.00049,1.07326,15.44609,3.28261,-1.28299,0.27231,-0.03739,0.00544,-0.00083,6E-05,,,,,,,,,,,,,,,,,,,,,,,High,High,High,High,High,,,
279,2026-03-28,16:41:15.79,3,1,"Cazares, Aaron",1000218884,Right,WHI_COL1,"Berry, Cooper",1000276381,Left,POM_COL,Undefined,7,Bottom,1,0,0,Slider,Curveball,StrikeCalled,Undefined,Undefined,Undefined,0,0,,69.75082,1.550726,-0.945732,2312.923797,87.568792,9:00,5.53243,1.33186,4.57062,-59.44484,1.30307,-16.36997,2.05484,-0.93229,63.94252,-9.128521,-3.814141,0.560967,,,,,,,,,,,,7.67028,0.80059,-1.2177,50,5.63792,2.30271,-101.04887,0.74317,7.87898,17.46954,-31.35168,POM_COL,WHI_COL1,PomonaPitzer,D3,Team,20260328-PomonaPitzer-1,9d091040-2aff-11f1-bb04-df4732e2f9b7,67.19194,,,5.8083,,,,,,,02db39fb-0347-40de-93c4-abc1fa19139e,2026-03-28,23:41:15.79,2026-03-28T16:41:15.7954560-07:00,2026-03-28T23:41:15.7954560Z,,v3,643-145631,643-146222,,"Canciller, Warren",1000194565,Right,WHI_COL1,9f061ee5-4f9b-439c-8f28-f0d9d11bf746,55.92792,-102.06856,8.73477,5.54114,2.57315,-15.67584,-1.33869,1.84282,3.93949,,,,,,,,,,,,,,,,,,,,,,,,,,,,,,,,,,,,,,,,,,,,,,,,,,,High,High,High,,,,,
280,2026-03-28,16:41:29.86,3,2,"Cazares, Aaron",1000218884,Right,WHI_COL1,"Berry, Cooper",1000276381,Left,POM_COL,Undefined,7,Bottom,1,0,1,ChangeUp,Changeup,StrikeCalled,Undefined,Undefined,Undefined,0,0,,73.78892,0.946331,-0.586046,1380.813999,249.334876,2:15,5.38233,1.41191,4.56369,-51.62924,3.00417,2.80914,1.98062,1.08827,66.96839,-8.377102,-0.093486,0.531986,,,,,,,,,,,,-1.53961,1.79827,-1.35389,50,5.43282,0.97508,-106.79512,-0.06427,-1.75594,20.5278,-30.12308,POM_COL,WHI_COL1,PomonaPitzer,D3,Team,20260328-PomonaPitzer-1,a5651bd0-2aff-11f1-bb04-df4732e2f9b7,70.85225,,,6.82053,,,,,,,02db39fb-0347-40de-93c4-abc1fa19139e,2026-03-28,23:41:29.86,2026-03-28T16:41:29.8691584-07:00,2026-03-28T23:41:29.8691584Z,,v3,643-145631,643-146222,,"Canciller, Warren",1000194565,Right,WHI_COL1,a1421ff1-bc01-4001-bfaa-4b10826bce98,55.93115,-107.92917,10.2639,5.39041,1.59986,-15.06154,-1.41044,1.07209,-0.87797,,,,,,,,,,,,,,,,,,,,,,,,,,,,,,,,,,,,,,,,,,,,,,,,,,,High,High,High,,,,,
281,2026-03-28,16:41:44.48,3,3,"Cazares, Aaron",1000218884,Right,WHI_COL1,"Berry, Cooper",1000276381,Left,POM_COL,Undefined,7,Bottom,1,0,2,ChangeUp,Changeup,BallCalled,Undefined,Undefined,Undefined,0,0,,74.14715,-1.261949,-1.589224,1266.744919,258.991503,2:45,5.39355,1.28791,4.59035,-50.02416,3.20823,8.06678,0.02385,0.44809,68.69436,-10.201278,-0.17214,0.525121,,,,,,,,,,,,-4.40689,2.33618,-1.1318,50,5.2165,2.66386,-107.52805,-4.12882,-5.17468,18.13432,-29.43086,POM_COL,WHI_COL1,PomonaPitzer,D3,Team,20260328-PomonaPitzer-1,ae1b5550-2aff-11f1-bb04-df4732e2f9b7,71.7786,,,5.45279,,,,,,,02db39fb-0347-40de-93c4-abc1fa19139e,2026-03-28,23:41:44.48,2026-03-28T16:41:44.4862464-07:00,2026-03-28T23:41:44.4862464Z,,v3,643-145631,643-146222,,"Canciller, Warren",1000194565,Right,WHI_COL1,3397e96b-648d-4eb3-b380-6327c805639d,55.91001,-108.52018,9.06716,5.39835,-2.51866,-14.71543,-1.28529,2.94696,-2.58734,,,,,,,,,,,,,,,,,,,,,,,,,,,,,,,,,,,,,,,,,,,,,,,,,,,High,High,High,,,,,
282,2026-03-28,16:42:05.15,3,4,"Cazares, Aaron",1000218884,Right,WHI_COL1,"Berry, Cooper",1000276381,Left,POM_COL,Undefined,7,Bottom,1,1,2,Slider,Curveball,FoulBallNotFieldable,Undefined,Undefined,Undefined,0,0,,70.07946,3.649432,0.588476,2302.112701,87.684497,9:00,5.56477,1.01616,4.53952,-58.70043,1.45925,-11.46134,4.15253,0.62135,63.98903,-6.925219,-1.416438,0.558244,,,,,,,,,,,,5.73866,0.24248,-1.06588,50,5.88998,-0.59595,-101.40713,4.49049,5.96651,16.82009,-31.92195,POM_COL,WHI_COL1,PomonaPitzer,D3,Team,20260328-PomonaPitzer-1,ba926760-2aff-11f1-bb04-df4732e2f9b7,67.51965,,,6.09044,,,,,,,02db39fb-0347-40de-93c4-abc1fa19139e,2026-03-28,23:42:05.15,2026-03-28T16:42:05.1545088-07:00,2026-03-28T23:42:05.1545088Z,,v3,643-145631,643-146222,,"Canciller, Warren",1000194565,Right,WHI_COL1,b6da0667-3881-4a0d-8206-653f634752dc,55.95936,-102.39082,8.41005,5.57277,6.35739,-15.96098,-1.02082,-0.94489,2.98325,,,,,,,,,,,,,,,,,,,,,,,,,,,,,,,,,,,,,,,,,,,,,,,,,,,High,High,High,,,,,
283,2026-03-28,16:42:26.20,3,5,"Cazares, Aaron",1000218884,Right,WHI_COL1,"Berry, Cooper",1000276381,Left,POM_COL,Undefined,7,Bottom,1,1,2,Slider,Curveball,StrikeSwinging,Strikeout,Undefined,Undefined,0,0,,70.31577,1.072141,-0.70485,2336.598738,71.635382,8:30,5.47916,1.02695,4.52905,-60.96673,-1.23425,-9.57725,1.41976,-0.4424,64.63614,-9.845039,-2.383955,0.556259,,,,,,,,,,,,4.49701,-0.43193,-0.94364,50,5.53299,1.61957,-101.92632,-0.15601,4.70565,17.58504,-32.626,POM_COL,WHI_COL1,PomonaPitzer,D3,Team,20260328-PomonaPitzer-1,c6fd1d60-2aff-11f1-bb04-df4732e2f9b7,67.76064,,,5.67962,,,,,,,02db39fb-0347-40de-93c4-abc1fa19139e,2026-03-28,23:42:26.20,2026-03-28T16:42:26.2000000-07:00,2026-03-28T23:42:26.2000000Z,,v3,643-145631,643-146222,,"Canciller, Warren",1000194565,Right,WHI_COL1,b2299deb-c73c-4273-9995-8deca0c08794,55.97132,-102.95138,8.79252,5.48666,1.74581,-16.313,-1.03006,1.34527,2.35282,,,,,,,,,,,,,,,,,,,,,,,,,,,,,62.35065,,,1.056665,,,,-1.19308,5.61841,-2.91196,71.49441,4.29004,-53.29216,-1.17902,71.70597,-2.77049,5.66318,14.09088,-14.55665,-2.97594,-53.9167,5.95094,High,High,High,,,High,High,High
284,2026-03-28,16:42:54.22,4,1,"Cazares, Aaron",1000218884,Right,WHI_COL1,"Parker, Will",1000474009,Left,POM_COL,Undefined,7,Bottom,2,0,0,Fastball,Changeup,StrikeCalled,Undefined,Undefined,Undefined,0,0,,82.06189,-0.941277,-2.936396,2080.216769,223.232654,1:30,5.57478,1.03182,4.9604,-33.34821,9.68567,7.81575,1.90525,-1.09343,75.23096,-7.018517,-1.559016,0.472146,,,,,,,,,,,,-4.6667,5.46634,-0.75406,50,5.45645,5.75919,-118.89422,-3.16093,-6.68784,22.54165,-24.34025,POM_COL,WHI_COL1,PomonaPitzer,D3,Team,20260328-PomonaPitzer-1,d7ad1e30-2aff-11f1-bb04-df4732e2f9b7,79.83211,,,6.83093,,,,,,,02db39fb-0347-40de-93c4-abc1fa19139e,2026-03-28,23:42:54.22,2026-03-28T16:42:54.2203904-07:00,2026-03-28T23:42:54.2203904Z,,v3,643-145631,643-146222,,"Canciller, Warren",1000194565,Right,WHI_COL1,1a27851c-9aa1-4ed3-be66-00d283d5d906,55.53711,-119.93943,11.27082,5.57685,-2.03232,-12.17013,-1.02829,6.06929,-3.34392,,,,,,,,,,,,,,,,,,,,,,,,,,,,,,,,,,,,,,,,,,,,,,,,,,,High,High,High,,,,,
285,2026-03-28,16:43:09.56,4,2,"Cazares, Aaron",1000218884,Right,WHI_COL1,"Parker, Will",1000474009,Left,POM_COL,Undefined,7,Bottom,2,0,1,Slider,Curveball,BallCalled,Undefined,Undefined,Undefined,0,0,,67.821,0.967967,-1.421829,2298.142626,79.259628,8:45,5.53721,1.01896,4.66487,-64.9759,-0.96969,-16.10883,1.0424,-1.67431,62.50086,-10.66902,-4.251628,0.575814,,,,,,,,,,,,7.43792,-0.10122,-0.85861,50,5.57727,3.03865,-98.29189,-0.44424,7.22743,16.56195,-32.27241,POM_COL,WHI_COL1,PomonaPitzer,D3,Team,20260328-PomonaPitzer-1,e0d7eb70-2aff-11f1-bb04-df4732e2f9b7,65.45936,,,5.32014,,,,,,,02db39fb-0347-40de-93c4-abc1fa19139e,2026-03-28,23:43:09.56,2026-03-28T16:43:09.5626752-07:00,2026-03-28T23:43:09.5626752Z,,v3,643-145631,643-146222,,"Canciller, Warren",1000194565,Right,WHI_COL1,f69ca1cb-5eec-475b-a42e-e4a35da48fcc,55.83462,-99.27014,8.28097,5.54722,1.46197,-16.1362,-1.02549,2.61176,3.61371,,,,,,,,,,,,,,,,,,,,,,,,,,,,,,,,,,,,,,,,,,,,,,,,,,,High,High,High,,,,,
286,2026-03-28,16:43:28.76,4,3,"Cazares, Aaron",1000218884,Right,WHI_COL1,"Parker, Will",1000474009,Left,POM_COL,Undefined,7,Bottom,2,1,1,Fastball,Changeup,InPlay,Undefined,LineDrive,Double,0,0,,82.51291,-0.58718,-1.848155,2001.456533,206.566916,1:00,5.53442,1.05452,4.91422,-28.0073,14.70127,6.64965,2.64497,-0.13946,75.26173,-5.74116,-0.676519,0.470358,94.47797,14.422388,-3.556726,1738.242254,109.45022,22.67427,-10.98201,287.26291,286.75893,-9.643991,2.810858,-3.80969,7.83965,-0.87993,50,5.45431,3.56726,-119.58888,-2.2095,-5.50477,23.54381,-20.84624,POM_COL,WHI_COL1,PomonaPitzer,D3,Team,20260328-PomonaPitzer-1,ec43a800-2aff-11f1-bb04-df4732e2f9b7,80.13559,24.78345,,7.25118,,,,0.14871,2.56364,0.13665,02db39fb-0347-40de-93c4-abc1fa19139e,2026-03-28,23:43:28.76,2026-03-28T16:43:28.7638528-07:00,2026-03-28T23:43:28.7638528Z,LineDrive,v3,643-145631,643-146222,,"Canciller, Warren",1000194565,Right,WHI_COL1,a1830b33-9561-4063-8929-6a6508b353df,55.58267,-120.68295,11.77191,5.53448,-1.24078,-10.42312,-1.05165,3.82307,-2.75239,135.279588,0.14872,133.94215,-17.5942,3.21513,-0.63536,0.11701,-0.01905,0.00235,-0.00014,2.56364,34.51195,-14.23675,0.73739,-0.09563,0.01772,-0.00138,8E-05,-1E-05,0.13664,-8.32451,-5.23417,1.26806,-0.30293,0.06307,-0.01086,0.00133,-8E-05,,,,,,,,,,,,,,,,,,,,,,,High,High,High,High,Medium,,,
287,2026-03-28,16:44:14.97,5,1,"Cazares, Aaron",1000218884,Right,WHI_COL1,"Loui, Shawn",1000474008,Right,POM_COL,Undefined,7,Bottom,2,0,0,Fastball,Changeup,BallCalled,Undefined,Undefined,Undefined,0,0,,82.31948,-2.594002,-3.287929,2088.5086,202.698194,12:45,5.67427,0.80559,4.8493,-24.87781,18.36847,7.06674,1.13971,-1.72154,75.09624,-7.175819,-2.046296,0.47331,,,,,,,,,,,,-4.4176,10.22386,-0.48695,50,5.39714,6.525,-119.02023,-6.25033,-6.31681,23.51597,-17.55478,POM_COL,WHI_COL1,PomonaPitzer,D3,Team,20260328-PomonaPitzer-1,07c56f50-2b00-11f1-bb04-df4732e2f9b7,79.6358,,,7.22324,,,,,,,02db39fb-0347-40de-93c4-abc1fa19139e,2026-03-28,23:44:14.97,2026-03-28T16:44:14.9776384-07:00,2026-03-28T23:44:14.9776384Z,,v3,643-145631,643-146222,,"Canciller, Warren",1000194565,Right,WHI_COL1,04520b53-5557-4d3a-8098-8aa91f0ccd07,55.64679,-120.13074,11.75799,5.67273,-5.42134,-8.77739,-0.80212,6.8233,-3.15841,,,,,,,,,,,,,,,,,,,,,,,,,,,,,,,,,,,,,,,,,,,,,,,,,,,High,High,High,,,,,
288,2026-03-28,16:44:31.94,5,2,"Cazares, Aaron",1000218884,Right,WHI_COL1,"Loui, Shawn",1000474008,Right,POM_COL,Undefined,7,Bottom,2,1,0,Fastball,Changeup,FoulBallNotFieldable,Undefined,Undefined,Undefined,0,0,,81.28313,-0.449495,-2.291276,2056.933272,201.599861,12:45,5.73744,0.8506,5.01991,-26.24812,17.68792,6.42091,3.12556,-0.77775,73.96249,-5.317104,-1.158598,0.47707,,,,,,,,,,,,-3.84276,9.32567,-0.63651,50,5.67394,4.43653,-117.76295,-1.79404,-5.37471,23.2001,-19.13057,POM_COL,WHI_COL1,PomonaPitzer,D3,Team,20260328-PomonaPitzer-1,11e5e730-2b00-11f1-bb04-df4732e2f9b7,79.00821,,,7.32064,,,,,,,02db39fb-0347-40de-93c4-abc1fa19139e,2026-03-28,23:44:31.94,2026-03-28T16:44:31.9415296-07:00,2026-03-28T23:44:31.9415296Z,,v3,643-145631,643-146222,,"Canciller, Warren",1000194565,Right,WHI_COL1,b5082a1e-4c01-49ec-ab72-88100f73a42b,55.47634,-118.83693,11.60005,5.73649,-0.90844,-9.56529,-0.84764,4.68533,-2.68735,,,,,,,,,,,,,,,,,,,,,,,,,,,,,,,,,,,,,,,,,,,,,,,,,,,High,High,High,,,,,
289,2026-03-28,16:44:55.45,5,3,"Cazares, Aaron",1000218884,Right,WHI_COL1,"Loui, Shawn",1000474008,Right,POM_COL,Undefined,7,Bottom,2,1,1,Fastball,Changeup,FoulBallNotFieldable,Undefined,Undefined,Undefined,0,0,,82.30924,0.170515,-1.635287,2046.428631,208.567696,1:00,5.7597,0.7953,4.89827,-28.04502,15.01863,7.38874,3.58396,-0.13608,74.7683,-5.006021,-0.333988,0.47231,65.08438,36.918821,157.231914,4295.109488,,,,,14.88358,,,-4.12524,7.7804,-0.64176,50,5.75357,3.08008,-119.26593,-0.6234,-5.90976,24.09555,-21.02802,POM_COL,WHI_COL1,PomonaPitzer,D3,Team,20260328-PomonaPitzer-1,1fe6cd90-2b00-11f1-bb04-df4732e2f9b7,79.8045,13.28688,,7.54094,,,,0.02186,3.34559,0.31222,02db39fb-0347-40de-93c4-abc1fa19139e,2026-03-28,23:44:55.45,2026-03-28T16:44:55.4507264-07:00,2026-03-28T23:44:55.4507264Z,,v3,643-145631,643-146222,,"Canciller, Warren",1000194565,Right,WHI_COL1,7dee55c4-3621-4415-ad23-c0f1da81dd16,55.59818,-120.39163,12.04778,5.75974,0.35899,-10.51401,-0.7921,3.35617,-2.95488,,0.02271,-70.42805,3.55692,,,,,,,3.34825,57.15958,-34.26293,,,,,,,0.3132,29.46845,-9.18143,,,,,,,,,,,,,,,,,,,,,,,,,,,,,High,High,High,High,Undefined,,,
290,2026-03-28,16:45:18.99,5,4,"Cazares, Aaron",1000218884,Right,WHI_COL1,"Loui, Shawn",1000474008,Right,POM_COL,Undefined,7,Bottom,2,1,2,Fastball,Slider,FoulBallNotFieldable,Undefined,Undefined,Undefined,0,0,,83.0016,0.668447,-1.922682,1999.719273,200.054327,12:45,5.7005,0.76565,5.01147,-32.03258,10.29579,3.22599,3.66241,-0.78091,75.17623,-5.224559,-1.35355,0.46826,,,,,,,,,,,,-2.1813,5.31914,-0.58393,50,5.73929,3.89385,-120.22042,0.2567,-3.16347,25.27449,-24.45985,POM_COL,WHI_COL1,PomonaPitzer,D3,Team,20260328-PomonaPitzer-1,2defa330-2b00-11f1-bb04-df4732e2f9b7,80.49464,,,7.82538,,,,,,,02db39fb-0347-40de-93c4-abc1fa19139e,2026-03-28,23:45:18.99,2026-03-28T16:45:18.9971456-07:00,2026-03-28T23:45:18.9971456Z,,v3,643-145631,643-146222,,"Canciller, Warren",1000194565,Right,WHI_COL1,8e67d6a9-049e-4465-94c2-cb34a276e758,55.48465,-121.36801,12.63725,5.70243,1.3673,-12.22993,-0.76399,4.03749,-1.58174,,,,,,,,,,,,,,,,,,,,,,,,,,,,,,,,,,,,,,,,,,,,,,,,,,,High,High,High,,,,,
291,2026-03-28,16:45:46.05,5,5,"Cazares, Aaron",1000218884,Right,WHI_COL1,"Loui, Shawn",1000474008,Right,POM_COL,Undefined,7,Bottom,2,1,2,Slider,Curveball,FoulBallNotFieldable,Undefined,Undefined,Undefined,0,0,,69.87418,2.382314,-0.201974,2345.22516,75.752991,8:30,5.59371,0.71985,4.38318,-62.08015,-1.33839,-12.88863,2.69636,-0.54705,64.13814,-8.726645,-2.45274,0.560938,,,,,,,,,,,,6.20158,-0.79358,-0.68453,50,5.78673,0.85922,-101.22865,2.07776,6.41976,16.89027,-32.99555,POM_COL,WHI_COL1,PomonaPitzer,D3,Team,20260328-PomonaPitzer-1,3e1d2d90-2b00-11f1-bb04-df4732e2f9b7,67.19534,,,5.73604,,,,,,,02db39fb-0347-40de-93c4-abc1fa19139e,2026-03-28,23:45:46.05,2026-03-28T16:45:46.0514304-07:00,2026-03-28T23:45:46.0514304Z,,v3,643-145631,643-146222,,"Canciller, Warren",1000194565,Right,WHI_COL1,6504c134-5d30-4f4e-aa64-920811352d12,56.11709,-102.24421,8.44513,5.60216,4.06168,-16.49777,-0.72459,0.47322,3.20988,,,,,,,,,,,,,,,,,,,,,,,,,,,,,,,,,,,,,,,,,,,,,,,,,,,High,High,High,,,,,
292,2026-03-28,16:46:15.76,5,6,"Cazares, Aaron",1000218884,Right,WHI_COL1,"Loui, Shawn",1000474008,Right,POM_COL,Undefined,7,Bottom,2,1,2,Fastball,Changeup,InPlay,Undefined,FlyBall,Out,1,0,,83.50529,-0.308016,-2.64768,2039.029522,207.966183,1:00,5.7631,0.61725,4.76124,-26.91773,14.88812,7.20339,3.22758,-1.29482,76.38956,-5.245267,-1.383437,0.465361,73.03679,32.411364,6.075159,2987.424521,108.52402,54.0554,17.95893,265.91215,260.99811,11.397489,4.245678,-4.2611,7.78705,-0.3583,50,5.70916,5.27228,-121.00136,-1.62657,-6.33152,23.11733,-20.60332,POM_COL,WHI_COL1,PomonaPitzer,D3,Team,20260328-PomonaPitzer-1,4fc80920-2b00-11f1-bb04-df4732e2f9b7,80.99612,58.019,,7.11573,,,,0.38916,3.25546,1.31016,02db39fb-0347-40de-93c4-abc1fa19139e,2026-03-28,23:46:15.76,2026-03-28T16:46:15.7609472-07:00,2026-03-28T23:46:15.7609472Z,FlyBall,v3,643-145631,643-146222,,"Canciller, Warren",1000194565,Right,WHI_COL1,3d01e496-5f0c-4de4-8e86-7c457b7e27d9,55.73637,-122.09238,11.55867,5.76298,-0.6542,-10.30166,-0.61417,5.5711,-3.16576,204.379975,0.39077,89.88246,-13.19306,2.32964,0.03707,-0.24084,0.08521,-0.01268,0.00071,3.25432,57.44124,-16.42542,0.97219,-0.2759,0.09035,-0.00903,-0.00105,0.00017,1.31005,9.57234,2.36697,-0.88146,0.13913,0.01717,-0.0114,0.00168,-8E-05,,,,,,,,,,,,,,,,,,,,,,,High,High,High,High,High,,,
293,2026-03-28,16:48:50.37,1,1,"Pilz, Talen",10279098,Right,POM_COL,"Logsdon, Eric",10317441,Left,WHI_COL1,Undefined,8,Top,0,0,0,Fastball,Four-Seam,InPlay,Undefined,LineDrive,Single,0,0,,85.40837,-2.522615,-1.256586,2109.241893,204.804229,12:45,6.45321,0.70187,5.52412,-19.23804,20.05206,8.6204,2.48956,0.24527,77.37574,-6.164427,0.280225,0.451142,93.34377,15.517014,4.954566,2217.633905,109.37748,22.47233,11.67913,255.6357,255.6357,7.364119,2.503382,-4.73705,11.30867,-0.5985,50,6.22126,2.34609,-123.72866,-6.02323,-7.2653,27.13277,-14.82973,POM_COL,WHI_COL1,PomonaPitzer,D3,Team,20260328-PomonaPitzer-1,abf04280-2b00-11f1-bb04-df4732e2f9b7,83.54898,23.37351,,8.03262,,,,0.38481,2.4778,-0.24162,02db39fb-0347-40de-93c4-abc1fa19139e,2026-03-28,23:48:50.37,2026-03-28T16:48:50.3749632-07:00,2026-03-28T23:48:50.3749632Z,LineDrive,v3,643-145631,643-146222,,"Parker, Will",1000474009,Right,POM_COL,16c8055c-77e7-4cea-8aaa-bdbd31681fff,54.97209,-124.81424,13.56638,6.45038,-5.4299,-7.41487,-0.69819,2.63678,-3.63265,226.427593,0.38479,131.42315,-17.64494,3.49579,-0.88582,0.30755,-0.10836,0.02322,-0.00208,2.47781,36.62409,-17.11498,0.99104,-0.00023,-0.10044,0.05516,-0.01295,0.00119,-0.24159,11.38971,2.58915,-1.5305,0.72782,-0.39025,0.15793,-0.03556,0.00331,,,,,,,,,,,,,,,,,,,,,,,High,High,High,High,High,,,
294,2026-03-28,16:49:25.86,2,1,"Pilz, Talen",10279098,Right,POM_COL,"Schulze, Jay",10114357,Right,WHI_COL1,Undefined,8,Top,0,0,0,Slider,Curveball,BallCalled,Undefined,Undefined,Undefined,0,0,,75.43461,2.79408,0.377621,2040.025185,77.083622,8:30,6.09086,1.08449,5.37667,-50.54605,-0.54736,-9.00142,4.5002,0.68839,69.20478,-6.434152,-1.222135,0.508921,,,,,,,,,,,,4.57886,-0.49256,-1.1119,50,6.30575,-0.37035,-109.43854,3.66875,5.56823,18.82096,-32.77304,POM_COL,WHI_COL1,PomonaPitzer,D3,Team,20260328-PomonaPitzer-1,c11e5160-2b00-11f1-bb04-df4732e2f9b7,74.06339,,,6.22983,,,,,,,02db39fb-0347-40de-93c4-abc1fa19139e,2026-03-28,23:49:25.86,2026-03-28T16:49:25.8668032-07:00,2026-03-28T23:49:25.8668032Z,,v3,643-145631,643-146222,,"Parker, Will",1000474009,Right,POM_COL,b0472f3f-6db3-43bb-9f55-b52ad71fbabe,55.12205,-110.3159,9.41048,6.09912,5.1965,-16.38652,-1.08859,-0.62992,2.78412,,,,,,,,,,,,,,,,,,,,,,,,,,,,,,,,,,,,,,,,,,,,,,,,,,,High,High,High,,,,,
295,2026-03-28,16:49:43.86,2,2,"Pilz, Talen",10279098,Right,POM_COL,"Schulze, Jay",10114357,Right,WHI_COL1,Undefined,8,Top,0,1,0,Slider,Curveball,BallCalled,Undefined,Undefined,Undefined,0,0,,74.61324,2.589493,-0.936606,2413.723707,45.959281,7:30,6.16491,1.02113,5.31954,-55.68948,-4.54532,-6.27626,3.95626,-0.38095,68.70483,-7.529708,-2.051213,0.514718,,,,,,,,,,,,2.86563,-2.40488,-0.93177,50,6.35954,2.01326,-108.2803,3.03688,3.41475,18.25387,-35.03974,POM_COL,WHI_COL1,PomonaPitzer,D3,Team,20260328-PomonaPitzer-1,cbd60030-2b00-11f1-bb04-df4732e2f9b7,73.22929,,,5.90841,,,,,,,02db39fb-0347-40de-93c4-abc1fa19139e,2026-03-28,23:49:43.86,2026-03-28T16:49:43.8675968-07:00,2026-03-28T23:49:43.8675968Z,,v3,643-145631,643-146222,,"Parker, Will",1000474009,Right,POM_COL,1547f609-8202-4187-9a5f-f6bfb5dc7bac,55.18037,-109.15012,9.12693,6.17506,4.70656,-17.51987,-1.02383,1.85055,1.70738,,,,,,,,,,,,,,,,,,,,,,,,,,,,,,,,,,,,,,,,,,,,,,,,,,,High,High,High,,,,,
296,2026-03-28,16:50:06.83,2,3,"Pilz, Talen",10279098,Right,POM_COL,"Schulze, Jay",10114357,Right,WHI_COL1,Undefined,8,Top,0,2,0,Fastball,Cutter,BallCalled,Undefined,Undefined,Undefined,0,0,,84.73819,-4.165819,-1.888544,2133.113499,191.674542,12:30,6.31008,0.78411,5.684,-21.26682,18.05111,3.47008,0.64588,-0.68768,77.96092,-8.122348,-1.268116,0.451301,,,,,,,,,,,,-2.28201,10.70001,-0.62734,50,5.94545,3.90634,-122.72486,-9.59355,-3.48945,23.69596,-15.81261,POM_COL,WHI_COL1,PomonaPitzer,D3,Team,20260328-PomonaPitzer-1,d97f77c0-2b00-11f1-bb04-df4732e2f9b7,83.51942,,,6.77727,,,,,,,02db39fb-0347-40de-93c4-abc1fa19139e,2026-03-28,23:50:06.83,2026-03-28T16:50:06.8322304-07:00,2026-03-28T23:50:06.8322304Z,,v3,643-145631,643-146222,,"Parker, Will",1000474009,Right,POM_COL,3e2bb762-a8cd-4d5f-bec7-2a0f8d33f4f0,54.81448,-123.65095,11.84798,6.30831,-8.97556,-7.90631,-0.78267,4.04272,-1.74472,,,,,,,,,,,,,,,,,,,,,,,,,,,,,,,,,,,,,,,,,,,,,,,,,,,High,High,High,,,,,
297,2026-03-28,16:50:29.57,2,4,"Pilz, Talen",10279098,Right,POM_COL,"Schulze, Jay",10114357,Right,WHI_COL1,Undefined,8,Top,0,3,0,Fastball,Four-Seam,StrikeCalled,Undefined,Undefined,Undefined,0,0,,84.6635,-2.190182,-2.16517,2160.153606,190.5605,12:15,6.40567,0.7836,5.80945,-18.61257,21.10789,3.66339,2.81548,-0.92551,76.39118,-5.753448,-1.509331,0.453606,,,,,,,,,,,,-2.52969,11.83276,-0.60807,50,6.21486,4.47869,-122.58239,-5.18408,-3.79661,27.31507,-14.41503,POM_COL,WHI_COL1,PomonaPitzer,D3,Team,20260328-PomonaPitzer-1,e70efeb0-2b00-11f1-bb04-df4732e2f9b7,83.09515,,,8.27232,,,,,,,02db39fb-0347-40de-93c4-abc1fa19139e,2026-03-28,23:50:29.57,2026-03-28T16:50:29.5768064-07:00,2026-03-28T23:50:29.5768064Z,,v3,643-145631,643-146222,,"Parker, Will",1000474009,Right,POM_COL,92d21080-681a-4d05-a4d9-dbc1c1285045,54.68325,-123.62155,13.65753,6.40165,-4.63569,-7.20752,-0.7812,4.62313,-1.8983,,,,,,,,,,,,,,,,,,,,,,,,,,,,,,,,,,,,,,,,,,,,,,,,,,,High,High,High,,,,,
298,2026-03-28,16:50:54.16,2,5,"Pilz, Talen",10279098,Right,POM_COL,"Schulze, Jay",10114357,Right,WHI_COL1,Undefined,8,Top,0,3,1,Fastball,Four-Seam,StrikeCalled,Undefined,Undefined,Undefined,0,0,,84.39023,-2.998827,-3.093318,2248.991336,206.478394,1:00,6.37932,0.64829,5.98177,-20.14174,19.55588,9.02638,1.9146,-1.46953,76.43635,-6.831014,-1.473194,0.453475,,,,,,,,,,,,-5.55276,11.3678,-0.40851,50,6.13079,6.2315,-122.12107,-6.95062,-8.2924,26.54161,-15.19753,POM_COL,WHI_COL1,PomonaPitzer,D3,Team,20260328-PomonaPitzer-1,f5bc2aa0-2b00-11f1-bb04-df4732e2f9b7,83.11908,,,7.95387,,,,,,,02db39fb-0347-40de-93c4-abc1fa19139e,2026-03-28,23:50:54.16,2026-03-28T16:50:54.1613056-07:00,2026-03-28T23:50:54.1613056Z,,v3,643-145631,643-146222,,"Parker, Will",1000474009,Right,POM_COL,012b1bbb-145b-4265-bbe7-c6838e2693c5,54.51301,-123.09801,13.27081,6.37634,-6.39123,-7.59876,-0.64349,6.53673,-4.1462,,,,,,,,,,,,,,,,,,,,,,,,,,,,,,,,,,,,,,,,,,,,,,,,,,,High,High,High,,,,,
299,2026-03-28,16:51:25.77,2,6,"Pilz, Talen",10279098,Right,POM_COL,"Schulze, Jay",10114357,Right,WHI_COL1,Undefined,8,Top,0,3,2,Fastball,Changeup,BallCalled,Walk,Undefined,Undefined,0,0,,84.9418,-0.740112,-2.871055,2038.316004,212.410911,1:00,6.33101,0.77207,5.68428,-21.63391,17.47619,10.29485,3.83742,-1.04839,77.52357,-4.811736,-1.033461,0.450107,,,,,,,,,,,,-5.9724,9.43981,-0.5365,50,6.25515,5.74007,-123.17538,-2.24653,-9.1765,24.44367,-17.66989,POM_COL,WHI_COL1,PomonaPitzer,D3,Team,20260328-PomonaPitzer-1,08957410-2b01-11f1-bb04-df4732e2f9b7,83.74109,,,7.41823,,,,,,,02db39fb-0347-40de-93c4-abc1fa19139e,2026-03-28,23:51:25.77,2026-03-28T16:51:25.7748992-07:00,2026-03-28T23:51:25.7748992Z,,v3,643-145631,643-146222,,"Parker, Will",1000474009,Right,POM_COL,db0605c2-1ffd-4d8d-8f91-56a091bb8a3a,54.81158,-124.12655,12.22184,6.32919,-1.55895,-8.83495,-0.76681,6.09715,-4.58825,,,,,,,,,,,,,,,,,,,,,,,,,,,,,,,,,,,,,,,,,,,,,,,,,,,High,High,High,,,,,
300,2026-03-28,16:51:57.56,3,1,"Pilz, Talen",10279098,Right,POM_COL,"Mecate, Matthew",1000394015,Right,WHI_COL1,Undefined,8,Top,0,0,0,Fastball,Four-Seam,StrikeCalled,Undefined,Undefined,Undefined,0,0,,85.32095,-3.095306,-1.781101,2272.963641,210.643212,1:00,6.36268,0.85459,5.89319,-20.83206,17.59217,9.69213,1.74863,0.00806,78.28155,-7.006815,-0.041223,0.446143,,,,,,,,,,,,-5.42721,10.22524,-0.71657,50,6.10108,3.45266,-123.73335,-7.30531,-8.42716,24.31958,-16.2967,POM_COL,WHI_COL1,PomonaPitzer,D3,Team,20260328-PomonaPitzer-1,1b813410-2b01-11f1-bb04-df4732e2f9b7,84.4851,,,7.0394,,,,,,,02db39fb-0347-40de-93c4-abc1fa19139e,2026-03-28,23:51:57.56,2026-03-28T16:51:57.5664128-07:00,2026-03-28T23:51:57.5664128Z,,v3,643-145631,643-146222,,"Parker, Will",1000474009,Right,POM_COL,d7cfec06-6a61-4379-ad4c-b5d8c67d29cb,54.60409,-124.63499,12.15979,6.36072,-6.70112,-8.14835,-0.85037,3.76509,-4.21358,,,,,,,,,,,,,,,,,,,,,,,,,,,,,,,,,,,,,,,,,,,,,,,,,,,High,High,High,,,,,
301,2026-03-28,16:52:17.61,3,2,"Pilz, Talen",10279098,Right,POM_COL,"Mecate, Matthew",1000394015,Right,WHI_COL1,Undefined,8,Top,0,0,1,Fastball,Four-Seam,BallCalled,Undefined,Undefined,Undefined,0,0,,85.31687,-2.035853,-0.109263,2317.107572,212.351913,1:00,6.41697,0.58845,5.60061,-19.36155,19.44678,11.53205,2.9021,1.44745,78.10605,-5.680042,1.949679,0.448367,,,,,,,,,,,,-5.81583,10.76095,-0.58643,50,6.23012,-0.2587,-123.80577,-4.97587,-9.03421,24.52664,-15.45819,POM_COL,WHI_COL1,PomonaPitzer,D3,Team,20260328-PomonaPitzer-1,277a1570-2b01-11f1-bb04-df4732e2f9b7,84.06603,,,7.21082,,,,,,,02db39fb-0347-40de-93c4-abc1fa19139e,2026-03-28,23:52:17.61,2026-03-28T16:52:17.6155648-07:00,2026-03-28T23:52:17.6155648Z,,v3,643-145631,643-146222,,"Parker, Will",1000474009,Right,POM_COL,1b4e1a17-5f73-4baa-8441-b8ef326ee02b,54.89555,-124.77183,12.26332,6.41411,-4.367,-7.72909,-0.58324,0.09715,-4.51711,,,,,,,,,,,,,,,,,,,,,,,,,,,,,,,,,,,,,,,,,,,,,,,,,,,High,High,High,,,,,
302,2026-03-28,16:52:38.81,3,3,"Pilz, Talen",10279098,Right,POM_COL,"Mecate, Matthew",1000394015,Right,WHI_COL1,Undefined,8,Top,0,1,1,Curveball,Curveball,StrikeCalled,Undefined,Undefined,Undefined,0,0,,73.19475,1.402625,0.403654,2254.097145,30.448609,7:00,6.32284,0.72711,5.24298,-64.08885,-10.62434,-7.22107,2.3006,0.50472,67.52703,-10.174727,-0.880652,0.526265,,,,,,,,,,,,3.70599,-5.12882,-0.75871,50,6.40414,-0.47484,-106.29272,0.46084,4.22964,18.62901,-38.02758,POM_COL,WHI_COL1,PomonaPitzer,D3,Team,20260328-PomonaPitzer-1,34294e80-2b01-11f1-bb04-df4732e2f9b7,71.6226,,,5.66772,,,,,,,02db39fb-0347-40de-93c4-abc1fa19139e,2026-03-28,23:52:38.81,2026-03-28T16:52:38.8185088-07:00,2026-03-28T23:52:38.8185088Z,,v3,643-145631,643-146222,,"Parker, Will",1000474009,Right,POM_COL,825f2617-4259-4a72-a689-27b603fc8be4,55.25907,-107.21047,9.3145,6.33529,2.33425,-19.01379,-0.73018,-0.68321,2.11482,,,,,,,,,,,,,,,,,,,,,,,,,,,,,,,,,,,,,,,,,,,,,,,,,,,High,High,High,,,,,
303,2026-03-28,16:53:02.06,3,4,"Pilz, Talen",10279098,Right,POM_COL,"Mecate, Matthew",1000394015,Right,WHI_COL1,Undefined,8,Top,0,1,2,Curveball,Curveball,FoulBallNotFieldable,Undefined,Undefined,Undefined,0,0,,73.66941,3.170881,0.44767,1935.644883,42.786118,7:30,6.23303,0.63049,5.04859,-65.73878,-12.25808,-12.94863,3.74872,-0.02632,67.36125,-8.699909,-1.842197,0.526344,49.56223,68.797709,-166.577474,5619.815843,,,,,15.42329,,,6.56587,-6.54382,-0.66219,50,6.4823,-0.33473,-106.79791,3.66514,7.53503,19.48767,-39.68376,POM_COL,WHI_COL1,PomonaPitzer,D3,Team,20260328-PomonaPitzer-1,41fc2000-2b01-11f1-bb04-df4732e2f9b7,71.61174,35.12053,,6.30816,,,,0.89385,3.47587,0.06746,02db39fb-0347-40de-93c4-abc1fa19139e,2026-03-28,23:53:02.06,2026-03-28T16:53:02.0609024-07:00,2026-03-28T23:53:02.0609024Z,,v3,643-145631,643-146222,,"Parker, Will",1000474009,Right,POM_COL,debe41ff-60b7-4d88-bd08-8adbdf683e36,55.45436,-107.78858,9.74384,6.2447,5.68251,-19.84188,-0.63543,-0.71778,3.76752,2.563053,0.89385,-25.57175,-3.33843,1.36984,0.31292,-1.95944,2.82976,-1.33417,-0.14194,3.47587,67.77056,-25.04252,2.61296,-0.30315,-0.48525,0.61343,-0.00701,-0.26655,0.06746,-6.10256,0.05495,-0.10279,-0.13146,0.48696,-0.66132,0.26417,0.0715,,,,,,,,,,,,,,,,,,,,,,,High,High,High,High,Undefined,,,
304,2026-03-28,16:53:30.71,3,5,"Pilz, Talen",10279098,Right,POM_COL,"Mecate, Matthew",1000394015,Right,WHI_COL1,Undefined,8,Top,0,1,2,Fastball,Four-Seam,BallCalled,Undefined,Undefined,Undefined,0,0,,86.46022,-3.844982,-1.038623,2324.017636,227.210042,1:30,6.34205,0.37696,5.7237,-20.95044,17.13454,17.05926,1.00894,0.83106,78.64111,-7.77123,2.016202,0.444169,,,,,,,,,,,,-8.98237,10.29044,-0.30085,50,6.00786,1.55084,-125.18819,-9.05391,-14.11664,27.55712,-16.00166,POM_COL,WHI_COL1,PomonaPitzer,D3,Team,20260328-PomonaPitzer-1,530627b0-2b01-11f1-bb04-df4732e2f9b7,84.8606,,,7.81911,,,,,,,02db39fb-0347-40de-93c4-abc1fa19139e,2026-03-28,23:53:30.71,2026-03-28T16:53:30.7151872-07:00,2026-03-28T23:53:30.7151872Z,,v3,643-145631,643-146222,,"Parker, Will",1000474009,Right,POM_COL,4aff7de1-ad3d-459b-b28a-7f132fc7f328,54.77367,-126.23463,13.77856,6.34013,-8.44628,-8.00083,-0.36992,2.0869,-7.05832,,,,,,,,,,,,,,,,,,,,,,,,,,,,,,,,,,,,,,,,,,,,,,,,,,,High,High,High,,,,,
305,2026-03-28,16:53:55.52,3,6,"Pilz, Talen",10279098,Right,POM_COL,"Mecate, Matthew",1000394015,Right,WHI_COL1,Undefined,8,Top,0,2,2,Slider,Curveball,BallCalled,Undefined,Undefined,Undefined,0,0,,76.45993,-1.664207,0.549888,2461.050864,88.196513,9:00,6.14984,1.0637,5.07238,-48.02475,1.33654,-7.38185,0.57828,0.96698,70.59059,-10.319972,-0.759513,0.505667,,,,,,,,,,,,3.84807,1.57024,-1.10969,50,5.95384,-0.77576,-110.92507,-4.87012,4.78476,20.21672,-30.22158,POM_COL,WHI_COL1,PomonaPitzer,D3,Team,20260328-PomonaPitzer-1,61d44920-2b01-11f1-bb04-df4732e2f9b7,74.54005,,,5.86934,,,,,,,02db39fb-0347-40de-93c4-abc1fa19139e,2026-03-28,23:53:55.52,2026-03-28T16:53:55.5203072-07:00,2026-03-28T23:53:55.5203072Z,,v3,643-145631,643-146222,,"Parker, Will",1000474009,Right,POM_COL,44e9eefe-94c3-4dbf-8ec4-e35df10fe9ee,55.4274,-111.90988,10.10836,6.15522,-3.39796,-15.11079,-1.06623,-1.00884,2.39238,,,,,,,,,,,,,,,,,,,,,,,,,,,,,,,,,,,,,,,,,,,,,,,,,,,High,High,High,,,,,
306,2026-03-28,16:54:22.53,3,7,"Pilz, Talen",10279098,Right,POM_COL,"Mecate, Matthew",1000394015,Right,WHI_COL1,Undefined,8,Top,0,3,2,Fastball,Four-Seam,StrikeCalled,Strikeout,Undefined,Undefined,0,0,,86.02701,-3.088213,-1.819376,2318.124146,203.336366,12:45,6.36099,0.63765,5.8185,-16.95769,21.33222,8.61867,2.07232,-0.33628,78.04138,-6.331493,-0.275166,0.445362,,,,,,,,,,,,-4.89831,12.17548,-0.49362,50,6.09786,3.58986,-124.58662,-7.17309,-7.63387,27.00333,-13.19884,POM_COL,WHI_COL1,PomonaPitzer,D3,Team,20260328-PomonaPitzer-1,71ecc4e0-2b01-11f1-bb04-df4732e2f9b7,84.63319,,,7.98563,,,,,,,02db39fb-0347-40de-93c4-abc1fa19139e,2026-03-28,23:54:22.53,2026-03-28T16:54:22.5372672-07:00,2026-03-28T23:54:22.5372672Z,,v3,643-145631,643-146222,,"Parker, Will",1000474009,Right,POM_COL,dba9559f-1911-45c1-89d2-65288d82d804,54.67605,-125.59603,13.50166,6.35678,-6.6797,-6.59942,-0.63314,3.87522,-3.81694,,,,,,,,,,,,,,,,,,,,,,,,,,,,,,,,,,,,,,,,,,,,,,,,,,,High,High,High,,,,,
307,2026-03-28,16:57:34.42,4,1,"Aguirre, Isaac",1000352918,Right,POM_COL,"Lee, Jack",1000515109,Right,WHI_COL1,Undefined,8,Top,1,0,0,Curveball,Curveball,BallinDirt,Undefined,Undefined,Undefined,0,0,,71.65048,0.322768,-1.836727,1988.133177,48.724733,7:30,6.15765,0.72373,4.88354,-68.30752,-11.17981,-14.89465,0.77088,-2.25577,65.98523,-11.891534,-4.468102,0.543995,,,,,,,,,,,,6.8126,-5.1339,-0.53011,50,6.13125,3.89245,-103.88511,-1.7151,7.34886,19.49837,-37.71208,POM_COL,WHI_COL1,PomonaPitzer,D3,Team,20260328-PomonaPitzer-1,e4591100-2b01-11f1-bb04-df4732e2f9b7,69.28823,,,5.66525,,,,,,,02db39fb-0347-40de-93c4-abc1fa19139e,2026-03-28,23:57:34.42,2026-03-28T16:57:34.4296960-07:00,2026-03-28T23:57:34.4296960Z,,v3,643-145631,643-146222,,"Parker, Will",1000474009,Right,POM_COL,6d0e30dd-c8fa-4365-a006-74fe9d4ead60,55.61907,-104.93446,9.74919,6.16894,0.31447,-18.85604,-0.72895,3.49696,3.67443,,,,,,,,,,,,,,,,,,,,,,,,,,,,,,,,,,,,,,,,,,,,,,,,,,,High,High,High,,,,,
308,2026-03-28,16:58:09.96,4,2,"Aguirre, Isaac",1000352918,Right,POM_COL,"Lee, Jack",1000515109,Right,WHI_COL1,Undefined,8,Top,1,1,0,Fastball,Four-Seam,BallCalled,Undefined,Undefined,Undefined,0,0,,86.12262,-0.185796,-3.956682,2237.726094,221.333838,1:30,6.10585,0.7158,5.51516,-20.636,18.19005,14.76473,4.21204,-1.75942,77.5265,-4.098121,-1.334167,0.44847,,,,,,,,,,,,-8.54709,9.58741,-0.3801,50,6.07609,7.947,-124.55118,-1.02815,-13.26881,27.75381,-17.29025,POM_COL,WHI_COL1,PomonaPitzer,D3,Team,20260328-PomonaPitzer-1,f9810560-2b01-11f1-bb04-df4732e2f9b7,84.04682,,,8.59612,,,,,,,02db39fb-0347-40de-93c4-abc1fa19139e,2026-03-28,23:58:09.96,2026-03-28T16:58:09.9698176-07:00,2026-03-28T23:58:09.9698176Z,,v3,643-145631,643-146222,,"Parker, Will",1000474009,Right,POM_COL,457c54db-92eb-4e1e-a6e1-d390ed406a5d,54.97805,-125.65555,13.87691,6.10331,-0.34015,-8.64512,-0.70682,8.47498,-6.6344,,,,,,,,,,,,,,,,,,,,,,,,,,,,,,,,,,,,,,,,,,,,,,,,,,,High,High,High,,,,,
309,2026-03-28,16:58:28.29,4,3,"Aguirre, Isaac",1000352918,Right,POM_COL,"Lee, Jack",1000515109,Right,WHI_COL1,Undefined,8,Top,1,2,0,Fastball,Four-Seam,FoulBallNotFieldable,Undefined,Undefined,Undefined,0,0,,85.52994,-2.286247,-2.546696,2184.514583,205.819525,12:45,6.12306,0.90599,5.405,-17.56414,22.10808,9.9676,2.51396,-0.65115,76.84955,-5.648119,-0.776057,0.45333,,,,,,,,,,,,-5.80213,12.25056,-0.68616,50,5.90752,5.05934,-123.69425,-5.43759,-8.83605,28.59645,-13.51768,POM_COL,WHI_COL1,PomonaPitzer,D3,Team,20260328-PomonaPitzer-1,0462f880-2b02-11f1-bb04-df4732e2f9b7,83.14566,,,8.6804,,,,,,,02db39fb-0347-40de-93c4-abc1fa19139e,2026-03-28,23:58:28.29,2026-03-28T16:58:28.2995712-07:00,2026-03-28T23:58:28.2995712Z,,v3,643-145631,643-146222,,"Parker, Will",1000474009,Right,POM_COL,86fb3cf1-4f96-4aa8-a53b-27e0039a8d06,55.08889,-124.86519,14.29823,6.11884,-4.88408,-6.75884,-0.90073,5.42116,-4.41803,,,,,,,,,,,,,,,,,,,,,,,,,,,,,,,,,,,,,,,,,,,,,,,,,,,High,High,High,,,,,
310,2026-03-28,16:58:50.73,4,4,"Aguirre, Isaac",1000352918,Right,POM_COL,"Lee, Jack",1000515109,Right,WHI_COL1,Undefined,8,Top,1,2,1,Curveball,Curveball,FoulBallNotFieldable,Undefined,Undefined,Undefined,0,0,,73.02894,3.247503,-0.226394,2092.209834,39.083947,7:15,6.09641,0.85911,4.61308,-66.65846,-10.93631,-10.45327,3.6326,-0.22725,66.31194,-8.722295,-2.059898,0.537261,,,,,,,,,,,,5.05599,-5.89433,-0.82541,50,6.36852,0.83474,-105.68791,3.62952,5.64359,20.21999,-38.75341,POM_COL,WHI_COL1,PomonaPitzer,D3,Team,20260328-PomonaPitzer-1,11cf8e20-2b02-11f1-bb04-df4732e2f9b7,70.15665,,,6.717,,,,,,,02db39fb-0347-40de-93c4-abc1fa19139e,2026-03-28,23:58:50.73,2026-03-28T16:58:50.7315712-07:00,2026-03-28T23:58:50.7315712Z,,v3,643-145631,643-146222,,"Parker, Will",1000474009,Right,POM_COL,e17c1353-5b5b-4183-851b-e99e7458711c,55.88845,-106.80853,10.11,6.10785,5.7773,-19.37671,-0.86301,0.52197,2.82179,,,,,,,,,,,,,,,,,,,,,,,,,,,,,,,,,,,,,,,,,,,,,,,,,,,High,High,High,,,,,
311,2026-03-28,16:59:17.94,4,5,"Aguirre, Isaac",1000352918,Right,POM_COL,"Lee, Jack",1000515109,Right,WHI_COL1,Undefined,8,Top,1,2,2,Curveball,Curveball,BallCalled,Undefined,Undefined,Undefined,0,0,,73.17974,0.728501,-1.960952,2186.999926,38.009083,7:15,6.11821,0.72451,5.16518,-71.02921,-15.91013,-14.07646,0.88519,-2.29483,66.29591,-12.07703,-4.46154,0.534346,,,,,,,,,,,,6.26835,-7.53426,-0.53051,50,6.1322,4.17006,-105.95048,-1.05597,6.90691,23.26712,-40.47584,POM_COL,WHI_COL1,PomonaPitzer,D3,Team,20260328-PomonaPitzer-1,220507c0-2b02-11f1-bb04-df4732e2f9b7,70.53943,,,6.88382,,,,,,,02db39fb-0347-40de-93c4-abc1fa19139e,2026-03-28,23:59:17.94,2026-03-28T16:59:17.9461632-07:00,2026-03-28T23:59:17.9461632Z,,v3,643-145631,643-146222,,"Parker, Will",1000474009,Right,POM_COL,ebbaf817-4bbc-4d2e-99f4-8bbc0d7b84fd,55.33553,-107.11578,11.63356,6.13433,0.97119,-20.23792,-0.7307,3.82414,3.45345,,,,,,,,,,,,,,,,,,,,,,,,,,,,,,,,,,,,,,,,,,,,,,,,,,,High,High,High,,,,,
312,2026-03-28,16:59:38.69,4,6,"Aguirre, Isaac",1000352918,Right,POM_COL,"Lee, Jack",1000515109,Right,WHI_COL1,Undefined,8,Top,1,3,2,Fastball,Four-Seam,StrikeSwinging,Strikeout,Undefined,Undefined,0,0,,85.50533,0.081805,-2.085848,2223.166118,207.917913,1:00,6.07815,0.91285,5.50475,-21.51883,17.63158,8.62461,4.36147,-0.32006,77.31936,-3.981783,-0.550519,0.450339,,,,,,,,,,,,-4.92394,9.23276,-0.73638,50,6.07112,4.13093,-123.90863,-0.48629,-7.58929,26.74888,-17.94356,POM_COL,WHI_COL1,PomonaPitzer,D3,Team,20260328-PomonaPitzer-1,2e5d6e40-2b02-11f1-bb04-df4732e2f9b7,83.69793,,,8.18597,,,,,,,02db39fb-0347-40de-93c4-abc1fa19139e,2026-03-28,23:59:38.69,2026-03-28T16:59:38.6985472-07:00,2026-03-28T23:59:38.6985472Z,,v3,643-145631,643-146222,,"Parker, Will",1000474009,Right,POM_COL,ad9bcafc-4461-482e-a5db-ac8d8073c392,54.98908,-124.98101,13.37444,6.0762,0.23308,-8.97178,-0.90809,4.43519,-3.79465,,,,,,,,,,,,,,,,,,,,,,,,,,,,,,,,,,,,,,,,,,,,,,,,,,,High,High,High,,,,,
313,2026-03-28,17:00:06.47,5,1,"Aguirre, Isaac",1000352918,Right,POM_COL,"Plaskett, Joe",1000237974,Right,WHI_COL1,Undefined,8,Top,2,0,0,Curveball,Curveball,HitByPitch,Undefined,Undefined,Undefined,0,0,,72.34781,3.017152,2.865025,1969.33792,37.822342,7:15,6.16152,0.80562,5.11588,-68.38496,-12.54142,-11.25792,3.3112,2.56864,65.69353,-9.356241,0.874052,0.537846,,,,,,,,,,,,6.5754,-6.82166,-1.06593,50,6.3917,-4.82281,-104.70093,3.27234,7.19325,20.06769,-39.63666,POM_COL,WHI_COL1,PomonaPitzer,D3,Team,20260328-PomonaPitzer-1,3ef1a9b0-2b02-11f1-bb04-df4732e2f9b7,70.08039,,,6.65428,,,,,,,02db39fb-0347-40de-93c4-abc1fa19139e,2026-03-29,00:00:06.47,2026-03-28T17:00:06.4742400-07:00,2026-03-29T00:00:06.4742400Z,,v3,643-145631,643-146222,,"Parker, Will",1000474009,Right,POM_COL,187b45cc-d7bb-417a-b85d-89618c5d9d0c,55.38683,-105.72836,10.03385,6.17221,5.30167,-19.81833,-0.80958,-5.19109,3.59662,,,,,,,,,,,,,,,,,,,,,,,,,,,,,,,,,,,,,,,,,,,,,,,,,,,High,High,High,,,,,
314,2026-03-28,17:00:41.23,6,1,"Aguirre, Isaac",1000352918,Right,POM_COL,"Cardoza, Aidan",1000339820,Right,WHI_COL1,Undefined,8,Top,2,0,0,Fastball,Four-Seam,BallCalled,Undefined,Undefined,Undefined,0,0,,86.11039,-1.682536,-3.385753,2306.797285,204.247292,12:45,5.92776,1.2181,5.80604,-20.10596,18.19914,7.58599,2.68435,-1.30208,77.92414,-5.498957,-2.029779,0.445451,,,,,,,,,,,,-4.84362,10.15489,-0.94424,50,5.77749,7.04533,-124.64267,-4.24562,-7.54721,27.28091,-16.35094,POM_COL,WHI_COL1,PomonaPitzer,D3,Team,20260328-PomonaPitzer-1,53b62150-2b02-11f1-bb04-df4732e2f9b7,84.61643,,,8.18624,,,,,,,02db39fb-0347-40de-93c4-abc1fa19139e,2026-03-29,00:00:41.23,2026-03-28T17:00:41.2328448-07:00,2026-03-29T00:00:41.2328448Z,,v3,643-145631,643-146222,,"Parker, Will",1000474009,Right,POM_COL,844889e9-99af-4600-bab0-93ef74cda09c,54.6873,-125.66441,13.64045,5.92503,-3.63324,-8.17547,-1.21339,7.32799,-3.77361,,,,,,,,,,,,,,,,,,,,,,,,,,,,,,,,,,,,,,,,,,,,,,,,,,,High,High,High,,,,,
315,2026-03-28,17:01:00.46,6,2,"Aguirre, Isaac",1000352918,Right,POM_COL,"Cardoza, Aidan",1000339820,Right,WHI_COL1,Undefined,8,Top,2,1,0,Fastball,Four-Seam,StrikeCalled,Undefined,Undefined,Undefined,0,0,,84.77491,-0.916998,-1.247994,2146.495848,201.673205,12:45,6.02233,1.22991,5.55241,-22.15875,18.07458,6.56524,3.31864,0.6107,75.86609,-5.125001,-0.077179,0.456525,,,,,,,,,,,,-3.67445,9.8378,-1.12612,50,5.9288,2.37948,-122.69973,-2.62493,-5.48407,29.03023,-17.49122,POM_COL,WHI_COL1,PomonaPitzer,D3,Team,20260328-PomonaPitzer-1,5f17cbc0-2b02-11f1-bb04-df4732e2f9b7,82.56384,,,8.90882,,,,,,,02db39fb-0347-40de-93c4-abc1fa19139e,2026-03-29,00:01:00.46,2026-03-28T17:01:00.4602880-07:00,2026-03-29T00:01:00.4602880Z,,v3,643-145631,643-146222,,"Parker, Will",1000474009,Right,POM_COL,db1664da-b245-4795-933b-ca61e7b67651,54.93791,-123.86251,14.51512,6.01991,-1.92434,-8.74561,-1.22582,2.59914,-2.74203,,,,,,,,,,,,,,,,,,,,,,,,,,,,,,,,,,,,,,,,,,,,,,,,,,,High,High,High,,,,,
316,2026-03-28,17:01:19.49,6,3,"Aguirre, Isaac",1000352918,Right,POM_COL,"Cardoza, Aidan",1000339820,Right,WHI_COL1,Undefined,8,Top,2,1,1,ChangeUp,Changeup,InPlay,Undefined,FlyBall,Out,1,0,,80.1869,0.999961,-2.697715,1855.778618,266.131275,2:45,5.73616,1.41067,4.95772,-43.23955,2.85925,15.87028,3.07876,0.18255,71.80007,-6.908215,0.100369,0.488671,,,,,,,,,,,,-8.75737,1.5741,-1.16305,50,5.79801,4.77589,-115.92178,0.45976,-11.64001,26.35669,-30.08183,POM_COL,WHI_COL1,PomonaPitzer,D3,Team,20260328-PomonaPitzer-1,6a7816a0-2b02-11f1-bb04-df4732e2f9b7,77.13261,,,8.38683,,,,,,,02db39fb-0347-40de-93c4-abc1fa19139e,2026-03-29,00:01:19.49,2026-03-28T17:01:19.4932736-07:00,2026-03-29T00:01:19.4932736Z,,v3,643-145631,643-146222,,"Parker, Will",1000474009,Right,POM_COL,232c0ea4-94d5-4f5a-9ba4-96c3516a3fdf,55.53833,-117.17424,13.17835,5.7422,1.88924,-15.04092,-1.40314,5.32902,-5.82,,,,,,,,,,,,,,,,,,,,,,,,,,,,,,,,,,,,,,,,,,,,,,,,,,,High,High,High,,,,,
317,2026-03-28,17:03:39.05,1,1,"Cazares, Aaron",1000218884,Right,WHI_COL1,"Quintero, James",10138921,Left,POM_COL,Undefined,8,Bottom,0,0,0,Fastball,Changeup,StrikeCalled,Undefined,Undefined,Undefined,0,0,,80.89522,-0.526723,-3.305384,2038.802109,189.680297,12:15,5.67341,2.2935,5.06064,-31.48458,13.05796,1.96512,2.55216,-0.66314,73.47123,-6.319534,-2.958987,0.480351,,,,,,,,,,,,-1.95886,7.09776,-1.98058,50,5.5989,6.67409,-117.03477,-2.15523,-2.69635,23.64871,-22.40411,POM_COL,WHI_COL1,PomonaPitzer,D3,Team,20260328-PomonaPitzer-1,bd9edcb0-2b02-11f1-bb04-df4732e2f9b7,78.46848,,,7.424,,,,,,,02db39fb-0347-40de-93c4-abc1fa19139e,2026-03-29,00:03:39.05,2026-03-28T17:03:39.0545920-07:00,2026-03-29T00:03:39.0545920Z,,v3,643-145631,643-146222,,"Canciller, Warren",1000194565,Right,WHI_COL1,4a0d4cee-486e-4352-be0e-340bdce8e822,55.43367,-118.12763,11.82436,5.67458,-1.11989,-11.20206,-2.29188,6.79869,-1.34818,,,,,,,,,,,,,,,,,,,,,,,,,,,,,,,,,,,,,,,,,,,,,,,,,,,High,High,High,,,,,
318,2026-03-28,17:03:56.37,1,2,"Cazares, Aaron",1000218884,Right,WHI_COL1,"Quintero, James",10138921,Left,POM_COL,Undefined,8,Bottom,0,0,1,Fastball,Changeup,FoulBallNotFieldable,Undefined,Undefined,Undefined,0,0,,81.0523,-0.598705,-1.750335,2088.81561,195.883154,12:30,5.55993,2.2381,5.08374,-28.74868,15.17922,3.91327,2.59959,0.91386,74.05495,-5.900715,-1.058706,0.477026,,,,,,,,,,,,-2.43681,8.135,-2.07562,50,5.48111,3.42577,-117.51859,-2.19685,-3.40383,22.51174,-20.81069,POM_COL,WHI_COL1,PomonaPitzer,D3,Team,20260328-PomonaPitzer-1,c7f2c0a0-2b02-11f1-bb04-df4732e2f9b7,79.01554,,,6.99735,,,,,,,02db39fb-0347-40de-93c4-abc1fa19139e,2026-03-29,00:03:56.37,2026-03-28T17:03:56.3781120-07:00,2026-03-29T00:03:56.3781120Z,,v3,643-145631,643-146222,,"Canciller, Warren",1000194565,Right,WHI_COL1,49cfca58-b609-4276-b82b-6506042be411,55.41309,-118.55098,11.25587,5.55998,-1.24247,-10.40534,-2.2363,3.58187,-1.70191,,,,,,,,,,,,,,,,,,,,,,,,,,,,,,,,,,,,,,,,,,,,,,,,,,,High,High,High,,,,,
319,2026-03-28,17:04:18.33,1,3,"Cazares, Aaron",1000218884,Right,WHI_COL1,"Quintero, James",10138921,Left,POM_COL,Undefined,8,Bottom,0,0,2,ChangeUp,Changeup,BallCalled,Undefined,Undefined,Undefined,0,0,,73.82974,0.786866,-0.679537,1354.680345,252.100742,2:30,5.30378,2.60084,4.6996,-47.66558,5.458,12.15642,2.07871,2.96877,68.39204,-7.796015,1.456634,0.524584,,,,,,,,,,,,-6.12756,2.95291,-2.54347,50,5.34081,0.78642,-107.18499,-0.17809,-7.19554,16.89312,-28.70646,POM_COL,WHI_COL1,PomonaPitzer,D3,Team,20260328-PomonaPitzer-1,d519e8d0-2b02-11f1-bb04-df4732e2f9b7,71.85205,,,5.4377,,,,,,,02db39fb-0347-40de-93c4-abc1fa19139e,2026-03-29,00:04:18.33,2026-03-28T17:04:18.3356928-07:00,2026-03-29T00:04:18.3356928Z,,v3,643-145631,643-146222,,"Canciller, Warren",1000194565,Right,WHI_COL1,f2a6daec-0173-4cb3-88e0-aed7b28e94b2,55.79988,-108.09523,8.44656,5.30874,1.36868,-14.35323,-2.59629,1.17413,-3.59777,,,,,,,,,,,,,,,,,,,,,,,,,,,,,,,,,,,,,,,,,,,,,,,,,,,High,High,High,,,,,
320,2026-03-28,17:04:36.48,1,4,"Cazares, Aaron",1000218884,Right,WHI_COL1,"Quintero, James",10138921,Left,POM_COL,Undefined,8,Bottom,0,1,2,Slider,Curveball,InPlay,Undefined,FlyBall,Double,0,0,,69.38965,1.586511,-0.490203,2346.385762,79.83253,8:45,5.57569,2.19771,4.64682,-61.11366,-0.265,-12.10607,1.99085,0.72306,63.9535,-9.383518,-2.616101,0.561432,92.2612,27.874284,-3.488966,2252.494072,109.40334,50.12305,-11.44132,376.58567,357.39068,-10.54622,4.526164,5.80197,-0.03874,-2.13579,50,5.68205,1.31589,-100.62557,0.76771,5.94266,16.48604,-32.21374,POM_COL,WHI_COL1,PomonaPitzer,D3,Team,20260328-PomonaPitzer-1,dfed5d00-2b02-11f1-bb04-df4732e2f9b7,67.13629,67.16588,,5.43616,,,,0.45697,1.80696,-0.67032,02db39fb-0347-40de-93c4-abc1fa19139e,2026-03-29,00:04:36.48,2026-03-28T17:04:36.4886528-07:00,2026-03-29T00:04:36.4886528Z,FlyBall,v3,643-145631,643-146222,,"Canciller, Warren",1000194565,Right,WHI_COL1,f7baf4e6-9cdf-4633-a5bf-97716f30e9fb,55.8534,-101.58004,8.24302,5.58362,2.63275,-16.10687,-2.20202,0.97183,2.97133,148.904011,0.45744,119.38506,-16.88269,3.6249,-0.73036,0.15591,-0.03271,0.00461,-0.00028,1.80678,63.26608,-17.04023,1.03501,-0.03319,-0.08487,0.03536,-0.00576,0.00034,-0.66979,-7.29177,-3.73252,0.85699,-0.16323,0.02972,-0.00563,0.00079,-5E-05,,,,,,,,,,,,,,,,,,,,,,,High,High,High,High,High,,,
321,2026-03-28,17:05:21.61,2,1,"Cazares, Aaron",1000218884,Right,WHI_COL1,"Savas, Peter",1000276389,Right,POM_COL,Undefined,8,Bottom,0,0,0,Slider,Curveball,BallCalled,Undefined,Undefined,Undefined,0,0,,68.90747,1.60393,-1.719926,2404.234304,75.120759,8:30,5.57046,2.092,4.50761,-67.08449,-3.20484,-21.51946,1.50914,-1.34025,62.07215,-10.45252,-5.485286,0.575245,,,,,,,,,,,,9.72678,-1.32232,-1.89027,50,5.67557,3.8363,-99.5273,0.53118,9.4609,20.4808,-33.46023,POM_COL,WHI_COL1,PomonaPitzer,D3,Team,20260328-PomonaPitzer-1,facf3ad0-2b02-11f1-bb04-df4732e2f9b7,65.52419,,,6.83532,,,,,,,02db39fb-0347-40de-93c4-abc1fa19139e,2026-03-29,00:05:21.61,2026-03-28T17:05:21.6133632-07:00,2026-03-29T00:05:21.6133632Z,,v3,643-145631,643-146222,,"Canciller, Warren",1000194565,Right,WHI_COL1,dffff16f-1b12-469d-bd9e-6c7e50a0bf26,55.98865,-100.75211,10.2404,5.58397,2.5322,-16.73012,-2.10277,3.27051,4.73045,,,,,,,,,,,,,,,,,,,,,,,,,,,,,,,,,,,,,,,,,,,,,,,,,,,High,High,High,,,,,
322,2026-03-28,17:05:38.81,2,2,"Cazares, Aaron",1000218884,Right,WHI_COL1,"Savas, Peter",1000276389,Right,POM_COL,Undefined,8,Bottom,0,1,0,Slider,Curveball,StrikeCalled,Undefined,Undefined,Undefined,0,0,,68.9148,2.360025,-1.128325,2345.691,96.642067,9:15,5.62307,2.083,4.47714,-58.52546,4.09488,-17.21969,2.99717,-0.42761,62.91533,-8.17439,-4.136198,0.569546,,,,,,,,,,,,7.95122,1.96083,-1.94679,50,5.81599,2.63847,-99.72705,2.16159,7.94692,17.17167,-30.21428,POM_COL,WHI_COL1,PomonaPitzer,D3,Team,20260328-PomonaPitzer-1,0517ad10-2b03-11f1-bb04-df4732e2f9b7,66.17976,,,5.99947,,,,,,,02db39fb-0347-40de-93c4-abc1fa19139e,2026-03-29,00:05:38.81,2026-03-28T17:05:38.8193280-07:00,2026-03-29T00:05:38.8193280Z,,v3,643-145631,643-146222,,"Canciller, Warren",1000194565,Right,WHI_COL1,4acd48d8-7393-446f-8f39-265a8d04cbdf,56.01969,-100.75823,8.58584,5.6317,3.97599,-15.10714,-2.09091,2.16125,3.97346,,,,,,,,,,,,,,,,,,,,,,,,,,,,,,,,,,,,,,,,,,,,,,,,,,,High,High,High,,,,,
323,2026-03-28,17:05:55.10,2,3,"Cazares, Aaron",1000218884,Right,WHI_COL1,"Savas, Peter",1000276389,Right,POM_COL,Undefined,8,Bottom,0,1,1,Slider,Curveball,StrikeCalled,Undefined,Undefined,Undefined,0,0,,68.27749,3.044472,-0.314979,2339.778878,70.351111,8:15,5.59035,2.06602,4.40708,-67.80582,-3.94662,-16.9178,2.84828,0.35558,62.4908,-9.090478,-3.269536,0.575153,,,,,,,,,,,,8.04414,-2.12158,-2.01484,50,5.84818,1.20164,-98.83206,2.95728,7.90679,16.66792,-34.25939,POM_COL,WHI_COL1,PomonaPitzer,D3,Team,20260328-PomonaPitzer-1,0ec4f0c0-2b03-11f1-bb04-df4732e2f9b7,65.53466,,,5.78669,,,,,,,02db39fb-0347-40de-93c4-abc1fa19139e,2026-03-29,00:05:55.10,2026-03-28T17:05:55.1098368-07:00,2026-03-29T00:05:55.1098368Z,,v3,643-145631,643-146222,,"Canciller, Warren",1000194565,Right,WHI_COL1,d024b90e-18fb-437b-8b95-c42ee345c3d7,56.09292,-99.85433,8.33396,5.60237,5.05848,-17.1297,-2.07367,0.7167,3.9534,,,,,,,,,,,,,,,,,,,,,,,,,,,,,,,,,,,,,,,,,,,,,,,,,,,High,High,High,,,,,
324,2026-03-28,17:06:10.95,2,4,"Cazares, Aaron",1000218884,Right,WHI_COL1,"Savas, Peter",1000276389,Right,POM_COL,Undefined,8,Bottom,0,1,2,Slider,Curveball,InPlay,Undefined,GroundBall,Out,1,0,,68.09762,2.597389,-1.687462,2364.22458,76.336591,8:30,5.45701,2.13142,4.38678,-65.82232,-1.97858,-16.14123,2.45446,-0.82525,62.83186,-9.147489,-4.502004,0.575083,89.41431,2.216846,-13.004332,1634.865916,,,,59.63685,59.44503,-13.355804,0.469604,7.41237,-1.19429,-1.9339,50,5.66916,3.51083,-98.64898,2.28124,7.30427,15.6943,-33.35091,POM_COL,WHI_COL1,PomonaPitzer,D3,Team,20260328-PomonaPitzer-1,183ca580-2b03-11f1-bb04-df4732e2f9b7,65.54259,2.78696,,5.26575,,,,1.85863,2.51032,0.79642,02db39fb-0347-40de-93c4-abc1fa19139e,2026-03-29,00:06:10.95,2026-03-28T17:06:10.9575680-07:00,2026-03-29T00:06:10.9575680Z,GroundBall,v3,643-145631,643-146222,,"Canciller, Warren",1000194565,Right,WHI_COL1,0161a3da-c2d0-4db6-8e0e-a29908623caa,56.11499,-99.61707,7.84715,5.46499,4.33848,-16.67546,-2.13657,3.06027,3.65213,50.299179,1.86762,127.42557,-16.74088,,,,,,,2.52318,4.70564,-21.51771,,,,,,,0.80267,-29.66704,-2.95997,,,,,,,,,,,,,,,,,,,,,,,,,,,,,High,High,High,High,High,,,
325,2026-03-28,17:06:48.56,3,1,"Cazares, Aaron",1000218884,Right,WHI_COL1,"Gonzaga, Kai",10138924,Left,POM_COL,Undefined,8,Bottom,1,0,0,Slider,Curveball,StrikeCalled,Undefined,Undefined,Undefined,0,0,,67.54687,3.127745,-0.721273,2308.002389,77.601446,8:30,5.49358,2.1918,4.51134,-66.33964,-1.73973,-16.93418,2.94789,0.09351,62.1944,-8.755948,-3.682391,0.578479,,,,,,,,,,,,7.98563,-1.05303,-2.0993,50,5.7581,1.87385,-97.84366,3.15666,7.74522,15.36444,-33.19536,POM_COL,WHI_COL1,PomonaPitzer,D3,Team,20260328-PomonaPitzer-1,2eab98d0-2b03-11f1-bb04-df4732e2f9b7,65.15787,,,5.35247,,,,,,,02db39fb-0347-40de-93c4-abc1fa19139e,2026-03-29,00:06:48.56,2026-03-28T17:06:48.5679104-07:00,2026-03-29T00:06:48.5679104Z,,v3,643-145631,643-146222,,"Canciller, Warren",1000194565,Right,WHI_COL1,83ffaac1-ac85-44d7-9b7d-d88226ba6c5e,55.98901,-98.77965,7.68222,5.50421,5.17887,-16.59768,-2.19908,1.40202,3.87261,,,,,,,,,,,,,,,,,,,,,,,,,,,,,,,,,,,,,,,,,,,,,,,,,,,High,High,High,,,,,
326,2026-03-28,17:07:07.13,3,2,"Cazares, Aaron",1000218884,Right,WHI_COL1,"Gonzaga, Kai",10138924,Left,POM_COL,Undefined,8,Bottom,1,0,1,Fastball,Changeup,StrikeCalled,Undefined,Undefined,Undefined,0,0,,82.74599,-1.185381,-3.855502,2040.750448,233.963968,1:45,5.54552,2.19884,5.01864,-32.63478,9.79241,11.53662,1.70459,-0.4838,75.61661,-7.14466,-1.822775,0.468806,,,,,,,,,,,,-6.77945,5.61559,-1.83865,50,5.40581,7.56276,-119.73708,-3.66008,-9.82774,23.43545,-24.03344,POM_COL,WHI_COL1,PomonaPitzer,D3,Team,20260328-PomonaPitzer-1,39a69230-2b03-11f1-bb04-df4732e2f9b7,80.40086,,,7.12938,,,,,,,02db39fb-0347-40de-93c4-abc1fa19139e,2026-03-29,00:07:07.13,2026-03-28T17:07:07.1367680-07:00,2026-03-29T00:07:07.1367680Z,,v3,643-145631,643-146222,,"Canciller, Warren",1000194565,Right,WHI_COL1,c6eac2c7-1290-4113-ab27-176226eb4c78,55.47836,-120.80457,11.71773,5.54759,-2.56535,-12.01672,-2.19333,8.01041,-4.91387,,,,,,,,,,,,,,,,,,,,,,,,,,,,,,,,,,,,,,,,,,,,,,,,,,,High,High,High,,,,,
327,2026-03-28,17:07:27.49,3,3,"Cazares, Aaron",1000218884,Right,WHI_COL1,"Gonzaga, Kai",10138924,Left,POM_COL,Undefined,8,Bottom,1,0,2,Slider,Curveball,InPlay,Undefined,LineDrive,Single,0,1,,68.68189,1.780409,-0.458365,2414.739231,68.376002,8:15,5.53756,2.23158,4.42267,-68.18366,-4.72303,-17.53332,1.55492,0.33313,62.67864,-10.414252,-3.526636,0.573355,95.71167,17.713561,35.188659,2070.189424,86.51177,25.66764,67.9381,273.68883,218.74425,43.971673,2.692559,8.39811,-2.29122,-2.16442,50,5.65974,1.46434,-99.43359,0.79419,8.28093,18.19048,-34.4333,POM_COL,WHI_COL1,PomonaPitzer,D3,Team,20260328-PomonaPitzer-1,45d99660-2b03-11f1-bb04-df4732e2f9b7,65.74016,27.59242,,6.00325,,,,1.86451,2.03715,-0.4784,02db39fb-0347-40de-93c4-abc1fa19139e,2026-03-29,00:07:27.49,2026-03-28T17:07:27.4933248-07:00,2026-03-29T00:07:27.4933248Z,LineDrive,v3,643-145631,643-146222,,"Canciller, Warren",1000194565,Right,WHI_COL1,4bdd490d-2cb1-4ae3-808a-a1d55461dc7d,56.07788,-100.53933,9.09524,5.54785,2.88729,-17.21665,-2.23814,0.96097,4.14046,,1.86447,109.28707,-20.06206,3.94441,-0.87253,0.15631,-0.02153,0.00015,0.00039,2.03717,42.71037,-19.84029,1.95848,-0.33533,0.06664,-0.01483,0.00365,-0.00048,-0.47842,77.06028,-0.24252,-1.64253,0.6094,-0.17801,0.04275,-0.00822,0.00077,,,,,,,,,,,,,,,,,,,,,,,High,High,High,Medium,Medium,,,
328,2026-03-28,17:08:02.90,4,1,"Cazares, Aaron",1000218884,Right,WHI_COL1,"Pierantoni, Greg",1000091552,Right,POM_COL,Undefined,8,Bottom,1,0,0,Sinker,Changeup,FoulBallNotFieldable,Undefined,Undefined,Undefined,0,0,,83.44278,-1.287272,-2.546474,2044.190209,224.25699,1:30,5.7689,1.79085,4.99631,-29.25805,12.80997,11.00871,2.114,0.3025,75.50618,-6.678329,-0.604157,0.466818,,,,,,,,,,,,-6.22874,7.18071,-1.55516,50,5.62187,4.88004,-120.74738,-3.75089,-9.08789,26.08924,-21.6972,POM_COL,WHI_COL1,PomonaPitzer,D3,Team,20260328-PomonaPitzer-1,5ae688b0-2b03-11f1-bb04-df4732e2f9b7,80.74336,,,7.93659,,,,,,,02db39fb-0347-40de-93c4-abc1fa19139e,2026-03-29,00:08:02.90,2026-03-28T17:08:02.9073408-07:00,2026-03-29T00:08:02.9073408Z,,v3,643-145631,643-146222,,"Canciller, Warren",1000194565,Right,WHI_COL1,fd60b4c0-1cb5-44fd-accb-f737ef58b279,55.49937,-121.92981,13.04462,5.76959,-2.76751,-10.8486,-1.78567,5.29193,-4.54395,,,,,,,,,,,,,,,,,,,,,,,,,,,,,,,,,,,,,,,,,,,,,,,,,,,High,High,High,,,,,
329,2026-03-28,17:08:20.86,4,2,"Cazares, Aaron",1000218884,Right,WHI_COL1,"Pierantoni, Greg",1000091552,Right,POM_COL,Undefined,8,Bottom,1,0,1,Fastball,Changeup,BallCalled,Undefined,Undefined,Undefined,0,0,,84.03702,-2.365409,-4.445743,2091.065676,207.516627,1:00,5.63308,1.79688,5.10308,-29.44773,12.2643,5.57402,0.94231,-1.93604,75.84313,-7.782118,-3.463805,0.464838,,,,,,,,,,,,-4.20114,7.32099,-1.38128,50,5.38686,9.17712,-121.23248,-6.05668,-6.15158,27.26435,-21.45416,POM_COL,WHI_COL1,PomonaPitzer,D3,Team,20260328-PomonaPitzer-1,659de960-2b03-11f1-bb04-df4732e2f9b7,81.08719,,,8.19389,,,,,,,02db39fb-0347-40de-93c4-abc1fa19139e,2026-03-29,00:08:20.86,2026-03-28T17:08:20.8619520-07:00,2026-03-29T00:08:20.8619520Z,,v3,643-145631,643-146222,,"Canciller, Warren",1000194565,Right,WHI_COL1,38a5117b-20a9-42e9-9496-bec601a31fc6,55.39112,-122.4389,13.63218,5.63386,-5.10735,-10.72708,-1.79338,9.44932,-3.07579,,,,,,,,,,,,,,,,,,,,,,,,,,,,,,,,,,,,,,,,,,,,,,,,,,,High,High,High,,,,,
330,2026-03-28,17:08:37.71,4,3,"Cazares, Aaron",1000218884,Right,WHI_COL1,"Pierantoni, Greg",1000091552,Right,POM_COL,Undefined,8,Bottom,1,1,1,Slider,Curveball,FoulBallNotFieldable,Undefined,Undefined,Undefined,0,0,,69.01248,2.641619,-1.304827,2228.212634,79.918182,8:45,5.46923,2.00211,4.67452,-62.46732,0.24244,-11.66103,2.77487,-0.20909,62.32517,-8.659777,-3.349892,0.569953,83.13179,15.277526,-42.396511,3055.709334,78.21545,11.88563,-77.34539,159.73918,128.36095,-46.715101,1.564595,5.28685,-0.1689,-1.85791,50,5.68213,2.71167,-99.76633,2.57757,5.22115,19.0657,-32.34084,POM_COL,WHI_COL1,PomonaPitzer,D3,Team,20260328-PomonaPitzer-1,6fb51270-2b03-11f1-bb04-df4732e2f9b7,66.13256,13.85232,,6.68731,,,,2.40137,3.15172,-0.07249,02db39fb-0347-40de-93c4-abc1fa19139e,2026-03-29,00:08:37.71,2026-03-28T17:08:37.7195008-07:00,2026-03-29T00:08:37.7195008Z,LineDrive,v3,643-145631,643-146222,,"Canciller, Warren",1000194565,Right,WHI_COL1,06242586-9555-410d-9027-d023ec65fae4,55.82324,-100.87303,9.53285,5.47802,4.45485,-16.17042,-2.00651,2.4086,2.61057,,2.40137,86.86049,-12.35227,0.5106,-0.14012,0.06137,-0.02051,0.00259,0.00018,3.15171,32.12839,-26.25023,3.58375,-0.88746,0.55487,-0.31584,0.10278,-0.01382,-0.07248,-79.30513,2.61523,0.55624,-0.06672,-0.10011,0.07623,-0.02366,0.00282,,,,,,,,,,,,,,,,,,,,,,,High,High,High,Medium,Medium,,,
331,2026-03-28,17:09:06.79,4,4,"Cazares, Aaron",1000218884,Right,WHI_COL1,"Pierantoni, Greg",1000091552,Right,POM_COL,Undefined,8,Bottom,1,1,2,Slider,Curveball,InPlay,Undefined,GroundBall,Out,1,0,,70.11898,2.059804,-1.753742,2473.256138,80.055541,8:45,5.35494,2.22397,4.33672,-61.31562,-0.57909,-14.69946,2.21548,-0.67742,64.19974,-8.903483,-4.315284,0.560914,87.24978,7.380056,-16.39988,1766.47782,,,,113.33627,108.28568,-19.489656,0.972283,6.61859,-0.36843,-2.01915,50,5.51528,3.6827,-101.49469,1.53798,6.85353,17.74188,-32.55556,POM_COL,WHI_COL1,PomonaPitzer,D3,Team,20260328-PomonaPitzer-1,8108a640-2b03-11f1-bb04-df4732e2f9b7,67.19825,5.56802,,5.91924,,,,1.67194,2.24469,0.65096,02db39fb-0347-40de-93c4-abc1fa19139e,2026-03-29,00:09:06.79,2026-03-28T17:09:06.7937280-07:00,2026-03-29T00:09:06.7937280Z,GroundBall,v3,643-145631,643-146222,,"Canciller, Warren",1000194565,Right,WHI_COL1,31321f49-d460-4ae9-8d7f-ff770f05dc7b,56.16316,-102.56639,8.87094,5.36299,3.5045,-16.27778,-2.2291,3.26872,3.42677,73.326538,1.67194,121.74291,-15.56088,1.88467,-0.11696,-0.35211,0.38975,-0.21912,0.05125,2.24469,16.43739,-21.19168,2.2877,-0.27168,-0.25599,0.35536,-0.20698,0.04883,0.65096,-35.83025,-5.44897,1.93354,0.13855,-1.19855,1.37642,-0.78632,0.18485,,,,,,,,,,,,,,,,,,,,,,,High,High,High,High,High,,,
332,2026-03-28,17:09:45.36,5,1,"Cazares, Aaron",1000218884,Right,WHI_COL1,"Gold, Jack",1000108729,Left,POM_COL,Undefined,8,Bottom,2,0,0,Fastball,Changeup,FoulBallNotFieldable,Undefined,Undefined,Undefined,0,0,,82.36648,-0.554462,-3.340246,2028.715318,224.999388,1:30,5.52822,2.22139,4.99156,-32.22112,10.06127,8.83859,2.3187,-0.19948,76.12466,-6.416519,-1.783151,0.468006,,,,,,,,,,,,-5.21855,5.49244,-1.90711,50,5.44865,6.59448,-119.45061,-2.3213,-7.62272,20.64129,-24.1512,POM_COL,WHI_COL1,PomonaPitzer,D3,Team,20260328-PomonaPitzer-1,97f38050-2b03-11f1-bb04-df4732e2f9b7,80.53844,,,6.24182,,,,,,,02db39fb-0347-40de-93c4-abc1fa19139e,2026-03-29,00:09:45.36,2026-03-28T17:09:45.3606912-07:00,2026-03-29T00:09:45.3606912Z,,v3,643-145631,643-146222,,"Canciller, Warren",1000194565,Right,WHI_COL1,e6886274-ebc6-4bec-a602-087abc1b3124,55.50797,-120.39863,10.32065,5.52979,-1.21207,-12.0756,-2.21802,6.94458,-3.81136,,,,,,,,,,,,,,,,,,,,,,,,,,,,,,,,,,,,,,,,,,,,,,,,,,,High,High,High,,,,,
333,2026-03-28,17:10:09.63,5,2,"Cazares, Aaron",1000218884,Right,WHI_COL1,"Gold, Jack",1000108729,Left,POM_COL,Undefined,8,Bottom,2,0,1,Slider,Curveball,BallCalled,Undefined,Undefined,Undefined,0,0,,69.39975,1.827279,0.08755,2357.793576,68.444147,8:15,5.41259,2.41703,4.62259,-65.81173,-4.42335,-16.43406,1.66594,1.13075,63.53048,-9.983449,-2.798711,0.563916,,,,,,,,,,,,7.99945,-2.03248,-2.41013,50,5.54002,0.48255,-100.54828,0.99112,8.11063,17.7658,-34.23476,POM_COL,WHI_COL1,PomonaPitzer,D3,Team,20260328-PomonaPitzer-1,a677a070-2b03-11f1-bb04-df4732e2f9b7,66.84053,,,5.86927,,,,,,,02db39fb-0347-40de-93c4-abc1fa19139e,2026-03-29,00:10:09.63,2026-03-28T17:10:09.6340480-07:00,2026-03-29T00:10:09.6340480Z,,v3,643-145631,643-146222,,"Canciller, Warren",1000194565,Right,WHI_COL1,ab969d53-31c1-4954-8020-852dd9efe4c3,55.87711,-101.58139,8.8829,5.42449,2.98193,-17.11738,-2.42448,0.01091,4.05532,,,,,,,,,,,,,,,,,,,,,,,,,,,,,,,,,,,,,,,,,,,,,,,,,,,High,High,High,,,,,
334,2026-03-28,17:10:32.55,5,3,"Cazares, Aaron",1000218884,Right,WHI_COL1,"Gold, Jack",1000108729,Left,POM_COL,Undefined,8,Bottom,2,1,1,Sinker,Changeup,InPlay,Undefined,FlyBall,HomeRun,0,2,,82.96901,-1.635065,-3.838972,2072.562268,231.479312,1:45,5.55991,2.2624,5.03425,-29.83754,12.12245,13.56568,1.52696,-0.23444,76.19252,-7.088911,-1.447958,0.466218,95.34957,23.730699,13.922066,1751.001553,106.49773,41.79118,27.53395,391.04817,378.44789,15.741224,4.503584,-7.78205,6.845,-1.9067,50,5.37973,7.47909,-120.13736,-4.49665,-11.41507,22.47985,-22.13351,POM_COL,WHI_COL1,PomonaPitzer,D3,Team,20260328-PomonaPitzer-1,b41d6e80-2b03-11f1-bb04-df4732e2f9b7,80.84726,58.90082,,6.77649,,,,1.71148,1.40567,0.2099,02db39fb-0347-40de-93c4-abc1fa19139e,2026-03-29,00:10:32.55,2026-03-28T17:10:32.5597184-07:00,2026-03-29T00:10:32.5597184Z,LineDrive,v3,643-145631,643-146222,,"Canciller, Warren",1000194565,Right,WHI_COL1,9a928e2e-ce43-46c9-af67-db71a8eb6472,55.46488,-121.15562,11.23992,5.56071,-3.49408,-11.06676,-2.25719,7.99616,-5.70753,192.477372,1.71192,124.25197,-17.30638,3.44671,-0.67797,0.12783,-0.02246,0.00296,-0.00018,1.40584,56.27262,-15.11145,0.72515,0.01234,-0.06039,0.0247,-0.00421,0.00026,0.20992,30.80285,-2.32567,0.25658,-0.04442,0.0177,-0.00638,0.00111,-7E-05,,,,,,,,,,,,,,,,,,,,,,,High,High,High,Medium,Medium,,,
335,2026-03-28,17:14:14.12,6,1,"Marr, Lucas ",1000272077,Right,WHI_COL1,"DeGrazia, Tanner",1000214434,Right,POM_COL,Undefined,8,Bottom,2,0,0,Fastball,Changeup,StrikeCalled,Undefined,Undefined,Undefined,0,0,,85.83576,-0.709805,-5.181365,1915.341792,223.660113,1:30,5.74151,2.32543,5.2064,-22.05466,17.43796,15.31513,3.23332,-1.28442,77.61703,-4.838035,-2.48394,0.452303,,,,,,,,,,,,-9.09945,9.28453,-1.85657,50,5.65951,10.54103,-123.94284,-2.26562,-14.05767,26.35622,-17.83046,POM_COL,WHI_COL1,PomonaPitzer,D3,Team,20260328-PomonaPitzer-1,38274fc0-2b04-11f1-bb04-df4732e2f9b7,83.3345,,,8.21873,,,,,,,02db39fb-0347-40de-93c4-abc1fa19139e,2026-03-29,00:14:14.12,2026-03-28T17:14:14.1228544-07:00,2026-03-29T00:14:14.1228544Z,,v3,643-145631,643-146222,,"Canciller, Warren",1000194565,Right,WHI_COL1,408aedf9-4ece-4fd9-af34-40b634cf5eee,55.28893,-125.06246,13.17811,5.73967,-1.50818,-8.91523,-2.31705,11.13821,-7.02884,,,,,,,,,,,,,,,,,,,,,,,,,,,,,,,,,,,,,,,,,,,,,,,,,,,High,High,High,,,,,
336,2026-03-28,17:14:33.26,6,2,"Marr, Lucas ",1000272077,Right,WHI_COL1,"DeGrazia, Tanner",1000214434,Right,POM_COL,Undefined,8,Bottom,2,0,1,Fastball,Changeup,BallCalled,Undefined,Undefined,Undefined,0,0,,86.30029,0.943373,-3.489472,1833.955343,227.751952,1:30,5.90409,2.19175,4.99237,-24.15273,15.22087,15.21473,4.78381,0.16088,77.68945,-3.556185,-0.811301,0.451621,,,,,,,,,,,,-8.5063,7.6217,-1.8682,50,5.97617,6.88932,-124.77605,1.21166,-13.26756,27.60303,-20.28624,POM_COL,WHI_COL1,PomonaPitzer,D3,Team,20260328-PomonaPitzer-1,438c5590-2b04-11f1-bb04-df4732e2f9b7,83.46033,,,8.61084,,,,,,,02db39fb-0347-40de-93c4-abc1fa19139e,2026-03-29,00:14:33.26,2026-03-28T17:14:33.2661248-07:00,2026-03-29T00:14:33.2661248Z,,v3,643-145631,643-146222,,"Canciller, Warren",1000194565,Right,WHI_COL1,7e00c2dc-3787-45e6-b326-16fcd5bf60d7,55.50185,-125.98729,13.80152,5.90347,2.10183,-10.14312,-2.18328,7.47151,-6.63378,,,,,,,,,,,,,,,,,,,,,,,,,,,,,,,,,,,,,,,,,,,,,,,,,,,High,High,High,,,,,
337,2026-03-28,17:14:50.33,6,3,"Marr, Lucas ",1000272077,Right,WHI_COL1,"DeGrazia, Tanner",1000214434,Right,POM_COL,Undefined,8,Bottom,2,1,1,Fastball,Sinker,InPlay,Undefined,GroundBall,Out,1,0,,86.84987,-2.043683,-4.27469,2057.368418,237.681772,2:00,5.62422,2.59762,5.10861,-25.59946,13.33493,18.77237,1.55928,0.1271,78.22716,-6.789512,-0.963246,0.449095,77.30881,-30.522772,-24.591263,,,,,3.12644,1.26477,-19.450235,0.025124,-10.66473,7.69721,-2.20947,50,5.41174,8.51072,-125.41414,-5.39747,-16.7331,28.88308,-20.09702,POM_COL,WHI_COL1,PomonaPitzer,D3,Team,20260328-PomonaPitzer-1,4dc00750-2b04-11f1-bb04-df4732e2f9b7,83.92979,1.4493,,8.62271,,,,0.71279,1.4493,-0.01811,02db39fb-0347-40de-93c4-abc1fa19139e,2026-03-29,00:14:50.33,2026-03-28T17:14:50.3397376-07:00,2026-03-29T00:14:50.3397376Z,GroundBall,v3,643-145631,643-146222,,"Canciller, Warren",1000194565,Right,WHI_COL1,6db04df7-4f6a-42b4-826b-435395c24c3d,55.38769,-126.64885,14.44154,5.6241,-4.53835,-10.04851,-2.58858,9.22603,-8.36655,,0.71217,88.96754,,,,,,,,1.4497,-57.68564,,,,,,,,-0.01783,-40.71611,,,,,,,,,,,,,,,,,,,,,,,,,,,,,,High,High,High,Low,Low,,,
338,2026-03-28,17:17:02.38,1,1,"Aguirre, Isaac",1000352918,Right,POM_COL,"Eastwood Lilles, Parker",10269960,Right,WHI_COL1,Undefined,9,Top,0,0,0,Fastball,Four-Seam,FoulBallNotFieldable,Undefined,Undefined,Undefined,0,0,,84.06437,-1.430119,-1.527718,2081.114638,209.027824,1:00,6.17938,0.71417,5.6002,-20.34993,20.19174,10.38528,3.14769,0.15303,75.81873,-5.30075,0.325784,0.458271,71.83804,-11.109746,-46.564818,,,,,20.06756,19.86499,-42.972779,0.169338,-5.76811,11.1176,-0.59032,50,6.04418,2.81985,-121.8283,-3.63238,-8.54009,27.25563,-15.71367,POM_COL,WHI_COL1,PomonaPitzer,D3,Team,20260328-PomonaPitzer-1,9c725c40-2b04-11f1-bb04-df4732e2f9b7,82.24926,3.45296,,8.24564,,,,2.59337,3.45296,-0.91037,02db39fb-0347-40de-93c4-abc1fa19139e,2026-03-29,00:17:02.38,2026-03-28T17:17:02.3810560-07:00,2026-03-29T00:17:02.3810560Z,GroundBall,v3,643-145631,643-146222,,"Parker, Will",1000474009,Right,POM_COL,8908019a-5de6-4eb4-9cef-3ad7f2faadfb,54.89644,-122.91886,13.62782,6.17694,-3.00364,-7.85683,-0.70998,3.16156,-4.27004,180,2.5849,71.39328,,,,,,,,3.45537,-20.39088,,,,,,,,-0.90143,-75.40348,,,,,,,,,,,,,,,,,,,,,,,,,,,,,,High,High,High,Low,Low,,,
339,2026-03-28,17:17:20.29,1,2,"Aguirre, Isaac",1000352918,Right,POM_COL,"Eastwood Lilles, Parker",10269960,Right,WHI_COL1,Undefined,9,Top,0,0,1,Curveball,Curveball,BallCalled,Undefined,Undefined,Undefined,0,0,,71.27215,0.797024,-0.826557,2067.60504,8.085911,6:15,6.18893,0.71283,4.66211,-77.24351,-19.00643,-2.98028,0.50924,-0.32076,65.61295,-12.944473,-1.352643,0.549251,,,,,,,,,,,,1.20319,-9.09154,-0.62563,50,6.19911,1.60553,-103.35872,-1.25041,1.2827,19.56013,-41.86626,POM_COL,WHI_COL1,PomonaPitzer,D3,Team,20260328-PomonaPitzer-1,a7313700-2b04-11f1-bb04-df4732e2f9b7,68.6251,,,5.6592,,,,,,,02db39fb-0347-40de-93c4-abc1fa19139e,2026-03-29,00:17:20.29,2026-03-28T17:17:20.2973696-07:00,2026-03-29T00:17:20.2973696Z,,v3,643-145631,643-146222,,"Parker, Will",1000474009,Right,POM_COL,e27ce3d1-0673-4afc-bded-019d2be2e478,55.84231,-104.4585,9.78006,6.20324,1.10354,-20.93313,-0.71387,1.53341,0.64135,,,,,,,,,,,,,,,,,,,,,,,,,,,,,,,,,,,,,,,,,,,,,,,,,,,High,High,High,,,,,
340,2026-03-28,17:17:36.16,1,3,"Aguirre, Isaac",1000352918,Right,POM_COL,"Eastwood Lilles, Parker",10269960,Right,WHI_COL1,Undefined,9,Top,0,1,1,Curveball,Curveball,StrikeCalled,Undefined,Undefined,Undefined,0,0,,70.90697,3.229186,0.098863,1881.376302,43.05254,7:30,6.1864,0.78949,4.1083,-74.00307,-14.23603,-15.10851,3.12153,-0.37468,65.03992,-9.882974,-2.529461,0.556419,,,,,,,,,,,,7.22272,-7.10122,-0.7832,50,6.46708,0.44914,-102.66199,3.04477,7.66794,17.82729,-39.71299,POM_COL,WHI_COL1,PomonaPitzer,D3,Team,20260328-PomonaPitzer-1,b0f7f620-2b04-11f1-bb04-df4732e2f9b7,67.74106,,,5.86705,,,,,,,02db39fb-0347-40de-93c4-abc1fa19139e,2026-03-29,00:17:36.16,2026-03-28T17:17:36.1665536-07:00,2026-03-29T00:17:36.1665536Z,,v3,643-145631,643-146222,,"Parker, Will",1000474009,Right,POM_COL,16473908-032e-4ea4-b2c7-ca7fb045a2d6,56.39538,-103.76661,8.91365,6.20219,5.50547,-19.8565,-0.79631,-0.02598,3.83397,,,,,,,,,,,,,,,,,,,,,,,,,,,,,,,,,,,,,,,,,,,,,,,,,,,High,High,High,,,,,
341,2026-03-28,17:17:52.89,1,4,"Aguirre, Isaac",1000352918,Right,POM_COL,"Eastwood Lilles, Parker",10269960,Right,WHI_COL1,Undefined,9,Top,0,1,2,Curveball,Curveball,InPlay,Undefined,GroundBall,Out,1,0,,71.74221,1.761616,-1.26003,2013.810662,21.720039,6:45,6.11084,0.83714,4.3355,-76.69721,-18.4241,-8.13209,1.40382,-1.04487,65.74305,-11.839805,-2.683511,0.549421,72.50786,-62.543654,-133.880788,,,,,1.23688,1.94885,23.753973,0.015211,3.5474,-8.9876,-0.69261,50,6.22239,2.61193,-103.91665,0.4075,3.82241,19.78526,-41.85835,POM_COL,WHI_COL1,PomonaPitzer,D3,Team,20260328-PomonaPitzer-1,ba9b75d0-2b04-11f1-bb04-df4732e2f9b7,68.60392,1.43827,,5.99916,,,,1.65011,1.43827,1.03689,02db39fb-0347-40de-93c4-abc1fa19139e,2026-03-29,00:17:52.89,2026-03-28T17:17:52.8965120-07:00,2026-03-29T00:17:52.8965120Z,GroundBall,v3,643-145631,643-146222,,"Parker, Will",1000474009,Right,POM_COL,114e3ce4-9e4e-4696-95cb-d5f6e1819377,56.16853,-105.08454,9.89263,6.1254,2.87834,-20.92918,-0.84013,2.3863,1.9112,,1.65028,-34.05499,,,,,,,,1.43873,-94.55378,,,,,,,,1.03706,-35.41213,,,,,,,,,,,,,,,,,,,,,,,,,,,,,,High,High,High,Estimated,Estimated,,,
342,2026-03-28,17:18:25.95,2,1,"Aguirre, Isaac",1000352918,Right,POM_COL,"Collier, Peyton",1000306301,Right,WHI_COL1,Undefined,9,Top,1,0,0,Fastball,Four-Seam,StrikeCalled,Undefined,Undefined,Undefined,0,0,,85.45059,-1.211466,-2.850381,2182.07737,202.703591,12:45,6.17349,0.75862,5.55364,-18.88155,20.1069,7.86599,3.46649,-1.25143,77.71079,-4.789329,-1.450027,0.449407,,,,,,,,,,,,-4.75138,10.85985,-0.51712,50,6.05634,5.82187,-123.81573,-3.17239,-7.35076,25.50505,-15.37293,POM_COL,WHI_COL1,PomonaPitzer,D3,Team,20260328-PomonaPitzer-1,ce43f620-2b04-11f1-bb04-df4732e2f9b7,83.87156,,,7.7398,,,,,,,02db39fb-0347-40de-93c4-abc1fa19139e,2026-03-29,00:18:25.95,2026-03-28T17:18:25.9599872-07:00,2026-03-29T00:18:25.9599872Z,,v3,643-145631,643-146222,,"Parker, Will",1000474009,Right,POM_COL,7bcf0a2e-4b2e-4391-93a1-ee33a0160f15,54.94126,-124.82944,12.75253,6.17029,-2.56138,-7.68646,-0.75432,6.11403,-3.67538,,,,,,,,,,,,,,,,,,,,,,,,,,,,,,,,,,,,,,,,,,,,,,,,,,,High,High,High,,,,,
343,2026-03-28,17:18:41.97,2,2,"Aguirre, Isaac",1000352918,Right,POM_COL,"Collier, Peyton",1000306301,Right,WHI_COL1,Undefined,9,Top,1,0,1,Curveball,Curveball,BallCalled,Undefined,Undefined,Undefined,0,0,,70.41767,4.414506,0.720666,1998.244114,36.650783,7:15,6.18466,0.7007,4.52238,-74.34862,-14.37859,-12.19831,4.20192,0.37056,64.16739,-8.884691,-1.414898,0.557363,,,,,,,,,,,,6.05981,-7.49437,-0.76387,50,6.57606,-0.78739,-101.83346,5.21684,6.31615,17.87794,-39.98549,POM_COL,WHI_COL1,PomonaPitzer,D3,Team,20260328-PomonaPitzer-1,d7dc0420-2b04-11f1-bb04-df4732e2f9b7,67.62632,,,6.25028,,,,,,,02db39fb-0347-40de-93c4-abc1fa19139e,2026-03-29,00:18:41.97,2026-03-28T17:18:41.9757568-07:00,2026-03-29T00:18:41.9757568Z,,v3,643-145631,643-146222,,"Parker, Will",1000474009,Right,POM_COL,2602c8f2-b34f-41e2-bc6c-a5c3bc50e3a6,55.9802,-102.87799,8.93897,6.20301,7.55302,-19.99274,-0.70708,-1.15641,3.15808,,,,,,,,,,,,,,,,,,,,,,,,,,,,,,,,,,,,,,,,,,,,,,,,,,,High,High,High,,,,,
344,2026-03-28,17:18:58.30,2,3,"Aguirre, Isaac",1000352918,Right,POM_COL,"Collier, Peyton",1000306301,Right,WHI_COL1,Undefined,9,Top,1,1,1,Curveball,Curveball,StrikeCalled,Undefined,Undefined,Undefined,0,0,,70.51334,2.854822,0.116771,1957.922854,22.805964,6:45,6.09178,0.79661,4.32526,-76.2939,-16.28477,-7.67406,2.46493,0.26872,64.71773,-10.701106,-1.224851,0.557545,,,,,,,,,,,,3.71807,-8.03378,-0.80099,50,6.32241,0.10207,-102.14543,2.33285,3.89971,17.96507,-40.60031,POM_COL,WHI_COL1,PomonaPitzer,D3,Team,20260328-PomonaPitzer-1,e1a07950-2b04-11f1-bb04-df4732e2f9b7,67.60427,,,5.79561,,,,,,,02db39fb-0347-40de-93c4-abc1fa19139e,2026-03-29,00:18:58.30,2026-03-28T17:18:58.3084032-07:00,2026-03-29T00:18:58.3084032Z,,v3,643-145631,643-146222,,"Parker, Will",1000474009,Right,POM_COL,23fcb604-4d2b-4956-b9b8-2ece0e6a7c3a,56.17844,-103.22636,8.98253,6.10855,4.7757,-20.30015,-0.80008,-0.13257,1.94985,,,,,,,,,,,,,,,,,,,,,,,,,,,,,,,,,,,,,,,,,,,,,,,,,,,High,High,High,,,,,
345,2026-03-28,17:19:14.00,2,4,"Aguirre, Isaac",1000352918,Right,POM_COL,"Collier, Peyton",1000306301,Right,WHI_COL1,Undefined,9,Top,1,1,2,Fastball,Four-Seam,BallCalled,Undefined,Undefined,Undefined,0,0,,85.51455,-1.869931,-3.375228,2041.856019,194.222401,12:30,6.18745,0.75972,5.39262,-17.82635,21.53021,5.11063,2.94576,-1.9813,77.56294,-5.252916,-2.469116,0.451523,,,,,,,,,,,,-3.5252,11.7069,-0.46163,50,6.00795,7.06639,-123.71461,-4.55839,-5.43016,26.08351,-14.14088,POM_COL,WHI_COL1,PomonaPitzer,D3,Team,20260328-PomonaPitzer-1,eaef4950-2b04-11f1-bb04-df4732e2f9b7,83.47845,,,7.95161,,,,,,,02db39fb-0347-40de-93c4-abc1fa19139e,2026-03-29,00:19:14.00,2026-03-28T17:19:14.0078080-07:00,2026-03-29T00:19:14.0078080Z,,v3,643-145631,643-146222,,"Parker, Will",1000474009,Right,POM_COL,8479ea3b-26a7-48e4-87de-702a565d8b1c,55.10058,-124.78536,13.04176,6.18317,-3.97789,-7.07044,-0.75629,7.2893,-2.71508,,,,,,,,,,,,,,,,,,,,,,,,,,,,,,,,,,,,,,,,,,,,,,,,,,,High,High,High,,,,,
346,2026-03-28,17:19:32.84,2,5,"Aguirre, Isaac",1000352918,Right,POM_COL,"Collier, Peyton",1000306301,Right,WHI_COL1,Undefined,9,Top,1,2,2,Fastball,Changeup,InPlay,Undefined,GroundBall,Out,1,0,,85.17733,-2.169927,-1.753744,2103.461218,225.821973,1:30,6.09096,0.9062,5.10294,-24.00131,15.74458,14.87328,2.0443,0.49266,77.9463,-6.601862,0.877732,0.453751,76.86087,-10.674419,38.104747,,,,,8.5251,8.5251,35.868211,0.082697,-7.86756,8.81835,-0.75286,50,5.86783,3.11838,-123.46134,-5.51135,-12.14259,24.59601,-18.56406,POM_COL,WHI_COL1,PomonaPitzer,D3,Team,20260328-PomonaPitzer-1,f625c510-2b04-11f1-bb04-df4732e2f9b7,83.06858,1.75063,,7.23103,,,,-0.2245,1.75063,-0.58989,02db39fb-0347-40de-93c4-abc1fa19139e,2026-03-29,00:19:32.84,2026-03-28T17:19:32.8471040-07:00,2026-03-29T00:19:32.8471040Z,GroundBall,v3,643-145631,643-146222,,"Parker, Will",1000474009,Right,POM_COL,cf06a0dd-9ff0-4143-8c65-e48bb690e4e3,55.39477,-124.53145,12.29801,6.09005,-4.70367,-9.28203,-0.90003,3.64667,-6.07129,172.380389,-0.22445,87.16113,-10.98012,,,,,,,1.75059,-20.87439,-3.55531,,,,,,,-0.58984,68.35331,-9.90745,,,,,,,,,,,,,,,,,,,,,,,,,,,,,High,High,High,High,High,,,
347,2026-03-28,17:20:11.19,3,1,"Aguirre, Isaac",1000352918,Right,POM_COL,"Azevedo, Joseph",1000393985,Right,WHI_COL1,Undefined,9,Top,2,0,0,Fastball,Four-Seam,InPlay,Undefined,GroundBall,Error,0,0,,86.39312,-1.703233,-2.519038,2082.337336,215.888302,1:15,6.13796,0.64963,5.46295,-20.01489,18.2869,12.29107,2.87388,-0.68537,78.54892,-5.471281,-0.332642,0.445432,95.46689,-12.076333,37.877279,,,,,12.56395,12.45823,41.051567,0.090192,-6.91024,10.08548,-0.43636,50,5.97452,4.97182,-125.19384,-4.3524,-10.91215,26.46099,-16.24779,POM_COL,WHI_COL1,PomonaPitzer,D3,Team,20260328-PomonaPitzer-1,0cfdb360-2b05-11f1-bb04-df4732e2f9b7,84.62005,2.64693,,7.84421,,,,-0.29066,2.64693,0.65531,02db39fb-0347-40de-93c4-abc1fa19139e,2026-03-29,00:20:11.19,2026-03-28T17:20:11.1915520-07:00,2026-03-29T00:20:11.1915520Z,GroundBall,v3,643-145631,643-146222,,"Parker, Will",1000474009,Right,POM_COL,9236b5c1-3e8a-47f5-a764-f306ce90a0fe,55.03393,-126.25333,13.2305,6.13577,-3.70184,-8.12389,-0.64417,5.40874,-5.45608,180,-0.29355,108.2733,,,,,,,,2.64771,-29.34777,,,,,,,,0.65305,84.21953,,,,,,,,,,,,,,,,,,,,,,,,,,,,,,High,High,High,High,High,,,
348,2026-03-28,17:21:00.23,4,1,"Aguirre, Isaac",1000352918,Right,POM_COL,"Logsdon, Eric",10317441,Left,WHI_COL1,Undefined,9,Top,2,0,0,Curveball,Curveball,BallCalled,Undefined,Undefined,Undefined,0,0,,70.89221,2.930434,2.161819,2031.096764,34.108876,7:15,6.07894,1.12955,4.21137,-77.88264,-17.8195,-13.48572,2.39998,2.07733,64.63666,-10.889893,-0.189256,0.557796,,,,,,,,,,,,7.09965,-8.70674,-1.35223,50,6.3196,-3.30956,-102.53558,2.36671,7.45677,19.08001,-41.31874,POM_COL,WHI_COL1,PomonaPitzer,D3,Team,20260328-PomonaPitzer-1,2a4805b0-2b05-11f1-bb04-df4732e2f9b7,67.57388,,,6.25555,,,,,,,02db39fb-0347-40de-93c4-abc1fa19139e,2026-03-29,00:21:00.23,2026-03-28T17:21:00.2332160-07:00,2026-03-29T00:21:00.2332160Z,,v3,643-145631,643-146222,,"Parker, Will",1000474009,Right,POM_COL,345d8cdf-9c13-4829-91b9-c5316caccb57,56.29226,-103.69984,9.54,6.09826,4.88799,-20.65937,-1.1364,-3.76458,3.72838,,,,,,,,,,,,,,,,,,,,,,,,,,,,,,,,,,,,,,,,,,,,,,,,,,,High,High,High,,,,,
349,2026-03-28,17:21:17.08,4,2,"Aguirre, Isaac",1000352918,Right,POM_COL,"Logsdon, Eric",10317441,Left,WHI_COL1,Undefined,9,Top,2,1,0,Fastball,Four-Seam,BallCalled,Undefined,Undefined,Undefined,0,0,,84.91041,-3.590741,-2.405064,2026.193703,195.72635,12:30,5.95159,1.1569,5.44775,-18.76505,20.81245,5.49473,1.0187,-0.63823,77.77667,-7.109035,-1.427909,0.452789,,,,,,,,,,,,-3.4211,11.85465,-0.94828,50,5.62127,4.92841,-122.92226,-8.28452,-5.23913,24.16063,-14.01974,POM_COL,WHI_COL1,PomonaPitzer,D3,Team,20260328-PomonaPitzer-1,343d9d00-2b05-11f1-bb04-df4732e2f9b7,83.24512,,,7.13374,,,,,,,02db39fb-0347-40de-93c4-abc1fa19139e,2026-03-29,00:21:17.08,2026-03-28T17:21:17.0810368-07:00,2026-03-29T00:21:17.0810368Z,,v3,643-145631,643-146222,,"Parker, Will",1000474009,Right,POM_COL,e9212515-197c-4463-a5c4-014aa1599bfe,55.04909,-123.9107,12.08032,5.94846,-7.71096,-7.00987,-1.15429,5.14275,-2.61956,,,,,,,,,,,,,,,,,,,,,,,,,,,,,,,,,,,,,,,,,,,,,,,,,,,High,High,High,,,,,
350,2026-03-28,17:21:36.57,4,3,"Aguirre, Isaac",1000352918,Right,POM_COL,"Logsdon, Eric",10317441,Left,WHI_COL1,Undefined,9,Top,2,2,0,Fastball,Changeup,InPlay,Undefined,LineDrive,Single,0,0,,84.78767,-1.738051,-2.170745,2054.912971,216.649126,1:15,5.98734,0.94183,5.37773,-24.91037,14.85217,10.078,2.28047,-0.25428,77.44732,-6.361115,-0.379522,0.453846,92.76007,17.183962,27.510192,1821.96182,94.30382,24.2536,56.62717,250.55729,248.66061,35.921486,2.515206,-5.69426,8.34689,-0.75487,50,5.81432,4.23162,-122.92809,-4.56255,-8.69361,24.8831,-19.43058,POM_COL,WHI_COL1,PomonaPitzer,D3,Team,20260328-PomonaPitzer-1,3fe57830-2b05-11f1-bb04-df4732e2f9b7,83.05117,25.15063,,7.34036,,,,1.18461,2.31875,0.21366,02db39fb-0347-40de-93c4-abc1fa19139e,2026-03-29,00:21:36.57,2026-03-28T17:21:36.5711360-07:00,2026-03-29T00:21:36.5711360Z,LineDrive,v3,643-145631,643-146222,,"Parker, Will",1000474009,Right,POM_COL,11e8c531-0dc1-43ed-8ef5-cdf44ad0658d,55.12027,-123.96021,12.44155,5.98685,-3.75659,-9.71529,-0.93787,4.59222,-4.3468,,1.18461,115.27836,-20.71144,4.23002,-0.91582,0.18072,-0.03358,0.00466,-0.00032,2.31875,40.19402,-19.29053,1.66315,-0.29699,0.05393,-0.00735,0.00092,-7E-05,0.21366,60.03627,0.56176,-1.01841,0.36622,-0.09876,0.02102,-0.00308,0.00022,,,,,,,,,,,,,,,,,,,,,,,High,High,High,High,High,,,
351,2026-03-28,17:22:22.50,5,1,"Aguirre, Isaac",1000352918,Right,POM_COL,"Schulze, Jay",10114357,Right,WHI_COL1,Undefined,9,Top,2,0,0,Curveball,Curveball,StrikeCalled,Undefined,Undefined,Undefined,0,0,,70.6121,3.191684,-0.353659,2021.299798,43.933376,7:30,6.08819,0.83738,4.1933,-75.25669,-14.88418,-16.29493,2.87806,-0.85939,64.54081,-10.169524,-3.192216,0.559231,,,,,,,,,,,,7.66603,-7.43489,-0.78019,50,6.36074,1.30079,-102.19361,2.94047,8.02153,18.49756,-39.95372,POM_COL,WHI_COL1,PomonaPitzer,D3,Team,20260328-PomonaPitzer-1,5b50aa40-2b05-11f1-bb04-df4732e2f9b7,67.40051,,,6.07129,,,,,,,02db39fb-0347-40de-93c4-abc1fa19139e,2026-03-29,00:22:22.50,2026-03-28T17:22:22.5089536-07:00,2026-03-29T00:22:22.5089536Z,,v3,643-145631,643-146222,,"Parker, Will",1000474009,Right,POM_COL,aca30c7f-6dca-4bb5-8f7f-8478fb570c22,56.31005,-103.32945,9.24878,6.10485,5.39382,-19.97686,-0.84495,0.80823,4.01076,,,,,,,,,,,,,,,,,,,,,,,,,,,,,,,,,,,,,,,,,,,,,,,,,,,High,High,High,,,,,
352,2026-03-28,17:22:42.29,5,2,"Aguirre, Isaac",1000352918,Right,POM_COL,"Schulze, Jay",10114357,Right,WHI_COL1,Undefined,9,Top,2,0,1,Fastball,Four-Seam,BallCalled,Undefined,Undefined,Undefined,0,0,,84.42384,1.171832,-3.512535,2221.422074,203.465938,12:45,6.18307,0.90771,5.53969,-18.73686,21.53395,8.73898,5.71911,-1.65107,76.07323,-2.412204,-1.959638,0.456737,,,,,,,,,,,,-5.42292,10.85532,-0.60848,50,6.27266,7.1152,-122.14862,1.98803,-8.11331,26.24896,-15.93325,POM_COL,WHI_COL1,PomonaPitzer,D3,Team,20260328-PomonaPitzer-1,67186980-2b05-11f1-bb04-df4732e2f9b7,82.52539,,,8.3506,,,,,,,02db39fb-0347-40de-93c4-abc1fa19139e,2026-03-29,00:22:42.29,2026-03-28T17:22:42.2936576-07:00,2026-03-29T00:22:42.2936576Z,,v3,643-145631,643-146222,,"Parker, Will",1000474009,Right,POM_COL,ff907b02-9e53-4318-99d3-c0d429f864a3,54.95349,-123.20849,13.12448,6.1794,2.63138,-7.96663,-0.9024,7.4428,-4.05665,,,,,,,,,,,,,,,,,,,,,,,,,,,,,,,,,,,,,,,,,,,,,,,,,,,High,High,High,,,,,
353,2026-03-28,17:22:59.77,5,3,"Aguirre, Isaac",1000352918,Right,POM_COL,"Schulze, Jay",10114357,Right,WHI_COL1,Undefined,9,Top,2,1,1,Curveball,Curveball,HitByPitch,Undefined,Undefined,Undefined,0,0,,69.62926,3.720267,1.890071,1942.406545,40.477845,7:15,6.08351,0.90826,4.30759,-77.03103,-15.12658,-14.70828,3.22827,1.49038,63.50776,-9.992819,-0.675718,0.566281,,,,,,,,,,,,7.758,-8.04965,-1.09653,50,6.40707,-2.75378,-100.70135,3.85468,7.88591,17.89468,-40.35641,POM_COL,WHI_COL1,PomonaPitzer,D3,Team,20260328-PomonaPitzer-1,7183a600-2b05-11f1-bb04-df4732e2f9b7,66.56132,,,6.1215,,,,,,,02db39fb-0347-40de-93c4-abc1fa19139e,2026-03-29,00:22:59.77,2026-03-28T17:22:59.7709824-07:00,2026-03-29T00:22:59.7709824Z,,v3,643-145631,643-146222,,"Parker, Will",1000474009,Right,POM_COL,bff49037-4031-4c90-af98-17dc25461b8a,56.19675,-101.79656,8.94734,6.09557,6.32462,-20.17821,-0.91322,-3.23642,3.94295,,,,,,,,,,,,,,,,,,,,,,,,,,,,,,,,,,,,,,,,,,,,,,,,,,,High,High,High,,,,,
354,2026-03-28,17:24:28.75,6,1,"Aguirre, Isaac",1000352918,Right,POM_COL,"Mecate, Matthew",1000394015,Right,WHI_COL1,Undefined,9,Top,2,0,0,Fastball,Four-Seam,StrikeCalled,Undefined,Undefined,Undefined,0,0,,83.83162,-1.333577,-1.093219,2177.722205,205.4982,12:45,5.93565,1.15893,5.49899,-20.27552,20.40769,9.0606,2.99823,0.89133,76.01824,-5.172098,0.521093,0.45907,,,,,,,,,,,,-4.83792,11.06493,-1.06937,50,5.80566,1.92608,-121.51847,-3.41977,-7.1791,25.50156,-15.75452,POM_COL,WHI_COL1,PomonaPitzer,D3,Team,20260328-PomonaPitzer-1,a68263f0-2b05-11f1-bb04-df4732e2f9b7,82.10605,,,7.81338,,,,,,,02db39fb-0347-40de-93c4-abc1fa19139e,2026-03-29,00:24:28.75,2026-03-28T17:24:28.7518720-07:00,2026-03-29T00:24:28.7518720Z,,v3,643-145631,643-146222,,"Parker, Will",1000474009,Right,POM_COL,7d8da372-2805-4648-ad48-a0334c1da96d,54.99485,-122.56219,12.75078,5.93243,-2.77497,-7.87726,-1.15422,2.21991,-3.58955,,,,,,,,,,,,,,,,,,,,,,,,,,,,,,,,,,,,,,,,,,,,,,,,,,,High,High,High,,,,,
355,2026-03-28,17:24:45.14,6,2,"Aguirre, Isaac",1000352918,Right,POM_COL,"Mecate, Matthew",1000394015,Right,WHI_COL1,Undefined,9,Top,2,0,1,Fastball,Sinker,BallCalled,Undefined,Undefined,Undefined,0,0,,85.47684,-1.137463,-1.320024,1991.188197,224.618888,1:30,6.05245,0.99854,5.43169,-20.80773,18.37186,16.80843,3.25281,1.16281,77.59648,-5.055439,1.671024,0.450507,,,,,,,,,,,,-8.73193,9.94067,-0.89304,50,5.93757,2.10603,-123.93225,-3.10523,-13.49143,26.28643,-16.81501,POM_COL,WHI_COL1,PomonaPitzer,D3,Team,20260328-PomonaPitzer-1,b0448f30-2b05-11f1-bb04-df4732e2f9b7,83.66675,,,7.88036,,,,,,,02db39fb-0347-40de-93c4-abc1fa19139e,2026-03-29,00:24:45.14,2026-03-28T17:24:45.1421184-07:00,2026-03-29T00:24:45.1421184Z,,v3,643-145631,643-146222,,"Parker, Will",1000474009,Right,POM_COL,ba2a8f84-ab0e-4b71-96ef-2193ff9f6f2c,55.06337,-125.0016,13.14322,6.04998,-2.42119,-8.40751,-0.98988,2.65487,-6.74572,,,,,,,,,,,,,,,,,,,,,,,,,,,,,,,,,,,,,,,,,,,,,,,,,,,High,High,High,,,,,
356,2026-03-28,17:25:02.08,6,3,"Aguirre, Isaac",1000352918,Right,POM_COL,"Mecate, Matthew",1000394015,Right,WHI_COL1,Undefined,9,Top,2,1,1,Curveball,Curveball,BallCalled,Undefined,Undefined,Undefined,0,0,,70.51472,4.341831,1.951822,2075.300276,36.071392,7:15,6.01381,1.08086,4.7072,-74.02449,-14.80583,-12.17666,3.97649,1.91944,64.46149,-8.926471,-0.18477,0.553861,,,,,,,,,,,,6.4354,-7.70835,-1.26719,50,6.38813,-2.99158,-102.01517,5.16382,6.75556,17.38898,-40.26589,POM_COL,WHI_COL1,PomonaPitzer,D3,Team,20260328-PomonaPitzer-1,ba6de0b0-2b05-11f1-bb04-df4732e2f9b7,68.05398,,,6.05323,,,,,,,02db39fb-0347-40de-93c4-abc1fa19139e,2026-03-29,00:25:02.08,2026-03-28T17:25:02.0831232-07:00,2026-03-29T00:25:02.0831232Z,,v3,643-145631,643-146222,,"Parker, Will",1000474009,Right,POM_COL,c8332863-e87a-4874-9555-a275a7645f74,55.79632,-102.99844,8.69449,6.03176,7.44068,-20.13294,-1.08723,-3.37358,3.37778,,,,,,,,,,,,,,,,,,,,,,,,,,,,,,,,,,,,,,,,,,,,,,,,,,,High,High,High,,,,,
357,2026-03-28,17:25:20.42,6,4,"Aguirre, Isaac",1000352918,Right,POM_COL,"Mecate, Matthew",1000394015,Right,WHI_COL1,Undefined,9,Top,2,2,1,Fastball,Four-Seam,InPlay,Undefined,Popup,Out,1,0,,84.62121,-2.039234,-1.923522,1996.989409,201.833812,12:45,5.93875,1.07073,5.62491,-19.21344,20.3206,7.62012,2.43286,-0.08985,77.24766,-5.670951,-0.563391,0.45254,39.29329,61.511322,-38.98717,,,,,,26.96681,,,-4.41819,11.27757,-0.91183,50,5.7528,3.80793,-122.72839,-4.93461,-6.72516,24.74518,-15.00778,POM_COL,WHI_COL1,PomonaPitzer,D3,Team,20260328-PomonaPitzer-1,c54b8e10-2b05-11f1-bb04-df4732e2f9b7,83.29082,39.94408,,7.37354,,,,0.94763,2.38611,0.09441,02db39fb-0347-40de-93c4-abc1fa19139e,2026-03-29,00:25:20.42,2026-03-28T17:25:20.4207104-07:00,2026-03-29T00:25:20.4207104Z,,v3,643-145631,643-146222,,"Parker, Will",1000474009,Right,POM_COL,8a5bad45-d503-4eda-b71a-1635c050d8d7,54.87287,-123.70698,12.37259,5.93621,-4.3411,-7.50389,-1.06769,4.07389,-3.36258,,0.94763,21.3666,31.39017,-7.74488,2.19765,-0.67239,0.20973,-0.05897,0.01046,2.38611,50.65173,23.60589,-7.81372,2.26615,-0.69024,0.21379,-0.05893,0.01008,0.09441,-17.29441,-8.0097,1.96315,-0.54475,0.16595,-0.05149,0.01421,-0.00243,,,,,,,,,,,,,,,,,,,,,,,High,High,High,Low,Undefined,,,