PitchNo,Date,Time,PAofInning,PitchofPA,Pitcher,PitcherId,PitcherThrows,PitcherTeam,Batter,BatterId,BatterSide,BatterTeam,PitcherSet,Inning,Top/Bottom,Outs,Balls,Strikes,TaggedPitchType,AutoPitchType,PitchCall,KorBB,TaggedHitType,PlayResult,OutsOnPlay,RunsScored,Notes,RelSpeed,VertRelAngle,HorzRelAngle,SpinRate,SpinAxis,Tilt,RelHeight,RelSide,Extension,VertBreak,InducedVertBreak,HorzBreak,PlateLocHeight,PlateLocSide,ZoneSpeed,VertApprAngle,HorzApprAngle,ZoneTime,ExitSpeed,Angle,Direction,HitSpinRate,PositionAt110X,PositionAt110Y,PositionAt110Z,Distance,LastTrackedDistance,Bearing,HangTime,pfxx,pfxz,x0,y0,z0,vx0,vy0,vz0,ax0,ay0,az0,HomeTeam,AwayTeam,Stadium,Level,League,GameID,PitchUID,EffectiveVelo,MaxHeight,MeasuredDuration,SpeedDrop,PitchLastMeasuredX,PitchLastMeasuredY,PitchLastMeasuredZ,ContactPositionX,ContactPositionY,ContactPositionZ,GameUID,UTCDate,UTCTime,LocalDateTime,UTCDateTime,AutoHitType,System,HomeTeamForeignID,AwayTeamForeignID,GameForeignID,Catcher,CatcherId,CatcherThrows,CatcherTeam,PlayID,PitchTrajectoryXc0,PitchTrajectoryXc1,PitchTrajectoryXc2,PitchTrajectoryYc0,PitchTrajectoryYc1,PitchTrajectoryYc2,PitchTrajectoryZc0,PitchTrajectoryZc1,PitchTrajectoryZc2,HitSpinAxis,HitTrajectoryXc0,HitTrajectoryXc1,HitTrajectoryXc2,HitTrajectoryXc3,HitTrajectoryXc4,HitTrajectoryXc5,HitTrajectoryXc6,HitTrajectoryXc7,HitTrajectoryXc8,HitTrajectoryYc0,HitTrajectoryYc1,HitTrajectoryYc2,HitTrajectoryYc3,HitTrajectoryYc4,HitTrajectoryYc5,HitTrajectoryYc6,HitTrajectoryYc7,HitTrajectoryYc8,HitTrajectoryZc0,HitTrajectoryZc1,HitTrajectoryZc2,HitTrajectoryZc3,HitTrajectoryZc4,HitTrajectoryZc5,HitTrajectoryZc6,HitTrajectoryZc7,HitTrajectoryZc8,ThrowSpeed,PopTime,ExchangeTime,TimeToBase,CatchPositionX,CatchPositionY,CatchPositionZ,ThrowPositionX,ThrowPositionY,ThrowPositionZ,BasePositionX,BasePositionY,BasePositionZ,ThrowTrajectoryXc0,ThrowTrajectoryXc1,ThrowTrajectoryXc2,ThrowTrajectoryYc0,ThrowTrajectoryYc1,ThrowTrajectoryYc2,ThrowTrajectoryZc0,ThrowTrajectoryZc1,ThrowTrajectoryZc2,PitchReleaseConfidence,PitchLocationConfidence,PitchMovementConfidence,HitLaunchConfidence,HitLandingConfidence,CatcherThrowCatchConfidence,CatcherThrowReleaseConfidence,CatcherThrowLocationConfidence
1,2026-04-18,13:56:53.38,1,1,"Dennis, Lucas",10274891,Right,POM_COL,"Hartman, Quinn",1000392795,Right,CAL_TEC,Undefined,1,Top,0,0,0,Fastball,Changeup,StrikeCalled,Undefined,Undefined,Undefined,0,0,,82.56821,-1.541712,-4.045337,1935.299655,227.555506,1:30,5.48517,1.9617,5.76127,-28.95183,12.07162,11.86449,1.63363,-0.8211,76.22044,-6.894508,-1.926951,0.460986,,,,,,,,,,,,-7.06626,6.92595,-1.63337,50,5.3395,7.99804,-119.7129,-4.14756,-10.34449,21.20908,-22.03497,POM_COL,CAL_TEC,PomonaPitzer,D3,Team,20260418-PomonaPitzer-2,213ce5c0-3b69-11f1-9995-2d5b6d9285b1,81.76484,,,6.34776,,,,,,,2406fc0b-637f-4cb9-a9cc-8bc242636732,2026-04-18,20:56:53.38,2026-04-18T13:56:53.3835264-07:00,2026-04-18T20:56:53.3835264Z,,v3,643-145631,643-144573,,"Parker, Will",1000474009,Right,POM_COL,d9f9c537-d2d7-48a8-836b-d7846fa00bad,54.73781,-120.54936,10.60454,5.48595,-3.27853,-11.01748,-1.95684,8.40601,-5.17225,,,,,,,,,,,,,,,,,,,,,,,,,,,,,,,,,,,,,,,,,,,,,,,,,,,High,High,High,,,,,
2,2026-04-18,13:57:10.00,1,2,"Dennis, Lucas",10274891,Right,POM_COL,"Hartman, Quinn",1000392795,Right,CAL_TEC,Undefined,1,Top,0,0,1,Slider,Curveball,BallCalled,Undefined,Undefined,Undefined,0,0,,74.16689,0.124091,-4.044755,2530.862481,79.772071,8:45,5.21422,2.13713,5.37576,-52.47369,-0.75228,-12.33095,0.95803,-2.68866,68.98345,-9.347722,-6.227919,0.517615,,,,,,,,,,,,5.12174,0.07831,-1.76546,50,5.18827,8.05995,-107.51738,-1.45997,6.02462,17.78876,-32.08196,POM_COL,CAL_TEC,PomonaPitzer,D3,Team,20260418-PomonaPitzer-2,2b2b0300-3b69-11f1-9995-2d5b6d9285b1,72.81949,,,5.18344,,,,,,,2406fc0b-637f-4cb9-a9cc-8bc242636732,2026-04-18,20:57:10.00,2026-04-18T13:57:10.0000768-07:00,2026-04-18T20:57:10.0000768Z,,v3,643-145631,643-144573,,"Parker, Will",1000474009,Right,POM_COL,db046364-c45e-4d44-8de7-50321aec88c1,55.12476,-108.36196,8.89438,5.22143,0.06321,-16.04098,-2.14134,7.77391,3.01231,,,,,,,,,,,,,,,,,,,,,,,,,,,,,,,,,,,,,,,,,,,,,,,,,,,High,High,High,,,,,
3,2026-04-18,13:57:28.79,1,3,"Dennis, Lucas",10274891,Right,POM_COL,"Hartman, Quinn",1000392795,Right,CAL_TEC,Undefined,1,Top,0,1,1,Fastball,Changeup,InPlay,Undefined,Popup,Out,1,0,,84.89791,-1.528868,-3.066746,2132.372948,225.603348,1:30,5.46215,1.81775,5.67393,-25.45245,13.49292,12.5706,1.91339,0.00348,78.12102,-6.253702,-0.822491,0.449158,77.26786,45.747177,21.352423,,97.57819,87.89044,50.77844,243.11203,113.17497,32.417378,5.040415,-7.22119,7.61902,-1.56706,50,5.31698,6.09087,-123.18989,-4.11595,-11.16101,23.14647,-20.39816,POM_COL,CAL_TEC,PomonaPitzer,D3,Team,20260418-PomonaPitzer-2,364cbe40-3b69-11f1-9995-2d5b6d9285b1,83.91795,92.87589,,6.77689,,,,1.63487,1.83499,0.00473,2406fc0b-637f-4cb9-a9cc-8bc242636732,2026-04-18,20:57:28.79,2026-04-18T13:57:28.7903232-07:00,2026-04-18T20:57:28.7903232Z,FlyBall,v3,643-145631,643-144573,,"Parker, Will",1000474009,Right,POM_COL,411fde4e-8447-4cdd-aef7-f70373fb58a7,54.82583,-124.09331,11.57324,5.46209,-3.31979,-10.19908,-1.81329,6.52649,-5.58051,206.000819,1.63955,73.54559,-16.56569,3.42001,0.00789,-0.27468,0.08459,-0.01096,0.00053,1.83208,81.22296,-20.8922,1.76521,-0.35275,0.04189,0.00733,-0.00263,0.0002,0.00435,28.80407,0.19176,-0.43017,0.04351,0.0309,-0.01185,0.00163,-8E-05,,,,,,,,,,,,,,,,,,,,,,,High,High,High,Medium,Low,,,
4,2026-04-18,13:58:01.81,2,1,"Dennis, Lucas",10274891,Right,POM_COL,"Hargenrader, Kailen",10119585,Left,CAL_TEC,Undefined,1,Top,1,0,0,Fastball,Changeup,StrikeCalled,Undefined,Undefined,Undefined,0,0,,85.61834,-1.257528,-2.310116,1977.49002,231.090902,1:45,5.53316,1.95868,5.71553,-25.36037,12.71981,14.37292,2.2472,1.00324,78.98052,-5.963193,0.260579,0.444141,,,,,,,,,,,,-7.86674,7.14142,-1.77426,50,5.4122,4.41857,-124.35261,-3.56022,-12.42798,22.85358,-20.89195,POM_COL,CAL_TEC,PomonaPitzer,D3,Team,20260418-PomonaPitzer-2,4a008930-3b69-11f1-9995-2d5b6d9285b1,84.86594,,,6.63782,,,,,,,2406fc0b-637f-4cb9-a9cc-8bc242636732,2026-04-18,20:58:01.81,2026-04-18T13:58:01.8126336-07:00,2026-04-18T20:58:01.8126336Z,,v3,643-145631,643-144573,,"Parker, Will",1000474009,Right,POM_COL,16af2e72-3bb7-43a7-83d8-80effdc0e019,54.78336,-125.22861,11.42679,5.53332,-2.75941,-10.44597,-1.95275,4.89495,-6.21399,,,,,,,,,,,,,,,,,,,,,,,,,,,,,,,,,,,,,,,,,,,,,,,,,,,High,High,High,,,,,
5,2026-04-18,13:58:17.88,2,2,"Dennis, Lucas",10274891,Right,POM_COL,"Hargenrader, Kailen",10119585,Left,CAL_TEC,Undefined,1,Top,1,0,1,ChangeUp,Changeup,FoulBallNotFieldable,Undefined,Undefined,Undefined,0,0,,77.05164,-0.748797,-2.854448,1488.718144,254.7958,2:30,5.32409,1.99295,6.13516,-41.49357,4.89146,12.93253,1.17333,0.4303,71.308,-8.40996,-0.521914,0.490185,,,,,,,,,,,,-7.48453,3.1163,-1.78178,50,5.24517,5.13959,-111.96109,-2.66808,-9.55231,19.17847,-28.19679,POM_COL,CAL_TEC,PomonaPitzer,D3,Team,20260418-PomonaPitzer-2,53949f90-3b69-11f1-9995-2d5b6d9285b1,76.89426,,,5.74363,,,,,,,2406fc0b-637f-4cb9-a9cc-8bc242636732,2026-04-18,20:58:17.88,2026-04-18T13:58:17.8881536-07:00,2026-04-18T20:58:17.8881536Z,,v3,643-145631,643-144573,,"Parker, Will",1000474009,Right,POM_COL,8b6e0c77-f1c4-48b4-8439-c5bab8d448a1,54.36585,-112.70646,9.58923,5.32757,-1.57221,-14.0984,-1.98875,5.51084,-4.77616,,,,,,,,,,,,,,,,,,,,,,,,,,,,,,,,,,,,,,,,,,,,,,,,,,,High,High,High,,,,,
6,2026-04-18,13:58:40.14,2,3,"Dennis, Lucas",10274891,Right,POM_COL,"Hargenrader, Kailen",10119585,Left,CAL_TEC,Undefined,1,Top,1,0,2,Fastball,Changeup,BallCalled,Undefined,Undefined,Undefined,0,0,,85.93397,-1.76801,0.174863,2134.470235,219.61319,1:15,5.58362,1.72237,5.60505,-26.33076,12.20355,9.01422,1.73844,2.63679,78.21331,-6.662176,1.785443,0.446782,,,,,,,,,,,,-4.49024,7.10666,-1.74318,50,5.41555,-0.76688,-124.63013,-4.72168,-7.00765,26.86276,-21.08313,POM_COL,CAL_TEC,PomonaPitzer,D3,Team,20260418-PomonaPitzer-2,60d7db40-3b69-11f1-9995-2d5b6d9285b1,84.36436,,,7.72066,,,,,,,2406fc0b-637f-4cb9-a9cc-8bc242636732,2026-04-18,20:58:40.14,2026-04-18T13:58:40.1408000-07:00,2026-04-18T20:58:40.1408000Z,,v3,643-145631,643-144573,,"Parker, Will",1000474009,Right,POM_COL,315c82c3-a905-4648-8c27-b093b68957c5,54.89105,-125.67992,13.43138,5.58398,-3.89775,-10.54156,-1.71856,-0.49302,-3.50383,,,,,,,,,,,,,,,,,,,,,,,,,,,,,,,,,,,,,,,,,,,,,,,,,,,High,High,High,,,,,
7,2026-04-18,13:59:00.21,2,4,"Dennis, Lucas",10274891,Right,POM_COL,"Hargenrader, Kailen",10119585,Left,CAL_TEC,Undefined,1,Top,1,1,2,Fastball,Changeup,BallCalled,Undefined,Undefined,Undefined,0,0,,85.63273,-2.138558,-1.732258,2032.446917,223.29345,1:30,5.53826,1.68031,5.63985,-28.21974,10.5689,8.70831,1.18976,0.78952,78.00162,-7.367428,-0.175404,0.448253,,,,,,,,,,,,-4.91193,6.40398,-1.53867,50,5.33869,3.38344,-124.12555,-5.5832,-7.60693,26.55127,-22.25645,POM_COL,CAL_TEC,PomonaPitzer,D3,Team,20260418-PomonaPitzer-2,6ccf0ef0-3b69-11f1-9995-2d5b6d9285b1,84.08736,,,7.63111,,,,,,,2406fc0b-637f-4cb9-a9cc-8bc242636732,2026-04-18,20:59:00.21,2026-04-18T13:59:00.2130432-07:00,2026-04-18T20:59:00.2130432Z,,v3,643-145631,643-144573,,"Parker, Will",1000474009,Right,POM_COL,6f56bf41-84c8-4a12-b36b-e9cff4f4fa97,54.85642,-125.16006,13.27564,5.53933,-4.71603,-11.12823,-1.67627,3.67983,-3.80346,,,,,,,,,,,,,,,,,,,,,,,,,,,,,,,,,,,,,,,,,,,,,,,,,,,High,High,High,,,,,
8,2026-04-18,13:59:16.88,2,5,"Dennis, Lucas",10274891,Right,POM_COL,"Hargenrader, Kailen",10119585,Left,CAL_TEC,Undefined,1,Top,1,2,2,ChangeUp,Changeup,FoulBallNotFieldable,Undefined,Undefined,Undefined,0,0,,78.57743,-1.180829,-3.134405,1365.996943,251.554043,2:30,5.30814,2.02631,5.789,-40.34349,5.48382,11.78095,0.84589,0.08928,71.7945,-8.61319,-1.023834,0.487229,57.24331,-12.17362,73.106128,,,,,6.01248,4.82389,38.298568,0.053255,-7.01292,3.56693,-1.77536,50,5.18642,5.80418,-113.92145,-3.60431,-9.14026,22.53687,-27.52507,POM_COL,CAL_TEC,PomonaPitzer,D3,Team,20260418-PomonaPitzer-2,76b9a9c0-3b69-11f1-9995-2d5b6d9285b1,77.36076,0.94469,,6.78293,,,,3.44597,0.94469,-0.46386,2406fc0b-637f-4cb9-a9cc-8bc242636732,2026-04-18,20:59:16.88,2026-04-18T13:59:16.8817664-07:00,2026-04-18T20:59:16.8817664Z,GroundBall,v3,643-145631,643-144573,,"Parker, Will",1000474009,Right,POM_COL,e142b21a-b0e0-4a4e-b772-c3811511d07d,54.71054,-114.84955,11.26844,5.31151,-2.47079,-13.76254,-2.02214,6.18059,-4.57013,180,3.44557,23.89591,,,,,,,,0.94499,-17.73905,,,,,,,,-0.46517,78.68097,,,,,,,,,,,,,,,,,,,,,,,,,,,,,,High,High,High,Low,Low,,,
9,2026-04-18,13:59:40.52,2,6,"Dennis, Lucas",10274891,Right,POM_COL,"Hargenrader, Kailen",10119585,Left,CAL_TEC,Undefined,1,Top,1,2,2,Fastball,Changeup,InPlay,Undefined,FlyBall,Out,1,0,,84.62348,-1.714855,-3.367269,2076.97559,213.390504,1:00,5.51475,1.80986,5.94017,-27.27809,11.95359,7.01626,1.64759,-0.73265,77.20826,-6.804826,-2.109096,0.450806,75.7488,42.489156,-15.408655,,104.14297,71.22482,-35.41429,248.89644,243.98978,-19.551704,4.421594,-4.59996,7.02382,-1.5452,50,5.36248,6.93997,-122.6531,-4.52475,-6.97099,25.43367,-21.52984,POM_COL,CAL_TEC,PomonaPitzer,D3,Team,20260418-PomonaPitzer-2,84cf77b0-3b69-11f1-9995-2d5b6d9285b1,83.61117,76.56071,,7.41523,,,,2.06894,1.68774,0.70782,2406fc0b-637f-4cb9-a9cc-8bc242636732,2026-04-18,20:59:40.52,2026-04-18T13:59:40.5227520-07:00,2026-04-18T20:59:40.5227520Z,FlyBall,v3,643-145631,643-144573,,"Parker, Will",1000474009,Right,POM_COL,5315c598-2895-4ace-a83a-1683ff77c47d,54.55796,-123.59464,12.71683,5.51523,-3.72773,-10.76492,-1.80689,7.19803,-3.4855,127.312332,2.0864,78.5346,-8.13774,-2.34853,3.81653,-2.11992,0.58575,-0.07934,0.00421,1.69951,74.7737,-20.46414,-0.13953,1.35611,-0.65907,0.14218,-0.01337,0.00037,0.71285,-21.94886,-1.64927,-1.13392,2.65455,-1.79461,0.59453,-0.09477,0.00582,,,,,,,,,,,,,,,,,,,,,,,High,High,High,High,Medium,,,
10,2026-04-18,14:00:13.81,3,1,"Dennis, Lucas",10274891,Right,POM_COL,"Hu, Mark",1000091669,Right,CAL_TEC,Undefined,1,Top,2,0,0,Fastball,Four-Seam,BallCalled,Undefined,Undefined,Undefined,0,0,,86.87778,-1.022348,-0.146794,2148.869226,211.925504,1:00,5.67412,1.69014,5.77657,-24.82017,12.5291,7.0326,2.65438,2.1396,79.11231,-5.663892,1.113428,0.439858,,,,,,,,,,,,-3.59882,7.05996,-1.68215,50,5.5749,0.02205,-126.09247,-3.05396,-5.76304,26.91807,-20.86846,POM_COL,CAL_TEC,PomonaPitzer,D3,Team,20260418-PomonaPitzer-2,98a597b0-3b69-11f1-9995-2d5b6d9285b1,85.69227,,,7.76547,,,,,,,2406fc0b-637f-4cb9-a9cc-8bc242636732,2026-04-18,21:00:13.81,2026-04-18T14:00:13.8126848-07:00,2026-04-18T21:00:13.8126848Z,,v3,643-145631,643-144573,,"Parker, Will",1000474009,Right,POM_COL,0a1bafb1-93e8-47a7-ad61-0fd25fdf2a09,54.71919,-127.09593,13.45904,5.67424,-2.27602,-10.43423,-1.68698,0.23689,-2.88152,,,,,,,,,,,,,,,,,,,,,,,,,,,,,,,,,,,,,,,,,,,,,,,,,,,High,High,High,,,,,
11,2026-04-18,14:00:30.53,3,2,"Dennis, Lucas",10274891,Right,POM_COL,"Hu, Mark",1000091669,Right,CAL_TEC,Undefined,1,Top,2,1,0,Slider,Changeup,BallCalled,Undefined,Undefined,Undefined,0,0,,78.85254,-1.597703,-5.059771,1353.060516,258.153852,2:30,5.40347,1.69073,5.87607,-41.73593,4.42697,12.70887,0.43541,-1.96175,71.18875,-9.305254,-2.787266,0.48901,,,,,,,,,,,,-8.1689,3.35236,-1.28792,50,5.25019,9.59257,-113.86402,-4.48886,-10.50595,24.87974,-27.8626,POM_COL,CAL_TEC,PomonaPitzer,D3,Team,20260418-PomonaPitzer-2,a2a65290-3b69-11f1-9995-2d5b6d9285b1,77.07904,,,7.66379,,,,,,,2406fc0b-637f-4cb9-a9cc-8bc242636732,2026-04-18,21:00:30.53,2026-04-18T14:00:30.5322496-07:00,2026-04-18T21:00:30.5322496Z,,v3,643-145631,643-144573,,"Parker, Will",1000474009,Right,POM_COL,dbbf1dbc-be75-46ec-b430-558e15e2caa5,54.61962,-114.86899,12.43987,5.40878,-3.3634,-13.9313,-1.68396,10.01693,-5.25298,,,,,,,,,,,,,,,,,,,,,,,,,,,,,,,,,,,,,,,,,,,,,,,,,,,High,High,High,,,,,
12,2026-04-18,14:00:50.64,3,3,"Dennis, Lucas",10274891,Right,POM_COL,"Hu, Mark",1000091669,Right,CAL_TEC,Undefined,1,Top,2,2,0,Fastball,Four-Seam,FoulBallNotFieldable,Undefined,Undefined,Undefined,0,0,,84.89084,-1.874591,-3.292788,2045.935359,208.700623,1:00,5.56563,1.7989,5.751,-20.22454,18.94946,9.66595,2.13162,-0.46437,77.4447,-5.694305,-1.566247,0.450475,,,,,,,,,,,,-5.88481,10.58445,-1.53139,50,5.39761,6.68758,-123.03164,-4.6272,-8.99804,24.96372,-15.99015,POM_COL,CAL_TEC,PomonaPitzer,D3,Team,20260418-PomonaPitzer-2,aea09380-3b69-11f1-9995-2d5b6d9285b1,83.67272,,,7.44614,,,,,,,2406fc0b-637f-4cb9-a9cc-8bc242636732,2026-04-18,21:00:50.64,2026-04-18T14:00:50.6419712-07:00,2026-04-18T21:00:50.6419712Z,,v3,643-145631,643-144573,,"Parker, Will",1000474009,Right,POM_COL,ad0c2719-814b-43df-a3aa-aa018ca78a31,54.74739,-123.99117,12.48186,5.56365,-4.01259,-7.99508,-1.79509,7.03344,-4.49902,,,,,,,,,,,,,,,,,,,,,,,,,,,,,,,,,,,,,,,,,,,,,,,,,,,High,High,High,,,,,
13,2026-04-18,14:01:11.14,3,4,"Dennis, Lucas",10274891,Right,POM_COL,"Hu, Mark",1000091669,Right,CAL_TEC,Undefined,1,Top,2,2,1,Fastball,Changeup,BallCalled,Undefined,Undefined,Undefined,0,0,,84.3909,0.901918,-3.179648,2167.377724,242.790513,2:00,5.67041,1.8457,6.11362,-31.74273,7.74178,12.31926,3.86047,-0.07065,76.09262,-5.053679,-0.963619,0.452256,,,,,,,,,,,,-7.26642,4.15831,-1.60741,50,5.72356,6.28727,-122.27517,0.93448,-10.8535,27.12964,-25.96297,POM_COL,CAL_TEC,PomonaPitzer,D3,Team,20260418-PomonaPitzer-2,badb11c0-3b69-11f1-9995-2d5b6d9285b1,83.34309,,,8.29828,,,,,,,2406fc0b-637f-4cb9-a9cc-8bc242636732,2026-04-18,21:01:11.14,2026-04-18T14:01:11.1440384-07:00,2026-04-18T21:01:11.1440384Z,,v3,643-145631,643-144573,,"Parker, Will",1000474009,Right,POM_COL,431f9696-62e1-4664-922e-3144f64851e6,54.38093,-123.24335,13.56482,5.67367,1.86102,-12.98148,-1.8387,6.6746,-5.42675,,,,,,,,,,,,,,,,,,,,,,,,,,,,,,,,,,,,,,,,,,,,,,,,,,,High,High,High,,,,,
14,2026-04-18,14:01:32.81,3,5,"Dennis, Lucas",10274891,Right,POM_COL,"Hu, Mark",1000091669,Right,CAL_TEC,Undefined,1,Top,2,3,1,Fastball,Changeup,StrikeCalled,Undefined,Undefined,Undefined,0,0,,84.17987,-1.564097,-2.68372,2041.023145,225.783277,1:30,5.39755,1.84564,5.94975,-29.03746,10.85796,9.69107,1.52515,0.16234,76.23308,-6.99421,-0.943194,0.454604,,,,,,,,,,,,-5.7678,6.4963,-1.63719,50,5.25698,5.32,-121.96672,-4.24002,-8.57741,26.84538,-22.51331,POM_COL,CAL_TEC,PomonaPitzer,D3,Team,20260418-PomonaPitzer-2,c7c77ae0-3b69-11f1-9995-2d5b6d9285b1,82.91275,,,7.94679,,,,,,,2406fc0b-637f-4cb9-a9cc-8bc242636732,2026-04-18,21:01:32.81,2026-04-18T14:01:32.8196096-07:00,2026-04-18T21:01:32.8196096Z,,v3,643-145631,643-144573,,"Parker, Will",1000474009,Right,POM_COL,df190b20-516b-4f25-84e6-5497d8349939,54.54517,-122.96306,13.42269,5.39884,-3.40446,-11.25665,-1.84055,5.63834,-4.28871,,,,,,,,,,,,,,,,,,,,,,,,,,,,,,,,,,,,,,,,,,,,,,,,,,,High,High,High,,,,,
15,2026-04-18,14:01:54.18,3,6,"Dennis, Lucas",10274891,Right,POM_COL,"Hu, Mark",1000091669,Right,CAL_TEC,Undefined,1,Top,2,3,2,Fastball,Changeup,InPlay,Undefined,GroundBall,Out,1,0,,83.72746,1.038172,-2.80172,2142.059329,245.081554,2:15,5.52143,1.89201,5.88768,-33.05557,7.31445,12.69453,3.73206,0.34627,75.62849,-5.129913,-0.526208,0.4573,50.4604,-63.102398,-34.681627,,,,,3.76027,3.61619,-22.806211,0.06399,-7.39142,3.81729,-1.67341,50,5.58631,5.43376,-121.3702,1.14162,-10.88543,26.56752,-26.55231,POM_COL,CAL_TEC,PomonaPitzer,D3,Team,20260418-PomonaPitzer-2,d4a516f0-3b69-11f1-9995-2d5b6d9285b1,82.42391,4.27489,,8.09897,,,,1.68304,4.27489,-0.2236,2406fc0b-637f-4cb9-a9cc-8bc242636732,2026-04-18,21:01:54.18,2026-04-18T14:01:54.1880320-07:00,2026-04-18T21:01:54.1880320Z,GroundBall,v3,643-145631,643-144573,,"Parker, Will",1000474009,Right,POM_COL,1bb9ee7e-5ccf-48ae-8592-763b91dca806,54.61009,-122.37518,13.28376,5.52413,2.14601,-13.27616,-1.88674,5.84553,-5.44272,,1.67959,27.86762,,,,,,,,4.28316,-66.8053,,,,,,,,-0.22121,-19.28324,,,,,,,,,,,,,,,,,,,,,,,,,,,,,,High,High,High,Low,Low,,,
16,2026-04-18,14:04:26.09,1,1,"Flaherty, Brendan",1000224625,Right,CAL_TEC,"Gonzaga, Kai",10138924,Left,POM_COL,Undefined,1,Bottom,0,0,0,Fastball,Changeup,StrikeCalled,Undefined,Undefined,Undefined,0,0,,84.75673,-1.55234,-2.373055,2214.323459,220.417104,1:15,5.55581,1.97245,5.54872,-21.91741,17.8308,14.01174,2.27715,0.92128,76.91652,-5.677304,0.124216,0.453764,,,,,,,,,,,,-7.71792,9.8569,-1.77617,50,5.40713,4.48398,-122.81297,-4.00246,-11.70269,25.96059,-17.22807,POM_COL,CAL_TEC,PomonaPitzer,D3,Team,20260418-PomonaPitzer-2,2f0a91b0-3b6a-11f1-9995-2d5b6d9285b1,83.06615,,,7.84021,,,,,,,2406fc0b-637f-4cb9-a9cc-8bc242636732,2026-04-18,21:04:26.09,2026-04-18T14:04:26.0907520-07:00,2026-04-18T21:04:26.0907520Z,,v3,643-145631,643-144573,,"Bernhardt, Jack",1000316026,Right,CAL_TEC,d7a9f4cb-b4be-4205-b241-7949270c5450,54.94666,-123.8542,12.9803,5.5538,-3.31147,-8.61404,-1.96543,4.95335,-5.85134,,,,,,,,,,,,,,,,,,,,,,,,,,,,,,,,,,,,,,,,,,,,,,,,,,,High,High,High,,,,,
17,2026-04-18,14:04:40.92,1,2,"Flaherty, Brendan",1000224625,Right,CAL_TEC,"Gonzaga, Kai",10138924,Left,POM_COL,Undefined,1,Bottom,0,0,1,Fastball,Four-Seam,InPlay,Undefined,Popup,Out,1,0,,86.53884,-1.677857,-3.140813,2371.604187,220.321234,1:15,5.56805,1.88871,5.55035,-20.9104,17.20946,13.49536,2.25485,0.07547,78.59578,-5.612113,-0.737954,0.444372,26.81286,-56.923588,-24.081856,,,,,2.7788,2.7788,-14.004643,0.066745,-7.75437,9.57867,-1.62596,50,5.40917,6.29985,-125.35795,-4.33489,-12.2606,26.85085,-17.02906,POM_COL,CAL_TEC,PomonaPitzer,D3,Team,20260418-PomonaPitzer-2,37dcb7a0-3b6a-11f1-9995-2d5b6d9285b1,84.82176,2.24916,,7.94306,,,,1.3588,2.24916,-0.07473,2406fc0b-637f-4cb9-a9cc-8bc242636732,2026-04-18,21:04:40.92,2026-04-18T14:04:40.9200640-07:00,2026-04-18T21:04:40.9200640Z,GroundBall,v3,643-145631,643-144573,,"Bernhardt, Jack",1000316026,Right,CAL_TEC,34a0989d-fa93-4d4e-bb32-101d53591ad2,54.94722,-126.41317,13.42542,5.56637,-3.66566,-8.51453,-1.88301,6.78168,-6.1303,,1.35404,20.03764,,,,,,,,2.25718,-33.69834,,,,,,,,-0.0726,-8.95565,,,,,,,,,,,,,,,,,,,,,,,,,,,,,,High,High,High,Estimated,Estimated,,,
18,2026-04-18,14:05:11.86,2,1,"Flaherty, Brendan",1000224625,Right,CAL_TEC,"Pierantoni, Greg",1000091552,Right,POM_COL,Undefined,1,Bottom,1,0,0,Fastball,Changeup,StrikeCalled,Undefined,Undefined,Undefined,0,0,,84.95327,-1.024236,-3.876918,2198.89877,235.51684,1:45,5.60149,1.68249,5.71071,-26.39218,13.17753,17.11166,2.44563,-0.50896,76.74751,-5.968725,-0.823402,0.452744,,,,,,,,,,,,-9.81875,7.42957,-1.36788,50,5.49948,7.60193,-122.94544,-3.04317,-14.85211,27.04777,-20.93586,POM_COL,CAL_TEC,PomonaPitzer,D3,Team,20260418-PomonaPitzer-2,4a4f28f0-3b6a-11f1-9995-2d5b6d9285b1,83.25331,,,8.20577,,,,,,,2406fc0b-637f-4cb9-a9cc-8bc242636732,2026-04-18,21:05:11.86,2026-04-18T14:05:11.8602240-07:00,2026-04-18T21:05:11.8602240Z,,v3,643-145631,643-144573,,"Bernhardt, Jack",1000316026,Right,CAL_TEC,7cc3ca68-c824-443b-bd9c-adb8ef442c94,54.78498,-123.99366,13.52388,5.6017,-2.23181,-10.46793,-1.67364,8.17751,-7.42606,,,,,,,,,,,,,,,,,,,,,,,,,,,,,,,,,,,,,,,,,,,,,,,,,,,High,High,High,,,,,
19,2026-04-18,14:05:23.98,2,2,"Flaherty, Brendan",1000224625,Right,CAL_TEC,"Pierantoni, Greg",1000091552,Right,POM_COL,Undefined,1,Bottom,1,0,1,Slider,Curveball,BallCalled,Undefined,Undefined,Undefined,0,0,,71.09589,2.742819,-2.307244,2461.007996,67.92042,8:15,5.28899,1.77575,4.63523,-62.29444,-3.68701,-13.88375,2.7087,-1.57525,64.90362,-8.452444,-4.736786,0.550995,,,,,,,,,,,,6.03866,-1.99555,-1.52582,50,5.51366,4.69303,-102.84994,2.79345,6.41142,18.45755,-34.29278,POM_COL,CAL_TEC,PomonaPitzer,D3,Team,20260418-PomonaPitzer-2,5194bb70-3b6a-11f1-9995-2d5b6d9285b1,68.40794,,,6.19227,,,,,,,2406fc0b-637f-4cb9-a9cc-8bc242636732,2026-04-18,21:05:23.98,2026-04-18T14:05:23.9841280-07:00,2026-04-18T21:05:23.9841280Z,,v3,643-145631,643-144573,,"Bernhardt, Jack",1000316026,Right,CAL_TEC,4eee9218-2960-4d1b-8a7c-5fd30ef98fd9,55.86375,-103.89692,9.22877,5.30004,4.73867,-17.14639,-1.78171,4.32935,3.20571,,,,,,,,,,,,,,,,,,,,,,,,,,,,,,,,,,,,,,,,,,,,,,,,,,,High,High,High,,,,,
20,2026-04-18,14:05:36.21,2,3,"Flaherty, Brendan",1000224625,Right,CAL_TEC,"Pierantoni, Greg",1000091552,Right,POM_COL,Undefined,1,Bottom,1,1,1,Fastball,Four-Seam,BallCalled,Undefined,Undefined,Undefined,0,0,,86.08894,-0.065018,-4.152021,2284.042916,216.233718,1:15,5.59249,1.64978,5.81012,-19.99926,18.19052,12.37894,3.86526,-1.18641,78.00165,-3.865428,-1.942607,0.44478,,,,,,,,,,,,-7.48142,9.65284,-1.31601,50,5.57531,8.52261,-124.64307,-0.71881,-11.70134,26.4092,-17.07653,POM_COL,CAL_TEC,PomonaPitzer,D3,Team,20260418-PomonaPitzer-2,58d87930-3b6a-11f1-9995-2d5b6d9285b1,84.74402,,,8.08729,,,,,,,2406fc0b-637f-4cb9-a9cc-8bc242636732,2026-04-18,21:05:36.21,2026-04-18T14:05:36.2178560-07:00,2026-04-18T21:05:36.2178560Z,,v3,643-145631,643-144573,,"Bernhardt, Jack",1000316026,Right,CAL_TEC,887f0a8e-c640-455a-a8b1-b712705a99c7,54.68567,-125.63195,13.2046,5.59025,-0.0794,-8.53826,-1.64333,8.96075,-5.85067,,,,,,,,,,,,,,,,,,,,,,,,,,,,,,,,,,,,,,,,,,,,,,,,,,,High,High,High,,,,,
21,2026-04-18,14:05:49.70,2,4,"Flaherty, Brendan",1000224625,Right,CAL_TEC,"Pierantoni, Greg",1000091552,Right,POM_COL,Undefined,1,Bottom,1,2,1,Fastball,Four-Seam,BallCalled,Undefined,Undefined,Undefined,0,0,,85.21381,-0.134909,-4.104678,2318.862201,220.520531,1:15,5.46562,1.77565,5.80078,-21.23639,17.65513,13.98288,3.57012,-0.8833,77.40948,-4.154042,-1.608642,0.448848,,,,,,,,,,,,-8.23973,9.40123,-1.44604,50,5.44187,8.26797,-123.41554,-0.9127,-12.66772,25.29689,-17.72067,POM_COL,CAL_TEC,PomonaPitzer,D3,Team,20260418-PomonaPitzer-2,60da7de0-3b6a-11f1-9995-2d5b6d9285b1,83.97604,,,7.80433,,,,,,,2406fc0b-637f-4cb9-a9cc-8bc242636732,2026-04-18,21:05:49.70,2026-04-18T14:05:49.7066496-07:00,2026-04-18T21:05:49.7066496Z,,v3,643-145631,643-144573,,"Bernhardt, Jack",1000316026,Right,CAL_TEC,98c4328c-a7dd-401f-b3f6-ba6358f3c9b3,54.69537,-124.37424,12.64845,5.46373,-0.24113,-8.86034,-1.76847,8.74805,-6.33386,,,,,,,,,,,,,,,,,,,,,,,,,,,,,,,,,,,,,,,,,,,,,,,,,,,High,High,High,,,,,
22,2026-04-18,14:06:05.78,2,5,"Flaherty, Brendan",1000224625,Right,CAL_TEC,"Pierantoni, Greg",1000091552,Right,POM_COL,Undefined,1,Bottom,1,3,1,Fastball,Four-Seam,BallCalled,Walk,Undefined,Undefined,0,0,,85.31438,-2.035195,-4.329104,2305.038799,223.102313,1:30,5.38178,1.88988,5.65958,-24.03375,14.96182,12.79528,1.47485,-1.08859,77.90565,-6.51823,-2.050622,0.449448,,,,,,,,,,,,-7.7115,8.55296,-1.53122,50,5.19399,8.81442,-123.47328,-5.16436,-11.8883,24.90363,-18.98852,POM_COL,CAL_TEC,PomonaPitzer,D3,Team,20260418-PomonaPitzer-2,6a7969b0-3b6a-11f1-9995-2d5b6d9285b1,83.86391,,,7.40872,,,,,,,2406fc0b-637f-4cb9-a9cc-8bc242636732,2026-04-18,21:06:05.78,2026-04-18T14:06:05.7891840-07:00,2026-04-18T21:06:05.7891840Z,,v3,643-145631,643-144573,,"Bernhardt, Jack",1000316026,Right,CAL_TEC,fe686b5c-b0a9-47cd-8ee6-49f763a8dc63,54.8384,-124.44532,12.45181,5.3811,-4.4232,-9.49426,-1.88432,9.27845,-5.94415,,,,,,,,,,,,,,,,,,,,,,,,,,,,,,,,,,,,,,,,,,,,,,,,,,,High,High,High,,,,,
23,2026-04-18,14:06:38.95,3,1,"Flaherty, Brendan",1000224625,Right,CAL_TEC,"Berry, Cooper",1000276381,Left,POM_COL,Undefined,1,Bottom,1,0,0,Fastball,Changeup,StrikeCalled,Undefined,Undefined,Undefined,0,0,,84.95401,-1.088219,-3.65879,2261.277357,221.598903,1:30,5.36477,2.03724,5.59638,-23.46379,15.63217,12.80414,2.39126,-0.31639,77.93862,-5.463148,-1.379206,0.450026,,,,,,,,,,,,-7.41418,8.56544,-1.73161,50,5.25617,7.33565,-123.15924,-3.09226,-11.44622,23.2827,-18.95043,POM_COL,CAL_TEC,PomonaPitzer,D3,Team,20260418-PomonaPitzer-2,7e3794e0-3b6a-11f1-9995-2d5b6d9285b1,83.75621,,,7.01539,,,,,,,2406fc0b-637f-4cb9-a9cc-8bc242636732,2026-04-18,21:06:38.95,2026-04-18T14:06:38.9572096-07:00,2026-04-18T21:06:38.9572096Z,,v3,643-145631,643-144573,,"Bernhardt, Jack",1000316026,Right,CAL_TEC,8f5387dc-f654-4692-8568-3eb3c8db5a46,54.90145,-124.08237,11.64135,5.36388,-2.34089,-9.47522,-2.03146,7.78948,-5.72311,,,,,,,,,,,,,,,,,,,,,,,,,,,,,,,,,,,,,,,,,,,,,,,,,,,High,High,High,,,,,
24,2026-04-18,14:07:08.01,3,2,"Flaherty, Brendan",1000224625,Right,CAL_TEC,"Berry, Cooper",1000276381,Left,POM_COL,Undefined,1,Bottom,1,0,1,Fastball,Four-Seam,InPlay,Undefined,LineDrive,Double,0,0,,85.59774,-1.215337,-1.757151,2301.692165,218.940843,1:15,5.51396,1.8774,5.24753,-22.73281,16.69296,12.38072,2.47677,1.25736,77.58763,-5.46429,0.438201,0.45192,,,,,,,,,,,,-6.70524,9.10528,-1.7256,50,5.38604,3.25649,-124.03545,-3.38634,-10.35531,26.81865,-18.11223,POM_COL,CAL_TEC,PomonaPitzer,D3,Team,20260418-PomonaPitzer-2,8f85f890-3b6a-11f1-9995-2d5b6d9285b1,83.4051,,,8.0101,,,,,,,2406fc0b-637f-4cb9-a9cc-8bc242636732,2026-04-18,21:07:08.01,2026-04-18T14:07:08.0162816-07:00,2026-04-18T21:07:08.0162816Z,,v3,643-145631,643-144573,,"Bernhardt, Jack",1000316026,Right,CAL_TEC,b7e806dc-e7e8-4623-b4a6-db835a2f9151,55.24885,-125.16519,13.40932,5.51262,-2.62335,-9.05611,-1.87197,3.69271,-5.17765,,,,,,,,,,,,,,,,,,,,,,,,,,,,,,,,,,,,,,,,,,,,,,,,,,,High,High,High,,,,,
25,2026-04-18,14:08:23.60,4,1,"Flaherty, Brendan",1000224625,Right,CAL_TEC,"DeGrazia, Tanner",1000214434,Right,POM_COL,Undefined,1,Bottom,1,0,0,Fastball,Changeup,StrikeCalled,Undefined,Undefined,Undefined,0,0,,85.57149,-2.049915,-3.425908,2207.746535,228.984921,1:45,5.55691,1.7957,5.47344,-25.78812,13.06367,13.58863,1.48537,-0.28165,78.42007,-6.820461,-1.009572,0.448618,,,,,,,,,,,,-7.77863,7.52363,-1.5039,50,5.35904,6.84191,-123.97968,-5.31521,-12.12611,24.42441,-20.44551,POM_COL,CAL_TEC,PomonaPitzer,D3,Team,20260418-PomonaPitzer-2,bc985cb0-3b6a-11f1-9995-2d5b6d9285b1,84.01897,,,7.15142,,,,,,,2406fc0b-637f-4cb9-a9cc-8bc242636732,2026-04-18,21:08:23.60,2026-04-18T14:08:23.6071424-07:00,2026-04-18T21:08:23.6071424Z,,v3,643-145631,643-144573,,"Bernhardt, Jack",1000316026,Right,CAL_TEC,eb6a71ae-6c90-4edc-9f53-05cdab1ca2d8,55.02487,-124.96567,12.21221,5.55695,-4.48984,-10.22275,-1.78998,7.33144,-6.06305,,,,,,,,,,,,,,,,,,,,,,,,,,,,,,,,,,,,,,,,,,,,,,,,,,,High,High,High,,,,,
26,2026-04-18,14:08:36.95,4,2,"Flaherty, Brendan",1000224625,Right,CAL_TEC,"DeGrazia, Tanner",1000214434,Right,POM_COL,Undefined,1,Bottom,1,0,1,Fastball,Changeup,StrikeCalled,Undefined,Undefined,Undefined,0,0,,87.11464,-0.297852,-4.264706,2142.607881,225.293218,1:30,5.26199,1.68263,5.78892,-23.93667,13.38509,12.24572,2.98942,-1.27159,79.04597,-4.789503,-2.079793,0.439696,,,,,,,,,,,,-7.44327,7.2787,-1.33802,50,5.22317,8.87857,-126.11737,-1.42048,-11.92256,26.96005,-20.51505,POM_COL,CAL_TEC,PomonaPitzer,D3,Team,20260418-PomonaPitzer-2,c4935c80-3b6a-11f1-9995-2d5b6d9285b1,85.72386,,,8.06867,,,,,,,2406fc0b-637f-4cb9-a9cc-8bc242636732,2026-04-18,21:08:36.95,2026-04-18T14:08:36.9548288-07:00,2026-04-18T21:08:36.9548288Z,,v3,643-145631,643-144573,,"Bernhardt, Jack",1000316026,Right,CAL_TEC,c7645b3c-0701-4580-a533-0678775a3d7c,54.7073,-127.11966,13.48003,5.2618,-0.65779,-10.25753,-1.67634,9.32181,-5.96128,,,,,,,,,,,,,,,,,,,,,,,,,,,,,,,,,,,,,,,,,,,,,,,,,,,High,High,High,,,,,
27,2026-04-18,14:08:54.37,4,3,"Flaherty, Brendan",1000224625,Right,CAL_TEC,"DeGrazia, Tanner",1000214434,Right,POM_COL,Undefined,1,Bottom,1,0,2,Slider,Curveball,BallCalled,Undefined,Undefined,Undefined,0,0,,72.6281,2.973523,-0.785912,2352.760231,87.806573,9:00,5.4218,1.59985,5.37762,-53.16302,1.21795,-14.22056,3.78187,-0.322,66.23914,-6.756555,-3.311398,0.530756,,,,,,,,,,,,6.84945,0.3239,-1.51932,50,5.65105,1.97791,-105.25699,3.79249,7.64142,18.79458,-31.81268,POM_COL,CAL_TEC,PomonaPitzer,D3,Team,20260418-PomonaPitzer-2,cef98ff0-3b6a-11f1-9995-2d5b6d9285b1,71.0165,,,6.38896,,,,,,,2406fc0b-637f-4cb9-a9cc-8bc242636732,2026-04-18,21:08:54.37,2026-04-18T14:08:54.3729664-07:00,2026-04-18T21:08:54.3729664Z,,v3,643-145631,643-144573,,"Bernhardt, Jack",1000316026,Right,CAL_TEC,34c0e381-05bd-4d67-abd6-8d61551db80b,55.1204,-106.16735,9.39729,5.43003,5.33341,-15.90634,-1.60616,1.60778,3.82071,,,,,,,,,,,,,,,,,,,,,,,,,,,,,,,,,,,,,,,,,,,,,,,,,,,High,High,High,,,,,
28,2026-04-18,14:09:14.56,4,4,"Flaherty, Brendan",1000224625,Right,CAL_TEC,"DeGrazia, Tanner",1000214434,Right,POM_COL,Undefined,1,Bottom,1,1,2,Fastball,Changeup,BallCalled,Undefined,Undefined,Undefined,0,0,,86.81423,-0.113227,-3.905081,2111.266611,228.863031,1:45,5.53345,1.63238,5.7711,-24.60289,12.9206,13.35713,3.3776,-0.89418,78.87208,-4.722847,-1.520591,0.440882,,,,,,,,,,,,-7.868,6.98378,-1.31697,50,5.50933,8.00892,-125.75317,-1.04012,-12.54802,26.46806,-21.03623,POM_COL,CAL_TEC,PomonaPitzer,D3,Team,20260418-PomonaPitzer-2,dafe5830-3b6a-11f1-9995-2d5b6d9285b1,85.49317,,,7.94215,,,,,,,2406fc0b-637f-4cb9-a9cc-8bc242636732,2026-04-18,21:09:14.56,2026-04-18T14:09:14.5652224-07:00,2026-04-18T21:09:14.5652224Z,,v3,643-145631,643-144573,,"Bernhardt, Jack",1000316026,Right,CAL_TEC,6cb1b171-1881-441a-a516-ef996ea31671,54.72514,-126.7438,13.23403,5.53352,-0.2528,-10.51811,-1.62551,8.47856,-6.27401,,,,,,,,,,,,,,,,,,,,,,,,,,,,,,,,,,,,,,,,,,,,,,,,,,,High,High,High,,,,,
29,2026-04-18,14:09:34.58,4,5,"Flaherty, Brendan",1000224625,Right,CAL_TEC,"DeGrazia, Tanner",1000214434,Right,POM_COL,Undefined,1,Bottom,1,2,2,Slider,Curveball,BallCalled,Undefined,Undefined,Undefined,0,0,,72.4065,3.877427,-2.228687,2200.445509,63.717806,8:00,5.23015,1.8754,5.19577,-59.69606,-4.39544,-12.53068,3.91105,-1.26625,65.97309,-6.972031,-4.441599,0.535225,,,,,,,,,,,,5.52197,-2.70862,-1.65906,50,5.5456,4.5579,-104.75378,5.14893,6.09613,18.76418,-35.16431,POM_COL,CAL_TEC,PomonaPitzer,D3,Team,20260418-PomonaPitzer-2,e6f87210-3b6a-11f1-9995-2d5b6d9285b1,70.42354,,,6.43341,,,,,,,2406fc0b-637f-4cb9-a9cc-8bc242636732,2026-04-18,21:09:34.58,2026-04-18T14:09:34.5837056-07:00,2026-04-18T21:09:34.5837056Z,,v3,643-145631,643-144573,,"Bernhardt, Jack",1000316026,Right,CAL_TEC,4e1acf57-5448-470e-865c-48541692e8f7,55.30329,-105.69947,9.38209,5.24145,6.92117,-17.58216,-1.88103,4.25066,3.04806,,,,,,,,,,,,,,,,,,,,,,,,,,,,,,,,,,,,,,,,,,,,,,,,,,,High,High,High,,,,,
30,2026-04-18,14:09:52.43,4,6,"Flaherty, Brendan",1000224625,Right,CAL_TEC,"DeGrazia, Tanner",1000214434,Right,POM_COL,Undefined,1,Bottom,1,3,2,Fastball,Changeup,InPlay,Undefined,GroundBall,FieldersChoice,0,1,,86.647,-1.619381,-3.632188,2162.3236,223.65371,1:30,5.45041,1.76175,5.73246,-23.27686,14.35406,12.51512,1.99916,-0.58239,79.07617,-5.973152,-1.397707,0.441513,97.96155,-48.125557,-74.873264,,,,,2.28014,1.73202,-28.23985,0.019803,-7.428,8.13764,-1.46664,50,5.30099,7.45193,-125.56036,-4.2999,-11.83256,25.93433,-19.21104,POM_COL,CAL_TEC,PomonaPitzer,D3,Team,20260418-PomonaPitzer-2,f18a7070-3b6a-11f1-9995-2d5b6d9285b1,85.371,2.12189,,7.57083,,,,1.51237,2.12189,0.75737,2406fc0b-637f-4cb9-a9cc-8bc242636732,2026-04-18,21:09:52.43,2026-04-18T14:09:52.4312576-07:00,2026-04-18T21:09:52.4312576Z,GroundBall,v3,643-145631,643-144573,,"Bernhardt, Jack",1000316026,Right,CAL_TEC,a313b4b3-33fc-4890-a2f8-94997dad8a9d,54.76632,-126.54101,12.96717,5.44985,-3.57348,-9.60552,-1.75688,7.89935,-5.91628,,1.51224,25.06623,,,,,,,,2.12242,-107.15201,,,,,,,,0.75783,-92.72752,,,,,,,,,,,,,,,,,,,,,,,,,,,,,,High,High,High,Low,Low,,,
31,2026-04-18,14:10:32.34,5,1,"Flaherty, Brendan",1000224625,Right,CAL_TEC,"Parker, Will",1000474009,Left,POM_COL,Undefined,1,Bottom,1,0,0,Fastball,Changeup,BallCalled,Undefined,Undefined,Undefined,0,0,,82.98129,-0.45605,-1.989788,2016.88945,223.875702,1:30,5.55777,2.0087,5.4342,-25.52651,16.03658,14.06111,3.00322,1.31634,75.35556,-5.226974,0.511599,0.464008,,,,,,,,,,,,-7.59091,8.60918,-1.84219,50,5.50009,3.5765,-120.29814,-1.7706,-11.05552,24.67385,-19.63554,POM_COL,CAL_TEC,PomonaPitzer,D3,Team,20260418-PomonaPitzer-2,095d6090-3b6b-11f1-9995-2d5b6d9285b1,81.23234,,,7.62573,,,,,,,2406fc0b-637f-4cb9-a9cc-8bc242636732,2026-04-18,21:10:32.34,2026-04-18T14:10:32.3461632-07:00,2026-04-18T21:10:32.3461632Z,,v3,643-145631,643-144573,,"Bernhardt, Jack",1000316026,Right,CAL_TEC,3452ba2e-1711-4f92-8bea-8756a3773026,55.06114,-121.33177,12.33692,5.55703,-0.94803,-9.81777,-2.00172,4.03963,-5.52776,,,,,,,,,,,,,,,,,,,,,,,,,,,,,,,,,,,,,,,,,,,,,,,,,,,High,High,High,,,,,
32,2026-04-18,14:11:06.01,5,2,"Flaherty, Brendan",1000224625,Right,CAL_TEC,"Parker, Will",1000474009,Left,POM_COL,Undefined,1,Bottom,1,1,0,Fastball,Changeup,BallCalled,Undefined,Undefined,Undefined,0,0,,83.01988,0.257419,-1.412004,2192.212673,228.746877,1:30,5.42843,1.94328,5.33222,-28.66801,12.69879,12.99583,3.28102,1.70119,75.91524,-5.046336,0.896529,0.462911,,,,,,,,,,,,-6.87055,6.69193,-1.82528,50,5.43135,2.41563,-120.48228,-0.42639,-10.10879,23.19447,-22.32803,POM_COL,CAL_TEC,PomonaPitzer,D3,Team,20260418-PomonaPitzer-2,1d806810-3b6b-11f1-9995-2d5b6d9285b1,81.42486,,,7.10464,,,,,,,2406fc0b-637f-4cb9-a9cc-8bc242636732,2026-04-18,21:11:06.01,2026-04-18T14:11:06.0150000-07:00,2026-04-18T21:11:06.0150000Z,,v3,643-145631,643-144573,,"Bernhardt, Jack",1000316026,Right,CAL_TEC,6cd08152-289b-486e-a4ed-c5d7c50bbf35,55.16498,-121.47254,11.59723,5.42921,0.52688,-11.16402,-1.93762,2.84722,-5.0544,,,,,,,,,,,,,,,,,,,,,,,,,,,,,68.13461,2.333115,0.771226,1.56189,-1.91678,2.97574,-1.75752,-1.71186,6.09063,-0.8219,127.27936,3.88275,-1.13557,-1.5129,95.21153,-8.26403,6.24322,22.31393,-15.33798,-0.81426,0.08111,-0.18746,High,High,High,,,High,High,High
33,2026-04-18,14:11:41.06,5,3,"Flaherty, Brendan",1000224625,Right,CAL_TEC,"Parker, Will",1000474009,Left,POM_COL,Undefined,1,Bottom,1,2,0,Fastball,Changeup,FoulBallNotFieldable,Undefined,Undefined,Undefined,1,0,,81.80256,-0.091568,-2.315064,2088.106712,241.820108,2:00,5.54399,1.77486,5.48118,-32.05273,10.50134,16.99678,2.78718,1.024,74.62092,-6.019728,0.71153,0.469507,,,,,,,,,,,,-9.2526,5.73,-1.5837,50,5.51434,4.10646,-118.67191,-1.24841,-13.14746,23.47268,-24.03201,POM_COL,CAL_TEC,PomonaPitzer,D3,Team,20260418-PomonaPitzer-2,324b2140-3b6b-11f1-9995-2d5b6d9285b1,80.28092,,,7.18164,,,,,,,2406fc0b-637f-4cb9-a9cc-8bc242636732,2026-04-18,21:11:41.06,2026-04-18T14:11:41.0615808-07:00,2026-04-18T21:11:41.0615808Z,,v3,643-145631,643-144573,,"Bernhardt, Jack",1000316026,Right,CAL_TEC,792c81e3-d862-4849-a0d0-5f9bef2bd39f,55.01758,-119.66024,11.73634,5.5456,-0.23653,-12.016,-1.76826,4.66005,-6.57373,,,,,,,,,,,,,,,,,,,,,,,,,,,,,,,,,,,,,,,,,,,,,,,,,,,High,High,High,,,,,
34,2026-04-18,14:12:02.77,5,4,"Flaherty, Brendan",1000224625,Right,CAL_TEC,"Parker, Will",1000474009,Left,POM_COL,Undefined,1,Bottom,2,2,1,Fastball,Changeup,FoulBallNotFieldable,Undefined,Undefined,Undefined,0,0,,83.79564,-0.501774,-3.368647,2165.009299,214.62118,1:15,5.46322,1.84103,5.5906,-23.20367,17.73202,11.20473,3.06023,-0.3743,75.41171,-4.88908,-1.373747,0.460493,,,,,,,,,,,,-6.64154,9.52595,-1.55865,50,5.40532,6.64755,-121.23503,-1.75742,-9.74721,26.7782,-18.19361,POM_COL,CAL_TEC,PomonaPitzer,D3,Team,20260418-PomonaPitzer-2,3f3d7dd0-3b6b-11f1-9995-2d5b6d9285b1,81.85244,,,8.38392,,,,,,,2406fc0b-637f-4cb9-a9cc-8bc242636732,2026-04-18,21:12:02.77,2026-04-18T14:12:02.7721728-07:00,2026-04-18T21:12:02.7721728Z,,v3,643-145631,643-144573,,"Bernhardt, Jack",1000316026,Right,CAL_TEC,0849ba76-0d7d-46e0-997c-97ccf2c0ad76,54.90179,-122.31294,13.3891,5.46132,-1.02507,-9.0968,-1.83413,7.03991,-4.87361,,,,,,,,,,,,,,,,,,,,,,,,,,,,,,,,,,,,,,,,,,,,,,,,,,,High,High,High,,,,,
35,2026-04-18,14:12:26.31,5,5,"Flaherty, Brendan",1000224625,Right,CAL_TEC,"Parker, Will",1000474009,Left,POM_COL,Undefined,1,Bottom,2,2,2,Slider,Curveball,StrikeSwinging,Strikeout,Undefined,Undefined,0,0,,70.36797,3.63426,-0.002055,2366.057761,88.37048,9:00,5.23471,1.97031,4.84738,-58.0418,1.54043,-18.62828,3.8431,0.416,63.68541,-6.912746,-3.277492,0.555559,,,,,,,,,,,,9.04764,0.31764,-1.95361,50,5.5453,0.73197,-101.75346,4.5612,9.37031,18.59338,-31.84509,POM_COL,CAL_TEC,PomonaPitzer,D3,Team,20260418-PomonaPitzer-2,4d508ca0-3b6b-11f1-9995-2d5b6d9285b1,67.84601,,,6.68256,,,,,,,2406fc0b-637f-4cb9-a9cc-8bc242636732,2026-04-18,21:12:26.31,2026-04-18T14:12:26.3161856-07:00,2026-04-18T21:12:26.3161856Z,,v3,643-145631,643-144573,,"Bernhardt, Jack",1000316026,Right,CAL_TEC,7b429ff7-3e32-4302-8a55-e5600a59373b,55.64936,-102.78058,9.29669,5.24474,6.32036,-15.92255,-1.97975,0.21434,4.68516,,,,,,,,,,,,,,,,,,,,,,,,,,,,,,,,,,,,,,,,,,,,,,,,,,,High,High,High,,,,,
36,2026-04-18,14:14:36.76,1,1,"Dennis, Lucas",10274891,Right,POM_COL,"Bernhardt, Jack",1000316026,Right,CAL_TEC,Undefined,2,Top,0,0,0,Fastball,Changeup,BallCalled,Undefined,Undefined,Undefined,0,0,,84.21869,-2.057037,-3.500558,2053.899491,238.163573,2:00,5.58937,1.60294,5.66549,-27.88994,11.74422,16.96265,1.34275,-0.25161,77.58989,-7.209194,-0.472429,0.453113,,,,,,,,,,,,-9.50142,6.87729,-1.31759,50,5.39758,6.774,-122.11733,-5.30943,-14.43838,22.62485,-21.72331,POM_COL,CAL_TEC,PomonaPitzer,D3,Team,20260418-PomonaPitzer-2,9b0372f0-3b6b-11f1-9995-2d5b6d9285b1,83.18559,,,6.6288,,,,,,,2406fc0b-637f-4cb9-a9cc-8bc242636732,2026-04-18,21:14:36.76,2026-04-18T14:14:36.7687168-07:00,2026-04-18T21:14:36.7687168Z,,v3,643-145631,643-144573,,"Parker, Will",1000474009,Right,POM_COL,db208b6a-6955-4a18-9646-9204798fbf62,54.83379,-123.00963,11.31242,5.59008,-4.45268,-10.86165,-1.59598,7.34343,-7.21919,,,,,,,,,,,,,,,,,,,,,,,,,,,,,,,,,,,,,,,,,,,,,,,,,,,High,High,High,,,,,
37,2026-04-18,14:14:52.57,1,2,"Dennis, Lucas",10274891,Right,POM_COL,"Bernhardt, Jack",1000316026,Right,CAL_TEC,Undefined,2,Top,0,1,0,Fastball,Changeup,InPlay,Undefined,Popup,Out,1,0,,82.94046,-0.44294,-2.505132,2043.041672,224.18478,1:30,5.5393,1.67962,5.91353,-27.80064,12.85079,11.21985,2.81109,0.28811,75.78571,-5.64188,-0.492065,0.458891,61.10423,46.128668,-2.424338,,109.95681,66.55102,-3.07908,181.96448,141.77964,-2.617403,4.381038,-6.49237,7.10056,-1.48524,50,5.48793,4.83482,-120.40014,-1.77821,-9.51206,23.78826,-21.77093,POM_COL,CAL_TEC,PomonaPitzer,D3,Team,20260418-PomonaPitzer-2,a4738690-3b6b-11f1-9995-2d5b6d9285b1,82.13813,67.15913,,7.15475,,,,2.4078,3.05442,-0.30112,2406fc0b-637f-4cb9-a9cc-8bc242636732,2026-04-18,21:14:52.57,2026-04-18T14:14:52.5730816-07:00,2026-04-18T21:14:52.5730816Z,Popup,v3,643-145631,643-144573,,"Parker, Will",1000474009,Right,POM_COL,1270a655-6f40-43d4-8180-90bac381dcfe,54.58544,-121.30273,11.89413,5.53972,-0.95216,-10.88546,-1.67553,5.19573,-4.75603,186.083153,2.40867,62.02771,-10.02302,1.89227,-0.0412,-0.15696,0.06163,-0.00991,0.00059,3.0522,64.66136,-18.35617,1.66265,-0.6342,0.23697,-0.05074,0.00534,-0.00021,-0.30099,-2.62845,1.41314,-0.51783,0.06964,0.02829,-0.01819,0.00351,-0.00023,,,,,,,,,,,,,,,,,,,,,,,High,High,High,High,Low,,,
38,2026-04-18,14:15:23.95,2,1,"Dennis, Lucas",10274891,Right,POM_COL,"Foardq, Riley",,Left,CAL_TEC,Undefined,2,Top,1,0,0,Fastball,Changeup,BallCalled,Undefined,Undefined,Undefined,0,0,,82.87082,-2.019032,-2.459825,2040.641018,231.185341,1:45,5.58354,1.5579,5.76032,-27.86801,12.58603,14.22139,1.37943,0.45206,76.90146,-7.163587,0.086534,0.457775,,,,,,,,,,,,-7.85729,7.27071,-1.3628,50,5.39901,4.61366,-120.37203,-5.1329,-11.67691,20.54219,-21.36886,POM_COL,CAL_TEC,PomonaPitzer,D3,Team,20260418-PomonaPitzer-2,b7291b60-3b6b-11f1-9995-2d5b6d9285b1,82.33831,,,5.96937,,,,,,,2406fc0b-637f-4cb9-a9cc-8bc242636732,2026-04-18,21:15:23.95,2026-04-18T14:15:23.9514624-07:00,2026-04-18T21:15:23.9514624Z,,v3,643-145631,643-144573,,"Parker, Will",1000474009,Right,POM_COL,598ab1df-951e-4dc9-ac4c-aacb1334322c,54.73983,-121.17821,10.27109,5.584,-4.29428,-10.68443,-1.55285,5.07192,-5.83845,,,,,,,,,,,,,,,,,,,,,,,,,,,,,,,,,,,,,,,,,,,,,,,,,,,High,High,High,,,,,
39,2026-04-18,14:15:39.35,2,2,"Dennis, Lucas",10274891,Right,POM_COL,"Foardq, Riley",,Left,CAL_TEC,Undefined,2,Top,1,1,0,Fastball,Changeup,BallCalled,Undefined,Undefined,Undefined,0,0,,84.75823,-1.222129,-1.482979,2111.985203,224.425538,1:30,5.58364,1.70255,5.77382,-26.37194,12.22032,10.91879,2.24818,1.23217,78.54172,-6.105257,0.473276,0.447117,,,,,,,,,,,,-5.88992,6.87894,-1.58645,50,5.46664,2.74161,-123.20477,-3.4832,-9.17204,21.46824,-21.46186,POM_COL,CAL_TEC,PomonaPitzer,D3,Team,20260418-PomonaPitzer-2,c0545dd0-3b6b-11f1-9995-2d5b6d9285b1,84.301,,,6.21651,,,,,,,2406fc0b-637f-4cb9-a9cc-8bc242636732,2026-04-18,21:15:39.35,2026-04-18T14:15:39.3505280-07:00,2026-04-18T21:15:39.3505280Z,,v3,643-145631,643-144573,,"Parker, Will",1000474009,Right,POM_COL,40939c82-c668-4816-83a2-3f37e50525c6,54.72464,-124.0253,10.73412,5.5841,-2.66292,-10.73093,-1.69793,3.09217,-4.58602,,,,,,,,,,,,,,,,,,,,,,,,,,,,,,,,,,,,,,,,,,,,,,,,,,,High,High,High,,,,,
40,2026-04-18,14:15:56.03,2,3,"Dennis, Lucas",10274891,Right,POM_COL,"Foardq, Riley",,Left,CAL_TEC,Undefined,2,Top,1,2,0,Fastball,Changeup,BallCalled,Undefined,Undefined,Undefined,0,0,,82.44203,-1.638111,-3.99535,2050.204578,243.403502,2:00,5.46658,1.70107,5.75068,-32.60124,8.53619,14.62387,1.22069,-0.80576,76.23841,-7.633487,-1.382524,0.461626,,,,,,,,,,,,-8.43662,5.15244,-1.37781,50,5.31032,7.7704,-119.55049,-4.49039,-12.32345,21.03962,-24.64781,POM_COL,CAL_TEC,PomonaPitzer,D3,Team,20260418-PomonaPitzer-2,ca4672b0-3b6b-11f1-9995-2d5b6d9285b1,81.65153,,,6.20363,,,,,,,2406fc0b-637f-4cb9-a9cc-8bc242636732,2026-04-18,21:15:56.03,2026-04-18T14:15:56.0346624-07:00,2026-04-18T21:15:56.0346624Z,,v3,643-145631,643-144573,,"Parker, Will",1000474009,Right,POM_COL,7b23486f-1b4d-49da-9f63-e70b6a4cd8fc,54.74889,-120.38334,10.51981,5.46876,-3.5147,-12.32391,-1.69506,8.25822,-6.16173,,,,,,,,,,,,,,,,,,,,,,,,,,,,,,,,,,,,,,,,,,,,,,,,,,,High,High,High,,,,,
41,2026-04-18,14:16:13.05,2,4,"Dennis, Lucas",10274891,Right,POM_COL,"Foardq, Riley",,Left,CAL_TEC,Undefined,2,Top,1,3,0,Fastball,Changeup,BallCalled,Walk,Undefined,Undefined,0,0,,82.63364,-2.074481,-3.349245,2077.975856,230.946534,1:45,5.48396,1.64515,5.62158,-27.73809,13.52733,15.10154,1.2324,-0.22546,76.08131,-7.204106,-0.655445,0.462343,,,,,,,,,,,,-8.52185,7.79701,-1.36912,50,5.28895,6.40118,-119.80749,-5.23574,-12.45447,21.95418,-20.7789,POM_COL,CAL_TEC,PomonaPitzer,D3,Team,20260418-PomonaPitzer-2,d467ade0-3b6b-11f1-9995-2d5b6d9285b1,81.52478,,,6.55233,,,,,,,2406fc0b-637f-4cb9-a9cc-8bc242636732,2026-04-18,21:16:13.05,2026-04-18T14:16:13.0529280-07:00,2026-04-18T21:16:13.0529280Z,,v3,643-145631,643-144573,,"Parker, Will",1000474009,Right,POM_COL,3f713a02-b790-4949-9c30-790175258749,54.87722,-120.6979,10.97709,5.48421,-4.39299,-10.38945,-1.63899,6.90631,-6.22723,,,,,,,,,,,,,,,,,,,,,,,,,,,,,,,,,,,,,,,,,,,,,,,,,,,High,High,High,,,,,
42,2026-04-18,14:16:46.26,3,1,"Dennis, Lucas",10274891,Right,POM_COL,"Choudhari, Sayuj",1000224626,Right,CAL_TEC,Undefined,2,Top,1,0,0,Slider,Curveball,StrikeCalled,Undefined,Undefined,Undefined,0,0,,72.42357,1.53056,-0.674985,2389.252495,80.792383,8:45,5.27711,2.22003,4.74339,-56.0642,-0.21583,-12.47099,2.05732,0.54051,66.39607,-8.573496,-2.867878,0.537869,,,,,,,,,,,,5.89788,0.02409,-2.14055,50,5.38173,1.73037,-104.98282,0.88412,6.55411,18.48166,-32.14729,POM_COL,CAL_TEC,PomonaPitzer,D3,Team,20260418-PomonaPitzer-2,e84520e0-3b6b-11f1-9995-2d5b6d9285b1,70.07732,,,6.0275,,,,,,,2406fc0b-637f-4cb9-a9cc-8bc242636732,2026-04-18,21:16:46.26,2026-04-18T14:16:46.2623232-07:00,2026-04-18T21:16:46.2623232Z,,v3,643-145631,643-144573,,"Parker, Will",1000474009,Right,POM_COL,6587ed86-c87f-4e3b-96b2-065cd478b1d4,55.75531,-105.99116,9.24083,5.28564,2.63806,-16.07365,-2.2252,1.37279,3.27706,,,,,,,,,,,,,,,,,,,,,,,,,,,,,,,,,,,,,,,,,,,,,,,,,,,High,High,High,,,,,
43,2026-04-18,14:17:01.97,3,2,"Dennis, Lucas",10274891,Right,POM_COL,"Choudhari, Sayuj",1000224626,Right,CAL_TEC,Undefined,2,Top,1,0,1,Fastball,Changeup,StrikeCalled,Undefined,Undefined,Undefined,0,0,,83.93192,-0.798031,-3.90529,2055.747846,240.936929,2:00,5.52544,1.79199,5.95241,-30.25332,8.59678,13.70343,2.26245,-0.69353,78.44406,-6.371122,-1.448891,0.448608,,,,,,,,,,,,-7.88867,4.90847,-1.48883,50,5.4446,7.8002,-121.96133,-2.67322,-12.15317,18.85061,-24.61212,POM_COL,CAL_TEC,PomonaPitzer,D3,Team,20260418-PomonaPitzer-2,f1937bb0-3b6b-11f1-9995-2d5b6d9285b1,84.0208,,,5.48785,,,,,,,2406fc0b-637f-4cb9-a9cc-8bc242636732,2026-04-18,21:17:01.97,2026-04-18T14:17:01.9773952-07:00,2026-04-18T21:17:01.9773952Z,,v3,643-145631,643-144573,,"Parker, Will",1000474009,Right,POM_COL,8bec6b02-d5af-49a0-9d75-5f4f56a92bc2,54.54914,-122.66244,9.42531,5.527,-1.75782,-12.30606,-1.78735,8.25221,-6.07658,,,,,,,,,,,,,,,,,,,,,,,,,,,,,,,,,,,,,,,,,,,,,,,,,,,High,High,High,,,,,
44,2026-04-18,14:17:21.15,3,3,"Dennis, Lucas",10274891,Right,POM_COL,"Choudhari, Sayuj",1000224626,Right,CAL_TEC,Undefined,2,Top,1,0,2,Slider,Curveball,InPlay,Undefined,Popup,Out,1,0,,73.38449,1.109577,-0.850412,2525.15272,67.883788,8:15,5.15992,1.97162,4.73591,-59.18787,-4.86051,-16.18473,1.28045,-0.18391,67.55618,-9.507341,-3.698247,0.530494,64.53725,38.030465,-11.892389,,108.31323,58.00021,-19.18957,202.45364,199.24638,-8.284159,4.174006,7.7589,-2.28288,-1.87061,50,5.21873,2.21089,-106.45506,0.00552,8.86609,18.99646,-34.78269,POM_COL,CAL_TEC,PomonaPitzer,D3,Team,20260418-PomonaPitzer-2,fd0f16c0-3b6b-11f1-9995-2d5b6d9285b1,71.05153,58.25131,,5.82831,,,,2.60026,1.61576,0.08241,2406fc0b-637f-4cb9-a9cc-8bc242636732,2026-04-18,21:17:21.15,2026-04-18T14:17:21.1577344-07:00,2026-04-18T21:17:21.1577344Z,Popup,v3,643-145631,643-144573,,"Parker, Will",1000474009,Right,POM_COL,2ae65661-04d7-4a72-9cc8-6bded21bc7e1,55.76598,-107.47905,9.49823,5.1679,1.88045,-17.39135,-1.97691,1.73297,4.43304,186.211958,2.60099,72.94042,-12.70899,2.78733,-0.45937,0.06669,-0.01301,0.00241,-0.00019,1.61563,58.31289,-16.18454,0.62921,0.11642,-0.14221,0.05343,-0.00906,0.00058,0.08221,-15.35993,3.76117,-0.75149,0.12755,-0.02284,0.00602,-0.00117,9E-05,,,,,,,,,,,,,,,,,,,,,,,High,High,High,High,Medium,,,
45,2026-04-18,14:17:53.02,4,1,"Dennis, Lucas",10274891,Right,POM_COL,"Flaherty, Brendan",1000224625,Right,CAL_TEC,Undefined,2,Top,2,0,0,Slider,Curveball,StrikeCalled,Undefined,Undefined,Undefined,0,0,,73.03862,1.641686,-0.6353,2448.064907,78.950144,8:45,5.12128,2.09915,4.95451,-56.48877,-1.8263,-18.62399,1.96553,-0.05313,66.79208,-8.576832,-3.923154,0.532128,,,,,,,,,,,,8.97213,-0.81315,-2.02164,50,5.23414,1.9036,-105.88768,1.12573,10.10094,19.49888,-33.08948,POM_COL,CAL_TEC,PomonaPitzer,D3,Team,20260418-PomonaPitzer-2,10236d60-3b6c-11f1-9995-2d5b6d9285b1,70.83343,,,6.24655,,,,,,,2406fc0b-637f-4cb9-a9cc-8bc242636732,2026-04-18,21:17:53.02,2026-04-18T14:17:53.0227200-07:00,2026-04-18T21:17:53.0227200Z,,v3,643-145631,643-144573,,"Parker, Will",1000474009,Right,POM_COL,17ad9ac1-755c-479f-9d40-7d7877dcf11e,55.54492,-106.90388,9.74944,5.13054,2.85022,-16.54474,-2.10713,1.37718,5.05047,,,,,,,,,,,,,,,,,,,,,,,,,,,,,,,,,,,,,,,,,,,,,,,,,,,High,High,High,,,,,
46,2026-04-18,14:18:08.60,4,2,"Dennis, Lucas",10274891,Right,POM_COL,"Flaherty, Brendan",1000224625,Right,CAL_TEC,Undefined,2,Top,2,0,1,Slider,Curveball,InPlay,Undefined,GroundBall,Single,0,0,,74.21416,1.90562,-0.839776,2519.588523,86.545536,9:00,5.14131,1.90239,5.1572,-50.96952,0.78012,-11.44107,2.68847,0.15843,68.67611,-7.335453,-2.865157,0.517756,86.78101,-11.49745,27.222174,,,,,11.4449,11.34408,27.284097,0.093598,5.50768,0.32913,-1.81474,50,5.27989,2.01257,-107.77877,1.90168,6.53025,17.33087,-31.78379,POM_COL,CAL_TEC,PomonaPitzer,D3,Team,20260418-PomonaPitzer-2,19556690-3b6c-11f1-9995-2d5b6d9285b1,72.79962,2.437,,5.53804,,,,-0.08226,2.437,-0.09818,2406fc0b-637f-4cb9-a9cc-8bc242636732,2026-04-18,21:18:08.60,2026-04-18T14:18:08.6025216-07:00,2026-04-18T21:18:08.6025216Z,GroundBall,v3,643-145631,643-144573,,"Parker, Will",1000474009,Right,POM_COL,6dcb5031-e77c-4f3e-997a-c8ef9fb6499f,55.34376,-108.63465,8.66543,5.14722,3.47132,-15.89189,-1.90617,1.69008,3.26512,235.313449,-0.08219,110.89928,-14.41405,,,,,,,2.43699,-25.36798,-7.14841,,,,,,,-0.0982,57.05656,0.47863,,,,,,,,,,,,,,,,,,,,,,,,,,,,,High,High,High,High,High,,,
47,2026-04-18,14:18:42.80,5,1,"Dennis, Lucas",10274891,Right,POM_COL,"Minatel, William",1000392797,Right,CAL_TEC,Undefined,2,Top,2,0,0,Fastball,Changeup,StrikeCalled,Undefined,Undefined,Undefined,0,0,,82.67681,-1.896601,-3.759658,1966.939985,222.182865,1:30,5.57164,1.73166,5.69014,-25.85123,15.25666,12.68304,1.64528,-0.72047,76.11354,-6.698096,-1.497128,0.46146,,,,,,,,,,,,-7.40906,8.63528,-1.42316,50,5.39567,7.36661,-119.84211,-4.78124,-10.84557,21.74177,-19.53347,POM_COL,CAL_TEC,PomonaPitzer,D3,Team,20260418-PomonaPitzer-2,2daaefc0-3b6c-11f1-9995-2d5b6d9285b1,81.68086,,,6.56327,,,,,,,2406fc0b-637f-4cb9-a9cc-8bc242636732,2026-04-18,21:18:42.80,2026-04-18T14:18:42.8099072-07:00,2026-04-18T21:18:42.8099072Z,,v3,643-145631,643-144573,,"Parker, Will",1000474009,Right,POM_COL,cd9a1273-d07e-43d1-9bfa-56e40b0268c7,54.80834,-120.71129,10.87088,5.5712,-4.00034,-9.76674,-1.72633,7.80019,-5.42279,,,,,,,,,,,,,,,,,,,,,,,,,,,,,,,,,,,,,,,,,,,,,,,,,,,High,High,High,,,,,
48,2026-04-18,14:18:57.40,5,2,"Dennis, Lucas",10274891,Right,POM_COL,"Minatel, William",1000392797,Right,CAL_TEC,Undefined,2,Top,2,0,1,Slider,Curveball,StrikeCalled,Undefined,Undefined,Undefined,0,0,,74.13278,1.883551,-2.293295,2483.666729,60.249095,8:00,5.29092,1.90482,5.4423,-58.43176,-5.96929,-13.59501,2.18728,-1.37652,67.49157,-8.765995,-4.710567,0.52131,,,,,,,,,,,,6.0402,-2.95815,-1.69267,50,5.418,4.82188,-107.40372,1.62616,6.95368,21.10741,-35.57959,POM_COL,CAL_TEC,PomonaPitzer,D3,Team,20260418-PomonaPitzer-2,36663250-3b6c-11f1-9995-2d5b6d9285b1,72.30336,,,6.64121,,,,,,,2406fc0b-637f-4cb9-a9cc-8bc242636732,2026-04-18,21:18:57.40,2026-04-18T14:18:57.4064128-07:00,2026-04-18T21:18:57.4064128Z,,v3,643-145631,643-144573,,"Parker, Will",1000474009,Right,POM_COL,0b17bfd0-b9d2-417a-86db-8b194088e395,55.0563,-108.39285,10.5537,5.30273,3.29348,-17.7898,-1.911,4.49602,3.47684,,,,,,,,,,,,,,,,,,,,,,,,,,,,,,,,,,,,,,,,,,,,,,,,,,,High,High,High,,,,,
49,2026-04-18,14:19:14.44,5,3,"Dennis, Lucas",10274891,Right,POM_COL,"Minatel, William",1000392797,Right,CAL_TEC,Undefined,2,Top,2,0,2,Fastball,Four-Seam,BallCalled,Undefined,Undefined,Undefined,0,0,,85.50915,1.013155,-2.093968,2140.223794,203.456728,12:45,5.6073,1.71539,5.72435,-21.52765,16.74863,6.77331,4.75771,0.32864,78.35884,-3.034753,-0.883635,0.445283,,,,,,,,,,,,-3.95949,8.58819,-1.5446,50,5.67862,4.25252,-124.14091,1.54056,-6.21677,23.42413,-18.68978,POM_COL,CAL_TEC,PomonaPitzer,D3,Team,20260418-PomonaPitzer-2,4082b290-3b6c-11f1-9995-2d5b6d9285b1,84.64826,,,7.15031,,,,,,,2406fc0b-637f-4cb9-a9cc-8bc242636732,2026-04-18,21:19:14.44,2026-04-18T14:19:14.4498176-07:00,2026-04-18T21:19:14.4498176Z,,v3,643-145631,643-144573,,"Parker, Will",1000474009,Right,POM_COL,83a1273b-f2a0-4546-a5de-9b5e6e25e93f,54.77216,-125.03813,11.71206,5.6059,2.25644,-9.34489,-1.71205,4.49064,-3.10838,,,,,,,,,,,,,,,,,,,,,,,,,,,,,,,,,,,,,,,,,,,,,,,,,,,High,High,High,,,,,
50,2026-04-18,14:19:34.35,5,4,"Dennis, Lucas",10274891,Right,POM_COL,"Minatel, William",1000392797,Right,CAL_TEC,Undefined,2,Top,2,1,2,Fastball,Changeup,InPlay,Undefined,FlyBall,Out,1,0,,84.86248,-0.362303,-2.138692,2124.355243,236.422203,2:00,5.46614,1.74709,5.79135,-27.69828,10.81638,14.65631,2.82069,0.97804,78.46531,-5.494429,0.486295,0.446668,76.61339,23.77377,-26.783405,1771.238659,95.4273,35.52095,-54.71373,246.31568,240.08968,-33.258502,3.229795,-8.04583,5.94579,-1.58008,50,5.41954,4.02519,-123.3696,-1.68157,-12.53954,21.96128,-22.90744,POM_COL,CAL_TEC,PomonaPitzer,D3,Team,20260418-PomonaPitzer-2,4c663730-3b6c-11f1-9995-2d5b6d9285b1,84.38589,36.87595,,6.39717,,,,0.95477,2.92403,-0.99867,2406fc0b-637f-4cb9-a9cc-8bc242636732,2026-04-18,21:19:34.35,2026-04-18T14:19:34.3505408-07:00,2026-04-18T21:19:34.3505408Z,LineDrive,v3,643-145631,643-144573,,"Parker, Will",1000474009,Right,POM_COL,e1968143-92a2-4d42-8fd5-5ea760e6a9be,54.70942,-124.2051,10.98064,5.46694,-0.81007,-11.45372,-1.74229,4.50225,-6.26977,,0.95479,91.7989,-15.42,3.41588,-0.6413,0.0899,-0.00489,-0.0012,0.00021,2.92399,45.29795,-16.04625,0.75743,-0.14257,0.05888,-0.02401,0.00577,-0.00054,-0.99868,-46.33717,2.60808,-0.51328,0.06706,-0.00335,-0.00137,0.00046,-5E-05,,,,,,,,,,,,,,,,,,,,,,,High,High,High,High,High,,,
51,2026-04-18,14:21:52.23,1,1,"Flaherty, Brendan",1000224625,Right,CAL_TEC,"Gold, Jack",1000108729,Left,POM_COL,Undefined,2,Bottom,0,0,0,Fastball,Changeup,StrikeCalled,Undefined,Undefined,Undefined,0,0,,82.68407,-1.016824,-2.147542,2123.412135,220.150724,1:15,5.41529,1.81978,5.44682,-26.59395,14.78769,11.40942,2.24636,0.75899,76.02123,-5.94228,-0.11735,0.462994,,,,,,,,,,,,-6.28744,8.10162,-1.63803,50,5.30729,4.02575,-120.00693,-2.9971,-9.22084,21.99672,-20.29263,POM_COL,CAL_TEC,PomonaPitzer,D3,Team,20260418-PomonaPitzer-2,9e9556d0-3b6c-11f1-9995-2d5b6d9285b1,81.41025,,,6.66284,,,,,,,2406fc0b-637f-4cb9-a9cc-8bc242636732,2026-04-18,21:21:52.23,2026-04-18T14:21:52.2335744-07:00,2026-04-18T21:21:52.2335744Z,,v3,643-145631,643-144573,,"Bernhardt, Jack",1000316026,Right,CAL_TEC,48a5974d-c0a5-42eb-8868-00be54eaa76a,55.05094,-120.9292,10.99836,5.41511,-2.14627,-10.14631,-1.81493,4.41236,-4.61042,,,,,,,,,,,,,,,,,,,,,,,,,,,,,,,,,,,,,,,,,,,,,,,,,,,High,High,High,,,,,
52,2026-04-18,14:22:06.89,1,2,"Flaherty, Brendan",1000224625,Right,CAL_TEC,"Gold, Jack",1000108729,Left,POM_COL,Undefined,2,Bottom,0,0,1,Slider,Curveball,BallCalled,Undefined,Undefined,Undefined,0,0,,68.29688,1.332538,-1.286348,2448.674876,54.424403,7:45,5.58308,1.83769,4.84909,-70.5176,-8.053,-13.98694,0.96865,-0.54585,63.21713,-11.293271,-3.754323,0.568838,,,,,,,,,,,,6.54575,-3.81701,-1.69802,50,5.65404,2.73023,-99.0919,0.03841,6.48032,16.47312,-35.95289,POM_COL,CAL_TEC,PomonaPitzer,D3,Team,20260418-PomonaPitzer-2,a7642160-3b6c-11f1-9995-2d5b6d9285b1,66.26221,,,5.07975,,,,,,,2406fc0b-637f-4cb9-a9cc-8bc242636732,2026-04-18,21:22:06.89,2026-04-18T14:22:06.8973568-07:00,2026-04-18T21:22:06.8973568Z,,v3,643-145631,643-144573,,"Bernhardt, Jack",1000316026,Right,CAL_TEC,dad7587f-c278-4c8d-a014-bef85591237f,55.65365,-100.02736,8.23656,5.59389,2.08005,-17.97644,-1.84261,2.36223,3.24016,,,,,,,,,,,,,,,,,,,,,,,,,,,,,,,,,,,,,,,,,,,,,,,,,,,High,High,High,,,,,
53,2026-04-18,14:22:22.56,1,3,"Flaherty, Brendan",1000224625,Right,CAL_TEC,"Gold, Jack",1000108729,Left,POM_COL,Undefined,2,Bottom,0,1,1,Fastball,Changeup,FoulBallNotFieldable,Undefined,Undefined,Undefined,0,0,,84.04809,-0.167434,-2.275667,2141.27891,222.259261,1:30,5.42263,1.74232,5.56209,-24.83076,15.22993,12.68028,3.19686,0.67188,76.77521,-4.804792,-0.015493,0.455544,,,,,,,,,,,,-7.0317,8.12867,-1.55436,50,5.39203,4.31809,-121.961,-1.14863,-10.59342,23.93686,-19.92805,POM_COL,CAL_TEC,PomonaPitzer,D3,Team,20260418-PomonaPitzer-2,b0a62020-3b6c-11f1-9995-2d5b6d9285b1,82.74156,,,7.27288,,,,,,,2406fc0b-637f-4cb9-a9cc-8bc242636732,2026-04-18,21:22:22.56,2026-04-18T14:22:22.5668096-07:00,2026-04-18T21:22:22.5668096Z,,v3,643-145631,643-144573,,"Bernhardt, Jack",1000316026,Right,CAL_TEC,605a1f6f-1ccc-43a3-af7f-4b5e1dfc6566,54.93567,-122.92589,11.96843,5.42214,-0.34533,-9.96403,-1.73702,4.74511,-5.29671,,,,,,,,,,,,,,,,,,,,,,,,,,,,,,,,,,,,,,,,,,,,,,,,,,,High,High,High,,,,,
54,2026-04-18,14:22:41.56,1,4,"Flaherty, Brendan",1000224625,Right,CAL_TEC,"Gold, Jack",1000108729,Left,POM_COL,Undefined,2,Bottom,0,1,2,ChangeUp,Changeup,InPlay,Undefined,GroundBall,Out,1,0,,80.12832,-0.091251,-2.406056,1412.030355,243.058122,2:00,5.33552,1.84158,5.90788,-35.00781,8.31843,13.77607,2.33343,0.75497,73.71169,-6.575969,0.066893,0.473748,93.02732,-5.879433,18.811383,,,,,21.42617,20.43748,15.77836,0.150979,-7.75162,4.66981,-1.65646,50,5.30803,4.38146,-116.40719,-1.26075,-10.67306,21.14453,-25.74427,POM_COL,CAL_TEC,PomonaPitzer,D3,Team,20260418-PomonaPitzer-2,bbff8d30-3b6c-11f1-9995-2d5b6d9285b1,79.5623,2.39011,,6.41663,,,,1.61719,2.39011,-0.77457,2406fc0b-637f-4cb9-a9cc-8bc242636732,2026-04-18,21:22:41.56,2026-04-18T14:22:41.5610368-07:00,2026-04-18T21:22:41.5610368Z,GroundBall,v3,643-145631,643-144573,,"Bernhardt, Jack",1000316026,Right,CAL_TEC,75d29e4e-8bd6-4aaf-a2f8-7b1d91d2fe1f,54.59238,-117.23839,10.57226,5.33769,-0.24873,-12.87213,-1.83695,4.80102,-5.33653,253.047055,1.61762,128.43477,-17.11653,,,,,,,2.3902,-13.98428,-12.23792,,,,,,,-0.77462,43.76862,-0.32194,,,,,,,,,,,,,,,,,,,,,,,,,,,,,High,High,High,High,High,,,
55,2026-04-18,14:23:13.37,2,1,"Flaherty, Brendan",1000224625,Right,CAL_TEC,"Wakil, Lateef",1000128267,Left,POM_COL,Undefined,2,Bottom,1,0,0,Fastball,Changeup,StrikeCalled,Undefined,Undefined,Undefined,0,0,,83.16671,-2.031553,-2.844687,2300.003409,229.41063,1:45,5.5638,1.86918,5.47378,-26.02592,14.86749,15.89178,1.49075,0.52931,76.59925,-6.843598,-0.016151,0.460254,,,,,,,,,,,,-8.74008,8.40981,-1.63019,50,5.36746,5.33658,-120.62693,-5.1322,-12.96119,22.04296,-19.70267,POM_COL,CAL_TEC,PomonaPitzer,D3,Team,20260418-PomonaPitzer-2,cef5d480-3b6c-11f1-9995-2d5b6d9285b1,81.89481,,,6.56746,,,,,,,2406fc0b-637f-4cb9-a9cc-8bc242636732,2026-04-18,21:23:13.37,2026-04-18T14:23:13.3778944-07:00,2026-04-18T21:23:13.3778944Z,,v3,643-145631,643-144573,,"Bernhardt, Jack",1000316026,Right,CAL_TEC,ed0af32c-87ea-4733-9c15-d2e55171b4b9,55.02515,-121.54174,11.02148,5.56348,-4.31452,-9.85134,-1.86283,5.87449,-6.4806,,,,,,,,,,,,,,,,,,,,,,,,,,,,,,,,,,,,,,,,,,,,,,,,,,,High,High,High,,,,,
56,2026-04-18,14:23:28.53,2,2,"Flaherty, Brendan",1000224625,Right,CAL_TEC,"Wakil, Lateef",1000128267,Left,POM_COL,Undefined,2,Bottom,1,0,1,Fastball,Changeup,InPlay,Undefined,GroundBall,Single,0,0,,85.1265,-1.163144,-2.759536,2147.581554,230.716087,1:45,5.47808,1.84211,5.6013,-23.8195,14.94741,16.84895,2.40586,0.66802,78.33418,-5.59509,0.245603,0.448128,97.36036,4.1921,-12.626251,1929.668089,,,,101.24886,92.92504,-17.045301,0.778207,-9.28103,8.2339,-1.61701,50,5.36301,5.2635,-123.58315,-3.28189,-14.45333,23.0263,-19.35138,POM_COL,CAL_TEC,PomonaPitzer,D3,Team,20260418-PomonaPitzer-2,d7f9b8d0-3b6c-11f1-9995-2d5b6d9285b1,84.11093,3.70045,,6.79232,,,,-0.04371,2.15741,-0.62038,2406fc0b-637f-4cb9-a9cc-8bc242636732,2026-04-18,21:23:28.53,2026-04-18T14:23:28.5317120-07:00,2026-04-18T21:23:28.5317120Z,GroundBall,v3,643-145631,643-144573,,"Bernhardt, Jack",1000316026,Right,CAL_TEC,8fb13173-5a9b-4dd3-858d-ecf95478a2a0,54.89879,-124.49256,11.51315,5.47753,-2.51762,-9.67569,-1.83616,5.83433,-7.22667,88.040739,0.00504,138.12419,-17.73194,,,,,,,2.18568,9.94792,-16.43587,,,,,,,-0.57092,-31.99741,-7.02161,,,,,,,,,,,,,,,,,,,,,,,,,,,,,High,High,High,High,High,,,
57,2026-04-18,14:24:07.94,3,1,"Flaherty, Brendan",1000224625,Right,CAL_TEC,"Hu, Landon",1000261921,Left,POM_COL,Undefined,2,Bottom,1,0,0,Fastball,Changeup,InPlay,Undefined,LineDrive,Single,0,0,,84.19677,-0.619352,-2.957605,2174.821351,229.403992,1:45,5.56199,1.90574,5.41646,-23.576,16.78611,18.00552,3.01633,0.63312,76.54231,-5.032681,0.241412,0.457255,100.9749,8.270613,-17.515177,1812.665554,102.45288,8.66002,-40.04146,175.88217,174.14765,-23.402883,1.395473,-9.90292,9.01579,-1.65573,50,5.49086,5.53843,-122.03438,-2.07469,-14.86647,25.02439,-18.63931,POM_COL,CAL_TEC,PomonaPitzer,D3,Team,20260418-PomonaPitzer-2,ef727b00-3b6c-11f1-9995-2d5b6d9285b1,82.432,9.33659,,7.65446,,,,0.36079,2.9326,-0.60822,2406fc0b-637f-4cb9-a9cc-8bc242636732,2026-04-18,21:24:07.94,2026-04-18T14:24:07.9405056-07:00,2026-04-18T21:24:07.9405056Z,LineDrive,v3,643-145631,643-144573,,"Bernhardt, Jack",1000316026,Right,CAL_TEC,6723799f-9610-4d2a-9e2b-10977d103d53,55.08145,-123.07197,12.5122,5.56086,-1.30184,-9.31966,-1.89815,6.15484,-7.43324,93.305236,0.36079,139.7608,-21.90342,3.98207,-0.46014,-0.31945,0.30842,-0.12399,0.02002,2.93261,21.30378,-18.65864,1.84078,-0.68853,0.51055,-0.32279,0.11996,-0.01892,-0.60823,-44.10845,-5.99263,1.60893,0.63099,-1.36581,1.03425,-0.40022,0.06397,,,,,,,,,,,,,,,,,,,,,,,High,High,High,High,High,,,
58,2026-04-18,14:24:45.20,4,1,"Flaherty, Brendan",1000224625,Right,CAL_TEC,"Savas, Peter",1000276389,Right,POM_COL,Undefined,2,Bottom,1,0,0,Fastball,Changeup,StrikeCalled,Undefined,Undefined,Undefined,0,0,,84.00938,-0.29916,-3.226527,2143.770941,239.307115,2:00,5.50802,1.93617,5.54678,-26.4549,13.78776,21.01277,3.02343,0.66885,76.58698,-5.228345,0.515507,0.456578,,,,,,,,,,,,-11.43347,7.44044,-1.67044,50,5.46478,5.97116,-121.80062,-1.49576,-17.15131,24.24123,-21.01268,POM_COL,CAL_TEC,PomonaPitzer,D3,Team,20260418-PomonaPitzer-2,060f3510-3b6d-11f1-9995-2d5b6d9285b1,82.55429,,,7.4224,,,,,,,2406fc0b-637f-4cb9-a9cc-8bc242636732,2026-04-18,21:24:45.20,2026-04-18T14:24:45.2080640-07:00,2026-04-18T21:24:45.2080640Z,,v3,643-145631,643-144573,,"Bernhardt, Jack",1000316026,Right,CAL_TEC,8fa08e1a-b3b3-4cd3-b910-0a823746caef,54.95105,-122.78205,12.12062,5.50811,-0.64505,-10.50634,-1.92624,6.66554,-8.57566,,,,,,,,,,,,,,,,,,,,,,,,,,,,,,,,,,,,,,,,,,,,,,,,,,,High,High,High,,,,,
59,2026-04-18,14:25:00.77,4,2,"Flaherty, Brendan",1000224625,Right,CAL_TEC,"Savas, Peter",1000276389,Right,POM_COL,Undefined,2,Bottom,1,0,1,Slider,Curveball,BallCalled,Undefined,Undefined,Undefined,0,0,,70.34484,3.866458,-1.144521,2269.63625,83.767461,8:45,5.20101,1.97528,4.9214,-58.68322,-0.03602,-16.40036,3.97245,-0.47362,64.5931,-6.748858,-4.028998,0.551182,,,,,,,,,,,,7.72693,-0.4748,-1.8495,50,5.52982,2.65807,-101.87446,4.97547,8.14106,16.33766,-32.67428,POM_COL,CAL_TEC,PomonaPitzer,D3,Team,20260418-PomonaPitzer-2,0f00a2d0-3b6d-11f1-9995-2d5b6d9285b1,68.38474,,,5.75174,,,,,,,2406fc0b-637f-4cb9-a9cc-8bc242636732,2026-04-18,21:25:00.77,2026-04-18T14:25:00.7748608-07:00,2026-04-18T21:25:00.7748608Z,,v3,643-145631,643-144573,,"Bernhardt, Jack",1000316026,Right,CAL_TEC,2f47dbc0-ad40-4045-b13d-cd2878a18533,55.57838,-102.76517,8.16883,5.21,6.75684,-16.33714,-1.98231,2.21423,4.07053,,,,,,,,,,,,,,,,,,,,,,,,,,,,,,,,,,,,,,,,,,,,,,,,,,,High,High,High,,,,,
60,2026-04-18,14:25:17.88,4,3,"Flaherty, Brendan",1000224625,Right,CAL_TEC,"Savas, Peter",1000276389,Right,POM_COL,Undefined,2,Bottom,1,1,1,Fastball,Changeup,InPlay,Undefined,GroundBall,Out,1,0,,84.95992,-1.137043,-3.80919,2110.58267,235.67107,1:45,5.57072,1.6187,5.65072,-23.94541,15.3367,20.54414,2.51227,-0.22732,77.39482,-5.621175,-0.146516,0.451096,71.95509,-1.075008,29.557231,3806.376323,,,,33.18976,30.89254,31.031356,0.321873,-11.52953,8.49197,-1.30887,50,5.4591,7.3465,-123.11091,-3.20394,-17.64402,25.09716,-19.17855,POM_COL,CAL_TEC,PomonaPitzer,D3,Team,20260418-PomonaPitzer-2,1926e710-3b6d-11f1-9995-2d5b6d9285b1,83.5575,2.34811,,7.5651,,,,0.439,2.34811,0.21656,2406fc0b-637f-4cb9-a9cc-8bc242636732,2026-04-18,21:25:17.88,2026-04-18T14:25:17.8801664-07:00,2026-04-18T21:25:17.8801664Z,GroundBall,v3,643-145631,643-144573,,"Bernhardt, Jack",1000316026,Right,CAL_TEC,8aecc812-102b-432b-af2c-4fb954f76178,54.84856,-124.09539,12.54858,5.57003,-2.45163,-9.58928,-1.61062,8.03861,-8.82201,276.722519,0.44199,91.66001,-14.55504,,,,,,,2.35019,-2.06572,-16.28819,,,,,,,0.215,52.11493,1.17453,,,,,,,,,,,,,,,,,,,,,,,,,,,,,High,High,High,High,High,,,
61,2026-04-18,14:25:56.93,5,1,"Flaherty, Brendan",1000224625,Right,CAL_TEC,"Gonzaga, Kai",10138924,Left,POM_COL,Undefined,2,Bottom,2,0,0,Fastball,Changeup,FoulBallNotFieldable,Undefined,Undefined,Undefined,0,0,,85.48278,-1.594159,-2.899673,2183.433675,233.560668,1:45,5.57659,1.79521,5.44339,-23.5408,15.49005,19.2393,2.11994,0.68118,78.01794,-5.981238,0.521855,0.449651,59.51562,-29.83432,-126.05073,,,,,3.83712,3.83712,-111.58797,0.046847,-10.49902,8.63079,-1.55245,50,5.41957,5.45098,-123.91681,-4.22553,-16.29528,25.18003,-18.7784,POM_COL,CAL_TEC,PomonaPitzer,D3,Team,20260418-PomonaPitzer-2,306d75b0-3b6d-11f1-9995-2d5b6d9285b1,83.82603,2.04278,,7.46484,,,,0.68442,2.04278,-0.68815,2406fc0b-637f-4cb9-a9cc-8bc242636732,2026-04-18,21:25:56.93,2026-04-18T14:25:56.9373696-07:00,2026-04-18T21:25:56.9373696Z,GroundBall,v3,643-145631,643-144573,,"Bernhardt, Jack",1000316026,Right,CAL_TEC,178f1d6b-0c10-44b5-bed6-79241957a9fb,55.05528,-124.93982,12.59002,5.57575,-3.4626,-9.3892,-1.78736,6.11303,-8.14764,,0.6858,-44.74562,,,,,,,,2.04413,-43.60511,,,,,,,,-0.68624,-61.47253,,,,,,,,,,,,,,,,,,,,,,,,,,,,,,High,High,High,Estimated,Estimated,,,
62,2026-04-18,14:26:22.71,5,2,"Flaherty, Brendan",1000224625,Right,CAL_TEC,"Gonzaga, Kai",10138924,Left,POM_COL,Undefined,2,Bottom,2,0,1,Slider,Curveball,BallCalled,Undefined,Undefined,Undefined,0,0,,69.00397,1.943258,-1.084309,2470.924301,62.248592,8:00,5.77112,1.62877,4.66046,-68.84669,-7.05016,-17.15997,1.88097,-0.83141,63.53723,-10.378039,-4.098307,0.565788,,,,,,,,,,,,8.03591,-3.37095,-1.50176,50,5.90697,2.54602,-100.02722,1.0914,8.09102,17.07094,-35.56813,POM_COL,CAL_TEC,PomonaPitzer,D3,Team,20260418-PomonaPitzer-2,3fd58d30-3b6d-11f1-9995-2d5b6d9285b1,66.6194,,,5.46674,,,,,,,2406fc0b-637f-4cb9-a9cc-8bc242636732,2026-04-18,21:26:22.71,2026-04-18T14:26:22.7112960-07:00,2026-04-18T21:26:22.7112960Z,,v3,643-145631,643-144573,,"Bernhardt, Jack",1000316026,Right,CAL_TEC,b211aaf9-6bfe-46e1-991f-e0a9b91bcc62,55.84115,-101.01917,8.53547,5.7835,3.15817,-17.78406,-1.63604,2.07588,4.04551,,,,,,,,,,,,,,,,,,,,,,,,,,,,,,,,,,,,,,,,,,,,,,,,,,,High,High,High,,,,,
63,2026-04-18,14:26:41.55,5,3,"Flaherty, Brendan",1000224625,Right,CAL_TEC,"Gonzaga, Kai",10138924,Left,POM_COL,Undefined,2,Bottom,2,1,1,Fastball,Four-Seam,FoulBallNotFieldable,Undefined,Undefined,Undefined,0,0,,85.47741,-0.966504,-2.964309,2259.950376,220.224773,1:15,5.45802,1.70499,5.89024,-22.48789,16.08332,12.48583,2.68533,-0.00937,77.56376,-5.21594,-0.726613,0.446995,,,,,,,,,,,,-7.29252,8.91276,-1.47322,50,5.36723,5.91161,-123.93351,-2.76364,-11.25349,26.57647,-18.42031,POM_COL,CAL_TEC,PomonaPitzer,D3,Team,20260418-PomonaPitzer-2,4b496010-3b6d-11f1-9995-2d5b6d9285b1,84.32401,,,7.91365,,,,,,,2406fc0b-637f-4cb9-a9cc-8bc242636732,2026-04-18,21:26:41.55,2026-04-18T14:26:41.5502848-07:00,2026-04-18T21:26:41.5502848Z,,v3,643-145631,643-144573,,"Bernhardt, Jack",1000316026,Right,CAL_TEC,078a1096-b365-43e7-ac8f-906c6c9560b0,54.60744,-124.91763,13.28824,5.45694,-2.08154,-9.21016,-1.69984,6.32833,-5.62675,,,,,,,,,,,,,,,,,,,,,,,,,,,,,,,,,,,,,,,,,,,,,,,,,,,High,High,High,,,,,
64,2026-04-18,14:27:13.18,5,4,"Flaherty, Brendan",1000224625,Right,CAL_TEC,"Gonzaga, Kai",10138924,Left,POM_COL,Undefined,2,Bottom,2,1,2,ChangeUp,Changeup,HitByPitch,Undefined,Undefined,Undefined,0,0,,81.2975,-1.156572,-5.031383,1840.648679,229.833323,1:45,5.50792,1.83147,6.03104,-30.41281,12.22221,12.72642,1.89819,-1.77933,73.87536,-6.843322,-2.753028,0.469953,,,,,,,,,,,,-8.19729,7.05351,-1.44476,50,5.4007,9.89422,-117.63192,-3.27441,-11.37906,24.24955,-22.38277,POM_COL,CAL_TEC,PomonaPitzer,D3,Team,20260418-PomonaPitzer-2,5ddd3c10-3b6d-11f1-9995-2d5b6d9285b1,80.20469,,,7.42214,,,,,,,2406fc0b-637f-4cb9-a9cc-8bc242636732,2026-04-18,21:27:13.18,2026-04-18T14:27:13.1887616-07:00,2026-04-18T21:27:13.1887616Z,,v3,643-145631,643-144573,,"Bernhardt, Jack",1000316026,Right,CAL_TEC,dcc17701-274e-4a7b-9ce6-21a3fb6990ec,54.46905,-118.54962,12.12478,5.50859,-2.42736,-11.19138,-1.82735,10.32485,-5.68953,,,,,,,,,,,,,,,,,,,,,,,,,,,,,,,,,,,,,,,,,,,,,,,,,,,High,High,High,,,,,
65,2026-04-18,14:27:48.94,6,1,"Flaherty, Brendan",1000224625,Right,CAL_TEC,"Pierantoni, Greg",1000091552,Right,POM_COL,Undefined,2,Bottom,2,0,0,Slider,Curveball,StrikeCalled,Undefined,Undefined,Undefined,0,0,,70.53361,2.295326,-2.273576,2241.17012,97.66395,9:15,5.15799,2.04167,5.13779,-54.11605,3.33264,-12.74607,2.81256,-1.16252,65.35596,-7.509428,-4.524264,0.545521,,,,,,,,,,,,5.75359,1.60221,-1.81834,50,5.33156,4.52765,-102.31623,2.40425,6.15015,15.55887,-30.46143,POM_COL,CAL_TEC,PomonaPitzer,D3,Team,20260418-PomonaPitzer-2,7339d500-3b6d-11f1-9995-2d5b6d9285b1,69.09437,,,5.17765,,,,,,,2406fc0b-637f-4cb9-a9cc-8bc242636732,2026-04-18,21:27:48.94,2026-04-18T14:27:48.9435648-07:00,2026-04-18T21:27:48.9435648Z,,v3,643-145631,643-144573,,"Bernhardt, Jack",1000316026,Right,CAL_TEC,aa39f8b7-b1b5-4aba-aab6-d6550a3e5219,55.36191,-103.12838,7.77944,5.16456,3.99428,-15.23072,-2.04629,4.20662,3.07508,,,,,,,,,,,,,,,,,,,,,,,,,,,,,,,,,,,,,,,,,,,,,,,,,,,High,High,High,,,,,
66,2026-04-18,14:28:02.90,6,2,"Flaherty, Brendan",1000224625,Right,CAL_TEC,"Pierantoni, Greg",1000091552,Right,POM_COL,Undefined,2,Bottom,2,0,1,Slider,Curveball,FoulBallNotFieldable,Undefined,Undefined,Undefined,0,0,,70.14236,1.684745,-2.193921,2316.413279,62.260964,8:00,5.17846,1.99681,4.82557,-65.27181,-6.13103,-15.03776,1.33639,-1.3352,64.94727,-10.008134,-4.839475,0.553497,,,,,,,,,,,,6.85453,-3.05512,-1.76535,50,5.28884,4.44952,-101.73315,0.84995,7.18015,16.76386,-35.3743,POM_COL,CAL_TEC,PomonaPitzer,D3,Team,20260418-PomonaPitzer-2,7b93e4c0-3b6d-11f1-9995-2d5b6d9285b1,68.09878,,,5.19509,,,,,,,2406fc0b-637f-4cb9-a9cc-8bc242636732,2026-04-18,21:28:02.90,2026-04-18T14:28:02.9090304-07:00,2026-04-18T21:28:02.9090304Z,,v3,643-145631,643-144573,,"Bernhardt, Jack",1000316026,Right,CAL_TEC,960f26e6-e166-4ab1-bca2-0b5088fc6999,55.67727,-102.6644,8.38193,5.18705,2.81503,-17.68715,-2.00145,4.05065,3.59008,,,,,,,,,,,,,,,,,,,,,,,,,,,,,,,,,,,,,,,,,,,,,,,,,,,High,High,High,,,,,
67,2026-04-18,14:28:22.96,6,3,"Flaherty, Brendan",1000224625,Right,CAL_TEC,"Pierantoni, Greg",1000091552,Right,POM_COL,Undefined,2,Bottom,2,0,2,Fastball,Four-Seam,BallCalled,Undefined,Undefined,Undefined,0,0,,85.99591,0.192681,-3.705972,2203.988216,212.46845,1:00,5.4937,1.86347,5.71637,-22.49371,15.81154,9.25256,3.79909,-0.82258,78.10921,-4.041699,-2.056246,0.445452,,,,,,,,,,,,-5.73339,8.34481,-1.55882,50,5.49606,7.67263,-124.5714,-0.27504,-8.97484,25.91642,-19.11143,POM_COL,CAL_TEC,PomonaPitzer,D3,Team,20260418-PomonaPitzer-2,8781f0b0-3b6d-11f1-9995-2d5b6d9285b1,84.61624,,,7.8867,,,,,,,2406fc0b-637f-4cb9-a9cc-8bc242636732,2026-04-18,21:28:22.96,2026-04-18T14:28:22.9615104-07:00,2026-04-18T21:28:22.9615104Z,,v3,643-145631,643-144573,,"Bernhardt, Jack",1000316026,Right,CAL_TEC,d1657240-d9d6-4850-8639-2b13667bdcb7,54.77934,-125.56178,12.95821,5.49262,0.45529,-9.55572,-1.85857,8.0156,-4.48742,,,,,,,,,,,,,,,,,,,,,,,,,,,,,,,,,,,,,,,,,,,,,,,,,,,High,High,High,,,,,
68,2026-04-18,14:28:42.03,6,4,"Flaherty, Brendan",1000224625,Right,CAL_TEC,"Pierantoni, Greg",1000091552,Right,POM_COL,Undefined,2,Bottom,2,1,2,Fastball,Four-Seam,FoulBallNotFieldable,Undefined,Undefined,Undefined,0,0,,85.95714,-0.787171,-2.589313,2226.045243,218.476627,1:15,5.44885,1.71577,5.59415,-22.23021,16.32257,11.92386,2.86057,0.29019,77.96926,-4.969598,-0.463344,0.446889,,,,,,,,,,,,-6.74008,8.86556,-1.50124,50,5.36708,5.11282,-124.57615,-2.40955,-10.52131,26.58336,-18.33483,POM_COL,CAL_TEC,PomonaPitzer,D3,Team,20260418-PomonaPitzer-2,92dd5990-3b6d-11f1-9995-2d5b6d9285b1,84.34416,,,7.98788,,,,,,,2406fc0b-637f-4cb9-a9cc-8bc242636732,2026-04-18,21:28:42.03,2026-04-18T14:28:42.0383744-07:00,2026-04-18T21:28:42.0383744Z,,v3,643-145631,643-144573,,"Bernhardt, Jack",1000316026,Right,CAL_TEC,da30e9d2-62ce-4ec1-bf6e-88336ac5ffa3,54.90105,-125.61763,13.29168,5.44741,-1.69123,-9.16741,-1.70962,5.52502,-5.26065,,,,,,,,,,,,,,,,,,,,,,,,,,,,,,,,,,,,,,,,,,,,,,,,,,,High,High,High,,,,,
69,2026-04-18,14:29:07.46,6,5,"Flaherty, Brendan",1000224625,Right,CAL_TEC,"Pierantoni, Greg",1000091552,Right,POM_COL,Undefined,2,Bottom,2,1,2,Slider,Curveball,FoulBallNotFieldable,Undefined,Undefined,Undefined,0,0,,71.05653,2.839241,-0.284999,2355.510326,65.442478,8:15,5.16104,1.95977,5.46565,-60.36889,-4.21051,-12.90977,2.78981,0.61722,65.45883,-8.159474,-2.584301,0.53936,,,,,,,,,,,,6.46189,-2.45323,-1.92542,50,5.36925,0.96421,-103.15156,3.27057,6.9714,16.94713,-34.82071,POM_COL,CAL_TEC,PomonaPitzer,D3,Team,20260418-PomonaPitzer-2,a20a3cd0-3b6d-11f1-9995-2d5b6d9285b1,69.88366,,,5.59771,,,,,,,2406fc0b-637f-4cb9-a9cc-8bc242636732,2026-04-18,21:29:07.46,2026-04-18T14:29:07.4615296-07:00,2026-04-18T21:29:07.4615296Z,,v3,643-145631,643-144573,,"Bernhardt, Jack",1000316026,Right,CAL_TEC,a153ab0e-713a-4fc4-b907-ed452b867313,55.03645,-103.97573,8.47357,5.16902,4.96395,-17.41035,-1.96407,0.62518,3.4857,,,,,,,,,,,,,,,,,,,,,,,,,,,,,,,,,,,,,,,,,,,,,,,,,,,High,High,High,,,,,
70,2026-04-18,14:29:37.35,6,6,"Flaherty, Brendan",1000224625,Right,CAL_TEC,"Pierantoni, Greg",1000091552,Right,POM_COL,Undefined,2,Bottom,2,1,2,Slider,Curveball,InPlay,Undefined,FlyBall,Out,1,0,,70.59253,2.389015,-0.595745,2265.06362,69.657576,8:15,5.13191,1.80193,4.78518,-60.29889,-2.30252,-10.64205,2.37274,0.35042,65.46457,-8.442705,-2.467634,0.548115,90.87696,26.858472,-20.738426,1355.108688,102.82481,45.2176,-39.07567,338.47348,328.42808,-22.229341,4.071386,5.12162,-1.31969,-1.73249,50,5.31733,1.4606,-102.46635,2.27859,5.49103,15.59426,-33.58892,POM_COL,CAL_TEC,PomonaPitzer,D3,Team,20260418-PomonaPitzer-2,b3e0e350-3b6d-11f1-9995-2d5b6d9285b1,68.76736,56.92733,,5.12796,,,,2.14305,2.28979,-0.38059,2406fc0b-637f-4cb9-a9cc-8bc242636732,2026-04-18,21:29:37.35,2026-04-18T14:29:37.3579776-07:00,2026-04-18T21:29:37.3579776Z,LineDrive,v3,643-145631,643-144573,,"Bernhardt, Jack",1000316026,Right,CAL_TEC,88dddcfa-09fb-40dc-91a8-914fe53fe15e,55.71702,-103.33275,7.79713,5.13889,4.14476,-16.79446,-1.80516,1.15552,2.74552,169.901615,2.14434,111.16814,-12.55571,1.61992,-0.03485,-0.12336,0.04088,-0.00539,0.00025,2.28915,60.23351,-18.84685,1.70592,-0.42961,0.11785,-0.01962,0.00155,-5E-05,-0.3809,-42.0967,4.20147,-0.63782,0.0318,0.04654,-0.02059,0.00387,-0.00029,,,,,,,,,,,,,,,,,,,,,,,High,High,High,Medium,High,,,
71,2026-04-18,14:31:27.49,1,1,"Dennis, Lucas",10274891,Right,POM_COL,"Alderete, Levi",1000392793,Right,CAL_TEC,Undefined,3,Top,0,0,0,Fastball,Changeup,BallCalled,Undefined,Undefined,Undefined,0,0,,82.23403,-1.340456,-4.296744,2005.89218,234.293922,1:45,5.41935,1.77417,5.62879,-32.3171,9.20091,11.1189,1.47176,-1.31595,76.08623,-7.272261,-2.317086,0.463756,,,,,,,,,,,,-6.69603,5.38532,-1.41491,50,5.28413,8.51138,-119.20151,-3.86423,-9.73679,20.63029,-24.3432,POM_COL,CAL_TEC,PomonaPitzer,D3,Team,20260418-PomonaPitzer-2,f57fe630-3b6d-11f1-9995-2d5b6d9285b1,81.2764,,,6.1478,,,,,,,2406fc0b-637f-4cb9-a9cc-8bc242636732,2026-04-18,21:31:27.49,2026-04-18T14:31:27.4924544-07:00,2026-04-18T21:31:27.4924544Z,,v3,643-145631,643-144573,,"Parker, Will",1000474009,Right,POM_COL,9c749620-3f8f-42bc-a5c2-4f26bcaad8a9,54.87048,-120.04148,10.31514,5.42129,-2.87307,-12.1716,-1.76953,8.90782,-4.86839,,,,,,,,,,,,,,,,,,,,,,,,,,,,,,,,,,,,,,,,,,,,,,,,,,,High,High,High,,,,,
72,2026-04-18,14:31:41.91,1,2,"Dennis, Lucas",10274891,Right,POM_COL,"Alderete, Levi",1000392793,Right,CAL_TEC,Undefined,3,Top,0,1,0,Fastball,Changeup,StrikeCalled,Undefined,Undefined,Undefined,0,0,,82.18268,0.253729,-2.179263,2075.791443,209.904223,1:00,5.47971,1.71335,5.53769,-28.75257,13.08414,6.78205,3.32099,0.24067,75.30023,-5.080997,-0.971145,0.465533,,,,,,,,,,,,-3.97587,6.94201,-1.52871,50,5.48282,4.25527,-119.25439,-0.40195,-5.74581,22.17604,-22.1417,POM_COL,CAL_TEC,PomonaPitzer,D3,Team,20260418-PomonaPitzer-2,fe0c77a0-3b6d-11f1-9995-2d5b6d9285b1,80.96626,,,6.88245,,,,,,,2406fc0b-637f-4cb9-a9cc-8bc242636732,2026-04-18,21:31:41.91,2026-04-18T14:31:41.9198464-07:00,2026-04-18T21:31:41.9198464Z,,v3,643-145631,643-144573,,"Parker, Will",1000474009,Right,POM_COL,9c7a1e92-1a57-4ad2-84c2-fdfd6829adfc,54.9583,-120.17287,11.08802,5.48047,0.51511,-11.07085,-1.70989,4.49325,-2.8729,,,,,,,,,,,,,,,,,,,,,,,,,,,,,,,,,,,,,,,,,,,,,,,,,,,High,High,High,,,,,
73,2026-04-18,14:31:59.75,1,3,"Dennis, Lucas",10274891,Right,POM_COL,"Alderete, Levi",1000392793,Right,CAL_TEC,Undefined,3,Top,0,1,1,Slider,Curveball,BallCalled,Undefined,Undefined,Undefined,0,0,,72.11862,3.689737,-0.752325,2439.691802,79.493623,8:45,5.34807,2.00744,5.44928,-55.96511,-0.65535,-13.59552,4.14375,0.17011,65.42079,-6.57327,-3.16893,0.535269,,,,,,,,,,,,6.49319,-0.75811,-1.93192,50,5.63667,1.88755,-104.39901,4.97453,7.0972,19.15581,-33.00268,POM_COL,CAL_TEC,PomonaPitzer,D3,Team,20260418-PomonaPitzer-2,08b5f5a0-3b6e-11f1-9995-2d5b6d9285b1,70.41772,,,6.69784,,,,,,,2406fc0b-637f-4cb9-a9cc-8bc242636732,2026-04-18,21:31:59.75,2026-04-18T14:31:59.7534208-07:00,2026-04-18T21:31:59.7534208Z,,v3,643-145631,643-144573,,"Parker, Will",1000474009,Right,POM_COL,23d746e9-5c0a-456e-86bd-50c0e93a5447,55.04726,-105.32104,9.5779,5.359,6.56305,-16.50134,-2.01455,1.54594,3.5486,,,,,,,,,,,,,,,,,,,,,,,,,,,,,,,,,,,,,,,,,,,,,,,,,,,High,High,High,,,,,
74,2026-04-18,14:32:16.52,1,4,"Dennis, Lucas",10274891,Right,POM_COL,"Alderete, Levi",1000392793,Right,CAL_TEC,Undefined,3,Top,0,2,1,Fastball,Changeup,StrikeCalled,Undefined,Undefined,Undefined,0,0,,80.67729,-0.822573,-4.167021,1933.367033,231.579785,1:45,5.40411,1.99536,5.91989,-32.31321,10.54249,11.63209,1.94593,-0.90909,74.2171,-6.812554,-2.084671,0.471168,,,,,,,,,,,,-7.03315,6.03851,-1.66763,50,5.31974,8.07494,-116.95878,-2.67213,-9.79072,21.02964,-23.76794,POM_COL,CAL_TEC,PomonaPitzer,D3,Team,20260418-PomonaPitzer-2,12b5c620-3b6e-11f1-9995-2d5b6d9285b1,79.9979,,,6.46019,,,,,,,2406fc0b-637f-4cb9-a9cc-8bc242636732,2026-04-18,21:32:16.52,2026-04-18T14:32:16.5258240-07:00,2026-04-18T21:32:16.5258240Z,,v3,643-145631,643-144573,,"Parker, Will",1000474009,Right,POM_COL,50aa31c1-3da7-4c84-b7e5-d0b0e4f0caee,54.57823,-117.77909,10.51482,5.40589,-1.74501,-11.88397,-1.99007,8.45684,-4.89536,,,,,,,,,,,,,,,,,,,,,,,,,,,,,,,,,,,,,,,,,,,,,,,,,,,High,High,High,,,,,
75,2026-04-18,14:32:33.22,1,5,"Dennis, Lucas",10274891,Right,POM_COL,"Alderete, Levi",1000392793,Right,CAL_TEC,Undefined,3,Top,0,2,2,Fastball,Changeup,FoulBallNotFieldable,Undefined,Undefined,Undefined,0,0,,84.7917,-1.246839,-2.879971,2109.657401,229.384402,1:45,5.68138,1.5559,5.63534,-29.3036,9.90516,10.12575,2.07451,-0.28945,77.85263,-6.65932,-1.072645,0.450674,43.31165,-37.206144,155.079015,,,,,1.91528,1.91528,131.731089,0.052834,-5.94126,5.72796,-1.31755,50,5.5565,5.77551,-123.01969,-3.66173,-9.12563,23.8804,-23.37608,POM_COL,CAL_TEC,PomonaPitzer,D3,Team,20260418-PomonaPitzer-2,1ca51be0-3b6e-11f1-9995-2d5b6d9285b1,83.63562,2.04547,,6.93908,,,,1.16847,2.04547,0.29408,2406fc0b-637f-4cb9-a9cc-8bc242636732,2026-04-18,21:32:33.22,2026-04-18T14:32:33.2251136-07:00,2026-04-18T21:32:33.2251136Z,GroundBall,v3,643-145631,643-144573,,"Parker, Will",1000474009,Right,POM_COL,d006d6f2-0599-4098-a0a3-a41266bda3cd,54.86393,-123.96027,11.9402,5.68259,-2.74101,-11.68804,-1.55211,6.13494,-4.56282,,1.17155,-46.24594,,,,,,,,2.04805,-38.71518,,,,,,,,0.29264,21.48724,,,,,,,,,,,,,,,,,,,,,,,,,,,,,,High,High,High,Estimated,Estimated,,,
76,2026-04-18,14:33:03.93,1,6,"Dennis, Lucas",10274891,Right,POM_COL,"Alderete, Levi",1000392793,Right,CAL_TEC,Undefined,3,Top,0,2,2,Slider,Curveball,InPlay,Undefined,Popup,Out,1,0,,73.56976,2.438489,-0.734091,2391.909285,54.917468,7:45,5.26729,2.07944,5.51818,-57.89251,-4.72642,-9.40969,2.72448,0.60888,66.64758,-8.167976,-2.411948,0.524794,,,,,,,,,,,,4.50642,-2.6354,-2.00901,50,5.44107,1.71381,-106.61942,2.71077,5.10204,21.14471,-35.15779,POM_COL,CAL_TEC,PomonaPitzer,D3,Team,20260418-PomonaPitzer-2,2f00a9d0-3b6e-11f1-9995-2d5b6d9285b1,71.82333,,,6.92219,,,,,,,2406fc0b-637f-4cb9-a9cc-8bc242636732,2026-04-18,21:33:03.93,2026-04-18T14:33:03.9328768-07:00,2026-04-18T21:33:03.9328768Z,,v3,643-145631,643-144573,,"Parker, Will",1000474009,Right,POM_COL,a1708918-4cc2-479c-899d-0f9c11cf4ae1,54.98075,-107.60267,10.57236,5.277,4.34564,-17.57889,-2.08319,1.47657,2.55102,,,,,,,,,,,,,,,,,,,,,,,,,,,,,,,,,,,,,,,,,,,,,,,,,,,High,High,High,,,,,
77,2026-04-18,14:33:38.71,2,1,"Dennis, Lucas",10274891,Right,POM_COL,"Hartman, Quinn",1000392795,Right,CAL_TEC,Undefined,3,Top,1,0,0,Fastball,Changeup,BallCalled,Undefined,Undefined,Undefined,0,0,,83.84564,-1.535037,-4.469584,1999.393196,221.963001,1:30,5.63933,1.70027,5.71138,-27.55718,13.07977,10.4652,1.90811,-1.6001,75.98362,-6.675668,-2.605058,0.458809,,,,,,,,,,,,-6.62709,7.54658,-1.33173,50,5.49365,9.03487,-121.22179,-4.13101,-9.76602,25.82874,-21.05302,POM_COL,CAL_TEC,PomonaPitzer,D3,Team,20260418-PomonaPitzer-2,43aae2b0-3b6e-11f1-9995-2d5b6d9285b1,82.1528,,,7.86202,,,,,,,2406fc0b-637f-4cb9-a9cc-8bc242636732,2026-04-18,21:33:38.71,2026-04-18T14:33:38.7161600-07:00,2026-04-18T21:33:38.7161600Z,,v3,643-145631,643-144573,,"Parker, Will",1000474009,Right,POM_COL,4ac82a7a-fae4-40b8-9730-29312c20f5a9,54.78329,-122.23672,12.91437,5.63972,-3.30374,-10.52651,-1.69428,9.41862,-4.88301,,,,,,,,,,,,,,,,,,,,,,,,,,,,,,,,,,,,,,,,,,,,,,,,,,,High,High,High,,,,,
78,2026-04-18,14:33:53.54,2,2,"Dennis, Lucas",10274891,Right,POM_COL,"Hartman, Quinn",1000392795,Right,CAL_TEC,Undefined,3,Top,1,1,0,Slider,Curveball,InPlay,Undefined,FlyBall,Out,1,0,,74.49275,2.041617,-1.288208,2482.231867,64.012482,8:15,5.38238,1.76699,4.98181,-56.47838,-3.55669,-11.14453,2.60518,-0.37846,67.51038,-8.203565,-3.255093,0.523586,78.67632,26.15556,-0.691338,2827.871318,109.94642,42.44288,3.42458,283.18167,275.84951,5.203546,3.813465,5.1037,-1.90299,-1.63311,50,5.53328,2.86551,-107.86165,1.91362,5.9161,21.56873,-34.37995,POM_COL,CAL_TEC,PomonaPitzer,D3,Team,20260418-PomonaPitzer-2,4c8e6dc0-3b6e-11f1-9995-2d5b6d9285b1,71.98897,47.26423,,6.98237,,,,1.59165,2.70198,0.35123,2406fc0b-637f-4cb9-a9cc-8bc242636732,2026-04-18,21:33:53.54,2026-04-18T14:33:53.5412224-07:00,2026-04-18T21:33:53.5412224Z,LineDrive,v3,643-145631,643-144573,,"Parker, Will",1000474009,Right,POM_COL,b8e80c45-1528-4581-ae6f-af50dcab0b95,55.51692,-108.95927,10.78437,5.39138,3.66318,-17.18998,-1.77127,2.56444,2.95805,208.091263,1.59149,103.57285,-14.1133,2.89324,-0.61985,0.16173,-0.04277,0.00728,-0.00051,2.70212,50.86392,-15.71711,0.85738,-0.08844,-0.04114,0.02772,-0.00574,0.00041,0.35105,-1.24253,4.01172,-0.83609,0.09663,0.0063,-0.00367,0.00033,0,,,,,,,,,,,,,,,,,,,,,,,High,High,High,High,High,,,
79,2026-04-18,14:34:26.00,3,1,"Dennis, Lucas",10274891,Right,POM_COL,"Hargenrader, Kailen",10119585,Left,CAL_TEC,Undefined,3,Top,2,0,0,Fastball,Changeup,StrikeSwinging,Undefined,Undefined,Undefined,0,0,,83.46742,0.308211,-2.661947,1989.779561,215.93174,1:15,5.52245,1.80026,5.66171,-28.32017,12.39867,8.0002,3.45016,-0.01711,75.85017,-4.975228,-1.23432,0.459271,,,,,,,,,,,,-4.78614,6.61213,-1.5799,50,5.53091,5.28725,-120.99229,-0.25775,-7.06008,24.68664,-22.42046,POM_COL,CAL_TEC,PomonaPitzer,D3,Team,20260418-PomonaPitzer-2,5fdb1270-3b6e-11f1-9995-2d5b6d9285b1,82.07012,,,7.61725,,,,,,,2406fc0b-637f-4cb9-a9cc-8bc242636732,2026-04-18,21:34:26.00,2026-04-18T14:34:26.0028928-07:00,2026-04-18T21:34:26.0028928Z,,v3,643-145631,643-144573,,"Parker, Will",1000474009,Right,POM_COL,f137b36f-90a4-440e-a5ae-1b7add76c5dc,54.83307,-121.97442,12.34332,5.52342,0.63422,-11.21023,-1.79583,5.56813,-3.53004,,,,,,,,,,,,,,,,,,,,,,,,,,,,,,,,,,,,,,,,,,,,,,,,,,,High,High,High,,,,,
80,2026-04-18,14:34:40.12,3,2,"Dennis, Lucas",10274891,Right,POM_COL,"Hargenrader, Kailen",10119585,Left,CAL_TEC,Undefined,3,Top,2,0,1,Fastball,Changeup,BallCalled,Undefined,Undefined,Undefined,0,0,,83.78802,-2.376471,-1.029082,2055.415664,215.058346,1:15,5.54337,1.68438,5.72055,-26.62549,13.48477,8.55678,1.10934,1.43878,76.84449,-7.318521,0.503345,0.455826,,,,,,,,,,,,-4.62744,7.9217,-1.60368,50,5.32838,1.83482,-121.56893,-5.89111,-6.92255,23.91438,-20.32341,POM_COL,CAL_TEC,PomonaPitzer,D3,Team,20260418-PomonaPitzer-2,684faf10-3b6e-11f1-9995-2d5b6d9285b1,82.69043,,,6.94354,,,,,,,2406fc0b-637f-4cb9-a9cc-8bc242636732,2026-04-18,21:34:40.12,2026-04-18T14:34:40.1235968-07:00,2026-04-18T21:34:40.1235968Z,,v3,643-145631,643-144573,,"Parker, Will",1000474009,Right,POM_COL,aaab2c3a-9d01-4afd-8fef-c825372cb714,54.77666,-122.50496,11.95719,5.5434,-5.09563,-10.16171,-1.6808,2.10577,-3.46128,,,,,,,,,,,,,,,,,,,,,,,,,,,,,,,,,,,,,,,,,,,,,,,,,,,High,High,High,,,,,
81,2026-04-18,14:34:57.18,3,3,"Dennis, Lucas",10274891,Right,POM_COL,"Hargenrader, Kailen",10119585,Left,CAL_TEC,Undefined,3,Top,2,1,1,ChangeUp,Changeup,InPlay,Undefined,LineDrive,Single,0,0,,77.91563,0.672753,-2.195622,1349.702824,266.216584,2:45,5.38626,2.05432,5.90136,-44.13254,2.19496,9.75351,2.33356,0.82789,71.04068,-7.483878,-0.444266,0.489881,87.11695,22.117801,-12.267375,2582.162036,106.03243,35.96282,-29.27515,295.32291,293.47415,-20.259127,3.499538,-5.69681,1.32642,-1.88354,50,5.41495,3.98176,-113.08789,-0.02563,-7.31527,22.24455,-30.4708,POM_COL,CAL_TEC,PomonaPitzer,D3,Team,20260418-PomonaPitzer-2,72757e20-3b6e-11f1-9995-2d5b6d9285b1,76.94199,41.08129,,6.87495,,,,1.68757,2.41247,-0.84147,2406fc0b-637f-4cb9-a9cc-8bc242636732,2026-04-18,21:34:57.18,2026-04-18T14:34:57.1880448-07:00,2026-04-18T21:34:57.1880448Z,LineDrive,v3,643-145631,643-144573,,"Parker, Will",1000474009,Right,POM_COL,86bee161-8ff2-4782-8db2-d58a167a50e5,54.59825,-113.98879,11.12227,5.391,1.20842,-15.2354,-2.0508,4.27803,-3.65763,138.767846,1.68755,115.66654,-18.58491,3.96888,-0.80135,0.14605,-0.02207,0.00214,-7E-05,2.41245,48.1082,-16.04977,0.77299,-0.0869,0.01989,-0.00716,0.00213,-0.00023,-0.84145,-25.15093,-2.76865,1.01747,-0.29038,0.06872,-0.0134,0.00178,-0.00011,,,,,,,,,,,,,,,,,,,,,,,High,High,High,High,High,,,
82,2026-04-18,14:35:34.59,4,1,"Dennis, Lucas",10274891,Right,POM_COL,"Hu, Mark",1000091669,Right,CAL_TEC,Undefined,3,Top,2,0,0,Slider,Curveball,StrikeSwinging,Undefined,Undefined,Undefined,0,0,,74.48289,1.668004,-1.038306,2449.679253,61.959063,8:00,5.23637,1.93888,5.00699,-56.17696,-3.57784,-10.07583,2.13013,0.11904,67.87244,-8.508424,-2.818662,0.521988,,,,,,,,,,,,4.63414,-1.68705,-1.83078,50,5.35144,2.35949,-107.92947,1.20653,5.40855,20.63473,-34.14301,POM_COL,CAL_TEC,PomonaPitzer,D3,Team,20260418-PomonaPitzer-2,88c5c5e0-3b6e-11f1-9995-2d5b6d9285b1,72.20936,,,6.61045,,,,,,,2406fc0b-637f-4cb9-a9cc-8bc242636732,2026-04-18,21:35:34.59,2026-04-18T14:35:34.5953280-07:00,2026-04-18T21:35:34.5953280Z,,v3,643-145631,643-144573,,"Parker, Will",1000474009,Right,POM_COL,8e920402-4008-4722-a2d7-424304a03b07,55.49112,-108.97425,10.31737,5.24658,2.93525,-17.0715,-1.94332,2.08565,2.70427,,,,,,,,,,,,,,,,,,,,,,,,,,,,,,,,,,,,,,,,,,,,,,,,,,,High,High,High,,,,,
83,2026-04-18,14:35:50.43,4,2,"Dennis, Lucas",10274891,Right,POM_COL,"Hu, Mark",1000091669,Right,CAL_TEC,Undefined,3,Top,2,0,1,Slider,Curveball,BallCalled,Undefined,Undefined,Undefined,1,0,,73.68005,0.062309,0.400373,2566.504762,65.201709,8:15,5.27442,1.86988,4.98091,-58.25657,-4.58547,-13.82359,0.47855,1.09602,67.58333,-10.434635,-2.04728,0.52728,,,,,,,,,,,,6.96248,-1.74421,-1.89668,50,5.23289,-0.20801,-106.86659,-1.87106,7.97266,20.10433,-34.17131,POM_COL,CAL_TEC,PomonaPitzer,D3,Team,20260418-PomonaPitzer-2,92371200-3b6e-11f1-9995-2d5b6d9285b1,71.48462,,,6.09672,,,,,,,2406fc0b-637f-4cb9-a9cc-8bc242636732,2026-04-18,21:35:50.43,2026-04-18T14:35:50.4350000-07:00,2026-04-18T21:35:50.4350000Z,,v3,643-145631,643-144573,,"Parker, Will",1000474009,Right,POM_COL,2e871faa-04b2-4a5b-8668-ff286a3680ca,55.51907,-107.89987,10.05217,5.28392,-0.11479,-17.08565,-1.87546,-0.61777,3.98633,,,,,,,,,,,,,,,,,,,,,,,,,,,,,74.90581,,,1.344214,,,,-1.83431,5.99489,1.31651,127.27779,0.30629,4.72551,-1.70178,107.75164,-8.89652,6.01983,11.87476,-12.0234,1.27632,-0.1122,2.02743,High,High,High,,,High,High,High
84,2026-04-18,14:37:48.00,1,1,"Flaherty, Brendan",1000224625,Right,CAL_TEC,"Berry, Cooper",1000276381,Left,POM_COL,Undefined,3,Bottom,0,0,0,Fastball,Changeup,StrikeSwinging,Undefined,Undefined,Undefined,0,0,,83.94,-1.17943,-3.223007,1957.60427,228.277938,1:30,5.52217,1.79106,5.4776,-28.82801,11.19823,11.23847,2.01433,-0.29139,77.48693,-6.483363,-1.224265,0.455348,,,,,,,,,,,,-6.4678,6.31386,-1.51569,50,5.3989,6.3894,-121.78493,-3.48916,-9.80536,21.80273,-22.60206,POM_COL,CAL_TEC,PomonaPitzer,D3,Team,20260418-PomonaPitzer-2,d84751b0-3b6e-11f1-9995-2d5b6d9285b1,82.77715,,,6.45307,,,,,,,2406fc0b-637f-4cb9-a9cc-8bc242636732,2026-04-18,21:37:48.00,2026-04-18T14:37:48.0002048-07:00,2026-04-18T21:37:48.0002048Z,,v3,643-145631,643-144573,,"Bernhardt, Jack",1000316026,Right,CAL_TEC,f8877a49-8652-4ad2-93f0-8af6a1f5b4dc,55.02131,-122.68059,10.90136,5.52317,-2.56067,-11.30103,-1.78643,6.7922,-4.90268,,,,,,,,,,,,,,,,,,,,,,,,,,,,,,,,,,,,,,,,,,,,,,,,,,,High,High,High,,,,,
85,2026-04-18,14:38:01.95,1,2,"Flaherty, Brendan",1000224625,Right,CAL_TEC,"Berry, Cooper",1000276381,Left,POM_COL,Undefined,3,Bottom,0,0,1,Curveball,Curveball,BallCalled,Undefined,Undefined,Undefined,0,0,,66.36946,3.459788,2.324102,2365.684872,56.33566,8:00,5.71011,1.67636,4.89988,-74.28386,-8.12197,-15.3482,2.79871,2.59667,61.02397,-9.908975,-0.380285,0.58543,,,,,,,,,,,,8.15355,-4.22764,-1.89054,50,5.98707,-3.34464,-96.11532,3.47661,7.61263,15.16471,-36.12123,POM_COL,CAL_TEC,PomonaPitzer,D3,Team,20260418-PomonaPitzer-2,e0a8b470-3b6e-11f1-9995-2d5b6d9285b1,64.38415,,,5.34549,,,,,,,2406fc0b-637f-4cb9-a9cc-8bc242636732,2026-04-18,21:38:01.95,2026-04-18T14:38:01.9573248-07:00,2026-04-18T21:38:01.9573248Z,,v3,643-145631,643-144573,,"Bernhardt, Jack",1000316026,Right,CAL_TEC,66e7bdb1-7f77-417d-bb85-629b8d330966,55.60247,-96.99523,7.58235,5.72454,5.57249,-18.06061,-1.68366,-3.78635,3.80632,,,,,,,,,,,,,,,,,,,,,,,,,,,,,,,,,,,,,,,,,,,,,,,,,,,High,High,High,,,,,
86,2026-04-18,14:38:18.17,1,3,"Flaherty, Brendan",1000224625,Right,CAL_TEC,"Berry, Cooper",1000276381,Left,POM_COL,Undefined,3,Bottom,0,1,1,Fastball,Changeup,FoulBallNotFieldable,Undefined,Undefined,Undefined,0,0,,83.67414,0.038134,-2.516455,2125.950909,231.658726,1:45,5.60418,1.7264,5.73477,-28.72868,11.25071,12.69505,3.24567,0.43943,76.83583,-5.296476,-0.246453,0.455082,96.22073,1.729672,47.860661,4717.708102,,,,63.26136,62.85551,49.455761,0.473433,-7.17382,6.07937,-1.5248,50,5.58967,4.83828,-121.51588,-0.84364,-10.77342,22.83532,-23.04422,POM_COL,CAL_TEC,PomonaPitzer,D3,Team,20260418-PomonaPitzer-2,ea3ec6a0-3b6e-11f1-9995-2d5b6d9285b1,82.82566,3.30036,,6.83831,,,,1.72152,3.11487,-0.1404,2406fc0b-637f-4cb9-a9cc-8bc242636732,2026-04-18,21:38:18.17,2026-04-18T14:38:18.1791744-07:00,2026-04-18T21:38:18.1791744Z,GroundBall,v3,643-145631,643-144573,,"Bernhardt, Jack",1000316026,Right,CAL_TEC,3d0478f6-701c-4996-b3ba-3165d0347054,54.76518,-122.40808,11.41766,5.60504,0.05672,-11.52211,-1.72206,5.25921,-5.38671,,1.74241,94.04968,-23.04947,,,,,,,3.13139,3.79041,-22.04661,,,,,,,-0.14577,104.75296,-6.1136,,,,,,,,,,,,,,,,,,,,,,,,,,,,,High,High,High,High,High,,,
87,2026-04-18,14:38:49.93,1,4,"Flaherty, Brendan",1000224625,Right,CAL_TEC,"Berry, Cooper",1000276381,Left,POM_COL,Undefined,3,Bottom,0,1,2,Slider,Curveball,BallCalled,Undefined,Undefined,Undefined,0,0,,70.34852,2.740342,1.611987,2222.791014,85.119959,8:45,5.31949,1.81975,5.11807,-57.93806,0.75221,-14.42406,3.07568,2.13662,64.03417,-7.812543,-0.939192,0.551384,,,,,,,,,,,,7.5567,0.25024,-1.96,50,5.53311,-2.31837,-101.8667,3.03186,7.87949,17.93011,-31.91311,POM_COL,CAL_TEC,PomonaPitzer,D3,Team,20260418-PomonaPitzer-2,fd3b4f80-3b6e-11f1-9995-2d5b6d9285b1,68.35965,,,6.31435,,,,,,,2406fc0b-637f-4cb9-a9cc-8bc242636732,2026-04-18,21:38:49.93,2026-04-18T14:38:49.9390464-07:00,2026-04-18T21:38:49.9390464Z,,v3,643-145631,643-144573,,"Bernhardt, Jack",1000316026,Right,CAL_TEC,b71d1a93-d791-40d7-824b-7ebb850251a8,55.37899,-102.80912,8.96506,5.32967,4.70924,-15.95655,-1.82726,-2.73252,3.93974,,,,,,,,,,,,,,,,,,,,,,,,,,,,,,,,,,,,,,,,,,,,,,,,,,,High,High,High,,,,,
88,2026-04-18,14:39:08.70,1,5,"Flaherty, Brendan",1000224625,Right,CAL_TEC,"Berry, Cooper",1000276381,Left,POM_COL,Undefined,3,Bottom,0,2,2,Curveball,Curveball,BallCalled,Undefined,Undefined,Undefined,0,0,,69.71397,0.692085,-1.600095,2384.344167,47.526347,7:30,5.68704,1.60616,5.1345,-72.48039,-12.67898,-16.01812,0.29904,-1.23588,64.26102,-12.323321,-4.444596,0.556579,,,,,,,,,,,,7.50398,-6.01083,-1.4431,50,5.69557,3.3982,-101.13814,-1.08517,7.66305,18.66273,-38.31229,POM_COL,CAL_TEC,PomonaPitzer,D3,Team,20260418-PomonaPitzer-2,086f5a40-3b6f-11f1-9995-2d5b6d9285b1,67.72158,,,5.45295,,,,,,,2406fc0b-637f-4cb9-a9cc-8bc242636732,2026-04-18,21:39:08.70,2026-04-18T14:39:08.7024640-07:00,2026-04-18T21:39:08.7024640Z,,v3,643-145631,643-144573,,"Bernhardt, Jack",1000316026,Right,CAL_TEC,6c6f2781-28ae-49fa-9141-144f8f0c8e4a,55.36891,-102.12405,9.33137,5.69943,0.93877,-19.15615,-1.61193,2.99339,3.83153,,,,,,,,,,,,,,,,,,,,,,,,,,,,,,,,,,,,,,,,,,,,,,,,,,,High,High,High,,,,,
89,2026-04-18,14:39:27.14,1,6,"Flaherty, Brendan",1000224625,Right,CAL_TEC,"Berry, Cooper",1000276381,Left,POM_COL,Undefined,3,Bottom,0,3,2,Fastball,Four-Seam,InPlay,Undefined,FlyBall,Out,1,0,,84.92309,0.627776,-2.752151,2202.021921,217.077397,1:15,5.50026,1.8156,5.75735,-25.69647,13.07875,9.00646,3.94394,0.00239,77.91131,-4.165174,-1.142527,0.448176,88.1487,26.367795,16.138247,2526.66807,105.0967,53.86622,32.4754,312.03145,302.11303,18.964926,4.68689,-5.32162,6.85311,-1.59292,50,5.53673,5.56214,-123.29036,0.53322,-8.23582,23.25876,-21.56805,POM_COL,CAL_TEC,PomonaPitzer,D3,Team,20260418-PomonaPitzer-2,1359fff0-3b6f-11f1-9995-2d5b6d9285b1,84.10191,67.39748,,7.01178,,,,-0.14756,4.35092,0.06496,2406fc0b-637f-4cb9-a9cc-8bc242636732,2026-04-18,21:39:27.14,2026-04-18T14:39:27.1415808-07:00,2026-04-18T21:39:27.1415808Z,FlyBall,v3,643-145631,643-144573,,"Bernhardt, Jack",1000316026,Right,CAL_TEC,ec3a6ec6-8c08-4c63-8a95-9c913768368c,54.74163,-124.18165,11.62938,5.50046,1.35972,-10.78403,-1.81211,5.87774,-4.11791,186.886167,-0.14641,111.24472,-24.28409,6.01217,-1.17891,0.1899,-0.02614,0.00284,-0.00016,4.35123,57.40801,-12.33644,-1.23414,0.79805,-0.29108,0.06997,-0.00924,0.0005,0.06519,32.19207,-5.07401,1.13871,-0.19465,0.027,-0.00361,0.00045,-3E-05,,,,,,,,,,,,,,,,,,,,,,,High,High,High,Medium,Medium,,,
90,2026-04-18,14:39:59.11,2,1,"Flaherty, Brendan",1000224625,Right,CAL_TEC,"DeGrazia, Tanner",1000214434,Right,POM_COL,Undefined,3,Bottom,1,0,0,Slider,Curveball,StrikeCalled,Undefined,Undefined,Undefined,0,0,,70.8332,2.719698,-0.308317,2272.00141,64.935097,8:15,5.37249,1.88761,5.15808,-61.34472,-4.34981,-12.85461,2.82241,0.52617,65.47236,-8.380062,-2.584945,0.543362,,,,,,,,,,,,6.28209,-2.29957,-1.84872,50,5.57955,1.03033,-102.81176,2.90551,6.75883,16.21898,-34.64813,POM_COL,CAL_TEC,PomonaPitzer,D3,Team,20260418-PomonaPitzer-2,2671b1f0-3b6f-11f1-9995-2d5b6d9285b1,69.36891,,,5.36084,,,,,,,2406fc0b-637f-4cb9-a9cc-8bc242636732,2026-04-18,21:39:59.11,2026-04-18T14:39:59.1118848-07:00,2026-04-18T21:39:59.1118848Z,,v3,643-145631,643-144573,,"Bernhardt, Jack",1000316026,Right,CAL_TEC,4e9fedfb-6366-4efb-a2a5-66f196d7d65f,55.34323,-103.65125,8.10949,5.38275,4.69888,-17.32406,-1.89299,0.6805,3.37941,,,,,,,,,,,,,,,,,,,,,,,,,,,,,,,,,,,,,,,,,,,,,,,,,,,High,High,High,,,,,
91,2026-04-18,14:40:11.20,2,2,"Flaherty, Brendan",1000224625,Right,CAL_TEC,"DeGrazia, Tanner",1000214434,Right,POM_COL,Undefined,3,Bottom,1,0,1,Fastball,Four-Seam,BallCalled,Undefined,Undefined,Undefined,0,0,,85.17135,-1.102388,-5.462352,2207.524021,220.103244,1:15,5.55564,1.5612,5.80279,-25.89974,13.17611,9.99926,2.36727,-2.70115,77.58854,-5.93409,-3.683276,0.44991,,,,,,,,,,,,-6.61823,7.42607,-1.1172,50,5.44938,11.35283,-123.09217,-3.19604,-10.1275,25.03128,-20.81038,POM_COL,CAL_TEC,PomonaPitzer,D3,Team,20260418-PomonaPitzer-2,2d9e8c50-3b6f-11f1-9995-2d5b6d9285b1,83.77773,,,7.58281,,,,,,,2406fc0b-637f-4cb9-a9cc-8bc242636732,2026-04-18,21:40:11.20,2026-04-18T14:40:11.2047104-07:00,2026-04-18T21:40:11.2047104Z,,v3,643-145631,643-144573,,"Bernhardt, Jack",1000316026,Right,CAL_TEC,ad38369f-c5ba-4262-bf2a-9fd0b99e9ebd,54.69338,-124.04291,12.51564,5.55576,-2.40561,-10.40519,-1.55571,11.73749,-5.06375,,,,,,,,,,,,,,,,,,,,,,,,,,,,,,,,,,,,,,,,,,,,,,,,,,,High,High,High,,,,,
92,2026-04-18,14:40:25.08,2,3,"Flaherty, Brendan",1000224625,Right,CAL_TEC,"DeGrazia, Tanner",1000214434,Right,POM_COL,Undefined,3,Bottom,1,1,1,Fastball,Four-Seam,InPlay,Undefined,FlyBall,Double,0,0,,85.53587,-1.442109,-2.902001,2251.465273,206.165028,12:45,5.59852,1.509,5.98023,-21.40875,16.88454,7.6665,2.47572,-0.54441,77.8836,-5.492245,-1.525995,0.445382,103.43813,19.933157,-7.449554,1688.843189,108.91871,38.82136,-15.38278,364.31198,358.2027,-10.852535,4.211568,-4.79555,9.48012,-1.28382,50,5.47263,5.98255,-124.04757,-3.7479,-7.43516,25.96579,-17.47573,POM_COL,CAL_TEC,PomonaPitzer,D3,Team,20260418-PomonaPitzer-2,35e36660-3b6f-11f1-9995-2d5b6d9285b1,84.62946,55.56401,,7.65226,,,,1.01979,2.59588,0.52311,2406fc0b-637f-4cb9-a9cc-8bc242636732,2026-04-18,21:40:25.08,2026-04-18T14:40:25.0886144-07:00,2026-04-18T21:40:25.0886144Z,LineDrive,v3,643-145631,643-144573,,"Bernhardt, Jack",1000316026,Right,CAL_TEC,25b54c32-c8ff-4064-8b42-c2e6de95e0f1,54.51751,-124.9896,12.98289,5.5971,-3.11388,-8.73786,-1.50575,6.2523,-3.71758,168.832543,1.02008,141.40645,-28.23488,6.6714,-1.386,0.27022,-0.04411,0.00462,-0.00021,2.59564,51.7311,-12.2836,-0.48544,0.27473,-0.08698,0.01639,-0.00129,1E-05,0.52311,-18.49121,0.89711,-0.12281,-0.00181,0.00549,-0.00142,0.00018,-1E-05,,,,,,,,,,,,,,,,,,,,,,,High,High,High,High,High,,,
93,2026-04-18,14:41:00.66,3,1,"Flaherty, Brendan",1000224625,Right,CAL_TEC,"Parker, Will",1000474009,Left,POM_COL,Undefined,3,Bottom,1,0,0,Fastball,Changeup,BallCalled,Undefined,Undefined,Undefined,0,0,,83.82588,-0.730306,-1.010966,2218.977787,217.72248,1:15,5.40737,1.78752,5.81213,-26.42793,13.86115,9.62953,2.52581,1.64981,75.91744,-5.693261,0.715442,0.456841,,,,,,,,,,,,-5.16949,7.71335,-1.71015,50,5.33204,1.74387,-121.58012,-2.36305,-7.65386,26.24796,-20.75376,POM_COL,CAL_TEC,PomonaPitzer,D3,Team,20260418-PomonaPitzer-2,4b198b90-3b6f-11f1-9995-2d5b6d9285b1,82.5067,,,7.90844,,,,,,,2406fc0b-637f-4cb9-a9cc-8bc242636732,2026-04-18,21:41:00.66,2026-04-18T14:41:00.6625792-07:00,2026-04-18T21:41:00.6625792Z,,v3,643-145631,643-144573,,"Bernhardt, Jack",1000316026,Right,CAL_TEC,71ec4792-0a48-4126-ab11-06a790cb6da4,54.68222,-122.58679,13.12398,5.40741,-1.56709,-10.37688,-1.78266,2.03742,-3.82693,,,,,,,,,,,,,,,,,,,,,,,,,,,,,,,,,,,,,,,,,,,,,,,,,,,High,High,High,,,,,
94,2026-04-18,14:41:18.57,3,2,"Flaherty, Brendan",1000224625,Right,CAL_TEC,"Parker, Will",1000474009,Left,POM_COL,Undefined,3,Bottom,1,1,0,Fastball,Changeup,BallCalled,Undefined,Undefined,Undefined,0,0,,83.23733,-1.34094,-3.93725,2240.674267,225.255466,1:30,5.50647,1.78736,5.50786,-27.15336,14.09702,12.81902,1.98647,-0.83224,75.81804,-6.386989,-1.659182,0.462259,,,,,,,,,,,,-7.55426,7.91292,-1.45196,50,5.37121,7.75067,-120.48385,-3.70577,-11.06335,24.21359,-20.58544,POM_COL,CAL_TEC,PomonaPitzer,D3,Team,20260418-PomonaPitzer-2,55caf8d0-3b6f-11f1-9995-2d5b6d9285b1,81.53965,,,7.41929,,,,,,,2406fc0b-637f-4cb9-a9cc-8bc242636732,2026-04-18,21:41:18.57,2026-04-18T14:41:18.5721344-07:00,2026-04-18T21:41:18.5721344Z,,v3,643-145631,643-144573,,"Bernhardt, Jack",1000316026,Right,CAL_TEC,5a3f2b37-1b5e-432a-9b9e-051b985d4e1d,54.98835,-121.48222,12.1068,5.50651,-2.857,-10.29272,-1.78094,8.20683,-5.53167,,,,,,,,,,,,,,,,,,,,,,,,,,,,,,,,,,,,,,,,,,,,,,,,,,,High,High,High,,,,,
95,2026-04-18,14:41:36.29,3,3,"Flaherty, Brendan",1000224625,Right,CAL_TEC,"Parker, Will",1000474009,Left,POM_COL,Undefined,3,Bottom,1,2,0,Fastball,Four-Seam,StrikeCalled,Undefined,Undefined,Undefined,0,0,,84.06905,-1.455403,-1.746631,2244.761007,212.136516,1:00,5.66377,1.75599,5.79258,-23.28052,16.68221,9.62292,2.36898,0.93265,76.4268,-5.839262,-0.022808,0.454987,,,,,,,,,,,,-5.36992,9.32768,-1.61776,50,5.53011,3.31589,-121.91404,-3.792,-8.03026,25.39926,-18.22531,POM_COL,CAL_TEC,PomonaPitzer,D3,Team,20260418-PomonaPitzer-2,605ad450-3b6f-11f1-9995-2d5b6d9285b1,82.84288,,,7.64225,,,,,,,2406fc0b-637f-4cb9-a9cc-8bc242636732,2026-04-18,21:41:36.29,2026-04-18T14:41:36.2954240-07:00,2026-04-18T21:41:36.2954240Z,,v3,643-145631,643-144573,,"Bernhardt, Jack",1000316026,Right,CAL_TEC,06d7179d-6f45-4422-9c57-8d1bca81c657,54.70226,-122.88979,12.69963,5.66234,-3.09185,-9.11265,-1.75108,3.62439,-4.01513,,,,,,,,,,,,,,,,,,,,,,,,,,,,,,,,,,,,,,,,,,,,,,,,,,,High,High,High,,,,,
96,2026-04-18,14:41:54.67,3,4,"Flaherty, Brendan",1000224625,Right,CAL_TEC,"Parker, Will",1000474009,Left,POM_COL,Undefined,3,Bottom,1,2,1,Slider,Curveball,BallCalled,Undefined,Undefined,Undefined,0,0,,72.62449,3.993097,-1.305458,2287.358582,63.343097,8:00,5.33407,1.96397,5.34971,-58.51444,-4.0354,-11.50079,4.21021,-0.21909,66.23988,-6.677001,-3.344834,0.531234,,,,,,,,,,,,5.3226,-2.54772,-1.83819,50,5.65277,2.83317,-105.15516,5.45471,5.9361,18.49041,-35.01541,POM_COL,CAL_TEC,PomonaPitzer,D3,Team,20260418-PomonaPitzer-2,6b54bc40-3b6f-11f1-9995-2d5b6d9285b1,70.95256,,,6.3846,,,,,,,2406fc0b-637f-4cb9-a9cc-8bc242636732,2026-04-18,21:41:54.67,2026-04-18T14:41:54.6738176-07:00,2026-04-18T21:41:54.6738176Z,,v3,643-145631,643-144573,,"Bernhardt, Jack",1000316026,Right,CAL_TEC,f7603f2c-8a7c-436b-ab81-7e61e6095156,55.14936,-106.05675,9.24521,5.34517,7.16206,-17.50771,-1.96928,2.54373,2.96805,,,,,,,,,,,,,,,,,,,,,,,,,,,,,,,,,,,,,,,,,,,,,,,,,,,High,High,High,,,,,
97,2026-04-18,14:42:14.62,3,5,"Flaherty, Brendan",1000224625,Right,CAL_TEC,"Parker, Will",1000474009,Left,POM_COL,Undefined,3,Bottom,1,3,1,Fastball,Changeup,FoulBallNotFieldable,Undefined,Undefined,Undefined,0,0,,84.26794,-0.778895,-2.02851,2171.328035,225.562867,1:30,5.60434,1.81838,5.6567,-26.52675,13.87591,12.61469,2.66689,0.97705,75.78791,-5.761818,0.225239,0.457485,,,,,,,,,,,,-7.03729,7.72496,-1.65464,50,5.52195,3.79161,-122.07048,-2.49754,-10.42716,28.06988,-20.72797,POM_COL,CAL_TEC,PomonaPitzer,D3,Team,20260418-PomonaPitzer-2,772f4030-3b6f-11f1-9995-2d5b6d9285b1,82.39062,,,8.48003,,,,,,,2406fc0b-637f-4cb9-a9cc-8bc242636732,2026-04-18,21:42:14.62,2026-04-18T14:42:14.6212352-07:00,2026-04-18T21:42:14.6212352Z,,v3,643-145631,643-144573,,"Bernhardt, Jack",1000316026,Right,CAL_TEC,1f9bb625-2c42-4cfa-9539-4f8c34938a89,54.83834,-123.17802,14.03494,5.60436,-1.67968,-10.36398,-1.81237,4.20303,-5.21358,,,,,,,,,,,,,,,,,,,,,,,,,,,,,,,,,,,,,,,,,,,,,,,,,,,High,High,High,,,,,
98,2026-04-18,14:42:39.52,3,6,"Flaherty, Brendan",1000224625,Right,CAL_TEC,"Parker, Will",1000474009,Left,POM_COL,Undefined,3,Bottom,1,3,2,Fastball,Changeup,BallCalled,Walk,Undefined,Undefined,0,0,,84.31287,0.578022,-1.299767,2139.250147,225.074701,1:30,5.51098,1.78071,5.64395,-22.91068,17.01269,15.71426,4.1411,1.87759,76.44654,-3.745275,1.506685,0.454763,,,,,,,,,,,,-8.2565,8.82638,-1.6801,50,5.54565,2.10244,-122.30819,0.54053,-12.42461,25.60327,-18.89183,POM_COL,CAL_TEC,PomonaPitzer,D3,Team,20260418-PomonaPitzer-2,8600bd00-3b6f-11f1-9995-2d5b6d9285b1,82.88372,,,7.86634,,,,,,,2406fc0b-637f-4cb9-a9cc-8bc242636732,2026-04-18,21:42:39.52,2026-04-18T14:42:39.5219456-07:00,2026-04-18T21:42:39.5219456Z,,v3,643-145631,643-144573,,"Bernhardt, Jack",1000316026,Right,CAL_TEC,9c1634b7-ec76-40b9-98c4-79fb43d4602c,54.85133,-123.31955,12.80164,5.50956,1.28678,-9.44592,-1.77284,2.59323,-6.21231,,,,,,,,,,,,,,,,,,,,,,,,,,,,,,,,,,,,,,,,,,,,,,,,,,,High,High,High,,,,,
99,2026-04-18,14:43:14.97,4,1,"Flaherty, Brendan",1000224625,Right,CAL_TEC,"Gold, Jack",1000108729,Left,POM_COL,Undefined,3,Bottom,1,0,0,Slider,Curveball,InPlay,Undefined,FlyBall,Out,1,0,,71.97869,1.925475,-1.342788,2246.288749,86.517378,9:00,5.38051,2.17327,5.17522,-54.29448,0.94433,-11.45449,2.669,-0.04505,66.4291,-7.924856,-3.370763,0.534926,89.93513,44.799673,12.716625,4611.78471,108.10074,104.35798,20.3526,276.00794,249.88059,8.752736,5.86526,5.38154,0.40756,-2.03908,50,5.5181,2.86721,-104.46773,1.78279,5.96618,17.07224,-31.72223,POM_COL,CAL_TEC,PomonaPitzer,D3,Team,20260418-PomonaPitzer-2,9b35d0c0-3b6f-11f1-9995-2d5b6d9285b1,70.46294,124.96851,,5.5496,,,,1.238,2.64403,0.05558,2406fc0b-637f-4cb9-a9cc-8bc242636732,2026-04-18,21:43:14.97,2026-04-18T14:43:14.9710336-07:00,2026-04-18T21:43:14.9710336Z,FlyBall,v3,643-145631,643-144573,,"Bernhardt, Jack",1000316026,Right,CAL_TEC,716b2717-9ab3-46a6-95ae-8b6ade46a647,55.32549,-105.33443,8.53612,5.38672,3.39323,-15.86111,-2.17695,2.56433,2.98309,,1.24324,91.20946,-22.31404,5.46698,-0.8081,0.03595,0.00896,-0.00145,7E-05,2.64255,92.9507,-19.91034,0.9005,0.06646,-0.07226,0.02036,-0.00263,0.00012,0.05654,20.58671,-7.49269,2.08469,-0.36972,0.03378,0.0004,-0.00034,2E-05,,,,,,,,,,,,,,,,,,,,,,,High,High,High,Medium,Low,,,
100,2026-04-18,14:43:59.26,5,1,"Flaherty, Brendan",1000224625,Right,CAL_TEC,"Wakil, Lateef",1000128267,Left,POM_COL,Undefined,3,Bottom,2,0,0,Fastball,Changeup,BallCalled,Undefined,Undefined,Undefined,0,0,,83.92147,-0.494808,-1.018124,2132.492903,223.71361,1:30,5.55733,1.84176,5.40366,-25.58143,14.68414,12.85359,2.96183,1.95881,76.97188,-5.241659,1.268441,0.456708,,,,,,,,,,,,-6.68567,7.89122,-1.76011,50,5.49558,1.61338,-121.8434,-1.89807,-10.0875,23.11509,-20.26756,POM_COL,CAL_TEC,PomonaPitzer,D3,Team,20260418-PomonaPitzer-2,b587f1b0-3b6f-11f1-9995-2d5b6d9285b1,82.53077,,,6.9496,,,,,,,2406fc0b-637f-4cb9-a9cc-8bc242636732,2026-04-18,21:43:59.26,2026-04-18T14:43:59.2693248-07:00,2026-04-18T21:43:59.2693248Z,,v3,643-145631,643-144573,,"Bernhardt, Jack",1000316026,Right,CAL_TEC,4f367c6d-3ed1-4f0f-9da0-815af46bfc6f,55.09333,-122.80586,11.55754,5.55704,-1.05418,-10.13378,-1.83603,2.0334,-5.04375,,,,,,,,,,,,,,,,,,,,,,,,,,,,,,,,,,,,,,,,,,,,,,,,,,,High,High,High,,,,,
101,2026-04-18,14:44:41.63,5,2,"Flaherty, Brendan",1000224625,Right,CAL_TEC,"Wakil, Lateef",1000128267,Left,POM_COL,Undefined,3,Bottom,2,1,0,Fastball,Four-Seam,StrikeCalled,Undefined,Undefined,Undefined,0,0,,84.07282,-0.56015,-1.845834,2146.006377,207.941208,1:00,5.58914,1.82781,5.77694,-23.03426,16.33095,8.05347,3.14812,0.78081,77.47741,-4.869328,-0.404173,0.451573,,,,,,,,,,,,-4.55201,8.82178,-1.68018,50,5.52892,3.60945,-122.15259,-1.89684,-6.94155,21.97277,-18.72136,POM_COL,CAL_TEC,PomonaPitzer,D3,Team,20260418-PomonaPitzer-2,cecac580-3b6f-11f1-9995-2d5b6d9285b1,83.46926,,,6.59541,,,,,,,2406fc0b-637f-4cb9-a9cc-8bc242636732,2026-04-18,21:44:41.63,2026-04-18T14:44:41.6318976-07:00,2026-04-18T21:44:41.6318976Z,,v3,643-145631,643-144573,,"Bernhardt, Jack",1000316026,Right,CAL_TEC,cf5e4468-03de-491d-affe-ceabbfb8d4a0,54.72087,-122.99885,10.98638,5.58809,-1.17581,-9.36068,-1.82435,3.87679,-3.47077,,,,,,,,,,,,,,,,,,,,,,,,,,,,,,,,,,,,,,,,,,,,,,,,,,,High,High,High,,,,,
102,2026-04-18,14:45:04.90,5,3,"Flaherty, Brendan",1000224625,Right,CAL_TEC,"Wakil, Lateef",1000128267,Left,POM_COL,Undefined,3,Bottom,2,1,1,Slider,Curveball,InPlay,Undefined,Popup,Out,1,0,,72.35793,2.161098,-1.449251,2276.196104,86.011116,8:45,5.30459,2.05296,5.23788,-53.77582,0.81543,-11.70418,2.8561,-0.28482,66.6834,-7.612372,-3.523048,0.531781,49.69856,46.524876,-10.526971,,,,,131.19315,126.18374,-17.348981,3.416463,5.46756,0.30406,-1.91054,50,5.46325,3.08708,-104.99469,2.25022,6.11904,17.34895,-31.83378,POM_COL,CAL_TEC,PomonaPitzer,D3,Team,20260418-PomonaPitzer-2,dcbb3120-3b6f-11f1-9995-2d5b6d9285b1,70.8796,44.911,,5.67452,,,,0.36622,2.8329,0.34245,2406fc0b-637f-4cb9-a9cc-8bc242636732,2026-04-18,21:45:04.90,2026-04-18T14:45:04.9070592-07:00,2026-04-18T21:45:04.9070592Z,Popup,v3,643-145631,643-144573,,"Bernhardt, Jack",1000316026,Right,CAL_TEC,e709cbdb-8db5-44fe-abe6-d863c69a2132,55.26235,-105.86065,8.67448,5.31127,3.83918,-15.91689,-2.05701,2.78165,3.05952,157.619934,0.36647,49.30113,-7.5341,1.8455,-0.33373,0.08004,-0.03129,0.00774,-0.00072,2.83315,52.88365,-17.85734,0.81115,0.17958,-0.25032,0.10469,-0.02015,0.00149,0.34247,-9.1627,-1.13671,0.24486,-0.07824,0.03717,-0.01487,0.00316,-0.00026,,,,,,,,,,,,,,,,,,,,,,,High,High,High,High,Medium,,,
103,2026-04-18,14:46:57.18,1,1,"Dennis, Lucas",10274891,Right,POM_COL,"Hu, Mark",1000091669,Right,CAL_TEC,Undefined,4,Top,0,0,0,Slider,Curveball,StrikeCalled,Undefined,Undefined,Undefined,0,0,,75.47027,2.526444,-1.880013,2376.629484,66.130187,8:15,5.41692,1.94159,4.84989,-53.50034,-2.80213,-9.57359,3.3531,-0.63659,69.77644,-7.102373,-3.563039,0.512469,,,,,,,,,,,,4.21965,-1.53701,-1.7474,50,5.62082,3.98143,-109.46633,2.9294,5.16411,17.76726,-34.05506,POM_COL,CAL_TEC,PomonaPitzer,D3,Team,20260418-PomonaPitzer-2,1f9f8540-3b70-11f1-9995-2d5b6d9285b1,73.55067,,,5.69383,,,,,,,2406fc0b-637f-4cb9-a9cc-8bc242636732,2026-04-18,21:46:57.18,2026-04-18T14:46:57.1830784-07:00,2026-04-18T21:46:57.1830784Z,,v3,643-145631,643-144573,,"Parker, Will",1000474009,Right,POM_COL,42a133bb-eec9-4378-8353-8d37ec05714a,55.65073,-110.37968,8.88363,5.42523,4.68004,-17.02753,-1.94525,3.71596,2.58205,,,,,,,,,,,,,,,,,,,,,,,,,,,,,,,,,,,,,,,,,,,,,,,,,,,High,High,High,,,,,
104,2026-04-18,14:47:12.44,1,2,"Dennis, Lucas",10274891,Right,POM_COL,"Hu, Mark",1000091669,Right,CAL_TEC,Undefined,4,Top,0,0,1,Fastball,Changeup,StrikeCalled,Undefined,Undefined,Undefined,0,0,,81.95599,-0.755359,-3.478008,2132.664712,236.335533,2:00,5.64054,1.7216,5.71284,-31.80565,9.97796,13.06335,2.28504,-0.4339,75.38656,-6.631504,-1.145035,0.465237,,,,,,,,,,,,-7.53304,5.67709,-1.43833,50,5.55757,6.70366,-118.88309,-2.59587,-10.83668,21.68469,-24.00725,POM_COL,CAL_TEC,PomonaPitzer,D3,Team,20260418-PomonaPitzer-2,28ae6610-3b70-11f1-9995-2d5b6d9285b1,81.01773,,,6.56944,,,,,,,2406fc0b-637f-4cb9-a9cc-8bc242636732,2026-04-18,21:47:12.44,2026-04-18T14:47:12.4404224-07:00,2026-04-18T21:47:12.4404224Z,,v3,643-145631,643-144573,,"Parker, Will",1000474009,Right,POM_COL,ea96a9d5-df40-4a39-b717-8172e05b445a,54.7856,-119.75282,10.84234,5.64238,-1.63299,-12.00363,-1.71592,7.1383,-5.41834,,,,,,,,,,,,,,,,,,,,,,,,,,,,,,,,,,,,,,,,,,,,,,,,,,,High,High,High,,,,,
105,2026-04-18,14:47:35.10,1,3,"Dennis, Lucas",10274891,Right,POM_COL,"Hu, Mark",1000091669,Right,CAL_TEC,Undefined,4,Top,0,0,2,Slider,Curveball,StrikeSwinging,Strikeout,Undefined,Undefined,0,0,,75.90988,0.345772,-3.423268,2512.057752,56.052506,7:45,5.3568,1.94794,4.82097,-54.09019,-3.68669,-7.6728,1.17738,-1.93774,70.36933,-9.333273,-4.771041,0.510977,,,,,,,,,,,,2.88213,-1.49587,-1.60085,50,5.34414,6.88808,-110.03066,-1.26152,3.54679,18.8257,-34.01489,POM_COL,CAL_TEC,PomonaPitzer,D3,Team,20260418-PomonaPitzer-2,36431d20-3b70-11f1-9995-2d5b6d9285b1,73.76539,,,5.54055,,,,,,,2406fc0b-637f-4cb9-a9cc-8bc242636732,2026-04-18,21:47:35.10,2026-04-18T14:47:35.1080000-07:00,2026-04-18T21:47:35.1080000Z,,v3,643-145631,643-144573,,"Parker, Will",1000474009,Right,POM_COL,4cd1f307-93a9-4417-b913-208e4b7c41b4,55.68029,-110.99827,9.41285,5.36406,0.48679,-17.00744,-1.9502,6.70578,1.77339,,,,,,,,,,,,,,,,,,,,,,,,,,,,,70.08174,,,0.954565,,,,1.45867,5.91865,2.74955,69.36335,3.17042,-55.42088,1.48968,74.72953,-3.78383,5.94715,9.1022,-12.56838,2.654,-68.45087,7.93202,High,High,High,,,High,Medium,High
106,2026-04-18,14:48:01.72,2,1,"Dennis, Lucas",10274891,Right,POM_COL,"Bernhardt, Jack",1000316026,Right,CAL_TEC,Undefined,4,Top,1,0,0,Fastball,Four-Seam,BallCalled,Undefined,Undefined,Undefined,0,0,,83.81979,0.719072,-2.657263,2169.915384,212.722879,1:00,5.59429,1.67228,5.68612,-21.51407,18.45099,11.07497,4.47243,0.11666,76.71045,-3.334359,-0.680538,0.455,,,,,,,,,,,,-6.26811,9.52575,-1.4553,50,5.64137,5.18156,-121.62833,0.89338,-9.43582,22.75502,-17.83422,POM_COL,CAL_TEC,PomonaPitzer,D3,Team,20260418-PomonaPitzer-2,461d7e70-3b70-11f1-9995-2d5b6d9285b1,82.84049,,,7.10935,,,,,,,2406fc0b-637f-4cb9-a9cc-8bc242636732,2026-04-18,21:48:01.72,2026-04-18T14:48:01.7219072-07:00,2026-04-18T21:48:01.7219072Z,,v3,643-145631,643-144573,,"Parker, Will",1000474009,Right,POM_COL,dd585d77-d77f-4dfa-84a3-4093be69f160,54.81024,-122.52495,11.37751,5.59232,1.59611,-8.91711,-1.66679,5.55337,-4.71791,,,,,,,,,,,,,,,,,,,,,,,,,,,,,,,,,,,,,,,,,,,,,,,,,,,High,High,High,,,,,
107,2026-04-18,14:48:17.88,2,2,"Dennis, Lucas",10274891,Right,POM_COL,"Bernhardt, Jack",1000316026,Right,CAL_TEC,Undefined,4,Top,1,1,0,Fastball,Four-Seam,BallCalled,Undefined,Undefined,Undefined,0,0,,83.16706,-0.159672,-3.353444,2158.738561,206.081872,12:45,5.54547,1.74362,5.62527,-21.25816,19.38485,8.8913,3.62471,-0.64823,76.3455,-4.154839,-1.769931,0.458843,,,,,,,,,,,,-5.34036,10.22351,-1.46327,50,5.51824,6.70178,-120.63548,-0.9647,-7.92676,21.87638,-16.99921,POM_COL,CAL_TEC,PomonaPitzer,D3,Team,20260418-PomonaPitzer-2,4fb0d180-3b70-11f1-9995-2d5b6d9285b1,82.14664,,,6.82157,,,,,,,2406fc0b-637f-4cb9-a9cc-8bc242636732,2026-04-18,21:48:17.88,2026-04-18T14:48:17.8806784-07:00,2026-04-18T21:48:17.8806784Z,,v3,643-145631,643-144573,,"Parker, Will",1000474009,Right,POM_COL,06b51585-6122-41a0-8f14-e4067e27ac3b,54.87178,-121.51573,10.93819,5.5433,-0.2807,-8.4996,-1.73935,7.02074,-3.96338,,,,,,,,,,,,,,,,,,,,,,,,,,,,,,,,,,,,,,,,,,,,,,,,,,,High,High,High,,,,,
108,2026-04-18,14:48:35.27,2,3,"Dennis, Lucas",10274891,Right,POM_COL,"Bernhardt, Jack",1000316026,Right,CAL_TEC,Undefined,4,Top,1,2,0,Fastball,Changeup,FoulBallNotFieldable,Undefined,Undefined,Undefined,0,0,,83.35193,-1.012226,-3.196174,2078.095362,213.700053,1:00,5.55297,1.83209,5.62457,-22.27985,18.16481,11.29993,2.7502,-0.21184,76.63424,-5.181809,-1.182216,0.457722,,,,,,,,,,,,-6.60292,9.86378,-1.56709,50,5.45244,6.3048,-120.95199,-2.82134,-9.84582,22.13679,-17.46584,POM_COL,CAL_TEC,PomonaPitzer,D3,Team,20260418-PomonaPitzer-2,5a100010-3b70-11f1-9995-2d5b6d9285b1,82.34784,,,6.71769,,,,,,,2406fc0b-637f-4cb9-a9cc-8bc242636732,2026-04-18,21:48:35.27,2026-04-18T14:48:35.2707072-07:00,2026-04-18T21:48:35.2707072Z,,v3,643-145631,643-144573,,"Parker, Will",1000474009,Right,POM_COL,98b6c9e2-9792-4384-8162-3695cb6ae7c8,54.87524,-121.84099,11.0684,5.55166,-2.11991,-8.73292,-1.82823,6.7002,-4.92291,,,,,,,,,,,,,,,,,,,,,,,,,,,,,,,,,,,,,,,,,,,,,,,,,,,High,High,High,,,,,
109,2026-04-18,14:48:55.97,2,4,"Dennis, Lucas",10274891,Right,POM_COL,"Bernhardt, Jack",1000316026,Right,CAL_TEC,Undefined,4,Top,1,2,1,Slider,Curveball,StrikeCalled,Undefined,Undefined,Undefined,0,0,,73.65686,1.627891,-2.673113,2384.522439,88.414227,9:00,5.24906,2.03827,5.07714,-52.36802,1.64886,-9.58689,2.42176,-1.28241,66.7692,-7.90588,-4.364305,0.528976,,,,,,,,,,,,3.8452,0.94075,-1.77706,50,5.36295,5.35567,-106.54755,1.28943,4.35382,20.87322,-31.10888,POM_COL,CAL_TEC,PomonaPitzer,D3,Team,20260418-PomonaPitzer-2,666d4890-3b70-11f1-9995-2d5b6d9285b1,71.25546,,,6.88766,,,,,,,2406fc0b-637f-4cb9-a9cc-8bc242636732,2026-04-18,21:48:55.97,2026-04-18T14:48:55.9701504-07:00,2026-04-18T21:48:55.9701504Z,,v3,643-145631,643-144573,,"Parker, Will",1000474009,Right,POM_COL,355c2a3b-b174-4001-9eb7-9677ffad22ae,55.41809,-107.60374,10.43661,5.25788,2.86355,-15.55444,-2.04249,5.13537,2.17691,,,,,,,,,,,,,,,,,,,,,,,,,,,,,,,,,,,,,,,,,,,,,,,,,,,High,High,High,,,,,
110,2026-04-18,14:49:14.70,2,5,"Dennis, Lucas",10274891,Right,POM_COL,"Bernhardt, Jack",1000316026,Right,CAL_TEC,Undefined,4,Top,1,2,2,Slider,Curveball,BallCalled,Undefined,Undefined,Undefined,0,0,,74.7857,-0.484893,-2.886131,2563.568571,77.975236,8:30,5.32499,1.7342,5.09169,-52.2157,-0.8161,-10.9502,0.51611,-1.90065,69.43519,-9.870032,-4.821591,0.516002,,,,,,,,,,,,4.71544,0.1213,-1.45211,50,5.23771,5.88274,-108.48678,-2.66996,5.63399,18.52824,-32.02914,POM_COL,CAL_TEC,PomonaPitzer,D3,Team,20260418-PomonaPitzer-2,719879b0-3b70-11f1-9995-2d5b6d9285b1,73.0471,,,5.35051,,,,,,,2406fc0b-637f-4cb9-a9cc-8bc242636732,2026-04-18,21:49:14.70,2026-04-18T14:49:14.7077120-07:00,2026-04-18T21:49:14.7077120Z,,v3,643-145631,643-144573,,"Parker, Will",1000474009,Right,POM_COL,073f820a-f431-40ac-a39e-9754dc0f3809,55.40967,-109.40679,9.26412,5.3308,-1.07958,-16.01457,-1.73726,5.60299,2.81699,,,,,,,,,,,,,,,,,,,,,,,,,,,,,,,,,,,,,,,,,,,,,,,,,,,High,High,High,,,,,
111,2026-04-18,14:49:37.41,2,6,"Dennis, Lucas",10274891,Right,POM_COL,"Bernhardt, Jack",1000316026,Right,CAL_TEC,Undefined,4,Top,1,3,2,Fastball,Changeup,InPlay,Undefined,Popup,Out,1,0,,83.3777,-1.605986,-3.743494,2100.036539,216.95577,1:15,5.51073,1.62414,5.55781,-26.2886,14.56879,9.96548,1.81592,-1.04798,76.29904,-6.487489,-1.970592,0.460052,77.49431,54.994038,25.890873,,91.21278,113.06578,61.48348,188.65224,82.07037,36.447599,5.404518,-6.11894,8.21437,-1.30724,50,5.35452,7.50097,-120.79257,-4.23697,-9.03747,23.60433,-20.04169,POM_COL,CAL_TEC,PomonaPitzer,D3,Team,20260418-PomonaPitzer-2,7f1b7d80-3b70-11f1-9995-2d5b6d9285b1,81.93088,113.07669,,7.07866,,,,2.34124,1.92034,1.01592,2406fc0b-637f-4cb9-a9cc-8bc242636732,2026-04-18,21:49:37.41,2026-04-18T14:49:37.4148608-07:00,2026-04-18T21:49:37.4148608Z,FlyBall,v3,643-145631,643-144573,,"Parker, Will",1000474009,Right,POM_COL,ca4909c8-fbdd-48ed-87f0-cb3281ec0b24,54.94113,-121.7543,11.80216,5.51052,-3.42039,-10.02085,-1.62036,7.86919,-4.51873,,2.343,58.60592,-17.67048,4.89584,-0.79054,0.01803,0.0203,-0.00349,0.00018,1.91781,93.13874,-23.02681,1.85584,-0.13847,-0.06079,0.02874,-0.00486,0.00029,1.0164,28.46306,-2.82821,0.3598,-0.01138,0.00181,-0.00305,0.00073,-5E-05,,,,,,,,,,,,,,,,,,,,,,,High,High,High,Medium,Low,,,
112,2026-04-18,14:50:11.92,3,1,"Dennis, Lucas",10274891,Right,POM_COL,"Foardq, Riley",,Left,CAL_TEC,Undefined,4,Top,2,0,0,Slider,Curveball,StrikeCalled,Undefined,Undefined,Undefined,0,0,,73.75499,1.896571,-0.106132,2455.898792,78.010283,8:30,5.24346,1.88793,4.91785,-53.59668,-0.75484,-10.6469,2.5709,0.90034,68.28592,-7.769433,-1.983939,0.523191,,,,,,,,,,,,5.20559,-0.33933,-1.86837,50,5.38377,0.61824,-107.08466,1.70446,6.09795,16.96259,-32.57153,POM_COL,CAL_TEC,PomonaPitzer,D3,Team,20260418-PomonaPitzer-2,93b27c80-3b70-11f1-9995-2d5b6d9285b1,72.04334,,,5.46907,,,,,,,2406fc0b-637f-4cb9-a9cc-8bc242636732,2026-04-18,21:50:11.92,2026-04-18T14:50:11.9213056-07:00,2026-04-18T21:50:11.9213056Z,,v3,643-145631,643-144573,,"Parker, Will",1000474009,Right,POM_COL,2030b710-4eea-4062-b95e-bc54113be601,55.58234,-107.9653,8.4813,5.25138,3.39546,-16.28576,-1.89225,0.30166,3.04897,,,,,,,,,,,,,,,,,,,,,,,,,,,,,,,,,,,,,,,,,,,,,,,,,,,High,High,High,,,,,
113,2026-04-18,14:50:28.33,3,2,"Dennis, Lucas",10274891,Right,POM_COL,"Foardq, Riley",,Left,CAL_TEC,Undefined,4,Top,2,0,1,Fastball,Changeup,BallCalled,Undefined,Undefined,Undefined,0,0,,84.4808,-2.457769,-2.811512,2244.456791,233.389901,1:45,5.35168,1.67356,5.7422,-28.55939,10.93095,12.99717,0.67916,0.13677,77.48972,-7.740359,-0.485472,0.45229,,,,,,,,,,,,-7.41847,6.63996,-1.4477,50,5.1295,5.48954,-122.47801,-6.19271,-11.26244,24.31297,-22.09351,POM_COL,CAL_TEC,PomonaPitzer,D3,Team,20260418-PomonaPitzer-2,9d773fd0-3b70-11f1-9995-2d5b6d9285b1,83.33693,,,6.99108,,,,,,,2406fc0b-637f-4cb9-a9cc-8bc242636732,2026-04-18,21:50:28.33,2026-04-18T14:50:28.3328000-07:00,2026-04-18T21:50:28.3328000Z,,v3,643-145631,643-144573,,"Parker, Will",1000474009,Right,POM_COL,4c4154ba-bf24-4cfe-9f92-e1797ae6f038,54.75663,-123.41863,12.15649,5.35255,-5.33795,-11.04675,-1.66851,5.92526,-5.63122,,,,,,,,,,,,,,,,,,,,,,,,,,,,,,,,,,,,,,,,,,,,,,,,,,,High,High,High,,,,,
114,2026-04-18,14:50:54.97,3,3,"Dennis, Lucas",10274891,Right,POM_COL,"Foardq, Riley",,Left,CAL_TEC,Undefined,4,Top,2,1,1,ChangeUp,Changeup,BallCalled,Undefined,Undefined,Undefined,0,0,,76.38709,1.732658,-2.090775,1343.782268,256.957221,2:30,5.28565,1.95534,5.30916,-43.97227,4.59796,13.81835,3.24923,1.14349,70.49865,-6.291583,0.361119,0.501599,,,,,,,,,,,,-7.39477,2.34449,-1.77575,50,5.41119,3.50362,-110.88683,1.89632,-9.29566,18.04286,-29.22688,POM_COL,CAL_TEC,PomonaPitzer,D3,Team,20260418-PomonaPitzer-2,ad626a00-3b70-11f1-9995-2d5b6d9285b1,75.1446,,,5.88844,,,,,,,2406fc0b-637f-4cb9-a9cc-8bc242636732,2026-04-18,21:50:54.97,2026-04-18T14:50:54.9727744-07:00,2026-04-18T21:50:54.9727744Z,,v3,643-145631,643-144573,,"Parker, Will",1000474009,Right,POM_COL,8a4a14a9-2fd9-4399-9091-4b9739cc28d4,55.18992,-111.72811,9.02143,5.291,3.25908,-14.61344,-1.94922,3.93704,-4.64783,,,,,,,,,,,,,,,,,,,,,,,,,,,,,,,,,,,,,,,,,,,,,,,,,,,High,High,High,,,,,
115,2026-04-18,14:51:13.84,3,4,"Dennis, Lucas",10274891,Right,POM_COL,"Foardq, Riley",,Left,CAL_TEC,Undefined,4,Top,2,2,1,Fastball,Changeup,InPlay,Undefined,GroundBall,Error,0,0,,82.50021,-2.220515,-3.160667,2073.012724,207.178225,1:00,5.46307,1.75867,5.49796,-25.20214,16.82977,7.90386,1.28172,-0.54202,75.17562,-6.91604,-1.754768,0.466617,91.85621,-3.59406,38.552592,,,,,20.38643,17.38793,37.362354,0.140981,-4.9389,9.57567,-1.48768,50,5.25192,6.27575,-119.45934,-5.42782,-7.09582,24.24994,-18.41651,POM_COL,CAL_TEC,PomonaPitzer,D3,Team,20260418-PomonaPitzer-2,b899a910-3b70-11f1-9995-2d5b6d9285b1,80.77803,1.19128,,7.32458,,,,1.37112,1.19128,0.5512,2406fc0b-637f-4cb9-a9cc-8bc242636732,2026-04-18,21:51:13.84,2026-04-18T14:51:13.8421248-07:00,2026-04-18T21:51:13.8421248Z,GroundBall,v3,643-145631,643-144573,,"Parker, Will",1000474009,Right,POM_COL,5f8c81df-caad-47d3-b9ed-403ed22e3828,54.99974,-120.47,12.12497,5.46214,-4.66029,-9.20825,-1.7554,6.57148,-3.54791,180,1.36981,105.20804,,,,,,,,1.19138,-8.44996,,,,,,,,0.55016,83.84405,,,,,,,,,,,,,,,,,,,,,,,,,,,,,,High,High,High,Medium,Medium,,,
116,2026-04-18,14:51:53.98,4,1,"Dennis, Lucas",10274891,Right,POM_COL,"Choudhari, Sayuj",1000224626,Right,CAL_TEC,Undefined,4,Top,2,0,0,Fastball,Changeup,InPlay,Undefined,GroundBall,FieldersChoice,1,0,,84.6061,-0.390912,-3.142415,2050.37538,233.638142,1:45,5.35065,1.8397,5.79096,-29.35128,9.87815,11.72642,2.54052,-0.10924,77.4092,-5.842488,-1.044846,0.450793,85.99275,-17.501364,-7.434853,,,,,8.87651,8.697,-5.629219,0.064512,-6.87831,5.51563,-1.58805,50,5.30081,6.26853,-122.7518,-1.79218,-10.49439,24.30781,-23.75872,POM_COL,CAL_TEC,PomonaPitzer,D3,Team,20260418-PomonaPitzer-2,d07f0fc0-3b70-11f1-9995-2d5b6d9285b1,83.61362,2.45233,,7.19691,,,,1.12193,2.45233,0.13565,2406fc0b-637f-4cb9-a9cc-8bc242636732,2026-04-18,21:51:53.98,2026-04-18T14:51:53.9814912-07:00,2026-04-18T21:51:53.9814912Z,GroundBall,v3,643-145631,643-144573,,"Parker, Will",1000474009,Right,POM_COL,01f8ae1a-1470-4db8-b835-0512d0fd182b,54.70818,-123.68062,12.1539,5.35195,-0.88434,-11.87936,-1.83523,6.66952,-5.2472,180,1.11916,119.54036,,,,,,,,2.45321,-38.01365,,,,,,,,0.13602,-15.59953,,,,,,,,,,,,,,,,,,,,,,,,,,,,,,High,High,High,High,High,,,
117,2026-04-18,14:54:12.71,1,1,"Flaherty, Brendan",1000224625,Right,CAL_TEC,"Hu, Landon",1000261921,Left,POM_COL,Undefined,4,Bottom,0,0,0,Slider,Curveball,BallCalled,Undefined,Undefined,Undefined,0,0,,69.34979,2.799554,-0.893435,2198.647174,113.414768,9:45,5.37274,2.08415,4.77515,-54.91003,5.35689,-8.33843,3.45324,0.54226,64.02195,-7.11641,-2.357872,0.558741,,,,,,,,,,,,3.84945,2.48106,-1.98712,50,5.60514,1.88188,-100.54243,3.14515,3.9727,15.04834,-29.61354,POM_COL,CAL_TEC,PomonaPitzer,D3,Team,20260418-PomonaPitzer-2,234a9670-3b71-11f1-9995-2d5b6d9285b1,67.45954,,,5.32784,,,,,,,2406fc0b-637f-4cb9-a9cc-8bc242636732,2026-04-18,21:54:12.71,2026-04-18T14:54:12.7198720-07:00,2026-04-18T21:54:12.7198720Z,,v3,643-145631,643-144573,,"Bernhardt, Jack",1000316026,Right,CAL_TEC,200ad2b9-4ec2-453b-bed1-a55618bf6d33,55.72313,-101.39541,7.52417,5.3793,4.8237,-14.80677,-2.08741,1.6567,1.98635,,,,,,,,,,,,,,,,,,,,,,,,,,,,,,,,,,,,,,,,,,,,,,,,,,,High,High,High,,,,,
118,2026-04-18,14:54:27.25,1,2,"Flaherty, Brendan",1000224625,Right,CAL_TEC,"Hu, Landon",1000261921,Left,POM_COL,Undefined,4,Bottom,0,1,0,Fastball,Four-Seam,InPlay,Undefined,FlyBall,Out,1,0,,84.03976,-0.987963,-2.864822,2124.532468,208.044881,1:00,5.6262,1.71999,5.62899,-21.99828,18.56139,9.10327,2.86993,-0.1967,75.78257,-5.155215,-1.241673,0.458373,83.27082,44.971253,-14.313452,,103.41193,90.74188,-37.49626,280.98415,149.19649,-26.33703,5.29352,-5.53201,10.14575,-1.48192,50,5.52832,5.71314,-121.70687,-2.75375,-8.18046,27.03332,-17.171,POM_COL,CAL_TEC,PomonaPitzer,D3,Team,20260418-PomonaPitzer-2,2bdf1720-3b71-11f1-9995-2d5b6d9285b1,82.23101,102.88083,,8.25719,,,,1.30803,2.71813,0.19933,2406fc0b-637f-4cb9-a9cc-8bc242636732,2026-04-18,21:54:27.25,2026-04-18T14:54:27.2594432-07:00,2026-04-18T21:54:27.2594432Z,FlyBall,v3,643-145631,643-144573,,"Bernhardt, Jack",1000316026,Right,CAL_TEC,75440d37-6ff6-4f58-bc9b-be29681bfac7,54.86716,-122.78319,13.51666,5.62435,-2.0701,-8.5855,-1.71587,6.03884,-4.09023,149.228362,1.31781,83.51901,-16.40716,2.84511,0.20005,-0.28931,0.07718,-0.00908,0.00041,2.71398,86.38301,-22.10516,2.14839,-0.34968,-0.00803,0.02275,-0.00447,0.00028,0.20307,-21.43629,-2.42253,0.67888,0.03422,-0.06853,0.01778,-0.00193,8E-05,,,,,,,,,,,,,,,,,,,,,,,High,High,High,High,Low,,,
119,2026-04-18,14:54:59.19,2,1,"Flaherty, Brendan",1000224625,Right,CAL_TEC,"Savas, Peter",1000276389,Right,POM_COL,Undefined,4,Bottom,1,0,0,Curveball,Curveball,BallCalled,Undefined,Undefined,Undefined,0,0,,66.74866,2.966364,-2.361834,2385.213989,47.256775,7:30,5.84019,1.53429,4.59017,-77.00984,-9.9706,-13.32253,2.24923,-1.82376,60.91371,-10.814517,-4.694342,0.589299,,,,,,,,,,,,5.68197,-5.03992,-1.27722,50,6.07565,4.47955,-96.50604,2.4842,5.27241,17.27093,-36.85072,POM_COL,CAL_TEC,PomonaPitzer,D3,Team,20260418-PomonaPitzer-2,3ef51b70-3b71-11f1-9995-2d5b6d9285b1,63.96145,,,5.83496,,,,,,,2406fc0b-637f-4cb9-a9cc-8bc242636732,2026-04-18,21:54:59.19,2026-04-18T14:54:59.1944704-07:00,2026-04-18T21:54:59.1944704Z,,v3,643-145631,643-144573,,"Bernhardt, Jack",1000316026,Right,CAL_TEC,225bf311-4964-4b08-8300-bd5c96cade51,55.91057,-97.55807,8.63546,5.85596,4.72891,-18.42536,-1.54031,4.15839,2.6362,,,,,,,,,,,,,,,,,,,,,,,,,,,,,,,,,,,,,,,,,,,,,,,,,,,High,High,High,,,,,
120,2026-04-18,14:55:09.80,2,2,"Flaherty, Brendan",1000224625,Right,CAL_TEC,"Savas, Peter",1000276389,Right,POM_COL,Undefined,4,Bottom,1,1,0,Fastball,Changeup,StrikeCalled,Undefined,Undefined,Undefined,0,0,,83.61497,-0.948349,-3.121457,2207.938876,223.473217,1:30,5.71334,1.5112,5.88226,-26.83289,13.22875,11.32213,2.5952,-0.4469,76.47239,-5.961405,-1.092693,0.45555,,,,,,,,,,,,-6.6802,7.42398,-1.26564,50,5.62121,6.16888,-121.29872,-2.83585,-9.94627,23.86988,-21.12036,POM_COL,CAL_TEC,PomonaPitzer,D3,Team,20260418-PomonaPitzer-2,453d8940-3b71-11f1-9995-2d5b6d9285b1,82.74057,,,7.14258,,,,,,,2406fc0b-637f-4cb9-a9cc-8bc242636732,2026-04-18,21:55:09.80,2026-04-18T14:55:09.8030080-07:00,2026-04-18T21:55:09.8030080Z,,v3,643-145631,643-144573,,"Bernhardt, Jack",1000316026,Right,CAL_TEC,1ae8e2dd-5725-4121-98c3-bd5857b9eeef,54.61623,-122.20376,11.93494,5.71355,-2.03506,-10.56018,-1.50669,6.54599,-4.97313,,,,,,,,,,,,,,,,,,,,,,,,,,,,,,,,,,,,,,,,,,,,,,,,,,,High,High,High,,,,,
121,2026-04-18,14:55:26.27,2,3,"Flaherty, Brendan",1000224625,Right,CAL_TEC,"Savas, Peter",1000276389,Right,POM_COL,Undefined,4,Bottom,1,1,1,Slider,Curveball,BallCalled,Undefined,Undefined,Undefined,0,0,,71.36848,2.023349,-2.570529,2372.208148,77.283422,8:30,5.57304,1.65972,4.91232,-59.48039,-1.47906,-15.67757,2.5323,-2.079,64.76976,-8.742659,-5.327444,0.548139,,,,,,,,,,,,6.84819,-0.74677,-1.3949,50,5.72168,5.23984,-103.21666,1.6862,7.25856,19.98382,-32.96558,POM_COL,CAL_TEC,PomonaPitzer,D3,Team,20260418-PomonaPitzer-2,4f12c750-3b71-11f1-9995-2d5b6d9285b1,68.76443,,,6.59872,,,,,,,2406fc0b-637f-4cb9-a9cc-8bc242636732,2026-04-18,21:55:26.27,2026-04-18T14:55:26.2732800-07:00,2026-04-18T21:55:26.2732800Z,,v3,643-145631,643-144573,,"Bernhardt, Jack",1000316026,Right,CAL_TEC,aba6ab34-14c8-41ef-ba1d-b0f0245eac8d,55.58521,-104.29241,9.99191,5.58315,3.46077,-16.48279,-1.66645,4.8491,3.62928,,,,,,,,,,,,,,,,,,,,,,,,,,,,,,,,,,,,,,,,,,,,,,,,,,,High,High,High,,,,,
122,2026-04-18,14:55:40.60,2,4,"Flaherty, Brendan",1000224625,Right,CAL_TEC,"Savas, Peter",1000276389,Right,POM_COL,Undefined,4,Bottom,1,2,1,Fastball,Changeup,HitByPitch,Undefined,Undefined,Undefined,0,0,,83.58356,-0.194855,-0.945329,2222.651011,219.239979,1:15,5.70232,1.4584,5.89847,-22.60761,17.89737,13.43079,3.63743,1.69994,75.35891,-4.498404,1.465455,0.458063,,,,,,,,,,,,-7.22622,9.65776,-1.3903,50,5.67396,1.47249,-121.27259,-1.05482,-10.59313,27.18027,-18.01647,POM_COL,CAL_TEC,PomonaPitzer,D3,Team,20260418-PomonaPitzer-2,57914f00-3b71-11f1-9995-2d5b6d9285b1,82.28652,,,8.22465,,,,,,,2406fc0b-637f-4cb9-a9cc-8bc242636732,2026-04-18,21:55:40.60,2026-04-18T14:55:40.6091776-07:00,2026-04-18T21:55:40.6091776Z,,v3,643-145631,643-144573,,"Bernhardt, Jack",1000316026,Right,CAL_TEC,11213cd2-62db-415b-8b69-07eaa0cf3034,54.59903,-122.299,13.59013,5.70095,-0.37446,-9.00823,-1.45346,1.87252,-5.29656,,,,,,,,,,,,,,,,,,,,,,,,,,,,,,,,,,,,,,,,,,,,,,,,,,,High,High,High,,,,,
123,2026-04-18,14:56:44.83,3,1,"Flaherty, Brendan",1000224625,Right,CAL_TEC,"Gonzaga, Kai",10138924,Left,POM_COL,Undefined,4,Bottom,1,0,0,Fastball,Four-Seam,BallCalled,Undefined,Undefined,Undefined,0,0,,84.07981,0.308308,-2.545343,2292.243129,209.766242,1:00,5.60689,1.68363,5.83933,-21.9632,18.32056,9.63111,4.06345,0.11903,75.49781,-3.883776,-0.821066,0.456811,,,,,,,,,,,,-5.66303,9.63674,-1.48143,50,5.61924,5.00407,-121.76938,0.04088,-8.36652,27.48887,-17.93685,POM_COL,CAL_TEC,PomonaPitzer,D3,Team,20260418-PomonaPitzer-2,7de6b190-3b71-11f1-9995-2d5b6d9285b1,82.51214,,,8.582,,,,,,,2406fc0b-637f-4cb9-a9cc-8bc242636732,2026-04-18,21:56:44.83,2026-04-18T14:56:44.8353280-07:00,2026-04-18T21:56:44.8353280Z,,v3,643-145631,643-144573,,"Bernhardt, Jack",1000316026,Right,CAL_TEC,8227aee3-1ff2-4705-a1ff-f0b5b3b9be1f,54.65303,-122.81529,13.74443,5.6047,0.72334,-8.96843,-1.67789,5.3224,-4.18326,,,,,,,,,,,,,,,,,,,,,,,,,,,,,,,,,,,,,,,,,,,,,,,,,,,High,High,High,,,,,
124,2026-04-18,14:57:02.33,3,2,"Flaherty, Brendan",1000224625,Right,CAL_TEC,"Gonzaga, Kai",10138924,Left,POM_COL,Undefined,4,Bottom,1,1,0,Fastball,Changeup,BallCalled,Undefined,Undefined,Undefined,0,0,,82.92223,-0.016696,-1.457241,2187.077197,220.081639,1:15,5.57775,1.73579,5.59961,-24.47308,17.05147,13.12146,3.52274,1.4685,74.94023,-4.62935,0.884459,0.463793,,,,,,,,,,,,-7.0078,9.04063,-1.61927,50,5.56077,2.50079,-120.2111,-0.77527,-10.14355,25.65403,-19.088,POM_COL,CAL_TEC,PomonaPitzer,D3,Team,20260418-PomonaPitzer-2,88548620-3b71-11f1-9995-2d5b6d9285b1,81.27002,,,7.982,,,,,,,2406fc0b-637f-4cb9-a9cc-8bc242636732,2026-04-18,21:57:02.33,2026-04-18T14:57:02.3384064-07:00,2026-04-18T21:57:02.3384064Z,,v3,643-145631,643-144573,,"Bernhardt, Jack",1000316026,Right,CAL_TEC,0a3b739a-099f-41b6-a900-a745f313c2fc,54.89449,-121.25113,12.82701,5.57652,-0.00143,-9.544,-1.72899,2.91202,-5.07178,,,,,,,,,,,,,,,,,,,,,,,,,,,,,,,,,,,,,,,,,,,,,,,,,,,High,High,High,,,,,
125,2026-04-18,14:57:33.25,3,3,"Flaherty, Brendan",1000224625,Right,CAL_TEC,"Gonzaga, Kai",10138924,Left,POM_COL,Undefined,4,Bottom,1,2,0,Fastball,Changeup,BallCalled,Undefined,Undefined,Undefined,0,0,,82.46743,1.221084,-1.882871,2129.27007,225.589597,1:30,5.49485,1.85809,5.61182,-28.03529,13.90611,12.71863,4.29909,1.15993,74.53439,-4.032761,0.386031,0.466115,,,,,,,,,,,,-6.94256,7.0878,-1.70525,50,5.58149,3.39503,-119.52652,1.66903,-9.94816,25.08133,-22.01778,POM_COL,CAL_TEC,PomonaPitzer,D3,Team,20260418-PomonaPitzer-2,9ac067c0-3b71-11f1-9995-2d5b6d9285b1,80.86512,,,7.93305,,,,,,,2406fc0b-637f-4cb9-a9cc-8bc242636732,2026-04-18,21:57:33.25,2026-04-18T14:57:33.2510208-07:00,2026-04-18T21:57:33.2510208Z,,v3,643-145631,643-144573,,"Bernhardt, Jack",1000316026,Right,CAL_TEC,7cc8c337-a9bd-461e-b93e-1cf55ec06de7,54.88293,-120.54679,12.54066,5.49538,2.56468,-11.00889,-1.85158,3.79971,-4.97408,,,,,,,,,,,,,,,,,,,,,,,,,,,,,,,,,,,,,,,,,,,,,,,,,,,High,High,High,,,,,
126,2026-04-18,14:57:51.57,3,4,"Flaherty, Brendan",1000224625,Right,CAL_TEC,"Gonzaga, Kai",10138924,Left,POM_COL,Undefined,4,Bottom,1,3,0,Fastball,Changeup,BallCalled,Walk,Undefined,Undefined,0,0,,81.98613,-0.196987,-1.709859,2195.811261,209.787291,1:00,5.66801,1.86247,5.36867,-24.04686,18.81265,9.90272,3.47933,1.08403,74.09395,-4.72102,0.049282,0.471189,,,,,,,,,,,,-5.43418,9.91253,-1.7161,50,5.6338,3.11971,-118.78281,-1.14268,-7.6844,24.92697,-18.15684,POM_COL,CAL_TEC,PomonaPitzer,D3,Team,20260418-PomonaPitzer-2,a5a5b640-3b71-11f1-9995-2d5b6d9285b1,79.99436,,,7.89217,,,,,,,2406fc0b-637f-4cb9-a9cc-8bc242636732,2026-04-18,21:57:51.57,2026-04-18T14:57:51.5780608-07:00,2026-04-18T21:57:51.5780608Z,,v3,643-145631,643-144573,,"Bernhardt, Jack",1000316026,Right,CAL_TEC,30769d74-aa9d-4e2e-9b4e-7c7b65b933d1,55.12486,-119.85346,12.46348,5.66613,-0.36282,-9.07842,-1.85719,3.44976,-3.8422,,,,,,,,,,,,,,,,,,,,,,,,,,,,,,,,,,,,,,,,,,,,,,,,,,,High,High,High,,,,,
127,2026-04-18,14:58:25.75,4,1,"Flaherty, Brendan",1000224625,Right,CAL_TEC,"Pierantoni, Greg",1000091552,Right,POM_COL,Undefined,4,Bottom,1,0,0,Slider,Curveball,BallCalled,Undefined,Undefined,Undefined,0,0,,70.18909,1.364591,-2.732125,2243.820519,98.901977,9:15,5.33306,1.93693,5.22649,-55.14452,3.51087,-10.11186,2.02223,-1.47613,64.30293,-8.667609,-4.521263,0.55122,,,,,,,,,,,,4.21504,1.95614,-1.67718,50,5.41811,5.21994,-101.67017,0.72659,4.38124,17.75187,-30.14076,POM_COL,CAL_TEC,PomonaPitzer,D3,Team,20260418-PomonaPitzer-2,ba1270f0-3b71-11f1-9995-2d5b6d9285b1,68.37998,,,5.88616,,,,,,,2406fc0b-637f-4cb9-a9cc-8bc242636732,2026-04-18,21:58:25.75,2026-04-18T14:58:25.7526784-07:00,2026-04-18T21:58:25.7526784Z,,v3,643-145631,643-144573,,"Bernhardt, Jack",1000316026,Right,CAL_TEC,bd1b6cb3-c28c-455d-96a6-df6d6df73a3a,55.27089,-102.58635,8.87593,5.34047,2.28218,-15.07038,-1.94075,4.99383,2.19062,,,,,,,,,,,,,,,,,,,,,,,,,,,,,,,,,,,,,,,,,,,,,,,,,,,High,High,High,,,,,
128,2026-04-18,14:58:40.67,4,2,"Flaherty, Brendan",1000224625,Right,CAL_TEC,"Pierantoni, Greg",1000091552,Right,POM_COL,Undefined,4,Bottom,1,1,0,Fastball,Changeup,FoulBallNotFieldable,Undefined,Undefined,Undefined,0,0,,81.47699,-0.235241,-2.196087,2106.155269,210.097774,1:00,5.61428,1.80956,5.79885,-27.29104,14.63859,7.77091,3.12106,0.41355,75.06813,-5.319479,-0.804848,0.466049,,,,,,,,,,,,-4.54583,7.91575,-1.63381,50,5.57857,4.2417,-118.37339,-1.31511,-6.49968,20.96845,-20.85595,POM_COL,CAL_TEC,PomonaPitzer,D3,Team,20260418-PomonaPitzer-2,c2ede5b0-3b71-11f1-9995-2d5b6d9285b1,80.87651,,,6.40885,,,,,,,2406fc0b-637f-4cb9-a9cc-8bc242636732,2026-04-18,21:58:40.67,2026-04-18T14:58:40.6793728-07:00,2026-04-18T21:58:40.6793728Z,,v3,643-145631,643-144573,,"Bernhardt, Jack",1000316026,Right,CAL_TEC,cd4cc2e6-2442-4abd-af99-67fb6fdc2344,54.70036,-119.20309,10.48423,5.61428,-0.48985,-10.42798,-1.80674,4.49888,-3.24984,,,,,,,,,,,,,,,,,,,,,,,,,,,,,,,,,,,,,,,,,,,,,,,,,,,High,High,High,,,,,
129,2026-04-18,14:59:01.45,4,3,"Flaherty, Brendan",1000224625,Right,CAL_TEC,"Pierantoni, Greg",1000091552,Right,POM_COL,Undefined,4,Bottom,1,1,1,Fastball,Changeup,StrikeCalled,Undefined,Undefined,Undefined,0,0,,82.74975,-1.780282,-3.595526,2124.113878,233.654512,1:45,5.63346,1.67082,5.57737,-27.77076,13.89611,16.94399,1.65268,-0.2797,75.33656,-6.944212,-0.576866,0.464587,,,,,,,,,,,,-9.58756,7.97693,-1.37229,50,5.46204,6.82744,-119.81712,-4.61786,-13.85947,24.36087,-20.64282,POM_COL,CAL_TEC,PomonaPitzer,D3,Team,20260418-PomonaPitzer-2,cf4d7820-3b71-11f1-9995-2d5b6d9285b1,81.1311,,,7.41318,,,,,,,2406fc0b-637f-4cb9-a9cc-8bc242636732,2026-04-18,21:59:01.45,2026-04-18T14:59:01.4539776-07:00,2026-04-18T21:59:01.4539776Z,,v3,643-145631,643-144573,,"Bernhardt, Jack",1000316026,Right,CAL_TEC,dfaab83b-8036-4311-8e23-f812792f1376,54.91981,-120.81327,12.18044,5.63362,-3.77375,-10.32141,-1.66305,7.39417,-6.92974,,,,,,,,,,,,,,,,,,,,,,,,,,,,,,,,,,,,,,,,,,,,,,,,,,,High,High,High,,,,,
130,2026-04-18,14:59:22.21,4,4,"Flaherty, Brendan",1000224625,Right,CAL_TEC,"Pierantoni, Greg",1000091552,Right,POM_COL,Undefined,4,Bottom,1,1,2,Slider,Curveball,InPlay,Undefined,Popup,Out,1,0,,70.44863,2.246088,-0.567338,2255.313755,89.026268,9:00,5.36043,1.73388,5.18259,-56.25613,1.49169,-15.14521,2.78687,-0.06202,64.89758,-7.973519,-3.249773,0.546939,,,,,,,,,,,,7.44744,0.59472,-1.66894,50,5.52618,1.55303,-102.2378,2.26292,7.89137,16.67968,-31.54388,POM_COL,CAL_TEC,PomonaPitzer,D3,Team,20260418-PomonaPitzer-2,dbb85530-3b71-11f1-9995-2d5b6d9285b1,68.9152,,,5.55105,,,,,,,2406fc0b-637f-4cb9-a9cc-8bc242636732,2026-04-18,21:59:22.21,2026-04-18T14:59:22.2177280-07:00,2026-04-18T21:59:22.2177280Z,,v3,643-145631,643-144573,,"Bernhardt, Jack",1000316026,Right,CAL_TEC,32dbd3f2-904f-4af7-abd4-b4fbcce14026,55.31836,-103.10181,8.33984,5.36664,3.89692,-15.77194,-1.7388,1.14426,3.94569,,,,,,,,,,,,,,,,,,,,,,,,,,,,,,,,,,,,,,,,,,,,,,,,,,,High,High,High,,,,,
131,2026-04-18,15:00:00.92,5,1,"Flaherty, Brendan",1000224625,Right,CAL_TEC,"Berry, Cooper",1000276381,Left,POM_COL,Undefined,4,Bottom,2,0,0,Slider,Curveball,StrikeCalled,Undefined,Undefined,Undefined,0,0,,68.72919,2.710493,-0.032318,2209.963718,89.914535,9:00,5.4161,1.88707,5.32262,-58.90208,1.98886,-14.27796,3.05306,0.66692,62.76521,-8.053031,-2.567874,0.561627,,,,,,,,,,,,7.06662,0.87953,-1.87377,50,5.6196,0.57047,-99.60975,2.94329,7.05268,16.99469,-31.29626,POM_COL,CAL_TEC,PomonaPitzer,D3,Team,20260418-PomonaPitzer-2,f2d0a7e0-3b71-11f1-9995-2d5b6d9285b1,67.11298,,,5.96398,,,,,,,2406fc0b-637f-4cb9-a9cc-8bc242636732,2026-04-18,22:00:00.92,2026-04-18T15:00:00.9263616-07:00,2026-04-18T22:00:00.9263616Z,,v3,643-145631,643-144573,,"Bernhardt, Jack",1000316026,Right,CAL_TEC,38bf22e3-3ba5-40b1-b635-91036a9b0f87,55.17477,-100.48876,8.49735,5.42551,4.562,-15.64813,-1.89384,0.20569,3.52634,,,,,,,,,,,,,,,,,,,,,,,,,,,,,,,,,,,,,,,,,,,,,,,,,,,High,High,High,,,,,
132,2026-04-18,15:00:41.35,5,2,"Flaherty, Brendan",1000224625,Right,CAL_TEC,"Berry, Cooper",1000276381,Left,POM_COL,Undefined,4,Bottom,2,0,1,Slider,Curveball,BallCalled,Undefined,Undefined,Undefined,0,0,,70.10737,0.619768,-1.875831,2140.694763,97.683197,9:15,5.1402,1.83355,5.48682,-54.40105,3.11071,-10.41174,1.18694,-0.78966,65.00329,-9.279439,-3.730814,0.54582,,,,,,,,,,,,4.76071,1.92429,-1.66187,50,5.15756,3.69342,-101.80985,-0.51167,5.0138,16.18228,-30.14747,POM_COL,CAL_TEC,PomonaPitzer,D3,Team,20260418-PomonaPitzer-2,0aeb4f60-3b72-11f1-9995-2d5b6d9285b1,69.05649,,,5.10408,,,,,,,2406fc0b-637f-4cb9-a9cc-8bc242636732,2026-04-18,22:00:41.35,2026-04-18T15:00:41.3514240-07:00,2026-04-18T22:00:41.3514240Z,,v3,643-145631,643-144573,,"Bernhardt, Jack",1000316026,Right,CAL_TEC,f0cd76bd-ee42-48e3-a2fe-6c071ad927df,55.013,-102.60356,8.09114,5.14639,0.96699,-15.07374,-1.83699,3.4475,2.5069,,,,,,,,,,,,,,,,,,,,,,,,,,,,,,,,,,,,,,,,,,,,,,,,,,,High,High,High,,,,,
133,2026-04-18,15:01:01.43,5,3,"Flaherty, Brendan",1000224625,Right,CAL_TEC,"Berry, Cooper",1000276381,Left,POM_COL,Undefined,4,Bottom,2,1,1,Fastball,Changeup,BallCalled,Undefined,Undefined,Undefined,0,0,,83.70588,1.73318,-0.941077,2013.593826,238.422719,2:00,5.52924,1.61455,5.62846,-29.90663,10.31319,14.76946,4.65493,1.96716,76.49529,-3.82127,1.695601,0.456448,,,,,,,,,,,,-7.68752,5.13811,-1.54381,50,5.65785,1.37871,-121.51781,2.68958,-11.51348,23.45148,-24.47879,POM_COL,CAL_TEC,PomonaPitzer,D3,Team,20260418-PomonaPitzer-2,16d69c30-3b72-11f1-9995-2d5b6d9285b1,82.5777,,,7.21059,,,,,,,2406fc0b-637f-4cb9-a9cc-8bc242636732,2026-04-18,22:01:01.43,2026-04-18T15:01:01.4384128-07:00,2026-04-18T22:01:01.4384128Z,,v3,643-145631,643-144573,,"Bernhardt, Jack",1000316026,Right,CAL_TEC,ed6a6fcf-7655-4f00-8550-3645916582c2,54.86912,-122.45388,11.72574,5.53099,3.66666,-12.2394,-1.60802,1.83828,-5.75674,,,,,,,,,,,,,,,,,,,,,,,,,,,,,,,,,,,,,,,,,,,,,,,,,,,High,High,High,,,,,
134,2026-04-18,15:01:24.51,5,4,"Flaherty, Brendan",1000224625,Right,CAL_TEC,"Berry, Cooper",1000276381,Left,POM_COL,Undefined,4,Bottom,2,2,1,Fastball,Changeup,BallCalled,Undefined,Undefined,Undefined,0,0,,83.60806,1.134469,-2.336867,2127.977547,220.807844,1:15,5.78441,1.47277,5.62748,-24.73714,15.78099,12.49253,4.78257,0.33209,76.0222,-3.508911,-0.108645,0.458138,,,,,,,,,,,,-6.92489,8.0504,-1.28151,50,5.86543,4.41944,-121.2421,1.63737,-10.28514,24.18689,-20.21721,POM_COL,CAL_TEC,PomonaPitzer,D3,Team,20260418-PomonaPitzer-2,24998f30-3b72-11f1-9995-2d5b6d9285b1,82.27314,,,7.58586,,,,,,,2406fc0b-637f-4cb9-a9cc-8bc242636732,2026-04-18,22:01:24.51,2026-04-18T15:01:24.5114368-07:00,2026-04-18T22:01:24.5114368Z,,v3,643-145631,643-144573,,"Bernhardt, Jack",1000316026,Right,CAL_TEC,a05640e0-17af-4e53-8944-fb32b9536e50,54.86816,-122.20941,12.09345,5.78378,2.44592,-10.10861,-1.46648,4.83077,-5.14257,,,,,,,,,,,,,,,,,,,,,,,,,,,,,,,,,,,,,,,,,,,,,,,,,,,High,High,High,,,,,
135,2026-04-18,15:01:45.23,5,5,"Flaherty, Brendan",1000224625,Right,CAL_TEC,"Berry, Cooper",1000276381,Left,POM_COL,Undefined,4,Bottom,2,3,1,Fastball,Changeup,InPlay,Undefined,LineDrive,Double,0,1,,82.24848,-0.394956,-2.173782,2124.918762,218.954013,1:15,5.60611,1.62483,5.81196,-27.49883,13.62804,10.03875,2.94701,0.43908,75.78887,-5.512843,-0.375663,0.461566,81.91215,21.038172,36.656183,1760.104299,84.74854,27.96074,70.1256,225.47346,186.97173,43.528351,2.57751,-5.72796,7.4354,-1.45286,50,5.5573,4.15289,-119.51159,-1.67107,-8.34464,21.46358,-21.34198,POM_COL,CAL_TEC,PomonaPitzer,D3,Team,20260418-PomonaPitzer-2,30ebb420-3b72-11f1-9995-2d5b6d9285b1,81.662,28.13504,,6.45962,,,,1.94796,3.22959,-0.58363,2406fc0b-637f-4cb9-a9cc-8bc242636732,2026-04-18,22:01:45.23,2026-04-18T15:01:45.2384768-07:00,2026-04-18T22:01:45.2384768Z,LineDrive,v3,643-145631,643-144573,,"Bernhardt, Jack",1000316026,Right,CAL_TEC,30ecc3ef-3250-408f-ba2e-7d5eb83b7141,54.6881,-120.3506,10.73179,5.60631,-0.83681,-10.67099,-1.62157,4.47908,-4.17232,,1.94795,89.95595,-16.6015,3.73825,-0.69434,0.0234,0.03564,-0.01227,0.00141,3.22959,43.12792,-20.33329,1.69279,-0.31501,0.09353,-0.03251,0.00824,-0.00089,-0.58357,66.93843,-1.80753,-0.78055,0.3718,-0.1137,0.02779,-0.00505,0.00046,,,,,,,,,,,,,,,,,,,,,,,High,High,High,High,Medium,,,
136,2026-04-18,15:02:50.08,6,1,"Flaherty, Brendan",1000224625,Right,CAL_TEC,"DeGrazia, Tanner",1000214434,Right,POM_COL,Undefined,4,Bottom,2,0,0,Slider,Curveball,BallCalled,Undefined,Undefined,Undefined,0,0,,70.18466,1.506027,-3.470806,2272.134834,119.261021,10:00,5.41829,1.79353,5.45279,-50.28684,6.75611,-9.38961,2.64049,-2.24209,65.51521,-7.635939,-5.135544,0.543591,,,,,,,,,,,,3.9161,3.54303,-1.48042,50,5.5167,6.50179,-101.84682,1.19467,4.17575,14.34617,-28.39608,POM_COL,CAL_TEC,PomonaPitzer,D3,Team,20260418-PomonaPitzer-2,579e03c0-3b72-11f1-9995-2d5b6d9285b1,69.33967,,,4.66945,,,,,,,2406fc0b-637f-4cb9-a9cc-8bc242636732,2026-04-18,22:02:50.08,2026-04-18T15:02:50.0872192-07:00,2026-04-18T22:02:50.0872192Z,,v3,643-145631,643-144573,,"Bernhardt, Jack",1000316026,Right,CAL_TEC,ab297842-8d6a-4a44-9089-1acf044dde80,55.04687,-102.55526,7.17308,5.42308,2.59692,-14.19804,-1.7964,6.29558,2.08787,,,,,,,,,,,,,,,,,,,,,,,,,,,,,,,,,,,,,,,,,,,,,,,,,,,High,High,High,,,,,
137,2026-04-18,15:03:04.12,6,2,"Flaherty, Brendan",1000224625,Right,CAL_TEC,"DeGrazia, Tanner",1000214434,Right,POM_COL,Undefined,4,Bottom,2,1,0,Fastball,Changeup,BallCalled,Undefined,Undefined,Undefined,0,0,,83.67475,-1.766275,-4.827687,2059.359286,231.932638,1:45,5.66702,1.46218,5.73209,-26.24875,13.96284,16.22265,1.82837,-1.69248,76.85832,-6.643002,-1.937291,0.456402,,,,,,,,,,,,-9.49071,7.95461,-1.06889,50,5.50316,9.57096,-121.13282,-4.57564,-14.17754,22.46505,-20.29118,POM_COL,CAL_TEC,PomonaPitzer,D3,Team,20260418-PomonaPitzer-2,5feec4b0-3b72-11f1-9995-2d5b6d9285b1,82.58613,,,6.81642,,,,,,,2406fc0b-637f-4cb9-a9cc-8bc242636732,2026-04-18,22:03:04.12,2026-04-18T15:03:04.1241600-07:00,2026-04-18T22:03:04.1241600Z,,v3,643-145631,643-144573,,"Bernhardt, Jack",1000316026,Right,CAL_TEC,4a73d1ac-d99d-4a88-87a1-6e2a1160e3c8,54.76658,-122.01362,11.23253,5.66696,-3.78008,-10.14559,-1.45504,10.12683,-7.08877,,,,,,,,,,,,,,,,,,,,,,,,,,,,,,,,,,,,,,,,,,,,,,,,,,,High,High,High,,,,,
138,2026-04-18,15:03:18.82,6,3,"Flaherty, Brendan",1000224625,Right,CAL_TEC,"DeGrazia, Tanner",1000214434,Right,POM_COL,Undefined,4,Bottom,2,2,0,Fastball,Changeup,BallCalled,Undefined,Undefined,Undefined,0,0,,83.63442,-1.085467,-5.070588,2197.941743,223.571455,1:30,5.69074,1.37342,6.0796,-25.30009,14.40316,12.54056,2.57405,-2.28515,76.81731,-5.823393,-2.824681,0.453507,,,,,,,,,,,,-7.74209,8.08284,-0.98689,50,5.593,10.25478,-121.11476,-3.04565,-11.56977,22.30805,-20.09505,POM_COL,CAL_TEC,PomonaPitzer,D3,Team,20260418-PomonaPitzer-2,68b61530-3b72-11f1-9995-2d5b6d9285b1,83.11318,,,6.81711,,,,,,,2406fc0b-637f-4cb9-a9cc-8bc242636732,2026-04-18,22:03:18.82,2026-04-18T15:03:18.8218880-07:00,2026-04-18T22:03:18.8218880Z,,v3,643-145631,643-144573,,"Bernhardt, Jack",1000316026,Right,CAL_TEC,3650e44b-0476-43d4-aafc-bbf3a58ddc85,54.41821,-121.92583,11.15402,5.69045,-2.31504,-10.04752,-1.36738,10.67543,-5.78489,,,,,,,,,,,,,,,,,,,,,,,,,,,,,,,,,,,,,,,,,,,,,,,,,,,High,High,High,,,,,
139,2026-04-18,15:03:34.87,6,4,"Flaherty, Brendan",1000224625,Right,CAL_TEC,"DeGrazia, Tanner",1000214434,Right,POM_COL,Undefined,4,Bottom,2,3,0,Fastball,Changeup,BallCalled,Walk,Undefined,Undefined,0,0,,81.30426,-0.530646,-4.894397,2112.20408,230.931546,1:45,5.7489,1.59832,5.68204,-28.79663,14.13076,15.65721,2.85272,-1.67032,74.12525,-5.894074,-2.10907,0.471562,,,,,,,,,,,,-9.24284,7.74874,-1.19479,50,5.68616,9.43504,-117.62708,-1.98321,-12.93612,22.52974,-21.32905,POM_COL,CAL_TEC,PomonaPitzer,D3,Team,20260418-PomonaPitzer-2,7246a920-3b72-11f1-9995-2d5b6d9285b1,79.93104,,,7.17901,,,,,,,2406fc0b-637f-4cb9-a9cc-8bc242636732,2026-04-18,22:03:34.87,2026-04-18T15:03:34.8793344-07:00,2026-04-18T22:03:34.8793344Z,,v3,643-145631,643-144573,,"Bernhardt, Jack",1000316026,Right,CAL_TEC,96893d00-d717-4b83-8d72-ff04e1890870,54.81444,-118.54563,11.26487,5.74929,-1.11361,-10.66452,-1.59021,9.96245,-6.46806,,,,,,,,,,,,,,,,,,,,,,,,,,,,,,,,,,,,,,,,,,,,,,,,,,,High,High,High,,,,,
140,2026-04-18,15:05:05.37,7,1,"Flaherty, Brendan",1000224625,Right,CAL_TEC,"Parker, Will",1000474009,Left,POM_COL,Undefined,4,Bottom,2,0,0,Fastball,Changeup,StrikeCalled,Undefined,Undefined,Undefined,0,0,,82.65574,-0.308653,-2.746907,2064.232279,229.264711,1:45,5.78908,1.67273,5.4326,-26.03958,15.86926,16.77371,3.32973,0.4961,75.05394,-5.172792,0.234743,0.465934,,,,,,,,,,,,-9.15205,8.48201,-1.44086,50,5.74407,5.02856,-119.7785,-1.47467,-13.22235,24.33001,-19.91974,POM_COL,CAL_TEC,PomonaPitzer,D3,Team,20260418-PomonaPitzer-2,a833beb0-3b72-11f1-9995-2d5b6d9285b1,80.89655,,,7.60181,,,,,,,2406fc0b-637f-4cb9-a9cc-8bc242636732,2026-04-18,22:05:05.37,2026-04-18T15:05:05.3725696-07:00,2026-04-18T22:05:05.3725696Z,,v3,643-145631,643-144573,,"Bernhardt, Jack",1000316026,Right,CAL_TEC,9aecd168-d2aa-4e56-9308-ba701349d703,55.0631,-120.80257,12.165,5.78849,-0.63623,-9.95987,-1.66423,5.5851,-6.61117,,,,,,,,,,,,,,,,,,,,,,,,,,,,,,,,,,,,,,,,,,,,,,,,,,,High,High,High,,,,,
141,2026-04-18,15:05:21.79,7,2,"Flaherty, Brendan",1000224625,Right,CAL_TEC,"Parker, Will",1000474009,Left,POM_COL,Undefined,4,Bottom,2,0,1,Slider,Curveball,HitByPitch,Undefined,Undefined,Undefined,0,1,,69.37375,1.614947,-2.831187,2215.761991,107.735116,9:30,5.53531,1.88589,5.2591,-53.99582,5.70158,-12.00351,2.5552,-1.77654,63.82772,-8.212836,-4.954419,0.556095,,,,,,,,,,,,5.26725,2.86354,-1.61689,50,5.64333,5.38539,-100.5531,1.23319,5.3779,16.72579,-29.25036,POM_COL,CAL_TEC,PomonaPitzer,D3,Team,20260418-PomonaPitzer-2,b20d90a0-3b72-11f1-9995-2d5b6d9285b1,67.78057,,,5.54603,,,,,,,2406fc0b-637f-4cb9-a9cc-8bc242636732,2026-04-18,22:05:21.79,2026-04-18T15:05:21.7963008-07:00,2026-04-18T22:05:21.7963008Z,,v3,643-145631,643-144573,,"Bernhardt, Jack",1000316026,Right,CAL_TEC,501c5da8-442d-4439-9e08-37138d2ba7ec,55.24103,-101.42114,8.36289,5.53994,2.75123,-14.62518,-1.88914,5.10629,2.68895,,,,,,,,,,,,,,,,,,,,,,,,,,,,,,,,,,,,,,,,,,,,,,,,,,,High,High,High,,,,,
142,2026-04-18,15:05:55.95,8,1,"Flaherty, Brendan",1000224625,Right,CAL_TEC,"Gold, Jack",1000108729,Left,POM_COL,Undefined,4,Bottom,2,0,0,Fastball,Changeup,BallCalled,Undefined,Undefined,Undefined,0,0,,82.62044,-2.251557,-2.168664,2203.108789,228.368766,1:30,5.76746,1.72689,5.57377,-28.94135,12.81111,12.81044,1.25006,0.76786,75.3564,-7.612892,0.118043,0.465064,,,,,,,,,,,,-7.10032,7.57646,-1.54859,50,5.55468,4.0067,-119.72825,-5.64515,-10.24236,24.45971,-21.24485,POM_COL,CAL_TEC,PomonaPitzer,D3,Team,20260418-PomonaPitzer-2,c6592ec0-3b72-11f1-9995-2d5b6d9285b1,81.04793,,,7.26404,,,,,,,2406fc0b-637f-4cb9-a9cc-8bc242636732,2026-04-18,22:05:55.95,2026-04-18T15:05:55.9533568-07:00,2026-04-18T22:05:55.9533568Z,,v3,643-145631,643-144573,,"Bernhardt, Jack",1000316026,Right,CAL_TEC,20aeb526-256d-48a1-8516-bd3ae733319d,54.92305,-120.7298,12.22986,5.76803,-4.77524,-10.62242,-1.72124,4.42609,-5.12118,,,,,,,,,,,,,,,,,,,,,,,,,,,,,,,,,,,,,,,,,,,,,,,,,,,High,High,High,,,,,
143,2026-04-18,15:06:12.04,8,2,"Flaherty, Brendan",1000224625,Right,CAL_TEC,"Gold, Jack",1000108729,Left,POM_COL,Undefined,4,Bottom,2,1,0,Fastball,Changeup,InPlay,Undefined,FlyBall,Out,1,0,,83.29027,-1.274124,-2.96155,2155.960879,216.551762,1:15,5.66559,1.66194,5.66074,-23.65367,17.33422,11.80465,2.50453,-0.11849,75.63568,-5.722284,-0.85502,0.460786,,,,,,,,,,,,-6.87729,9.59142,-1.41889,50,5.54299,5.76267,-120.69506,-3.40197,-10.07066,25.09053,-18.12901,POM_COL,CAL_TEC,PomonaPitzer,D3,Team,20260418-PomonaPitzer-2,cff73030-3b72-11f1-9995-2d5b6d9285b1,81.80033,,,7.65459,,,,,,,2406fc0b-637f-4cb9-a9cc-8bc242636732,2026-04-18,22:06:12.04,2026-04-18T15:06:12.0419840-07:00,2026-04-18T22:06:12.0419840Z,,v3,643-145631,643-144573,,"Bernhardt, Jack",1000316026,Right,CAL_TEC,6bd80487-ee3e-4323-ad3d-507af579712b,54.83636,-121.69631,12.54527,5.6643,-2.67852,-9.0645,-1.65687,6.16455,-5.03533,,,,,,,,,,,,,,,,,,,,,,,,,,,,,,,,,,,,,,,,,,,,,,,,,,,High,High,High,,,,,
144,2026-04-18,15:08:12.22,1,1,"Dennis, Lucas",10274891,Right,POM_COL,"Flaherty, Brendan",1000224625,Right,CAL_TEC,Undefined,5,Top,0,0,0,Fastball,Changeup,FoulBallNotFieldable,Undefined,Undefined,Undefined,0,0,,84.68412,-1.166551,-3.232822,2108.223484,227.478899,1:30,5.70279,1.74274,5.49822,-28.72899,10.73111,10.38264,2.21569,-0.41907,77.8549,-6.461693,-1.385683,0.452116,,,,,,,,,,,,-6.11028,6.09115,-1.46713,50,5.58131,6.50557,-122.82202,-3.48256,-9.37719,23.26399,-22.82617,POM_COL,CAL_TEC,PomonaPitzer,D3,Team,20260418-PomonaPitzer-2,17982200-3b73-11f1-9995-2d5b6d9285b1,83.36886,,,6.82921,,,,,,,2406fc0b-637f-4cb9-a9cc-8bc242636732,2026-04-18,22:08:12.22,2026-04-18T15:08:12.2279424-07:00,2026-04-18T22:08:12.2279424Z,,v3,643-145631,643-144573,,"Parker, Will",1000474009,Right,POM_COL,6212aef7-f6a6-443a-a9c8-c2aa2448ea7e,55.00091,-123.76563,11.632,5.70379,-2.55671,-11.41309,-1.73872,6.88592,-4.6886,,,,,,,,,,,,,,,,,,,,,,,,,,,,,,,,,,,,,,,,,,,,,,,,,,,High,High,High,,,,,
145,2026-04-18,15:08:31.44,1,2,"Dennis, Lucas",10274891,Right,POM_COL,"Flaherty, Brendan",1000224625,Right,CAL_TEC,Undefined,5,Top,0,0,1,Fastball,Changeup,HitByPitch,Undefined,Undefined,Undefined,0,0,,83.41023,1.352584,-0.343216,2089.642253,220.255071,1:15,5.69305,1.60694,5.66966,-26.29037,14.2502,10.98142,4.76354,2.20205,76.01907,-3.568641,1.618891,0.458265,,,,,,,,,,,,-5.65457,7.23453,-1.58495,50,5.79084,0.27482,-121.08511,2.03446,-8.38176,23.99066,-21.4503,POM_COL,CAL_TEC,PomonaPitzer,D3,Team,20260418-PomonaPitzer-2,23103aa0-3b73-11f1-9995-2d5b6d9285b1,82.25039,,,7.39116,,,,,,,2406fc0b-637f-4cb9-a9cc-8bc242636732,2026-04-18,22:08:31.44,2026-04-18T15:08:31.4420736-07:00,2026-04-18T22:08:31.4420736Z,,v3,643-145631,643-144573,,"Parker, Will",1000474009,Right,POM_COL,b48cfced-e060-4b5a-a674-b94796dc3c55,54.82751,-122.03783,11.99533,5.69313,2.88631,-10.72515,-1.60247,0.60768,-4.19088,,,,,,,,,,,,,,,,,,,,,,,,,,,,,,,,,,,,,,,,,,,,,,,,,,,High,High,High,,,,,
146,2026-04-18,15:09:33.85,2,1,"Dennis, Lucas",10274891,Right,POM_COL,"Minatel, William",1000392797,Right,CAL_TEC,Undefined,5,Top,0,0,0,Slider,Curveball,BallCalled,Undefined,Undefined,Undefined,0,0,,75.40039,0.999751,-4.246509,2497.769598,74.292838,8:30,5.30703,1.87343,4.77798,-52.50546,-0.19783,-7.32221,1.88197,-2.7695,68.41016,-8.469764,-5.5277,0.52054,,,,,,,,,,,,2.19713,0.1715,-1.44138,50,5.36188,8.38631,-108.86772,0.04796,2.59556,21.90876,-31.97146,POM_COL,CAL_TEC,PomonaPitzer,D3,Team,20260418-PomonaPitzer-2,4845ae40-3b73-11f1-9995-2d5b6d9285b1,72.41029,,,6.99022,,,,,,,2406fc0b-637f-4cb9-a9cc-8bc242636732,2026-04-18,22:09:33.85,2026-04-18T15:09:33.8526720-07:00,2026-04-18T22:09:33.8526720Z,,v3,643-145631,643-144573,,"Parker, Will",1000474009,Right,POM_COL,d01a5aa4-fe9a-4eb4-beb3-ae90220e6165,55.71814,-110.01243,10.95438,5.31574,1.71844,-15.98573,-1.87601,8.25069,1.29778,,,,,,,,,,,,,,,,,,,,,,,,,,,,,,,,,,,,,,,,,,,,,,,,,,,High,High,High,,,,,
147,2026-04-18,15:09:50.69,2,2,"Dennis, Lucas",10274891,Right,POM_COL,"Minatel, William",1000392797,Right,CAL_TEC,Undefined,5,Top,0,1,0,Fastball,Changeup,InPlay,Undefined,FlyBall,Out,1,0,,82.77689,-1.458913,-3.694928,2061.075642,221.420477,1:30,5.41371,1.73552,5.70336,-26.5823,14.67005,11.75323,1.83602,-0.73265,75.66531,-6.412773,-1.597818,0.46227,74.56898,28.95905,22.875182,4430.760816,97.30068,45.65481,51.30809,261.69373,237.26197,33.847217,3.925765,-7.00973,8.2726,-1.43276,50,5.27472,7.2731,-119.93755,-3.88643,-10.20017,23.41814,-20.13624,POM_COL,CAL_TEC,PomonaPitzer,D3,Team,20260418-PomonaPitzer-2,524be760-3b73-11f1-9995-2d5b6d9285b1,81.53772,48.95242,,7.11158,,,,0.39579,2.04789,0.83258,2406fc0b-637f-4cb9-a9cc-8bc242636732,2026-04-18,22:09:50.69,2026-04-18T15:09:50.6960896-07:00,2026-04-18T22:09:50.6960896Z,FlyBall,v3,643-145631,643-144573,,"Parker, Will",1000474009,Right,POM_COL,673cb1b9-1d56-4534-90b2-676b5314bd54,54.79445,-120.87006,11.70907,5.41352,-3.08461,-10.06812,-1.73046,7.67927,-5.10008,,0.39675,88.14009,-14.96863,2.80513,-0.35608,-0.00415,0.00463,0.001,-0.0002,2.04752,52.96357,-16.22628,0.8297,-0.05621,-0.04335,0.03102,-0.00687,0.00051,0.83237,37.20576,0.96485,-0.65308,0.15747,-0.02481,0.00469,-0.00071,4E-05,,,,,,,,,,,,,,,,,,,,,,,High,High,High,High,Medium,,,
148,2026-04-18,15:10:24.60,3,1,"Dennis, Lucas",10274891,Right,POM_COL,"Alderete, Levi",1000392793,Right,CAL_TEC,Undefined,5,Top,1,0,0,Slider,Curveball,BallCalled,Undefined,Undefined,Undefined,0,0,,73.15628,2.618443,-2.829032,2444.612789,59.742912,8:00,5.29192,1.87253,5.02306,-59.45354,-4.71453,-11.27241,2.81308,-1.73861,66.55603,-8.145504,-4.814258,0.5325,,,,,,,,,,,,4.64922,-2.51146,-1.59222,50,5.49561,5.67403,-105.82449,2.83263,5.20937,20.06779,-34.98811,POM_COL,CAL_TEC,PomonaPitzer,D3,Team,20260418-PomonaPitzer-2,66922e50-3b73-11f1-9995-2d5b6d9285b1,70.78387,,,6.60025,,,,,,,2406fc0b-637f-4cb9-a9cc-8bc242636732,2026-04-18,22:10:24.60,2026-04-18T15:10:24.6070272-07:00,2026-04-18T22:10:24.6070272Z,,v3,643-145631,643-144573,,"Parker, Will",1000474009,Right,POM_COL,b920f9d9-7b2b-420d-b3e6-fa9bd29d68c7,55.47515,-106.85772,10.03389,5.3034,4.63405,-17.49406,-1.87745,5.40582,2.60469,,,,,,,,,,,,,,,,,,,,,,,,,,,,,,,,,,,,,,,,,,,,,,,,,,,High,High,High,,,,,
149,2026-04-18,15:10:41.24,3,2,"Dennis, Lucas",10274891,Right,POM_COL,"Alderete, Levi",1000392793,Right,CAL_TEC,Undefined,5,Top,1,1,0,Fastball,Changeup,StrikeCalled,Undefined,Undefined,Undefined,0,0,,81.58907,1.323216,-2.078233,2025.19102,238.633589,2:00,5.42386,1.70876,5.76218,-33.72266,8.52666,11.78442,3.84625,0.75565,74.44763,-4.938355,0.030071,0.467823,,,,,,,,,,,,-6.50823,4.41154,-1.54343,50,5.51334,3.8157,-118.382,1.65103,-9.2297,22.73818,-25.91778,POM_COL,CAL_TEC,PomonaPitzer,D3,Team,20260418-PomonaPitzer-2,7071a590-3b73-11f1-9995-2d5b6d9285b1,80.56992,,,7.14143,,,,,,,2406fc0b-637f-4cb9-a9cc-8bc242636732,2026-04-18,22:10:41.24,2026-04-18T15:10:41.2431872-07:00,2026-04-18T22:10:41.2431872Z,,v3,643-145631,643-144573,,"Parker, Will",1000474009,Right,POM_COL,6d32649f-9c86-4983-a359-a01ac24ca21c,54.73404,-119.28782,11.36909,5.427,2.68352,-12.95889,-1.70276,4.18338,-4.61485,,,,,,,,,,,,,,,,,,,,,,,,,,,,,,,,,,,,,,,,,,,,,,,,,,,High,High,High,,,,,
150,2026-04-18,15:10:58.95,3,3,"Dennis, Lucas",10274891,Right,POM_COL,"Alderete, Levi",1000392793,Right,CAL_TEC,Undefined,5,Top,1,1,1,Fastball,Changeup,StrikeCalled,Undefined,Undefined,Undefined,0,0,,83.06743,-1.999941,-3.104943,2129.025127,217.937157,1:15,5.43286,1.73447,5.57522,-26.18383,14.83402,10.54725,1.37941,-0.28948,76.22652,-6.856928,-1.225455,0.460954,,,,,,,,,,,,-6.15079,8.44489,-1.4739,50,5.24342,6.09517,-120.39807,-5.04578,-9.05173,22.8095,-19.74625,POM_COL,CAL_TEC,PomonaPitzer,D3,Team,20260418-PomonaPitzer-2,7afcc620-3b73-11f1-9995-2d5b6d9285b1,81.77046,,,6.84091,,,,,,,2406fc0b-637f-4cb9-a9cc-8bc242636732,2026-04-18,22:10:58.95,2026-04-18T15:10:58.9549568-07:00,2026-04-18T22:10:58.9549568Z,,v3,643-145631,643-144573,,"Parker, Will",1000474009,Right,POM_COL,41599303-80dc-4fe9-9a4c-5648c26a391f,54.92198,-121.32697,11.40475,5.43253,-4.24164,-9.87313,-1.72963,6.46379,-4.52586,,,,,,,,,,,,,,,,,,,,,,,,,,,,,,,,,,,,,,,,,,,,,,,,,,,High,High,High,,,,,
151,2026-04-18,15:11:31.29,3,4,"Dennis, Lucas",10274891,Right,POM_COL,"Alderete, Levi",1000392793,Right,CAL_TEC,Undefined,5,Top,1,1,2,Slider,Curveball,FoulBallNotFieldable,Undefined,Undefined,Undefined,0,0,,74.91741,2.429709,0.041445,2532.660168,63.095652,8:00,5.24139,1.89907,5.05655,-56.34499,-4.72933,-12.60324,2.83871,0.88789,68.48636,-7.780476,-2.186933,0.517085,,,,,,,,,,,,6.29142,-2.61555,-1.89236,50,5.42745,0.41232,-108.63835,2.68355,7.47983,19.95576,-35.28367,POM_COL,CAL_TEC,PomonaPitzer,D3,Team,20260418-PomonaPitzer-2,8e4dfeb0-3b73-11f1-9995-2d5b6d9285b1,72.89407,,,6.43106,,,,,,,2406fc0b-637f-4cb9-a9cc-8bc242636732,2026-04-18,22:11:31.29,2026-04-18T15:11:31.2928768-07:00,2026-04-18T22:11:31.2928768Z,,v3,643-145631,643-144573,,"Parker, Will",1000474009,Right,POM_COL,dff69529-8e8c-494d-9945-ef7cba61163f,55.44438,-109.63386,9.97788,5.24968,4.44371,-17.64183,-1.90363,0.03918,3.73991,,,,,,,,,,,,,,,,,,,,,,,,,,,,,,,,,,,,,,,,,,,,,,,,,,,High,High,High,,,,,
152,2026-04-18,15:11:54.90,3,5,"Dennis, Lucas",10274891,Right,POM_COL,"Alderete, Levi",1000392793,Right,CAL_TEC,Undefined,5,Top,1,1,2,Fastball,Changeup,FoulBallNotFieldable,Undefined,Undefined,Undefined,0,0,,83.87402,0.106354,-1.542041,2145.43492,244.596519,2:15,5.42635,1.63273,5.72037,-32.81435,7.10902,12.34414,2.79093,1.22469,76.83896,-5.961646,0.667164,0.454763,,,,,,,,,,,,-6.78874,3.9241,-1.51197,50,5.4148,2.79519,-121.84614,-0.85959,-10.20155,24.03688,-26.27728,POM_COL,CAL_TEC,PomonaPitzer,D3,Team,20260418-PomonaPitzer-2,9c4bfee0-3b73-11f1-9995-2d5b6d9285b1,82.88373,,,7.03506,,,,,,,2406fc0b-637f-4cb9-a9cc-8bc242636732,2026-04-18,22:11:54.90,2026-04-18T15:11:54.9007360-07:00,2026-04-18T22:11:54.9007360Z,,v3,643-145631,643-144573,,"Parker, Will",1000474009,Right,POM_COL,0ab9b324-1c51-4ddb-bbe7-fedee896ff71,54.78022,-122.78552,12.01844,5.42833,0.16735,-13.13864,-1.62899,3.19388,-5.10077,,,,,,,,,,,,,,,,,,,,,,,,,,,,,,,,,,,,,,,,,,,,,,,,,,,High,High,High,,,,,
153,2026-04-18,15:12:20.61,3,6,"Dennis, Lucas",10274891,Right,POM_COL,"Alderete, Levi",1000392793,Right,CAL_TEC,Undefined,5,Top,1,1,2,Slider,Curveball,BallCalled,Undefined,Undefined,Undefined,0,0,,75.29555,-0.161334,-2.880045,2644.418687,76.846374,8:30,5.23293,1.86581,5.08636,-52.43302,-1.46476,-13.00942,0.71126,-1.93515,69.53694,-9.602287,-5.178321,0.513832,,,,,,,,,,,,5.69012,-0.2598,-1.58233,50,5.17616,5.9914,-109.17036,-2.08257,6.84787,19.72042,-32.48671,POM_COL,CAL_TEC,PomonaPitzer,D3,Team,20260418-PomonaPitzer-2,abac0010-3b73-11f1-9995-2d5b6d9285b1,73.35553,,,5.7586,,,,,,,2406fc0b-637f-4cb9-a9cc-8bc242636732,2026-04-18,22:12:20.61,2026-04-18T15:12:20.6172160-07:00,2026-04-18T22:12:20.6172160Z,,v3,643-145631,643-144573,,"Parker, Will",1000474009,Right,POM_COL,31349238-9cb5-4d6a-8789-ecb8ae5a3f09,55.41445,-110.14408,9.86021,5.23938,-0.4785,-16.24335,-1.86981,5.65328,3.42393,,,,,,,,,,,,,,,,,,,,,,,,,,,,,,,,,,,,,,,,,,,,,,,,,,,High,High,High,,,,,
154,2026-04-18,15:12:43.32,3,7,"Dennis, Lucas",10274891,Right,POM_COL,"Alderete, Levi",1000392793,Right,CAL_TEC,Undefined,5,Top,1,2,2,Fastball,Changeup,StrikeSwinging,Strikeout,Undefined,Undefined,0,0,,83.18549,0.529334,-2.43032,2135.550172,231.861716,1:45,5.54144,1.77684,5.29095,-28.69631,12.65453,14.43556,3.64758,0.69644,75.91539,-4.780222,0.129244,0.462821,,,,,,,,,,,,-7.83953,6.58528,-1.56618,50,5.56905,4.49438,-120.62597,0.13964,-11.55413,23.39949,-22.46844,POM_COL,CAL_TEC,PomonaPitzer,D3,Team,20260418-PomonaPitzer-2,b9345b10-3b73-11f1-9995-2d5b6d9285b1,81.44056,,,7.2701,,,,,,,2406fc0b-637f-4cb9-a9cc-8bc242636732,2026-04-18,22:12:43.32,2026-04-18T15:12:43.3294848-07:00,2026-04-18T22:12:43.3294848Z,,v3,643-145631,643-144573,,"Parker, Will",1000474009,Right,POM_COL,3ce23513-2a8c-4c1a-9e42-8d545dd680d5,55.20586,-121.63163,11.69974,5.5423,1.10529,-11.23422,-1.77001,4.99095,-5.77707,,,,,,,,,,,,,,,,,,,,,,,,,,,,,,,,,,,,,,,,,,,,,,,,,,,High,High,High,,,,,
155,2026-04-18,15:13:27.69,4,1,"Dennis, Lucas",10274891,Right,POM_COL,"Hartman, Quinn",1000392795,Right,CAL_TEC,Undefined,5,Top,2,0,0,Slider,Curveball,HitByPitch,Undefined,Undefined,Undefined,0,0,,73.09673,3.592594,0.859527,2460.59806,74.351761,8:30,5.21487,1.92448,5.1156,-55.77259,-1.64413,-12.04579,3.95631,1.73042,66.67667,-6.550477,-1.269572,0.529522,,,,,,,,,,,,6.16902,-1.23669,-1.99574,50,5.51026,-1.11693,-105.8659,4.79179,6.98511,18.45921,-33.57433,POM_COL,CAL_TEC,PomonaPitzer,D3,Team,20260418-PomonaPitzer-2,d3a7bfa0-3b73-11f1-9995-2d5b6d9285b1,71.18199,,,6.42006,,,,,,,2406fc0b-637f-4cb9-a9cc-8bc242636732,2026-04-18,22:13:27.69,2026-04-18T15:13:27.6947456-07:00,2026-04-18T22:13:27.6947456Z,,v3,643-145631,643-144573,,"Parker, Will",1000474009,Right,POM_COL,18eadf95-76bf-4a9f-a394-e6575fb2dec7,55.38297,-106.80037,9.22961,5.22466,6.49144,-16.78717,-1.93025,-1.47054,3.49255,,,,,,,,,,,,,,,,,,,,,,,,,,,,,,,,,,,,,,,,,,,,,,,,,,,High,High,High,,,,,
156,2026-04-18,15:14:15.30,5,1,"Dennis, Lucas",10274891,Right,POM_COL,"Hargenrader, Kailen",10119585,Left,CAL_TEC,Undefined,5,Top,2,0,0,Fastball,Changeup,BallCalled,Undefined,Undefined,Undefined,0,0,,84.44946,1.622513,-0.684197,2088.571838,217.610363,1:15,5.60265,1.8301,5.51999,-24.9645,15.05965,10.57044,5.03979,2.07124,76.44925,-3.06245,1.198939,0.455336,,,,,,,,,,,,-5.45748,7.49611,-1.77742,50,5.72751,0.9987,-122.42927,2.67224,-8.2279,25.68029,-20.87266,POM_COL,CAL_TEC,PomonaPitzer,D3,Team,20260418-PomonaPitzer-2,f004a4b0-3b73-11f1-9995-2d5b6d9285b1,82.77932,,,8.00021,,,,,,,2406fc0b-637f-4cb9-a9cc-8bc242636732,2026-04-18,22:14:15.30,2026-04-18T15:14:15.3009152-07:00,2026-04-18T22:14:15.3009152Z,,v3,643-145631,643-144573,,"Parker, Will",1000474009,Right,POM_COL,2ff70094-418f-4059-933d-7974f8be5668,54.97394,-123.46817,12.84015,5.60233,3.51665,-10.43633,-1.82455,1.33157,-4.11395,,,,,,,,,,,,,,,,,,,,,,,,,,,,,,,,,,,,,,,,,,,,,,,,,,,High,High,High,,,,,
157,2026-04-18,15:14:32.62,5,2,"Dennis, Lucas",10274891,Right,POM_COL,"Hargenrader, Kailen",10119585,Left,CAL_TEC,Undefined,5,Top,2,1,0,Fastball,Changeup,InPlay,Undefined,FlyBall,Out,1,0,,83.97201,-0.500517,-3.315487,2148.965022,227.457169,1:30,5.46672,1.58397,5.83725,-28.62088,11.21816,10.82107,2.61565,-0.59924,76.69777,-5.832195,-1.378833,0.454282,74.74902,28.733178,-0.815748,2806.423194,109.81037,44.15494,-6.45587,266.3121,259.71592,-7.257662,3.711251,-6.49343,6.25437,-1.32002,50,5.40904,6.62715,-121.79175,-1.97105,-9.73445,24.35062,-22.79802,POM_COL,CAL_TEC,PomonaPitzer,D3,Team,20260418-PomonaPitzer-2,fa502430-3b73-11f1-9995-2d5b6d9285b1,82.9714,47.05965,,7.27424,,,,1.48367,2.68852,0.59795,2406fc0b-637f-4cb9-a9cc-8bc242636732,2026-04-18,22:14:32.62,2026-04-18T15:14:32.6224896-07:00,2026-04-18T22:14:32.6224896Z,FlyBall,v3,643-145631,643-144573,,"Parker, Will",1000474009,Right,POM_COL,678dd095-61e7-4b1d-ad29-8ca400ebe929,54.66157,-122.72023,12.17531,5.46762,-1.10177,-11.39901,-1.57978,6.99832,-4.86722,141.34524,1.48394,96.1163,-11.87873,2.31741,-0.42654,0.0842,-0.0236,0.00528,-0.00047,2.68867,52.69687,-16.98074,0.84745,0.05142,-0.11832,0.05358,-0.01042,0.00075,0.59802,-1.37076,-4.29025,1.13821,-0.26099,0.0505,-0.01003,0.00173,-0.00013,,,,,,,,,,,,,,,,,,,,,,,High,High,High,High,Medium,,,
158,,,1,1,"Flaherty, Brendan",1000224625,Right,CAL_TEC,"Wakil, Lateef",1000128267,Left,POM_COL,Undefined,5,Bottom,0,0,0,Fastball,,InPlay,Undefined,GroundBall,Out,1,0,,,,,,,,,,,,,,,,,,,,,,,,,,,,,,,,,,,,,,,,,,POM_COL,CAL_TEC,PomonaPitzer,D3,Team,20260418-PomonaPitzer-2,54a17ab0-3b74-11f1-9995-2d5b6d9285b1,,,,,,,,,,,2406fc0b-637f-4cb9-a9cc-8bc242636732,,,,,,v3,643-145631,643-144573,,"Bernhardt, Jack",1000316026,Right,CAL_TEC,697431b8-3de9-415a-b7d3-89da8554c699,,,,,,,,,,,,,,,,,,,,,,,,,,,,,,,,,,,,,,,,,,,,,,,,,,,,,,,,,,,,,,,,,,,
159,2026-04-18,15:17:21.50,2,1,"Flaherty, Brendan",1000224625,Right,CAL_TEC,"Hu, Landon",1000261921,Left,POM_COL,Undefined,5,Bottom,1,0,0,Fastball,Changeup,BallCalled,Undefined,Undefined,Undefined,0,0,,81.70327,-0.497348,-2.052167,2006.812153,244.218451,2:15,5.50961,1.87423,5.39649,-33.14384,9.9293,17.4458,2.28124,1.40409,74.13109,-6.622264,1.051206,0.472362,,,,,,,,,,,,-9.31008,5.60339,-1.70343,50,5.44242,3.50348,-118.41539,-2.14412,-13.08931,24.68806,-24.2961,POM_COL,CAL_TEC,PomonaPitzer,D3,Team,20260418-PomonaPitzer-2,5ef95640-3b74-11f1-9995-2d5b6d9285b1,79.79573,,,7.57218,,,,,,,2406fc0b-637f-4cb9-a9cc-8bc242636732,2026-04-18,22:17:21.50,2026-04-18T15:17:21.5088128-07:00,2026-04-18T22:17:21.5088128Z,,v3,643-145631,643-144573,,"Bernhardt, Jack",1000316026,Right,CAL_TEC,ec0c7656-284b-4f61-9e01-22dd2f622976,55.09954,-119.47385,12.34403,5.51202,-1.10247,-12.14805,-1.86566,4.06467,-6.54465,,,,,,,,,,,,,,,,,,,,,,,,,,,,,,,,,,,,,,,,,,,,,,,,,,,High,High,High,,,,,
160,2026-04-18,15:17:34.37,2,2,"Flaherty, Brendan",1000224625,Right,CAL_TEC,"Hu, Landon",1000261921,Left,POM_COL,Undefined,5,Bottom,1,1,0,Fastball,Changeup,InPlay,Undefined,GroundBall,Out,1,0,,80.74679,-1.441558,-2.76714,2003.27022,216.17074,1:15,5.60499,1.82341,5.65976,-26.95647,16.60662,11.05398,2.01247,0.16213,73.50735,-6.482369,-0.793599,0.475041,92.51827,48.209685,8.496498,,109.75231,110.83492,7.37223,298.39565,140.03964,-1.049717,6.059219,-6.46512,9.30001,-1.59645,50,5.46608,5.22669,-117.04225,-3.75884,-8.90844,23.46372,-19.3594,POM_COL,CAL_TEC,PomonaPitzer,D3,Team,20260418-PomonaPitzer-2,66a99170-3b74-11f1-9995-2d5b6d9285b1,79.34573,136.54231,,7.23944,,,,2.38532,2.12165,-0.17585,2406fc0b-637f-4cb9-a9cc-8bc242636732,2026-04-18,22:17:34.37,2026-04-18T15:17:34.3781376-07:00,2026-04-18T22:17:34.3781376Z,FlyBall,v3,643-145631,643-144573,,"Bernhardt, Jack",1000316026,Right,CAL_TEC,c105c7b8-3fed-4509-8657-fc21dde8810d,54.83823,-118.00819,11.73186,5.60442,-2.96186,-9.6797,-1.81917,5.59343,-4.45422,,2.39425,89.2717,-18.58543,4.02567,-0.45469,-0.02015,0.01446,-0.00176,7E-05,2.11517,101.26778,-23.38475,2.4438,-0.42883,0.03188,0.00643,-0.00156,9E-05,-0.17079,13.26646,-7.90913,1.99493,-0.24975,-0.0109,0.00923,-0.00124,6E-05,,,,,,,,,,,,,,,,,,,,,,,High,High,High,Medium,Low,,,
161,2026-04-18,15:18:06.67,3,1,"Flaherty, Brendan",1000224625,Right,CAL_TEC,"Savas, Peter",1000276389,Right,POM_COL,Undefined,5,Bottom,2,0,0,Slider,Curveball,StrikeCalled,Undefined,Undefined,Undefined,0,0,,67.40092,1.997964,-0.648531,2161.928541,78.743544,8:30,5.29631,1.69474,5.27366,-62.69165,0.03382,-9.21709,1.94951,0.31748,62.41029,-9.373067,-2.285324,0.570024,,,,,,,,,,,,4.43055,0.07713,-1.6285,50,5.43273,1.42503,-97.85123,1.54899,4.31142,14.90955,-32.099,POM_COL,CAL_TEC,PomonaPitzer,D3,Team,20260418-PomonaPitzer-2,79f301d0-3b74-11f1-9995-2d5b6d9285b1,66.12427,,,4.99063,,,,,,,2406fc0b-637f-4cb9-a9cc-8bc242636732,2026-04-18,22:18:06.67,2026-04-18T15:18:06.6738688-07:00,2026-04-18T22:18:06.6738688Z,,v3,643-145631,643-144573,,"Bernhardt, Jack",1000316026,Right,CAL_TEC,a5e5d7ac-2318-44a7-b2dd-3e27a1a6ca29,55.22645,-98.64436,7.45478,5.30491,3.25655,-16.0495,-1.69821,1.19568,2.15571,,,,,,,,,,,,,,,,,,,,,,,,,,,,,,,,,,,,,,,,,,,,,,,,,,,High,High,High,,,,,
162,2026-04-18,15:18:19.17,3,2,"Flaherty, Brendan",1000224625,Right,CAL_TEC,"Savas, Peter",1000276389,Right,POM_COL,Undefined,5,Bottom,2,0,1,Curveball,Other,BallCalled,Undefined,Undefined,Undefined,0,0,,62.15126,1.210635,-2.0543,2106.019102,49.536545,7:45,5.99862,1.031,4.73942,-86.12591,-10.39516,-14.89245,-0.02923,-2.15957,58.20021,-14.065721,-4.679852,0.626336,,,,,,,,,,,,6.78819,-4.91264,-0.81007,50,6.04347,3.72098,-90.17387,-0.63099,5.56524,13.63917,-36.20163,POM_COL,CAL_TEC,PomonaPitzer,D3,Team,20260418-PomonaPitzer-2,8171ccc0-3b74-11f1-9995-2d5b6d9285b1,60.17924,,,3.95104,,,,,,,2406fc0b-637f-4cb9-a9cc-8bc242636732,2026-04-18,22:18:19.17,2026-04-18T15:18:19.1714304-07:00,2026-04-18T22:18:19.1714304Z,,v3,643-145631,643-144573,,"Bernhardt, Jack",1000316026,Right,CAL_TEC,dcb948f8-5976-46ab-aef3-960724dc3827,55.76561,-91.04177,6.81959,6.01033,1.67261,-18.10081,-1.03558,3.36685,2.78262,,,,,,,,,,,,,,,,,,,,,,,,,,,,,,,,,,,,,,,,,,,,,,,,,,,High,High,High,,,,,
163,2026-04-18,15:18:34.08,3,3,"Flaherty, Brendan",1000224625,Right,CAL_TEC,"Savas, Peter",1000276389,Right,POM_COL,Undefined,5,Bottom,2,1,1,Fastball,Changeup,BallCalled,Undefined,Undefined,Undefined,0,0,,82.37065,-0.504905,-5.037094,2131.641576,227.65417,1:30,5.71939,1.54311,5.66203,-27.71828,13.80957,13.76646,2.93688,-2.01887,75.69261,-5.646367,-2.590487,0.463811,,,,,,,,,,,,-8.24122,7.52666,-1.1248,50,5.65904,9.95309,-119.25392,-1.92992,-11.95721,21.31914,-21.25363,POM_COL,CAL_TEC,PomonaPitzer,D3,Team,20260418-PomonaPitzer-2,8a3f10b0-3b74-11f1-9995-2d5b6d9285b1,81.26677,,,6.67805,,,,,,,2406fc0b-637f-4cb9-a9cc-8bc242636732,2026-04-18,22:18:34.08,2026-04-18T15:18:34.0862464-07:00,2026-04-18T22:18:34.0862464Z,,v3,643-145631,643-144573,,"Bernhardt, Jack",1000316026,Right,CAL_TEC,8433a04a-3192-4db9-b6d3-fc7b6235a50d,54.83611,-120.11537,10.65957,5.71967,-1.07113,-10.62682,-1.53674,10.43625,-5.97861,,,,,,,,,,,,,,,,,,,,,,,,,,,,,,,,,,,,,,,,,,,,,,,,,,,High,High,High,,,,,
164,2026-04-18,15:18:46.41,3,4,"Flaherty, Brendan",1000224625,Right,CAL_TEC,"Savas, Peter",1000276389,Right,POM_COL,Undefined,5,Bottom,2,2,1,Fastball,Changeup,StrikeCalled,Undefined,Undefined,Undefined,0,0,,82.19748,-1.627236,-4.191386,2026.845093,230.472521,1:45,5.60652,1.56705,5.82502,-28.6645,12.78875,13.94202,1.7006,-1.17459,75.60445,-6.946027,-1.699371,0.463394,,,,,,,,,,,,-8.22371,7.358,-1.23227,50,5.4562,8.18498,-119.122,-4.28052,-11.87533,21.81669,-21.54882,POM_COL,CAL_TEC,PomonaPitzer,D3,Team,20260418-PomonaPitzer-2,919f7e30-3b74-11f1-9995-2d5b6d9285b1,81.3399,,,6.59302,,,,,,,2406fc0b-637f-4cb9-a9cc-8bc242636732,2026-04-18,22:18:46.41,2026-04-18T15:18:46.4166400-07:00,2026-04-18T22:18:46.4166400Z,,v3,643-145631,643-144573,,"Bernhardt, Jack",1000316026,Right,CAL_TEC,26675452-e97b-4841-98b2-39ad220110aa,54.67391,-119.97495,10.90835,5.60708,-3.43804,-10.77441,-1.56135,8.64926,-5.93766,,,,,,,,,,,,,,,,,,,,,,,,,,,,,,,,,,,,,,,,,,,,,,,,,,,High,High,High,,,,,
165,2026-04-18,15:19:01.09,3,5,"Flaherty, Brendan",1000224625,Right,CAL_TEC,"Savas, Peter",1000276389,Right,POM_COL,Undefined,5,Bottom,2,2,2,Slider,Curveball,FoulBallNotFieldable,Undefined,Undefined,Undefined,0,0,,70.46365,1.328896,-2.747233,2150.117927,70.531632,8:15,5.23242,1.8013,5.42117,-58.57771,-0.94307,-7.89871,1.59737,-1.43222,64.77646,-9.327819,-4.151011,0.546403,,,,,,,,,,,,3.18776,-0.36783,-1.55151,50,5.30956,5.17745,-102.16352,0.60313,3.3499,17.72762,-32.56061,POM_COL,CAL_TEC,PomonaPitzer,D3,Team,20260418-PomonaPitzer-2,9a663270-3b74-11f1-9995-2d5b6d9285b1,68.98285,,,5.68719,,,,,,,2406fc0b-637f-4cb9-a9cc-8bc242636732,2026-04-18,22:19:01.09,2026-04-18T15:19:01.0933760-07:00,2026-04-18T22:19:01.0933760Z,,v3,643-145631,643-144573,,"Bernhardt, Jack",1000316026,Right,CAL_TEC,01349d0b-2fb0-4feb-a872-e66df21b96fb,55.07895,-103.04106,8.86381,5.23982,2.21492,-16.28031,-1.8037,5.01163,1.67495,,,,,,,,,,,,,,,,,,,,,,,,,,,,,,,,,,,,,,,,,,,,,,,,,,,High,High,High,,,,,
166,2026-04-18,15:19:19.61,3,6,"Flaherty, Brendan",1000224625,Right,CAL_TEC,"Savas, Peter",1000276389,Right,POM_COL,Undefined,5,Bottom,2,2,2,Fastball,Changeup,FoulBallNotFieldable,Undefined,Undefined,Undefined,0,0,,83.55925,-2.088753,-3.729928,2143.42003,221.709687,1:30,5.59614,1.38213,6.0422,-26.09879,13.62497,11.06099,1.48239,-1.15439,76.96618,-6.9557,-1.743416,0.453625,,,,,,,,,,,,-6.71433,7.94418,-1.09717,50,5.41879,7.4827,-121.1899,-5.20917,-10.03886,22.5015,-20.2964,POM_COL,CAL_TEC,PomonaPitzer,D3,Team,20260418-PomonaPitzer-2,a55fcc40-3b74-11f1-9995-2d5b6d9285b1,83.09169,,,6.59307,,,,,,,2406fc0b-637f-4cb9-a9cc-8bc242636732,2026-04-18,22:19:19.61,2026-04-18T15:19:19.6183552-07:00,2026-04-18T22:19:19.6183552Z,,v3,643-145631,643-144573,,"Bernhardt, Jack",1000316026,Right,CAL_TEC,8f270860-7a36-47f6-b213-f3d517fc0d98,54.45766,-122.01475,11.25075,5.59611,-4.46516,-10.1482,-1.37821,7.85071,-5.01943,,,,,,,,,,,,,,,,,,,,,,,,,,,,,,,,,,,,,,,,,,,,,,,,,,,High,High,High,,,,,
167,2026-04-18,15:19:38.07,3,7,"Flaherty, Brendan",1000224625,Right,CAL_TEC,"Savas, Peter",1000276389,Right,POM_COL,Undefined,5,Bottom,2,2,2,Slider,Curveball,BallCalled,Undefined,Undefined,Undefined,0,0,,70.24528,3.124111,-0.91636,1926.179232,99.806207,9:15,5.23226,1.80575,5.28461,-54.54806,3.4591,-9.71741,3.62366,0.13536,64.4284,-6.834098,-2.638813,0.548166,,,,,,,,,,,,4.58347,1.44681,-1.71492,50,5.47756,1.98166,-101.82504,3.88704,4.81779,16.53814,-30.65326,POM_COL,CAL_TEC,PomonaPitzer,D3,Team,20260418-PomonaPitzer-2,b06fd440-3b74-11f1-9995-2d5b6d9285b1,68.76098,,,5.81689,,,,,,,2406fc0b-637f-4cb9-a9cc-8bc242636732,2026-04-18,22:19:38.07,2026-04-18T15:19:38.0793856-07:00,2026-04-18T22:19:38.0793856Z,,v3,643-145631,643-144573,,"Bernhardt, Jack",1000316026,Right,CAL_TEC,4e1777e6-cb9b-4912-9bc5-81ab3c93813d,55.21357,-102.66832,8.26907,5.23951,5.45005,-15.32663,-1.8097,1.736,2.40889,,,,,,,,,,,,,,,,,,,,,,,,,,,,,,,,,,,,,,,,,,,,,,,,,,,High,High,High,,,,,
168,2026-04-18,15:19:53.66,3,8,"Flaherty, Brendan",1000224625,Right,CAL_TEC,"Savas, Peter",1000276389,Right,POM_COL,Undefined,5,Bottom,2,3,2,Fastball,Changeup,FoulBallNotFieldable,Undefined,Undefined,Undefined,0,0,,82.68722,0.090839,-3.57779,1922.844939,212.783069,1:00,5.55465,1.55269,5.78728,-26.36938,14.95343,8.745,3.44187,-1.05133,75.17576,-4.855224,-2.015959,0.462665,,,,,,,,,,,,-5.50973,8.00339,-1.26297,50,5.54645,7.14502,-119.82803,-0.60799,-7.97123,24.23217,-20.5951,POM_COL,CAL_TEC,PomonaPitzer,D3,Team,20260418-PomonaPitzer-2,b9aeecd0-3b74-11f1-9995-2d5b6d9285b1,81.46814,,,7.51146,,,,,,,2406fc0b-637f-4cb9-a9cc-8bc242636732,2026-04-18,22:19:53.66,2026-04-18T15:19:53.6687616-07:00,2026-04-18T22:19:53.6687616Z,,v3,643-145631,643-144573,,"Bernhardt, Jack",1000316026,Right,CAL_TEC,ef3ecd21-9d32-4bef-af43-aed3d4461f94,54.7101,-120.77678,12.11608,5.55447,0.19835,-10.29755,-1.54882,7.45711,-3.98562,,,,,,,,,,,,,,,,,,,,,,,,,,,,,,,,,,,,,,,,,,,,,,,,,,,High,High,High,,,,,
169,2026-04-18,15:20:10.25,3,9,"Flaherty, Brendan",1000224625,Right,CAL_TEC,"Savas, Peter",1000276389,Right,POM_COL,Undefined,5,Bottom,2,3,2,Slider,Curveball,InPlay,Undefined,GroundBall,Single,0,0,,68.17719,2.308621,-0.892266,2236.185512,70.104079,8:15,5.24956,1.64749,4.83259,-67.27834,-4.13835,-17.24147,1.83067,-0.63431,62.45449,-9.810422,-3.928547,0.571905,94.92624,-8.836804,-38.19642,,,,,12.64759,7.73043,-27.491434,0.081966,8.26402,-2.21,-1.54328,50,5.42024,2.16223,-98.79176,1.84428,8.08504,17.21658,-34.33617,POM_COL,CAL_TEC,PomonaPitzer,D3,Team,20260418-PomonaPitzer-2,c3a40ef0-3b74-11f1-9995-2d5b6d9285b1,65.90682,1.75512,,5.72269,,,,2.34714,1.75512,1.14257,2406fc0b-637f-4cb9-a9cc-8bc242636732,2026-04-18,22:20:10.25,2026-04-18T15:20:10.2516224-07:00,2026-04-18T22:20:10.2516224Z,GroundBall,v3,643-145631,643-144573,,"Bernhardt, Jack",1000316026,Right,CAL_TEC,4086344b-cd16-4209-a316-13442e5fd7fd,55.66872,-99.77476,8.60829,5.25897,3.80475,-17.16808,-1.65355,1.70061,4.04252,180,2.34549,108.24283,,,,,,,,1.75544,-21.41262,,,,,,,,1.14387,-85.16776,,,,,,,,,,,,,,,,,,,,,,,,,,,,,,High,High,High,Low,Low,,,
170,2026-04-18,15:20:46.67,4,1,"Flaherty, Brendan",1000224625,Right,CAL_TEC,"Gonzaga, Kai",10138924,Left,POM_COL,Undefined,5,Bottom,2,0,0,Fastball,Changeup,InPlay,Undefined,Bunt,Single,0,0,,81.12584,0.104819,-2.534651,2095.664321,217.059312,1:15,5.59155,1.91952,5.67191,-24.48167,18.79281,13.04709,3.64924,0.64213,73.33798,-4.524506,-0.20552,0.473464,32.87417,-14.357795,-33.60517,1246.207151,,,,11.89732,11.47346,-34.681997,0.23228,-7.39559,9.94083,-1.71389,50,5.58533,4.68345,-117.58432,-0.49218,-10.24455,24.49774,-18.40378,POM_COL,CAL_TEC,PomonaPitzer,D3,Team,20260418-PomonaPitzer-2,d94949a0-3b74-11f1-9995-2d5b6d9285b1,79.60985,3.559,,7.78786,,,,0.84268,3.559,-0.64737,2406fc0b-637f-4cb9-a9cc-8bc242636732,2026-04-18,22:20:46.67,2026-04-18T15:20:46.6700288-07:00,2026-04-18T22:20:46.6700288Z,GroundBall,v3,643-145631,643-144573,,"Bernhardt, Jack",1000316026,Right,CAL_TEC,9bfdbf64-1b19-41c0-89d9-45317dba48f2,54.82443,-118.5852,12.24887,5.59008,0.25972,-9.20189,-1.91378,5.10199,-5.12228,106.629787,0.84268,38.90296,-1.77221,,,,,,,3.55914,-11.96421,-14.46362,,,,,,,-0.64755,-25.84225,-2.21408,,,,,,,,,,,,,,,,,,,,,,,,,,,,,High,High,High,High,High,,,
171,2026-04-18,15:21:21.82,5,1,"Flaherty, Brendan",1000224625,Right,CAL_TEC,"Pierantoni, Greg",1000091552,Right,POM_COL,Undefined,5,Bottom,2,0,0,Slider,Curveball,InPlay,Undefined,GroundBall,Single,0,1,,68.9857,1.237649,-1.013156,2123.606734,81.447467,8:45,5.21333,2.00285,4.98502,-60.7822,0.26669,-11.43438,1.31723,0.09315,63.41725,-9.744569,-3.033501,0.562355,86.71331,6.347778,-31.303715,3104.848204,,,,77.29915,75.8889,-31.075417,0.64914,5.40611,0.27717,-1.89525,50,5.28286,2.17811,-100.04858,0.26099,5.44595,17.06641,-31.89485,POM_COL,CAL_TEC,PomonaPitzer,D3,Team,20260418-PomonaPitzer-2,ee459a20-3b74-11f1-9995-2d5b6d9285b1,67.02611,3.25903,,5.56845,,,,2.07438,1.38354,-0.17957,2406fc0b-637f-4cb9-a9cc-8bc242636732,2026-04-18,22:21:21.82,2026-04-18T15:21:21.8259968-07:00,2026-04-18T22:21:21.8259968Z,GroundBall,v3,643-145631,643-144573,,"Bernhardt, Jack",1000316026,Right,CAL_TEC,f045225f-d56d-41ad-87e4-612f8fb8c0ce,55.51519,-100.98498,8.53321,5.22053,2.011,-15.94743,-2.00656,1.8793,2.72298,,2.09313,107.60869,-13.66422,,,,,,,1.42684,13.15762,-23.75061,,,,,,,-0.18535,-65.55427,6.75288,,,,,,,,,,,,,,,,,,,,,,,,,,,,,High,High,High,High,High,,,
172,2026-04-18,15:22:05.07,6,1,"Flaherty, Brendan",1000224625,Right,CAL_TEC,"Berry, Cooper",1000276381,Left,POM_COL,Undefined,5,Bottom,2,0,0,Fastball,Changeup,StrikeCalled,Undefined,Undefined,Undefined,0,0,,82.49843,-1.416692,-2.470963,2188.800942,207.838546,1:00,5.67229,1.76983,5.57897,-25.11808,17.05989,8.19587,2.2545,0.14365,74.48519,-6.137368,-1.009797,0.467428,,,,,,,,,,,,-4.88103,9.50851,-1.56245,50,5.53429,4.80793,-119.43901,-3.71881,-6.95565,25.90457,-18.62406,POM_COL,CAL_TEC,PomonaPitzer,D3,Team,20260418-PomonaPitzer-2,080f5130-3b75-11f1-9995-2d5b6d9285b1,80.63804,,,8.01324,,,,,,,2406fc0b-637f-4cb9-a9cc-8bc242636732,2026-04-18,22:22:05.07,2026-04-18T15:22:05.0740224-07:00,2026-04-18T22:22:05.0740224Z,,v3,643-145631,643-144573,,"Bernhardt, Jack",1000316026,Right,CAL_TEC,876c6ba6-5515-40d6-aa1d-c9bff31633b0,54.91444,-120.50016,12.95229,5.671,-2.95589,-9.31203,-1.76524,5.09286,-3.47782,,,,,,,,,,,,,,,,,,,,,,,,,,,,,,,,,,,,,,,,,,,,,,,,,,,High,High,High,,,,,
173,2026-04-18,15:22:26.38,6,2,"Flaherty, Brendan",1000224625,Right,CAL_TEC,"Berry, Cooper",1000276381,Left,POM_COL,Undefined,5,Bottom,2,0,1,Slider,Curveball,FoulBallNotFieldable,Undefined,Undefined,Undefined,0,0,,69.12085,2.478505,-0.847787,2159.482354,64.559355,8:15,5.17031,2.27011,5.06513,-64.3361,-3.04315,-10.97016,2.14769,0.55648,62.77238,-9.204557,-2.787516,0.563478,,,,,,,,,,,,5.19079,-1.74976,-2.18032,50,5.35477,1.87731,-100.0902,2.3232,5.17952,18.62148,-33.92002,POM_COL,CAL_TEC,PomonaPitzer,D3,Team,20260418-PomonaPitzer-2,14c19780-3b75-11f1-9995-2d5b6d9285b1,66.89253,,,6.34847,,,,,,,2406fc0b-637f-4cb9-a9cc-8bc242636732,2026-04-18,22:22:26.38,2026-04-18T15:22:26.3834624-07:00,2026-04-18T22:22:26.3834624Z,,v3,643-145631,643-144573,,"Bernhardt, Jack",1000316026,Right,CAL_TEC,6c905ba8-c19a-4649-b6bb-7de555d94f05,55.4342,-101.09616,9.31074,5.17978,4.15561,-16.96001,-2.27417,1.5975,2.58976,,,,,,,,,,,,,,,,,,,,,,,,,,,,,,,,,,,,,,,,,,,,,,,,,,,High,High,High,,,,,
174,2026-04-18,15:22:50.37,6,3,"Flaherty, Brendan",1000224625,Right,CAL_TEC,"Berry, Cooper",1000276381,Left,POM_COL,Undefined,5,Bottom,2,0,2,ChangeUp,Changeup,InPlay,Undefined,GroundBall,Error,0,1,,78.45738,-0.008109,-2.247438,1598.17634,241.319952,2:00,5.50453,1.95173,5.5622,-35.65443,10.37934,16.26206,2.52575,1.20619,71.78276,-6.594793,0.653303,0.488326,100.86443,0.41344,11.174281,1533.99382,,,,54.65252,52.52048,11.427007,0.385764,-8.86595,5.69343,-1.76871,50,5.48048,3.83953,-113.8543,-1.14082,-11.61805,21.23172,-24.71331,POM_COL,CAL_TEC,PomonaPitzer,D3,Team,20260418-PomonaPitzer-2,2308aea0-3b75-11f1-9995-2d5b6d9285b1,77.18708,2.46647,,6.67462,,,,0.34418,2.45222,-1.20449,2406fc0b-637f-4cb9-a9cc-8bc242636732,2026-04-18,22:22:50.37,2026-04-18T15:22:50.3794688-07:00,2026-04-18T22:22:50.3794688Z,GroundBall,v3,643-145631,643-144573,,"Bernhardt, Jack",1000316026,Right,CAL_TEC,1c2bbba8-ce79-4ca4-b38b-4633fb75fa6d,54.93646,-114.77116,10.61586,5.5067,-0.07361,-12.35665,-1.94535,4.34124,-5.80903,288.91537,0.34969,144.93564,-18.12215,,,,,,,2.45724,0.89403,-18.86224,,,,,,,-1.20934,28.83612,6.16714,,,,,,,,,,,,,,,,,,,,,,,,,,,,,High,High,High,High,High,,,
175,2026-04-18,15:23:33.90,7,1,"Flaherty, Brendan",1000224625,Right,CAL_TEC,"DeGrazia, Tanner",1000214434,Right,POM_COL,Undefined,5,Bottom,2,0,0,Curveball,Curveball,StrikeCalled,Undefined,Undefined,Undefined,0,0,,65.81269,3.118491,-1.452063,2088.875608,59.584467,8:00,5.88225,1.64403,5.17734,-73.60039,-6.70929,-15.15131,2.68708,-0.98519,60.41764,-10.201222,-4.135221,0.588648,,,,,,,,,,,,7.07221,-3.57004,-1.49702,50,6.11684,2.94016,-95.35784,3.00113,6.45574,15.84414,-35.43291,POM_COL,CAL_TEC,PomonaPitzer,D3,Team,20260418-PomonaPitzer-2,3d018c00-3b75-11f1-9995-2d5b6d9285b1,64.03224,,,5.39506,,,,,,,2406fc0b-637f-4cb9-a9cc-8bc242636732,2026-04-18,22:23:33.90,2026-04-18T15:23:33.9087872-07:00,2026-04-18T22:23:33.9087872Z,,v3,643-145631,643-144573,,"Bernhardt, Jack",1000316026,Right,CAL_TEC,f299f159-dae5-4ee5-9a4c-062cb07aa06a,55.32402,-96.23839,7.92207,5.89533,4.97032,-17.71645,-1.65046,2.58137,3.22787,,,,,,,,,,,,,,,,,,,,,,,,,,,,,,,,,,,,,,,,,,,,,,,,,,,High,High,High,,,,,
176,2026-04-18,15:24:04.06,7,2,"Flaherty, Brendan",1000224625,Right,CAL_TEC,"DeGrazia, Tanner",1000214434,Right,POM_COL,Undefined,5,Bottom,2,0,1,Slider,Curveball,BallCalled,Undefined,Undefined,Undefined,0,0,,70.54398,3.416919,-1.400771,2109.306034,102.197473,9:30,5.48352,1.88469,4.95313,-54.31239,3.85772,-9.77871,4.19082,-0.25401,64.77287,-6.434618,-3.12207,0.548936,,,,,,,,,,,,4.42359,1.57091,-1.74054,50,5.7707,2.8696,-102.17892,4.3545,4.69491,16.22079,-30.50677,POM_COL,CAL_TEC,PomonaPitzer,D3,Team,20260418-PomonaPitzer-2,4ef77a50-3b75-11f1-9995-2d5b6d9285b1,68.6646,,,5.77111,,,,,,,2406fc0b-637f-4cb9-a9cc-8bc242636732,2026-04-18,22:24:04.06,2026-04-18T15:24:04.0678400-07:00,2026-04-18T22:24:04.0678400Z,,v3,643-145631,643-144573,,"Bernhardt, Jack",1000316026,Right,CAL_TEC,64f6fdae-f4d8-4518-830f-1ec6690ba21d,55.54477,-103.05539,8.11039,5.49087,6.00289,-15.25338,-1.88874,2.61591,2.34746,,,,,,,,,,,,,,,,,,,,,,,,,,,,,,,,,,,,,,,,,,,,,,,,,,,High,High,High,,,,,
177,2026-04-18,15:24:29.73,7,3,"Flaherty, Brendan",1000224625,Right,CAL_TEC,"DeGrazia, Tanner",1000214434,Right,POM_COL,Undefined,5,Bottom,2,1,1,Slider,Curveball,BallCalled,Undefined,Undefined,Undefined,0,0,,67.70272,0.799091,-2.632323,2204.183743,95.857292,9:15,5.22508,1.87753,5.14486,-59.72531,2.67315,-8.42386,1.00118,-1.30459,63.0261,-9.971352,-4.122511,0.568536,,,,,,,,,,,,3.53106,1.65209,-1.6242,50,5.25367,4.80598,-98.2425,-0.42345,3.47185,14.68357,-30.54966,POM_COL,CAL_TEC,PomonaPitzer,D3,Team,20260418-PomonaPitzer-2,5e455310-3b75-11f1-9995-2d5b6d9285b1,66.29732,,,4.67663,,,,,,,2406fc0b-637f-4cb9-a9cc-8bc242636732,2026-04-18,22:24:29.73,2026-04-18T15:24:29.7362432-07:00,2026-04-18T22:24:29.7362432Z,,v3,643-145631,643-144573,,"Bernhardt, Jack",1000316026,Right,CAL_TEC,135add30-f792-4cd0-a4f7-64fecdde29d8,55.35549,-99.03971,7.34179,5.23164,1.23517,-15.27483,-1.88002,4.61749,1.73593,,,,,,,,,,,,,,,,,,,,,,,,,,,,,,,,,,,,,,,,,,,,,,,,,,,High,High,High,,,,,
178,2026-04-18,15:24:47.40,7,4,"Flaherty, Brendan",1000224625,Right,CAL_TEC,"DeGrazia, Tanner",1000214434,Right,POM_COL,Undefined,5,Bottom,2,2,1,Fastball,Changeup,BallCalled,Undefined,Undefined,Undefined,0,0,,80.62373,2.29512,-2.379602,2053.968762,219.669938,1:15,5.74019,1.57995,5.76786,-29.80498,12.90812,9.74304,5.39537,0.17604,74.41375,-3.239704,-0.638256,0.470383,,,,,,,,,,,,-5.49965,6.40268,-1.38884,50,5.91212,4.48391,-117.06756,3.77929,-7.74183,19.1253,-23.16105,POM_COL,CAL_TEC,PomonaPitzer,D3,Team,20260418-PomonaPitzer-2,68c8ab70-3b75-11f1-9995-2d5b6d9285b1,80.13134,,,6.20998,,,,,,,2406fc0b-637f-4cb9-a9cc-8bc242636732,2026-04-18,22:24:47.40,2026-04-18T15:24:47.4024448-07:00,2026-04-18T22:24:47.4024448Z,,v3,643-145631,643-144573,,"Bernhardt, Jack",1000316026,Right,CAL_TEC,83c3fe5f-f82b-443b-a33d-0be17a691e28,54.73041,-117.83783,9.56265,5.74113,4.7121,-11.58053,-1.57571,4.79571,-3.87091,,,,,,,,,,,,,,,,,,,,,,,,,,,,,,,,,,,,,,,,,,,,,,,,,,,High,High,High,,,,,
179,2026-04-18,15:25:04.02,7,5,"Flaherty, Brendan",1000224625,Right,CAL_TEC,"DeGrazia, Tanner",1000214434,Right,POM_COL,Undefined,5,Bottom,2,3,1,Fastball,Changeup,StrikeCalled,Undefined,Undefined,Undefined,0,0,,82.35653,-1.389135,-3.151484,2083.078387,228.685376,1:30,5.56608,1.70718,5.56478,-25.03112,16.49147,17.32694,2.18021,0.20404,75.7972,-6.043772,-0.064468,0.463782,,,,,,,,,,,,-9.55512,9.08567,-1.44668,50,5.4297,5.87419,-119.48311,-3.68447,-13.91251,21.46925,-18.94506,POM_COL,CAL_TEC,PomonaPitzer,D3,Team,20260418-PomonaPitzer-2,72a67500-3b75-11f1-9995-2d5b6d9285b1,81.27195,,,6.55933,,,,,,,2406fc0b-637f-4cb9-a9cc-8bc242636732,2026-04-18,22:25:04.02,2026-04-18T15:25:04.0224768-07:00,2026-04-18T22:25:04.0224768Z,,v3,643-145631,643-144573,,"Bernhardt, Jack",1000316026,Right,CAL_TEC,216d8a22-3148-408f-9011-eb255119f156,54.93419,-120.36644,10.73462,5.56525,-2.90499,-9.47253,-1.70014,6.4466,-6.95626,,,,,,,,,,,,,,,,,,,,,,,,,,,,,,,,,,,,,,,,,,,,,,,,,,,High,High,High,,,,,
180,2026-04-18,15:25:23.40,7,6,"Flaherty, Brendan",1000224625,Right,CAL_TEC,"DeGrazia, Tanner",1000214434,Right,POM_COL,Undefined,5,Bottom,2,3,2,Fastball,Changeup,BallCalled,Walk,Undefined,Undefined,0,0,,81.68132,0.823352,-2.710446,2104.174213,220.853445,1:15,5.6606,1.52162,5.99227,-24.3873,17.43946,13.91981,4.39225,0.16788,74.39232,-3.791344,-0.211464,0.465477,,,,,,,,,,,,-7.85225,9.1128,-1.31519,50,5.71204,5.06455,-118.51617,1.02574,-11.15291,22.94226,-19.23072,POM_COL,CAL_TEC,PomonaPitzer,D3,Team,20260418-PomonaPitzer-2,7e37baf0-3b75-11f1-9995-2d5b6d9285b1,80.9759,,,7.289,,,,,,,2406fc0b-637f-4cb9-a9cc-8bc242636732,2026-04-18,22:25:23.40,2026-04-18T15:25:23.4072064-07:00,2026-04-18T22:25:23.4072064Z,,v3,643-145631,643-144573,,"Bernhardt, Jack",1000316026,Right,CAL_TEC,32d15db5-4afd-4aff-a867-122f505fa942,54.50417,-119.3849,11.47113,5.65942,1.75393,-9.61536,-1.51496,5.48686,-5.57646,,,,,,,,,,,,,,,,,,,,,,,,,,,,,,,,,,,,,,,,,,,,,,,,,,,High,High,High,,,,,
181,2026-04-18,15:25:52.28,8,1,"Flaherty, Brendan",1000224625,Right,CAL_TEC,"Parker, Will",1000474009,Left,POM_COL,Undefined,5,Bottom,2,0,0,Fastball,Changeup,InPlay,Undefined,GroundBall,Out,1,0,,81.82094,-0.844326,-3.103829,2166.416542,226.685105,1:30,5.72764,1.75285,5.5796,-23.72659,18.28076,18.04588,2.96067,0.35508,75.2544,-5.276632,0.111528,0.466481,96.2964,-5.912845,13.236348,,,,,28.92216,28.92216,12.14154,0.199865,-9.97355,9.86615,-1.49799,50,5.63957,5.72462,-118.75551,-2.47465,-14.34535,21.21048,-17.98319,POM_COL,CAL_TEC,PomonaPitzer,D3,Team,20260418-PomonaPitzer-2,8f6f6250-3b75-11f1-9995-2d5b6d9285b1,80.80164,2.91263,,6.56654,,,,0.89903,2.91263,-0.35622,2406fc0b-637f-4cb9-a9cc-8bc242636732,2026-04-18,22:25:52.28,2026-04-18T15:25:52.2840576-07:00,2026-04-18T22:25:52.2840576Z,GroundBall,v3,643-145631,643-144573,,"Bernhardt, Jack",1000316026,Right,CAL_TEC,86cf2564-9e29-4e7d-bb7e-9497dd114539,54.92045,-119.63111,10.60524,5.7264,-1.73229,-8.99159,-1.74653,6.31681,-7.17267,,0.89188,136.97313,,,,,,,,2.91339,-14.57298,,,,,,,,-0.35791,32.21845,,,,,,,,,,,,,,,,,,,,,,,,,,,,,,High,High,High,Estimated,Estimated,,,
182,2026-04-18,15:28:03.80,1,1,"Dennis, Lucas",10274891,Right,POM_COL,"Hu, Mark",1000091669,Right,CAL_TEC,Undefined,6,Top,0,0,0,Slider,Slider,BallCalled,Undefined,Undefined,Undefined,0,0,,74.92656,1.225225,-3.460377,2354.435947,106.485686,9:30,5.41236,2.03914,5.207,-48.14617,3.8689,-6.81457,2.5547,-1.78696,67.86692,-7.570953,-4.663706,0.519082,,,,,,,,,,,,2.24378,2.15551,-1.71351,50,5.49043,6.82271,-108.32801,0.73386,2.62629,21.57071,-29.65106,POM_COL,CAL_TEC,PomonaPitzer,D3,Team,20260418-PomonaPitzer-2,ddda26f0-3b75-11f1-9995-2d5b6d9285b1,72.61366,,,7.05964,,,,,,,2406fc0b-637f-4cb9-a9cc-8bc242636732,2026-04-18,22:28:03.80,2026-04-18T15:28:03.8077440-07:00,2026-04-18T22:28:03.8077440Z,,v3,643-145631,643-144573,,"Parker, Will",1000474009,Right,POM_COL,e2ef0c2b-42c6-4b47-80a7-5970a1b4ace4,55.2873,-109.37577,10.78535,5.4198,2.17411,-14.82553,-2.04182,6.69514,1.31314,,,,,,,,,,,,,,,,,,,,,,,,,,,,,,,,,,,,,,,,,,,,,,,,,,,High,High,High,,,,,
183,2026-04-18,15:28:18.64,1,2,"Dennis, Lucas",10274891,Right,POM_COL,"Hu, Mark",1000091669,Right,CAL_TEC,Undefined,6,Top,0,1,0,Fastball,Changeup,HitByPitch,Undefined,Undefined,Undefined,0,0,,81.67163,1.425092,-0.715864,1953.629985,239.273878,2:00,5.61739,1.70862,5.39131,-31.17962,11.49859,17.10521,4.35509,2.46309,74.60078,-4.344521,2.324657,0.470191,,,,,,,,,,,,-8.90441,5.75733,-1.65759,50,5.72285,0.7982,-118.57138,1.91866,-12.66248,22.90812,-23.9869,POM_COL,CAL_TEC,PomonaPitzer,D3,Team,20260418-PomonaPitzer-2,e6a9dbe0-3b75-11f1-9995-2d5b6d9285b1,80.16408,,,7.07086,,,,,,,2406fc0b-637f-4cb9-a9cc-8bc242636732,2026-04-18,22:28:18.64,2026-04-18T15:28:18.6453504-07:00,2026-04-18T22:28:18.6453504Z,,v3,643-145631,643-144573,,"Parker, Will",1000474009,Right,POM_COL,c844cced-8b58-443f-a2bf-b2dd783a813f,55.1091,-119.55439,11.45406,5.61844,2.94796,-11.99345,-1.7035,1.34156,-6.33124,,,,,,,,,,,,,,,,,,,,,,,,,,,,,,,,,,,,,,,,,,,,,,,,,,,High,High,High,,,,,
184,2026-04-18,15:28:50.77,2,1,"Dennis, Lucas",10274891,Right,POM_COL,"Bernhardt, Jack",1000316026,Right,CAL_TEC,Undefined,6,Top,0,0,0,Fastball,Changeup,BallCalled,Undefined,Undefined,Undefined,0,0,,84.12467,0.265198,-3.406561,2033.233813,231.756699,1:45,5.45092,1.53314,5.47744,-28.08423,12.2278,13.83265,3.35915,-0.50546,76.56605,-4.951047,-0.948405,0.456971,,,,,,,,,,,,-7.87666,6.48441,-1.24319,50,5.45541,6.65965,-121.88615,-0.37229,-11.82113,24.48713,-22.44234,POM_COL,CAL_TEC,PomonaPitzer,D3,Team,20260418-PomonaPitzer-2,f9cf97a0-3b75-11f1-9995-2d5b6d9285b1,82.48322,,,7.55862,,,,,,,2406fc0b-637f-4cb9-a9cc-8bc242636732,2026-04-18,22:28:50.77,2026-04-18T15:28:50.7735040-07:00,2026-04-18T22:28:50.7735040Z,,v3,643-145631,643-144573,,"Parker, Will",1000474009,Right,POM_COL,6713a8e8-2118-4876-bc98-0c60ce4effc8,55.01896,-122.89033,12.24357,5.4518,0.54803,-11.22117,-1.52624,7.14441,-5.91056,,,,,,,,,,,,,,,,,,,,,,,,,,,,,,,,,,,,,,,,,,,,,,,,,,,High,High,High,,,,,
185,2026-04-18,15:29:07.49,2,2,"Dennis, Lucas",10274891,Right,POM_COL,"Bernhardt, Jack",1000316026,Right,CAL_TEC,Undefined,6,Top,0,1,0,Fastball,Changeup,StrikeCalled,Undefined,Undefined,Undefined,0,0,,83.41552,-1.561642,-4.318529,2088.620241,212.860284,1:00,5.32255,1.76598,5.60233,-23.13856,17.57804,10.5156,1.93198,-1.39687,76.39265,-5.885668,-2.449075,0.459258,,,,,,,,,,,,-6.46894,9.70934,-1.4025,50,5.17362,8.68582,-120.772,-4.01105,-9.5814,22.89928,-17.79318,POM_COL,CAL_TEC,PomonaPitzer,D3,Team,20260418-PomonaPitzer-2,03ce2fa0-3b76-11f1-9995-2d5b6d9285b1,82.0724,,,7.02288,,,,,,,2406fc0b-637f-4cb9-a9cc-8bc242636732,2026-04-18,22:29:07.49,2026-04-18T15:29:07.4905088-07:00,2026-04-18T22:29:07.4905088Z,,v3,643-145631,643-144573,,"Parker, Will",1000474009,Right,POM_COL,80e32c76-e6e5-4cb7-94e1-9c35bf439d9b,54.89493,-121.69658,11.44964,5.32107,-3.29264,-8.89659,-1.761,9.07268,-4.7907,,,,,,,,,,,,,,,,,,,,,,,,,,,,,,,,,,,,,,,,,,,,,,,,,,,High,High,High,,,,,
186,2026-04-18,15:29:23.45,2,3,"Dennis, Lucas",10274891,Right,POM_COL,"Bernhardt, Jack",1000316026,Right,CAL_TEC,Undefined,6,Top,0,1,1,Fastball,Changeup,StrikeCalled,Undefined,Undefined,Undefined,0,0,,83.21279,-0.852756,-3.64282,2089.24444,217.376163,1:15,5.3962,1.69459,5.48824,-23.26682,17.65969,12.51879,2.65785,-0.67473,76.28678,-5.196012,-1.418799,0.460441,69.48862,20.834821,166.51518,3348.614707,,,,,18.02626,,,-7.32701,9.53044,-1.38404,50,5.30585,7.17253,-120.64304,-2.5296,-10.84291,22.5714,-18.07046,POM_COL,CAL_TEC,PomonaPitzer,D3,Team,20260418-PomonaPitzer-2,0d4c9b20-3b76-11f1-9995-2d5b6d9285b1,81.86163,9.4594,,6.926,,,,2.57774,2.62034,0.72968,2406fc0b-637f-4cb9-a9cc-8bc242636732,2026-04-18,22:29:23.45,2026-04-18T15:29:23.4578432-07:00,2026-04-18T22:29:23.4578432Z,,v3,643-145631,643-144573,,"Parker, Will",1000474009,Right,POM_COL,e03f2882-f57e-4215-9c52-e09020673529,55.0112,-121.57698,11.2857,5.39505,-1.7819,-9.03523,-1.6901,7.62118,-5.42145,,2.57712,-92.59018,12.8381,,,,,,,2.6224,36.12624,-24.31598,,,,,,,0.73327,21.99637,-17.98992,,,,,,,,,,,,,,,,,,,,,,,,,,,,,High,High,High,High,Undefined,,,
187,2026-04-18,15:29:45.83,2,4,"Dennis, Lucas",10274891,Right,POM_COL,"Bernhardt, Jack",1000316026,Right,CAL_TEC,Undefined,6,Top,0,1,2,Slider,Curveball,BallCalled,Undefined,Undefined,Undefined,0,0,,74.16981,3.832924,-1.5205,2370.323606,100.614564,9:15,5.04997,1.9724,5.06829,-49.62794,3.56768,-9.28961,4.53488,-0.23568,66.99034,-5.240805,-3.15815,0.52494,,,,,,,,,,,,4.08835,1.17406,-1.82048,50,5.37574,3.21798,-107.20948,5.53771,4.70718,20.39488,-30.82229,POM_COL,CAL_TEC,PomonaPitzer,D3,Team,20260418-PomonaPitzer-2,1aae5b50-3b76-11f1-9995-2d5b6d9285b1,71.80339,,,7.17947,,,,,,,2406fc0b-637f-4cb9-a9cc-8bc242636732,2026-04-18,22:29:45.83,2026-04-18T15:29:45.8301952-07:00,2026-04-18T22:29:45.8301952Z,,v3,643-145631,643-144573,,"Parker, Will",1000474009,Right,POM_COL,6b528fc7-dfff-4f85-b933-07759214d132,55.42718,-108.23699,10.19744,5.05763,7.09056,-15.41115,-1.97662,2.98083,2.35359,,,,,,,,,,,,,,,,,,,,,,,,,,,,,,,,,,,,,,,,,,,,,,,,,,,High,High,High,,,,,
188,2026-04-18,15:30:05.46,2,5,"Dennis, Lucas",10274891,Right,POM_COL,"Bernhardt, Jack",1000316026,Right,CAL_TEC,Undefined,6,Top,0,2,2,Fastball,Changeup,FoulBallNotFieldable,Undefined,Undefined,Undefined,0,0,,82.67723,-0.463887,-3.84237,2100.81181,211.814096,1:00,5.32708,1.71979,5.61799,-26.55805,14.76788,8.36138,2.68,-1.17474,75.75689,-5.404747,-2.354332,0.462682,,,,,,,,,,,,-5.26638,7.99957,-1.39695,50,5.27044,7.70914,-119.82864,-1.80872,-7.68125,22.47585,-20.50633,POM_COL,CAL_TEC,PomonaPitzer,D3,Team,20260418-PomonaPitzer-2,265dfeb0-3b76-11f1-9995-2d5b6d9285b1,81.46506,,,6.92034,,,,,,,2406fc0b-637f-4cb9-a9cc-8bc242636732,2026-04-18,22:30:05.46,2026-04-18T15:30:05.4658048-07:00,2026-04-18T22:30:05.4658048Z,,v3,643-145631,643-144573,,"Parker, Will",1000474009,Right,POM_COL,a19c0a6f-27c7-426f-a471-c67f68ad4031,54.87977,-120.74045,11.23793,5.32694,-0.9768,-10.25316,-1.71602,8.02075,-3.84062,,,,,,,,,,,,,,,,,,,,,,,,,,,,,,,,,,,,,,,,,,,,,,,,,,,High,High,High,,,,,
189,2026-04-18,15:30:30.17,2,6,"Dennis, Lucas",10274891,Right,POM_COL,"Bernhardt, Jack",1000316026,Right,CAL_TEC,Undefined,6,Top,0,2,2,ChangeUp,Changeup,StrikeCalled,Strikeout,Undefined,Undefined,0,0,,76.61391,1.172269,-4.984346,1259.173946,264.976035,2:45,5.3122,1.7007,5.41784,-45.85703,3.30083,18.12182,2.59323,-1.47007,69.52996,-7.232479,-1.775392,0.504624,,,,,,,,,,,,-10.52461,1.85941,-1.26966,50,5.38518,8.9386,-110.72833,0.77025,-12.96226,21.24616,-29.88396,POM_COL,CAL_TEC,PomonaPitzer,D3,Team,20260418-PomonaPitzer-2,351e1660-3b76-11f1-9995-2d5b6d9285b1,74.69412,,,7.08395,,,,,,,2406fc0b-637f-4cb9-a9cc-8bc242636732,2026-04-18,22:30:30.17,2026-04-18T15:30:30.1788160-07:00,2026-04-18T22:30:30.1788160Z,,v3,643-145631,643-144573,,"Parker, Will",1000474009,Right,POM_COL,cab9cca6-e684-45e6-a0e0-871e337f2af9,55.07984,-111.69878,10.62308,5.31882,2.13524,-14.94198,-1.69146,9.53067,-6.48113,,,,,,,,,,,,,,,,,,,,,,,,,,,,,,,,,,,,,,,,,,,,,,,,,,,High,High,High,,,,,
190,2026-04-18,15:30:58.66,3,1,"Dennis, Lucas",10274891,Right,POM_COL,"Foardq, Riley",,Left,CAL_TEC,Undefined,6,Top,1,0,0,ChangeUp,Changeup,StrikeCalled,Undefined,Undefined,Undefined,0,0,,74.38089,1.008898,-3.583333,1288.194441,248.762019,2:15,5.48687,1.86739,5.63706,-44.59967,6.28678,12.21166,2.71341,-0.46233,68.49162,-7.180951,-1.406574,0.51342,,,,,,,,,,,,-7.09481,3.43067,-1.57023,50,5.54444,6.30491,-107.86527,0.54073,-8.40405,17.81139,-28.11031,POM_COL,CAL_TEC,PomonaPitzer,D3,Team,20260418-PomonaPitzer-2,46133680-3b76-11f1-9995-2d5b6d9285b1,73.41449,,,5.88927,,,,,,,2406fc0b-637f-4cb9-a9cc-8bc242636732,2026-04-18,22:30:58.66,2026-04-18T15:30:58.6694144-07:00,2026-04-18T22:30:58.6694144Z,,v3,643-145631,643-144573,,"Parker, Will",1000474009,Right,POM_COL,3d38f39b-09ae-4a77-b8ac-25457e06c727,54.86131,-108.66504,8.9057,5.49182,1.80293,-14.05515,-1.8618,6.68226,-4.20203,,,,,,,,,,,,,,,,,,,,,,,,,,,,,,,,,,,,,,,,,,,,,,,,,,,High,High,High,,,,,
191,2026-04-18,15:31:16.56,3,2,"Dennis, Lucas",10274891,Right,POM_COL,"Foardq, Riley",,Left,CAL_TEC,Undefined,6,Top,1,0,1,Slider,Curveball,BallCalled,Undefined,Undefined,Undefined,0,0,,72.87996,0.737811,0.044703,2338.809787,59.016624,8:00,5.1722,2.04802,4.56997,-57.14625,-1.84441,-5.98162,1.11212,1.59209,67.13152,-9.496823,-1.005371,0.535231,,,,,,,,,,,,2.92638,-0.56843,-2.04673,50,5.19514,0.15772,-105.69488,-0.65839,3.30702,18.18585,-32.81641,POM_COL,CAL_TEC,PomonaPitzer,D3,Team,20260418-PomonaPitzer-2,50c6edb0-3b76-11f1-9995-2d5b6d9285b1,70.42276,,,5.74844,,,,,,,2406fc0b-637f-4cb9-a9cc-8bc242636732,2026-04-18,22:31:16.56,2026-04-18T15:31:16.5619712-07:00,2026-04-18T22:31:16.5619712Z,,v3,643-145631,643-144573,,"Parker, Will",1000474009,Right,POM_COL,5176e795-d372-422d-8380-c23eb1b6bda5,55.92939,-106.71022,9.09293,5.18075,1.17378,-16.40821,-2.05038,-0.02691,1.65351,,,,,,,,,,,,,,,,,,,,,,,,,,,,,,,,,,,,,,,,,,,,,,,,,,,High,High,High,,,,,
192,2026-04-18,15:31:41.75,3,3,"Dennis, Lucas",10274891,Right,POM_COL,"Foardq, Riley",,Left,CAL_TEC,Undefined,6,Top,1,1,1,Fastball,Changeup,BallCalled,Undefined,Undefined,Undefined,0,0,,83.64484,-0.674306,-4.409385,2084.635536,231.792627,1:45,5.38529,1.81565,5.53645,-27.85423,12.77079,14.56729,2.43194,-1.09994,76.47329,-5.838304,-1.821941,0.458742,,,,,,,,,,,,-8.50272,7.03118,-1.44207,50,5.30829,8.72288,-121.10707,-2.34479,-12.64897,23.28429,-21.71419,POM_COL,CAL_TEC,PomonaPitzer,D3,Team,20260418-PomonaPitzer-2,5fb84e90-3b76-11f1-9995-2d5b6d9285b1,82.16488,,,7.17155,,,,,,,2406fc0b-637f-4cb9-a9cc-8bc242636732,2026-04-18,22:31:41.75,2026-04-18T15:31:41.7528832-07:00,2026-04-18T22:31:41.7528832Z,,v3,643-145631,643-144573,,"Parker, Will",1000474009,Right,POM_COL,0b70db23-dd29-401c-8a38-c160f19aaddb,54.96074,-122.0571,11.64215,5.38588,-1.45882,-10.8571,-1.80851,9.23897,-6.32449,,,,,,,,,,,,,,,,,,,,,,,,,,,,,,,,,,,,,,,,,,,,,,,,,,,High,High,High,,,,,
193,2026-04-18,15:32:01.26,3,4,"Dennis, Lucas",10274891,Right,POM_COL,"Foardq, Riley",,Left,CAL_TEC,Undefined,6,Top,1,2,1,ChangeUp,Changeup,StrikeCalled,Undefined,Undefined,Undefined,0,0,,76.76713,-0.168309,-3.57337,1295.586471,251.043928,2:15,5.37088,1.88198,5.89235,-41.85235,6.13595,12.98989,1.72661,-0.35762,69.81095,-7.919557,-1.244912,0.498585,,,,,,,,,,,,-7.68563,3.735,-1.60099,50,5.33371,6.45769,-111.21446,-1.59105,-9.5282,21.83596,-27.54362,POM_COL,CAL_TEC,PomonaPitzer,D3,Team,20260418-PomonaPitzer-2,6b681900-3b76-11f1-9995-2d5b6d9285b1,75.59885,,,6.95619,,,,,,,2406fc0b-637f-4cb9-a9cc-8bc242636732,2026-04-18,22:32:01.26,2026-04-18T15:32:01.2682240-07:00,2026-04-18T22:32:01.2682240Z,,v3,643-145631,643-144573,,"Parker, Will",1000474009,Right,POM_COL,0ba413cb-a17c-423e-a8d3-263c2fb22c6f,54.60391,-112.11475,10.91798,5.3759,-0.45543,-13.77181,-1.87534,6.85053,-4.7641,,,,,,,,,,,,,,,,,,,,,,,,,,,,,,,,,,,,,,,,,,,,,,,,,,,High,High,High,,,,,
194,2026-04-18,15:32:22.97,3,5,"Dennis, Lucas",10274891,Right,POM_COL,"Foardq, Riley",,Left,CAL_TEC,Undefined,6,Top,1,2,2,Fastball,Changeup,BallCalled,Undefined,Undefined,Undefined,0,0,,84.32067,-2.645988,-3.33025,2089.256647,241.372126,2:00,5.3458,1.7881,5.23616,-30.79986,9.58725,15.20095,0.28614,-0.07886,77.49844,-8.268903,-0.636147,0.457396,,,,,,,,,,,,-8.54729,5.89681,-1.49337,50,5.07898,6.45973,-122.11249,-6.74748,-12.92602,23.69469,-23.25633,POM_COL,CAL_TEC,PomonaPitzer,D3,Team,20260418-PomonaPitzer-2,784d7d40-3b76-11f1-9995-2d5b6d9285b1,82.40652,,,6.82223,,,,,,,2406fc0b-637f-4cb9-a9cc-8bc242636732,2026-04-18,22:32:22.97,2026-04-18T15:32:22.9768192-07:00,2026-04-18T22:32:22.9768192Z,,v3,643-145631,643-144573,,"Parker, Will",1000474009,Right,POM_COL,a9906a9a-fb8f-45bb-8a4d-d851231b00fc,55.26349,-123.12958,11.84734,5.34719,-5.7492,-11.62817,-1.78256,7.01458,-6.46301,,,,,,,,,,,,,,,,,,,,,,,,,,,,,,,,,,,,,,,,,,,,,,,,,,,High,High,High,,,,,
195,2026-04-18,15:32:44.61,3,6,"Dennis, Lucas",10274891,Right,POM_COL,"Foardq, Riley",,Left,CAL_TEC,Undefined,6,Top,1,3,2,ChangeUp,Changeup,InPlay,Undefined,GroundBall,Out,2,0,,78.58847,0.113129,-2.602074,1430.280961,257.737266,2:30,5.32679,1.81236,5.92762,-40.95372,4.22815,12.92465,2.01906,0.4734,72.15137,-7.449843,-0.280609,0.483786,66.04438,3.660904,40.14454,4415.875236,,,,51.18748,50.1379,39.626403,0.545098,-7.41441,2.51717,-1.61185,50,5.31241,4.72013,-114.12915,-1.02723,-9.77225,21.14655,-28.85639,POM_COL,CAL_TEC,PomonaPitzer,D3,Team,20260418-PomonaPitzer-2,85355280-3b76-11f1-9995-2d5b6d9285b1,77.91133,2.73797,,6.4371,,,,2.7652,2.25374,-0.40366,2406fc0b-637f-4cb9-a9cc-8bc242636732,2026-04-18,22:32:44.61,2026-04-18T15:32:44.6101504-07:00,2026-04-18T22:32:44.6101504Z,GroundBall,v3,643-145631,643-144573,,"Parker, Will",1000474009,Right,POM_COL,b99b0bfd-6ef8-4982-ab92-f5f83d283eff,54.57295,-114.97334,10.57327,5.33042,0.12473,-14.4282,-1.80807,5.11024,-4.88613,,2.77755,73.58879,-11.70047,,,,,,,2.26748,5.84649,-18.40063,,,,,,,-0.40564,62.37245,-3.18147,,,,,,,,,,,,,,,,,,,,,,,,,,,,,High,High,High,High,High,,,
196,2026-04-18,15:35:04.67,1,1,"Favretto, Lucas",1000392794,Right,CAL_TEC,"Gold, Jack",1000108729,Left,POM_COL,Undefined,6,Bottom,0,0,0,Fastball,Changeup,StrikeCalled,Undefined,Undefined,Undefined,0,0,,76.12989,-0.992442,1.542596,2102.231084,155.829194,11:15,6.30157,-1.29855,5.61943,-29.77285,19.10678,-7.84552,2.89389,-0.51239,69.54226,-6.552821,0.141653,0.503194,,,,,,,,,,,,4.38488,10.4456,1.17193,50,6.19799,-2.67428,-110.42532,-2.76021,5.39882,20.18495,-19.31305,POM_COL,CAL_TEC,PomonaPitzer,D3,Team,20260418-PomonaPitzer-2,d8bb4f90-3b76-11f1-9995-2d5b6d9285b1,74.90638,,,6.58763,,,,,,,2406fc0b-637f-4cb9-a9cc-8bc242636732,2026-04-18,22:35:04.67,2026-04-18T15:35:04.6764032-07:00,2026-04-18T22:35:04.6764032Z,,v3,643-145631,643-144573,,"Bernhardt, Jack",1000316026,Right,CAL_TEC,bfe6381f-5e22-4e89-b44d-ae1989a1f4ac,54.87543,-111.31294,10.09247,6.3007,-1.91093,-9.65653,1.29475,-2.91169,2.69941,,,,,,,,,,,,,,,,,,,,,,,,,,,,,,,,,,,,,,,,,,,,,,,,,,,High,High,High,,,,,
197,2026-04-18,15:35:20.62,1,2,"Favretto, Lucas",1000392794,Right,CAL_TEC,"Gold, Jack",1000108729,Left,POM_COL,Undefined,6,Bottom,0,0,1,Curveball,Curveball,StrikeCalled,Undefined,Undefined,Undefined,0,0,,62.96608,2.643065,0.418056,2182.061788,313.411098,4:30,6.26562,-1.39085,4.87248,-77.73677,-4.20508,6.92981,2.29047,-0.41777,58.17169,-11.327893,1.640621,0.617176,,,,,,,,,,,,-3.27795,-2.06575,1.3436,50,6.45995,-0.90178,-91.27111,1.91474,-2.75481,13.9,-33.91012,POM_COL,CAL_TEC,PomonaPitzer,D3,Team,20260418-PomonaPitzer-2,e245a1f0-3b76-11f1-9995-2d5b6d9285b1,61.07248,,,4.79438,,,,,,,2406fc0b-637f-4cb9-a9cc-8bc242636732,2026-04-18,22:35:20.62,2026-04-18T15:35:20.6216704-07:00,2026-04-18T22:35:20.6216704Z,,v3,643-145631,643-144573,,"Bernhardt, Jack",1000316026,Right,CAL_TEC,7a30ba70-49bd-4caf-b31f-48606b5ad4b9,55.628,-92.12423,6.95,6.27857,3.996,-16.95506,1.39375,-0.7327,-1.3774,,,,,,,,,,,,,,,,,,,,,,,,,,,,,,,,,,,,,,,,,,,,,,,,,,,High,High,High,,,,,
198,2026-04-18,15:35:37.90,1,3,"Favretto, Lucas",1000392794,Right,CAL_TEC,"Gold, Jack",1000108729,Left,POM_COL,Undefined,6,Bottom,0,0,2,Curveball,Curveball,BallCalled,Undefined,Undefined,Undefined,0,0,,64.20061,4.562523,2.188531,2142.411552,288.882299,3:45,6.31628,-1.34745,4.88959,-70.33543,0.92106,4.1426,4.78333,1.06906,58.55309,-8.169135,2.91598,0.607552,,,,,,,,,,,,-1.38091,-0.11051,1.12915,50,6.70605,-3.68927,-92.72809,5.31418,-1.19631,14.51615,-32.26977,POM_COL,CAL_TEC,PomonaPitzer,D3,Team,20260418-PomonaPitzer-2,ec96edd0-3b76-11f1-9995-2d5b6d9285b1,62.03984,,,5.64752,,,,,,,2406fc0b-637f-4cb9-a9cc-8bc242636732,2026-04-18,22:35:37.90,2026-04-18T15:35:37.9019776-07:00,2026-04-18T22:35:37.9019776Z,,v3,643-145631,643-144573,,"Bernhardt, Jack",1000316026,Right,CAL_TEC,bfe62261-4592-4778-8a47-05ca4dfc5b7d,55.60766,-93.60183,7.25808,6.32773,7.25651,-16.13489,1.34904,-3.61726,-0.59815,,,,,,,,,,,,,,,,,,,,,,,,,,,,,,,,,,,,,,,,,,,,,,,,,,,High,High,High,,,,,
199,2026-04-18,15:35:58.99,1,4,"Favretto, Lucas",1000392794,Right,CAL_TEC,"Gold, Jack",1000108729,Left,POM_COL,Undefined,6,Bottom,0,1,2,Fastball,Changeup,BallCalled,Undefined,Undefined,Undefined,0,0,,75.5308,-4.316245,4.119925,2085.617505,158.158709,11:15,6.38742,-1.25875,5.46002,-31.99439,18.36344,-6.67563,-0.337,2.04793,69.50747,-10.175072,2.934191,0.510746,,,,,,,,,,,,4.58173,11.00863,0.90011,50,5.98391,-7.61358,-109.06522,-9.198,5.50591,19.59969,-18.94493,POM_COL,CAL_TEC,PomonaPitzer,D3,Team,20260418-PomonaPitzer-2,f93229b0-3b76-11f1-9995-2d5b6d9285b1,73.7988,,,6.02333,,,,,,,2406fc0b-637f-4cb9-a9cc-8bc242636732,2026-04-18,22:35:58.99,2026-04-18T15:35:58.9905920-07:00,2026-04-18T22:35:58.9905920Z,,v3,643-145631,643-144573,,"Bernhardt, Jack",1000316026,Right,CAL_TEC,e704f1a8-b94e-4d89-8fac-a84e3b079e5e,55.03883,-109.967,9.79985,6.38706,-8.32634,-9.47246,1.25624,-7.8669,2.75295,,,,,,,,,,,,,,,,,,,,,,,,,,,,,,,,,,,,,,,,,,,,,,,,,,,High,High,High,,,,,
200,2026-04-18,15:36:32.70,1,5,"Favretto, Lucas",1000392794,Right,CAL_TEC,"Gold, Jack",1000108729,Left,POM_COL,Undefined,6,Bottom,0,2,2,Curveball,Curveball,HitByPitch,Undefined,Undefined,Undefined,0,0,,61.77452,5.548943,-0.761752,2172.974804,329.947512,5:00,6.26884,-1.3447,5.07882,-87.7643,-10.94871,7.85323,4.20285,-1.4084,56.27575,-10.324419,0.624748,0.630806,,,,,,,,,,,,-4.12925,-6.428,1.41025,50,6.72631,0.92996,-89.23135,6.18581,-3.29142,14.20154,-37.29778,POM_COL,CAL_TEC,PomonaPitzer,D3,Team,20260418-PomonaPitzer-2,0d432fd0-3b77-11f1-9995-2d5b6d9285b1,59.75279,,,5.49877,,,,,,,2406fc0b-637f-4cb9-a9cc-8bc242636732,2026-04-18,22:36:32.70,2026-04-18T15:36:32.7039488-07:00,2026-04-18T22:36:32.7039488Z,,v3,643-145631,643-144573,,"Bernhardt, Jack",1000316026,Right,CAL_TEC,e9c01b7c-9998-4040-a083-e256e0643cd6,55.42406,-90.09048,7.10077,6.28385,8.44215,-18.64889,1.34797,1.12908,-1.64571,,,,,,,,,,,,,,,,,,,,,,,,,,,,,,,,,,,,,,,,,,,,,,,,,,,High,High,High,,,,,
201,2026-04-18,15:37:09.43,2,1,"Favretto, Lucas",1000392794,Right,CAL_TEC,"Wakil, Lateef",1000128267,Left,POM_COL,Undefined,6,Bottom,0,0,0,Fastball,Changeup,StrikeCalled,Undefined,Undefined,Undefined,0,0,,73.99637,-1.549693,2.143021,2069.281722,149.166526,11:00,6.27769,-1.18901,5.68956,-34.54403,17.2332,-9.22957,1.95333,0.04011,67.61685,-7.969075,0.492477,0.517894,,,,,,,,,,,,5.30496,9.74497,1.01455,50,6.12595,-3.67867,-107.27129,-3.87497,6.14574,19.55666,-20.88462,POM_COL,CAL_TEC,PomonaPitzer,D3,Team,20260418-PomonaPitzer-2,23134b10-3b77-11f1-9995-2d5b6d9285b1,72.78023,,,6.37952,,,,,,,2406fc0b-637f-4cb9-a9cc-8bc242636732,2026-04-18,22:37:09.43,2026-04-18T15:37:09.4340608-07:00,2026-04-18T22:37:09.4340608Z,,v3,643-145631,643-144573,,"Bernhardt, Jack",1000316026,Right,CAL_TEC,7b49af03-812a-4424-935d-5cb40fa31db5,54.8061,-108.14394,9.77833,6.27807,-2.94306,-10.44231,1.18482,-3.95291,3.07287,,,,,,,,,,,,,,,,,,,,,,,,,,,,,,,,,,,,,,,,,,,,,,,,,,,High,High,High,,,,,
202,2026-04-18,15:37:27.23,2,2,"Favretto, Lucas",1000392794,Right,CAL_TEC,"Wakil, Lateef",1000128267,Left,POM_COL,Undefined,6,Bottom,0,0,1,Fastball,Changeup,InPlay,Undefined,FlyBall,HomeRun,0,2,,75.03357,-1.532914,1.328518,2059.617744,165.631715,11:30,6.54219,-1.02448,5.50482,-31.70104,18.73662,-4.37697,2.46607,-0.14653,68.81186,-7.411826,0.548311,0.511151,94.8442,28.06027,23.463755,,100.17012,54.75216,45.45266,381.31231,350.58044,25.438236,4.904397,2.59295,10.3902,0.91156,50,6.38727,-2.3633,-108.85571,-3.83335,3.10729,19.33537,-19.7228,POM_COL,CAL_TEC,PomonaPitzer,D3,Team,20260418-PomonaPitzer-2,2db21ab0-3b77-11f1-9995-2d5b6d9285b1,73.74038,76.64437,,6.22171,,,,1.05101,2.86943,0.09471,2406fc0b-637f-4cb9-a9cc-8bc242636732,2026-04-18,22:37:27.23,2026-04-18T15:37:27.2336384-07:00,2026-04-18T22:37:27.2336384Z,FlyBall,v3,643-145631,643-144573,,"Bernhardt, Jack",1000316026,Right,CAL_TEC,2893a98f-d303-4d1a-8b03-d0bef3196c09,54.99247,-109.73891,9.66769,6.54179,-2.93246,-9.8614,1.02275,-2.50523,1.55365,,1.05242,112.57845,-20.82696,4.96521,-0.84289,0.07712,0.0009,-0.00071,3E-05,2.86952,65.41985,-14.98557,-0.12153,0.31525,-0.13355,0.0362,-0.00516,0.00029,0.09527,48.86438,-5.80497,0.86077,-0.07615,0.00029,-0.00018,0.00023,-2E-05,,,,,,,,,,,,,,,,,,,,,,,High,High,High,Low,Medium,,,
203,2026-04-18,15:38:19.02,3,1,"Favretto, Lucas",1000392794,Right,CAL_TEC,"Hu, Landon",1000261921,Left,POM_COL,Undefined,6,Bottom,0,0,0,Curveball,Curveball,StrikeCalled,Undefined,Undefined,Undefined,0,0,,62.83705,3.382084,1.213169,2241.612099,288.468241,3:30,6.31159,-1.44417,5.10454,-75.13394,-2.97851,14.66871,3.24153,0.92147,58.80995,-10.136372,3.806599,0.611373,,,,,,,,,,,,-6.98615,-1.65996,1.31787,50,6.57181,-2.40945,-91.21166,3.24546,-5.96011,11.82106,-33.5902,POM_COL,CAL_TEC,PomonaPitzer,D3,Team,20260418-PomonaPitzer-2,4c9890d0-3b77-11f1-9995-2d5b6d9285b1,61.65215,,,4.0271,,,,,,,2406fc0b-637f-4cb9-a9cc-8bc242636732,2026-04-18,22:38:19.02,2026-04-18T15:38:19.0298112-07:00,2026-04-18T22:38:19.0298112Z,,v3,643-145631,643-144573,,"Bernhardt, Jack",1000316026,Right,CAL_TEC,7c2253f6-621d-44ed-a693-d7a51ef7a827,55.39856,-91.90865,5.91053,6.32207,5.226,-16.7951,1.44957,-2.05803,-2.98006,,,,,,,,,,,,,,,,,,,,,,,,,,,,,,,,,,,,,,,,,,,,,,,,,,,High,High,High,,,,,
204,2026-04-18,15:38:34.67,3,2,"Favretto, Lucas",1000392794,Right,CAL_TEC,"Hu, Landon",1000261921,Left,POM_COL,Undefined,6,Bottom,0,0,1,Fastball,Changeup,BallCalled,Undefined,Undefined,Undefined,0,0,,76.1215,-2.404218,4.016576,2095.862133,132.165281,10:30,6.14812,-1.61191,5.32532,-35.629,13.79737,-13.47772,0.91611,1.04016,70.12299,-8.918737,1.627203,0.506,,,,,,,,,,,,7.87028,8.05115,1.25827,50,5.90454,-7.22264,-110.1715,-5.75466,9.69654,19.13019,-22.25469,POM_COL,CAL_TEC,PomonaPitzer,D3,Team,20260418-PomonaPitzer-2,55e64f60-3b77-11f1-9995-2d5b6d9285b1,74.49095,,,5.99851,,,,,,,2406fc0b-637f-4cb9-a9cc-8bc242636732,2026-04-18,22:38:34.67,2026-04-18T15:38:34.6791424-07:00,2026-04-18T22:38:34.6791424Z,,v3,643-145631,643-144573,,"Bernhardt, Jack",1000316026,Right,CAL_TEC,eb9c27c9-a888-4a4d-9851-4eef8fd6a576,55.17328,-111.06616,9.5651,6.14933,-4.71388,-11.12734,1.60665,-7.67612,4.84827,,,,,,,,,,,,,,,,,,,,,,,,,,,,,,,,,,,,,,,,,,,,,,,,,,,High,High,High,,,,,
205,2026-04-18,15:38:51.42,3,3,"Favretto, Lucas",1000392794,Right,CAL_TEC,"Hu, Landon",1000261921,Left,POM_COL,Undefined,6,Bottom,0,1,1,Curveball,Curveball,StrikeCalled,Undefined,Undefined,Undefined,0,0,,64.23207,3.308996,-0.060829,2176.740395,286.731314,3:30,5.79296,-1.80351,5.01718,-72.24264,-2.70024,15.52599,2.89908,-0.56708,59.73011,-9.704867,2.68172,0.6002,,,,,,,,,,,,-7.67839,-1.52161,1.79632,50,6.05191,-0.42783,-93.2028,3.2526,-6.81008,12.92108,-33.52361,POM_COL,CAL_TEC,PomonaPitzer,D3,Team,20260418-PomonaPitzer-2,5fe42410-3b77-11f1-9995-2d5b6d9285b1,62.79976,,,4.50196,,,,,,,2406fc0b-637f-4cb9-a9cc-8bc242636732,2026-04-18,22:38:51.42,2026-04-18T15:38:51.4223104-07:00,2026-04-18T22:38:51.4223104Z,,v3,643-145631,643-144573,,"Bernhardt, Jack",1000316026,Right,CAL_TEC,8a50336e-2bca-48a0-ac23-e192ad84a1a4,55.48508,-93.96014,6.46054,5.80368,5.21751,-16.7618,1.80969,-0.02867,-3.40504,,,,,,,,,,,,,,,,,,,,,,,,,,,,,,,,,,,,,,,,,,,,,,,,,,,High,High,High,,,,,
206,2026-04-18,15:39:07.94,3,4,"Favretto, Lucas",1000392794,Right,CAL_TEC,"Hu, Landon",1000261921,Left,POM_COL,Undefined,6,Bottom,1,1,2,Curveball,Curveball,InPlay,Undefined,GroundBall,Error,0,0,,64.99383,2.424847,1.922456,2237.827832,307.742081,4:15,6.26762,-1.37063,5.23791,-73.70197,-6.25268,10.55367,2.40754,1.31642,60.62289,-10.855751,3.794616,0.591099,77.13391,-9.100325,20.513861,,,,,18.0161,17.26563,14.483085,0.153244,-4.81587,-3.28327,1.18544,50,6.43506,-3.5091,-94.36178,1.8722,-4.36623,13.61384,-35.15078,POM_COL,CAL_TEC,PomonaPitzer,D3,Team,20260418-PomonaPitzer-2,69c12a50-3b77-11f1-9995-2d5b6d9285b1,63.76672,2.5791,,4.37094,,,,1.73289,2.5791,-1.36134,2406fc0b-637f-4cb9-a9cc-8bc242636732,2026-04-18,22:39:07.94,2026-04-18T15:39:07.9441920-07:00,2026-04-18T22:39:07.9441920Z,GroundBall,v3,643-145631,643-144573,,"Bernhardt, Jack",1000316026,Right,CAL_TEC,76f518a8-cbf1-430c-9d6c-ac0e63ab2dae,55.26576,-95.11845,6.80692,6.27671,3.82593,-17.57539,1.37374,-3.26642,-2.18311,178.65427,1.73321,104.59481,-13.56242,,,,,,,2.57835,-17.82805,6.57596,,,,,,,-1.3612,39.13328,-5.54293,,,,,,,,,,,,,,,,,,,,,,,,,,,,,High,High,High,High,High,,,
207,2026-04-18,15:40:26.90,4,1,"Favretto, Lucas",1000392794,Right,CAL_TEC,"Savas, Peter",1000276389,Right,POM_COL,Undefined,6,Bottom,1,0,0,Curveball,Curveball,StrikeCalled,Undefined,Undefined,Undefined,0,0,,64.23689,2.38031,-0.911695,2214.798403,295.147778,3:45,6.29919,-1.25525,5.07094,-73.77598,-4.46122,13.70477,2.39695,-0.97281,59.93079,-10.889978,1.515324,0.599217,,,,,,,,,,,,-7.03489,-2.19862,1.33042,50,6.46641,1.02644,-93.28902,1.70902,-6.24697,13.02833,-34.12642,POM_COL,CAL_TEC,PomonaPitzer,D3,Team,20260418-PomonaPitzer-2,98cf5e70-3b77-11f1-9995-2d5b6d9285b1,62.90278,,,4.30609,,,,,,,2406fc0b-637f-4cb9-a9cc-8bc242636732,2026-04-18,22:40:26.90,2026-04-18T15:40:26.9072384-07:00,2026-04-18T22:40:26.9072384Z,,v3,643-145631,643-144573,,"Bernhardt, Jack",1000316026,Right,CAL_TEC,6b739129-78db-4001-9981-e84ab5935d5d,55.43204,-94.04457,6.51416,6.30991,3.68812,-17.06321,1.26039,1.38872,-3.12348,,,,,,,,,,,,,,,,,,,,,,,,,,,,,,,,,,,,,,,,,,,,,,,,,,,High,High,High,,,,,
208,2026-04-18,15:40:44.03,4,2,"Favretto, Lucas",1000392794,Right,CAL_TEC,"Savas, Peter",1000276389,Right,POM_COL,Undefined,6,Bottom,1,0,1,Fastball,Changeup,InPlay,Undefined,Popup,Error,0,0,,76.11874,-2.129088,1.29666,2137.528122,152.283654,11:00,6.60501,-1.0569,5.28026,-29.83352,19.61757,-9.45091,2.11791,-0.6265,69.81415,-7.643035,-0.381346,0.506127,81.04391,52.753503,13.314246,,105.57351,114.48626,30.89058,239.4785,231.65435,18.323801,5.645992,5.1354,10.91918,0.94596,50,6.38929,-2.13915,-110.37447,-5.00578,6.32688,19.88225,-18.72152,POM_COL,CAL_TEC,PomonaPitzer,D3,Team,20260418-PomonaPitzer-2,a2fb9620-3b77-11f1-9995-2d5b6d9285b1,74.47235,121.42997,,6.3046,,,,3.70426,1.78719,0.68397,2406fc0b-637f-4cb9-a9cc-8bc242636732,2026-04-18,22:40:44.03,2026-04-18T15:40:44.0309760-07:00,2026-04-18T22:40:44.0309760Z,FlyBall,v3,643-145631,643-144573,,"Bernhardt, Jack",1000316026,Right,CAL_TEC,19221d98-122c-4c1f-bcb1-803739bfbdb8,55.21796,-111.31043,9.94113,6.6042,-4.12446,-9.36076,1.05367,-2.43699,3.16344,189.964959,3.7108,69.88377,-15.06192,3.375,-0.36908,-0.01875,0.01126,-0.00121,4E-05,1.78613,94.62683,-22.29102,1.86576,-0.09561,-0.10113,0.03655,-0.00516,0.00027,0.68429,16.5623,-1.06537,0.10608,0.01202,-0.00501,-0.0001,0.00016,-1E-05,,,,,,,,,,,,,,,,,,,,,,,High,High,High,Medium,Low,,,
209,2026-04-18,15:41:32.02,5,1,"Favretto, Lucas",1000392794,Right,CAL_TEC,"Gonzaga, Kai",10138924,Left,POM_COL,Undefined,6,Bottom,1,0,0,Curveball,Curveball,BallCalled,Undefined,Undefined,Undefined,0,0,,66.0378,0.42568,1.999837,2244.03263,286.305387,3:30,6.39618,-1.25581,4.77621,-67.6098,-1.82008,11.99965,1.16582,1.64069,62.37919,-11.588636,4.113002,0.583782,,,,,,,,,,,,-5.49587,-0.54819,1.04457,50,6.37879,-3.76147,-95.96957,-1.38277,-5.20648,12.65638,-32.69337,POM_COL,CAL_TEC,PomonaPitzer,D3,Team,20260418-PomonaPitzer-2,bfa5b0d0-3b77-11f1-9995-2d5b6d9285b1,64.566,,,3.65861,,,,,,,2406fc0b-637f-4cb9-a9cc-8bc242636732,2026-04-18,22:41:32.02,2026-04-18T15:41:32.0234496-07:00,2026-04-18T22:41:32.0234496Z,,v3,643-145631,643-144573,,"Bernhardt, Jack",1000316026,Right,CAL_TEC,8d1b4043-0a1f-454f-a736-601c11e6cebc,55.72721,-96.72192,6.32819,6.40322,0.56067,-16.34669,1.25897,-3.45197,-2.60324,,,,,,,,,,,,,,,,,,,,,,,,,,,,,,,,,,,,,,,,,,,,,,,,,,,High,High,High,,,,,
210,2026-04-18,15:41:52.40,5,2,"Favretto, Lucas",1000392794,Right,CAL_TEC,"Gonzaga, Kai",10138924,Left,POM_COL,Undefined,6,Bottom,1,1,0,Fastball,Changeup,StrikeCalled,Undefined,Undefined,Undefined,0,0,,77.57314,-2.066423,1.829381,2148.480899,162.48457,11:30,6.57414,-1.22956,5.39425,-23.5347,23.94954,-7.05729,2.67451,-0.10265,70.88816,-6.483542,0.575047,0.495959,,,,,,,,,,,,4.03547,13.06603,1.07128,50,6.37348,-3.30977,-112.4213,-4.71665,5.15782,20.62754,-15.47406,POM_COL,CAL_TEC,PomonaPitzer,D3,Team,20260418-PomonaPitzer-2,cbb5c3b0-3b77-11f1-9995-2d5b6d9285b1,75.99904,,,6.68498,,,,,,,2406fc0b-637f-4cb9-a9cc-8bc242636732,2026-04-18,22:41:52.40,2026-04-18T15:41:52.4021248-07:00,2026-04-18T22:41:52.4021248Z,,v3,643-145631,643-144573,,"Bernhardt, Jack",1000316026,Right,CAL_TEC,ea732398-4609-4b32-ae78-10501a2278a7,55.10071,-113.35333,10.31377,6.5708,-4.01747,-7.73703,1.2261,-3.54282,2.57891,,,,,,,,,,,,,,,,,,,,,,,,,,,,,,,,,,,,,,,,,,,,,,,,,,,High,High,High,,,,,
211,2026-04-18,15:42:16.43,5,3,"Favretto, Lucas",1000392794,Right,CAL_TEC,"Gonzaga, Kai",10138924,Left,POM_COL,Undefined,6,Bottom,1,1,1,Fastball,Changeup,BallCalled,Undefined,Undefined,Undefined,0,0,,75.22601,-0.367249,1.62676,2091.006263,152.037642,11:00,6.6794,-0.99191,5.22388,-27.50584,23.53269,-11.55379,4.04184,-0.42493,68.27553,-5.523845,-0.420314,0.514186,,,,,,,,,,,,6.20189,12.34615,0.8507,50,6.62568,-2.63706,-108.99633,-1.482,7.40822,20.41972,-17.4265,POM_COL,CAL_TEC,PomonaPitzer,D3,Team,20260418-PomonaPitzer-2,da119b50-3b77-11f1-9995-2d5b6d9285b1,73.30502,,,6.95047,,,,,,,2406fc0b-637f-4cb9-a9cc-8bc242636732,2026-04-18,22:42:16.43,2026-04-18T15:42:16.4309504-07:00,2026-04-18T22:42:16.4309504Z,,v3,643-145631,643-144573,,"Bernhardt, Jack",1000316026,Right,CAL_TEC,686ec090-cb70-4337-9b27-8d6e837eabaa,55.27002,-109.9792,10.20986,6.67683,-0.64321,-8.71325,0.98621,-2.99365,3.70411,,,,,,,,,,,,,,,,,,,,,,,,,,,,,,,,,,,,,,,,,,,,,,,,,,,High,High,High,,,,,
212,2026-04-18,15:42:39.05,5,4,"Favretto, Lucas",1000392794,Right,CAL_TEC,"Gonzaga, Kai",10138924,Left,POM_COL,Undefined,6,Bottom,1,2,1,Curveball,Curveball,BallCalled,Undefined,Undefined,Undefined,0,0,,67.34852,0.14028,3.757929,2150.572038,277.089756,3:15,5.96151,-1.96897,4.96883,-62.81421,1.05098,7.05587,0.85979,2.17382,62.66833,-11.110969,5.000618,0.57518,,,,,,,,,,,,-2.49091,1.00858,1.59912,50,5.92332,-6.65294,-97.57124,-1.68215,-2.40498,15.1298,-31.20027,POM_COL,CAL_TEC,PomonaPitzer,D3,Team,20260418-PomonaPitzer-2,e794ed40-3b77-11f1-9995-2d5b6d9285b1,65.53161,,,4.68019,,,,,,,2406fc0b-637f-4cb9-a9cc-8bc242636732,2026-04-18,22:42:39.05,2026-04-18T15:42:39.0589440-07:00,2026-04-18T22:42:39.0589440Z,,v3,643-145631,643-144573,,"Bernhardt, Jack",1000316026,Right,CAL_TEC,8f2d1677-1e34-4d98-b1c4-122aa3c9bd05,55.53173,-98.42528,7.5649,5.96857,0.07902,-15.60014,1.97082,-6.51719,-1.20249,,,,,,,,,,,,,,,,,,,,,,,,,,,,,,,,,,,,,,,,,,,,,,,,,,,High,High,High,,,,,
213,2026-04-18,15:43:04.72,5,5,"Favretto, Lucas",1000392794,Right,CAL_TEC,"Gonzaga, Kai",10138924,Left,POM_COL,Undefined,6,Bottom,1,3,1,Fastball,Changeup,BallCalled,Walk,Undefined,Undefined,0,0,,76.27234,-0.729454,2.164069,2131.922943,155.568165,11:15,6.41436,-1.47564,5.23052,-26.94801,22.1547,-9.36835,3.48247,-0.2211,70.01671,-5.741065,0.504643,0.504341,,,,,,,,,,,,5.22012,11.70879,1.28341,50,6.32748,-3.80854,-110.62264,-2.20593,6.50024,18.82925,-17.59396,POM_COL,CAL_TEC,PomonaPitzer,D3,Team,20260418-PomonaPitzer-2,f6e2ed10-3b77-11f1-9995-2d5b6d9285b1,74.73604,,,6.25563,,,,,,,2406fc0b-637f-4cb9-a9cc-8bc242636732,2026-04-18,22:43:04.72,2026-04-18T15:43:04.7275520-07:00,2026-04-18T22:43:04.7275520Z,,v3,643-145631,643-144573,,"Bernhardt, Jack",1000316026,Right,CAL_TEC,07736adf-ffc4-4672-826c-23d8912c25d8,55.26525,-111.51525,9.41462,6.41228,-1.37189,-8.79698,1.47126,-4.11669,3.25012,,,,,,,,,,,,,,,,,,,,,,,,,,,,,,,,,,,,,,,,,,,,,,,,,,,High,High,High,,,,,
214,2026-04-18,15:43:39.10,6,1,"Favretto, Lucas",1000392794,Right,CAL_TEC,"Pierantoni, Greg",1000091552,Right,POM_COL,Undefined,6,Bottom,1,0,0,Fastball,Changeup,InPlay,Undefined,FlyBall,Out,1,0,,75.27093,-1.798438,2.793616,2119.991797,137.88771,10:30,6.19498,-1.60875,5.48354,-31.7886,18.59749,-15.26615,1.86075,-0.26512,68.81331,-7.696512,0.075751,0.510889,88.50998,27.588789,-21.567904,2047.768932,101.30439,50.5285,-42.86481,368.86407,350.71246,-27.151791,4.658329,8.54315,10.40942,1.37449,50,6.01587,-4.7558,-109.07291,-4.35491,10.24867,19.93528,-19.68654,POM_COL,CAL_TEC,PomonaPitzer,D3,Team,20260418-PomonaPitzer-2,0b576ff0-3b78-11f1-9995-2d5b6d9285b1,73.77809,67.66227,,6.45762,,,,1.72084,1.98666,0.27167,2406fc0b-637f-4cb9-a9cc-8bc242636732,2026-04-18,22:43:39.10,2026-04-18T15:43:39.1008768-07:00,2026-04-18T22:43:39.1008768Z,FlyBall,v3,643-145631,643-144573,,"Bernhardt, Jack",1000316026,Right,CAL_TEC,da0a0cfa-173f-4d59-9120-9e4d9809881b,55.01439,-109.98557,9.96764,6.19461,-3.45363,-9.84327,1.60295,-5.225,5.12433,160.061704,1.72209,106.97052,-17.1559,3.64607,-0.53777,0.04539,-0.00284,0.00059,-6E-05,1.98636,60.1211,-14.45354,0.30428,0.08921,-0.08982,0.03404,-0.00562,0.00034,0.27149,-42.29012,2.70904,-0.49612,0.04812,0.00365,-0.00179,0.00017,-0,,,,,,,,,,,,,,,,,,,,,,,High,High,High,Medium,Medium,,,
215,2026-04-18,15:44:16.43,7,1,"Favretto, Lucas",1000392794,Right,CAL_TEC,"Berry, Cooper",1000276381,Left,POM_COL,Undefined,6,Bottom,2,0,0,Curveball,Curveball,BallinDirt,Undefined,Undefined,Undefined,0,0,,65.29531,0.338494,4.393961,2153.269907,292.062037,3:45,5.75602,-1.98445,5.25154,-67.72795,-1.02791,6.97772,0.43103,2.73395,61.48256,-11.784937,5.627872,0.587807,,,,,,,,,,,,-2.44303,-0.12783,1.5752,50,5.73619,-7.49776,-94.67482,-1.37737,-2.24159,12.97505,-32.29133,POM_COL,CAL_TEC,PomonaPitzer,D3,Team,20260418-PomonaPitzer-2,21a65820-3b78-11f1-9995-2d5b6d9285b1,64.12388,,,3.81275,,,,,,,2406fc0b-637f-4cb9-a9cc-8bc242636732,2026-04-18,22:44:16.43,2026-04-18T15:44:16.4328960-07:00,2026-04-18T22:44:16.4328960Z,,v3,643-145631,643-144573,,"Bernhardt, Jack",1000316026,Right,CAL_TEC,b8513f0c-21eb-4fde-b5a3-86d272e71225,55.25104,-95.39175,6.48753,5.763,0.40688,-16.14566,1.98606,-7.3739,-1.1208,,,,,,,,,,,,,,,,,,,,,,,,,,,,,,,,,,,,,,,,,,,,,,,,,,,High,High,High,,,,,
216,2026-04-18,15:45:08.74,7,2,"Favretto, Lucas",1000392794,Right,CAL_TEC,"Berry, Cooper",1000276381,Left,POM_COL,Undefined,6,Bottom,2,1,0,Fastball,Changeup,BallCalled,Undefined,Undefined,Undefined,0,0,,74.19789,1.268839,2.737008,2000.357555,152.052933,11:00,6.26036,-1.50334,5.65223,-33.04655,18.57221,-8.93292,4.69143,0.3069,67.37185,-4.921784,1.144269,0.517101,,,,,,,,,,,,5.28705,9.54749,1.27684,50,6.34734,-4.8047,-107.49579,1.46696,6.15285,19.57677,-21.06306,POM_COL,CAL_TEC,PomonaPitzer,D3,Team,20260418-PomonaPitzer-2,40c48010-3b78-11f1-9995-2d5b6d9285b1,72.89186,,,6.82604,,,,,,,2406fc0b-637f-4cb9-a9cc-8bc242636732,2026-04-18,22:45:08.74,2026-04-18T15:45:08.7472128-07:00,2026-04-18T22:45:08.7472128Z,,v3,643-145631,643-144573,,"Bernhardt, Jack",1000316026,Right,CAL_TEC,a3b0f9f7-1763-454c-b51a-b6f2fb59d6f7,54.84181,-108.37398,9.78838,6.26034,2.41182,-10.53153,1.49857,-5.0807,3.07642,,,,,,,,,,,,,,,,,,,,,,,,,,,,,,,,,,,,,,,,,,,,,,,,,,,High,High,High,,,,,
217,2026-04-18,15:45:25.59,7,3,"Favretto, Lucas",1000392794,Right,CAL_TEC,"Berry, Cooper",1000276381,Left,POM_COL,Undefined,6,Bottom,2,2,0,Fastball,Changeup,BallCalled,Undefined,Undefined,Undefined,0,0,,74.66277,0.11954,1.545787,2045.288619,149.933459,11:00,6.49782,-1.03285,5.78693,-32.6221,18.06922,-9.45634,3.89056,-0.38247,67.8688,-5.999738,-0.147626,0.512434,,,,,,,,,,,,5.22492,9.68378,0.91094,50,6.48833,-2.57016,-108.28559,-0.66801,6.15961,20.16802,-20.75796,POM_COL,CAL_TEC,PomonaPitzer,D3,Team,20260418-PomonaPitzer-2,4acdc670-3b78-11f1-9995-2d5b6d9285b1,73.55566,,,6.79396,,,,,,,2406fc0b-637f-4cb9-a9cc-8bc242636732,2026-04-18,22:45:25.59,2026-04-18T15:45:25.5929856-07:00,2026-04-18T22:45:25.5929856Z,,v3,643-145631,643-144573,,"Bernhardt, Jack",1000316026,Right,CAL_TEC,37f3175b-c5ef-465c-b438-5d501d9992ce,54.70678,-109.1587,10.08401,6.49779,0.23064,-10.37898,1.02797,-2.83683,3.07981,,,,,,,,,,,,,,,,,,,,,,,,,,,,,,,,,,,,,,,,,,,,,,,,,,,High,High,High,,,,,
218,2026-04-18,15:45:42.71,7,4,"Favretto, Lucas",1000392794,Right,CAL_TEC,"Berry, Cooper",1000276381,Left,POM_COL,Undefined,6,Bottom,2,3,0,Fastball,Changeup,BallCalled,Walk,Undefined,Undefined,0,0,,74.96508,-3.650688,2.465725,2039.770025,157.003279,11:15,6.6594,-0.91026,5.35648,-27.9062,23.7747,-9.26288,0.90236,0.63168,68.00826,-8.854153,0.820185,0.517412,,,,,,,,,,,,5.42296,13.64965,0.69532,50,6.31139,-4.31002,-108.31734,-7.69704,6.35566,21.30675,-16.17675,POM_COL,CAL_TEC,PomonaPitzer,D3,Team,20260418-PomonaPitzer-2,5508f240-3b78-11f1-9995-2d5b6d9285b1,72.84801,,,6.95681,,,,,,,2406fc0b-637f-4cb9-a9cc-8bc242636732,2026-04-18,22:45:42.71,2026-04-18T15:45:42.7121664-07:00,2026-04-18T22:45:42.7121664Z,,v3,643-145631,643-144573,,"Bernhardt, Jack",1000316026,Right,CAL_TEC,c38ece65-5da8-4d42-9561-4cf7e5886cb3,55.13816,-109.32337,10.65337,6.65679,-6.93322,-8.08838,0.90591,-4.61011,3.17783,,,,,,,,,,,,,,,,,,,,,,,,,,,,,,,,,,,,,,,,,,,,,,,,,,,High,High,High,,,,,
219,2026-04-18,15:47:14.29,8,1,"Favretto, Lucas",1000392794,Right,CAL_TEC,"DeGrazia, Tanner",1000214434,Right,POM_COL,Undefined,6,Bottom,2,0,0,Curveball,Curveball,BallCalled,Undefined,Undefined,Undefined,0,0,,65.6791,0.612664,1.57512,2237.407082,318.14634,4:30,6.243,-1.32948,4.93989,-73.21614,-6.26666,7.40178,0.72093,0.77635,61.34854,-12.467839,2.884959,0.588905,,,,,,,,,,,,-3.25551,-2.74162,1.16992,50,6.2413,-2.8735,-95.36179,-1.20574,-3.00185,14.48207,-34.70201,POM_COL,CAL_TEC,PomonaPitzer,D3,Team,20260418-PomonaPitzer-2,8ba72f60-3b78-11f1-9995-2d5b6d9285b1,64.0043,,,4.33056,,,,,,,2406fc0b-637f-4cb9-a9cc-8bc242636732,2026-04-18,22:47:14.29,2026-04-18T15:47:14.2901760-07:00,2026-04-18T22:47:14.2901760Z,,v3,643-145631,643-144573,,"Bernhardt, Jack",1000316026,Right,CAL_TEC,5d18ded9-2061-49cb-8055-ed2f11760ac9,55.56296,-96.20289,7.24104,6.2528,0.80972,-17.35101,1.33175,-2.69916,-1.50093,,,,,,,,,,,,,,,,,,,,,,,,,,,,,,,,,,,,,,,,,,,,,,,,,,,High,High,High,,,,,
220,2026-04-18,15:47:32.16,8,2,"Favretto, Lucas",1000392794,Right,CAL_TEC,"DeGrazia, Tanner",1000214434,Right,POM_COL,Undefined,6,Bottom,2,1,0,Fastball,Changeup,InPlay,Undefined,Popup,Error,0,2,,77.25455,-1.97227,1.676978,2085.664414,159.903418,11:15,6.3817,-1.23991,5.54183,-25.5156,22.20048,-7.52776,2.41062,-0.29949,70.47401,-6.758933,0.334884,0.497169,44.59696,-43.356312,132.143593,,,,,2.21165,2.21165,96.153817,0.053382,4.31327,12.29221,1.09978,50,6.1942,-2.9943,-112.00355,-4.57584,5.45089,21.20295,-16.63984,POM_COL,CAL_TEC,PomonaPitzer,D3,Team,20260418-PomonaPitzer-2,963bece0-3b78-11f1-9995-2d5b6d9285b1,75.81418,2.4183,,6.78054,,,,1.48145,2.4183,0.29988,2406fc0b-637f-4cb9-a9cc-8bc242636732,2026-04-18,22:47:32.16,2026-04-18T15:47:32.1690624-07:00,2026-04-18T22:47:32.1690624Z,GroundBall,v3,643-145631,643-144573,,"Bernhardt, Jack",1000316026,Right,CAL_TEC,ea0ac0e7-f036-4c90-a770-5745bd8fd5bf,54.95536,-112.93774,10.60147,6.37965,-3.84271,-8.31992,1.23699,-3.23446,2.72545,,1.48387,-32.19284,,,,,,,,2.4217,-45.30135,,,,,,,,0.2972,35.57408,,,,,,,,,,,,,,,,,,,,,,,,,,,,,,High,High,High,Estimated,Estimated,,,
221,2026-04-18,15:51:02.17,9,1,"Hartman, Quinn",1000392795,Right,CAL_TEC,"Parker, Will",1000474009,Left,POM_COL,Undefined,6,Bottom,2,0,0,Fastball,Changeup,BallCalled,Undefined,Undefined,Undefined,0,0,,81.46507,0.009054,-1.867873,1860.172305,209.251611,1:00,6.27286,1.49432,4.85886,-25.92966,18.48674,9.44709,4.12063,0.513,73.35091,-4.822251,-0.205662,0.479671,,,,,,,,,,,,-5.18303,9.53772,-1.31844,50,6.25274,3.41664,-117.86239,-0.84271,-7.19469,25.15646,-18.93449,POM_COL,CAL_TEC,PomonaPitzer,D3,Team,20260418-PomonaPitzer-2,1368c170-3b79-11f1-9995-2d5b6d9285b1,78.57983,,,8.11416,,,,,,,2406fc0b-637f-4cb9-a9cc-8bc242636732,2026-04-18,22:51:02.17,2026-04-18T15:51:02.1752832-07:00,2026-04-18T22:51:02.1752832Z,,v3,643-145631,643-144573,,"Bernhardt, Jack",1000316026,Right,CAL_TEC,72a526b0-35ad-4b99-a256-06488bf2d7e9,55.63365,-119.05876,12.57823,6.2714,0.05776,-9.46724,-1.48906,3.7588,-3.59734,,,,,,,,,,,,,,,,,,,,,,,,,,,,,,,,,,,,,,,,,,,,,,,,,,,High,High,High,,,,,
222,2026-04-18,15:51:16.64,9,2,"Hartman, Quinn",1000392795,Right,CAL_TEC,"Parker, Will",1000474009,Left,POM_COL,Undefined,6,Bottom,2,1,0,Fastball,Changeup,BallCalled,Undefined,Undefined,Undefined,0,0,,79.92535,-3.380987,-3.769078,1991.541294,217.051605,1:15,6.20832,1.53868,4.9455,-26.95458,19.16379,13.1906,0.75643,-0.92902,72.53918,-8.353587,-1.447463,0.488774,,,,,,,,,,,,-7.67119,10.99867,-1.18383,50,5.85772,7.03836,-115.35723,-7.70941,-10.23158,23.50057,-17.50433,POM_COL,CAL_TEC,PomonaPitzer,D3,Team,20260418-PomonaPitzer-2,1c0be820-3b79-11f1-9995-2d5b6d9285b1,77.11626,,,7.38617,,,,,,,2406fc0b-637f-4cb9-a9cc-8bc242636732,2026-04-18,22:51:16.64,2026-04-18T15:51:16.6496768-07:00,2026-04-18T22:51:16.6496768Z,,v3,643-145631,643-144573,,"Bernhardt, Jack",1000316026,Right,CAL_TEC,cd82041c-0dec-4335-b398-8a93e3239ce1,55.5504,-116.48247,11.75029,6.20679,-6.87128,-8.75217,-1.53256,7.52826,-5.11579,,,,,,,,,,,,,,,,,,,,,,,,,,,,,,,,,,,,,,,,,,,,,,,,,,,High,High,High,,,,,
223,2026-04-18,15:51:34.52,9,3,"Hartman, Quinn",1000392795,Right,CAL_TEC,"Parker, Will",1000474009,Left,POM_COL,Undefined,6,Bottom,2,2,0,Fastball,Changeup,BallCalled,Undefined,Undefined,Undefined,0,0,,80.49449,-1.268263,-1.296896,2012.132058,216.665091,1:15,6.28558,1.68661,4.92116,-25.24084,20.02564,13.69536,2.98263,1.60157,72.80905,-5.969062,1.117481,0.484239,,,,,,,,,,,,-7.0843,10.72186,-1.57191,50,6.14183,2.03314,-116.52261,-3.39343,-9.63449,24.10803,-17.59257,POM_COL,CAL_TEC,PomonaPitzer,D3,Team,20260418-PomonaPitzer-2,26abf040-3b79-11f1-9995-2d5b6d9285b1,77.83852,,,7.68544,,,,,,,2406fc0b-637f-4cb9-a9cc-8bc242636732,2026-04-18,22:51:34.52,2026-04-18T15:51:34.5296384-07:00,2026-04-18T22:51:34.5296384Z,,v3,643-145631,643-144573,,"Bernhardt, Jack",1000316026,Right,CAL_TEC,81812fb7-7243-466f-b67f-c9dfe22e30cf,55.57239,-117.66986,12.05401,6.2834,-2.55623,-8.79629,-1.67957,2.49163,-4.81724,,,,,,,,,,,,,,,,,,,,,,,,,,,,,,,,,,,,,,,,,,,,,,,,,,,High,High,High,,,,,
224,2026-04-18,15:51:49.60,9,4,"Hartman, Quinn",1000392795,Right,CAL_TEC,"Parker, Will",1000474009,Left,POM_COL,Undefined,6,Bottom,2,3,0,Fastball,Changeup,StrikeCalled,Undefined,Undefined,Undefined,0,0,,80.19599,-1.695602,-2.114973,1886.302665,216.543027,1:15,6.25585,1.5948,5.01436,-28.0147,17.26887,11.63449,2.31943,0.56733,72.95748,-6.871231,-0.06078,0.48433,,,,,,,,,,,,-6.33985,9.51158,-1.40164,50,6.07129,3.78593,-116.10816,-4.36452,-8.60124,22.98948,-19.2697,POM_COL,CAL_TEC,PomonaPitzer,D3,Team,20260418-PomonaPitzer-2,2fab40b0-3b79-11f1-9995-2d5b6d9285b1,77.82383,,,7.23851,,,,,,,2406fc0b-637f-4cb9-a9cc-8bc242636732,2026-04-18,22:51:49.60,2026-04-18T15:51:49.6052224-07:00,2026-04-18T22:51:49.6052224Z,,v3,643-145631,643-144573,,"Bernhardt, Jack",1000316026,Right,CAL_TEC,c42d8c6e-39da-4c82-b8ad-2c34aa0796c6,55.48041,-117.18826,11.49474,6.25508,-3.45918,-9.63485,-1.589,4.19003,-4.30062,,,,,,,,,,,,,,,,,,,,,,,,,,,,,,,,,,,,,,,,,,,,,,,,,,,High,High,High,,,,,
225,2026-04-18,15:52:05.18,9,5,"Hartman, Quinn",1000392795,Right,CAL_TEC,"Parker, Will",1000474009,Left,POM_COL,Undefined,6,Bottom,2,3,1,Fastball,Changeup,BallCalled,Walk,Undefined,Undefined,0,0,,80.33054,-0.929457,-1.189201,1951.829902,217.788458,1:15,6.2158,1.66068,4.85582,-26.6769,18.47592,13.16619,3.11267,1.63205,73.28155,-5.855647,1.129215,0.483631,,,,,,,,,,,,-6.7713,9.79615,-1.55501,50,6.10219,1.84005,-116.4213,-2.78233,-9.2753,22.25569,-18.75536,POM_COL,CAL_TEC,PomonaPitzer,D3,Team,20260418-PomonaPitzer-2,38f4e090-3b79-11f1-9995-2d5b6d9285b1,77.93641,,,7.04899,,,,,,,2406fc0b-637f-4cb9-a9cc-8bc242636732,2026-04-18,22:52:05.18,2026-04-18T15:52:05.1810304-07:00,2026-04-18T22:52:05.1810304Z,,v3,643-145631,643-144573,,"Bernhardt, Jack",1000316026,Right,CAL_TEC,4a9cc411-cf38-44ea-b0cb-010c8d20a363,55.6396,-117.49445,11.12785,6.21454,-1.87797,-9.37768,-1.65452,2.2873,-4.63765,,,,,,,,,,,,,,,,,,,,,,,,,,,,,,,,,,,,,,,,,,,,,,,,,,,High,High,High,,,,,
226,2026-04-18,15:52:40.85,10,1,"Hartman, Quinn",1000392795,Right,CAL_TEC,"Gold, Jack",1000108729,Left,POM_COL,Undefined,6,Bottom,2,0,0,Curveball,Curveball,StrikeCalled,Undefined,Undefined,Undefined,0,0,,72.78165,0.664189,-1.504439,2714.481509,344.065611,5:30,6.22789,1.27868,4.69449,-59.85405,-4.1674,1.73162,1.87086,-0.00563,66.58928,-10.083193,-1.199798,0.53709,,,,,,,,,,,,-1.30488,-1.6337,-1.12767,50,6.24166,2.69976,-105.43749,-0.87151,-1.45465,19.55393,-33.99524,POM_COL,CAL_TEC,PomonaPitzer,D3,Team,20260418-PomonaPitzer-2,4e3e1890-3b79-11f1-9995-2d5b6d9285b1,70.17902,,,6.19236,,,,,,,2406fc0b-637f-4cb9-a9cc-8bc242636732,2026-04-18,22:52:40.85,2026-04-18T15:52:40.8539136-07:00,2026-04-18T22:52:40.8539136Z,,v3,643-145631,643-144573,,"Bernhardt, Jack",1000316026,Right,CAL_TEC,e216f71a-8a5d-4779-a661-0971116bb7af,55.80385,-106.50841,9.77697,6.23841,0.99032,-16.99762,-1.27771,2.77943,-0.72733,,,,,,,,,,,,,,,,,,,,,,,,,,,,,,,,,,,,,,,,,,,,,,,,,,,High,High,High,,,,,
227,2026-04-18,15:52:58.46,10,2,"Hartman, Quinn",1000392795,Right,CAL_TEC,"Gold, Jack",1000108729,Left,POM_COL,Undefined,6,Bottom,2,0,1,Curveball,Curveball,BallCalled,Undefined,Undefined,Undefined,0,0,,74.4944,0.41622,-0.872072,1604.580286,36.555744,7:15,6.35269,1.54821,4.45402,-71.56858,-16.60938,-13.96914,0.7856,-0.44754,66.99589,-12.341558,-3.325824,0.53357,,,,,,,,,,,,6.40855,-7.51095,-1.44171,50,6.32733,2.23142,-107.66184,-1.90596,7.24643,25.05927,-40.66703,POM_COL,CAL_TEC,PomonaPitzer,D3,Team,20260418-PomonaPitzer-2,58c3bae0-3b79-11f1-9995-2d5b6d9285b1,70.64194,,,7.49851,,,,,,,2406fc0b-637f-4cb9-a9cc-8bc242636732,2026-04-18,22:52:58.46,2026-04-18T15:52:58.4634368-07:00,2026-04-18T22:52:58.4634368Z,,v3,643-145631,643-144573,,"Bernhardt, Jack",1000316026,Right,CAL_TEC,f9d52f6a-a912-4c90-a32c-113da0fe6ca1,56.04503,-109.05981,12.52963,6.37037,0.3627,-20.33351,-1.55491,1.82717,3.62322,,,,,,,,,,,,,,,,,,,,,,,,,,,,,,,,,,,,,,,,,,,,,,,,,,,High,High,High,,,,,
228,2026-04-18,15:53:20.75,10,3,"Hartman, Quinn",1000392795,Right,CAL_TEC,"Gold, Jack",1000108729,Left,POM_COL,Undefined,6,Bottom,2,1,1,Fastball,Changeup,BallCalled,Undefined,Undefined,Undefined,0,0,,80.95333,-0.591927,-2.214903,1993.613784,214.628549,1:15,6.28851,1.53888,4.89252,-24.75749,20.17832,12.79635,3.66503,0.50908,72.92797,-5.219134,0.037739,0.482467,,,,,,,,,,,,-6.93118,10.57375,-1.33286,50,6.2107,3.95709,-117.10801,-2.0078,-9.49915,24.82352,-17.68278,POM_COL,CAL_TEC,PomonaPitzer,D3,Team,20260418-PomonaPitzer-2,65fee040-3b79-11f1-9995-2d5b6d9285b1,78.12438,,,8.02536,,,,,,,2406fc0b-637f-4cb9-a9cc-8bc242636732,2026-04-18,22:53:20.75,2026-04-18T15:53:20.7524864-07:00,2026-04-18T22:53:20.7524864Z,,v3,643-145631,643-144573,,"Bernhardt, Jack",1000316026,Right,CAL_TEC,9633f4bc-1690-4313-a488-f13e0f58ab0f,55.60043,-118.28919,12.41176,6.28622,-1.1664,-8.84139,-1.53191,4.40909,-4.74958,,,,,,,,,,,,,,,,,,,,,,,,,,,,,,,,,,,,,,,,,,,,,,,,,,,High,High,High,,,,,
229,2026-04-18,15:53:40.42,10,4,"Hartman, Quinn",1000392795,Right,CAL_TEC,"Gold, Jack",1000108729,Left,POM_COL,Undefined,6,Bottom,2,2,1,Fastball,Changeup,FoulBallNotFieldable,Undefined,Undefined,Undefined,0,0,,80.98278,-1.527985,-3.157811,1890.699436,227.654111,1:30,6.25462,1.4686,4.9704,-30.31431,14.51367,14.11768,2.28261,-0.3407,73.19457,-7.117143,-0.669622,0.481888,98.04021,8.846782,43.615668,4131.248813,75.90195,4.86744,79.61698,138.01713,129.44614,47.419958,1.107211,-8.015,8.13134,-1.17551,50,6.08265,5.85805,-117.10704,-4.16313,-10.97677,24.96346,-21.03798,POM_COL,CAL_TEC,PomonaPitzer,D3,Team,20260418-PomonaPitzer-2,71bc8d60-3b79-11f1-9995-2d5b6d9285b1,78.21828,7.57602,,7.78821,,,,2.07632,2.36453,0.33282,2406fc0b-637f-4cb9-a9cc-8bc242636732,2026-04-18,22:53:40.42,2026-04-18T15:53:40.4278272-07:00,2026-04-18T22:53:40.4278272Z,LineDrive,v3,643-145631,643-144573,,"Bernhardt, Jack",1000316026,Right,CAL_TEC,57a194a0-834d-456e-a845-e4f2bef91e13,55.52642,-118.27923,12.48173,6.25494,-3.17527,-10.51899,-1.46268,6.37348,-5.48838,,2.07632,102.86455,-22.19514,4.30842,-1.01663,0.23151,-0.05365,0.01055,-0.00117,2.36453,22.11417,-24.93004,3.44429,-0.81843,0.2023,-0.04653,0.0093,-0.00107,0.33282,98.01024,-6.14089,0.20366,0.04871,-0.03742,0.01163,-0.00275,0.00035,,,,,,,,,,,,,,,,,,,,,,,High,High,High,Medium,High,,,
230,2026-04-18,15:54:19.20,10,5,"Hartman, Quinn",1000392795,Right,CAL_TEC,"Gold, Jack",1000108729,Left,POM_COL,Undefined,6,Bottom,2,2,2,Curveball,Curveball,InPlay,Undefined,FlyBall,HomeRun,0,4,,74.72573,1.025174,-1.661193,2922.850096,349.774752,5:45,6.22527,1.47065,4.73427,-63.51346,-10.24048,2.20095,1.90556,0.07767,67.73878,-10.388211,-1.273546,0.525321,96.01835,28.531988,18.339315,,104.28015,56.86144,35.00904,367.11549,352.70251,18.180242,5.024149,-1.64673,-4.87103,-1.30533,50,6.27185,3.04794,-108.16475,-0.33925,-1.91042,22.51743,-37.82504,POM_COL,CAL_TEC,PomonaPitzer,D3,Team,20260418-PomonaPitzer-2,88ddb9b0-3b79-11f1-9995-2d5b6d9285b1,71.75121,80.33317,,6.98695,,,,1.54372,2.33649,-0.02161,2406fc0b-637f-4cb9-a9cc-8bc242636732,2026-04-18,22:54:19.20,2026-04-18T15:54:19.2099840-07:00,2026-04-18T22:54:19.2099840Z,FlyBall,v3,643-145631,643-144573,,"Bernhardt, Jack",1000316026,Right,CAL_TEC,608d3baf-acb0-4955-8522-700dd6cfec21,55.7655,-109.35841,11.25872,6.23669,1.66587,-18.91252,-1.46959,3.14921,-0.95521,185.793265,1.546,117.39116,-24.34641,6.1318,-1.1443,0.14657,-0.01129,0.00055,-2E-05,2.33575,67.27607,-14.58247,-0.60285,0.55114,-0.20138,0.04739,-0.0061,0.00031,-0.02101,38.91781,-6.51117,1.18165,-0.15707,0.01514,-0.00223,0.00041,-3E-05,,,,,,,,,,,,,,,,,,,,,,,High,High,High,High,High,,,
231,2026-04-18,15:55:14.11,11,1,"Hartman, Quinn",1000392795,Right,CAL_TEC,"Wakil, Lateef",1000128267,Left,POM_COL,Undefined,6,Bottom,2,0,0,Curveball,Curveball,StrikeCalled,Undefined,Undefined,Undefined,0,0,,75.16825,1.185649,-1.734435,1899.524368,27.690398,7:00,6.31446,1.43534,4.44971,-58.29365,-5.88426,-3.9726,2.58803,-0.55026,69.00091,-9.223746,-2.429435,0.521046,,,,,,,,,,,,1.41988,-2.64921,-1.24786,50,6.38314,3.4657,-108.90932,0.07674,1.69914,19.78255,-35.34427,POM_COL,CAL_TEC,PomonaPitzer,D3,Team,20260418-PomonaPitzer-2,a995bb80-3b79-11f1-9995-2d5b6d9285b1,72.33996,,,6.16734,,,,,,,2406fc0b-637f-4cb9-a9cc-8bc242636732,2026-04-18,22:55:14.11,2026-04-18T15:55:14.1184512-07:00,2026-04-18T22:55:14.1184512Z,,v3,643-145631,643-144573,,"Bernhardt, Jack",1000316026,Right,CAL_TEC,b016ff9e-380c-4e64-a892-61a408da729f,56.0498,-110.00273,9.89127,6.32491,2.03027,-17.67214,-1.43682,3.37178,0.84957,,,,,,,,,,,,,,,,,,,,,,,,,,,,,,,,,,,,,,,,,,,,,,,,,,,High,High,High,,,,,
232,2026-04-18,15:55:30.77,11,2,"Hartman, Quinn",1000392795,Right,CAL_TEC,"Wakil, Lateef",1000128267,Left,POM_COL,Undefined,6,Bottom,2,0,1,Curveball,Curveball,FoulBallNotFieldable,Undefined,Undefined,Undefined,0,0,,75.25496,0.872752,-0.673605,3247.776407,34.53218,7:15,6.30838,1.40576,4.36679,-58.38338,-4.5917,-4.65307,2.27678,0.37462,67.39214,-9.619375,-1.487396,0.527872,73.47628,39.478344,-52.652032,4656.742984,,,,,113.44544,,,1.99067,-1.88063,-1.32862,50,6.34424,1.47949,-108.6997,-0.52975,2.31034,24.37496,-34.35666,POM_COL,CAL_TEC,PomonaPitzer,D3,Team,20260418-PomonaPitzer-2,b3825220-3b79-11f1-9995-2d5b6d9285b1,71.40445,45.35731,,7.86283,,,,0.33541,2.1903,-0.22223,2406fc0b-637f-4cb9-a9cc-8bc242636732,2026-04-18,22:55:30.77,2026-04-18T15:55:30.7772928-07:00,2026-04-18T22:55:30.7772928Z,,v3,643-145631,643-144573,,"Bernhardt, Jack",1000316026,Right,CAL_TEC,7f365ec2-8167-4c74-84f3-60680f98d493,56.1281,-110.0653,12.18748,6.31999,1.39507,-17.17833,-1.40788,1.35006,1.15517,,0.33541,50.46155,0.39331,-2.46944,1.04027,-0.32175,0.07992,-0.01434,0.00116,2.1903,68.51555,-32.20089,4.83234,-0.93872,0.16126,-0.02624,0.00312,-0.00017,-0.22223,-66.12529,13.67904,-4.39464,1.08378,-0.2287,0.04384,-0.00567,0.00034,,,,,,,,,,,,,,,,,,,,,,,High,High,High,High,Undefined,,,
233,2026-04-18,15:55:51.84,11,3,"Hartman, Quinn",1000392795,Right,CAL_TEC,"Wakil, Lateef",1000128267,Left,POM_COL,Undefined,6,Bottom,2,0,2,Fastball,Changeup,StrikeSwinging,Strikeout,Undefined,Undefined,0,0,,74.89748,1.190812,-1.20337,1986.934438,213.129165,1:00,6.05505,1.97446,4.64503,-41.17494,12.37284,6.69248,3.75578,1.3885,66.88316,-6.371436,-0.029839,0.526674,,,,,,,,,,,,-3.63414,6.25681,-1.85769,50,6.14078,1.98474,-108.17165,0.85296,-4.20337,23.05825,-24.93719,POM_COL,CAL_TEC,PomonaPitzer,D3,Team,20260418-PomonaPitzer-2,c0196f50-3b79-11f1-9995-2d5b6d9285b1,71.56686,,,8.01431,,,,,,,2406fc0b-637f-4cb9-a9cc-8bc242636732,2026-04-18,22:55:51.84,2026-04-18T15:55:51.8455808-07:00,2026-04-18T22:55:51.8455808Z,,v3,643-145631,643-144573,,"Bernhardt, Jack",1000316026,Right,CAL_TEC,7f505c7c-7e43-41ba-b0e1-84684926eb20,55.84485,-109.41046,11.52913,6.05896,2.19272,-12.4686,-1.97039,2.21056,-2.10168,,,,,,,,,,,,,,,,,,,,,,,,,,,,,,,,,,,,,,,,,,,,,,,,,,,High,High,High,,,,,
234,2026-04-18,15:58:02.95,1,1,"Della Bitta, Eli",1000323431,Right,POM_COL,"Choudhari, Sayuj",1000224626,Right,CAL_TEC,Undefined,7,Top,0,0,0,Fastball,Changeup,FoulBallNotFieldable,Undefined,Undefined,Undefined,0,0,,82.9742,-3.086859,-2.939269,1965.576031,207.761037,1:00,6.95134,1.02609,4.31595,-19.93753,23.85438,11.69749,2.33214,-0.81148,74.9426,-6.798058,-0.903199,0.476287,,,,,,,,,,,,-6.49544,12.8889,-0.72076,50,6.59864,5.58438,-119.71258,-7.13343,-9.32634,25.39141,-13.66782,POM_COL,CAL_TEC,PomonaPitzer,D3,Team,20260418-PomonaPitzer-2,0e3b4410-3b7a-11f1-9995-2d5b6d9285b1,79.13814,,,8.03159,,,,,,,2406fc0b-637f-4cb9-a9cc-8bc242636732,2026-04-18,22:58:02.95,2026-04-18T15:58:02.9562880-07:00,2026-04-18T22:58:02.9562880Z,,v3,643-145631,643-144573,,"Parker, Will",1000474009,Right,POM_COL,1f5607fb-143e-495f-bc1e-091c9680bdab,56.17735,-121.01572,12.69571,6.94674,-6.43197,-6.83391,-1.01965,6.06303,-4.66317,,,,,,,,,,,,,,,,,,,,,,,,,,,,,,,,,,,,,,,,,,,,,,,,,,,High,High,High,,,,,
235,2026-04-18,15:58:18.71,1,2,"Della Bitta, Eli",1000323431,Right,POM_COL,"Choudhari, Sayuj",1000224626,Right,CAL_TEC,Undefined,7,Top,0,0,1,Curveball,Curveball,BallCalled,Undefined,Undefined,Undefined,0,0,,70.04509,1.71925,-1.654907,2329.217549,64.681456,8:15,6.83842,1.00793,4.12101,-64.3459,-2.97469,-10.61505,3.12687,-1.4648,64.16974,-9.721395,-3.499872,0.563837,,,,,,,,,,,,4.55303,-1.24335,-0.81139,50,6.96157,3.36371,-101.35198,0.73257,4.70176,17.68111,-33.45801,POM_COL,CAL_TEC,PomonaPitzer,D3,Team,20260418-PomonaPitzer-2,17ad2c70-3b7a-11f1-9995-2d5b6d9285b1,66.84986,,,5.87535,,,,,,,2406fc0b-637f-4cb9-a9cc-8bc242636732,2026-04-18,22:58:18.71,2026-04-18T15:58:18.7152896-07:00,2026-04-18T22:58:18.7152896Z,,v3,643-145631,643-144573,,"Parker, Will",1000474009,Right,POM_COL,18f369ca-cb54-4d05-9ad9-56f381f66c02,56.37707,-102.45843,8.84055,6.85021,2.82632,-16.72901,-1.01268,3.06948,2.35088,,,,,,,,,,,,,,,,,,,,,,,,,,,,,,,,,,,,,,,,,,,,,,,,,,,High,High,High,,,,,
236,2026-04-18,15:58:31.56,1,3,"Della Bitta, Eli",1000323431,Right,POM_COL,"Choudhari, Sayuj",1000224626,Right,CAL_TEC,Undefined,7,Top,0,1,1,Curveball,Curveball,StrikeCalled,Undefined,Undefined,Undefined,0,0,,68.26983,1.378404,0.382778,2244.235268,61.866979,8:00,6.89589,1.09895,4.24145,-71.54732,-7.43721,-17.82651,2.25342,-0.02016,62.93118,-11.315995,-2.731107,0.576282,,,,,,,,,,,,8.68898,-3.34697,-1.12117,50,6.9724,0.03323,-98.94128,-0.09885,8.55589,16.76697,-35.46973,POM_COL,CAL_TEC,PomonaPitzer,D3,Team,20260418-PomonaPitzer-2,1f995f30-3b7a-11f1-9995-2d5b6d9285b1,65.40629,,,5.33865,,,,,,,2406fc0b-637f-4cb9-a9cc-8bc242636732,2026-04-18,22:58:31.56,2026-04-18T15:58:31.5613696-07:00,2026-04-18T22:58:31.5613696Z,,v3,643-145631,643-144573,,"Parker, Will",1000474009,Right,POM_COL,062860f1-d999-4b3b-8407-bdad46752675,56.26056,-99.99659,8.38349,6.90837,2.13361,-17.73487,-1.10631,-0.50527,4.27795,,,,,,,,,,,,,,,,,,,,,,,,,,,,,,,,,,,,,,,,,,,,,,,,,,,High,High,High,,,,,
237,2026-04-18,15:58:45.90,1,4,"Della Bitta, Eli",1000323431,Right,POM_COL,"Choudhari, Sayuj",1000224626,Right,CAL_TEC,Undefined,7,Top,0,1,2,Fastball,Four-Seam,StrikeCalled,Strikeout,Undefined,Undefined,0,0,,84.52701,-3.0532,-3.387755,2133.408989,212.749963,1:00,6.83836,1.02109,4.18809,-19.95623,21.97186,13.22698,2.24182,-1.12665,77.19549,-6.722458,-1.092072,0.466041,,,,,,,,,,,,-7.25756,11.79583,-0.66187,50,6.48127,6.58325,-122.08875,-7.24814,-10.96848,23.74307,-14.34677,POM_COL,CAL_TEC,PomonaPitzer,D3,Team,20260418-PomonaPitzer-2,27d22b50-3b7a-11f1-9995-2d5b6d9285b1,80.878,,,7.33152,,,,,,,2406fc0b-637f-4cb9-a9cc-8bc242636732,2026-04-18,22:58:45.90,2026-04-18T15:58:45.9060000-07:00,2026-04-18T22:58:45.9060000Z,,v3,643-145631,643-144573,,"Parker, Will",1000474009,Right,POM_COL,b57de44d-3603-45c6-ab10-119a48b5565c,56.30832,-123.30945,11.87154,6.83495,-6.51053,-7.17339,-1.01483,7.14718,-5.48424,,,,,,,,,,,,,,,,,,,,,,,,,,,,,71.00095,,,0.885742,,,,4.47554,6.61351,-0.76189,70.34381,6.46265,-54.44844,4.49726,77.26012,-3.28239,6.63599,10.95194,-12.57006,-0.84837,-67.6133,7.96132,High,High,High,,,High,Low,High
238,2026-04-18,15:59:07.17,2,1,"Della Bitta, Eli",1000323431,Right,POM_COL,"Flaherty, Brendan",1000224625,Right,CAL_TEC,Undefined,7,Top,1,0,0,Curveball,Curveball,StrikeCalled,Undefined,Undefined,Undefined,0,0,,70.7935,0.862901,-0.851831,2295.454732,56.347828,8:00,6.82567,1.07033,4.17914,-63.32996,-3.9017,-8.63709,2.37531,-0.46586,65.44127,-10.366793,-2.35726,0.55484,,,,,,,,,,,,3.90473,-1.52264,-0.96659,50,6.85416,1.8765,-102.62038,-0.73954,4.1641,16.97218,-33.79784,POM_COL,CAL_TEC,PomonaPitzer,D3,Team,20260418-PomonaPitzer-2,3482eb00-3b7a-11f1-9995-2d5b6d9285b1,67.93387,,,5.35223,,,,,,,2406fc0b-637f-4cb9-a9cc-8bc242636732,2026-04-18,22:59:07.17,2026-04-18T15:59:07.1751680-07:00,2026-04-18T22:59:07.1751680Z,,v3,643-145631,643-144573,,"Parker, Will",1000474009,Right,POM_COL,65cfa5e6-c1aa-4f60-bcbd-d2fd84d6ce52,56.32093,-103.66052,8.48609,6.83601,1.33175,-16.89892,-1.07377,1.62131,2.08205,,,,,,,,,,,,,,,,,,,,,,,,,,,,,,,,,,,,,,,,,,,,,,,,,,,High,High,High,,,,,
239,2026-04-18,15:59:18.41,2,2,"Della Bitta, Eli",1000323431,Right,POM_COL,"Flaherty, Brendan",1000224625,Right,CAL_TEC,Undefined,7,Top,1,0,1,Fastball,Four-Seam,InPlay,Undefined,FlyBall,Double,0,0,,84.65368,-2.817524,-1.716459,2236.708225,216.030894,1:15,6.87647,1.05962,4.23392,-19.43296,22.47143,15.26631,2.55612,0.68795,76.82838,-6.415866,0.940541,0.465909,91.14265,25.061328,-32.364705,1993.548212,91.83461,40.25148,-60.55027,313.83137,279.14432,-32.716108,3.573528,-7.8915,12.09934,-0.88872,50,6.54924,2.93617,-122.3798,-6.71983,-11.88552,25.70368,-13.95102,POM_COL,CAL_TEC,PomonaPitzer,D3,Team,20260418-PomonaPitzer-2,3b27f7c0-3b7a-11f1-9995-2d5b6d9285b1,80.90087,47.09594,,7.8253,,,,1.2252,2.47772,-0.56612,2406fc0b-637f-4cb9-a9cc-8bc242636732,2026-04-18,22:59:18.41,2026-04-18T15:59:18.4196096-07:00,2026-04-18T22:59:18.4196096Z,LineDrive,v3,643-145631,643-144573,,"Parker, Will",1000474009,Right,POM_COL,c3e6739f-eb37-4224-b05f-5f905077db81,56.26337,-123.68832,12.85184,6.87325,-6.00962,-6.97551,-1.0536,3.54123,-5.94276,,1.22042,102.43411,-15.39038,5.81447,-3.55922,1.92578,-0.67105,0.1242,-0.00905,2.47645,56.66,-20.75762,2.37536,-0.64491,0.16854,-0.00416,-0.0097,0.00149,-0.56741,-64.76755,4.2962,1.38381,-1.73051,1.16971,-0.45553,0.09427,-0.00782,,,,,,,,,,,,,,,,,,,,,,,High,High,High,Medium,Medium,,,
240,2026-04-18,15:59:54.08,3,1,"Della Bitta, Eli",1000323431,Right,POM_COL,"Minatel, William",1000392797,Right,CAL_TEC,Undefined,7,Top,1,0,0,Curveball,Curveball,StrikeSwinging,Undefined,Undefined,Undefined,0,0,,68.4297,-0.400826,-0.307238,2193.217766,56.138163,7:45,6.86274,1.15586,4.01064,-72.60965,-8.65048,-15.79296,0.4266,-0.45558,63.88604,-13.123321,-3.060667,0.575603,,,,,,,,,,,,7.5628,-3.60626,-1.10228,50,6.73615,1.13969,-99.25311,-3.25345,7.53605,16.04472,-35.76755,POM_COL,CAL_TEC,PomonaPitzer,D3,Team,20260418-PomonaPitzer-2,50821fb0-3b7a-11f1-9995-2d5b6d9285b1,65.48344,,,4.54365,,,,,,,2406fc0b-637f-4cb9-a9cc-8bc242636732,2026-04-18,22:59:54.08,2026-04-18T15:59:54.0848640-07:00,2026-04-18T22:59:54.0848640Z,,v3,643-145631,643-144573,,"Parker, Will",1000474009,Right,POM_COL,37526a0d-e663-4882-80a7-210fa71a8c49,56.49332,-100.2973,8.02236,6.87214,-0.92572,-17.88377,-1.1605,0.64925,3.76803,,,,,,,,,,,,,,,,,,,,,,,,,,,,,,,,,,,,,,,,,,,,,,,,,,,High,High,High,,,,,
241,2026-04-18,16:00:12.03,3,2,"Della Bitta, Eli",1000323431,Right,POM_COL,"Minatel, William",1000392797,Right,CAL_TEC,Undefined,7,Top,1,0,1,Curveball,Curveball,BallCalled,Undefined,Undefined,Undefined,0,0,,70.44984,-0.374301,-1.651733,2261.230291,83.521318,8:45,6.82581,1.11047,3.94597,-59.76554,0.44205,-11.63946,1.48495,-1.44963,65.68271,-10.886747,-3.671366,0.558466,,,,,,,,,,,,5.16516,0.78835,-0.90726,50,6.71541,3.41304,-102.13834,-2.83642,5.48996,15.85202,-31.33614,POM_COL,CAL_TEC,PomonaPitzer,D3,Team,20260418-PomonaPitzer-2,5b3561b0-3b7a-11f1-9995-2d5b6d9285b1,67.49277,,,4.76713,,,,,,,2406fc0b-637f-4cb9-a9cc-8bc242636732,2026-04-18,23:00:12.03,2026-04-18T16:00:12.0367104-07:00,2026-04-18T23:00:12.0367104Z,,v3,643-145631,643-144573,,"Parker, Will",1000474009,Right,POM_COL,7706e06e-7f1e-4b0e-98f2-3f8e6597721f,56.55506,-103.15067,7.92601,6.83265,-0.83524,-15.66807,-1.11403,3.06245,2.74498,,,,,,,,,,,,,,,,,,,,,,,,,,,,,,,,,,,,,,,,,,,,,,,,,,,High,High,High,,,,,
242,2026-04-18,16:00:25.98,3,3,"Della Bitta, Eli",1000323431,Right,POM_COL,"Minatel, William",1000392797,Right,CAL_TEC,Undefined,7,Top,1,1,1,Fastball,Four-Seam,FoulBallNotFieldable,Undefined,Undefined,Undefined,0,0,,83.4723,-2.328159,-2.332542,2152.602577,217.102149,1:15,6.9908,1.05541,4.23067,-18.70123,25.00505,17.59777,3.20013,0.28731,74.64376,-5.852144,0.728086,0.475821,64.47171,54.193988,52.946388,4437.179826,55.76076,79.07845,94.81938,165.74181,54.0581,60.69321,4.667979,-9.24351,13.28875,-0.8195,50,6.71837,4.05893,-120.4463,-5.51767,-13.29735,27.91617,-13.05734,POM_COL,CAL_TEC,PomonaPitzer,D3,Team,20260418-PomonaPitzer-2,63750ba0-3b7a-11f1-9995-2d5b6d9285b1,79.21564,84.54118,,8.82854,,,,0.60062,3.63386,-0.27375,2406fc0b-637f-4cb9-a9cc-8bc242636732,2026-04-18,23:00:25.98,2026-04-18T16:00:25.9873792-07:00,2026-04-18T23:00:25.9873792Z,Popup,v3,643-145631,643-144573,,"Parker, Will",1000474009,Right,POM_COL,3dd93262-eb7d-4916-9f80-72e18a6966ff,56.26381,-121.88943,13.95809,6.98616,-4.84266,-6.52867,-1.0471,4.74634,-6.64867,,0.60198,33.30053,-9.71491,2.51353,-0.16506,-0.14787,0.05775,-0.00866,0.00048,3.6316,76.73059,-20.76377,1.747,-0.37689,0.05823,0.00193,-0.00203,0.00018,-0.27261,44.12239,-6.6051,1.37117,-0.03147,-0.0908,0.02967,-0.004,0.0002,,,,,,,,,,,,,,,,,,,,,,,High,High,High,Medium,Low,,,
243,2026-04-18,16:00:53.13,3,4,"Della Bitta, Eli",1000323431,Right,POM_COL,"Minatel, William",1000392797,Right,CAL_TEC,Undefined,7,Top,1,1,2,Curveball,Curveball,BallCalled,Undefined,Undefined,Undefined,0,0,,71.83798,-1.070726,-1.397141,2391.389406,74.05074,8:30,6.78517,0.96031,4.04757,-61.6361,-2.93004,-17.28603,0.61979,-1.82265,66.09346,-11.93561,-4.406145,0.551459,,,,,,,,,,,,7.92201,-0.58307,-0.78244,50,6.59693,3.23794,-103.96122,-4.19317,8.55955,19.50018,-32.80406,POM_COL,CAL_TEC,PomonaPitzer,D3,Team,20260418-PomonaPitzer-2,73b3fb20-3b7a-11f1-9995-2d5b6d9285b1,68.35044,,,5.74452,,,,,,,2406fc0b-637f-4cb9-a9cc-8bc242636732,2026-04-18,23:00:53.13,2026-04-18T16:00:53.1365888-07:00,2026-04-18T23:00:53.1365888Z,,v3,643-145631,643-144573,,"Parker, Will",1000474009,Right,POM_COL,db81695f-be98-4a4b-b2af-48c31738afee,56.45305,-105.16466,9.75009,6.79324,-2.16868,-16.40203,-0.96596,2.70969,4.27977,,,,,,,,,,,,,,,,,,,,,,,,,,,,,,,,,,,,,,,,,,,,,,,,,,,High,High,High,,,,,
244,2026-04-18,16:01:09.05,3,5,"Della Bitta, Eli",1000323431,Right,POM_COL,"Minatel, William",1000392797,Right,CAL_TEC,Undefined,7,Top,1,2,2,Fastball,Changeup,StrikeCalled,Strikeout,Undefined,Undefined,0,0,,84.34928,-2.357255,-2.639129,2200.113018,215.815409,1:15,6.83595,0.96955,4.35298,-24.86993,17.37387,11.42119,2.50782,-0.60173,76.2608,-6.918668,-0.64805,0.467792,,,,,,,,,,,,-6.3017,9.56229,-0.69805,50,6.55884,5.06337,-121.82344,-5.94756,-9.36648,26.37914,-17.96126,POM_COL,CAL_TEC,PomonaPitzer,D3,Team,20260418-PomonaPitzer-2,7d285480-3b7a-11f1-9995-2d5b6d9285b1,80.57519,,,8.08848,,,,,,,2406fc0b-637f-4cb9-a9cc-8bc242636732,2026-04-18,23:01:09.05,2026-04-18T16:01:09.0583040-07:00,2026-04-18T23:01:09.0583040Z,,v3,643-145631,643-144573,,"Parker, Will",1000474009,Right,POM_COL,d688ab13-d258-4ae5-a260-0f57b5f9b15d,56.14129,-123.14606,13.18957,6.83447,-5.04699,-8.98063,-0.96369,5.533,-4.68324,,,,,,,,,,,,,,,,,,,,,,,,,,,,,,,,,,,,,,,,,,,,,,,,,,,High,High,High,,,,,
245,2026-04-18,16:01:34.98,4,1,"Della Bitta, Eli",1000323431,Right,POM_COL,"Alderete, Levi",1000392793,Right,CAL_TEC,Undefined,7,Top,2,0,0,Curveball,Curveball,StrikeCalled,Undefined,Undefined,Undefined,0,0,,69.89802,1.842329,-0.881299,2242.884614,49.986109,7:45,6.80567,1.13549,4.14103,-67.47512,-6.2578,-9.76493,2.95043,-0.52352,64.40234,-10.126818,-2.581126,0.56313,,,,,,,,,,,,4.42229,-2.91201,-1.02648,50,6.93832,1.95161,-101.26509,0.83642,4.58144,16.89326,-35.19086,POM_COL,CAL_TEC,PomonaPitzer,D3,Team,20260418-PomonaPitzer-2,8caa3590-3b7a-11f1-9995-2d5b6d9285b1,66.93384,,,5.49568,,,,,,,2406fc0b-637f-4cb9-a9cc-8bc242636732,2026-04-18,23:01:34.98,2026-04-18T16:01:34.9857280-07:00,2026-04-18T23:01:34.9857280Z,,v3,643-145631,643-144573,,"Parker, Will",1000474009,Right,POM_COL,2a9dc555-d0b7-4345-90cb-16f9b71fed49,56.35968,-102.32052,8.44663,6.81738,3.03503,-17.59543,-1.13947,1.66538,2.29072,,,,,,,,,,,,,,,,,,,,,,,,,,,,,,,,,,,,,,,,,,,,,,,,,,,High,High,High,,,,,
246,2026-04-18,16:01:50.93,4,2,"Della Bitta, Eli",1000323431,Right,POM_COL,"Alderete, Levi",1000392793,Right,CAL_TEC,Undefined,7,Top,2,0,1,Fastball,Four-Seam,StrikeSwinging,Undefined,Undefined,Undefined,0,0,,84.48767,-2.79687,-2.653841,2294.144607,198.780172,12:45,6.87243,1.03735,4.28151,-18.94934,23.54856,7.44705,2.61287,-0.88251,75.85513,-6.343654,-1.35836,0.469197,,,,,,,,,,,,-4.41044,12.67174,-0.75687,50,6.55053,5.27992,-121.84722,-6.59514,-6.52274,27.57556,-13.43346,POM_COL,CAL_TEC,PomonaPitzer,D3,Team,20260418-PomonaPitzer-2,961910b0-3b7a-11f1-9995-2d5b6d9285b1,80.33397,,,8.63254,,,,,,,2406fc0b-637f-4cb9-a9cc-8bc242636732,2026-04-18,23:01:50.93,2026-04-18T16:01:50.9374464-07:00,2026-04-18T23:01:50.9374464Z,,v3,643-145631,643-144573,,"Parker, Will",1000474009,Right,POM_COL,db7a4df7-2170-431a-a7b8-d1629718d19f,56.21024,-123.24466,13.78778,6.8675,-5.91438,-6.71673,-1.03281,5.61048,-3.26137,,,,,,,,,,,,,,,,,,,,,,,,,,,,,,,,,,,,,,,,,,,,,,,,,,,High,High,High,,,,,
247,2026-04-18,16:02:06.62,4,3,"Della Bitta, Eli",1000323431,Right,POM_COL,"Alderete, Levi",1000392793,Right,CAL_TEC,Undefined,7,Top,2,0,2,Curveball,Curveball,BallCalled,Undefined,Undefined,Undefined,0,0,,70.70899,-3.019167,-1.428069,2362.644821,47.244895,7:30,6.90015,1.07836,4.07511,-61.94602,-2.5826,-4.57965,-1.16458,-0.67477,66.77908,-13.796739,-2.227829,0.554537,,,,,,,,,,,,1.89323,-0.21543,-0.91271,50,6.49273,2.73026,-102.49003,-7.6157,2.03367,15.3699,-32.40551,POM_COL,CAL_TEC,PomonaPitzer,D3,Team,20260418-PomonaPitzer-2,9f774a00-3b7a-11f1-9995-2d5b6d9285b1,67.97095,,,3.92991,,,,,,,2406fc0b-637f-4cb9-a9cc-8bc242636732,2026-04-18,23:02:06.62,2026-04-18T16:02:06.6289152-07:00,2026-04-18T23:02:06.6289152Z,,v3,643-145631,643-144573,,"Parker, Will",1000474009,Right,POM_COL,48444606-620b-45fd-a316-697d4270e2b6,56.42843,-103.44957,7.68495,6.90503,-5.59261,-16.20276,-1.07919,2.60329,1.01683,,,,,,,,,,,,,,,,,,,,,,,,,,,,,,,,,,,,,,,,,,,,,,,,,,,High,High,High,,,,,
248,2026-04-18,16:02:32.48,4,4,"Della Bitta, Eli",1000323431,Right,POM_COL,"Alderete, Levi",1000392793,Right,CAL_TEC,Undefined,7,Top,2,1,2,Fastball,Four-Seam,FoulBallNotFieldable,Undefined,Undefined,Undefined,0,0,,85.59203,-1.611252,-2.982095,2202.029485,199.482182,12:45,6.86524,0.98993,4.35833,-18.70233,22.37785,7.37807,3.76508,-1.24643,77.04319,-5.113372,-1.697653,0.461304,,,,,,,,,,,,-4.42335,11.66851,-0.67728,50,6.6749,6.06365,-123.56034,-4.11065,-6.75919,27.27835,-14.3437,POM_COL,CAL_TEC,PomonaPitzer,D3,Team,20260418-PomonaPitzer-2,aed77240-3b7a-11f1-9995-2d5b6d9285b1,81.70837,,,8.54884,,,,,,,2406fc0b-637f-4cb9-a9cc-8bc242636732,2026-04-18,23:02:32.48,2026-04-18T16:02:32.4829696-07:00,2026-04-18T23:02:32.4829696Z,,v3,643-145631,643-144573,,"Parker, Will",1000474009,Right,POM_COL,595146a9-f8fc-483e-8486-3be896870b49,56.13216,-124.90679,13.63917,6.86033,-3.40265,-7.17185,-0.98482,6.39728,-3.37959,,,,,,,,,,,,,,,,,,,,,,,,,,,,,,,,,,,,,,,,,,,,,,,,,,,High,High,High,,,,,
249,2026-04-18,16:02:52.67,4,5,"Della Bitta, Eli",1000323431,Right,POM_COL,"Alderete, Levi",1000392793,Right,CAL_TEC,Undefined,7,Top,2,1,2,Curveball,Curveball,InPlay,Undefined,Popup,Out,1,0,,69.93009,0.586612,-0.902148,2328.303929,61.974255,8:00,6.83585,1.13373,3.92644,-63.93696,-2.86217,-8.72126,2.07264,-0.46168,65.12265,-10.670768,-2.415575,0.562474,,,,,,,,,,,,3.96603,-1.08512,-1.01949,50,6.83022,1.94467,-101.43239,-1.27696,4.15884,15.57831,-33.3119,POM_COL,CAL_TEC,PomonaPitzer,D3,Team,20260418-PomonaPitzer-2,baf25a90-3b7a-11f1-9995-2d5b6d9285b1,67.01188,,,4.80744,,,,,,,2406fc0b-637f-4cb9-a9cc-8bc242636732,2026-04-18,23:02:52.67,2026-04-18T16:02:52.6794240-07:00,2026-04-18T23:02:52.6794240Z,,v3,643-145631,643-144573,,"Parker, Will",1000474009,Right,POM_COL,7f0df7cd-f763-40ef-ba2c-85dc2436e6e5,56.57562,-102.43731,7.78915,6.84329,0.87193,-16.65595,-1.13628,1.67639,2.07942,,,,,,,,,,,,,,,,,,,,,,,,,,,,,,,,,,,,,,,,,,,,,,,,,,,High,High,High,,,,,